ISO-10303-21;
HEADER;
FILE_DESCRIPTION(('FreeCAD Model'),'2;1');
FILE_NAME('Open CASCADE Shape Model','2026-10-06T07:23:31',('FreeCAD'),(
    'FreeCAD'),'Open CASCADE STEP processor 7.8','FreeCAD','Unknown');
FILE_SCHEMA(('AUTOMOTIVE_DESIGN { 1 0 10303 214 1 1 1 1 }'));
ENDSEC;
DATA;
#1 = APPLICATION_PROTOCOL_DEFINITION('international standard',
  'automotive_design',2000,#2);
#2 = APPLICATION_CONTEXT(
  'core data for automotive mechanical design processes');
#3 = SHAPE_DEFINITION_REPRESENTATION(#4,#10);
#4 = PRODUCT_DEFINITION_SHAPE('','',#5);
#5 = PRODUCT_DEFINITION('design','',#6,#9);
#6 = PRODUCT_DEFINITION_FORMATION('','',#7);
#7 = PRODUCT('Open CASCADE STEP translator 7.8 5',
  'Open CASCADE STEP translator 7.8 5','',(#8));
#8 = PRODUCT_CONTEXT('',#2,'mechanical');
#9 = PRODUCT_DEFINITION_CONTEXT('part definition',#2,'design');
#10 = ADVANCED_BREP_SHAPE_REPRESENTATION('',(#11,#15),#3184);
#11 = AXIS2_PLACEMENT_3D('',#12,#13,#14);
#12 = CARTESIAN_POINT('',(0.,0.,0.));
#13 = DIRECTION('',(0.,0.,1.));
#14 = DIRECTION('',(1.,0.,-0.));
#15 = MANIFOLD_SOLID_BREP('',#16);
#16 = CLOSED_SHELL('',(#17,#684,#718,#743,#768,#786,#811,#827,#852,#880,
    #902,#924,#940,#971,#1026,#1064,#1088,#1113,#1165,#1200,#1217,#1249,
    #1273,#1297,#1315,#1335,#1371,#1391,#1437,#1829,#1878,#1895,#1912,
    #1929,#1954,#1971,#2034,#2058,#2082,#2099,#2130,#2211,#2235,#2253,
    #2293,#2328,#2352,#2392,#2416,#2472,#2512,#2552,#2580,#2597,#2614,
    #2626,#2639,#2754,#2779,#2803,#2821,#2833,#2850,#2862,#2887,#2911,
    #2935,#2952,#2969,#2981,#3006,#3018,#3043,#3068,#3093,#3118,#3127,
    #3136,#3145,#3154,#3163,#3172));
#17 = ADVANCED_FACE('',(#18,#54,#119,#412,#477,#561),#679,.T.);
#18 = FACE_BOUND('',#19,.T.);
#19 = EDGE_LOOP('',(#20,#31,#39,#48));
#20 = ORIENTED_EDGE('',*,*,#21,.F.);
#21 = EDGE_CURVE('',#22,#24,#26,.T.);
#22 = VERTEX_POINT('',#23);
#23 = CARTESIAN_POINT('',(21.23210207103,23.941550527177,106.6));
#24 = VERTEX_POINT('',#25);
#25 = CARTESIAN_POINT('',(-21.23210207103,23.941550527177,106.6));
#26 = CIRCLE('',#27,32.);
#27 = AXIS2_PLACEMENT_3D('',#28,#29,#30);
#28 = CARTESIAN_POINT('',(0.,0.,106.6));
#29 = DIRECTION('',(0.,-0.,1.));
#30 = DIRECTION('',(0.675112049134,0.737715203255,0.));
#31 = ORIENTED_EDGE('',*,*,#32,.F.);
#32 = EDGE_CURVE('',#33,#22,#35,.T.);
#33 = VERTEX_POINT('',#34);
#34 = CARTESIAN_POINT('',(21.23210207103,23.941550527177,25.3));
#35 = LINE('',#36,#37);
#36 = CARTESIAN_POINT('',(21.23210207103,23.941550527177,24.8));
#37 = VECTOR('',#38,1.);
#38 = DIRECTION('',(0.,0.,1.));
#39 = ORIENTED_EDGE('',*,*,#40,.T.);
#40 = EDGE_CURVE('',#33,#41,#43,.T.);
#41 = VERTEX_POINT('',#42);
#42 = CARTESIAN_POINT('',(-21.23210207103,23.941550527177,25.3));
#43 = CIRCLE('',#44,32.);
#44 = AXIS2_PLACEMENT_3D('',#45,#46,#47);
#45 = CARTESIAN_POINT('',(0.,0.,25.3));
#46 = DIRECTION('',(0.,-0.,1.));
#47 = DIRECTION('',(0.675112049134,0.737715203255,0.));
#48 = ORIENTED_EDGE('',*,*,#49,.T.);
#49 = EDGE_CURVE('',#41,#24,#50,.T.);
#50 = LINE('',#51,#52);
#51 = CARTESIAN_POINT('',(-21.23210207103,23.941550527177,24.8));
#52 = VECTOR('',#53,1.);
#53 = DIRECTION('',(0.,0.,1.));
#54 = FACE_BOUND('',#55,.T.);
#55 = EDGE_LOOP('',(#56));
#56 = ORIENTED_EDGE('',*,*,#57,.T.);
#57 = EDGE_CURVE('',#58,#58,#60,.T.);
#58 = VERTEX_POINT('',#59);
#59 = CARTESIAN_POINT('',(-3.,31.859064644148,29.));
#60 = B_SPLINE_CURVE_WITH_KNOTS('',8,(#61,#62,#63,#64,#65,#66,#67,#68,
    #69,#70,#71,#72,#73,#74,#75,#76,#77,#78,#79,#80,#81,#82,#83,#84,#85,
    #86,#87,#88,#89,#90,#91,#92,#93,#94,#95,#96,#97,#98,#99,#100,#101,
    #102,#103,#104,#105,#106,#107,#108,#109,#110,#111,#112,#113,#114,
    #115,#116,#117,#118),.UNSPECIFIED.,.T.,.F.,(9,7,7,7,7,7,7,7,9),(0.,
    0.10890526115,0.214997752873,0.302974324206,0.409457846194,
    0.542050083344,0.674169667065,0.816316669916,1.),.UNSPECIFIED.);
#61 = CARTESIAN_POINT('',(-3.,31.859064644148,29.));
#62 = CARTESIAN_POINT('',(-3.,31.859064644148,28.764380743887));
#63 = CARTESIAN_POINT('',(-2.978850834536,31.861056037604,
    28.528755111691));
#64 = CARTESIAN_POINT('',(-2.936550784271,31.86503949061,28.29535291456)
  );
#65 = CARTESIAN_POINT('',(-2.873382996134,31.870908210954,
    28.066385363073));
#66 = CARTESIAN_POINT('',(-2.789903508491,31.878451480031,27.84401385491
    ));
#67 = CARTESIAN_POINT('',(-2.68693119956,31.887368553569,27.630317238529
    ));
#68 = CARTESIAN_POINT('',(-2.565539659065,31.897292931182,
    27.427257552877));
#69 = CARTESIAN_POINT('',(-2.292139147362,31.918088987924,
    27.050954031521));
#70 = CARTESIAN_POINT('',(-2.136937904802,31.92923857198,26.871481524784
    ));
#71 = CARTESIAN_POINT('',(-1.960923340493,31.940971426456,
    26.701097852356));
#72 = CARTESIAN_POINT('',(-1.763913776506,31.952870809236,
    26.542890087982));
#73 = CARTESIAN_POINT('',(-1.546091114647,31.964413001074,
    26.400170168901));
#74 = CARTESIAN_POINT('',(-1.308052491965,31.974983390171,
    26.276502915284));
#75 = CARTESIAN_POINT('',(-1.050910114573,31.983917157577,
    26.175761975287));
#76 = CARTESIAN_POINT('',(-0.548868625358,31.996102423192,
    26.041240363685));
#77 = CARTESIAN_POINT('',(-0.315796987484,31.999907890883,
    26.000683896599));
#78 = CARTESIAN_POINT('',(-7.939785477323E-02,32.001787791107,
    25.98113319895));
#79 = CARTESIAN_POINT('',(0.158118278895,32.001626116989,25.982887818019
    ));
#80 = CARTESIAN_POINT('',(0.394518666013,31.999413011853,26.005969548542
    ));
#81 = CARTESIAN_POINT('',(0.627582877948,31.995247666383,26.050124186543
    ));
#82 = CARTESIAN_POINT('',(0.855139342807,31.989329092124,26.114822257736
    ));
#83 = CARTESIAN_POINT('',(1.341340585735,31.972984964377,26.301457428686
    ));
#84 = CARTESIAN_POINT('',(1.586513685701,31.962207397324,26.428755859406
    ));
#85 = CARTESIAN_POINT('',(1.809700568545,31.950332684425,26.576457162572
    ));
#86 = CARTESIAN_POINT('',(2.010622388716,31.938041019691,26.740588076435
    ));
#87 = CARTESIAN_POINT('',(2.189420877016,31.925902855516,26.917745213544
    ));
#88 = CARTESIAN_POINT('',(2.346511335717,31.914367095934,27.104992810674
    ));
#89 = CARTESIAN_POINT('',(2.482490279071,31.903772359606,27.299799292647
    ));
#90 = CARTESIAN_POINT('',(2.742002680521,31.882632789382,27.749287957152
    ));
#91 = CARTESIAN_POINT('',(2.855001298691,31.87268087459,28.008136668027)
  );
#92 = CARTESIAN_POINT('',(2.938417974844,31.864952299169,28.273372589382
    ));
#93 = CARTESIAN_POINT('',(2.993288901973,31.859717352489,28.542610865806
    ));
#94 = CARTESIAN_POINT('',(3.020287857762,31.857118376653,28.813951319307
    ));
#95 = CARTESIAN_POINT('',(3.019682495974,31.857203235088,29.085726599188
    ));
#96 = CARTESIAN_POINT('',(2.991292541521,31.859934529622,29.356278077136
    ));
#97 = CARTESIAN_POINT('',(2.877795715954,31.870386378619,29.890238660025
    ));
#98 = CARTESIAN_POINT('',(2.79294441339,31.87808402491,30.153415848683)
  );
#99 = CARTESIAN_POINT('',(2.679284762668,31.888117317124,30.411555643844
    ));
#100 = CARTESIAN_POINT('',(2.535694209952,31.900236929041,
    30.662439445846));
#101 = CARTESIAN_POINT('',(2.360759313083,31.914055832873,
    30.903058618872));
#102 = CARTESIAN_POINT('',(2.152951339508,31.92897153225,31.129401799964
    ));
#103 = CARTESIAN_POINT('',(1.910900214415,31.944097742042,
    31.336136769424));
#104 = CARTESIAN_POINT('',(1.335911936328,31.973494937438,
    31.709538523213));
#105 = CARTESIAN_POINT('',(0.986351726665,31.988182768805,
    31.879196147212));
#106 = CARTESIAN_POINT('',(0.595387473299,31.999880271986,32.0012916097)
  );
#107 = CARTESIAN_POINT('',(0.178704792555,32.006017443458,
    32.060831256555));
#108 = CARTESIAN_POINT('',(-0.244085695233,32.004914058321,
    32.051354145858));
#109 = CARTESIAN_POINT('',(-0.652877748782,31.997260062988,
    31.974911604557));
#110 = CARTESIAN_POINT('',(-1.029833032002,31.985152181701,
    31.842252574368));
#111 = CARTESIAN_POINT('',(-1.79116310005,31.952719359566,
    31.454335529232));
#112 = CARTESIAN_POINT('',(-2.151390291626,31.930776428683,
    31.17158722686));
#113 = CARTESIAN_POINT('',(-2.4428001632,31.908866857797,30.848017820394
    ));
#114 = CARTESIAN_POINT('',(-2.6694371282,31.889662143366,30.498410647994
    ));
#115 = CARTESIAN_POINT('',(-2.835592080909,31.87454384408,
    30.133070140848));
#116 = CARTESIAN_POINT('',(-2.945045651764,31.864239868097,
    29.75871018889));
#117 = CARTESIAN_POINT('',(-3.,31.859064644148,29.37981250068));
#118 = CARTESIAN_POINT('',(-3.,31.859064644148,29.));
#119 = FACE_BOUND('',#120,.T.);
#120 = EDGE_LOOP('',(#121,#220,#317));
#121 = ORIENTED_EDGE('',*,*,#122,.F.);
#122 = EDGE_CURVE('',#123,#125,#127,.T.);
#123 = VERTEX_POINT('',#124);
#124 = CARTESIAN_POINT('',(-2.E-15,32.,51.));
#125 = VERTEX_POINT('',#126);
#126 = CARTESIAN_POINT('',(7.5,31.108680460605,43.5));
#127 = B_SPLINE_CURVE_WITH_KNOTS('',7,(#128,#129,#130,#131,#132,#133,
    #134,#135,#136,#137,#138,#139,#140,#141,#142,#143,#144,#145,#146,
    #147,#148,#149,#150,#151,#152,#153,#154,#155,#156,#157,#158,#159,
    #160,#161,#162,#163,#164,#165,#166,#167,#168,#169,#170,#171,#172,
    #173,#174,#175,#176,#177,#178,#179,#180,#181,#182,#183,#184,#185,
    #186,#187,#188,#189,#190,#191,#192,#193,#194,#195,#196,#197,#198,
    #199,#200,#201,#202,#203,#204,#205,#206,#207,#208,#209,#210,#211,
    #212,#213,#214,#215,#216,#217,#218,#219),.UNSPECIFIED.,.T.,.F.,(8,6,
    6,6,6,6,6,6,6,6,6,6,6,6,6,8),(0.,4.449819208596E-02,
    7.313063532189E-02,0.110972988286,0.144259722411,0.249262469896,
    0.358219741844,0.457399772532,0.542675751169,0.641855781826,
    0.749787755114,0.828689955698,0.889068479841,0.926896715754,
    0.955518477686,1.),.UNSPECIFIED.);
#128 = CARTESIAN_POINT('',(-1.78E-15,32.,51.));
#129 = CARTESIAN_POINT('',(0.365397683097,32.,51.));
#130 = CARTESIAN_POINT('',(0.730147622965,31.995132293857,50.97923085657
    ));
#131 = CARTESIAN_POINT('',(1.091788516985,31.985427703213,
    50.937825491061));
#132 = CARTESIAN_POINT('',(1.44788727014,31.971109820802,50.876392319462
    ));
#133 = CARTESIAN_POINT('',(1.796094748272,31.9525877664,50.796007556039)
  );
#134 = CARTESIAN_POINT('',(2.134200498071,31.930425723848,
    50.698212840271));
#135 = CARTESIAN_POINT('',(2.669942681474,31.889115154904,
    50.512182880033));
#136 = CARTESIAN_POINT('',(2.87493088742,31.871690283679,50.432884712124
    ));
#137 = CARTESIAN_POINT('',(3.074951383577,31.853159096929,
    50.347506832315));
#138 = CARTESIAN_POINT('',(3.269826302828,31.833669133585,
    50.256436456523));
#139 = CARTESIAN_POINT('',(3.459399525537,31.813368723915,
    50.160065264173));
#140 = CARTESIAN_POINT('',(3.64353662609,31.792404693359,50.058789794765
    ));
#141 = CARTESIAN_POINT('',(4.058157678817,31.742524695771,
    49.813209365891));
#142 = CARTESIAN_POINT('',(4.284553935233,31.713213115438,
    49.665508791262));
#143 = CARTESIAN_POINT('',(4.501330619215,31.683280976945,
    49.510661665629));
#144 = CARTESIAN_POINT('',(4.708540080525,31.653001041136,
    49.349357073936));
#145 = CARTESIAN_POINT('',(4.906263315743,31.622622814703,
    49.182226709018));
#146 = CARTESIAN_POINT('',(5.094603295831,31.592372186755,
    49.009849939604));
#147 = CARTESIAN_POINT('',(5.431195503297,31.536131972247,
    48.676986770869));
#148 = CARTESIAN_POINT('',(5.581575712595,31.510062647705,48.51753617719
    ));
#149 = CARTESIAN_POINT('',(5.724928825534,31.484375179378,
    48.354731545187));
#150 = CARTESIAN_POINT('',(5.861363159018,31.459188719938,
    48.188868580247));
#151 = CARTESIAN_POINT('',(5.990985478952,31.43461019982,48.02021429634)
  );
#152 = CARTESIAN_POINT('',(6.113901036282,31.410735039941,
    47.849007067098));
#153 = CARTESIAN_POINT('',(6.597120702677,31.314819546311,
    47.127993302191));
#154 = CARTESIAN_POINT('',(6.898520720444,31.249792586466,
    46.556915884411));
#155 = CARTESIAN_POINT('',(7.137216169108,31.195304827872,
    45.969207564695));
#156 = CARTESIAN_POINT('',(7.315495608308,31.153131301918,
    45.370027119976));
#157 = CARTESIAN_POINT('',(7.434978895882,31.124356091724,
    44.763429803673));
#158 = CARTESIAN_POINT('',(7.49647946807,31.109529212876,44.152911512873
    ));
#159 = CARTESIAN_POINT('',(7.503416034454,31.107856901704,
    42.907624994166));
#160 = CARTESIAN_POINT('',(7.444388156339,31.122087236311,
    42.273780569714));
#161 = CARTESIAN_POINT('',(7.323007235872,31.151381006466,
    41.643920603369));
#162 = CARTESIAN_POINT('',(7.138390682236,31.195144164554,
    41.021912681215));
#163 = CARTESIAN_POINT('',(6.888726788264,31.252182334425,
    40.412268435972));
#164 = CARTESIAN_POINT('',(6.571422992691,31.320486466247,
    39.820776632481));
#165 = CARTESIAN_POINT('',(5.830027438217,31.46649695528,38.740751107333
    ));
#166 = CARTESIAN_POINT('',(5.416427855971,31.543133406184,
    38.245343935267));
#167 = CARTESIAN_POINT('',(4.939930822631,31.624424617586,
    37.776712219422));
#168 = CARTESIAN_POINT('',(4.398455067417,31.706951759413,
    37.344132698101));
#169 = CARTESIAN_POINT('',(3.790786164768,31.786179780801,
    36.958841812854));
#170 = CARTESIAN_POINT('',(3.117266396267,31.856358869047,
    36.634482568818));
#171 = CARTESIAN_POINT('',(1.748146970437,31.958517631743,
    36.176098930858));
#172 = CARTESIAN_POINT('',(1.068720725652,31.99448393845,36.021713597896
    ));
#173 = CARTESIAN_POINT('',(0.359655519727,32.014140643822,
    35.940665908561));
#174 = CARTESIAN_POINT('',(-0.359655519726,32.014140643822,
    35.940665908561));
#175 = CARTESIAN_POINT('',(-1.068720725653,31.99448393845,
    36.021713597896));
#176 = CARTESIAN_POINT('',(-1.748146970437,31.958517631743,
    36.176098930858));
#177 = CARTESIAN_POINT('',(-3.117266396037,31.856358869064,
    36.63448256874));
#178 = CARTESIAN_POINT('',(-3.790786164746,31.786179780815,
    36.958841812784));
#179 = CARTESIAN_POINT('',(-4.398455067588,31.706951759392,
    37.34413269818));
#180 = CARTESIAN_POINT('',(-4.939930822774,31.624424617557,
    37.776712219584));
#181 = CARTESIAN_POINT('',(-5.41642785593,31.543133406189,
    38.245343935293));
#182 = CARTESIAN_POINT('',(-5.830027438077,31.466496955308,
    38.740751107129));
#183 = CARTESIAN_POINT('',(-6.567770827496,31.321205723899,
    39.815456352897));
#184 = CARTESIAN_POINT('',(-6.882748147291,31.253468678063,
    40.401137869747));
#185 = CARTESIAN_POINT('',(-7.131320943136,31.196758126741,
    41.004700771604));
#186 = CARTESIAN_POINT('',(-7.316017756845,31.153036728765,
    41.620498939884));
#187 = CARTESIAN_POINT('',(-7.438616646129,31.123479403741,
    42.244128330707));
#188 = CARTESIAN_POINT('',(-7.5,31.108680460605,42.871818956515));
#189 = CARTESIAN_POINT('',(-7.5,31.108680460605,43.959223205011));
#190 = CARTESIAN_POINT('',(-7.467195272687,31.116589381114,
    44.418351337218));
#191 = CARTESIAN_POINT('',(-7.401611515849,31.132400906398,
    44.875886897298));
#192 = CARTESIAN_POINT('',(-7.303008634544,31.155942645531,
    45.330311145692));
#193 = CARTESIAN_POINT('',(-7.170906417839,31.186869576027,
    45.779970405947));
#194 = CARTESIAN_POINT('',(-7.004602392409,31.224638285768,
    46.222960700399));
#195 = CARTESIAN_POINT('',(-6.649048320467,31.301997351557,
    46.989159876107));
#196 = CARTESIAN_POINT('',(-6.474353005798,31.339077914635,
    47.31606898338));
#197 = CARTESIAN_POINT('',(-6.278636796399,31.379362238143,
    47.636829045068));
#198 = CARTESIAN_POINT('',(-6.061341481227,31.422428988132,
    47.950351157147));
#199 = CARTESIAN_POINT('',(-5.821846226022,31.467754992101,
    48.255312066473));
#200 = CARTESIAN_POINT('',(-5.559504048527,31.514693270022,
    48.550099730723));
#201 = CARTESIAN_POINT('',(-5.094603295832,31.592372186755,
    49.009849939603));
#202 = CARTESIAN_POINT('',(-4.906263315744,31.622622814703,
    49.182226709017));
#203 = CARTESIAN_POINT('',(-4.708540080525,31.653001041136,
    49.349357073936));
#204 = CARTESIAN_POINT('',(-4.501330619214,31.683280976945,
    49.510661665629));
#205 = CARTESIAN_POINT('',(-4.284553935233,31.713213115438,
    49.665508791262));
#206 = CARTESIAN_POINT('',(-4.058157678817,31.742524695771,
    49.813209365891));
#207 = CARTESIAN_POINT('',(-3.643536626094,31.792404693359,
    50.058789794763));
#208 = CARTESIAN_POINT('',(-3.459399525537,31.813368723915,
    50.160065264173));
#209 = CARTESIAN_POINT('',(-3.269826302825,31.833669133586,
    50.256436456525));
#210 = CARTESIAN_POINT('',(-3.074951383574,31.853159096929,
    50.347506832316));
#211 = CARTESIAN_POINT('',(-2.87493088742,31.871690283678,
    50.432884712124));
#212 = CARTESIAN_POINT('',(-2.669942681478,31.889115154904,
    50.512182880032));
#213 = CARTESIAN_POINT('',(-2.134201009345,31.930425684424,
    50.698212662737));
#214 = CARTESIAN_POINT('',(-1.796095120098,31.952587749983,
    50.796007488733));
#215 = CARTESIAN_POINT('',(-1.44788705256,31.971109847057,
    50.876392435821));
#216 = CARTESIAN_POINT('',(-1.091787557742,31.985427752711,
    50.937825702932));
#217 = CARTESIAN_POINT('',(-0.73014614463,31.995132329322,
    50.979231007627));
#218 = CARTESIAN_POINT('',(-0.365396352201,32.,51.));
#219 = CARTESIAN_POINT('',(-1.78E-15,32.,51.));
#220 = ORIENTED_EDGE('',*,*,#221,.F.);
#221 = EDGE_CURVE('',#222,#123,#224,.T.);
#222 = VERTEX_POINT('',#223);
#223 = CARTESIAN_POINT('',(-7.5,31.108680460605,43.5));
#224 = B_SPLINE_CURVE_WITH_KNOTS('',7,(#225,#226,#227,#228,#229,#230,
    #231,#232,#233,#234,#235,#236,#237,#238,#239,#240,#241,#242,#243,
    #244,#245,#246,#247,#248,#249,#250,#251,#252,#253,#254,#255,#256,
    #257,#258,#259,#260,#261,#262,#263,#264,#265,#266,#267,#268,#269,
    #270,#271,#272,#273,#274,#275,#276,#277,#278,#279,#280,#281,#282,
    #283,#284,#285,#286,#287,#288,#289,#290,#291,#292,#293,#294,#295,
    #296,#297,#298,#299,#300,#301,#302,#303,#304,#305,#306,#307,#308,
    #309,#310,#311,#312,#313,#314,#315,#316),.UNSPECIFIED.,.T.,.F.,(8,6,
    6,6,6,6,6,6,6,6,6,6,6,6,6,8),(0.,4.449819208596E-02,
    7.313063532189E-02,0.110972988286,0.144259722411,0.249262469896,
    0.358219741844,0.457399772532,0.542675751169,0.641855781826,
    0.749787755114,0.828689955698,0.889068479841,0.926896715754,
    0.955518477686,1.),.UNSPECIFIED.);
#225 = CARTESIAN_POINT('',(-1.78E-15,32.,51.));
#226 = CARTESIAN_POINT('',(0.365397683097,32.,51.));
#227 = CARTESIAN_POINT('',(0.730147622965,31.995132293857,50.97923085657
    ));
#228 = CARTESIAN_POINT('',(1.091788516985,31.985427703213,
    50.937825491061));
#229 = CARTESIAN_POINT('',(1.44788727014,31.971109820802,50.876392319462
    ));
#230 = CARTESIAN_POINT('',(1.796094748272,31.9525877664,50.796007556039)
  );
#231 = CARTESIAN_POINT('',(2.134200498071,31.930425723848,
    50.698212840271));
#232 = CARTESIAN_POINT('',(2.669942681474,31.889115154904,
    50.512182880033));
#233 = CARTESIAN_POINT('',(2.87493088742,31.871690283679,50.432884712124
    ));
#234 = CARTESIAN_POINT('',(3.074951383577,31.853159096929,
    50.347506832315));
#235 = CARTESIAN_POINT('',(3.269826302828,31.833669133585,
    50.256436456523));
#236 = CARTESIAN_POINT('',(3.459399525537,31.813368723915,
    50.160065264173));
#237 = CARTESIAN_POINT('',(3.64353662609,31.792404693359,50.058789794765
    ));
#238 = CARTESIAN_POINT('',(4.058157678817,31.742524695771,
    49.813209365891));
#239 = CARTESIAN_POINT('',(4.284553935233,31.713213115438,
    49.665508791262));
#240 = CARTESIAN_POINT('',(4.501330619215,31.683280976945,
    49.510661665629));
#241 = CARTESIAN_POINT('',(4.708540080525,31.653001041136,
    49.349357073936));
#242 = CARTESIAN_POINT('',(4.906263315743,31.622622814703,
    49.182226709018));
#243 = CARTESIAN_POINT('',(5.094603295831,31.592372186755,
    49.009849939604));
#244 = CARTESIAN_POINT('',(5.431195503297,31.536131972247,
    48.676986770869));
#245 = CARTESIAN_POINT('',(5.581575712595,31.510062647705,48.51753617719
    ));
#246 = CARTESIAN_POINT('',(5.724928825534,31.484375179378,
    48.354731545187));
#247 = CARTESIAN_POINT('',(5.861363159018,31.459188719938,
    48.188868580247));
#248 = CARTESIAN_POINT('',(5.990985478952,31.43461019982,48.02021429634)
  );
#249 = CARTESIAN_POINT('',(6.113901036282,31.410735039941,
    47.849007067098));
#250 = CARTESIAN_POINT('',(6.597120702677,31.314819546311,
    47.127993302191));
#251 = CARTESIAN_POINT('',(6.898520720444,31.249792586466,
    46.556915884411));
#252 = CARTESIAN_POINT('',(7.137216169108,31.195304827872,
    45.969207564695));
#253 = CARTESIAN_POINT('',(7.315495608308,31.153131301918,
    45.370027119976));
#254 = CARTESIAN_POINT('',(7.434978895882,31.124356091724,
    44.763429803673));
#255 = CARTESIAN_POINT('',(7.49647946807,31.109529212876,44.152911512873
    ));
#256 = CARTESIAN_POINT('',(7.503416034454,31.107856901704,
    42.907624994166));
#257 = CARTESIAN_POINT('',(7.444388156339,31.122087236311,
    42.273780569714));
#258 = CARTESIAN_POINT('',(7.323007235872,31.151381006466,
    41.643920603369));
#259 = CARTESIAN_POINT('',(7.138390682236,31.195144164554,
    41.021912681215));
#260 = CARTESIAN_POINT('',(6.888726788264,31.252182334425,
    40.412268435972));
#261 = CARTESIAN_POINT('',(6.571422992691,31.320486466247,
    39.820776632481));
#262 = CARTESIAN_POINT('',(5.830027438217,31.46649695528,38.740751107333
    ));
#263 = CARTESIAN_POINT('',(5.416427855971,31.543133406184,
    38.245343935267));
#264 = CARTESIAN_POINT('',(4.939930822631,31.624424617586,
    37.776712219422));
#265 = CARTESIAN_POINT('',(4.398455067417,31.706951759413,
    37.344132698101));
#266 = CARTESIAN_POINT('',(3.790786164768,31.786179780801,
    36.958841812854));
#267 = CARTESIAN_POINT('',(3.117266396267,31.856358869047,
    36.634482568818));
#268 = CARTESIAN_POINT('',(1.748146970437,31.958517631743,
    36.176098930858));
#269 = CARTESIAN_POINT('',(1.068720725652,31.99448393845,36.021713597896
    ));
#270 = CARTESIAN_POINT('',(0.359655519727,32.014140643822,
    35.940665908561));
#271 = CARTESIAN_POINT('',(-0.359655519726,32.014140643822,
    35.940665908561));
#272 = CARTESIAN_POINT('',(-1.068720725653,31.99448393845,
    36.021713597896));
#273 = CARTESIAN_POINT('',(-1.748146970437,31.958517631743,
    36.176098930858));
#274 = CARTESIAN_POINT('',(-3.117266396037,31.856358869064,
    36.63448256874));
#275 = CARTESIAN_POINT('',(-3.790786164746,31.786179780815,
    36.958841812784));
#276 = CARTESIAN_POINT('',(-4.398455067588,31.706951759392,
    37.34413269818));
#277 = CARTESIAN_POINT('',(-4.939930822774,31.624424617557,
    37.776712219584));
#278 = CARTESIAN_POINT('',(-5.41642785593,31.543133406189,
    38.245343935293));
#279 = CARTESIAN_POINT('',(-5.830027438077,31.466496955308,
    38.740751107129));
#280 = CARTESIAN_POINT('',(-6.567770827496,31.321205723899,
    39.815456352897));
#281 = CARTESIAN_POINT('',(-6.882748147291,31.253468678063,
    40.401137869747));
#282 = CARTESIAN_POINT('',(-7.131320943136,31.196758126741,
    41.004700771604));
#283 = CARTESIAN_POINT('',(-7.316017756845,31.153036728765,
    41.620498939884));
#284 = CARTESIAN_POINT('',(-7.438616646129,31.123479403741,
    42.244128330707));
#285 = CARTESIAN_POINT('',(-7.5,31.108680460605,42.871818956515));
#286 = CARTESIAN_POINT('',(-7.5,31.108680460605,43.959223205011));
#287 = CARTESIAN_POINT('',(-7.467195272687,31.116589381114,
    44.418351337218));
#288 = CARTESIAN_POINT('',(-7.401611515849,31.132400906398,
    44.875886897298));
#289 = CARTESIAN_POINT('',(-7.303008634544,31.155942645531,
    45.330311145692));
#290 = CARTESIAN_POINT('',(-7.170906417839,31.186869576027,
    45.779970405947));
#291 = CARTESIAN_POINT('',(-7.004602392409,31.224638285768,
    46.222960700399));
#292 = CARTESIAN_POINT('',(-6.649048320467,31.301997351557,
    46.989159876107));
#293 = CARTESIAN_POINT('',(-6.474353005798,31.339077914635,
    47.31606898338));
#294 = CARTESIAN_POINT('',(-6.278636796399,31.379362238143,
    47.636829045068));
#295 = CARTESIAN_POINT('',(-6.061341481227,31.422428988132,
    47.950351157147));
#296 = CARTESIAN_POINT('',(-5.821846226022,31.467754992101,
    48.255312066473));
#297 = CARTESIAN_POINT('',(-5.559504048527,31.514693270022,
    48.550099730723));
#298 = CARTESIAN_POINT('',(-5.094603295832,31.592372186755,
    49.009849939603));
#299 = CARTESIAN_POINT('',(-4.906263315744,31.622622814703,
    49.182226709017));
#300 = CARTESIAN_POINT('',(-4.708540080525,31.653001041136,
    49.349357073936));
#301 = CARTESIAN_POINT('',(-4.501330619214,31.683280976945,
    49.510661665629));
#302 = CARTESIAN_POINT('',(-4.284553935233,31.713213115438,
    49.665508791262));
#303 = CARTESIAN_POINT('',(-4.058157678817,31.742524695771,
    49.813209365891));
#304 = CARTESIAN_POINT('',(-3.643536626094,31.792404693359,
    50.058789794763));
#305 = CARTESIAN_POINT('',(-3.459399525537,31.813368723915,
    50.160065264173));
#306 = CARTESIAN_POINT('',(-3.269826302825,31.833669133586,
    50.256436456525));
#307 = CARTESIAN_POINT('',(-3.074951383574,31.853159096929,
    50.347506832316));
#308 = CARTESIAN_POINT('',(-2.87493088742,31.871690283678,
    50.432884712124));
#309 = CARTESIAN_POINT('',(-2.669942681478,31.889115154904,
    50.512182880032));
#310 = CARTESIAN_POINT('',(-2.134201009345,31.930425684424,
    50.698212662737));
#311 = CARTESIAN_POINT('',(-1.796095120098,31.952587749983,
    50.796007488733));
#312 = CARTESIAN_POINT('',(-1.44788705256,31.971109847057,
    50.876392435821));
#313 = CARTESIAN_POINT('',(-1.091787557742,31.985427752711,
    50.937825702932));
#314 = CARTESIAN_POINT('',(-0.73014614463,31.995132329322,
    50.979231007627));
#315 = CARTESIAN_POINT('',(-0.365396352201,32.,51.));
#316 = CARTESIAN_POINT('',(-1.78E-15,32.,51.));
#317 = ORIENTED_EDGE('',*,*,#318,.F.);
#318 = EDGE_CURVE('',#125,#222,#319,.T.);
#319 = B_SPLINE_CURVE_WITH_KNOTS('',7,(#320,#321,#322,#323,#324,#325,
    #326,#327,#328,#329,#330,#331,#332,#333,#334,#335,#336,#337,#338,
    #339,#340,#341,#342,#343,#344,#345,#346,#347,#348,#349,#350,#351,
    #352,#353,#354,#355,#356,#357,#358,#359,#360,#361,#362,#363,#364,
    #365,#366,#367,#368,#369,#370,#371,#372,#373,#374,#375,#376,#377,
    #378,#379,#380,#381,#382,#383,#384,#385,#386,#387,#388,#389,#390,
    #391,#392,#393,#394,#395,#396,#397,#398,#399,#400,#401,#402,#403,
    #404,#405,#406,#407,#408,#409,#410,#411),.UNSPECIFIED.,.T.,.F.,(8,6,
    6,6,6,6,6,6,6,6,6,6,6,6,6,8),(0.,4.449819208596E-02,
    7.313063532189E-02,0.110972988286,0.144259722411,0.249262469896,
    0.358219741844,0.457399772532,0.542675751169,0.641855781826,
    0.749787755114,0.828689955698,0.889068479841,0.926896715754,
    0.955518477686,1.),.UNSPECIFIED.);
#320 = CARTESIAN_POINT('',(-1.78E-15,32.,51.));
#321 = CARTESIAN_POINT('',(0.365397683097,32.,51.));
#322 = CARTESIAN_POINT('',(0.730147622965,31.995132293857,50.97923085657
    ));
#323 = CARTESIAN_POINT('',(1.091788516985,31.985427703213,
    50.937825491061));
#324 = CARTESIAN_POINT('',(1.44788727014,31.971109820802,50.876392319462
    ));
#325 = CARTESIAN_POINT('',(1.796094748272,31.9525877664,50.796007556039)
  );
#326 = CARTESIAN_POINT('',(2.134200498071,31.930425723848,
    50.698212840271));
#327 = CARTESIAN_POINT('',(2.669942681474,31.889115154904,
    50.512182880033));
#328 = CARTESIAN_POINT('',(2.87493088742,31.871690283679,50.432884712124
    ));
#329 = CARTESIAN_POINT('',(3.074951383577,31.853159096929,
    50.347506832315));
#330 = CARTESIAN_POINT('',(3.269826302828,31.833669133585,
    50.256436456523));
#331 = CARTESIAN_POINT('',(3.459399525537,31.813368723915,
    50.160065264173));
#332 = CARTESIAN_POINT('',(3.64353662609,31.792404693359,50.058789794765
    ));
#333 = CARTESIAN_POINT('',(4.058157678817,31.742524695771,
    49.813209365891));
#334 = CARTESIAN_POINT('',(4.284553935233,31.713213115438,
    49.665508791262));
#335 = CARTESIAN_POINT('',(4.501330619215,31.683280976945,
    49.510661665629));
#336 = CARTESIAN_POINT('',(4.708540080525,31.653001041136,
    49.349357073936));
#337 = CARTESIAN_POINT('',(4.906263315743,31.622622814703,
    49.182226709018));
#338 = CARTESIAN_POINT('',(5.094603295831,31.592372186755,
    49.009849939604));
#339 = CARTESIAN_POINT('',(5.431195503297,31.536131972247,
    48.676986770869));
#340 = CARTESIAN_POINT('',(5.581575712595,31.510062647705,48.51753617719
    ));
#341 = CARTESIAN_POINT('',(5.724928825534,31.484375179378,
    48.354731545187));
#342 = CARTESIAN_POINT('',(5.861363159018,31.459188719938,
    48.188868580247));
#343 = CARTESIAN_POINT('',(5.990985478952,31.43461019982,48.02021429634)
  );
#344 = CARTESIAN_POINT('',(6.113901036282,31.410735039941,
    47.849007067098));
#345 = CARTESIAN_POINT('',(6.597120702677,31.314819546311,
    47.127993302191));
#346 = CARTESIAN_POINT('',(6.898520720444,31.249792586466,
    46.556915884411));
#347 = CARTESIAN_POINT('',(7.137216169108,31.195304827872,
    45.969207564695));
#348 = CARTESIAN_POINT('',(7.315495608308,31.153131301918,
    45.370027119976));
#349 = CARTESIAN_POINT('',(7.434978895882,31.124356091724,
    44.763429803673));
#350 = CARTESIAN_POINT('',(7.49647946807,31.109529212876,44.152911512873
    ));
#351 = CARTESIAN_POINT('',(7.503416034454,31.107856901704,
    42.907624994166));
#352 = CARTESIAN_POINT('',(7.444388156339,31.122087236311,
    42.273780569714));
#353 = CARTESIAN_POINT('',(7.323007235872,31.151381006466,
    41.643920603369));
#354 = CARTESIAN_POINT('',(7.138390682236,31.195144164554,
    41.021912681215));
#355 = CARTESIAN_POINT('',(6.888726788264,31.252182334425,
    40.412268435972));
#356 = CARTESIAN_POINT('',(6.571422992691,31.320486466247,
    39.820776632481));
#357 = CARTESIAN_POINT('',(5.830027438217,31.46649695528,38.740751107333
    ));
#358 = CARTESIAN_POINT('',(5.416427855971,31.543133406184,
    38.245343935267));
#359 = CARTESIAN_POINT('',(4.939930822631,31.624424617586,
    37.776712219422));
#360 = CARTESIAN_POINT('',(4.398455067417,31.706951759413,
    37.344132698101));
#361 = CARTESIAN_POINT('',(3.790786164768,31.786179780801,
    36.958841812854));
#362 = CARTESIAN_POINT('',(3.117266396267,31.856358869047,
    36.634482568818));
#363 = CARTESIAN_POINT('',(1.748146970437,31.958517631743,
    36.176098930858));
#364 = CARTESIAN_POINT('',(1.068720725652,31.99448393845,36.021713597896
    ));
#365 = CARTESIAN_POINT('',(0.359655519727,32.014140643822,
    35.940665908561));
#366 = CARTESIAN_POINT('',(-0.359655519726,32.014140643822,
    35.940665908561));
#367 = CARTESIAN_POINT('',(-1.068720725653,31.99448393845,
    36.021713597896));
#368 = CARTESIAN_POINT('',(-1.748146970437,31.958517631743,
    36.176098930858));
#369 = CARTESIAN_POINT('',(-3.117266396037,31.856358869064,
    36.63448256874));
#370 = CARTESIAN_POINT('',(-3.790786164746,31.786179780815,
    36.958841812784));
#371 = CARTESIAN_POINT('',(-4.398455067588,31.706951759392,
    37.34413269818));
#372 = CARTESIAN_POINT('',(-4.939930822774,31.624424617557,
    37.776712219584));
#373 = CARTESIAN_POINT('',(-5.41642785593,31.543133406189,
    38.245343935293));
#374 = CARTESIAN_POINT('',(-5.830027438077,31.466496955308,
    38.740751107129));
#375 = CARTESIAN_POINT('',(-6.567770827496,31.321205723899,
    39.815456352897));
#376 = CARTESIAN_POINT('',(-6.882748147291,31.253468678063,
    40.401137869747));
#377 = CARTESIAN_POINT('',(-7.131320943136,31.196758126741,
    41.004700771604));
#378 = CARTESIAN_POINT('',(-7.316017756845,31.153036728765,
    41.620498939884));
#379 = CARTESIAN_POINT('',(-7.438616646129,31.123479403741,
    42.244128330707));
#380 = CARTESIAN_POINT('',(-7.5,31.108680460605,42.871818956515));
#381 = CARTESIAN_POINT('',(-7.5,31.108680460605,43.959223205011));
#382 = CARTESIAN_POINT('',(-7.467195272687,31.116589381114,
    44.418351337218));
#383 = CARTESIAN_POINT('',(-7.401611515849,31.132400906398,
    44.875886897298));
#384 = CARTESIAN_POINT('',(-7.303008634544,31.155942645531,
    45.330311145692));
#385 = CARTESIAN_POINT('',(-7.170906417839,31.186869576027,
    45.779970405947));
#386 = CARTESIAN_POINT('',(-7.004602392409,31.224638285768,
    46.222960700399));
#387 = CARTESIAN_POINT('',(-6.649048320467,31.301997351557,
    46.989159876107));
#388 = CARTESIAN_POINT('',(-6.474353005798,31.339077914635,
    47.31606898338));
#389 = CARTESIAN_POINT('',(-6.278636796399,31.379362238143,
    47.636829045068));
#390 = CARTESIAN_POINT('',(-6.061341481227,31.422428988132,
    47.950351157147));
#391 = CARTESIAN_POINT('',(-5.821846226022,31.467754992101,
    48.255312066473));
#392 = CARTESIAN_POINT('',(-5.559504048527,31.514693270022,
    48.550099730723));
#393 = CARTESIAN_POINT('',(-5.094603295832,31.592372186755,
    49.009849939603));
#394 = CARTESIAN_POINT('',(-4.906263315744,31.622622814703,
    49.182226709017));
#395 = CARTESIAN_POINT('',(-4.708540080525,31.653001041136,
    49.349357073936));
#396 = CARTESIAN_POINT('',(-4.501330619214,31.683280976945,
    49.510661665629));
#397 = CARTESIAN_POINT('',(-4.284553935233,31.713213115438,
    49.665508791262));
#398 = CARTESIAN_POINT('',(-4.058157678817,31.742524695771,
    49.813209365891));
#399 = CARTESIAN_POINT('',(-3.643536626094,31.792404693359,
    50.058789794763));
#400 = CARTESIAN_POINT('',(-3.459399525537,31.813368723915,
    50.160065264173));
#401 = CARTESIAN_POINT('',(-3.269826302825,31.833669133586,
    50.256436456525));
#402 = CARTESIAN_POINT('',(-3.074951383574,31.853159096929,
    50.347506832316));
#403 = CARTESIAN_POINT('',(-2.87493088742,31.871690283678,
    50.432884712124));
#404 = CARTESIAN_POINT('',(-2.669942681478,31.889115154904,
    50.512182880032));
#405 = CARTESIAN_POINT('',(-2.134201009345,31.930425684424,
    50.698212662737));
#406 = CARTESIAN_POINT('',(-1.796095120098,31.952587749983,
    50.796007488733));
#407 = CARTESIAN_POINT('',(-1.44788705256,31.971109847057,
    50.876392435821));
#408 = CARTESIAN_POINT('',(-1.091787557742,31.985427752711,
    50.937825702932));
#409 = CARTESIAN_POINT('',(-0.73014614463,31.995132329322,
    50.979231007627));
#410 = CARTESIAN_POINT('',(-0.365396352201,32.,51.));
#411 = CARTESIAN_POINT('',(-1.78E-15,32.,51.));
#412 = FACE_BOUND('',#413,.T.);
#413 = EDGE_LOOP('',(#414));
#414 = ORIENTED_EDGE('',*,*,#415,.T.);
#415 = EDGE_CURVE('',#416,#416,#418,.T.);
#416 = VERTEX_POINT('',#417);
#417 = CARTESIAN_POINT('',(-3.,31.859064644148,102.9));
#418 = B_SPLINE_CURVE_WITH_KNOTS('',8,(#419,#420,#421,#422,#423,#424,
    #425,#426,#427,#428,#429,#430,#431,#432,#433,#434,#435,#436,#437,
    #438,#439,#440,#441,#442,#443,#444,#445,#446,#447,#448,#449,#450,
    #451,#452,#453,#454,#455,#456,#457,#458,#459,#460,#461,#462,#463,
    #464,#465,#466,#467,#468,#469,#470,#471,#472,#473,#474,#475,#476),
  .UNSPECIFIED.,.T.,.F.,(9,7,7,7,7,7,7,7,9),(0.,0.121332536003,
    0.229915190771,0.322750165319,0.434776678122,0.559218241183,
    0.672848645453,0.815571958848,1.),.UNSPECIFIED.);
#419 = CARTESIAN_POINT('',(-3.,31.859064644148,102.9));
#420 = CARTESIAN_POINT('',(-3.,31.859064644148,102.65328908606));
#421 = CARTESIAN_POINT('',(-2.976813261548,31.861248006767,
    102.40676396209));
#422 = CARTESIAN_POINT('',(-2.930498402948,31.865609273053,
    102.16160743569));
#423 = CARTESIAN_POINT('',(-2.860741985005,31.872082466921,
    101.91909005063));
#424 = CARTESIAN_POINT('',(-2.766916318865,31.880537402265,
    101.68070288919));
#425 = CARTESIAN_POINT('',(-2.648141290358,31.890755925498,
    101.44831132414));
#426 = CARTESIAN_POINT('',(-2.50335998332,31.902396520247,
    101.22434493798));
#427 = CARTESIAN_POINT('',(-2.177581725651,31.926195136135,
    100.82204229393));
#428 = CARTESIAN_POINT('',(-2.000186990368,31.938301904013,
    100.63915896833));
#429 = CARTESIAN_POINT('',(-1.798889326772,31.950847516313,
    100.4677510892));
#430 = CARTESIAN_POINT('',(-1.574020062203,31.963244968362,
    100.31220488305));
#431 = CARTESIAN_POINT('',(-1.326578161492,31.974777867221,
    100.17691594926));
#432 = CARTESIAN_POINT('',(-1.05823362973,31.984660327315,
    100.06629169165));
#433 = CARTESIAN_POINT('',(-0.771386231063,31.992127734081,
    99.984780199117));
#434 = CARTESIAN_POINT('',(-0.211031459828,32.000346630398,
    99.896028722292));
#435 = CARTESIAN_POINT('',(5.312089296803E-02,32.001837815966,
    99.880564235529));
#436 = CARTESIAN_POINT('',(0.31843378333,32.000774974065,99.891935602533
    ));
#437 = CARTESIAN_POINT('',(0.579982242031,31.997131460447,
    99.930097938416));
#438 = CARTESIAN_POINT('',(0.83295508547,31.991166615332,99.993618729898
    ));
#439 = CARTESIAN_POINT('',(1.072952497972,31.983376589901,
    100.07971639995));
#440 = CARTESIAN_POINT('',(1.296247939898,31.974385804898,
    100.18428748189));
#441 = CARTESIAN_POINT('',(1.745873205446,31.953286427359,
    100.44387874999));
#442 = CARTESIAN_POINT('',(1.966955526067,31.94074553569,100.60697703068
    ));
#443 = CARTESIAN_POINT('',(2.163379239742,31.927957223818,
    100.78653537969));
#444 = CARTESIAN_POINT('',(2.335730111293,31.915541672381,
    100.97884702672));
#445 = CARTESIAN_POINT('',(2.48481402939,31.903967000745,101.18095982283
    ));
#446 = CARTESIAN_POINT('',(2.611494765409,31.893570814331,
    101.39051796562));
#447 = CARTESIAN_POINT('',(2.716581064544,31.884593849348,
    101.60565129572));
#448 = CARTESIAN_POINT('',(2.894228333883,31.868985701576,
    102.06843825444));
#449 = CARTESIAN_POINT('',(2.961973392932,31.862717851904,
    102.31726030634));
#450 = CARTESIAN_POINT('',(3.004816442016,31.858626064832,102.5693881853
    ));
#451 = CARTESIAN_POINT('',(3.023290404215,31.856835236674,
    102.82322301031));
#452 = CARTESIAN_POINT('',(3.017617802907,31.857391892686,
    103.07736128439));
#453 = CARTESIAN_POINT('',(2.987705895976,31.86027511306,103.33043084878
    ));
#454 = CARTESIAN_POINT('',(2.933139353262,31.865390943021,
    103.58092923272));
#455 = CARTESIAN_POINT('',(2.780147312768,31.879086497203,
    104.05179031707));
#456 = CARTESIAN_POINT('',(2.685940289907,31.887326945588,
    104.27289211794));
#457 = CARTESIAN_POINT('',(2.569953263892,31.897129096544,
    104.48903326185));
#458 = CARTESIAN_POINT('',(2.431387105935,31.908280172028,
    104.69850636737));
#459 = CARTESIAN_POINT('',(2.269325485533,31.920476758442,
    104.89912906947));
#460 = CARTESIAN_POINT('',(2.082846011742,31.933288362386,
    105.08812123447));
#461 = CARTESIAN_POINT('',(1.871176505704,31.946128680187,
    105.26193364749));
#462 = CARTESIAN_POINT('',(1.335911936328,31.973494937438,
    105.60953852321));
#463 = CARTESIAN_POINT('',(0.986351726666,31.988182768805,
    105.77919614721));
#464 = CARTESIAN_POINT('',(0.595387473295,31.999880271986,105.9012916097
    ));
#465 = CARTESIAN_POINT('',(0.17870479256,32.006017443458,105.96083125655
    ));
#466 = CARTESIAN_POINT('',(-0.244085695237,32.004914058321,
    105.95135414586));
#467 = CARTESIAN_POINT('',(-0.65287774878,31.997260062989,
    105.87491160455));
#468 = CARTESIAN_POINT('',(-1.029833032003,31.985152181701,
    105.74225257436));
#469 = CARTESIAN_POINT('',(-1.791163096886,31.952719359701,
    105.35433553084));
#470 = CARTESIAN_POINT('',(-2.151390303432,31.930776428134,
    105.07158721809));
#471 = CARTESIAN_POINT('',(-2.44280014228,31.908866858834,
    104.74801784158));
#472 = CARTESIAN_POINT('',(-2.669437149111,31.889662142279,
    104.39841061901));
#473 = CARTESIAN_POINT('',(-2.835592069222,31.874543844708,
    104.03307016459));
#474 = CARTESIAN_POINT('',(-2.945045654747,31.864239867933,
    103.65871017761));
#475 = CARTESIAN_POINT('',(-3.,31.859064644148,103.27981250324));
#476 = CARTESIAN_POINT('',(-3.,31.859064644148,102.9));
#477 = FACE_BOUND('',#478,.T.);
#478 = EDGE_LOOP('',(#479,#512,#522,#553));
#479 = ORIENTED_EDGE('',*,*,#480,.F.);
#480 = EDGE_CURVE('',#481,#483,#485,.T.);
#481 = VERTEX_POINT('',#482);
#482 = CARTESIAN_POINT('',(12.867715916099,29.29883764081,62.76716235919
    ));
#483 = VERTEX_POINT('',#484);
#484 = CARTESIAN_POINT('',(-12.86771591609,29.29883764081,62.76716235919
    ));
#485 = B_SPLINE_CURVE_WITH_KNOTS('',7,(#486,#487,#488,#489,#490,#491,
    #492,#493,#494,#495,#496,#497,#498,#499,#500,#501,#502,#503,#504,
    #505,#506,#507,#508,#509,#510,#511),.UNSPECIFIED.,.F.,.F.,(8,6,6,6,8
    ),(0.,0.18685565615,0.500372215567,0.813448952149,1.),
  .UNSPECIFIED.);
#486 = CARTESIAN_POINT('',(12.867715916099,29.29883764081,62.76716235919
    ));
#487 = CARTESIAN_POINT('',(12.27565102709,29.558865799233,
    62.507134200767));
#488 = CARTESIAN_POINT('',(11.668885549699,29.808699531075,
    62.257300468925));
#489 = CARTESIAN_POINT('',(11.047635263954,30.047376348435,
    62.018623651565));
#490 = CARTESIAN_POINT('',(10.412247649336,30.273897552715,
    61.792102447285));
#491 = CARTESIAN_POINT('',(9.763222154466,30.487245889344,
    61.578754110656));
#492 = CARTESIAN_POINT('',(9.101230063661,30.686411965433,
    61.379588034567));
#493 = CARTESIAN_POINT('',(7.296098939023,31.179183918527,
    60.886816081473));
#494 = CARTESIAN_POINT('',(6.130655572461,31.445383176475,
    60.620616823526));
#495 = CARTESIAN_POINT('',(4.935353599566,31.664277453263,
    60.401722546736));
#496 = CARTESIAN_POINT('',(3.715986815442,31.831668291251,60.23433170875
    ));
#497 = CARTESIAN_POINT('',(2.479615698909,31.944308166704,
    60.121691833296));
#498 = CARTESIAN_POINT('',(1.234477121554,32.000400811791,
    60.065599188209));
#499 = CARTESIAN_POINT('',(-1.253423690551,31.999596407562,
    60.066403592438));
#500 = CARTESIAN_POINT('',(-2.496712516438,31.942857587153,
    60.123142412847));
#501 = CARTESIAN_POINT('',(-3.731171682592,31.829746621382,
    60.236253378618));
#502 = CARTESIAN_POINT('',(-4.948605909177,31.662064896474,
    60.403935103526));
#503 = CARTESIAN_POINT('',(-6.141993197082,31.443054142303,
    60.622945857696));
#504 = CARTESIAN_POINT('',(-7.30557317803,31.176898857633,
    60.889101142367));
#505 = CARTESIAN_POINT('',(-9.107702961423,30.684463818465,
    61.381536181535));
#506 = CARTESIAN_POINT('',(-9.768510653702,30.485506979669,
    61.580493020331));
#507 = CARTESIAN_POINT('',(-10.41638960306,30.2724206358,61.7935793642)
  );
#508 = CARTESIAN_POINT('',(-11.05067265128,30.046209287357,
    62.019790712643));
#509 = CARTESIAN_POINT('',(-11.67086329077,29.807885159173,
    62.258114840827));
#510 = CARTESIAN_POINT('',(-12.27661595523,29.558442013777,
    62.507557986223));
#511 = CARTESIAN_POINT('',(-12.86771591609,29.29883764081,62.76716235919
    ));
#512 = ORIENTED_EDGE('',*,*,#513,.F.);
#513 = EDGE_CURVE('',#514,#481,#516,.T.);
#514 = VERTEX_POINT('',#515);
#515 = CARTESIAN_POINT('',(12.867715916099,29.29883764081,79.97883764081
    ));
#516 = B_SPLINE_CURVE_WITH_KNOTS('',4,(#517,#518,#519,#520,#521),
  .UNSPECIFIED.,.F.,.F.,(5,5),(0.,1.),.PIECEWISE_BEZIER_KNOTS.);
#517 = CARTESIAN_POINT('',(12.867715916099,29.29883764081,79.97883764081
    ));
#518 = CARTESIAN_POINT('',(12.867715916099,29.29883764081,
    75.675918820405));
#519 = CARTESIAN_POINT('',(12.867715916099,29.29883764081,71.373));
#520 = CARTESIAN_POINT('',(12.867715916099,29.29883764081,
    67.070081179595));
#521 = CARTESIAN_POINT('',(12.867715916099,29.29883764081,62.76716235919
    ));
#522 = ORIENTED_EDGE('',*,*,#523,.F.);
#523 = EDGE_CURVE('',#524,#514,#526,.T.);
#524 = VERTEX_POINT('',#525);
#525 = CARTESIAN_POINT('',(-12.86771591609,29.29883764081,79.97883764081
    ));
#526 = B_SPLINE_CURVE_WITH_KNOTS('',7,(#527,#528,#529,#530,#531,#532,
    #533,#534,#535,#536,#537,#538,#539,#540,#541,#542,#543,#544,#545,
    #546,#547,#548,#549,#550,#551,#552),.UNSPECIFIED.,.F.,.F.,(8,6,6,6,8
    ),(0.,0.18685565615,0.500372215567,0.813448952149,1.),
  .UNSPECIFIED.);
#527 = CARTESIAN_POINT('',(-12.86771591609,29.29883764081,79.97883764081
    ));
#528 = CARTESIAN_POINT('',(-12.27565102708,29.558865799234,
    80.238865799234));
#529 = CARTESIAN_POINT('',(-11.6688855497,29.808699531074,
    80.488699531074));
#530 = CARTESIAN_POINT('',(-11.04763526395,30.047376348436,
    80.727376348436));
#531 = CARTESIAN_POINT('',(-10.41224764933,30.273897552716,
    80.953897552716));
#532 = CARTESIAN_POINT('',(-9.763222154468,30.487245889344,
    81.167245889344));
#533 = CARTESIAN_POINT('',(-9.10123006366,30.686411965433,
    81.366411965433));
#534 = CARTESIAN_POINT('',(-7.296098939024,31.179183918527,
    81.859183918527));
#535 = CARTESIAN_POINT('',(-6.130655572461,31.445383176475,
    82.125383176475));
#536 = CARTESIAN_POINT('',(-4.935353599559,31.664277453263,
    82.344277453263));
#537 = CARTESIAN_POINT('',(-3.715986815452,31.831668291251,
    82.511668291251));
#538 = CARTESIAN_POINT('',(-2.479615698903,31.944308166704,
    82.624308166704));
#539 = CARTESIAN_POINT('',(-1.234477121556,32.000400811791,
    82.680400811791));
#540 = CARTESIAN_POINT('',(1.253423690548,31.999596407562,
    82.679596407562));
#541 = CARTESIAN_POINT('',(2.496712516446,31.942857587152,
    82.622857587152));
#542 = CARTESIAN_POINT('',(3.731171682576,31.829746621384,
    82.509746621384));
#543 = CARTESIAN_POINT('',(4.948605909195,31.662064896471,
    82.342064896471));
#544 = CARTESIAN_POINT('',(6.141993197071,31.443054142306,
    82.123054142306));
#545 = CARTESIAN_POINT('',(7.305573178033,31.176898857632,
    81.856898857632));
#546 = CARTESIAN_POINT('',(9.107702961424,30.684463818465,
    81.364463818465));
#547 = CARTESIAN_POINT('',(9.7685106537,30.485506979669,81.165506979669)
  );
#548 = CARTESIAN_POINT('',(10.416389603068,30.2724206358,80.952420635799
    ));
#549 = CARTESIAN_POINT('',(11.050672651289,30.046209287357,
    80.726209287357));
#550 = CARTESIAN_POINT('',(11.670863290772,29.807885159174,
    80.487885159174));
#551 = CARTESIAN_POINT('',(12.276615955238,29.558442013776,
    80.238442013776));
#552 = CARTESIAN_POINT('',(12.867715916099,29.29883764081,79.97883764081
    ));
#553 = ORIENTED_EDGE('',*,*,#554,.F.);
#554 = EDGE_CURVE('',#483,#524,#555,.T.);
#555 = B_SPLINE_CURVE_WITH_KNOTS('',4,(#556,#557,#558,#559,#560),
  .UNSPECIFIED.,.F.,.F.,(5,5),(0.,1.),.PIECEWISE_BEZIER_KNOTS.);
#556 = CARTESIAN_POINT('',(-12.86771591609,29.29883764081,62.76716235919
    ));
#557 = CARTESIAN_POINT('',(-12.86771591609,29.29883764081,
    67.070081179595));
#558 = CARTESIAN_POINT('',(-12.86771591609,29.29883764081,71.373));
#559 = CARTESIAN_POINT('',(-12.86771591609,29.29883764081,
    75.675918820405));
#560 = CARTESIAN_POINT('',(-12.86771591609,29.29883764081,79.97883764081
    ));
#561 = FACE_BOUND('',#562,.T.);
#562 = EDGE_LOOP('',(#563,#573,#595,#604,#623,#631,#650,#659));
#563 = ORIENTED_EDGE('',*,*,#564,.F.);
#564 = EDGE_CURVE('',#565,#567,#569,.T.);
#565 = VERTEX_POINT('',#566);
#566 = CARTESIAN_POINT('',(-4.67,31.657401978052,92.81));
#567 = VERTEX_POINT('',#568);
#568 = CARTESIAN_POINT('',(-4.67,31.657401978052,93.97));
#569 = LINE('',#570,#571);
#570 = CARTESIAN_POINT('',(-4.67,31.657401978052,24.8));
#571 = VECTOR('',#572,1.);
#572 = DIRECTION('',(0.,0.,1.));
#573 = ORIENTED_EDGE('',*,*,#574,.T.);
#574 = EDGE_CURVE('',#565,#575,#577,.T.);
#575 = VERTEX_POINT('',#576);
#576 = CARTESIAN_POINT('',(-3.45,31.813479847385,91.59));
#577 = B_SPLINE_CURVE_WITH_KNOTS('',6,(#578,#579,#580,#581,#582,#583,
    #584,#585,#586,#587,#588,#589,#590,#591,#592,#593,#594),
  .UNSPECIFIED.,.F.,.F.,(7,5,5,7),(0.,0.465437643435,0.635420050096,1.),
  .UNSPECIFIED.);
#578 = CARTESIAN_POINT('',(-4.67,31.657401978052,92.81));
#579 = CARTESIAN_POINT('',(-4.67,31.657401978052,92.676183108848));
#580 = CARTESIAN_POINT('',(-4.652386360961,31.66000035168,
    92.542334802884));
#581 = CARTESIAN_POINT('',(-4.617144681888,31.665198785378,
    92.410301548332));
#582 = CARTESIAN_POINT('',(-4.563972075271,31.672968330301,
    92.282032944324));
#583 = CARTESIAN_POINT('',(-4.492423146502,31.683220248147,
    92.159914349192));
#584 = CARTESIAN_POINT('',(-4.369147360847,31.700341636145,
    92.006041015953));
#585 = CARTESIAN_POINT('',(-4.333672419595,31.705226667112,
    91.96613741856));
#586 = CARTESIAN_POINT('',(-4.295705281903,31.7104039901,91.927679591376
    ));
#587 = CARTESIAN_POINT('',(-4.255263609151,31.715857779125,91.890864015)
  );
#588 = CARTESIAN_POINT('',(-4.212378955465,31.72156914891,
    91.855897801052));
#589 = CARTESIAN_POINT('',(-4.069978982618,31.740271988315,
    91.752438164792));
#590 = CARTESIAN_POINT('',(-3.960910205838,31.754234042244,
    91.690715705302));
#591 = CARTESIAN_POINT('',(-3.841503210451,31.769025200873,
    91.641452544216));
#592 = CARTESIAN_POINT('',(-3.714375475088,31.78413750318,
    91.607329923017));
#593 = CARTESIAN_POINT('',(-3.582734837185,31.799085471464,91.59));
#594 = CARTESIAN_POINT('',(-3.45,31.813479847385,91.59));
#595 = ORIENTED_EDGE('',*,*,#596,.F.);
#596 = EDGE_CURVE('',#597,#575,#599,.T.);
#597 = VERTEX_POINT('',#598);
#598 = CARTESIAN_POINT('',(3.45,31.813479847385,91.59));
#599 = CIRCLE('',#600,32.);
#600 = AXIS2_PLACEMENT_3D('',#601,#602,#603);
#601 = CARTESIAN_POINT('',(0.,0.,91.59));
#602 = DIRECTION('',(0.,-0.,1.));
#603 = DIRECTION('',(0.675112049134,0.737715203255,0.));
#604 = ORIENTED_EDGE('',*,*,#605,.F.);
#605 = EDGE_CURVE('',#606,#597,#608,.T.);
#606 = VERTEX_POINT('',#607);
#607 = CARTESIAN_POINT('',(4.67,31.657401978052,92.81));
#608 = B_SPLINE_CURVE_WITH_KNOTS('',7,(#609,#610,#611,#612,#613,#614,
    #615,#616,#617,#618,#619,#620,#621,#622),.UNSPECIFIED.,.F.,.F.,(8,6,
    8),(0.,0.457177224894,1.),.UNSPECIFIED.);
#609 = CARTESIAN_POINT('',(4.67,31.657401978052,92.81));
#610 = CARTESIAN_POINT('',(4.67,31.657401978052,92.697835264676));
#611 = CARTESIAN_POINT('',(4.657968933812,31.659176799004,
    92.585656663563));
#612 = CARTESIAN_POINT('',(4.63390191233,31.662726965127,92.474447572478
    ));
#613 = CARTESIAN_POINT('',(4.597679036683,31.668041188615,92.36523094865
    ));
#614 = CARTESIAN_POINT('',(4.54910265252,31.67508913012,92.259155379959)
  );
#615 = CARTESIAN_POINT('',(4.487942550804,31.683812063079,
    92.157593589369));
#616 = CARTESIAN_POINT('',(4.3261815713,31.706340260599,91.949052591186)
  );
#617 = CARTESIAN_POINT('',(4.21849833418,31.721047808762,91.842251039114
    ));
#618 = CARTESIAN_POINT('',(4.091294147003,31.737949450984,91.74804402388
    ));
#619 = CARTESIAN_POINT('',(3.946782678195,31.756429379154,
    91.671818872482));
#620 = CARTESIAN_POINT('',(3.788538530471,31.775680248929,
    91.618013165576));
#621 = CARTESIAN_POINT('',(3.621154804202,31.794919033626,91.59));
#622 = CARTESIAN_POINT('',(3.45,31.813479847385,91.59));
#623 = ORIENTED_EDGE('',*,*,#624,.T.);
#624 = EDGE_CURVE('',#606,#625,#627,.T.);
#625 = VERTEX_POINT('',#626);
#626 = CARTESIAN_POINT('',(4.67,31.657401978052,93.97));
#627 = LINE('',#628,#629);
#628 = CARTESIAN_POINT('',(4.67,31.657401978052,24.8));
#629 = VECTOR('',#630,1.);
#630 = DIRECTION('',(0.,0.,1.));
#631 = ORIENTED_EDGE('',*,*,#632,.T.);
#632 = EDGE_CURVE('',#625,#633,#635,.T.);
#633 = VERTEX_POINT('',#634);
#634 = CARTESIAN_POINT('',(3.45,31.813479847385,95.19));
#635 = B_SPLINE_CURVE_WITH_KNOTS('',7,(#636,#637,#638,#639,#640,#641,
    #642,#643,#644,#645,#646,#647,#648,#649),.UNSPECIFIED.,.F.,.F.,(8,6,
    8),(0.,0.457177224894,1.),.UNSPECIFIED.);
#636 = CARTESIAN_POINT('',(4.67,31.657401978052,93.97));
#637 = CARTESIAN_POINT('',(4.67,31.657401978052,94.082164735324));
#638 = CARTESIAN_POINT('',(4.657968933812,31.659176799004,
    94.194343336437));
#639 = CARTESIAN_POINT('',(4.63390191233,31.662726965127,94.305552427522
    ));
#640 = CARTESIAN_POINT('',(4.597679036683,31.668041188615,94.41476905135
    ));
#641 = CARTESIAN_POINT('',(4.54910265252,31.67508913012,94.520844620041)
  );
#642 = CARTESIAN_POINT('',(4.487942550804,31.683812063079,
    94.622406410631));
#643 = CARTESIAN_POINT('',(4.3261815713,31.706340260599,94.830947408814)
  );
#644 = CARTESIAN_POINT('',(4.21849833418,31.721047808762,94.937748960886
    ));
#645 = CARTESIAN_POINT('',(4.091294147003,31.737949450984,95.03195597612
    ));
#646 = CARTESIAN_POINT('',(3.946782678195,31.756429379154,
    95.108181127518));
#647 = CARTESIAN_POINT('',(3.788538530472,31.775680248929,
    95.161986834424));
#648 = CARTESIAN_POINT('',(3.621154804202,31.794919033626,95.19));
#649 = CARTESIAN_POINT('',(3.45,31.813479847385,95.19));
#650 = ORIENTED_EDGE('',*,*,#651,.T.);
#651 = EDGE_CURVE('',#633,#652,#654,.T.);
#652 = VERTEX_POINT('',#653);
#653 = CARTESIAN_POINT('',(-3.45,31.813479847385,95.19));
#654 = CIRCLE('',#655,32.);
#655 = AXIS2_PLACEMENT_3D('',#656,#657,#658);
#656 = CARTESIAN_POINT('',(0.,0.,95.19));
#657 = DIRECTION('',(0.,-0.,1.));
#658 = DIRECTION('',(0.675112049134,0.737715203255,0.));
#659 = ORIENTED_EDGE('',*,*,#660,.F.);
#660 = EDGE_CURVE('',#567,#652,#661,.T.);
#661 = B_SPLINE_CURVE_WITH_KNOTS('',6,(#662,#663,#664,#665,#666,#667,
    #668,#669,#670,#671,#672,#673,#674,#675,#676,#677,#678),
  .UNSPECIFIED.,.F.,.F.,(7,5,5,7),(0.,0.465437643435,0.635420050096,1.),
  .UNSPECIFIED.);
#662 = CARTESIAN_POINT('',(-4.67,31.657401978052,93.97));
#663 = CARTESIAN_POINT('',(-4.67,31.657401978052,94.103816891152));
#664 = CARTESIAN_POINT('',(-4.652386360961,31.66000035168,
    94.237665197116));
#665 = CARTESIAN_POINT('',(-4.617144681888,31.665198785378,
    94.369698451668));
#666 = CARTESIAN_POINT('',(-4.563972075271,31.672968330301,
    94.497967055676));
#667 = CARTESIAN_POINT('',(-4.492423146502,31.683220248147,
    94.620085650808));
#668 = CARTESIAN_POINT('',(-4.369147360847,31.700341636145,
    94.773958984047));
#669 = CARTESIAN_POINT('',(-4.333672419595,31.705226667112,
    94.81386258144));
#670 = CARTESIAN_POINT('',(-4.295705281903,31.7104039901,94.852320408624
    ));
#671 = CARTESIAN_POINT('',(-4.255263609151,31.715857779125,94.889135985)
  );
#672 = CARTESIAN_POINT('',(-4.212378955465,31.72156914891,
    94.924102198948));
#673 = CARTESIAN_POINT('',(-4.069978982618,31.740271988315,
    95.027561835208));
#674 = CARTESIAN_POINT('',(-3.960910205838,31.754234042244,
    95.089284294698));
#675 = CARTESIAN_POINT('',(-3.841503210451,31.769025200873,
    95.138547455784));
#676 = CARTESIAN_POINT('',(-3.714375475088,31.78413750318,
    95.172670076983));
#677 = CARTESIAN_POINT('',(-3.582734837185,31.799085471464,95.19));
#678 = CARTESIAN_POINT('',(-3.45,31.813479847385,95.19));
#679 = CYLINDRICAL_SURFACE('',#680,32.);
#680 = AXIS2_PLACEMENT_3D('',#681,#682,#683);
#681 = CARTESIAN_POINT('',(0.,0.,24.8));
#682 = DIRECTION('',(0.,0.,1.));
#683 = DIRECTION('',(0.675112049134,0.737715203255,0.));
#684 = ADVANCED_FACE('',(#685),#713,.T.);
#685 = FACE_BOUND('',#686,.T.);
#686 = EDGE_LOOP('',(#687,#696,#697,#706));
#687 = ORIENTED_EDGE('',*,*,#688,.F.);
#688 = EDGE_CURVE('',#22,#689,#691,.T.);
#689 = VERTEX_POINT('',#690);
#690 = CARTESIAN_POINT('',(21.26602954772,23.238028902544,107.1));
#691 = HYPERBOLA('',#692,22.360701611589,22.360701611589);
#692 = AXIS2_PLACEMENT_3D('',#693,#694,#695);
#693 = CARTESIAN_POINT('',(22.334745063461,1.077097726623,138.6));
#694 = DIRECTION('',(-0.998839189012,-4.816922766257E-02,-0.));
#695 = DIRECTION('',(0.,0.,-1.));
#696 = ORIENTED_EDGE('',*,*,#21,.T.);
#697 = ORIENTED_EDGE('',*,*,#698,.T.);
#698 = EDGE_CURVE('',#24,#699,#701,.T.);
#699 = VERTEX_POINT('',#700);
#700 = CARTESIAN_POINT('',(-21.26602954772,23.238028902544,107.1));
#701 = HYPERBOLA('',#702,22.360701611589,22.360701611589);
#702 = AXIS2_PLACEMENT_3D('',#703,#704,#705);
#703 = CARTESIAN_POINT('',(-22.33474506346,1.077097726623,138.6));
#704 = DIRECTION('',(-0.998839189012,4.816922766257E-02,0.));
#705 = DIRECTION('',(0.,0.,-1.));
#706 = ORIENTED_EDGE('',*,*,#707,.F.);
#707 = EDGE_CURVE('',#689,#699,#708,.T.);
#708 = CIRCLE('',#709,31.5);
#709 = AXIS2_PLACEMENT_3D('',#710,#711,#712);
#710 = CARTESIAN_POINT('',(0.,0.,107.1));
#711 = DIRECTION('',(0.,-0.,1.));
#712 = DIRECTION('',(0.675112049134,0.737715203255,0.));
#713 = CONICAL_SURFACE('',#714,32.,0.785398163397);
#714 = AXIS2_PLACEMENT_3D('',#715,#716,#717);
#715 = CARTESIAN_POINT('',(0.,0.,106.6));
#716 = DIRECTION('',(0.,0.,-1.));
#717 = DIRECTION('',(0.675112049134,0.737715203255,0.));
#718 = ADVANCED_FACE('',(#719),#738,.T.);
#719 = FACE_BOUND('',#720,.T.);
#720 = EDGE_LOOP('',(#721,#730,#731,#732));
#721 = ORIENTED_EDGE('',*,*,#722,.F.);
#722 = EDGE_CURVE('',#33,#723,#725,.T.);
#723 = VERTEX_POINT('',#724);
#724 = CARTESIAN_POINT('',(21.26602954772,23.238028902544,24.8));
#725 = HYPERBOLA('',#726,22.360701611589,22.360701611589);
#726 = AXIS2_PLACEMENT_3D('',#727,#728,#729);
#727 = CARTESIAN_POINT('',(22.334745063461,1.077097726623,-6.7));
#728 = DIRECTION('',(0.998839189012,4.816922766257E-02,-0.));
#729 = DIRECTION('',(0.,0.,1.));
#730 = ORIENTED_EDGE('',*,*,#32,.T.);
#731 = ORIENTED_EDGE('',*,*,#688,.T.);
#732 = ORIENTED_EDGE('',*,*,#733,.F.);
#733 = EDGE_CURVE('',#723,#689,#734,.T.);
#734 = LINE('',#735,#736);
#735 = CARTESIAN_POINT('',(21.26602954772,23.238028902544,24.8));
#736 = VECTOR('',#737,1.);
#737 = DIRECTION('',(0.,0.,1.));
#738 = PLANE('',#739);
#739 = AXIS2_PLACEMENT_3D('',#740,#741,#742);
#740 = CARTESIAN_POINT('',(21.26602954772,23.238028902544,24.8));
#741 = DIRECTION('',(0.998839189012,4.816922766257E-02,0.));
#742 = DIRECTION('',(0.,0.,1.));
#743 = ADVANCED_FACE('',(#744),#763,.F.);
#744 = FACE_BOUND('',#745,.F.);
#745 = EDGE_LOOP('',(#746,#755,#756,#757));
#746 = ORIENTED_EDGE('',*,*,#747,.F.);
#747 = EDGE_CURVE('',#41,#748,#750,.T.);
#748 = VERTEX_POINT('',#749);
#749 = CARTESIAN_POINT('',(-21.26602954772,23.238028902544,24.8));
#750 = HYPERBOLA('',#751,22.360701611589,22.360701611589);
#751 = AXIS2_PLACEMENT_3D('',#752,#753,#754);
#752 = CARTESIAN_POINT('',(-22.33474506346,1.077097726623,-6.7));
#753 = DIRECTION('',(0.998839189012,-4.816922766257E-02,0.));
#754 = DIRECTION('',(0.,0.,1.));
#755 = ORIENTED_EDGE('',*,*,#49,.T.);
#756 = ORIENTED_EDGE('',*,*,#698,.T.);
#757 = ORIENTED_EDGE('',*,*,#758,.F.);
#758 = EDGE_CURVE('',#748,#699,#759,.T.);
#759 = LINE('',#760,#761);
#760 = CARTESIAN_POINT('',(-21.26602954772,23.238028902544,24.8));
#761 = VECTOR('',#762,1.);
#762 = DIRECTION('',(0.,0.,1.));
#763 = PLANE('',#764);
#764 = AXIS2_PLACEMENT_3D('',#765,#766,#767);
#765 = CARTESIAN_POINT('',(-21.26602954772,23.238028902544,24.8));
#766 = DIRECTION('',(0.998839189012,-4.816922766257E-02,0.));
#767 = DIRECTION('',(0.,0.,1.));
#768 = ADVANCED_FACE('',(#769),#781,.T.);
#769 = FACE_BOUND('',#770,.F.);
#770 = EDGE_LOOP('',(#771,#772,#773,#774));
#771 = ORIENTED_EDGE('',*,*,#722,.F.);
#772 = ORIENTED_EDGE('',*,*,#40,.T.);
#773 = ORIENTED_EDGE('',*,*,#747,.T.);
#774 = ORIENTED_EDGE('',*,*,#775,.F.);
#775 = EDGE_CURVE('',#723,#748,#776,.T.);
#776 = CIRCLE('',#777,31.5);
#777 = AXIS2_PLACEMENT_3D('',#778,#779,#780);
#778 = CARTESIAN_POINT('',(0.,0.,24.8));
#779 = DIRECTION('',(0.,-0.,1.));
#780 = DIRECTION('',(0.675112049134,0.737715203255,0.));
#781 = CONICAL_SURFACE('',#782,32.,0.785398163397);
#782 = AXIS2_PLACEMENT_3D('',#783,#784,#785);
#783 = CARTESIAN_POINT('',(0.,0.,25.3));
#784 = DIRECTION('',(0.,0.,1.));
#785 = DIRECTION('',(0.675112049134,0.737715203255,0.));
#786 = ADVANCED_FACE('',(#787),#806,.F.);
#787 = FACE_BOUND('',#788,.F.);
#788 = EDGE_LOOP('',(#789,#797,#804,#805));
#789 = ORIENTED_EDGE('',*,*,#790,.T.);
#790 = EDGE_CURVE('',#58,#791,#793,.T.);
#791 = VERTEX_POINT('',#792);
#792 = CARTESIAN_POINT('',(-3.,30.4,29.));
#793 = LINE('',#794,#795);
#794 = CARTESIAN_POINT('',(-3.,34.,29.));
#795 = VECTOR('',#796,1.);
#796 = DIRECTION('',(-6.E-17,-1.,0.));
#797 = ORIENTED_EDGE('',*,*,#798,.F.);
#798 = EDGE_CURVE('',#791,#791,#799,.T.);
#799 = CIRCLE('',#800,3.);
#800 = AXIS2_PLACEMENT_3D('',#801,#802,#803);
#801 = CARTESIAN_POINT('',(1.86E-15,30.4,29.));
#802 = DIRECTION('',(-6.E-17,-1.,-0.));
#803 = DIRECTION('',(-1.,6.E-17,0.));
#804 = ORIENTED_EDGE('',*,*,#790,.F.);
#805 = ORIENTED_EDGE('',*,*,#57,.T.);
#806 = CYLINDRICAL_SURFACE('',#807,3.);
#807 = AXIS2_PLACEMENT_3D('',#808,#809,#810);
#808 = CARTESIAN_POINT('',(2.08E-15,34.,29.));
#809 = DIRECTION('',(-6.E-17,-1.,0.));
#810 = DIRECTION('',(-1.,6.E-17,0.));
#811 = ADVANCED_FACE('',(#812),#822,.F.);
#812 = FACE_BOUND('',#813,.F.);
#813 = EDGE_LOOP('',(#814,#815));
#814 = ORIENTED_EDGE('',*,*,#318,.F.);
#815 = ORIENTED_EDGE('',*,*,#816,.T.);
#816 = EDGE_CURVE('',#125,#222,#817,.T.);
#817 = CIRCLE('',#818,7.5);
#818 = AXIS2_PLACEMENT_3D('',#819,#820,#821);
#819 = CARTESIAN_POINT('',(0.,31.108680460605,43.5));
#820 = DIRECTION('',(0.,1.,0.));
#821 = DIRECTION('',(0.,0.,1.));
#822 = CYLINDRICAL_SURFACE('',#823,7.5);
#823 = AXIS2_PLACEMENT_3D('',#824,#825,#826);
#824 = CARTESIAN_POINT('',(0.,31.108680460605,43.5));
#825 = DIRECTION('',(0.,1.,0.));
#826 = DIRECTION('',(0.,0.,1.));
#827 = ADVANCED_FACE('',(#828),#847,.F.);
#828 = FACE_BOUND('',#829,.F.);
#829 = EDGE_LOOP('',(#830,#838,#845,#846));
#830 = ORIENTED_EDGE('',*,*,#831,.T.);
#831 = EDGE_CURVE('',#416,#832,#834,.T.);
#832 = VERTEX_POINT('',#833);
#833 = CARTESIAN_POINT('',(-3.,30.4,102.9));
#834 = LINE('',#835,#836);
#835 = CARTESIAN_POINT('',(-3.,34.,102.9));
#836 = VECTOR('',#837,1.);
#837 = DIRECTION('',(-6.E-17,-1.,0.));
#838 = ORIENTED_EDGE('',*,*,#839,.F.);
#839 = EDGE_CURVE('',#832,#832,#840,.T.);
#840 = CIRCLE('',#841,3.);
#841 = AXIS2_PLACEMENT_3D('',#842,#843,#844);
#842 = CARTESIAN_POINT('',(1.86E-15,30.4,102.9));
#843 = DIRECTION('',(-6.E-17,-1.,-0.));
#844 = DIRECTION('',(-1.,6.E-17,0.));
#845 = ORIENTED_EDGE('',*,*,#831,.F.);
#846 = ORIENTED_EDGE('',*,*,#415,.T.);
#847 = CYLINDRICAL_SURFACE('',#848,3.);
#848 = AXIS2_PLACEMENT_3D('',#849,#850,#851);
#849 = CARTESIAN_POINT('',(2.08E-15,34.,102.9));
#850 = DIRECTION('',(-6.E-17,-1.,0.));
#851 = DIRECTION('',(-1.,6.E-17,0.));
#852 = ADVANCED_FACE('',(#853),#875,.T.);
#853 = FACE_BOUND('',#854,.T.);
#854 = EDGE_LOOP('',(#855,#862,#869,#874));
#855 = ORIENTED_EDGE('',*,*,#856,.F.);
#856 = EDGE_CURVE('',#857,#483,#859,.T.);
#857 = VERTEX_POINT('',#858);
#858 = CARTESIAN_POINT('',(-12.23119107028,27.55,64.516));
#859 = B_SPLINE_CURVE_WITH_KNOTS('',1,(#860,#861),.UNSPECIFIED.,.F.,.F.,
  (2,2),(0.,1.),.PIECEWISE_BEZIER_KNOTS.);
#860 = CARTESIAN_POINT('',(-12.122,27.25,64.816));
#861 = CARTESIAN_POINT('',(-14.57879908129,34.,58.066));
#862 = ORIENTED_EDGE('',*,*,#863,.F.);
#863 = EDGE_CURVE('',#864,#857,#866,.T.);
#864 = VERTEX_POINT('',#865);
#865 = CARTESIAN_POINT('',(12.23119107028,27.55,64.516));
#866 = B_SPLINE_CURVE_WITH_KNOTS('',1,(#867,#868),.UNSPECIFIED.,.F.,.F.,
  (2,2),(0.,1.),.PIECEWISE_BEZIER_KNOTS.);
#867 = CARTESIAN_POINT('',(12.23119107028,27.55,64.516));
#868 = CARTESIAN_POINT('',(-12.23119107028,27.55,64.516));
#869 = ORIENTED_EDGE('',*,*,#870,.T.);
#870 = EDGE_CURVE('',#864,#481,#871,.T.);
#871 = B_SPLINE_CURVE_WITH_KNOTS('',1,(#872,#873),.UNSPECIFIED.,.F.,.F.,
  (2,2),(0.,1.),.PIECEWISE_BEZIER_KNOTS.);
#872 = CARTESIAN_POINT('',(12.122,27.25,64.816));
#873 = CARTESIAN_POINT('',(14.578799081297,34.,58.066));
#874 = ORIENTED_EDGE('',*,*,#480,.T.);
#875 = B_SPLINE_SURFACE_WITH_KNOTS('',1,1,(
    (#876,#877)
    ,(#878,#879
    )),.UNSPECIFIED.,.F.,.F.,.F.,(2,2),(2,2),(0.,29.157598162594),(0.,1.
    ),.PIECEWISE_BEZIER_KNOTS.);
#876 = CARTESIAN_POINT('',(-12.122,27.25,64.816));
#877 = CARTESIAN_POINT('',(-14.57879908129,34.,58.066));
#878 = CARTESIAN_POINT('',(12.122,27.25,64.816));
#879 = CARTESIAN_POINT('',(14.578799081297,34.,58.066));
#880 = ADVANCED_FACE('',(#881),#897,.T.);
#881 = FACE_BOUND('',#882,.T.);
#882 = EDGE_LOOP('',(#883,#884,#891,#896));
#883 = ORIENTED_EDGE('',*,*,#870,.F.);
#884 = ORIENTED_EDGE('',*,*,#885,.F.);
#885 = EDGE_CURVE('',#886,#864,#888,.T.);
#886 = VERTEX_POINT('',#887);
#887 = CARTESIAN_POINT('',(12.23119107028,27.55,78.23));
#888 = B_SPLINE_CURVE_WITH_KNOTS('',1,(#889,#890),.UNSPECIFIED.,.F.,.F.,
  (2,2),(0.,1.),.PIECEWISE_BEZIER_KNOTS.);
#889 = CARTESIAN_POINT('',(12.23119107028,27.55,78.23));
#890 = CARTESIAN_POINT('',(12.23119107028,27.55,64.516));
#891 = ORIENTED_EDGE('',*,*,#892,.T.);
#892 = EDGE_CURVE('',#886,#514,#893,.T.);
#893 = B_SPLINE_CURVE_WITH_KNOTS('',1,(#894,#895),.UNSPECIFIED.,.F.,.F.,
  (2,2),(0.,1.),.PIECEWISE_BEZIER_KNOTS.);
#894 = CARTESIAN_POINT('',(12.122,27.25,77.93));
#895 = CARTESIAN_POINT('',(14.578799081297,34.,84.68));
#896 = ORIENTED_EDGE('',*,*,#513,.T.);
#897 = B_SPLINE_SURFACE_WITH_KNOTS('',1,1,(
    (#898,#899)
    ,(#900,#901
    )),.UNSPECIFIED.,.F.,.F.,.F.,(2,2),(2,2),(0.,26.614),(0.,1.),
  .PIECEWISE_BEZIER_KNOTS.);
#898 = CARTESIAN_POINT('',(12.122,27.25,64.816));
#899 = CARTESIAN_POINT('',(14.578799081297,34.,58.066));
#900 = CARTESIAN_POINT('',(12.122,27.25,77.93));
#901 = CARTESIAN_POINT('',(14.578799081297,34.,84.68));
#902 = ADVANCED_FACE('',(#903),#919,.T.);
#903 = FACE_BOUND('',#904,.T.);
#904 = EDGE_LOOP('',(#905,#912,#917,#918));
#905 = ORIENTED_EDGE('',*,*,#906,.F.);
#906 = EDGE_CURVE('',#907,#524,#909,.T.);
#907 = VERTEX_POINT('',#908);
#908 = CARTESIAN_POINT('',(-12.23119107028,27.55,78.23));
#909 = B_SPLINE_CURVE_WITH_KNOTS('',1,(#910,#911),.UNSPECIFIED.,.F.,.F.,
  (2,2),(0.,1.),.PIECEWISE_BEZIER_KNOTS.);
#910 = CARTESIAN_POINT('',(-12.122,27.25,77.93));
#911 = CARTESIAN_POINT('',(-14.57879908129,34.,84.68));
#912 = ORIENTED_EDGE('',*,*,#913,.F.);
#913 = EDGE_CURVE('',#857,#907,#914,.T.);
#914 = B_SPLINE_CURVE_WITH_KNOTS('',1,(#915,#916),.UNSPECIFIED.,.F.,.F.,
  (2,2),(0.,1.),.PIECEWISE_BEZIER_KNOTS.);
#915 = CARTESIAN_POINT('',(-12.23119107028,27.55,64.516));
#916 = CARTESIAN_POINT('',(-12.23119107028,27.55,78.23));
#917 = ORIENTED_EDGE('',*,*,#856,.T.);
#918 = ORIENTED_EDGE('',*,*,#554,.T.);
#919 = B_SPLINE_SURFACE_WITH_KNOTS('',1,1,(
    (#920,#921)
    ,(#922,#923
    )),.UNSPECIFIED.,.F.,.F.,.F.,(2,2),(2,2),(0.,26.614),(0.,1.),
  .PIECEWISE_BEZIER_KNOTS.);
#920 = CARTESIAN_POINT('',(-12.122,27.25,77.93));
#921 = CARTESIAN_POINT('',(-14.57879908129,34.,84.68));
#922 = CARTESIAN_POINT('',(-12.122,27.25,64.816));
#923 = CARTESIAN_POINT('',(-14.57879908129,34.,58.066));
#924 = ADVANCED_FACE('',(#925),#935,.T.);
#925 = FACE_BOUND('',#926,.T.);
#926 = EDGE_LOOP('',(#927,#928,#933,#934));
#927 = ORIENTED_EDGE('',*,*,#892,.F.);
#928 = ORIENTED_EDGE('',*,*,#929,.F.);
#929 = EDGE_CURVE('',#907,#886,#930,.T.);
#930 = B_SPLINE_CURVE_WITH_KNOTS('',1,(#931,#932),.UNSPECIFIED.,.F.,.F.,
  (2,2),(0.,1.),.PIECEWISE_BEZIER_KNOTS.);
#931 = CARTESIAN_POINT('',(-12.23119107028,27.55,78.23));
#932 = CARTESIAN_POINT('',(12.23119107028,27.55,78.23));
#933 = ORIENTED_EDGE('',*,*,#906,.T.);
#934 = ORIENTED_EDGE('',*,*,#523,.T.);
#935 = B_SPLINE_SURFACE_WITH_KNOTS('',1,1,(
    (#936,#937)
    ,(#938,#939
    )),.UNSPECIFIED.,.F.,.F.,.F.,(2,2),(2,2),(0.,29.157598162594),(0.,1.
    ),.PIECEWISE_BEZIER_KNOTS.);
#936 = CARTESIAN_POINT('',(12.122,27.25,77.93));
#937 = CARTESIAN_POINT('',(14.578799081297,34.,84.68));
#938 = CARTESIAN_POINT('',(-12.122,27.25,77.93));
#939 = CARTESIAN_POINT('',(-14.57879908129,34.,84.68));
#940 = ADVANCED_FACE('',(#941),#966,.T.);
#941 = FACE_BOUND('',#942,.T.);
#942 = EDGE_LOOP('',(#943,#953,#959,#960));
#943 = ORIENTED_EDGE('',*,*,#944,.F.);
#944 = EDGE_CURVE('',#945,#947,#949,.T.);
#945 = VERTEX_POINT('',#946);
#946 = CARTESIAN_POINT('',(-4.67,29.128012290577,92.81));
#947 = VERTEX_POINT('',#948);
#948 = CARTESIAN_POINT('',(-4.67,29.128012290577,93.97));
#949 = LINE('',#950,#951);
#950 = CARTESIAN_POINT('',(-4.67,29.128012290577,23.8));
#951 = VECTOR('',#952,1.);
#952 = DIRECTION('',(0.,0.,1.));
#953 = ORIENTED_EDGE('',*,*,#954,.T.);
#954 = EDGE_CURVE('',#945,#565,#955,.T.);
#955 = LINE('',#956,#957);
#956 = CARTESIAN_POINT('',(-4.67,26.,92.81));
#957 = VECTOR('',#958,1.);
#958 = DIRECTION('',(0.,1.,0.));
#959 = ORIENTED_EDGE('',*,*,#564,.T.);
#960 = ORIENTED_EDGE('',*,*,#961,.F.);
#961 = EDGE_CURVE('',#947,#567,#962,.T.);
#962 = LINE('',#963,#964);
#963 = CARTESIAN_POINT('',(-4.67,26.,93.97));
#964 = VECTOR('',#965,1.);
#965 = DIRECTION('',(0.,1.,0.));
#966 = PLANE('',#967);
#967 = AXIS2_PLACEMENT_3D('',#968,#969,#970);
#968 = CARTESIAN_POINT('',(-4.67,26.,91.59));
#969 = DIRECTION('',(1.,0.,0.));
#970 = DIRECTION('',(0.,0.,1.));
#971 = ADVANCED_FACE('',(#972),#1021,.F.);
#972 = FACE_BOUND('',#973,.T.);
#973 = EDGE_LOOP('',(#974,#975,#997,#1005,#1014,#1020));
#974 = ORIENTED_EDGE('',*,*,#954,.F.);
#975 = ORIENTED_EDGE('',*,*,#976,.T.);
#976 = EDGE_CURVE('',#945,#977,#979,.T.);
#977 = VERTEX_POINT('',#978);
#978 = CARTESIAN_POINT('',(-4.284445920788,29.18721506373,91.92));
#979 = B_SPLINE_CURVE_WITH_KNOTS('',6,(#980,#981,#982,#983,#984,#985,
    #986,#987,#988,#989,#990,#991,#992,#993,#994,#995,#996),
  .UNSPECIFIED.,.F.,.F.,(7,5,5,7),(0.,0.465200287335,0.635198966975,1.),
  .UNSPECIFIED.);
#980 = CARTESIAN_POINT('',(-4.67,29.128012290577,92.81));
#981 = CARTESIAN_POINT('',(-4.67,29.128012290577,92.676155738702));
#982 = CARTESIAN_POINT('',(-4.652379153781,29.130837453901,
    92.542278326489));
#983 = CARTESIAN_POINT('',(-4.617122215502,29.136489754365,
    92.410226593923));
#984 = CARTESIAN_POINT('',(-4.563934963789,29.144935939577,
    92.281960639022));
#985 = CARTESIAN_POINT('',(-4.492387377248,29.156076356179,
    92.159869701865));
#986 = CARTESIAN_POINT('',(-4.369140447353,29.174676082477,
    92.006032386502));
#987 = CARTESIAN_POINT('',(-4.333660302802,29.179984761795,
    91.966124130355));
#988 = CARTESIAN_POINT('',(-4.295690470352,29.185610458946,
    91.927665348043));
#989 = CARTESIAN_POINT('',(-4.255249403822,29.191535833566,
    91.890852093649));
#990 = CARTESIAN_POINT('',(-4.212369435493,29.197740237369,
    91.855890884388));
#991 = CARTESIAN_POINT('',(-4.06994982038,29.218061851918,
    91.752416977186));
#992 = CARTESIAN_POINT('',(-3.960870953413,29.23323026073,
    91.690697727912));
#993 = CARTESIAN_POINT('',(-3.841470485569,29.249295402294,
    91.641444707328));
#994 = CARTESIAN_POINT('',(-3.71435791302,29.265706643943,
    91.607328972064));
#995 = CARTESIAN_POINT('',(-3.582731236331,29.281938097881,91.59));
#996 = CARTESIAN_POINT('',(-3.45,29.297568158467,91.59));
#997 = ORIENTED_EDGE('',*,*,#998,.T.);
#998 = EDGE_CURVE('',#977,#999,#1001,.T.);
#999 = VERTEX_POINT('',#1000);
#1000 = CARTESIAN_POINT('',(-4.284445923951,30.56,91.92));
#1001 = LINE('',#1002,#1003);
#1002 = CARTESIAN_POINT('',(-4.284445923952,26.,91.92));
#1003 = VECTOR('',#1004,1.);
#1004 = DIRECTION('',(0.,1.,0.));
#1005 = ORIENTED_EDGE('',*,*,#1006,.F.);
#1006 = EDGE_CURVE('',#1007,#999,#1009,.T.);
#1007 = VERTEX_POINT('',#1008);
#1008 = CARTESIAN_POINT('',(-3.45,30.56,91.59));
#1009 = CIRCLE('',#1010,1.22);
#1010 = AXIS2_PLACEMENT_3D('',#1011,#1012,#1013);
#1011 = CARTESIAN_POINT('',(-3.45,30.56,92.81));
#1012 = DIRECTION('',(0.,1.,-0.));
#1013 = DIRECTION('',(-1.,0.,0.));
#1014 = ORIENTED_EDGE('',*,*,#1015,.T.);
#1015 = EDGE_CURVE('',#1007,#575,#1016,.T.);
#1016 = LINE('',#1017,#1018);
#1017 = CARTESIAN_POINT('',(-3.45,26.,91.59));
#1018 = VECTOR('',#1019,1.);
#1019 = DIRECTION('',(0.,1.,0.));
#1020 = ORIENTED_EDGE('',*,*,#574,.F.);
#1021 = CYLINDRICAL_SURFACE('',#1022,1.22);
#1022 = AXIS2_PLACEMENT_3D('',#1023,#1024,#1025);
#1023 = CARTESIAN_POINT('',(-3.45,26.,92.81));
#1024 = DIRECTION('',(0.,1.,0.));
#1025 = DIRECTION('',(-1.,0.,0.));
#1026 = ADVANCED_FACE('',(#1027),#1059,.F.);
#1027 = FACE_BOUND('',#1028,.F.);
#1028 = EDGE_LOOP('',(#1029,#1030,#1052,#1058));
#1029 = ORIENTED_EDGE('',*,*,#961,.F.);
#1030 = ORIENTED_EDGE('',*,*,#1031,.T.);
#1031 = EDGE_CURVE('',#947,#1032,#1034,.T.);
#1032 = VERTEX_POINT('',#1033);
#1033 = CARTESIAN_POINT('',(-3.45,29.297568158467,95.19));
#1034 = B_SPLINE_CURVE_WITH_KNOTS('',6,(#1035,#1036,#1037,#1038,#1039,
    #1040,#1041,#1042,#1043,#1044,#1045,#1046,#1047,#1048,#1049,#1050,
    #1051),.UNSPECIFIED.,.F.,.F.,(7,5,5,7),(0.,0.465200287275,
    0.635198966893,1.),.UNSPECIFIED.);
#1035 = CARTESIAN_POINT('',(-4.67,29.128012290577,93.97));
#1036 = CARTESIAN_POINT('',(-4.67,29.128012290577,94.103844261298));
#1037 = CARTESIAN_POINT('',(-4.652379153781,29.130837453901,
    94.237721673511));
#1038 = CARTESIAN_POINT('',(-4.617122215502,29.136489754365,
    94.369773406078));
#1039 = CARTESIAN_POINT('',(-4.563934963789,29.144935939577,
    94.498039360978));
#1040 = CARTESIAN_POINT('',(-4.492387377248,29.156076356179,
    94.620130298135));
#1041 = CARTESIAN_POINT('',(-4.369140447353,29.174676082477,
    94.773967613498));
#1042 = CARTESIAN_POINT('',(-4.333660302802,29.179984761795,
    94.813875869645));
#1043 = CARTESIAN_POINT('',(-4.295690470352,29.185610458946,
    94.852334651957));
#1044 = CARTESIAN_POINT('',(-4.255249403822,29.191535833566,
    94.889147906351));
#1045 = CARTESIAN_POINT('',(-4.212369435493,29.197740237369,
    94.924109115612));
#1046 = CARTESIAN_POINT('',(-4.069949820346,29.218061851922,
    95.027583022839));
#1047 = CARTESIAN_POINT('',(-3.960870953458,29.233230260723,
    95.089302272042));
#1048 = CARTESIAN_POINT('',(-3.841470485586,29.249295402293,
    95.138555292705));
#1049 = CARTESIAN_POINT('',(-3.714357912951,29.265706643951,
    95.172671027928));
#1050 = CARTESIAN_POINT('',(-3.58273123637,29.281938097876,95.19));
#1051 = CARTESIAN_POINT('',(-3.45,29.297568158467,95.19));
#1052 = ORIENTED_EDGE('',*,*,#1053,.T.);
#1053 = EDGE_CURVE('',#1032,#652,#1054,.T.);
#1054 = LINE('',#1055,#1056);
#1055 = CARTESIAN_POINT('',(-3.45,26.,95.19));
#1056 = VECTOR('',#1057,1.);
#1057 = DIRECTION('',(0.,1.,0.));
#1058 = ORIENTED_EDGE('',*,*,#660,.F.);
#1059 = CYLINDRICAL_SURFACE('',#1060,1.22);
#1060 = AXIS2_PLACEMENT_3D('',#1061,#1062,#1063);
#1061 = CARTESIAN_POINT('',(-3.45,26.,93.97));
#1062 = DIRECTION('',(0.,1.,0.));
#1063 = DIRECTION('',(-1.,0.,0.));
#1064 = ADVANCED_FACE('',(#1065),#1083,.T.);
#1065 = FACE_BOUND('',#1066,.T.);
#1066 = EDGE_LOOP('',(#1067,#1075,#1076,#1077));
#1067 = ORIENTED_EDGE('',*,*,#1068,.T.);
#1068 = EDGE_CURVE('',#1069,#597,#1071,.T.);
#1069 = VERTEX_POINT('',#1070);
#1070 = CARTESIAN_POINT('',(3.45,30.56,91.59));
#1071 = LINE('',#1072,#1073);
#1072 = CARTESIAN_POINT('',(3.45,26.,91.59));
#1073 = VECTOR('',#1074,1.);
#1074 = DIRECTION('',(0.,1.,0.));
#1075 = ORIENTED_EDGE('',*,*,#596,.T.);
#1076 = ORIENTED_EDGE('',*,*,#1015,.F.);
#1077 = ORIENTED_EDGE('',*,*,#1078,.F.);
#1078 = EDGE_CURVE('',#1069,#1007,#1079,.T.);
#1079 = LINE('',#1080,#1081);
#1080 = CARTESIAN_POINT('',(-5.01,30.56,91.59));
#1081 = VECTOR('',#1082,1.);
#1082 = DIRECTION('',(-1.,0.,0.));
#1083 = PLANE('',#1084);
#1084 = AXIS2_PLACEMENT_3D('',#1085,#1086,#1087);
#1085 = CARTESIAN_POINT('',(-4.67,26.,91.59));
#1086 = DIRECTION('',(0.,0.,1.));
#1087 = DIRECTION('',(1.,0.,0.));
#1088 = ADVANCED_FACE('',(#1089),#1108,.F.);
#1089 = FACE_BOUND('',#1090,.F.);
#1090 = EDGE_LOOP('',(#1091,#1092,#1093,#1102));
#1091 = ORIENTED_EDGE('',*,*,#651,.T.);
#1092 = ORIENTED_EDGE('',*,*,#1053,.F.);
#1093 = ORIENTED_EDGE('',*,*,#1094,.F.);
#1094 = EDGE_CURVE('',#1095,#1032,#1097,.T.);
#1095 = VERTEX_POINT('',#1096);
#1096 = CARTESIAN_POINT('',(3.45,29.297568158467,95.19));
#1097 = CIRCLE('',#1098,29.5);
#1098 = AXIS2_PLACEMENT_3D('',#1099,#1100,#1101);
#1099 = CARTESIAN_POINT('',(0.,0.,95.19));
#1100 = DIRECTION('',(0.,-0.,1.));
#1101 = DIRECTION('',(0.675112049134,0.737715203255,0.));
#1102 = ORIENTED_EDGE('',*,*,#1103,.T.);
#1103 = EDGE_CURVE('',#1095,#633,#1104,.T.);
#1104 = LINE('',#1105,#1106);
#1105 = CARTESIAN_POINT('',(3.45,26.,95.19));
#1106 = VECTOR('',#1107,1.);
#1107 = DIRECTION('',(0.,1.,0.));
#1108 = PLANE('',#1109);
#1109 = AXIS2_PLACEMENT_3D('',#1110,#1111,#1112);
#1110 = CARTESIAN_POINT('',(-4.67,26.,95.19));
#1111 = DIRECTION('',(0.,0.,1.));
#1112 = DIRECTION('',(1.,0.,0.));
#1113 = ADVANCED_FACE('',(#1114),#1160,.F.);
#1114 = FACE_BOUND('',#1115,.F.);
#1115 = EDGE_LOOP('',(#1116,#1124,#1143,#1151,#1158,#1159));
#1116 = ORIENTED_EDGE('',*,*,#1117,.F.);
#1117 = EDGE_CURVE('',#1118,#606,#1120,.T.);
#1118 = VERTEX_POINT('',#1119);
#1119 = CARTESIAN_POINT('',(4.67,29.128012290577,92.81));
#1120 = LINE('',#1121,#1122);
#1121 = CARTESIAN_POINT('',(4.67,26.,92.81));
#1122 = VECTOR('',#1123,1.);
#1123 = DIRECTION('',(0.,1.,0.));
#1124 = ORIENTED_EDGE('',*,*,#1125,.T.);
#1125 = EDGE_CURVE('',#1118,#1126,#1128,.T.);
#1126 = VERTEX_POINT('',#1127);
#1127 = CARTESIAN_POINT('',(4.284445926717,29.187215062211,91.92));
#1128 = B_SPLINE_CURVE_WITH_KNOTS('',7,(#1129,#1130,#1131,#1132,#1133,
    #1134,#1135,#1136,#1137,#1138,#1139,#1140,#1141,#1142),
  .UNSPECIFIED.,.F.,.F.,(8,6,8),(0.,0.456918464932,1.),.UNSPECIFIED.);
#1129 = CARTESIAN_POINT('',(4.67,29.128012290577,92.81));
#1130 = CARTESIAN_POINT('',(4.67,29.128012290577,92.69781322346));
#1131 = CARTESIAN_POINT('',(4.657964204203,29.12994198953,
    92.585611523454));
#1132 = CARTESIAN_POINT('',(4.633887321127,29.133802024065,
    92.474384765156));
#1133 = CARTESIAN_POINT('',(4.597652724827,29.139579447262,
    92.365161694078));
#1134 = CARTESIAN_POINT('',(4.54906901996,29.147239984823,
    92.259094763671));
#1135 = CARTESIAN_POINT('',(4.487914445214,29.156718163043,
    92.15755735586));
#1136 = CARTESIAN_POINT('',(4.326123369149,29.181202062079,
    91.948977557425));
#1137 = CARTESIAN_POINT('',(4.218396150474,29.197188573402,
    91.842161778986));
#1138 = CARTESIAN_POINT('',(4.091172791994,29.215553187099,
    91.747973022586));
#1139 = CARTESIAN_POINT('',(3.94666846455,29.235626010974,
    91.671777576534));
#1140 = CARTESIAN_POINT('',(3.788452395975,29.256530849322,
    91.617998409384));
#1141 = CARTESIAN_POINT('',(3.621109725546,29.277418753917,91.59));
#1142 = CARTESIAN_POINT('',(3.45,29.297568158467,91.59));
#1143 = ORIENTED_EDGE('',*,*,#1144,.T.);
#1144 = EDGE_CURVE('',#1126,#1145,#1147,.T.);
#1145 = VERTEX_POINT('',#1146);
#1146 = CARTESIAN_POINT('',(4.284445923952,30.56,91.92));
#1147 = LINE('',#1148,#1149);
#1148 = CARTESIAN_POINT('',(4.284445923952,26.,91.92));
#1149 = VECTOR('',#1150,1.);
#1150 = DIRECTION('',(0.,1.,0.));
#1151 = ORIENTED_EDGE('',*,*,#1152,.T.);
#1152 = EDGE_CURVE('',#1145,#1069,#1153,.T.);
#1153 = CIRCLE('',#1154,1.22);
#1154 = AXIS2_PLACEMENT_3D('',#1155,#1156,#1157);
#1155 = CARTESIAN_POINT('',(3.45,30.56,92.81));
#1156 = DIRECTION('',(-0.,1.,0.));
#1157 = DIRECTION('',(1.,0.,0.));
#1158 = ORIENTED_EDGE('',*,*,#1068,.T.);
#1159 = ORIENTED_EDGE('',*,*,#605,.F.);
#1160 = CYLINDRICAL_SURFACE('',#1161,1.22);
#1161 = AXIS2_PLACEMENT_3D('',#1162,#1163,#1164);
#1162 = CARTESIAN_POINT('',(3.45,26.,92.81));
#1163 = DIRECTION('',(0.,1.,0.));
#1164 = DIRECTION('',(1.,0.,0.));
#1165 = ADVANCED_FACE('',(#1166),#1195,.F.);
#1166 = FACE_BOUND('',#1167,.T.);
#1167 = EDGE_LOOP('',(#1168,#1176,#1193,#1194));
#1168 = ORIENTED_EDGE('',*,*,#1169,.F.);
#1169 = EDGE_CURVE('',#1170,#625,#1172,.T.);
#1170 = VERTEX_POINT('',#1171);
#1171 = CARTESIAN_POINT('',(4.67,29.128012290577,93.97));
#1172 = LINE('',#1173,#1174);
#1173 = CARTESIAN_POINT('',(4.67,26.,93.97));
#1174 = VECTOR('',#1175,1.);
#1175 = DIRECTION('',(0.,1.,0.));
#1176 = ORIENTED_EDGE('',*,*,#1177,.T.);
#1177 = EDGE_CURVE('',#1170,#1095,#1178,.T.);
#1178 = B_SPLINE_CURVE_WITH_KNOTS('',7,(#1179,#1180,#1181,#1182,#1183,
    #1184,#1185,#1186,#1187,#1188,#1189,#1190,#1191,#1192),
  .UNSPECIFIED.,.F.,.F.,(8,6,8),(0.,0.456918464932,1.),.UNSPECIFIED.);
#1179 = CARTESIAN_POINT('',(4.67,29.128012290577,93.97));
#1180 = CARTESIAN_POINT('',(4.67,29.128012290577,94.08218677654));
#1181 = CARTESIAN_POINT('',(4.657964204203,29.12994198953,
    94.194388476546));
#1182 = CARTESIAN_POINT('',(4.633887321127,29.133802024065,
    94.305615234844));
#1183 = CARTESIAN_POINT('',(4.597652724827,29.139579447262,
    94.414838305922));
#1184 = CARTESIAN_POINT('',(4.54906901996,29.147239984823,
    94.520905236329));
#1185 = CARTESIAN_POINT('',(4.487914445214,29.156718163043,
    94.62244264414));
#1186 = CARTESIAN_POINT('',(4.326123369149,29.181202062079,
    94.831022442575));
#1187 = CARTESIAN_POINT('',(4.218396150474,29.197188573402,
    94.937838221014));
#1188 = CARTESIAN_POINT('',(4.091172791994,29.215553187099,
    95.032026977414));
#1189 = CARTESIAN_POINT('',(3.94666846455,29.235626010974,
    95.108222423466));
#1190 = CARTESIAN_POINT('',(3.788452395975,29.256530849322,
    95.162001590616));
#1191 = CARTESIAN_POINT('',(3.621109725546,29.277418753917,95.19));
#1192 = CARTESIAN_POINT('',(3.45,29.297568158467,95.19));
#1193 = ORIENTED_EDGE('',*,*,#1103,.T.);
#1194 = ORIENTED_EDGE('',*,*,#632,.F.);
#1195 = CYLINDRICAL_SURFACE('',#1196,1.22);
#1196 = AXIS2_PLACEMENT_3D('',#1197,#1198,#1199);
#1197 = CARTESIAN_POINT('',(3.45,26.,93.97));
#1198 = DIRECTION('',(0.,1.,0.));
#1199 = DIRECTION('',(1.,0.,0.));
#1200 = ADVANCED_FACE('',(#1201),#1212,.F.);
#1201 = FACE_BOUND('',#1202,.F.);
#1202 = EDGE_LOOP('',(#1203,#1209,#1210,#1211));
#1203 = ORIENTED_EDGE('',*,*,#1204,.F.);
#1204 = EDGE_CURVE('',#1118,#1170,#1205,.T.);
#1205 = LINE('',#1206,#1207);
#1206 = CARTESIAN_POINT('',(4.67,29.128012290577,23.8));
#1207 = VECTOR('',#1208,1.);
#1208 = DIRECTION('',(0.,0.,1.));
#1209 = ORIENTED_EDGE('',*,*,#1117,.T.);
#1210 = ORIENTED_EDGE('',*,*,#624,.T.);
#1211 = ORIENTED_EDGE('',*,*,#1169,.F.);
#1212 = PLANE('',#1213);
#1213 = AXIS2_PLACEMENT_3D('',#1214,#1215,#1216);
#1214 = CARTESIAN_POINT('',(4.67,26.,91.59));
#1215 = DIRECTION('',(1.,0.,0.));
#1216 = DIRECTION('',(0.,0.,1.));
#1217 = ADVANCED_FACE('',(#1218),#1244,.T.);
#1218 = FACE_BOUND('',#1219,.T.);
#1219 = EDGE_LOOP('',(#1220,#1228,#1229,#1237));
#1220 = ORIENTED_EDGE('',*,*,#1221,.T.);
#1221 = EDGE_CURVE('',#1222,#689,#1224,.T.);
#1222 = VERTEX_POINT('',#1223);
#1223 = CARTESIAN_POINT('',(19.915805449452,21.762598496034,107.1));
#1224 = LINE('',#1225,#1226);
#1225 = CARTESIAN_POINT('',(0.,0.,107.1));
#1226 = VECTOR('',#1227,1.);
#1227 = DIRECTION('',(0.675112049134,0.737715203255,0.));
#1228 = ORIENTED_EDGE('',*,*,#707,.T.);
#1229 = ORIENTED_EDGE('',*,*,#1230,.F.);
#1230 = EDGE_CURVE('',#1231,#699,#1233,.T.);
#1231 = VERTEX_POINT('',#1232);
#1232 = CARTESIAN_POINT('',(-19.91580544945,21.762598496034,107.1));
#1233 = LINE('',#1234,#1235);
#1234 = CARTESIAN_POINT('',(0.,0.,107.1));
#1235 = VECTOR('',#1236,1.);
#1236 = DIRECTION('',(-0.675112049134,0.737715203255,0.));
#1237 = ORIENTED_EDGE('',*,*,#1238,.F.);
#1238 = EDGE_CURVE('',#1222,#1231,#1239,.T.);
#1239 = CIRCLE('',#1240,29.5);
#1240 = AXIS2_PLACEMENT_3D('',#1241,#1242,#1243);
#1241 = CARTESIAN_POINT('',(0.,0.,107.1));
#1242 = DIRECTION('',(0.,-0.,1.));
#1243 = DIRECTION('',(0.675112049134,0.737715203255,0.));
#1244 = PLANE('',#1245);
#1245 = AXIS2_PLACEMENT_3D('',#1246,#1247,#1248);
#1246 = CARTESIAN_POINT('',(0.,0.,107.1));
#1247 = DIRECTION('',(0.,0.,1.));
#1248 = DIRECTION('',(0.675112049134,0.737715203255,0.));
#1249 = ADVANCED_FACE('',(#1250),#1268,.T.);
#1250 = FACE_BOUND('',#1251,.T.);
#1251 = EDGE_LOOP('',(#1252,#1253,#1261,#1267));
#1252 = ORIENTED_EDGE('',*,*,#1221,.F.);
#1253 = ORIENTED_EDGE('',*,*,#1254,.F.);
#1254 = EDGE_CURVE('',#1255,#1222,#1257,.T.);
#1255 = VERTEX_POINT('',#1256);
#1256 = CARTESIAN_POINT('',(19.915805449452,21.762598496034,24.8));
#1257 = LINE('',#1258,#1259);
#1258 = CARTESIAN_POINT('',(19.915805449452,21.762598496034,23.8));
#1259 = VECTOR('',#1260,1.);
#1260 = DIRECTION('',(0.,0.,1.));
#1261 = ORIENTED_EDGE('',*,*,#1262,.T.);
#1262 = EDGE_CURVE('',#1255,#723,#1263,.T.);
#1263 = LINE('',#1264,#1265);
#1264 = CARTESIAN_POINT('',(0.,0.,24.8));
#1265 = VECTOR('',#1266,1.);
#1266 = DIRECTION('',(0.675112049134,0.737715203255,0.));
#1267 = ORIENTED_EDGE('',*,*,#733,.T.);
#1268 = PLANE('',#1269);
#1269 = AXIS2_PLACEMENT_3D('',#1270,#1271,#1272);
#1270 = CARTESIAN_POINT('',(0.,0.,24.8));
#1271 = DIRECTION('',(0.737715203255,-0.675112049134,0.));
#1272 = DIRECTION('',(0.675112049134,0.737715203255,0.));
#1273 = ADVANCED_FACE('',(#1274),#1292,.F.);
#1274 = FACE_BOUND('',#1275,.F.);
#1275 = EDGE_LOOP('',(#1276,#1277,#1285,#1291));
#1276 = ORIENTED_EDGE('',*,*,#1230,.F.);
#1277 = ORIENTED_EDGE('',*,*,#1278,.F.);
#1278 = EDGE_CURVE('',#1279,#1231,#1281,.T.);
#1279 = VERTEX_POINT('',#1280);
#1280 = CARTESIAN_POINT('',(-19.91580544945,21.762598496034,24.8));
#1281 = LINE('',#1282,#1283);
#1282 = CARTESIAN_POINT('',(-19.91580544945,21.762598496034,23.8));
#1283 = VECTOR('',#1284,1.);
#1284 = DIRECTION('',(0.,0.,1.));
#1285 = ORIENTED_EDGE('',*,*,#1286,.T.);
#1286 = EDGE_CURVE('',#1279,#748,#1287,.T.);
#1287 = LINE('',#1288,#1289);
#1288 = CARTESIAN_POINT('',(0.,0.,24.8));
#1289 = VECTOR('',#1290,1.);
#1290 = DIRECTION('',(-0.675112049134,0.737715203255,0.));
#1291 = ORIENTED_EDGE('',*,*,#758,.T.);
#1292 = PLANE('',#1293);
#1293 = AXIS2_PLACEMENT_3D('',#1294,#1295,#1296);
#1294 = CARTESIAN_POINT('',(0.,0.,24.8));
#1295 = DIRECTION('',(0.737715203255,0.675112049134,0.));
#1296 = DIRECTION('',(-0.675112049134,0.737715203255,0.));
#1297 = ADVANCED_FACE('',(#1298),#1310,.F.);
#1298 = FACE_BOUND('',#1299,.F.);
#1299 = EDGE_LOOP('',(#1300,#1301,#1302,#1303));
#1300 = ORIENTED_EDGE('',*,*,#1262,.T.);
#1301 = ORIENTED_EDGE('',*,*,#775,.T.);
#1302 = ORIENTED_EDGE('',*,*,#1286,.F.);
#1303 = ORIENTED_EDGE('',*,*,#1304,.F.);
#1304 = EDGE_CURVE('',#1255,#1279,#1305,.T.);
#1305 = CIRCLE('',#1306,29.5);
#1306 = AXIS2_PLACEMENT_3D('',#1307,#1308,#1309);
#1307 = CARTESIAN_POINT('',(0.,0.,24.8));
#1308 = DIRECTION('',(0.,-0.,1.));
#1309 = DIRECTION('',(0.675112049134,0.737715203255,0.));
#1310 = PLANE('',#1311);
#1311 = AXIS2_PLACEMENT_3D('',#1312,#1313,#1314);
#1312 = CARTESIAN_POINT('',(0.,0.,24.8));
#1313 = DIRECTION('',(0.,0.,1.));
#1314 = DIRECTION('',(0.675112049134,0.737715203255,0.));
#1315 = ADVANCED_FACE('',(#1316,#1319),#1330,.F.);
#1316 = FACE_BOUND('',#1317,.F.);
#1317 = EDGE_LOOP('',(#1318));
#1318 = ORIENTED_EDGE('',*,*,#798,.T.);
#1319 = FACE_BOUND('',#1320,.F.);
#1320 = EDGE_LOOP('',(#1321));
#1321 = ORIENTED_EDGE('',*,*,#1322,.F.);
#1322 = EDGE_CURVE('',#1323,#1323,#1325,.T.);
#1323 = VERTEX_POINT('',#1324);
#1324 = CARTESIAN_POINT('',(-1.65,30.4,29.));
#1325 = CIRCLE('',#1326,1.65);
#1326 = AXIS2_PLACEMENT_3D('',#1327,#1328,#1329);
#1327 = CARTESIAN_POINT('',(1.86E-15,30.4,29.));
#1328 = DIRECTION('',(-6.E-17,-1.,-0.));
#1329 = DIRECTION('',(-1.,6.E-17,0.));
#1330 = PLANE('',#1331);
#1331 = AXIS2_PLACEMENT_3D('',#1332,#1333,#1334);
#1332 = CARTESIAN_POINT('',(1.86E-15,30.4,29.));
#1333 = DIRECTION('',(-6.E-17,-1.,0.));
#1334 = DIRECTION('',(-1.,6.E-17,0.));
#1335 = ADVANCED_FACE('',(#1336,#1355),#1366,.T.);
#1336 = FACE_BOUND('',#1337,.T.);
#1337 = EDGE_LOOP('',(#1338,#1347,#1348));
#1338 = ORIENTED_EDGE('',*,*,#1339,.T.);
#1339 = EDGE_CURVE('',#1340,#125,#1342,.T.);
#1340 = VERTEX_POINT('',#1341);
#1341 = CARTESIAN_POINT('',(-2.E-15,31.108680460605,51.));
#1342 = CIRCLE('',#1343,7.5);
#1343 = AXIS2_PLACEMENT_3D('',#1344,#1345,#1346);
#1344 = CARTESIAN_POINT('',(0.,31.108680460605,43.5));
#1345 = DIRECTION('',(0.,1.,0.));
#1346 = DIRECTION('',(0.,0.,1.));
#1347 = ORIENTED_EDGE('',*,*,#816,.T.);
#1348 = ORIENTED_EDGE('',*,*,#1349,.T.);
#1349 = EDGE_CURVE('',#222,#1340,#1350,.T.);
#1350 = CIRCLE('',#1351,7.5);
#1351 = AXIS2_PLACEMENT_3D('',#1352,#1353,#1354);
#1352 = CARTESIAN_POINT('',(0.,31.108680460605,43.5));
#1353 = DIRECTION('',(0.,1.,0.));
#1354 = DIRECTION('',(0.,0.,1.));
#1355 = FACE_BOUND('',#1356,.T.);
#1356 = EDGE_LOOP('',(#1357));
#1357 = ORIENTED_EDGE('',*,*,#1358,.F.);
#1358 = EDGE_CURVE('',#1359,#1359,#1361,.T.);
#1359 = VERTEX_POINT('',#1360);
#1360 = CARTESIAN_POINT('',(-2.E-15,31.108680460605,49.65));
#1361 = CIRCLE('',#1362,6.15);
#1362 = AXIS2_PLACEMENT_3D('',#1363,#1364,#1365);
#1363 = CARTESIAN_POINT('',(0.,31.108680460605,43.5));
#1364 = DIRECTION('',(0.,1.,0.));
#1365 = DIRECTION('',(0.,0.,1.));
#1366 = PLANE('',#1367);
#1367 = AXIS2_PLACEMENT_3D('',#1368,#1369,#1370);
#1368 = CARTESIAN_POINT('',(0.,31.108680460605,43.5));
#1369 = DIRECTION('',(0.,1.,0.));
#1370 = DIRECTION('',(0.,0.,1.));
#1371 = ADVANCED_FACE('',(#1372,#1375),#1386,.F.);
#1372 = FACE_BOUND('',#1373,.F.);
#1373 = EDGE_LOOP('',(#1374));
#1374 = ORIENTED_EDGE('',*,*,#839,.T.);
#1375 = FACE_BOUND('',#1376,.F.);
#1376 = EDGE_LOOP('',(#1377));
#1377 = ORIENTED_EDGE('',*,*,#1378,.F.);
#1378 = EDGE_CURVE('',#1379,#1379,#1381,.T.);
#1379 = VERTEX_POINT('',#1380);
#1380 = CARTESIAN_POINT('',(-1.65,30.4,102.9));
#1381 = CIRCLE('',#1382,1.65);
#1382 = AXIS2_PLACEMENT_3D('',#1383,#1384,#1385);
#1383 = CARTESIAN_POINT('',(1.86E-15,30.4,102.9));
#1384 = DIRECTION('',(-6.E-17,-1.,-0.));
#1385 = DIRECTION('',(-1.,6.E-17,0.));
#1386 = PLANE('',#1387);
#1387 = AXIS2_PLACEMENT_3D('',#1388,#1389,#1390);
#1388 = CARTESIAN_POINT('',(1.86E-15,30.4,102.9));
#1389 = DIRECTION('',(-6.E-17,-1.,0.));
#1390 = DIRECTION('',(-1.,6.E-17,0.));
#1391 = ADVANCED_FACE('',(#1392,#1426),#1432,.F.);
#1392 = FACE_BOUND('',#1393,.F.);
#1393 = EDGE_LOOP('',(#1394,#1404,#1412,#1420));
#1394 = ORIENTED_EDGE('',*,*,#1395,.F.);
#1395 = EDGE_CURVE('',#1396,#1398,#1400,.T.);
#1396 = VERTEX_POINT('',#1397);
#1397 = CARTESIAN_POINT('',(-13.55,27.55,59.57));
#1398 = VERTEX_POINT('',#1399);
#1399 = CARTESIAN_POINT('',(13.55,27.55,59.57));
#1400 = LINE('',#1401,#1402);
#1401 = CARTESIAN_POINT('',(-13.55,27.55,59.57));
#1402 = VECTOR('',#1403,1.);
#1403 = DIRECTION('',(1.,0.,0.));
#1404 = ORIENTED_EDGE('',*,*,#1405,.T.);
#1405 = EDGE_CURVE('',#1396,#1406,#1408,.T.);
#1406 = VERTEX_POINT('',#1407);
#1407 = CARTESIAN_POINT('',(-13.55,27.55,79.23));
#1408 = LINE('',#1409,#1410);
#1409 = CARTESIAN_POINT('',(-13.55,27.55,59.57));
#1410 = VECTOR('',#1411,1.);
#1411 = DIRECTION('',(0.,0.,1.));
#1412 = ORIENTED_EDGE('',*,*,#1413,.T.);
#1413 = EDGE_CURVE('',#1406,#1414,#1416,.T.);
#1414 = VERTEX_POINT('',#1415);
#1415 = CARTESIAN_POINT('',(13.55,27.55,79.23));
#1416 = LINE('',#1417,#1418);
#1417 = CARTESIAN_POINT('',(-13.55,27.55,79.23));
#1418 = VECTOR('',#1419,1.);
#1419 = DIRECTION('',(1.,0.,0.));
#1420 = ORIENTED_EDGE('',*,*,#1421,.F.);
#1421 = EDGE_CURVE('',#1398,#1414,#1422,.T.);
#1422 = LINE('',#1423,#1424);
#1423 = CARTESIAN_POINT('',(13.55,27.55,59.57));
#1424 = VECTOR('',#1425,1.);
#1425 = DIRECTION('',(0.,0.,1.));
#1426 = FACE_BOUND('',#1427,.F.);
#1427 = EDGE_LOOP('',(#1428,#1429,#1430,#1431));
#1428 = ORIENTED_EDGE('',*,*,#863,.F.);
#1429 = ORIENTED_EDGE('',*,*,#885,.F.);
#1430 = ORIENTED_EDGE('',*,*,#929,.F.);
#1431 = ORIENTED_EDGE('',*,*,#913,.F.);
#1432 = PLANE('',#1433);
#1433 = AXIS2_PLACEMENT_3D('',#1434,#1435,#1436);
#1434 = CARTESIAN_POINT('',(-13.55,27.55,59.57));
#1435 = DIRECTION('',(0.,1.,0.));
#1436 = DIRECTION('',(0.,0.,1.));
#1437 = ADVANCED_FACE('',(#1438,#1444,#1495,#1723,#1774),#1824,.F.);
#1438 = FACE_BOUND('',#1439,.F.);
#1439 = EDGE_LOOP('',(#1440,#1441,#1442,#1443));
#1440 = ORIENTED_EDGE('',*,*,#1278,.T.);
#1441 = ORIENTED_EDGE('',*,*,#1238,.F.);
#1442 = ORIENTED_EDGE('',*,*,#1254,.F.);
#1443 = ORIENTED_EDGE('',*,*,#1304,.T.);
#1444 = FACE_BOUND('',#1445,.F.);
#1445 = EDGE_LOOP('',(#1446));
#1446 = ORIENTED_EDGE('',*,*,#1447,.T.);
#1447 = EDGE_CURVE('',#1448,#1448,#1450,.T.);
#1448 = VERTEX_POINT('',#1449);
#1449 = CARTESIAN_POINT('',(-1.65,29.453819786235,29.));
#1450 = B_SPLINE_CURVE_WITH_KNOTS('',7,(#1451,#1452,#1453,#1454,#1455,
    #1456,#1457,#1458,#1459,#1460,#1461,#1462,#1463,#1464,#1465,#1466,
    #1467,#1468,#1469,#1470,#1471,#1472,#1473,#1474,#1475,#1476,#1477,
    #1478,#1479,#1480,#1481,#1482,#1483,#1484,#1485,#1486,#1487,#1488,
    #1489,#1490,#1491,#1492,#1493,#1494),.UNSPECIFIED.,.T.,.F.,(8,6,6,6,
    6,6,6,8),(0.,0.152560139606,0.285743820236,0.421996454499,
    0.588492897391,0.714360006999,0.837998113775,1.),.UNSPECIFIED.);
#1451 = CARTESIAN_POINT('',(-1.65,29.453819786235,29.));
#1452 = CARTESIAN_POINT('',(-1.65,29.453819786235,28.802716761921));
#1453 = CARTESIAN_POINT('',(-1.622481473555,29.455361293596,
    28.605510337606));
#1454 = CARTESIAN_POINT('',(-1.567474852775,29.458443161986,
    28.410807847721));
#1455 = CARTESIAN_POINT('',(-1.484186598558,29.46294543582,
    28.22136352146));
#1456 = CARTESIAN_POINT('',(-1.371340372751,29.468620024923,
    28.040774543121));
#1457 = CARTESIAN_POINT('',(-1.227484122948,29.474975906035,
    27.874033404186));
#1458 = CARTESIAN_POINT('',(-0.898334851733,29.486718375038,
    27.601737446073));
#1459 = CARTESIAN_POINT('',(-0.715362737273,29.492312795898,
    27.486747793306));
#1460 = CARTESIAN_POINT('',(-0.506502966197,29.497255555077,
    27.396713502558));
#1461 = CARTESIAN_POINT('',(-0.279293853264,29.500565757847,
    27.34061013792));
#1462 = CARTESIAN_POINT('',(-4.379056536032E-02,29.501529821312,
    27.323258944177));
#1463 = CARTESIAN_POINT('',(0.189290616041,29.500221026344,
    27.345082381788));
#1464 = CARTESIAN_POINT('',(0.636479617156,29.494000126849,
    27.459901002111));
#1465 = CARTESIAN_POINT('',(0.842267359861,29.489114260073,
    27.552530864675));
#1466 = CARTESIAN_POINT('',(1.024037662141,29.483194408881,
    27.671972708838));
#1467 = CARTESIAN_POINT('',(1.180115545243,29.477024949499,
    27.811682725462));
#1468 = CARTESIAN_POINT('',(1.309939205148,29.471223088414,
    27.965860609941));
#1469 = CARTESIAN_POINT('',(1.413842595629,29.466206499779,
    28.129321273039));
#1470 = CARTESIAN_POINT('',(1.589649287417,29.457297687818,
    28.502929510653));
#1471 = CARTESIAN_POINT('',(1.65069794672,29.45383301216,28.71829359446)
  );
#1472 = CARTESIAN_POINT('',(1.677807360378,29.452209113427,
    28.938729139457));
#1473 = CARTESIAN_POINT('',(1.671442206769,29.452584678092,
    29.160769198382));
#1474 = CARTESIAN_POINT('',(1.631231983074,29.454965514826,
    29.380658346499));
#1475 = CARTESIAN_POINT('',(1.556342638314,29.459124617147,
    29.594010103073));
#1476 = CARTESIAN_POINT('',(1.36241872685,29.468640995577,
    29.946756388511));
#1477 = CARTESIAN_POINT('',(1.257451967425,29.473515322654,
    30.093611979036));
#1478 = CARTESIAN_POINT('',(1.130221358105,29.478949658266,
    30.231426980143));
#1479 = CARTESIAN_POINT('',(0.980677201826,29.484575461537,
    30.355804451901));
#1480 = CARTESIAN_POINT('',(0.809535489328,29.489880023908,
    30.461978184343));
#1481 = CARTESIAN_POINT('',(0.618409628956,29.494251500609,
    30.544738582291));
#1482 = CARTESIAN_POINT('',(0.205951770287,29.499989251041,
    30.650639760888));
#1483 = CARTESIAN_POINT('',(-9.52414502902E-03,29.501333755925,
    30.673458770373));
#1484 = CARTESIAN_POINT('',(-0.228156207205,29.500750466449,
    30.662718964157));
#1485 = CARTESIAN_POINT('',(-0.441036159854,29.498138739646,
    30.618299989048));
#1486 = CARTESIAN_POINT('',(-0.639631361214,29.493992007968,
    30.543681138085));
#1487 = CARTESIAN_POINT('',(-0.817204465823,29.489074271791,
    30.445778364378));
#1488 = CARTESIAN_POINT('',(-1.169850042239,29.477474381489,
    30.189566355799));
#1489 = CARTESIAN_POINT('',(-1.333696537755,29.470500041116,
    30.017109675241));
#1490 = CARTESIAN_POINT('',(-1.461995270562,29.464141796086,
    29.827402464985));
#1491 = CARTESIAN_POINT('',(-1.556520775601,29.45905721834,
    29.626781882888));
#1492 = CARTESIAN_POINT('',(-1.618829374196,29.455565779829,
    29.419867397786));
#1493 = CARTESIAN_POINT('',(-1.65,29.453819786235,29.20996070895));
#1494 = CARTESIAN_POINT('',(-1.65,29.453819786235,29.));
#1495 = FACE_BOUND('',#1496,.F.);
#1496 = EDGE_LOOP('',(#1497,#1507,#1516,#1631,#1640,#1648,#1657,#1665,
    #1674,#1682,#1691,#1699,#1708,#1716));
#1497 = ORIENTED_EDGE('',*,*,#1498,.F.);
#1498 = EDGE_CURVE('',#1499,#1501,#1503,.T.);
#1499 = VERTEX_POINT('',#1500);
#1500 = CARTESIAN_POINT('',(-14.25,25.829972899715,54.020027100285));
#1501 = VERTEX_POINT('',#1502);
#1502 = CARTESIAN_POINT('',(-14.25,25.829972899715,83.8));
#1503 = LINE('',#1504,#1505);
#1504 = CARTESIAN_POINT('',(-14.25,25.829972899715,23.8));
#1505 = VECTOR('',#1506,1.);
#1506 = DIRECTION('',(0.,0.,1.));
#1507 = ORIENTED_EDGE('',*,*,#1508,.T.);
#1508 = EDGE_CURVE('',#1499,#1509,#1511,.T.);
#1509 = VERTEX_POINT('',#1510);
#1510 = CARTESIAN_POINT('',(-5.237940843082,29.031258596974,
    50.818741403026));
#1511 = ELLIPSE('',#1512,41.719300090006,29.5);
#1512 = AXIS2_PLACEMENT_3D('',#1513,#1514,#1515);
#1513 = CARTESIAN_POINT('',(0.,0.,79.85));
#1514 = DIRECTION('',(-0.,-0.707106781187,-0.707106781187));
#1515 = DIRECTION('',(0.,-0.707106781187,0.707106781187));
#1516 = ORIENTED_EDGE('',*,*,#1517,.F.);
#1517 = EDGE_CURVE('',#1518,#1509,#1520,.T.);
#1518 = VERTEX_POINT('',#1519);
#1519 = CARTESIAN_POINT('',(5.237940843082,29.031258596974,
    50.818741403026));
#1520 = B_SPLINE_CURVE_WITH_KNOTS('',7,(#1521,#1522,#1523,#1524,#1525,
    #1526,#1527,#1528,#1529,#1530,#1531,#1532,#1533,#1534,#1535,#1536,
    #1537,#1538,#1539,#1540,#1541,#1542,#1543,#1544,#1545,#1546,#1547,
    #1548,#1549,#1550,#1551,#1552,#1553,#1554,#1555,#1556,#1557,#1558,
    #1559,#1560,#1561,#1562,#1563,#1564,#1565,#1566,#1567,#1568,#1569,
    #1570,#1571,#1572,#1573,#1574,#1575,#1576,#1577,#1578,#1579,#1580,
    #1581,#1582,#1583,#1584,#1585,#1586,#1587,#1588,#1589,#1590,#1591,
    #1592,#1593,#1594,#1595,#1596,#1597,#1598,#1599,#1600,#1601,#1602,
    #1603,#1604,#1605,#1606,#1607,#1608,#1609,#1610,#1611,#1612,#1613,
    #1614,#1615,#1616,#1617,#1618,#1619,#1620,#1621,#1622,#1623,#1624,
    #1625,#1626,#1627,#1628,#1629,#1630),.UNSPECIFIED.,.T.,.F.,(8,6,6,6,
    6,6,6,6,6,6,6,6,6,6,6,6,6,6,8),(0.,4.131050643576E-02,
    6.811313976513E-02,0.103843494131,0.134904609928,0.183392653085,
    0.249271664713,0.338888181556,0.432515835506,0.501721892558,
    0.568010190595,0.661523056586,0.75000840382,0.816829106141,
    0.865258535411,0.896282104466,0.931969267903,0.958739502153,1.),
  .UNSPECIFIED.);
#1521 = CARTESIAN_POINT('',(-1.78E-15,29.5,52.5));
#1522 = CARTESIAN_POINT('',(0.408715553949,29.5,52.5));
#1523 = CARTESIAN_POINT('',(0.816782237765,29.493393595223,
    52.47834551898));
#1524 = CARTESIAN_POINT('',(1.221711420612,29.480218386169,
    52.43516062919));
#1525 = CARTESIAN_POINT('',(1.621037585905,29.460744426484,
    52.371030986635));
#1526 = CARTESIAN_POINT('',(2.012365521347,29.435467626974,
    52.28699810872));
#1527 = CARTESIAN_POINT('',(2.393416691479,29.405078937487,
    52.184560842903));
#1528 = CARTESIAN_POINT('',(3.001263530995,29.347915333952,
    51.98855566362));
#1529 = CARTESIAN_POINT('',(3.235487076431,29.323595615856,
    51.904425812768));
#1530 = CARTESIAN_POINT('',(3.464527886162,29.297634614373,
    51.813682185564));
#1531 = CARTESIAN_POINT('',(3.688189106692,29.270222133498,
    51.716718552811));
#1532 = CARTESIAN_POINT('',(3.906294514757,29.241550668458,
    51.613935370017));
#1533 = CARTESIAN_POINT('',(4.118688458172,29.211812754968,
    51.50574040306));
#1534 = CARTESIAN_POINT('',(4.600582234005,29.140386482932,
    51.241655363362));
#1535 = CARTESIAN_POINT('',(4.865599089778,29.09800785759,
    51.081849507679));
#1536 = CARTESIAN_POINT('',(5.120290707212,29.054462473797,
    50.913927204538));
#1537 = CARTESIAN_POINT('',(5.364698882863,29.01012370925,
    50.738620606721));
#1538 = CARTESIAN_POINT('',(5.598896202175,28.965337394462,
    50.556603428348));
#1539 = CARTESIAN_POINT('',(5.822979375022,28.920420919196,
    50.368495771166));
#1540 = CARTESIAN_POINT('',(6.223169400209,28.83675280471,50.00654526094
    ));
#1541 = CARTESIAN_POINT('',(6.401757576114,28.797954648289,
    49.834016046267));
#1542 = CARTESIAN_POINT('',(6.572936060179,28.759449219475,
    49.657616926893));
#1543 = CARTESIAN_POINT('',(6.736813075145,28.721402542352,
    49.477654095026));
#1544 = CARTESIAN_POINT('',(6.893496167242,28.683965978946,
    49.294404321765));
#1545 = CARTESIAN_POINT('',(7.043092268149,28.647276892909,
    49.108114963855));
#1546 = CARTESIAN_POINT('',(7.408338071362,28.555546178561,
    48.623791716325));
#1547 = CARTESIAN_POINT('',(7.613975537355,28.501752293116,
    48.321678905069));
#1548 = CARTESIAN_POINT('',(7.802973286377,28.450561516108,
    48.013550039413));
#1549 = CARTESIAN_POINT('',(7.975660991281,28.402386797658,
    47.700166925111));
#1550 = CARTESIAN_POINT('',(8.132336142923,28.357578465887,
    47.382187731045));
#1551 = CARTESIAN_POINT('',(8.273255326746,28.31643251403,47.06018604935
    ));
#1552 = CARTESIAN_POINT('',(8.568961576532,28.22861085898,
    46.292402601914));
#1553 = CARTESIAN_POINT('',(8.710589975187,28.185246135804,
    45.843660182804));
#1554 = CARTESIAN_POINT('',(8.823954021513,28.149753566415,
    45.389921039242));
#1555 = CARTESIAN_POINT('',(8.909391446663,28.122607626429,
    44.932507955973));
#1556 = CARTESIAN_POINT('',(8.967131807333,28.104122675878,
    44.472636477661));
#1557 = CARTESIAN_POINT('',(8.997290644206,28.094461524381,
    44.011462843242));
#1558 = CARTESIAN_POINT('',(9.003356038187,28.092518461742,
    42.922573479688));
#1559 = CARTESIAN_POINT('',(8.955796951661,28.10775363573,42.29513198322
    ));
#1560 = CARTESIAN_POINT('',(8.857283727554,28.13934058333,
    41.670570754633));
#1561 = CARTESIAN_POINT('',(8.707447013408,28.186783620946,
    41.051718098197));
#1562 = CARTESIAN_POINT('',(8.505496656998,28.249080925098,
    40.44165053407));
#1563 = CARTESIAN_POINT('',(8.25026487812,28.324666807628,
    39.843938899473));
#1564 = CARTESIAN_POINT('',(7.616345803717,28.501831175793,
    38.655970851916));
#1565 = CARTESIAN_POINT('',(7.232577652543,28.604440080716,
    38.067120136789));
#1566 = CARTESIAN_POINT('',(6.786683681507,28.716739788934,
    37.500497974012));
#1567 = CARTESIAN_POINT('',(6.275776500357,28.835550581165,
    36.961894777504));
#1568 = CARTESIAN_POINT('',(5.696767057463,28.956625665133,
    36.459197424379));
#1569 = CARTESIAN_POINT('',(5.046987120713,29.074220372317,
    36.002981231132));
#1570 = CARTESIAN_POINT('',(3.791744235142,29.260272411817,
    35.315089243539));
#1571 = CARTESIAN_POINT('',(3.213688739584,29.334322813266,
    35.053011812631));
#1572 = CARTESIAN_POINT('',(2.596773672674,29.399140213295,
    34.832286961291));
#1573 = CARTESIAN_POINT('',(1.948207465131,29.450664052641,
    34.661542729941));
#1574 = CARTESIAN_POINT('',(1.276371190593,29.485642888418,
    34.547068514879));
#1575 = CARTESIAN_POINT('',(0.590402777176,29.502176991609,
    34.492863887959));
#1576 = CARTESIAN_POINT('',(-0.761807097305,29.497581215259,
    34.50792866937));
#1577 = CARTESIAN_POINT('',(-1.416545813789,29.478047679422,
    34.571964908847));
#1578 = CARTESIAN_POINT('',(-2.056438426686,29.441892416731,
    34.690671804608));
#1579 = CARTESIAN_POINT('',(-2.673775095191,29.390964059095,
    34.860186381194));
#1580 = CARTESIAN_POINT('',(-3.261517092292,29.328167410051,
    35.07483025006));
#1581 = CARTESIAN_POINT('',(-3.813609226699,29.257031583831,
    35.327071587892));
#1582 = CARTESIAN_POINT('',(-5.046987120713,29.074220372317,
    36.002981231131));
#1583 = CARTESIAN_POINT('',(-5.696767057464,28.956625665133,
    36.459197424379));
#1584 = CARTESIAN_POINT('',(-6.275776500357,28.835550581165,
    36.961894777503));
#1585 = CARTESIAN_POINT('',(-6.786683681508,28.716739788934,
    37.500497974013));
#1586 = CARTESIAN_POINT('',(-7.232577652542,28.604440080716,
    38.067120136787));
#1587 = CARTESIAN_POINT('',(-7.616345803717,28.501831175793,
    38.655970851916));
#1588 = CARTESIAN_POINT('',(-8.246727434967,28.325655433631,
    39.837309710346));
#1589 = CARTESIAN_POINT('',(-8.499664004183,28.250807550021,
    40.428010764754));
#1590 = CARTESIAN_POINT('',(-8.700510413935,28.188922155757,
    41.030833027012));
#1591 = CARTESIAN_POINT('',(-8.850400383425,28.141518763244,
    41.642318840793));
#1592 = CARTESIAN_POINT('',(-8.950106877422,28.109577295093,
    42.259487917314));
#1593 = CARTESIAN_POINT('',(-9.,28.09359357576,42.879603965719));
#1594 = CARTESIAN_POINT('',(-9.,28.09359357576,43.968499022981));
#1595 = CARTESIAN_POINT('',(-8.971547346564,28.102708606089,
    44.436930704268));
#1596 = CARTESIAN_POINT('',(-8.914657136118,28.120933810963,
    44.904095706549));
#1597 = CARTESIAN_POINT('',(-8.829213691681,28.148106142565,
    45.368784558394));
#1598 = CARTESIAN_POINT('',(-8.714980320374,28.183901499071,
    45.829726484477));
#1599 = CARTESIAN_POINT('',(-8.571605500667,28.227825641239,
    46.285537812318));
#1600 = CARTESIAN_POINT('',(-8.273255330447,28.316432512931,
    47.06018603974));
#1601 = CARTESIAN_POINT('',(-8.132336137525,28.357578467324,
    47.382187740215));
#1602 = CARTESIAN_POINT('',(-7.975660988201,28.402386798567,
    47.700166932797));
#1603 = CARTESIAN_POINT('',(-7.802973291572,28.450561514791,
    48.013550032343));
#1604 = CARTESIAN_POINT('',(-7.613975542315,28.501752291763,
    48.321678895767));
#1605 = CARTESIAN_POINT('',(-7.408338064757,28.55554618022,
    48.623791725084));
#1606 = CARTESIAN_POINT('',(-7.043092268149,28.647276892909,
    49.108114963855));
#1607 = CARTESIAN_POINT('',(-6.893496167242,28.683965978946,
    49.294404321765));
#1608 = CARTESIAN_POINT('',(-6.736813075145,28.721402542352,
    49.477654095026));
#1609 = CARTESIAN_POINT('',(-6.572936060179,28.759449219475,
    49.657616926892));
#1610 = CARTESIAN_POINT('',(-6.401757576114,28.797954648289,
    49.834016046267));
#1611 = CARTESIAN_POINT('',(-6.223169400209,28.83675280471,
    50.00654526094));
#1612 = CARTESIAN_POINT('',(-5.822979375022,28.920420919196,
    50.368495771166));
#1613 = CARTESIAN_POINT('',(-5.598896202175,28.965337394462,
    50.556603428348));
#1614 = CARTESIAN_POINT('',(-5.364698882863,29.01012370925,
    50.738620606721));
#1615 = CARTESIAN_POINT('',(-5.120290707213,29.054462473797,
    50.913927204538));
#1616 = CARTESIAN_POINT('',(-4.865599089779,29.09800785759,
    51.081849507679));
#1617 = CARTESIAN_POINT('',(-4.600582234006,29.140386482932,
    51.241655363362));
#1618 = CARTESIAN_POINT('',(-4.118688458172,29.211812754968,
    51.50574040306));
#1619 = CARTESIAN_POINT('',(-3.906294514757,29.241550668458,
    51.613935370017));
#1620 = CARTESIAN_POINT('',(-3.688189106691,29.270222133498,
    51.716718552811));
#1621 = CARTESIAN_POINT('',(-3.464527886162,29.297634614373,
    51.813682185564));
#1622 = CARTESIAN_POINT('',(-3.235487076432,29.323595615856,
    51.904425812768));
#1623 = CARTESIAN_POINT('',(-3.001263530995,29.347915333952,
    51.98855566362));
#1624 = CARTESIAN_POINT('',(-2.39341733801,29.405078876686,
    52.184560634423));
#1625 = CARTESIAN_POINT('',(-2.012365976659,29.435467603259,
    52.286998033851));
#1626 = CARTESIAN_POINT('',(-1.621037296408,29.460744467482,
    52.371031125244));
#1627 = CARTESIAN_POINT('',(-1.221710215798,29.480218460841,
    52.435160874493));
#1628 = CARTESIAN_POINT('',(-0.816780408888,29.493393647897,
    52.478345691428));
#1629 = CARTESIAN_POINT('',(-0.408713924498,29.5,52.5));
#1630 = CARTESIAN_POINT('',(-1.78E-15,29.5,52.5));
#1631 = ORIENTED_EDGE('',*,*,#1632,.T.);
#1632 = EDGE_CURVE('',#1518,#1633,#1635,.T.);
#1633 = VERTEX_POINT('',#1634);
#1634 = CARTESIAN_POINT('',(14.25,25.829972899715,54.020027100285));
#1635 = ELLIPSE('',#1636,41.719300090006,29.5);
#1636 = AXIS2_PLACEMENT_3D('',#1637,#1638,#1639);
#1637 = CARTESIAN_POINT('',(0.,0.,79.85));
#1638 = DIRECTION('',(-0.,-0.707106781187,-0.707106781187));
#1639 = DIRECTION('',(0.,-0.707106781187,0.707106781187));
#1640 = ORIENTED_EDGE('',*,*,#1641,.T.);
#1641 = EDGE_CURVE('',#1633,#1642,#1644,.T.);
#1642 = VERTEX_POINT('',#1643);
#1643 = CARTESIAN_POINT('',(14.25,25.829972899715,83.8));
#1644 = LINE('',#1645,#1646);
#1645 = CARTESIAN_POINT('',(14.25,25.829972899715,23.8));
#1646 = VECTOR('',#1647,1.);
#1647 = DIRECTION('',(0.,0.,1.));
#1648 = ORIENTED_EDGE('',*,*,#1649,.T.);
#1649 = EDGE_CURVE('',#1642,#1650,#1652,.T.);
#1650 = VERTEX_POINT('',#1651);
#1651 = CARTESIAN_POINT('',(10.2,27.680498550424,83.8));
#1652 = CIRCLE('',#1653,29.5);
#1653 = AXIS2_PLACEMENT_3D('',#1654,#1655,#1656);
#1654 = CARTESIAN_POINT('',(0.,0.,83.8));
#1655 = DIRECTION('',(0.,-0.,1.));
#1656 = DIRECTION('',(0.675112049134,0.737715203255,0.));
#1657 = ORIENTED_EDGE('',*,*,#1658,.T.);
#1658 = EDGE_CURVE('',#1650,#1659,#1661,.T.);
#1659 = VERTEX_POINT('',#1660);
#1660 = CARTESIAN_POINT('',(10.2,27.680498550424,90.17));
#1661 = LINE('',#1662,#1663);
#1662 = CARTESIAN_POINT('',(10.2,27.680498550424,23.8));
#1663 = VECTOR('',#1664,1.);
#1664 = DIRECTION('',(0.,0.,1.));
#1665 = ORIENTED_EDGE('',*,*,#1666,.T.);
#1666 = EDGE_CURVE('',#1659,#1667,#1669,.T.);
#1667 = VERTEX_POINT('',#1668);
#1668 = CARTESIAN_POINT('',(5.9,28.903978964841,90.17));
#1669 = CIRCLE('',#1670,29.5);
#1670 = AXIS2_PLACEMENT_3D('',#1671,#1672,#1673);
#1671 = CARTESIAN_POINT('',(0.,0.,90.17));
#1672 = DIRECTION('',(0.,-0.,1.));
#1673 = DIRECTION('',(0.675112049134,0.737715203255,0.));
#1674 = ORIENTED_EDGE('',*,*,#1675,.F.);
#1675 = EDGE_CURVE('',#1676,#1667,#1678,.T.);
#1676 = VERTEX_POINT('',#1677);
#1677 = CARTESIAN_POINT('',(5.9,28.903978964842,83.8));
#1678 = LINE('',#1679,#1680);
#1679 = CARTESIAN_POINT('',(5.9,28.903978964841,23.8));
#1680 = VECTOR('',#1681,1.);
#1681 = DIRECTION('',(0.,0.,1.));
#1682 = ORIENTED_EDGE('',*,*,#1683,.T.);
#1683 = EDGE_CURVE('',#1676,#1684,#1686,.T.);
#1684 = VERTEX_POINT('',#1685);
#1685 = CARTESIAN_POINT('',(-5.9,28.903978964842,83.8));
#1686 = CIRCLE('',#1687,29.5);
#1687 = AXIS2_PLACEMENT_3D('',#1688,#1689,#1690);
#1688 = CARTESIAN_POINT('',(0.,0.,83.8));
#1689 = DIRECTION('',(0.,-0.,1.));
#1690 = DIRECTION('',(0.675112049134,0.737715203255,0.));
#1691 = ORIENTED_EDGE('',*,*,#1692,.T.);
#1692 = EDGE_CURVE('',#1684,#1693,#1695,.T.);
#1693 = VERTEX_POINT('',#1694);
#1694 = CARTESIAN_POINT('',(-5.9,28.903978964841,90.17));
#1695 = LINE('',#1696,#1697);
#1696 = CARTESIAN_POINT('',(-5.9,28.903978964842,23.8));
#1697 = VECTOR('',#1698,1.);
#1698 = DIRECTION('',(0.,0.,1.));
#1699 = ORIENTED_EDGE('',*,*,#1700,.T.);
#1700 = EDGE_CURVE('',#1693,#1701,#1703,.T.);
#1701 = VERTEX_POINT('',#1702);
#1702 = CARTESIAN_POINT('',(-10.2,27.680498550424,90.17));
#1703 = CIRCLE('',#1704,29.5);
#1704 = AXIS2_PLACEMENT_3D('',#1705,#1706,#1707);
#1705 = CARTESIAN_POINT('',(0.,0.,90.17));
#1706 = DIRECTION('',(0.,-0.,1.));
#1707 = DIRECTION('',(0.675112049134,0.737715203255,0.));
#1708 = ORIENTED_EDGE('',*,*,#1709,.F.);
#1709 = EDGE_CURVE('',#1710,#1701,#1712,.T.);
#1710 = VERTEX_POINT('',#1711);
#1711 = CARTESIAN_POINT('',(-10.2,27.680498550424,83.8));
#1712 = LINE('',#1713,#1714);
#1713 = CARTESIAN_POINT('',(-10.2,27.680498550424,23.8));
#1714 = VECTOR('',#1715,1.);
#1715 = DIRECTION('',(0.,0.,1.));
#1716 = ORIENTED_EDGE('',*,*,#1717,.T.);
#1717 = EDGE_CURVE('',#1710,#1501,#1718,.T.);
#1718 = CIRCLE('',#1719,29.5);
#1719 = AXIS2_PLACEMENT_3D('',#1720,#1721,#1722);
#1720 = CARTESIAN_POINT('',(0.,0.,83.8));
#1721 = DIRECTION('',(0.,-0.,1.));
#1722 = DIRECTION('',(0.675112049134,0.737715203255,0.));
#1723 = FACE_BOUND('',#1724,.F.);
#1724 = EDGE_LOOP('',(#1725));
#1725 = ORIENTED_EDGE('',*,*,#1726,.T.);
#1726 = EDGE_CURVE('',#1727,#1727,#1729,.T.);
#1727 = VERTEX_POINT('',#1728);
#1728 = CARTESIAN_POINT('',(-1.65,29.453819786235,102.9));
#1729 = B_SPLINE_CURVE_WITH_KNOTS('',7,(#1730,#1731,#1732,#1733,#1734,
    #1735,#1736,#1737,#1738,#1739,#1740,#1741,#1742,#1743,#1744,#1745,
    #1746,#1747,#1748,#1749,#1750,#1751,#1752,#1753,#1754,#1755,#1756,
    #1757,#1758,#1759,#1760,#1761,#1762,#1763,#1764,#1765,#1766,#1767,
    #1768,#1769,#1770,#1771,#1772,#1773),.UNSPECIFIED.,.T.,.F.,(8,6,6,6,
    6,6,6,8),(0.,0.152560140035,0.285743821039,0.421996455685,
    0.588492896353,0.714360006279,0.837998113367,1.),.UNSPECIFIED.);
#1730 = CARTESIAN_POINT('',(-1.65,29.453819786235,102.9));
#1731 = CARTESIAN_POINT('',(-1.65,29.453819786235,102.70271676192));
#1732 = CARTESIAN_POINT('',(-1.622481473555,29.455361293596,
    102.5055103376));
#1733 = CARTESIAN_POINT('',(-1.567474852775,29.458443161986,
    102.31080784772));
#1734 = CARTESIAN_POINT('',(-1.484186598558,29.46294543582,
    102.12136352146));
#1735 = CARTESIAN_POINT('',(-1.371340372751,29.468620024923,
    101.94077454312));
#1736 = CARTESIAN_POINT('',(-1.227484122948,29.474975906035,
    101.77403340418));
#1737 = CARTESIAN_POINT('',(-0.898334851733,29.486718375038,
    101.50173744607));
#1738 = CARTESIAN_POINT('',(-0.715362737273,29.492312795898,
    101.3867477933));
#1739 = CARTESIAN_POINT('',(-0.506502966197,29.497255555077,
    101.29671350255));
#1740 = CARTESIAN_POINT('',(-0.279293853264,29.500565757847,
    101.24061013792));
#1741 = CARTESIAN_POINT('',(-4.379056536041E-02,29.501529821312,
    101.22325894417));
#1742 = CARTESIAN_POINT('',(0.189290616041,29.500221026344,
    101.24508238178));
#1743 = CARTESIAN_POINT('',(0.636479617156,29.494000126849,
    101.35990100211));
#1744 = CARTESIAN_POINT('',(0.842267359861,29.489114260073,
    101.45253086467));
#1745 = CARTESIAN_POINT('',(1.024037662141,29.483194408881,
    101.57197270883));
#1746 = CARTESIAN_POINT('',(1.180115545243,29.477024949499,
    101.71168272546));
#1747 = CARTESIAN_POINT('',(1.309939205148,29.471223088414,
    101.86586060994));
#1748 = CARTESIAN_POINT('',(1.413842595629,29.466206499779,
    102.02932127303));
#1749 = CARTESIAN_POINT('',(1.589649285854,29.457297687897,
    102.40292950733));
#1750 = CARTESIAN_POINT('',(1.650697949844,29.453833011999,
    102.61829360747));
#1751 = CARTESIAN_POINT('',(1.677807359073,29.4522091135,102.83872911604
    ));
#1752 = CARTESIAN_POINT('',(1.671442204028,29.452584678224,
    103.06076922162));
#1753 = CARTESIAN_POINT('',(1.631231986978,29.454965514634,
    103.28065833377));
#1754 = CARTESIAN_POINT('',(1.556342636561,29.459124617233,
    103.49401010626));
#1755 = CARTESIAN_POINT('',(1.36241872685,29.468640995577,
    103.84675638851));
#1756 = CARTESIAN_POINT('',(1.257451967425,29.473515322654,
    103.99361197903));
#1757 = CARTESIAN_POINT('',(1.130221358106,29.478949658266,
    104.13142698014));
#1758 = CARTESIAN_POINT('',(0.980677201825,29.484575461537,
    104.2558044519));
#1759 = CARTESIAN_POINT('',(0.809535489328,29.489880023908,
    104.36197818434));
#1760 = CARTESIAN_POINT('',(0.618409628956,29.494251500609,
    104.44473858229));
#1761 = CARTESIAN_POINT('',(0.205951770287,29.499989251041,
    104.55063976088));
#1762 = CARTESIAN_POINT('',(-9.524145029804E-03,29.501333755925,
    104.57345877037));
#1763 = CARTESIAN_POINT('',(-0.228156207204,29.500750466449,
    104.56271896415));
#1764 = CARTESIAN_POINT('',(-0.441036159853,29.498138739646,
    104.51829998904));
#1765 = CARTESIAN_POINT('',(-0.639631361214,29.493992007968,
    104.44368113808));
#1766 = CARTESIAN_POINT('',(-0.817204465823,29.489074271791,
    104.34577836437));
#1767 = CARTESIAN_POINT('',(-1.169850042239,29.477474381489,
    104.08956635579));
#1768 = CARTESIAN_POINT('',(-1.333696537755,29.470500041116,
    103.91710967524));
#1769 = CARTESIAN_POINT('',(-1.461995270561,29.464141796086,
    103.72740246498));
#1770 = CARTESIAN_POINT('',(-1.556520775601,29.45905721834,
    103.52678188288));
#1771 = CARTESIAN_POINT('',(-1.618829374195,29.455565779829,
    103.31986739778));
#1772 = CARTESIAN_POINT('',(-1.65,29.453819786235,103.10996070895));
#1773 = CARTESIAN_POINT('',(-1.65,29.453819786235,102.9));
#1774 = FACE_BOUND('',#1775,.F.);
#1775 = EDGE_LOOP('',(#1776,#1777,#1778,#1787,#1795,#1804,#1812,#1819,
    #1820,#1821,#1822,#1823));
#1776 = ORIENTED_EDGE('',*,*,#944,.F.);
#1777 = ORIENTED_EDGE('',*,*,#976,.T.);
#1778 = ORIENTED_EDGE('',*,*,#1779,.T.);
#1779 = EDGE_CURVE('',#977,#1780,#1782,.T.);
#1780 = VERTEX_POINT('',#1781);
#1781 = CARTESIAN_POINT('',(-5.35,29.010816948166,91.92));
#1782 = CIRCLE('',#1783,29.5);
#1783 = AXIS2_PLACEMENT_3D('',#1784,#1785,#1786);
#1784 = CARTESIAN_POINT('',(0.,0.,91.92));
#1785 = DIRECTION('',(0.,-0.,1.));
#1786 = DIRECTION('',(0.675112049134,0.737715203255,0.));
#1787 = ORIENTED_EDGE('',*,*,#1788,.F.);
#1788 = EDGE_CURVE('',#1789,#1780,#1791,.T.);
#1789 = VERTEX_POINT('',#1790);
#1790 = CARTESIAN_POINT('',(-5.35,29.010816948166,90.02));
#1791 = LINE('',#1792,#1793);
#1792 = CARTESIAN_POINT('',(-5.35,29.010816948166,23.8));
#1793 = VECTOR('',#1794,1.);
#1794 = DIRECTION('',(0.,0.,1.));
#1795 = ORIENTED_EDGE('',*,*,#1796,.F.);
#1796 = EDGE_CURVE('',#1797,#1789,#1799,.T.);
#1797 = VERTEX_POINT('',#1798);
#1798 = CARTESIAN_POINT('',(5.35,29.010816948166,90.02));
#1799 = CIRCLE('',#1800,29.5);
#1800 = AXIS2_PLACEMENT_3D('',#1801,#1802,#1803);
#1801 = CARTESIAN_POINT('',(0.,0.,90.02));
#1802 = DIRECTION('',(0.,-0.,1.));
#1803 = DIRECTION('',(0.675112049134,0.737715203255,0.));
#1804 = ORIENTED_EDGE('',*,*,#1805,.T.);
#1805 = EDGE_CURVE('',#1797,#1806,#1808,.T.);
#1806 = VERTEX_POINT('',#1807);
#1807 = CARTESIAN_POINT('',(5.35,29.010816948166,91.92));
#1808 = LINE('',#1809,#1810);
#1809 = CARTESIAN_POINT('',(5.35,29.010816948166,23.8));
#1810 = VECTOR('',#1811,1.);
#1811 = DIRECTION('',(0.,0.,1.));
#1812 = ORIENTED_EDGE('',*,*,#1813,.T.);
#1813 = EDGE_CURVE('',#1806,#1126,#1814,.T.);
#1814 = CIRCLE('',#1815,29.5);
#1815 = AXIS2_PLACEMENT_3D('',#1816,#1817,#1818);
#1816 = CARTESIAN_POINT('',(0.,0.,91.92));
#1817 = DIRECTION('',(0.,-0.,1.));
#1818 = DIRECTION('',(0.675112049134,0.737715203255,0.));
#1819 = ORIENTED_EDGE('',*,*,#1125,.F.);
#1820 = ORIENTED_EDGE('',*,*,#1204,.T.);
#1821 = ORIENTED_EDGE('',*,*,#1177,.T.);
#1822 = ORIENTED_EDGE('',*,*,#1094,.T.);
#1823 = ORIENTED_EDGE('',*,*,#1031,.F.);
#1824 = CYLINDRICAL_SURFACE('',#1825,29.5);
#1825 = AXIS2_PLACEMENT_3D('',#1826,#1827,#1828);
#1826 = CARTESIAN_POINT('',(0.,0.,23.8));
#1827 = DIRECTION('',(0.,0.,1.));
#1828 = DIRECTION('',(0.675112049134,0.737715203255,0.));
#1829 = ADVANCED_FACE('',(#1830),#1873,.F.);
#1830 = FACE_BOUND('',#1831,.F.);
#1831 = EDGE_LOOP('',(#1832,#1842,#1850,#1858,#1864,#1865,#1866,#1867));
#1832 = ORIENTED_EDGE('',*,*,#1833,.F.);
#1833 = EDGE_CURVE('',#1834,#1836,#1838,.T.);
#1834 = VERTEX_POINT('',#1835);
#1835 = CARTESIAN_POINT('',(5.35,30.56,90.02));
#1836 = VERTEX_POINT('',#1837);
#1837 = CARTESIAN_POINT('',(5.35,30.56,91.92));
#1838 = LINE('',#1839,#1840);
#1839 = CARTESIAN_POINT('',(5.35,30.56,90.02));
#1840 = VECTOR('',#1841,1.);
#1841 = DIRECTION('',(0.,0.,1.));
#1842 = ORIENTED_EDGE('',*,*,#1843,.F.);
#1843 = EDGE_CURVE('',#1844,#1834,#1846,.T.);
#1844 = VERTEX_POINT('',#1845);
#1845 = CARTESIAN_POINT('',(-5.35,30.56,90.02));
#1846 = LINE('',#1847,#1848);
#1847 = CARTESIAN_POINT('',(-5.35,30.56,90.02));
#1848 = VECTOR('',#1849,1.);
#1849 = DIRECTION('',(1.,0.,0.));
#1850 = ORIENTED_EDGE('',*,*,#1851,.T.);
#1851 = EDGE_CURVE('',#1844,#1852,#1854,.T.);
#1852 = VERTEX_POINT('',#1853);
#1853 = CARTESIAN_POINT('',(-5.35,30.56,91.92));
#1854 = LINE('',#1855,#1856);
#1855 = CARTESIAN_POINT('',(-5.35,30.56,90.02));
#1856 = VECTOR('',#1857,1.);
#1857 = DIRECTION('',(0.,0.,1.));
#1858 = ORIENTED_EDGE('',*,*,#1859,.T.);
#1859 = EDGE_CURVE('',#1852,#999,#1860,.T.);
#1860 = LINE('',#1861,#1862);
#1861 = CARTESIAN_POINT('',(-5.35,30.56,91.92));
#1862 = VECTOR('',#1863,1.);
#1863 = DIRECTION('',(1.,0.,0.));
#1864 = ORIENTED_EDGE('',*,*,#1006,.F.);
#1865 = ORIENTED_EDGE('',*,*,#1078,.F.);
#1866 = ORIENTED_EDGE('',*,*,#1152,.F.);
#1867 = ORIENTED_EDGE('',*,*,#1868,.T.);
#1868 = EDGE_CURVE('',#1145,#1836,#1869,.T.);
#1869 = LINE('',#1870,#1871);
#1870 = CARTESIAN_POINT('',(-5.35,30.56,91.92));
#1871 = VECTOR('',#1872,1.);
#1872 = DIRECTION('',(1.,0.,0.));
#1873 = PLANE('',#1874);
#1874 = AXIS2_PLACEMENT_3D('',#1875,#1876,#1877);
#1875 = CARTESIAN_POINT('',(-5.35,30.56,90.02));
#1876 = DIRECTION('',(0.,1.,0.));
#1877 = DIRECTION('',(0.,0.,1.));
#1878 = ADVANCED_FACE('',(#1879),#1890,.F.);
#1879 = FACE_BOUND('',#1880,.F.);
#1880 = EDGE_LOOP('',(#1881,#1887,#1888,#1889));
#1881 = ORIENTED_EDGE('',*,*,#1882,.F.);
#1882 = EDGE_CURVE('',#1780,#1852,#1883,.T.);
#1883 = LINE('',#1884,#1885);
#1884 = CARTESIAN_POINT('',(-5.35,25.6,91.92));
#1885 = VECTOR('',#1886,1.);
#1886 = DIRECTION('',(0.,1.,0.));
#1887 = ORIENTED_EDGE('',*,*,#1779,.F.);
#1888 = ORIENTED_EDGE('',*,*,#998,.T.);
#1889 = ORIENTED_EDGE('',*,*,#1859,.F.);
#1890 = PLANE('',#1891);
#1891 = AXIS2_PLACEMENT_3D('',#1892,#1893,#1894);
#1892 = CARTESIAN_POINT('',(-5.35,25.6,91.92));
#1893 = DIRECTION('',(0.,0.,1.));
#1894 = DIRECTION('',(1.,0.,0.));
#1895 = ADVANCED_FACE('',(#1896),#1907,.F.);
#1896 = FACE_BOUND('',#1897,.F.);
#1897 = EDGE_LOOP('',(#1898,#1899,#1905,#1906));
#1898 = ORIENTED_EDGE('',*,*,#1813,.F.);
#1899 = ORIENTED_EDGE('',*,*,#1900,.T.);
#1900 = EDGE_CURVE('',#1806,#1836,#1901,.T.);
#1901 = LINE('',#1902,#1903);
#1902 = CARTESIAN_POINT('',(5.35,25.6,91.92));
#1903 = VECTOR('',#1904,1.);
#1904 = DIRECTION('',(0.,1.,0.));
#1905 = ORIENTED_EDGE('',*,*,#1868,.F.);
#1906 = ORIENTED_EDGE('',*,*,#1144,.F.);
#1907 = PLANE('',#1908);
#1908 = AXIS2_PLACEMENT_3D('',#1909,#1910,#1911);
#1909 = CARTESIAN_POINT('',(-5.35,25.6,91.92));
#1910 = DIRECTION('',(0.,0.,1.));
#1911 = DIRECTION('',(1.,0.,0.));
#1912 = ADVANCED_FACE('',(#1913),#1924,.F.);
#1913 = FACE_BOUND('',#1914,.F.);
#1914 = EDGE_LOOP('',(#1915,#1921,#1922,#1923));
#1915 = ORIENTED_EDGE('',*,*,#1916,.T.);
#1916 = EDGE_CURVE('',#1323,#1448,#1917,.T.);
#1917 = LINE('',#1918,#1919);
#1918 = CARTESIAN_POINT('',(-1.65,34.,29.));
#1919 = VECTOR('',#1920,1.);
#1920 = DIRECTION('',(-6.E-17,-1.,0.));
#1921 = ORIENTED_EDGE('',*,*,#1447,.F.);
#1922 = ORIENTED_EDGE('',*,*,#1916,.F.);
#1923 = ORIENTED_EDGE('',*,*,#1322,.T.);
#1924 = CYLINDRICAL_SURFACE('',#1925,1.65);
#1925 = AXIS2_PLACEMENT_3D('',#1926,#1927,#1928);
#1926 = CARTESIAN_POINT('',(2.08E-15,34.,29.));
#1927 = DIRECTION('',(-6.E-17,-1.,0.));
#1928 = DIRECTION('',(-1.,6.E-17,0.));
#1929 = ADVANCED_FACE('',(#1930),#1949,.F.);
#1930 = FACE_BOUND('',#1931,.F.);
#1931 = EDGE_LOOP('',(#1932,#1933,#1941,#1948));
#1932 = ORIENTED_EDGE('',*,*,#1358,.F.);
#1933 = ORIENTED_EDGE('',*,*,#1934,.F.);
#1934 = EDGE_CURVE('',#1935,#1359,#1937,.T.);
#1935 = VERTEX_POINT('',#1936);
#1936 = CARTESIAN_POINT('',(-2.E-15,27.7,49.65));
#1937 = LINE('',#1938,#1939);
#1938 = CARTESIAN_POINT('',(-1.51E-15,26.7,49.65));
#1939 = VECTOR('',#1940,1.);
#1940 = DIRECTION('',(0.,1.,0.));
#1941 = ORIENTED_EDGE('',*,*,#1942,.T.);
#1942 = EDGE_CURVE('',#1935,#1935,#1943,.T.);
#1943 = CIRCLE('',#1944,6.15);
#1944 = AXIS2_PLACEMENT_3D('',#1945,#1946,#1947);
#1945 = CARTESIAN_POINT('',(0.,27.7,43.5));
#1946 = DIRECTION('',(0.,1.,0.));
#1947 = DIRECTION('',(0.,0.,1.));
#1948 = ORIENTED_EDGE('',*,*,#1934,.T.);
#1949 = CYLINDRICAL_SURFACE('',#1950,6.15);
#1950 = AXIS2_PLACEMENT_3D('',#1951,#1952,#1953);
#1951 = CARTESIAN_POINT('',(0.,26.7,43.5));
#1952 = DIRECTION('',(0.,1.,0.));
#1953 = DIRECTION('',(0.,0.,1.));
#1954 = ADVANCED_FACE('',(#1955),#1966,.F.);
#1955 = FACE_BOUND('',#1956,.F.);
#1956 = EDGE_LOOP('',(#1957,#1963,#1964,#1965));
#1957 = ORIENTED_EDGE('',*,*,#1958,.T.);
#1958 = EDGE_CURVE('',#1379,#1727,#1959,.T.);
#1959 = LINE('',#1960,#1961);
#1960 = CARTESIAN_POINT('',(-1.65,34.,102.9));
#1961 = VECTOR('',#1962,1.);
#1962 = DIRECTION('',(-6.E-17,-1.,0.));
#1963 = ORIENTED_EDGE('',*,*,#1726,.F.);
#1964 = ORIENTED_EDGE('',*,*,#1958,.F.);
#1965 = ORIENTED_EDGE('',*,*,#1378,.T.);
#1966 = CYLINDRICAL_SURFACE('',#1967,1.65);
#1967 = AXIS2_PLACEMENT_3D('',#1968,#1969,#1970);
#1968 = CARTESIAN_POINT('',(2.08E-15,34.,102.9));
#1969 = DIRECTION('',(-6.E-17,-1.,0.));
#1970 = DIRECTION('',(-1.,6.E-17,0.));
#1971 = ADVANCED_FACE('',(#1972),#2029,.T.);
#1972 = FACE_BOUND('',#1973,.T.);
#1973 = EDGE_LOOP('',(#1974,#1982,#1990,#1998,#2006,#2014,#2022,#2028));
#1974 = ORIENTED_EDGE('',*,*,#1975,.F.);
#1975 = EDGE_CURVE('',#1976,#1396,#1978,.T.);
#1976 = VERTEX_POINT('',#1977);
#1977 = CARTESIAN_POINT('',(-13.55,24.85,59.57));
#1978 = LINE('',#1979,#1980);
#1979 = CARTESIAN_POINT('',(-13.55,23.85,59.57));
#1980 = VECTOR('',#1981,1.);
#1981 = DIRECTION('',(0.,1.,0.));
#1982 = ORIENTED_EDGE('',*,*,#1983,.F.);
#1983 = EDGE_CURVE('',#1984,#1976,#1986,.T.);
#1984 = VERTEX_POINT('',#1985);
#1985 = CARTESIAN_POINT('',(-7.5,24.85,59.57));
#1986 = LINE('',#1987,#1988);
#1987 = CARTESIAN_POINT('',(-13.9,24.85,59.57));
#1988 = VECTOR('',#1989,1.);
#1989 = DIRECTION('',(-1.,0.,0.));
#1990 = ORIENTED_EDGE('',*,*,#1991,.T.);
#1991 = EDGE_CURVE('',#1984,#1992,#1994,.T.);
#1992 = VERTEX_POINT('',#1993);
#1993 = CARTESIAN_POINT('',(-7.5,25.85,59.57));
#1994 = LINE('',#1995,#1996);
#1995 = CARTESIAN_POINT('',(-7.5,23.85,59.57));
#1996 = VECTOR('',#1997,1.);
#1997 = DIRECTION('',(0.,1.,0.));
#1998 = ORIENTED_EDGE('',*,*,#1999,.F.);
#1999 = EDGE_CURVE('',#2000,#1992,#2002,.T.);
#2000 = VERTEX_POINT('',#2001);
#2001 = CARTESIAN_POINT('',(7.5,25.85,59.57));
#2002 = LINE('',#2003,#2004);
#2003 = CARTESIAN_POINT('',(-10.525,25.85,59.57));
#2004 = VECTOR('',#2005,1.);
#2005 = DIRECTION('',(-1.,0.,0.));
#2006 = ORIENTED_EDGE('',*,*,#2007,.F.);
#2007 = EDGE_CURVE('',#2008,#2000,#2010,.T.);
#2008 = VERTEX_POINT('',#2009);
#2009 = CARTESIAN_POINT('',(7.5,24.85,59.57));
#2010 = LINE('',#2011,#2012);
#2011 = CARTESIAN_POINT('',(7.5,23.85,59.57));
#2012 = VECTOR('',#2013,1.);
#2013 = DIRECTION('',(0.,1.,0.));
#2014 = ORIENTED_EDGE('',*,*,#2015,.F.);
#2015 = EDGE_CURVE('',#2016,#2008,#2018,.T.);
#2016 = VERTEX_POINT('',#2017);
#2017 = CARTESIAN_POINT('',(13.55,24.85,59.57));
#2018 = LINE('',#2019,#2020);
#2019 = CARTESIAN_POINT('',(-13.9,24.85,59.57));
#2020 = VECTOR('',#2021,1.);
#2021 = DIRECTION('',(-1.,0.,0.));
#2022 = ORIENTED_EDGE('',*,*,#2023,.T.);
#2023 = EDGE_CURVE('',#2016,#1398,#2024,.T.);
#2024 = LINE('',#2025,#2026);
#2025 = CARTESIAN_POINT('',(13.55,23.85,59.57));
#2026 = VECTOR('',#2027,1.);
#2027 = DIRECTION('',(0.,1.,0.));
#2028 = ORIENTED_EDGE('',*,*,#1395,.F.);
#2029 = PLANE('',#2030);
#2030 = AXIS2_PLACEMENT_3D('',#2031,#2032,#2033);
#2031 = CARTESIAN_POINT('',(-13.55,23.85,59.57));
#2032 = DIRECTION('',(0.,0.,1.));
#2033 = DIRECTION('',(1.,0.,0.));
#2034 = ADVANCED_FACE('',(#2035),#2053,.F.);
#2035 = FACE_BOUND('',#2036,.F.);
#2036 = EDGE_LOOP('',(#2037,#2045,#2051,#2052));
#2037 = ORIENTED_EDGE('',*,*,#2038,.F.);
#2038 = EDGE_CURVE('',#2039,#1414,#2041,.T.);
#2039 = VERTEX_POINT('',#2040);
#2040 = CARTESIAN_POINT('',(13.55,24.85,79.23));
#2041 = LINE('',#2042,#2043);
#2042 = CARTESIAN_POINT('',(13.55,23.85,79.23));
#2043 = VECTOR('',#2044,1.);
#2044 = DIRECTION('',(0.,1.,0.));
#2045 = ORIENTED_EDGE('',*,*,#2046,.F.);
#2046 = EDGE_CURVE('',#2016,#2039,#2047,.T.);
#2047 = LINE('',#2048,#2049);
#2048 = CARTESIAN_POINT('',(13.55,24.85,57.285));
#2049 = VECTOR('',#2050,1.);
#2050 = DIRECTION('',(0.,0.,1.));
#2051 = ORIENTED_EDGE('',*,*,#2023,.T.);
#2052 = ORIENTED_EDGE('',*,*,#1421,.T.);
#2053 = PLANE('',#2054);
#2054 = AXIS2_PLACEMENT_3D('',#2055,#2056,#2057);
#2055 = CARTESIAN_POINT('',(13.55,23.85,59.57));
#2056 = DIRECTION('',(1.,0.,0.));
#2057 = DIRECTION('',(0.,0.,1.));
#2058 = ADVANCED_FACE('',(#2059),#2077,.T.);
#2059 = FACE_BOUND('',#2060,.T.);
#2060 = EDGE_LOOP('',(#2061,#2069,#2075,#2076));
#2061 = ORIENTED_EDGE('',*,*,#2062,.F.);
#2062 = EDGE_CURVE('',#2063,#1406,#2065,.T.);
#2063 = VERTEX_POINT('',#2064);
#2064 = CARTESIAN_POINT('',(-13.55,24.85,79.23));
#2065 = LINE('',#2066,#2067);
#2066 = CARTESIAN_POINT('',(-13.55,23.85,79.23));
#2067 = VECTOR('',#2068,1.);
#2068 = DIRECTION('',(0.,1.,0.));
#2069 = ORIENTED_EDGE('',*,*,#2070,.F.);
#2070 = EDGE_CURVE('',#1976,#2063,#2071,.T.);
#2071 = LINE('',#2072,#2073);
#2072 = CARTESIAN_POINT('',(-13.55,24.85,57.285));
#2073 = VECTOR('',#2074,1.);
#2074 = DIRECTION('',(0.,0.,1.));
#2075 = ORIENTED_EDGE('',*,*,#1975,.T.);
#2076 = ORIENTED_EDGE('',*,*,#1405,.T.);
#2077 = PLANE('',#2078);
#2078 = AXIS2_PLACEMENT_3D('',#2079,#2080,#2081);
#2079 = CARTESIAN_POINT('',(-13.55,23.85,59.57));
#2080 = DIRECTION('',(1.,0.,0.));
#2081 = DIRECTION('',(0.,0.,1.));
#2082 = ADVANCED_FACE('',(#2083),#2094,.F.);
#2083 = FACE_BOUND('',#2084,.F.);
#2084 = EDGE_LOOP('',(#2085,#2086,#2092,#2093));
#2085 = ORIENTED_EDGE('',*,*,#2062,.F.);
#2086 = ORIENTED_EDGE('',*,*,#2087,.F.);
#2087 = EDGE_CURVE('',#2039,#2063,#2088,.T.);
#2088 = LINE('',#2089,#2090);
#2089 = CARTESIAN_POINT('',(-13.9,24.85,79.23));
#2090 = VECTOR('',#2091,1.);
#2091 = DIRECTION('',(-1.,0.,0.));
#2092 = ORIENTED_EDGE('',*,*,#2038,.T.);
#2093 = ORIENTED_EDGE('',*,*,#1413,.F.);
#2094 = PLANE('',#2095);
#2095 = AXIS2_PLACEMENT_3D('',#2096,#2097,#2098);
#2096 = CARTESIAN_POINT('',(-13.55,23.85,79.23));
#2097 = DIRECTION('',(0.,0.,1.));
#2098 = DIRECTION('',(1.,0.,0.));
#2099 = ADVANCED_FACE('',(#2100),#2125,.T.);
#2100 = FACE_BOUND('',#2101,.T.);
#2101 = EDGE_LOOP('',(#2102,#2103,#2111,#2119));
#2102 = ORIENTED_EDGE('',*,*,#1498,.F.);
#2103 = ORIENTED_EDGE('',*,*,#2104,.T.);
#2104 = EDGE_CURVE('',#1499,#2105,#2107,.T.);
#2105 = VERTEX_POINT('',#2106);
#2106 = CARTESIAN_POINT('',(-14.25,24.85,55.));
#2107 = LINE('',#2108,#2109);
#2108 = CARTESIAN_POINT('',(-14.25,32.,47.85));
#2109 = VECTOR('',#2110,1.);
#2110 = DIRECTION('',(0.,-0.707106781187,0.707106781187));
#2111 = ORIENTED_EDGE('',*,*,#2112,.T.);
#2112 = EDGE_CURVE('',#2105,#2113,#2115,.T.);
#2113 = VERTEX_POINT('',#2114);
#2114 = CARTESIAN_POINT('',(-14.25,24.85,83.8));
#2115 = LINE('',#2116,#2117);
#2116 = CARTESIAN_POINT('',(-14.25,24.85,55.));
#2117 = VECTOR('',#2118,1.);
#2118 = DIRECTION('',(0.,0.,1.));
#2119 = ORIENTED_EDGE('',*,*,#2120,.T.);
#2120 = EDGE_CURVE('',#2113,#1501,#2121,.T.);
#2121 = LINE('',#2122,#2123);
#2122 = CARTESIAN_POINT('',(-14.25,24.85,83.8));
#2123 = VECTOR('',#2124,1.);
#2124 = DIRECTION('',(0.,1.,0.));
#2125 = PLANE('',#2126);
#2126 = AXIS2_PLACEMENT_3D('',#2127,#2128,#2129);
#2127 = CARTESIAN_POINT('',(-14.25,28.736678367374,66.872093257258));
#2128 = DIRECTION('',(-1.,-0.,-0.));
#2129 = DIRECTION('',(0.,0.,-1.));
#2130 = ADVANCED_FACE('',(#2131),#2206,.T.);
#2131 = FACE_BOUND('',#2132,.T.);
#2132 = EDGE_LOOP('',(#2133,#2134,#2135,#2144,#2152,#2159,#2160,#2168,
    #2176,#2184,#2192,#2200));
#2133 = ORIENTED_EDGE('',*,*,#2104,.F.);
#2134 = ORIENTED_EDGE('',*,*,#1508,.T.);
#2135 = ORIENTED_EDGE('',*,*,#2136,.F.);
#2136 = EDGE_CURVE('',#2137,#1509,#2139,.T.);
#2137 = VERTEX_POINT('',#2138);
#2138 = CARTESIAN_POINT('',(-2.485457704327,27.7,52.15));
#2139 = ELLIPSE('',#2140,12.727922061358,9.);
#2140 = AXIS2_PLACEMENT_3D('',#2141,#2142,#2143);
#2141 = CARTESIAN_POINT('',(0.,36.35,43.5));
#2142 = DIRECTION('',(0.,-0.707106781187,-0.707106781187));
#2143 = DIRECTION('',(0.,0.707106781187,-0.707106781187));
#2144 = ORIENTED_EDGE('',*,*,#2145,.T.);
#2145 = EDGE_CURVE('',#2137,#2146,#2148,.T.);
#2146 = VERTEX_POINT('',#2147);
#2147 = CARTESIAN_POINT('',(2.485457704327,27.7,52.15));
#2148 = LINE('',#2149,#2150);
#2149 = CARTESIAN_POINT('',(-7.125,27.7,52.15));
#2150 = VECTOR('',#2151,1.);
#2151 = DIRECTION('',(1.,0.,0.));
#2152 = ORIENTED_EDGE('',*,*,#2153,.F.);
#2153 = EDGE_CURVE('',#1518,#2146,#2154,.T.);
#2154 = ELLIPSE('',#2155,12.727922061358,9.);
#2155 = AXIS2_PLACEMENT_3D('',#2156,#2157,#2158);
#2156 = CARTESIAN_POINT('',(0.,36.35,43.5));
#2157 = DIRECTION('',(0.,-0.707106781187,-0.707106781187));
#2158 = DIRECTION('',(0.,0.707106781187,-0.707106781187));
#2159 = ORIENTED_EDGE('',*,*,#1632,.T.);
#2160 = ORIENTED_EDGE('',*,*,#2161,.T.);
#2161 = EDGE_CURVE('',#1633,#2162,#2164,.T.);
#2162 = VERTEX_POINT('',#2163);
#2163 = CARTESIAN_POINT('',(14.25,24.85,55.));
#2164 = LINE('',#2165,#2166);
#2165 = CARTESIAN_POINT('',(14.25,32.,47.85));
#2166 = VECTOR('',#2167,1.);
#2167 = DIRECTION('',(0.,-0.707106781187,0.707106781187));
#2168 = ORIENTED_EDGE('',*,*,#2169,.F.);
#2169 = EDGE_CURVE('',#2170,#2162,#2172,.T.);
#2170 = VERTEX_POINT('',#2171);
#2171 = CARTESIAN_POINT('',(7.5,24.85,55.));
#2172 = LINE('',#2173,#2174);
#2173 = CARTESIAN_POINT('',(-14.25,24.85,55.));
#2174 = VECTOR('',#2175,1.);
#2175 = DIRECTION('',(1.,0.,0.));
#2176 = ORIENTED_EDGE('',*,*,#2177,.F.);
#2177 = EDGE_CURVE('',#2178,#2170,#2180,.T.);
#2178 = VERTEX_POINT('',#2179);
#2179 = CARTESIAN_POINT('',(7.5,25.35,54.5));
#2180 = LINE('',#2181,#2182);
#2181 = CARTESIAN_POINT('',(7.5,28.3,51.55));
#2182 = VECTOR('',#2183,1.);
#2183 = DIRECTION('',(0.,-0.707106781187,0.707106781187));
#2184 = ORIENTED_EDGE('',*,*,#2185,.T.);
#2185 = EDGE_CURVE('',#2178,#2186,#2188,.T.);
#2186 = VERTEX_POINT('',#2187);
#2187 = CARTESIAN_POINT('',(-7.5,25.35,54.5));
#2188 = LINE('',#2189,#2190);
#2189 = CARTESIAN_POINT('',(-10.875,25.35,54.5));
#2190 = VECTOR('',#2191,1.);
#2191 = DIRECTION('',(-1.,0.,0.));
#2192 = ORIENTED_EDGE('',*,*,#2193,.T.);
#2193 = EDGE_CURVE('',#2186,#2194,#2196,.T.);
#2194 = VERTEX_POINT('',#2195);
#2195 = CARTESIAN_POINT('',(-7.5,24.85,55.));
#2196 = LINE('',#2197,#2198);
#2197 = CARTESIAN_POINT('',(-7.5,28.3,51.55));
#2198 = VECTOR('',#2199,1.);
#2199 = DIRECTION('',(0.,-0.707106781187,0.707106781187));
#2200 = ORIENTED_EDGE('',*,*,#2201,.F.);
#2201 = EDGE_CURVE('',#2105,#2194,#2202,.T.);
#2202 = LINE('',#2203,#2204);
#2203 = CARTESIAN_POINT('',(-14.25,24.85,55.));
#2204 = VECTOR('',#2205,1.);
#2205 = DIRECTION('',(1.,0.,0.));
#2206 = PLANE('',#2207);
#2207 = AXIS2_PLACEMENT_3D('',#2208,#2209,#2210);
#2208 = CARTESIAN_POINT('',(-14.25,32.,47.85));
#2209 = DIRECTION('',(0.,-0.707106781187,-0.707106781187));
#2210 = DIRECTION('',(0.,-0.707106781187,0.707106781187));
#2211 = ADVANCED_FACE('',(#2212),#2230,.T.);
#2212 = FACE_BOUND('',#2213,.T.);
#2213 = EDGE_LOOP('',(#2214,#2215,#2223,#2229));
#2214 = ORIENTED_EDGE('',*,*,#2120,.F.);
#2215 = ORIENTED_EDGE('',*,*,#2216,.T.);
#2216 = EDGE_CURVE('',#2113,#2217,#2219,.T.);
#2217 = VERTEX_POINT('',#2218);
#2218 = CARTESIAN_POINT('',(-10.2,24.85,83.8));
#2219 = LINE('',#2220,#2221);
#2220 = CARTESIAN_POINT('',(-14.25,24.85,83.8));
#2221 = VECTOR('',#2222,1.);
#2222 = DIRECTION('',(1.,0.,0.));
#2223 = ORIENTED_EDGE('',*,*,#2224,.F.);
#2224 = EDGE_CURVE('',#1710,#2217,#2225,.T.);
#2225 = LINE('',#2226,#2227);
#2226 = CARTESIAN_POINT('',(-10.2,26.518230495559,83.8));
#2227 = VECTOR('',#2228,1.);
#2228 = DIRECTION('',(0.,-1.,0.));
#2229 = ORIENTED_EDGE('',*,*,#1717,.T.);
#2230 = PLANE('',#2231);
#2231 = AXIS2_PLACEMENT_3D('',#2232,#2233,#2234);
#2232 = CARTESIAN_POINT('',(-14.25,24.85,83.8));
#2233 = DIRECTION('',(0.,0.,1.));
#2234 = DIRECTION('',(0.,1.,0.));
#2235 = ADVANCED_FACE('',(#2236),#2248,.T.);
#2236 = FACE_BOUND('',#2237,.T.);
#2237 = EDGE_LOOP('',(#2238,#2239,#2246,#2247));
#2238 = ORIENTED_EDGE('',*,*,#2153,.T.);
#2239 = ORIENTED_EDGE('',*,*,#2240,.T.);
#2240 = EDGE_CURVE('',#2146,#2137,#2241,.T.);
#2241 = CIRCLE('',#2242,9.);
#2242 = AXIS2_PLACEMENT_3D('',#2243,#2244,#2245);
#2243 = CARTESIAN_POINT('',(0.,27.7,43.5));
#2244 = DIRECTION('',(0.,1.,0.));
#2245 = DIRECTION('',(0.,0.,1.));
#2246 = ORIENTED_EDGE('',*,*,#2136,.T.);
#2247 = ORIENTED_EDGE('',*,*,#1517,.F.);
#2248 = CYLINDRICAL_SURFACE('',#2249,9.);
#2249 = AXIS2_PLACEMENT_3D('',#2250,#2251,#2252);
#2250 = CARTESIAN_POINT('',(0.,27.7,43.5));
#2251 = DIRECTION('',(0.,1.,0.));
#2252 = DIRECTION('',(0.,0.,1.));
#2253 = ADVANCED_FACE('',(#2254),#2288,.T.);
#2254 = FACE_BOUND('',#2255,.T.);
#2255 = EDGE_LOOP('',(#2256,#2266,#2274,#2280,#2281,#2282));
#2256 = ORIENTED_EDGE('',*,*,#2257,.T.);
#2257 = EDGE_CURVE('',#2258,#2260,#2262,.T.);
#2258 = VERTEX_POINT('',#2259);
#2259 = CARTESIAN_POINT('',(-10.2,24.85,83.32));
#2260 = VERTEX_POINT('',#2261);
#2261 = CARTESIAN_POINT('',(-10.2,22.,86.17));
#2262 = LINE('',#2263,#2264);
#2263 = CARTESIAN_POINT('',(-10.2,32.,76.17));
#2264 = VECTOR('',#2265,1.);
#2265 = DIRECTION('',(0.,-0.707106781187,0.707106781187));
#2266 = ORIENTED_EDGE('',*,*,#2267,.T.);
#2267 = EDGE_CURVE('',#2260,#2268,#2270,.T.);
#2268 = VERTEX_POINT('',#2269);
#2269 = CARTESIAN_POINT('',(-10.2,22.,90.17));
#2270 = LINE('',#2271,#2272);
#2271 = CARTESIAN_POINT('',(-10.2,22.,86.17));
#2272 = VECTOR('',#2273,1.);
#2273 = DIRECTION('',(0.,0.,1.));
#2274 = ORIENTED_EDGE('',*,*,#2275,.T.);
#2275 = EDGE_CURVE('',#2268,#1701,#2276,.T.);
#2276 = LINE('',#2277,#2278);
#2277 = CARTESIAN_POINT('',(-10.2,22.,90.17));
#2278 = VECTOR('',#2279,1.);
#2279 = DIRECTION('',(0.,1.,0.));
#2280 = ORIENTED_EDGE('',*,*,#1709,.F.);
#2281 = ORIENTED_EDGE('',*,*,#2224,.T.);
#2282 = ORIENTED_EDGE('',*,*,#2283,.T.);
#2283 = EDGE_CURVE('',#2217,#2258,#2284,.T.);
#2284 = LINE('',#2285,#2286);
#2285 = CARTESIAN_POINT('',(-10.2,24.85,69.817233047034));
#2286 = VECTOR('',#2287,1.);
#2287 = DIRECTION('',(0.,0.,-1.));
#2288 = PLANE('',#2289);
#2289 = AXIS2_PLACEMENT_3D('',#2290,#2291,#2292);
#2290 = CARTESIAN_POINT('',(-10.2,28.186460991119,84.634466094067));
#2291 = DIRECTION('',(-1.,-0.,-0.));
#2292 = DIRECTION('',(0.,0.,-1.));
#2293 = ADVANCED_FACE('',(#2294,#2312),#2323,.T.);
#2294 = FACE_BOUND('',#2295,.T.);
#2295 = EDGE_LOOP('',(#2296,#2297,#2305,#2311));
#2296 = ORIENTED_EDGE('',*,*,#2275,.F.);
#2297 = ORIENTED_EDGE('',*,*,#2298,.T.);
#2298 = EDGE_CURVE('',#2268,#2299,#2301,.T.);
#2299 = VERTEX_POINT('',#2300);
#2300 = CARTESIAN_POINT('',(-5.9,22.,90.17));
#2301 = LINE('',#2302,#2303);
#2302 = CARTESIAN_POINT('',(-10.2,22.,90.17));
#2303 = VECTOR('',#2304,1.);
#2304 = DIRECTION('',(1.,0.,0.));
#2305 = ORIENTED_EDGE('',*,*,#2306,.T.);
#2306 = EDGE_CURVE('',#2299,#1693,#2307,.T.);
#2307 = LINE('',#2308,#2309);
#2308 = CARTESIAN_POINT('',(-5.9,22.,90.17));
#2309 = VECTOR('',#2310,1.);
#2310 = DIRECTION('',(0.,1.,0.));
#2311 = ORIENTED_EDGE('',*,*,#1700,.T.);
#2312 = FACE_BOUND('',#2313,.T.);
#2313 = EDGE_LOOP('',(#2314));
#2314 = ORIENTED_EDGE('',*,*,#2315,.F.);
#2315 = EDGE_CURVE('',#2316,#2316,#2318,.T.);
#2316 = VERTEX_POINT('',#2317);
#2317 = CARTESIAN_POINT('',(-7.1,25.,90.17));
#2318 = CIRCLE('',#2319,0.8);
#2319 = AXIS2_PLACEMENT_3D('',#2320,#2321,#2322);
#2320 = CARTESIAN_POINT('',(-7.9,25.,90.17));
#2321 = DIRECTION('',(0.,0.,1.));
#2322 = DIRECTION('',(1.,0.,0.));
#2323 = PLANE('',#2324);
#2324 = AXIS2_PLACEMENT_3D('',#2325,#2326,#2327);
#2325 = CARTESIAN_POINT('',(-10.2,22.,90.17));
#2326 = DIRECTION('',(0.,0.,1.));
#2327 = DIRECTION('',(0.,1.,0.));
#2328 = ADVANCED_FACE('',(#2329),#2347,.F.);
#2329 = FACE_BOUND('',#2330,.F.);
#2330 = EDGE_LOOP('',(#2331,#2332,#2333,#2341));
#2331 = ORIENTED_EDGE('',*,*,#1641,.F.);
#2332 = ORIENTED_EDGE('',*,*,#2161,.T.);
#2333 = ORIENTED_EDGE('',*,*,#2334,.T.);
#2334 = EDGE_CURVE('',#2162,#2335,#2337,.T.);
#2335 = VERTEX_POINT('',#2336);
#2336 = CARTESIAN_POINT('',(14.25,24.85,83.8));
#2337 = LINE('',#2338,#2339);
#2338 = CARTESIAN_POINT('',(14.25,24.85,55.));
#2339 = VECTOR('',#2340,1.);
#2340 = DIRECTION('',(0.,0.,1.));
#2341 = ORIENTED_EDGE('',*,*,#2342,.T.);
#2342 = EDGE_CURVE('',#2335,#1642,#2343,.T.);
#2343 = LINE('',#2344,#2345);
#2344 = CARTESIAN_POINT('',(14.25,24.85,83.8));
#2345 = VECTOR('',#2346,1.);
#2346 = DIRECTION('',(0.,1.,0.));
#2347 = PLANE('',#2348);
#2348 = AXIS2_PLACEMENT_3D('',#2349,#2350,#2351);
#2349 = CARTESIAN_POINT('',(14.25,28.736678367374,66.872093257258));
#2350 = DIRECTION('',(-1.,-0.,-0.));
#2351 = DIRECTION('',(0.,0.,-1.));
#2352 = ADVANCED_FACE('',(#2353),#2387,.F.);
#2353 = FACE_BOUND('',#2354,.F.);
#2354 = EDGE_LOOP('',(#2355,#2365,#2371,#2372,#2373,#2381));
#2355 = ORIENTED_EDGE('',*,*,#2356,.T.);
#2356 = EDGE_CURVE('',#2357,#2359,#2361,.T.);
#2357 = VERTEX_POINT('',#2358);
#2358 = CARTESIAN_POINT('',(-5.9,24.85,83.32));
#2359 = VERTEX_POINT('',#2360);
#2360 = CARTESIAN_POINT('',(-5.9,22.,86.17));
#2361 = LINE('',#2362,#2363);
#2362 = CARTESIAN_POINT('',(-5.9,32.,76.17));
#2363 = VECTOR('',#2364,1.);
#2364 = DIRECTION('',(0.,-0.707106781187,0.707106781187));
#2365 = ORIENTED_EDGE('',*,*,#2366,.T.);
#2366 = EDGE_CURVE('',#2359,#2299,#2367,.T.);
#2367 = LINE('',#2368,#2369);
#2368 = CARTESIAN_POINT('',(-5.9,22.,86.17));
#2369 = VECTOR('',#2370,1.);
#2370 = DIRECTION('',(0.,0.,1.));
#2371 = ORIENTED_EDGE('',*,*,#2306,.T.);
#2372 = ORIENTED_EDGE('',*,*,#1692,.F.);
#2373 = ORIENTED_EDGE('',*,*,#2374,.T.);
#2374 = EDGE_CURVE('',#1684,#2375,#2377,.T.);
#2375 = VERTEX_POINT('',#2376);
#2376 = CARTESIAN_POINT('',(-5.9,24.85,83.8));
#2377 = LINE('',#2378,#2379);
#2378 = CARTESIAN_POINT('',(-5.9,26.518230495559,83.8));
#2379 = VECTOR('',#2380,1.);
#2380 = DIRECTION('',(0.,-1.,0.));
#2381 = ORIENTED_EDGE('',*,*,#2382,.T.);
#2382 = EDGE_CURVE('',#2375,#2357,#2383,.T.);
#2383 = LINE('',#2384,#2385);
#2384 = CARTESIAN_POINT('',(-5.9,24.85,69.817233047034));
#2385 = VECTOR('',#2386,1.);
#2386 = DIRECTION('',(0.,0.,-1.));
#2387 = PLANE('',#2388);
#2388 = AXIS2_PLACEMENT_3D('',#2389,#2390,#2391);
#2389 = CARTESIAN_POINT('',(-5.9,28.186460991119,84.634466094067));
#2390 = DIRECTION('',(-1.,-0.,-0.));
#2391 = DIRECTION('',(0.,0.,-1.));
#2392 = ADVANCED_FACE('',(#2393),#2411,.T.);
#2393 = FACE_BOUND('',#2394,.T.);
#2394 = EDGE_LOOP('',(#2395,#2396,#2404,#2410));
#2395 = ORIENTED_EDGE('',*,*,#1649,.T.);
#2396 = ORIENTED_EDGE('',*,*,#2397,.T.);
#2397 = EDGE_CURVE('',#1650,#2398,#2400,.T.);
#2398 = VERTEX_POINT('',#2399);
#2399 = CARTESIAN_POINT('',(10.2,24.85,83.8));
#2400 = LINE('',#2401,#2402);
#2401 = CARTESIAN_POINT('',(10.2,26.518230495559,83.8));
#2402 = VECTOR('',#2403,1.);
#2403 = DIRECTION('',(0.,-1.,0.));
#2404 = ORIENTED_EDGE('',*,*,#2405,.T.);
#2405 = EDGE_CURVE('',#2398,#2335,#2406,.T.);
#2406 = LINE('',#2407,#2408);
#2407 = CARTESIAN_POINT('',(-14.25,24.85,83.8));
#2408 = VECTOR('',#2409,1.);
#2409 = DIRECTION('',(1.,0.,0.));
#2410 = ORIENTED_EDGE('',*,*,#2342,.T.);
#2411 = PLANE('',#2412);
#2412 = AXIS2_PLACEMENT_3D('',#2413,#2414,#2415);
#2413 = CARTESIAN_POINT('',(-14.25,24.85,83.8));
#2414 = DIRECTION('',(0.,0.,1.));
#2415 = DIRECTION('',(0.,1.,0.));
#2416 = ADVANCED_FACE('',(#2417),#2467,.T.);
#2417 = FACE_BOUND('',#2418,.T.);
#2418 = EDGE_LOOP('',(#2419,#2427,#2428,#2429,#2437,#2445,#2453,#2461));
#2419 = ORIENTED_EDGE('',*,*,#2420,.F.);
#2420 = EDGE_CURVE('',#1676,#2421,#2423,.T.);
#2421 = VERTEX_POINT('',#2422);
#2422 = CARTESIAN_POINT('',(5.9,24.85,83.8));
#2423 = LINE('',#2424,#2425);
#2424 = CARTESIAN_POINT('',(5.9,26.518230495559,83.8));
#2425 = VECTOR('',#2426,1.);
#2426 = DIRECTION('',(0.,-1.,0.));
#2427 = ORIENTED_EDGE('',*,*,#1683,.T.);
#2428 = ORIENTED_EDGE('',*,*,#2374,.T.);
#2429 = ORIENTED_EDGE('',*,*,#2430,.T.);
#2430 = EDGE_CURVE('',#2375,#2431,#2433,.T.);
#2431 = VERTEX_POINT('',#2432);
#2432 = CARTESIAN_POINT('',(-5.25,24.85,83.8));
#2433 = LINE('',#2434,#2435);
#2434 = CARTESIAN_POINT('',(-14.25,24.85,83.8));
#2435 = VECTOR('',#2436,1.);
#2436 = DIRECTION('',(1.,0.,0.));
#2437 = ORIENTED_EDGE('',*,*,#2438,.T.);
#2438 = EDGE_CURVE('',#2431,#2439,#2441,.T.);
#2439 = VERTEX_POINT('',#2440);
#2440 = CARTESIAN_POINT('',(-5.25,26.85,83.8));
#2441 = LINE('',#2442,#2443);
#2442 = CARTESIAN_POINT('',(-5.25,24.35,83.8));
#2443 = VECTOR('',#2444,1.);
#2444 = DIRECTION('',(0.,1.,0.));
#2445 = ORIENTED_EDGE('',*,*,#2446,.F.);
#2446 = EDGE_CURVE('',#2447,#2439,#2449,.T.);
#2447 = VERTEX_POINT('',#2448);
#2448 = CARTESIAN_POINT('',(5.25,26.85,83.8));
#2449 = LINE('',#2450,#2451);
#2450 = CARTESIAN_POINT('',(-9.75,26.85,83.8));
#2451 = VECTOR('',#2452,1.);
#2452 = DIRECTION('',(-1.,0.,0.));
#2453 = ORIENTED_EDGE('',*,*,#2454,.F.);
#2454 = EDGE_CURVE('',#2455,#2447,#2457,.T.);
#2455 = VERTEX_POINT('',#2456);
#2456 = CARTESIAN_POINT('',(5.25,24.85,83.8));
#2457 = LINE('',#2458,#2459);
#2458 = CARTESIAN_POINT('',(5.25,24.35,83.8));
#2459 = VECTOR('',#2460,1.);
#2460 = DIRECTION('',(0.,1.,0.));
#2461 = ORIENTED_EDGE('',*,*,#2462,.T.);
#2462 = EDGE_CURVE('',#2455,#2421,#2463,.T.);
#2463 = LINE('',#2464,#2465);
#2464 = CARTESIAN_POINT('',(-14.25,24.85,83.8));
#2465 = VECTOR('',#2466,1.);
#2466 = DIRECTION('',(1.,0.,0.));
#2467 = PLANE('',#2468);
#2468 = AXIS2_PLACEMENT_3D('',#2469,#2470,#2471);
#2469 = CARTESIAN_POINT('',(-14.25,24.85,83.8));
#2470 = DIRECTION('',(0.,0.,1.));
#2471 = DIRECTION('',(0.,1.,0.));
#2472 = ADVANCED_FACE('',(#2473),#2507,.F.);
#2473 = FACE_BOUND('',#2474,.F.);
#2474 = EDGE_LOOP('',(#2475,#2485,#2493,#2499,#2500,#2501));
#2475 = ORIENTED_EDGE('',*,*,#2476,.T.);
#2476 = EDGE_CURVE('',#2477,#2479,#2481,.T.);
#2477 = VERTEX_POINT('',#2478);
#2478 = CARTESIAN_POINT('',(10.2,24.85,83.32));
#2479 = VERTEX_POINT('',#2480);
#2480 = CARTESIAN_POINT('',(10.2,22.,86.17));
#2481 = LINE('',#2482,#2483);
#2482 = CARTESIAN_POINT('',(10.2,32.,76.17));
#2483 = VECTOR('',#2484,1.);
#2484 = DIRECTION('',(0.,-0.707106781187,0.707106781187));
#2485 = ORIENTED_EDGE('',*,*,#2486,.T.);
#2486 = EDGE_CURVE('',#2479,#2487,#2489,.T.);
#2487 = VERTEX_POINT('',#2488);
#2488 = CARTESIAN_POINT('',(10.2,22.,90.17));
#2489 = LINE('',#2490,#2491);
#2490 = CARTESIAN_POINT('',(10.2,22.,86.17));
#2491 = VECTOR('',#2492,1.);
#2492 = DIRECTION('',(0.,0.,1.));
#2493 = ORIENTED_EDGE('',*,*,#2494,.T.);
#2494 = EDGE_CURVE('',#2487,#1659,#2495,.T.);
#2495 = LINE('',#2496,#2497);
#2496 = CARTESIAN_POINT('',(10.2,22.,90.17));
#2497 = VECTOR('',#2498,1.);
#2498 = DIRECTION('',(0.,1.,0.));
#2499 = ORIENTED_EDGE('',*,*,#1658,.F.);
#2500 = ORIENTED_EDGE('',*,*,#2397,.T.);
#2501 = ORIENTED_EDGE('',*,*,#2502,.T.);
#2502 = EDGE_CURVE('',#2398,#2477,#2503,.T.);
#2503 = LINE('',#2504,#2505);
#2504 = CARTESIAN_POINT('',(10.2,24.85,69.817233047034));
#2505 = VECTOR('',#2506,1.);
#2506 = DIRECTION('',(0.,0.,-1.));
#2507 = PLANE('',#2508);
#2508 = AXIS2_PLACEMENT_3D('',#2509,#2510,#2511);
#2509 = CARTESIAN_POINT('',(10.2,28.186460991119,84.634466094067));
#2510 = DIRECTION('',(-1.,-0.,-0.));
#2511 = DIRECTION('',(0.,0.,-1.));
#2512 = ADVANCED_FACE('',(#2513),#2547,.T.);
#2513 = FACE_BOUND('',#2514,.T.);
#2514 = EDGE_LOOP('',(#2515,#2525,#2533,#2539,#2540,#2541));
#2515 = ORIENTED_EDGE('',*,*,#2516,.T.);
#2516 = EDGE_CURVE('',#2517,#2519,#2521,.T.);
#2517 = VERTEX_POINT('',#2518);
#2518 = CARTESIAN_POINT('',(5.9,24.85,83.32));
#2519 = VERTEX_POINT('',#2520);
#2520 = CARTESIAN_POINT('',(5.9,22.,86.17));
#2521 = LINE('',#2522,#2523);
#2522 = CARTESIAN_POINT('',(5.9,32.,76.17));
#2523 = VECTOR('',#2524,1.);
#2524 = DIRECTION('',(0.,-0.707106781187,0.707106781187));
#2525 = ORIENTED_EDGE('',*,*,#2526,.T.);
#2526 = EDGE_CURVE('',#2519,#2527,#2529,.T.);
#2527 = VERTEX_POINT('',#2528);
#2528 = CARTESIAN_POINT('',(5.9,22.,90.17));
#2529 = LINE('',#2530,#2531);
#2530 = CARTESIAN_POINT('',(5.9,22.,86.17));
#2531 = VECTOR('',#2532,1.);
#2532 = DIRECTION('',(0.,0.,1.));
#2533 = ORIENTED_EDGE('',*,*,#2534,.T.);
#2534 = EDGE_CURVE('',#2527,#1667,#2535,.T.);
#2535 = LINE('',#2536,#2537);
#2536 = CARTESIAN_POINT('',(5.9,22.,90.17));
#2537 = VECTOR('',#2538,1.);
#2538 = DIRECTION('',(0.,1.,0.));
#2539 = ORIENTED_EDGE('',*,*,#1675,.F.);
#2540 = ORIENTED_EDGE('',*,*,#2420,.T.);
#2541 = ORIENTED_EDGE('',*,*,#2542,.T.);
#2542 = EDGE_CURVE('',#2421,#2517,#2543,.T.);
#2543 = LINE('',#2544,#2545);
#2544 = CARTESIAN_POINT('',(5.9,24.85,69.817233047034));
#2545 = VECTOR('',#2546,1.);
#2546 = DIRECTION('',(0.,0.,-1.));
#2547 = PLANE('',#2548);
#2548 = AXIS2_PLACEMENT_3D('',#2549,#2550,#2551);
#2549 = CARTESIAN_POINT('',(5.9,28.186460991119,84.634466094067));
#2550 = DIRECTION('',(-1.,-0.,-0.));
#2551 = DIRECTION('',(0.,0.,-1.));
#2552 = ADVANCED_FACE('',(#2553,#2564),#2575,.T.);
#2553 = FACE_BOUND('',#2554,.T.);
#2554 = EDGE_LOOP('',(#2555,#2556,#2562,#2563));
#2555 = ORIENTED_EDGE('',*,*,#2534,.F.);
#2556 = ORIENTED_EDGE('',*,*,#2557,.T.);
#2557 = EDGE_CURVE('',#2527,#2487,#2558,.T.);
#2558 = LINE('',#2559,#2560);
#2559 = CARTESIAN_POINT('',(5.9,22.,90.17));
#2560 = VECTOR('',#2561,1.);
#2561 = DIRECTION('',(1.,0.,0.));
#2562 = ORIENTED_EDGE('',*,*,#2494,.T.);
#2563 = ORIENTED_EDGE('',*,*,#1666,.T.);
#2564 = FACE_BOUND('',#2565,.T.);
#2565 = EDGE_LOOP('',(#2566));
#2566 = ORIENTED_EDGE('',*,*,#2567,.F.);
#2567 = EDGE_CURVE('',#2568,#2568,#2570,.T.);
#2568 = VERTEX_POINT('',#2569);
#2569 = CARTESIAN_POINT('',(8.7,25.,90.17));
#2570 = CIRCLE('',#2571,0.8);
#2571 = AXIS2_PLACEMENT_3D('',#2572,#2573,#2574);
#2572 = CARTESIAN_POINT('',(7.9,25.,90.17));
#2573 = DIRECTION('',(0.,0.,1.));
#2574 = DIRECTION('',(1.,0.,0.));
#2575 = PLANE('',#2576);
#2576 = AXIS2_PLACEMENT_3D('',#2577,#2578,#2579);
#2577 = CARTESIAN_POINT('',(5.9,22.,90.17));
#2578 = DIRECTION('',(0.,0.,1.));
#2579 = DIRECTION('',(0.,1.,0.));
#2580 = ADVANCED_FACE('',(#2581),#2592,.T.);
#2581 = FACE_BOUND('',#2582,.T.);
#2582 = EDGE_LOOP('',(#2583,#2584,#2585,#2591));
#2583 = ORIENTED_EDGE('',*,*,#1882,.F.);
#2584 = ORIENTED_EDGE('',*,*,#1788,.F.);
#2585 = ORIENTED_EDGE('',*,*,#2586,.T.);
#2586 = EDGE_CURVE('',#1789,#1844,#2587,.T.);
#2587 = LINE('',#2588,#2589);
#2588 = CARTESIAN_POINT('',(-5.35,25.6,90.02));
#2589 = VECTOR('',#2590,1.);
#2590 = DIRECTION('',(0.,1.,0.));
#2591 = ORIENTED_EDGE('',*,*,#1851,.T.);
#2592 = PLANE('',#2593);
#2593 = AXIS2_PLACEMENT_3D('',#2594,#2595,#2596);
#2594 = CARTESIAN_POINT('',(-5.35,25.6,90.02));
#2595 = DIRECTION('',(1.,0.,0.));
#2596 = DIRECTION('',(0.,0.,1.));
#2597 = ADVANCED_FACE('',(#2598),#2609,.T.);
#2598 = FACE_BOUND('',#2599,.T.);
#2599 = EDGE_LOOP('',(#2600,#2601,#2602,#2608));
#2600 = ORIENTED_EDGE('',*,*,#2586,.F.);
#2601 = ORIENTED_EDGE('',*,*,#1796,.F.);
#2602 = ORIENTED_EDGE('',*,*,#2603,.T.);
#2603 = EDGE_CURVE('',#1797,#1834,#2604,.T.);
#2604 = LINE('',#2605,#2606);
#2605 = CARTESIAN_POINT('',(5.35,25.6,90.02));
#2606 = VECTOR('',#2607,1.);
#2607 = DIRECTION('',(0.,1.,0.));
#2608 = ORIENTED_EDGE('',*,*,#1843,.F.);
#2609 = PLANE('',#2610);
#2610 = AXIS2_PLACEMENT_3D('',#2611,#2612,#2613);
#2611 = CARTESIAN_POINT('',(-5.35,25.6,90.02));
#2612 = DIRECTION('',(0.,0.,1.));
#2613 = DIRECTION('',(1.,0.,0.));
#2614 = ADVANCED_FACE('',(#2615),#2621,.F.);
#2615 = FACE_BOUND('',#2616,.F.);
#2616 = EDGE_LOOP('',(#2617,#2618,#2619,#2620));
#2617 = ORIENTED_EDGE('',*,*,#1900,.F.);
#2618 = ORIENTED_EDGE('',*,*,#1805,.F.);
#2619 = ORIENTED_EDGE('',*,*,#2603,.T.);
#2620 = ORIENTED_EDGE('',*,*,#1833,.T.);
#2621 = PLANE('',#2622);
#2622 = AXIS2_PLACEMENT_3D('',#2623,#2624,#2625);
#2623 = CARTESIAN_POINT('',(5.35,25.6,90.02));
#2624 = DIRECTION('',(1.,0.,0.));
#2625 = DIRECTION('',(0.,0.,1.));
#2626 = ADVANCED_FACE('',(#2627,#2631),#2634,.F.);
#2627 = FACE_BOUND('',#2628,.F.);
#2628 = EDGE_LOOP('',(#2629,#2630));
#2629 = ORIENTED_EDGE('',*,*,#2145,.T.);
#2630 = ORIENTED_EDGE('',*,*,#2240,.T.);
#2631 = FACE_BOUND('',#2632,.F.);
#2632 = EDGE_LOOP('',(#2633));
#2633 = ORIENTED_EDGE('',*,*,#1942,.F.);
#2634 = PLANE('',#2635);
#2635 = AXIS2_PLACEMENT_3D('',#2636,#2637,#2638);
#2636 = CARTESIAN_POINT('',(0.,27.7,43.5));
#2637 = DIRECTION('',(0.,1.,0.));
#2638 = DIRECTION('',(0.,0.,1.));
#2639 = ADVANCED_FACE('',(#2640,#2705,#2716,#2727,#2738),#2749,.T.);
#2640 = FACE_BOUND('',#2641,.T.);
#2641 = EDGE_LOOP('',(#2642,#2643,#2644,#2650,#2651,#2652,#2653,#2654,
    #2655,#2661,#2662,#2663,#2664,#2665,#2671,#2672,#2673,#2681,#2689,
    #2695,#2696,#2697,#2703,#2704));
#2642 = ORIENTED_EDGE('',*,*,#2112,.F.);
#2643 = ORIENTED_EDGE('',*,*,#2201,.T.);
#2644 = ORIENTED_EDGE('',*,*,#2645,.T.);
#2645 = EDGE_CURVE('',#2194,#1984,#2646,.T.);
#2646 = LINE('',#2647,#2648);
#2647 = CARTESIAN_POINT('',(-7.5,24.85,54.75));
#2648 = VECTOR('',#2649,1.);
#2649 = DIRECTION('',(0.,0.,1.));
#2650 = ORIENTED_EDGE('',*,*,#1983,.T.);
#2651 = ORIENTED_EDGE('',*,*,#2070,.T.);
#2652 = ORIENTED_EDGE('',*,*,#2087,.F.);
#2653 = ORIENTED_EDGE('',*,*,#2046,.F.);
#2654 = ORIENTED_EDGE('',*,*,#2015,.T.);
#2655 = ORIENTED_EDGE('',*,*,#2656,.F.);
#2656 = EDGE_CURVE('',#2170,#2008,#2657,.T.);
#2657 = LINE('',#2658,#2659);
#2658 = CARTESIAN_POINT('',(7.5,24.85,54.75));
#2659 = VECTOR('',#2660,1.);
#2660 = DIRECTION('',(0.,0.,1.));
#2661 = ORIENTED_EDGE('',*,*,#2169,.T.);
#2662 = ORIENTED_EDGE('',*,*,#2334,.T.);
#2663 = ORIENTED_EDGE('',*,*,#2405,.F.);
#2664 = ORIENTED_EDGE('',*,*,#2502,.T.);
#2665 = ORIENTED_EDGE('',*,*,#2666,.F.);
#2666 = EDGE_CURVE('',#2517,#2477,#2667,.T.);
#2667 = LINE('',#2668,#2669);
#2668 = CARTESIAN_POINT('',(-4.175,24.85,83.32));
#2669 = VECTOR('',#2670,1.);
#2670 = DIRECTION('',(1.,0.,0.));
#2671 = ORIENTED_EDGE('',*,*,#2542,.F.);
#2672 = ORIENTED_EDGE('',*,*,#2462,.F.);
#2673 = ORIENTED_EDGE('',*,*,#2674,.F.);
#2674 = EDGE_CURVE('',#2675,#2455,#2677,.T.);
#2675 = VERTEX_POINT('',#2676);
#2676 = CARTESIAN_POINT('',(5.25,24.85,80.5));
#2677 = LINE('',#2678,#2679);
#2678 = CARTESIAN_POINT('',(5.25,24.85,67.75));
#2679 = VECTOR('',#2680,1.);
#2680 = DIRECTION('',(0.,0.,1.));
#2681 = ORIENTED_EDGE('',*,*,#2682,.T.);
#2682 = EDGE_CURVE('',#2675,#2683,#2685,.T.);
#2683 = VERTEX_POINT('',#2684);
#2684 = CARTESIAN_POINT('',(-5.25,24.85,80.5));
#2685 = LINE('',#2686,#2687);
#2686 = CARTESIAN_POINT('',(-9.75,24.85,80.5));
#2687 = VECTOR('',#2688,1.);
#2688 = DIRECTION('',(-1.,0.,0.));
#2689 = ORIENTED_EDGE('',*,*,#2690,.T.);
#2690 = EDGE_CURVE('',#2683,#2431,#2691,.T.);
#2691 = LINE('',#2692,#2693);
#2692 = CARTESIAN_POINT('',(-5.25,24.85,67.75));
#2693 = VECTOR('',#2694,1.);
#2694 = DIRECTION('',(0.,0.,1.));
#2695 = ORIENTED_EDGE('',*,*,#2430,.F.);
#2696 = ORIENTED_EDGE('',*,*,#2382,.T.);
#2697 = ORIENTED_EDGE('',*,*,#2698,.F.);
#2698 = EDGE_CURVE('',#2258,#2357,#2699,.T.);
#2699 = LINE('',#2700,#2701);
#2700 = CARTESIAN_POINT('',(-12.225,24.85,83.32));
#2701 = VECTOR('',#2702,1.);
#2702 = DIRECTION('',(1.,0.,0.));
#2703 = ORIENTED_EDGE('',*,*,#2283,.F.);
#2704 = ORIENTED_EDGE('',*,*,#2216,.F.);
#2705 = FACE_BOUND('',#2706,.T.);
#2706 = EDGE_LOOP('',(#2707));
#2707 = ORIENTED_EDGE('',*,*,#2708,.T.);
#2708 = EDGE_CURVE('',#2709,#2709,#2711,.T.);
#2709 = VERTEX_POINT('',#2710);
#2710 = CARTESIAN_POINT('',(11.75,24.85,58.3));
#2711 = CIRCLE('',#2712,0.8);
#2712 = AXIS2_PLACEMENT_3D('',#2713,#2714,#2715);
#2713 = CARTESIAN_POINT('',(11.75,24.85,57.5));
#2714 = DIRECTION('',(0.,1.,0.));
#2715 = DIRECTION('',(0.,0.,1.));
#2716 = FACE_BOUND('',#2717,.T.);
#2717 = EDGE_LOOP('',(#2718));
#2718 = ORIENTED_EDGE('',*,*,#2719,.T.);
#2719 = EDGE_CURVE('',#2720,#2720,#2722,.T.);
#2720 = VERTEX_POINT('',#2721);
#2721 = CARTESIAN_POINT('',(11.75,24.85,82.1));
#2722 = CIRCLE('',#2723,0.8);
#2723 = AXIS2_PLACEMENT_3D('',#2724,#2725,#2726);
#2724 = CARTESIAN_POINT('',(11.75,24.85,81.3));
#2725 = DIRECTION('',(0.,1.,0.));
#2726 = DIRECTION('',(0.,0.,1.));
#2727 = FACE_BOUND('',#2728,.T.);
#2728 = EDGE_LOOP('',(#2729));
#2729 = ORIENTED_EDGE('',*,*,#2730,.T.);
#2730 = EDGE_CURVE('',#2731,#2731,#2733,.T.);
#2731 = VERTEX_POINT('',#2732);
#2732 = CARTESIAN_POINT('',(-11.75,24.85,58.3));
#2733 = CIRCLE('',#2734,0.8);
#2734 = AXIS2_PLACEMENT_3D('',#2735,#2736,#2737);
#2735 = CARTESIAN_POINT('',(-11.75,24.85,57.5));
#2736 = DIRECTION('',(0.,1.,0.));
#2737 = DIRECTION('',(0.,0.,1.));
#2738 = FACE_BOUND('',#2739,.T.);
#2739 = EDGE_LOOP('',(#2740));
#2740 = ORIENTED_EDGE('',*,*,#2741,.T.);
#2741 = EDGE_CURVE('',#2742,#2742,#2744,.T.);
#2742 = VERTEX_POINT('',#2743);
#2743 = CARTESIAN_POINT('',(-11.75,24.85,82.1));
#2744 = CIRCLE('',#2745,0.8);
#2745 = AXIS2_PLACEMENT_3D('',#2746,#2747,#2748);
#2746 = CARTESIAN_POINT('',(-11.75,24.85,81.3));
#2747 = DIRECTION('',(0.,1.,0.));
#2748 = DIRECTION('',(0.,0.,1.));
#2749 = PLANE('',#2750);
#2750 = AXIS2_PLACEMENT_3D('',#2751,#2752,#2753);
#2751 = CARTESIAN_POINT('',(-14.25,24.85,55.));
#2752 = DIRECTION('',(0.,-1.,0.));
#2753 = DIRECTION('',(0.,0.,1.));
#2754 = ADVANCED_FACE('',(#2755),#2774,.F.);
#2755 = FACE_BOUND('',#2756,.F.);
#2756 = EDGE_LOOP('',(#2757,#2758,#2766,#2772,#2773));
#2757 = ORIENTED_EDGE('',*,*,#2177,.F.);
#2758 = ORIENTED_EDGE('',*,*,#2759,.T.);
#2759 = EDGE_CURVE('',#2178,#2760,#2762,.T.);
#2760 = VERTEX_POINT('',#2761);
#2761 = CARTESIAN_POINT('',(7.5,25.85,54.5));
#2762 = LINE('',#2763,#2764);
#2763 = CARTESIAN_POINT('',(7.5,23.85,54.5));
#2764 = VECTOR('',#2765,1.);
#2765 = DIRECTION('',(0.,1.,0.));
#2766 = ORIENTED_EDGE('',*,*,#2767,.T.);
#2767 = EDGE_CURVE('',#2760,#2000,#2768,.T.);
#2768 = LINE('',#2769,#2770);
#2769 = CARTESIAN_POINT('',(7.5,25.85,54.5));
#2770 = VECTOR('',#2771,1.);
#2771 = DIRECTION('',(0.,0.,1.));
#2772 = ORIENTED_EDGE('',*,*,#2007,.F.);
#2773 = ORIENTED_EDGE('',*,*,#2656,.F.);
#2774 = PLANE('',#2775);
#2775 = AXIS2_PLACEMENT_3D('',#2776,#2777,#2778);
#2776 = CARTESIAN_POINT('',(7.5,23.85,54.5));
#2777 = DIRECTION('',(1.,0.,0.));
#2778 = DIRECTION('',(0.,0.,1.));
#2779 = ADVANCED_FACE('',(#2780),#2798,.F.);
#2780 = FACE_BOUND('',#2781,.F.);
#2781 = EDGE_LOOP('',(#2782,#2783,#2791,#2797));
#2782 = ORIENTED_EDGE('',*,*,#2767,.F.);
#2783 = ORIENTED_EDGE('',*,*,#2784,.F.);
#2784 = EDGE_CURVE('',#2785,#2760,#2787,.T.);
#2785 = VERTEX_POINT('',#2786);
#2786 = CARTESIAN_POINT('',(-7.5,25.85,54.5));
#2787 = LINE('',#2788,#2789);
#2788 = CARTESIAN_POINT('',(-7.5,25.85,54.5));
#2789 = VECTOR('',#2790,1.);
#2790 = DIRECTION('',(1.,0.,0.));
#2791 = ORIENTED_EDGE('',*,*,#2792,.T.);
#2792 = EDGE_CURVE('',#2785,#1992,#2793,.T.);
#2793 = LINE('',#2794,#2795);
#2794 = CARTESIAN_POINT('',(-7.5,25.85,54.5));
#2795 = VECTOR('',#2796,1.);
#2796 = DIRECTION('',(0.,0.,1.));
#2797 = ORIENTED_EDGE('',*,*,#1999,.F.);
#2798 = PLANE('',#2799);
#2799 = AXIS2_PLACEMENT_3D('',#2800,#2801,#2802);
#2800 = CARTESIAN_POINT('',(-7.5,25.85,54.5));
#2801 = DIRECTION('',(0.,1.,0.));
#2802 = DIRECTION('',(0.,0.,1.));
#2803 = ADVANCED_FACE('',(#2804),#2816,.T.);
#2804 = FACE_BOUND('',#2805,.T.);
#2805 = EDGE_LOOP('',(#2806,#2807,#2813,#2814,#2815));
#2806 = ORIENTED_EDGE('',*,*,#2193,.F.);
#2807 = ORIENTED_EDGE('',*,*,#2808,.T.);
#2808 = EDGE_CURVE('',#2186,#2785,#2809,.T.);
#2809 = LINE('',#2810,#2811);
#2810 = CARTESIAN_POINT('',(-7.5,23.85,54.5));
#2811 = VECTOR('',#2812,1.);
#2812 = DIRECTION('',(0.,1.,0.));
#2813 = ORIENTED_EDGE('',*,*,#2792,.T.);
#2814 = ORIENTED_EDGE('',*,*,#1991,.F.);
#2815 = ORIENTED_EDGE('',*,*,#2645,.F.);
#2816 = PLANE('',#2817);
#2817 = AXIS2_PLACEMENT_3D('',#2818,#2819,#2820);
#2818 = CARTESIAN_POINT('',(-7.5,23.85,54.5));
#2819 = DIRECTION('',(1.,0.,0.));
#2820 = DIRECTION('',(0.,0.,1.));
#2821 = ADVANCED_FACE('',(#2822),#2828,.T.);
#2822 = FACE_BOUND('',#2823,.T.);
#2823 = EDGE_LOOP('',(#2824,#2825,#2826,#2827));
#2824 = ORIENTED_EDGE('',*,*,#2808,.F.);
#2825 = ORIENTED_EDGE('',*,*,#2185,.F.);
#2826 = ORIENTED_EDGE('',*,*,#2759,.T.);
#2827 = ORIENTED_EDGE('',*,*,#2784,.F.);
#2828 = PLANE('',#2829);
#2829 = AXIS2_PLACEMENT_3D('',#2830,#2831,#2832);
#2830 = CARTESIAN_POINT('',(-7.5,23.85,54.5));
#2831 = DIRECTION('',(0.,0.,1.));
#2832 = DIRECTION('',(1.,0.,0.));
#2833 = ADVANCED_FACE('',(#2834),#2845,.T.);
#2834 = FACE_BOUND('',#2835,.T.);
#2835 = EDGE_LOOP('',(#2836,#2837,#2838,#2839));
#2836 = ORIENTED_EDGE('',*,*,#2257,.F.);
#2837 = ORIENTED_EDGE('',*,*,#2698,.T.);
#2838 = ORIENTED_EDGE('',*,*,#2356,.T.);
#2839 = ORIENTED_EDGE('',*,*,#2840,.F.);
#2840 = EDGE_CURVE('',#2260,#2359,#2841,.T.);
#2841 = LINE('',#2842,#2843);
#2842 = CARTESIAN_POINT('',(-10.2,22.,86.17));
#2843 = VECTOR('',#2844,1.);
#2844 = DIRECTION('',(1.,0.,0.));
#2845 = PLANE('',#2846);
#2846 = AXIS2_PLACEMENT_3D('',#2847,#2848,#2849);
#2847 = CARTESIAN_POINT('',(-10.2,32.,76.17));
#2848 = DIRECTION('',(0.,-0.707106781187,-0.707106781187));
#2849 = DIRECTION('',(0.,-0.707106781187,0.707106781187));
#2850 = ADVANCED_FACE('',(#2851),#2857,.T.);
#2851 = FACE_BOUND('',#2852,.T.);
#2852 = EDGE_LOOP('',(#2853,#2854,#2855,#2856));
#2853 = ORIENTED_EDGE('',*,*,#2840,.T.);
#2854 = ORIENTED_EDGE('',*,*,#2366,.T.);
#2855 = ORIENTED_EDGE('',*,*,#2298,.F.);
#2856 = ORIENTED_EDGE('',*,*,#2267,.F.);
#2857 = PLANE('',#2858);
#2858 = AXIS2_PLACEMENT_3D('',#2859,#2860,#2861);
#2859 = CARTESIAN_POINT('',(-10.2,22.,86.17));
#2860 = DIRECTION('',(0.,-1.,0.));
#2861 = DIRECTION('',(0.,0.,1.));
#2862 = ADVANCED_FACE('',(#2863),#2882,.F.);
#2863 = FACE_BOUND('',#2864,.F.);
#2864 = EDGE_LOOP('',(#2865,#2866,#2874,#2881));
#2865 = ORIENTED_EDGE('',*,*,#2315,.F.);
#2866 = ORIENTED_EDGE('',*,*,#2867,.F.);
#2867 = EDGE_CURVE('',#2868,#2316,#2870,.T.);
#2868 = VERTEX_POINT('',#2869);
#2869 = CARTESIAN_POINT('',(-7.1,25.,85.67));
#2870 = LINE('',#2871,#2872);
#2871 = CARTESIAN_POINT('',(-7.1,25.,85.67));
#2872 = VECTOR('',#2873,1.);
#2873 = DIRECTION('',(0.,0.,1.));
#2874 = ORIENTED_EDGE('',*,*,#2875,.T.);
#2875 = EDGE_CURVE('',#2868,#2868,#2876,.T.);
#2876 = CIRCLE('',#2877,0.8);
#2877 = AXIS2_PLACEMENT_3D('',#2878,#2879,#2880);
#2878 = CARTESIAN_POINT('',(-7.9,25.,85.67));
#2879 = DIRECTION('',(0.,0.,1.));
#2880 = DIRECTION('',(1.,0.,0.));
#2881 = ORIENTED_EDGE('',*,*,#2867,.T.);
#2882 = CYLINDRICAL_SURFACE('',#2883,0.8);
#2883 = AXIS2_PLACEMENT_3D('',#2884,#2885,#2886);
#2884 = CARTESIAN_POINT('',(-7.9,25.,85.67));
#2885 = DIRECTION('',(0.,0.,1.));
#2886 = DIRECTION('',(1.,0.,0.));
#2887 = ADVANCED_FACE('',(#2888),#2906,.F.);
#2888 = FACE_BOUND('',#2889,.F.);
#2889 = EDGE_LOOP('',(#2890,#2891,#2899,#2905));
#2890 = ORIENTED_EDGE('',*,*,#2674,.F.);
#2891 = ORIENTED_EDGE('',*,*,#2892,.T.);
#2892 = EDGE_CURVE('',#2675,#2893,#2895,.T.);
#2893 = VERTEX_POINT('',#2894);
#2894 = CARTESIAN_POINT('',(5.25,26.85,80.5));
#2895 = LINE('',#2896,#2897);
#2896 = CARTESIAN_POINT('',(5.25,23.85,80.5));
#2897 = VECTOR('',#2898,1.);
#2898 = DIRECTION('',(0.,1.,0.));
#2899 = ORIENTED_EDGE('',*,*,#2900,.T.);
#2900 = EDGE_CURVE('',#2893,#2447,#2901,.T.);
#2901 = LINE('',#2902,#2903);
#2902 = CARTESIAN_POINT('',(5.25,26.85,80.5));
#2903 = VECTOR('',#2904,1.);
#2904 = DIRECTION('',(0.,0.,1.));
#2905 = ORIENTED_EDGE('',*,*,#2454,.F.);
#2906 = PLANE('',#2907);
#2907 = AXIS2_PLACEMENT_3D('',#2908,#2909,#2910);
#2908 = CARTESIAN_POINT('',(5.25,23.85,80.5));
#2909 = DIRECTION('',(1.,0.,0.));
#2910 = DIRECTION('',(0.,0.,1.));
#2911 = ADVANCED_FACE('',(#2912),#2930,.F.);
#2912 = FACE_BOUND('',#2913,.F.);
#2913 = EDGE_LOOP('',(#2914,#2915,#2923,#2929));
#2914 = ORIENTED_EDGE('',*,*,#2900,.F.);
#2915 = ORIENTED_EDGE('',*,*,#2916,.F.);
#2916 = EDGE_CURVE('',#2917,#2893,#2919,.T.);
#2917 = VERTEX_POINT('',#2918);
#2918 = CARTESIAN_POINT('',(-5.25,26.85,80.5));
#2919 = LINE('',#2920,#2921);
#2920 = CARTESIAN_POINT('',(-5.25,26.85,80.5));
#2921 = VECTOR('',#2922,1.);
#2922 = DIRECTION('',(1.,0.,0.));
#2923 = ORIENTED_EDGE('',*,*,#2924,.T.);
#2924 = EDGE_CURVE('',#2917,#2439,#2925,.T.);
#2925 = LINE('',#2926,#2927);
#2926 = CARTESIAN_POINT('',(-5.25,26.85,80.5));
#2927 = VECTOR('',#2928,1.);
#2928 = DIRECTION('',(0.,0.,1.));
#2929 = ORIENTED_EDGE('',*,*,#2446,.F.);
#2930 = PLANE('',#2931);
#2931 = AXIS2_PLACEMENT_3D('',#2932,#2933,#2934);
#2932 = CARTESIAN_POINT('',(-5.25,26.85,80.5));
#2933 = DIRECTION('',(0.,1.,0.));
#2934 = DIRECTION('',(0.,0.,1.));
#2935 = ADVANCED_FACE('',(#2936),#2947,.T.);
#2936 = FACE_BOUND('',#2937,.T.);
#2937 = EDGE_LOOP('',(#2938,#2939,#2945,#2946));
#2938 = ORIENTED_EDGE('',*,*,#2690,.F.);
#2939 = ORIENTED_EDGE('',*,*,#2940,.T.);
#2940 = EDGE_CURVE('',#2683,#2917,#2941,.T.);
#2941 = LINE('',#2942,#2943);
#2942 = CARTESIAN_POINT('',(-5.25,23.85,80.5));
#2943 = VECTOR('',#2944,1.);
#2944 = DIRECTION('',(0.,1.,0.));
#2945 = ORIENTED_EDGE('',*,*,#2924,.T.);
#2946 = ORIENTED_EDGE('',*,*,#2438,.F.);
#2947 = PLANE('',#2948);
#2948 = AXIS2_PLACEMENT_3D('',#2949,#2950,#2951);
#2949 = CARTESIAN_POINT('',(-5.25,23.85,80.5));
#2950 = DIRECTION('',(1.,0.,0.));
#2951 = DIRECTION('',(0.,0.,1.));
#2952 = ADVANCED_FACE('',(#2953),#2964,.T.);
#2953 = FACE_BOUND('',#2954,.T.);
#2954 = EDGE_LOOP('',(#2955,#2956,#2957,#2958));
#2955 = ORIENTED_EDGE('',*,*,#2516,.F.);
#2956 = ORIENTED_EDGE('',*,*,#2666,.T.);
#2957 = ORIENTED_EDGE('',*,*,#2476,.T.);
#2958 = ORIENTED_EDGE('',*,*,#2959,.F.);
#2959 = EDGE_CURVE('',#2519,#2479,#2960,.T.);
#2960 = LINE('',#2961,#2962);
#2961 = CARTESIAN_POINT('',(5.9,22.,86.17));
#2962 = VECTOR('',#2963,1.);
#2963 = DIRECTION('',(1.,0.,0.));
#2964 = PLANE('',#2965);
#2965 = AXIS2_PLACEMENT_3D('',#2966,#2967,#2968);
#2966 = CARTESIAN_POINT('',(5.9,32.,76.17));
#2967 = DIRECTION('',(0.,-0.707106781187,-0.707106781187));
#2968 = DIRECTION('',(0.,-0.707106781187,0.707106781187));
#2969 = ADVANCED_FACE('',(#2970),#2976,.T.);
#2970 = FACE_BOUND('',#2971,.T.);
#2971 = EDGE_LOOP('',(#2972,#2973,#2974,#2975));
#2972 = ORIENTED_EDGE('',*,*,#2959,.T.);
#2973 = ORIENTED_EDGE('',*,*,#2486,.T.);
#2974 = ORIENTED_EDGE('',*,*,#2557,.F.);
#2975 = ORIENTED_EDGE('',*,*,#2526,.F.);
#2976 = PLANE('',#2977);
#2977 = AXIS2_PLACEMENT_3D('',#2978,#2979,#2980);
#2978 = CARTESIAN_POINT('',(5.9,22.,86.17));
#2979 = DIRECTION('',(0.,-1.,0.));
#2980 = DIRECTION('',(0.,0.,1.));
#2981 = ADVANCED_FACE('',(#2982),#3001,.F.);
#2982 = FACE_BOUND('',#2983,.F.);
#2983 = EDGE_LOOP('',(#2984,#2985,#2993,#3000));
#2984 = ORIENTED_EDGE('',*,*,#2567,.F.);
#2985 = ORIENTED_EDGE('',*,*,#2986,.F.);
#2986 = EDGE_CURVE('',#2987,#2568,#2989,.T.);
#2987 = VERTEX_POINT('',#2988);
#2988 = CARTESIAN_POINT('',(8.7,25.,85.67));
#2989 = LINE('',#2990,#2991);
#2990 = CARTESIAN_POINT('',(8.7,25.,85.67));
#2991 = VECTOR('',#2992,1.);
#2992 = DIRECTION('',(0.,0.,1.));
#2993 = ORIENTED_EDGE('',*,*,#2994,.T.);
#2994 = EDGE_CURVE('',#2987,#2987,#2995,.T.);
#2995 = CIRCLE('',#2996,0.8);
#2996 = AXIS2_PLACEMENT_3D('',#2997,#2998,#2999);
#2997 = CARTESIAN_POINT('',(7.9,25.,85.67));
#2998 = DIRECTION('',(0.,0.,1.));
#2999 = DIRECTION('',(1.,0.,0.));
#3000 = ORIENTED_EDGE('',*,*,#2986,.T.);
#3001 = CYLINDRICAL_SURFACE('',#3002,0.8);
#3002 = AXIS2_PLACEMENT_3D('',#3003,#3004,#3005);
#3003 = CARTESIAN_POINT('',(7.9,25.,85.67));
#3004 = DIRECTION('',(0.,0.,1.));
#3005 = DIRECTION('',(1.,0.,0.));
#3006 = ADVANCED_FACE('',(#3007),#3013,.T.);
#3007 = FACE_BOUND('',#3008,.T.);
#3008 = EDGE_LOOP('',(#3009,#3010,#3011,#3012));
#3009 = ORIENTED_EDGE('',*,*,#2940,.F.);
#3010 = ORIENTED_EDGE('',*,*,#2682,.F.);
#3011 = ORIENTED_EDGE('',*,*,#2892,.T.);
#3012 = ORIENTED_EDGE('',*,*,#2916,.F.);
#3013 = PLANE('',#3014);
#3014 = AXIS2_PLACEMENT_3D('',#3015,#3016,#3017);
#3015 = CARTESIAN_POINT('',(-5.25,23.85,80.5));
#3016 = DIRECTION('',(0.,0.,1.));
#3017 = DIRECTION('',(1.,0.,0.));
#3018 = ADVANCED_FACE('',(#3019),#3038,.F.);
#3019 = FACE_BOUND('',#3020,.F.);
#3020 = EDGE_LOOP('',(#3021,#3029,#3036,#3037));
#3021 = ORIENTED_EDGE('',*,*,#3022,.T.);
#3022 = EDGE_CURVE('',#2709,#3023,#3025,.T.);
#3023 = VERTEX_POINT('',#3024);
#3024 = CARTESIAN_POINT('',(11.75,27.85,58.3));
#3025 = LINE('',#3026,#3027);
#3026 = CARTESIAN_POINT('',(11.75,23.85,58.3));
#3027 = VECTOR('',#3028,1.);
#3028 = DIRECTION('',(0.,1.,0.));
#3029 = ORIENTED_EDGE('',*,*,#3030,.F.);
#3030 = EDGE_CURVE('',#3023,#3023,#3031,.T.);
#3031 = CIRCLE('',#3032,0.8);
#3032 = AXIS2_PLACEMENT_3D('',#3033,#3034,#3035);
#3033 = CARTESIAN_POINT('',(11.75,27.85,57.5));
#3034 = DIRECTION('',(0.,1.,0.));
#3035 = DIRECTION('',(0.,0.,1.));
#3036 = ORIENTED_EDGE('',*,*,#3022,.F.);
#3037 = ORIENTED_EDGE('',*,*,#2708,.T.);
#3038 = CYLINDRICAL_SURFACE('',#3039,0.8);
#3039 = AXIS2_PLACEMENT_3D('',#3040,#3041,#3042);
#3040 = CARTESIAN_POINT('',(11.75,23.85,57.5));
#3041 = DIRECTION('',(0.,1.,0.));
#3042 = DIRECTION('',(0.,0.,1.));
#3043 = ADVANCED_FACE('',(#3044),#3063,.F.);
#3044 = FACE_BOUND('',#3045,.F.);
#3045 = EDGE_LOOP('',(#3046,#3054,#3061,#3062));
#3046 = ORIENTED_EDGE('',*,*,#3047,.T.);
#3047 = EDGE_CURVE('',#2720,#3048,#3050,.T.);
#3048 = VERTEX_POINT('',#3049);
#3049 = CARTESIAN_POINT('',(11.75,27.85,82.1));
#3050 = LINE('',#3051,#3052);
#3051 = CARTESIAN_POINT('',(11.75,23.85,82.1));
#3052 = VECTOR('',#3053,1.);
#3053 = DIRECTION('',(0.,1.,0.));
#3054 = ORIENTED_EDGE('',*,*,#3055,.F.);
#3055 = EDGE_CURVE('',#3048,#3048,#3056,.T.);
#3056 = CIRCLE('',#3057,0.8);
#3057 = AXIS2_PLACEMENT_3D('',#3058,#3059,#3060);
#3058 = CARTESIAN_POINT('',(11.75,27.85,81.3));
#3059 = DIRECTION('',(0.,1.,0.));
#3060 = DIRECTION('',(0.,0.,1.));
#3061 = ORIENTED_EDGE('',*,*,#3047,.F.);
#3062 = ORIENTED_EDGE('',*,*,#2719,.T.);
#3063 = CYLINDRICAL_SURFACE('',#3064,0.8);
#3064 = AXIS2_PLACEMENT_3D('',#3065,#3066,#3067);
#3065 = CARTESIAN_POINT('',(11.75,23.85,81.3));
#3066 = DIRECTION('',(0.,1.,0.));
#3067 = DIRECTION('',(0.,0.,1.));
#3068 = ADVANCED_FACE('',(#3069),#3088,.F.);
#3069 = FACE_BOUND('',#3070,.F.);
#3070 = EDGE_LOOP('',(#3071,#3079,#3086,#3087));
#3071 = ORIENTED_EDGE('',*,*,#3072,.T.);
#3072 = EDGE_CURVE('',#2731,#3073,#3075,.T.);
#3073 = VERTEX_POINT('',#3074);
#3074 = CARTESIAN_POINT('',(-11.75,27.85,58.3));
#3075 = LINE('',#3076,#3077);
#3076 = CARTESIAN_POINT('',(-11.75,23.85,58.3));
#3077 = VECTOR('',#3078,1.);
#3078 = DIRECTION('',(0.,1.,0.));
#3079 = ORIENTED_EDGE('',*,*,#3080,.F.);
#3080 = EDGE_CURVE('',#3073,#3073,#3081,.T.);
#3081 = CIRCLE('',#3082,0.8);
#3082 = AXIS2_PLACEMENT_3D('',#3083,#3084,#3085);
#3083 = CARTESIAN_POINT('',(-11.75,27.85,57.5));
#3084 = DIRECTION('',(0.,1.,0.));
#3085 = DIRECTION('',(0.,0.,1.));
#3086 = ORIENTED_EDGE('',*,*,#3072,.F.);
#3087 = ORIENTED_EDGE('',*,*,#2730,.T.);
#3088 = CYLINDRICAL_SURFACE('',#3089,0.8);
#3089 = AXIS2_PLACEMENT_3D('',#3090,#3091,#3092);
#3090 = CARTESIAN_POINT('',(-11.75,23.85,57.5));
#3091 = DIRECTION('',(0.,1.,0.));
#3092 = DIRECTION('',(0.,0.,1.));
#3093 = ADVANCED_FACE('',(#3094),#3113,.F.);
#3094 = FACE_BOUND('',#3095,.F.);
#3095 = EDGE_LOOP('',(#3096,#3104,#3111,#3112));
#3096 = ORIENTED_EDGE('',*,*,#3097,.T.);
#3097 = EDGE_CURVE('',#2742,#3098,#3100,.T.);
#3098 = VERTEX_POINT('',#3099);
#3099 = CARTESIAN_POINT('',(-11.75,27.85,82.1));
#3100 = LINE('',#3101,#3102);
#3101 = CARTESIAN_POINT('',(-11.75,23.85,82.1));
#3102 = VECTOR('',#3103,1.);
#3103 = DIRECTION('',(0.,1.,0.));
#3104 = ORIENTED_EDGE('',*,*,#3105,.F.);
#3105 = EDGE_CURVE('',#3098,#3098,#3106,.T.);
#3106 = CIRCLE('',#3107,0.8);
#3107 = AXIS2_PLACEMENT_3D('',#3108,#3109,#3110);
#3108 = CARTESIAN_POINT('',(-11.75,27.85,81.3));
#3109 = DIRECTION('',(0.,1.,0.));
#3110 = DIRECTION('',(0.,0.,1.));
#3111 = ORIENTED_EDGE('',*,*,#3097,.F.);
#3112 = ORIENTED_EDGE('',*,*,#2741,.T.);
#3113 = CYLINDRICAL_SURFACE('',#3114,0.8);
#3114 = AXIS2_PLACEMENT_3D('',#3115,#3116,#3117);
#3115 = CARTESIAN_POINT('',(-11.75,23.85,81.3));
#3116 = DIRECTION('',(0.,1.,0.));
#3117 = DIRECTION('',(0.,0.,1.));
#3118 = ADVANCED_FACE('',(#3119),#3122,.T.);
#3119 = FACE_BOUND('',#3120,.F.);
#3120 = EDGE_LOOP('',(#3121));
#3121 = ORIENTED_EDGE('',*,*,#2875,.F.);
#3122 = PLANE('',#3123);
#3123 = AXIS2_PLACEMENT_3D('',#3124,#3125,#3126);
#3124 = CARTESIAN_POINT('',(-7.9,25.,85.67));
#3125 = DIRECTION('',(0.,0.,1.));
#3126 = DIRECTION('',(1.,0.,0.));
#3127 = ADVANCED_FACE('',(#3128),#3131,.T.);
#3128 = FACE_BOUND('',#3129,.F.);
#3129 = EDGE_LOOP('',(#3130));
#3130 = ORIENTED_EDGE('',*,*,#2994,.F.);
#3131 = PLANE('',#3132);
#3132 = AXIS2_PLACEMENT_3D('',#3133,#3134,#3135);
#3133 = CARTESIAN_POINT('',(7.9,25.,85.67));
#3134 = DIRECTION('',(0.,0.,1.));
#3135 = DIRECTION('',(1.,0.,0.));
#3136 = ADVANCED_FACE('',(#3137),#3140,.F.);
#3137 = FACE_BOUND('',#3138,.F.);
#3138 = EDGE_LOOP('',(#3139));
#3139 = ORIENTED_EDGE('',*,*,#3030,.T.);
#3140 = PLANE('',#3141);
#3141 = AXIS2_PLACEMENT_3D('',#3142,#3143,#3144);
#3142 = CARTESIAN_POINT('',(11.75,27.85,57.5));
#3143 = DIRECTION('',(0.,1.,0.));
#3144 = DIRECTION('',(0.,0.,1.));
#3145 = ADVANCED_FACE('',(#3146),#3149,.F.);
#3146 = FACE_BOUND('',#3147,.F.);
#3147 = EDGE_LOOP('',(#3148));
#3148 = ORIENTED_EDGE('',*,*,#3055,.T.);
#3149 = PLANE('',#3150);
#3150 = AXIS2_PLACEMENT_3D('',#3151,#3152,#3153);
#3151 = CARTESIAN_POINT('',(11.75,27.85,81.3));
#3152 = DIRECTION('',(0.,1.,0.));
#3153 = DIRECTION('',(0.,0.,1.));
#3154 = ADVANCED_FACE('',(#3155),#3158,.F.);
#3155 = FACE_BOUND('',#3156,.F.);
#3156 = EDGE_LOOP('',(#3157));
#3157 = ORIENTED_EDGE('',*,*,#3080,.T.);
#3158 = PLANE('',#3159);
#3159 = AXIS2_PLACEMENT_3D('',#3160,#3161,#3162);
#3160 = CARTESIAN_POINT('',(-11.75,27.85,57.5));
#3161 = DIRECTION('',(0.,1.,0.));
#3162 = DIRECTION('',(0.,0.,1.));
#3163 = ADVANCED_FACE('',(#3164),#3167,.F.);
#3164 = FACE_BOUND('',#3165,.F.);
#3165 = EDGE_LOOP('',(#3166));
#3166 = ORIENTED_EDGE('',*,*,#3105,.T.);
#3167 = PLANE('',#3168);
#3168 = AXIS2_PLACEMENT_3D('',#3169,#3170,#3171);
#3169 = CARTESIAN_POINT('',(-11.75,27.85,81.3));
#3170 = DIRECTION('',(0.,1.,0.));
#3171 = DIRECTION('',(0.,0.,1.));
#3172 = ADVANCED_FACE('',(#3173),#3179,.F.);
#3173 = FACE_BOUND('',#3174,.F.);
#3174 = EDGE_LOOP('',(#3175,#3176,#3177,#3178));
#3175 = ORIENTED_EDGE('',*,*,#1349,.T.);
#3176 = ORIENTED_EDGE('',*,*,#1339,.T.);
#3177 = ORIENTED_EDGE('',*,*,#122,.F.);
#3178 = ORIENTED_EDGE('',*,*,#221,.F.);
#3179 = CYLINDRICAL_SURFACE('',#3180,7.5);
#3180 = AXIS2_PLACEMENT_3D('',#3181,#3182,#3183);
#3181 = CARTESIAN_POINT('',(0.,31.108680460605,43.5));
#3182 = DIRECTION('',(0.,1.,0.));
#3183 = DIRECTION('',(0.,0.,1.));
#3184 = ( GEOMETRIC_REPRESENTATION_CONTEXT(3) 
GLOBAL_UNCERTAINTY_ASSIGNED_CONTEXT((#3188)) 
GLOBAL_UNIT_ASSIGNED_CONTEXT((#3185,#3186,#3187)) REPRESENTATION_CONTEXT
('Context #1','3D Context with UNIT and UNCERTAINTY') );
#3185 = ( LENGTH_UNIT() NAMED_UNIT(*) SI_UNIT(.MILLI.,.METRE.) );
#3186 = ( NAMED_UNIT(*) PLANE_ANGLE_UNIT() SI_UNIT($,.RADIAN.) );
#3187 = ( NAMED_UNIT(*) SI_UNIT($,.STERADIAN.) SOLID_ANGLE_UNIT() );
#3188 = UNCERTAINTY_MEASURE_WITH_UNIT(LENGTH_MEASURE(1.E-06),#3185,
  'distance_accuracy_value','confusion accuracy');
#3189 = PRODUCT_RELATED_PRODUCT_CATEGORY('part',$,(#7));
ENDSEC;
END-ISO-10303-21;
