ISO-10303-21;
HEADER;
FILE_DESCRIPTION(('FreeCAD Model'),'2;1');
FILE_NAME('Open CASCADE Shape Model','2026-09-22T17:20:30',('FreeCAD'),(
    'FreeCAD'),'Open CASCADE STEP processor 7.8','FreeCAD','Unknown');
FILE_SCHEMA(('AUTOMOTIVE_DESIGN { 1 0 10303 214 1 1 1 1 }'));
ENDSEC;
DATA;
#1 = APPLICATION_PROTOCOL_DEFINITION('international standard',
  'automotive_design',2000,#2);
#2 = APPLICATION_CONTEXT(
  'core data for automotive mechanical design processes');
#3 = SHAPE_DEFINITION_REPRESENTATION(#4,#10);
#4 = PRODUCT_DEFINITION_SHAPE('','',#5);
#5 = PRODUCT_DEFINITION('design','',#6,#9);
#6 = PRODUCT_DEFINITION_FORMATION('','',#7);
#7 = PRODUCT('Open CASCADE STEP translator 7.8 2',
  'Open CASCADE STEP translator 7.8 2','',(#8));
#8 = PRODUCT_CONTEXT('',#2,'mechanical');
#9 = PRODUCT_DEFINITION_CONTEXT('part definition',#2,'design');
#10 = ADVANCED_BREP_SHAPE_REPRESENTATION('',(#11,#15),#11748);
#11 = AXIS2_PLACEMENT_3D('',#12,#13,#14);
#12 = CARTESIAN_POINT('',(0.,0.,0.));
#13 = DIRECTION('',(0.,0.,1.));
#14 = DIRECTION('',(1.,0.,-0.));
#15 = MANIFOLD_SOLID_BREP('',#16);
#16 = CLOSED_SHELL('',(#17,#171,#233,#324,#344,#369,#394,#414,#434,#499,
    #688,#719,#750,#781,#806,#839,#864,#888,#913,#938,#962,#987,#1012,
    #1029,#1083,#1103,#1142,#1305,#1337,#1362,#1411,#1423,#1488,#1553,
    #1584,#1609,#1634,#1651,#1671,#1900,#1954,#1979,#2012,#2036,#2061,
    #2085,#2117,#2141,#2166,#2190,#2222,#2246,#2271,#2295,#2320,#2351,
    #2464,#3236,#3301,#3366,#3431,#3451,#3484,#3508,#3534,#3554,#3571,
    #3588,#3605,#3617,#3648,#3673,#3698,#3715,#3746,#3771,#3796,#3813,
    #3844,#3869,#3894,#3911,#3942,#3967,#3992,#4009,#4040,#4065,#4090,
    #4107,#4138,#4163,#4188,#4205,#4236,#4261,#4286,#4303,#4334,#4359,
    #4384,#4401,#4432,#4457,#4482,#4499,#4530,#4555,#4580,#4597,#4628,
    #4653,#4678,#4695,#4726,#4751,#4776,#4793,#4825,#4850,#4875,#4900,
    #4925,#4950,#4968,#4988,#5000,#5164,#5215,#5246,#5279,#5310,#5334,
    #5499,#5516,#5538,#5555,#5572,#5584,#5601,#5618,#5643,#5655,#5667,
    #5679,#5691,#5703,#5715,#5727,#5739,#5751,#5763,#5775,#5787,#5867,
    #5887,#5919,#5944,#5969,#5994,#6019,#6044,#6062,#6090,#6117,#6142,
    #7454,#7474,#7494,#7526,#7551,#7576,#7601,#7626,#7651,#7676,#7701,
    #7726,#7744,#7776,#7801,#7826,#7851,#7876,#7901,#7926,#7951,#7976,
    #8001,#8026,#8051,#8076,#8101,#8126,#8151,#8169,#8201,#8226,#8251,
    #8276,#8301,#8326,#8351,#8376,#8401,#8426,#8451,#8476,#8501,#8519,
    #8551,#8576,#8601,#8626,#8651,#8676,#8701,#8726,#8751,#8776,#8801,
    #8826,#8851,#8876,#8901,#8926,#8951,#8976,#9001,#9026,#9051,#9076,
    #9101,#9126,#9151,#9176,#9201,#9226,#9251,#9276,#9301,#9326,#9351,
    #9376,#9401,#9426,#9451,#9476,#9501,#9526,#9551,#9576,#9601,#9626,
    #9651,#9676,#9701,#9726,#9751,#9776,#9801,#9826,#9851,#9876,#9901,
    #9926,#9951,#9976,#10001,#10026,#10051,#10076,#10101,#10126,#10151,
    #10176,#10201,#10226,#10251,#10276,#10301,#10326,#10351,#10376,
    #10401,#10426,#10451,#10476,#10501,#10526,#10551,#10576,#10601,
    #10626,#10651,#10676,#10701,#10726,#10744,#10776,#10801,#10826,
    #10851,#10876,#10901,#10926,#10951,#10976,#11001,#11026,#11051,
    #11069,#11094,#11119,#11137,#11162,#11184,#11281,#11302,#11322,
    #11342,#11367,#11392,#11404,#11466,#11483,#11507,#11524,#11548,
    #11565,#11589,#11630,#11644,#11658,#11672,#11686,#11700,#11714));
#17 = ADVANCED_FACE('',(#18),#166,.T.);
#18 = FACE_BOUND('',#19,.T.);
#19 = EDGE_LOOP('',(#20,#31,#39,#46,#47,#56,#112));
#20 = ORIENTED_EDGE('',*,*,#21,.T.);
#21 = EDGE_CURVE('',#22,#24,#26,.T.);
#22 = VERTEX_POINT('',#23);
#23 = CARTESIAN_POINT('',(-25.98648807195,-7.328194710281,94.2));
#24 = VERTEX_POINT('',#25);
#25 = CARTESIAN_POINT('',(27.,-7.E-15,94.2));
#26 = CIRCLE('',#27,27.);
#27 = AXIS2_PLACEMENT_3D('',#28,#29,#30);
#28 = CARTESIAN_POINT('',(0.,0.,94.2));
#29 = DIRECTION('',(0.,0.,1.));
#30 = DIRECTION('',(1.,0.,0.));
#31 = ORIENTED_EDGE('',*,*,#32,.T.);
#32 = EDGE_CURVE('',#24,#33,#35,.T.);
#33 = VERTEX_POINT('',#34);
#34 = CARTESIAN_POINT('',(27.,-7.E-15,101.90625));
#35 = LINE('',#36,#37);
#36 = CARTESIAN_POINT('',(27.,-6.61E-15,8.));
#37 = VECTOR('',#38,1.);
#38 = DIRECTION('',(0.,0.,1.));
#39 = ORIENTED_EDGE('',*,*,#40,.F.);
#40 = EDGE_CURVE('',#33,#33,#41,.T.);
#41 = CIRCLE('',#42,27.);
#42 = AXIS2_PLACEMENT_3D('',#43,#44,#45);
#43 = CARTESIAN_POINT('',(0.,0.,101.90625));
#44 = DIRECTION('',(0.,0.,1.));
#45 = DIRECTION('',(1.,0.,0.));
#46 = ORIENTED_EDGE('',*,*,#32,.F.);
#47 = ORIENTED_EDGE('',*,*,#48,.T.);
#48 = EDGE_CURVE('',#24,#49,#51,.T.);
#49 = VERTEX_POINT('',#50);
#50 = CARTESIAN_POINT('',(-26.56896988749,-4.805188777317,94.2));
#51 = CIRCLE('',#52,27.);
#52 = AXIS2_PLACEMENT_3D('',#53,#54,#55);
#53 = CARTESIAN_POINT('',(0.,0.,94.2));
#54 = DIRECTION('',(0.,0.,1.));
#55 = DIRECTION('',(1.,0.,0.));
#56 = ORIENTED_EDGE('',*,*,#57,.T.);
#57 = EDGE_CURVE('',#49,#58,#60,.T.);
#58 = VERTEX_POINT('',#59);
#59 = CARTESIAN_POINT('',(-26.81994556424,-3.112959995122,96.90625));
#60 = B_SPLINE_CURVE_WITH_KNOTS('',8,(#61,#62,#63,#64,#65,#66,#67,#68,
    #69,#70,#71,#72,#73,#74,#75,#76,#77,#78,#79,#80,#81,#82,#83,#84,#85,
    #86,#87,#88,#89,#90,#91,#92,#93,#94,#95,#96,#97,#98,#99,#100,#101,
    #102,#103,#104,#105,#106,#107,#108,#109,#110,#111),.UNSPECIFIED.,.T.
  ,.F.,(9,7,7,7,7,7,7,9),(0.,0.116244316601,0.220309032355,
    0.395444283804,0.53116604267,0.666451939404,0.811971946795,1.),
  .UNSPECIFIED.);
#61 = CARTESIAN_POINT('',(-26.81994556424,-3.112959995122,96.90625));
#62 = CARTESIAN_POINT('',(-26.81994556424,-3.112959995122,
    97.153014669245));
#63 = CARTESIAN_POINT('',(-26.81725441367,-3.136145711595,
    97.399592768657));
#64 = CARTESIAN_POINT('',(-26.8118790111,-3.182458292621,97.6447910756)
  );
#65 = CARTESIAN_POINT('',(-26.80367261828,-3.252180417337,
    97.887329737303));
#66 = CARTESIAN_POINT('',(-26.79234347076,-3.345879775101,
    98.125711541591));
#67 = CARTESIAN_POINT('',(-26.77744148439,-3.464344165462,
    98.358069585367));
#68 = CARTESIAN_POINT('',(-26.75833484047,-3.608500426701,
    98.581978097549));
#69 = CARTESIAN_POINT('',(-26.7125716068,-3.932221713661,98.984207340977
    ));
#70 = CARTESIAN_POINT('',(-26.68666303615,-4.108282415965,
    99.167068218146));
#71 = CARTESIAN_POINT('',(-26.65588465854,-4.307735005667,
    99.338449867638));
#72 = CARTESIAN_POINT('',(-26.61963143493,-4.53010836508,99.493979549149
    ));
#73 = CARTESIAN_POINT('',(-26.57729890149,-4.774251598149,
    99.629269631341));
#74 = CARTESIAN_POINT('',(-26.52835255852,-5.038345583984,
    99.739913558058));
#75 = CARTESIAN_POINT('',(-26.47244509577,-5.319867644957,
    99.821454212302));
#76 = CARTESIAN_POINT('',(-26.3038020007,-6.112994868056,99.949862158658
    ));
#77 = CARTESIAN_POINT('',(-26.18787942452,-6.60552607302,99.927747779249
    ));
#78 = CARTESIAN_POINT('',(-26.06662976616,-7.071459890703,
    99.812382330073));
#79 = CARTESIAN_POINT('',(-25.94655617584,-7.49392837588,99.616665238816
    ));
#80 = CARTESIAN_POINT('',(-25.8350353986,-7.860422967126,99.357012090227
    ));
#81 = CARTESIAN_POINT('',(-25.73859580188,-8.1630460277,99.053200912512)
  );
#82 = CARTESIAN_POINT('',(-25.66072815962,-8.400108672547,
    98.727839240584));
#83 = CARTESIAN_POINT('',(-25.5555516642,-8.714050472579,98.15703314044)
  );
#84 = CARTESIAN_POINT('',(-25.51862417443,-8.821491145226,
    97.898228691971));
#85 = CARTESIAN_POINT('',(-25.49091420163,-8.900720352454,
    97.633004973293));
#86 = CARTESIAN_POINT('',(-25.47250766492,-8.952805630876,
    97.363750287168));
#87 = CARTESIAN_POINT('',(-25.46342261019,-8.978431360535,
    97.092374969475));
#88 = CARTESIAN_POINT('',(-25.46365613891,-8.977867084233,
    96.820560454528));
#89 = CARTESIAN_POINT('',(-25.47320398476,-8.950930089651,
    96.549979901591));
#90 = CARTESIAN_POINT('',(-25.51083364787,-8.843111236222,
    96.015908900915));
#91 = CARTESIAN_POINT('',(-25.53883700932,-8.762456143725,
    95.752667000667));
#92 = CARTESIAN_POINT('',(-25.57602176599,-8.654352679453,
    95.494500481726));
#93 = CARTESIAN_POINT('',(-25.62234688621,-8.517650980626,95.2436242305)
  );
#94 = CARTESIAN_POINT('',(-25.67767800911,-8.350879350687,95.00303932329
    ));
#95 = CARTESIAN_POINT('',(-25.74165955275,-8.152393425641,
    94.776746656505));
#96 = CARTESIAN_POINT('',(-25.81357536827,-7.920624235361,
    94.570066433911));
#97 = CARTESIAN_POINT('',(-25.9768236685,-7.368424395394,94.196806515278
    ));
#98 = CARTESIAN_POINT('',(-26.07241907001,-7.031771213173,
    94.027112743758));
#99 = CARTESIAN_POINT('',(-26.17389012857,-6.653907982663,
    93.904965348675));
#100 = CARTESIAN_POINT('',(-26.27472715158,-6.249469890496,
    93.845399238566));
#101 = CARTESIAN_POINT('',(-26.36857894239,-5.837146760576,
    93.854875565108));
#102 = CARTESIAN_POINT('',(-26.4517100889,-5.436731565645,
    93.931346300945));
#103 = CARTESIAN_POINT('',(-26.5225218178,-5.066199616927,
    94.064039698824));
#104 = CARTESIAN_POINT('',(-26.65627735191,-4.315951059826,
    94.451843688192));
#105 = CARTESIAN_POINT('',(-26.71194605794,-3.959187663913,
    94.734484544828));
#106 = CARTESIAN_POINT('',(-26.75217514728,-3.669418749358,
    95.057946436742));
#107 = CARTESIAN_POINT('',(-26.78095663801,-3.443420025755,
    95.407485127318));
#108 = CARTESIAN_POINT('',(-26.80085563343,-3.2774082795,95.77282564534)
  );
#109 = CARTESIAN_POINT('',(-26.81356563616,-3.167931432512,
    96.147260042673));
#110 = CARTESIAN_POINT('',(-26.81994556424,-3.112959995122,
    96.526287718634));
#111 = CARTESIAN_POINT('',(-26.81994556424,-3.112959995122,96.90625));
#112 = ORIENTED_EDGE('',*,*,#113,.T.);
#113 = EDGE_CURVE('',#58,#22,#114,.T.);
#114 = B_SPLINE_CURVE_WITH_KNOTS('',8,(#115,#116,#117,#118,#119,#120,
    #121,#122,#123,#124,#125,#126,#127,#128,#129,#130,#131,#132,#133,
    #134,#135,#136,#137,#138,#139,#140,#141,#142,#143,#144,#145,#146,
    #147,#148,#149,#150,#151,#152,#153,#154,#155,#156,#157,#158,#159,
    #160,#161,#162,#163,#164,#165),.UNSPECIFIED.,.T.,.F.,(9,7,7,7,7,7,7,
    9),(0.,0.116244316601,0.220309032355,0.395444283804,0.53116604267,
    0.666451939404,0.811971946795,1.),.UNSPECIFIED.);
#115 = CARTESIAN_POINT('',(-26.81994556424,-3.112959995122,96.90625));
#116 = CARTESIAN_POINT('',(-26.81994556424,-3.112959995122,
    97.153014669245));
#117 = CARTESIAN_POINT('',(-26.81725441367,-3.136145711595,
    97.399592768657));
#118 = CARTESIAN_POINT('',(-26.8118790111,-3.182458292621,97.6447910756)
  );
#119 = CARTESIAN_POINT('',(-26.80367261828,-3.252180417337,
    97.887329737303));
#120 = CARTESIAN_POINT('',(-26.79234347076,-3.345879775101,
    98.125711541591));
#121 = CARTESIAN_POINT('',(-26.77744148439,-3.464344165462,
    98.358069585367));
#122 = CARTESIAN_POINT('',(-26.75833484047,-3.608500426701,
    98.581978097549));
#123 = CARTESIAN_POINT('',(-26.7125716068,-3.932221713661,
    98.984207340977));
#124 = CARTESIAN_POINT('',(-26.68666303615,-4.108282415965,
    99.167068218146));
#125 = CARTESIAN_POINT('',(-26.65588465854,-4.307735005667,
    99.338449867638));
#126 = CARTESIAN_POINT('',(-26.61963143493,-4.53010836508,
    99.493979549149));
#127 = CARTESIAN_POINT('',(-26.57729890149,-4.774251598149,
    99.629269631341));
#128 = CARTESIAN_POINT('',(-26.52835255852,-5.038345583984,
    99.739913558058));
#129 = CARTESIAN_POINT('',(-26.47244509577,-5.319867644957,
    99.821454212302));
#130 = CARTESIAN_POINT('',(-26.3038020007,-6.112994868056,
    99.949862158658));
#131 = CARTESIAN_POINT('',(-26.18787942452,-6.60552607302,
    99.927747779249));
#132 = CARTESIAN_POINT('',(-26.06662976616,-7.071459890703,
    99.812382330073));
#133 = CARTESIAN_POINT('',(-25.94655617584,-7.49392837588,
    99.616665238816));
#134 = CARTESIAN_POINT('',(-25.8350353986,-7.860422967126,
    99.357012090227));
#135 = CARTESIAN_POINT('',(-25.73859580188,-8.1630460277,99.053200912512
    ));
#136 = CARTESIAN_POINT('',(-25.66072815962,-8.400108672547,
    98.727839240584));
#137 = CARTESIAN_POINT('',(-25.5555516642,-8.714050472579,98.15703314044
    ));
#138 = CARTESIAN_POINT('',(-25.51862417443,-8.821491145226,
    97.898228691971));
#139 = CARTESIAN_POINT('',(-25.49091420163,-8.900720352454,
    97.633004973293));
#140 = CARTESIAN_POINT('',(-25.47250766492,-8.952805630876,
    97.363750287168));
#141 = CARTESIAN_POINT('',(-25.46342261019,-8.978431360535,
    97.092374969475));
#142 = CARTESIAN_POINT('',(-25.46365613891,-8.977867084233,
    96.820560454528));
#143 = CARTESIAN_POINT('',(-25.47320398476,-8.950930089651,
    96.549979901591));
#144 = CARTESIAN_POINT('',(-25.51083364787,-8.843111236222,
    96.015908900915));
#145 = CARTESIAN_POINT('',(-25.53883700932,-8.762456143725,
    95.752667000667));
#146 = CARTESIAN_POINT('',(-25.57602176599,-8.654352679453,
    95.494500481726));
#147 = CARTESIAN_POINT('',(-25.62234688621,-8.517650980626,95.2436242305
    ));
#148 = CARTESIAN_POINT('',(-25.67767800911,-8.350879350687,
    95.00303932329));
#149 = CARTESIAN_POINT('',(-25.74165955275,-8.152393425641,
    94.776746656505));
#150 = CARTESIAN_POINT('',(-25.81357536827,-7.920624235361,
    94.570066433911));
#151 = CARTESIAN_POINT('',(-25.9768236685,-7.368424395394,
    94.196806515278));
#152 = CARTESIAN_POINT('',(-26.07241907001,-7.031771213173,
    94.027112743758));
#153 = CARTESIAN_POINT('',(-26.17389012857,-6.653907982663,
    93.904965348675));
#154 = CARTESIAN_POINT('',(-26.27472715158,-6.249469890496,
    93.845399238566));
#155 = CARTESIAN_POINT('',(-26.36857894239,-5.837146760576,
    93.854875565108));
#156 = CARTESIAN_POINT('',(-26.4517100889,-5.436731565645,
    93.931346300945));
#157 = CARTESIAN_POINT('',(-26.5225218178,-5.066199616927,
    94.064039698824));
#158 = CARTESIAN_POINT('',(-26.65627735191,-4.315951059826,
    94.451843688192));
#159 = CARTESIAN_POINT('',(-26.71194605794,-3.959187663913,
    94.734484544828));
#160 = CARTESIAN_POINT('',(-26.75217514728,-3.669418749358,
    95.057946436742));
#161 = CARTESIAN_POINT('',(-26.78095663801,-3.443420025755,
    95.407485127318));
#162 = CARTESIAN_POINT('',(-26.80085563343,-3.2774082795,95.77282564534)
  );
#163 = CARTESIAN_POINT('',(-26.81356563616,-3.167931432512,
    96.147260042673));
#164 = CARTESIAN_POINT('',(-26.81994556424,-3.112959995122,
    96.526287718634));
#165 = CARTESIAN_POINT('',(-26.81994556424,-3.112959995122,96.90625));
#166 = CYLINDRICAL_SURFACE('',#167,27.);
#167 = AXIS2_PLACEMENT_3D('',#168,#169,#170);
#168 = CARTESIAN_POINT('',(0.,0.,8.));
#169 = DIRECTION('',(0.,0.,1.));
#170 = DIRECTION('',(1.,0.,0.));
#171 = ADVANCED_FACE('',(#172),#228,.F.);
#172 = FACE_BOUND('',#173,.F.);
#173 = EDGE_LOOP('',(#174,#175,#183,#190,#191,#192,#200,#222));
#174 = ORIENTED_EDGE('',*,*,#57,.T.);
#175 = ORIENTED_EDGE('',*,*,#176,.T.);
#176 = EDGE_CURVE('',#58,#177,#179,.T.);
#177 = VERTEX_POINT('',#178);
#178 = CARTESIAN_POINT('',(-25.22897879562,-2.74565637511,96.90625));
#179 = LINE('',#180,#181);
#180 = CARTESIAN_POINT('',(-28.9315850418,-3.600470381616,96.90625));
#181 = VECTOR('',#182,1.);
#182 = DIRECTION('',(0.974370064785,0.224951054344,0.));
#183 = ORIENTED_EDGE('',*,*,#184,.F.);
#184 = EDGE_CURVE('',#177,#177,#185,.T.);
#185 = CIRCLE('',#186,3.);
#186 = AXIS2_PLACEMENT_3D('',#187,#188,#189);
#187 = CARTESIAN_POINT('',(-24.55412563258,-5.668766569465,96.90625));
#188 = DIRECTION('',(0.974370064785,0.224951054344,-0.));
#189 = DIRECTION('',(-0.224951054344,0.974370064785,0.));
#190 = ORIENTED_EDGE('',*,*,#176,.F.);
#191 = ORIENTED_EDGE('',*,*,#113,.T.);
#192 = ORIENTED_EDGE('',*,*,#193,.T.);
#193 = EDGE_CURVE('',#22,#194,#196,.T.);
#194 = VERTEX_POINT('',#195);
#195 = CARTESIAN_POINT('',(-25.49873137035,-7.215587190421,94.2));
#196 = LINE('',#197,#198);
#197 = CARTESIAN_POINT('',(-27.96549097631,-7.78508351859,94.2));
#198 = VECTOR('',#199,1.);
#199 = DIRECTION('',(0.974370064785,0.224951054344,0.));
#200 = ORIENTED_EDGE('',*,*,#201,.T.);
#201 = EDGE_CURVE('',#194,#202,#204,.T.);
#202 = VERTEX_POINT('',#203);
#203 = CARTESIAN_POINT('',(-26.08121317527,-4.692581305185,94.2));
#204 = B_SPLINE_CURVE_WITH_KNOTS('',6,(#205,#206,#207,#208,#209,#210,
    #211,#212,#213,#214,#215,#216,#217,#218,#219,#220,#221),
  .UNSPECIFIED.,.F.,.F.,(7,5,5,7),(0.,0.284676487654,0.499566004869,1.),
  .UNSPECIFIED.);
#205 = CARTESIAN_POINT('',(-25.49873102845,-7.215588398641,94.2000006));
#206 = CARTESIAN_POINT('',(-25.52843078052,-7.110634242758,94.1478805346
    ));
#207 = CARTESIAN_POINT('',(-25.55876064439,-7.001474762225,
    94.100200053994));
#208 = CARTESIAN_POINT('',(-25.58954763346,-6.888434279062,
    94.057511280506));
#209 = CARTESIAN_POINT('',(-25.62061154466,-6.771887366924,
    94.020298131172));
#210 = CARTESIAN_POINT('',(-25.65177128814,-6.652258116357,
    93.988976453093));
#211 = CARTESIAN_POINT('',(-25.70631206186,-6.437746873608,
    93.944960659372));
#212 = CARTESIAN_POINT('',(-25.72971680586,-6.344029277661,
    93.929590968365));
#213 = CARTESIAN_POINT('',(-25.75296162822,-6.249183674307,
    93.917950697552));
#214 = CARTESIAN_POINT('',(-25.7759494685,-6.15353780587,93.910151281534
    ));
#215 = CARTESIAN_POINT('',(-25.7985911856,-6.057428977556,93.90625));
#216 = CARTESIAN_POINT('',(-25.87254217221,-5.737112063194,93.90625));
#217 = CARTESIAN_POINT('',(-25.92171101287,-5.513491475594,
    93.927407505654));
#218 = CARTESIAN_POINT('',(-25.96752902985,-5.293913948451,
    93.969363953776));
#219 = CARTESIAN_POINT('',(-26.00948778935,-5.081894525595,
    94.030644981994));
#220 = CARTESIAN_POINT('',(-26.04738344759,-4.880605874553,
    94.108712631114));
#221 = CARTESIAN_POINT('',(-26.08121339762,-4.692580069365,94.2000006));
#222 = ORIENTED_EDGE('',*,*,#223,.F.);
#223 = EDGE_CURVE('',#49,#202,#224,.T.);
#224 = LINE('',#225,#226);
#225 = CARTESIAN_POINT('',(-28.54797278123,-5.262077633354,94.2));
#226 = VECTOR('',#227,1.);
#227 = DIRECTION('',(0.974370064785,0.224951054344,0.));
#228 = CYLINDRICAL_SURFACE('',#229,3.);
#229 = AXIS2_PLACEMENT_3D('',#230,#231,#232);
#230 = CARTESIAN_POINT('',(-28.25673187877,-6.523580575972,96.90625));
#231 = DIRECTION('',(0.974370064785,0.224951054344,0.));
#232 = DIRECTION('',(-0.224951054344,0.974370064785,0.));
#233 = ADVANCED_FACE('',(#234,#261),#319,.T.);
#234 = FACE_BOUND('',#235,.T.);
#235 = EDGE_LOOP('',(#236,#246,#253,#254));
#236 = ORIENTED_EDGE('',*,*,#237,.F.);
#237 = EDGE_CURVE('',#238,#240,#242,.T.);
#238 = VERTEX_POINT('',#239);
#239 = CARTESIAN_POINT('',(27.,-7.E-15,8.));
#240 = VERTEX_POINT('',#241);
#241 = CARTESIAN_POINT('',(27.,-7.E-15,17.3));
#242 = LINE('',#243,#244);
#243 = CARTESIAN_POINT('',(27.,-6.61E-15,8.));
#244 = VECTOR('',#245,1.);
#245 = DIRECTION('',(0.,0.,1.));
#246 = ORIENTED_EDGE('',*,*,#247,.T.);
#247 = EDGE_CURVE('',#238,#238,#248,.T.);
#248 = CIRCLE('',#249,27.);
#249 = AXIS2_PLACEMENT_3D('',#250,#251,#252);
#250 = CARTESIAN_POINT('',(0.,0.,8.));
#251 = DIRECTION('',(0.,0.,1.));
#252 = DIRECTION('',(1.,0.,0.));
#253 = ORIENTED_EDGE('',*,*,#237,.T.);
#254 = ORIENTED_EDGE('',*,*,#255,.F.);
#255 = EDGE_CURVE('',#240,#240,#256,.T.);
#256 = CIRCLE('',#257,27.);
#257 = AXIS2_PLACEMENT_3D('',#258,#259,#260);
#258 = CARTESIAN_POINT('',(0.,0.,17.3));
#259 = DIRECTION('',(0.,0.,1.));
#260 = DIRECTION('',(1.,0.,0.));
#261 = FACE_BOUND('',#262,.T.);
#262 = EDGE_LOOP('',(#263));
#263 = ORIENTED_EDGE('',*,*,#264,.T.);
#264 = EDGE_CURVE('',#265,#265,#267,.T.);
#265 = VERTEX_POINT('',#266);
#266 = CARTESIAN_POINT('',(-26.81994556424,-3.112959995122,13.10625));
#267 = B_SPLINE_CURVE_WITH_KNOTS('',8,(#268,#269,#270,#271,#272,#273,
    #274,#275,#276,#277,#278,#279,#280,#281,#282,#283,#284,#285,#286,
    #287,#288,#289,#290,#291,#292,#293,#294,#295,#296,#297,#298,#299,
    #300,#301,#302,#303,#304,#305,#306,#307,#308,#309,#310,#311,#312,
    #313,#314,#315,#316,#317,#318),.UNSPECIFIED.,.T.,.F.,(9,7,7,7,7,7,7,
    9),(0.,0.116244316884,0.220309032818,0.395444284472,0.531166043496,
    0.666451940387,0.811971947947,1.),.UNSPECIFIED.);
#268 = CARTESIAN_POINT('',(-26.81994556424,-3.112959995122,13.10625));
#269 = CARTESIAN_POINT('',(-26.81994556424,-3.112959995122,
    13.353014669244));
#270 = CARTESIAN_POINT('',(-26.81725441367,-3.136145711595,
    13.599592768658));
#271 = CARTESIAN_POINT('',(-26.8118790111,-3.182458292621,
    13.844791075599));
#272 = CARTESIAN_POINT('',(-26.80367261828,-3.252180417337,
    14.087329737303));
#273 = CARTESIAN_POINT('',(-26.79234347076,-3.345879775101,
    14.325711541592));
#274 = CARTESIAN_POINT('',(-26.77744148439,-3.464344165462,
    14.558069585366));
#275 = CARTESIAN_POINT('',(-26.75833484047,-3.608500426701,
    14.781978097549));
#276 = CARTESIAN_POINT('',(-26.71257160681,-3.932221713552,
    15.184207340841));
#277 = CARTESIAN_POINT('',(-26.68666303615,-4.108282415911,
    15.36706821813));
#278 = CARTESIAN_POINT('',(-26.65588465853,-4.307735005733,
    15.538449867722));
#279 = CARTESIAN_POINT('',(-26.61963143491,-4.530108365215,
    15.693979549229));
#280 = CARTESIAN_POINT('',(-26.57729890147,-4.77425159823,
    15.829269631346));
#281 = CARTESIAN_POINT('',(-26.52835255853,-5.038345583919,
    15.939913558007));
#282 = CARTESIAN_POINT('',(-26.47244509581,-5.319867644793,
    16.021454212275));
#283 = CARTESIAN_POINT('',(-26.3038020007,-6.11299486806,16.149862158658
    ));
#284 = CARTESIAN_POINT('',(-26.18787942452,-6.605526073006,
    16.127747779245));
#285 = CARTESIAN_POINT('',(-26.06662976616,-7.071459890722,
    16.012382330084));
#286 = CARTESIAN_POINT('',(-25.94655617584,-7.493928375872,
    15.816665238794));
#287 = CARTESIAN_POINT('',(-25.8350353986,-7.860422967121,
    15.557012090251));
#288 = CARTESIAN_POINT('',(-25.73859580188,-8.163046027707,
    15.253200912496));
#289 = CARTESIAN_POINT('',(-25.66072815962,-8.400108672545,
    14.927839240588));
#290 = CARTESIAN_POINT('',(-25.5555516642,-8.714050472579,14.35703314044
    ));
#291 = CARTESIAN_POINT('',(-25.51862417443,-8.821491145226,
    14.098228691971));
#292 = CARTESIAN_POINT('',(-25.49091420163,-8.900720352454,
    13.833004973293));
#293 = CARTESIAN_POINT('',(-25.47250766492,-8.952805630876,
    13.563750287168));
#294 = CARTESIAN_POINT('',(-25.46342261019,-8.978431360535,
    13.292374969475));
#295 = CARTESIAN_POINT('',(-25.46365613891,-8.977867084233,
    13.020560454528));
#296 = CARTESIAN_POINT('',(-25.47320398476,-8.950930089651,
    12.749979901591));
#297 = CARTESIAN_POINT('',(-25.51083364787,-8.843111236222,
    12.215908900915));
#298 = CARTESIAN_POINT('',(-25.53883700932,-8.762456143725,
    11.952667000667));
#299 = CARTESIAN_POINT('',(-25.57602176599,-8.654352679453,
    11.694500481726));
#300 = CARTESIAN_POINT('',(-25.62234688621,-8.517650980626,11.4436242305
    ));
#301 = CARTESIAN_POINT('',(-25.67767800911,-8.350879350687,
    11.20303932329));
#302 = CARTESIAN_POINT('',(-25.74165955275,-8.152393425641,
    10.976746656505));
#303 = CARTESIAN_POINT('',(-25.81357536827,-7.920624235361,
    10.770066433911));
#304 = CARTESIAN_POINT('',(-25.9768236685,-7.368424395394,
    10.396806515278));
#305 = CARTESIAN_POINT('',(-26.07241907001,-7.031771213174,
    10.227112743758));
#306 = CARTESIAN_POINT('',(-26.17389012857,-6.653907982659,
    10.104965348675));
#307 = CARTESIAN_POINT('',(-26.27472715158,-6.249469890502,
    10.045399238566));
#308 = CARTESIAN_POINT('',(-26.36857894239,-5.837146760571,
    10.054875565108));
#309 = CARTESIAN_POINT('',(-26.4517100889,-5.436731565647,
    10.131346300945));
#310 = CARTESIAN_POINT('',(-26.5225218178,-5.066199616927,
    10.264039698824));
#311 = CARTESIAN_POINT('',(-26.65627735136,-4.315951062909,
    10.651843686598));
#312 = CARTESIAN_POINT('',(-26.71194605994,-3.95918765239,
    10.934484553512));
#313 = CARTESIAN_POINT('',(-26.75217514381,-3.669418769805,
    11.257946415728));
#314 = CARTESIAN_POINT('',(-26.78095664142,-3.443420005295,
    11.607485156078));
#315 = CARTESIAN_POINT('',(-26.80085563155,-3.277408290946,
    11.972825621753));
#316 = CARTESIAN_POINT('',(-26.81356563664,-3.167931429589,
    12.347260053887));
#317 = CARTESIAN_POINT('',(-26.81994556424,-3.112959995122,
    12.726287716087));
#318 = CARTESIAN_POINT('',(-26.81994556424,-3.112959995122,13.10625));
#319 = CYLINDRICAL_SURFACE('',#320,27.);
#320 = AXIS2_PLACEMENT_3D('',#321,#322,#323);
#321 = CARTESIAN_POINT('',(0.,0.,8.));
#322 = DIRECTION('',(0.,0.,1.));
#323 = DIRECTION('',(1.,0.,0.));
#324 = ADVANCED_FACE('',(#325,#328),#339,.T.);
#325 = FACE_BOUND('',#326,.T.);
#326 = EDGE_LOOP('',(#327));
#327 = ORIENTED_EDGE('',*,*,#255,.T.);
#328 = FACE_BOUND('',#329,.T.);
#329 = EDGE_LOOP('',(#330));
#330 = ORIENTED_EDGE('',*,*,#331,.F.);
#331 = EDGE_CURVE('',#332,#332,#334,.T.);
#332 = VERTEX_POINT('',#333);
#333 = CARTESIAN_POINT('',(26.5,-6.E-15,17.3));
#334 = CIRCLE('',#335,26.5);
#335 = AXIS2_PLACEMENT_3D('',#336,#337,#338);
#336 = CARTESIAN_POINT('',(0.,0.,17.3));
#337 = DIRECTION('',(0.,0.,1.));
#338 = DIRECTION('',(1.,0.,0.));
#339 = PLANE('',#340);
#340 = AXIS2_PLACEMENT_3D('',#341,#342,#343);
#341 = CARTESIAN_POINT('',(0.,0.,17.3));
#342 = DIRECTION('',(0.,0.,1.));
#343 = DIRECTION('',(1.,0.,0.));
#344 = ADVANCED_FACE('',(#345),#364,.F.);
#345 = FACE_BOUND('',#346,.F.);
#346 = EDGE_LOOP('',(#347,#355,#362,#363));
#347 = ORIENTED_EDGE('',*,*,#348,.T.);
#348 = EDGE_CURVE('',#265,#349,#351,.T.);
#349 = VERTEX_POINT('',#350);
#350 = CARTESIAN_POINT('',(-25.22897879562,-2.74565637511,13.10625));
#351 = LINE('',#352,#353);
#352 = CARTESIAN_POINT('',(-28.9315850418,-3.600470381616,13.10625));
#353 = VECTOR('',#354,1.);
#354 = DIRECTION('',(0.974370064785,0.224951054344,0.));
#355 = ORIENTED_EDGE('',*,*,#356,.F.);
#356 = EDGE_CURVE('',#349,#349,#357,.T.);
#357 = CIRCLE('',#358,3.);
#358 = AXIS2_PLACEMENT_3D('',#359,#360,#361);
#359 = CARTESIAN_POINT('',(-24.55412563258,-5.668766569465,13.10625));
#360 = DIRECTION('',(0.974370064785,0.224951054344,-0.));
#361 = DIRECTION('',(-0.224951054344,0.974370064785,0.));
#362 = ORIENTED_EDGE('',*,*,#348,.F.);
#363 = ORIENTED_EDGE('',*,*,#264,.T.);
#364 = CYLINDRICAL_SURFACE('',#365,3.);
#365 = AXIS2_PLACEMENT_3D('',#366,#367,#368);
#366 = CARTESIAN_POINT('',(-28.25673187877,-6.523580575972,13.10625));
#367 = DIRECTION('',(0.974370064785,0.224951054344,0.));
#368 = DIRECTION('',(-0.224951054344,0.974370064785,0.));
#369 = ADVANCED_FACE('',(#370),#389,.T.);
#370 = FACE_BOUND('',#371,.T.);
#371 = EDGE_LOOP('',(#372,#381,#387,#388));
#372 = ORIENTED_EDGE('',*,*,#373,.F.);
#373 = EDGE_CURVE('',#374,#374,#376,.T.);
#374 = VERTEX_POINT('',#375);
#375 = CARTESIAN_POINT('',(26.5,-6.E-15,18.7));
#376 = CIRCLE('',#377,26.5);
#377 = AXIS2_PLACEMENT_3D('',#378,#379,#380);
#378 = CARTESIAN_POINT('',(0.,0.,18.7));
#379 = DIRECTION('',(0.,0.,1.));
#380 = DIRECTION('',(1.,0.,0.));
#381 = ORIENTED_EDGE('',*,*,#382,.F.);
#382 = EDGE_CURVE('',#332,#374,#383,.T.);
#383 = LINE('',#384,#385);
#384 = CARTESIAN_POINT('',(26.5,-6.49E-15,16.3));
#385 = VECTOR('',#386,1.);
#386 = DIRECTION('',(0.,0.,1.));
#387 = ORIENTED_EDGE('',*,*,#331,.T.);
#388 = ORIENTED_EDGE('',*,*,#382,.T.);
#389 = CYLINDRICAL_SURFACE('',#390,26.5);
#390 = AXIS2_PLACEMENT_3D('',#391,#392,#393);
#391 = CARTESIAN_POINT('',(0.,0.,16.3));
#392 = DIRECTION('',(0.,0.,1.));
#393 = DIRECTION('',(1.,0.,0.));
#394 = ADVANCED_FACE('',(#395,#398),#409,.F.);
#395 = FACE_BOUND('',#396,.F.);
#396 = EDGE_LOOP('',(#397));
#397 = ORIENTED_EDGE('',*,*,#356,.T.);
#398 = FACE_BOUND('',#399,.F.);
#399 = EDGE_LOOP('',(#400));
#400 = ORIENTED_EDGE('',*,*,#401,.F.);
#401 = EDGE_CURVE('',#402,#402,#404,.T.);
#402 = VERTEX_POINT('',#403);
#403 = CARTESIAN_POINT('',(-24.92529487225,-4.06105596257,13.10625));
#404 = CIRCLE('',#405,1.65);
#405 = AXIS2_PLACEMENT_3D('',#406,#407,#408);
#406 = CARTESIAN_POINT('',(-24.55412563258,-5.668766569465,13.10625));
#407 = DIRECTION('',(0.974370064785,0.224951054344,-0.));
#408 = DIRECTION('',(-0.224951054344,0.974370064785,0.));
#409 = PLANE('',#410);
#410 = AXIS2_PLACEMENT_3D('',#411,#412,#413);
#411 = CARTESIAN_POINT('',(-24.55412563258,-5.668766569465,13.10625));
#412 = DIRECTION('',(0.974370064785,0.224951054344,0.));
#413 = DIRECTION('',(-0.224951054344,0.974370064785,0.));
#414 = ADVANCED_FACE('',(#415,#426),#429,.F.);
#415 = FACE_BOUND('',#416,.F.);
#416 = EDGE_LOOP('',(#417));
#417 = ORIENTED_EDGE('',*,*,#418,.T.);
#418 = EDGE_CURVE('',#419,#419,#421,.T.);
#419 = VERTEX_POINT('',#420);
#420 = CARTESIAN_POINT('',(27.,-7.E-15,18.7));
#421 = CIRCLE('',#422,27.);
#422 = AXIS2_PLACEMENT_3D('',#423,#424,#425);
#423 = CARTESIAN_POINT('',(0.,0.,18.7));
#424 = DIRECTION('',(0.,0.,1.));
#425 = DIRECTION('',(1.,0.,0.));
#426 = FACE_BOUND('',#427,.F.);
#427 = EDGE_LOOP('',(#428));
#428 = ORIENTED_EDGE('',*,*,#373,.F.);
#429 = PLANE('',#430);
#430 = AXIS2_PLACEMENT_3D('',#431,#432,#433);
#431 = CARTESIAN_POINT('',(0.,0.,18.7));
#432 = DIRECTION('',(0.,0.,1.));
#433 = DIRECTION('',(1.,0.,0.));
#434 = ADVANCED_FACE('',(#435),#494,.F.);
#435 = FACE_BOUND('',#436,.F.);
#436 = EDGE_LOOP('',(#437,#445,#492,#493));
#437 = ORIENTED_EDGE('',*,*,#438,.T.);
#438 = EDGE_CURVE('',#402,#439,#441,.T.);
#439 = VERTEX_POINT('',#440);
#440 = CARTESIAN_POINT('',(-20.76968275936,-3.101657311048,13.10625));
#441 = LINE('',#442,#443);
#442 = CARTESIAN_POINT('',(-28.62790111843,-4.915869969076,13.10625));
#443 = VECTOR('',#444,1.);
#444 = DIRECTION('',(0.974370064785,0.224951054344,0.));
#445 = ORIENTED_EDGE('',*,*,#446,.F.);
#446 = EDGE_CURVE('',#439,#439,#447,.T.);
#447 = B_SPLINE_CURVE_WITH_KNOTS('',7,(#448,#449,#450,#451,#452,#453,
    #454,#455,#456,#457,#458,#459,#460,#461,#462,#463,#464,#465,#466,
    #467,#468,#469,#470,#471,#472,#473,#474,#475,#476,#477,#478,#479,
    #480,#481,#482,#483,#484,#485,#486,#487,#488,#489,#490,#491),
  .UNSPECIFIED.,.T.,.F.,(8,6,6,6,6,6,6,8),(0.,0.15256844363,
    0.28577772875,0.42203989922,0.588485320412,0.714356701585,
    0.83800605536,1.),.UNSPECIFIED.);
#448 = CARTESIAN_POINT('',(-20.76968275936,-3.101657311048,13.10625));
#449 = CARTESIAN_POINT('',(-20.76968275936,-3.101657311048,
    13.303586566154));
#450 = CARTESIAN_POINT('',(-20.76560341429,-3.128973182018,
    13.500844931787));
#451 = CARTESIAN_POINT('',(-20.7574500988,-3.183574107132,
    13.695579967032));
#452 = CARTESIAN_POINT('',(-20.7448809105,-3.266182353633,
    13.885025186284));
#453 = CARTESIAN_POINT('',(-20.72726949341,-3.377943807178,
    14.065582533176));
#454 = CARTESIAN_POINT('',(-20.70361850568,-3.520101993889,
    14.232270632553));
#455 = CARTESIAN_POINT('',(-20.64567641428,-3.844428387055,
    14.504482864175));
#456 = CARTESIAN_POINT('',(-20.61218014268,-4.024466643027,
    14.619478671067));
#457 = CARTESIAN_POINT('',(-20.57196412503,-4.229534818985,
    14.70952174625));
#458 = CARTESIAN_POINT('',(-20.52538341491,-4.451966840264,
    14.765631890382));
#459 = CARTESIAN_POINT('',(-20.47372613085,-4.681744087858,
    14.782993053178));
#460 = CARTESIAN_POINT('',(-20.4194996623,-4.908454583712,
    14.761174649106));
#461 = CARTESIAN_POINT('',(-20.31038154605,-5.342243072218,
    14.646348903324));
#462 = CARTESIAN_POINT('',(-20.25740496597,-5.541195086495,
    14.553723464488));
#463 = CARTESIAN_POINT('',(-20.20841588374,-5.716414698685,
    14.434298280019));
#464 = CARTESIAN_POINT('',(-20.16485978214,-5.866530154409,
    14.294611435065));
#465 = CARTESIAN_POINT('',(-20.12770610772,-5.991195900951,
    14.140450512803));
#466 = CARTESIAN_POINT('',(-20.09745280399,-6.090869141981,
    13.976982349906));
#467 = CARTESIAN_POINT('',(-20.04568983981,-6.259370029984,
    13.603332326842));
#468 = CARTESIAN_POINT('',(-20.02720511799,-6.317765035026,
    13.387961436143));
#469 = CARTESIAN_POINT('',(-20.01887888526,-6.343668880458,
    13.167507049149));
#470 = CARTESIAN_POINT('',(-20.02082779036,-6.337579556961,
    12.94545233578));
#471 = CARTESIAN_POINT('',(-20.03313996473,-6.299145861169,
    12.725563434837));
#472 = CARTESIAN_POINT('',(-20.05568733793,-6.227492095239,
    12.512223936564));
#473 = CARTESIAN_POINT('',(-20.11235544101,-6.041536691911,
    12.159453974272));
#474 = CARTESIAN_POINT('',(-20.14265059893,-5.940788105138,
    12.01259488313));
#475 = CARTESIAN_POINT('',(-20.17871565022,-5.818536667975,
    11.874794412652));
#476 = CARTESIAN_POINT('',(-20.22005685369,-5.67461614963,
    11.750434831078));
#477 = CARTESIAN_POINT('',(-20.265813411,-5.509555302715,11.644272416));
#478 = CARTESIAN_POINT('',(-20.31478901889,-5.324721591395,
    11.56151308263));
#479 = CARTESIAN_POINT('',(-20.41543216068,-4.924624541946,
    11.455605610889));
#480 = CARTESIAN_POINT('',(-20.46574712039,-4.715081018741,
    11.432788364548));
#481 = CARTESIAN_POINT('',(-20.51413156323,-4.501859058318,
    11.443535211717));
#482 = CARTESIAN_POINT('',(-20.55844561601,-4.293605122973,
    11.487961289948));
#483 = CARTESIAN_POINT('',(-20.59744308956,-4.098788103383,
    11.562589422983));
#484 = CARTESIAN_POINT('',(-20.63065210341,-3.924223719877,
    11.660498050145));
#485 = CARTESIAN_POINT('',(-20.6940741419,-3.577059176285,
    11.916628698199));
#486 = CARTESIAN_POINT('',(-20.72137502372,-3.415232598501,
    12.089025997835));
#487 = CARTESIAN_POINT('',(-20.74152655131,-3.288197930483,
    12.278694900327));
#488 = CARTESIAN_POINT('',(-20.75582627442,-3.194451569196,
    12.479312382605));
#489 = CARTESIAN_POINT('',(-20.76506161173,-3.132600294985,
    12.686260868015));
#490 = CARTESIAN_POINT('',(-20.76968275936,-3.101657311048,
    12.896225919724));
#491 = CARTESIAN_POINT('',(-20.76968275936,-3.101657311048,13.10625));
#492 = ORIENTED_EDGE('',*,*,#438,.F.);
#493 = ORIENTED_EDGE('',*,*,#401,.T.);
#494 = CYLINDRICAL_SURFACE('',#495,1.65);
#495 = AXIS2_PLACEMENT_3D('',#496,#497,#498);
#496 = CARTESIAN_POINT('',(-28.25673187877,-6.523580575972,13.10625));
#497 = DIRECTION('',(0.974370064785,0.224951054344,0.));
#498 = DIRECTION('',(-0.224951054344,0.974370064785,0.));
#499 = ADVANCED_FACE('',(#500,#680),#683,.F.);
#500 = FACE_BOUND('',#501,.F.);
#501 = EDGE_LOOP('',(#502,#513,#521,#528,#529,#538,#546,#555,#563,#572,
    #580,#589,#597,#606,#614,#623,#631,#640,#648,#657,#665,#674));
#502 = ORIENTED_EDGE('',*,*,#503,.T.);
#503 = EDGE_CURVE('',#504,#506,#508,.T.);
#504 = VERTEX_POINT('',#505);
#505 = CARTESIAN_POINT('',(20.46177136049,-4.723972141221,14.85));
#506 = VERTEX_POINT('',#507);
#507 = CARTESIAN_POINT('',(21.,-5.E-15,14.85));
#508 = CIRCLE('',#509,21.);
#509 = AXIS2_PLACEMENT_3D('',#510,#511,#512);
#510 = CARTESIAN_POINT('',(0.,0.,14.85));
#511 = DIRECTION('',(0.,0.,1.));
#512 = DIRECTION('',(1.,0.,0.));
#513 = ORIENTED_EDGE('',*,*,#514,.T.);
#514 = EDGE_CURVE('',#506,#515,#517,.T.);
#515 = VERTEX_POINT('',#516);
#516 = CARTESIAN_POINT('',(21.,-5.E-15,21.));
#517 = LINE('',#518,#519);
#518 = CARTESIAN_POINT('',(21.,-5.14E-15,7.));
#519 = VECTOR('',#520,1.);
#520 = DIRECTION('',(0.,0.,1.));
#521 = ORIENTED_EDGE('',*,*,#522,.F.);
#522 = EDGE_CURVE('',#515,#515,#523,.T.);
#523 = CIRCLE('',#524,21.);
#524 = AXIS2_PLACEMENT_3D('',#525,#526,#527);
#525 = CARTESIAN_POINT('',(0.,0.,21.));
#526 = DIRECTION('',(0.,0.,1.));
#527 = DIRECTION('',(1.,0.,0.));
#528 = ORIENTED_EDGE('',*,*,#514,.F.);
#529 = ORIENTED_EDGE('',*,*,#530,.T.);
#530 = EDGE_CURVE('',#506,#531,#533,.T.);
#531 = VERTEX_POINT('',#532);
#532 = CARTESIAN_POINT('',(16.157390655985,13.414124167828,14.85));
#533 = CIRCLE('',#534,21.);
#534 = AXIS2_PLACEMENT_3D('',#535,#536,#537);
#535 = CARTESIAN_POINT('',(0.,0.,14.85));
#536 = DIRECTION('',(0.,0.,1.));
#537 = DIRECTION('',(1.,0.,0.));
#538 = ORIENTED_EDGE('',*,*,#539,.F.);
#539 = EDGE_CURVE('',#540,#531,#542,.T.);
#540 = VERTEX_POINT('',#541);
#541 = CARTESIAN_POINT('',(16.157390655985,13.414124167828,11.65));
#542 = LINE('',#543,#544);
#543 = CARTESIAN_POINT('',(16.157390655985,13.414124167828,7.));
#544 = VECTOR('',#545,1.);
#545 = DIRECTION('',(0.,0.,1.));
#546 = ORIENTED_EDGE('',*,*,#547,.F.);
#547 = EDGE_CURVE('',#548,#540,#550,.T.);
#548 = VERTEX_POINT('',#549);
#549 = CARTESIAN_POINT('',(20.46177136049,4.723972141221,11.65));
#550 = CIRCLE('',#551,21.);
#551 = AXIS2_PLACEMENT_3D('',#552,#553,#554);
#552 = CARTESIAN_POINT('',(0.,0.,11.65));
#553 = DIRECTION('',(0.,0.,1.));
#554 = DIRECTION('',(1.,0.,0.));
#555 = ORIENTED_EDGE('',*,*,#556,.F.);
#556 = EDGE_CURVE('',#557,#548,#559,.T.);
#557 = VERTEX_POINT('',#558);
#558 = CARTESIAN_POINT('',(20.46177136049,4.723972141221,8.));
#559 = LINE('',#560,#561);
#560 = CARTESIAN_POINT('',(20.46177136049,4.723972141221,7.));
#561 = VECTOR('',#562,1.);
#562 = DIRECTION('',(0.,0.,1.));
#563 = ORIENTED_EDGE('',*,*,#564,.T.);
#564 = EDGE_CURVE('',#557,#565,#567,.T.);
#565 = VERTEX_POINT('',#566);
#566 = CARTESIAN_POINT('',(-6.139805799177,20.082399875224,8.));
#567 = CIRCLE('',#568,21.);
#568 = AXIS2_PLACEMENT_3D('',#569,#570,#571);
#569 = CARTESIAN_POINT('',(0.,0.,8.));
#570 = DIRECTION('',(0.,0.,1.));
#571 = DIRECTION('',(1.,0.,0.));
#572 = ORIENTED_EDGE('',*,*,#573,.T.);
#573 = EDGE_CURVE('',#565,#574,#576,.T.);
#574 = VERTEX_POINT('',#575);
#575 = CARTESIAN_POINT('',(-6.139805799177,20.082399875224,14.85));
#576 = LINE('',#577,#578);
#577 = CARTESIAN_POINT('',(-6.139805799177,20.082399875224,7.));
#578 = VECTOR('',#579,1.);
#579 = DIRECTION('',(0.,0.,1.));
#580 = ORIENTED_EDGE('',*,*,#581,.T.);
#581 = EDGE_CURVE('',#574,#582,#584,.T.);
#582 = VERTEX_POINT('',#583);
#583 = CARTESIAN_POINT('',(-19.69566762685,7.285648683038,14.85));
#584 = CIRCLE('',#585,21.);
#585 = AXIS2_PLACEMENT_3D('',#586,#587,#588);
#586 = CARTESIAN_POINT('',(0.,0.,14.85));
#587 = DIRECTION('',(0.,0.,1.));
#588 = DIRECTION('',(1.,0.,0.));
#589 = ORIENTED_EDGE('',*,*,#590,.F.);
#590 = EDGE_CURVE('',#591,#582,#593,.T.);
#591 = VERTEX_POINT('',#592);
#592 = CARTESIAN_POINT('',(-19.69566762685,7.285648683038,11.65));
#593 = LINE('',#594,#595);
#594 = CARTESIAN_POINT('',(-19.69566762685,7.285648683038,7.));
#595 = VECTOR('',#596,1.);
#596 = DIRECTION('',(0.,0.,1.));
#597 = ORIENTED_EDGE('',*,*,#598,.F.);
#598 = EDGE_CURVE('',#599,#591,#601,.T.);
#599 = VERTEX_POINT('',#600);
#600 = CARTESIAN_POINT('',(-14.32196556131,15.358427734003,11.65));
#601 = CIRCLE('',#602,21.);
#602 = AXIS2_PLACEMENT_3D('',#603,#604,#605);
#603 = CARTESIAN_POINT('',(0.,0.,11.65));
#604 = DIRECTION('',(0.,0.,1.));
#605 = DIRECTION('',(1.,0.,0.));
#606 = ORIENTED_EDGE('',*,*,#607,.F.);
#607 = EDGE_CURVE('',#608,#599,#610,.T.);
#608 = VERTEX_POINT('',#609);
#609 = CARTESIAN_POINT('',(-14.32196556131,15.358427734003,8.));
#610 = LINE('',#611,#612);
#611 = CARTESIAN_POINT('',(-14.32196556131,15.358427734003,7.));
#612 = VECTOR('',#613,1.);
#613 = DIRECTION('',(0.,0.,1.));
#614 = ORIENTED_EDGE('',*,*,#615,.T.);
#615 = EDGE_CURVE('',#608,#616,#618,.T.);
#616 = VERTEX_POINT('',#617);
#617 = CARTESIAN_POINT('',(-14.32196556131,-15.358427734,8.));
#618 = CIRCLE('',#619,21.);
#619 = AXIS2_PLACEMENT_3D('',#620,#621,#622);
#620 = CARTESIAN_POINT('',(0.,0.,8.));
#621 = DIRECTION('',(0.,0.,1.));
#622 = DIRECTION('',(1.,0.,0.));
#623 = ORIENTED_EDGE('',*,*,#624,.T.);
#624 = EDGE_CURVE('',#616,#625,#627,.T.);
#625 = VERTEX_POINT('',#626);
#626 = CARTESIAN_POINT('',(-14.32196556131,-15.358427734,14.85));
#627 = LINE('',#628,#629);
#628 = CARTESIAN_POINT('',(-14.32196556131,-15.358427734,7.));
#629 = VECTOR('',#630,1.);
#630 = DIRECTION('',(0.,0.,1.));
#631 = ORIENTED_EDGE('',*,*,#632,.T.);
#632 = EDGE_CURVE('',#625,#633,#635,.T.);
#633 = VERTEX_POINT('',#634);
#634 = CARTESIAN_POINT('',(3.538276970865,-20.69977285086,14.85));
#635 = CIRCLE('',#636,21.);
#636 = AXIS2_PLACEMENT_3D('',#637,#638,#639);
#637 = CARTESIAN_POINT('',(0.,0.,14.85));
#638 = DIRECTION('',(0.,0.,1.));
#639 = DIRECTION('',(1.,0.,0.));
#640 = ORIENTED_EDGE('',*,*,#641,.F.);
#641 = EDGE_CURVE('',#642,#633,#644,.T.);
#642 = VERTEX_POINT('',#643);
#643 = CARTESIAN_POINT('',(3.538276970865,-20.69977285086,11.65));
#644 = LINE('',#645,#646);
#645 = CARTESIAN_POINT('',(3.538276970865,-20.69977285086,7.));
#646 = VECTOR('',#647,1.);
#647 = DIRECTION('',(0.,0.,1.));
#648 = ORIENTED_EDGE('',*,*,#649,.F.);
#649 = EDGE_CURVE('',#650,#642,#652,.T.);
#650 = VERTEX_POINT('',#651);
#651 = CARTESIAN_POINT('',(-6.139805799177,-20.08239987522,11.65));
#652 = CIRCLE('',#653,21.);
#653 = AXIS2_PLACEMENT_3D('',#654,#655,#656);
#654 = CARTESIAN_POINT('',(0.,0.,11.65));
#655 = DIRECTION('',(0.,0.,1.));
#656 = DIRECTION('',(1.,0.,0.));
#657 = ORIENTED_EDGE('',*,*,#658,.F.);
#658 = EDGE_CURVE('',#659,#650,#661,.T.);
#659 = VERTEX_POINT('',#660);
#660 = CARTESIAN_POINT('',(-6.139805799177,-20.08239987522,8.));
#661 = LINE('',#662,#663);
#662 = CARTESIAN_POINT('',(-6.139805799177,-20.08239987522,7.));
#663 = VECTOR('',#664,1.);
#664 = DIRECTION('',(0.,0.,1.));
#665 = ORIENTED_EDGE('',*,*,#666,.T.);
#666 = EDGE_CURVE('',#659,#667,#669,.T.);
#667 = VERTEX_POINT('',#668);
#668 = CARTESIAN_POINT('',(20.46177136049,-4.723972141221,8.));
#669 = CIRCLE('',#670,21.);
#670 = AXIS2_PLACEMENT_3D('',#671,#672,#673);
#671 = CARTESIAN_POINT('',(0.,0.,8.));
#672 = DIRECTION('',(0.,0.,1.));
#673 = DIRECTION('',(1.,0.,0.));
#674 = ORIENTED_EDGE('',*,*,#675,.T.);
#675 = EDGE_CURVE('',#667,#504,#676,.T.);
#676 = LINE('',#677,#678);
#677 = CARTESIAN_POINT('',(20.46177136049,-4.723972141221,7.));
#678 = VECTOR('',#679,1.);
#679 = DIRECTION('',(0.,0.,1.));
#680 = FACE_BOUND('',#681,.F.);
#681 = EDGE_LOOP('',(#682));
#682 = ORIENTED_EDGE('',*,*,#446,.T.);
#683 = CYLINDRICAL_SURFACE('',#684,21.);
#684 = AXIS2_PLACEMENT_3D('',#685,#686,#687);
#685 = CARTESIAN_POINT('',(0.,0.,7.));
#686 = DIRECTION('',(0.,0.,1.));
#687 = DIRECTION('',(1.,0.,0.));
#688 = ADVANCED_FACE('',(#689),#714,.T.);
#689 = FACE_BOUND('',#690,.T.);
#690 = EDGE_LOOP('',(#691,#699,#700,#708));
#691 = ORIENTED_EDGE('',*,*,#692,.F.);
#692 = EDGE_CURVE('',#599,#693,#695,.T.);
#693 = VERTEX_POINT('',#694);
#694 = CARTESIAN_POINT('',(-16.02696146146,17.186811988051,11.65));
#695 = LINE('',#696,#697);
#696 = CARTESIAN_POINT('',(0.,0.,11.65));
#697 = VECTOR('',#698,1.);
#698 = DIRECTION('',(-0.681998360062,0.731353701619,0.));
#699 = ORIENTED_EDGE('',*,*,#607,.F.);
#700 = ORIENTED_EDGE('',*,*,#701,.T.);
#701 = EDGE_CURVE('',#608,#702,#704,.T.);
#702 = VERTEX_POINT('',#703);
#703 = CARTESIAN_POINT('',(-16.02696146146,17.186811988051,8.));
#704 = LINE('',#705,#706);
#705 = CARTESIAN_POINT('',(0.,0.,8.));
#706 = VECTOR('',#707,1.);
#707 = DIRECTION('',(-0.681998360062,0.731353701619,0.));
#708 = ORIENTED_EDGE('',*,*,#709,.T.);
#709 = EDGE_CURVE('',#702,#693,#710,.T.);
#710 = LINE('',#711,#712);
#711 = CARTESIAN_POINT('',(-16.02696146146,17.186811988051,7.));
#712 = VECTOR('',#713,1.);
#713 = DIRECTION('',(0.,0.,1.));
#714 = PLANE('',#715);
#715 = AXIS2_PLACEMENT_3D('',#716,#717,#718);
#716 = CARTESIAN_POINT('',(0.,0.,7.));
#717 = DIRECTION('',(0.731353701619,0.681998360062,0.));
#718 = DIRECTION('',(-0.681998360062,0.731353701619,0.));
#719 = ADVANCED_FACE('',(#720),#745,.T.);
#720 = FACE_BOUND('',#721,.T.);
#721 = EDGE_LOOP('',(#722,#730,#731,#739));
#722 = ORIENTED_EDGE('',*,*,#723,.F.);
#723 = EDGE_CURVE('',#650,#724,#726,.T.);
#724 = VERTEX_POINT('',#725);
#725 = CARTESIAN_POINT('',(-6.870735060984,-22.47316176513,11.65));
#726 = LINE('',#727,#728);
#727 = CARTESIAN_POINT('',(0.,0.,11.65));
#728 = VECTOR('',#729,1.);
#729 = DIRECTION('',(-0.292371704723,-0.956304755963,0.));
#730 = ORIENTED_EDGE('',*,*,#658,.F.);
#731 = ORIENTED_EDGE('',*,*,#732,.T.);
#732 = EDGE_CURVE('',#659,#733,#735,.T.);
#733 = VERTEX_POINT('',#734);
#734 = CARTESIAN_POINT('',(-6.870735060984,-22.47316176513,8.));
#735 = LINE('',#736,#737);
#736 = CARTESIAN_POINT('',(0.,0.,8.));
#737 = VECTOR('',#738,1.);
#738 = DIRECTION('',(-0.292371704723,-0.956304755963,0.));
#739 = ORIENTED_EDGE('',*,*,#740,.T.);
#740 = EDGE_CURVE('',#733,#724,#741,.T.);
#741 = LINE('',#742,#743);
#742 = CARTESIAN_POINT('',(-6.870735060984,-22.47316176513,7.));
#743 = VECTOR('',#744,1.);
#744 = DIRECTION('',(0.,0.,1.));
#745 = PLANE('',#746);
#746 = AXIS2_PLACEMENT_3D('',#747,#748,#749);
#747 = CARTESIAN_POINT('',(0.,0.,7.));
#748 = DIRECTION('',(-0.956304755963,0.292371704723,0.));
#749 = DIRECTION('',(-0.292371704723,-0.956304755963,0.));
#750 = ADVANCED_FACE('',(#751),#776,.T.);
#751 = FACE_BOUND('',#752,.T.);
#752 = EDGE_LOOP('',(#753,#761,#762,#770));
#753 = ORIENTED_EDGE('',*,*,#754,.F.);
#754 = EDGE_CURVE('',#548,#755,#757,.T.);
#755 = VERTEX_POINT('',#756);
#756 = CARTESIAN_POINT('',(22.897696522453,5.286349777081,11.65));
#757 = LINE('',#758,#759);
#758 = CARTESIAN_POINT('',(0.,0.,11.65));
#759 = VECTOR('',#760,1.);
#760 = DIRECTION('',(0.974370064785,0.224951054344,0.));
#761 = ORIENTED_EDGE('',*,*,#556,.F.);
#762 = ORIENTED_EDGE('',*,*,#763,.T.);
#763 = EDGE_CURVE('',#557,#764,#766,.T.);
#764 = VERTEX_POINT('',#765);
#765 = CARTESIAN_POINT('',(22.897696522453,5.286349777081,8.));
#766 = LINE('',#767,#768);
#767 = CARTESIAN_POINT('',(0.,0.,8.));
#768 = VECTOR('',#769,1.);
#769 = DIRECTION('',(0.974370064785,0.224951054344,0.));
#770 = ORIENTED_EDGE('',*,*,#771,.T.);
#771 = EDGE_CURVE('',#764,#755,#772,.T.);
#772 = LINE('',#773,#774);
#773 = CARTESIAN_POINT('',(22.897696522453,5.286349777081,7.));
#774 = VECTOR('',#775,1.);
#775 = DIRECTION('',(0.,0.,1.));
#776 = PLANE('',#777);
#777 = AXIS2_PLACEMENT_3D('',#778,#779,#780);
#778 = CARTESIAN_POINT('',(0.,0.,7.));
#779 = DIRECTION('',(0.224951054344,-0.974370064785,0.));
#780 = DIRECTION('',(0.974370064785,0.224951054344,0.));
#781 = ADVANCED_FACE('',(#782),#801,.T.);
#782 = FACE_BOUND('',#783,.T.);
#783 = EDGE_LOOP('',(#784,#792,#793,#794));
#784 = ORIENTED_EDGE('',*,*,#785,.F.);
#785 = EDGE_CURVE('',#419,#786,#788,.T.);
#786 = VERTEX_POINT('',#787);
#787 = CARTESIAN_POINT('',(27.,-7.E-15,19.8));
#788 = LINE('',#789,#790);
#789 = CARTESIAN_POINT('',(27.,-6.61E-15,8.));
#790 = VECTOR('',#791,1.);
#791 = DIRECTION('',(0.,0.,1.));
#792 = ORIENTED_EDGE('',*,*,#418,.T.);
#793 = ORIENTED_EDGE('',*,*,#785,.T.);
#794 = ORIENTED_EDGE('',*,*,#795,.F.);
#795 = EDGE_CURVE('',#786,#786,#796,.T.);
#796 = CIRCLE('',#797,27.);
#797 = AXIS2_PLACEMENT_3D('',#798,#799,#800);
#798 = CARTESIAN_POINT('',(0.,0.,19.8));
#799 = DIRECTION('',(0.,0.,1.));
#800 = DIRECTION('',(1.,0.,0.));
#801 = CYLINDRICAL_SURFACE('',#802,27.);
#802 = AXIS2_PLACEMENT_3D('',#803,#804,#805);
#803 = CARTESIAN_POINT('',(0.,0.,8.));
#804 = DIRECTION('',(0.,0.,1.));
#805 = DIRECTION('',(1.,0.,0.));
#806 = ADVANCED_FACE('',(#807),#834,.F.);
#807 = FACE_BOUND('',#808,.F.);
#808 = EDGE_LOOP('',(#809,#820,#826,#827,#828));
#809 = ORIENTED_EDGE('',*,*,#810,.T.);
#810 = EDGE_CURVE('',#811,#813,#815,.T.);
#811 = VERTEX_POINT('',#812);
#812 = CARTESIAN_POINT('',(22.897696522453,-5.286349777081,14.85));
#813 = VERTEX_POINT('',#814);
#814 = CARTESIAN_POINT('',(18.080889543602,15.011043711617,14.85));
#815 = CIRCLE('',#816,23.5);
#816 = AXIS2_PLACEMENT_3D('',#817,#818,#819);
#817 = CARTESIAN_POINT('',(0.,0.,14.85));
#818 = DIRECTION('',(-0.,0.,1.));
#819 = DIRECTION('',(0.974370064785,-0.224951054344,0.));
#820 = ORIENTED_EDGE('',*,*,#821,.F.);
#821 = EDGE_CURVE('',#531,#813,#822,.T.);
#822 = LINE('',#823,#824);
#823 = CARTESIAN_POINT('',(0.,0.,14.85));
#824 = VECTOR('',#825,1.);
#825 = DIRECTION('',(0.769399555047,0.638767817516,0.));
#826 = ORIENTED_EDGE('',*,*,#530,.F.);
#827 = ORIENTED_EDGE('',*,*,#503,.F.);
#828 = ORIENTED_EDGE('',*,*,#829,.T.);
#829 = EDGE_CURVE('',#504,#811,#830,.T.);
#830 = LINE('',#831,#832);
#831 = CARTESIAN_POINT('',(0.,0.,14.85));
#832 = VECTOR('',#833,1.);
#833 = DIRECTION('',(0.974370064785,-0.224951054344,0.));
#834 = PLANE('',#835);
#835 = AXIS2_PLACEMENT_3D('',#836,#837,#838);
#836 = CARTESIAN_POINT('',(0.,0.,14.85));
#837 = DIRECTION('',(0.,0.,1.));
#838 = DIRECTION('',(0.974370064785,-0.224951054344,0.));
#839 = ADVANCED_FACE('',(#840),#859,.T.);
#840 = FACE_BOUND('',#841,.T.);
#841 = EDGE_LOOP('',(#842,#843,#844,#853));
#842 = ORIENTED_EDGE('',*,*,#649,.F.);
#843 = ORIENTED_EDGE('',*,*,#723,.T.);
#844 = ORIENTED_EDGE('',*,*,#845,.T.);
#845 = EDGE_CURVE('',#724,#846,#848,.T.);
#846 = VERTEX_POINT('',#847);
#847 = CARTESIAN_POINT('',(3.959500419778,-23.16403152358,11.65));
#848 = CIRCLE('',#849,23.5);
#849 = AXIS2_PLACEMENT_3D('',#850,#851,#852);
#850 = CARTESIAN_POINT('',(0.,0.,11.65));
#851 = DIRECTION('',(0.,0.,1.));
#852 = DIRECTION('',(-0.681998360062,-0.731353701619,0.));
#853 = ORIENTED_EDGE('',*,*,#854,.F.);
#854 = EDGE_CURVE('',#642,#846,#855,.T.);
#855 = LINE('',#856,#857);
#856 = CARTESIAN_POINT('',(0.,0.,11.65));
#857 = VECTOR('',#858,1.);
#858 = DIRECTION('',(0.168489379565,-0.985703469089,0.));
#859 = PLANE('',#860);
#860 = AXIS2_PLACEMENT_3D('',#861,#862,#863);
#861 = CARTESIAN_POINT('',(0.,0.,11.65));
#862 = DIRECTION('',(0.,0.,1.));
#863 = DIRECTION('',(-0.681998360062,-0.731353701619,0.));
#864 = ADVANCED_FACE('',(#865),#883,.T.);
#865 = FACE_BOUND('',#866,.T.);
#866 = EDGE_LOOP('',(#867,#875,#876,#877));
#867 = ORIENTED_EDGE('',*,*,#868,.F.);
#868 = EDGE_CURVE('',#633,#869,#871,.T.);
#869 = VERTEX_POINT('',#870);
#870 = CARTESIAN_POINT('',(3.959500419778,-23.16403152358,14.85));
#871 = LINE('',#872,#873);
#872 = CARTESIAN_POINT('',(0.,0.,14.85));
#873 = VECTOR('',#874,1.);
#874 = DIRECTION('',(0.168489379565,-0.985703469089,0.));
#875 = ORIENTED_EDGE('',*,*,#641,.F.);
#876 = ORIENTED_EDGE('',*,*,#854,.T.);
#877 = ORIENTED_EDGE('',*,*,#878,.T.);
#878 = EDGE_CURVE('',#846,#869,#879,.T.);
#879 = LINE('',#880,#881);
#880 = CARTESIAN_POINT('',(3.959500419778,-23.16403152358,11.65));
#881 = VECTOR('',#882,1.);
#882 = DIRECTION('',(0.,0.,1.));
#883 = PLANE('',#884);
#884 = AXIS2_PLACEMENT_3D('',#885,#886,#887);
#885 = CARTESIAN_POINT('',(0.,0.,11.65));
#886 = DIRECTION('',(-0.985703469089,-0.168489379565,0.));
#887 = DIRECTION('',(0.168489379565,-0.985703469089,0.));
#888 = ADVANCED_FACE('',(#889),#908,.F.);
#889 = FACE_BOUND('',#890,.F.);
#890 = EDGE_LOOP('',(#891,#900,#901,#902));
#891 = ORIENTED_EDGE('',*,*,#892,.T.);
#892 = EDGE_CURVE('',#893,#869,#895,.T.);
#893 = VERTEX_POINT('',#894);
#894 = CARTESIAN_POINT('',(-16.02696146146,-17.18681198805,14.85));
#895 = CIRCLE('',#896,23.5);
#896 = AXIS2_PLACEMENT_3D('',#897,#898,#899);
#897 = CARTESIAN_POINT('',(0.,0.,14.85));
#898 = DIRECTION('',(0.,0.,1.));
#899 = DIRECTION('',(-0.681998360062,-0.731353701619,0.));
#900 = ORIENTED_EDGE('',*,*,#868,.F.);
#901 = ORIENTED_EDGE('',*,*,#632,.F.);
#902 = ORIENTED_EDGE('',*,*,#903,.T.);
#903 = EDGE_CURVE('',#625,#893,#904,.T.);
#904 = LINE('',#905,#906);
#905 = CARTESIAN_POINT('',(0.,0.,14.85));
#906 = VECTOR('',#907,1.);
#907 = DIRECTION('',(-0.681998360062,-0.731353701619,0.));
#908 = PLANE('',#909);
#909 = AXIS2_PLACEMENT_3D('',#910,#911,#912);
#910 = CARTESIAN_POINT('',(0.,0.,14.85));
#911 = DIRECTION('',(0.,0.,1.));
#912 = DIRECTION('',(-0.681998360062,-0.731353701619,0.));
#913 = ADVANCED_FACE('',(#914),#933,.T.);
#914 = FACE_BOUND('',#915,.T.);
#915 = EDGE_LOOP('',(#916,#917,#918,#927));
#916 = ORIENTED_EDGE('',*,*,#598,.F.);
#917 = ORIENTED_EDGE('',*,*,#692,.T.);
#918 = ORIENTED_EDGE('',*,*,#919,.T.);
#919 = EDGE_CURVE('',#693,#920,#922,.T.);
#920 = VERTEX_POINT('',#921);
#921 = CARTESIAN_POINT('',(-22.04038996338,8.152987811972,11.65));
#922 = CIRCLE('',#923,23.5);
#923 = AXIS2_PLACEMENT_3D('',#924,#925,#926);
#924 = CARTESIAN_POINT('',(0.,0.,11.65));
#925 = DIRECTION('',(0.,0.,1.));
#926 = DIRECTION('',(-0.292371704723,0.956304755963,0.));
#927 = ORIENTED_EDGE('',*,*,#928,.F.);
#928 = EDGE_CURVE('',#591,#920,#929,.T.);
#929 = LINE('',#930,#931);
#930 = CARTESIAN_POINT('',(0.,0.,11.65));
#931 = VECTOR('',#932,1.);
#932 = DIRECTION('',(-0.937888934612,0.346935651573,0.));
#933 = PLANE('',#934);
#934 = AXIS2_PLACEMENT_3D('',#935,#936,#937);
#935 = CARTESIAN_POINT('',(0.,0.,11.65));
#936 = DIRECTION('',(0.,0.,1.));
#937 = DIRECTION('',(-0.292371704723,0.956304755963,0.));
#938 = ADVANCED_FACE('',(#939),#957,.T.);
#939 = FACE_BOUND('',#940,.T.);
#940 = EDGE_LOOP('',(#941,#949,#950,#951));
#941 = ORIENTED_EDGE('',*,*,#942,.F.);
#942 = EDGE_CURVE('',#582,#943,#945,.T.);
#943 = VERTEX_POINT('',#944);
#944 = CARTESIAN_POINT('',(-22.04038996338,8.152987811972,14.85));
#945 = LINE('',#946,#947);
#946 = CARTESIAN_POINT('',(0.,0.,14.85));
#947 = VECTOR('',#948,1.);
#948 = DIRECTION('',(-0.937888934612,0.346935651573,0.));
#949 = ORIENTED_EDGE('',*,*,#590,.F.);
#950 = ORIENTED_EDGE('',*,*,#928,.T.);
#951 = ORIENTED_EDGE('',*,*,#952,.T.);
#952 = EDGE_CURVE('',#920,#943,#953,.T.);
#953 = LINE('',#954,#955);
#954 = CARTESIAN_POINT('',(-22.04038996338,8.152987811972,11.65));
#955 = VECTOR('',#956,1.);
#956 = DIRECTION('',(0.,0.,1.));
#957 = PLANE('',#958);
#958 = AXIS2_PLACEMENT_3D('',#959,#960,#961);
#959 = CARTESIAN_POINT('',(0.,0.,11.65));
#960 = DIRECTION('',(0.346935651573,0.937888934612,0.));
#961 = DIRECTION('',(-0.937888934612,0.346935651573,0.));
#962 = ADVANCED_FACE('',(#963),#982,.F.);
#963 = FACE_BOUND('',#964,.F.);
#964 = EDGE_LOOP('',(#965,#974,#975,#976));
#965 = ORIENTED_EDGE('',*,*,#966,.T.);
#966 = EDGE_CURVE('',#967,#943,#969,.T.);
#967 = VERTEX_POINT('',#968);
#968 = CARTESIAN_POINT('',(-6.870735060984,22.473161765131,14.85));
#969 = CIRCLE('',#970,23.5);
#970 = AXIS2_PLACEMENT_3D('',#971,#972,#973);
#971 = CARTESIAN_POINT('',(0.,0.,14.85));
#972 = DIRECTION('',(0.,0.,1.));
#973 = DIRECTION('',(-0.292371704723,0.956304755963,0.));
#974 = ORIENTED_EDGE('',*,*,#942,.F.);
#975 = ORIENTED_EDGE('',*,*,#581,.F.);
#976 = ORIENTED_EDGE('',*,*,#977,.T.);
#977 = EDGE_CURVE('',#574,#967,#978,.T.);
#978 = LINE('',#979,#980);
#979 = CARTESIAN_POINT('',(0.,0.,14.85));
#980 = VECTOR('',#981,1.);
#981 = DIRECTION('',(-0.292371704723,0.956304755963,0.));
#982 = PLANE('',#983);
#983 = AXIS2_PLACEMENT_3D('',#984,#985,#986);
#984 = CARTESIAN_POINT('',(0.,0.,14.85));
#985 = DIRECTION('',(0.,0.,1.));
#986 = DIRECTION('',(-0.292371704723,0.956304755963,0.));
#987 = ADVANCED_FACE('',(#988),#1007,.T.);
#988 = FACE_BOUND('',#989,.T.);
#989 = EDGE_LOOP('',(#990,#991,#992,#1001));
#990 = ORIENTED_EDGE('',*,*,#547,.F.);
#991 = ORIENTED_EDGE('',*,*,#754,.T.);
#992 = ORIENTED_EDGE('',*,*,#993,.T.);
#993 = EDGE_CURVE('',#755,#994,#996,.T.);
#994 = VERTEX_POINT('',#995);
#995 = CARTESIAN_POINT('',(18.080889543602,15.011043711617,11.65));
#996 = CIRCLE('',#997,23.5);
#997 = AXIS2_PLACEMENT_3D('',#998,#999,#1000);
#998 = CARTESIAN_POINT('',(0.,0.,11.65));
#999 = DIRECTION('',(-0.,0.,1.));
#1000 = DIRECTION('',(0.974370064785,-0.224951054344,0.));
#1001 = ORIENTED_EDGE('',*,*,#1002,.F.);
#1002 = EDGE_CURVE('',#540,#994,#1003,.T.);
#1003 = LINE('',#1004,#1005);
#1004 = CARTESIAN_POINT('',(0.,0.,11.65));
#1005 = VECTOR('',#1006,1.);
#1006 = DIRECTION('',(0.769399555047,0.638767817516,0.));
#1007 = PLANE('',#1008);
#1008 = AXIS2_PLACEMENT_3D('',#1009,#1010,#1011);
#1009 = CARTESIAN_POINT('',(0.,0.,11.65));
#1010 = DIRECTION('',(0.,0.,1.));
#1011 = DIRECTION('',(0.974370064785,-0.224951054344,0.));
#1012 = ADVANCED_FACE('',(#1013),#1024,.T.);
#1013 = FACE_BOUND('',#1014,.T.);
#1014 = EDGE_LOOP('',(#1015,#1016,#1017,#1018));
#1015 = ORIENTED_EDGE('',*,*,#821,.F.);
#1016 = ORIENTED_EDGE('',*,*,#539,.F.);
#1017 = ORIENTED_EDGE('',*,*,#1002,.T.);
#1018 = ORIENTED_EDGE('',*,*,#1019,.T.);
#1019 = EDGE_CURVE('',#994,#813,#1020,.T.);
#1020 = LINE('',#1021,#1022);
#1021 = CARTESIAN_POINT('',(18.080889543602,15.011043711617,11.65));
#1022 = VECTOR('',#1023,1.);
#1023 = DIRECTION('',(0.,0.,1.));
#1024 = PLANE('',#1025);
#1025 = AXIS2_PLACEMENT_3D('',#1026,#1027,#1028);
#1026 = CARTESIAN_POINT('',(0.,0.,11.65));
#1027 = DIRECTION('',(0.638767817516,-0.769399555047,0.));
#1028 = DIRECTION('',(0.769399555047,0.638767817516,0.));
#1029 = ADVANCED_FACE('',(#1030,#1075),#1078,.T.);
#1030 = FACE_BOUND('',#1031,.T.);
#1031 = EDGE_LOOP('',(#1032,#1043,#1052,#1060,#1069));
#1032 = ORIENTED_EDGE('',*,*,#1033,.T.);
#1033 = EDGE_CURVE('',#1034,#1036,#1038,.T.);
#1034 = VERTEX_POINT('',#1035);
#1035 = CARTESIAN_POINT('',(-16.13310100322,18.438358170394,21.));
#1036 = VERTEX_POINT('',#1037);
#1037 = CARTESIAN_POINT('',(24.5,-6.E-15,21.));
#1038 = CIRCLE('',#1039,24.5);
#1039 = AXIS2_PLACEMENT_3D('',#1040,#1041,#1042);
#1040 = CARTESIAN_POINT('',(0.,0.,21.));
#1041 = DIRECTION('',(0.,0.,1.));
#1042 = DIRECTION('',(1.,0.,0.));
#1043 = ORIENTED_EDGE('',*,*,#1044,.T.);
#1044 = EDGE_CURVE('',#1036,#1045,#1047,.T.);
#1045 = VERTEX_POINT('',#1046);
#1046 = CARTESIAN_POINT('',(16.133101003225,18.438358170394,21.));
#1047 = CIRCLE('',#1048,24.5);
#1048 = AXIS2_PLACEMENT_3D('',#1049,#1050,#1051);
#1049 = CARTESIAN_POINT('',(0.,0.,21.));
#1050 = DIRECTION('',(0.,0.,1.));
#1051 = DIRECTION('',(1.,0.,0.));
#1052 = ORIENTED_EDGE('',*,*,#1053,.F.);
#1053 = EDGE_CURVE('',#1054,#1045,#1056,.T.);
#1054 = VERTEX_POINT('',#1055);
#1055 = CARTESIAN_POINT('',(13.960071072178,15.954824212749,21.));
#1056 = LINE('',#1057,#1058);
#1057 = CARTESIAN_POINT('',(0.,0.,21.));
#1058 = VECTOR('',#1059,1.);
#1059 = DIRECTION('',(0.658493918499,0.752586047771,0.));
#1060 = ORIENTED_EDGE('',*,*,#1061,.T.);
#1061 = EDGE_CURVE('',#1054,#1062,#1064,.T.);
#1062 = VERTEX_POINT('',#1063);
#1063 = CARTESIAN_POINT('',(-13.96007107217,15.954824212749,21.));
#1064 = CIRCLE('',#1065,21.2);
#1065 = AXIS2_PLACEMENT_3D('',#1066,#1067,#1068);
#1066 = CARTESIAN_POINT('',(0.,0.,21.));
#1067 = DIRECTION('',(0.,-0.,1.));
#1068 = DIRECTION('',(0.658493918499,0.752586047771,0.));
#1069 = ORIENTED_EDGE('',*,*,#1070,.T.);
#1070 = EDGE_CURVE('',#1062,#1034,#1071,.T.);
#1071 = LINE('',#1072,#1073);
#1072 = CARTESIAN_POINT('',(0.,0.,21.));
#1073 = VECTOR('',#1074,1.);
#1074 = DIRECTION('',(-0.658493918499,0.752586047771,0.));
#1075 = FACE_BOUND('',#1076,.T.);
#1076 = EDGE_LOOP('',(#1077));
#1077 = ORIENTED_EDGE('',*,*,#522,.F.);
#1078 = PLANE('',#1079);
#1079 = AXIS2_PLACEMENT_3D('',#1080,#1081,#1082);
#1080 = CARTESIAN_POINT('',(0.,0.,21.));
#1081 = DIRECTION('',(0.,0.,1.));
#1082 = DIRECTION('',(1.,0.,0.));
#1083 = ADVANCED_FACE('',(#1084,#1087),#1098,.T.);
#1084 = FACE_BOUND('',#1085,.T.);
#1085 = EDGE_LOOP('',(#1086));
#1086 = ORIENTED_EDGE('',*,*,#795,.T.);
#1087 = FACE_BOUND('',#1088,.T.);
#1088 = EDGE_LOOP('',(#1089));
#1089 = ORIENTED_EDGE('',*,*,#1090,.F.);
#1090 = EDGE_CURVE('',#1091,#1091,#1093,.T.);
#1091 = VERTEX_POINT('',#1092);
#1092 = CARTESIAN_POINT('',(26.5,-6.E-15,19.8));
#1093 = CIRCLE('',#1094,26.5);
#1094 = AXIS2_PLACEMENT_3D('',#1095,#1096,#1097);
#1095 = CARTESIAN_POINT('',(0.,0.,19.8));
#1096 = DIRECTION('',(0.,0.,1.));
#1097 = DIRECTION('',(1.,0.,0.));
#1098 = PLANE('',#1099);
#1099 = AXIS2_PLACEMENT_3D('',#1100,#1101,#1102);
#1100 = CARTESIAN_POINT('',(0.,0.,19.8));
#1101 = DIRECTION('',(0.,0.,1.));
#1102 = DIRECTION('',(1.,0.,0.));
#1103 = ADVANCED_FACE('',(#1104),#1137,.F.);
#1104 = FACE_BOUND('',#1105,.F.);
#1105 = EDGE_LOOP('',(#1106,#1116,#1122,#1123,#1131));
#1106 = ORIENTED_EDGE('',*,*,#1107,.F.);
#1107 = EDGE_CURVE('',#1108,#1110,#1112,.T.);
#1108 = VERTEX_POINT('',#1109);
#1109 = CARTESIAN_POINT('',(-13.96007107217,15.954824212749,92.));
#1110 = VERTEX_POINT('',#1111);
#1111 = CARTESIAN_POINT('',(-14.09588544286,16.110045085102,92.));
#1112 = LINE('',#1113,#1114);
#1113 = CARTESIAN_POINT('',(0.,0.,92.));
#1114 = VECTOR('',#1115,1.);
#1115 = DIRECTION('',(-0.658493918499,0.752586047771,0.));
#1116 = ORIENTED_EDGE('',*,*,#1117,.F.);
#1117 = EDGE_CURVE('',#1062,#1108,#1118,.T.);
#1118 = LINE('',#1119,#1120);
#1119 = CARTESIAN_POINT('',(-13.96007107217,15.954824212749,15.));
#1120 = VECTOR('',#1121,1.);
#1121 = DIRECTION('',(0.,0.,1.));
#1122 = ORIENTED_EDGE('',*,*,#1070,.T.);
#1123 = ORIENTED_EDGE('',*,*,#1124,.T.);
#1124 = EDGE_CURVE('',#1034,#1125,#1127,.T.);
#1125 = VERTEX_POINT('',#1126);
#1126 = CARTESIAN_POINT('',(-16.13310100322,18.438358170394,88.90625));
#1127 = LINE('',#1128,#1129);
#1128 = CARTESIAN_POINT('',(-16.13310100322,18.438358170394,16.));
#1129 = VECTOR('',#1130,1.);
#1130 = DIRECTION('',(0.,0.,1.));
#1131 = ORIENTED_EDGE('',*,*,#1132,.F.);
#1132 = EDGE_CURVE('',#1110,#1125,#1133,.T.);
#1133 = LINE('',#1134,#1135);
#1134 = CARTESIAN_POINT('',(0.,0.,113.40625));
#1135 = VECTOR('',#1136,1.);
#1136 = DIRECTION('',(-0.465625515141,0.532158697805,-0.707106781187));
#1137 = PLANE('',#1138);
#1138 = AXIS2_PLACEMENT_3D('',#1139,#1140,#1141);
#1139 = CARTESIAN_POINT('',(0.,0.,16.));
#1140 = DIRECTION('',(0.752586047771,0.658493918499,0.));
#1141 = DIRECTION('',(-0.658493918499,0.752586047771,0.));
#1142 = ADVANCED_FACE('',(#1143,#1162,#1213,#1264),#1300,.F.);
#1143 = FACE_BOUND('',#1144,.F.);
#1144 = EDGE_LOOP('',(#1145,#1153,#1154,#1155));
#1145 = ORIENTED_EDGE('',*,*,#1146,.F.);
#1146 = EDGE_CURVE('',#1054,#1147,#1149,.T.);
#1147 = VERTEX_POINT('',#1148);
#1148 = CARTESIAN_POINT('',(13.960071072178,15.954824212749,92.));
#1149 = LINE('',#1150,#1151);
#1150 = CARTESIAN_POINT('',(13.960071072178,15.954824212749,15.));
#1151 = VECTOR('',#1152,1.);
#1152 = DIRECTION('',(0.,0.,1.));
#1153 = ORIENTED_EDGE('',*,*,#1061,.T.);
#1154 = ORIENTED_EDGE('',*,*,#1117,.T.);
#1155 = ORIENTED_EDGE('',*,*,#1156,.F.);
#1156 = EDGE_CURVE('',#1147,#1108,#1157,.T.);
#1157 = CIRCLE('',#1158,21.2);
#1158 = AXIS2_PLACEMENT_3D('',#1159,#1160,#1161);
#1159 = CARTESIAN_POINT('',(0.,0.,92.));
#1160 = DIRECTION('',(0.,-0.,1.));
#1161 = DIRECTION('',(0.658493918499,0.752586047771,0.));
#1162 = FACE_BOUND('',#1163,.F.);
#1163 = EDGE_LOOP('',(#1164));
#1164 = ORIENTED_EDGE('',*,*,#1165,.T.);
#1165 = EDGE_CURVE('',#1166,#1166,#1168,.T.);
#1166 = VERTEX_POINT('',#1167);
#1167 = CARTESIAN_POINT('',(-1.25,21.163116500175,30.));
#1168 = B_SPLINE_CURVE_WITH_KNOTS('',7,(#1169,#1170,#1171,#1172,#1173,
    #1174,#1175,#1176,#1177,#1178,#1179,#1180,#1181,#1182,#1183,#1184,
    #1185,#1186,#1187,#1188,#1189,#1190,#1191,#1192,#1193,#1194,#1195,
    #1196,#1197,#1198,#1199,#1200,#1201,#1202,#1203,#1204,#1205,#1206,
    #1207,#1208,#1209,#1210,#1211,#1212),.UNSPECIFIED.,.T.,.F.,(8,6,6,6,
    6,6,6,8),(0.,0.151247723363,0.287078576053,0.424387991269,
    0.587289707262,0.713796612736,0.83962564026,1.),.UNSPECIFIED.);
#1169 = CARTESIAN_POINT('',(-1.25,21.163116500175,30.));
#1170 = CARTESIAN_POINT('',(-1.25,21.163116500175,29.849787741452));
#1171 = CARTESIAN_POINT('',(-1.228941006238,21.164360298768,
    29.699497968391));
#1172 = CARTESIAN_POINT('',(-1.186780465294,21.16685077817,
    29.551279430582));
#1173 = CARTESIAN_POINT('',(-1.1230633836,21.170481063533,29.40750304039
    ));
#1174 = CARTESIAN_POINT('',(-1.037158491787,21.175024876333,
    29.271082261931));
#1175 = CARTESIAN_POINT('',(-0.928437914628,21.180069909425,
    29.145775356368));
#1176 = CARTESIAN_POINT('',(-0.67854211788,21.189468623911,
    28.939043574302));
#1177 = CARTESIAN_POINT('',(-0.538740051682,21.193955320613,
    28.851911528879));
#1178 = CARTESIAN_POINT('',(-0.38023301377,21.19787119725,
    28.784403148282));
#1179 = CARTESIAN_POINT('',(-0.208667678133,21.200463828329,
    28.74266754246));
#1180 = CARTESIAN_POINT('',(-3.12758815605E-02,21.201208800976,
    28.729952385872));
#1181 = CARTESIAN_POINT('',(0.144205931951,21.200164739619,
    28.74648095096));
#1182 = CARTESIAN_POINT('',(0.479332894779,21.195250137738,
    28.832526930196));
#1183 = CARTESIAN_POINT('',(0.633985773237,21.191419718302,
    28.901387065728));
#1184 = CARTESIAN_POINT('',(0.771763281257,21.186735085752,
    28.990836006388));
#1185 = CARTESIAN_POINT('',(0.890902618141,21.181795198043,
    29.096346432813));
#1186 = CARTESIAN_POINT('',(0.990472775485,21.177113695541,
    29.213655913096));
#1187 = CARTESIAN_POINT('',(1.070309113009,21.173052128065,
    29.338729323793));
#1188 = CARTESIAN_POINT('',(1.203076641173,21.165958791869,
    29.620874683023));
#1189 = CARTESIAN_POINT('',(1.25033677714,21.163147002052,
    29.784064652396));
#1190 = CARTESIAN_POINT('',(1.271656671289,21.161789200811,
    29.952990135626));
#1191 = CARTESIAN_POINT('',(1.266578031799,21.162110255156,
    30.123382350018));
#1192 = CARTESIAN_POINT('',(1.23517144716,21.16407399232,30.291107891043
    ));
#1193 = CARTESIAN_POINT('',(1.177879969556,21.167414171014,
    30.452131298832));
#1194 = CARTESIAN_POINT('',(1.031317775413,21.17499702552,
    30.718726940283));
#1195 = CARTESIAN_POINT('',(0.950752932416,21.178938508951,
    30.83101206018));
#1196 = CARTESIAN_POINT('',(0.853321704091,21.18331582517,
    30.935796480055));
#1197 = CARTESIAN_POINT('',(0.739326294903,21.187814208211,
    31.029706730147));
#1198 = CARTESIAN_POINT('',(0.609700113985,21.192012751291,
    31.109267891072));
#1199 = CARTESIAN_POINT('',(0.466037857695,21.195445108068,
    31.170886655136));
#1200 = CARTESIAN_POINT('',(0.156518356715,21.199984179197,
    31.250357755671));
#1201 = CARTESIAN_POINT('',(-5.871484694961E-03,21.201053954351,
    31.267584307261));
#1202 = CARTESIAN_POINT('',(-0.170617203267,21.200603135951,
    31.25971729434));
#1203 = CARTESIAN_POINT('',(-0.331323104585,21.198555362314,
    31.226638659253));
#1204 = CARTESIAN_POINT('',(-0.48189000228,21.195272426875,
    31.170683477602));
#1205 = CARTESIAN_POINT('',(-0.617344054017,21.191335085782,
    31.09655826222));
#1206 = CARTESIAN_POINT('',(-0.884346859582,21.182075967366,
    30.902569368881));
#1207 = CARTESIAN_POINT('',(-1.00811311184,21.176549795981,
    30.773193157864));
#1208 = CARTESIAN_POINT('',(-1.105857221902,21.171459029497,
    30.62998482696));
#1209 = CARTESIAN_POINT('',(-1.1782701106,21.167353632937,
    30.477724351506));
#1210 = CARTESIAN_POINT('',(-1.226118135608,21.164526986037,
    30.320075301848));
#1211 = CARTESIAN_POINT('',(-1.25,21.163116500175,30.159964035047));
#1212 = CARTESIAN_POINT('',(-1.25,21.163116500175,30.));
#1213 = FACE_BOUND('',#1214,.F.);
#1214 = EDGE_LOOP('',(#1215));
#1215 = ORIENTED_EDGE('',*,*,#1216,.T.);
#1216 = EDGE_CURVE('',#1217,#1217,#1219,.T.);
#1217 = VERTEX_POINT('',#1218);
#1218 = CARTESIAN_POINT('',(-1.25,21.163116500175,78.));
#1219 = B_SPLINE_CURVE_WITH_KNOTS('',7,(#1220,#1221,#1222,#1223,#1224,
    #1225,#1226,#1227,#1228,#1229,#1230,#1231,#1232,#1233,#1234,#1235,
    #1236,#1237,#1238,#1239,#1240,#1241,#1242,#1243,#1244,#1245,#1246,
    #1247,#1248,#1249,#1250,#1251,#1252,#1253,#1254,#1255,#1256,#1257,
    #1258,#1259,#1260,#1261,#1262,#1263),.UNSPECIFIED.,.T.,.F.,(8,6,6,6,
    6,6,6,8),(0.,0.151247720976,0.287078571523,0.424387984572,
    0.587289697994,0.713796601472,0.83962563152,1.),.UNSPECIFIED.);
#1220 = CARTESIAN_POINT('',(-1.25,21.163116500175,78.));
#1221 = CARTESIAN_POINT('',(-1.25,21.163116500175,77.849787741452));
#1222 = CARTESIAN_POINT('',(-1.228941006238,21.164360298768,
    77.699497968391));
#1223 = CARTESIAN_POINT('',(-1.186780465294,21.16685077817,
    77.551279430582));
#1224 = CARTESIAN_POINT('',(-1.1230633836,21.170481063533,77.40750304039
    ));
#1225 = CARTESIAN_POINT('',(-1.037158491787,21.175024876333,
    77.271082261931));
#1226 = CARTESIAN_POINT('',(-0.928437914627,21.180069909425,
    77.145775356368));
#1227 = CARTESIAN_POINT('',(-0.67854211788,21.189468623911,
    76.939043574302));
#1228 = CARTESIAN_POINT('',(-0.538740051682,21.193955320613,
    76.851911528879));
#1229 = CARTESIAN_POINT('',(-0.38023301377,21.19787119725,
    76.784403148282));
#1230 = CARTESIAN_POINT('',(-0.208667678133,21.200463828329,
    76.74266754246));
#1231 = CARTESIAN_POINT('',(-3.12758815603E-02,21.201208800976,
    76.729952385872));
#1232 = CARTESIAN_POINT('',(0.144205931951,21.200164739619,
    76.74648095096));
#1233 = CARTESIAN_POINT('',(0.479332894779,21.195250137738,
    76.832526930196));
#1234 = CARTESIAN_POINT('',(0.633985773237,21.191419718302,
    76.901387065728));
#1235 = CARTESIAN_POINT('',(0.771763281258,21.186735085752,
    76.990836006388));
#1236 = CARTESIAN_POINT('',(0.890902618141,21.181795198043,
    77.096346432813));
#1237 = CARTESIAN_POINT('',(0.990472775485,21.177113695541,
    77.213655913096));
#1238 = CARTESIAN_POINT('',(1.070309113009,21.173052128065,
    77.338729323793));
#1239 = CARTESIAN_POINT('',(1.203076641173,21.165958791869,
    77.620874683023));
#1240 = CARTESIAN_POINT('',(1.25033677714,21.163147002052,
    77.784064652396));
#1241 = CARTESIAN_POINT('',(1.271656671288,21.161789200811,
    77.952990135627));
#1242 = CARTESIAN_POINT('',(1.266578031799,21.162110255156,
    78.123382350017));
#1243 = CARTESIAN_POINT('',(1.23517144716,21.16407399232,78.291107891043
    ));
#1244 = CARTESIAN_POINT('',(1.177879969556,21.167414171014,
    78.452131298831));
#1245 = CARTESIAN_POINT('',(1.031317775413,21.17499702552,
    78.718726940283));
#1246 = CARTESIAN_POINT('',(0.950752932417,21.178938508951,
    78.83101206018));
#1247 = CARTESIAN_POINT('',(0.853321704091,21.18331582517,
    78.935796480056));
#1248 = CARTESIAN_POINT('',(0.739326294903,21.187814208211,
    79.029706730147));
#1249 = CARTESIAN_POINT('',(0.609700113984,21.192012751291,
    79.109267891072));
#1250 = CARTESIAN_POINT('',(0.466037857696,21.195445108068,
    79.170886655136));
#1251 = CARTESIAN_POINT('',(0.156518351183,21.199984179278,
    79.250357757091));
#1252 = CARTESIAN_POINT('',(-5.871471612115E-03,21.201053954095,
    79.26758430251));
#1253 = CARTESIAN_POINT('',(-0.17061721233,21.200603136421,
    79.259717303476));
#1254 = CARTESIAN_POINT('',(-0.331323109099,21.19855536174,
    79.226638647779));
#1255 = CARTESIAN_POINT('',(-0.481889992836,21.195272427293,
    79.170683486131));
#1256 = CARTESIAN_POINT('',(-0.61734405806,21.191335085642,
    79.096558259283));
#1257 = CARTESIAN_POINT('',(-0.884346859582,21.182075967366,
    78.902569368881));
#1258 = CARTESIAN_POINT('',(-1.00811311184,21.176549795981,
    78.773193157864));
#1259 = CARTESIAN_POINT('',(-1.105857221902,21.171459029497,
    78.62998482696));
#1260 = CARTESIAN_POINT('',(-1.1782701106,21.167353632937,
    78.477724351506));
#1261 = CARTESIAN_POINT('',(-1.226118135608,21.164526986037,
    78.320075301848));
#1262 = CARTESIAN_POINT('',(-1.25,21.163116500175,78.159964035047));
#1263 = CARTESIAN_POINT('',(-1.25,21.163116500175,78.));
#1264 = FACE_BOUND('',#1265,.F.);
#1265 = EDGE_LOOP('',(#1266,#1276,#1285,#1293));
#1266 = ORIENTED_EDGE('',*,*,#1267,.T.);
#1267 = EDGE_CURVE('',#1268,#1270,#1272,.T.);
#1268 = VERTEX_POINT('',#1269);
#1269 = CARTESIAN_POINT('',(8.897384742046,19.242571157514,34.));
#1270 = VERTEX_POINT('',#1271);
#1271 = CARTESIAN_POINT('',(8.897384742046,19.242571157514,74.));
#1272 = LINE('',#1273,#1274);
#1273 = CARTESIAN_POINT('',(8.897384742046,19.242571157514,15.));
#1274 = VECTOR('',#1275,1.);
#1275 = DIRECTION('',(0.,0.,1.));
#1276 = ORIENTED_EDGE('',*,*,#1277,.T.);
#1277 = EDGE_CURVE('',#1270,#1278,#1280,.T.);
#1278 = VERTEX_POINT('',#1279);
#1279 = CARTESIAN_POINT('',(-8.897384742046,19.242571157514,74.));
#1280 = CIRCLE('',#1281,21.2);
#1281 = AXIS2_PLACEMENT_3D('',#1282,#1283,#1284);
#1282 = CARTESIAN_POINT('',(0.,0.,74.));
#1283 = DIRECTION('',(0.,-0.,1.));
#1284 = DIRECTION('',(0.658493918499,0.752586047771,0.));
#1285 = ORIENTED_EDGE('',*,*,#1286,.F.);
#1286 = EDGE_CURVE('',#1287,#1278,#1289,.T.);
#1287 = VERTEX_POINT('',#1288);
#1288 = CARTESIAN_POINT('',(-8.897384742046,19.242571157514,34.));
#1289 = LINE('',#1290,#1291);
#1290 = CARTESIAN_POINT('',(-8.897384742046,19.242571157514,15.));
#1291 = VECTOR('',#1292,1.);
#1292 = DIRECTION('',(0.,0.,1.));
#1293 = ORIENTED_EDGE('',*,*,#1294,.F.);
#1294 = EDGE_CURVE('',#1268,#1287,#1295,.T.);
#1295 = CIRCLE('',#1296,21.2);
#1296 = AXIS2_PLACEMENT_3D('',#1297,#1298,#1299);
#1297 = CARTESIAN_POINT('',(0.,0.,34.));
#1298 = DIRECTION('',(0.,-0.,1.));
#1299 = DIRECTION('',(0.658493918499,0.752586047771,0.));
#1300 = CYLINDRICAL_SURFACE('',#1301,21.2);
#1301 = AXIS2_PLACEMENT_3D('',#1302,#1303,#1304);
#1302 = CARTESIAN_POINT('',(0.,0.,15.));
#1303 = DIRECTION('',(0.,0.,1.));
#1304 = DIRECTION('',(0.658493918499,0.752586047771,0.));
#1305 = ADVANCED_FACE('',(#1306),#1332,.T.);
#1306 = FACE_BOUND('',#1307,.T.);
#1307 = EDGE_LOOP('',(#1308,#1309,#1310,#1318,#1326));
#1308 = ORIENTED_EDGE('',*,*,#1146,.F.);
#1309 = ORIENTED_EDGE('',*,*,#1053,.T.);
#1310 = ORIENTED_EDGE('',*,*,#1311,.T.);
#1311 = EDGE_CURVE('',#1045,#1312,#1314,.T.);
#1312 = VERTEX_POINT('',#1313);
#1313 = CARTESIAN_POINT('',(16.133101003225,18.438358170394,88.90625));
#1314 = LINE('',#1315,#1316);
#1315 = CARTESIAN_POINT('',(16.133101003225,18.438358170394,16.));
#1316 = VECTOR('',#1317,1.);
#1317 = DIRECTION('',(0.,0.,1.));
#1318 = ORIENTED_EDGE('',*,*,#1319,.F.);
#1319 = EDGE_CURVE('',#1320,#1312,#1322,.T.);
#1320 = VERTEX_POINT('',#1321);
#1321 = CARTESIAN_POINT('',(14.095885442869,16.110045085102,92.));
#1322 = LINE('',#1323,#1324);
#1323 = CARTESIAN_POINT('',(0.,0.,113.40625));
#1324 = VECTOR('',#1325,1.);
#1325 = DIRECTION('',(0.465625515141,0.532158697805,-0.707106781187));
#1326 = ORIENTED_EDGE('',*,*,#1327,.F.);
#1327 = EDGE_CURVE('',#1147,#1320,#1328,.T.);
#1328 = LINE('',#1329,#1330);
#1329 = CARTESIAN_POINT('',(0.,0.,92.));
#1330 = VECTOR('',#1331,1.);
#1331 = DIRECTION('',(0.658493918499,0.752586047771,0.));
#1332 = PLANE('',#1333);
#1333 = AXIS2_PLACEMENT_3D('',#1334,#1335,#1336);
#1334 = CARTESIAN_POINT('',(0.,0.,16.));
#1335 = DIRECTION('',(0.752586047771,-0.658493918499,0.));
#1336 = DIRECTION('',(0.658493918499,0.752586047771,0.));
#1337 = ADVANCED_FACE('',(#1338),#1357,.T.);
#1338 = FACE_BOUND('',#1339,.T.);
#1339 = EDGE_LOOP('',(#1340,#1349,#1355,#1356));
#1340 = ORIENTED_EDGE('',*,*,#1341,.F.);
#1341 = EDGE_CURVE('',#1342,#1342,#1344,.T.);
#1342 = VERTEX_POINT('',#1343);
#1343 = CARTESIAN_POINT('',(26.5,-6.E-15,21.2));
#1344 = CIRCLE('',#1345,26.5);
#1345 = AXIS2_PLACEMENT_3D('',#1346,#1347,#1348);
#1346 = CARTESIAN_POINT('',(0.,0.,21.2));
#1347 = DIRECTION('',(0.,0.,1.));
#1348 = DIRECTION('',(1.,0.,0.));
#1349 = ORIENTED_EDGE('',*,*,#1350,.F.);
#1350 = EDGE_CURVE('',#1091,#1342,#1351,.T.);
#1351 = LINE('',#1352,#1353);
#1352 = CARTESIAN_POINT('',(26.5,-6.49E-15,18.8));
#1353 = VECTOR('',#1354,1.);
#1354 = DIRECTION('',(0.,0.,1.));
#1355 = ORIENTED_EDGE('',*,*,#1090,.T.);
#1356 = ORIENTED_EDGE('',*,*,#1350,.T.);
#1357 = CYLINDRICAL_SURFACE('',#1358,26.5);
#1358 = AXIS2_PLACEMENT_3D('',#1359,#1360,#1361);
#1359 = CARTESIAN_POINT('',(0.,0.,18.8));
#1360 = DIRECTION('',(0.,0.,1.));
#1361 = DIRECTION('',(1.,0.,0.));
#1362 = ADVANCED_FACE('',(#1363),#1406,.F.);
#1363 = FACE_BOUND('',#1364,.F.);
#1364 = EDGE_LOOP('',(#1365,#1375,#1382,#1383,#1390,#1391,#1398,#1399));
#1365 = ORIENTED_EDGE('',*,*,#1366,.T.);
#1366 = EDGE_CURVE('',#1367,#1369,#1371,.T.);
#1367 = VERTEX_POINT('',#1368);
#1368 = CARTESIAN_POINT('',(24.5,-6.E-15,88.90625));
#1369 = VERTEX_POINT('',#1370);
#1370 = CARTESIAN_POINT('',(21.,-5.E-15,92.40625));
#1371 = LINE('',#1372,#1373);
#1372 = CARTESIAN_POINT('',(24.5,-6.E-15,88.90625));
#1373 = VECTOR('',#1374,1.);
#1374 = DIRECTION('',(-0.707106781187,1.7E-16,0.707106781187));
#1375 = ORIENTED_EDGE('',*,*,#1376,.F.);
#1376 = EDGE_CURVE('',#1369,#1369,#1377,.T.);
#1377 = CIRCLE('',#1378,21.);
#1378 = AXIS2_PLACEMENT_3D('',#1379,#1380,#1381);
#1379 = CARTESIAN_POINT('',(0.,0.,92.40625));
#1380 = DIRECTION('',(0.,0.,1.));
#1381 = DIRECTION('',(1.,0.,0.));
#1382 = ORIENTED_EDGE('',*,*,#1366,.F.);
#1383 = ORIENTED_EDGE('',*,*,#1384,.T.);
#1384 = EDGE_CURVE('',#1367,#1312,#1385,.T.);
#1385 = CIRCLE('',#1386,24.5);
#1386 = AXIS2_PLACEMENT_3D('',#1387,#1388,#1389);
#1387 = CARTESIAN_POINT('',(0.,0.,88.90625));
#1388 = DIRECTION('',(0.,0.,1.));
#1389 = DIRECTION('',(1.,0.,0.));
#1390 = ORIENTED_EDGE('',*,*,#1319,.F.);
#1391 = ORIENTED_EDGE('',*,*,#1392,.T.);
#1392 = EDGE_CURVE('',#1320,#1110,#1393,.T.);
#1393 = CIRCLE('',#1394,21.40625);
#1394 = AXIS2_PLACEMENT_3D('',#1395,#1396,#1397);
#1395 = CARTESIAN_POINT('',(0.,0.,92.));
#1396 = DIRECTION('',(0.,0.,1.));
#1397 = DIRECTION('',(1.,0.,0.));
#1398 = ORIENTED_EDGE('',*,*,#1132,.T.);
#1399 = ORIENTED_EDGE('',*,*,#1400,.T.);
#1400 = EDGE_CURVE('',#1125,#1367,#1401,.T.);
#1401 = CIRCLE('',#1402,24.5);
#1402 = AXIS2_PLACEMENT_3D('',#1403,#1404,#1405);
#1403 = CARTESIAN_POINT('',(0.,0.,88.90625));
#1404 = DIRECTION('',(0.,0.,1.));
#1405 = DIRECTION('',(1.,0.,0.));
#1406 = CONICAL_SURFACE('',#1407,24.5,0.785398163397);
#1407 = AXIS2_PLACEMENT_3D('',#1408,#1409,#1410);
#1408 = CARTESIAN_POINT('',(0.,0.,88.90625));
#1409 = DIRECTION('',(-0.,-0.,-1.));
#1410 = DIRECTION('',(1.,0.,0.));
#1411 = ADVANCED_FACE('',(#1412),#1418,.T.);
#1412 = FACE_BOUND('',#1413,.T.);
#1413 = EDGE_LOOP('',(#1414,#1415,#1416,#1417));
#1414 = ORIENTED_EDGE('',*,*,#1392,.T.);
#1415 = ORIENTED_EDGE('',*,*,#1107,.F.);
#1416 = ORIENTED_EDGE('',*,*,#1156,.F.);
#1417 = ORIENTED_EDGE('',*,*,#1327,.T.);
#1418 = PLANE('',#1419);
#1419 = AXIS2_PLACEMENT_3D('',#1420,#1421,#1422);
#1420 = CARTESIAN_POINT('',(0.,0.,92.));
#1421 = DIRECTION('',(0.,0.,1.));
#1422 = DIRECTION('',(0.658493918499,0.752586047771,0.));
#1423 = ADVANCED_FACE('',(#1424),#1483,.F.);
#1424 = FACE_BOUND('',#1425,.F.);
#1425 = EDGE_LOOP('',(#1426,#1427,#1435,#1482));
#1426 = ORIENTED_EDGE('',*,*,#1165,.F.);
#1427 = ORIENTED_EDGE('',*,*,#1428,.F.);
#1428 = EDGE_CURVE('',#1429,#1166,#1431,.T.);
#1429 = VERTEX_POINT('',#1430);
#1430 = CARTESIAN_POINT('',(-1.25,24.468091466234,30.));
#1431 = LINE('',#1432,#1433);
#1432 = CARTESIAN_POINT('',(-1.25,29.,30.));
#1433 = VECTOR('',#1434,1.);
#1434 = DIRECTION('',(-6.E-17,-1.,0.));
#1435 = ORIENTED_EDGE('',*,*,#1436,.T.);
#1436 = EDGE_CURVE('',#1429,#1429,#1437,.T.);
#1437 = B_SPLINE_CURVE_WITH_KNOTS('',7,(#1438,#1439,#1440,#1441,#1442,
    #1443,#1444,#1445,#1446,#1447,#1448,#1449,#1450,#1451,#1452,#1453,
    #1454,#1455,#1456,#1457,#1458,#1459,#1460,#1461,#1462,#1463,#1464,
    #1465,#1466,#1467,#1468,#1469,#1470,#1471,#1472,#1473,#1474,#1475,
    #1476,#1477,#1478,#1479,#1480,#1481),.UNSPECIFIED.,.T.,.F.,(8,6,6,6,
    6,6,6,8),(0.,0.151251656776,0.287074193903,0.424381816824,
    0.587300257331,0.713802550528,0.839622824845,1.),.UNSPECIFIED.);
#1438 = CARTESIAN_POINT('',(-1.25,24.468091466234,30.));
#1439 = CARTESIAN_POINT('',(-1.25,24.468091466234,29.84980014503));
#1440 = CARTESIAN_POINT('',(-1.228944486426,24.469167083215,
    29.699521811849));
#1441 = CARTESIAN_POINT('',(-1.186790405691,24.471320838471,
    29.551310326236));
#1442 = CARTESIAN_POINT('',(-1.123080047139,24.474460560141,
    29.407534263776));
#1443 = CARTESIAN_POINT('',(-1.037178207004,24.478391020728,
    29.271106756108));
#1444 = CARTESIAN_POINT('',(-0.92845315551,24.482755786842,
    29.145787964722));
#1445 = CARTESIAN_POINT('',(-0.678538744911,24.490887712898,
    28.939040783939));
#1446 = CARTESIAN_POINT('',(-0.538736304132,24.494769599742,
    28.851910062442));
#1447 = CARTESIAN_POINT('',(-0.380229712509,24.498157870919,
    28.784402150596));
#1448 = CARTESIAN_POINT('',(-0.208663598691,24.500401453168,
    28.74266648275));
#1449 = CARTESIAN_POINT('',(-3.127101175513E-02,24.501045992084,
    28.729952414929));
#1450 = CARTESIAN_POINT('',(0.14420949826,24.500142474454,
    28.746481866632));
#1451 = CARTESIAN_POINT('',(0.479337404696,24.49588994227,
    28.832528088146));
#1452 = CARTESIAN_POINT('',(0.633995887791,24.49257547664,
    28.901391224203));
#1453 = CARTESIAN_POINT('',(0.771777574186,24.488522013083,
    28.990845157923));
#1454 = CARTESIAN_POINT('',(0.890917808344,24.48424815113,29.09636072529
    ));
#1455 = CARTESIAN_POINT('',(0.990485009091,24.480198351742,
    29.213672719716));
#1456 = CARTESIAN_POINT('',(1.070315372127,24.476685225075,
    29.338742625094));
#1457 = CARTESIAN_POINT('',(1.203077551447,24.470549764771,
    29.620876617454));
#1458 = CARTESIAN_POINT('',(1.250336954459,24.468117782748,
    29.78406660441));
#1459 = CARTESIAN_POINT('',(1.27165581227,24.466943535429,
    29.952989839969));
#1460 = CARTESIAN_POINT('',(1.266577191226,24.467221214415,
    30.12337782394));
#1461 = CARTESIAN_POINT('',(1.235172879871,24.468919454563,
    30.291099437639));
#1462 = CARTESIAN_POINT('',(1.177884223465,24.471808449378,30.452123561)
  );
#1463 = CARTESIAN_POINT('',(1.031323384562,24.478367673827,
    30.71871673728));
#1464 = CARTESIAN_POINT('',(0.950763165229,24.481777076875,
    30.83099944575));
#1465 = CARTESIAN_POINT('',(0.853333789747,24.485563864607,
    30.935786064872));
#1466 = CARTESIAN_POINT('',(0.739337082336,24.489455819379,
    31.029700356771));
#1467 = CARTESIAN_POINT('',(0.609707201806,24.493088676781,
    31.10926519562));
#1468 = CARTESIAN_POINT('',(0.466040602772,24.496058669126,
    31.17088595032));
#1469 = CARTESIAN_POINT('',(0.156520736275,24.499986253695,
    31.250357144704));
#1470 = CARTESIAN_POINT('',(-5.867669681177E-03,24.500911988094,
    31.267584082675));
#1471 = CARTESIAN_POINT('',(-0.170613225733,24.500521964965,
    31.259717908155));
#1472 = CARTESIAN_POINT('',(-0.331319093175,24.498749920404,
    31.226639582588));
#1473 = CARTESIAN_POINT('',(-0.481885478387,24.495909277904,
    31.170685172209));
#1474 = CARTESIAN_POINT('',(-0.617340215339,24.492502611868,
    31.096561051183));
#1475 = CARTESIAN_POINT('',(-0.88436478789,24.484491197036,
    30.902556343203));
#1476 = CARTESIAN_POINT('',(-1.008136637284,24.479709987288,
    30.773166616017));
#1477 = CARTESIAN_POINT('',(-1.10587742272,24.475306290449,
    30.62994999382));
#1478 = CARTESIAN_POINT('',(-1.178282366753,24.471755654275,
    30.477689112951));
#1479 = CARTESIAN_POINT('',(-1.226122515328,24.469311209282,
    30.320047595996));
#1480 = CARTESIAN_POINT('',(-1.25,24.468091466234,30.159949380484));
#1481 = CARTESIAN_POINT('',(-1.25,24.468091466234,30.));
#1482 = ORIENTED_EDGE('',*,*,#1428,.T.);
#1483 = CYLINDRICAL_SURFACE('',#1484,1.25);
#1484 = AXIS2_PLACEMENT_3D('',#1485,#1486,#1487);
#1485 = CARTESIAN_POINT('',(1.78E-15,29.,30.));
#1486 = DIRECTION('',(-6.E-17,-1.,0.));
#1487 = DIRECTION('',(-1.,6.E-17,0.));
#1488 = ADVANCED_FACE('',(#1489),#1548,.F.);
#1489 = FACE_BOUND('',#1490,.F.);
#1490 = EDGE_LOOP('',(#1491,#1492,#1500,#1547));
#1491 = ORIENTED_EDGE('',*,*,#1216,.F.);
#1492 = ORIENTED_EDGE('',*,*,#1493,.F.);
#1493 = EDGE_CURVE('',#1494,#1217,#1496,.T.);
#1494 = VERTEX_POINT('',#1495);
#1495 = CARTESIAN_POINT('',(-1.25,24.468091466234,78.));
#1496 = LINE('',#1497,#1498);
#1497 = CARTESIAN_POINT('',(-1.25,29.,78.));
#1498 = VECTOR('',#1499,1.);
#1499 = DIRECTION('',(-6.E-17,-1.,0.));
#1500 = ORIENTED_EDGE('',*,*,#1501,.T.);
#1501 = EDGE_CURVE('',#1494,#1494,#1502,.T.);
#1502 = B_SPLINE_CURVE_WITH_KNOTS('',7,(#1503,#1504,#1505,#1506,#1507,
    #1508,#1509,#1510,#1511,#1512,#1513,#1514,#1515,#1516,#1517,#1518,
    #1519,#1520,#1521,#1522,#1523,#1524,#1525,#1526,#1527,#1528,#1529,
    #1530,#1531,#1532,#1533,#1534,#1535,#1536,#1537,#1538,#1539,#1540,
    #1541,#1542,#1543,#1544,#1545,#1546),.UNSPECIFIED.,.T.,.F.,(8,6,6,6,
    6,6,6,8),(0.,0.151251656825,0.287074193996,0.424381816925,
    0.58730025739,0.713802550563,0.839622824864,1.),.UNSPECIFIED.);
#1503 = CARTESIAN_POINT('',(-1.25,24.468091466234,78.));
#1504 = CARTESIAN_POINT('',(-1.25,24.468091466234,77.84980014503));
#1505 = CARTESIAN_POINT('',(-1.228944486426,24.469167083215,
    77.699521811849));
#1506 = CARTESIAN_POINT('',(-1.186790405691,24.471320838471,
    77.551310326236));
#1507 = CARTESIAN_POINT('',(-1.123080047139,24.474460560141,
    77.407534263776));
#1508 = CARTESIAN_POINT('',(-1.037178207005,24.478391020728,
    77.271106756108));
#1509 = CARTESIAN_POINT('',(-0.92845315551,24.482755786842,
    77.145787964722));
#1510 = CARTESIAN_POINT('',(-0.678538744911,24.490887712898,
    76.939040783939));
#1511 = CARTESIAN_POINT('',(-0.538736304132,24.494769599742,
    76.851910062442));
#1512 = CARTESIAN_POINT('',(-0.380229712508,24.498157870919,
    76.784402150596));
#1513 = CARTESIAN_POINT('',(-0.208663598691,24.500401453168,
    76.74266648275));
#1514 = CARTESIAN_POINT('',(-3.12710117549E-02,24.501045992084,
    76.729952414929));
#1515 = CARTESIAN_POINT('',(0.14420949826,24.500142474454,
    76.746481866632));
#1516 = CARTESIAN_POINT('',(0.479337404653,24.49588994227,
    76.832528088135));
#1517 = CARTESIAN_POINT('',(0.633995887787,24.492575476641,
    76.901391224187));
#1518 = CARTESIAN_POINT('',(0.77177757422,24.488522013082,
    76.990845157937));
#1519 = CARTESIAN_POINT('',(0.890917808367,24.484248151128,
    77.096360725323));
#1520 = CARTESIAN_POINT('',(0.990485009081,24.480198351742,
    77.213672719723));
#1521 = CARTESIAN_POINT('',(1.070315372107,24.476685225076,
    77.338742625052));
#1522 = CARTESIAN_POINT('',(1.203077551447,24.470549764771,
    77.620876617455));
#1523 = CARTESIAN_POINT('',(1.250336954459,24.468117782748,
    77.784066604411));
#1524 = CARTESIAN_POINT('',(1.27165581227,24.466943535429,
    77.952989839969));
#1525 = CARTESIAN_POINT('',(1.266577191226,24.467221214415,
    78.123377823941));
#1526 = CARTESIAN_POINT('',(1.235172879872,24.468919454563,
    78.291099437637));
#1527 = CARTESIAN_POINT('',(1.177884223466,24.471808449378,
    78.452123560998));
#1528 = CARTESIAN_POINT('',(1.031323384556,24.478367673828,
    78.71871673729));
#1529 = CARTESIAN_POINT('',(0.950763165226,24.481777076875,
    78.830999445749));
#1530 = CARTESIAN_POINT('',(0.853333789754,24.485563864606,
    78.935786064863));
#1531 = CARTESIAN_POINT('',(0.739337082344,24.489455819379,
    79.029700356768));
#1532 = CARTESIAN_POINT('',(0.609707201806,24.493088676781,
    79.109265195624));
#1533 = CARTESIAN_POINT('',(0.466040602761,24.496058669126,
    79.170885950323));
#1534 = CARTESIAN_POINT('',(0.156520736275,24.499986253695,
    79.250357144704));
#1535 = CARTESIAN_POINT('',(-5.867669680772E-03,24.500911988094,
    79.267584082675));
#1536 = CARTESIAN_POINT('',(-0.170613225734,24.500521964965,
    79.259717908155));
#1537 = CARTESIAN_POINT('',(-0.331319093174,24.498749920404,
    79.226639582588));
#1538 = CARTESIAN_POINT('',(-0.481885478387,24.495909277904,
    79.170685172209));
#1539 = CARTESIAN_POINT('',(-0.617340215339,24.492502611868,
    79.096561051183));
#1540 = CARTESIAN_POINT('',(-0.884364787889,24.484491197036,
    78.902556343203));
#1541 = CARTESIAN_POINT('',(-1.008136637284,24.479709987288,
    78.773166616017));
#1542 = CARTESIAN_POINT('',(-1.10587742272,24.475306290449,
    78.62994999382));
#1543 = CARTESIAN_POINT('',(-1.178282366754,24.471755654275,
    78.477689112951));
#1544 = CARTESIAN_POINT('',(-1.226122515328,24.469311209282,
    78.320047595996));
#1545 = CARTESIAN_POINT('',(-1.25,24.468091466234,78.159949380484));
#1546 = CARTESIAN_POINT('',(-1.25,24.468091466234,78.));
#1547 = ORIENTED_EDGE('',*,*,#1493,.T.);
#1548 = CYLINDRICAL_SURFACE('',#1549,1.25);
#1549 = AXIS2_PLACEMENT_3D('',#1550,#1551,#1552);
#1550 = CARTESIAN_POINT('',(1.78E-15,29.,78.));
#1551 = DIRECTION('',(-6.E-17,-1.,0.));
#1552 = DIRECTION('',(-1.,6.E-17,0.));
#1553 = ADVANCED_FACE('',(#1554),#1579,.F.);
#1554 = FACE_BOUND('',#1555,.F.);
#1555 = EDGE_LOOP('',(#1556,#1557,#1565,#1573));
#1556 = ORIENTED_EDGE('',*,*,#1267,.F.);
#1557 = ORIENTED_EDGE('',*,*,#1558,.T.);
#1558 = EDGE_CURVE('',#1268,#1559,#1561,.T.);
#1559 = VERTEX_POINT('',#1560);
#1560 = CARTESIAN_POINT('',(10.282355008497,22.237877045241,34.));
#1561 = LINE('',#1562,#1563);
#1562 = CARTESIAN_POINT('',(0.,0.,34.));
#1563 = VECTOR('',#1564,1.);
#1564 = DIRECTION('',(0.41968795953,0.907668450826,0.));
#1565 = ORIENTED_EDGE('',*,*,#1566,.T.);
#1566 = EDGE_CURVE('',#1559,#1567,#1569,.T.);
#1567 = VERTEX_POINT('',#1568);
#1568 = CARTESIAN_POINT('',(10.282355008497,22.237877045241,74.));
#1569 = LINE('',#1570,#1571);
#1570 = CARTESIAN_POINT('',(10.282355008497,22.237877045241,24.));
#1571 = VECTOR('',#1572,1.);
#1572 = DIRECTION('',(0.,0.,1.));
#1573 = ORIENTED_EDGE('',*,*,#1574,.F.);
#1574 = EDGE_CURVE('',#1270,#1567,#1575,.T.);
#1575 = LINE('',#1576,#1577);
#1576 = CARTESIAN_POINT('',(0.,0.,74.));
#1577 = VECTOR('',#1578,1.);
#1578 = DIRECTION('',(0.41968795953,0.907668450826,0.));
#1579 = PLANE('',#1580);
#1580 = AXIS2_PLACEMENT_3D('',#1581,#1582,#1583);
#1581 = CARTESIAN_POINT('',(0.,0.,34.));
#1582 = DIRECTION('',(0.907668450826,-0.41968795953,0.));
#1583 = DIRECTION('',(0.41968795953,0.907668450826,0.));
#1584 = ADVANCED_FACE('',(#1585),#1604,.T.);
#1585 = FACE_BOUND('',#1586,.T.);
#1586 = EDGE_LOOP('',(#1587,#1596,#1602,#1603));
#1587 = ORIENTED_EDGE('',*,*,#1588,.T.);
#1588 = EDGE_CURVE('',#1559,#1589,#1591,.T.);
#1589 = VERTEX_POINT('',#1590);
#1590 = CARTESIAN_POINT('',(-10.28235500849,22.237877045241,34.));
#1591 = CIRCLE('',#1592,24.5);
#1592 = AXIS2_PLACEMENT_3D('',#1593,#1594,#1595);
#1593 = CARTESIAN_POINT('',(0.,0.,34.));
#1594 = DIRECTION('',(0.,-0.,1.));
#1595 = DIRECTION('',(0.544639035015,0.838670567945,0.));
#1596 = ORIENTED_EDGE('',*,*,#1597,.F.);
#1597 = EDGE_CURVE('',#1287,#1589,#1598,.T.);
#1598 = LINE('',#1599,#1600);
#1599 = CARTESIAN_POINT('',(0.,0.,34.));
#1600 = VECTOR('',#1601,1.);
#1601 = DIRECTION('',(-0.41968795953,0.907668450826,0.));
#1602 = ORIENTED_EDGE('',*,*,#1294,.F.);
#1603 = ORIENTED_EDGE('',*,*,#1558,.T.);
#1604 = PLANE('',#1605);
#1605 = AXIS2_PLACEMENT_3D('',#1606,#1607,#1608);
#1606 = CARTESIAN_POINT('',(0.,0.,34.));
#1607 = DIRECTION('',(0.,0.,1.));
#1608 = DIRECTION('',(0.41968795953,0.907668450826,0.));
#1609 = ADVANCED_FACE('',(#1610),#1629,.F.);
#1610 = FACE_BOUND('',#1611,.F.);
#1611 = EDGE_LOOP('',(#1612,#1621,#1627,#1628));
#1612 = ORIENTED_EDGE('',*,*,#1613,.T.);
#1613 = EDGE_CURVE('',#1567,#1614,#1616,.T.);
#1614 = VERTEX_POINT('',#1615);
#1615 = CARTESIAN_POINT('',(-10.28235500849,22.237877045241,74.));
#1616 = CIRCLE('',#1617,24.5);
#1617 = AXIS2_PLACEMENT_3D('',#1618,#1619,#1620);
#1618 = CARTESIAN_POINT('',(0.,0.,74.));
#1619 = DIRECTION('',(0.,-0.,1.));
#1620 = DIRECTION('',(0.544639035015,0.838670567945,0.));
#1621 = ORIENTED_EDGE('',*,*,#1622,.F.);
#1622 = EDGE_CURVE('',#1278,#1614,#1623,.T.);
#1623 = LINE('',#1624,#1625);
#1624 = CARTESIAN_POINT('',(0.,0.,74.));
#1625 = VECTOR('',#1626,1.);
#1626 = DIRECTION('',(-0.41968795953,0.907668450826,0.));
#1627 = ORIENTED_EDGE('',*,*,#1277,.F.);
#1628 = ORIENTED_EDGE('',*,*,#1574,.T.);
#1629 = PLANE('',#1630);
#1630 = AXIS2_PLACEMENT_3D('',#1631,#1632,#1633);
#1631 = CARTESIAN_POINT('',(0.,0.,74.));
#1632 = DIRECTION('',(0.,0.,1.));
#1633 = DIRECTION('',(0.41968795953,0.907668450826,0.));
#1634 = ADVANCED_FACE('',(#1635),#1646,.T.);
#1635 = FACE_BOUND('',#1636,.T.);
#1636 = EDGE_LOOP('',(#1637,#1638,#1639,#1640));
#1637 = ORIENTED_EDGE('',*,*,#1622,.F.);
#1638 = ORIENTED_EDGE('',*,*,#1286,.F.);
#1639 = ORIENTED_EDGE('',*,*,#1597,.T.);
#1640 = ORIENTED_EDGE('',*,*,#1641,.T.);
#1641 = EDGE_CURVE('',#1589,#1614,#1642,.T.);
#1642 = LINE('',#1643,#1644);
#1643 = CARTESIAN_POINT('',(-10.28235500849,22.237877045241,24.));
#1644 = VECTOR('',#1645,1.);
#1645 = DIRECTION('',(0.,0.,1.));
#1646 = PLANE('',#1647);
#1647 = AXIS2_PLACEMENT_3D('',#1648,#1649,#1650);
#1648 = CARTESIAN_POINT('',(0.,0.,34.));
#1649 = DIRECTION('',(0.907668450826,0.41968795953,0.));
#1650 = DIRECTION('',(-0.41968795953,0.907668450826,0.));
#1651 = ADVANCED_FACE('',(#1652,#1663),#1666,.F.);
#1652 = FACE_BOUND('',#1653,.F.);
#1653 = EDGE_LOOP('',(#1654));
#1654 = ORIENTED_EDGE('',*,*,#1655,.T.);
#1655 = EDGE_CURVE('',#1656,#1656,#1658,.T.);
#1656 = VERTEX_POINT('',#1657);
#1657 = CARTESIAN_POINT('',(27.,-7.E-15,21.2));
#1658 = CIRCLE('',#1659,27.);
#1659 = AXIS2_PLACEMENT_3D('',#1660,#1661,#1662);
#1660 = CARTESIAN_POINT('',(0.,0.,21.2));
#1661 = DIRECTION('',(0.,0.,1.));
#1662 = DIRECTION('',(1.,0.,0.));
#1663 = FACE_BOUND('',#1664,.F.);
#1664 = EDGE_LOOP('',(#1665));
#1665 = ORIENTED_EDGE('',*,*,#1341,.F.);
#1666 = PLANE('',#1667);
#1667 = AXIS2_PLACEMENT_3D('',#1668,#1669,#1670);
#1668 = CARTESIAN_POINT('',(0.,0.,21.2));
#1669 = DIRECTION('',(0.,0.,1.));
#1670 = DIRECTION('',(1.,0.,0.));
#1671 = ADVANCED_FACE('',(#1672,#1844),#1895,.F.);
#1672 = FACE_BOUND('',#1673,.F.);
#1673 = EDGE_LOOP('',(#1674,#1682,#1683,#1684,#1693,#1701,#1710,#1718,
    #1727,#1735,#1744,#1752,#1761,#1769,#1778,#1786,#1795,#1803,#1812,
    #1820,#1829,#1837));
#1674 = ORIENTED_EDGE('',*,*,#1675,.F.);
#1675 = EDGE_CURVE('',#1369,#1676,#1678,.T.);
#1676 = VERTEX_POINT('',#1677);
#1677 = CARTESIAN_POINT('',(21.,-5.E-15,93.55625));
#1678 = LINE('',#1679,#1680);
#1679 = CARTESIAN_POINT('',(21.,-5.14E-15,87.90625));
#1680 = VECTOR('',#1681,1.);
#1681 = DIRECTION('',(0.,0.,1.));
#1682 = ORIENTED_EDGE('',*,*,#1376,.T.);
#1683 = ORIENTED_EDGE('',*,*,#1675,.T.);
#1684 = ORIENTED_EDGE('',*,*,#1685,.F.);
#1685 = EDGE_CURVE('',#1686,#1676,#1688,.T.);
#1686 = VERTEX_POINT('',#1687);
#1687 = CARTESIAN_POINT('',(20.46177136049,-4.723972141221,93.55625));
#1688 = CIRCLE('',#1689,21.);
#1689 = AXIS2_PLACEMENT_3D('',#1690,#1691,#1692);
#1690 = CARTESIAN_POINT('',(0.,0.,93.55625));
#1691 = DIRECTION('',(0.,0.,1.));
#1692 = DIRECTION('',(1.,0.,0.));
#1693 = ORIENTED_EDGE('',*,*,#1694,.T.);
#1694 = EDGE_CURVE('',#1686,#1695,#1697,.T.);
#1695 = VERTEX_POINT('',#1696);
#1696 = CARTESIAN_POINT('',(20.46177136049,-4.723972141221,101.90625));
#1697 = LINE('',#1698,#1699);
#1698 = CARTESIAN_POINT('',(20.46177136049,-4.723972141221,87.90625));
#1699 = VECTOR('',#1700,1.);
#1700 = DIRECTION('',(0.,0.,1.));
#1701 = ORIENTED_EDGE('',*,*,#1702,.F.);
#1702 = EDGE_CURVE('',#1703,#1695,#1705,.T.);
#1703 = VERTEX_POINT('',#1704);
#1704 = CARTESIAN_POINT('',(-6.139805799177,-20.08239987522,101.90625));
#1705 = CIRCLE('',#1706,21.);
#1706 = AXIS2_PLACEMENT_3D('',#1707,#1708,#1709);
#1707 = CARTESIAN_POINT('',(0.,0.,101.90625));
#1708 = DIRECTION('',(0.,0.,1.));
#1709 = DIRECTION('',(1.,0.,0.));
#1710 = ORIENTED_EDGE('',*,*,#1711,.F.);
#1711 = EDGE_CURVE('',#1712,#1703,#1714,.T.);
#1712 = VERTEX_POINT('',#1713);
#1713 = CARTESIAN_POINT('',(-6.139805799177,-20.08239987522,96.75625));
#1714 = LINE('',#1715,#1716);
#1715 = CARTESIAN_POINT('',(-6.139805799177,-20.08239987522,87.90625));
#1716 = VECTOR('',#1717,1.);
#1717 = DIRECTION('',(0.,0.,1.));
#1718 = ORIENTED_EDGE('',*,*,#1719,.T.);
#1719 = EDGE_CURVE('',#1712,#1720,#1722,.T.);
#1720 = VERTEX_POINT('',#1721);
#1721 = CARTESIAN_POINT('',(3.538276970865,-20.69977285086,96.75625));
#1722 = CIRCLE('',#1723,21.);
#1723 = AXIS2_PLACEMENT_3D('',#1724,#1725,#1726);
#1724 = CARTESIAN_POINT('',(0.,0.,96.75625));
#1725 = DIRECTION('',(0.,0.,1.));
#1726 = DIRECTION('',(1.,0.,0.));
#1727 = ORIENTED_EDGE('',*,*,#1728,.F.);
#1728 = EDGE_CURVE('',#1729,#1720,#1731,.T.);
#1729 = VERTEX_POINT('',#1730);
#1730 = CARTESIAN_POINT('',(3.538276970865,-20.69977285086,93.55625));
#1731 = LINE('',#1732,#1733);
#1732 = CARTESIAN_POINT('',(3.538276970865,-20.69977285086,87.90625));
#1733 = VECTOR('',#1734,1.);
#1734 = DIRECTION('',(0.,0.,1.));
#1735 = ORIENTED_EDGE('',*,*,#1736,.F.);
#1736 = EDGE_CURVE('',#1737,#1729,#1739,.T.);
#1737 = VERTEX_POINT('',#1738);
#1738 = CARTESIAN_POINT('',(-14.32196556131,-15.358427734,93.55625));
#1739 = CIRCLE('',#1740,21.);
#1740 = AXIS2_PLACEMENT_3D('',#1741,#1742,#1743);
#1741 = CARTESIAN_POINT('',(0.,0.,93.55625));
#1742 = DIRECTION('',(0.,0.,1.));
#1743 = DIRECTION('',(1.,0.,0.));
#1744 = ORIENTED_EDGE('',*,*,#1745,.T.);
#1745 = EDGE_CURVE('',#1737,#1746,#1748,.T.);
#1746 = VERTEX_POINT('',#1747);
#1747 = CARTESIAN_POINT('',(-14.32196556131,-15.358427734,101.90625));
#1748 = LINE('',#1749,#1750);
#1749 = CARTESIAN_POINT('',(-14.32196556131,-15.358427734,87.90625));
#1750 = VECTOR('',#1751,1.);
#1751 = DIRECTION('',(0.,0.,1.));
#1752 = ORIENTED_EDGE('',*,*,#1753,.F.);
#1753 = EDGE_CURVE('',#1754,#1746,#1756,.T.);
#1754 = VERTEX_POINT('',#1755);
#1755 = CARTESIAN_POINT('',(-14.32196556131,15.358427734003,101.90625));
#1756 = CIRCLE('',#1757,21.);
#1757 = AXIS2_PLACEMENT_3D('',#1758,#1759,#1760);
#1758 = CARTESIAN_POINT('',(0.,0.,101.90625));
#1759 = DIRECTION('',(0.,0.,1.));
#1760 = DIRECTION('',(1.,0.,0.));
#1761 = ORIENTED_EDGE('',*,*,#1762,.F.);
#1762 = EDGE_CURVE('',#1763,#1754,#1765,.T.);
#1763 = VERTEX_POINT('',#1764);
#1764 = CARTESIAN_POINT('',(-14.32196556131,15.358427734003,96.75625));
#1765 = LINE('',#1766,#1767);
#1766 = CARTESIAN_POINT('',(-14.32196556131,15.358427734003,87.90625));
#1767 = VECTOR('',#1768,1.);
#1768 = DIRECTION('',(0.,0.,1.));
#1769 = ORIENTED_EDGE('',*,*,#1770,.T.);
#1770 = EDGE_CURVE('',#1763,#1771,#1773,.T.);
#1771 = VERTEX_POINT('',#1772);
#1772 = CARTESIAN_POINT('',(-19.69566762685,7.285648683038,96.75625));
#1773 = CIRCLE('',#1774,21.);
#1774 = AXIS2_PLACEMENT_3D('',#1775,#1776,#1777);
#1775 = CARTESIAN_POINT('',(0.,0.,96.75625));
#1776 = DIRECTION('',(0.,0.,1.));
#1777 = DIRECTION('',(1.,0.,0.));
#1778 = ORIENTED_EDGE('',*,*,#1779,.F.);
#1779 = EDGE_CURVE('',#1780,#1771,#1782,.T.);
#1780 = VERTEX_POINT('',#1781);
#1781 = CARTESIAN_POINT('',(-19.69566762685,7.285648683038,93.55625));
#1782 = LINE('',#1783,#1784);
#1783 = CARTESIAN_POINT('',(-19.69566762685,7.285648683038,87.90625));
#1784 = VECTOR('',#1785,1.);
#1785 = DIRECTION('',(0.,0.,1.));
#1786 = ORIENTED_EDGE('',*,*,#1787,.F.);
#1787 = EDGE_CURVE('',#1788,#1780,#1790,.T.);
#1788 = VERTEX_POINT('',#1789);
#1789 = CARTESIAN_POINT('',(-6.139805799177,20.082399875224,93.55625));
#1790 = CIRCLE('',#1791,21.);
#1791 = AXIS2_PLACEMENT_3D('',#1792,#1793,#1794);
#1792 = CARTESIAN_POINT('',(0.,0.,93.55625));
#1793 = DIRECTION('',(0.,0.,1.));
#1794 = DIRECTION('',(1.,0.,0.));
#1795 = ORIENTED_EDGE('',*,*,#1796,.T.);
#1796 = EDGE_CURVE('',#1788,#1797,#1799,.T.);
#1797 = VERTEX_POINT('',#1798);
#1798 = CARTESIAN_POINT('',(-6.139805799177,20.082399875224,101.90625));
#1799 = LINE('',#1800,#1801);
#1800 = CARTESIAN_POINT('',(-6.139805799177,20.082399875224,87.90625));
#1801 = VECTOR('',#1802,1.);
#1802 = DIRECTION('',(0.,0.,1.));
#1803 = ORIENTED_EDGE('',*,*,#1804,.F.);
#1804 = EDGE_CURVE('',#1805,#1797,#1807,.T.);
#1805 = VERTEX_POINT('',#1806);
#1806 = CARTESIAN_POINT('',(20.46177136049,4.723972141221,101.90625));
#1807 = CIRCLE('',#1808,21.);
#1808 = AXIS2_PLACEMENT_3D('',#1809,#1810,#1811);
#1809 = CARTESIAN_POINT('',(0.,0.,101.90625));
#1810 = DIRECTION('',(0.,0.,1.));
#1811 = DIRECTION('',(1.,0.,0.));
#1812 = ORIENTED_EDGE('',*,*,#1813,.F.);
#1813 = EDGE_CURVE('',#1814,#1805,#1816,.T.);
#1814 = VERTEX_POINT('',#1815);
#1815 = CARTESIAN_POINT('',(20.46177136049,4.723972141221,96.75625));
#1816 = LINE('',#1817,#1818);
#1817 = CARTESIAN_POINT('',(20.46177136049,4.723972141221,87.90625));
#1818 = VECTOR('',#1819,1.);
#1819 = DIRECTION('',(0.,0.,1.));
#1820 = ORIENTED_EDGE('',*,*,#1821,.T.);
#1821 = EDGE_CURVE('',#1814,#1822,#1824,.T.);
#1822 = VERTEX_POINT('',#1823);
#1823 = CARTESIAN_POINT('',(16.157390655985,13.414124167828,96.75625));
#1824 = CIRCLE('',#1825,21.);
#1825 = AXIS2_PLACEMENT_3D('',#1826,#1827,#1828);
#1826 = CARTESIAN_POINT('',(0.,0.,96.75625));
#1827 = DIRECTION('',(0.,0.,1.));
#1828 = DIRECTION('',(1.,0.,0.));
#1829 = ORIENTED_EDGE('',*,*,#1830,.F.);
#1830 = EDGE_CURVE('',#1831,#1822,#1833,.T.);
#1831 = VERTEX_POINT('',#1832);
#1832 = CARTESIAN_POINT('',(16.157390655985,13.414124167828,93.55625));
#1833 = LINE('',#1834,#1835);
#1834 = CARTESIAN_POINT('',(16.157390655985,13.414124167828,87.90625));
#1835 = VECTOR('',#1836,1.);
#1836 = DIRECTION('',(0.,0.,1.));
#1837 = ORIENTED_EDGE('',*,*,#1838,.F.);
#1838 = EDGE_CURVE('',#1676,#1831,#1839,.T.);
#1839 = CIRCLE('',#1840,21.);
#1840 = AXIS2_PLACEMENT_3D('',#1841,#1842,#1843);
#1841 = CARTESIAN_POINT('',(0.,0.,93.55625));
#1842 = DIRECTION('',(0.,0.,1.));
#1843 = DIRECTION('',(1.,0.,0.));
#1844 = FACE_BOUND('',#1845,.F.);
#1845 = EDGE_LOOP('',(#1846));
#1846 = ORIENTED_EDGE('',*,*,#1847,.T.);
#1847 = EDGE_CURVE('',#1848,#1848,#1850,.T.);
#1848 = VERTEX_POINT('',#1849);
#1849 = CARTESIAN_POINT('',(-20.76968275936,-3.101657311048,96.90625));
#1850 = B_SPLINE_CURVE_WITH_KNOTS('',7,(#1851,#1852,#1853,#1854,#1855,
    #1856,#1857,#1858,#1859,#1860,#1861,#1862,#1863,#1864,#1865,#1866,
    #1867,#1868,#1869,#1870,#1871,#1872,#1873,#1874,#1875,#1876,#1877,
    #1878,#1879,#1880,#1881,#1882,#1883,#1884,#1885,#1886,#1887,#1888,
    #1889,#1890,#1891,#1892,#1893,#1894),.UNSPECIFIED.,.T.,.F.,(8,6,6,6,
    6,6,6,8),(0.,0.152568443247,0.285777728032,0.422039898161,
    0.588485321633,0.714356702465,0.838006055859,1.),.UNSPECIFIED.);
#1851 = CARTESIAN_POINT('',(-20.76968275936,-3.101657311048,96.90625));
#1852 = CARTESIAN_POINT('',(-20.76968275936,-3.101657311048,
    97.103586566154));
#1853 = CARTESIAN_POINT('',(-20.76560341429,-3.128973182018,
    97.300844931788));
#1854 = CARTESIAN_POINT('',(-20.7574500988,-3.183574107132,
    97.495579967031));
#1855 = CARTESIAN_POINT('',(-20.7448809105,-3.266182353633,
    97.685025186285));
#1856 = CARTESIAN_POINT('',(-20.72726949341,-3.377943807178,
    97.865582533176));
#1857 = CARTESIAN_POINT('',(-20.70361850568,-3.520101993889,
    98.032270632553));
#1858 = CARTESIAN_POINT('',(-20.64567641428,-3.844428387056,
    98.304482864175));
#1859 = CARTESIAN_POINT('',(-20.61218014268,-4.024466643027,
    98.419478671067));
#1860 = CARTESIAN_POINT('',(-20.57196412503,-4.229534818985,
    98.50952174625));
#1861 = CARTESIAN_POINT('',(-20.52538341491,-4.451966840264,
    98.565631890382));
#1862 = CARTESIAN_POINT('',(-20.47372613085,-4.681744087857,
    98.582993053178));
#1863 = CARTESIAN_POINT('',(-20.4194996623,-4.908454583713,
    98.561174649106));
#1864 = CARTESIAN_POINT('',(-20.31038154605,-5.342243072218,
    98.446348903324));
#1865 = CARTESIAN_POINT('',(-20.25740496597,-5.541195086496,
    98.353723464487));
#1866 = CARTESIAN_POINT('',(-20.20841588374,-5.716414698684,
    98.234298280019));
#1867 = CARTESIAN_POINT('',(-20.16485978214,-5.86653015441,
    98.094611435065));
#1868 = CARTESIAN_POINT('',(-20.12770610772,-5.991195900951,
    97.940450512803));
#1869 = CARTESIAN_POINT('',(-20.09745280399,-6.090869141981,
    97.776982349905));
#1870 = CARTESIAN_POINT('',(-20.04568983935,-6.259370031486,
    97.403332323511));
#1871 = CARTESIAN_POINT('',(-20.02720511892,-6.317765032025,
    97.1879614492));
#1872 = CARTESIAN_POINT('',(-20.01887888486,-6.343668881709,
    96.967507025658));
#1873 = CARTESIAN_POINT('',(-20.02082778956,-6.337579559601,
    96.745452359103));
#1874 = CARTESIAN_POINT('',(-20.03313996588,-6.299145857413,
    96.525563422067));
#1875 = CARTESIAN_POINT('',(-20.05568733741,-6.227492096926,
    96.312223939764));
#1876 = CARTESIAN_POINT('',(-20.112355441,-6.04153669195,95.959453974345
    ));
#1877 = CARTESIAN_POINT('',(-20.14265059893,-5.940788105154,
    95.812594883119));
#1878 = CARTESIAN_POINT('',(-20.17871565023,-5.818536667932,
    95.674794412595));
#1879 = CARTESIAN_POINT('',(-20.22005685371,-5.674616149572,
    95.550434831053));
#1880 = CARTESIAN_POINT('',(-20.26581341099,-5.509555302722,
    95.444272416027));
#1881 = CARTESIAN_POINT('',(-20.31478901887,-5.324721591469,
    95.36151308265));
#1882 = CARTESIAN_POINT('',(-20.41543216068,-4.924624541947,
    95.255605610889));
#1883 = CARTESIAN_POINT('',(-20.46574712039,-4.715081018739,
    95.232788364548));
#1884 = CARTESIAN_POINT('',(-20.51413156323,-4.501859058321,
    95.243535211716));
#1885 = CARTESIAN_POINT('',(-20.55844561601,-4.29360512297,
    95.287961289949));
#1886 = CARTESIAN_POINT('',(-20.59744308956,-4.098788103384,
    95.362589422982));
#1887 = CARTESIAN_POINT('',(-20.63065210341,-3.924223719877,
    95.460498050145));
#1888 = CARTESIAN_POINT('',(-20.6940741419,-3.577059176285,
    95.716628698199));
#1889 = CARTESIAN_POINT('',(-20.72137502372,-3.415232598501,
    95.889025997835));
#1890 = CARTESIAN_POINT('',(-20.74152655131,-3.288197930483,
    96.078694900328));
#1891 = CARTESIAN_POINT('',(-20.75582627442,-3.194451569196,
    96.279312382604));
#1892 = CARTESIAN_POINT('',(-20.76506161173,-3.132600294985,
    96.486260868015));
#1893 = CARTESIAN_POINT('',(-20.76968275936,-3.101657311048,
    96.696225919724));
#1894 = CARTESIAN_POINT('',(-20.76968275936,-3.101657311048,96.90625));
#1895 = CYLINDRICAL_SURFACE('',#1896,21.);
#1896 = AXIS2_PLACEMENT_3D('',#1897,#1898,#1899);
#1897 = CARTESIAN_POINT('',(0.,0.,87.90625));
#1898 = DIRECTION('',(0.,0.,1.));
#1899 = DIRECTION('',(1.,0.,0.));
#1900 = ADVANCED_FACE('',(#1901,#1937,#1940,#1943),#1949,.T.);
#1901 = FACE_BOUND('',#1902,.T.);
#1902 = EDGE_LOOP('',(#1903,#1913,#1922,#1930));
#1903 = ORIENTED_EDGE('',*,*,#1904,.T.);
#1904 = EDGE_CURVE('',#1905,#1907,#1909,.T.);
#1905 = VERTEX_POINT('',#1906);
#1906 = CARTESIAN_POINT('',(-13.34365635786,20.547428914663,25.));
#1907 = VERTEX_POINT('',#1908);
#1908 = CARTESIAN_POINT('',(-13.34365635786,20.547428914663,83.));
#1909 = LINE('',#1910,#1911);
#1910 = CARTESIAN_POINT('',(-13.34365635786,20.547428914663,24.));
#1911 = VECTOR('',#1912,1.);
#1912 = DIRECTION('',(0.,0.,1.));
#1913 = ORIENTED_EDGE('',*,*,#1914,.F.);
#1914 = EDGE_CURVE('',#1915,#1907,#1917,.T.);
#1915 = VERTEX_POINT('',#1916);
#1916 = CARTESIAN_POINT('',(13.343656357868,20.547428914663,83.));
#1917 = CIRCLE('',#1918,24.5);
#1918 = AXIS2_PLACEMENT_3D('',#1919,#1920,#1921);
#1919 = CARTESIAN_POINT('',(0.,0.,83.));
#1920 = DIRECTION('',(0.,-0.,1.));
#1921 = DIRECTION('',(0.544639035015,0.838670567945,0.));
#1922 = ORIENTED_EDGE('',*,*,#1923,.F.);
#1923 = EDGE_CURVE('',#1924,#1915,#1926,.T.);
#1924 = VERTEX_POINT('',#1925);
#1925 = CARTESIAN_POINT('',(13.343656357868,20.547428914663,25.));
#1926 = LINE('',#1927,#1928);
#1927 = CARTESIAN_POINT('',(13.343656357868,20.547428914663,24.));
#1928 = VECTOR('',#1929,1.);
#1929 = DIRECTION('',(0.,0.,1.));
#1930 = ORIENTED_EDGE('',*,*,#1931,.T.);
#1931 = EDGE_CURVE('',#1924,#1905,#1932,.T.);
#1932 = CIRCLE('',#1933,24.5);
#1933 = AXIS2_PLACEMENT_3D('',#1934,#1935,#1936);
#1934 = CARTESIAN_POINT('',(0.,0.,25.));
#1935 = DIRECTION('',(0.,-0.,1.));
#1936 = DIRECTION('',(0.544639035015,0.838670567945,0.));
#1937 = FACE_BOUND('',#1938,.T.);
#1938 = EDGE_LOOP('',(#1939));
#1939 = ORIENTED_EDGE('',*,*,#1436,.T.);
#1940 = FACE_BOUND('',#1941,.T.);
#1941 = EDGE_LOOP('',(#1942));
#1942 = ORIENTED_EDGE('',*,*,#1501,.T.);
#1943 = FACE_BOUND('',#1944,.T.);
#1944 = EDGE_LOOP('',(#1945,#1946,#1947,#1948));
#1945 = ORIENTED_EDGE('',*,*,#1566,.T.);
#1946 = ORIENTED_EDGE('',*,*,#1613,.T.);
#1947 = ORIENTED_EDGE('',*,*,#1641,.F.);
#1948 = ORIENTED_EDGE('',*,*,#1588,.F.);
#1949 = CYLINDRICAL_SURFACE('',#1950,24.5);
#1950 = AXIS2_PLACEMENT_3D('',#1951,#1952,#1953);
#1951 = CARTESIAN_POINT('',(0.,0.,24.));
#1952 = DIRECTION('',(0.,0.,1.));
#1953 = DIRECTION('',(0.544639035015,0.838670567945,0.));
#1954 = ADVANCED_FACE('',(#1955),#1974,.T.);
#1955 = FACE_BOUND('',#1956,.T.);
#1956 = EDGE_LOOP('',(#1957,#1965,#1966,#1967));
#1957 = ORIENTED_EDGE('',*,*,#1958,.F.);
#1958 = EDGE_CURVE('',#1656,#1959,#1961,.T.);
#1959 = VERTEX_POINT('',#1960);
#1960 = CARTESIAN_POINT('',(27.,-7.E-15,22.3));
#1961 = LINE('',#1962,#1963);
#1962 = CARTESIAN_POINT('',(27.,-6.61E-15,8.));
#1963 = VECTOR('',#1964,1.);
#1964 = DIRECTION('',(0.,0.,1.));
#1965 = ORIENTED_EDGE('',*,*,#1655,.T.);
#1966 = ORIENTED_EDGE('',*,*,#1958,.T.);
#1967 = ORIENTED_EDGE('',*,*,#1968,.F.);
#1968 = EDGE_CURVE('',#1959,#1959,#1969,.T.);
#1969 = CIRCLE('',#1970,27.);
#1970 = AXIS2_PLACEMENT_3D('',#1971,#1972,#1973);
#1971 = CARTESIAN_POINT('',(0.,0.,22.3));
#1972 = DIRECTION('',(0.,0.,1.));
#1973 = DIRECTION('',(1.,0.,0.));
#1974 = CYLINDRICAL_SURFACE('',#1975,27.);
#1975 = AXIS2_PLACEMENT_3D('',#1976,#1977,#1978);
#1976 = CARTESIAN_POINT('',(0.,0.,8.));
#1977 = DIRECTION('',(0.,0.,1.));
#1978 = DIRECTION('',(1.,0.,0.));
#1979 = ADVANCED_FACE('',(#1980),#2007,.T.);
#1980 = FACE_BOUND('',#1981,.T.);
#1981 = EDGE_LOOP('',(#1982,#1993,#1999,#2000,#2001));
#1982 = ORIENTED_EDGE('',*,*,#1983,.T.);
#1983 = EDGE_CURVE('',#1984,#1986,#1988,.T.);
#1984 = VERTEX_POINT('',#1985);
#1985 = CARTESIAN_POINT('',(22.897696522453,-5.286349777081,93.55625));
#1986 = VERTEX_POINT('',#1987);
#1987 = CARTESIAN_POINT('',(18.080889543602,15.011043711617,93.55625));
#1988 = CIRCLE('',#1989,23.5);
#1989 = AXIS2_PLACEMENT_3D('',#1990,#1991,#1992);
#1990 = CARTESIAN_POINT('',(0.,0.,93.55625));
#1991 = DIRECTION('',(-0.,0.,1.));
#1992 = DIRECTION('',(0.974370064785,-0.224951054344,0.));
#1993 = ORIENTED_EDGE('',*,*,#1994,.F.);
#1994 = EDGE_CURVE('',#1831,#1986,#1995,.T.);
#1995 = LINE('',#1996,#1997);
#1996 = CARTESIAN_POINT('',(0.,0.,93.55625));
#1997 = VECTOR('',#1998,1.);
#1998 = DIRECTION('',(0.769399555047,0.638767817516,0.));
#1999 = ORIENTED_EDGE('',*,*,#1838,.F.);
#2000 = ORIENTED_EDGE('',*,*,#1685,.F.);
#2001 = ORIENTED_EDGE('',*,*,#2002,.T.);
#2002 = EDGE_CURVE('',#1686,#1984,#2003,.T.);
#2003 = LINE('',#2004,#2005);
#2004 = CARTESIAN_POINT('',(0.,0.,93.55625));
#2005 = VECTOR('',#2006,1.);
#2006 = DIRECTION('',(0.974370064785,-0.224951054344,0.));
#2007 = PLANE('',#2008);
#2008 = AXIS2_PLACEMENT_3D('',#2009,#2010,#2011);
#2009 = CARTESIAN_POINT('',(0.,0.,93.55625));
#2010 = DIRECTION('',(0.,0.,1.));
#2011 = DIRECTION('',(0.974370064785,-0.224951054344,0.));
#2012 = ADVANCED_FACE('',(#2013),#2031,.T.);
#2013 = FACE_BOUND('',#2014,.T.);
#2014 = EDGE_LOOP('',(#2015,#2023,#2024,#2025));
#2015 = ORIENTED_EDGE('',*,*,#2016,.F.);
#2016 = EDGE_CURVE('',#1822,#2017,#2019,.T.);
#2017 = VERTEX_POINT('',#2018);
#2018 = CARTESIAN_POINT('',(18.080889543602,15.011043711617,96.75625));
#2019 = LINE('',#2020,#2021);
#2020 = CARTESIAN_POINT('',(0.,0.,96.75625));
#2021 = VECTOR('',#2022,1.);
#2022 = DIRECTION('',(0.769399555047,0.638767817516,0.));
#2023 = ORIENTED_EDGE('',*,*,#1830,.F.);
#2024 = ORIENTED_EDGE('',*,*,#1994,.T.);
#2025 = ORIENTED_EDGE('',*,*,#2026,.T.);
#2026 = EDGE_CURVE('',#1986,#2017,#2027,.T.);
#2027 = LINE('',#2028,#2029);
#2028 = CARTESIAN_POINT('',(18.080889543602,15.011043711617,93.55625));
#2029 = VECTOR('',#2030,1.);
#2030 = DIRECTION('',(0.,0.,1.));
#2031 = PLANE('',#2032);
#2032 = AXIS2_PLACEMENT_3D('',#2033,#2034,#2035);
#2033 = CARTESIAN_POINT('',(0.,0.,93.55625));
#2034 = DIRECTION('',(0.638767817516,-0.769399555047,0.));
#2035 = DIRECTION('',(0.769399555047,0.638767817516,0.));
#2036 = ADVANCED_FACE('',(#2037),#2056,.F.);
#2037 = FACE_BOUND('',#2038,.F.);
#2038 = EDGE_LOOP('',(#2039,#2040,#2048,#2055));
#2039 = ORIENTED_EDGE('',*,*,#1821,.F.);
#2040 = ORIENTED_EDGE('',*,*,#2041,.T.);
#2041 = EDGE_CURVE('',#1814,#2042,#2044,.T.);
#2042 = VERTEX_POINT('',#2043);
#2043 = CARTESIAN_POINT('',(22.897696522453,5.286349777081,96.75625));
#2044 = LINE('',#2045,#2046);
#2045 = CARTESIAN_POINT('',(0.,0.,96.75625));
#2046 = VECTOR('',#2047,1.);
#2047 = DIRECTION('',(0.974370064785,0.224951054344,0.));
#2048 = ORIENTED_EDGE('',*,*,#2049,.T.);
#2049 = EDGE_CURVE('',#2042,#2017,#2050,.T.);
#2050 = CIRCLE('',#2051,23.5);
#2051 = AXIS2_PLACEMENT_3D('',#2052,#2053,#2054);
#2052 = CARTESIAN_POINT('',(0.,0.,96.75625));
#2053 = DIRECTION('',(-0.,0.,1.));
#2054 = DIRECTION('',(0.974370064785,-0.224951054344,0.));
#2055 = ORIENTED_EDGE('',*,*,#2016,.F.);
#2056 = PLANE('',#2057);
#2057 = AXIS2_PLACEMENT_3D('',#2058,#2059,#2060);
#2058 = CARTESIAN_POINT('',(0.,0.,96.75625));
#2059 = DIRECTION('',(0.,0.,1.));
#2060 = DIRECTION('',(0.974370064785,-0.224951054344,0.));
#2061 = ADVANCED_FACE('',(#2062),#2080,.T.);
#2062 = FACE_BOUND('',#2063,.T.);
#2063 = EDGE_LOOP('',(#2064,#2072,#2078,#2079));
#2064 = ORIENTED_EDGE('',*,*,#2065,.T.);
#2065 = EDGE_CURVE('',#2042,#2066,#2068,.T.);
#2066 = VERTEX_POINT('',#2067);
#2067 = CARTESIAN_POINT('',(22.897696522453,5.286349777081,101.90625));
#2068 = LINE('',#2069,#2070);
#2069 = CARTESIAN_POINT('',(22.897696522453,5.286349777081,95.90625));
#2070 = VECTOR('',#2071,1.);
#2071 = DIRECTION('',(0.,0.,1.));
#2072 = ORIENTED_EDGE('',*,*,#2073,.F.);
#2073 = EDGE_CURVE('',#1805,#2066,#2074,.T.);
#2074 = LINE('',#2075,#2076);
#2075 = CARTESIAN_POINT('',(0.,0.,101.90625));
#2076 = VECTOR('',#2077,1.);
#2077 = DIRECTION('',(0.974370064785,0.224951054344,0.));
#2078 = ORIENTED_EDGE('',*,*,#1813,.F.);
#2079 = ORIENTED_EDGE('',*,*,#2041,.T.);
#2080 = PLANE('',#2081);
#2081 = AXIS2_PLACEMENT_3D('',#2082,#2083,#2084);
#2082 = CARTESIAN_POINT('',(0.,0.,95.90625));
#2083 = DIRECTION('',(0.224951054344,-0.974370064785,0.));
#2084 = DIRECTION('',(0.974370064785,0.224951054344,0.));
#2085 = ADVANCED_FACE('',(#2086),#2112,.T.);
#2086 = FACE_BOUND('',#2087,.T.);
#2087 = EDGE_LOOP('',(#2088,#2099,#2105,#2106));
#2088 = ORIENTED_EDGE('',*,*,#2089,.T.);
#2089 = EDGE_CURVE('',#2090,#2092,#2094,.T.);
#2090 = VERTEX_POINT('',#2091);
#2091 = CARTESIAN_POINT('',(-6.870735060984,22.473161765131,93.55625));
#2092 = VERTEX_POINT('',#2093);
#2093 = CARTESIAN_POINT('',(-22.04038996338,8.152987811972,93.55625));
#2094 = CIRCLE('',#2095,23.5);
#2095 = AXIS2_PLACEMENT_3D('',#2096,#2097,#2098);
#2096 = CARTESIAN_POINT('',(0.,0.,93.55625));
#2097 = DIRECTION('',(0.,0.,1.));
#2098 = DIRECTION('',(-0.292371704723,0.956304755963,0.));
#2099 = ORIENTED_EDGE('',*,*,#2100,.F.);
#2100 = EDGE_CURVE('',#1780,#2092,#2101,.T.);
#2101 = LINE('',#2102,#2103);
#2102 = CARTESIAN_POINT('',(0.,0.,93.55625));
#2103 = VECTOR('',#2104,1.);
#2104 = DIRECTION('',(-0.937888934612,0.346935651573,0.));
#2105 = ORIENTED_EDGE('',*,*,#1787,.F.);
#2106 = ORIENTED_EDGE('',*,*,#2107,.T.);
#2107 = EDGE_CURVE('',#1788,#2090,#2108,.T.);
#2108 = LINE('',#2109,#2110);
#2109 = CARTESIAN_POINT('',(0.,0.,93.55625));
#2110 = VECTOR('',#2111,1.);
#2111 = DIRECTION('',(-0.292371704723,0.956304755963,0.));
#2112 = PLANE('',#2113);
#2113 = AXIS2_PLACEMENT_3D('',#2114,#2115,#2116);
#2114 = CARTESIAN_POINT('',(0.,0.,93.55625));
#2115 = DIRECTION('',(0.,0.,1.));
#2116 = DIRECTION('',(-0.292371704723,0.956304755963,0.));
#2117 = ADVANCED_FACE('',(#2118),#2136,.T.);
#2118 = FACE_BOUND('',#2119,.T.);
#2119 = EDGE_LOOP('',(#2120,#2128,#2129,#2130));
#2120 = ORIENTED_EDGE('',*,*,#2121,.F.);
#2121 = EDGE_CURVE('',#1771,#2122,#2124,.T.);
#2122 = VERTEX_POINT('',#2123);
#2123 = CARTESIAN_POINT('',(-22.04038996338,8.152987811972,96.75625));
#2124 = LINE('',#2125,#2126);
#2125 = CARTESIAN_POINT('',(0.,0.,96.75625));
#2126 = VECTOR('',#2127,1.);
#2127 = DIRECTION('',(-0.937888934612,0.346935651573,0.));
#2128 = ORIENTED_EDGE('',*,*,#1779,.F.);
#2129 = ORIENTED_EDGE('',*,*,#2100,.T.);
#2130 = ORIENTED_EDGE('',*,*,#2131,.T.);
#2131 = EDGE_CURVE('',#2092,#2122,#2132,.T.);
#2132 = LINE('',#2133,#2134);
#2133 = CARTESIAN_POINT('',(-22.04038996338,8.152987811972,93.55625));
#2134 = VECTOR('',#2135,1.);
#2135 = DIRECTION('',(0.,0.,1.));
#2136 = PLANE('',#2137);
#2137 = AXIS2_PLACEMENT_3D('',#2138,#2139,#2140);
#2138 = CARTESIAN_POINT('',(0.,0.,93.55625));
#2139 = DIRECTION('',(0.346935651573,0.937888934612,0.));
#2140 = DIRECTION('',(-0.937888934612,0.346935651573,0.));
#2141 = ADVANCED_FACE('',(#2142),#2161,.F.);
#2142 = FACE_BOUND('',#2143,.F.);
#2143 = EDGE_LOOP('',(#2144,#2145,#2153,#2160));
#2144 = ORIENTED_EDGE('',*,*,#1770,.F.);
#2145 = ORIENTED_EDGE('',*,*,#2146,.T.);
#2146 = EDGE_CURVE('',#1763,#2147,#2149,.T.);
#2147 = VERTEX_POINT('',#2148);
#2148 = CARTESIAN_POINT('',(-16.02696146146,17.186811988051,96.75625));
#2149 = LINE('',#2150,#2151);
#2150 = CARTESIAN_POINT('',(0.,0.,96.75625));
#2151 = VECTOR('',#2152,1.);
#2152 = DIRECTION('',(-0.681998360062,0.731353701619,0.));
#2153 = ORIENTED_EDGE('',*,*,#2154,.T.);
#2154 = EDGE_CURVE('',#2147,#2122,#2155,.T.);
#2155 = CIRCLE('',#2156,23.5);
#2156 = AXIS2_PLACEMENT_3D('',#2157,#2158,#2159);
#2157 = CARTESIAN_POINT('',(0.,0.,96.75625));
#2158 = DIRECTION('',(0.,0.,1.));
#2159 = DIRECTION('',(-0.292371704723,0.956304755963,0.));
#2160 = ORIENTED_EDGE('',*,*,#2121,.F.);
#2161 = PLANE('',#2162);
#2162 = AXIS2_PLACEMENT_3D('',#2163,#2164,#2165);
#2163 = CARTESIAN_POINT('',(0.,0.,96.75625));
#2164 = DIRECTION('',(0.,0.,1.));
#2165 = DIRECTION('',(-0.292371704723,0.956304755963,0.));
#2166 = ADVANCED_FACE('',(#2167),#2185,.T.);
#2167 = FACE_BOUND('',#2168,.T.);
#2168 = EDGE_LOOP('',(#2169,#2177,#2183,#2184));
#2169 = ORIENTED_EDGE('',*,*,#2170,.T.);
#2170 = EDGE_CURVE('',#2147,#2171,#2173,.T.);
#2171 = VERTEX_POINT('',#2172);
#2172 = CARTESIAN_POINT('',(-16.02696146146,17.186811988051,101.90625));
#2173 = LINE('',#2174,#2175);
#2174 = CARTESIAN_POINT('',(-16.02696146146,17.186811988051,95.90625));
#2175 = VECTOR('',#2176,1.);
#2176 = DIRECTION('',(0.,0.,1.));
#2177 = ORIENTED_EDGE('',*,*,#2178,.F.);
#2178 = EDGE_CURVE('',#1754,#2171,#2179,.T.);
#2179 = LINE('',#2180,#2181);
#2180 = CARTESIAN_POINT('',(0.,0.,101.90625));
#2181 = VECTOR('',#2182,1.);
#2182 = DIRECTION('',(-0.681998360062,0.731353701619,0.));
#2183 = ORIENTED_EDGE('',*,*,#1762,.F.);
#2184 = ORIENTED_EDGE('',*,*,#2146,.T.);
#2185 = PLANE('',#2186);
#2186 = AXIS2_PLACEMENT_3D('',#2187,#2188,#2189);
#2187 = CARTESIAN_POINT('',(0.,0.,95.90625));
#2188 = DIRECTION('',(0.731353701619,0.681998360062,0.));
#2189 = DIRECTION('',(-0.681998360062,0.731353701619,0.));
#2190 = ADVANCED_FACE('',(#2191),#2217,.T.);
#2191 = FACE_BOUND('',#2192,.T.);
#2192 = EDGE_LOOP('',(#2193,#2204,#2210,#2211));
#2193 = ORIENTED_EDGE('',*,*,#2194,.T.);
#2194 = EDGE_CURVE('',#2195,#2197,#2199,.T.);
#2195 = VERTEX_POINT('',#2196);
#2196 = CARTESIAN_POINT('',(-16.02696146146,-17.18681198805,93.55625));
#2197 = VERTEX_POINT('',#2198);
#2198 = CARTESIAN_POINT('',(3.959500419778,-23.16403152358,93.55625));
#2199 = CIRCLE('',#2200,23.5);
#2200 = AXIS2_PLACEMENT_3D('',#2201,#2202,#2203);
#2201 = CARTESIAN_POINT('',(0.,0.,93.55625));
#2202 = DIRECTION('',(0.,0.,1.));
#2203 = DIRECTION('',(-0.681998360062,-0.731353701619,0.));
#2204 = ORIENTED_EDGE('',*,*,#2205,.F.);
#2205 = EDGE_CURVE('',#1729,#2197,#2206,.T.);
#2206 = LINE('',#2207,#2208);
#2207 = CARTESIAN_POINT('',(0.,0.,93.55625));
#2208 = VECTOR('',#2209,1.);
#2209 = DIRECTION('',(0.168489379565,-0.985703469089,0.));
#2210 = ORIENTED_EDGE('',*,*,#1736,.F.);
#2211 = ORIENTED_EDGE('',*,*,#2212,.T.);
#2212 = EDGE_CURVE('',#1737,#2195,#2213,.T.);
#2213 = LINE('',#2214,#2215);
#2214 = CARTESIAN_POINT('',(0.,0.,93.55625));
#2215 = VECTOR('',#2216,1.);
#2216 = DIRECTION('',(-0.681998360062,-0.731353701619,0.));
#2217 = PLANE('',#2218);
#2218 = AXIS2_PLACEMENT_3D('',#2219,#2220,#2221);
#2219 = CARTESIAN_POINT('',(0.,0.,93.55625));
#2220 = DIRECTION('',(0.,0.,1.));
#2221 = DIRECTION('',(-0.681998360062,-0.731353701619,0.));
#2222 = ADVANCED_FACE('',(#2223),#2241,.T.);
#2223 = FACE_BOUND('',#2224,.T.);
#2224 = EDGE_LOOP('',(#2225,#2233,#2234,#2235));
#2225 = ORIENTED_EDGE('',*,*,#2226,.F.);
#2226 = EDGE_CURVE('',#1720,#2227,#2229,.T.);
#2227 = VERTEX_POINT('',#2228);
#2228 = CARTESIAN_POINT('',(3.959500419778,-23.16403152358,96.75625));
#2229 = LINE('',#2230,#2231);
#2230 = CARTESIAN_POINT('',(0.,0.,96.75625));
#2231 = VECTOR('',#2232,1.);
#2232 = DIRECTION('',(0.168489379565,-0.985703469089,0.));
#2233 = ORIENTED_EDGE('',*,*,#1728,.F.);
#2234 = ORIENTED_EDGE('',*,*,#2205,.T.);
#2235 = ORIENTED_EDGE('',*,*,#2236,.T.);
#2236 = EDGE_CURVE('',#2197,#2227,#2237,.T.);
#2237 = LINE('',#2238,#2239);
#2238 = CARTESIAN_POINT('',(3.959500419778,-23.16403152358,93.55625));
#2239 = VECTOR('',#2240,1.);
#2240 = DIRECTION('',(0.,0.,1.));
#2241 = PLANE('',#2242);
#2242 = AXIS2_PLACEMENT_3D('',#2243,#2244,#2245);
#2243 = CARTESIAN_POINT('',(0.,0.,93.55625));
#2244 = DIRECTION('',(-0.985703469089,-0.168489379565,0.));
#2245 = DIRECTION('',(0.168489379565,-0.985703469089,0.));
#2246 = ADVANCED_FACE('',(#2247),#2266,.F.);
#2247 = FACE_BOUND('',#2248,.F.);
#2248 = EDGE_LOOP('',(#2249,#2250,#2258,#2265));
#2249 = ORIENTED_EDGE('',*,*,#1719,.F.);
#2250 = ORIENTED_EDGE('',*,*,#2251,.T.);
#2251 = EDGE_CURVE('',#1712,#2252,#2254,.T.);
#2252 = VERTEX_POINT('',#2253);
#2253 = CARTESIAN_POINT('',(-6.870735060984,-22.47316176513,96.75625));
#2254 = LINE('',#2255,#2256);
#2255 = CARTESIAN_POINT('',(0.,0.,96.75625));
#2256 = VECTOR('',#2257,1.);
#2257 = DIRECTION('',(-0.292371704723,-0.956304755963,0.));
#2258 = ORIENTED_EDGE('',*,*,#2259,.T.);
#2259 = EDGE_CURVE('',#2252,#2227,#2260,.T.);
#2260 = CIRCLE('',#2261,23.5);
#2261 = AXIS2_PLACEMENT_3D('',#2262,#2263,#2264);
#2262 = CARTESIAN_POINT('',(0.,0.,96.75625));
#2263 = DIRECTION('',(0.,0.,1.));
#2264 = DIRECTION('',(-0.681998360062,-0.731353701619,0.));
#2265 = ORIENTED_EDGE('',*,*,#2226,.F.);
#2266 = PLANE('',#2267);
#2267 = AXIS2_PLACEMENT_3D('',#2268,#2269,#2270);
#2268 = CARTESIAN_POINT('',(0.,0.,96.75625));
#2269 = DIRECTION('',(0.,0.,1.));
#2270 = DIRECTION('',(-0.681998360062,-0.731353701619,0.));
#2271 = ADVANCED_FACE('',(#2272),#2290,.T.);
#2272 = FACE_BOUND('',#2273,.T.);
#2273 = EDGE_LOOP('',(#2274,#2282,#2288,#2289));
#2274 = ORIENTED_EDGE('',*,*,#2275,.T.);
#2275 = EDGE_CURVE('',#2252,#2276,#2278,.T.);
#2276 = VERTEX_POINT('',#2277);
#2277 = CARTESIAN_POINT('',(-6.870735060984,-22.47316176513,101.90625));
#2278 = LINE('',#2279,#2280);
#2279 = CARTESIAN_POINT('',(-6.870735060984,-22.47316176513,95.90625));
#2280 = VECTOR('',#2281,1.);
#2281 = DIRECTION('',(0.,0.,1.));
#2282 = ORIENTED_EDGE('',*,*,#2283,.F.);
#2283 = EDGE_CURVE('',#1703,#2276,#2284,.T.);
#2284 = LINE('',#2285,#2286);
#2285 = CARTESIAN_POINT('',(0.,0.,101.90625));
#2286 = VECTOR('',#2287,1.);
#2287 = DIRECTION('',(-0.292371704723,-0.956304755963,0.));
#2288 = ORIENTED_EDGE('',*,*,#1711,.F.);
#2289 = ORIENTED_EDGE('',*,*,#2251,.T.);
#2290 = PLANE('',#2291);
#2291 = AXIS2_PLACEMENT_3D('',#2292,#2293,#2294);
#2292 = CARTESIAN_POINT('',(0.,0.,95.90625));
#2293 = DIRECTION('',(-0.956304755963,0.292371704723,0.));
#2294 = DIRECTION('',(-0.292371704723,-0.956304755963,0.));
#2295 = ADVANCED_FACE('',(#2296),#2315,.F.);
#2296 = FACE_BOUND('',#2297,.F.);
#2297 = EDGE_LOOP('',(#2298,#2306,#2307,#2308));
#2298 = ORIENTED_EDGE('',*,*,#2299,.T.);
#2299 = EDGE_CURVE('',#2300,#1848,#2302,.T.);
#2300 = VERTEX_POINT('',#2301);
#2301 = CARTESIAN_POINT('',(-24.92529487225,-4.06105596257,96.90625));
#2302 = LINE('',#2303,#2304);
#2303 = CARTESIAN_POINT('',(-28.62790111843,-4.915869969076,96.90625));
#2304 = VECTOR('',#2305,1.);
#2305 = DIRECTION('',(0.974370064785,0.224951054344,0.));
#2306 = ORIENTED_EDGE('',*,*,#1847,.F.);
#2307 = ORIENTED_EDGE('',*,*,#2299,.F.);
#2308 = ORIENTED_EDGE('',*,*,#2309,.T.);
#2309 = EDGE_CURVE('',#2300,#2300,#2310,.T.);
#2310 = CIRCLE('',#2311,1.65);
#2311 = AXIS2_PLACEMENT_3D('',#2312,#2313,#2314);
#2312 = CARTESIAN_POINT('',(-24.55412563258,-5.668766569465,96.90625));
#2313 = DIRECTION('',(0.974370064785,0.224951054344,-0.));
#2314 = DIRECTION('',(-0.224951054344,0.974370064785,0.));
#2315 = CYLINDRICAL_SURFACE('',#2316,1.65);
#2316 = AXIS2_PLACEMENT_3D('',#2317,#2318,#2319);
#2317 = CARTESIAN_POINT('',(-28.25673187877,-6.523580575972,96.90625));
#2318 = DIRECTION('',(0.974370064785,0.224951054344,0.));
#2319 = DIRECTION('',(-0.224951054344,0.974370064785,0.));
#2320 = ADVANCED_FACE('',(#2321),#2346,.F.);
#2321 = FACE_BOUND('',#2322,.F.);
#2322 = EDGE_LOOP('',(#2323,#2324,#2332,#2340));
#2323 = ORIENTED_EDGE('',*,*,#1923,.F.);
#2324 = ORIENTED_EDGE('',*,*,#2325,.T.);
#2325 = EDGE_CURVE('',#1924,#2326,#2328,.T.);
#2326 = VERTEX_POINT('',#2327);
#2327 = CARTESIAN_POINT('',(14.705253945406,22.644105334526,25.));
#2328 = LINE('',#2329,#2330);
#2329 = CARTESIAN_POINT('',(0.,0.,25.));
#2330 = VECTOR('',#2331,1.);
#2331 = DIRECTION('',(0.544639035015,0.838670567945,0.));
#2332 = ORIENTED_EDGE('',*,*,#2333,.T.);
#2333 = EDGE_CURVE('',#2326,#2334,#2336,.T.);
#2334 = VERTEX_POINT('',#2335);
#2335 = CARTESIAN_POINT('',(14.705253945406,22.644105334526,83.));
#2336 = LINE('',#2337,#2338);
#2337 = CARTESIAN_POINT('',(14.705253945406,22.644105334526,8.));
#2338 = VECTOR('',#2339,1.);
#2339 = DIRECTION('',(0.,0.,1.));
#2340 = ORIENTED_EDGE('',*,*,#2341,.F.);
#2341 = EDGE_CURVE('',#1915,#2334,#2342,.T.);
#2342 = LINE('',#2343,#2344);
#2343 = CARTESIAN_POINT('',(0.,0.,83.));
#2344 = VECTOR('',#2345,1.);
#2345 = DIRECTION('',(0.544639035015,0.838670567945,0.));
#2346 = PLANE('',#2347);
#2347 = AXIS2_PLACEMENT_3D('',#2348,#2349,#2350);
#2348 = CARTESIAN_POINT('',(0.,0.,25.));
#2349 = DIRECTION('',(0.838670567945,-0.544639035015,0.));
#2350 = DIRECTION('',(0.544639035015,0.838670567945,0.));
#2351 = ADVANCED_FACE('',(#2352),#2459,.F.);
#2352 = FACE_BOUND('',#2353,.F.);
#2353 = EDGE_LOOP('',(#2354,#2403,#2411,#2458));
#2354 = ORIENTED_EDGE('',*,*,#2355,.F.);
#2355 = EDGE_CURVE('',#2356,#2356,#2358,.T.);
#2356 = VERTEX_POINT('',#2357);
#2357 = CARTESIAN_POINT('',(19.530901869277,14.791682533527,32.));
#2358 = B_SPLINE_CURVE_WITH_KNOTS('',7,(#2359,#2360,#2361,#2362,#2363,
    #2364,#2365,#2366,#2367,#2368,#2369,#2370,#2371,#2372,#2373,#2374,
    #2375,#2376,#2377,#2378,#2379,#2380,#2381,#2382,#2383,#2384,#2385,
    #2386,#2387,#2388,#2389,#2390,#2391,#2392,#2393,#2394,#2395,#2396,
    #2397,#2398,#2399,#2400,#2401,#2402),.UNSPECIFIED.,.T.,.F.,(8,6,6,6,
    6,6,6,8),(0.,0.152564013857,0.285759557172,0.422016610654,
    0.588488990582,0.714358187142,0.838001618377,1.),.UNSPECIFIED.);
#2359 = CARTESIAN_POINT('',(19.530901869277,14.791682533527,32.));
#2360 = CARTESIAN_POINT('',(19.530901869277,14.791682533527,
    32.197307866126));
#2361 = CARTESIAN_POINT('',(19.514245737303,14.813675096982,
    32.394538273698));
#2362 = CARTESIAN_POINT('',(19.48095261643,14.857636046837,
    32.58925579826));
#2363 = CARTESIAN_POINT('',(19.430396141732,14.924064478325,
    32.778700546072));
#2364 = CARTESIAN_POINT('',(19.361518046655,15.013720034632,
    32.959274920867));
#2365 = CARTESIAN_POINT('',(19.272923673357,15.127304522013,
    33.125991560984));
#2366 = CARTESIAN_POINT('',(19.067685292853,15.384958628822,
    33.398248839338));
#2367 = CARTESIAN_POINT('',(18.952733557348,15.527464988878,
    33.51324135314));
#2368 = CARTESIAN_POINT('',(18.820201605702,15.688998106299,
    33.603279689653));
#2369 = CARTESIAN_POINT('',(18.674146809288,15.863089876932,
    33.659386175472));
#2370 = CARTESIAN_POINT('',(18.520517607184,16.041590057898,
    33.676741978882));
#2371 = CARTESIAN_POINT('',(18.366408276609,16.216470898649,
    33.654920866545));
#2372 = CARTESIAN_POINT('',(18.067363967921,16.549063827011,
    33.540098963075));
#2373 = CARTESIAN_POINT('',(17.927920247454,16.700507812564,
    33.447471161114));
#2374 = CARTESIAN_POINT('',(17.803294630607,16.833007321665,
    33.32803702872));
#2375 = CARTESIAN_POINT('',(17.695294186882,16.945921933155,
    33.188337721306));
#2376 = CARTESIAN_POINT('',(17.604846197449,17.03931761238,
    33.034167665148));
#2377 = CARTESIAN_POINT('',(17.53211166062,17.11377650326,
    32.870703520697));
#2378 = CARTESIAN_POINT('',(17.408665503954,17.239424224164,
    32.497076555383));
#2379 = CARTESIAN_POINT('',(17.365460673925,17.282762115988,
    32.281709492876));
#2380 = CARTESIAN_POINT('',(17.346197007724,17.301939278065,
    32.061264867653));
#2381 = CARTESIAN_POINT('',(17.350716636631,17.297430268976,
    31.839217408859));
#2382 = CARTESIAN_POINT('',(17.379265011499,17.268962627699,
    31.619327825871));
#2383 = CARTESIAN_POINT('',(17.43217904125,17.215730357978,
    31.405981781294));
#2384 = CARTESIAN_POINT('',(17.568061034753,17.07689162752,
    31.053225278145));
#2385 = CARTESIAN_POINT('',(17.641361676422,17.001519642416,
    30.906368056646));
#2386 = CARTESIAN_POINT('',(17.729772795667,16.909791780258,
    30.768559763937));
#2387 = CARTESIAN_POINT('',(17.832992223858,16.801378789493,
    30.644190562876));
#2388 = CARTESIAN_POINT('',(17.950086608517,16.676413646754,
    30.538022072198));
#2389 = CARTESIAN_POINT('',(18.079445494428,16.535626920963,
    30.455262179639));
#2390 = CARTESIAN_POINT('',(18.355264054058,16.22886534825,
    30.349358100848));
#2391 = CARTESIAN_POINT('',(18.497855342577,16.067300224139,
    30.326539905454));
#2392 = CARTESIAN_POINT('',(18.640763354978,15.901832370755,
    30.33728296794));
#2393 = CARTESIAN_POINT('',(18.778053373686,15.739105023779,
    30.381705218016));
#2394 = CARTESIAN_POINT('',(18.904575294616,15.585946906771,
    30.4563283486));
#2395 = CARTESIAN_POINT('',(19.016600390469,15.448049726666,
    30.554233839048));
#2396 = CARTESIAN_POINT('',(19.237380548591,15.172779579275,
    30.81040825423));
#2397 = CARTESIAN_POINT('',(19.338526410456,15.043621611003,
    30.982837497165));
#2398 = CARTESIAN_POINT('',(19.416921100678,14.941763525007,
    31.172527013414));
#2399 = CARTESIAN_POINT('',(19.474321738721,14.866392250899,
    31.373146180722));
#2400 = CARTESIAN_POINT('',(19.512034605472,14.816594464815,
    31.580076393626));
#2401 = CARTESIAN_POINT('',(19.530901869277,14.791682533527,
    31.790010045873));
#2402 = CARTESIAN_POINT('',(19.530901869277,14.791682533527,32.));
#2403 = ORIENTED_EDGE('',*,*,#2404,.F.);
#2404 = EDGE_CURVE('',#2405,#2356,#2407,.T.);
#2405 = VERTEX_POINT('',#2406);
#2406 = CARTESIAN_POINT('',(21.421570531,16.435215726768,32.));
#2407 = LINE('',#2408,#2409);
#2408 = CARTESIAN_POINT('',(22.969075224295,17.780441033357,32.));
#2409 = VECTOR('',#2410,1.);
#2410 = DIRECTION('',(-0.754709580223,-0.656059028991,0.));
#2411 = ORIENTED_EDGE('',*,*,#2412,.T.);
#2412 = EDGE_CURVE('',#2405,#2405,#2413,.T.);
#2413 = B_SPLINE_CURVE_WITH_KNOTS('',7,(#2414,#2415,#2416,#2417,#2418,
    #2419,#2420,#2421,#2422,#2423,#2424,#2425,#2426,#2427,#2428,#2429,
    #2430,#2431,#2432,#2433,#2434,#2435,#2436,#2437,#2438,#2439,#2440,
    #2441,#2442,#2443,#2444,#2445,#2446,#2447,#2448,#2449,#2450,#2451,
    #2452,#2453,#2454,#2455,#2456,#2457),.UNSPECIFIED.,.T.,.F.,(8,6,6,6,
    6,6,6,8),(0.,0.152561816055,0.285750615963,0.422005156659,
    0.588491126758,0.714359159314,0.837999588568,1.),.UNSPECIFIED.);
#2414 = CARTESIAN_POINT('',(21.421570531,16.435215726768,32.));
#2415 = CARTESIAN_POINT('',(21.421570531,16.435215726768,32.197293842767
    ));
#2416 = CARTESIAN_POINT('',(21.404786445914,16.457091873157,
    32.394510594018));
#2417 = CARTESIAN_POINT('',(21.371237391334,16.500820246712,
    32.58921955944));
#2418 = CARTESIAN_POINT('',(21.320305269178,16.566911608878,
    32.77866406927));
#2419 = CARTESIAN_POINT('',(21.250950154908,16.656148141752,
    32.959246759881));
#2420 = CARTESIAN_POINT('',(21.161816352273,16.769271112913,
    33.125977348255));
#2421 = CARTESIAN_POINT('',(20.955571535136,17.026085612685,
    33.398256650545));
#2422 = CARTESIAN_POINT('',(20.840146225452,17.168184877095,
    33.513247530786));
#2423 = CARTESIAN_POINT('',(20.707197931344,17.329356386812,
    33.60328357004));
#2424 = CARTESIAN_POINT('',(20.560864787956,17.503206044978,
    33.659388274316));
#2425 = CARTESIAN_POINT('',(20.407155145841,17.681634546724,
    33.676741451263));
#2426 = CARTESIAN_POINT('',(20.253158770306,17.856607617612,
    33.654919018456));
#2427 = CARTESIAN_POINT('',(19.954642925609,18.189650283559,
    33.540098984764));
#2428 = CARTESIAN_POINT('',(19.815607403569,18.341455294106,
    33.447470013242));
#2429 = CARTESIAN_POINT('',(19.691476504408,18.474392316766,
    33.32803149367));
#2430 = CARTESIAN_POINT('',(19.583993943842,18.587761253076,
    33.188326090284));
#2431 = CARTESIAN_POINT('',(19.494036309474,18.681581556106,
    33.034151575703));
#2432 = CARTESIAN_POINT('',(19.421729134991,18.756404711515,
    32.870689409736));
#2433 = CARTESIAN_POINT('',(19.29903901473,18.882702916911,
    32.497073234938));
#2434 = CARTESIAN_POINT('',(19.256128534271,18.926293882724,
    32.281707885794));
#2435 = CARTESIAN_POINT('',(19.23700300683,18.945589777588,
    32.06126838861));
#2436 = CARTESIAN_POINT('',(19.241489633051,18.941054334052,
    31.839224955277));
#2437 = CARTESIAN_POINT('',(19.269835048403,18.912413208701,
    31.619335541358));
#2438 = CARTESIAN_POINT('',(19.322397538915,18.858875476181,
    31.405986238276));
#2439 = CARTESIAN_POINT('',(19.457473639045,18.719340546298,
    31.05323571097));
#2440 = CARTESIAN_POINT('',(19.530360184941,18.643613679331,
    30.906379415106));
#2441 = CARTESIAN_POINT('',(19.618312853247,18.55148743886,
    30.768567302281));
#2442 = CARTESIAN_POINT('',(19.721060418253,18.442659889292,
    30.644193393828));
#2443 = CARTESIAN_POINT('',(19.837711355223,18.31730285701,
    30.538021921764));
#2444 = CARTESIAN_POINT('',(19.966704373649,18.176193789099,
    30.45526174434));
#2445 = CARTESIAN_POINT('',(20.242035702561,17.869017197208,
    30.349359317304));
#2446 = CARTESIAN_POINT('',(20.38451125692,17.707356858523,
    30.326540660765));
#2447 = CARTESIAN_POINT('',(20.527466921294,17.541933593942,
    30.337281868007));
#2448 = CARTESIAN_POINT('',(20.664975798813,17.379398235586,
    30.381702250678));
#2449 = CARTESIAN_POINT('',(20.791846644636,17.22654383497,
    30.45632294885));
#2450 = CARTESIAN_POINT('',(20.904288080136,17.089004274369,
    30.554226889567));
#2451 = CARTESIAN_POINT('',(21.126064221916,16.814560889079,
    30.810422707814));
#2452 = CARTESIAN_POINT('',(21.227802270274,16.685908585064,
    30.982867570255));
#2453 = CARTESIAN_POINT('',(21.306731452334,16.5845197134,
    31.172567160539));
#2454 = CARTESIAN_POINT('',(21.364556169824,16.509529246401,
    31.373187136968));
#2455 = CARTESIAN_POINT('',(21.402558647927,16.459995387215,
    31.5801084003));
#2456 = CARTESIAN_POINT('',(21.421570531,16.435215726768,31.79002670228)
  );
#2457 = CARTESIAN_POINT('',(21.421570531,16.435215726768,32.));
#2458 = ORIENTED_EDGE('',*,*,#2404,.T.);
#2459 = CYLINDRICAL_SURFACE('',#2460,1.65);
#2460 = AXIS2_PLACEMENT_3D('',#2461,#2462,#2463);
#2461 = CARTESIAN_POINT('',(21.88657782646,19.025711840725,32.));
#2462 = DIRECTION('',(-0.754709580223,-0.656059028991,0.));
#2463 = DIRECTION('',(0.656059028991,-0.754709580223,0.));
#2464 = ADVANCED_FACE('',(#2465,#2551,#2554,#2605,#2632,#2668,#2704,
    #2740,#2776,#2812,#2848,#2884,#2935,#2971,#3007,#3043,#3079,#3115,
    #3180),#3231,.T.);
#2465 = FACE_BOUND('',#2466,.T.);
#2466 = EDGE_LOOP('',(#2467,#2476,#2484,#2493,#2501,#2510,#2518,#2525,
    #2526,#2535,#2543,#2550));
#2467 = ORIENTED_EDGE('',*,*,#2468,.T.);
#2468 = EDGE_CURVE('',#2469,#2469,#2471,.T.);
#2469 = VERTEX_POINT('',#2470);
#2470 = CARTESIAN_POINT('',(27.,-7.E-15,23.7));
#2471 = CIRCLE('',#2472,27.);
#2472 = AXIS2_PLACEMENT_3D('',#2473,#2474,#2475);
#2473 = CARTESIAN_POINT('',(0.,0.,23.7));
#2474 = DIRECTION('',(0.,0.,1.));
#2475 = DIRECTION('',(1.,0.,0.));
#2476 = ORIENTED_EDGE('',*,*,#2477,.T.);
#2477 = EDGE_CURVE('',#2469,#2478,#2480,.T.);
#2478 = VERTEX_POINT('',#2479);
#2479 = CARTESIAN_POINT('',(27.,-7.E-15,34.));
#2480 = LINE('',#2481,#2482);
#2481 = CARTESIAN_POINT('',(27.,-6.61E-15,8.));
#2482 = VECTOR('',#2483,1.);
#2483 = DIRECTION('',(0.,0.,1.));
#2484 = ORIENTED_EDGE('',*,*,#2485,.F.);
#2485 = EDGE_CURVE('',#2486,#2478,#2488,.T.);
#2486 = VERTEX_POINT('',#2487);
#2487 = CARTESIAN_POINT('',(24.47031024999,-11.41069306699,34.));
#2488 = CIRCLE('',#2489,27.);
#2489 = AXIS2_PLACEMENT_3D('',#2490,#2491,#2492);
#2490 = CARTESIAN_POINT('',(0.,0.,34.));
#2491 = DIRECTION('',(0.,0.,1.));
#2492 = DIRECTION('',(1.,0.,0.));
#2493 = ORIENTED_EDGE('',*,*,#2494,.T.);
#2494 = EDGE_CURVE('',#2486,#2495,#2497,.T.);
#2495 = VERTEX_POINT('',#2496);
#2496 = CARTESIAN_POINT('',(24.47031024999,-11.41069306699,74.));
#2497 = LINE('',#2498,#2499);
#2498 = CARTESIAN_POINT('',(24.47031024999,-11.41069306699,8.));
#2499 = VECTOR('',#2500,1.);
#2500 = DIRECTION('',(0.,0.,1.));
#2501 = ORIENTED_EDGE('',*,*,#2502,.T.);
#2502 = EDGE_CURVE('',#2495,#2503,#2505,.T.);
#2503 = VERTEX_POINT('',#2504);
#2504 = CARTESIAN_POINT('',(27.,-7.E-15,74.));
#2505 = CIRCLE('',#2506,27.);
#2506 = AXIS2_PLACEMENT_3D('',#2507,#2508,#2509);
#2507 = CARTESIAN_POINT('',(0.,0.,74.));
#2508 = DIRECTION('',(0.,0.,1.));
#2509 = DIRECTION('',(1.,0.,0.));
#2510 = ORIENTED_EDGE('',*,*,#2511,.T.);
#2511 = EDGE_CURVE('',#2503,#2512,#2514,.T.);
#2512 = VERTEX_POINT('',#2513);
#2513 = CARTESIAN_POINT('',(27.,-7.E-15,85.3));
#2514 = LINE('',#2515,#2516);
#2515 = CARTESIAN_POINT('',(27.,-6.61E-15,8.));
#2516 = VECTOR('',#2517,1.);
#2517 = DIRECTION('',(0.,0.,1.));
#2518 = ORIENTED_EDGE('',*,*,#2519,.F.);
#2519 = EDGE_CURVE('',#2512,#2512,#2520,.T.);
#2520 = CIRCLE('',#2521,27.);
#2521 = AXIS2_PLACEMENT_3D('',#2522,#2523,#2524);
#2522 = CARTESIAN_POINT('',(0.,0.,85.3));
#2523 = DIRECTION('',(0.,0.,1.));
#2524 = DIRECTION('',(1.,0.,0.));
#2525 = ORIENTED_EDGE('',*,*,#2511,.F.);
#2526 = ORIENTED_EDGE('',*,*,#2527,.T.);
#2527 = EDGE_CURVE('',#2503,#2528,#2530,.T.);
#2528 = VERTEX_POINT('',#2529);
#2529 = CARTESIAN_POINT('',(24.47031024999,11.410693066999,74.));
#2530 = CIRCLE('',#2531,27.);
#2531 = AXIS2_PLACEMENT_3D('',#2532,#2533,#2534);
#2532 = CARTESIAN_POINT('',(0.,0.,74.));
#2533 = DIRECTION('',(0.,0.,1.));
#2534 = DIRECTION('',(1.,0.,0.));
#2535 = ORIENTED_EDGE('',*,*,#2536,.F.);
#2536 = EDGE_CURVE('',#2537,#2528,#2539,.T.);
#2537 = VERTEX_POINT('',#2538);
#2538 = CARTESIAN_POINT('',(24.47031024999,11.410693066999,34.));
#2539 = LINE('',#2540,#2541);
#2540 = CARTESIAN_POINT('',(24.47031024999,11.410693066999,8.));
#2541 = VECTOR('',#2542,1.);
#2542 = DIRECTION('',(0.,0.,1.));
#2543 = ORIENTED_EDGE('',*,*,#2544,.F.);
#2544 = EDGE_CURVE('',#2478,#2537,#2545,.T.);
#2545 = CIRCLE('',#2546,27.);
#2546 = AXIS2_PLACEMENT_3D('',#2547,#2548,#2549);
#2547 = CARTESIAN_POINT('',(0.,0.,34.));
#2548 = DIRECTION('',(0.,0.,1.));
#2549 = DIRECTION('',(1.,0.,0.));
#2550 = ORIENTED_EDGE('',*,*,#2477,.F.);
#2551 = FACE_BOUND('',#2552,.T.);
#2552 = EDGE_LOOP('',(#2553));
#2553 = ORIENTED_EDGE('',*,*,#2412,.T.);
#2554 = FACE_BOUND('',#2555,.T.);
#2555 = EDGE_LOOP('',(#2556));
#2556 = ORIENTED_EDGE('',*,*,#2557,.T.);
#2557 = EDGE_CURVE('',#2558,#2558,#2560,.T.);
#2558 = VERTEX_POINT('',#2559);
#2559 = CARTESIAN_POINT('',(19.256575735331,-18.9257573415,32.));
#2560 = B_SPLINE_CURVE_WITH_KNOTS('',7,(#2561,#2562,#2563,#2564,#2565,
    #2566,#2567,#2568,#2569,#2570,#2571,#2572,#2573,#2574,#2575,#2576,
    #2577,#2578,#2579,#2580,#2581,#2582,#2583,#2584,#2585,#2586,#2587,
    #2588,#2589,#2590,#2591,#2592,#2593,#2594,#2595,#2596,#2597,#2598,
    #2599,#2600,#2601,#2602,#2603,#2604),.UNSPECIFIED.,.T.,.F.,(8,6,6,6,
    6,6,6,8),(0.,0.152561815618,0.285750615144,0.42200515545,
    0.588491127765,0.714359160013,0.83799958894,1.),.UNSPECIFIED.);
#2561 = CARTESIAN_POINT('',(19.256575735331,-18.9257573415,32.));
#2562 = CARTESIAN_POINT('',(19.256575735331,-18.9257573415,
    32.197293842767));
#2563 = CARTESIAN_POINT('',(19.2759030914,-18.90609202684,
    32.394510594018));
#2564 = CARTESIAN_POINT('',(19.314536777469,-18.86678365601,
    32.589219559441));
#2565 = CARTESIAN_POINT('',(19.372896561663,-18.80714906195,
    32.778664069269));
#2566 = CARTESIAN_POINT('',(19.451612284413,-18.72604958188,
    32.959246759882));
#2567 = CARTESIAN_POINT('',(19.551229322882,-18.6220395486,
    33.125977348255));
#2568 = CARTESIAN_POINT('',(19.776840790837,-18.38206022154,
    33.398256650545));
#2569 = CARTESIAN_POINT('',(19.901493056696,-18.24798182776,
    33.513247530786));
#2570 = CARTESIAN_POINT('',(20.042593230002,-18.09389663852,
    33.60328357004));
#2571 = CARTESIAN_POINT('',(20.194385357906,-17.9247924032,
    33.659388274317));
#2572 = CARTESIAN_POINT('',(20.349685158199,-17.74774620487,
    33.676741451263));
#2573 = CARTESIAN_POINT('',(20.501523250069,-17.57089696661,
    33.654919018456));
#2574 = CARTESIAN_POINT('',(20.789779391892,-17.22893567702,
    33.540098984764));
#2575 = CARTESIAN_POINT('',(20.920757041766,-17.07012606507,
    33.447470013242));
#2576 = CARTESIAN_POINT('',(21.035124648298,-16.92870194161,
    33.32803149367));
#2577 = CARTESIAN_POINT('',(21.132431604661,-16.80648748751,
    33.188326090284));
#2578 = CARTESIAN_POINT('',(21.212819172021,-16.70434805216,
    33.034151575703));
#2579 = CARTESIAN_POINT('',(21.27685093993,-16.62233119556,
    32.870689409736));
#2580 = CARTESIAN_POINT('',(21.38484485634,-16.48325777299,
    32.497073231615));
#2581 = CARTESIAN_POINT('',(21.422039610363,-16.4346982082,
    32.281707898814));
#2582 = CARTESIAN_POINT('',(21.438485962657,-16.41307333604,
    32.061268365184));
#2583 = CARTESIAN_POINT('',(21.434619076325,-16.41814750934,
    31.839224978535));
#2584 = CARTESIAN_POINT('',(21.410201599693,-16.45020314854,
    31.619335528626));
#2585 = CARTESIAN_POINT('',(21.36450018099,-16.50970511229,
    31.405986241469));
#2586 = CARTESIAN_POINT('',(21.245122154085,-16.66288617138,
    31.053235710949));
#2587 = CARTESIAN_POINT('',(21.180276102397,-16.74560253331,
    30.90637941511));
#2588 = CARTESIAN_POINT('',(21.101287073762,-16.84552074685,
    30.768567302297));
#2589 = CARTESIAN_POINT('',(21.007818323667,-16.96241424716,
    30.644193393835));
#2590 = CARTESIAN_POINT('',(20.899915930022,-17.09537627215,
    30.538021921757));
#2591 = CARTESIAN_POINT('',(20.778132484223,-17.24275252596,
    30.455261744334));
#2592 = CARTESIAN_POINT('',(20.512264028699,-17.55815506808,
    30.34935931732));
#2593 = CARTESIAN_POINT('',(20.372005721951,-17.72174283087,
    30.32654066073));
#2594 = CARTESIAN_POINT('',(20.228087928318,-17.88632972924,
    30.33728186804));
#2595 = CARTESIAN_POINT('',(20.086271889869,-18.04512092957,
    30.38170225069));
#2596 = CARTESIAN_POINT('',(19.952562066803,-18.19203029798,
    30.456322948792));
#2597 = CARTESIAN_POINT('',(19.832009854935,-18.32251926838,
    30.554226889605));
#2598 = CARTESIAN_POINT('',(19.591102607211,-18.58033223693,
    30.810422707814));
#2599 = CARTESIAN_POINT('',(19.477861538251,-18.69898511769,
    30.982867570255));
#2600 = CARTESIAN_POINT('',(19.38844419514,-18.79125677005,
    31.172567160539));
#2601 = CARTESIAN_POINT('',(19.322231175456,-18.8589553972,
    31.373187136969));
#2602 = CARTESIAN_POINT('',(19.278468299104,-18.90348181858,
    31.580108400299));
#2603 = CARTESIAN_POINT('',(19.256575735331,-18.9257573415,
    31.790026702281));
#2604 = CARTESIAN_POINT('',(19.256575735331,-18.9257573415,32.));
#2605 = FACE_BOUND('',#2606,.T.);
#2606 = EDGE_LOOP('',(#2607,#2608,#2617,#2625));
#2607 = ORIENTED_EDGE('',*,*,#2333,.T.);
#2608 = ORIENTED_EDGE('',*,*,#2609,.T.);
#2609 = EDGE_CURVE('',#2334,#2610,#2612,.T.);
#2610 = VERTEX_POINT('',#2611);
#2611 = CARTESIAN_POINT('',(-14.7052539454,22.644105334526,83.));
#2612 = CIRCLE('',#2613,27.);
#2613 = AXIS2_PLACEMENT_3D('',#2614,#2615,#2616);
#2614 = CARTESIAN_POINT('',(0.,0.,83.));
#2615 = DIRECTION('',(0.,0.,1.));
#2616 = DIRECTION('',(1.,0.,0.));
#2617 = ORIENTED_EDGE('',*,*,#2618,.F.);
#2618 = EDGE_CURVE('',#2619,#2610,#2621,.T.);
#2619 = VERTEX_POINT('',#2620);
#2620 = CARTESIAN_POINT('',(-14.7052539454,22.644105334526,25.));
#2621 = LINE('',#2622,#2623);
#2622 = CARTESIAN_POINT('',(-14.7052539454,22.644105334526,8.));
#2623 = VECTOR('',#2624,1.);
#2624 = DIRECTION('',(0.,0.,1.));
#2625 = ORIENTED_EDGE('',*,*,#2626,.F.);
#2626 = EDGE_CURVE('',#2326,#2619,#2627,.T.);
#2627 = CIRCLE('',#2628,27.);
#2628 = AXIS2_PLACEMENT_3D('',#2629,#2630,#2631);
#2629 = CARTESIAN_POINT('',(0.,0.,25.));
#2630 = DIRECTION('',(0.,0.,1.));
#2631 = DIRECTION('',(1.,0.,0.));
#2632 = FACE_BOUND('',#2633,.T.);
#2633 = EDGE_LOOP('',(#2634,#2644,#2653,#2661));
#2634 = ORIENTED_EDGE('',*,*,#2635,.T.);
#2635 = EDGE_CURVE('',#2636,#2638,#2640,.T.);
#2636 = VERTEX_POINT('',#2637);
#2637 = CARTESIAN_POINT('',(-15.33979290559,22.21915285544,30.));
#2638 = VERTEX_POINT('',#2639);
#2639 = CARTESIAN_POINT('',(-15.33979290559,22.21915285544,80.));
#2640 = LINE('',#2641,#2642);
#2641 = CARTESIAN_POINT('',(-15.33979290559,22.21915285544,8.));
#2642 = VECTOR('',#2643,1.);
#2643 = DIRECTION('',(0.,0.,1.));
#2644 = ORIENTED_EDGE('',*,*,#2645,.T.);
#2645 = EDGE_CURVE('',#2638,#2646,#2648,.T.);
#2646 = VERTEX_POINT('',#2647);
#2647 = CARTESIAN_POINT('',(-16.3914134117,21.455105834432,80.));
#2648 = CIRCLE('',#2649,27.);
#2649 = AXIS2_PLACEMENT_3D('',#2650,#2651,#2652);
#2650 = CARTESIAN_POINT('',(0.,0.,80.));
#2651 = DIRECTION('',(0.,0.,1.));
#2652 = DIRECTION('',(1.,0.,0.));
#2653 = ORIENTED_EDGE('',*,*,#2654,.F.);
#2654 = EDGE_CURVE('',#2655,#2646,#2657,.T.);
#2655 = VERTEX_POINT('',#2656);
#2656 = CARTESIAN_POINT('',(-16.3914134117,21.455105834432,30.));
#2657 = LINE('',#2658,#2659);
#2658 = CARTESIAN_POINT('',(-16.3914134117,21.455105834432,8.));
#2659 = VECTOR('',#2660,1.);
#2660 = DIRECTION('',(0.,0.,1.));
#2661 = ORIENTED_EDGE('',*,*,#2662,.F.);
#2662 = EDGE_CURVE('',#2636,#2655,#2663,.T.);
#2663 = CIRCLE('',#2664,27.);
#2664 = AXIS2_PLACEMENT_3D('',#2665,#2666,#2667);
#2665 = CARTESIAN_POINT('',(0.,0.,30.));
#2666 = DIRECTION('',(0.,0.,1.));
#2667 = DIRECTION('',(1.,0.,0.));
#2668 = FACE_BOUND('',#2669,.T.);
#2669 = EDGE_LOOP('',(#2670,#2680,#2689,#2697));
#2670 = ORIENTED_EDGE('',*,*,#2671,.T.);
#2671 = EDGE_CURVE('',#2672,#2674,#2676,.T.);
#2672 = VERTEX_POINT('',#2673);
#2673 = CARTESIAN_POINT('',(-18.62677589059,19.545925916204,30.));
#2674 = VERTEX_POINT('',#2675);
#2675 = CARTESIAN_POINT('',(-18.62677589059,19.545925916204,80.));
#2676 = LINE('',#2677,#2678);
#2677 = CARTESIAN_POINT('',(-18.62677589059,19.545925916204,8.));
#2678 = VECTOR('',#2679,1.);
#2679 = DIRECTION('',(0.,0.,1.));
#2680 = ORIENTED_EDGE('',*,*,#2681,.T.);
#2681 = EDGE_CURVE('',#2674,#2682,#2684,.T.);
#2682 = VERTEX_POINT('',#2683);
#2683 = CARTESIAN_POINT('',(-19.5459259162,18.62677589059,80.));
#2684 = CIRCLE('',#2685,27.);
#2685 = AXIS2_PLACEMENT_3D('',#2686,#2687,#2688);
#2686 = CARTESIAN_POINT('',(0.,0.,80.));
#2687 = DIRECTION('',(0.,0.,1.));
#2688 = DIRECTION('',(1.,0.,0.));
#2689 = ORIENTED_EDGE('',*,*,#2690,.F.);
#2690 = EDGE_CURVE('',#2691,#2682,#2693,.T.);
#2691 = VERTEX_POINT('',#2692);
#2692 = CARTESIAN_POINT('',(-19.5459259162,18.62677589059,30.));
#2693 = LINE('',#2694,#2695);
#2694 = CARTESIAN_POINT('',(-19.5459259162,18.62677589059,8.));
#2695 = VECTOR('',#2696,1.);
#2696 = DIRECTION('',(0.,0.,1.));
#2697 = ORIENTED_EDGE('',*,*,#2698,.F.);
#2698 = EDGE_CURVE('',#2672,#2691,#2699,.T.);
#2699 = CIRCLE('',#2700,27.);
#2700 = AXIS2_PLACEMENT_3D('',#2701,#2702,#2703);
#2701 = CARTESIAN_POINT('',(0.,0.,30.));
#2702 = DIRECTION('',(0.,0.,1.));
#2703 = DIRECTION('',(1.,0.,0.));
#2704 = FACE_BOUND('',#2705,.T.);
#2705 = EDGE_LOOP('',(#2706,#2716,#2725,#2733));
#2706 = ORIENTED_EDGE('',*,*,#2707,.T.);
#2707 = EDGE_CURVE('',#2708,#2710,#2712,.T.);
#2708 = VERTEX_POINT('',#2709);
#2709 = CARTESIAN_POINT('',(-21.45510583443,16.391413411703,30.));
#2710 = VERTEX_POINT('',#2711);
#2711 = CARTESIAN_POINT('',(-21.45510583443,16.391413411703,80.));
#2712 = LINE('',#2713,#2714);
#2713 = CARTESIAN_POINT('',(-21.45510583443,16.391413411703,8.));
#2714 = VECTOR('',#2715,1.);
#2715 = DIRECTION('',(0.,0.,1.));
#2716 = ORIENTED_EDGE('',*,*,#2717,.T.);
#2717 = EDGE_CURVE('',#2710,#2718,#2720,.T.);
#2718 = VERTEX_POINT('',#2719);
#2719 = CARTESIAN_POINT('',(-22.21915285544,15.339792905597,80.));
#2720 = CIRCLE('',#2721,27.);
#2721 = AXIS2_PLACEMENT_3D('',#2722,#2723,#2724);
#2722 = CARTESIAN_POINT('',(0.,0.,80.));
#2723 = DIRECTION('',(0.,0.,1.));
#2724 = DIRECTION('',(1.,0.,0.));
#2725 = ORIENTED_EDGE('',*,*,#2726,.F.);
#2726 = EDGE_CURVE('',#2727,#2718,#2729,.T.);
#2727 = VERTEX_POINT('',#2728);
#2728 = CARTESIAN_POINT('',(-22.21915285544,15.339792905597,30.));
#2729 = LINE('',#2730,#2731);
#2730 = CARTESIAN_POINT('',(-22.21915285544,15.339792905597,8.));
#2731 = VECTOR('',#2732,1.);
#2732 = DIRECTION('',(0.,0.,1.));
#2733 = ORIENTED_EDGE('',*,*,#2734,.F.);
#2734 = EDGE_CURVE('',#2708,#2727,#2735,.T.);
#2735 = CIRCLE('',#2736,27.);
#2736 = AXIS2_PLACEMENT_3D('',#2737,#2738,#2739);
#2737 = CARTESIAN_POINT('',(0.,0.,30.));
#2738 = DIRECTION('',(0.,0.,1.));
#2739 = DIRECTION('',(1.,0.,0.));
#2740 = FACE_BOUND('',#2741,.T.);
#2741 = EDGE_LOOP('',(#2742,#2752,#2761,#2769));
#2742 = ORIENTED_EDGE('',*,*,#2743,.T.);
#2743 = EDGE_CURVE('',#2744,#2746,#2748,.T.);
#2744 = VERTEX_POINT('',#2745);
#2745 = CARTESIAN_POINT('',(-23.75513986721,12.833289909023,30.));
#2746 = VERTEX_POINT('',#2747);
#2747 = CARTESIAN_POINT('',(-23.75513986721,12.833289909023,80.));
#2748 = LINE('',#2749,#2750);
#2749 = CARTESIAN_POINT('',(-23.75513986721,12.833289909023,8.));
#2750 = VECTOR('',#2751,1.);
#2751 = DIRECTION('',(0.,0.,1.));
#2752 = ORIENTED_EDGE('',*,*,#2753,.T.);
#2753 = EDGE_CURVE('',#2746,#2754,#2756,.T.);
#2754 = VERTEX_POINT('',#2755);
#2755 = CARTESIAN_POINT('',(-24.34527051023,11.675093309414,80.));
#2756 = CIRCLE('',#2757,27.);
#2757 = AXIS2_PLACEMENT_3D('',#2758,#2759,#2760);
#2758 = CARTESIAN_POINT('',(0.,0.,80.));
#2759 = DIRECTION('',(0.,0.,1.));
#2760 = DIRECTION('',(1.,0.,0.));
#2761 = ORIENTED_EDGE('',*,*,#2762,.F.);
#2762 = EDGE_CURVE('',#2763,#2754,#2765,.T.);
#2763 = VERTEX_POINT('',#2764);
#2764 = CARTESIAN_POINT('',(-24.34527051023,11.675093309414,30.));
#2765 = LINE('',#2766,#2767);
#2766 = CARTESIAN_POINT('',(-24.34527051023,11.675093309414,8.));
#2767 = VECTOR('',#2768,1.);
#2768 = DIRECTION('',(0.,0.,1.));
#2769 = ORIENTED_EDGE('',*,*,#2770,.F.);
#2770 = EDGE_CURVE('',#2744,#2763,#2771,.T.);
#2771 = CIRCLE('',#2772,27.);
#2772 = AXIS2_PLACEMENT_3D('',#2773,#2774,#2775);
#2773 = CARTESIAN_POINT('',(0.,0.,30.));
#2774 = DIRECTION('',(0.,0.,1.));
#2775 = DIRECTION('',(1.,0.,0.));
#2776 = FACE_BOUND('',#2777,.T.);
#2777 = EDGE_LOOP('',(#2778,#2788,#2797,#2805));
#2778 = ORIENTED_EDGE('',*,*,#2779,.T.);
#2779 = EDGE_CURVE('',#2780,#2782,#2784,.T.);
#2780 = VERTEX_POINT('',#2781);
#2781 = CARTESIAN_POINT('',(-25.47024351768,8.959168217535,30.));
#2782 = VERTEX_POINT('',#2783);
#2783 = CARTESIAN_POINT('',(-25.47024351768,8.959168217535,80.));
#2784 = LINE('',#2785,#2786);
#2785 = CARTESIAN_POINT('',(-25.47024351768,8.959168217535,8.));
#2786 = VECTOR('',#2787,1.);
#2787 = DIRECTION('',(0.,0.,1.));
#2788 = ORIENTED_EDGE('',*,*,#2789,.T.);
#2789 = EDGE_CURVE('',#2782,#2790,#2792,.T.);
#2790 = VERTEX_POINT('',#2791);
#2791 = CARTESIAN_POINT('',(-25.87192680774,7.72291416854,80.));
#2792 = CIRCLE('',#2793,27.);
#2793 = AXIS2_PLACEMENT_3D('',#2794,#2795,#2796);
#2794 = CARTESIAN_POINT('',(0.,0.,80.));
#2795 = DIRECTION('',(0.,0.,1.));
#2796 = DIRECTION('',(1.,0.,0.));
#2797 = ORIENTED_EDGE('',*,*,#2798,.F.);
#2798 = EDGE_CURVE('',#2799,#2790,#2801,.T.);
#2799 = VERTEX_POINT('',#2800);
#2800 = CARTESIAN_POINT('',(-25.87192680774,7.72291416854,30.));
#2801 = LINE('',#2802,#2803);
#2802 = CARTESIAN_POINT('',(-25.87192680774,7.72291416854,8.));
#2803 = VECTOR('',#2804,1.);
#2804 = DIRECTION('',(0.,0.,1.));
#2805 = ORIENTED_EDGE('',*,*,#2806,.F.);
#2806 = EDGE_CURVE('',#2780,#2799,#2807,.T.);
#2807 = CIRCLE('',#2808,27.);
#2808 = AXIS2_PLACEMENT_3D('',#2809,#2810,#2811);
#2809 = CARTESIAN_POINT('',(0.,0.,30.));
#2810 = DIRECTION('',(0.,0.,1.));
#2811 = DIRECTION('',(1.,0.,0.));
#2812 = FACE_BOUND('',#2813,.T.);
#2813 = EDGE_LOOP('',(#2814,#2824,#2833,#2841));
#2814 = ORIENTED_EDGE('',*,*,#2815,.T.);
#2815 = EDGE_CURVE('',#2816,#2818,#2820,.T.);
#2816 = VERTEX_POINT('',#2817);
#2817 = CARTESIAN_POINT('',(-26.55818524184,4.864442070757,30.));
#2818 = VERTEX_POINT('',#2819);
#2819 = CARTESIAN_POINT('',(-26.55818524184,4.864442070757,80.));
#2820 = LINE('',#2821,#2822);
#2821 = CARTESIAN_POINT('',(-26.55818524184,4.864442070757,8.));
#2822 = VECTOR('',#2823,1.);
#2823 = DIRECTION('',(0.,0.,1.));
#2824 = ORIENTED_EDGE('',*,*,#2825,.T.);
#2825 = EDGE_CURVE('',#2818,#2826,#2828,.T.);
#2826 = VERTEX_POINT('',#2827);
#2827 = CARTESIAN_POINT('',(-26.76153040324,3.580571249955,80.));
#2828 = CIRCLE('',#2829,27.);
#2829 = AXIS2_PLACEMENT_3D('',#2830,#2831,#2832);
#2830 = CARTESIAN_POINT('',(0.,0.,80.));
#2831 = DIRECTION('',(0.,0.,1.));
#2832 = DIRECTION('',(1.,0.,0.));
#2833 = ORIENTED_EDGE('',*,*,#2834,.F.);
#2834 = EDGE_CURVE('',#2835,#2826,#2837,.T.);
#2835 = VERTEX_POINT('',#2836);
#2836 = CARTESIAN_POINT('',(-26.76153040324,3.580571249955,30.));
#2837 = LINE('',#2838,#2839);
#2838 = CARTESIAN_POINT('',(-26.76153040324,3.580571249955,8.));
#2839 = VECTOR('',#2840,1.);
#2840 = DIRECTION('',(0.,0.,1.));
#2841 = ORIENTED_EDGE('',*,*,#2842,.F.);
#2842 = EDGE_CURVE('',#2816,#2835,#2843,.T.);
#2843 = CIRCLE('',#2844,27.);
#2844 = AXIS2_PLACEMENT_3D('',#2845,#2846,#2847);
#2845 = CARTESIAN_POINT('',(0.,0.,30.));
#2846 = DIRECTION('',(0.,0.,1.));
#2847 = DIRECTION('',(1.,0.,0.));
#2848 = FACE_BOUND('',#2849,.T.);
#2849 = EDGE_LOOP('',(#2850,#2860,#2869,#2877));
#2850 = ORIENTED_EDGE('',*,*,#2851,.T.);
#2851 = EDGE_CURVE('',#2852,#2854,#2856,.T.);
#2852 = VERTEX_POINT('',#2853);
#2853 = CARTESIAN_POINT('',(-26.99217630379,0.64993721604,30.));
#2854 = VERTEX_POINT('',#2855);
#2855 = CARTESIAN_POINT('',(-26.99217630379,0.64993721604,80.));
#2856 = LINE('',#2857,#2858);
#2857 = CARTESIAN_POINT('',(-26.99217630379,0.64993721604,8.));
#2858 = VECTOR('',#2859,1.);
#2859 = DIRECTION('',(0.,0.,1.));
#2860 = ORIENTED_EDGE('',*,*,#2861,.T.);
#2861 = EDGE_CURVE('',#2854,#2862,#2864,.T.);
#2862 = VERTEX_POINT('',#2863);
#2863 = CARTESIAN_POINT('',(-26.99217630379,-0.64993721604,80.));
#2864 = CIRCLE('',#2865,27.);
#2865 = AXIS2_PLACEMENT_3D('',#2866,#2867,#2868);
#2866 = CARTESIAN_POINT('',(0.,0.,80.));
#2867 = DIRECTION('',(0.,0.,1.));
#2868 = DIRECTION('',(1.,0.,0.));
#2869 = ORIENTED_EDGE('',*,*,#2870,.F.);
#2870 = EDGE_CURVE('',#2871,#2862,#2873,.T.);
#2871 = VERTEX_POINT('',#2872);
#2872 = CARTESIAN_POINT('',(-26.99217630379,-0.64993721604,30.));
#2873 = LINE('',#2874,#2875);
#2874 = CARTESIAN_POINT('',(-26.99217630379,-0.64993721604,8.));
#2875 = VECTOR('',#2876,1.);
#2876 = DIRECTION('',(0.,0.,1.));
#2877 = ORIENTED_EDGE('',*,*,#2878,.F.);
#2878 = EDGE_CURVE('',#2852,#2871,#2879,.T.);
#2879 = CIRCLE('',#2880,27.);
#2880 = AXIS2_PLACEMENT_3D('',#2881,#2882,#2883);
#2881 = CARTESIAN_POINT('',(0.,0.,30.));
#2882 = DIRECTION('',(0.,0.,1.));
#2883 = DIRECTION('',(1.,0.,0.));
#2884 = FACE_BOUND('',#2885,.T.);
#2885 = EDGE_LOOP('',(#2886));
#2886 = ORIENTED_EDGE('',*,*,#2887,.T.);
#2887 = EDGE_CURVE('',#2888,#2888,#2890,.T.);
#2888 = VERTEX_POINT('',#2889);
#2889 = CARTESIAN_POINT('',(21.421570531,16.435215726768,76.));
#2890 = B_SPLINE_CURVE_WITH_KNOTS('',7,(#2891,#2892,#2893,#2894,#2895,
    #2896,#2897,#2898,#2899,#2900,#2901,#2902,#2903,#2904,#2905,#2906,
    #2907,#2908,#2909,#2910,#2911,#2912,#2913,#2914,#2915,#2916,#2917,
    #2918,#2919,#2920,#2921,#2922,#2923,#2924,#2925,#2926,#2927,#2928,
    #2929,#2930,#2931,#2932,#2933,#2934),.UNSPECIFIED.,.T.,.F.,(8,6,6,6,
    6,6,6,8),(0.,0.152561816058,0.285750615967,0.422005156665,
    0.588491126768,0.714359159326,0.837999588562,1.),.UNSPECIFIED.);
#2891 = CARTESIAN_POINT('',(21.421570531,16.435215726768,76.));
#2892 = CARTESIAN_POINT('',(21.421570531,16.435215726768,76.197293842768
    ));
#2893 = CARTESIAN_POINT('',(21.404786445914,16.457091873157,
    76.394510594018));
#2894 = CARTESIAN_POINT('',(21.371237391334,16.500820246712,
    76.58921955944));
#2895 = CARTESIAN_POINT('',(21.320305269178,16.566911608878,
    76.77866406927));
#2896 = CARTESIAN_POINT('',(21.250950154907,16.656148141752,
    76.959246759882));
#2897 = CARTESIAN_POINT('',(21.161816352273,16.769271112913,
    77.125977348255));
#2898 = CARTESIAN_POINT('',(20.955571535136,17.026085612685,
    77.398256650545));
#2899 = CARTESIAN_POINT('',(20.840146225452,17.168184877095,
    77.513247530786));
#2900 = CARTESIAN_POINT('',(20.707197931344,17.329356386812,
    77.60328357004));
#2901 = CARTESIAN_POINT('',(20.560864787956,17.503206044978,
    77.659388274317));
#2902 = CARTESIAN_POINT('',(20.407155145841,17.681634546724,
    77.676741451263));
#2903 = CARTESIAN_POINT('',(20.253158770306,17.856607617612,
    77.654919018456));
#2904 = CARTESIAN_POINT('',(19.954642925609,18.189650283559,
    77.540098984764));
#2905 = CARTESIAN_POINT('',(19.815607403569,18.341455294106,
    77.447470013242));
#2906 = CARTESIAN_POINT('',(19.691476504408,18.474392316765,
    77.32803149367));
#2907 = CARTESIAN_POINT('',(19.583993943842,18.587761253077,
    77.188326090284));
#2908 = CARTESIAN_POINT('',(19.494036309475,18.681581556105,
    77.034151575704));
#2909 = CARTESIAN_POINT('',(19.421729134991,18.756404711515,
    76.870689409736));
#2910 = CARTESIAN_POINT('',(19.299039014729,18.882702916911,
    76.497073234937));
#2911 = CARTESIAN_POINT('',(19.256128534271,18.926293882724,
    76.281707885793));
#2912 = CARTESIAN_POINT('',(19.23700300683,18.945589777588,
    76.06126838861));
#2913 = CARTESIAN_POINT('',(19.241489633051,18.941054334052,
    75.839224955277));
#2914 = CARTESIAN_POINT('',(19.269835048402,18.912413208702,
    75.61933554136));
#2915 = CARTESIAN_POINT('',(19.322397538914,18.858875476182,
    75.405986238278));
#2916 = CARTESIAN_POINT('',(19.457473639045,18.719340546298,
    75.05323571097));
#2917 = CARTESIAN_POINT('',(19.53036018494,18.643613679331,
    74.906379415107));
#2918 = CARTESIAN_POINT('',(19.618312853247,18.55148743886,
    74.768567302281));
#2919 = CARTESIAN_POINT('',(19.721060418253,18.442659889293,
    74.644193393828));
#2920 = CARTESIAN_POINT('',(19.837711355223,18.31730285701,
    74.538021921764));
#2921 = CARTESIAN_POINT('',(19.966704373649,18.176193789099,
    74.45526174434));
#2922 = CARTESIAN_POINT('',(20.242035702539,17.869017197232,
    74.349359317313));
#2923 = CARTESIAN_POINT('',(20.384511256942,17.7073568585,
    74.326540660746));
#2924 = CARTESIAN_POINT('',(20.527466921313,17.541933593918,
    74.337281868025));
#2925 = CARTESIAN_POINT('',(20.664975798792,17.37939823561,
    74.381702250684));
#2926 = CARTESIAN_POINT('',(20.791846644619,17.226543834991,
    74.456322948819));
#2927 = CARTESIAN_POINT('',(20.904288080154,17.089004274347,
    74.554226889587));
#2928 = CARTESIAN_POINT('',(21.126064221916,16.814560889079,
    74.810422707814));
#2929 = CARTESIAN_POINT('',(21.227802270274,16.685908585063,
    74.982867570255));
#2930 = CARTESIAN_POINT('',(21.306731452333,16.584519713401,
    75.172567160539));
#2931 = CARTESIAN_POINT('',(21.364556169824,16.509529246401,
    75.373187136968));
#2932 = CARTESIAN_POINT('',(21.402558647927,16.459995387215,
    75.5801084003));
#2933 = CARTESIAN_POINT('',(21.421570531,16.435215726768,75.79002670228)
  );
#2934 = CARTESIAN_POINT('',(21.421570531,16.435215726768,76.));
#2935 = FACE_BOUND('',#2936,.T.);
#2936 = EDGE_LOOP('',(#2937,#2947,#2956,#2964));
#2937 = ORIENTED_EDGE('',*,*,#2938,.T.);
#2938 = EDGE_CURVE('',#2939,#2941,#2943,.T.);
#2939 = VERTEX_POINT('',#2940);
#2940 = CARTESIAN_POINT('',(-24.73789490968,-10.81834347012,30.));
#2941 = VERTEX_POINT('',#2942);
#2942 = CARTESIAN_POINT('',(-24.73789490968,-10.81834347012,80.));
#2943 = LINE('',#2944,#2945);
#2944 = CARTESIAN_POINT('',(-24.73789490968,-10.81834347012,8.));
#2945 = VECTOR('',#2946,1.);
#2946 = DIRECTION('',(0.,0.,1.));
#2947 = ORIENTED_EDGE('',*,*,#2948,.T.);
#2948 = EDGE_CURVE('',#2941,#2949,#2951,.T.);
#2949 = VERTEX_POINT('',#2950);
#2950 = CARTESIAN_POINT('',(-24.18854423671,-11.99642979009,80.));
#2951 = CIRCLE('',#2952,27.);
#2952 = AXIS2_PLACEMENT_3D('',#2953,#2954,#2955);
#2953 = CARTESIAN_POINT('',(0.,0.,80.));
#2954 = DIRECTION('',(0.,0.,1.));
#2955 = DIRECTION('',(1.,0.,0.));
#2956 = ORIENTED_EDGE('',*,*,#2957,.F.);
#2957 = EDGE_CURVE('',#2958,#2949,#2960,.T.);
#2958 = VERTEX_POINT('',#2959);
#2959 = CARTESIAN_POINT('',(-24.18854423671,-11.99642979009,30.));
#2960 = LINE('',#2961,#2962);
#2961 = CARTESIAN_POINT('',(-24.18854423671,-11.99642979009,8.));
#2962 = VECTOR('',#2963,1.);
#2963 = DIRECTION('',(0.,0.,1.));
#2964 = ORIENTED_EDGE('',*,*,#2965,.F.);
#2965 = EDGE_CURVE('',#2939,#2958,#2966,.T.);
#2966 = CIRCLE('',#2967,27.);
#2967 = AXIS2_PLACEMENT_3D('',#2968,#2969,#2970);
#2968 = CARTESIAN_POINT('',(0.,0.,30.));
#2969 = DIRECTION('',(0.,0.,1.));
#2970 = DIRECTION('',(1.,0.,0.));
#2971 = FACE_BOUND('',#2972,.T.);
#2972 = EDGE_LOOP('',(#2973,#2983,#2992,#3000));
#2973 = ORIENTED_EDGE('',*,*,#2974,.T.);
#2974 = EDGE_CURVE('',#2975,#2977,#2979,.T.);
#2975 = VERTEX_POINT('',#2976);
#2976 = CARTESIAN_POINT('',(-22.74096859978,-14.55501106641,30.));
#2977 = VERTEX_POINT('',#2978);
#2978 = CARTESIAN_POINT('',(-22.74096859978,-14.55501106641,80.));
#2979 = LINE('',#2980,#2981);
#2980 = CARTESIAN_POINT('',(-22.74096859978,-14.55501106641,8.));
#2981 = VECTOR('',#2982,1.);
#2982 = DIRECTION('',(0.,0.,1.));
#2983 = ORIENTED_EDGE('',*,*,#2984,.T.);
#2984 = EDGE_CURVE('',#2977,#2985,#2987,.T.);
#2985 = VERTEX_POINT('',#2986);
#2986 = CARTESIAN_POINT('',(-22.01408804196,-15.63265581021,80.));
#2987 = CIRCLE('',#2988,27.);
#2988 = AXIS2_PLACEMENT_3D('',#2989,#2990,#2991);
#2989 = CARTESIAN_POINT('',(0.,0.,80.));
#2990 = DIRECTION('',(0.,0.,1.));
#2991 = DIRECTION('',(1.,0.,0.));
#2992 = ORIENTED_EDGE('',*,*,#2993,.F.);
#2993 = EDGE_CURVE('',#2994,#2985,#2996,.T.);
#2994 = VERTEX_POINT('',#2995);
#2995 = CARTESIAN_POINT('',(-22.01408804196,-15.63265581021,30.));
#2996 = LINE('',#2997,#2998);
#2997 = CARTESIAN_POINT('',(-22.01408804196,-15.63265581021,8.));
#2998 = VECTOR('',#2999,1.);
#2999 = DIRECTION('',(0.,0.,1.));
#3000 = ORIENTED_EDGE('',*,*,#3001,.F.);
#3001 = EDGE_CURVE('',#2975,#2994,#3002,.T.);
#3002 = CIRCLE('',#3003,27.);
#3003 = AXIS2_PLACEMENT_3D('',#3004,#3005,#3006);
#3004 = CARTESIAN_POINT('',(0.,0.,30.));
#3005 = DIRECTION('',(0.,0.,1.));
#3006 = DIRECTION('',(1.,0.,0.));
#3007 = FACE_BOUND('',#3008,.T.);
#3008 = EDGE_LOOP('',(#3009,#3019,#3028,#3036));
#3009 = ORIENTED_EDGE('',*,*,#3010,.T.);
#3010 = EDGE_CURVE('',#3011,#3013,#3015,.T.);
#3011 = VERTEX_POINT('',#3012);
#3012 = CARTESIAN_POINT('',(-20.18408417002,-17.93328598493,30.));
#3013 = VERTEX_POINT('',#3014);
#3014 = CARTESIAN_POINT('',(-20.18408417002,-17.93328598493,80.));
#3015 = LINE('',#3016,#3017);
#3016 = CARTESIAN_POINT('',(-20.18408417002,-17.93328598493,8.));
#3017 = VECTOR('',#3018,1.);
#3018 = DIRECTION('',(0.,0.,1.));
#3019 = ORIENTED_EDGE('',*,*,#3020,.T.);
#3020 = EDGE_CURVE('',#3013,#3021,#3023,.T.);
#3021 = VERTEX_POINT('',#3022);
#3022 = CARTESIAN_POINT('',(-19.29757193905,-18.88395396247,80.));
#3023 = CIRCLE('',#3024,27.);
#3024 = AXIS2_PLACEMENT_3D('',#3025,#3026,#3027);
#3025 = CARTESIAN_POINT('',(0.,0.,80.));
#3026 = DIRECTION('',(0.,0.,1.));
#3027 = DIRECTION('',(1.,0.,0.));
#3028 = ORIENTED_EDGE('',*,*,#3029,.F.);
#3029 = EDGE_CURVE('',#3030,#3021,#3032,.T.);
#3030 = VERTEX_POINT('',#3031);
#3031 = CARTESIAN_POINT('',(-19.29757193905,-18.88395396247,30.));
#3032 = LINE('',#3033,#3034);
#3033 = CARTESIAN_POINT('',(-19.29757193905,-18.88395396247,8.));
#3034 = VECTOR('',#3035,1.);
#3035 = DIRECTION('',(0.,0.,1.));
#3036 = ORIENTED_EDGE('',*,*,#3037,.F.);
#3037 = EDGE_CURVE('',#3011,#3030,#3038,.T.);
#3038 = CIRCLE('',#3039,27.);
#3039 = AXIS2_PLACEMENT_3D('',#3040,#3041,#3042);
#3040 = CARTESIAN_POINT('',(0.,0.,30.));
#3041 = DIRECTION('',(0.,0.,1.));
#3042 = DIRECTION('',(1.,0.,0.));
#3043 = FACE_BOUND('',#3044,.T.);
#3044 = EDGE_LOOP('',(#3045,#3055,#3064,#3072));
#3045 = ORIENTED_EDGE('',*,*,#3046,.T.);
#3046 = EDGE_CURVE('',#3047,#3049,#3051,.T.);
#3047 = VERTEX_POINT('',#3048);
#3048 = CARTESIAN_POINT('',(-17.13020060085,-20.86998388534,30.));
#3049 = VERTEX_POINT('',#3050);
#3050 = CARTESIAN_POINT('',(-17.13020060085,-20.86998388534,80.));
#3051 = LINE('',#3052,#3053);
#3052 = CARTESIAN_POINT('',(-17.13020060085,-20.86998388534,8.));
#3053 = VECTOR('',#3054,1.);
#3054 = DIRECTION('',(0.,0.,1.));
#3055 = ORIENTED_EDGE('',*,*,#3056,.T.);
#3056 = EDGE_CURVE('',#3049,#3057,#3059,.T.);
#3057 = VERTEX_POINT('',#3058);
#3058 = CARTESIAN_POINT('',(-16.10588557003,-21.67026649593,80.));
#3059 = CIRCLE('',#3060,27.);
#3060 = AXIS2_PLACEMENT_3D('',#3061,#3062,#3063);
#3061 = CARTESIAN_POINT('',(0.,0.,80.));
#3062 = DIRECTION('',(0.,0.,1.));
#3063 = DIRECTION('',(1.,0.,0.));
#3064 = ORIENTED_EDGE('',*,*,#3065,.F.);
#3065 = EDGE_CURVE('',#3066,#3057,#3068,.T.);
#3066 = VERTEX_POINT('',#3067);
#3067 = CARTESIAN_POINT('',(-16.10588557003,-21.67026649593,30.));
#3068 = LINE('',#3069,#3070);
#3069 = CARTESIAN_POINT('',(-16.10588557003,-21.67026649593,8.));
#3070 = VECTOR('',#3071,1.);
#3071 = DIRECTION('',(0.,0.,1.));
#3072 = ORIENTED_EDGE('',*,*,#3073,.F.);
#3073 = EDGE_CURVE('',#3047,#3066,#3074,.T.);
#3074 = CIRCLE('',#3075,27.);
#3075 = AXIS2_PLACEMENT_3D('',#3076,#3077,#3078);
#3076 = CARTESIAN_POINT('',(0.,0.,30.));
#3077 = DIRECTION('',(0.,0.,1.));
#3078 = DIRECTION('',(1.,0.,0.));
#3079 = FACE_BOUND('',#3080,.T.);
#3080 = EDGE_LOOP('',(#3081,#3091,#3100,#3108));
#3081 = ORIENTED_EDGE('',*,*,#3082,.T.);
#3082 = EDGE_CURVE('',#3083,#3085,#3087,.T.);
#3083 = VERTEX_POINT('',#3084);
#3084 = CARTESIAN_POINT('',(-13.65451464101,-23.29279351898,30.));
#3085 = VERTEX_POINT('',#3086);
#3086 = CARTESIAN_POINT('',(-13.65451464101,-23.29279351898,80.));
#3087 = LINE('',#3088,#3089);
#3088 = CARTESIAN_POINT('',(-13.65451464101,-23.29279351898,8.));
#3089 = VECTOR('',#3090,1.);
#3090 = DIRECTION('',(0.,0.,1.));
#3091 = ORIENTED_EDGE('',*,*,#3092,.T.);
#3092 = EDGE_CURVE('',#3085,#3093,#3095,.T.);
#3093 = VERTEX_POINT('',#3094);
#3094 = CARTESIAN_POINT('',(-12.51761884591,-23.92298514877,80.));
#3095 = CIRCLE('',#3096,27.);
#3096 = AXIS2_PLACEMENT_3D('',#3097,#3098,#3099);
#3097 = CARTESIAN_POINT('',(0.,0.,80.));
#3098 = DIRECTION('',(0.,0.,1.));
#3099 = DIRECTION('',(1.,0.,0.));
#3100 = ORIENTED_EDGE('',*,*,#3101,.F.);
#3101 = EDGE_CURVE('',#3102,#3093,#3104,.T.);
#3102 = VERTEX_POINT('',#3103);
#3103 = CARTESIAN_POINT('',(-12.51761884591,-23.92298514877,30.));
#3104 = LINE('',#3105,#3106);
#3105 = CARTESIAN_POINT('',(-12.51761884591,-23.92298514877,8.));
#3106 = VECTOR('',#3107,1.);
#3107 = DIRECTION('',(0.,0.,1.));
#3108 = ORIENTED_EDGE('',*,*,#3109,.F.);
#3109 = EDGE_CURVE('',#3083,#3102,#3110,.T.);
#3110 = CIRCLE('',#3111,27.);
#3111 = AXIS2_PLACEMENT_3D('',#3112,#3113,#3114);
#3112 = CARTESIAN_POINT('',(0.,0.,30.));
#3113 = DIRECTION('',(0.,0.,1.));
#3114 = DIRECTION('',(1.,0.,0.));
#3115 = FACE_BOUND('',#3116,.T.);
#3116 = EDGE_LOOP('',(#3117,#3128,#3137,#3146,#3155,#3164,#3173));
#3117 = ORIENTED_EDGE('',*,*,#3118,.T.);
#3118 = EDGE_CURVE('',#3119,#3121,#3123,.T.);
#3119 = VERTEX_POINT('',#3120);
#3120 = CARTESIAN_POINT('',(-10.24454801062,-24.98097748403,61.7434584)
  );
#3121 = VERTEX_POINT('',#3122);
#3122 = CARTESIAN_POINT('',(-3.810606572239,-26.72974518306,65.3464881)
  );
#3123 = ELLIPSE('',#3124,31.176685615124,27.);
#3124 = AXIS2_PLACEMENT_3D('',#3125,#3126,#3127);
#3125 = CARTESIAN_POINT('',(0.,0.,68.988991464133));
#3126 = DIRECTION('',(-0.497770016968,-4.705312013006E-02,0.866031762751
    ));
#3127 = DIRECTION('',(0.862188283133,8.150078847276E-02,0.499988985785)
  );
#3128 = ORIENTED_EDGE('',*,*,#3129,.T.);
#3129 = EDGE_CURVE('',#3121,#3130,#3132,.T.);
#3130 = VERTEX_POINT('',#3131);
#3131 = CARTESIAN_POINT('',(2.539325184363,-26.8803241723,68.948564));
#3132 = ELLIPSE('',#3133,31.092491069861,27.);
#3133 = AXIS2_PLACEMENT_3D('',#3134,#3135,#3136);
#3134 = CARTESIAN_POINT('',(0.,0.,68.949481368453));
#3135 = DIRECTION('',(-0.493704002332,-4.6668768585E-02,0.868376867564)
  );
#3136 = DIRECTION('',(0.864522980288,8.172148233124E-02,0.495904845591)
  );
#3137 = ORIENTED_EDGE('',*,*,#3138,.T.);
#3138 = EDGE_CURVE('',#3130,#3139,#3141,.T.);
#3139 = VERTEX_POINT('',#3140);
#3140 = CARTESIAN_POINT('',(14.744057300911,-22.61885881974,61.7383129)
  );
#3141 = ELLIPSE('',#3142,31.137814182672,27.);
#3142 = AXIS2_PLACEMENT_3D('',#3143,#3144,#3145);
#3143 = CARTESIAN_POINT('',(0.,0.,68.947641205977));
#3144 = DIRECTION('',(0.495901035444,4.687644936005E-02,0.86711288858));
#3145 = DIRECTION('',(-0.863264610887,-8.1602531401E-02,0.498111672679)
  );
#3146 = ORIENTED_EDGE('',*,*,#3147,.T.);
#3147 = EDGE_CURVE('',#3139,#3148,#3150,.T.);
#3148 = VERTEX_POINT('',#3149);
#3149 = CARTESIAN_POINT('',(14.71270645028,-22.63926387734,47.2605576));
#3150 = ELLIPSE('',#3151,1.179827407621E+04,27.);
#3151 = AXIS2_PLACEMENT_3D('',#3152,#3153,#3154);
#3152 = CARTESIAN_POINT('',(0.,0.,-5.422259906797E+03));
#3153 = DIRECTION('',(0.995559357673,9.410806689104E-02,
    -2.288470315709E-03));
#3154 = DIRECTION('',(2.278314003443E-03,2.153640814909E-04,
    0.999997381448));
#3155 = ORIENTED_EDGE('',*,*,#3156,.T.);
#3156 = EDGE_CURVE('',#3148,#3157,#3159,.T.);
#3157 = VERTEX_POINT('',#3158);
#3158 = CARTESIAN_POINT('',(2.520083199086,-26.88213497231,40.051436));
#3159 = ELLIPSE('',#3160,31.145111793874,27.);
#3160 = AXIS2_PLACEMENT_3D('',#3161,#3162,#3163);
#3161 = CARTESIAN_POINT('',(0.,0.,40.063472514321));
#3162 = DIRECTION('',(0.49625298362,4.690971825787E-02,-0.866909715357)
  );
#3163 = DIRECTION('',(0.863062339355,8.158341111171E-02,0.498465189777)
  );
#3164 = ORIENTED_EDGE('',*,*,#3165,.T.);
#3165 = EDGE_CURVE('',#3157,#3166,#3168,.T.);
#3166 = VERTEX_POINT('',#3167);
#3167 = CARTESIAN_POINT('',(-10.20990271875,-24.99515726042,47.2548599)
  );
#3168 = ELLIPSE('',#3169,31.164937288443,27.);
#3169 = AXIS2_PLACEMENT_3D('',#3170,#3171,#3172);
#3170 = CARTESIAN_POINT('',(0.,0.,40.03936867878));
#3171 = DIRECTION('',(-0.497206622014,-4.699986362701E-02,
    -0.866358232975));
#3172 = DIRECTION('',(-0.862513304471,-8.153151203491E-02,0.499423079319
    ));
#3173 = ORIENTED_EDGE('',*,*,#3174,.T.);
#3174 = EDGE_CURVE('',#3166,#3119,#3175,.T.);
#3175 = ELLIPSE('',#3176,1.179817245408E+04,27.);
#3176 = AXIS2_PLACEMENT_3D('',#3177,#3178,#3179);
#3177 = CARTESIAN_POINT('',(0.,0.,-5.422207525703E+03));
#3178 = DIRECTION('',(-0.995559357628,-9.410806688679E-02,
    -2.28849002717E-03));
#3179 = DIRECTION('',(-2.278333627424E-03,-2.153659365032E-04,
    0.999997381403));
#3180 = FACE_BOUND('',#3181,.T.);
#3181 = EDGE_LOOP('',(#3182));
#3182 = ORIENTED_EDGE('',*,*,#3183,.T.);
#3183 = EDGE_CURVE('',#3184,#3184,#3186,.T.);
#3184 = VERTEX_POINT('',#3185);
#3185 = CARTESIAN_POINT('',(19.256575735331,-18.9257573415,76.));
#3186 = B_SPLINE_CURVE_WITH_KNOTS('',7,(#3187,#3188,#3189,#3190,#3191,
    #3192,#3193,#3194,#3195,#3196,#3197,#3198,#3199,#3200,#3201,#3202,
    #3203,#3204,#3205,#3206,#3207,#3208,#3209,#3210,#3211,#3212,#3213,
    #3214,#3215,#3216,#3217,#3218,#3219,#3220,#3221,#3222,#3223,#3224,
    #3225,#3226,#3227,#3228,#3229,#3230),.UNSPECIFIED.,.T.,.F.,(8,6,6,6,
    6,6,6,8),(0.,0.152561815586,0.285750615084,0.422005155408,
    0.588491127824,0.714359160086,0.837999588982,1.),.UNSPECIFIED.);
#3187 = CARTESIAN_POINT('',(19.256575735331,-18.9257573415,76.));
#3188 = CARTESIAN_POINT('',(19.256575735331,-18.9257573415,
    76.197293842767));
#3189 = CARTESIAN_POINT('',(19.2759030914,-18.90609202684,
    76.394510594018));
#3190 = CARTESIAN_POINT('',(19.314536777469,-18.86678365601,
    76.58921955944));
#3191 = CARTESIAN_POINT('',(19.372896561663,-18.80714906195,
    76.778664069271));
#3192 = CARTESIAN_POINT('',(19.451612284412,-18.72604958188,
    76.959246759881));
#3193 = CARTESIAN_POINT('',(19.551229322882,-18.6220395486,
    77.125977348255));
#3194 = CARTESIAN_POINT('',(19.776840790837,-18.38206022154,
    77.398256650545));
#3195 = CARTESIAN_POINT('',(19.901493056696,-18.24798182776,
    77.513247530786));
#3196 = CARTESIAN_POINT('',(20.042593230002,-18.09389663852,
    77.60328357004));
#3197 = CARTESIAN_POINT('',(20.194385357906,-17.9247924032,
    77.659388274316));
#3198 = CARTESIAN_POINT('',(20.349685158199,-17.74774620487,
    77.676741451263));
#3199 = CARTESIAN_POINT('',(20.501523250069,-17.57089696661,
    77.654919018456));
#3200 = CARTESIAN_POINT('',(20.789779391943,-17.22893567696,
    77.540098984744));
#3201 = CARTESIAN_POINT('',(20.92075704177,-17.07012606506,
    77.447470013213));
#3202 = CARTESIAN_POINT('',(21.03512464826,-16.92870194166,
    77.328031493695));
#3203 = CARTESIAN_POINT('',(21.132431604635,-16.80648748755,
    77.188326090345));
#3204 = CARTESIAN_POINT('',(21.212819172032,-16.70434805214,
    77.034151575716));
#3205 = CARTESIAN_POINT('',(21.276850939952,-16.62233119553,
    76.870689409659));
#3206 = CARTESIAN_POINT('',(21.384844856341,-16.48325777299,
    76.497073231612));
#3207 = CARTESIAN_POINT('',(21.422039610363,-16.4346982082,
    76.281707898812));
#3208 = CARTESIAN_POINT('',(21.438485962657,-16.41307333604,
    76.061268365182));
#3209 = CARTESIAN_POINT('',(21.434619076324,-16.41814750934,
    75.839224978535));
#3210 = CARTESIAN_POINT('',(21.410201599694,-16.45020314854,
    75.619335528629));
#3211 = CARTESIAN_POINT('',(21.364500180991,-16.50970511229,
    75.405986241471));
#3212 = CARTESIAN_POINT('',(21.24512215411,-16.66288617134,
    75.053235711022));
#3213 = CARTESIAN_POINT('',(21.180276102408,-16.7456025333,
    74.906379415098));
#3214 = CARTESIAN_POINT('',(21.101287073735,-16.84552074689,
    74.76856730224));
#3215 = CARTESIAN_POINT('',(21.007818323629,-16.9624142472,
    74.64419339381));
#3216 = CARTESIAN_POINT('',(20.899915930026,-17.09537627215,
    74.538021921784));
#3217 = CARTESIAN_POINT('',(20.778132484273,-17.2427525259,
    74.455261744354));
#3218 = CARTESIAN_POINT('',(20.512264028699,-17.55815506808,
    74.34935931732));
#3219 = CARTESIAN_POINT('',(20.372005721951,-17.72174283087,
    74.32654066073));
#3220 = CARTESIAN_POINT('',(20.228087928318,-17.88632972924,
    74.33728186804));
#3221 = CARTESIAN_POINT('',(20.086271889869,-18.04512092957,
    74.38170225069));
#3222 = CARTESIAN_POINT('',(19.952562066803,-18.19203029798,
    74.456322948792));
#3223 = CARTESIAN_POINT('',(19.832009854935,-18.32251926838,
    74.554226889605));
#3224 = CARTESIAN_POINT('',(19.591102607211,-18.58033223693,
    74.810422707814));
#3225 = CARTESIAN_POINT('',(19.477861538251,-18.69898511769,
    74.982867570255));
#3226 = CARTESIAN_POINT('',(19.38844419514,-18.79125677005,
    75.172567160539));
#3227 = CARTESIAN_POINT('',(19.322231175456,-18.8589553972,
    75.373187136968));
#3228 = CARTESIAN_POINT('',(19.278468299104,-18.90348181858,
    75.580108400299));
#3229 = CARTESIAN_POINT('',(19.256575735331,-18.9257573415,
    75.790026702281));
#3230 = CARTESIAN_POINT('',(19.256575735331,-18.9257573415,76.));
#3231 = CYLINDRICAL_SURFACE('',#3232,27.);
#3232 = AXIS2_PLACEMENT_3D('',#3233,#3234,#3235);
#3233 = CARTESIAN_POINT('',(0.,0.,8.));
#3234 = DIRECTION('',(0.,0.,1.));
#3235 = DIRECTION('',(1.,0.,0.));
#3236 = ADVANCED_FACE('',(#3237),#3296,.F.);
#3237 = FACE_BOUND('',#3238,.F.);
#3238 = EDGE_LOOP('',(#3239,#3288,#3294,#3295));
#3239 = ORIENTED_EDGE('',*,*,#3240,.F.);
#3240 = EDGE_CURVE('',#3241,#3241,#3243,.T.);
#3241 = VERTEX_POINT('',#3242);
#3242 = CARTESIAN_POINT('',(17.365907073609,-17.28222414826,32.));
#3243 = B_SPLINE_CURVE_WITH_KNOTS('',7,(#3244,#3245,#3246,#3247,#3248,
    #3249,#3250,#3251,#3252,#3253,#3254,#3255,#3256,#3257,#3258,#3259,
    #3260,#3261,#3262,#3263,#3264,#3265,#3266,#3267,#3268,#3269,#3270,
    #3271,#3272,#3273,#3274,#3275,#3276,#3277,#3278,#3279,#3280,#3281,
    #3282,#3283,#3284,#3285,#3286,#3287),.UNSPECIFIED.,.T.,.F.,(8,6,6,6,
    6,6,6,8),(0.,0.152564013879,0.285759557212,0.422016610713,
    0.588488990665,0.714358187214,0.838001618418,1.),.UNSPECIFIED.);
#3244 = CARTESIAN_POINT('',(17.365907073609,-17.28222414826,32.));
#3245 = CARTESIAN_POINT('',(17.365907073609,-17.28222414826,
    32.197307866126));
#3246 = CARTESIAN_POINT('',(17.385367521411,-17.26266933936,
    32.394538273697));
#3247 = CARTESIAN_POINT('',(17.424267139451,-17.22358204314,
    32.589255798261));
#3248 = CARTESIAN_POINT('',(17.483012992653,-17.16427252978,
    32.778700546071));
#3249 = CARTESIAN_POINT('',(17.562210049169,-17.0835871098,
    32.959274920868));
#3250 = CARTESIAN_POINT('',(17.662359186467,-16.98004702552,
    33.125991560984));
#3251 = CARTESIAN_POINT('',(17.888942159369,-16.74094748981,
    33.398248839338));
#3252 = CARTESIAN_POINT('',(18.014063467835,-16.60728140465,
    33.513241353141));
#3253 = CARTESIAN_POINT('',(18.155579673374,-16.45355817999,
    33.603279689652));
#3254 = CARTESIAN_POINT('',(18.307650295936,-16.28469588725,
    33.659386175472));
#3255 = CARTESIAN_POINT('',(18.463032272956,-16.10771937027,
    33.676741978881));
#3256 = CARTESIAN_POINT('',(18.614763311963,-15.9307711122,
    33.654920866545));
#3257 = CARTESIAN_POINT('',(18.902500545045,-15.58834909297,
    33.540098963075));
#3258 = CARTESIAN_POINT('',(19.033063873155,-15.42918550011,
    33.447471161114));
#3259 = CARTESIAN_POINT('',(19.146929372585,-15.28733236364,
    33.32803702872));
#3260 = CARTESIAN_POINT('',(19.243714350179,-15.16466829619,
    33.188337721305));
#3261 = CARTESIAN_POINT('',(19.32361318191,-15.06210237408,
    33.034167665148));
#3262 = CARTESIAN_POINT('',(19.387224752945,-14.97971301002,
    32.870703520697));
#3263 = CARTESIAN_POINT('',(19.494469294442,-14.83998143992,
    32.497076555383));
#3264 = CARTESIAN_POINT('',(19.53137247471,-14.79116560753,
    32.281709492876));
#3265 = CARTESIAN_POINT('',(19.547682021803,-14.76942046889,
    32.061264867653));
#3266 = CARTESIAN_POINT('',(19.543845904851,-14.77452364586,
    31.839217408858));
#3267 = CARTESIAN_POINT('',(19.519628474559,-14.80675611982,
    31.61932782587));
#3268 = CARTESIAN_POINT('',(19.474278467232,-14.86656369392,
    31.405981781294));
#3269 = CARTESIAN_POINT('',(19.355702024166,-15.02044590984,
    31.053225278179));
#3270 = CARTESIAN_POINT('',(19.291265031638,-15.1035229476,
    30.90636805664));
#3271 = CARTESIAN_POINT('',(19.212734308336,-15.20383970696,
    30.768559763911));
#3272 = CARTESIAN_POINT('',(19.119741753241,-15.32114278288,
    30.644190562865));
#3273 = CARTESIAN_POINT('',(19.012289151317,-15.45448939944,
    30.53802207221));
#3274 = CARTESIAN_POINT('',(18.890875829574,-15.60218309875,
    30.455262179648));
#3275 = CARTESIAN_POINT('',(18.625486163622,-15.91801037047,
    30.349358100848));
#3276 = CARTESIAN_POINT('',(18.485338251986,-16.0816994897,
    30.326539905454));
#3277 = CARTESIAN_POINT('',(18.341369671615,-16.24624540541,
    30.33728296794));
#3278 = CARTESIAN_POINT('',(18.199333053627,-16.40484659659,
    30.381705218016));
#3279 = CARTESIAN_POINT('',(18.065273908961,-16.55145270496,
    30.4563283486));
#3280 = CARTESIAN_POINT('',(17.944309614709,-16.68157915845,
    30.554233839048));
#3281 = CARTESIAN_POINT('',(17.702445036706,-16.93852089926,
    30.81040825423));
#3282 = CARTESIAN_POINT('',(17.588620808148,-17.05665773151,
    30.982837497165));
#3283 = CARTESIAN_POINT('',(17.498664430181,-17.14846539568,
    31.172527013414));
#3284 = CARTESIAN_POINT('',(17.432015288924,-17.2157970686,
    31.373146180721));
#3285 = CARTESIAN_POINT('',(17.387950748083,-17.26007342864,
    31.580076393627));
#3286 = CARTESIAN_POINT('',(17.365907073609,-17.28222414826,
    31.790010045873));
#3287 = CARTESIAN_POINT('',(17.365907073609,-17.28222414826,32.));
#3288 = ORIENTED_EDGE('',*,*,#3289,.F.);
#3289 = EDGE_CURVE('',#2558,#3241,#3290,.T.);
#3290 = LINE('',#3291,#3292);
#3291 = CARTESIAN_POINT('',(20.804080428626,-20.27098264809,32.));
#3292 = VECTOR('',#3293,1.);
#3293 = DIRECTION('',(-0.754709580223,0.656059028991,0.));
#3294 = ORIENTED_EDGE('',*,*,#2557,.T.);
#3295 = ORIENTED_EDGE('',*,*,#3289,.T.);
#3296 = CYLINDRICAL_SURFACE('',#3297,1.65);
#3297 = AXIS2_PLACEMENT_3D('',#3298,#3299,#3300);
#3298 = CARTESIAN_POINT('',(21.88657782646,-19.02571184072,32.));
#3299 = DIRECTION('',(-0.754709580223,0.656059028991,0.));
#3300 = DIRECTION('',(-0.656059028991,-0.754709580223,0.));
#3301 = ADVANCED_FACE('',(#3302),#3361,.F.);
#3302 = FACE_BOUND('',#3303,.F.);
#3303 = EDGE_LOOP('',(#3304,#3353,#3359,#3360));
#3304 = ORIENTED_EDGE('',*,*,#3305,.F.);
#3305 = EDGE_CURVE('',#3306,#3306,#3308,.T.);
#3306 = VERTEX_POINT('',#3307);
#3307 = CARTESIAN_POINT('',(19.530901869277,14.791682533527,76.));
#3308 = B_SPLINE_CURVE_WITH_KNOTS('',7,(#3309,#3310,#3311,#3312,#3313,
    #3314,#3315,#3316,#3317,#3318,#3319,#3320,#3321,#3322,#3323,#3324,
    #3325,#3326,#3327,#3328,#3329,#3330,#3331,#3332,#3333,#3334,#3335,
    #3336,#3337,#3338,#3339,#3340,#3341,#3342,#3343,#3344,#3345,#3346,
    #3347,#3348,#3349,#3350,#3351,#3352),.UNSPECIFIED.,.T.,.F.,(8,6,6,6,
    6,6,6,8),(0.,0.152564014162,0.285759557743,0.422016611496,
    0.588488989063,0.714358185836,0.838001618187,1.),.UNSPECIFIED.);
#3309 = CARTESIAN_POINT('',(19.530901869277,14.791682533527,76.));
#3310 = CARTESIAN_POINT('',(19.530901869277,14.791682533527,
    76.197307866126));
#3311 = CARTESIAN_POINT('',(19.514245737303,14.813675096982,
    76.394538273697));
#3312 = CARTESIAN_POINT('',(19.48095261643,14.857636046837,
    76.589255798261));
#3313 = CARTESIAN_POINT('',(19.430396141732,14.924064478325,
    76.778700546071));
#3314 = CARTESIAN_POINT('',(19.361518046655,15.013720034632,
    76.959274920868));
#3315 = CARTESIAN_POINT('',(19.272923673357,15.127304522013,
    77.125991560984));
#3316 = CARTESIAN_POINT('',(19.067685292852,15.384958628822,
    77.398248839339));
#3317 = CARTESIAN_POINT('',(18.952733557348,15.527464988878,
    77.51324135314));
#3318 = CARTESIAN_POINT('',(18.820201605702,15.688998106299,
    77.603279689653));
#3319 = CARTESIAN_POINT('',(18.674146809288,15.863089876932,
    77.659386175472));
#3320 = CARTESIAN_POINT('',(18.520517607184,16.041590057898,
    77.676741978882));
#3321 = CARTESIAN_POINT('',(18.366408276609,16.216470898649,
    77.654920866545));
#3322 = CARTESIAN_POINT('',(18.067363967921,16.549063827011,
    77.540098963075));
#3323 = CARTESIAN_POINT('',(17.927920247454,16.700507812565,
    77.447471161113));
#3324 = CARTESIAN_POINT('',(17.803294630608,16.833007321664,
    77.328037028721));
#3325 = CARTESIAN_POINT('',(17.695294186881,16.945921933155,
    77.188337721305));
#3326 = CARTESIAN_POINT('',(17.604846197449,17.03931761238,
    77.034167665149));
#3327 = CARTESIAN_POINT('',(17.53211166062,17.11377650326,
    76.870703520697));
#3328 = CARTESIAN_POINT('',(17.408665505053,17.239424223046,
    76.497076558708));
#3329 = CARTESIAN_POINT('',(17.365460671727,17.282762118221,
    76.281709479843));
#3330 = CARTESIAN_POINT('',(17.346197008647,17.301939277137,
    76.061264891099));
#3331 = CARTESIAN_POINT('',(17.350716638552,17.297430267008,
    75.839217385581));
#3332 = CARTESIAN_POINT('',(17.37926500876,17.268962630499,
    75.619327838615));
#3333 = CARTESIAN_POINT('',(17.43217904248,17.215730356721,
    75.405981778101));
#3334 = CARTESIAN_POINT('',(17.568061034752,17.076891627521,
    75.053225278148));
#3335 = CARTESIAN_POINT('',(17.641361676422,17.001519642416,
    74.906368056645));
#3336 = CARTESIAN_POINT('',(17.729772795669,16.909791780257,
    74.768559763935));
#3337 = CARTESIAN_POINT('',(17.832992223859,16.801378789491,
    74.644190562875));
#3338 = CARTESIAN_POINT('',(17.950086608516,16.676413646755,
    74.538022072199));
#3339 = CARTESIAN_POINT('',(18.079445494426,16.535626920965,
    74.45526217964));
#3340 = CARTESIAN_POINT('',(18.355264055063,16.228865347133,
    74.349358100462));
#3341 = CARTESIAN_POINT('',(18.497855338721,16.067300228531,
    74.326539905809));
#3342 = CARTESIAN_POINT('',(18.640763361723,15.901832362922,
    74.337282968978));
#3343 = CARTESIAN_POINT('',(18.778053367254,15.739105031389,
    74.381705215426));
#3344 = CARTESIAN_POINT('',(18.904575297931,15.585946902764,
    74.45632835093));
#3345 = CARTESIAN_POINT('',(19.016600389718,15.448049727602,
    74.554233838178));
#3346 = CARTESIAN_POINT('',(19.237380548591,15.172779579275,
    74.81040825423));
#3347 = CARTESIAN_POINT('',(19.338526410456,15.043621611002,
    74.982837497165));
#3348 = CARTESIAN_POINT('',(19.416921100678,14.941763525007,
    75.172527013413));
#3349 = CARTESIAN_POINT('',(19.474321738721,14.866392250899,
    75.373146180723));
#3350 = CARTESIAN_POINT('',(19.512034605472,14.816594464815,
    75.580076393626));
#3351 = CARTESIAN_POINT('',(19.530901869277,14.791682533527,
    75.790010045873));
#3352 = CARTESIAN_POINT('',(19.530901869277,14.791682533527,76.));
#3353 = ORIENTED_EDGE('',*,*,#3354,.F.);
#3354 = EDGE_CURVE('',#2888,#3306,#3355,.T.);
#3355 = LINE('',#3356,#3357);
#3356 = CARTESIAN_POINT('',(22.969075224295,17.780441033357,76.));
#3357 = VECTOR('',#3358,1.);
#3358 = DIRECTION('',(-0.754709580223,-0.656059028991,0.));
#3359 = ORIENTED_EDGE('',*,*,#2887,.T.);
#3360 = ORIENTED_EDGE('',*,*,#3354,.T.);
#3361 = CYLINDRICAL_SURFACE('',#3362,1.65);
#3362 = AXIS2_PLACEMENT_3D('',#3363,#3364,#3365);
#3363 = CARTESIAN_POINT('',(21.88657782646,19.025711840725,76.));
#3364 = DIRECTION('',(-0.754709580223,-0.656059028991,0.));
#3365 = DIRECTION('',(0.656059028991,-0.754709580223,0.));
#3366 = ADVANCED_FACE('',(#3367),#3426,.F.);
#3367 = FACE_BOUND('',#3368,.F.);
#3368 = EDGE_LOOP('',(#3369,#3418,#3424,#3425));
#3369 = ORIENTED_EDGE('',*,*,#3370,.F.);
#3370 = EDGE_CURVE('',#3371,#3371,#3373,.T.);
#3371 = VERTEX_POINT('',#3372);
#3372 = CARTESIAN_POINT('',(17.365907073609,-17.28222414826,76.));
#3373 = B_SPLINE_CURVE_WITH_KNOTS('',7,(#3374,#3375,#3376,#3377,#3378,
    #3379,#3380,#3381,#3382,#3383,#3384,#3385,#3386,#3387,#3388,#3389,
    #3390,#3391,#3392,#3393,#3394,#3395,#3396,#3397,#3398,#3399,#3400,
    #3401,#3402,#3403,#3404,#3405,#3406,#3407,#3408,#3409,#3410,#3411,
    #3412,#3413,#3414,#3415,#3416,#3417),.UNSPECIFIED.,.T.,.F.,(8,6,6,6,
    6,6,6,8),(0.,0.152564013572,0.285759557966,0.422016611298,
    0.588488991045,0.714358187464,0.83800161856,1.),.UNSPECIFIED.);
#3374 = CARTESIAN_POINT('',(17.365907073609,-17.28222414826,76.));
#3375 = CARTESIAN_POINT('',(17.365907073609,-17.28222414826,
    76.197307866126));
#3376 = CARTESIAN_POINT('',(17.385367521411,-17.26266933936,
    76.394538273698));
#3377 = CARTESIAN_POINT('',(17.424267139451,-17.22358204314,
    76.58925579826));
#3378 = CARTESIAN_POINT('',(17.483012992653,-17.16427252978,
    76.778700546072));
#3379 = CARTESIAN_POINT('',(17.562210049168,-17.0835871098,
    76.959274920867));
#3380 = CARTESIAN_POINT('',(17.662359186467,-16.98004702552,
    77.125991560984));
#3381 = CARTESIAN_POINT('',(17.888942160422,-16.74094748869,
    77.398248840603));
#3382 = CARTESIAN_POINT('',(18.0140634632,-16.60728140971,
    77.513241349686));
#3383 = CARTESIAN_POINT('',(18.155579682293,-16.45355817004,
    77.603279693607));
#3384 = CARTESIAN_POINT('',(18.307650286704,-16.28469589775,
    77.65938617374));
#3385 = CARTESIAN_POINT('',(18.463032278133,-16.10771936426,
    77.676741978501));
#3386 = CARTESIAN_POINT('',(18.614763310655,-15.93077111376,
    77.654920867067));
#3387 = CARTESIAN_POINT('',(18.902500545045,-15.58834909297,
    77.540098963075));
#3388 = CARTESIAN_POINT('',(19.033063873155,-15.42918550011,
    77.447471161114));
#3389 = CARTESIAN_POINT('',(19.146929372585,-15.28733236364,
    77.32803702872));
#3390 = CARTESIAN_POINT('',(19.24371435018,-15.16466829619,
    77.188337721305));
#3391 = CARTESIAN_POINT('',(19.32361318191,-15.06210237408,
    77.034167665148));
#3392 = CARTESIAN_POINT('',(19.387224752945,-14.97971301002,
    76.870703520697));
#3393 = CARTESIAN_POINT('',(19.494469294442,-14.83998143992,
    76.497076555383));
#3394 = CARTESIAN_POINT('',(19.53137247471,-14.79116560753,
    76.281709492875));
#3395 = CARTESIAN_POINT('',(19.547682021803,-14.76942046889,
    76.061264867652));
#3396 = CARTESIAN_POINT('',(19.54384590485,-14.77452364586,
    75.839217408859));
#3397 = CARTESIAN_POINT('',(19.519628474559,-14.80675611982,
    75.619327825871));
#3398 = CARTESIAN_POINT('',(19.474278467232,-14.86656369392,
    75.405981781295));
#3399 = CARTESIAN_POINT('',(19.355702024156,-15.02044590985,
    75.053225278148));
#3400 = CARTESIAN_POINT('',(19.291265031633,-15.10352294761,
    74.906368056645));
#3401 = CARTESIAN_POINT('',(19.212734308347,-15.20383970694,
    74.768559763935));
#3402 = CARTESIAN_POINT('',(19.119741753257,-15.32114278286,
    74.644190562875));
#3403 = CARTESIAN_POINT('',(19.012289151316,-15.45448939944,
    74.538022072199));
#3404 = CARTESIAN_POINT('',(18.890875829553,-15.60218309877,
    74.45526217964));
#3405 = CARTESIAN_POINT('',(18.625486163622,-15.91801037047,
    74.349358100848));
#3406 = CARTESIAN_POINT('',(18.485338251986,-16.0816994897,
    74.326539905454));
#3407 = CARTESIAN_POINT('',(18.341369671615,-16.24624540541,
    74.33728296794));
#3408 = CARTESIAN_POINT('',(18.199333053628,-16.40484659659,
    74.381705218016));
#3409 = CARTESIAN_POINT('',(18.065273908961,-16.55145270496,
    74.4563283486));
#3410 = CARTESIAN_POINT('',(17.944309614709,-16.68157915845,
    74.554233839048));
#3411 = CARTESIAN_POINT('',(17.702445036706,-16.93852089926,
    74.81040825423));
#3412 = CARTESIAN_POINT('',(17.588620808148,-17.05665773151,
    74.982837497165));
#3413 = CARTESIAN_POINT('',(17.498664430181,-17.14846539568,
    75.172527013414));
#3414 = CARTESIAN_POINT('',(17.432015288924,-17.2157970686,
    75.373146180721));
#3415 = CARTESIAN_POINT('',(17.387950748083,-17.26007342864,
    75.580076393627));
#3416 = CARTESIAN_POINT('',(17.365907073609,-17.28222414826,
    75.790010045873));
#3417 = CARTESIAN_POINT('',(17.365907073609,-17.28222414826,76.));
#3418 = ORIENTED_EDGE('',*,*,#3419,.F.);
#3419 = EDGE_CURVE('',#3184,#3371,#3420,.T.);
#3420 = LINE('',#3421,#3422);
#3421 = CARTESIAN_POINT('',(20.804080428626,-20.27098264809,76.));
#3422 = VECTOR('',#3423,1.);
#3423 = DIRECTION('',(-0.754709580223,0.656059028991,0.));
#3424 = ORIENTED_EDGE('',*,*,#3183,.T.);
#3425 = ORIENTED_EDGE('',*,*,#3419,.T.);
#3426 = CYLINDRICAL_SURFACE('',#3427,1.65);
#3427 = AXIS2_PLACEMENT_3D('',#3428,#3429,#3430);
#3428 = CARTESIAN_POINT('',(21.88657782646,-19.02571184072,76.));
#3429 = DIRECTION('',(-0.754709580223,0.656059028991,0.));
#3430 = DIRECTION('',(-0.656059028991,-0.754709580223,0.));
#3431 = ADVANCED_FACE('',(#3432,#3435),#3446,.F.);
#3432 = FACE_BOUND('',#3433,.F.);
#3433 = EDGE_LOOP('',(#3434));
#3434 = ORIENTED_EDGE('',*,*,#2468,.T.);
#3435 = FACE_BOUND('',#3436,.F.);
#3436 = EDGE_LOOP('',(#3437));
#3437 = ORIENTED_EDGE('',*,*,#3438,.F.);
#3438 = EDGE_CURVE('',#3439,#3439,#3441,.T.);
#3439 = VERTEX_POINT('',#3440);
#3440 = CARTESIAN_POINT('',(26.5,-6.E-15,23.7));
#3441 = CIRCLE('',#3442,26.5);
#3442 = AXIS2_PLACEMENT_3D('',#3443,#3444,#3445);
#3443 = CARTESIAN_POINT('',(0.,0.,23.7));
#3444 = DIRECTION('',(0.,0.,1.));
#3445 = DIRECTION('',(1.,0.,0.));
#3446 = PLANE('',#3447);
#3447 = AXIS2_PLACEMENT_3D('',#3448,#3449,#3450);
#3448 = CARTESIAN_POINT('',(0.,0.,23.7));
#3449 = DIRECTION('',(0.,0.,1.));
#3450 = DIRECTION('',(1.,0.,0.));
#3451 = ADVANCED_FACE('',(#3452),#3479,.T.);
#3452 = FACE_BOUND('',#3453,.T.);
#3453 = EDGE_LOOP('',(#3454,#3455,#3463,#3472,#3478));
#3454 = ORIENTED_EDGE('',*,*,#2544,.T.);
#3455 = ORIENTED_EDGE('',*,*,#3456,.F.);
#3456 = EDGE_CURVE('',#3457,#2537,#3459,.T.);
#3457 = VERTEX_POINT('',#3458);
#3458 = CARTESIAN_POINT('',(22.204540782398,10.354147412647,34.));
#3459 = LINE('',#3460,#3461);
#3460 = CARTESIAN_POINT('',(0.,0.,34.));
#3461 = VECTOR('',#3462,1.);
#3462 = DIRECTION('',(0.906307787037,0.422618261741,0.));
#3463 = ORIENTED_EDGE('',*,*,#3464,.F.);
#3464 = EDGE_CURVE('',#3465,#3457,#3467,.T.);
#3465 = VERTEX_POINT('',#3466);
#3466 = CARTESIAN_POINT('',(22.204540782398,-10.35414741264,34.));
#3467 = CIRCLE('',#3468,24.5);
#3468 = AXIS2_PLACEMENT_3D('',#3469,#3470,#3471);
#3469 = CARTESIAN_POINT('',(0.,0.,34.));
#3470 = DIRECTION('',(-0.,0.,1.));
#3471 = DIRECTION('',(0.906307787037,-0.422618261741,0.));
#3472 = ORIENTED_EDGE('',*,*,#3473,.T.);
#3473 = EDGE_CURVE('',#3465,#2486,#3474,.T.);
#3474 = LINE('',#3475,#3476);
#3475 = CARTESIAN_POINT('',(0.,0.,34.));
#3476 = VECTOR('',#3477,1.);
#3477 = DIRECTION('',(0.906307787037,-0.422618261741,0.));
#3478 = ORIENTED_EDGE('',*,*,#2485,.T.);
#3479 = PLANE('',#3480);
#3480 = AXIS2_PLACEMENT_3D('',#3481,#3482,#3483);
#3481 = CARTESIAN_POINT('',(0.,0.,34.));
#3482 = DIRECTION('',(0.,0.,1.));
#3483 = DIRECTION('',(0.906307787037,-0.422618261741,0.));
#3484 = ADVANCED_FACE('',(#3485),#3503,.T.);
#3485 = FACE_BOUND('',#3486,.T.);
#3486 = EDGE_LOOP('',(#3487,#3495,#3501,#3502));
#3487 = ORIENTED_EDGE('',*,*,#3488,.F.);
#3488 = EDGE_CURVE('',#3489,#2528,#3491,.T.);
#3489 = VERTEX_POINT('',#3490);
#3490 = CARTESIAN_POINT('',(22.204540782398,10.354147412647,74.));
#3491 = LINE('',#3492,#3493);
#3492 = CARTESIAN_POINT('',(0.,0.,74.));
#3493 = VECTOR('',#3494,1.);
#3494 = DIRECTION('',(0.906307787037,0.422618261741,0.));
#3495 = ORIENTED_EDGE('',*,*,#3496,.F.);
#3496 = EDGE_CURVE('',#3457,#3489,#3497,.T.);
#3497 = LINE('',#3498,#3499);
#3498 = CARTESIAN_POINT('',(22.204540782398,10.354147412647,33.));
#3499 = VECTOR('',#3500,1.);
#3500 = DIRECTION('',(0.,0.,1.));
#3501 = ORIENTED_EDGE('',*,*,#3456,.T.);
#3502 = ORIENTED_EDGE('',*,*,#2536,.T.);
#3503 = PLANE('',#3504);
#3504 = AXIS2_PLACEMENT_3D('',#3505,#3506,#3507);
#3505 = CARTESIAN_POINT('',(0.,0.,34.));
#3506 = DIRECTION('',(0.422618261741,-0.906307787037,0.));
#3507 = DIRECTION('',(0.906307787037,0.422618261741,0.));
#3508 = ADVANCED_FACE('',(#3509),#3529,.F.);
#3509 = FACE_BOUND('',#3510,.F.);
#3510 = EDGE_LOOP('',(#3511,#3512,#3513,#3522,#3528));
#3511 = ORIENTED_EDGE('',*,*,#2527,.T.);
#3512 = ORIENTED_EDGE('',*,*,#3488,.F.);
#3513 = ORIENTED_EDGE('',*,*,#3514,.F.);
#3514 = EDGE_CURVE('',#3515,#3489,#3517,.T.);
#3515 = VERTEX_POINT('',#3516);
#3516 = CARTESIAN_POINT('',(22.204540782398,-10.35414741264,74.));
#3517 = CIRCLE('',#3518,24.5);
#3518 = AXIS2_PLACEMENT_3D('',#3519,#3520,#3521);
#3519 = CARTESIAN_POINT('',(0.,0.,74.));
#3520 = DIRECTION('',(-0.,0.,1.));
#3521 = DIRECTION('',(0.906307787037,-0.422618261741,0.));
#3522 = ORIENTED_EDGE('',*,*,#3523,.T.);
#3523 = EDGE_CURVE('',#3515,#2495,#3524,.T.);
#3524 = LINE('',#3525,#3526);
#3525 = CARTESIAN_POINT('',(0.,0.,74.));
#3526 = VECTOR('',#3527,1.);
#3527 = DIRECTION('',(0.906307787037,-0.422618261741,0.));
#3528 = ORIENTED_EDGE('',*,*,#2502,.T.);
#3529 = PLANE('',#3530);
#3530 = AXIS2_PLACEMENT_3D('',#3531,#3532,#3533);
#3531 = CARTESIAN_POINT('',(0.,0.,74.));
#3532 = DIRECTION('',(0.,0.,1.));
#3533 = DIRECTION('',(0.906307787037,-0.422618261741,0.));
#3534 = ADVANCED_FACE('',(#3535,#3538),#3549,.T.);
#3535 = FACE_BOUND('',#3536,.T.);
#3536 = EDGE_LOOP('',(#3537));
#3537 = ORIENTED_EDGE('',*,*,#2519,.T.);
#3538 = FACE_BOUND('',#3539,.T.);
#3539 = EDGE_LOOP('',(#3540));
#3540 = ORIENTED_EDGE('',*,*,#3541,.F.);
#3541 = EDGE_CURVE('',#3542,#3542,#3544,.T.);
#3542 = VERTEX_POINT('',#3543);
#3543 = CARTESIAN_POINT('',(26.5,-6.E-15,85.3));
#3544 = CIRCLE('',#3545,26.5);
#3545 = AXIS2_PLACEMENT_3D('',#3546,#3547,#3548);
#3546 = CARTESIAN_POINT('',(0.,0.,85.3));
#3547 = DIRECTION('',(0.,0.,1.));
#3548 = DIRECTION('',(1.,0.,0.));
#3549 = PLANE('',#3550);
#3550 = AXIS2_PLACEMENT_3D('',#3551,#3552,#3553);
#3551 = CARTESIAN_POINT('',(0.,0.,85.3));
#3552 = DIRECTION('',(0.,0.,1.));
#3553 = DIRECTION('',(1.,0.,0.));
#3554 = ADVANCED_FACE('',(#3555),#3566,.F.);
#3555 = FACE_BOUND('',#3556,.F.);
#3556 = EDGE_LOOP('',(#3557,#3563,#3564,#3565));
#3557 = ORIENTED_EDGE('',*,*,#3558,.F.);
#3558 = EDGE_CURVE('',#3465,#3515,#3559,.T.);
#3559 = LINE('',#3560,#3561);
#3560 = CARTESIAN_POINT('',(22.204540782398,-10.35414741264,33.));
#3561 = VECTOR('',#3562,1.);
#3562 = DIRECTION('',(0.,0.,1.));
#3563 = ORIENTED_EDGE('',*,*,#3473,.T.);
#3564 = ORIENTED_EDGE('',*,*,#2494,.T.);
#3565 = ORIENTED_EDGE('',*,*,#3523,.F.);
#3566 = PLANE('',#3567);
#3567 = AXIS2_PLACEMENT_3D('',#3568,#3569,#3570);
#3568 = CARTESIAN_POINT('',(0.,0.,34.));
#3569 = DIRECTION('',(-0.422618261741,-0.906307787037,0.));
#3570 = DIRECTION('',(0.906307787037,-0.422618261741,0.));
#3571 = ADVANCED_FACE('',(#3572),#3583,.T.);
#3572 = FACE_BOUND('',#3573,.T.);
#3573 = EDGE_LOOP('',(#3574,#3575,#3581,#3582));
#3574 = ORIENTED_EDGE('',*,*,#2626,.T.);
#3575 = ORIENTED_EDGE('',*,*,#3576,.F.);
#3576 = EDGE_CURVE('',#1905,#2619,#3577,.T.);
#3577 = LINE('',#3578,#3579);
#3578 = CARTESIAN_POINT('',(0.,0.,25.));
#3579 = VECTOR('',#3580,1.);
#3580 = DIRECTION('',(-0.544639035015,0.838670567945,0.));
#3581 = ORIENTED_EDGE('',*,*,#1931,.F.);
#3582 = ORIENTED_EDGE('',*,*,#2325,.T.);
#3583 = PLANE('',#3584);
#3584 = AXIS2_PLACEMENT_3D('',#3585,#3586,#3587);
#3585 = CARTESIAN_POINT('',(0.,0.,25.));
#3586 = DIRECTION('',(0.,0.,1.));
#3587 = DIRECTION('',(0.544639035015,0.838670567945,0.));
#3588 = ADVANCED_FACE('',(#3589),#3600,.F.);
#3589 = FACE_BOUND('',#3590,.F.);
#3590 = EDGE_LOOP('',(#3591,#3592,#3598,#3599));
#3591 = ORIENTED_EDGE('',*,*,#2609,.T.);
#3592 = ORIENTED_EDGE('',*,*,#3593,.F.);
#3593 = EDGE_CURVE('',#1907,#2610,#3594,.T.);
#3594 = LINE('',#3595,#3596);
#3595 = CARTESIAN_POINT('',(0.,0.,83.));
#3596 = VECTOR('',#3597,1.);
#3597 = DIRECTION('',(-0.544639035015,0.838670567945,0.));
#3598 = ORIENTED_EDGE('',*,*,#1914,.F.);
#3599 = ORIENTED_EDGE('',*,*,#2341,.T.);
#3600 = PLANE('',#3601);
#3601 = AXIS2_PLACEMENT_3D('',#3602,#3603,#3604);
#3602 = CARTESIAN_POINT('',(0.,0.,83.));
#3603 = DIRECTION('',(0.,0.,1.));
#3604 = DIRECTION('',(0.544639035015,0.838670567945,0.));
#3605 = ADVANCED_FACE('',(#3606),#3612,.T.);
#3606 = FACE_BOUND('',#3607,.T.);
#3607 = EDGE_LOOP('',(#3608,#3609,#3610,#3611));
#3608 = ORIENTED_EDGE('',*,*,#3593,.F.);
#3609 = ORIENTED_EDGE('',*,*,#1904,.F.);
#3610 = ORIENTED_EDGE('',*,*,#3576,.T.);
#3611 = ORIENTED_EDGE('',*,*,#2618,.T.);
#3612 = PLANE('',#3613);
#3613 = AXIS2_PLACEMENT_3D('',#3614,#3615,#3616);
#3614 = CARTESIAN_POINT('',(0.,0.,25.));
#3615 = DIRECTION('',(0.838670567945,0.544639035015,0.));
#3616 = DIRECTION('',(-0.544639035015,0.838670567945,0.));
#3617 = ADVANCED_FACE('',(#3618),#3643,.F.);
#3618 = FACE_BOUND('',#3619,.F.);
#3619 = EDGE_LOOP('',(#3620,#3630,#3636,#3637));
#3620 = ORIENTED_EDGE('',*,*,#3621,.F.);
#3621 = EDGE_CURVE('',#3622,#3624,#3626,.T.);
#3622 = VERTEX_POINT('',#3623);
#3623 = CARTESIAN_POINT('',(-15.0557226666,21.807687061821,30.));
#3624 = VERTEX_POINT('',#3625);
#3625 = CARTESIAN_POINT('',(-15.0557226666,21.807687061821,80.));
#3626 = LINE('',#3627,#3628);
#3627 = CARTESIAN_POINT('',(-15.0557226666,21.807687061821,29.));
#3628 = VECTOR('',#3629,1.);
#3629 = DIRECTION('',(0.,0.,1.));
#3630 = ORIENTED_EDGE('',*,*,#3631,.T.);
#3631 = EDGE_CURVE('',#3622,#2636,#3632,.T.);
#3632 = LINE('',#3633,#3634);
#3633 = CARTESIAN_POINT('',(0.,0.,30.));
#3634 = VECTOR('',#3635,1.);
#3635 = DIRECTION('',(-0.568140477985,0.822931587239,0.));
#3636 = ORIENTED_EDGE('',*,*,#2635,.T.);
#3637 = ORIENTED_EDGE('',*,*,#3638,.F.);
#3638 = EDGE_CURVE('',#3624,#2638,#3639,.T.);
#3639 = LINE('',#3640,#3641);
#3640 = CARTESIAN_POINT('',(0.,0.,80.));
#3641 = VECTOR('',#3642,1.);
#3642 = DIRECTION('',(-0.568140477985,0.822931587239,0.));
#3643 = PLANE('',#3644);
#3644 = AXIS2_PLACEMENT_3D('',#3645,#3646,#3647);
#3645 = CARTESIAN_POINT('',(0.,0.,30.));
#3646 = DIRECTION('',(0.822931587239,0.568140477985,0.));
#3647 = DIRECTION('',(-0.568140477985,0.822931587239,0.));
#3648 = ADVANCED_FACE('',(#3649),#3668,.T.);
#3649 = FACE_BOUND('',#3650,.T.);
#3650 = EDGE_LOOP('',(#3651,#3652,#3660,#3667));
#3651 = ORIENTED_EDGE('',*,*,#2662,.T.);
#3652 = ORIENTED_EDGE('',*,*,#3653,.F.);
#3653 = EDGE_CURVE('',#3654,#2655,#3656,.T.);
#3654 = VERTEX_POINT('',#3655);
#3655 = CARTESIAN_POINT('',(-16.08786871889,21.05778905972,30.));
#3656 = LINE('',#3657,#3658);
#3657 = CARTESIAN_POINT('',(0.,0.,30.));
#3658 = VECTOR('',#3659,1.);
#3659 = DIRECTION('',(-0.607089385619,0.794633549423,0.));
#3660 = ORIENTED_EDGE('',*,*,#3661,.F.);
#3661 = EDGE_CURVE('',#3622,#3654,#3662,.T.);
#3662 = CIRCLE('',#3663,26.5);
#3663 = AXIS2_PLACEMENT_3D('',#3664,#3665,#3666);
#3664 = CARTESIAN_POINT('',(0.,0.,30.));
#3665 = DIRECTION('',(0.,0.,1.));
#3666 = DIRECTION('',(-0.568140477985,0.822931587239,0.));
#3667 = ORIENTED_EDGE('',*,*,#3631,.T.);
#3668 = PLANE('',#3669);
#3669 = AXIS2_PLACEMENT_3D('',#3670,#3671,#3672);
#3670 = CARTESIAN_POINT('',(0.,0.,30.));
#3671 = DIRECTION('',(0.,0.,1.));
#3672 = DIRECTION('',(-0.568140477985,0.822931587239,0.));
#3673 = ADVANCED_FACE('',(#3674),#3693,.F.);
#3674 = FACE_BOUND('',#3675,.F.);
#3675 = EDGE_LOOP('',(#3676,#3677,#3685,#3692));
#3676 = ORIENTED_EDGE('',*,*,#2645,.T.);
#3677 = ORIENTED_EDGE('',*,*,#3678,.F.);
#3678 = EDGE_CURVE('',#3679,#2646,#3681,.T.);
#3679 = VERTEX_POINT('',#3680);
#3680 = CARTESIAN_POINT('',(-16.08786871889,21.05778905972,80.));
#3681 = LINE('',#3682,#3683);
#3682 = CARTESIAN_POINT('',(0.,0.,80.));
#3683 = VECTOR('',#3684,1.);
#3684 = DIRECTION('',(-0.607089385619,0.794633549423,0.));
#3685 = ORIENTED_EDGE('',*,*,#3686,.F.);
#3686 = EDGE_CURVE('',#3624,#3679,#3687,.T.);
#3687 = CIRCLE('',#3688,26.5);
#3688 = AXIS2_PLACEMENT_3D('',#3689,#3690,#3691);
#3689 = CARTESIAN_POINT('',(0.,0.,80.));
#3690 = DIRECTION('',(0.,0.,1.));
#3691 = DIRECTION('',(-0.568140477985,0.822931587239,0.));
#3692 = ORIENTED_EDGE('',*,*,#3638,.T.);
#3693 = PLANE('',#3694);
#3694 = AXIS2_PLACEMENT_3D('',#3695,#3696,#3697);
#3695 = CARTESIAN_POINT('',(0.,0.,80.));
#3696 = DIRECTION('',(0.,0.,1.));
#3697 = DIRECTION('',(-0.568140477985,0.822931587239,0.));
#3698 = ADVANCED_FACE('',(#3699),#3710,.T.);
#3699 = FACE_BOUND('',#3700,.T.);
#3700 = EDGE_LOOP('',(#3701,#3702,#3708,#3709));
#3701 = ORIENTED_EDGE('',*,*,#3678,.F.);
#3702 = ORIENTED_EDGE('',*,*,#3703,.F.);
#3703 = EDGE_CURVE('',#3654,#3679,#3704,.T.);
#3704 = LINE('',#3705,#3706);
#3705 = CARTESIAN_POINT('',(-16.08786871889,21.05778905972,29.));
#3706 = VECTOR('',#3707,1.);
#3707 = DIRECTION('',(0.,0.,1.));
#3708 = ORIENTED_EDGE('',*,*,#3653,.T.);
#3709 = ORIENTED_EDGE('',*,*,#2654,.T.);
#3710 = PLANE('',#3711);
#3711 = AXIS2_PLACEMENT_3D('',#3712,#3713,#3714);
#3712 = CARTESIAN_POINT('',(0.,0.,30.));
#3713 = DIRECTION('',(0.794633549423,0.607089385619,0.));
#3714 = DIRECTION('',(-0.607089385619,0.794633549423,0.));
#3715 = ADVANCED_FACE('',(#3716),#3741,.F.);
#3716 = FACE_BOUND('',#3717,.F.);
#3717 = EDGE_LOOP('',(#3718,#3728,#3734,#3735));
#3718 = ORIENTED_EDGE('',*,*,#3719,.F.);
#3719 = EDGE_CURVE('',#3720,#3722,#3724,.T.);
#3720 = VERTEX_POINT('',#3721);
#3721 = CARTESIAN_POINT('',(-18.28183559632,19.183964325163,30.));
#3722 = VERTEX_POINT('',#3723);
#3723 = CARTESIAN_POINT('',(-18.28183559632,19.183964325163,80.));
#3724 = LINE('',#3725,#3726);
#3725 = CARTESIAN_POINT('',(-18.28183559632,19.183964325163,29.));
#3726 = VECTOR('',#3727,1.);
#3727 = DIRECTION('',(0.,0.,1.));
#3728 = ORIENTED_EDGE('',*,*,#3729,.T.);
#3729 = EDGE_CURVE('',#3720,#2672,#3730,.T.);
#3730 = LINE('',#3731,#3732);
#3731 = CARTESIAN_POINT('',(0.,0.,30.));
#3732 = VECTOR('',#3733,1.);
#3733 = DIRECTION('',(-0.68988058854,0.723923182082,0.));
#3734 = ORIENTED_EDGE('',*,*,#2671,.T.);
#3735 = ORIENTED_EDGE('',*,*,#3736,.F.);
#3736 = EDGE_CURVE('',#3722,#2674,#3737,.T.);
#3737 = LINE('',#3738,#3739);
#3738 = CARTESIAN_POINT('',(0.,0.,80.));
#3739 = VECTOR('',#3740,1.);
#3740 = DIRECTION('',(-0.68988058854,0.723923182082,0.));
#3741 = PLANE('',#3742);
#3742 = AXIS2_PLACEMENT_3D('',#3743,#3744,#3745);
#3743 = CARTESIAN_POINT('',(0.,0.,30.));
#3744 = DIRECTION('',(0.723923182082,0.68988058854,0.));
#3745 = DIRECTION('',(-0.68988058854,0.723923182082,0.));
#3746 = ADVANCED_FACE('',(#3747),#3766,.T.);
#3747 = FACE_BOUND('',#3748,.T.);
#3748 = EDGE_LOOP('',(#3749,#3750,#3758,#3765));
#3749 = ORIENTED_EDGE('',*,*,#2698,.T.);
#3750 = ORIENTED_EDGE('',*,*,#3751,.F.);
#3751 = EDGE_CURVE('',#3752,#2691,#3754,.T.);
#3752 = VERTEX_POINT('',#3753);
#3753 = CARTESIAN_POINT('',(-19.18396432516,18.28183559632,30.));
#3754 = LINE('',#3755,#3756);
#3755 = CARTESIAN_POINT('',(0.,0.,30.));
#3756 = VECTOR('',#3757,1.);
#3757 = DIRECTION('',(-0.723923182082,0.68988058854,0.));
#3758 = ORIENTED_EDGE('',*,*,#3759,.F.);
#3759 = EDGE_CURVE('',#3720,#3752,#3760,.T.);
#3760 = CIRCLE('',#3761,26.5);
#3761 = AXIS2_PLACEMENT_3D('',#3762,#3763,#3764);
#3762 = CARTESIAN_POINT('',(0.,0.,30.));
#3763 = DIRECTION('',(0.,0.,1.));
#3764 = DIRECTION('',(-0.68988058854,0.723923182082,0.));
#3765 = ORIENTED_EDGE('',*,*,#3729,.T.);
#3766 = PLANE('',#3767);
#3767 = AXIS2_PLACEMENT_3D('',#3768,#3769,#3770);
#3768 = CARTESIAN_POINT('',(0.,0.,30.));
#3769 = DIRECTION('',(0.,0.,1.));
#3770 = DIRECTION('',(-0.68988058854,0.723923182082,0.));
#3771 = ADVANCED_FACE('',(#3772),#3791,.F.);
#3772 = FACE_BOUND('',#3773,.F.);
#3773 = EDGE_LOOP('',(#3774,#3775,#3783,#3790));
#3774 = ORIENTED_EDGE('',*,*,#2681,.T.);
#3775 = ORIENTED_EDGE('',*,*,#3776,.F.);
#3776 = EDGE_CURVE('',#3777,#2682,#3779,.T.);
#3777 = VERTEX_POINT('',#3778);
#3778 = CARTESIAN_POINT('',(-19.18396432516,18.28183559632,80.));
#3779 = LINE('',#3780,#3781);
#3780 = CARTESIAN_POINT('',(0.,0.,80.));
#3781 = VECTOR('',#3782,1.);
#3782 = DIRECTION('',(-0.723923182082,0.68988058854,0.));
#3783 = ORIENTED_EDGE('',*,*,#3784,.F.);
#3784 = EDGE_CURVE('',#3722,#3777,#3785,.T.);
#3785 = CIRCLE('',#3786,26.5);
#3786 = AXIS2_PLACEMENT_3D('',#3787,#3788,#3789);
#3787 = CARTESIAN_POINT('',(0.,0.,80.));
#3788 = DIRECTION('',(0.,0.,1.));
#3789 = DIRECTION('',(-0.68988058854,0.723923182082,0.));
#3790 = ORIENTED_EDGE('',*,*,#3736,.T.);
#3791 = PLANE('',#3792);
#3792 = AXIS2_PLACEMENT_3D('',#3793,#3794,#3795);
#3793 = CARTESIAN_POINT('',(0.,0.,80.));
#3794 = DIRECTION('',(0.,0.,1.));
#3795 = DIRECTION('',(-0.68988058854,0.723923182082,0.));
#3796 = ADVANCED_FACE('',(#3797),#3808,.T.);
#3797 = FACE_BOUND('',#3798,.T.);
#3798 = EDGE_LOOP('',(#3799,#3800,#3806,#3807));
#3799 = ORIENTED_EDGE('',*,*,#3776,.F.);
#3800 = ORIENTED_EDGE('',*,*,#3801,.F.);
#3801 = EDGE_CURVE('',#3752,#3777,#3802,.T.);
#3802 = LINE('',#3803,#3804);
#3803 = CARTESIAN_POINT('',(-19.18396432516,18.28183559632,29.));
#3804 = VECTOR('',#3805,1.);
#3805 = DIRECTION('',(0.,0.,1.));
#3806 = ORIENTED_EDGE('',*,*,#3751,.T.);
#3807 = ORIENTED_EDGE('',*,*,#2690,.T.);
#3808 = PLANE('',#3809);
#3809 = AXIS2_PLACEMENT_3D('',#3810,#3811,#3812);
#3810 = CARTESIAN_POINT('',(0.,0.,30.));
#3811 = DIRECTION('',(0.68988058854,0.723923182082,0.));
#3812 = DIRECTION('',(-0.723923182082,0.68988058854,0.));
#3813 = ADVANCED_FACE('',(#3814),#3839,.F.);
#3814 = FACE_BOUND('',#3815,.F.);
#3815 = EDGE_LOOP('',(#3816,#3826,#3832,#3833));
#3816 = ORIENTED_EDGE('',*,*,#3817,.F.);
#3817 = EDGE_CURVE('',#3818,#3820,#3822,.T.);
#3818 = VERTEX_POINT('',#3819);
#3819 = CARTESIAN_POINT('',(-21.05778905972,16.087868718893,30.));
#3820 = VERTEX_POINT('',#3821);
#3821 = CARTESIAN_POINT('',(-21.05778905972,16.087868718893,80.));
#3822 = LINE('',#3823,#3824);
#3823 = CARTESIAN_POINT('',(-21.05778905972,16.087868718893,29.));
#3824 = VECTOR('',#3825,1.);
#3825 = DIRECTION('',(0.,0.,1.));
#3826 = ORIENTED_EDGE('',*,*,#3827,.T.);
#3827 = EDGE_CURVE('',#3818,#2708,#3828,.T.);
#3828 = LINE('',#3829,#3830);
#3829 = CARTESIAN_POINT('',(0.,0.,30.));
#3830 = VECTOR('',#3831,1.);
#3831 = DIRECTION('',(-0.794633549423,0.607089385619,0.));
#3832 = ORIENTED_EDGE('',*,*,#2707,.T.);
#3833 = ORIENTED_EDGE('',*,*,#3834,.F.);
#3834 = EDGE_CURVE('',#3820,#2710,#3835,.T.);
#3835 = LINE('',#3836,#3837);
#3836 = CARTESIAN_POINT('',(0.,0.,80.));
#3837 = VECTOR('',#3838,1.);
#3838 = DIRECTION('',(-0.794633549423,0.607089385619,0.));
#3839 = PLANE('',#3840);
#3840 = AXIS2_PLACEMENT_3D('',#3841,#3842,#3843);
#3841 = CARTESIAN_POINT('',(0.,0.,30.));
#3842 = DIRECTION('',(0.607089385619,0.794633549423,0.));
#3843 = DIRECTION('',(-0.794633549423,0.607089385619,0.));
#3844 = ADVANCED_FACE('',(#3845),#3864,.T.);
#3845 = FACE_BOUND('',#3846,.T.);
#3846 = EDGE_LOOP('',(#3847,#3848,#3856,#3863));
#3847 = ORIENTED_EDGE('',*,*,#2734,.T.);
#3848 = ORIENTED_EDGE('',*,*,#3849,.F.);
#3849 = EDGE_CURVE('',#3850,#2727,#3852,.T.);
#3850 = VERTEX_POINT('',#3851);
#3851 = CARTESIAN_POINT('',(-21.80768706182,15.055722666604,30.));
#3852 = LINE('',#3853,#3854);
#3853 = CARTESIAN_POINT('',(0.,0.,30.));
#3854 = VECTOR('',#3855,1.);
#3855 = DIRECTION('',(-0.822931587239,0.568140477985,0.));
#3856 = ORIENTED_EDGE('',*,*,#3857,.F.);
#3857 = EDGE_CURVE('',#3818,#3850,#3858,.T.);
#3858 = CIRCLE('',#3859,26.5);
#3859 = AXIS2_PLACEMENT_3D('',#3860,#3861,#3862);
#3860 = CARTESIAN_POINT('',(0.,0.,30.));
#3861 = DIRECTION('',(0.,0.,1.));
#3862 = DIRECTION('',(-0.794633549423,0.607089385619,0.));
#3863 = ORIENTED_EDGE('',*,*,#3827,.T.);
#3864 = PLANE('',#3865);
#3865 = AXIS2_PLACEMENT_3D('',#3866,#3867,#3868);
#3866 = CARTESIAN_POINT('',(0.,0.,30.));
#3867 = DIRECTION('',(0.,0.,1.));
#3868 = DIRECTION('',(-0.794633549423,0.607089385619,0.));
#3869 = ADVANCED_FACE('',(#3870),#3889,.F.);
#3870 = FACE_BOUND('',#3871,.F.);
#3871 = EDGE_LOOP('',(#3872,#3873,#3881,#3888));
#3872 = ORIENTED_EDGE('',*,*,#2717,.T.);
#3873 = ORIENTED_EDGE('',*,*,#3874,.F.);
#3874 = EDGE_CURVE('',#3875,#2718,#3877,.T.);
#3875 = VERTEX_POINT('',#3876);
#3876 = CARTESIAN_POINT('',(-21.80768706182,15.055722666604,80.));
#3877 = LINE('',#3878,#3879);
#3878 = CARTESIAN_POINT('',(0.,0.,80.));
#3879 = VECTOR('',#3880,1.);
#3880 = DIRECTION('',(-0.822931587239,0.568140477985,0.));
#3881 = ORIENTED_EDGE('',*,*,#3882,.F.);
#3882 = EDGE_CURVE('',#3820,#3875,#3883,.T.);
#3883 = CIRCLE('',#3884,26.5);
#3884 = AXIS2_PLACEMENT_3D('',#3885,#3886,#3887);
#3885 = CARTESIAN_POINT('',(0.,0.,80.));
#3886 = DIRECTION('',(0.,0.,1.));
#3887 = DIRECTION('',(-0.794633549423,0.607089385619,0.));
#3888 = ORIENTED_EDGE('',*,*,#3834,.T.);
#3889 = PLANE('',#3890);
#3890 = AXIS2_PLACEMENT_3D('',#3891,#3892,#3893);
#3891 = CARTESIAN_POINT('',(0.,0.,80.));
#3892 = DIRECTION('',(0.,0.,1.));
#3893 = DIRECTION('',(-0.794633549423,0.607089385619,0.));
#3894 = ADVANCED_FACE('',(#3895),#3906,.T.);
#3895 = FACE_BOUND('',#3896,.T.);
#3896 = EDGE_LOOP('',(#3897,#3898,#3904,#3905));
#3897 = ORIENTED_EDGE('',*,*,#3874,.F.);
#3898 = ORIENTED_EDGE('',*,*,#3899,.F.);
#3899 = EDGE_CURVE('',#3850,#3875,#3900,.T.);
#3900 = LINE('',#3901,#3902);
#3901 = CARTESIAN_POINT('',(-21.80768706182,15.055722666604,29.));
#3902 = VECTOR('',#3903,1.);
#3903 = DIRECTION('',(0.,0.,1.));
#3904 = ORIENTED_EDGE('',*,*,#3849,.T.);
#3905 = ORIENTED_EDGE('',*,*,#2726,.T.);
#3906 = PLANE('',#3907);
#3907 = AXIS2_PLACEMENT_3D('',#3908,#3909,#3910);
#3908 = CARTESIAN_POINT('',(0.,0.,30.));
#3909 = DIRECTION('',(0.568140477985,0.822931587239,0.));
#3910 = DIRECTION('',(-0.822931587239,0.568140477985,0.));
#3911 = ADVANCED_FACE('',(#3912),#3937,.F.);
#3912 = FACE_BOUND('',#3913,.F.);
#3913 = EDGE_LOOP('',(#3914,#3924,#3930,#3931));
#3914 = ORIENTED_EDGE('',*,*,#3915,.F.);
#3915 = EDGE_CURVE('',#3916,#3918,#3920,.T.);
#3916 = VERTEX_POINT('',#3917);
#3917 = CARTESIAN_POINT('',(-23.31522986967,12.595636392189,30.));
#3918 = VERTEX_POINT('',#3919);
#3919 = CARTESIAN_POINT('',(-23.31522986967,12.595636392189,80.));
#3920 = LINE('',#3921,#3922);
#3921 = CARTESIAN_POINT('',(-23.31522986967,12.595636392189,29.));
#3922 = VECTOR('',#3923,1.);
#3923 = DIRECTION('',(0.,0.,1.));
#3924 = ORIENTED_EDGE('',*,*,#3925,.T.);
#3925 = EDGE_CURVE('',#3916,#2744,#3926,.T.);
#3926 = LINE('',#3927,#3928);
#3927 = CARTESIAN_POINT('',(0.,0.,30.));
#3928 = VECTOR('',#3929,1.);
#3929 = DIRECTION('',(-0.879819995082,0.475307033668,0.));
#3930 = ORIENTED_EDGE('',*,*,#2743,.T.);
#3931 = ORIENTED_EDGE('',*,*,#3932,.F.);
#3932 = EDGE_CURVE('',#3918,#2746,#3933,.T.);
#3933 = LINE('',#3934,#3935);
#3934 = CARTESIAN_POINT('',(0.,0.,80.));
#3935 = VECTOR('',#3936,1.);
#3936 = DIRECTION('',(-0.879819995082,0.475307033668,0.));
#3937 = PLANE('',#3938);
#3938 = AXIS2_PLACEMENT_3D('',#3939,#3940,#3941);
#3939 = CARTESIAN_POINT('',(0.,0.,30.));
#3940 = DIRECTION('',(0.475307033668,0.879819995082,0.));
#3941 = DIRECTION('',(-0.879819995082,0.475307033668,0.));
#3942 = ADVANCED_FACE('',(#3943),#3962,.T.);
#3943 = FACE_BOUND('',#3944,.T.);
#3944 = EDGE_LOOP('',(#3945,#3946,#3954,#3961));
#3945 = ORIENTED_EDGE('',*,*,#2770,.T.);
#3946 = ORIENTED_EDGE('',*,*,#3947,.F.);
#3947 = EDGE_CURVE('',#3948,#2763,#3950,.T.);
#3948 = VERTEX_POINT('',#3949);
#3949 = CARTESIAN_POINT('',(-23.89443216745,11.458887877758,30.));
#3950 = LINE('',#3951,#3952);
#3951 = CARTESIAN_POINT('',(0.,0.,30.));
#3952 = VECTOR('',#3953,1.);
#3953 = DIRECTION('',(-0.901676685564,0.432410863312,0.));
#3954 = ORIENTED_EDGE('',*,*,#3955,.F.);
#3955 = EDGE_CURVE('',#3916,#3948,#3956,.T.);
#3956 = CIRCLE('',#3957,26.5);
#3957 = AXIS2_PLACEMENT_3D('',#3958,#3959,#3960);
#3958 = CARTESIAN_POINT('',(0.,0.,30.));
#3959 = DIRECTION('',(0.,0.,1.));
#3960 = DIRECTION('',(-0.879819995082,0.475307033668,0.));
#3961 = ORIENTED_EDGE('',*,*,#3925,.T.);
#3962 = PLANE('',#3963);
#3963 = AXIS2_PLACEMENT_3D('',#3964,#3965,#3966);
#3964 = CARTESIAN_POINT('',(0.,0.,30.));
#3965 = DIRECTION('',(0.,0.,1.));
#3966 = DIRECTION('',(-0.879819995082,0.475307033668,0.));
#3967 = ADVANCED_FACE('',(#3968),#3987,.F.);
#3968 = FACE_BOUND('',#3969,.F.);
#3969 = EDGE_LOOP('',(#3970,#3971,#3979,#3986));
#3970 = ORIENTED_EDGE('',*,*,#2753,.T.);
#3971 = ORIENTED_EDGE('',*,*,#3972,.F.);
#3972 = EDGE_CURVE('',#3973,#2754,#3975,.T.);
#3973 = VERTEX_POINT('',#3974);
#3974 = CARTESIAN_POINT('',(-23.89443216745,11.458887877758,80.));
#3975 = LINE('',#3976,#3977);
#3976 = CARTESIAN_POINT('',(0.,0.,80.));
#3977 = VECTOR('',#3978,1.);
#3978 = DIRECTION('',(-0.901676685564,0.432410863312,0.));
#3979 = ORIENTED_EDGE('',*,*,#3980,.F.);
#3980 = EDGE_CURVE('',#3918,#3973,#3981,.T.);
#3981 = CIRCLE('',#3982,26.5);
#3982 = AXIS2_PLACEMENT_3D('',#3983,#3984,#3985);
#3983 = CARTESIAN_POINT('',(0.,0.,80.));
#3984 = DIRECTION('',(0.,0.,1.));
#3985 = DIRECTION('',(-0.879819995082,0.475307033668,0.));
#3986 = ORIENTED_EDGE('',*,*,#3932,.T.);
#3987 = PLANE('',#3988);
#3988 = AXIS2_PLACEMENT_3D('',#3989,#3990,#3991);
#3989 = CARTESIAN_POINT('',(0.,0.,80.));
#3990 = DIRECTION('',(0.,0.,1.));
#3991 = DIRECTION('',(-0.879819995082,0.475307033668,0.));
#3992 = ADVANCED_FACE('',(#3993),#4004,.T.);
#3993 = FACE_BOUND('',#3994,.T.);
#3994 = EDGE_LOOP('',(#3995,#3996,#4002,#4003));
#3995 = ORIENTED_EDGE('',*,*,#3972,.F.);
#3996 = ORIENTED_EDGE('',*,*,#3997,.F.);
#3997 = EDGE_CURVE('',#3948,#3973,#3998,.T.);
#3998 = LINE('',#3999,#4000);
#3999 = CARTESIAN_POINT('',(-23.89443216745,11.458887877758,29.));
#4000 = VECTOR('',#4001,1.);
#4001 = DIRECTION('',(0.,0.,1.));
#4002 = ORIENTED_EDGE('',*,*,#3947,.T.);
#4003 = ORIENTED_EDGE('',*,*,#2762,.T.);
#4004 = PLANE('',#4005);
#4005 = AXIS2_PLACEMENT_3D('',#4006,#4007,#4008);
#4006 = CARTESIAN_POINT('',(0.,0.,30.));
#4007 = DIRECTION('',(0.432410863312,0.901676685564,0.));
#4008 = DIRECTION('',(-0.901676685564,0.432410863312,0.));
#4009 = ADVANCED_FACE('',(#4010),#4035,.F.);
#4010 = FACE_BOUND('',#4011,.F.);
#4011 = EDGE_LOOP('',(#4012,#4022,#4028,#4029));
#4012 = ORIENTED_EDGE('',*,*,#4013,.F.);
#4013 = EDGE_CURVE('',#4014,#4016,#4018,.T.);
#4014 = VERTEX_POINT('',#4015);
#4015 = CARTESIAN_POINT('',(-24.99857234142,8.793257694988,30.));
#4016 = VERTEX_POINT('',#4017);
#4017 = CARTESIAN_POINT('',(-24.99857234142,8.793257694988,80.));
#4018 = LINE('',#4019,#4020);
#4019 = CARTESIAN_POINT('',(-24.99857234142,8.793257694988,29.));
#4020 = VECTOR('',#4021,1.);
#4021 = DIRECTION('',(0.,0.,1.));
#4022 = ORIENTED_EDGE('',*,*,#4023,.T.);
#4023 = EDGE_CURVE('',#4014,#2780,#4024,.T.);
#4024 = LINE('',#4025,#4026);
#4025 = CARTESIAN_POINT('',(0.,0.,30.));
#4026 = VECTOR('',#4027,1.);
#4027 = DIRECTION('',(-0.943342352507,0.331821045094,0.));
#4028 = ORIENTED_EDGE('',*,*,#2779,.T.);
#4029 = ORIENTED_EDGE('',*,*,#4030,.F.);
#4030 = EDGE_CURVE('',#4016,#2782,#4031,.T.);
#4031 = LINE('',#4032,#4033);
#4032 = CARTESIAN_POINT('',(0.,0.,80.));
#4033 = VECTOR('',#4034,1.);
#4034 = DIRECTION('',(-0.943342352507,0.331821045094,0.));
#4035 = PLANE('',#4036);
#4036 = AXIS2_PLACEMENT_3D('',#4037,#4038,#4039);
#4037 = CARTESIAN_POINT('',(0.,0.,30.));
#4038 = DIRECTION('',(0.331821045094,0.943342352507,0.));
#4039 = DIRECTION('',(-0.943342352507,0.331821045094,0.));
#4040 = ADVANCED_FACE('',(#4041),#4060,.T.);
#4041 = FACE_BOUND('',#4042,.T.);
#4042 = EDGE_LOOP('',(#4043,#4044,#4052,#4059));
#4043 = ORIENTED_EDGE('',*,*,#2806,.T.);
#4044 = ORIENTED_EDGE('',*,*,#4045,.F.);
#4045 = EDGE_CURVE('',#4046,#2799,#4048,.T.);
#4046 = VERTEX_POINT('',#4047);
#4047 = CARTESIAN_POINT('',(-25.39281705204,7.579897239493,30.));
#4048 = LINE('',#4049,#4050);
#4049 = CARTESIAN_POINT('',(0.,0.,30.));
#4050 = VECTOR('',#4051,1.);
#4051 = DIRECTION('',(-0.958219511398,0.286033858094,0.));
#4052 = ORIENTED_EDGE('',*,*,#4053,.F.);
#4053 = EDGE_CURVE('',#4014,#4046,#4054,.T.);
#4054 = CIRCLE('',#4055,26.5);
#4055 = AXIS2_PLACEMENT_3D('',#4056,#4057,#4058);
#4056 = CARTESIAN_POINT('',(0.,0.,30.));
#4057 = DIRECTION('',(0.,0.,1.));
#4058 = DIRECTION('',(-0.943342352507,0.331821045094,0.));
#4059 = ORIENTED_EDGE('',*,*,#4023,.T.);
#4060 = PLANE('',#4061);
#4061 = AXIS2_PLACEMENT_3D('',#4062,#4063,#4064);
#4062 = CARTESIAN_POINT('',(0.,0.,30.));
#4063 = DIRECTION('',(0.,0.,1.));
#4064 = DIRECTION('',(-0.943342352507,0.331821045094,0.));
#4065 = ADVANCED_FACE('',(#4066),#4085,.F.);
#4066 = FACE_BOUND('',#4067,.F.);
#4067 = EDGE_LOOP('',(#4068,#4069,#4077,#4084));
#4068 = ORIENTED_EDGE('',*,*,#2789,.T.);
#4069 = ORIENTED_EDGE('',*,*,#4070,.F.);
#4070 = EDGE_CURVE('',#4071,#2790,#4073,.T.);
#4071 = VERTEX_POINT('',#4072);
#4072 = CARTESIAN_POINT('',(-25.39281705204,7.579897239493,80.));
#4073 = LINE('',#4074,#4075);
#4074 = CARTESIAN_POINT('',(0.,0.,80.));
#4075 = VECTOR('',#4076,1.);
#4076 = DIRECTION('',(-0.958219511398,0.286033858094,0.));
#4077 = ORIENTED_EDGE('',*,*,#4078,.F.);
#4078 = EDGE_CURVE('',#4016,#4071,#4079,.T.);
#4079 = CIRCLE('',#4080,26.5);
#4080 = AXIS2_PLACEMENT_3D('',#4081,#4082,#4083);
#4081 = CARTESIAN_POINT('',(0.,0.,80.));
#4082 = DIRECTION('',(0.,0.,1.));
#4083 = DIRECTION('',(-0.943342352507,0.331821045094,0.));
#4084 = ORIENTED_EDGE('',*,*,#4030,.T.);
#4085 = PLANE('',#4086);
#4086 = AXIS2_PLACEMENT_3D('',#4087,#4088,#4089);
#4087 = CARTESIAN_POINT('',(0.,0.,80.));
#4088 = DIRECTION('',(0.,0.,1.));
#4089 = DIRECTION('',(-0.943342352507,0.331821045094,0.));
#4090 = ADVANCED_FACE('',(#4091),#4102,.T.);
#4091 = FACE_BOUND('',#4092,.T.);
#4092 = EDGE_LOOP('',(#4093,#4094,#4100,#4101));
#4093 = ORIENTED_EDGE('',*,*,#4070,.F.);
#4094 = ORIENTED_EDGE('',*,*,#4095,.F.);
#4095 = EDGE_CURVE('',#4046,#4071,#4096,.T.);
#4096 = LINE('',#4097,#4098);
#4097 = CARTESIAN_POINT('',(-25.39281705204,7.579897239493,29.));
#4098 = VECTOR('',#4099,1.);
#4099 = DIRECTION('',(0.,0.,1.));
#4100 = ORIENTED_EDGE('',*,*,#4045,.T.);
#4101 = ORIENTED_EDGE('',*,*,#2798,.T.);
#4102 = PLANE('',#4103);
#4103 = AXIS2_PLACEMENT_3D('',#4104,#4105,#4106);
#4104 = CARTESIAN_POINT('',(0.,0.,30.));
#4105 = DIRECTION('',(0.286033858094,0.958219511398,0.));
#4106 = DIRECTION('',(-0.958219511398,0.286033858094,0.));
#4107 = ADVANCED_FACE('',(#4108),#4133,.F.);
#4108 = FACE_BOUND('',#4109,.F.);
#4109 = EDGE_LOOP('',(#4110,#4120,#4126,#4127));
#4110 = ORIENTED_EDGE('',*,*,#4111,.F.);
#4111 = EDGE_CURVE('',#4112,#4114,#4116,.T.);
#4112 = VERTEX_POINT('',#4113);
#4113 = CARTESIAN_POINT('',(-26.06636699662,4.774359810188,30.));
#4114 = VERTEX_POINT('',#4115);
#4115 = CARTESIAN_POINT('',(-26.06636699662,4.774359810188,80.));
#4116 = LINE('',#4117,#4118);
#4117 = CARTESIAN_POINT('',(-26.06636699662,4.774359810188,29.));
#4118 = VECTOR('',#4119,1.);
#4119 = DIRECTION('',(0.,0.,1.));
#4120 = ORIENTED_EDGE('',*,*,#4121,.T.);
#4121 = EDGE_CURVE('',#4112,#2816,#4122,.T.);
#4122 = LINE('',#4123,#4124);
#4123 = CARTESIAN_POINT('',(0.,0.,30.));
#4124 = VECTOR('',#4125,1.);
#4125 = DIRECTION('',(-0.983636490439,0.180164521139,0.));
#4126 = ORIENTED_EDGE('',*,*,#2815,.T.);
#4127 = ORIENTED_EDGE('',*,*,#4128,.F.);
#4128 = EDGE_CURVE('',#4114,#2818,#4129,.T.);
#4129 = LINE('',#4130,#4131);
#4130 = CARTESIAN_POINT('',(0.,0.,80.));
#4131 = VECTOR('',#4132,1.);
#4132 = DIRECTION('',(-0.983636490439,0.180164521139,0.));
#4133 = PLANE('',#4134);
#4134 = AXIS2_PLACEMENT_3D('',#4135,#4136,#4137);
#4135 = CARTESIAN_POINT('',(0.,0.,30.));
#4136 = DIRECTION('',(0.180164521139,0.983636490439,0.));
#4137 = DIRECTION('',(-0.983636490439,0.180164521139,0.));
#4138 = ADVANCED_FACE('',(#4139),#4158,.T.);
#4139 = FACE_BOUND('',#4140,.T.);
#4140 = EDGE_LOOP('',(#4141,#4142,#4150,#4157));
#4141 = ORIENTED_EDGE('',*,*,#2842,.T.);
#4142 = ORIENTED_EDGE('',*,*,#4143,.F.);
#4143 = EDGE_CURVE('',#4144,#2835,#4146,.T.);
#4144 = VERTEX_POINT('',#4145);
#4145 = CARTESIAN_POINT('',(-26.26594650689,3.514264374955,30.));
#4146 = LINE('',#4147,#4148);
#4147 = CARTESIAN_POINT('',(0.,0.,30.));
#4148 = VECTOR('',#4149,1.);
#4149 = DIRECTION('',(-0.991167792713,0.132613749998,0.));
#4150 = ORIENTED_EDGE('',*,*,#4151,.F.);
#4151 = EDGE_CURVE('',#4112,#4144,#4152,.T.);
#4152 = CIRCLE('',#4153,26.5);
#4153 = AXIS2_PLACEMENT_3D('',#4154,#4155,#4156);
#4154 = CARTESIAN_POINT('',(0.,0.,30.));
#4155 = DIRECTION('',(0.,0.,1.));
#4156 = DIRECTION('',(-0.983636490439,0.180164521139,0.));
#4157 = ORIENTED_EDGE('',*,*,#4121,.T.);
#4158 = PLANE('',#4159);
#4159 = AXIS2_PLACEMENT_3D('',#4160,#4161,#4162);
#4160 = CARTESIAN_POINT('',(0.,0.,30.));
#4161 = DIRECTION('',(0.,0.,1.));
#4162 = DIRECTION('',(-0.983636490439,0.180164521139,0.));
#4163 = ADVANCED_FACE('',(#4164),#4183,.F.);
#4164 = FACE_BOUND('',#4165,.F.);
#4165 = EDGE_LOOP('',(#4166,#4167,#4175,#4182));
#4166 = ORIENTED_EDGE('',*,*,#2825,.T.);
#4167 = ORIENTED_EDGE('',*,*,#4168,.F.);
#4168 = EDGE_CURVE('',#4169,#2826,#4171,.T.);
#4169 = VERTEX_POINT('',#4170);
#4170 = CARTESIAN_POINT('',(-26.26594650689,3.514264374955,80.));
#4171 = LINE('',#4172,#4173);
#4172 = CARTESIAN_POINT('',(0.,0.,80.));
#4173 = VECTOR('',#4174,1.);
#4174 = DIRECTION('',(-0.991167792713,0.132613749998,0.));
#4175 = ORIENTED_EDGE('',*,*,#4176,.F.);
#4176 = EDGE_CURVE('',#4114,#4169,#4177,.T.);
#4177 = CIRCLE('',#4178,26.5);
#4178 = AXIS2_PLACEMENT_3D('',#4179,#4180,#4181);
#4179 = CARTESIAN_POINT('',(0.,0.,80.));
#4180 = DIRECTION('',(0.,0.,1.));
#4181 = DIRECTION('',(-0.983636490439,0.180164521139,0.));
#4182 = ORIENTED_EDGE('',*,*,#4128,.T.);
#4183 = PLANE('',#4184);
#4184 = AXIS2_PLACEMENT_3D('',#4185,#4186,#4187);
#4185 = CARTESIAN_POINT('',(0.,0.,80.));
#4186 = DIRECTION('',(0.,0.,1.));
#4187 = DIRECTION('',(-0.983636490439,0.180164521139,0.));
#4188 = ADVANCED_FACE('',(#4189),#4200,.T.);
#4189 = FACE_BOUND('',#4190,.T.);
#4190 = EDGE_LOOP('',(#4191,#4192,#4198,#4199));
#4191 = ORIENTED_EDGE('',*,*,#4168,.F.);
#4192 = ORIENTED_EDGE('',*,*,#4193,.F.);
#4193 = EDGE_CURVE('',#4144,#4169,#4194,.T.);
#4194 = LINE('',#4195,#4196);
#4195 = CARTESIAN_POINT('',(-26.26594650689,3.514264374955,29.));
#4196 = VECTOR('',#4197,1.);
#4197 = DIRECTION('',(0.,0.,1.));
#4198 = ORIENTED_EDGE('',*,*,#4143,.T.);
#4199 = ORIENTED_EDGE('',*,*,#2834,.T.);
#4200 = PLANE('',#4201);
#4201 = AXIS2_PLACEMENT_3D('',#4202,#4203,#4204);
#4202 = CARTESIAN_POINT('',(0.,0.,30.));
#4203 = DIRECTION('',(0.132613749998,0.991167792713,0.));
#4204 = DIRECTION('',(-0.991167792713,0.132613749998,0.));
#4205 = ADVANCED_FACE('',(#4206),#4231,.F.);
#4206 = FACE_BOUND('',#4207,.F.);
#4207 = EDGE_LOOP('',(#4208,#4218,#4224,#4225));
#4208 = ORIENTED_EDGE('',*,*,#4209,.F.);
#4209 = EDGE_CURVE('',#4210,#4212,#4214,.T.);
#4210 = VERTEX_POINT('',#4211);
#4211 = CARTESIAN_POINT('',(-26.49232118705,0.637901341669,30.));
#4212 = VERTEX_POINT('',#4213);
#4213 = CARTESIAN_POINT('',(-26.49232118705,0.637901341669,80.));
#4214 = LINE('',#4215,#4216);
#4215 = CARTESIAN_POINT('',(-26.49232118705,0.637901341669,29.));
#4216 = VECTOR('',#4217,1.);
#4217 = DIRECTION('',(0.,0.,1.));
#4218 = ORIENTED_EDGE('',*,*,#4219,.T.);
#4219 = EDGE_CURVE('',#4210,#2852,#4220,.T.);
#4220 = LINE('',#4221,#4222);
#4221 = CARTESIAN_POINT('',(0.,0.,30.));
#4222 = VECTOR('',#4223,1.);
#4223 = DIRECTION('',(-0.999710233474,2.407174874221E-02,0.));
#4224 = ORIENTED_EDGE('',*,*,#2851,.T.);
#4225 = ORIENTED_EDGE('',*,*,#4226,.F.);
#4226 = EDGE_CURVE('',#4212,#2854,#4227,.T.);
#4227 = LINE('',#4228,#4229);
#4228 = CARTESIAN_POINT('',(0.,0.,80.));
#4229 = VECTOR('',#4230,1.);
#4230 = DIRECTION('',(-0.999710233474,2.407174874221E-02,0.));
#4231 = PLANE('',#4232);
#4232 = AXIS2_PLACEMENT_3D('',#4233,#4234,#4235);
#4233 = CARTESIAN_POINT('',(0.,0.,30.));
#4234 = DIRECTION('',(2.407174874221E-02,0.999710233474,0.));
#4235 = DIRECTION('',(-0.999710233474,2.407174874221E-02,0.));
#4236 = ADVANCED_FACE('',(#4237),#4256,.T.);
#4237 = FACE_BOUND('',#4238,.T.);
#4238 = EDGE_LOOP('',(#4239,#4240,#4248,#4255));
#4239 = ORIENTED_EDGE('',*,*,#2878,.T.);
#4240 = ORIENTED_EDGE('',*,*,#4241,.F.);
#4241 = EDGE_CURVE('',#4242,#2871,#4244,.T.);
#4242 = VERTEX_POINT('',#4243);
#4243 = CARTESIAN_POINT('',(-26.49232118705,-0.637901341669,30.));
#4244 = LINE('',#4245,#4246);
#4245 = CARTESIAN_POINT('',(0.,0.,30.));
#4246 = VECTOR('',#4247,1.);
#4247 = DIRECTION('',(-0.999710233474,-2.407174874221E-02,0.));
#4248 = ORIENTED_EDGE('',*,*,#4249,.F.);
#4249 = EDGE_CURVE('',#4210,#4242,#4250,.T.);
#4250 = CIRCLE('',#4251,26.5);
#4251 = AXIS2_PLACEMENT_3D('',#4252,#4253,#4254);
#4252 = CARTESIAN_POINT('',(0.,0.,30.));
#4253 = DIRECTION('',(0.,0.,1.));
#4254 = DIRECTION('',(-0.999710233474,2.407174874221E-02,0.));
#4255 = ORIENTED_EDGE('',*,*,#4219,.T.);
#4256 = PLANE('',#4257);
#4257 = AXIS2_PLACEMENT_3D('',#4258,#4259,#4260);
#4258 = CARTESIAN_POINT('',(0.,0.,30.));
#4259 = DIRECTION('',(0.,0.,1.));
#4260 = DIRECTION('',(-0.999710233474,2.407174874221E-02,0.));
#4261 = ADVANCED_FACE('',(#4262),#4281,.F.);
#4262 = FACE_BOUND('',#4263,.F.);
#4263 = EDGE_LOOP('',(#4264,#4265,#4273,#4280));
#4264 = ORIENTED_EDGE('',*,*,#2861,.T.);
#4265 = ORIENTED_EDGE('',*,*,#4266,.F.);
#4266 = EDGE_CURVE('',#4267,#2862,#4269,.T.);
#4267 = VERTEX_POINT('',#4268);
#4268 = CARTESIAN_POINT('',(-26.49232118705,-0.637901341669,80.));
#4269 = LINE('',#4270,#4271);
#4270 = CARTESIAN_POINT('',(0.,0.,80.));
#4271 = VECTOR('',#4272,1.);
#4272 = DIRECTION('',(-0.999710233474,-2.407174874221E-02,0.));
#4273 = ORIENTED_EDGE('',*,*,#4274,.F.);
#4274 = EDGE_CURVE('',#4212,#4267,#4275,.T.);
#4275 = CIRCLE('',#4276,26.5);
#4276 = AXIS2_PLACEMENT_3D('',#4277,#4278,#4279);
#4277 = CARTESIAN_POINT('',(0.,0.,80.));
#4278 = DIRECTION('',(0.,0.,1.));
#4279 = DIRECTION('',(-0.999710233474,2.407174874221E-02,0.));
#4280 = ORIENTED_EDGE('',*,*,#4226,.T.);
#4281 = PLANE('',#4282);
#4282 = AXIS2_PLACEMENT_3D('',#4283,#4284,#4285);
#4283 = CARTESIAN_POINT('',(0.,0.,80.));
#4284 = DIRECTION('',(0.,0.,1.));
#4285 = DIRECTION('',(-0.999710233474,2.407174874221E-02,0.));
#4286 = ADVANCED_FACE('',(#4287),#4298,.T.);
#4287 = FACE_BOUND('',#4288,.T.);
#4288 = EDGE_LOOP('',(#4289,#4290,#4296,#4297));
#4289 = ORIENTED_EDGE('',*,*,#4266,.F.);
#4290 = ORIENTED_EDGE('',*,*,#4291,.F.);
#4291 = EDGE_CURVE('',#4242,#4267,#4292,.T.);
#4292 = LINE('',#4293,#4294);
#4293 = CARTESIAN_POINT('',(-26.49232118705,-0.637901341669,29.));
#4294 = VECTOR('',#4295,1.);
#4295 = DIRECTION('',(0.,0.,1.));
#4296 = ORIENTED_EDGE('',*,*,#4241,.T.);
#4297 = ORIENTED_EDGE('',*,*,#2870,.T.);
#4298 = PLANE('',#4299);
#4299 = AXIS2_PLACEMENT_3D('',#4300,#4301,#4302);
#4300 = CARTESIAN_POINT('',(0.,0.,30.));
#4301 = DIRECTION('',(-2.407174874221E-02,0.999710233474,0.));
#4302 = DIRECTION('',(-0.999710233474,-2.407174874221E-02,0.));
#4303 = ADVANCED_FACE('',(#4304),#4329,.F.);
#4304 = FACE_BOUND('',#4305,.F.);
#4305 = EDGE_LOOP('',(#4306,#4316,#4322,#4323));
#4306 = ORIENTED_EDGE('',*,*,#4307,.F.);
#4307 = EDGE_CURVE('',#4308,#4310,#4312,.T.);
#4308 = VERTEX_POINT('',#4309);
#4309 = CARTESIAN_POINT('',(-24.27978574468,-10.61800377623,30.));
#4310 = VERTEX_POINT('',#4311);
#4311 = CARTESIAN_POINT('',(-24.27978574468,-10.61800377623,80.));
#4312 = LINE('',#4313,#4314);
#4313 = CARTESIAN_POINT('',(-24.27978574468,-10.61800377623,29.));
#4314 = VECTOR('',#4315,1.);
#4315 = DIRECTION('',(0.,0.,1.));
#4316 = ORIENTED_EDGE('',*,*,#4317,.T.);
#4317 = EDGE_CURVE('',#4308,#2939,#4318,.T.);
#4318 = LINE('',#4319,#4320);
#4319 = CARTESIAN_POINT('',(0.,0.,30.));
#4320 = VECTOR('',#4321,1.);
#4321 = DIRECTION('',(-0.916218329988,-0.400679387782,0.));
#4322 = ORIENTED_EDGE('',*,*,#2938,.T.);
#4323 = ORIENTED_EDGE('',*,*,#4324,.F.);
#4324 = EDGE_CURVE('',#4310,#2941,#4325,.T.);
#4325 = LINE('',#4326,#4327);
#4326 = CARTESIAN_POINT('',(0.,0.,80.));
#4327 = VECTOR('',#4328,1.);
#4328 = DIRECTION('',(-0.916218329988,-0.400679387782,0.));
#4329 = PLANE('',#4330);
#4330 = AXIS2_PLACEMENT_3D('',#4331,#4332,#4333);
#4331 = CARTESIAN_POINT('',(0.,0.,30.));
#4332 = DIRECTION('',(-0.400679387782,0.916218329988,0.));
#4333 = DIRECTION('',(-0.916218329988,-0.400679387782,0.));
#4334 = ADVANCED_FACE('',(#4335),#4354,.T.);
#4335 = FACE_BOUND('',#4336,.T.);
#4336 = EDGE_LOOP('',(#4337,#4338,#4346,#4353));
#4337 = ORIENTED_EDGE('',*,*,#2965,.T.);
#4338 = ORIENTED_EDGE('',*,*,#4339,.F.);
#4339 = EDGE_CURVE('',#4340,#2958,#4342,.T.);
#4340 = VERTEX_POINT('',#4341);
#4341 = CARTESIAN_POINT('',(-23.74060823233,-11.77427368286,30.));
#4342 = LINE('',#4343,#4344);
#4343 = CARTESIAN_POINT('',(0.,0.,30.));
#4344 = VECTOR('',#4345,1.);
#4345 = DIRECTION('',(-0.895872008767,-0.444312214448,0.));
#4346 = ORIENTED_EDGE('',*,*,#4347,.F.);
#4347 = EDGE_CURVE('',#4308,#4340,#4348,.T.);
#4348 = CIRCLE('',#4349,26.5);
#4349 = AXIS2_PLACEMENT_3D('',#4350,#4351,#4352);
#4350 = CARTESIAN_POINT('',(0.,0.,30.));
#4351 = DIRECTION('',(0.,0.,1.));
#4352 = DIRECTION('',(-0.916218329988,-0.400679387782,0.));
#4353 = ORIENTED_EDGE('',*,*,#4317,.T.);
#4354 = PLANE('',#4355);
#4355 = AXIS2_PLACEMENT_3D('',#4356,#4357,#4358);
#4356 = CARTESIAN_POINT('',(0.,0.,30.));
#4357 = DIRECTION('',(0.,0.,1.));
#4358 = DIRECTION('',(-0.916218329988,-0.400679387782,0.));
#4359 = ADVANCED_FACE('',(#4360),#4379,.F.);
#4360 = FACE_BOUND('',#4361,.F.);
#4361 = EDGE_LOOP('',(#4362,#4363,#4371,#4378));
#4362 = ORIENTED_EDGE('',*,*,#2948,.T.);
#4363 = ORIENTED_EDGE('',*,*,#4364,.F.);
#4364 = EDGE_CURVE('',#4365,#2949,#4367,.T.);
#4365 = VERTEX_POINT('',#4366);
#4366 = CARTESIAN_POINT('',(-23.74060823233,-11.77427368286,80.));
#4367 = LINE('',#4368,#4369);
#4368 = CARTESIAN_POINT('',(0.,0.,80.));
#4369 = VECTOR('',#4370,1.);
#4370 = DIRECTION('',(-0.895872008767,-0.444312214448,0.));
#4371 = ORIENTED_EDGE('',*,*,#4372,.F.);
#4372 = EDGE_CURVE('',#4310,#4365,#4373,.T.);
#4373 = CIRCLE('',#4374,26.5);
#4374 = AXIS2_PLACEMENT_3D('',#4375,#4376,#4377);
#4375 = CARTESIAN_POINT('',(0.,0.,80.));
#4376 = DIRECTION('',(0.,0.,1.));
#4377 = DIRECTION('',(-0.916218329988,-0.400679387782,0.));
#4378 = ORIENTED_EDGE('',*,*,#4324,.T.);
#4379 = PLANE('',#4380);
#4380 = AXIS2_PLACEMENT_3D('',#4381,#4382,#4383);
#4381 = CARTESIAN_POINT('',(0.,0.,80.));
#4382 = DIRECTION('',(0.,0.,1.));
#4383 = DIRECTION('',(-0.916218329988,-0.400679387782,0.));
#4384 = ADVANCED_FACE('',(#4385),#4396,.T.);
#4385 = FACE_BOUND('',#4386,.T.);
#4386 = EDGE_LOOP('',(#4387,#4388,#4394,#4395));
#4387 = ORIENTED_EDGE('',*,*,#4364,.F.);
#4388 = ORIENTED_EDGE('',*,*,#4389,.F.);
#4389 = EDGE_CURVE('',#4340,#4365,#4390,.T.);
#4390 = LINE('',#4391,#4392);
#4391 = CARTESIAN_POINT('',(-23.74060823233,-11.77427368286,29.));
#4392 = VECTOR('',#4393,1.);
#4393 = DIRECTION('',(0.,0.,1.));
#4394 = ORIENTED_EDGE('',*,*,#4339,.T.);
#4395 = ORIENTED_EDGE('',*,*,#2957,.T.);
#4396 = PLANE('',#4397);
#4397 = AXIS2_PLACEMENT_3D('',#4398,#4399,#4400);
#4398 = CARTESIAN_POINT('',(0.,0.,30.));
#4399 = DIRECTION('',(-0.444312214448,0.895872008767,0.));
#4400 = DIRECTION('',(-0.895872008767,-0.444312214448,0.));
#4401 = ADVANCED_FACE('',(#4402),#4427,.F.);
#4402 = FACE_BOUND('',#4403,.F.);
#4403 = EDGE_LOOP('',(#4404,#4414,#4420,#4421));
#4404 = ORIENTED_EDGE('',*,*,#4405,.F.);
#4405 = EDGE_CURVE('',#4406,#4408,#4410,.T.);
#4406 = VERTEX_POINT('',#4407);
#4407 = CARTESIAN_POINT('',(-22.31983955164,-14.28547382444,30.));
#4408 = VERTEX_POINT('',#4409);
#4409 = CARTESIAN_POINT('',(-22.31983955164,-14.28547382444,80.));
#4410 = LINE('',#4411,#4412);
#4411 = CARTESIAN_POINT('',(-22.31983955164,-14.28547382444,29.));
#4412 = VECTOR('',#4413,1.);
#4413 = DIRECTION('',(0.,0.,1.));
#4414 = ORIENTED_EDGE('',*,*,#4415,.T.);
#4415 = EDGE_CURVE('',#4406,#2975,#4416,.T.);
#4416 = LINE('',#4417,#4418);
#4417 = CARTESIAN_POINT('',(0.,0.,30.));
#4418 = VECTOR('',#4419,1.);
#4419 = DIRECTION('',(-0.842258096288,-0.539074483941,0.));
#4420 = ORIENTED_EDGE('',*,*,#2974,.T.);
#4421 = ORIENTED_EDGE('',*,*,#4422,.F.);
#4422 = EDGE_CURVE('',#4408,#2977,#4423,.T.);
#4423 = LINE('',#4424,#4425);
#4424 = CARTESIAN_POINT('',(0.,0.,80.));
#4425 = VECTOR('',#4426,1.);
#4426 = DIRECTION('',(-0.842258096288,-0.539074483941,0.));
#4427 = PLANE('',#4428);
#4428 = AXIS2_PLACEMENT_3D('',#4429,#4430,#4431);
#4429 = CARTESIAN_POINT('',(0.,0.,30.));
#4430 = DIRECTION('',(-0.539074483941,0.842258096288,0.));
#4431 = DIRECTION('',(-0.842258096288,-0.539074483941,0.));
#4432 = ADVANCED_FACE('',(#4433),#4452,.T.);
#4433 = FACE_BOUND('',#4434,.T.);
#4434 = EDGE_LOOP('',(#4435,#4436,#4444,#4451));
#4435 = ORIENTED_EDGE('',*,*,#3001,.T.);
#4436 = ORIENTED_EDGE('',*,*,#4437,.F.);
#4437 = EDGE_CURVE('',#4438,#2994,#4440,.T.);
#4438 = VERTEX_POINT('',#4439);
#4439 = CARTESIAN_POINT('',(-21.60641974489,-15.34316218409,30.));
#4440 = LINE('',#4441,#4442);
#4441 = CARTESIAN_POINT('',(0.,0.,30.));
#4442 = VECTOR('',#4443,1.);
#4443 = DIRECTION('',(-0.815336594147,-0.57898725223,0.));
#4444 = ORIENTED_EDGE('',*,*,#4445,.F.);
#4445 = EDGE_CURVE('',#4406,#4438,#4446,.T.);
#4446 = CIRCLE('',#4447,26.5);
#4447 = AXIS2_PLACEMENT_3D('',#4448,#4449,#4450);
#4448 = CARTESIAN_POINT('',(0.,0.,30.));
#4449 = DIRECTION('',(0.,0.,1.));
#4450 = DIRECTION('',(-0.842258096288,-0.539074483941,0.));
#4451 = ORIENTED_EDGE('',*,*,#4415,.T.);
#4452 = PLANE('',#4453);
#4453 = AXIS2_PLACEMENT_3D('',#4454,#4455,#4456);
#4454 = CARTESIAN_POINT('',(0.,0.,30.));
#4455 = DIRECTION('',(0.,0.,1.));
#4456 = DIRECTION('',(-0.842258096288,-0.539074483941,0.));
#4457 = ADVANCED_FACE('',(#4458),#4477,.F.);
#4458 = FACE_BOUND('',#4459,.F.);
#4459 = EDGE_LOOP('',(#4460,#4461,#4469,#4476));
#4460 = ORIENTED_EDGE('',*,*,#2984,.T.);
#4461 = ORIENTED_EDGE('',*,*,#4462,.F.);
#4462 = EDGE_CURVE('',#4463,#2985,#4465,.T.);
#4463 = VERTEX_POINT('',#4464);
#4464 = CARTESIAN_POINT('',(-21.60641974489,-15.34316218409,80.));
#4465 = LINE('',#4466,#4467);
#4466 = CARTESIAN_POINT('',(0.,0.,80.));
#4467 = VECTOR('',#4468,1.);
#4468 = DIRECTION('',(-0.815336594147,-0.57898725223,0.));
#4469 = ORIENTED_EDGE('',*,*,#4470,.F.);
#4470 = EDGE_CURVE('',#4408,#4463,#4471,.T.);
#4471 = CIRCLE('',#4472,26.5);
#4472 = AXIS2_PLACEMENT_3D('',#4473,#4474,#4475);
#4473 = CARTESIAN_POINT('',(0.,0.,80.));
#4474 = DIRECTION('',(0.,0.,1.));
#4475 = DIRECTION('',(-0.842258096288,-0.539074483941,0.));
#4476 = ORIENTED_EDGE('',*,*,#4422,.T.);
#4477 = PLANE('',#4478);
#4478 = AXIS2_PLACEMENT_3D('',#4479,#4480,#4481);
#4479 = CARTESIAN_POINT('',(0.,0.,80.));
#4480 = DIRECTION('',(0.,0.,1.));
#4481 = DIRECTION('',(-0.842258096288,-0.539074483941,0.));
#4482 = ADVANCED_FACE('',(#4483),#4494,.T.);
#4483 = FACE_BOUND('',#4484,.T.);
#4484 = EDGE_LOOP('',(#4485,#4486,#4492,#4493));
#4485 = ORIENTED_EDGE('',*,*,#4462,.F.);
#4486 = ORIENTED_EDGE('',*,*,#4487,.F.);
#4487 = EDGE_CURVE('',#4438,#4463,#4488,.T.);
#4488 = LINE('',#4489,#4490);
#4489 = CARTESIAN_POINT('',(-21.60641974489,-15.34316218409,29.));
#4490 = VECTOR('',#4491,1.);
#4491 = DIRECTION('',(0.,0.,1.));
#4492 = ORIENTED_EDGE('',*,*,#4437,.T.);
#4493 = ORIENTED_EDGE('',*,*,#2993,.T.);
#4494 = PLANE('',#4495);
#4495 = AXIS2_PLACEMENT_3D('',#4496,#4497,#4498);
#4496 = CARTESIAN_POINT('',(0.,0.,30.));
#4497 = DIRECTION('',(-0.57898725223,0.815336594147,0.));
#4498 = DIRECTION('',(-0.815336594147,-0.57898725223,0.));
#4499 = ADVANCED_FACE('',(#4500),#4525,.F.);
#4500 = FACE_BOUND('',#4501,.F.);
#4501 = EDGE_LOOP('',(#4502,#4512,#4518,#4519));
#4502 = ORIENTED_EDGE('',*,*,#4503,.F.);
#4503 = EDGE_CURVE('',#4504,#4506,#4508,.T.);
#4504 = VERTEX_POINT('',#4505);
#4505 = CARTESIAN_POINT('',(-19.81030483353,-17.60118809632,30.));
#4506 = VERTEX_POINT('',#4507);
#4507 = CARTESIAN_POINT('',(-19.81030483353,-17.60118809632,80.));
#4508 = LINE('',#4509,#4510);
#4509 = CARTESIAN_POINT('',(-19.81030483353,-17.60118809632,29.));
#4510 = VECTOR('',#4511,1.);
#4511 = DIRECTION('',(0.,0.,1.));
#4512 = ORIENTED_EDGE('',*,*,#4513,.T.);
#4513 = EDGE_CURVE('',#4504,#3011,#4514,.T.);
#4514 = LINE('',#4515,#4516);
#4515 = CARTESIAN_POINT('',(0.,0.,30.));
#4516 = VECTOR('',#4517,1.);
#4517 = DIRECTION('',(-0.747558672964,-0.66419577722,0.));
#4518 = ORIENTED_EDGE('',*,*,#3010,.T.);
#4519 = ORIENTED_EDGE('',*,*,#4520,.F.);
#4520 = EDGE_CURVE('',#4506,#3013,#4521,.T.);
#4521 = LINE('',#4522,#4523);
#4522 = CARTESIAN_POINT('',(0.,0.,80.));
#4523 = VECTOR('',#4524,1.);
#4524 = DIRECTION('',(-0.747558672964,-0.66419577722,0.));
#4525 = PLANE('',#4526);
#4526 = AXIS2_PLACEMENT_3D('',#4527,#4528,#4529);
#4527 = CARTESIAN_POINT('',(0.,0.,30.));
#4528 = DIRECTION('',(-0.66419577722,0.747558672964,0.));
#4529 = DIRECTION('',(-0.747558672964,-0.66419577722,0.));
#4530 = ADVANCED_FACE('',(#4531),#4550,.T.);
#4531 = FACE_BOUND('',#4532,.T.);
#4532 = EDGE_LOOP('',(#4533,#4534,#4542,#4549));
#4533 = ORIENTED_EDGE('',*,*,#3037,.T.);
#4534 = ORIENTED_EDGE('',*,*,#4535,.F.);
#4535 = EDGE_CURVE('',#4536,#3030,#4538,.T.);
#4536 = VERTEX_POINT('',#4537);
#4537 = CARTESIAN_POINT('',(-18.94020949574,-18.53425111132,30.));
#4538 = LINE('',#4539,#4540);
#4539 = CARTESIAN_POINT('',(0.,0.,30.));
#4540 = VECTOR('',#4541,1.);
#4541 = DIRECTION('',(-0.714724886632,-0.699405702314,0.));
#4542 = ORIENTED_EDGE('',*,*,#4543,.F.);
#4543 = EDGE_CURVE('',#4504,#4536,#4544,.T.);
#4544 = CIRCLE('',#4545,26.5);
#4545 = AXIS2_PLACEMENT_3D('',#4546,#4547,#4548);
#4546 = CARTESIAN_POINT('',(0.,0.,30.));
#4547 = DIRECTION('',(0.,0.,1.));
#4548 = DIRECTION('',(-0.747558672964,-0.66419577722,0.));
#4549 = ORIENTED_EDGE('',*,*,#4513,.T.);
#4550 = PLANE('',#4551);
#4551 = AXIS2_PLACEMENT_3D('',#4552,#4553,#4554);
#4552 = CARTESIAN_POINT('',(0.,0.,30.));
#4553 = DIRECTION('',(0.,0.,1.));
#4554 = DIRECTION('',(-0.747558672964,-0.66419577722,0.));
#4555 = ADVANCED_FACE('',(#4556),#4575,.F.);
#4556 = FACE_BOUND('',#4557,.F.);
#4557 = EDGE_LOOP('',(#4558,#4559,#4567,#4574));
#4558 = ORIENTED_EDGE('',*,*,#3020,.T.);
#4559 = ORIENTED_EDGE('',*,*,#4560,.F.);
#4560 = EDGE_CURVE('',#4561,#3021,#4563,.T.);
#4561 = VERTEX_POINT('',#4562);
#4562 = CARTESIAN_POINT('',(-18.94020949574,-18.53425111132,80.));
#4563 = LINE('',#4564,#4565);
#4564 = CARTESIAN_POINT('',(0.,0.,80.));
#4565 = VECTOR('',#4566,1.);
#4566 = DIRECTION('',(-0.714724886632,-0.699405702314,0.));
#4567 = ORIENTED_EDGE('',*,*,#4568,.F.);
#4568 = EDGE_CURVE('',#4506,#4561,#4569,.T.);
#4569 = CIRCLE('',#4570,26.5);
#4570 = AXIS2_PLACEMENT_3D('',#4571,#4572,#4573);
#4571 = CARTESIAN_POINT('',(0.,0.,80.));
#4572 = DIRECTION('',(0.,0.,1.));
#4573 = DIRECTION('',(-0.747558672964,-0.66419577722,0.));
#4574 = ORIENTED_EDGE('',*,*,#4520,.T.);
#4575 = PLANE('',#4576);
#4576 = AXIS2_PLACEMENT_3D('',#4577,#4578,#4579);
#4577 = CARTESIAN_POINT('',(0.,0.,80.));
#4578 = DIRECTION('',(0.,0.,1.));
#4579 = DIRECTION('',(-0.747558672964,-0.66419577722,0.));
#4580 = ADVANCED_FACE('',(#4581),#4592,.T.);
#4581 = FACE_BOUND('',#4582,.T.);
#4582 = EDGE_LOOP('',(#4583,#4584,#4590,#4591));
#4583 = ORIENTED_EDGE('',*,*,#4560,.F.);
#4584 = ORIENTED_EDGE('',*,*,#4585,.F.);
#4585 = EDGE_CURVE('',#4536,#4561,#4586,.T.);
#4586 = LINE('',#4587,#4588);
#4587 = CARTESIAN_POINT('',(-18.94020949574,-18.53425111132,29.));
#4588 = VECTOR('',#4589,1.);
#4589 = DIRECTION('',(0.,0.,1.));
#4590 = ORIENTED_EDGE('',*,*,#4535,.T.);
#4591 = ORIENTED_EDGE('',*,*,#3029,.T.);
#4592 = PLANE('',#4593);
#4593 = AXIS2_PLACEMENT_3D('',#4594,#4595,#4596);
#4594 = CARTESIAN_POINT('',(0.,0.,30.));
#4595 = DIRECTION('',(-0.699405702314,0.714724886632,0.));
#4596 = DIRECTION('',(-0.714724886632,-0.699405702314,0.));
#4597 = ADVANCED_FACE('',(#4598),#4623,.F.);
#4598 = FACE_BOUND('',#4599,.F.);
#4599 = EDGE_LOOP('',(#4600,#4610,#4616,#4617));
#4600 = ORIENTED_EDGE('',*,*,#4601,.F.);
#4601 = EDGE_CURVE('',#4602,#4604,#4606,.T.);
#4602 = VERTEX_POINT('',#4603);
#4603 = CARTESIAN_POINT('',(-16.8129746638,-20.48350270228,30.));
#4604 = VERTEX_POINT('',#4605);
#4605 = CARTESIAN_POINT('',(-16.8129746638,-20.48350270228,80.));
#4606 = LINE('',#4607,#4608);
#4607 = CARTESIAN_POINT('',(-16.8129746638,-20.48350270228,29.));
#4608 = VECTOR('',#4609,1.);
#4609 = DIRECTION('',(0.,0.,1.));
#4610 = ORIENTED_EDGE('',*,*,#4611,.T.);
#4611 = EDGE_CURVE('',#4602,#3047,#4612,.T.);
#4612 = LINE('',#4613,#4614);
#4613 = CARTESIAN_POINT('',(0.,0.,30.));
#4614 = VECTOR('',#4615,1.);
#4615 = DIRECTION('',(-0.634451874106,-0.772962366124,0.));
#4616 = ORIENTED_EDGE('',*,*,#3046,.T.);
#4617 = ORIENTED_EDGE('',*,*,#4618,.F.);
#4618 = EDGE_CURVE('',#4604,#3049,#4619,.T.);
#4619 = LINE('',#4620,#4621);
#4620 = CARTESIAN_POINT('',(0.,0.,80.));
#4621 = VECTOR('',#4622,1.);
#4622 = DIRECTION('',(-0.634451874106,-0.772962366124,0.));
#4623 = PLANE('',#4624);
#4624 = AXIS2_PLACEMENT_3D('',#4625,#4626,#4627);
#4625 = CARTESIAN_POINT('',(0.,0.,30.));
#4626 = DIRECTION('',(-0.772962366124,0.634451874106,0.));
#4627 = DIRECTION('',(-0.634451874106,-0.772962366124,0.));
#4628 = ADVANCED_FACE('',(#4629),#4648,.T.);
#4629 = FACE_BOUND('',#4630,.T.);
#4630 = EDGE_LOOP('',(#4631,#4632,#4640,#4647));
#4631 = ORIENTED_EDGE('',*,*,#3073,.T.);
#4632 = ORIENTED_EDGE('',*,*,#4633,.F.);
#4633 = EDGE_CURVE('',#4634,#3066,#4636,.T.);
#4634 = VERTEX_POINT('',#4635);
#4635 = CARTESIAN_POINT('',(-15.80762842985,-21.26896526453,30.));
#4636 = LINE('',#4637,#4638);
#4637 = CARTESIAN_POINT('',(0.,0.,30.));
#4638 = VECTOR('',#4639,1.);
#4639 = DIRECTION('',(-0.596514280372,-0.802602462812,0.));
#4640 = ORIENTED_EDGE('',*,*,#4641,.F.);
#4641 = EDGE_CURVE('',#4602,#4634,#4642,.T.);
#4642 = CIRCLE('',#4643,26.5);
#4643 = AXIS2_PLACEMENT_3D('',#4644,#4645,#4646);
#4644 = CARTESIAN_POINT('',(0.,0.,30.));
#4645 = DIRECTION('',(0.,0.,1.));
#4646 = DIRECTION('',(-0.634451874106,-0.772962366124,0.));
#4647 = ORIENTED_EDGE('',*,*,#4611,.T.);
#4648 = PLANE('',#4649);
#4649 = AXIS2_PLACEMENT_3D('',#4650,#4651,#4652);
#4650 = CARTESIAN_POINT('',(0.,0.,30.));
#4651 = DIRECTION('',(0.,0.,1.));
#4652 = DIRECTION('',(-0.634451874106,-0.772962366124,0.));
#4653 = ADVANCED_FACE('',(#4654),#4673,.F.);
#4654 = FACE_BOUND('',#4655,.F.);
#4655 = EDGE_LOOP('',(#4656,#4657,#4665,#4672));
#4656 = ORIENTED_EDGE('',*,*,#3056,.T.);
#4657 = ORIENTED_EDGE('',*,*,#4658,.F.);
#4658 = EDGE_CURVE('',#4659,#3057,#4661,.T.);
#4659 = VERTEX_POINT('',#4660);
#4660 = CARTESIAN_POINT('',(-15.80762842985,-21.26896526453,80.));
#4661 = LINE('',#4662,#4663);
#4662 = CARTESIAN_POINT('',(0.,0.,80.));
#4663 = VECTOR('',#4664,1.);
#4664 = DIRECTION('',(-0.596514280372,-0.802602462812,0.));
#4665 = ORIENTED_EDGE('',*,*,#4666,.F.);
#4666 = EDGE_CURVE('',#4604,#4659,#4667,.T.);
#4667 = CIRCLE('',#4668,26.5);
#4668 = AXIS2_PLACEMENT_3D('',#4669,#4670,#4671);
#4669 = CARTESIAN_POINT('',(0.,0.,80.));
#4670 = DIRECTION('',(0.,0.,1.));
#4671 = DIRECTION('',(-0.634451874106,-0.772962366124,0.));
#4672 = ORIENTED_EDGE('',*,*,#4618,.T.);
#4673 = PLANE('',#4674);
#4674 = AXIS2_PLACEMENT_3D('',#4675,#4676,#4677);
#4675 = CARTESIAN_POINT('',(0.,0.,80.));
#4676 = DIRECTION('',(0.,0.,1.));
#4677 = DIRECTION('',(-0.634451874106,-0.772962366124,0.));
#4678 = ADVANCED_FACE('',(#4679),#4690,.T.);
#4679 = FACE_BOUND('',#4680,.T.);
#4680 = EDGE_LOOP('',(#4681,#4682,#4688,#4689));
#4681 = ORIENTED_EDGE('',*,*,#4658,.F.);
#4682 = ORIENTED_EDGE('',*,*,#4683,.F.);
#4683 = EDGE_CURVE('',#4634,#4659,#4684,.T.);
#4684 = LINE('',#4685,#4686);
#4685 = CARTESIAN_POINT('',(-15.80762842985,-21.26896526453,29.));
#4686 = VECTOR('',#4687,1.);
#4687 = DIRECTION('',(0.,0.,1.));
#4688 = ORIENTED_EDGE('',*,*,#4633,.T.);
#4689 = ORIENTED_EDGE('',*,*,#3065,.T.);
#4690 = PLANE('',#4691);
#4691 = AXIS2_PLACEMENT_3D('',#4692,#4693,#4694);
#4692 = CARTESIAN_POINT('',(0.,0.,30.));
#4693 = DIRECTION('',(-0.802602462812,0.596514280372,0.));
#4694 = DIRECTION('',(-0.596514280372,-0.802602462812,0.));
#4695 = ADVANCED_FACE('',(#4696),#4721,.F.);
#4696 = FACE_BOUND('',#4697,.F.);
#4697 = EDGE_LOOP('',(#4698,#4708,#4714,#4715));
#4698 = ORIENTED_EDGE('',*,*,#4699,.F.);
#4699 = EDGE_CURVE('',#4700,#4702,#4704,.T.);
#4700 = VERTEX_POINT('',#4701);
#4701 = CARTESIAN_POINT('',(-13.40165325877,-22.86144549085,30.));
#4702 = VERTEX_POINT('',#4703);
#4703 = CARTESIAN_POINT('',(-13.40165325877,-22.86144549085,80.));
#4704 = LINE('',#4705,#4706);
#4705 = CARTESIAN_POINT('',(-13.40165325877,-22.86144549085,29.));
#4706 = VECTOR('',#4707,1.);
#4707 = DIRECTION('',(0.,0.,1.));
#4708 = ORIENTED_EDGE('',*,*,#4709,.T.);
#4709 = EDGE_CURVE('',#4700,#3083,#4710,.T.);
#4710 = LINE('',#4711,#4712);
#4711 = CARTESIAN_POINT('',(0.,0.,30.));
#4712 = VECTOR('',#4713,1.);
#4713 = DIRECTION('',(-0.505722764482,-0.862696056259,0.));
#4714 = ORIENTED_EDGE('',*,*,#3082,.T.);
#4715 = ORIENTED_EDGE('',*,*,#4716,.F.);
#4716 = EDGE_CURVE('',#4702,#3085,#4717,.T.);
#4717 = LINE('',#4718,#4719);
#4718 = CARTESIAN_POINT('',(0.,0.,80.));
#4719 = VECTOR('',#4720,1.);
#4720 = DIRECTION('',(-0.505722764482,-0.862696056259,0.));
#4721 = PLANE('',#4722);
#4722 = AXIS2_PLACEMENT_3D('',#4723,#4724,#4725);
#4723 = CARTESIAN_POINT('',(0.,0.,30.));
#4724 = DIRECTION('',(-0.862696056259,0.505722764482,0.));
#4725 = DIRECTION('',(-0.505722764482,-0.862696056259,0.));
#4726 = ADVANCED_FACE('',(#4727),#4746,.T.);
#4727 = FACE_BOUND('',#4728,.T.);
#4728 = EDGE_LOOP('',(#4729,#4730,#4738,#4745));
#4729 = ORIENTED_EDGE('',*,*,#3109,.T.);
#4730 = ORIENTED_EDGE('',*,*,#4731,.F.);
#4731 = EDGE_CURVE('',#4732,#3102,#4734,.T.);
#4732 = VERTEX_POINT('',#4733);
#4733 = CARTESIAN_POINT('',(-12.2858110895,-23.47996690527,30.));
#4734 = LINE('',#4735,#4736);
#4735 = CARTESIAN_POINT('',(0.,0.,30.));
#4736 = VECTOR('',#4737,1.);
#4737 = DIRECTION('',(-0.463615512812,-0.886036486992,0.));
#4738 = ORIENTED_EDGE('',*,*,#4739,.F.);
#4739 = EDGE_CURVE('',#4700,#4732,#4740,.T.);
#4740 = CIRCLE('',#4741,26.5);
#4741 = AXIS2_PLACEMENT_3D('',#4742,#4743,#4744);
#4742 = CARTESIAN_POINT('',(0.,0.,30.));
#4743 = DIRECTION('',(0.,0.,1.));
#4744 = DIRECTION('',(-0.505722764482,-0.862696056259,0.));
#4745 = ORIENTED_EDGE('',*,*,#4709,.T.);
#4746 = PLANE('',#4747);
#4747 = AXIS2_PLACEMENT_3D('',#4748,#4749,#4750);
#4748 = CARTESIAN_POINT('',(0.,0.,30.));
#4749 = DIRECTION('',(0.,0.,1.));
#4750 = DIRECTION('',(-0.505722764482,-0.862696056259,0.));
#4751 = ADVANCED_FACE('',(#4752),#4771,.F.);
#4752 = FACE_BOUND('',#4753,.F.);
#4753 = EDGE_LOOP('',(#4754,#4755,#4763,#4770));
#4754 = ORIENTED_EDGE('',*,*,#3092,.T.);
#4755 = ORIENTED_EDGE('',*,*,#4756,.F.);
#4756 = EDGE_CURVE('',#4757,#3093,#4759,.T.);
#4757 = VERTEX_POINT('',#4758);
#4758 = CARTESIAN_POINT('',(-12.2858110895,-23.47996690527,80.));
#4759 = LINE('',#4760,#4761);
#4760 = CARTESIAN_POINT('',(0.,0.,80.));
#4761 = VECTOR('',#4762,1.);
#4762 = DIRECTION('',(-0.463615512812,-0.886036486992,0.));
#4763 = ORIENTED_EDGE('',*,*,#4764,.F.);
#4764 = EDGE_CURVE('',#4702,#4757,#4765,.T.);
#4765 = CIRCLE('',#4766,26.5);
#4766 = AXIS2_PLACEMENT_3D('',#4767,#4768,#4769);
#4767 = CARTESIAN_POINT('',(0.,0.,80.));
#4768 = DIRECTION('',(0.,0.,1.));
#4769 = DIRECTION('',(-0.505722764482,-0.862696056259,0.));
#4770 = ORIENTED_EDGE('',*,*,#4716,.T.);
#4771 = PLANE('',#4772);
#4772 = AXIS2_PLACEMENT_3D('',#4773,#4774,#4775);
#4773 = CARTESIAN_POINT('',(0.,0.,80.));
#4774 = DIRECTION('',(0.,0.,1.));
#4775 = DIRECTION('',(-0.505722764482,-0.862696056259,0.));
#4776 = ADVANCED_FACE('',(#4777),#4788,.T.);
#4777 = FACE_BOUND('',#4778,.T.);
#4778 = EDGE_LOOP('',(#4779,#4780,#4786,#4787));
#4779 = ORIENTED_EDGE('',*,*,#4756,.F.);
#4780 = ORIENTED_EDGE('',*,*,#4781,.F.);
#4781 = EDGE_CURVE('',#4732,#4757,#4782,.T.);
#4782 = LINE('',#4783,#4784);
#4783 = CARTESIAN_POINT('',(-12.2858110895,-23.47996690527,29.));
#4784 = VECTOR('',#4785,1.);
#4785 = DIRECTION('',(0.,0.,1.));
#4786 = ORIENTED_EDGE('',*,*,#4731,.T.);
#4787 = ORIENTED_EDGE('',*,*,#3101,.T.);
#4788 = PLANE('',#4789);
#4789 = AXIS2_PLACEMENT_3D('',#4790,#4791,#4792);
#4790 = CARTESIAN_POINT('',(0.,0.,30.));
#4791 = DIRECTION('',(-0.886036486992,0.463615512812,0.));
#4792 = DIRECTION('',(-0.463615512812,-0.886036486992,0.));
#4793 = ADVANCED_FACE('',(#4794),#4820,.F.);
#4794 = FACE_BOUND('',#4795,.F.);
#4795 = EDGE_LOOP('',(#4796,#4807,#4813,#4814));
#4796 = ORIENTED_EDGE('',*,*,#4797,.F.);
#4797 = EDGE_CURVE('',#4798,#4800,#4802,.T.);
#4798 = VERTEX_POINT('',#4799);
#4799 = CARTESIAN_POINT('',(-10.32993931777,-24.07763181235,61.7434584)
  );
#4800 = VERTEX_POINT('',#4801);
#4801 = CARTESIAN_POINT('',(-3.888105271176,-25.90989458489,65.3464881)
  );
#4802 = ELLIPSE('',#4803,30.252931967268,26.2);
#4803 = AXIS2_PLACEMENT_3D('',#4804,#4805,#4806);
#4804 = CARTESIAN_POINT('',(0.,0.,68.988991464133));
#4805 = DIRECTION('',(-0.497770016968,-4.705312013006E-02,0.866031762751
    ));
#4806 = DIRECTION('',(0.862188283133,8.150078847276E-02,0.499988985785)
  );
#4807 = ORIENTED_EDGE('',*,*,#4808,.T.);
#4808 = EDGE_CURVE('',#4798,#3119,#4809,.T.);
#4809 = LINE('',#4810,#4811);
#4810 = CARTESIAN_POINT('',(-12.49430265576,-1.181059332147,61.7434584)
  );
#4811 = VECTOR('',#4812,1.);
#4812 = DIRECTION('',(9.410831331851E-02,-0.995561964603,0.));
#4813 = ORIENTED_EDGE('',*,*,#3118,.T.);
#4814 = ORIENTED_EDGE('',*,*,#4815,.F.);
#4815 = EDGE_CURVE('',#4800,#3121,#4816,.T.);
#4816 = LINE('',#4817,#4818);
#4817 = CARTESIAN_POINT('',(-6.281185808319,-0.593746871694,65.3464881)
  );
#4818 = VECTOR('',#4819,1.);
#4819 = DIRECTION('',(9.410831331851E-02,-0.995561964603,0.));
#4820 = PLANE('',#4821);
#4821 = AXIS2_PLACEMENT_3D('',#4822,#4823,#4824);
#4822 = CARTESIAN_POINT('',(-12.49430265576,-1.181059332147,61.7434584)
  );
#4823 = DIRECTION('',(-0.497770016968,-4.705312013006E-02,0.866031762751
    ));
#4824 = DIRECTION('',(0.862188283133,8.150078847276E-02,0.499988985785)
  );
#4825 = ADVANCED_FACE('',(#4826),#4845,.F.);
#4826 = FACE_BOUND('',#4827,.F.);
#4827 = EDGE_LOOP('',(#4828,#4837,#4843,#4844));
#4828 = ORIENTED_EDGE('',*,*,#4829,.F.);
#4829 = EDGE_CURVE('',#4830,#4798,#4832,.T.);
#4830 = VERTEX_POINT('',#4831);
#4831 = CARTESIAN_POINT('',(-10.29522955582,-24.09249361093,47.2548599)
  );
#4832 = ELLIPSE('',#4833,1.144859697396E+04,26.2);
#4833 = AXIS2_PLACEMENT_3D('',#4834,#4835,#4836);
#4834 = CARTESIAN_POINT('',(0.,0.,-5.422207525703E+03));
#4835 = DIRECTION('',(-0.995559357628,-9.410806688679E-02,
    -2.28849002717E-03));
#4836 = DIRECTION('',(-2.278333627424E-03,-2.153659365033E-04,
    0.999997381403));
#4837 = ORIENTED_EDGE('',*,*,#4838,.T.);
#4838 = EDGE_CURVE('',#4830,#3166,#4839,.T.);
#4839 = LINE('',#4840,#4841);
#4840 = CARTESIAN_POINT('',(-12.46129270815,-1.177938973392,47.2548599)
  );
#4841 = VECTOR('',#4842,1.);
#4842 = DIRECTION('',(9.410831331851E-02,-0.995561964603,0.));
#4843 = ORIENTED_EDGE('',*,*,#3174,.T.);
#4844 = ORIENTED_EDGE('',*,*,#4808,.F.);
#4845 = PLANE('',#4846);
#4846 = AXIS2_PLACEMENT_3D('',#4847,#4848,#4849);
#4847 = CARTESIAN_POINT('',(-12.46129270815,-1.177938973392,47.2548599)
  );
#4848 = DIRECTION('',(-0.995559357628,-9.410806688679E-02,
    -2.28849002717E-03));
#4849 = DIRECTION('',(-2.278333627424E-03,-2.153659365033E-04,
    0.999997381403));
#4850 = ADVANCED_FACE('',(#4851),#4870,.F.);
#4851 = FACE_BOUND('',#4852,.F.);
#4852 = EDGE_LOOP('',(#4853,#4862,#4868,#4869));
#4853 = ORIENTED_EDGE('',*,*,#4854,.F.);
#4854 = EDGE_CURVE('',#4855,#4830,#4857,.T.);
#4855 = VERTEX_POINT('',#4856);
#4856 = CARTESIAN_POINT('',(2.444796525112,-26.08568515394,40.051436));
#4857 = ELLIPSE('',#4858,30.241531739156,26.2);
#4858 = AXIS2_PLACEMENT_3D('',#4859,#4860,#4861);
#4859 = CARTESIAN_POINT('',(0.,0.,40.03936867878));
#4860 = DIRECTION('',(-0.497206622014,-4.699986362701E-02,
    -0.866358232975));
#4861 = DIRECTION('',(-0.862513304471,-8.153151203491E-02,0.499423079319
    ));
#4862 = ORIENTED_EDGE('',*,*,#4863,.T.);
#4863 = EDGE_CURVE('',#4855,#3157,#4864,.T.);
#4864 = LINE('',#4865,#4866);
#4865 = CARTESIAN_POINT('',(-2.084049682982E-02,-1.970006966022E-03,
    40.051436));
#4866 = VECTOR('',#4867,1.);
#4867 = DIRECTION('',(9.410831331851E-02,-0.995561964603,0.));
#4868 = ORIENTED_EDGE('',*,*,#3165,.T.);
#4869 = ORIENTED_EDGE('',*,*,#4838,.F.);
#4870 = PLANE('',#4871);
#4871 = AXIS2_PLACEMENT_3D('',#4872,#4873,#4874);
#4872 = CARTESIAN_POINT('',(-2.084049682982E-02,-1.970006966022E-03,
    40.051436));
#4873 = DIRECTION('',(-0.497206622014,-4.699986362701E-02,
    -0.866358232975));
#4874 = DIRECTION('',(-0.862513304471,-8.153151203491E-02,0.499423079319
    ));
#4875 = ADVANCED_FACE('',(#4876),#4895,.F.);
#4876 = FACE_BOUND('',#4877,.F.);
#4877 = EDGE_LOOP('',(#4878,#4887,#4893,#4894));
#4878 = ORIENTED_EDGE('',*,*,#4879,.F.);
#4879 = EDGE_CURVE('',#4880,#4855,#4882,.T.);
#4880 = VERTEX_POINT('',#4881);
#4881 = CARTESIAN_POINT('',(14.627379564525,-21.73659971281,47.2605576)
  );
#4882 = ELLIPSE('',#4883,30.222293666648,26.2);
#4883 = AXIS2_PLACEMENT_3D('',#4884,#4885,#4886);
#4884 = CARTESIAN_POINT('',(0.,0.,40.063472514321));
#4885 = DIRECTION('',(0.49625298362,4.690971825787E-02,-0.866909715357)
  );
#4886 = DIRECTION('',(0.863062339355,8.158341111171E-02,0.498465189777)
  );
#4887 = ORIENTED_EDGE('',*,*,#4888,.T.);
#4888 = EDGE_CURVE('',#4880,#3148,#4889,.T.);
#4889 = LINE('',#4890,#4891);
#4890 = CARTESIAN_POINT('',(12.461317696757,1.17794133551,47.2605576));
#4891 = VECTOR('',#4892,1.);
#4892 = DIRECTION('',(9.410831331851E-02,-0.995561964603,0.));
#4893 = ORIENTED_EDGE('',*,*,#3156,.T.);
#4894 = ORIENTED_EDGE('',*,*,#4863,.F.);
#4895 = PLANE('',#4896);
#4896 = AXIS2_PLACEMENT_3D('',#4897,#4898,#4899);
#4897 = CARTESIAN_POINT('',(12.461317696757,1.17794133551,47.2605576));
#4898 = DIRECTION('',(0.49625298362,4.690971825787E-02,-0.866909715357)
  );
#4899 = DIRECTION('',(-0.863062339355,-8.158341111171E-02,
    -0.498465189777));
#4900 = ADVANCED_FACE('',(#4901),#4920,.F.);
#4901 = FACE_BOUND('',#4902,.F.);
#4902 = EDGE_LOOP('',(#4903,#4912,#4918,#4919));
#4903 = ORIENTED_EDGE('',*,*,#4904,.F.);
#4904 = EDGE_CURVE('',#4905,#4880,#4907,.T.);
#4905 = VERTEX_POINT('',#4906);
#4906 = CARTESIAN_POINT('',(14.658665993761,-21.71551314805,61.7383129)
  );
#4907 = ELLIPSE('',#4908,1.144869558506E+04,26.2);
#4908 = AXIS2_PLACEMENT_3D('',#4909,#4910,#4911);
#4909 = CARTESIAN_POINT('',(0.,0.,-5.422259906797E+03));
#4910 = DIRECTION('',(0.995559357673,9.410806689104E-02,
    -2.288470315709E-03));
#4911 = DIRECTION('',(2.278314003443E-03,2.153640814909E-04,
    0.999997381448));
#4912 = ORIENTED_EDGE('',*,*,#4913,.T.);
#4913 = EDGE_CURVE('',#4905,#3139,#4914,.T.);
#4914 = LINE('',#4915,#4916);
#4915 = CARTESIAN_POINT('',(12.494302655769,1.181059332147,61.7383129));
#4916 = VECTOR('',#4917,1.);
#4917 = DIRECTION('',(9.410831331851E-02,-0.995561964603,0.));
#4918 = ORIENTED_EDGE('',*,*,#3147,.T.);
#4919 = ORIENTED_EDGE('',*,*,#4888,.F.);
#4920 = PLANE('',#4921);
#4921 = AXIS2_PLACEMENT_3D('',#4922,#4923,#4924);
#4922 = CARTESIAN_POINT('',(12.494302655769,1.181059332147,61.7383129));
#4923 = DIRECTION('',(0.995559357673,9.410806689104E-02,
    -2.288470315709E-03));
#4924 = DIRECTION('',(-2.278314003443E-03,-2.153640814909E-04,
    -0.999997381448));
#4925 = ADVANCED_FACE('',(#4926),#4945,.F.);
#4926 = FACE_BOUND('',#4927,.F.);
#4927 = EDGE_LOOP('',(#4928,#4937,#4943,#4944));
#4928 = ORIENTED_EDGE('',*,*,#4929,.F.);
#4929 = EDGE_CURVE('',#4930,#4905,#4932,.T.);
#4930 = VERTEX_POINT('',#4931);
#4931 = CARTESIAN_POINT('',(2.464038533571,-26.08387459916,68.948564));
#4932 = ELLIPSE('',#4933,30.215212280963,26.2);
#4933 = AXIS2_PLACEMENT_3D('',#4934,#4935,#4936);
#4934 = CARTESIAN_POINT('',(0.,0.,68.947641205977));
#4935 = DIRECTION('',(0.495901035444,4.687644936005E-02,0.86711288858));
#4936 = DIRECTION('',(-0.863264610887,-8.1602531401E-02,0.498111672679)
  );
#4937 = ORIENTED_EDGE('',*,*,#4938,.T.);
#4938 = EDGE_CURVE('',#4930,#3130,#4939,.T.);
#4939 = LINE('',#4940,#4941);
#4940 = CARTESIAN_POINT('',(-1.599270739938E-03,-1.511755945149E-04,
    68.948564));
#4941 = VECTOR('',#4942,1.);
#4942 = DIRECTION('',(9.410831331851E-02,-0.995561964603,0.));
#4943 = ORIENTED_EDGE('',*,*,#3138,.T.);
#4944 = ORIENTED_EDGE('',*,*,#4913,.F.);
#4945 = PLANE('',#4946);
#4946 = AXIS2_PLACEMENT_3D('',#4947,#4948,#4949);
#4947 = CARTESIAN_POINT('',(-1.599270739938E-03,-1.511755945149E-04,
    68.948564));
#4948 = DIRECTION('',(0.495901035444,4.687644936005E-02,0.86711288858));
#4949 = DIRECTION('',(0.863264610887,8.1602531401E-02,-0.498111672679));
#4950 = ADVANCED_FACE('',(#4951),#4963,.F.);
#4951 = FACE_BOUND('',#4952,.F.);
#4952 = EDGE_LOOP('',(#4953,#4960,#4961,#4962));
#4953 = ORIENTED_EDGE('',*,*,#4954,.F.);
#4954 = EDGE_CURVE('',#4800,#4930,#4955,.T.);
#4955 = ELLIPSE('',#4956,30.171232075199,26.2);
#4956 = AXIS2_PLACEMENT_3D('',#4957,#4958,#4959);
#4957 = CARTESIAN_POINT('',(0.,0.,68.949481368453));
#4958 = DIRECTION('',(-0.493704002332,-4.6668768585E-02,0.868376867564)
  );
#4959 = DIRECTION('',(0.864522980288,8.172148233124E-02,0.495904845591)
  );
#4960 = ORIENTED_EDGE('',*,*,#4815,.T.);
#4961 = ORIENTED_EDGE('',*,*,#3129,.T.);
#4962 = ORIENTED_EDGE('',*,*,#4938,.F.);
#4963 = PLANE('',#4964);
#4964 = AXIS2_PLACEMENT_3D('',#4965,#4966,#4967);
#4965 = CARTESIAN_POINT('',(-6.281185808319,-0.593746871694,65.3464881)
  );
#4966 = DIRECTION('',(-0.493704002332,-4.6668768585E-02,0.868376867564)
  );
#4967 = DIRECTION('',(0.864522980288,8.172148233124E-02,0.495904845591)
  );
#4968 = ADVANCED_FACE('',(#4969,#4972),#4983,.T.);
#4969 = FACE_BOUND('',#4970,.T.);
#4970 = EDGE_LOOP('',(#4971));
#4971 = ORIENTED_EDGE('',*,*,#1968,.T.);
#4972 = FACE_BOUND('',#4973,.T.);
#4973 = EDGE_LOOP('',(#4974));
#4974 = ORIENTED_EDGE('',*,*,#4975,.F.);
#4975 = EDGE_CURVE('',#4976,#4976,#4978,.T.);
#4976 = VERTEX_POINT('',#4977);
#4977 = CARTESIAN_POINT('',(26.5,-6.E-15,22.3));
#4978 = CIRCLE('',#4979,26.5);
#4979 = AXIS2_PLACEMENT_3D('',#4980,#4981,#4982);
#4980 = CARTESIAN_POINT('',(0.,0.,22.3));
#4981 = DIRECTION('',(0.,0.,1.));
#4982 = DIRECTION('',(1.,0.,0.));
#4983 = PLANE('',#4984);
#4984 = AXIS2_PLACEMENT_3D('',#4985,#4986,#4987);
#4985 = CARTESIAN_POINT('',(0.,0.,22.3));
#4986 = DIRECTION('',(0.,0.,1.));
#4987 = DIRECTION('',(1.,0.,0.));
#4988 = ADVANCED_FACE('',(#4989,#4992),#4995,.F.);
#4989 = FACE_BOUND('',#4990,.F.);
#4990 = EDGE_LOOP('',(#4991));
#4991 = ORIENTED_EDGE('',*,*,#184,.T.);
#4992 = FACE_BOUND('',#4993,.F.);
#4993 = EDGE_LOOP('',(#4994));
#4994 = ORIENTED_EDGE('',*,*,#2309,.F.);
#4995 = PLANE('',#4996);
#4996 = AXIS2_PLACEMENT_3D('',#4997,#4998,#4999);
#4997 = CARTESIAN_POINT('',(-24.55412563258,-5.668766569465,96.90625));
#4998 = DIRECTION('',(0.974370064785,0.224951054344,0.));
#4999 = DIRECTION('',(-0.224951054344,0.974370064785,0.));
#5000 = ADVANCED_FACE('',(#5001,#5007,#5065,#5101),#5159,.T.);
#5001 = FACE_BOUND('',#5002,.T.);
#5002 = EDGE_LOOP('',(#5003,#5004,#5005,#5006));
#5003 = ORIENTED_EDGE('',*,*,#3496,.T.);
#5004 = ORIENTED_EDGE('',*,*,#3514,.F.);
#5005 = ORIENTED_EDGE('',*,*,#3558,.F.);
#5006 = ORIENTED_EDGE('',*,*,#3464,.T.);
#5007 = FACE_BOUND('',#5008,.T.);
#5008 = EDGE_LOOP('',(#5009));
#5009 = ORIENTED_EDGE('',*,*,#5010,.T.);
#5010 = EDGE_CURVE('',#5011,#5011,#5013,.T.);
#5011 = VERTEX_POINT('',#5012);
#5012 = CARTESIAN_POINT('',(24.5,0.,37.75));
#5013 = B_SPLINE_CURVE_WITH_KNOTS('',8,(#5014,#5015,#5016,#5017,#5018,
    #5019,#5020,#5021,#5022,#5023,#5024,#5025,#5026,#5027,#5028,#5029,
    #5030,#5031,#5032,#5033,#5034,#5035,#5036,#5037,#5038,#5039,#5040,
    #5041,#5042,#5043,#5044,#5045,#5046,#5047,#5048,#5049,#5050,#5051,
    #5052,#5053,#5054,#5055,#5056,#5057,#5058,#5059,#5060,#5061,#5062,
    #5063,#5064),.UNSPECIFIED.,.T.,.F.,(9,7,7,7,7,7,7,9),(0.,
    0.135275146094,0.250104505422,0.400366089303,0.535299550465,
    0.749851555523,0.864720772666,1.),.UNSPECIFIED.);
#5014 = CARTESIAN_POINT('',(24.5,-6.E-15,37.75));
#5015 = CARTESIAN_POINT('',(24.5,-0.153908308008,37.75));
#5016 = CARTESIAN_POINT('',(24.498895012078,-0.304811453341,
    37.771657240518));
#5017 = CARTESIAN_POINT('',(24.496760674575,-0.449241443269,
    37.813492526606));
#5018 = CARTESIAN_POINT('',(24.493809212626,-0.584141536715,
    37.873432546379));
#5019 = CARTESIAN_POINT('',(24.490353355908,-0.706956368734,
    37.948840154166));
#5020 = CARTESIAN_POINT('',(24.486733397257,-0.815755467864,
    38.036551357264));
#5021 = CARTESIAN_POINT('',(24.483242197974,-0.909391399127,
    38.132919380515));
#5022 = CARTESIAN_POINT('',(24.477401189747,-1.054161337826,
    38.319555660881));
#5023 = CARTESIAN_POINT('',(24.474914204861,-1.110680151441,
    38.40996220512));
#5024 = CARTESIAN_POINT('',(24.472723097843,-1.157429176862,
    38.503977608208));
#5025 = CARTESIAN_POINT('',(24.470902604294,-1.194591391532,
    38.600680934626));
#5026 = CARTESIAN_POINT('',(24.46950489267,-1.222331770407,
    38.699292053579));
#5027 = CARTESIAN_POINT('',(24.468562652427,-1.240777440594,
    38.799128489025));
#5028 = CARTESIAN_POINT('',(24.468091466234,-1.25,38.899565586971));
#5029 = CARTESIAN_POINT('',(24.468091466234,-1.25,39.131424873098));
#5030 = CARTESIAN_POINT('',(24.46889817897,-1.234208364819,
    39.262908604855));
#5031 = CARTESIAN_POINT('',(24.47051318025,-1.202598185966,
    39.393110366659));
#5032 = CARTESIAN_POINT('',(24.472890699306,-1.154935226415,
    39.520577704994));
#5033 = CARTESIAN_POINT('',(24.475934482861,-1.090866857089,
    39.643626051599));
#5034 = CARTESIAN_POINT('',(24.479482212257,-1.009996944131,
    39.760222941739));
#5035 = CARTESIAN_POINT('',(24.48329134843,-0.911994009469,
    39.867828225052));
#5036 = CARTESIAN_POINT('',(24.490406783729,-0.693318900195,
    40.048732008237));
#5037 = CARTESIAN_POINT('',(24.493799128031,-0.573686914327,
    40.126307257184));
#5038 = CARTESIAN_POINT('',(24.496887269228,-0.439669684367,
    40.190282382461));
#5039 = CARTESIAN_POINT('',(24.499279662043,-0.2944466556,
    40.236465683327));
#5040 = CARTESIAN_POINT('',(24.500643155261,-0.14214137859,
    40.262101292683));
#5041 = CARTESIAN_POINT('',(24.500820112677,1.25991157489E-02,
    40.265915222145));
#5042 = CARTESIAN_POINT('',(24.499878136332,0.165041105847,
    40.248169485623));
#5043 = CARTESIAN_POINT('',(24.495085579176,0.542726582737,
    40.151196337213));
#5044 = CARTESIAN_POINT('',(24.489989090417,0.746672299957,
    40.044740845203));
#5045 = CARTESIAN_POINT('',(24.483867025171,0.917060070207,
    39.904953158503));
#5046 = CARTESIAN_POINT('',(24.47795324614,1.052350065749,
    39.741861492574));
#5047 = CARTESIAN_POINT('',(24.473079790663,1.152340963591,
    39.563675932694));
#5048 = CARTESIAN_POINT('',(24.469735247038,1.217827021977,
    39.377072539906));
#5049 = CARTESIAN_POINT('',(24.468091466234,1.25,39.187588414811));
#5050 = CARTESIAN_POINT('',(24.468091466234,1.25,38.899566846982));
#5051 = CARTESIAN_POINT('',(24.468562645574,1.240777660689,
    38.799130416816));
#5052 = CARTESIAN_POINT('',(24.469504867102,1.222332259025,
    38.699293759132));
#5053 = CARTESIAN_POINT('',(24.470902576293,1.194591894261,
    38.600681633804));
#5054 = CARTESIAN_POINT('',(24.472723098701,1.157429213084,
    38.503976943751));
#5055 = CARTESIAN_POINT('',(24.47491424803,1.110679334325,
    38.409960468957));
#5056 = CARTESIAN_POINT('',(24.477401244803,1.054159973257,
    38.31955390169));
#5057 = CARTESIAN_POINT('',(24.483241132206,0.909417814288,
    38.132953434735));
#5058 = CARTESIAN_POINT('',(24.486732359799,0.815785965854,
    38.036574225847));
#5059 = CARTESIAN_POINT('',(24.490353277604,0.706967256679,
    37.948836667486));
#5060 = CARTESIAN_POINT('',(24.493810281552,0.584117407555,
    37.873408116257));
#5061 = CARTESIAN_POINT('',(24.49676216882,0.449181579892,
    37.813463293548));
#5062 = CARTESIAN_POINT('',(24.498895904597,0.304733101522,
    37.77163973754));
#5063 = CARTESIAN_POINT('',(24.5,0.153846102325,37.75));
#5064 = CARTESIAN_POINT('',(24.5,-6.E-15,37.75));
#5065 = FACE_BOUND('',#5066,.T.);
#5066 = EDGE_LOOP('',(#5067,#5077,#5086,#5094));
#5067 = ORIENTED_EDGE('',*,*,#5068,.T.);
#5068 = EDGE_CURVE('',#5069,#5071,#5073,.T.);
#5069 = VERTEX_POINT('',#5070);
#5070 = CARTESIAN_POINT('',(23.452486786208,-7.087373529224,42.));
#5071 = VERTEX_POINT('',#5072);
#5072 = CARTESIAN_POINT('',(23.452486786208,-7.087373529224,66.));
#5073 = LINE('',#5074,#5075);
#5074 = CARTESIAN_POINT('',(23.452486786208,-7.087373529224,33.));
#5075 = VECTOR('',#5076,1.);
#5076 = DIRECTION('',(0.,0.,1.));
#5077 = ORIENTED_EDGE('',*,*,#5078,.T.);
#5078 = EDGE_CURVE('',#5071,#5079,#5081,.T.);
#5079 = VERTEX_POINT('',#5080);
#5080 = CARTESIAN_POINT('',(23.452486786208,7.087373529224,66.));
#5081 = CIRCLE('',#5082,24.5);
#5082 = AXIS2_PLACEMENT_3D('',#5083,#5084,#5085);
#5083 = CARTESIAN_POINT('',(0.,0.,66.));
#5084 = DIRECTION('',(-0.,0.,1.));
#5085 = DIRECTION('',(0.906307787037,-0.422618261741,0.));
#5086 = ORIENTED_EDGE('',*,*,#5087,.F.);
#5087 = EDGE_CURVE('',#5088,#5079,#5090,.T.);
#5088 = VERTEX_POINT('',#5089);
#5089 = CARTESIAN_POINT('',(23.452486786208,7.087373529224,42.));
#5090 = LINE('',#5091,#5092);
#5091 = CARTESIAN_POINT('',(23.452486786208,7.087373529224,33.));
#5092 = VECTOR('',#5093,1.);
#5093 = DIRECTION('',(0.,0.,1.));
#5094 = ORIENTED_EDGE('',*,*,#5095,.F.);
#5095 = EDGE_CURVE('',#5069,#5088,#5096,.T.);
#5096 = CIRCLE('',#5097,24.5);
#5097 = AXIS2_PLACEMENT_3D('',#5098,#5099,#5100);
#5098 = CARTESIAN_POINT('',(0.,0.,42.));
#5099 = DIRECTION('',(-0.,0.,1.));
#5100 = DIRECTION('',(0.906307787037,-0.422618261741,0.));
#5101 = FACE_BOUND('',#5102,.T.);
#5102 = EDGE_LOOP('',(#5103));
#5103 = ORIENTED_EDGE('',*,*,#5104,.T.);
#5104 = EDGE_CURVE('',#5105,#5105,#5107,.T.);
#5105 = VERTEX_POINT('',#5106);
#5106 = CARTESIAN_POINT('',(24.5,0.,67.75));
#5107 = B_SPLINE_CURVE_WITH_KNOTS('',8,(#5108,#5109,#5110,#5111,#5112,
    #5113,#5114,#5115,#5116,#5117,#5118,#5119,#5120,#5121,#5122,#5123,
    #5124,#5125,#5126,#5127,#5128,#5129,#5130,#5131,#5132,#5133,#5134,
    #5135,#5136,#5137,#5138,#5139,#5140,#5141,#5142,#5143,#5144,#5145,
    #5146,#5147,#5148,#5149,#5150,#5151,#5152,#5153,#5154,#5155,#5156,
    #5157,#5158),.UNSPECIFIED.,.T.,.F.,(9,7,7,7,7,7,7,9),(0.,
    0.135275146111,0.250104505454,0.400366089354,0.535299550534,
    0.749851555619,0.864720772656,1.),.UNSPECIFIED.);
#5108 = CARTESIAN_POINT('',(24.5,-6.E-15,67.75));
#5109 = CARTESIAN_POINT('',(24.5,-0.153908308008,67.75));
#5110 = CARTESIAN_POINT('',(24.498895012078,-0.304811453341,
    67.771657240518));
#5111 = CARTESIAN_POINT('',(24.496760674575,-0.449241443269,
    67.813492526606));
#5112 = CARTESIAN_POINT('',(24.493809212626,-0.584141536715,
    67.873432546379));
#5113 = CARTESIAN_POINT('',(24.490353355908,-0.706956368734,
    67.948840154166));
#5114 = CARTESIAN_POINT('',(24.486733397257,-0.815755467864,
    68.036551357264));
#5115 = CARTESIAN_POINT('',(24.483242197974,-0.909391399127,
    68.132919380515));
#5116 = CARTESIAN_POINT('',(24.477401189747,-1.054161337826,
    68.319555660881));
#5117 = CARTESIAN_POINT('',(24.474914204861,-1.110680151441,
    68.40996220512));
#5118 = CARTESIAN_POINT('',(24.472723097843,-1.157429176862,
    68.503977608208));
#5119 = CARTESIAN_POINT('',(24.470902604294,-1.194591391532,
    68.600680934626));
#5120 = CARTESIAN_POINT('',(24.46950489267,-1.222331770407,
    68.699292053579));
#5121 = CARTESIAN_POINT('',(24.468562652427,-1.240777440594,
    68.799128489025));
#5122 = CARTESIAN_POINT('',(24.468091466234,-1.25,68.899565586971));
#5123 = CARTESIAN_POINT('',(24.468091466234,-1.25,69.131424873098));
#5124 = CARTESIAN_POINT('',(24.46889817897,-1.234208364819,
    69.262908604855));
#5125 = CARTESIAN_POINT('',(24.47051318025,-1.202598185966,
    69.393110366659));
#5126 = CARTESIAN_POINT('',(24.472890699306,-1.154935226415,
    69.520577704994));
#5127 = CARTESIAN_POINT('',(24.475934482861,-1.090866857089,
    69.643626051599));
#5128 = CARTESIAN_POINT('',(24.479482212257,-1.009996944131,
    69.760222941739));
#5129 = CARTESIAN_POINT('',(24.48329134843,-0.911994009469,
    69.867828225052));
#5130 = CARTESIAN_POINT('',(24.490406783729,-0.693318900195,
    70.048732008237));
#5131 = CARTESIAN_POINT('',(24.493799128031,-0.573686914326,
    70.126307257184));
#5132 = CARTESIAN_POINT('',(24.496887269228,-0.439669684367,
    70.190282382462));
#5133 = CARTESIAN_POINT('',(24.499279662043,-0.2944466556,
    70.236465683327));
#5134 = CARTESIAN_POINT('',(24.500643155261,-0.14214137859,
    70.262101292683));
#5135 = CARTESIAN_POINT('',(24.500820112677,1.259911574884E-02,
    70.265915222145));
#5136 = CARTESIAN_POINT('',(24.499878136332,0.165041105847,
    70.248169485623));
#5137 = CARTESIAN_POINT('',(24.495085579176,0.542726582738,
    70.151196337213));
#5138 = CARTESIAN_POINT('',(24.489989090417,0.746672299957,
    70.044740845203));
#5139 = CARTESIAN_POINT('',(24.483867025171,0.917060070208,
    69.904953158502));
#5140 = CARTESIAN_POINT('',(24.47795324614,1.052350065748,
    69.741861492576));
#5141 = CARTESIAN_POINT('',(24.473079790663,1.152340963592,
    69.563675932693));
#5142 = CARTESIAN_POINT('',(24.469735247038,1.217827021976,
    69.377072539907));
#5143 = CARTESIAN_POINT('',(24.468091466234,1.25,69.187588414811));
#5144 = CARTESIAN_POINT('',(24.468091466234,1.25,68.899566847088));
#5145 = CARTESIAN_POINT('',(24.468562645573,1.240777660709,
    68.799130416748));
#5146 = CARTESIAN_POINT('',(24.469504867103,1.222332258995,
    68.699293759032));
#5147 = CARTESIAN_POINT('',(24.470902576294,1.194591894229,
    68.600681633813));
#5148 = CARTESIAN_POINT('',(24.472723098699,1.157429213125,
    68.503976943851));
#5149 = CARTESIAN_POINT('',(24.474914248027,1.110679334386,
    68.409960469004));
#5150 = CARTESIAN_POINT('',(24.477401244806,1.054159973185,
    68.319553901597));
#5151 = CARTESIAN_POINT('',(24.483241132205,0.909417814294,
    68.132953434743));
#5152 = CARTESIAN_POINT('',(24.486732359799,0.815785965859,
    68.036574225848));
#5153 = CARTESIAN_POINT('',(24.490353277604,0.706967256675,
    67.948836667481));
#5154 = CARTESIAN_POINT('',(24.493810281552,0.584117407547,
    67.873408116253));
#5155 = CARTESIAN_POINT('',(24.49676216882,0.449181579887,
    67.813463293548));
#5156 = CARTESIAN_POINT('',(24.498895904597,0.304733101525,
    67.771639737543));
#5157 = CARTESIAN_POINT('',(24.5,0.153846102335,67.75));
#5158 = CARTESIAN_POINT('',(24.5,-6.E-15,67.75));
#5159 = CYLINDRICAL_SURFACE('',#5160,24.5);
#5160 = AXIS2_PLACEMENT_3D('',#5161,#5162,#5163);
#5161 = CARTESIAN_POINT('',(0.,0.,33.));
#5162 = DIRECTION('',(0.,0.,1.));
#5163 = DIRECTION('',(0.906307787037,-0.422618261741,0.));
#5164 = ADVANCED_FACE('',(#5165),#5210,.T.);
#5165 = FACE_BOUND('',#5166,.T.);
#5166 = EDGE_LOOP('',(#5167,#5178,#5187,#5195,#5204));
#5167 = ORIENTED_EDGE('',*,*,#5168,.T.);
#5168 = EDGE_CURVE('',#5169,#5171,#5173,.T.);
#5169 = VERTEX_POINT('',#5170);
#5170 = CARTESIAN_POINT('',(20.504211030882,-13.40997129009,82.));
#5171 = VERTEX_POINT('',#5172);
#5172 = CARTESIAN_POINT('',(24.5,-3.48E-13,82.));
#5173 = CIRCLE('',#5174,24.5);
#5174 = AXIS2_PLACEMENT_3D('',#5175,#5176,#5177);
#5175 = CARTESIAN_POINT('',(0.,0.,82.));
#5176 = DIRECTION('',(-0.,0.,1.));
#5177 = DIRECTION('',(0.836906572689,-0.547345766942,0.));
#5178 = ORIENTED_EDGE('',*,*,#5179,.T.);
#5179 = EDGE_CURVE('',#5171,#5180,#5182,.T.);
#5180 = VERTEX_POINT('',#5181);
#5181 = CARTESIAN_POINT('',(20.504211030882,13.40997129009,82.));
#5182 = CIRCLE('',#5183,24.5);
#5183 = AXIS2_PLACEMENT_3D('',#5184,#5185,#5186);
#5184 = CARTESIAN_POINT('',(0.,0.,82.));
#5185 = DIRECTION('',(-0.,0.,1.));
#5186 = DIRECTION('',(0.836906572689,-0.547345766942,0.));
#5187 = ORIENTED_EDGE('',*,*,#5188,.F.);
#5188 = EDGE_CURVE('',#5189,#5180,#5191,.T.);
#5189 = VERTEX_POINT('',#5190);
#5190 = CARTESIAN_POINT('',(17.742419341008,11.60373025918,82.));
#5191 = LINE('',#5192,#5193);
#5192 = CARTESIAN_POINT('',(0.,0.,82.));
#5193 = VECTOR('',#5194,1.);
#5194 = DIRECTION('',(0.836906572689,0.547345766942,0.));
#5195 = ORIENTED_EDGE('',*,*,#5196,.F.);
#5196 = EDGE_CURVE('',#5197,#5189,#5199,.T.);
#5197 = VERTEX_POINT('',#5198);
#5198 = CARTESIAN_POINT('',(17.742419341008,-11.60373025918,82.));
#5199 = CIRCLE('',#5200,21.2);
#5200 = AXIS2_PLACEMENT_3D('',#5201,#5202,#5203);
#5201 = CARTESIAN_POINT('',(0.,0.,82.));
#5202 = DIRECTION('',(-0.,0.,1.));
#5203 = DIRECTION('',(0.836906572689,-0.547345766942,0.));
#5204 = ORIENTED_EDGE('',*,*,#5205,.T.);
#5205 = EDGE_CURVE('',#5197,#5169,#5206,.T.);
#5206 = LINE('',#5207,#5208);
#5207 = CARTESIAN_POINT('',(0.,0.,82.));
#5208 = VECTOR('',#5209,1.);
#5209 = DIRECTION('',(0.836906572689,-0.547345766942,0.));
#5210 = PLANE('',#5211);
#5211 = AXIS2_PLACEMENT_3D('',#5212,#5213,#5214);
#5212 = CARTESIAN_POINT('',(0.,0.,82.));
#5213 = DIRECTION('',(0.,0.,1.));
#5214 = DIRECTION('',(0.836906572689,-0.547345766942,0.));
#5215 = ADVANCED_FACE('',(#5216),#5241,.T.);
#5216 = FACE_BOUND('',#5217,.T.);
#5217 = EDGE_LOOP('',(#5218,#5226,#5234,#5240));
#5218 = ORIENTED_EDGE('',*,*,#5219,.F.);
#5219 = EDGE_CURVE('',#5220,#5197,#5222,.T.);
#5220 = VERTEX_POINT('',#5221);
#5221 = CARTESIAN_POINT('',(17.742419341008,-11.60373025918,29.3));
#5222 = LINE('',#5223,#5224);
#5223 = CARTESIAN_POINT('',(17.742419341008,-11.60373025918,25.));
#5224 = VECTOR('',#5225,1.);
#5225 = DIRECTION('',(0.,0.,1.));
#5226 = ORIENTED_EDGE('',*,*,#5227,.T.);
#5227 = EDGE_CURVE('',#5220,#5228,#5230,.T.);
#5228 = VERTEX_POINT('',#5229);
#5229 = CARTESIAN_POINT('',(20.504211030882,-13.40997129009,26.));
#5230 = LINE('',#5231,#5232);
#5231 = CARTESIAN_POINT('',(0.,0.,50.5));
#5232 = VECTOR('',#5233,1.);
#5233 = DIRECTION('',(0.591782312768,-0.387031903459,-0.707106781187));
#5234 = ORIENTED_EDGE('',*,*,#5235,.T.);
#5235 = EDGE_CURVE('',#5228,#5169,#5236,.T.);
#5236 = LINE('',#5237,#5238);
#5237 = CARTESIAN_POINT('',(20.504211030882,-13.40997129009,26.));
#5238 = VECTOR('',#5239,1.);
#5239 = DIRECTION('',(0.,0.,1.));
#5240 = ORIENTED_EDGE('',*,*,#5205,.F.);
#5241 = PLANE('',#5242);
#5242 = AXIS2_PLACEMENT_3D('',#5243,#5244,#5245);
#5243 = CARTESIAN_POINT('',(0.,0.,26.));
#5244 = DIRECTION('',(-0.547345766942,-0.836906572689,0.));
#5245 = DIRECTION('',(0.836906572689,-0.547345766942,0.));
#5246 = ADVANCED_FACE('',(#5247),#5274,.F.);
#5247 = FACE_BOUND('',#5248,.F.);
#5248 = EDGE_LOOP('',(#5249,#5259,#5266,#5267));
#5249 = ORIENTED_EDGE('',*,*,#5250,.T.);
#5250 = EDGE_CURVE('',#5251,#5253,#5255,.T.);
#5251 = VERTEX_POINT('',#5252);
#5252 = CARTESIAN_POINT('',(24.5,-6.E-15,26.));
#5253 = VERTEX_POINT('',#5254);
#5254 = CARTESIAN_POINT('',(21.2,-5.E-15,29.3));
#5255 = LINE('',#5256,#5257);
#5256 = CARTESIAN_POINT('',(24.5,-6.E-15,26.));
#5257 = VECTOR('',#5258,1.);
#5258 = DIRECTION('',(-0.707106781187,1.7E-16,0.707106781187));
#5259 = ORIENTED_EDGE('',*,*,#5260,.F.);
#5260 = EDGE_CURVE('',#5220,#5253,#5261,.T.);
#5261 = CIRCLE('',#5262,21.2);
#5262 = AXIS2_PLACEMENT_3D('',#5263,#5264,#5265);
#5263 = CARTESIAN_POINT('',(0.,0.,29.3));
#5264 = DIRECTION('',(0.,0.,1.));
#5265 = DIRECTION('',(1.,0.,0.));
#5266 = ORIENTED_EDGE('',*,*,#5227,.T.);
#5267 = ORIENTED_EDGE('',*,*,#5268,.T.);
#5268 = EDGE_CURVE('',#5228,#5251,#5269,.T.);
#5269 = CIRCLE('',#5270,24.5);
#5270 = AXIS2_PLACEMENT_3D('',#5271,#5272,#5273);
#5271 = CARTESIAN_POINT('',(0.,0.,26.));
#5272 = DIRECTION('',(-0.,0.,1.));
#5273 = DIRECTION('',(0.836906572689,-0.547345766942,0.));
#5274 = CONICAL_SURFACE('',#5275,24.5,0.785398163397);
#5275 = AXIS2_PLACEMENT_3D('',#5276,#5277,#5278);
#5276 = CARTESIAN_POINT('',(0.,0.,26.));
#5277 = DIRECTION('',(-0.,-0.,-1.));
#5278 = DIRECTION('',(1.,0.,0.));
#5279 = ADVANCED_FACE('',(#5280),#5305,.F.);
#5280 = FACE_BOUND('',#5281,.F.);
#5281 = EDGE_LOOP('',(#5282,#5283,#5291,#5299));
#5282 = ORIENTED_EDGE('',*,*,#5188,.F.);
#5283 = ORIENTED_EDGE('',*,*,#5284,.F.);
#5284 = EDGE_CURVE('',#5285,#5189,#5287,.T.);
#5285 = VERTEX_POINT('',#5286);
#5286 = CARTESIAN_POINT('',(17.742419341008,11.60373025918,29.3));
#5287 = LINE('',#5288,#5289);
#5288 = CARTESIAN_POINT('',(17.742419341008,11.60373025918,25.));
#5289 = VECTOR('',#5290,1.);
#5290 = DIRECTION('',(0.,0.,1.));
#5291 = ORIENTED_EDGE('',*,*,#5292,.T.);
#5292 = EDGE_CURVE('',#5285,#5293,#5295,.T.);
#5293 = VERTEX_POINT('',#5294);
#5294 = CARTESIAN_POINT('',(20.504211030882,13.40997129009,26.));
#5295 = LINE('',#5296,#5297);
#5296 = CARTESIAN_POINT('',(0.,0.,50.5));
#5297 = VECTOR('',#5298,1.);
#5298 = DIRECTION('',(0.591782312768,0.387031903459,-0.707106781187));
#5299 = ORIENTED_EDGE('',*,*,#5300,.T.);
#5300 = EDGE_CURVE('',#5293,#5180,#5301,.T.);
#5301 = LINE('',#5302,#5303);
#5302 = CARTESIAN_POINT('',(20.504211030882,13.40997129009,26.));
#5303 = VECTOR('',#5304,1.);
#5304 = DIRECTION('',(0.,0.,1.));
#5305 = PLANE('',#5306);
#5306 = AXIS2_PLACEMENT_3D('',#5307,#5308,#5309);
#5307 = CARTESIAN_POINT('',(0.,0.,26.));
#5308 = DIRECTION('',(0.547345766942,-0.836906572689,0.));
#5309 = DIRECTION('',(0.836906572689,0.547345766942,0.));
#5310 = ADVANCED_FACE('',(#5311),#5329,.F.);
#5311 = FACE_BOUND('',#5312,.F.);
#5312 = EDGE_LOOP('',(#5313,#5320,#5321,#5328));
#5313 = ORIENTED_EDGE('',*,*,#5314,.F.);
#5314 = EDGE_CURVE('',#5253,#5285,#5315,.T.);
#5315 = CIRCLE('',#5316,21.2);
#5316 = AXIS2_PLACEMENT_3D('',#5317,#5318,#5319);
#5317 = CARTESIAN_POINT('',(0.,0.,29.3));
#5318 = DIRECTION('',(0.,0.,1.));
#5319 = DIRECTION('',(1.,0.,0.));
#5320 = ORIENTED_EDGE('',*,*,#5250,.F.);
#5321 = ORIENTED_EDGE('',*,*,#5322,.T.);
#5322 = EDGE_CURVE('',#5251,#5293,#5323,.T.);
#5323 = CIRCLE('',#5324,24.5);
#5324 = AXIS2_PLACEMENT_3D('',#5325,#5326,#5327);
#5325 = CARTESIAN_POINT('',(0.,0.,26.));
#5326 = DIRECTION('',(-0.,0.,1.));
#5327 = DIRECTION('',(0.836906572689,-0.547345766942,0.));
#5328 = ORIENTED_EDGE('',*,*,#5292,.F.);
#5329 = CONICAL_SURFACE('',#5330,24.5,0.785398163397);
#5330 = AXIS2_PLACEMENT_3D('',#5331,#5332,#5333);
#5331 = CARTESIAN_POINT('',(0.,0.,26.));
#5332 = DIRECTION('',(-0.,-0.,-1.));
#5333 = DIRECTION('',(1.,0.,0.));
#5334 = ADVANCED_FACE('',(#5335,#5342,#5400,#5436),#5494,.F.);
#5335 = FACE_BOUND('',#5336,.F.);
#5336 = EDGE_LOOP('',(#5337,#5338,#5339,#5340,#5341));
#5337 = ORIENTED_EDGE('',*,*,#5314,.T.);
#5338 = ORIENTED_EDGE('',*,*,#5284,.T.);
#5339 = ORIENTED_EDGE('',*,*,#5196,.F.);
#5340 = ORIENTED_EDGE('',*,*,#5219,.F.);
#5341 = ORIENTED_EDGE('',*,*,#5260,.T.);
#5342 = FACE_BOUND('',#5343,.F.);
#5343 = EDGE_LOOP('',(#5344));
#5344 = ORIENTED_EDGE('',*,*,#5345,.T.);
#5345 = EDGE_CURVE('',#5346,#5346,#5348,.T.);
#5346 = VERTEX_POINT('',#5347);
#5347 = CARTESIAN_POINT('',(21.2,0.,37.75));
#5348 = B_SPLINE_CURVE_WITH_KNOTS('',8,(#5349,#5350,#5351,#5352,#5353,
    #5354,#5355,#5356,#5357,#5358,#5359,#5360,#5361,#5362,#5363,#5364,
    #5365,#5366,#5367,#5368,#5369,#5370,#5371,#5372,#5373,#5374,#5375,
    #5376,#5377,#5378,#5379,#5380,#5381,#5382,#5383,#5384,#5385,#5386,
    #5387,#5388,#5389,#5390,#5391,#5392,#5393,#5394,#5395,#5396,#5397,
    #5398,#5399),.UNSPECIFIED.,.T.,.F.,(9,7,7,7,7,7,7,9),(0.,
    0.135288641857,0.250114820015,0.400376809954,0.535322406267,
    0.749867272545,0.86472138357,1.),.UNSPECIFIED.);
#5349 = CARTESIAN_POINT('',(21.2,-6.7E-16,37.75));
#5350 = CARTESIAN_POINT('',(21.2,-0.153912810721,37.75));
#5351 = CARTESIAN_POINT('',(21.19872293312,-0.304815392788,
    37.771658506552));
#5352 = CARTESIAN_POINT('',(21.19625636961,-0.449242029315,
    37.813493793825));
#5353 = CARTESIAN_POINT('',(21.192845481066,-0.584138500402,
    37.873432085959));
#5354 = CARTESIAN_POINT('',(21.188851420651,-0.706951224605,
    37.948837213362));
#5355 = CARTESIAN_POINT('',(21.184667297053,-0.815750404508,
    38.036546754155));
#5356 = CARTESIAN_POINT('',(21.180631671434,-0.909388301575,
    38.132915387174));
#5357 = CARTESIAN_POINT('',(21.173879733343,-1.05415549518,
    38.319548128587));
#5358 = CARTESIAN_POINT('',(21.171004844924,-1.110672274922,
    38.409948965314));
#5359 = CARTESIAN_POINT('',(21.168471745803,-1.157421895622,
    38.503961226442));
#5360 = CARTESIAN_POINT('',(21.16636693046,-1.194586137082,
    38.600664189977));
#5361 = CARTESIAN_POINT('',(21.164750826935,-1.222328898283,
    38.699277489294));
#5362 = CARTESIAN_POINT('',(21.16366132659,-1.240776477182,
    38.799118049158));
#5363 = CARTESIAN_POINT('',(21.163116500175,-1.25,38.899560347081));
#5364 = CARTESIAN_POINT('',(21.163116500175,-1.25,39.131435726229));
#5365 = CARTESIAN_POINT('',(21.16404934912,-1.234205754678,
    39.262929588343));
#5366 = CARTESIAN_POINT('',(21.165916848394,-1.202590668148,
    39.39313861774));
#5367 = CARTESIAN_POINT('',(21.168665920852,-1.154921924447,
    39.520608764514));
#5368 = CARTESIAN_POINT('',(21.172184993333,-1.09084904917,
    39.643654751532));
#5369 = CARTESIAN_POINT('',(21.176286134606,-1.009978347497,
    39.76024446446));
#5370 = CARTESIAN_POINT('',(21.180688875053,-0.911980673697,
    39.867839257362));
#5371 = CARTESIAN_POINT('',(21.188912750228,-0.693321851543,
    40.04872956667));
#5372 = CARTESIAN_POINT('',(21.192833646438,-0.573690568232,
    40.126305459765));
#5373 = CARTESIAN_POINT('',(21.196402743511,-0.439673152987,
    40.190281208994));
#5374 = CARTESIAN_POINT('',(21.199167512789,-0.294450345952,
    40.236464654629));
#5375 = CARTESIAN_POINT('',(21.200743193072,-0.142145754419,
    40.262100641261));
#5376 = CARTESIAN_POINT('',(21.200947785637,1.259457181776E-02,
    40.265915472856));
#5377 = CARTESIAN_POINT('',(21.199859239734,0.165037985327,
    40.248170286837));
#5378 = CARTESIAN_POINT('',(21.194320822075,0.54270297914,
    40.151202397587));
#5379 = CARTESIAN_POINT('',(21.188431493803,0.746634438401,
    40.044761576347));
#5380 = CARTESIAN_POINT('',(21.181356266912,0.917018931002,
    39.904990071911));
#5381 = CARTESIAN_POINT('',(21.174520036403,1.052314954211,
    39.741910495763));
#5382 = CARTESIAN_POINT('',(21.168885198399,1.152317820049,
    39.563728916338));
#5383 = CARTESIAN_POINT('',(21.16501755775,1.217817337329,
    39.377118859207));
#5384 = CARTESIAN_POINT('',(21.163116500175,1.25,39.187616652014));
#5385 = CARTESIAN_POINT('',(21.163116500175,1.25,38.899561596816));
#5386 = CARTESIAN_POINT('',(21.163661318747,1.240776695252,
    38.799119958562));
#5387 = CARTESIAN_POINT('',(21.164750797663,1.222329382031,
    38.699279176263));
#5388 = CARTESIAN_POINT('',(21.166366898437,1.194586634187,
    38.600664878042));
#5389 = CARTESIAN_POINT('',(21.168471746915,1.157421929396,
    38.503960561879));
#5390 = CARTESIAN_POINT('',(21.171004894593,1.110671461359,
    38.409947237715));
#5391 = CARTESIAN_POINT('',(21.173879796643,1.054154137975,
    38.31954637889));
#5392 = CARTESIAN_POINT('',(21.180630438086,0.909414745591,
    38.132949478594));
#5393 = CARTESIAN_POINT('',(21.184666096753,0.815780932069,
    38.036569642218));
#5394 = CARTESIAN_POINT('',(21.188851330601,0.706962116162,
    37.948833716836));
#5395 = CARTESIAN_POINT('',(21.19284671808,0.58411433687,37.873407626659
    ));
#5396 = CARTESIAN_POINT('',(21.19625809833,0.449182096149,
    37.813464528117));
#5397 = CARTESIAN_POINT('',(21.198723965838,0.304736952475,
    37.771640982678));
#5398 = CARTESIAN_POINT('',(21.2,0.153850532433,37.75));
#5399 = CARTESIAN_POINT('',(21.2,-6.7E-16,37.75));
#5400 = FACE_BOUND('',#5401,.F.);
#5401 = EDGE_LOOP('',(#5402,#5412,#5421,#5429));
#5402 = ORIENTED_EDGE('',*,*,#5403,.T.);
#5403 = EDGE_CURVE('',#5404,#5406,#5408,.T.);
#5404 = VERTEX_POINT('',#5405);
#5405 = CARTESIAN_POINT('',(20.293580402759,-6.132747706921,42.));
#5406 = VERTEX_POINT('',#5407);
#5407 = CARTESIAN_POINT('',(20.293580402759,-6.132747706921,66.));
#5408 = LINE('',#5409,#5410);
#5409 = CARTESIAN_POINT('',(20.293580402759,-6.132747706921,25.));
#5410 = VECTOR('',#5411,1.);
#5411 = DIRECTION('',(0.,0.,1.));
#5412 = ORIENTED_EDGE('',*,*,#5413,.T.);
#5413 = EDGE_CURVE('',#5406,#5414,#5416,.T.);
#5414 = VERTEX_POINT('',#5415);
#5415 = CARTESIAN_POINT('',(20.293580402759,6.132747706921,66.));
#5416 = CIRCLE('',#5417,21.2);
#5417 = AXIS2_PLACEMENT_3D('',#5418,#5419,#5420);
#5418 = CARTESIAN_POINT('',(0.,0.,66.));
#5419 = DIRECTION('',(-0.,0.,1.));
#5420 = DIRECTION('',(0.836906572689,-0.547345766942,0.));
#5421 = ORIENTED_EDGE('',*,*,#5422,.F.);
#5422 = EDGE_CURVE('',#5423,#5414,#5425,.T.);
#5423 = VERTEX_POINT('',#5424);
#5424 = CARTESIAN_POINT('',(20.293580402759,6.132747706921,42.));
#5425 = LINE('',#5426,#5427);
#5426 = CARTESIAN_POINT('',(20.293580402759,6.132747706921,25.));
#5427 = VECTOR('',#5428,1.);
#5428 = DIRECTION('',(0.,0.,1.));
#5429 = ORIENTED_EDGE('',*,*,#5430,.F.);
#5430 = EDGE_CURVE('',#5404,#5423,#5431,.T.);
#5431 = CIRCLE('',#5432,21.2);
#5432 = AXIS2_PLACEMENT_3D('',#5433,#5434,#5435);
#5433 = CARTESIAN_POINT('',(0.,0.,42.));
#5434 = DIRECTION('',(-0.,0.,1.));
#5435 = DIRECTION('',(0.836906572689,-0.547345766942,0.));
#5436 = FACE_BOUND('',#5437,.F.);
#5437 = EDGE_LOOP('',(#5438));
#5438 = ORIENTED_EDGE('',*,*,#5439,.T.);
#5439 = EDGE_CURVE('',#5440,#5440,#5442,.T.);
#5440 = VERTEX_POINT('',#5441);
#5441 = CARTESIAN_POINT('',(21.2,0.,67.75));
#5442 = B_SPLINE_CURVE_WITH_KNOTS('',8,(#5443,#5444,#5445,#5446,#5447,
    #5448,#5449,#5450,#5451,#5452,#5453,#5454,#5455,#5456,#5457,#5458,
    #5459,#5460,#5461,#5462,#5463,#5464,#5465,#5466,#5467,#5468,#5469,
    #5470,#5471,#5472,#5473,#5474,#5475,#5476,#5477,#5478,#5479,#5480,
    #5481,#5482,#5483,#5484,#5485,#5486,#5487,#5488,#5489,#5490,#5491,
    #5492,#5493),.UNSPECIFIED.,.T.,.F.,(9,7,7,7,7,7,7,9),(0.,
    0.135288641853,0.250114820009,0.400376809943,0.535322406253,
    0.749867272526,0.864721383548,1.),.UNSPECIFIED.);
#5443 = CARTESIAN_POINT('',(21.2,-6.7E-16,67.75));
#5444 = CARTESIAN_POINT('',(21.2,-0.153912810721,67.75));
#5445 = CARTESIAN_POINT('',(21.19872293312,-0.304815392788,
    67.771658506552));
#5446 = CARTESIAN_POINT('',(21.19625636961,-0.449242029315,
    67.813493793825));
#5447 = CARTESIAN_POINT('',(21.192845481066,-0.584138500402,
    67.873432085959));
#5448 = CARTESIAN_POINT('',(21.188851420651,-0.706951224605,
    67.948837213362));
#5449 = CARTESIAN_POINT('',(21.184667297053,-0.815750404508,
    68.036546754155));
#5450 = CARTESIAN_POINT('',(21.180631671434,-0.909388301575,
    68.132915387174));
#5451 = CARTESIAN_POINT('',(21.173879733343,-1.05415549518,
    68.319548128587));
#5452 = CARTESIAN_POINT('',(21.171004844924,-1.110672274922,
    68.409948965314));
#5453 = CARTESIAN_POINT('',(21.168471745803,-1.157421895622,
    68.503961226442));
#5454 = CARTESIAN_POINT('',(21.16636693046,-1.194586137082,
    68.600664189977));
#5455 = CARTESIAN_POINT('',(21.164750826935,-1.222328898283,
    68.699277489294));
#5456 = CARTESIAN_POINT('',(21.16366132659,-1.240776477182,
    68.799118049158));
#5457 = CARTESIAN_POINT('',(21.163116500175,-1.25,68.899560347081));
#5458 = CARTESIAN_POINT('',(21.163116500175,-1.25,69.131435726229));
#5459 = CARTESIAN_POINT('',(21.16404934912,-1.234205754678,
    69.262929588343));
#5460 = CARTESIAN_POINT('',(21.165916848394,-1.202590668148,
    69.39313861774));
#5461 = CARTESIAN_POINT('',(21.168665920852,-1.154921924447,
    69.520608764514));
#5462 = CARTESIAN_POINT('',(21.172184993333,-1.09084904917,
    69.643654751532));
#5463 = CARTESIAN_POINT('',(21.176286134606,-1.009978347497,
    69.76024446446));
#5464 = CARTESIAN_POINT('',(21.180688875053,-0.911980673697,
    69.867839257362));
#5465 = CARTESIAN_POINT('',(21.188912750228,-0.693321851543,
    70.04872956667));
#5466 = CARTESIAN_POINT('',(21.192833646438,-0.573690568232,
    70.126305459765));
#5467 = CARTESIAN_POINT('',(21.196402743511,-0.439673152987,
    70.190281208994));
#5468 = CARTESIAN_POINT('',(21.199167512789,-0.294450345951,
    70.236464654629));
#5469 = CARTESIAN_POINT('',(21.200743193072,-0.142145754419,
    70.262100641261));
#5470 = CARTESIAN_POINT('',(21.200947785637,1.259457181772E-02,
    70.265915472856));
#5471 = CARTESIAN_POINT('',(21.199859239734,0.165037985327,
    70.248170286837));
#5472 = CARTESIAN_POINT('',(21.194320822075,0.54270297914,
    70.151202397587));
#5473 = CARTESIAN_POINT('',(21.188431493803,0.7466344384,70.044761576347
    ));
#5474 = CARTESIAN_POINT('',(21.181356266912,0.917018931002,
    69.90499007191));
#5475 = CARTESIAN_POINT('',(21.174520036403,1.05231495421,
    69.741910495765));
#5476 = CARTESIAN_POINT('',(21.168885198399,1.152317820049,
    69.563728916337));
#5477 = CARTESIAN_POINT('',(21.16501755775,1.217817337328,
    69.377118859208));
#5478 = CARTESIAN_POINT('',(21.163116500175,1.25,69.187616652014));
#5479 = CARTESIAN_POINT('',(21.163116500175,1.25,68.899561596816));
#5480 = CARTESIAN_POINT('',(21.163661318747,1.240776695252,
    68.799119958562));
#5481 = CARTESIAN_POINT('',(21.164750797663,1.222329382031,
    68.699279176263));
#5482 = CARTESIAN_POINT('',(21.166366898437,1.194586634187,
    68.600664878042));
#5483 = CARTESIAN_POINT('',(21.168471746915,1.157421929396,
    68.503960561879));
#5484 = CARTESIAN_POINT('',(21.171004894593,1.110671461359,
    68.409947237715));
#5485 = CARTESIAN_POINT('',(21.173879796643,1.054154137975,
    68.31954637889));
#5486 = CARTESIAN_POINT('',(21.180630438086,0.909414745576,
    68.132949478576));
#5487 = CARTESIAN_POINT('',(21.184666096753,0.81578093206,
    68.036569642217));
#5488 = CARTESIAN_POINT('',(21.188851330601,0.706962116171,
    67.948833716848));
#5489 = CARTESIAN_POINT('',(21.19284671808,0.584114336889,
    67.873407626668));
#5490 = CARTESIAN_POINT('',(21.19625809833,0.449182096161,
    67.813464528116));
#5491 = CARTESIAN_POINT('',(21.198723965838,0.304736952467,
    67.771640982672));
#5492 = CARTESIAN_POINT('',(21.2,0.153850532412,67.75));
#5493 = CARTESIAN_POINT('',(21.2,-6.7E-16,67.75));
#5494 = CYLINDRICAL_SURFACE('',#5495,21.2);
#5495 = AXIS2_PLACEMENT_3D('',#5496,#5497,#5498);
#5496 = CARTESIAN_POINT('',(0.,0.,25.));
#5497 = DIRECTION('',(0.,0.,1.));
#5498 = DIRECTION('',(0.836906572689,-0.547345766942,0.));
#5499 = ADVANCED_FACE('',(#5500),#5511,.F.);
#5500 = FACE_BOUND('',#5501,.F.);
#5501 = EDGE_LOOP('',(#5502,#5503,#5509,#5510));
#5502 = ORIENTED_EDGE('',*,*,#5345,.F.);
#5503 = ORIENTED_EDGE('',*,*,#5504,.F.);
#5504 = EDGE_CURVE('',#5011,#5346,#5505,.T.);
#5505 = LINE('',#5506,#5507);
#5506 = CARTESIAN_POINT('',(29.,3.1E-16,37.75));
#5507 = VECTOR('',#5508,1.);
#5508 = DIRECTION('',(-1.,0.,0.));
#5509 = ORIENTED_EDGE('',*,*,#5010,.T.);
#5510 = ORIENTED_EDGE('',*,*,#5504,.T.);
#5511 = CYLINDRICAL_SURFACE('',#5512,1.25);
#5512 = AXIS2_PLACEMENT_3D('',#5513,#5514,#5515);
#5513 = CARTESIAN_POINT('',(29.,0.,39.));
#5514 = DIRECTION('',(-1.,0.,0.));
#5515 = DIRECTION('',(0.,0.,-1.));
#5516 = ADVANCED_FACE('',(#5517),#5533,.F.);
#5517 = FACE_BOUND('',#5518,.F.);
#5518 = EDGE_LOOP('',(#5519,#5520,#5526,#5527));
#5519 = ORIENTED_EDGE('',*,*,#5403,.F.);
#5520 = ORIENTED_EDGE('',*,*,#5521,.T.);
#5521 = EDGE_CURVE('',#5404,#5069,#5522,.T.);
#5522 = LINE('',#5523,#5524);
#5523 = CARTESIAN_POINT('',(0.,0.,42.));
#5524 = VECTOR('',#5525,1.);
#5525 = DIRECTION('',(0.957244358621,-0.289280552213,0.));
#5526 = ORIENTED_EDGE('',*,*,#5068,.T.);
#5527 = ORIENTED_EDGE('',*,*,#5528,.F.);
#5528 = EDGE_CURVE('',#5406,#5071,#5529,.T.);
#5529 = LINE('',#5530,#5531);
#5530 = CARTESIAN_POINT('',(0.,0.,66.));
#5531 = VECTOR('',#5532,1.);
#5532 = DIRECTION('',(0.957244358621,-0.289280552213,0.));
#5533 = PLANE('',#5534);
#5534 = AXIS2_PLACEMENT_3D('',#5535,#5536,#5537);
#5535 = CARTESIAN_POINT('',(0.,0.,42.));
#5536 = DIRECTION('',(-0.289280552213,-0.957244358621,0.));
#5537 = DIRECTION('',(0.957244358621,-0.289280552213,0.));
#5538 = ADVANCED_FACE('',(#5539),#5550,.T.);
#5539 = FACE_BOUND('',#5540,.T.);
#5540 = EDGE_LOOP('',(#5541,#5542,#5548,#5549));
#5541 = ORIENTED_EDGE('',*,*,#5095,.T.);
#5542 = ORIENTED_EDGE('',*,*,#5543,.F.);
#5543 = EDGE_CURVE('',#5423,#5088,#5544,.T.);
#5544 = LINE('',#5545,#5546);
#5545 = CARTESIAN_POINT('',(0.,0.,42.));
#5546 = VECTOR('',#5547,1.);
#5547 = DIRECTION('',(0.957244358621,0.289280552213,0.));
#5548 = ORIENTED_EDGE('',*,*,#5430,.F.);
#5549 = ORIENTED_EDGE('',*,*,#5521,.T.);
#5550 = PLANE('',#5551);
#5551 = AXIS2_PLACEMENT_3D('',#5552,#5553,#5554);
#5552 = CARTESIAN_POINT('',(0.,0.,42.));
#5553 = DIRECTION('',(0.,0.,1.));
#5554 = DIRECTION('',(0.957244358621,-0.289280552213,0.));
#5555 = ADVANCED_FACE('',(#5556),#5567,.F.);
#5556 = FACE_BOUND('',#5557,.F.);
#5557 = EDGE_LOOP('',(#5558,#5559,#5565,#5566));
#5558 = ORIENTED_EDGE('',*,*,#5078,.T.);
#5559 = ORIENTED_EDGE('',*,*,#5560,.F.);
#5560 = EDGE_CURVE('',#5414,#5079,#5561,.T.);
#5561 = LINE('',#5562,#5563);
#5562 = CARTESIAN_POINT('',(0.,0.,66.));
#5563 = VECTOR('',#5564,1.);
#5564 = DIRECTION('',(0.957244358621,0.289280552213,0.));
#5565 = ORIENTED_EDGE('',*,*,#5413,.F.);
#5566 = ORIENTED_EDGE('',*,*,#5528,.T.);
#5567 = PLANE('',#5568);
#5568 = AXIS2_PLACEMENT_3D('',#5569,#5570,#5571);
#5569 = CARTESIAN_POINT('',(0.,0.,66.));
#5570 = DIRECTION('',(0.,0.,1.));
#5571 = DIRECTION('',(0.957244358621,-0.289280552213,0.));
#5572 = ADVANCED_FACE('',(#5573),#5579,.T.);
#5573 = FACE_BOUND('',#5574,.T.);
#5574 = EDGE_LOOP('',(#5575,#5576,#5577,#5578));
#5575 = ORIENTED_EDGE('',*,*,#5560,.F.);
#5576 = ORIENTED_EDGE('',*,*,#5422,.F.);
#5577 = ORIENTED_EDGE('',*,*,#5543,.T.);
#5578 = ORIENTED_EDGE('',*,*,#5087,.T.);
#5579 = PLANE('',#5580);
#5580 = AXIS2_PLACEMENT_3D('',#5581,#5582,#5583);
#5581 = CARTESIAN_POINT('',(0.,0.,42.));
#5582 = DIRECTION('',(0.289280552213,-0.957244358621,0.));
#5583 = DIRECTION('',(0.957244358621,0.289280552213,0.));
#5584 = ADVANCED_FACE('',(#5585),#5596,.F.);
#5585 = FACE_BOUND('',#5586,.F.);
#5586 = EDGE_LOOP('',(#5587,#5588,#5594,#5595));
#5587 = ORIENTED_EDGE('',*,*,#5439,.F.);
#5588 = ORIENTED_EDGE('',*,*,#5589,.F.);
#5589 = EDGE_CURVE('',#5105,#5440,#5590,.T.);
#5590 = LINE('',#5591,#5592);
#5591 = CARTESIAN_POINT('',(29.,3.1E-16,67.75));
#5592 = VECTOR('',#5593,1.);
#5593 = DIRECTION('',(-1.,0.,0.));
#5594 = ORIENTED_EDGE('',*,*,#5104,.T.);
#5595 = ORIENTED_EDGE('',*,*,#5589,.T.);
#5596 = CYLINDRICAL_SURFACE('',#5597,1.25);
#5597 = AXIS2_PLACEMENT_3D('',#5598,#5599,#5600);
#5598 = CARTESIAN_POINT('',(29.,0.,69.));
#5599 = DIRECTION('',(-1.,0.,0.));
#5600 = DIRECTION('',(0.,0.,-1.));
#5601 = ADVANCED_FACE('',(#5602),#5613,.T.);
#5602 = FACE_BOUND('',#5603,.T.);
#5603 = EDGE_LOOP('',(#5604,#5605,#5611,#5612));
#5604 = ORIENTED_EDGE('',*,*,#3438,.F.);
#5605 = ORIENTED_EDGE('',*,*,#5606,.F.);
#5606 = EDGE_CURVE('',#4976,#3439,#5607,.T.);
#5607 = LINE('',#5608,#5609);
#5608 = CARTESIAN_POINT('',(26.5,-6.49E-15,21.3));
#5609 = VECTOR('',#5610,1.);
#5610 = DIRECTION('',(0.,0.,1.));
#5611 = ORIENTED_EDGE('',*,*,#4975,.T.);
#5612 = ORIENTED_EDGE('',*,*,#5606,.T.);
#5613 = CYLINDRICAL_SURFACE('',#5614,26.5);
#5614 = AXIS2_PLACEMENT_3D('',#5615,#5616,#5617);
#5615 = CARTESIAN_POINT('',(0.,0.,21.3));
#5616 = DIRECTION('',(0.,0.,1.));
#5617 = DIRECTION('',(1.,0.,0.));
#5618 = ADVANCED_FACE('',(#5619),#5638,.T.);
#5619 = FACE_BOUND('',#5620,.T.);
#5620 = EDGE_LOOP('',(#5621,#5630,#5636,#5637));
#5621 = ORIENTED_EDGE('',*,*,#5622,.F.);
#5622 = EDGE_CURVE('',#5623,#5623,#5625,.T.);
#5623 = VERTEX_POINT('',#5624);
#5624 = CARTESIAN_POINT('',(26.5,-6.E-15,86.7));
#5625 = CIRCLE('',#5626,26.5);
#5626 = AXIS2_PLACEMENT_3D('',#5627,#5628,#5629);
#5627 = CARTESIAN_POINT('',(0.,0.,86.7));
#5628 = DIRECTION('',(0.,0.,1.));
#5629 = DIRECTION('',(1.,0.,0.));
#5630 = ORIENTED_EDGE('',*,*,#5631,.F.);
#5631 = EDGE_CURVE('',#3542,#5623,#5632,.T.);
#5632 = LINE('',#5633,#5634);
#5633 = CARTESIAN_POINT('',(26.5,-6.49E-15,84.3));
#5634 = VECTOR('',#5635,1.);
#5635 = DIRECTION('',(0.,0.,1.));
#5636 = ORIENTED_EDGE('',*,*,#3541,.T.);
#5637 = ORIENTED_EDGE('',*,*,#5631,.T.);
#5638 = CYLINDRICAL_SURFACE('',#5639,26.5);
#5639 = AXIS2_PLACEMENT_3D('',#5640,#5641,#5642);
#5640 = CARTESIAN_POINT('',(0.,0.,84.3));
#5641 = DIRECTION('',(0.,0.,1.));
#5642 = DIRECTION('',(1.,0.,0.));
#5643 = ADVANCED_FACE('',(#5644),#5650,.T.);
#5644 = FACE_BOUND('',#5645,.T.);
#5645 = EDGE_LOOP('',(#5646,#5647,#5648,#5649));
#5646 = ORIENTED_EDGE('',*,*,#3703,.T.);
#5647 = ORIENTED_EDGE('',*,*,#3686,.F.);
#5648 = ORIENTED_EDGE('',*,*,#3621,.F.);
#5649 = ORIENTED_EDGE('',*,*,#3661,.T.);
#5650 = CYLINDRICAL_SURFACE('',#5651,26.5);
#5651 = AXIS2_PLACEMENT_3D('',#5652,#5653,#5654);
#5652 = CARTESIAN_POINT('',(0.,0.,29.));
#5653 = DIRECTION('',(0.,0.,1.));
#5654 = DIRECTION('',(-0.568140477985,0.822931587239,0.));
#5655 = ADVANCED_FACE('',(#5656),#5662,.T.);
#5656 = FACE_BOUND('',#5657,.T.);
#5657 = EDGE_LOOP('',(#5658,#5659,#5660,#5661));
#5658 = ORIENTED_EDGE('',*,*,#3801,.T.);
#5659 = ORIENTED_EDGE('',*,*,#3784,.F.);
#5660 = ORIENTED_EDGE('',*,*,#3719,.F.);
#5661 = ORIENTED_EDGE('',*,*,#3759,.T.);
#5662 = CYLINDRICAL_SURFACE('',#5663,26.5);
#5663 = AXIS2_PLACEMENT_3D('',#5664,#5665,#5666);
#5664 = CARTESIAN_POINT('',(0.,0.,29.));
#5665 = DIRECTION('',(0.,0.,1.));
#5666 = DIRECTION('',(-0.68988058854,0.723923182082,0.));
#5667 = ADVANCED_FACE('',(#5668),#5674,.T.);
#5668 = FACE_BOUND('',#5669,.T.);
#5669 = EDGE_LOOP('',(#5670,#5671,#5672,#5673));
#5670 = ORIENTED_EDGE('',*,*,#3899,.T.);
#5671 = ORIENTED_EDGE('',*,*,#3882,.F.);
#5672 = ORIENTED_EDGE('',*,*,#3817,.F.);
#5673 = ORIENTED_EDGE('',*,*,#3857,.T.);
#5674 = CYLINDRICAL_SURFACE('',#5675,26.5);
#5675 = AXIS2_PLACEMENT_3D('',#5676,#5677,#5678);
#5676 = CARTESIAN_POINT('',(0.,0.,29.));
#5677 = DIRECTION('',(0.,0.,1.));
#5678 = DIRECTION('',(-0.794633549423,0.607089385619,0.));
#5679 = ADVANCED_FACE('',(#5680),#5686,.T.);
#5680 = FACE_BOUND('',#5681,.T.);
#5681 = EDGE_LOOP('',(#5682,#5683,#5684,#5685));
#5682 = ORIENTED_EDGE('',*,*,#3997,.T.);
#5683 = ORIENTED_EDGE('',*,*,#3980,.F.);
#5684 = ORIENTED_EDGE('',*,*,#3915,.F.);
#5685 = ORIENTED_EDGE('',*,*,#3955,.T.);
#5686 = CYLINDRICAL_SURFACE('',#5687,26.5);
#5687 = AXIS2_PLACEMENT_3D('',#5688,#5689,#5690);
#5688 = CARTESIAN_POINT('',(0.,0.,29.));
#5689 = DIRECTION('',(0.,0.,1.));
#5690 = DIRECTION('',(-0.879819995082,0.475307033668,0.));
#5691 = ADVANCED_FACE('',(#5692),#5698,.T.);
#5692 = FACE_BOUND('',#5693,.T.);
#5693 = EDGE_LOOP('',(#5694,#5695,#5696,#5697));
#5694 = ORIENTED_EDGE('',*,*,#4095,.T.);
#5695 = ORIENTED_EDGE('',*,*,#4078,.F.);
#5696 = ORIENTED_EDGE('',*,*,#4013,.F.);
#5697 = ORIENTED_EDGE('',*,*,#4053,.T.);
#5698 = CYLINDRICAL_SURFACE('',#5699,26.5);
#5699 = AXIS2_PLACEMENT_3D('',#5700,#5701,#5702);
#5700 = CARTESIAN_POINT('',(0.,0.,29.));
#5701 = DIRECTION('',(0.,0.,1.));
#5702 = DIRECTION('',(-0.943342352507,0.331821045094,0.));
#5703 = ADVANCED_FACE('',(#5704),#5710,.T.);
#5704 = FACE_BOUND('',#5705,.T.);
#5705 = EDGE_LOOP('',(#5706,#5707,#5708,#5709));
#5706 = ORIENTED_EDGE('',*,*,#4193,.T.);
#5707 = ORIENTED_EDGE('',*,*,#4176,.F.);
#5708 = ORIENTED_EDGE('',*,*,#4111,.F.);
#5709 = ORIENTED_EDGE('',*,*,#4151,.T.);
#5710 = CYLINDRICAL_SURFACE('',#5711,26.5);
#5711 = AXIS2_PLACEMENT_3D('',#5712,#5713,#5714);
#5712 = CARTESIAN_POINT('',(0.,0.,29.));
#5713 = DIRECTION('',(0.,0.,1.));
#5714 = DIRECTION('',(-0.983636490439,0.180164521139,0.));
#5715 = ADVANCED_FACE('',(#5716),#5722,.T.);
#5716 = FACE_BOUND('',#5717,.T.);
#5717 = EDGE_LOOP('',(#5718,#5719,#5720,#5721));
#5718 = ORIENTED_EDGE('',*,*,#4291,.T.);
#5719 = ORIENTED_EDGE('',*,*,#4274,.F.);
#5720 = ORIENTED_EDGE('',*,*,#4209,.F.);
#5721 = ORIENTED_EDGE('',*,*,#4249,.T.);
#5722 = CYLINDRICAL_SURFACE('',#5723,26.5);
#5723 = AXIS2_PLACEMENT_3D('',#5724,#5725,#5726);
#5724 = CARTESIAN_POINT('',(0.,0.,29.));
#5725 = DIRECTION('',(0.,0.,1.));
#5726 = DIRECTION('',(-0.999710233474,2.407174874221E-02,0.));
#5727 = ADVANCED_FACE('',(#5728),#5734,.T.);
#5728 = FACE_BOUND('',#5729,.T.);
#5729 = EDGE_LOOP('',(#5730,#5731,#5732,#5733));
#5730 = ORIENTED_EDGE('',*,*,#4389,.T.);
#5731 = ORIENTED_EDGE('',*,*,#4372,.F.);
#5732 = ORIENTED_EDGE('',*,*,#4307,.F.);
#5733 = ORIENTED_EDGE('',*,*,#4347,.T.);
#5734 = CYLINDRICAL_SURFACE('',#5735,26.5);
#5735 = AXIS2_PLACEMENT_3D('',#5736,#5737,#5738);
#5736 = CARTESIAN_POINT('',(0.,0.,29.));
#5737 = DIRECTION('',(0.,0.,1.));
#5738 = DIRECTION('',(-0.916218329988,-0.400679387782,0.));
#5739 = ADVANCED_FACE('',(#5740),#5746,.T.);
#5740 = FACE_BOUND('',#5741,.T.);
#5741 = EDGE_LOOP('',(#5742,#5743,#5744,#5745));
#5742 = ORIENTED_EDGE('',*,*,#4487,.T.);
#5743 = ORIENTED_EDGE('',*,*,#4470,.F.);
#5744 = ORIENTED_EDGE('',*,*,#4405,.F.);
#5745 = ORIENTED_EDGE('',*,*,#4445,.T.);
#5746 = CYLINDRICAL_SURFACE('',#5747,26.5);
#5747 = AXIS2_PLACEMENT_3D('',#5748,#5749,#5750);
#5748 = CARTESIAN_POINT('',(0.,0.,29.));
#5749 = DIRECTION('',(0.,0.,1.));
#5750 = DIRECTION('',(-0.842258096288,-0.539074483941,0.));
#5751 = ADVANCED_FACE('',(#5752),#5758,.T.);
#5752 = FACE_BOUND('',#5753,.T.);
#5753 = EDGE_LOOP('',(#5754,#5755,#5756,#5757));
#5754 = ORIENTED_EDGE('',*,*,#4585,.T.);
#5755 = ORIENTED_EDGE('',*,*,#4568,.F.);
#5756 = ORIENTED_EDGE('',*,*,#4503,.F.);
#5757 = ORIENTED_EDGE('',*,*,#4543,.T.);
#5758 = CYLINDRICAL_SURFACE('',#5759,26.5);
#5759 = AXIS2_PLACEMENT_3D('',#5760,#5761,#5762);
#5760 = CARTESIAN_POINT('',(0.,0.,29.));
#5761 = DIRECTION('',(0.,0.,1.));
#5762 = DIRECTION('',(-0.747558672964,-0.66419577722,0.));
#5763 = ADVANCED_FACE('',(#5764),#5770,.T.);
#5764 = FACE_BOUND('',#5765,.T.);
#5765 = EDGE_LOOP('',(#5766,#5767,#5768,#5769));
#5766 = ORIENTED_EDGE('',*,*,#4683,.T.);
#5767 = ORIENTED_EDGE('',*,*,#4666,.F.);
#5768 = ORIENTED_EDGE('',*,*,#4601,.F.);
#5769 = ORIENTED_EDGE('',*,*,#4641,.T.);
#5770 = CYLINDRICAL_SURFACE('',#5771,26.5);
#5771 = AXIS2_PLACEMENT_3D('',#5772,#5773,#5774);
#5772 = CARTESIAN_POINT('',(0.,0.,29.));
#5773 = DIRECTION('',(0.,0.,1.));
#5774 = DIRECTION('',(-0.634451874106,-0.772962366124,0.));
#5775 = ADVANCED_FACE('',(#5776),#5782,.T.);
#5776 = FACE_BOUND('',#5777,.T.);
#5777 = EDGE_LOOP('',(#5778,#5779,#5780,#5781));
#5778 = ORIENTED_EDGE('',*,*,#4781,.T.);
#5779 = ORIENTED_EDGE('',*,*,#4764,.F.);
#5780 = ORIENTED_EDGE('',*,*,#4699,.F.);
#5781 = ORIENTED_EDGE('',*,*,#4739,.T.);
#5782 = CYLINDRICAL_SURFACE('',#5783,26.5);
#5783 = AXIS2_PLACEMENT_3D('',#5784,#5785,#5786);
#5784 = CARTESIAN_POINT('',(0.,0.,29.));
#5785 = DIRECTION('',(0.,0.,1.));
#5786 = DIRECTION('',(-0.505722764482,-0.862696056259,0.));
#5787 = ADVANCED_FACE('',(#5788,#5797),#5862,.T.);
#5788 = FACE_BOUND('',#5789,.T.);
#5789 = EDGE_LOOP('',(#5790,#5791,#5792,#5793,#5794,#5795,#5796));
#5790 = ORIENTED_EDGE('',*,*,#4954,.F.);
#5791 = ORIENTED_EDGE('',*,*,#4797,.F.);
#5792 = ORIENTED_EDGE('',*,*,#4829,.F.);
#5793 = ORIENTED_EDGE('',*,*,#4854,.F.);
#5794 = ORIENTED_EDGE('',*,*,#4879,.F.);
#5795 = ORIENTED_EDGE('',*,*,#4904,.F.);
#5796 = ORIENTED_EDGE('',*,*,#4929,.F.);
#5797 = FACE_BOUND('',#5798,.T.);
#5798 = EDGE_LOOP('',(#5799,#5810,#5819,#5828,#5837,#5846,#5855));
#5799 = ORIENTED_EDGE('',*,*,#5800,.F.);
#5800 = EDGE_CURVE('',#5801,#5803,#5805,.T.);
#5801 = VERTEX_POINT('',#5802);
#5802 = CARTESIAN_POINT('',(13.267630133951,-22.59225510277,60.9244956)
  );
#5803 = VERTEX_POINT('',#5804);
#5804 = CARTESIAN_POINT('',(7.958363678562,-24.96206016257,64.1088071));
#5805 = ELLIPSE('',#5806,30.262312105279,26.2);
#5806 = AXIS2_PLACEMENT_3D('',#5807,#5808,#5809);
#5807 = CARTESIAN_POINT('',(0.,0.,67.330798553003));
#5808 = DIRECTION('',(-0.498232625404,-4.70968495022E-02,-0.865763326637
    ));
#5809 = DIRECTION('',(-0.861921038348,-8.147552640286E-02,0.500453656446
    ));
#5810 = ORIENTED_EDGE('',*,*,#5811,.F.);
#5811 = EDGE_CURVE('',#5812,#5801,#5814,.T.);
#5812 = VERTEX_POINT('',#5813);
#5813 = CARTESIAN_POINT('',(13.295431278644,-22.57590545503,48.098998));
#5814 = ELLIPSE('',#5815,1.150137966985E+04,26.2);
#5815 = AXIS2_PLACEMENT_3D('',#5816,#5817,#5818);
#5816 = CARTESIAN_POINT('',(0.,0.,4.926008159523E+03));
#5817 = DIRECTION('',(-0.995559381501,-9.410806914348E-02,
    -2.277987576453E-03));
#5818 = DIRECTION('',(-2.267877786955E-03,-2.143775685805E-04,
    0.999997405383));
#5819 = ORIENTED_EDGE('',*,*,#5820,.F.);
#5820 = EDGE_CURVE('',#5821,#5812,#5823,.T.);
#5821 = VERTEX_POINT('',#5822);
#5822 = CARTESIAN_POINT('',(2.459315619377,-26.08432032245,41.689964));
#5823 = ELLIPSE('',#5824,30.241308806953,26.2);
#5824 = AXIS2_PLACEMENT_3D('',#5825,#5826,#5827);
#5825 = CARTESIAN_POINT('',(0.,0.,41.69362460196));
#5826 = DIRECTION('',(-0.49719559207,-4.699882099023E-02,0.866364619575)
  );
#5827 = DIRECTION('',(0.862519662727,8.153211306708E-02,0.499412000204)
  );
#5828 = ORIENTED_EDGE('',*,*,#5829,.F.);
#5829 = EDGE_CURVE('',#5830,#5821,#5832,.T.);
#5830 = VERTEX_POINT('',#5831);
#5831 = CARTESIAN_POINT('',(-8.831613012307,-24.6666295144,48.098998));
#5832 = ELLIPSE('',#5833,30.248640537592,26.2);
#5833 = AXIS2_PLACEMENT_3D('',#5834,#5835,#5836);
#5834 = CARTESIAN_POINT('',(0.,0.,41.686299841053));
#5835 = DIRECTION('',(0.497558085763,4.703308673289E-02,0.866154628253)
  );
#5836 = DIRECTION('',(-0.862310603354,-8.151235113792E-02,0.499776109829
    ));
#5837 = ORIENTED_EDGE('',*,*,#5838,.F.);
#5838 = EDGE_CURVE('',#5839,#5830,#5841,.T.);
#5839 = VERTEX_POINT('',#5840);
#5840 = CARTESIAN_POINT('',(-8.799257467351,-24.67819012859,60.9310467)
  );
#5841 = ELLIPSE('',#5842,1.080197483838E+04,26.2);
#5842 = AXIS2_PLACEMENT_3D('',#5843,#5844,#5845);
#5843 = CARTESIAN_POINT('',(0.,0.,4.630164878111E+03));
#5844 = DIRECTION('',(0.995559036171,9.410803650015E-02,
    -2.425482413355E-03));
#5845 = DIRECTION('',(2.41471803655E-03,2.282580589045E-04,
    0.999997058513));
#5846 = ORIENTED_EDGE('',*,*,#5847,.F.);
#5847 = EDGE_CURVE('',#5848,#5839,#5850,.T.);
#5848 = VERTEX_POINT('',#5849);
#5849 = CARTESIAN_POINT('',(2.465637808945,-26.0837234726,67.2945242));
#5850 = ELLIPSE('',#5851,30.211772354695,26.2);
#5851 = AXIS2_PLACEMENT_3D('',#5852,#5853,#5854);
#5852 = CARTESIAN_POINT('',(0.,0.,67.2945242));
#5853 = DIRECTION('',(0.495729889952,4.686027134794E-02,-0.867211618451)
  );
#5854 = DIRECTION('',(0.863362902592,8.161182270268E-02,0.497939764252)
  );
#5855 = ORIENTED_EDGE('',*,*,#5856,.F.);
#5856 = EDGE_CURVE('',#5803,#5848,#5857,.T.);
#5857 = ELLIPSE('',#5858,30.177342494548,26.2);
#5858 = AXIS2_PLACEMENT_3D('',#5859,#5860,#5861);
#5859 = CARTESIAN_POINT('',(0.,0.,67.2945242));
#5860 = DIRECTION('',(-0.494010408669,-4.669773251148E-02,-0.86820103542
    ));
#5861 = DIRECTION('',(-0.864347928493,-8.170493506479E-02,0.496212617831
    ));
#5862 = CYLINDRICAL_SURFACE('',#5863,26.2);
#5863 = AXIS2_PLACEMENT_3D('',#5864,#5865,#5866);
#5864 = CARTESIAN_POINT('',(0.,0.,-100.));
#5865 = DIRECTION('',(0.,0.,1.));
#5866 = DIRECTION('',(-0.995561964603,-9.410831331851E-02,0.));
#5867 = ADVANCED_FACE('',(#5868,#5879),#5882,.F.);
#5868 = FACE_BOUND('',#5869,.F.);
#5869 = EDGE_LOOP('',(#5870));
#5870 = ORIENTED_EDGE('',*,*,#5871,.T.);
#5871 = EDGE_CURVE('',#5872,#5872,#5874,.T.);
#5872 = VERTEX_POINT('',#5873);
#5873 = CARTESIAN_POINT('',(27.,-7.E-15,86.7));
#5874 = CIRCLE('',#5875,27.);
#5875 = AXIS2_PLACEMENT_3D('',#5876,#5877,#5878);
#5876 = CARTESIAN_POINT('',(0.,0.,86.7));
#5877 = DIRECTION('',(0.,0.,1.));
#5878 = DIRECTION('',(1.,0.,0.));
#5879 = FACE_BOUND('',#5880,.F.);
#5880 = EDGE_LOOP('',(#5881));
#5881 = ORIENTED_EDGE('',*,*,#5622,.F.);
#5882 = PLANE('',#5883);
#5883 = AXIS2_PLACEMENT_3D('',#5884,#5885,#5886);
#5884 = CARTESIAN_POINT('',(0.,0.,86.7));
#5885 = DIRECTION('',(0.,0.,1.));
#5886 = DIRECTION('',(1.,0.,0.));
#5887 = ADVANCED_FACE('',(#5888),#5914,.F.);
#5888 = FACE_BOUND('',#5889,.F.);
#5889 = EDGE_LOOP('',(#5890,#5891,#5899,#5908));
#5890 = ORIENTED_EDGE('',*,*,#5800,.F.);
#5891 = ORIENTED_EDGE('',*,*,#5892,.T.);
#5892 = EDGE_CURVE('',#5801,#5893,#5895,.T.);
#5893 = VERTEX_POINT('',#5894);
#5894 = CARTESIAN_POINT('',(13.350449600471,-23.46839354249,60.9244956)
  );
#5895 = LINE('',#5896,#5897);
#5896 = CARTESIAN_POINT('',(11.033443800651,1.042967512914,60.9244956));
#5897 = VECTOR('',#5898,1.);
#5898 = DIRECTION('',(9.410831331851E-02,-0.995561964603,0.));
#5899 = ORIENTED_EDGE('',*,*,#5900,.T.);
#5900 = EDGE_CURVE('',#5893,#5901,#5903,.T.);
#5901 = VERTEX_POINT('',#5902);
#5902 = CARTESIAN_POINT('',(8.035360142444,-25.77659766884,64.1088071));
#5903 = ELLIPSE('',#5904,31.186352169562,27.);
#5904 = AXIS2_PLACEMENT_3D('',#5905,#5906,#5907);
#5905 = CARTESIAN_POINT('',(0.,0.,67.330798553003));
#5906 = DIRECTION('',(-0.498232625404,-4.70968495022E-02,-0.865763326637
    ));
#5907 = DIRECTION('',(-0.861921038348,-8.147552640285E-02,0.500453656446
    ));
#5908 = ORIENTED_EDGE('',*,*,#5909,.F.);
#5909 = EDGE_CURVE('',#5803,#5901,#5910,.T.);
#5910 = LINE('',#5911,#5912);
#5911 = CARTESIAN_POINT('',(5.549169604322,0.524550967543,64.1088071));
#5912 = VECTOR('',#5913,1.);
#5913 = DIRECTION('',(9.410831331851E-02,-0.995561964603,0.));
#5914 = PLANE('',#5915);
#5915 = AXIS2_PLACEMENT_3D('',#5916,#5917,#5918);
#5916 = CARTESIAN_POINT('',(11.033443800651,1.042967512914,60.9244956));
#5917 = DIRECTION('',(-0.498232625404,-4.70968495022E-02,-0.865763326637
    ));
#5918 = DIRECTION('',(-0.861921038348,-8.147552640286E-02,0.500453656446
    ));
#5919 = ADVANCED_FACE('',(#5920),#5939,.F.);
#5920 = FACE_BOUND('',#5921,.F.);
#5921 = EDGE_LOOP('',(#5922,#5923,#5924,#5933));
#5922 = ORIENTED_EDGE('',*,*,#5856,.F.);
#5923 = ORIENTED_EDGE('',*,*,#5909,.T.);
#5924 = ORIENTED_EDGE('',*,*,#5925,.T.);
#5925 = EDGE_CURVE('',#5901,#5926,#5928,.T.);
#5926 = VERTEX_POINT('',#5927);
#5927 = CARTESIAN_POINT('',(2.5409244596,-26.88017304428,67.2945242));
#5928 = ELLIPSE('',#5929,31.0987880669,27.);
#5929 = AXIS2_PLACEMENT_3D('',#5930,#5931,#5932);
#5930 = CARTESIAN_POINT('',(0.,0.,67.2945242));
#5931 = DIRECTION('',(-0.494010408669,-4.669773251148E-02,-0.86820103542
    ));
#5932 = DIRECTION('',(-0.864347928493,-8.170493506479E-02,0.496212617831
    ));
#5933 = ORIENTED_EDGE('',*,*,#5934,.F.);
#5934 = EDGE_CURVE('',#5848,#5926,#5935,.T.);
#5935 = LINE('',#5936,#5937);
#5936 = CARTESIAN_POINT('',(0.,0.,67.2945242));
#5937 = VECTOR('',#5938,1.);
#5938 = DIRECTION('',(9.410831331851E-02,-0.995561964603,0.));
#5939 = PLANE('',#5940);
#5940 = AXIS2_PLACEMENT_3D('',#5941,#5942,#5943);
#5941 = CARTESIAN_POINT('',(5.549169604322,0.524550967543,64.1088071));
#5942 = DIRECTION('',(-0.494010408669,-4.669773251148E-02,-0.86820103542
    ));
#5943 = DIRECTION('',(-0.864347928493,-8.170493506479E-02,0.496212617831
    ));
#5944 = ADVANCED_FACE('',(#5945),#5964,.F.);
#5945 = FACE_BOUND('',#5946,.F.);
#5946 = EDGE_LOOP('',(#5947,#5948,#5949,#5958));
#5947 = ORIENTED_EDGE('',*,*,#5847,.F.);
#5948 = ORIENTED_EDGE('',*,*,#5934,.T.);
#5949 = ORIENTED_EDGE('',*,*,#5950,.T.);
#5950 = EDGE_CURVE('',#5926,#5951,#5953,.T.);
#5951 = VERTEX_POINT('',#5952);
#5952 = CARTESIAN_POINT('',(-8.716438000831,-25.55432856832,60.9310467)
  );
#5953 = ELLIPSE('',#5954,31.134269220488,27.);
#5954 = AXIS2_PLACEMENT_3D('',#5955,#5956,#5957);
#5955 = CARTESIAN_POINT('',(0.,0.,67.2945242));
#5956 = DIRECTION('',(0.495729889952,4.686027134794E-02,-0.867211618451)
  );
#5957 = DIRECTION('',(0.863362902592,8.161182270268E-02,0.497939764252)
  );
#5958 = ORIENTED_EDGE('',*,*,#5959,.F.);
#5959 = EDGE_CURVE('',#5839,#5951,#5960,.T.);
#5960 = LINE('',#5961,#5962);
#5961 = CARTESIAN_POINT('',(-11.03344380065,-1.042967512914,60.9310467)
  );
#5962 = VECTOR('',#5963,1.);
#5963 = DIRECTION('',(9.410831331851E-02,-0.995561964603,0.));
#5964 = PLANE('',#5965);
#5965 = AXIS2_PLACEMENT_3D('',#5966,#5967,#5968);
#5966 = CARTESIAN_POINT('',(0.,0.,67.2945242));
#5967 = DIRECTION('',(0.495729889952,4.686027134794E-02,-0.867211618451)
  );
#5968 = DIRECTION('',(-0.863362902592,-8.161182270268E-02,
    -0.497939764252));
#5969 = ADVANCED_FACE('',(#5970),#5989,.F.);
#5970 = FACE_BOUND('',#5971,.F.);
#5971 = EDGE_LOOP('',(#5972,#5973,#5974,#5983));
#5972 = ORIENTED_EDGE('',*,*,#5838,.F.);
#5973 = ORIENTED_EDGE('',*,*,#5959,.T.);
#5974 = ORIENTED_EDGE('',*,*,#5975,.T.);
#5975 = EDGE_CURVE('',#5951,#5976,#5978,.T.);
#5976 = VERTEX_POINT('',#5977);
#5977 = CARTESIAN_POINT('',(-8.748744559464,-25.5432861753,48.098998));
#5978 = ELLIPSE('',#5979,1.113180613116E+04,27.);
#5979 = AXIS2_PLACEMENT_3D('',#5980,#5981,#5982);
#5980 = CARTESIAN_POINT('',(0.,0.,4.630164878111E+03));
#5981 = DIRECTION('',(0.995559036171,9.410803650015E-02,
    -2.425482413355E-03));
#5982 = DIRECTION('',(2.41471803655E-03,2.282580589045E-04,
    0.999997058513));
#5983 = ORIENTED_EDGE('',*,*,#5984,.F.);
#5984 = EDGE_CURVE('',#5830,#5976,#5985,.T.);
#5985 = LINE('',#5986,#5987);
#5986 = CARTESIAN_POINT('',(-11.06442967123,-1.045896540058,48.098998));
#5987 = VECTOR('',#5988,1.);
#5988 = DIRECTION('',(9.410831331851E-02,-0.995561964603,0.));
#5989 = PLANE('',#5990);
#5990 = AXIS2_PLACEMENT_3D('',#5991,#5992,#5993);
#5991 = CARTESIAN_POINT('',(-11.03344380065,-1.042967512914,60.9310467)
  );
#5992 = DIRECTION('',(0.995559036171,9.410803650015E-02,
    -2.425482413355E-03));
#5993 = DIRECTION('',(-2.41471803655E-03,-2.282580589045E-04,
    -0.999997058513));
#5994 = ADVANCED_FACE('',(#5995),#6014,.F.);
#5995 = FACE_BOUND('',#5996,.F.);
#5996 = EDGE_LOOP('',(#5997,#5998,#5999,#6008));
#5997 = ORIENTED_EDGE('',*,*,#5829,.F.);
#5998 = ORIENTED_EDGE('',*,*,#5984,.T.);
#5999 = ORIENTED_EDGE('',*,*,#6000,.T.);
#6000 = EDGE_CURVE('',#5976,#6001,#6003,.T.);
#6001 = VERTEX_POINT('',#6002);
#6002 = CARTESIAN_POINT('',(2.534602272178,-26.88076991683,41.689964));
#6003 = ELLIPSE('',#6004,31.172263149427,27.);
#6004 = AXIS2_PLACEMENT_3D('',#6005,#6006,#6007);
#6005 = CARTESIAN_POINT('',(0.,0.,41.686299841053));
#6006 = DIRECTION('',(0.497558085763,4.703308673289E-02,0.866154628253)
  );
#6007 = DIRECTION('',(-0.862310603354,-8.151235113792E-02,0.499776109829
    ));
#6008 = ORIENTED_EDGE('',*,*,#6009,.F.);
#6009 = EDGE_CURVE('',#5821,#6001,#6010,.T.);
#6010 = LINE('',#6011,#6012);
#6011 = CARTESIAN_POINT('',(-6.322117143819E-03,-5.976160220666E-04,
    41.689964));
#6012 = VECTOR('',#6013,1.);
#6013 = DIRECTION('',(9.410831331851E-02,-0.995561964603,0.));
#6014 = PLANE('',#6015);
#6015 = AXIS2_PLACEMENT_3D('',#6016,#6017,#6018);
#6016 = CARTESIAN_POINT('',(-11.06442967123,-1.045896540058,48.098998));
#6017 = DIRECTION('',(0.497558085763,4.703308673289E-02,0.866154628253)
  );
#6018 = DIRECTION('',(0.862310603354,8.151235113792E-02,-0.499776109829)
  );
#6019 = ADVANCED_FACE('',(#6020),#6039,.F.);
#6020 = FACE_BOUND('',#6021,.F.);
#6021 = EDGE_LOOP('',(#6022,#6023,#6024,#6033));
#6022 = ORIENTED_EDGE('',*,*,#5820,.F.);
#6023 = ORIENTED_EDGE('',*,*,#6009,.T.);
#6024 = ORIENTED_EDGE('',*,*,#6025,.T.);
#6025 = EDGE_CURVE('',#6001,#6026,#6028,.T.);
#6026 = VERTEX_POINT('',#6027);
#6027 = CARTESIAN_POINT('',(13.378296722643,-23.45253028568,48.098998));
#6028 = ELLIPSE('',#6029,31.16470754915,27.);
#6029 = AXIS2_PLACEMENT_3D('',#6030,#6031,#6032);
#6030 = CARTESIAN_POINT('',(0.,0.,41.69362460196));
#6031 = DIRECTION('',(-0.49719559207,-4.699882099023E-02,0.866364619575)
  );
#6032 = DIRECTION('',(0.862519662727,8.153211306708E-02,0.499412000204)
  );
#6033 = ORIENTED_EDGE('',*,*,#6034,.F.);
#6034 = EDGE_CURVE('',#5812,#6026,#6035,.T.);
#6035 = LINE('',#6036,#6037);
#6036 = CARTESIAN_POINT('',(11.062530537234,1.045717019039,48.098998));
#6037 = VECTOR('',#6038,1.);
#6038 = DIRECTION('',(9.410831331851E-02,-0.995561964603,0.));
#6039 = PLANE('',#6040);
#6040 = AXIS2_PLACEMENT_3D('',#6041,#6042,#6043);
#6041 = CARTESIAN_POINT('',(-6.322117143819E-03,-5.976160220666E-04,
    41.689964));
#6042 = DIRECTION('',(-0.49719559207,-4.699882099023E-02,0.866364619575)
  );
#6043 = DIRECTION('',(0.862519662727,8.153211306708E-02,0.499412000204)
  );
#6044 = ADVANCED_FACE('',(#6045),#6057,.F.);
#6045 = FACE_BOUND('',#6046,.F.);
#6046 = EDGE_LOOP('',(#6047,#6048,#6049,#6056));
#6047 = ORIENTED_EDGE('',*,*,#5811,.F.);
#6048 = ORIENTED_EDGE('',*,*,#6034,.T.);
#6049 = ORIENTED_EDGE('',*,*,#6050,.T.);
#6050 = EDGE_CURVE('',#6026,#5893,#6051,.T.);
#6051 = ELLIPSE('',#6052,1.185256683535E+04,27.);
#6052 = AXIS2_PLACEMENT_3D('',#6053,#6054,#6055);
#6053 = CARTESIAN_POINT('',(0.,0.,4.926008159523E+03));
#6054 = DIRECTION('',(-0.995559381501,-9.410806914348E-02,
    -2.277987576453E-03));
#6055 = DIRECTION('',(-2.267877786955E-03,-2.143775685805E-04,
    0.999997405383));
#6056 = ORIENTED_EDGE('',*,*,#5892,.F.);
#6057 = PLANE('',#6058);
#6058 = AXIS2_PLACEMENT_3D('',#6059,#6060,#6061);
#6059 = CARTESIAN_POINT('',(11.062530537234,1.045717019039,48.098998));
#6060 = DIRECTION('',(-0.995559381501,-9.410806914348E-02,
    -2.277987576453E-03));
#6061 = DIRECTION('',(-2.267877786955E-03,-2.143775685805E-04,
    0.999997405383));
#6062 = ADVANCED_FACE('',(#6063),#6085,.F.);
#6063 = FACE_BOUND('',#6064,.F.);
#6064 = EDGE_LOOP('',(#6065,#6074,#6081,#6082,#6083,#6084));
#6065 = ORIENTED_EDGE('',*,*,#6066,.F.);
#6066 = EDGE_CURVE('',#6067,#202,#6069,.T.);
#6067 = VERTEX_POINT('',#6068);
#6068 = CARTESIAN_POINT('',(26.5,-6.E-15,94.2));
#6069 = CIRCLE('',#6070,26.5);
#6070 = AXIS2_PLACEMENT_3D('',#6071,#6072,#6073);
#6071 = CARTESIAN_POINT('',(0.,0.,94.2));
#6072 = DIRECTION('',(0.,0.,1.));
#6073 = DIRECTION('',(1.,0.,0.));
#6074 = ORIENTED_EDGE('',*,*,#6075,.F.);
#6075 = EDGE_CURVE('',#194,#6067,#6076,.T.);
#6076 = CIRCLE('',#6077,26.5);
#6077 = AXIS2_PLACEMENT_3D('',#6078,#6079,#6080);
#6078 = CARTESIAN_POINT('',(0.,0.,94.2));
#6079 = DIRECTION('',(0.,0.,1.));
#6080 = DIRECTION('',(1.,0.,0.));
#6081 = ORIENTED_EDGE('',*,*,#193,.F.);
#6082 = ORIENTED_EDGE('',*,*,#21,.T.);
#6083 = ORIENTED_EDGE('',*,*,#48,.T.);
#6084 = ORIENTED_EDGE('',*,*,#223,.T.);
#6085 = PLANE('',#6086);
#6086 = AXIS2_PLACEMENT_3D('',#6087,#6088,#6089);
#6087 = CARTESIAN_POINT('',(0.,0.,94.2));
#6088 = DIRECTION('',(0.,0.,1.));
#6089 = DIRECTION('',(1.,0.,0.));
#6090 = ADVANCED_FACE('',(#6091),#6112,.T.);
#6091 = FACE_BOUND('',#6092,.T.);
#6092 = EDGE_LOOP('',(#6093,#6101,#6102,#6103,#6104,#6105));
#6093 = ORIENTED_EDGE('',*,*,#6094,.T.);
#6094 = EDGE_CURVE('',#6095,#6067,#6097,.T.);
#6095 = VERTEX_POINT('',#6096);
#6096 = CARTESIAN_POINT('',(26.5,-6.E-15,92.8));
#6097 = LINE('',#6098,#6099);
#6098 = CARTESIAN_POINT('',(26.5,-6.49E-15,91.8));
#6099 = VECTOR('',#6100,1.);
#6100 = DIRECTION('',(0.,0.,1.));
#6101 = ORIENTED_EDGE('',*,*,#6075,.F.);
#6102 = ORIENTED_EDGE('',*,*,#201,.T.);
#6103 = ORIENTED_EDGE('',*,*,#6066,.F.);
#6104 = ORIENTED_EDGE('',*,*,#6094,.F.);
#6105 = ORIENTED_EDGE('',*,*,#6106,.T.);
#6106 = EDGE_CURVE('',#6095,#6095,#6107,.T.);
#6107 = CIRCLE('',#6108,26.5);
#6108 = AXIS2_PLACEMENT_3D('',#6109,#6110,#6111);
#6109 = CARTESIAN_POINT('',(0.,0.,92.8));
#6110 = DIRECTION('',(0.,0.,1.));
#6111 = DIRECTION('',(1.,0.,0.));
#6112 = CYLINDRICAL_SURFACE('',#6113,26.5);
#6113 = AXIS2_PLACEMENT_3D('',#6114,#6115,#6116);
#6114 = CARTESIAN_POINT('',(0.,0.,91.8));
#6115 = DIRECTION('',(0.,0.,1.));
#6116 = DIRECTION('',(1.,0.,0.));
#6117 = ADVANCED_FACE('',(#6118),#6137,.T.);
#6118 = FACE_BOUND('',#6119,.T.);
#6119 = EDGE_LOOP('',(#6120,#6128,#6129,#6130));
#6120 = ORIENTED_EDGE('',*,*,#6121,.F.);
#6121 = EDGE_CURVE('',#5872,#6122,#6124,.T.);
#6122 = VERTEX_POINT('',#6123);
#6123 = CARTESIAN_POINT('',(27.,-7.E-15,87.8));
#6124 = LINE('',#6125,#6126);
#6125 = CARTESIAN_POINT('',(27.,-6.61E-15,8.));
#6126 = VECTOR('',#6127,1.);
#6127 = DIRECTION('',(0.,0.,1.));
#6128 = ORIENTED_EDGE('',*,*,#5871,.T.);
#6129 = ORIENTED_EDGE('',*,*,#6121,.T.);
#6130 = ORIENTED_EDGE('',*,*,#6131,.F.);
#6131 = EDGE_CURVE('',#6122,#6122,#6132,.T.);
#6132 = CIRCLE('',#6133,27.);
#6133 = AXIS2_PLACEMENT_3D('',#6134,#6135,#6136);
#6134 = CARTESIAN_POINT('',(0.,0.,87.8));
#6135 = DIRECTION('',(0.,0.,1.));
#6136 = DIRECTION('',(1.,0.,0.));
#6137 = CYLINDRICAL_SURFACE('',#6138,27.);
#6138 = AXIS2_PLACEMENT_3D('',#6139,#6140,#6141);
#6139 = CARTESIAN_POINT('',(0.,0.,8.));
#6140 = DIRECTION('',(0.,0.,1.));
#6141 = DIRECTION('',(1.,0.,0.));
#6142 = ADVANCED_FACE('',(#6143,#6152,#6244,#6399,#6527,#7330),#7449,.T.
  );
#6143 = FACE_BOUND('',#6144,.T.);
#6144 = EDGE_LOOP('',(#6145,#6146,#6147,#6148,#6149,#6150,#6151));
#6145 = ORIENTED_EDGE('',*,*,#6050,.T.);
#6146 = ORIENTED_EDGE('',*,*,#5900,.T.);
#6147 = ORIENTED_EDGE('',*,*,#5925,.T.);
#6148 = ORIENTED_EDGE('',*,*,#5950,.T.);
#6149 = ORIENTED_EDGE('',*,*,#5975,.T.);
#6150 = ORIENTED_EDGE('',*,*,#6000,.T.);
#6151 = ORIENTED_EDGE('',*,*,#6025,.T.);
#6152 = FACE_BOUND('',#6153,.T.);
#6153 = EDGE_LOOP('',(#6154,#6165,#6174,#6183,#6192,#6201,#6210,#6219,
    #6228,#6237));
#6154 = ORIENTED_EDGE('',*,*,#6155,.T.);
#6155 = EDGE_CURVE('',#6156,#6158,#6160,.T.);
#6156 = VERTEX_POINT('',#6157);
#6157 = CARTESIAN_POINT('',(-2.663986824862,-26.86825588304,50.739267));
#6158 = VERTEX_POINT('',#6159);
#6159 = CARTESIAN_POINT('',(-2.879941014117,-26.84596691786,50.9294999)
  );
#6160 = ELLIPSE('',#6161,36.208322879812,27.);
#6161 = AXIS2_PLACEMENT_3D('',#6162,#6163,#6164);
#6162 = CARTESIAN_POINT('',(0.,0.,46.11011691443));
#6163 = DIRECTION('',(-0.663341685277,-6.270425084002E-02,
    -0.745684910335));
#6164 = DIRECTION('',(-0.742375534308,-7.017514917866E-02,0.666298742682
    ));
#6165 = ORIENTED_EDGE('',*,*,#6166,.T.);
#6166 = EDGE_CURVE('',#6158,#6167,#6169,.T.);
#6167 = VERTEX_POINT('',#6168);
#6168 = CARTESIAN_POINT('',(-3.074295515898,-26.8244050648,51.188557));
#6169 = ELLIPSE('',#6170,45.426816781319,27.);
#6170 = AXIS2_PLACEMENT_3D('',#6171,#6172,#6173);
#6171 = CARTESIAN_POINT('',(0.,0.,43.631751358259));
#6172 = DIRECTION('',(-0.800628136696,-7.568164134302E-02,
    -0.594362579486));
#6173 = DIRECTION('',(-0.59172477732,-5.59344598551E-02,0.804197192302)
  );
#6174 = ORIENTED_EDGE('',*,*,#6175,.T.);
#6175 = EDGE_CURVE('',#6167,#6176,#6178,.T.);
#6176 = VERTEX_POINT('',#6177);
#6177 = CARTESIAN_POINT('',(-3.083573310457,-26.82334012831,51.7444467)
  );
#6178 = ELLIPSE('',#6179,1.642993844107E+03,27.);
#6179 = AXIS2_PLACEMENT_3D('',#6180,#6181,#6182);
#6180 = CARTESIAN_POINT('',(0.,0.,-288.6249840065));
#6181 = DIRECTION('',(-0.99542752622,-9.409560514974E-02,
    -1.643341519315E-02));
#6182 = DIRECTION('',(-1.636048311483E-02,-1.54652098589E-03,
    0.999864962315));
#6183 = ORIENTED_EDGE('',*,*,#6184,.T.);
#6184 = EDGE_CURVE('',#6176,#6185,#6187,.T.);
#6185 = VERTEX_POINT('',#6186);
#6186 = CARTESIAN_POINT('',(-2.996338627146,-26.833224831,51.9353824));
#6187 = ELLIPSE('',#6188,65.79753429743,27.);
#6188 = AXIS2_PLACEMENT_3D('',#6189,#6190,#6191);
#6189 = CARTESIAN_POINT('',(0.,0.,64.176519464593));
#6190 = DIRECTION('',(-0.907881064508,-8.582002799668E-02,0.41034972341)
  );
#6191 = DIRECTION('',(0.408528576812,3.861732034082E-02,0.911928234291)
  );
#6192 = ORIENTED_EDGE('',*,*,#6193,.T.);
#6193 = EDGE_CURVE('',#6185,#6194,#6196,.T.);
#6194 = VERTEX_POINT('',#6195);
#6195 = CARTESIAN_POINT('',(-2.663986824862,-26.86825588304,52.2386908)
  );
#6196 = ELLIPSE('',#6197,36.79637458255,27.);
#6197 = AXIS2_PLACEMENT_3D('',#6198,#6199,#6200);
#6198 = CARTESIAN_POINT('',(0.,0.,57.035523255505));
#6199 = DIRECTION('',(-0.676384981413,-6.393720533521E-02,0.733767940628
    ));
#6200 = DIRECTION('',(0.730511452534,6.905366325966E-02,0.679400183476)
  );
#6201 = ORIENTED_EDGE('',*,*,#6202,.T.);
#6202 = EDGE_CURVE('',#6194,#6203,#6205,.T.);
#6203 = VERTEX_POINT('',#6204);
#6204 = CARTESIAN_POINT('',(-0.873818415233,-26.98585632099,52.2386908)
  );
#6205 = CIRCLE('',#6206,27.);
#6206 = AXIS2_PLACEMENT_3D('',#6207,#6208,#6209);
#6207 = CARTESIAN_POINT('',(0.,0.,52.2386908));
#6208 = DIRECTION('',(0.,0.,1.));
#6209 = DIRECTION('',(1.,0.,0.));
#6210 = ORIENTED_EDGE('',*,*,#6211,.T.);
#6211 = EDGE_CURVE('',#6203,#6212,#6214,.T.);
#6212 = VERTEX_POINT('',#6213);
#6213 = CARTESIAN_POINT('',(-0.465461778479,-26.99598757839,51.7756711)
  );
#6214 = ELLIPSE('',#6215,40.976308698319,27.);
#6215 = AXIS2_PLACEMENT_3D('',#6216,#6217,#6218);
#6216 = CARTESIAN_POINT('',(0.,0.,48.346391152212));
#6217 = DIRECTION('',(0.748877002835,7.078971889805E-02,0.658917331934)
  );
#6218 = DIRECTION('',(-0.655993033491,-6.200959872464E-02,0.752215361234
    ));
#6219 = ORIENTED_EDGE('',*,*,#6220,.T.);
#6220 = EDGE_CURVE('',#6212,#6221,#6223,.T.);
#6221 = VERTEX_POINT('',#6222);
#6222 = CARTESIAN_POINT('',(-0.462431428629,-26.99603965721,51.1471671)
  );
#6223 = ELLIPSE('',#6224,5.634064696114E+03,27.);
#6224 = AXIS2_PLACEMENT_3D('',#6225,#6226,#6227);
#6225 = CARTESIAN_POINT('',(0.,0.,-575.0470806999));
#6226 = DIRECTION('',(0.995550532539,9.410723267026E-02,
    4.792277237892E-03));
#6227 = DIRECTION('',(-4.771008941879E-03,-4.509931278127E-04,
    0.999988516974));
#6228 = ORIENTED_EDGE('',*,*,#6229,.T.);
#6229 = EDGE_CURVE('',#6221,#6230,#6232,.T.);
#6230 = VERTEX_POINT('',#6231);
#6231 = CARTESIAN_POINT('',(-0.811183721754,-26.98781171139,50.739267));
#6232 = ELLIPSE('',#6233,41.709192126125,27.);
#6233 = AXIS2_PLACEMENT_3D('',#6234,#6235,#6236);
#6234 = CARTESIAN_POINT('',(0.,0.,54.680577334452));
#6235 = DIRECTION('',(0.758819267063,7.172953957254E-02,-0.647339318353)
  );
#6236 = DIRECTION('',(0.644466403545,6.0920011395E-02,0.76220194628));
#6237 = ORIENTED_EDGE('',*,*,#6238,.F.);
#6238 = EDGE_CURVE('',#6156,#6230,#6239,.T.);
#6239 = CIRCLE('',#6240,27.);
#6240 = AXIS2_PLACEMENT_3D('',#6241,#6242,#6243);
#6241 = CARTESIAN_POINT('',(0.,0.,50.739267));
#6242 = DIRECTION('',(0.,0.,1.));
#6243 = DIRECTION('',(1.,0.,0.));
#6244 = FACE_BOUND('',#6245,.T.);
#6245 = EDGE_LOOP('',(#6246,#6257,#6266,#6275,#6284,#6293,#6302,#6311,
    #6320,#6329,#6338,#6347,#6356,#6365,#6374,#6383,#6392));
#6246 = ORIENTED_EDGE('',*,*,#6247,.T.);
#6247 = EDGE_CURVE('',#6248,#6250,#6252,.T.);
#6248 = VERTEX_POINT('',#6249);
#6249 = CARTESIAN_POINT('',(-2.798983117099,-26.85452836134,53.7466988)
  );
#6250 = VERTEX_POINT('',#6251);
#6251 = CARTESIAN_POINT('',(-3.637696254855,-26.7538252584,53.7834452));
#6252 = ELLIPSE('',#6253,27.026736195728,27.);
#6253 = AXIS2_PLACEMENT_3D('',#6254,#6255,#6256);
#6254 = CARTESIAN_POINT('',(0.,0.,53.510163891307));
#6255 = DIRECTION('',(-4.427197183806E-02,-4.184933479882E-03,
    -0.999010750113));
#6256 = DIRECTION('',(-0.994577105042,-9.40152166802E-02,
    4.446932829109E-02));
#6257 = ORIENTED_EDGE('',*,*,#6258,.T.);
#6258 = EDGE_CURVE('',#6250,#6259,#6261,.T.);
#6259 = VERTEX_POINT('',#6260);
#6260 = CARTESIAN_POINT('',(-3.900426122892,-26.71678640966,53.9172282)
  );
#6261 = ELLIPSE('',#6262,30.412111597945,27.);
#6262 = AXIS2_PLACEMENT_3D('',#6263,#6264,#6265);
#6263 = CARTESIAN_POINT('',(0.,0.,50.600939938183));
#6264 = DIRECTION('',(-0.458178909496,-4.331065860672E-02,-0.8878041866)
  );
#6265 = DIRECTION('',(-0.883864080194,-8.354975455803E-02,0.460221388307
    ));
#6266 = ORIENTED_EDGE('',*,*,#6267,.T.);
#6267 = EDGE_CURVE('',#6259,#6268,#6270,.T.);
#6268 = VERTEX_POINT('',#6269);
#6269 = CARTESIAN_POINT('',(-4.081433089672,-26.68973405514,54.1688808)
  );
#6270 = ELLIPSE('',#6271,46.815831333669,27.);
#6271 = AXIS2_PLACEMENT_3D('',#6272,#6273,#6274);
#6272 = CARTESIAN_POINT('',(0.,0.,44.855316914665));
#6273 = DIRECTION('',(-0.813310655877,-7.688049237507E-02,-0.57672798348
    ));
#6274 = DIRECTION('',(-0.574168444275,-5.427489776888E-02,0.816936247862
    ));
#6275 = ORIENTED_EDGE('',*,*,#6276,.T.);
#6276 = EDGE_CURVE('',#6268,#6277,#6279,.T.);
#6277 = VERTEX_POINT('',#6278);
#6278 = CARTESIAN_POINT('',(-4.155758041457,-26.6782622204,54.4834591));
#6279 = ELLIPSE('',#6280,119.57391702479,27.);
#6280 = AXIS2_PLACEMENT_3D('',#6281,#6282,#6283);
#6281 = CARTESIAN_POINT('',(0.,0.,25.80225636));
#6282 = DIRECTION('',(-0.969849858966,-9.167780373756E-02,
    -0.225801752354));
#6283 = DIRECTION('',(-0.224799636184,-2.124982205838E-02,0.97417327444)
  );
#6284 = ORIENTED_EDGE('',*,*,#6285,.T.);
#6285 = EDGE_CURVE('',#6277,#6286,#6288,.T.);
#6286 = VERTEX_POINT('',#6287);
#6287 = CARTESIAN_POINT('',(-4.098522191009,-26.68711516537,54.8059941)
  );
#6288 = ELLIPSE('',#6289,157.42872547522,27.);
#6289 = AXIS2_PLACEMENT_3D('',#6290,#6291,#6292);
#6290 = CARTESIAN_POINT('',(0.,0.,92.671343572508));
#6291 = DIRECTION('',(-0.980810766058,-9.271391451271E-02,0.171506184265
    ));
#6292 = DIRECTION('',(0.170745033749,1.61401577249E-02,0.985183043276));
#6293 = ORIENTED_EDGE('',*,*,#6294,.T.);
#6294 = EDGE_CURVE('',#6286,#6295,#6297,.T.);
#6295 = VERTEX_POINT('',#6296);
#6296 = CARTESIAN_POINT('',(-3.954807640009,-26.70879062276,55.0327475)
  );
#6297 = ELLIPSE('',#6298,51.121277287876,27.);
#6298 = AXIS2_PLACEMENT_3D('',#6299,#6300,#6301);
#6299 = CARTESIAN_POINT('',(0.,0.,65.404042047108));
#6300 = DIRECTION('',(-0.845378927331,-7.991183652525E-02,0.528155817547
    ));
#6301 = DIRECTION('',(0.525811843333,4.970385315866E-02,0.849147473877)
  );
#6302 = ORIENTED_EDGE('',*,*,#6303,.T.);
#6303 = EDGE_CURVE('',#6295,#6304,#6306,.T.);
#6304 = VERTEX_POINT('',#6305);
#6305 = CARTESIAN_POINT('',(-3.730984773493,-26.74097516209,55.173684));
#6306 = ELLIPSE('',#6307,32.073671946638,27.);
#6307 = AXIS2_PLACEMENT_3D('',#6308,#6309,#6310);
#6308 = CARTESIAN_POINT('',(0.,0.,59.168993167409));
#6309 = DIRECTION('',(-0.537375408454,-5.079693189022E-02,0.841811939865
    ));
#6310 = DIRECTION('',(0.838075948679,7.92215017921E-02,0.539770930952));
#6311 = ORIENTED_EDGE('',*,*,#6312,.T.);
#6312 = EDGE_CURVE('',#6304,#6313,#6315,.T.);
#6313 = VERTEX_POINT('',#6314);
#6314 = CARTESIAN_POINT('',(-3.072715263177,-26.82458612749,55.2580702)
  );
#6315 = ELLIPSE('',#6316,27.228345184926,27.);
#6316 = AXIS2_PLACEMENT_3D('',#6317,#6318,#6319);
#6317 = CARTESIAN_POINT('',(0.,0.,55.98576868775));
#6318 = DIRECTION('',(-0.128663734675,-1.216230379025E-02,0.991613695824
    ));
#6319 = DIRECTION('',(0.987212879142,9.331909237755E-02,0.129237294362)
  );
#6320 = ORIENTED_EDGE('',*,*,#6321,.T.);
#6321 = EDGE_CURVE('',#6313,#6322,#6324,.T.);
#6322 = VERTEX_POINT('',#6323);
#6323 = CARTESIAN_POINT('',(-2.299875988551,-26.90186927403,55.220872));
#6324 = ELLIPSE('',#6325,27.03214058645,27.);
#6325 = AXIS2_PLACEMENT_3D('',#6326,#6327,#6328);
#6326 = CARTESIAN_POINT('',(0.,0.,54.985552099947));
#6327 = DIRECTION('',(4.853341417831E-02,4.587758382001E-03,
    0.998811023258));
#6328 = DIRECTION('',(-0.994378264582,-9.399642072273E-02,
    4.874976737149E-02));
#6329 = ORIENTED_EDGE('',*,*,#6330,.T.);
#6330 = EDGE_CURVE('',#6322,#6331,#6333,.T.);
#6331 = VERTEX_POINT('',#6332);
#6332 = CARTESIAN_POINT('',(-2.003006561634,-26.92560054509,55.1245131)
  );
#6333 = ELLIPSE('',#6334,28.419608321768,27.);
#6334 = AXIS2_PLACEMENT_3D('',#6335,#6336,#6337);
#6335 = CARTESIAN_POINT('',(0.,0.,53.636994226134));
#6336 = DIRECTION('',(0.310717849286,2.937148440174E-02,0.950048279846)
  );
#6337 = DIRECTION('',(-0.945831931952,-8.940744118749E-02,0.31210297333)
  );
#6338 = ORIENTED_EDGE('',*,*,#6339,.T.);
#6339 = EDGE_CURVE('',#6331,#6340,#6342,.T.);
#6340 = VERTEX_POINT('',#6341);
#6341 = CARTESIAN_POINT('',(-1.880321331291,-26.93444619239,54.9758207)
  );
#6342 = ELLIPSE('',#6343,42.711557875101,27.);
#6343 = AXIS2_PLACEMENT_3D('',#6344,#6345,#6346);
#6344 = CARTESIAN_POINT('',(0.,0.,49.574314680799));
#6345 = DIRECTION('',(0.771409357296,7.29196534966E-02,0.632147393896));
#6346 = DIRECTION('',(-0.629341901386,-5.949032500828E-02,0.774848160861
    ));
#6347 = ORIENTED_EDGE('',*,*,#6348,.T.);
#6348 = EDGE_CURVE('',#6340,#6349,#6351,.T.);
#6349 = VERTEX_POINT('',#6350);
#6350 = CARTESIAN_POINT('',(-1.76669541459,-26.94213776432,54.6750976));
#6351 = ELLIPSE('',#6352,77.120020598468,27.);
#6352 = AXIS2_PLACEMENT_3D('',#6353,#6354,#6355);
#6353 = CARTESIAN_POINT('',(0.,0.,43.185500803238));
#6354 = DIRECTION('',(0.932553813181,8.8152289418E-02,0.350103640928));
#6355 = DIRECTION('',(-0.348549868577,-3.294766313445E-02,0.936710969621
    ));
#6356 = ORIENTED_EDGE('',*,*,#6357,.T.);
#6357 = EDGE_CURVE('',#6349,#6358,#6360,.T.);
#6358 = VERTEX_POINT('',#6359);
#6359 = CARTESIAN_POINT('',(-1.751271397453,-26.94314474022,54.3484462)
  );
#6360 = ELLIPSE('',#6361,578.55470372109,27.);
#6361 = AXIS2_PLACEMENT_3D('',#6362,#6363,#6364);
#6362 = CARTESIAN_POINT('',(0.,0.,-37.24342439769));
#6363 = DIRECTION('',(0.994477254645,9.400577803868E-02,
    4.666801570594E-02));
#6364 = DIRECTION('',(-4.646090140033E-02,-4.391848244008E-03,
    0.9989104546));
#6365 = ORIENTED_EDGE('',*,*,#6366,.T.);
#6366 = EDGE_CURVE('',#6358,#6367,#6369,.T.);
#6367 = VERTEX_POINT('',#6368);
#6368 = CARTESIAN_POINT('',(-1.803229346766,-26.93971722054,54.1537204)
  );
#6369 = ELLIPSE('',#6370,105.78211004676,27.);
#6370 = AXIS2_PLACEMENT_3D('',#6371,#6372,#6373);
#6371 = CARTESIAN_POINT('',(0.,0.,70.557942835644));
#6372 = DIRECTION('',(0.962586258315,9.099119132153E-02,-0.255241647081)
  );
#6373 = DIRECTION('',(0.254108875616,2.40203608954E-02,0.96687729397));
#6374 = ORIENTED_EDGE('',*,*,#6375,.T.);
#6375 = EDGE_CURVE('',#6367,#6376,#6378,.T.);
#6376 = VERTEX_POINT('',#6377);
#6377 = CARTESIAN_POINT('',(-2.00709445152,-26.92529613324,53.918182));
#6378 = ELLIPSE('',#6379,41.52199072872,27.);
#6379 = AXIS2_PLACEMENT_3D('',#6380,#6381,#6382);
#6380 = CARTESIAN_POINT('',(0.,0.,59.213133325));
#6381 = DIRECTION('',(0.756341956034,7.149536473382E-02,-0.65025783991)
  );
#6382 = DIRECTION('',(0.647371972599,6.119466853602E-02,0.759713591846)
  );
#6383 = ORIENTED_EDGE('',*,*,#6384,.T.);
#6384 = EDGE_CURVE('',#6376,#6385,#6387,.T.);
#6385 = VERTEX_POINT('',#6386);
#6386 = CARTESIAN_POINT('',(-2.326107866098,-26.89961379267,53.791929));
#6387 = ELLIPSE('',#6388,29.085643159769,27.);
#6388 = AXIS2_PLACEMENT_3D('',#6389,#6390,#6391);
#6389 = CARTESIAN_POINT('',(0.,0.,55.733613068965));
#6390 = DIRECTION('',(0.370199202965,3.499412776062E-02,-0.928293036248)
  );
#6391 = DIRECTION('',(0.924173238894,8.736009190659E-02,0.371849484138)
  );
#6392 = ORIENTED_EDGE('',*,*,#6393,.T.);
#6393 = EDGE_CURVE('',#6385,#6248,#6394,.T.);
#6394 = ELLIPSE('',#6395,27.126592453439,27.);
#6395 = AXIS2_PLACEMENT_3D('',#6396,#6397,#6398);
#6396 = CARTESIAN_POINT('',(0.,0.,54.261868514908));
#6397 = DIRECTION('',(9.606878657784E-02,9.081174039228E-03,
    -0.995333271082));
#6398 = DIRECTION('',(0.990915946794,9.366913533136E-02,
    9.649704387425E-02));
#6399 = FACE_BOUND('',#6400,.T.);
#6400 = EDGE_LOOP('',(#6401,#6412,#6421,#6430,#6439,#6448,#6457,#6466,
    #6475,#6484,#6493,#6502,#6511,#6520));
#6401 = ORIENTED_EDGE('',*,*,#6402,.T.);
#6402 = EDGE_CURVE('',#6403,#6405,#6407,.T.);
#6403 = VERTEX_POINT('',#6404);
#6404 = CARTESIAN_POINT('',(-5.341433718437,-26.46637651495,56.7441659)
  );
#6405 = VERTEX_POINT('',#6406);
#6406 = CARTESIAN_POINT('',(-6.284681935706,-26.2583848126,56.8043557));
#6407 = ELLIPSE('',#6408,27.057786003454,27.);
#6408 = AXIS2_PLACEMENT_3D('',#6409,#6410,#6411);
#6409 = CARTESIAN_POINT('',(0.,0.,56.233024976477));
#6410 = DIRECTION('',(-6.503041047975E-02,-6.147183663349E-03,
    -0.997864348419));
#6411 = DIRECTION('',(-0.993435791119,-9.39073307504E-02,
    6.532030430238E-02));
#6412 = ORIENTED_EDGE('',*,*,#6413,.T.);
#6413 = EDGE_CURVE('',#6405,#6414,#6416,.T.);
#6414 = VERTEX_POINT('',#6415);
#6415 = CARTESIAN_POINT('',(-6.653642934832,-26.16732763764,57.022048));
#6416 = ELLIPSE('',#6417,31.582001510169,27.);
#6417 = AXIS2_PLACEMENT_3D('',#6418,#6419,#6420);
#6418 = CARTESIAN_POINT('',(0.,0.,51.508247625432));
#6419 = DIRECTION('',(-0.516461988357,-4.882003164592E-02,
    -0.854917317109));
#6420 = DIRECTION('',(-0.851123163794,-8.04548267399E-02,0.518764282606)
  );
#6421 = ORIENTED_EDGE('',*,*,#6422,.T.);
#6422 = EDGE_CURVE('',#6414,#6423,#6425,.T.);
#6423 = VERTEX_POINT('',#6424);
#6424 = CARTESIAN_POINT('',(-6.793824675315,-26.13128290538,57.2383849)
  );
#6425 = ELLIPSE('',#6426,50.686305915802,27.);
#6426 = AXIS2_PLACEMENT_3D('',#6427,#6428,#6429);
#6427 = CARTESIAN_POINT('',(0.,0.,42.585537732516));
#6428 = DIRECTION('',(-0.842555577728,-7.964495141068E-02,
    -0.532688257946));
#6429 = DIRECTION('',(-0.530324168602,-5.013039347986E-02,0.846311538292
    ));
#6430 = ORIENTED_EDGE('',*,*,#6431,.T.);
#6431 = EDGE_CURVE('',#6423,#6432,#6434,.T.);
#6432 = VERTEX_POINT('',#6433);
#6433 = CARTESIAN_POINT('',(-6.844283282648,-26.11811222785,57.4873769)
  );
#6434 = ELLIPSE('',#6435,139.84433796375,27.);
#6435 = AXIS2_PLACEMENT_3D('',#6436,#6437,#6438);
#6436 = CARTESIAN_POINT('',(0.,0.,10.368192047541));
#6437 = DIRECTION('',(-0.976830096112,-9.233763041615E-02,
    -0.193071813941));
#6438 = DIRECTION('',(-0.192214954396,-1.816966275931E-02,0.981184628223
    ));
#6439 = ORIENTED_EDGE('',*,*,#6440,.T.);
#6440 = EDGE_CURVE('',#6432,#6441,#6443,.T.);
#6441 = VERTEX_POINT('',#6442);
#6442 = CARTESIAN_POINT('',(-6.742394154092,-26.14460022778,57.8764771)
  );
#6443 = ELLIPSE('',#6444,109.55722312072,27.);
#6444 = AXIS2_PLACEMENT_3D('',#6445,#6446,#6447);
#6445 = CARTESIAN_POINT('',(0.,0.,93.949086052512));
#6446 = DIRECTION('',(-0.964855233581,-9.120567263239E-02,0.246446553052
    ));
#6447 = DIRECTION('',(0.245352814526,2.319266943084E-02,0.969156383918)
  );
#6448 = ORIENTED_EDGE('',*,*,#6449,.T.);
#6449 = EDGE_CURVE('',#6441,#6450,#6452,.T.);
#6450 = VERTEX_POINT('',#6451);
#6451 = CARTESIAN_POINT('',(-6.386697610199,-26.2337586639,58.2210248));
#6452 = ELLIPSE('',#6453,38.118676033477,27.);
#6453 = AXIS2_PLACEMENT_3D('',#6454,#6455,#6456);
#6454 = CARTESIAN_POINT('',(0.,0.,67.018072508436));
#6455 = DIRECTION('',(-0.70276448734,-6.643080281806E-02,0.7083142126));
#6456 = DIRECTION('',(0.705170689052,6.66582558473E-02,0.705897284475));
#6457 = ORIENTED_EDGE('',*,*,#6458,.T.);
#6458 = EDGE_CURVE('',#6450,#6459,#6461,.T.);
#6459 = VERTEX_POINT('',#6460);
#6460 = CARTESIAN_POINT('',(-5.323005864784,-26.47008894135,58.2689407)
  );
#6461 = ELLIPSE('',#6462,27.028822368036,27.);
#6462 = AXIS2_PLACEMENT_3D('',#6463,#6464,#6465);
#6463 = CARTESIAN_POINT('',(0.,0.,58.62900135704));
#6464 = DIRECTION('',(-4.596409911217E-02,-4.344886601183E-03,
    0.998933643218));
#6465 = DIRECTION('',(0.99450034035,9.400796028038E-02,
    4.616899876292E-02));
#6466 = ORIENTED_EDGE('',*,*,#6467,.T.);
#6467 = EDGE_CURVE('',#6459,#6468,#6470,.T.);
#6468 = VERTEX_POINT('',#6469);
#6469 = CARTESIAN_POINT('',(-4.263558986914,-26.66124649683,58.2210248)
  );
#6470 = ELLIPSE('',#6471,27.028820973209,27.);
#6471 = AXIS2_PLACEMENT_3D('',#6472,#6473,#6474);
#6472 = CARTESIAN_POINT('',(0.,0.,57.90888876008));
#6473 = DIRECTION('',(4.596298868663E-02,4.344781635065E-03,
    0.998933694768));
#6474 = DIRECTION('',(-0.994500391672,-9.400796513168E-02,
    4.616788338731E-02));
#6475 = ORIENTED_EDGE('',*,*,#6476,.T.);
#6476 = EDGE_CURVE('',#6468,#6477,#6479,.T.);
#6477 = VERTEX_POINT('',#6478);
#6478 = CARTESIAN_POINT('',(-3.906817370445,-26.71585256049,57.8720344)
  );
#6479 = ELLIPSE('',#6480,38.127675040131,27.);
#6480 = AXIS2_PLACEMENT_3D('',#6481,#6482,#6483);
#6481 = CARTESIAN_POINT('',(0.,0.,51.487199348698));
#6482 = DIRECTION('',(0.702931454132,6.644658582681E-02,0.708147034184)
  );
#6483 = DIRECTION('',(-0.70500425258,-6.664252296856E-02,0.706064995575)
  );
#6484 = ORIENTED_EDGE('',*,*,#6485,.T.);
#6485 = EDGE_CURVE('',#6477,#6486,#6488,.T.);
#6486 = VERTEX_POINT('',#6487);
#6487 = CARTESIAN_POINT('',(-3.807233163275,-26.73022588083,57.4811019)
  );
#6488 = ELLIPSE('',#6489,111.26334351871,27.);
#6489 = AXIS2_PLACEMENT_3D('',#6490,#6491,#6492);
#6490 = CARTESIAN_POINT('',(0.,0.,32.272176855082));
#6491 = DIRECTION('',(0.965804135694,9.129537029115E-02,0.242667523248)
  );
#6492 = DIRECTION('',(-0.24159055619,-2.283703131007E-02,0.970109516065)
  );
#6493 = ORIENTED_EDGE('',*,*,#6494,.T.);
#6494 = EDGE_CURVE('',#6486,#6495,#6497,.T.);
#6495 = VERTEX_POINT('',#6496);
#6496 = CARTESIAN_POINT('',(-3.86264412449,-26.72227498488,57.2327625));
#6497 = ELLIPSE('',#6498,126.14211007418,27.);
#6498 = AXIS2_PLACEMENT_3D('',#6499,#6500,#6501);
#6499 = CARTESIAN_POINT('',(0.,0.,86.258918995019));
#6500 = DIRECTION('',(0.972488774382,9.192725468856E-02,-0.214044302764)
  );
#6501 = DIRECTION('',(0.213094366572,2.014334830855E-02,0.976823953665)
  );
#6502 = ORIENTED_EDGE('',*,*,#6503,.T.);
#6503 = EDGE_CURVE('',#6495,#6504,#6506,.T.);
#6504 = VERTEX_POINT('',#6505);
#6505 = CARTESIAN_POINT('',(-4.010402029918,-26.70049953762,57.0175551)
  );
#6506 = ELLIPSE('',#6507,48.308202523091,27.);
#6507 = AXIS2_PLACEMENT_3D('',#6508,#6509,#6510);
#6508 = CARTESIAN_POINT('',(0.,0.,66.669191768939));
#6509 = DIRECTION('',(0.825547309953,7.80371967457E-02,-0.558911294352)
  );
#6510 = DIRECTION('',(0.556430826244,5.259819920614E-02,0.829227450731)
  );
#6511 = ORIENTED_EDGE('',*,*,#6512,.T.);
#6512 = EDGE_CURVE('',#6504,#6513,#6515,.T.);
#6513 = VERTEX_POINT('',#6514);
#6514 = CARTESIAN_POINT('',(-4.395655725797,-26.63978623676,56.8005656)
  );
#6515 = ELLIPSE('',#6516,31.135873065659,27.);
#6516 = AXIS2_PLACEMENT_3D('',#6517,#6518,#6519);
#6517 = CARTESIAN_POINT('',(0.,0.,60.753600249904));
#6518 = DIRECTION('',(0.495807335766,4.686759213273E-02,-0.867166947368)
  );
#6519 = DIRECTION('',(0.863318429761,8.160761878241E-02,0.498017555305)
  );
#6520 = ORIENTED_EDGE('',*,*,#6521,.T.);
#6521 = EDGE_CURVE('',#6513,#6403,#6522,.T.);
#6522 = ELLIPSE('',#6523,27.050113612381,27.);
#6523 = AXIS2_PLACEMENT_3D('',#6524,#6525,#6526);
#6524 = CARTESIAN_POINT('',(0.,0.,57.220132366975));
#6525 = DIRECTION('',(6.057248106737E-02,5.725785264446E-03,
    -0.998147378858));
#6526 = DIRECTION('',(0.993717565459,9.393396626759E-02,
    6.084250224597E-02));
#6527 = FACE_BOUND('',#6528,.T.);
#6528 = EDGE_LOOP('',(#6529,#6540,#6549,#6558,#6567,#6576,#6585,#6594,
    #6603,#6612,#6621,#6630,#6639,#6648,#6657,#6666,#6675,#6684,#6693,
    #6702,#6711,#6720,#6729,#6738,#6747,#6756,#6765,#6774,#6783,#6792,
    #6801,#6810,#6819,#6828,#6837,#6846,#6855,#6864,#6873,#6882,#6891,
    #6900,#6909,#6918,#6927,#6936,#6945,#6954,#6963,#6972,#6981,#6990,
    #6999,#7008,#7017,#7026,#7035,#7044,#7053,#7062,#7071,#7080,#7089,
    #7098,#7107,#7116,#7125,#7134,#7143,#7152,#7161,#7170,#7179,#7188,
    #7197,#7206,#7215,#7224,#7233,#7242,#7251,#7260,#7269,#7278,#7287,
    #7296,#7305,#7314,#7323));
#6529 = ORIENTED_EDGE('',*,*,#6530,.T.);
#6530 = EDGE_CURVE('',#6531,#6533,#6535,.T.);
#6531 = VERTEX_POINT('',#6532);
#6532 = CARTESIAN_POINT('',(-1.489648143508,-26.95887513247,47.7730494)
  );
#6533 = VERTEX_POINT('',#6534);
#6534 = CARTESIAN_POINT('',(-1.689254051205,-26.94710412549,47.9942557)
  );
#6535 = ELLIPSE('',#6536,40.527405322064,27.);
#6536 = AXIS2_PLACEMENT_3D('',#6537,#6538,#6539);
#6537 = CARTESIAN_POINT('',(0.,0.,43.272977683132));
#6538 = DIRECTION('',(-0.742449260489,-7.018211835472E-02,
    -0.666215855307));
#6539 = DIRECTION('',(-0.663259165759,-6.269645044896E-02,0.745758965174
    ));
#6540 = ORIENTED_EDGE('',*,*,#6541,.T.);
#6541 = EDGE_CURVE('',#6533,#6542,#6544,.T.);
#6542 = VERTEX_POINT('',#6543);
#6543 = CARTESIAN_POINT('',(-1.859206485209,-26.93591192526,48.2654612)
  );
#6544 = ELLIPSE('',#6545,51.239814972443,27.);
#6545 = AXIS2_PLACEMENT_3D('',#6546,#6547,#6548);
#6546 = CARTESIAN_POINT('',(0.,0.,41.19140640936));
#6547 = DIRECTION('',(-0.846134300535,-7.9983240316E-02,-0.526933987067)
  );
#6548 = DIRECTION('',(-0.52459543538,-4.958886875307E-02,0.849906214399)
  );
#6549 = ORIENTED_EDGE('',*,*,#6550,.T.);
#6550 = EDGE_CURVE('',#6542,#6551,#6553,.T.);
#6551 = VERTEX_POINT('',#6552);
#6552 = CARTESIAN_POINT('',(-1.814545677644,-26.9389573663,48.7134962));
#6553 = ELLIPSE('',#6554,275.16310017061,27.);
#6554 = AXIS2_PLACEMENT_3D('',#6555,#6556,#6557);
#6555 = CARTESIAN_POINT('',(0.,0.,92.746936043749));
#6556 = DIRECTION('',(-0.990757614928,-9.365416856348E-02,
    9.812362189283E-02));
#6557 = DIRECTION('',(9.768814578559E-02,9.234248553038E-03,
    0.995174233402));
#6558 = ORIENTED_EDGE('',*,*,#6559,.T.);
#6559 = EDGE_CURVE('',#6551,#6560,#6562,.T.);
#6560 = VERTEX_POINT('',#6561);
#6561 = CARTESIAN_POINT('',(-1.628974582571,-26.95081523459,48.9846013)
  );
#6562 = ELLIPSE('',#6563,48.145010965553,27.);
#6563 = AXIS2_PLACEMENT_3D('',#6564,#6565,#6566);
#6564 = CARTESIAN_POINT('',(0.,0.,55.12333828208));
#6565 = DIRECTION('',(-0.824272934068,-7.791673275727E-02,0.560805771118
    ));
#6566 = DIRECTION('',(0.558316895255,5.277648521916E-02,0.827947393909)
  );
#6567 = ORIENTED_EDGE('',*,*,#6568,.T.);
#6568 = EDGE_CURVE('',#6560,#6569,#6571,.T.);
#6569 = VERTEX_POINT('',#6570);
#6570 = CARTESIAN_POINT('',(-1.324071781104,-26.96751441862,49.2005617)
  );
#6571 = ELLIPSE('',#6572,33.194006119262,27.);
#6572 = AXIS2_PLACEMENT_3D('',#6573,#6574,#6575);
#6573 = CARTESIAN_POINT('',(0.,0.,51.958234738916));
#6574 = DIRECTION('',(-0.579123336087,-5.474327294562E-02,0.813399862101
    ));
#6575 = DIRECTION('',(0.809789964722,7.654768907587E-02,0.581704963305)
  );
#6576 = ORIENTED_EDGE('',*,*,#6577,.T.);
#6577 = EDGE_CURVE('',#6569,#6578,#6580,.T.);
#6578 = VERTEX_POINT('',#6579);
#6579 = CARTESIAN_POINT('',(-0.453870864356,-26.99618493858,49.2531211)
  );
#6580 = ELLIPSE('',#6581,27.049953589257,27.);
#6581 = AXIS2_PLACEMENT_3D('',#6582,#6583,#6584);
#6582 = CARTESIAN_POINT('',(0.,0.,49.435233738572));
#6583 = DIRECTION('',(-6.047596175334E-02,-5.716661503025E-03,
    0.998153283735));
#6584 = DIRECTION('',(0.99372344413,9.393452196565E-02,
    6.074555266628E-02));
#6585 = ORIENTED_EDGE('',*,*,#6586,.T.);
#6586 = EDGE_CURVE('',#6578,#6587,#6589,.T.);
#6587 = VERTEX_POINT('',#6588);
#6588 = CARTESIAN_POINT('',(4.348558715481,-26.64751465142,49.2549032));
#6589 = ELLIPSE('',#6590,27.000001850114,27.);
#6590 = AXIS2_PLACEMENT_3D('',#6591,#6592,#6593);
#6591 = CARTESIAN_POINT('',(0.,0.,49.254228884358));
#6592 = DIRECTION('',(-3.685535984321E-04,-3.48385723331E-05,
    0.999999931477));
#6593 = DIRECTION('',(0.995561896384,9.410830686995E-02,
    3.701965437973E-04));
#6594 = ORIENTED_EDGE('',*,*,#6595,.T.);
#6595 = EDGE_CURVE('',#6587,#6596,#6598,.T.);
#6596 = VERTEX_POINT('',#6597);
#6597 = CARTESIAN_POINT('',(4.757041497318,-26.57763262957,49.3149424));
#6598 = ELLIPSE('',#6599,27.28347289523,27.);
#6599 = AXIS2_PLACEMENT_3D('',#6600,#6601,#6602);
#6600 = CARTESIAN_POINT('',(0.,0.,48.990262484257));
#6601 = DIRECTION('',(-0.143139081981,-1.353062697667E-02,0.989610087531
    ));
#6602 = DIRECTION('',(0.985218162933,9.313053618053E-02,0.143777170151)
  );
#6603 = ORIENTED_EDGE('',*,*,#6604,.T.);
#6604 = EDGE_CURVE('',#6596,#6605,#6607,.T.);
#6605 = VERTEX_POINT('',#6606);
#6606 = CARTESIAN_POINT('',(5.091115849006,-26.51566592435,49.4935038));
#6607 = ELLIPSE('',#6608,30.527803514547,27.);
#6608 = AXIS2_PLACEMENT_3D('',#6609,#6610,#6611);
#6609 = CARTESIAN_POINT('',(0.,0.,48.135825312735));
#6610 = DIRECTION('',(-0.464583550573,-4.391607543728E-02,0.884439654728
    ));
#6611 = DIRECTION('',(0.880514480234,8.323312413843E-02,0.466654580118)
  );
#6612 = ORIENTED_EDGE('',*,*,#6613,.T.);
#6613 = EDGE_CURVE('',#6605,#6614,#6616,.T.);
#6614 = VERTEX_POINT('',#6615);
#6615 = CARTESIAN_POINT('',(5.268110492997,-26.48106893298,49.6908651));
#6616 = ELLIPSE('',#6617,40.132797580717,27.);
#6617 = AXIS2_PLACEMENT_3D('',#6618,#6619,#6620);
#6618 = CARTESIAN_POINT('',(0.,0.,46.663729199706));
#6619 = DIRECTION('',(-0.736571412938,-6.96264981737E-02,0.672766456056)
  );
#6620 = DIRECTION('',(0.66978069471,6.331291643672E-02,0.739854915241));
#6621 = ORIENTED_EDGE('',*,*,#6622,.T.);
#6622 = EDGE_CURVE('',#6614,#6623,#6625,.T.);
#6623 = VERTEX_POINT('',#6624);
#6624 = CARTESIAN_POINT('',(5.354338588543,-26.46376878449,50.034208));
#6625 = ELLIPSE('',#6626,109.36323154319,27.);
#6626 = AXIS2_PLACEMENT_3D('',#6627,#6628,#6629);
#6627 = CARTESIAN_POINT('',(0.,0.,38.886450232195));
#6628 = DIRECTION('',(-0.964744458669,-9.11952013202E-02,0.246883706882)
  );
#6629 = DIRECTION('',(0.245788028252,2.323380924051E-02,0.969045115191)
  );
#6630 = ORIENTED_EDGE('',*,*,#6631,.T.);
#6631 = EDGE_CURVE('',#6623,#6632,#6634,.T.);
#6632 = VERTEX_POINT('',#6633);
#6633 = CARTESIAN_POINT('',(5.219355507875,-26.49072154703,50.3908037));
#6634 = ELLIPSE('',#6635,75.324180986214,27.);
#6635 = AXIS2_PLACEMENT_3D('',#6636,#6637,#6638);
#6636 = CARTESIAN_POINT('',(0.,0.,57.431002985591));
#6637 = DIRECTION('',(-0.929405562791,-8.785469213663E-02,
    -0.358450628291));
#6638 = DIRECTION('',(-0.356859811714,-3.373318403641E-02,0.9335486849)
  );
#6639 = ORIENTED_EDGE('',*,*,#6640,.T.);
#6640 = EDGE_CURVE('',#6632,#6641,#6643,.T.);
#6641 = VERTEX_POINT('',#6642);
#6642 = CARTESIAN_POINT('',(4.972106543968,-26.53823951424,50.6296553));
#6643 = ELLIPSE('',#6644,37.297793670617,27.);
#6644 = AXIS2_PLACEMENT_3D('',#6645,#6646,#6647);
#6645 = CARTESIAN_POINT('',(0.,0.,52.96702811314));
#6646 = DIRECTION('',(-0.686839529806,-6.492545112079E-02,
    -0.723903409366));
#6647 = DIRECTION('',(-0.720690700412,-6.812532886098E-02,0.689901336357
    ));
#6648 = ORIENTED_EDGE('',*,*,#6649,.T.);
#6649 = EDGE_CURVE('',#6641,#6650,#6652,.T.);
#6650 = VERTEX_POINT('',#6651);
#6651 = CARTESIAN_POINT('',(4.54893022056,-26.61404204266,50.6942125));
#6652 = ELLIPSE('',#6653,27.30480008291,27.);
#6653 = AXIS2_PLACEMENT_3D('',#6654,#6655,#6656);
#6654 = CARTESIAN_POINT('',(0.,0.,50.999214918396));
#6655 = DIRECTION('',(-0.148339204249,-1.402218325651E-02,
    -0.988837124535));
#6656 = DIRECTION('',(-0.984448630375,-9.305779393676E-02,0.149000473625
    ));
#6657 = ORIENTED_EDGE('',*,*,#6658,.T.);
#6658 = EDGE_CURVE('',#6650,#6659,#6661,.T.);
#6659 = VERTEX_POINT('',#6660);
#6660 = CARTESIAN_POINT('',(1.968084519032,-26.9281756405,50.7672284));
#6661 = ELLIPSE('',#6662,27.01065333696,27.);
#6662 = AXIS2_PLACEMENT_3D('',#6663,#6664,#6665);
#6663 = CARTESIAN_POINT('',(0.,0.,50.751079351036));
#6664 = DIRECTION('',(-2.795862146799E-02,-2.642867850132E-03,
    -0.999605587587));
#6665 = DIRECTION('',(-0.995169302606,-9.407119583157E-02,
    2.808325595197E-02));
#6666 = ORIENTED_EDGE('',*,*,#6667,.T.);
#6667 = EDGE_CURVE('',#6659,#6668,#6670,.T.);
#6668 = VERTEX_POINT('',#6669);
#6669 = CARTESIAN_POINT('',(1.224212266512,-26.97223209759,50.8481257));
#6670 = ELLIPSE('',#6671,27.158834097681,27.);
#6671 = AXIS2_PLACEMENT_3D('',#6672,#6673,#6674);
#6672 = CARTESIAN_POINT('',(0.,0.,50.704787245052));
#6673 = DIRECTION('',(-0.107513672575,-1.01630342906E-02,-0.994151659931
    ));
#6674 = DIRECTION('',(-0.989739579674,-9.35579358989E-02,0.107992949105)
  );
#6675 = ORIENTED_EDGE('',*,*,#6676,.T.);
#6676 = EDGE_CURVE('',#6668,#6677,#6679,.T.);
#6677 = VERTEX_POINT('',#6678);
#6678 = CARTESIAN_POINT('',(1.058426402332,-26.97924634883,50.9292489));
#6679 = ELLIPSE('',#6680,30.061779301848,27.);
#6680 = AXIS2_PLACEMENT_3D('',#6681,#6682,#6683);
#6681 = CARTESIAN_POINT('',(0.,0.,50.202150579249));
#6682 = DIRECTION('',(-0.437736952656,-4.137832476157E-02,
    -0.898150429783));
#6683 = DIRECTION('',(-0.894164406384,-8.452342205319E-02,0.439688304917
    ));
#6684 = ORIENTED_EDGE('',*,*,#6685,.T.);
#6685 = EDGE_CURVE('',#6677,#6686,#6688,.T.);
#6686 = VERTEX_POINT('',#6687);
#6687 = CARTESIAN_POINT('',(0.914409534948,-26.98451139454,51.1291202));
#6688 = ELLIPSE('',#6689,46.215986254914,27.);
#6689 = AXIS2_PLACEMENT_3D('',#6690,#6691,#6692);
#6690 = CARTESIAN_POINT('',(0.,0.,48.865922934386));
#6691 = DIRECTION('',(-0.807998154526,-7.637831314419E-02,
    -0.584213433228));
#6692 = DIRECTION('',(-0.581620673332,-5.49793408191E-02,0.81160006434)
  );
#6693 = ORIENTED_EDGE('',*,*,#6694,.T.);
#6694 = EDGE_CURVE('',#6686,#6695,#6697,.T.);
#6695 = VERTEX_POINT('',#6696);
#6696 = CARTESIAN_POINT('',(0.83091087179,-26.98721154775,51.3596386));
#6697 = ELLIPSE('',#6698,79.37729610919,27.);
#6698 = AXIS2_PLACEMENT_3D('',#6699,#6700,#6701);
#6699 = CARTESIAN_POINT('',(0.,0.,46.625268077183));
#6700 = DIRECTION('',(-0.936198640303,-8.849682702083E-02,
    -0.340147640742));
#6701 = DIRECTION('',(-0.338638053472,-3.201072074948E-02,0.940372044724
    ));
#6702 = ORIENTED_EDGE('',*,*,#6703,.T.);
#6703 = EDGE_CURVE('',#6695,#6704,#6706,.T.);
#6704 = VERTEX_POINT('',#6705);
#6705 = CARTESIAN_POINT('',(0.830609206907,-26.98722083404,51.6580023));
#6706 = ELLIPSE('',#6707,2.674576362833E+04,27.);
#6707 = AXIS2_PLACEMENT_3D('',#6708,#6709,#6710);
#6708 = CARTESIAN_POINT('',(0.,0.,-1.645012041392E+03));
#6709 = DIRECTION('',(-0.995561457314,-9.410826536553E-02,
    -1.00950566883E-03));
#6710 = DIRECTION('',(-1.005025446939E-03,-9.500287577912E-05,
    0.999999490449));
#6711 = ORIENTED_EDGE('',*,*,#6712,.T.);
#6712 = EDGE_CURVE('',#6704,#6713,#6715,.T.);
#6713 = VERTEX_POINT('',#6714);
#6714 = CARTESIAN_POINT('',(0.955546662358,-26.98308600912,51.9308895));
#6715 = ELLIPSE('',#6716,64.931161544074,27.);
#6716 = AXIS2_PLACEMENT_3D('',#6717,#6718,#6719);
#6717 = CARTESIAN_POINT('',(0.,0.,55.404039242426));
#6718 = DIRECTION('',(-0.905408503082,-8.558630212762E-02,0.415824996164
    ));
#6719 = DIRECTION('',(0.413979550112,3.913258902469E-02,0.909444650633)
  );
#6720 = ORIENTED_EDGE('',*,*,#6721,.T.);
#6721 = EDGE_CURVE('',#6713,#6722,#6724,.T.);
#6722 = VERTEX_POINT('',#6723);
#6723 = CARTESIAN_POINT('',(1.196370371365,-26.97348138328,52.2060859));
#6724 = ELLIPSE('',#6725,41.015313780481,27.);
#6725 = AXIS2_PLACEMENT_3D('',#6726,#6727,#6728);
#6726 = CARTESIAN_POINT('',(0.,0.,53.746818352232));
#6727 = DIRECTION('',(-0.749423009913,-7.084133176288E-02,0.658290709283
    ));
#6728 = DIRECTION('',(0.655369191813,6.195062832383E-02,0.752763802313)
  );
#6729 = ORIENTED_EDGE('',*,*,#6730,.T.);
#6730 = EDGE_CURVE('',#6722,#6731,#6733,.T.);
#6731 = VERTEX_POINT('',#6732);
#6732 = CARTESIAN_POINT('',(4.396176450203,-26.63970031022,52.2673048));
#6733 = ELLIPSE('',#6734,27.004888311151,27.);
#6734 = AXIS2_PLACEMENT_3D('',#6735,#6736,#6737);
#6735 = CARTESIAN_POINT('',(0.,0.,52.231725923656));
#6736 = DIRECTION('',(-1.894182708274E-02,-1.790529832704E-03,
    0.999818984211));
#6737 = DIRECTION('',(0.995381752169,9.409127822797E-02,
    1.902626632616E-02));
#6738 = ORIENTED_EDGE('',*,*,#6739,.T.);
#6739 = EDGE_CURVE('',#6731,#6740,#6742,.T.);
#6740 = VERTEX_POINT('',#6741);
#6741 = CARTESIAN_POINT('',(5.164477241331,-26.50147495562,52.3426048));
#6742 = ELLIPSE('',#6743,27.126201141714,27.);
#6743 = AXIS2_PLACEMENT_3D('',#6744,#6745,#6746);
#6744 = CARTESIAN_POINT('',(0.,0.,52.086324340527));
#6745 = DIRECTION('',(-9.592122883492E-02,-9.067225725816E-03,
    0.995347629362));
#6746 = DIRECTION('',(0.990930241351,9.367048656483E-02,
    9.634882834557E-02));
#6747 = ORIENTED_EDGE('',*,*,#6748,.T.);
#6748 = EDGE_CURVE('',#6740,#6749,#6751,.T.);
#6749 = VERTEX_POINT('',#6750);
#6750 = CARTESIAN_POINT('',(5.50671161892,-26.43248242496,52.5865768));
#6751 = ELLIPSE('',#6752,32.999055633979,27.);
#6752 = AXIS2_PLACEMENT_3D('',#6753,#6754,#6755);
#6753 = CARTESIAN_POINT('',(0.,0.,50.482258775276));
#6754 = DIRECTION('',(-0.572374710363,-5.410533999249E-02,0.818205232885
    ));
#6755 = DIRECTION('',(0.8145740091,7.699991441523E-02,0.574926253426));
#6756 = ORIENTED_EDGE('',*,*,#6757,.T.);
#6757 = EDGE_CURVE('',#6749,#6758,#6760,.T.);
#6758 = VERTEX_POINT('',#6759);
#6759 = CARTESIAN_POINT('',(5.655490724071,-26.40104968879,52.9336094));
#6760 = ELLIPSE('',#6761,67.64284885774,27.);
#6761 = AXIS2_PLACEMENT_3D('',#6762,#6763,#6764);
#6762 = CARTESIAN_POINT('',(0.,0.,45.707443953381));
#6763 = DIRECTION('',(-0.912814182829,-8.628634497255E-02,0.399155275923
    ));
#6764 = DIRECTION('',(0.397383810679,3.756382976926E-02,0.916883343563)
  );
#6765 = ORIENTED_EDGE('',*,*,#6766,.T.);
#6766 = EDGE_CURVE('',#6758,#6767,#6769,.T.);
#6767 = VERTEX_POINT('',#6768);
#6768 = CARTESIAN_POINT('',(5.627713580083,-26.40698467944,53.2057185));
#6769 = ELLIPSE('',#6770,261.81142535429,27.);
#6770 = AXIS2_PLACEMENT_3D('',#6771,#6772,#6773);
#6771 = CARTESIAN_POINT('',(0.,0.,83.27522658968));
#6772 = DIRECTION('',(-0.990253755947,-9.360653986683E-02,
    -0.103127661306));
#6773 = DIRECTION('',(-0.102669977095,-9.705170261998E-03,0.994668128309
    ));
#6774 = ORIENTED_EDGE('',*,*,#6775,.T.);
#6775 = EDGE_CURVE('',#6767,#6776,#6778,.T.);
#6776 = VERTEX_POINT('',#6777);
#6777 = CARTESIAN_POINT('',(5.53714637384,-26.42612362861,53.3720562));
#6778 = ELLIPSE('',#6779,55.801363632035,27.);
#6779 = AXIS2_PLACEMENT_3D('',#6780,#6781,#6782);
#6780 = CARTESIAN_POINT('',(0.,0.,58.84449389345));
#6781 = DIRECTION('',(-0.871261961958,-8.235850365291E-02,
    -0.483859143265));
#6782 = DIRECTION('',(-0.48171175926,-4.553516785638E-02,0.875145890397)
  );
#6783 = ORIENTED_EDGE('',*,*,#6784,.T.);
#6784 = EDGE_CURVE('',#6776,#6785,#6787,.T.);
#6785 = VERTEX_POINT('',#6786);
#6786 = CARTESIAN_POINT('',(5.329895614655,-26.46870251328,53.5836241));
#6787 = ELLIPSE('',#6788,38.295564013702,27.);
#6788 = AXIS2_PLACEMENT_3D('',#6789,#6790,#6791);
#6789 = CARTESIAN_POINT('',(0.,0.,56.415402373938));
#6790 = DIRECTION('',(-0.706017758892,-6.673832752212E-02,
    -0.705042495009));
#6791 = DIRECTION('',(-0.70191349146,-6.635036002318E-02,0.709165058524)
  );
#6792 = ORIENTED_EDGE('',*,*,#6793,.T.);
#6793 = EDGE_CURVE('',#6785,#6794,#6796,.T.);
#6794 = VERTEX_POINT('',#6795);
#6795 = CARTESIAN_POINT('',(5.109588024194,-26.51211251905,53.6653748));
#6796 = ELLIPSE('',#6797,28.750791407818,27.);
#6797 = AXIS2_PLACEMENT_3D('',#6798,#6799,#6800);
#6798 = CARTESIAN_POINT('',(0.,0.,54.613787622615));
#6799 = DIRECTION('',(-0.342106411875,-3.233857714707E-02,
    -0.939104583836));
#6800 = DIRECTION('',(-0.934936804452,-8.837754841451E-02,0.34363146046)
  );
#6801 = ORIENTED_EDGE('',*,*,#6802,.T.);
#6802 = EDGE_CURVE('',#6794,#6803,#6805,.T.);
#6803 = VERTEX_POINT('',#6804);
#6804 = CARTESIAN_POINT('',(4.089522961616,-26.68849568534,53.7323667));
#6805 = ELLIPSE('',#6806,27.056812892914,27.);
#6806 = AXIS2_PLACEMENT_3D('',#6807,#6808,#6809);
#6807 = CARTESIAN_POINT('',(0.,0.,53.833604769351));
#6808 = DIRECTION('',(-6.448227154453E-02,-6.095369278618E-03,
    -0.997900237063));
#6809 = DIRECTION('',(-0.993471520488,-9.391070817012E-02,
    6.47697218628E-02));
#6810 = ORIENTED_EDGE('',*,*,#6811,.T.);
#6811 = EDGE_CURVE('',#6803,#6812,#6814,.T.);
#6812 = VERTEX_POINT('',#6813);
#6813 = CARTESIAN_POINT('',(0.112197357224,-26.9997668833,53.771347));
#6814 = ELLIPSE('',#6815,27.001289118387,27.);
#6815 = AXIS2_PLACEMENT_3D('',#6816,#6817,#6818);
#6816 = CARTESIAN_POINT('',(0.,0.,53.747608759378));
#6817 = DIRECTION('',(-9.728194883341E-03,-9.195851636116E-04,
    -0.999952257154));
#6818 = DIRECTION('',(-0.995514433642,-9.410382031981E-02,
    9.771561418801E-03));
#6819 = ORIENTED_EDGE('',*,*,#6820,.T.);
#6820 = EDGE_CURVE('',#6812,#6821,#6823,.T.);
#6821 = VERTEX_POINT('',#6822);
#6822 = CARTESIAN_POINT('',(-0.417914251604,-26.996765504,53.8690111));
#6823 = ELLIPSE('',#6824,27.458904483303,27.);
#6824 = AXIS2_PLACEMENT_3D('',#6825,#6826,#6827);
#6825 = CARTESIAN_POINT('',(0.,0.,53.321571636588));
#6826 = DIRECTION('',(-0.18125111642,-1.713327493405E-02,-0.983287589511
    ));
#6827 = DIRECTION('',(-0.978923724383,-9.253553655591E-02,0.182059101156
    ));
#6828 = ORIENTED_EDGE('',*,*,#6829,.T.);
#6829 = EDGE_CURVE('',#6821,#6830,#6832,.T.);
#6830 = VERTEX_POINT('',#6831);
#6831 = CARTESIAN_POINT('',(-0.572302203412,-26.99393395168,53.9903445)
  );
#6832 = ELLIPSE('',#6833,34.421803695688,27.);
#6833 = AXIS2_PLACEMENT_3D('',#6834,#6835,#6836);
#6834 = CARTESIAN_POINT('',(0.,0.,51.530946453116));
#6835 = DIRECTION('',(-0.617519515192,-5.837278048197E-02,
    -0.784386554484));
#6836 = DIRECTION('',(-0.780905419191,-7.381729563225E-02,0.62027230564)
  );
#6837 = ORIENTED_EDGE('',*,*,#6838,.T.);
#6838 = EDGE_CURVE('',#6830,#6839,#6841,.T.);
#6839 = VERTEX_POINT('',#6840);
#6840 = CARTESIAN_POINT('',(-0.693967220331,-26.99108018396,54.2491757)
  );
#6841 = ELLIPSE('',#6842,63.817313970484,27.);
#6842 = AXIS2_PLACEMENT_3D('',#6843,#6844,#6845);
#6843 = CARTESIAN_POINT('',(0.,0.,47.329593687788));
#6844 = DIRECTION('',(-0.902069817699,-8.527070343934E-02,
    -0.423082676474));
#6845 = DIRECTION('',(-0.42120502058,-3.981559707723E-02,0.906091081993)
  );
#6846 = ORIENTED_EDGE('',*,*,#6847,.T.);
#6847 = EDGE_CURVE('',#6839,#6848,#6850,.T.);
#6848 = VERTEX_POINT('',#6849);
#6849 = CARTESIAN_POINT('',(-0.732941341242,-26.99004996272,54.4858436)
  );
#6850 = ELLIPSE('',#6851,167.29241774696,27.);
#6851 = AXIS2_PLACEMENT_3D('',#6852,#6853,#6854);
#6852 = CARTESIAN_POINT('',(0.,0.,34.492470927237));
#6853 = DIRECTION('',(-0.98251019271,-9.287455762846E-02,-0.161394045012
    ));
#6854 = DIRECTION('',(-0.160677772527,-1.518852135572E-02,0.986890045666
    ));
#6855 = ORIENTED_EDGE('',*,*,#6856,.T.);
#6856 = EDGE_CURVE('',#6848,#6857,#6859,.T.);
#6857 = VERTEX_POINT('',#6858);
#6858 = CARTESIAN_POINT('',(-0.674330531394,-26.99157791486,54.7870185)
  );
#6859 = ELLIPSE('',#6860,142.28892513434,27.);
#6860 = AXIS2_PLACEMENT_3D('',#6861,#6862,#6863);
#6861 = CARTESIAN_POINT('',(0.,0.,71.403846844243));
#6862 = DIRECTION('',(-0.977474116773,-9.239850829247E-02,0.1897547541)
  );
#6863 = DIRECTION('',(0.188912615784,1.785749985251E-02,0.981831519812)
  );
#6864 = ORIENTED_EDGE('',*,*,#6865,.T.);
#6865 = EDGE_CURVE('',#6857,#6866,#6868,.T.);
#6866 = VERTEX_POINT('',#6867);
#6867 = CARTESIAN_POINT('',(-0.306487653068,-26.99826041282,55.2375133)
  );
#6868 = ELLIPSE('',#6869,42.848304402544,27.);
#6869 = AXIS2_PLACEMENT_3D('',#6870,#6871,#6872);
#6870 = CARTESIAN_POINT('',(0.,0.,58.744413500041));
#6871 = DIRECTION('',(-0.773043604355,-7.307413532671E-02,0.630129952083
    ));
#6872 = DIRECTION('',(0.627333413051,5.930046696198E-02,0.776489693099)
  );
#6873 = ORIENTED_EDGE('',*,*,#6874,.T.);
#6874 = EDGE_CURVE('',#6866,#6875,#6877,.T.);
#6875 = VERTEX_POINT('',#6876);
#6876 = CARTESIAN_POINT('',(3.3560553029,-26.79061202742,55.2699174));
#6877 = ELLIPSE('',#6878,27.001054825437,27.);
#6878 = AXIS2_PLACEMENT_3D('',#6879,#6880,#6881);
#6879 = CARTESIAN_POINT('',(0.,0.,55.262669526104));
#6880 = DIRECTION('',(-8.799925270416E-03,-8.318378503522E-04,
    0.999960933917));
#6881 = DIRECTION('',(0.995523071897,9.410463687538E-02,
    8.839153747627E-03));
#6882 = ORIENTED_EDGE('',*,*,#6883,.T.);
#6883 = EDGE_CURVE('',#6875,#6884,#6886,.T.);
#6884 = VERTEX_POINT('',#6885);
#6885 = CARTESIAN_POINT('',(4.441254355974,-26.63222220817,55.3757139));
#6886 = ELLIPSE('',#6887,27.125663653055,27.);
#6887 = AXIS2_PLACEMENT_3D('',#6888,#6889,#6890);
#6888 = CARTESIAN_POINT('',(0.,0.,55.190717311417));
#6889 = DIRECTION('',(-9.571816873363E-02,-9.048030894842E-03,
    0.995367351942));
#6890 = DIRECTION('',(0.990949876401,9.367234262354E-02,
    9.614486303903E-02));
#6891 = ORIENTED_EDGE('',*,*,#6892,.T.);
#6892 = EDGE_CURVE('',#6884,#6893,#6895,.T.);
#6893 = VERTEX_POINT('',#6894);
#6894 = CARTESIAN_POINT('',(4.674520030899,-26.59227072817,55.602894));
#6895 = ELLIPSE('',#6896,37.477796870579,27.);
#6896 = AXIS2_PLACEMENT_3D('',#6897,#6898,#6899);
#6897 = CARTESIAN_POINT('',(0.,0.,53.531983805297));
#6898 = DIRECTION('',(-0.69045332481,-6.52670553248E-02,0.72042655264));
#6899 = DIRECTION('',(0.717229274098,6.779812773879E-02,0.693531241006)
  );
#6900 = ORIENTED_EDGE('',*,*,#6901,.T.);
#6901 = EDGE_CURVE('',#6893,#6902,#6904,.T.);
#6902 = VERTEX_POINT('',#6903);
#6903 = CARTESIAN_POINT('',(4.766685581921,-26.57590466123,56.0283641));
#6904 = ELLIPSE('',#6905,126.05626420226,27.);
#6905 = AXIS2_PLACEMENT_3D('',#6906,#6907,#6908);
#6906 = CARTESIAN_POINT('',(0.,0.,45.792471511273));
#6907 = DIRECTION('',(-0.972456963971,-9.192424771939E-02,0.214190069576
    ));
#6908 = DIRECTION('',(0.213239486466,2.015706617739E-02,0.976792001449)
  );
#6909 = ORIENTED_EDGE('',*,*,#6910,.T.);
#6910 = EDGE_CURVE('',#6902,#6911,#6913,.T.);
#6911 = VERTEX_POINT('',#6912);
#6912 = CARTESIAN_POINT('',(4.654729081721,-26.59574208733,56.4576745));
#6913 = ELLIPSE('',#6914,105.78668934495,27.);
#6914 = AXIS2_PLACEMENT_3D('',#6915,#6916,#6917);
#6915 = CARTESIAN_POINT('',(0.,0.,64.531182239358));
#6916 = DIRECTION('',(-0.962589162056,-9.099146580585E-02,
    -0.255230598171));
#6917 = DIRECTION('',(-0.254097875742,-2.401932110111E-02,0.966880210656
    ));
#6918 = ORIENTED_EDGE('',*,*,#6919,.T.);
#6919 = EDGE_CURVE('',#6911,#6920,#6922,.T.);
#6920 = VERTEX_POINT('',#6921);
#6921 = CARTESIAN_POINT('',(4.452671610093,-26.63031572348,56.6697946));
#6922 = ELLIPSE('',#6923,38.910119121458,27.);
#6923 = AXIS2_PLACEMENT_3D('',#6924,#6925,#6926);
#6924 = CARTESIAN_POINT('',(0.,0.,58.669203656532));
#6925 = DIRECTION('',(-0.716869059778,-6.776407746038E-02,
    -0.693906896448));
#6926 = DIRECTION('',(-0.69082731308,-6.530240762482E-02,0.72006473255)
  );
#6927 = ORIENTED_EDGE('',*,*,#6928,.T.);
#6928 = EDGE_CURVE('',#6920,#6929,#6931,.T.);
#6929 = VERTEX_POINT('',#6930);
#6930 = CARTESIAN_POINT('',(-2.026366732746,-26.92385258213,56.7863841)
  );
#6931 = ELLIPSE('',#6932,27.004372681821,27.);
#6932 = AXIS2_PLACEMENT_3D('',#6933,#6934,#6935);
#6933 = CARTESIAN_POINT('',(0.,0.,56.704472752764));
#6934 = DIRECTION('',(-1.791523892298E-02,-1.693488680447E-03,
    -0.999838075045));
#6935 = DIRECTION('',(-0.995400758277,-9.409307483415E-02,
    1.799510182183E-02));
#6936 = ORIENTED_EDGE('',*,*,#6937,.T.);
#6937 = EDGE_CURVE('',#6929,#6938,#6940,.T.);
#6938 = VERTEX_POINT('',#6939);
#6939 = CARTESIAN_POINT('',(-2.615253521585,-26.8730431663,56.8602032));
#6940 = ELLIPSE('',#6941,27.216693036757,27.);
#6941 = AXIS2_PLACEMENT_3D('',#6942,#6943,#6944);
#6942 = CARTESIAN_POINT('',(0.,0.,56.208627842737));
#6943 = DIRECTION('',(-0.12537817123,-1.185172660355E-02,-0.992038230491
    ));
#6944 = DIRECTION('',(-0.987635529709,-9.335904461899E-02,0.125937084468
    ));
#6945 = ORIENTED_EDGE('',*,*,#6946,.T.);
#6946 = EDGE_CURVE('',#6938,#6947,#6949,.T.);
#6947 = VERTEX_POINT('',#6948);
#6948 = CARTESIAN_POINT('',(-2.893007520793,-26.8445619723,57.0917507));
#6949 = ELLIPSE('',#6950,35.358275473436,27.);
#6950 = AXIS2_PLACEMENT_3D('',#6951,#6952,#6953);
#6951 = CARTESIAN_POINT('',(0.,0.,52.520289943126));
#6952 = DIRECTION('',(-0.642809977916,-6.076343307277E-02,
    -0.763611902404));
#6953 = DIRECTION('',(-0.760222965752,-7.18622281652E-02,0.645675508678)
  );
#6954 = ORIENTED_EDGE('',*,*,#6955,.T.);
#6955 = EDGE_CURVE('',#6947,#6956,#6958,.T.);
#6956 = VERTEX_POINT('',#6957);
#6957 = CARTESIAN_POINT('',(-2.993280941548,-26.83356609183,57.3466161)
  );
#6958 = ELLIPSE('',#6959,74.70391301242,27.);
#6959 = AXIS2_PLACEMENT_3D('',#6960,#6961,#6962);
#6960 = CARTESIAN_POINT('',(0.,0.,43.144280536433));
#6961 = DIRECTION('',(-0.928262441191,-8.774663533102E-02,
    -0.361426850499));
#6962 = DIRECTION('',(-0.359822825343,-3.401327128845E-02,0.93240046747)
  );
#6963 = ORIENTED_EDGE('',*,*,#6964,.T.);
#6964 = EDGE_CURVE('',#6956,#6965,#6967,.T.);
#6965 = VERTEX_POINT('',#6966);
#6966 = CARTESIAN_POINT('',(-2.98074478291,-26.83496153414,57.7216101));
#6967 = ELLIPSE('',#6968,820.32250662291,27.);
#6968 = AXIS2_PLACEMENT_3D('',#6969,#6970,#6971);
#6969 = CARTESIAN_POINT('',(0.,0.,224.51848399024));
#6970 = DIRECTION('',(-0.995022560504,-9.405732461888E-02,
    3.291388421263E-02));
#6971 = DIRECTION('',(3.276781122944E-02,3.097470128011E-03,
    0.999458191335));
#6972 = ORIENTED_EDGE('',*,*,#6973,.T.);
#6973 = EDGE_CURVE('',#6965,#6974,#6976,.T.);
#6974 = VERTEX_POINT('',#6975);
#6975 = CARTESIAN_POINT('',(-2.863258550497,-26.84775131129,57.9810437)
  );
#6976 = ELLIPSE('',#6977,66.260523324009,27.);
#6977 = AXIS2_PLACEMENT_3D('',#6978,#6979,#6980);
#6978 = CARTESIAN_POINT('',(0.,0.,70.031824422984));
#6979 = DIRECTION('',(-0.909160168868,-8.594093895766E-02,0.40748244423)
  );
#6980 = DIRECTION('',(0.405674022718,3.834748553335E-02,0.913213040667)
  );
#6981 = ORIENTED_EDGE('',*,*,#6982,.T.);
#6982 = EDGE_CURVE('',#6974,#6983,#6985,.T.);
#6983 = VERTEX_POINT('',#6984);
#6984 = CARTESIAN_POINT('',(-2.610927738949,-26.87346379501,58.2689407)
  );
#6985 = ELLIPSE('',#6986,41.293876148217,27.);
#6986 = AXIS2_PLACEMENT_3D('',#6987,#6988,#6989);
#6987 = CARTESIAN_POINT('',(0.,0.,64.203388979762));
#6988 = DIRECTION('',(-0.753266292514,-7.120462893181E-02,0.653849977733
    ));
#6989 = DIRECTION('',(0.650948168387,6.153271856775E-02,0.756624217574)
  );
#6990 = ORIENTED_EDGE('',*,*,#6991,.T.);
#6991 = EDGE_CURVE('',#6983,#6992,#6994,.T.);
#6992 = VERTEX_POINT('',#6993);
#6993 = CARTESIAN_POINT('',(4.957489998956,-26.54097385007,58.3572927));
#6994 = ELLIPSE('',#6995,27.001840794934,27.);
#6995 = AXIS2_PLACEMENT_3D('',#6996,#6997,#6998);
#6996 = CARTESIAN_POINT('',(0.,0.,58.328826167985));
#6997 = DIRECTION('',(-1.16247042076E-02,-1.098858076845E-03,
    0.999931827058));
#6998 = DIRECTION('',(0.995494094215,9.41018976779E-02,
    1.167652503904E-02));
#6999 = ORIENTED_EDGE('',*,*,#7000,.T.);
#7000 = EDGE_CURVE('',#6992,#7001,#7003,.T.);
#7001 = VERTEX_POINT('',#7002);
#7002 = CARTESIAN_POINT('',(5.463414750552,-26.4414655279,58.4205698));
#7003 = ELLIPSE('',#7004,27.204585762419,27.);
#7004 = AXIS2_PLACEMENT_3D('',#7005,#7006,#7007);
#7005 = CARTESIAN_POINT('',(0.,0.,58.056627411047));
#7006 = DIRECTION('',(-0.121865814936,-1.151971118077E-02,0.99247973249)
  );
#7007 = DIRECTION('',(0.988075072307,9.340059362749E-02,0.122409070724)
  );
#7008 = ORIENTED_EDGE('',*,*,#7009,.T.);
#7009 = EDGE_CURVE('',#7001,#7010,#7012,.T.);
#7010 = VERTEX_POINT('',#7011);
#7011 = CARTESIAN_POINT('',(5.767954248208,-26.37670759952,58.6930805));
#7012 = ELLIPSE('',#7013,35.985535584449,27.);
#7013 = AXIS2_PLACEMENT_3D('',#7014,#7015,#7016);
#7014 = CARTESIAN_POINT('',(0.,0.,55.820593910258));
#7015 = DIRECTION('',(-0.658161876862,-6.221461478463E-02,0.750301463115
    ));
#7016 = DIRECTION('',(0.746971598664,7.060960517419E-02,0.661095843617)
  );
#7017 = ORIENTED_EDGE('',*,*,#7018,.T.);
#7018 = EDGE_CURVE('',#7010,#7019,#7021,.T.);
#7019 = VERTEX_POINT('',#7020);
#7020 = CARTESIAN_POINT('',(5.859654663232,-26.3564877635,59.0333863));
#7021 = ELLIPSE('',#7022,102.22063749647,27.);
#7022 = AXIS2_PLACEMENT_3D('',#7023,#7024,#7025);
#7023 = CARTESIAN_POINT('',(0.,0.,46.788884828791));
#7024 = DIRECTION('',(-0.960205425297,-9.07661363399E-02,0.264134529595)
  );
#7025 = DIRECTION('',(0.262962291203,2.485725506934E-02,0.964485847629)
  );
#7026 = ORIENTED_EDGE('',*,*,#7027,.T.);
#7027 = EDGE_CURVE('',#7019,#7028,#7030,.T.);
#7028 = VERTEX_POINT('',#7029);
#7029 = CARTESIAN_POINT('',(5.811844898309,-26.36707148846,59.3096118));
#7030 = ELLIPSE('',#7031,155.83564707379,27.);
#7031 = AXIS2_PLACEMENT_3D('',#7032,#7033,#7034);
#7032 = CARTESIAN_POINT('',(0.,0.,78.094800619989));
#7033 = DIRECTION('',(-0.980505299892,-9.268503945858E-02,-0.17325945961
    ));
#7034 = DIRECTION('',(-0.172490527996,-1.630515551039E-02,0.984876215397
    ));
#7035 = ORIENTED_EDGE('',*,*,#7036,.T.);
#7036 = EDGE_CURVE('',#7028,#7037,#7039,.T.);
#7037 = VERTEX_POINT('',#7038);
#7038 = CARTESIAN_POINT('',(5.678496161013,-26.39611110276,59.5525547));
#7039 = ELLIPSE('',#7040,55.432949230788,27.);
#7040 = AXIS2_PLACEMENT_3D('',#7041,#7042,#7043);
#7041 = CARTESIAN_POINT('',(0.,0.,65.235159254039));
#7042 = DIRECTION('',(-0.869484180144,-8.219045379371E-02,
    -0.487074932412));
#7043 = DIRECTION('',(-0.484913276621,-4.583780034905E-02,0.873360183553
    ));
#7044 = ORIENTED_EDGE('',*,*,#7045,.T.);
#7045 = EDGE_CURVE('',#7037,#7046,#7048,.T.);
#7046 = VERTEX_POINT('',#7047);
#7047 = CARTESIAN_POINT('',(5.398172145935,-26.45486226543,59.6934159));
#7048 = ELLIPSE('',#7049,30.125935531631,27.);
#7049 = AXIS2_PLACEMENT_3D('',#7050,#7051,#7052);
#7050 = CARTESIAN_POINT('',(0.,0.,61.121084349493));
#7051 = DIRECTION('',(-0.441605450368,-4.174400546024E-02,
    -0.896237727511));
#7052 = DIRECTION('',(-0.892260192752,-8.434342086844E-02,0.443574047693
    ));
#7053 = ORIENTED_EDGE('',*,*,#7054,.T.);
#7054 = EDGE_CURVE('',#7046,#7055,#7057,.T.);
#7055 = VERTEX_POINT('',#7056);
#7056 = CARTESIAN_POINT('',(4.696863754078,-26.58833336024,59.7613616));
#7057 = ELLIPSE('',#7058,27.123091188579,27.);
#7058 = AXIS2_PLACEMENT_3D('',#7059,#7060,#7061);
#7059 = CARTESIAN_POINT('',(0.,0.,59.96917221694));
#7060 = DIRECTION('',(-9.474011140908E-02,-8.955577257184E-03,
    -0.995461756637));
#7061 = DIRECTION('',(-0.991043862124,-9.368122689016E-02,
    9.516244571161E-02));
#7062 = ORIENTED_EDGE('',*,*,#7063,.T.);
#7063 = EDGE_CURVE('',#7055,#7064,#7066,.T.);
#7064 = VERTEX_POINT('',#7065);
#7065 = CARTESIAN_POINT('',(0.717839672246,-26.99045583544,59.8356325));
#7066 = ELLIPSE('',#7067,27.004655707561,27.);
#7067 = AXIS2_PLACEMENT_3D('',#7068,#7069,#7070);
#7068 = CARTESIAN_POINT('',(0.,0.,59.801732775956));
#7069 = DIRECTION('',(-1.848579356307E-02,-1.747421973145E-03,
    -0.999827596115));
#7070 = DIRECTION('',(-0.995390325852,-9.409208867967E-02,
    1.856819989145E-02));
#7071 = ORIENTED_EDGE('',*,*,#7072,.T.);
#7072 = EDGE_CURVE('',#7064,#7073,#7075,.T.);
#7073 = VERTEX_POINT('',#7074);
#7074 = CARTESIAN_POINT('',(-0.271003861048,-26.99863990847,59.9125389)
  );
#7075 = ELLIPSE('',#7076,27.082134883017,27.);
#7076 = AXIS2_PLACEMENT_3D('',#7077,#7078,#7079);
#7077 = CARTESIAN_POINT('',(0.,0.,59.69314444758));
#7078 = DIRECTION('',(-7.747759553706E-02,-7.323789071104E-03,
    -0.996967193193));
#7079 = DIRECTION('',(-0.9925426175,-9.38229009853E-02,
    7.782297666218E-02));
#7080 = ORIENTED_EDGE('',*,*,#7081,.T.);
#7081 = EDGE_CURVE('',#7073,#7082,#7084,.T.);
#7082 = VERTEX_POINT('',#7083);
#7083 = CARTESIAN_POINT('',(-0.467204244231,-26.99595747874,60.1355524)
  );
#7084 = ELLIPSE('',#7085,41.009087849177,27.);
#7085 = AXIS2_PLACEMENT_3D('',#7086,#7087,#7088);
#7086 = CARTESIAN_POINT('',(0.,0.,56.699445786773));
#7087 = DIRECTION('',(-0.749335988242,-7.083310579309E-02,-0.65839064988
    ));
#7088 = DIRECTION('',(-0.655468688871,-6.196003356487E-02,0.752676392715
    ));
#7089 = ORIENTED_EDGE('',*,*,#7090,.T.);
#7090 = EDGE_CURVE('',#7082,#7091,#7093,.T.);
#7091 = VERTEX_POINT('',#7092);
#7092 = CARTESIAN_POINT('',(-0.545727272106,-26.99448428372,60.4614257)
  );
#7093 = ELLIPSE('',#7094,115.93814369896,27.);
#7094 = AXIS2_PLACEMENT_3D('',#7095,#7096,#7097);
#7095 = CARTESIAN_POINT('',(0.,0.,47.584032320103));
#7096 = DIRECTION('',(-0.968188796214,-9.152078707819E-02,
    -0.232882804042));
#7097 = DIRECTION('',(-0.231849261914,-2.191620788925E-02,0.972504806971
    ));
#7098 = ORIENTED_EDGE('',*,*,#7099,.T.);
#7099 = EDGE_CURVE('',#7091,#7100,#7102,.T.);
#7100 = VERTEX_POINT('',#7101);
#7101 = CARTESIAN_POINT('',(-0.502232590608,-26.99532852967,60.8093368)
  );
#7102 = ELLIPSE('',#7103,219.00348252584,27.);
#7103 = AXIS2_PLACEMENT_3D('',#7104,#7105,#7106);
#7104 = CARTESIAN_POINT('',(0.,0.,85.283326984959));
#7105 = DIRECTION('',(-0.987967039011,-9.339038147436E-02,0.12328571075)
  );
#7106 = DIRECTION('',(0.122738564402,1.160221029499E-02,0.992371217602)
  );
#7107 = ORIENTED_EDGE('',*,*,#7108,.T.);
#7108 = EDGE_CURVE('',#7100,#7109,#7111,.T.);
#7109 = VERTEX_POINT('',#7110);
#7110 = CARTESIAN_POINT('',(-0.33258594706,-26.99795152577,61.0984386));
#7111 = ELLIPSE('',#7112,53.584149374786,27.);
#7112 = AXIS2_PLACEMENT_3D('',#7113,#7114,#7115);
#7113 = CARTESIAN_POINT('',(0.,0.,66.02147350829));
#7114 = DIRECTION('',(-0.859940003721,-8.128826349606E-02,0.503880351093
    ));
#7115 = DIRECTION('',(0.501644112259,4.741932995573E-02,0.863773460916)
  );
#7116 = ORIENTED_EDGE('',*,*,#7117,.T.);
#7117 = EDGE_CURVE('',#7109,#7118,#7120,.T.);
#7118 = VERTEX_POINT('',#7119);
#7119 = CARTESIAN_POINT('',(-0.162384261788,-26.99951168727,61.2677632)
  );
#7120 = ELLIPSE('',#7121,38.186596812786,27.);
#7121 = AXIS2_PLACEMENT_3D('',#7122,#7123,#7124);
#7122 = CARTESIAN_POINT('',(0.,0.,63.970705973402));
#7123 = DIRECTION('',(-0.704020794939,-6.654955885067E-02,0.707054366022
    ));
#7124 = DIRECTION('',(0.703916433718,6.653969381082E-02,0.707159192466)
  );
#7125 = ORIENTED_EDGE('',*,*,#7126,.T.);
#7126 = EDGE_CURVE('',#7118,#7127,#7129,.T.);
#7127 = VERTEX_POINT('',#7128);
#7128 = CARTESIAN_POINT('',(7.550854601734,-25.92266565736,61.288295));
#7129 = ELLIPSE('',#7130,27.000094013254,27.);
#7130 = AXIS2_PLACEMENT_3D('',#7131,#7132,#7133);
#7131 = CARTESIAN_POINT('',(0.,0.,61.274895022146));
#7132 = DIRECTION('',(-2.627210190024E-03,-2.483444813151E-04,
    0.99999651804));
#7133 = DIRECTION('',(0.995558498096,9.410798563711E-02,
    2.638921818464E-03));
#7134 = ORIENTED_EDGE('',*,*,#7135,.T.);
#7135 = EDGE_CURVE('',#7127,#7136,#7138,.T.);
#7136 = VERTEX_POINT('',#7137);
#7137 = CARTESIAN_POINT('',(9.239191679323,-25.37000861475,61.2502936));
#7138 = ELLIPSE('',#7139,27.006491677099,27.);
#7139 = AXIS2_PLACEMENT_3D('',#7140,#7141,#7142);
#7140 = CARTESIAN_POINT('',(0.,0.,61.399651024569));
#7141 = DIRECTION('',(2.182737770863E-02,2.063294675128E-03,
    0.999759625309));
#7142 = DIRECTION('',(-0.995322656703,-9.408569206175E-02,
    2.19246802155E-02));
#7143 = ORIENTED_EDGE('',*,*,#7144,.T.);
#7144 = EDGE_CURVE('',#7136,#7145,#7147,.T.);
#7145 = VERTEX_POINT('',#7146);
#7146 = CARTESIAN_POINT('',(9.648458204026,-25.21720155539,61.0359145));
#7147 = ELLIPSE('',#7148,30.286717058609,27.);
#7148 = AXIS2_PLACEMENT_3D('',#7149,#7150,#7151);
#7149 = CARTESIAN_POINT('',(0.,0.,64.711547876633));
#7150 = DIRECTION('',(0.451049517438,4.263673263792E-02,0.891479916683)
  );
#7151 = DIRECTION('',(-0.887523497257,-8.389567131633E-02,0.453060214708
    ));
#7152 = ORIENTED_EDGE('',*,*,#7153,.T.);
#7153 = EDGE_CURVE('',#7145,#7154,#7156,.T.);
#7154 = VERTEX_POINT('',#7155);
#7155 = CARTESIAN_POINT('',(9.842791252547,-25.14198600665,60.7781626));
#7156 = ELLIPSE('',#7157,43.967907161242,27.);
#7157 = AXIS2_PLACEMENT_3D('',#7158,#7159,#7160);
#7158 = CARTESIAN_POINT('',(0.,0.,70.331338371001));
#7159 = DIRECTION('',(0.785737789497,7.427408911678E-02,0.614084266076)
  );
#7160 = DIRECTION('',(-0.611358938366,-5.779043451583E-02,0.789240466625
    ));
#7161 = ORIENTED_EDGE('',*,*,#7162,.T.);
#7162 = EDGE_CURVE('',#7154,#7163,#7165,.T.);
#7163 = VERTEX_POINT('',#7164);
#7164 = CARTESIAN_POINT('',(9.915570838283,-25.11337203465,60.5599934));
#7165 = ELLIPSE('',#7166,82.904596348419,27.);
#7166 = AXIS2_PLACEMENT_3D('',#7167,#7168,#7169);
#7167 = CARTESIAN_POINT('',(0.,0.,82.35731169165));
#7168 = DIRECTION('',(0.941285508819,8.897767766918E-02,0.32567554984));
#7169 = DIRECTION('',(-0.324230190221,-3.064877668448E-02,0.945481589581
    ));
#7170 = ORIENTED_EDGE('',*,*,#7171,.T.);
#7171 = EDGE_CURVE('',#7163,#7172,#7174,.T.);
#7172 = VERTEX_POINT('',#7173);
#7173 = CARTESIAN_POINT('',(9.913577838574,-25.11415884393,60.3491785));
#7174 = ELLIPSE('',#7175,2.765656188509E+03,27.);
#7175 = AXIS2_PLACEMENT_3D('',#7176,#7177,#7178);
#7176 = CARTESIAN_POINT('',(0.,0.,-708.479907233));
#7177 = DIRECTION('',(0.995514520767,9.410382855558E-02,
    -9.762601769585E-03));
#7178 = DIRECTION('',(9.719274997365E-03,9.18741986136E-04,
    0.999952344668));
#7179 = ORIENTED_EDGE('',*,*,#7180,.T.);
#7180 = EDGE_CURVE('',#7172,#7181,#7183,.T.);
#7181 = VERTEX_POINT('',#7182);
#7182 = CARTESIAN_POINT('',(9.825431724941,-25.14877514748,60.1470984));
#7183 = ELLIPSE('',#7184,65.749116243198,27.);
#7184 = AXIS2_PLACEMENT_3D('',#7185,#7186,#7187);
#7185 = CARTESIAN_POINT('',(0.,0.,43.682920412603));
#7186 = DIRECTION('',(0.907745631161,8.580722577615E-02,-0.410651907474)
  );
#7187 = DIRECTION('',(0.408829419773,3.864575837341E-02,0.911792197207)
  );
#7188 = ORIENTED_EDGE('',*,*,#7189,.T.);
#7189 = EDGE_CURVE('',#7181,#7190,#7192,.T.);
#7190 = VERTEX_POINT('',#7191);
#7191 = CARTESIAN_POINT('',(7.025839146753,-26.06985969053,56.2508254));
#7192 = ELLIPSE('',#7193,45.486038351421,27.);
#7193 = AXIS2_PLACEMENT_3D('',#7194,#7195,#7196);
#7194 = CARTESIAN_POINT('',(0.,0.,50.093920485671));
#7195 = DIRECTION('',(0.801196954794,7.573541048412E-02,-0.593588735765)
  );
#7196 = DIRECTION('',(0.590954367945,5.586163472776E-02,0.804768546088)
  );
#7197 = ORIENTED_EDGE('',*,*,#7198,.T.);
#7198 = EDGE_CURVE('',#7190,#7199,#7201,.T.);
#7199 = VERTEX_POINT('',#7200);
#7200 = CARTESIAN_POINT('',(7.959086202273,-25.80025090623,55.6887611));
#7201 = ELLIPSE('',#7202,31.333603318075,27.);
#7202 = AXIS2_PLACEMENT_3D('',#7203,#7204,#7205);
#7203 = CARTESIAN_POINT('',(0.,0.,58.925046548292));
#7204 = DIRECTION('',(0.505175098288,4.775310640693E-02,0.861694702838)
  );
#7205 = DIRECTION('',(-0.857870471245,-8.109263507954E-02,0.50742707762)
  );
#7206 = ORIENTED_EDGE('',*,*,#7207,.T.);
#7207 = EDGE_CURVE('',#7199,#7208,#7210,.T.);
#7208 = VERTEX_POINT('',#7209);
#7209 = CARTESIAN_POINT('',(8.695004368342,-25.56162942839,55.0200469));
#7210 = ELLIPSE('',#7211,36.065617000143,27.);
#7211 = AXIS2_PLACEMENT_3D('',#7212,#7213,#7214);
#7212 = CARTESIAN_POINT('',(0.,0.,60.555721907964));
#7213 = DIRECTION('',(0.660039516972,6.239210403199E-02,0.748635466292)
  );
#7214 = DIRECTION('',(-0.745312995593,-7.045282102313E-02,0.662981853907
    ));
#7215 = ORIENTED_EDGE('',*,*,#7216,.T.);
#7216 = EDGE_CURVE('',#7208,#7217,#7219,.T.);
#7217 = VERTEX_POINT('',#7218);
#7218 = CARTESIAN_POINT('',(9.103007140163,-25.41919080156,54.5019076));
#7219 = ELLIPSE('',#7220,42.902450961812,27.);
#7220 = AXIS2_PLACEMENT_3D('',#7221,#7222,#7223);
#7221 = CARTESIAN_POINT('',(0.,0.,62.738918407651));
#7222 = DIRECTION('',(0.77368544499,7.31348071299E-02,0.629334674237));
#7223 = DIRECTION('',(-0.626541664676,-5.922562470525E-02,0.777134394943
    ));
#7224 = ORIENTED_EDGE('',*,*,#7225,.T.);
#7225 = EDGE_CURVE('',#7217,#7226,#7228,.T.);
#7226 = VERTEX_POINT('',#7227);
#7227 = CARTESIAN_POINT('',(9.436848749899,-25.29715173041,53.9367309));
#7228 = ELLIPSE('',#7229,51.947737431551,27.);
#7229 = AXIS2_PLACEMENT_3D('',#7230,#7231,#7232);
#7230 = CARTESIAN_POINT('',(0.,0.,65.466104542003));
#7231 = DIRECTION('',(0.850525003928,8.039828398511E-02,0.519753146816)
  );
#7232 = DIRECTION('',(-0.517446463952,-4.891309198881E-02,0.854316490755
    ));
#7233 = ORIENTED_EDGE('',*,*,#7234,.T.);
#7234 = EDGE_CURVE('',#7226,#7235,#7237,.T.);
#7235 = VERTEX_POINT('',#7236);
#7236 = CARTESIAN_POINT('',(9.783194676593,-25.16523597981,53.0209825));
#7237 = ELLIPSE('',#7238,74.294800573127,27.);
#7238 = AXIS2_PLACEMENT_3D('',#7239,#7240,#7241);
#7239 = CARTESIAN_POINT('',(0.,0.,71.918009242721));
#7240 = DIRECTION('',(0.927491954251,8.767380287161E-02,0.363417086952)
  );
#7241 = DIRECTION('',(-0.361804229057,-3.420056908422E-02,0.931626545839
    ));
#7242 = ORIENTED_EDGE('',*,*,#7243,.T.);
#7243 = EDGE_CURVE('',#7235,#7244,#7246,.T.);
#7244 = VERTEX_POINT('',#7245);
#7245 = CARTESIAN_POINT('',(9.89099744699,-25.12306051227,52.1878382));
#7246 = ELLIPSE('',#7247,203.91785101678,27.);
#7247 = AXIS2_PLACEMENT_3D('',#7248,#7249,#7250);
#7248 = CARTESIAN_POINT('',(0.,0.,108.20429708949));
#7249 = DIRECTION('',(0.986796570971,9.327973966906E-02,0.132406259998)
  );
#7250 = DIRECTION('',(-0.13181863633,-1.246052980124E-02,0.991195531827)
  );
#7251 = ORIENTED_EDGE('',*,*,#7252,.T.);
#7252 = EDGE_CURVE('',#7244,#7253,#7255,.T.);
#7253 = VERTEX_POINT('',#7254);
#7254 = CARTESIAN_POINT('',(9.818259003451,-25.15157629535,51.1683264));
#7255 = ELLIPSE('',#7256,367.53252914246,27.);
#7256 = AXIS2_PLACEMENT_3D('',#7257,#7258,#7259);
#7257 = CARTESIAN_POINT('',(0.,0.,-49.39533620374));
#7258 = DIRECTION('',(0.992871908105,9.385402811197E-02,
    -7.346288521181E-02));
#7259 = DIRECTION('',(7.313685432688E-02,6.913468218795E-03,
    0.997297951716));
#7260 = ORIENTED_EDGE('',*,*,#7261,.T.);
#7261 = EDGE_CURVE('',#7253,#7262,#7264,.T.);
#7262 = VERTEX_POINT('',#7263);
#7263 = CARTESIAN_POINT('',(9.42700988439,-25.30081984125,50.1065713));
#7264 = ELLIPSE('',#7265,75.994758748346,27.);
#7265 = AXIS2_PLACEMENT_3D('',#7266,#7267,#7268);
#7266 = CARTESIAN_POINT('',(0.,0.,31.67873446364));
#7267 = DIRECTION('',(0.93060853115,8.796840612658E-02,-0.355287659895)
  );
#7268 = DIRECTION('',(0.353710880684,3.343552241562E-02,0.934757015874)
  );
#7269 = ORIENTED_EDGE('',*,*,#7270,.T.);
#7270 = EDGE_CURVE('',#7262,#7271,#7273,.T.);
#7271 = VERTEX_POINT('',#7272);
#7272 = CARTESIAN_POINT('',(8.868738246478,-25.50187212569,49.1935839));
#7273 = ELLIPSE('',#7274,50.682572936187,27.);
#7274 = AXIS2_PLACEMENT_3D('',#7275,#7276,#7277);
#7275 = CARTESIAN_POINT('',(0.,0.,38.979823954496));
#7276 = DIRECTION('',(0.84253099084,7.964262726541E-02,-0.532727492623)
  );
#7277 = DIRECTION('',(0.530363229154,5.013408578919E-02,0.8462868418));
#7278 = ORIENTED_EDGE('',*,*,#7279,.T.);
#7279 = EDGE_CURVE('',#7271,#7280,#7282,.T.);
#7280 = VERTEX_POINT('',#7281);
#7281 = CARTESIAN_POINT('',(8.341108749878,-25.67928941428,48.7248916));
#7282 = ELLIPSE('',#7283,35.695479313859,27.);
#7283 = AXIS2_PLACEMENT_3D('',#7284,#7285,#7286);
#7284 = CARTESIAN_POINT('',(0.,0.,43.633590442773));
#7285 = DIRECTION('',(0.651208341162,6.155731213593E-02,-0.756398303623)
  );
#7286 = DIRECTION('',(0.753041381177,7.118336855091E-02,0.654111310311)
  );
#7287 = ORIENTED_EDGE('',*,*,#7288,.T.);
#7288 = EDGE_CURVE('',#7280,#7289,#7291,.T.);
#7289 = VERTEX_POINT('',#7290);
#7290 = CARTESIAN_POINT('',(7.49424319649,-25.93908862916,48.2667162));
#7291 = ELLIPSE('',#7292,30.534034603335,27.);
#7292 = AXIS2_PLACEMENT_3D('',#7293,#7294,#7295);
#7293 = CARTESIAN_POINT('',(0.,0.,45.615598062678));
#7294 = DIRECTION('',(0.464923947424,4.394825241334E-02,-0.884259166886)
  );
#7295 = DIRECTION('',(0.880334793403,8.321613873203E-02,0.466996494397)
  );
#7296 = ORIENTED_EDGE('',*,*,#7297,.T.);
#7297 = EDGE_CURVE('',#7289,#7298,#7300,.T.);
#7298 = VERTEX_POINT('',#7299);
#7299 = CARTESIAN_POINT('',(6.463955342915,-26.21482941628,47.9356472));
#7300 = ELLIPSE('',#7301,28.306277291316,27.);
#7301 = AXIS2_PLACEMENT_3D('',#7302,#7303,#7304);
#7302 = CARTESIAN_POINT('',(0.,0.,46.686428467023));
#7303 = DIRECTION('',(0.298944412951,2.82585669994E-02,-0.953852028019)
  );
#7304 = DIRECTION('',(0.949618798956,8.976540551235E-02,0.300277053141)
  );
#7305 = ORIENTED_EDGE('',*,*,#7306,.T.);
#7306 = EDGE_CURVE('',#7298,#7307,#7309,.T.);
#7307 = VERTEX_POINT('',#7308);
#7308 = CARTESIAN_POINT('',(5.702290287941,-26.39098113886,47.7953884));
#7309 = ELLIPSE('',#7310,27.438763683677,27.);
#7310 = AXIS2_PLACEMENT_3D('',#7311,#7312,#7313);
#7311 = CARTESIAN_POINT('',(0.,0.,47.217351857977));
#7312 = DIRECTION('',(0.177326327832,1.676227318097E-02,-0.984009349374)
  );
#7313 = DIRECTION('',(0.979642281051,9.260346015923E-02,0.178116816569)
  );
#7314 = ORIENTED_EDGE('',*,*,#7315,.T.);
#7315 = EDGE_CURVE('',#7307,#7316,#7318,.T.);
#7316 = VERTEX_POINT('',#7317);
#7317 = CARTESIAN_POINT('',(4.482031658718,-26.6253899917,47.7217701));
#7318 = ELLIPSE('',#7319,27.047780426076,27.);
#7319 = AXIS2_PLACEMENT_3D('',#7320,#7321,#7322);
#7320 = CARTESIAN_POINT('',(0.,0.,47.605324440995));
#7321 = DIRECTION('',(5.914943556962E-02,5.591267859875E-03,
    -0.998233480703));
#7322 = DIRECTION('',(0.993803285181,9.394206916699E-02,
    5.941311306846E-02));
#7323 = ORIENTED_EDGE('',*,*,#7324,.T.);
#7324 = EDGE_CURVE('',#7316,#6531,#7325,.T.);
#7325 = ELLIPSE('',#7326,27.000993818871,27.);
#7326 = AXIS2_PLACEMENT_3D('',#7327,#7328,#7329);
#7327 = CARTESIAN_POINT('',(0.,0.,47.738556743136));
#7328 = DIRECTION('',(-8.541674987249E-03,-8.07426011183E-04,
    -0.999963193248));
#7329 = DIRECTION('',(-0.995525321201,-9.410484949721E-02,
    8.579752231349E-03));
#7330 = FACE_BOUND('',#7331,.T.);
#7331 = EDGE_LOOP('',(#7332,#7343,#7352,#7361,#7370,#7379,#7388,#7397,
    #7406,#7415,#7424,#7433,#7442));
#7332 = ORIENTED_EDGE('',*,*,#7333,.T.);
#7333 = EDGE_CURVE('',#7334,#7336,#7338,.T.);
#7334 = VERTEX_POINT('',#7335);
#7335 = CARTESIAN_POINT('',(-3.922796144302,-26.71351100866,59.8009443)
  );
#7336 = VERTEX_POINT('',#7337);
#7337 = CARTESIAN_POINT('',(-4.139739998967,-26.68075247703,59.9911772)
  );
#7338 = ELLIPSE('',#7339,36.208322879812,27.);
#7339 = AXIS2_PLACEMENT_3D('',#7340,#7341,#7342);
#7340 = CARTESIAN_POINT('',(0.,0.,54.065002964478));
#7341 = DIRECTION('',(-0.663341685277,-6.270425084002E-02,
    -0.745684910335));
#7342 = DIRECTION('',(-0.742375534308,-7.017514917866E-02,0.666298742682
    ));
#7343 = ORIENTED_EDGE('',*,*,#7344,.T.);
#7344 = EDGE_CURVE('',#7336,#7345,#7347,.T.);
#7345 = VERTEX_POINT('',#7346);
#7346 = CARTESIAN_POINT('',(-4.334963614127,-26.64972965086,60.2502845)
  );
#7347 = ELLIPSE('',#7348,45.436363110551,27.);
#7348 = AXIS2_PLACEMENT_3D('',#7349,#7350,#7351);
#7349 = CARTESIAN_POINT('',(0.,0.,51.014554779533));
#7350 = DIRECTION('',(-0.800720006115,-7.569032555987E-02,
    -0.594237701955));
#7351 = DIRECTION('',(-0.591600453999,-5.592270784124E-02,0.804289471257
    ));
#7352 = ORIENTED_EDGE('',*,*,#7353,.T.);
#7353 = EDGE_CURVE('',#7345,#7354,#7356,.T.);
#7354 = VERTEX_POINT('',#7355);
#7355 = CARTESIAN_POINT('',(-4.336576772448,-26.64946719723,60.8438995)
  );
#7356 = ELLIPSE('',#7357,1.013575024759E+04,27.);
#7357 = AXIS2_PLACEMENT_3D('',#7358,#7359,#7360);
#7358 = CARTESIAN_POINT('',(0.,0.,-2.501339777404E+03));
#7359 = DIRECTION('',(-0.995558432326,-9.410797942E-02,
    -2.663838328733E-03));
#7360 = DIRECTION('',(-2.652016119939E-03,-2.506893320703E-04,
    0.999996451976));
#7361 = ORIENTED_EDGE('',*,*,#7362,.T.);
#7362 = EDGE_CURVE('',#7354,#7363,#7365,.T.);
#7363 = VERTEX_POINT('',#7364);
#7364 = CARTESIAN_POINT('',(-4.175257317565,-26.67521745613,61.0736649)
  );
#7365 = ELLIPSE('',#7366,47.614370135286,27.);
#7366 = AXIS2_PLACEMENT_3D('',#7367,#7368,#7369);
#7367 = CARTESIAN_POINT('',(0.,0.,70.75797389927));
#7368 = DIRECTION('',(-0.820023929293,-7.751508355116E-02,0.56705570027)
  );
#7369 = DIRECTION('',(0.564539087001,5.33646555101E-02,0.823679447838));
#7370 = ORIENTED_EDGE('',*,*,#7371,.T.);
#7371 = EDGE_CURVE('',#7363,#7372,#7374,.T.);
#7372 = VERTEX_POINT('',#7373);
#7373 = CARTESIAN_POINT('',(-3.890916223571,-26.71817304647,61.2215792)
  );
#7374 = ELLIPSE('',#7375,30.558876295497,27.);
#7375 = AXIS2_PLACEMENT_3D('',#7376,#7377,#7378);
#7376 = CARTESIAN_POINT('',(0.,0.,64.607814785788));
#7377 = DIRECTION('',(-0.466276486426,-4.407610499177E-02,0.883540341566
    ));
#7378 = DIRECTION('',(0.879619158256,8.314849129365E-02,0.468355062773)
  );
#7379 = ORIENTED_EDGE('',*,*,#7380,.T.);
#7380 = EDGE_CURVE('',#7372,#7381,#7383,.T.);
#7381 = VERTEX_POINT('',#7382);
#7382 = CARTESIAN_POINT('',(-3.288605285775,-26.79897526537,61.2956744)
  );
#7383 = ELLIPSE('',#7384,27.210634898076,27.);
#7384 = AXIS2_PLACEMENT_3D('',#7385,#7386,#7387);
#7385 = CARTESIAN_POINT('',(0.,0.,62.021067256167));
#7386 = DIRECTION('',(-0.123633746838,-1.168682994916E-02,0.992259096531
    ));
#7387 = DIRECTION('',(0.987855415538,9.337982994949E-02,0.124184883748)
  );
#7388 = ORIENTED_EDGE('',*,*,#7389,.T.);
#7389 = EDGE_CURVE('',#7381,#7390,#7392,.T.);
#7390 = VERTEX_POINT('',#7391);
#7391 = CARTESIAN_POINT('',(-2.183057016554,-26.91160088256,61.2561921)
  );
#7392 = ELLIPSE('',#7393,27.017705540217,27.);
#7393 = AXIS2_PLACEMENT_3D('',#7394,#7395,#7396);
#7394 = CARTESIAN_POINT('',(0.,0.,61.085737624899));
#7395 = DIRECTION('',(3.60364905022E-02,3.406451290486E-03,
    0.999344668992));
#7396 = DIRECTION('',(-0.994909541977,-9.404664122265E-02,
    3.619713466712E-02));
#7397 = ORIENTED_EDGE('',*,*,#7398,.T.);
#7398 = EDGE_CURVE('',#7390,#7399,#7401,.T.);
#7399 = VERTEX_POINT('',#7400);
#7400 = CARTESIAN_POINT('',(-1.95233181559,-26.92932231753,61.1437943));
#7401 = ELLIPSE('',#7402,30.101679782856,27.);
#7402 = AXIS2_PLACEMENT_3D('',#7403,#7404,#7405);
#7403 = CARTESIAN_POINT('',(0.,0.,58.936615751712));
#7404 = DIRECTION('',(0.440149777179,4.160640383073E-02,0.896959910369)
  );
#7405 = DIRECTION('',(-0.892979170538,-8.441138427919E-02,0.442111885375
    ));
#7406 = ORIENTED_EDGE('',*,*,#7407,.T.);
#7407 = EDGE_CURVE('',#7399,#7408,#7410,.T.);
#7408 = VERTEX_POINT('',#7409);
#7409 = CARTESIAN_POINT('',(-1.714972474385,-26.94547957287,60.8246478)
  );
#7410 = ELLIPSE('',#7411,45.563072561109,27.);
#7411 = AXIS2_PLACEMENT_3D('',#7412,#7413,#7414);
#7412 = CARTESIAN_POINT('',(0.,0.,55.056878308339));
#7413 = DIRECTION('',(0.801932945811,7.580498211877E-02,0.592585145872)
  );
#7414 = DIRECTION('',(-0.589955232019,-5.576718857562E-02,0.80550781802)
  );
#7415 = ORIENTED_EDGE('',*,*,#7416,.T.);
#7416 = EDGE_CURVE('',#7408,#7417,#7419,.T.);
#7417 = VERTEX_POINT('',#7418);
#7418 = CARTESIAN_POINT('',(-1.676294274239,-26.94791341655,60.5431011)
  );
#7419 = ELLIPSE('',#7420,200.42304573421,27.);
#7420 = AXIS2_PLACEMENT_3D('',#7421,#7422,#7423);
#7421 = CARTESIAN_POINT('',(0.,0.,29.61450377705));
#7422 = DIRECTION('',(0.98648680086,9.325045777233E-02,0.13471504687));
#7423 = DIRECTION('',(-0.134117176724,-1.26778058396E-02,0.990884380817)
  );
#7424 = ORIENTED_EDGE('',*,*,#7425,.T.);
#7425 = EDGE_CURVE('',#7417,#7426,#7428,.T.);
#7426 = VERTEX_POINT('',#7427);
#7427 = CARTESIAN_POINT('',(-1.717179193831,-26.94533903324,60.2583416)
  );
#7428 = ELLIPSE('',#7429,191.93032874396,27.);
#7429 = AXIS2_PLACEMENT_3D('',#7430,#7431,#7432);
#7430 = CARTESIAN_POINT('',(0.,0.,90.136361172891));
#7431 = DIRECTION('',(0.985661777959,9.31724701468E-02,-0.140676047276)
  );
#7432 = DIRECTION('',(0.140051721998,1.323878553342E-02,0.990055680112)
  );
#7433 = ORIENTED_EDGE('',*,*,#7434,.T.);
#7434 = EDGE_CURVE('',#7426,#7435,#7437,.T.);
#7435 = VERTEX_POINT('',#7436);
#7436 = CARTESIAN_POINT('',(-2.124551457121,-26.91628282482,59.8009443)
  );
#7437 = ELLIPSE('',#7438,40.851899035572,27.);
#7438 = AXIS2_PLACEMENT_3D('',#7439,#7440,#7441);
#7439 = CARTESIAN_POINT('',(0.,0.,65.07875453103));
#7440 = DIRECTION('',(0.747122315623,7.062385212152E-02,-0.660923987315)
  );
#7441 = DIRECTION('',(0.657990783265,6.219844167801E-02,0.750452851944)
  );
#7442 = ORIENTED_EDGE('',*,*,#7443,.F.);
#7443 = EDGE_CURVE('',#7334,#7435,#7444,.T.);
#7444 = CIRCLE('',#7445,27.);
#7445 = AXIS2_PLACEMENT_3D('',#7446,#7447,#7448);
#7446 = CARTESIAN_POINT('',(0.,0.,59.8009443));
#7447 = DIRECTION('',(0.,0.,1.));
#7448 = DIRECTION('',(1.,0.,0.));
#7449 = CYLINDRICAL_SURFACE('',#7450,27.);
#7450 = AXIS2_PLACEMENT_3D('',#7451,#7452,#7453);
#7451 = CARTESIAN_POINT('',(0.,0.,8.));
#7452 = DIRECTION('',(0.,0.,1.));
#7453 = DIRECTION('',(1.,0.,0.));
#7454 = ADVANCED_FACE('',(#7455,#7466),#7469,.T.);
#7455 = FACE_BOUND('',#7456,.T.);
#7456 = EDGE_LOOP('',(#7457));
#7457 = ORIENTED_EDGE('',*,*,#7458,.T.);
#7458 = EDGE_CURVE('',#7459,#7459,#7461,.T.);
#7459 = VERTEX_POINT('',#7460);
#7460 = CARTESIAN_POINT('',(27.,-7.E-15,92.8));
#7461 = CIRCLE('',#7462,27.);
#7462 = AXIS2_PLACEMENT_3D('',#7463,#7464,#7465);
#7463 = CARTESIAN_POINT('',(0.,0.,92.8));
#7464 = DIRECTION('',(0.,0.,1.));
#7465 = DIRECTION('',(1.,0.,0.));
#7466 = FACE_BOUND('',#7467,.T.);
#7467 = EDGE_LOOP('',(#7468));
#7468 = ORIENTED_EDGE('',*,*,#6106,.F.);
#7469 = PLANE('',#7470);
#7470 = AXIS2_PLACEMENT_3D('',#7471,#7472,#7473);
#7471 = CARTESIAN_POINT('',(0.,0.,92.8));
#7472 = DIRECTION('',(0.,0.,1.));
#7473 = DIRECTION('',(1.,0.,0.));
#7474 = ADVANCED_FACE('',(#7475,#7478),#7489,.T.);
#7475 = FACE_BOUND('',#7476,.T.);
#7476 = EDGE_LOOP('',(#7477));
#7477 = ORIENTED_EDGE('',*,*,#6131,.T.);
#7478 = FACE_BOUND('',#7479,.T.);
#7479 = EDGE_LOOP('',(#7480));
#7480 = ORIENTED_EDGE('',*,*,#7481,.F.);
#7481 = EDGE_CURVE('',#7482,#7482,#7484,.T.);
#7482 = VERTEX_POINT('',#7483);
#7483 = CARTESIAN_POINT('',(26.5,-6.E-15,87.8));
#7484 = CIRCLE('',#7485,26.5);
#7485 = AXIS2_PLACEMENT_3D('',#7486,#7487,#7488);
#7486 = CARTESIAN_POINT('',(0.,0.,87.8));
#7487 = DIRECTION('',(0.,0.,1.));
#7488 = DIRECTION('',(1.,0.,0.));
#7489 = PLANE('',#7490);
#7490 = AXIS2_PLACEMENT_3D('',#7491,#7492,#7493);
#7491 = CARTESIAN_POINT('',(0.,0.,87.8));
#7492 = DIRECTION('',(0.,0.,1.));
#7493 = DIRECTION('',(1.,0.,0.));
#7494 = ADVANCED_FACE('',(#7495),#7521,.F.);
#7495 = FACE_BOUND('',#7496,.F.);
#7496 = EDGE_LOOP('',(#7497,#7508,#7514,#7515));
#7497 = ORIENTED_EDGE('',*,*,#7498,.F.);
#7498 = EDGE_CURVE('',#7499,#7501,#7503,.T.);
#7499 = VERTEX_POINT('',#7500);
#7500 = CARTESIAN_POINT('',(-2.740743689728,-26.0562530696,50.739267));
#7501 = VERTEX_POINT('',#7502);
#7502 = CARTESIAN_POINT('',(-2.956825150373,-26.03261771374,50.9294999)
  );
#7503 = ELLIPSE('',#7504,35.135483683373,26.2);
#7504 = AXIS2_PLACEMENT_3D('',#7505,#7506,#7507);
#7505 = CARTESIAN_POINT('',(0.,0.,46.11011691443));
#7506 = DIRECTION('',(-0.663341685277,-6.270425084002E-02,
    -0.745684910335));
#7507 = DIRECTION('',(-0.742375534308,-7.017514917866E-02,0.666298742682
    ));
#7508 = ORIENTED_EDGE('',*,*,#7509,.T.);
#7509 = EDGE_CURVE('',#7499,#6156,#7510,.T.);
#7510 = LINE('',#7511,#7512);
#7511 = CARTESIAN_POINT('',(-5.157698113512,-0.487546016548,50.739267));
#7512 = VECTOR('',#7513,1.);
#7513 = DIRECTION('',(9.410831331851E-02,-0.995561964603,0.));
#7514 = ORIENTED_EDGE('',*,*,#6155,.T.);
#7515 = ORIENTED_EDGE('',*,*,#7516,.F.);
#7516 = EDGE_CURVE('',#7501,#6158,#7517,.T.);
#7517 = LINE('',#7518,#7519);
#7518 = CARTESIAN_POINT('',(-5.369651463764,-0.507581507058,50.9294999)
  );
#7519 = VECTOR('',#7520,1.);
#7520 = DIRECTION('',(9.410831331851E-02,-0.995561964603,0.));
#7521 = PLANE('',#7522);
#7522 = AXIS2_PLACEMENT_3D('',#7523,#7524,#7525);
#7523 = CARTESIAN_POINT('',(-5.157698113512,-0.487546016548,50.739267));
#7524 = DIRECTION('',(-0.663341685277,-6.270425084002E-02,
    -0.745684910335));
#7525 = DIRECTION('',(-0.742375534308,-7.017514917866E-02,0.666298742682
    ));
#7526 = ADVANCED_FACE('',(#7527),#7546,.F.);
#7527 = FACE_BOUND('',#7528,.F.);
#7528 = EDGE_LOOP('',(#7529,#7530,#7539,#7545));
#7529 = ORIENTED_EDGE('',*,*,#7509,.F.);
#7530 = ORIENTED_EDGE('',*,*,#7531,.T.);
#7531 = EDGE_CURVE('',#7499,#7532,#7534,.T.);
#7532 = VERTEX_POINT('',#7533);
#7533 = CARTESIAN_POINT('',(-0.887073802177,-26.18497851955,50.739267));
#7534 = CIRCLE('',#7535,26.2);
#7535 = AXIS2_PLACEMENT_3D('',#7536,#7537,#7538);
#7536 = CARTESIAN_POINT('',(0.,0.,50.739267));
#7537 = DIRECTION('',(0.,0.,1.));
#7538 = DIRECTION('',(-0.995561964603,-9.410831331851E-02,0.));
#7539 = ORIENTED_EDGE('',*,*,#7540,.T.);
#7540 = EDGE_CURVE('',#7532,#6230,#7541,.T.);
#7541 = LINE('',#7542,#7543);
#7542 = CARTESIAN_POINT('',(-3.332505392952,-0.315014507189,50.739267));
#7543 = VECTOR('',#7544,1.);
#7544 = DIRECTION('',(9.410831331851E-02,-0.995561964603,0.));
#7545 = ORIENTED_EDGE('',*,*,#6238,.F.);
#7546 = PLANE('',#7547);
#7547 = AXIS2_PLACEMENT_3D('',#7548,#7549,#7550);
#7548 = CARTESIAN_POINT('',(-3.332505392952,-0.315014507189,50.739267));
#7549 = DIRECTION('',(0.,-0.,-1.));
#7550 = DIRECTION('',(-0.995561964603,-9.410831331851E-02,0.));
#7551 = ADVANCED_FACE('',(#7552),#7571,.F.);
#7552 = FACE_BOUND('',#7553,.F.);
#7553 = EDGE_LOOP('',(#7554,#7563,#7569,#7570));
#7554 = ORIENTED_EDGE('',*,*,#7555,.F.);
#7555 = EDGE_CURVE('',#7556,#7532,#7558,.T.);
#7556 = VERTEX_POINT('',#7557);
#7557 = CARTESIAN_POINT('',(-0.538201925324,-26.19447152907,51.1471671)
  );
#7558 = ELLIPSE('',#7559,40.473364211277,26.2);
#7559 = AXIS2_PLACEMENT_3D('',#7560,#7561,#7562);
#7560 = CARTESIAN_POINT('',(0.,0.,54.680577334452));
#7561 = DIRECTION('',(0.758819267063,7.172953957254E-02,-0.647339318353)
  );
#7562 = DIRECTION('',(0.644466403545,6.0920011395E-02,0.76220194628));
#7563 = ORIENTED_EDGE('',*,*,#7564,.T.);
#7564 = EDGE_CURVE('',#7556,#6221,#7565,.T.);
#7565 = LINE('',#7566,#7567);
#7566 = CARTESIAN_POINT('',(-2.987612662442,-0.282412545384,51.1471671)
  );
#7567 = VECTOR('',#7568,1.);
#7568 = DIRECTION('',(9.410831331851E-02,-0.995561964603,0.));
#7569 = ORIENTED_EDGE('',*,*,#6229,.T.);
#7570 = ORIENTED_EDGE('',*,*,#7540,.F.);
#7571 = PLANE('',#7572);
#7572 = AXIS2_PLACEMENT_3D('',#7573,#7574,#7575);
#7573 = CARTESIAN_POINT('',(-2.987612662442,-0.282412545384,51.1471671)
  );
#7574 = DIRECTION('',(0.758819267063,7.172953957254E-02,-0.647339318353)
  );
#7575 = DIRECTION('',(-0.644466403545,-6.0920011395E-02,-0.76220194628)
  );
#7576 = ADVANCED_FACE('',(#7577),#7596,.F.);
#7577 = FACE_BOUND('',#7578,.F.);
#7578 = EDGE_LOOP('',(#7579,#7588,#7594,#7595));
#7579 = ORIENTED_EDGE('',*,*,#7580,.F.);
#7580 = EDGE_CURVE('',#7581,#7556,#7583,.T.);
#7581 = VERTEX_POINT('',#7582);
#7582 = CARTESIAN_POINT('',(-0.541233256333,-26.19440907068,51.7756711)
  );
#7583 = ELLIPSE('',#7584,5.467129445859E+03,26.2);
#7584 = AXIS2_PLACEMENT_3D('',#7585,#7586,#7587);
#7585 = CARTESIAN_POINT('',(0.,0.,-575.0470806999));
#7586 = DIRECTION('',(0.995550532539,9.410723267026E-02,
    4.792277237892E-03));
#7587 = DIRECTION('',(-4.771008941879E-03,-4.509931278127E-04,
    0.999988516974));
#7588 = ORIENTED_EDGE('',*,*,#7589,.T.);
#7589 = EDGE_CURVE('',#7581,#6212,#7590,.T.);
#7590 = LINE('',#7591,#7592);
#7591 = CARTESIAN_POINT('',(-2.990611295079,-0.282695999624,51.7756711)
  );
#7592 = VECTOR('',#7593,1.);
#7593 = DIRECTION('',(9.410831331851E-02,-0.995561964603,0.));
#7594 = ORIENTED_EDGE('',*,*,#6220,.T.);
#7595 = ORIENTED_EDGE('',*,*,#7564,.F.);
#7596 = PLANE('',#7597);
#7597 = AXIS2_PLACEMENT_3D('',#7598,#7599,#7600);
#7598 = CARTESIAN_POINT('',(-2.990611295079,-0.282695999624,51.7756711)
  );
#7599 = DIRECTION('',(0.995550532539,9.410723267026E-02,
    4.792277237892E-03));
#7600 = DIRECTION('',(4.771008941879E-03,4.509931278127E-04,
    -0.999988516974));
#7601 = ADVANCED_FACE('',(#7602),#7621,.F.);
#7602 = FACE_BOUND('',#7603,.F.);
#7603 = EDGE_LOOP('',(#7604,#7613,#7619,#7620));
#7604 = ORIENTED_EDGE('',*,*,#7605,.F.);
#7605 = EDGE_CURVE('',#7606,#7581,#7608,.T.);
#7606 = VERTEX_POINT('',#7607);
#7607 = CARTESIAN_POINT('',(-0.949731402791,-26.18278079697,52.2386908)
  );
#7608 = ELLIPSE('',#7609,39.762195847998,26.2);
#7609 = AXIS2_PLACEMENT_3D('',#7610,#7611,#7612);
#7610 = CARTESIAN_POINT('',(0.,0.,48.346391152212));
#7611 = DIRECTION('',(0.748877002835,7.078971889805E-02,0.658917331934)
  );
#7612 = DIRECTION('',(-0.655993033491,-6.200959872464E-02,0.752215361234
    ));
#7613 = ORIENTED_EDGE('',*,*,#7614,.T.);
#7614 = EDGE_CURVE('',#7606,#6203,#7615,.T.);
#7615 = LINE('',#7616,#7617);
#7616 = CARTESIAN_POINT('',(-3.394402168309,-0.32086547512,52.2386908));
#7617 = VECTOR('',#7618,1.);
#7618 = DIRECTION('',(9.410831331851E-02,-0.995561964603,0.));
#7619 = ORIENTED_EDGE('',*,*,#6211,.T.);
#7620 = ORIENTED_EDGE('',*,*,#7589,.F.);
#7621 = PLANE('',#7622);
#7622 = AXIS2_PLACEMENT_3D('',#7623,#7624,#7625);
#7623 = CARTESIAN_POINT('',(-3.394402168309,-0.32086547512,52.2386908));
#7624 = DIRECTION('',(0.748877002835,7.078971889805E-02,0.658917331934)
  );
#7625 = DIRECTION('',(0.655993033491,6.200959872464E-02,-0.752215361234)
  );
#7626 = ADVANCED_FACE('',(#7627),#7646,.F.);
#7627 = FACE_BOUND('',#7628,.F.);
#7628 = EDGE_LOOP('',(#7629,#7638,#7644,#7645));
#7629 = ORIENTED_EDGE('',*,*,#7630,.F.);
#7630 = EDGE_CURVE('',#7631,#7606,#7633,.T.);
#7631 = VERTEX_POINT('',#7632);
#7632 = CARTESIAN_POINT('',(-2.740743689728,-26.0562530696,52.2386908));
#7633 = CIRCLE('',#7634,26.2);
#7634 = AXIS2_PLACEMENT_3D('',#7635,#7636,#7637);
#7635 = CARTESIAN_POINT('',(0.,0.,52.2386908));
#7636 = DIRECTION('',(0.,0.,1.));
#7637 = DIRECTION('',(-0.995561964603,-9.410831331851E-02,0.));
#7638 = ORIENTED_EDGE('',*,*,#7639,.T.);
#7639 = EDGE_CURVE('',#7631,#6194,#7640,.T.);
#7640 = LINE('',#7641,#7642);
#7641 = CARTESIAN_POINT('',(-5.157698113512,-0.487546016548,52.2386908)
  );
#7642 = VECTOR('',#7643,1.);
#7643 = DIRECTION('',(9.410831331851E-02,-0.995561964603,0.));
#7644 = ORIENTED_EDGE('',*,*,#6202,.T.);
#7645 = ORIENTED_EDGE('',*,*,#7614,.F.);
#7646 = PLANE('',#7647);
#7647 = AXIS2_PLACEMENT_3D('',#7648,#7649,#7650);
#7648 = CARTESIAN_POINT('',(-5.157698113512,-0.487546016548,52.2386908)
  );
#7649 = DIRECTION('',(0.,0.,1.));
#7650 = DIRECTION('',(0.995561964603,9.410831331851E-02,0.));
#7651 = ADVANCED_FACE('',(#7652),#7671,.F.);
#7652 = FACE_BOUND('',#7653,.F.);
#7653 = EDGE_LOOP('',(#7654,#7663,#7669,#7670));
#7654 = ORIENTED_EDGE('',*,*,#7655,.F.);
#7655 = EDGE_CURVE('',#7656,#7631,#7658,.T.);
#7656 = VERTEX_POINT('',#7657);
#7657 = CARTESIAN_POINT('',(-3.073293718619,-26.0191249991,51.9353824));
#7658 = ELLIPSE('',#7659,35.706111631956,26.2);
#7659 = AXIS2_PLACEMENT_3D('',#7660,#7661,#7662);
#7660 = CARTESIAN_POINT('',(0.,0.,57.035523255505));
#7661 = DIRECTION('',(-0.676384981413,-6.393720533521E-02,0.733767940628
    ));
#7662 = DIRECTION('',(0.730511452534,6.905366325966E-02,0.679400183476)
  );
#7663 = ORIENTED_EDGE('',*,*,#7664,.T.);
#7664 = EDGE_CURVE('',#7656,#6185,#7665,.T.);
#7665 = LINE('',#7666,#7667);
#7666 = CARTESIAN_POINT('',(-5.483824401433,-0.518374027235,51.9353824)
  );
#7667 = VECTOR('',#7668,1.);
#7668 = DIRECTION('',(9.410831331851E-02,-0.995561964603,0.));
#7669 = ORIENTED_EDGE('',*,*,#6193,.T.);
#7670 = ORIENTED_EDGE('',*,*,#7639,.F.);
#7671 = PLANE('',#7672);
#7672 = AXIS2_PLACEMENT_3D('',#7673,#7674,#7675);
#7673 = CARTESIAN_POINT('',(-5.483824401433,-0.518374027235,51.9353824)
  );
#7674 = DIRECTION('',(-0.676384981413,-6.393720533521E-02,0.733767940628
    ));
#7675 = DIRECTION('',(0.730511452534,6.905366325966E-02,0.679400183476)
  );
#7676 = ADVANCED_FACE('',(#7677),#7696,.F.);
#7677 = FACE_BOUND('',#7678,.F.);
#7678 = EDGE_LOOP('',(#7679,#7688,#7694,#7695));
#7679 = ORIENTED_EDGE('',*,*,#7680,.F.);
#7680 = EDGE_CURVE('',#7681,#7656,#7683,.T.);
#7681 = VERTEX_POINT('',#7682);
#7682 = CARTESIAN_POINT('',(-3.160582670601,-26.00866619383,51.7444467)
  );
#7683 = ELLIPSE('',#7684,63.847977725654,26.2);
#7684 = AXIS2_PLACEMENT_3D('',#7685,#7686,#7687);
#7685 = CARTESIAN_POINT('',(0.,0.,64.176519464593));
#7686 = DIRECTION('',(-0.907881064508,-8.582002799668E-02,0.41034972341)
  );
#7687 = DIRECTION('',(0.408528576812,3.861732034082E-02,0.911928234291)
  );
#7688 = ORIENTED_EDGE('',*,*,#7689,.T.);
#7689 = EDGE_CURVE('',#7681,#6176,#7690,.T.);
#7690 = LINE('',#7691,#7692);
#7691 = CARTESIAN_POINT('',(-5.569360397414,-0.526459559423,51.7444467)
  );
#7692 = VECTOR('',#7693,1.);
#7693 = DIRECTION('',(9.410831331851E-02,-0.995561964603,0.));
#7694 = ORIENTED_EDGE('',*,*,#6184,.T.);
#7695 = ORIENTED_EDGE('',*,*,#7664,.F.);
#7696 = PLANE('',#7697);
#7697 = AXIS2_PLACEMENT_3D('',#7698,#7699,#7700);
#7698 = CARTESIAN_POINT('',(-5.569360397414,-0.526459559423,51.7444467)
  );
#7699 = DIRECTION('',(-0.907881064508,-8.582002799668E-02,0.41034972341)
  );
#7700 = DIRECTION('',(0.408528576812,3.861732034082E-02,0.911928234291)
  );
#7701 = ADVANCED_FACE('',(#7702),#7721,.F.);
#7702 = FACE_BOUND('',#7703,.F.);
#7703 = EDGE_LOOP('',(#7704,#7713,#7719,#7720));
#7704 = ORIENTED_EDGE('',*,*,#7705,.F.);
#7705 = EDGE_CURVE('',#7706,#7681,#7708,.T.);
#7706 = VERTEX_POINT('',#7707);
#7707 = CARTESIAN_POINT('',(-3.151299059741,-26.00979266038,51.188557));
#7708 = ELLIPSE('',#7709,1.594312545023E+03,26.2);
#7709 = AXIS2_PLACEMENT_3D('',#7710,#7711,#7712);
#7710 = CARTESIAN_POINT('',(0.,0.,-288.6249840065));
#7711 = DIRECTION('',(-0.99542752622,-9.409560514974E-02,
    -1.643341519315E-02));
#7712 = DIRECTION('',(-1.636048311483E-02,-1.54652098589E-03,
    0.999864962315));
#7713 = ORIENTED_EDGE('',*,*,#7714,.T.);
#7714 = EDGE_CURVE('',#7706,#6167,#7715,.T.);
#7715 = LINE('',#7716,#7717);
#7716 = CARTESIAN_POINT('',(-5.560264545081,-0.52559974823,51.188557));
#7717 = VECTOR('',#7718,1.);
#7718 = DIRECTION('',(9.410831331851E-02,-0.995561964603,0.));
#7719 = ORIENTED_EDGE('',*,*,#6175,.T.);
#7720 = ORIENTED_EDGE('',*,*,#7689,.F.);
#7721 = PLANE('',#7722);
#7722 = AXIS2_PLACEMENT_3D('',#7723,#7724,#7725);
#7723 = CARTESIAN_POINT('',(-5.560264545081,-0.52559974823,51.188557));
#7724 = DIRECTION('',(-0.99542752622,-9.409560514974E-02,
    -1.643341519315E-02));
#7725 = DIRECTION('',(-1.636048311483E-02,-1.54652098589E-03,
    0.999864962315));
#7726 = ADVANCED_FACE('',(#7727),#7739,.F.);
#7727 = FACE_BOUND('',#7728,.F.);
#7728 = EDGE_LOOP('',(#7729,#7736,#7737,#7738));
#7729 = ORIENTED_EDGE('',*,*,#7730,.F.);
#7730 = EDGE_CURVE('',#7501,#7706,#7731,.T.);
#7731 = ELLIPSE('',#7732,44.080837024835,26.2);
#7732 = AXIS2_PLACEMENT_3D('',#7733,#7734,#7735);
#7733 = CARTESIAN_POINT('',(0.,0.,43.631751358259));
#7734 = DIRECTION('',(-0.800628136696,-7.568164134302E-02,
    -0.594362579486));
#7735 = DIRECTION('',(-0.59172477732,-5.593445985511E-02,0.804197192302)
  );
#7736 = ORIENTED_EDGE('',*,*,#7516,.T.);
#7737 = ORIENTED_EDGE('',*,*,#6166,.T.);
#7738 = ORIENTED_EDGE('',*,*,#7714,.F.);
#7739 = PLANE('',#7740);
#7740 = AXIS2_PLACEMENT_3D('',#7741,#7742,#7743);
#7741 = CARTESIAN_POINT('',(-5.369651463764,-0.507581507058,50.9294999)
  );
#7742 = DIRECTION('',(-0.800628136696,-7.568164134302E-02,
    -0.594362579486));
#7743 = DIRECTION('',(-0.59172477732,-5.593445985511E-02,0.804197192302)
  );
#7744 = ADVANCED_FACE('',(#7745),#7771,.F.);
#7745 = FACE_BOUND('',#7746,.F.);
#7746 = EDGE_LOOP('',(#7747,#7758,#7764,#7765));
#7747 = ORIENTED_EDGE('',*,*,#7748,.F.);
#7748 = EDGE_CURVE('',#7749,#7751,#7753,.T.);
#7749 = VERTEX_POINT('',#7750);
#7750 = CARTESIAN_POINT('',(-2.875818877877,-26.04169091633,53.7466988)
  );
#7751 = VERTEX_POINT('',#7752);
#7752 = CARTESIAN_POINT('',(-3.715072496519,-25.93527012285,53.7834452)
  );
#7753 = ELLIPSE('',#7754,26.22594401215,26.2);
#7754 = AXIS2_PLACEMENT_3D('',#7755,#7756,#7757);
#7755 = CARTESIAN_POINT('',(0.,0.,53.510163891307));
#7756 = DIRECTION('',(-4.427197183806E-02,-4.184933479882E-03,
    -0.999010750113));
#7757 = DIRECTION('',(-0.994577105042,-9.40152166802E-02,
    4.446932829109E-02));
#7758 = ORIENTED_EDGE('',*,*,#7759,.T.);
#7759 = EDGE_CURVE('',#7749,#6248,#7760,.T.);
#7760 = LINE('',#7761,#7762);
#7761 = CARTESIAN_POINT('',(-5.290212687479,-0.500072331825,53.7466988)
  );
#7762 = VECTOR('',#7763,1.);
#7763 = DIRECTION('',(9.410831331851E-02,-0.995561964603,0.));
#7764 = ORIENTED_EDGE('',*,*,#6247,.T.);
#7765 = ORIENTED_EDGE('',*,*,#7766,.F.);
#7766 = EDGE_CURVE('',#7751,#6250,#7767,.T.);
#7767 = LINE('',#7768,#7769);
#7768 = CARTESIAN_POINT('',(-6.11206292757,-0.577760052574,53.7834452));
#7769 = VECTOR('',#7770,1.);
#7770 = DIRECTION('',(9.410831331851E-02,-0.995561964603,0.));
#7771 = PLANE('',#7772);
#7772 = AXIS2_PLACEMENT_3D('',#7773,#7774,#7775);
#7773 = CARTESIAN_POINT('',(-5.290212687479,-0.500072331825,53.7466988)
  );
#7774 = DIRECTION('',(-4.427197183806E-02,-4.184933479882E-03,
    -0.999010750113));
#7775 = DIRECTION('',(-0.994577105042,-9.40152166802E-02,
    4.446932829109E-02));
#7776 = ADVANCED_FACE('',(#7777),#7796,.F.);
#7777 = FACE_BOUND('',#7778,.F.);
#7778 = EDGE_LOOP('',(#7779,#7788,#7794,#7795));
#7779 = ORIENTED_EDGE('',*,*,#7780,.F.);
#7780 = EDGE_CURVE('',#7781,#7749,#7783,.T.);
#7781 = VERTEX_POINT('',#7782);
#7782 = CARTESIAN_POINT('',(-2.40267686583,-26.08959838476,53.791929));
#7783 = ELLIPSE('',#7784,26.32284156593,26.2);
#7784 = AXIS2_PLACEMENT_3D('',#7785,#7786,#7787);
#7785 = CARTESIAN_POINT('',(0.,0.,54.261868514908));
#7786 = DIRECTION('',(9.606878657784E-02,9.081174039228E-03,
    -0.995333271082));
#7787 = DIRECTION('',(0.990915946794,9.366913533136E-02,
    9.649704387425E-02));
#7788 = ORIENTED_EDGE('',*,*,#7789,.T.);
#7789 = EDGE_CURVE('',#7781,#6385,#7790,.T.);
#7790 = LINE('',#7791,#7792);
#7791 = CARTESIAN_POINT('',(-4.825749480553,-0.456167632211,53.791929));
#7792 = VECTOR('',#7793,1.);
#7793 = DIRECTION('',(9.410831331851E-02,-0.995561964603,0.));
#7794 = ORIENTED_EDGE('',*,*,#6393,.T.);
#7795 = ORIENTED_EDGE('',*,*,#7759,.F.);
#7796 = PLANE('',#7797);
#7797 = AXIS2_PLACEMENT_3D('',#7798,#7799,#7800);
#7798 = CARTESIAN_POINT('',(-4.825749480553,-0.456167632211,53.791929));
#7799 = DIRECTION('',(9.606878657784E-02,9.081174039228E-03,
    -0.995333271082));
#7800 = DIRECTION('',(-0.990915946794,-9.366913533136E-02,
    -9.649704387425E-02));
#7801 = ADVANCED_FACE('',(#7802),#7821,.F.);
#7802 = FACE_BOUND('',#7803,.F.);
#7803 = EDGE_LOOP('',(#7804,#7813,#7819,#7820));
#7804 = ORIENTED_EDGE('',*,*,#7805,.F.);
#7805 = EDGE_CURVE('',#7806,#7781,#7808,.T.);
#7806 = VERTEX_POINT('',#7807);
#7807 = CARTESIAN_POINT('',(-2.083498497885,-26.11702574967,53.918182));
#7808 = ELLIPSE('',#7809,28.223846325406,26.2);
#7809 = AXIS2_PLACEMENT_3D('',#7810,#7811,#7812);
#7810 = CARTESIAN_POINT('',(0.,0.,55.733613068965));
#7811 = DIRECTION('',(0.370199202965,3.499412776062E-02,-0.928293036248)
  );
#7812 = DIRECTION('',(0.924173238894,8.736009190659E-02,0.371849484138)
  );
#7813 = ORIENTED_EDGE('',*,*,#7814,.T.);
#7814 = EDGE_CURVE('',#7806,#6376,#7815,.T.);
#7815 = LINE('',#7816,#7817);
#7816 = CARTESIAN_POINT('',(-4.511967563656,-0.426506508144,53.918182));
#7817 = VECTOR('',#7818,1.);
#7818 = DIRECTION('',(9.410831331851E-02,-0.995561964603,0.));
#7819 = ORIENTED_EDGE('',*,*,#6384,.T.);
#7820 = ORIENTED_EDGE('',*,*,#7789,.F.);
#7821 = PLANE('',#7822);
#7822 = AXIS2_PLACEMENT_3D('',#7823,#7824,#7825);
#7823 = CARTESIAN_POINT('',(-4.511967563656,-0.426506508144,53.918182));
#7824 = DIRECTION('',(0.370199202965,3.499412776062E-02,-0.928293036248)
  );
#7825 = DIRECTION('',(-0.924173238894,-8.736009190659E-02,
    -0.371849484138));
#7826 = ADVANCED_FACE('',(#7827),#7846,.F.);
#7827 = FACE_BOUND('',#7828,.F.);
#7828 = EDGE_LOOP('',(#7829,#7838,#7844,#7845));
#7829 = ORIENTED_EDGE('',*,*,#7830,.F.);
#7830 = EDGE_CURVE('',#7831,#7806,#7833,.T.);
#7831 = VERTEX_POINT('',#7832);
#7832 = CARTESIAN_POINT('',(-1.879534210864,-26.13249607577,54.1537204)
  );
#7833 = ELLIPSE('',#7834,40.291709521943,26.2);
#7834 = AXIS2_PLACEMENT_3D('',#7835,#7836,#7837);
#7835 = CARTESIAN_POINT('',(0.,0.,59.213133325));
#7836 = DIRECTION('',(0.756341956034,7.149536473382E-02,-0.65025783991)
  );
#7837 = DIRECTION('',(0.647371972599,6.119466853602E-02,0.759713591846)
  );
#7838 = ORIENTED_EDGE('',*,*,#7839,.T.);
#7839 = EDGE_CURVE('',#7831,#6367,#7840,.T.);
#7840 = LINE('',#7841,#7842);
#7841 = CARTESIAN_POINT('',(-4.311259085794,-0.407533971032,54.1537204)
  );
#7842 = VECTOR('',#7843,1.);
#7843 = DIRECTION('',(9.410831331851E-02,-0.995561964603,0.));
#7844 = ORIENTED_EDGE('',*,*,#6375,.T.);
#7845 = ORIENTED_EDGE('',*,*,#7814,.F.);
#7846 = PLANE('',#7847);
#7847 = AXIS2_PLACEMENT_3D('',#7848,#7849,#7850);
#7848 = CARTESIAN_POINT('',(-4.311259085794,-0.407533971032,54.1537204)
  );
#7849 = DIRECTION('',(0.756341956034,7.149536473382E-02,-0.65025783991)
  );
#7850 = DIRECTION('',(-0.647371972599,-6.119466853602E-02,
    -0.759713591846));
#7851 = ADVANCED_FACE('',(#7852),#7871,.F.);
#7852 = FACE_BOUND('',#7853,.F.);
#7853 = EDGE_LOOP('',(#7854,#7863,#7869,#7870));
#7854 = ORIENTED_EDGE('',*,*,#7855,.F.);
#7855 = EDGE_CURVE('',#7856,#7831,#7858,.T.);
#7856 = VERTEX_POINT('',#7857);
#7857 = CARTESIAN_POINT('',(-1.82755175366,-26.13618286184,54.3484462));
#7858 = ELLIPSE('',#7859,102.64782530464,26.2);
#7859 = AXIS2_PLACEMENT_3D('',#7860,#7861,#7862);
#7860 = CARTESIAN_POINT('',(0.,0.,70.557942835644));
#7861 = DIRECTION('',(0.962586258315,9.099119132153E-02,-0.255241647081)
  );
#7862 = DIRECTION('',(0.254108875616,2.40203608954E-02,0.96687729397));
#7863 = ORIENTED_EDGE('',*,*,#7864,.T.);
#7864 = EDGE_CURVE('',#7856,#6358,#7865,.T.);
#7865 = LINE('',#7866,#7867);
#7866 = CARTESIAN_POINT('',(-4.260082422116,-0.402696352008,54.3484462)
  );
#7867 = VECTOR('',#7868,1.);
#7868 = DIRECTION('',(9.410831331851E-02,-0.995561964603,0.));
#7869 = ORIENTED_EDGE('',*,*,#6366,.T.);
#7870 = ORIENTED_EDGE('',*,*,#7839,.F.);
#7871 = PLANE('',#7872);
#7872 = AXIS2_PLACEMENT_3D('',#7873,#7874,#7875);
#7873 = CARTESIAN_POINT('',(-4.260082422116,-0.402696352008,54.3484462)
  );
#7874 = DIRECTION('',(0.962586258315,9.099119132153E-02,-0.255241647081)
  );
#7875 = DIRECTION('',(-0.254108875616,-2.40203608954E-02,-0.96687729397)
  );
#7876 = ADVANCED_FACE('',(#7877),#7896,.F.);
#7877 = FACE_BOUND('',#7878,.F.);
#7878 = EDGE_LOOP('',(#7879,#7888,#7894,#7895));
#7879 = ORIENTED_EDGE('',*,*,#7880,.F.);
#7880 = EDGE_CURVE('',#7881,#7856,#7883,.T.);
#7881 = VERTEX_POINT('',#7882);
#7882 = CARTESIAN_POINT('',(-1.842983013573,-26.13509926538,54.6750976)
  );
#7883 = ELLIPSE('',#7884,561.41234212935,26.2);
#7884 = AXIS2_PLACEMENT_3D('',#7885,#7886,#7887);
#7885 = CARTESIAN_POINT('',(0.,0.,-37.24342439769));
#7886 = DIRECTION('',(0.994477254645,9.400577803868E-02,
    4.666801570594E-02));
#7887 = DIRECTION('',(-4.646090140033E-02,-4.391848244008E-03,
    0.9989104546));
#7888 = ORIENTED_EDGE('',*,*,#7889,.T.);
#7889 = EDGE_CURVE('',#7881,#6349,#7890,.T.);
#7890 = LINE('',#7891,#7892);
#7891 = CARTESIAN_POINT('',(-4.275275494146,-0.404132520156,54.6750976)
  );
#7892 = VECTOR('',#7893,1.);
#7893 = DIRECTION('',(9.410831331851E-02,-0.995561964603,0.));
#7894 = ORIENTED_EDGE('',*,*,#6357,.T.);
#7895 = ORIENTED_EDGE('',*,*,#7864,.F.);
#7896 = PLANE('',#7897);
#7897 = AXIS2_PLACEMENT_3D('',#7898,#7899,#7900);
#7898 = CARTESIAN_POINT('',(-4.275275494146,-0.404132520156,54.6750976)
  );
#7899 = DIRECTION('',(0.994477254645,9.400577803868E-02,
    4.666801570594E-02));
#7900 = DIRECTION('',(4.646090140033E-02,4.391848244008E-03,
    -0.9989104546));
#7901 = ADVANCED_FACE('',(#7902),#7921,.F.);
#7902 = FACE_BOUND('',#7903,.F.);
#7903 = EDGE_LOOP('',(#7904,#7913,#7919,#7920));
#7904 = ORIENTED_EDGE('',*,*,#7905,.F.);
#7905 = EDGE_CURVE('',#7906,#7881,#7908,.T.);
#7906 = VERTEX_POINT('',#7907);
#7907 = CARTESIAN_POINT('',(-1.956663134012,-26.1268342778,54.9758207));
#7908 = ELLIPSE('',#7909,74.834982951106,26.2);
#7909 = AXIS2_PLACEMENT_3D('',#7910,#7911,#7912);
#7910 = CARTESIAN_POINT('',(0.,0.,43.185500803238));
#7911 = DIRECTION('',(0.932553813181,8.8152289418E-02,0.350103640928));
#7912 = DIRECTION('',(-0.348549868577,-3.294766313445E-02,0.936710969621
    ));
#7913 = ORIENTED_EDGE('',*,*,#7914,.T.);
#7914 = EDGE_CURVE('',#7906,#6340,#7915,.T.);
#7915 = LINE('',#7916,#7917);
#7916 = CARTESIAN_POINT('',(-4.387174468731,-0.414710087534,54.9758207)
  );
#7917 = VECTOR('',#7918,1.);
#7918 = DIRECTION('',(9.410831331851E-02,-0.995561964603,0.));
#7919 = ORIENTED_EDGE('',*,*,#6348,.T.);
#7920 = ORIENTED_EDGE('',*,*,#7889,.F.);
#7921 = PLANE('',#7922);
#7922 = AXIS2_PLACEMENT_3D('',#7923,#7924,#7925);
#7923 = CARTESIAN_POINT('',(-4.387174468731,-0.414710087534,54.9758207)
  );
#7924 = DIRECTION('',(0.932553813181,8.8152289418E-02,0.350103640928));
#7925 = DIRECTION('',(0.348549868577,3.294766313445E-02,-0.936710969621)
  );
#7926 = ADVANCED_FACE('',(#7927),#7946,.F.);
#7927 = FACE_BOUND('',#7928,.F.);
#7928 = EDGE_LOOP('',(#7929,#7938,#7944,#7945));
#7929 = ORIENTED_EDGE('',*,*,#7930,.F.);
#7930 = EDGE_CURVE('',#7931,#7906,#7933,.T.);
#7931 = VERTEX_POINT('',#7932);
#7932 = CARTESIAN_POINT('',(-2.079408571705,-26.11735170326,55.1245131)
  );
#7933 = ELLIPSE('',#7934,41.446030234357,26.2);
#7934 = AXIS2_PLACEMENT_3D('',#7935,#7936,#7937);
#7935 = CARTESIAN_POINT('',(0.,0.,49.574314680799));
#7936 = DIRECTION('',(0.771409357296,7.29196534966E-02,0.632147393896));
#7937 = DIRECTION('',(-0.629341901386,-5.949032500828E-02,0.774848160861
    ));
#7938 = ORIENTED_EDGE('',*,*,#7939,.T.);
#7939 = EDGE_CURVE('',#7931,#6331,#7940,.T.);
#7940 = LINE('',#7941,#7942);
#7941 = CARTESIAN_POINT('',(-4.507944398201,-0.426126207039,55.1245131)
  );
#7942 = VECTOR('',#7943,1.);
#7943 = DIRECTION('',(9.410831331851E-02,-0.995561964603,0.));
#7944 = ORIENTED_EDGE('',*,*,#6339,.T.);
#7945 = ORIENTED_EDGE('',*,*,#7914,.F.);
#7946 = PLANE('',#7947);
#7947 = AXIS2_PLACEMENT_3D('',#7948,#7949,#7950);
#7948 = CARTESIAN_POINT('',(-4.507944398201,-0.426126207039,55.1245131)
  );
#7949 = DIRECTION('',(0.771409357296,7.29196534966E-02,0.632147393896));
#7950 = DIRECTION('',(0.629341901386,5.949032500828E-02,-0.774848160861)
  );
#7951 = ADVANCED_FACE('',(#7952),#7971,.F.);
#7952 = FACE_BOUND('',#7953,.F.);
#7953 = EDGE_LOOP('',(#7954,#7963,#7969,#7970));
#7954 = ORIENTED_EDGE('',*,*,#7955,.F.);
#7955 = EDGE_CURVE('',#7956,#7931,#7958,.T.);
#7956 = VERTEX_POINT('',#7957);
#7957 = CARTESIAN_POINT('',(-2.376430971982,-26.09200214309,55.220872));
#7958 = ELLIPSE('',#7959,27.577545852975,26.2);
#7959 = AXIS2_PLACEMENT_3D('',#7960,#7961,#7962);
#7960 = CARTESIAN_POINT('',(0.,0.,53.636994226134));
#7961 = DIRECTION('',(0.310717849286,2.937148440174E-02,0.950048279846)
  );
#7962 = DIRECTION('',(-0.945831931952,-8.940744118749E-02,0.31210297333)
  );
#7963 = ORIENTED_EDGE('',*,*,#7964,.T.);
#7964 = EDGE_CURVE('',#7956,#6322,#7965,.T.);
#7965 = LINE('',#7966,#7967);
#7966 = CARTESIAN_POINT('',(-4.799961239872,-0.45372992575,55.220872));
#7967 = VECTOR('',#7968,1.);
#7968 = DIRECTION('',(9.410831331851E-02,-0.995561964603,0.));
#7969 = ORIENTED_EDGE('',*,*,#6330,.T.);
#7970 = ORIENTED_EDGE('',*,*,#7939,.F.);
#7971 = PLANE('',#7972);
#7972 = AXIS2_PLACEMENT_3D('',#7973,#7974,#7975);
#7973 = CARTESIAN_POINT('',(-4.799961239872,-0.45372992575,55.220872));
#7974 = DIRECTION('',(0.310717849286,2.937148440174E-02,0.950048279846)
  );
#7975 = DIRECTION('',(0.945831931952,8.940744118749E-02,-0.31210297333)
  );
#7976 = ADVANCED_FACE('',(#7977),#7996,.F.);
#7977 = FACE_BOUND('',#7978,.F.);
#7978 = EDGE_LOOP('',(#7979,#7988,#7994,#7995));
#7979 = ORIENTED_EDGE('',*,*,#7980,.F.);
#7980 = EDGE_CURVE('',#7981,#7956,#7983,.T.);
#7981 = VERTEX_POINT('',#7982);
#7982 = CARTESIAN_POINT('',(-3.149717817409,-26.00998419205,55.2580702)
  );
#7983 = ELLIPSE('',#7984,26.231188272777,26.2);
#7984 = AXIS2_PLACEMENT_3D('',#7985,#7986,#7987);
#7985 = CARTESIAN_POINT('',(0.,0.,54.985552099947));
#7986 = DIRECTION('',(4.853341417831E-02,4.587758382001E-03,
    0.998811023258));
#7987 = DIRECTION('',(-0.994378264582,-9.399642072273E-02,
    4.874976737149E-02));
#7988 = ORIENTED_EDGE('',*,*,#7989,.T.);
#7989 = EDGE_CURVE('',#7981,#6313,#7990,.T.);
#7990 = LINE('',#7991,#7992);
#7991 = CARTESIAN_POINT('',(-5.558715251551,-0.525453296872,55.2580702)
  );
#7992 = VECTOR('',#7993,1.);
#7993 = DIRECTION('',(9.410831331851E-02,-0.995561964603,0.));
#7994 = ORIENTED_EDGE('',*,*,#6321,.T.);
#7995 = ORIENTED_EDGE('',*,*,#7964,.F.);
#7996 = PLANE('',#7997);
#7997 = AXIS2_PLACEMENT_3D('',#7998,#7999,#8000);
#7998 = CARTESIAN_POINT('',(-5.558715251551,-0.525453296872,55.2580702)
  );
#7999 = DIRECTION('',(4.853341417831E-02,4.587758382001E-03,
    0.998811023258));
#8000 = DIRECTION('',(0.994378264582,9.399642072273E-02,
    -4.874976737149E-02));
#8001 = ADVANCED_FACE('',(#8002),#8021,.F.);
#8002 = FACE_BOUND('',#8003,.F.);
#8003 = EDGE_LOOP('',(#8004,#8013,#8019,#8020));
#8004 = ORIENTED_EDGE('',*,*,#8005,.F.);
#8005 = EDGE_CURVE('',#8006,#7981,#8008,.T.);
#8006 = VERTEX_POINT('',#8007);
#8007 = CARTESIAN_POINT('',(-3.808426605446,-25.92172615376,55.173684));
#8008 = ELLIPSE('',#8009,26.421579401669,26.2);
#8009 = AXIS2_PLACEMENT_3D('',#8010,#8011,#8012);
#8010 = CARTESIAN_POINT('',(0.,0.,55.98576868775));
#8011 = DIRECTION('',(-0.128663734675,-1.216230379025E-02,0.991613695824
    ));
#8012 = DIRECTION('',(0.987212879142,9.331909237755E-02,0.129237294362)
  );
#8013 = ORIENTED_EDGE('',*,*,#8014,.T.);
#8014 = EDGE_CURVE('',#8006,#6304,#8015,.T.);
#8015 = LINE('',#8016,#8017);
#8016 = CARTESIAN_POINT('',(-6.203321314168,-0.586386509937,55.173684));
#8017 = VECTOR('',#8018,1.);
#8018 = DIRECTION('',(9.410831331851E-02,-0.995561964603,0.));
#8019 = ORIENTED_EDGE('',*,*,#6312,.T.);
#8020 = ORIENTED_EDGE('',*,*,#7989,.F.);
#8021 = PLANE('',#8022);
#8022 = AXIS2_PLACEMENT_3D('',#8023,#8024,#8025);
#8023 = CARTESIAN_POINT('',(-6.203321314168,-0.586386509937,55.173684));
#8024 = DIRECTION('',(-0.128663734675,-1.216230379025E-02,0.991613695824
    ));
#8025 = DIRECTION('',(0.987212879142,9.331909237755E-02,0.129237294362)
  );
#8026 = ADVANCED_FACE('',(#8027),#8046,.F.);
#8027 = FACE_BOUND('',#8028,.F.);
#8028 = EDGE_LOOP('',(#8029,#8038,#8044,#8045));
#8029 = ORIENTED_EDGE('',*,*,#8030,.F.);
#8030 = EDGE_CURVE('',#8031,#8006,#8033,.T.);
#8031 = VERTEX_POINT('',#8032);
#8032 = CARTESIAN_POINT('',(-4.032411420473,-25.88782837814,55.0327475)
  );
#8033 = ELLIPSE('',#8034,31.123340925997,26.2);
#8034 = AXIS2_PLACEMENT_3D('',#8035,#8036,#8037);
#8035 = CARTESIAN_POINT('',(0.,0.,59.168993167409));
#8036 = DIRECTION('',(-0.537375408454,-5.079693189022E-02,0.841811939865
    ));
#8037 = DIRECTION('',(0.838075948679,7.92215017921E-02,0.539770930952));
#8038 = ORIENTED_EDGE('',*,*,#8039,.T.);
#8039 = EDGE_CURVE('',#8031,#6295,#8040,.T.);
#8040 = LINE('',#8041,#8042);
#8041 = CARTESIAN_POINT('',(-6.422146530881,-0.60707158308,55.0327475));
#8042 = VECTOR('',#8043,1.);
#8043 = DIRECTION('',(9.410831331851E-02,-0.995561964603,0.));
#8044 = ORIENTED_EDGE('',*,*,#6303,.T.);
#8045 = ORIENTED_EDGE('',*,*,#8014,.F.);
#8046 = PLANE('',#8047);
#8047 = AXIS2_PLACEMENT_3D('',#8048,#8049,#8050);
#8048 = CARTESIAN_POINT('',(-6.422146530881,-0.60707158308,55.0327475));
#8049 = DIRECTION('',(-0.537375408454,-5.079693189022E-02,0.841811939865
    ));
#8050 = DIRECTION('',(0.838075948679,7.92215017921E-02,0.539770930952));
#8051 = ADVANCED_FACE('',(#8052),#8071,.F.);
#8052 = FACE_BOUND('',#8053,.F.);
#8053 = EDGE_LOOP('',(#8054,#8063,#8069,#8070));
#8054 = ORIENTED_EDGE('',*,*,#8055,.F.);
#8055 = EDGE_CURVE('',#8056,#8031,#8058,.T.);
#8056 = VERTEX_POINT('',#8057);
#8057 = CARTESIAN_POINT('',(-4.176233402124,-25.86501642317,54.8059941)
  );
#8058 = ELLIPSE('',#8059,49.606572775643,26.2);
#8059 = AXIS2_PLACEMENT_3D('',#8060,#8061,#8062);
#8060 = CARTESIAN_POINT('',(0.,0.,65.404042047108));
#8061 = DIRECTION('',(-0.845378927331,-7.991183652525E-02,0.528155817547
    ));
#8062 = DIRECTION('',(0.525811843333,4.970385315866E-02,0.849147473877)
  );
#8063 = ORIENTED_EDGE('',*,*,#8064,.T.);
#8064 = EDGE_CURVE('',#8056,#6286,#8065,.T.);
#8065 = LINE('',#8066,#8067);
#8066 = CARTESIAN_POINT('',(-6.562557504127,-0.620344327854,54.8059941)
  );
#8067 = VECTOR('',#8068,1.);
#8068 = DIRECTION('',(9.410831331851E-02,-0.995561964603,0.));
#8069 = ORIENTED_EDGE('',*,*,#6294,.T.);
#8070 = ORIENTED_EDGE('',*,*,#8039,.F.);
#8071 = PLANE('',#8072);
#8072 = AXIS2_PLACEMENT_3D('',#8073,#8074,#8075);
#8073 = CARTESIAN_POINT('',(-6.562557504127,-0.620344327854,54.8059941)
  );
#8074 = DIRECTION('',(-0.845378927331,-7.991183652525E-02,0.528155817547
    ));
#8075 = DIRECTION('',(0.525811843333,4.970385315866E-02,0.849147473877)
  );
#8076 = ADVANCED_FACE('',(#8077),#8096,.F.);
#8077 = FACE_BOUND('',#8078,.F.);
#8078 = EDGE_LOOP('',(#8079,#8088,#8094,#8095));
#8079 = ORIENTED_EDGE('',*,*,#8080,.F.);
#8080 = EDGE_CURVE('',#8081,#8056,#8083,.T.);
#8081 = VERTEX_POINT('',#8082);
#8082 = CARTESIAN_POINT('',(-4.233512795595,-25.85570284114,54.4834591)
  );
#8083 = ELLIPSE('',#8084,152.76417064633,26.2);
#8084 = AXIS2_PLACEMENT_3D('',#8085,#8086,#8087);
#8085 = CARTESIAN_POINT('',(0.,0.,92.671343572508));
#8086 = DIRECTION('',(-0.980810766058,-9.271391451271E-02,0.171506184265
    ));
#8087 = DIRECTION('',(0.170745033749,1.61401577249E-02,0.985183043276));
#8088 = ORIENTED_EDGE('',*,*,#8089,.T.);
#8089 = EDGE_CURVE('',#8081,#6277,#8090,.T.);
#8090 = LINE('',#8091,#8092);
#8091 = CARTESIAN_POINT('',(-6.618457014208,-0.625628387306,54.4834591)
  );
#8092 = VECTOR('',#8093,1.);
#8093 = DIRECTION('',(9.410831331851E-02,-0.995561964603,0.));
#8094 = ORIENTED_EDGE('',*,*,#6285,.T.);
#8095 = ORIENTED_EDGE('',*,*,#8064,.F.);
#8096 = PLANE('',#8097);
#8097 = AXIS2_PLACEMENT_3D('',#8098,#8099,#8100);
#8098 = CARTESIAN_POINT('',(-6.618457014208,-0.625628387306,54.4834591)
  );
#8099 = DIRECTION('',(-0.980810766058,-9.271391451271E-02,0.171506184265
    ));
#8100 = DIRECTION('',(0.170745033749,1.61401577249E-02,0.985183043276));
#8101 = ADVANCED_FACE('',(#8102),#8121,.F.);
#8102 = FACE_BOUND('',#8103,.F.);
#8103 = EDGE_LOOP('',(#8104,#8113,#8119,#8120));
#8104 = ORIENTED_EDGE('',*,*,#8105,.F.);
#8105 = EDGE_CURVE('',#8106,#8081,#8108,.T.);
#8106 = VERTEX_POINT('',#8107);
#8107 = CARTESIAN_POINT('',(-4.159131383917,-25.86777195916,54.1688808)
  );
#8108 = ELLIPSE('',#8109,116.03098614998,26.2);
#8109 = AXIS2_PLACEMENT_3D('',#8110,#8111,#8112);
#8110 = CARTESIAN_POINT('',(0.,0.,25.80225636));
#8111 = DIRECTION('',(-0.969849858966,-9.167780373756E-02,
    -0.225801752354));
#8112 = DIRECTION('',(-0.224799636184,-2.124982205838E-02,0.97417327444)
  );
#8113 = ORIENTED_EDGE('',*,*,#8114,.T.);
#8114 = EDGE_CURVE('',#8106,#6268,#8115,.T.);
#8115 = LINE('',#8116,#8117);
#8116 = CARTESIAN_POINT('',(-6.545865115778,-0.618766432587,54.1688808)
  );
#8117 = VECTOR('',#8118,1.);
#8118 = DIRECTION('',(9.410831331851E-02,-0.995561964603,0.));
#8119 = ORIENTED_EDGE('',*,*,#6276,.T.);
#8120 = ORIENTED_EDGE('',*,*,#8089,.F.);
#8121 = PLANE('',#8122);
#8122 = AXIS2_PLACEMENT_3D('',#8123,#8124,#8125);
#8123 = CARTESIAN_POINT('',(-6.545865115778,-0.618766432587,54.1688808)
  );
#8124 = DIRECTION('',(-0.969849858966,-9.167780373756E-02,
    -0.225801752354));
#8125 = DIRECTION('',(-0.224799636184,-2.124982205838E-02,0.97417327444)
  );
#8126 = ADVANCED_FACE('',(#8127),#8146,.F.);
#8127 = FACE_BOUND('',#8128,.F.);
#8128 = EDGE_LOOP('',(#8129,#8138,#8144,#8145));
#8129 = ORIENTED_EDGE('',*,*,#8130,.F.);
#8130 = EDGE_CURVE('',#8131,#8106,#8133,.T.);
#8131 = VERTEX_POINT('',#8132);
#8132 = CARTESIAN_POINT('',(-3.977989957015,-25.89624675318,53.9172282)
  );
#8133 = ELLIPSE('',#8134,45.428695590449,26.2);
#8134 = AXIS2_PLACEMENT_3D('',#8135,#8136,#8137);
#8135 = CARTESIAN_POINT('',(0.,0.,44.855316914665));
#8136 = DIRECTION('',(-0.813310655877,-7.688049237507E-02,-0.57672798348
    ));
#8137 = DIRECTION('',(-0.574168444275,-5.427489776888E-02,0.816936247862
    ));
#8138 = ORIENTED_EDGE('',*,*,#8139,.T.);
#8139 = EDGE_CURVE('',#8131,#6259,#8140,.T.);
#8140 = LINE('',#8141,#8142);
#8141 = CARTESIAN_POINT('',(-6.368995767383,-0.602047356681,53.9172282)
  );
#8142 = VECTOR('',#8143,1.);
#8143 = DIRECTION('',(9.410831331851E-02,-0.995561964603,0.));
#8144 = ORIENTED_EDGE('',*,*,#6267,.T.);
#8145 = ORIENTED_EDGE('',*,*,#8114,.F.);
#8146 = PLANE('',#8147);
#8147 = AXIS2_PLACEMENT_3D('',#8148,#8149,#8150);
#8148 = CARTESIAN_POINT('',(-6.368995767383,-0.602047356681,53.9172282)
  );
#8149 = DIRECTION('',(-0.813310655877,-7.688049237507E-02,-0.57672798348
    ));
#8150 = DIRECTION('',(-0.574168444275,-5.427489776888E-02,0.816936247862
    ));
#8151 = ADVANCED_FACE('',(#8152),#8164,.F.);
#8152 = FACE_BOUND('',#8153,.F.);
#8153 = EDGE_LOOP('',(#8154,#8161,#8162,#8163));
#8154 = ORIENTED_EDGE('',*,*,#8155,.F.);
#8155 = EDGE_CURVE('',#7751,#8131,#8156,.T.);
#8156 = ELLIPSE('',#8157,29.511011995043,26.2);
#8157 = AXIS2_PLACEMENT_3D('',#8158,#8159,#8160);
#8158 = CARTESIAN_POINT('',(0.,0.,50.600939938183));
#8159 = DIRECTION('',(-0.458178909496,-4.331065860672E-02,-0.8878041866)
  );
#8160 = DIRECTION('',(-0.883864080194,-8.354975455803E-02,0.460221388307
    ));
#8161 = ORIENTED_EDGE('',*,*,#7766,.T.);
#8162 = ORIENTED_EDGE('',*,*,#6258,.T.);
#8163 = ORIENTED_EDGE('',*,*,#8139,.F.);
#8164 = PLANE('',#8165);
#8165 = AXIS2_PLACEMENT_3D('',#8166,#8167,#8168);
#8166 = CARTESIAN_POINT('',(-6.11206292757,-0.577760052574,53.7834452));
#8167 = DIRECTION('',(-0.458178909496,-4.331065860672E-02,-0.8878041866)
  );
#8168 = DIRECTION('',(-0.883864080194,-8.354975455803E-02,0.460221388307
    ));
#8169 = ADVANCED_FACE('',(#8170),#8196,.F.);
#8170 = FACE_BOUND('',#8171,.F.);
#8171 = EDGE_LOOP('',(#8172,#8183,#8189,#8190));
#8172 = ORIENTED_EDGE('',*,*,#8173,.F.);
#8173 = EDGE_CURVE('',#8174,#8176,#8178,.T.);
#8174 = VERTEX_POINT('',#8175);
#8175 = CARTESIAN_POINT('',(-5.420191004612,-25.63321145454,56.7441659)
  );
#8176 = VERTEX_POINT('',#8177);
#8177 = CARTESIAN_POINT('',(-6.364382186139,-25.41524423232,56.8043557)
  );
#8178 = ELLIPSE('',#8179,26.256073825574,26.2);
#8179 = AXIS2_PLACEMENT_3D('',#8180,#8181,#8182);
#8180 = CARTESIAN_POINT('',(0.,0.,56.233024976477));
#8181 = DIRECTION('',(-6.503041047975E-02,-6.147183663349E-03,
    -0.997864348419));
#8182 = DIRECTION('',(-0.993435791119,-9.39073307504E-02,
    6.532030430238E-02));
#8183 = ORIENTED_EDGE('',*,*,#8184,.T.);
#8184 = EDGE_CURVE('',#8174,#6403,#8185,.T.);
#8185 = LINE('',#8186,#8187);
#8186 = CARTESIAN_POINT('',(-7.773780192182,-0.734838581631,56.7441659)
  );
#8187 = VECTOR('',#8188,1.);
#8188 = DIRECTION('',(9.410831331851E-02,-0.995561964603,0.));
#8189 = ORIENTED_EDGE('',*,*,#6402,.T.);
#8190 = ORIENTED_EDGE('',*,*,#8191,.F.);
#8191 = EDGE_CURVE('',#8176,#6405,#8192,.T.);
#8192 = LINE('',#8193,#8194);
#8193 = CARTESIAN_POINT('',(-8.68918777056,-0.821370074661,56.8043557));
#8194 = VECTOR('',#8195,1.);
#8195 = DIRECTION('',(9.410831331851E-02,-0.995561964603,0.));
#8196 = PLANE('',#8197);
#8197 = AXIS2_PLACEMENT_3D('',#8198,#8199,#8200);
#8198 = CARTESIAN_POINT('',(-7.773780192182,-0.734838581631,56.7441659)
  );
#8199 = DIRECTION('',(-6.503041047975E-02,-6.147183663349E-03,
    -0.997864348419));
#8200 = DIRECTION('',(-0.993435791119,-9.39073307504E-02,
    6.532030430238E-02));
#8201 = ADVANCED_FACE('',(#8202),#8221,.F.);
#8202 = FACE_BOUND('',#8203,.F.);
#8203 = EDGE_LOOP('',(#8204,#8213,#8219,#8220));
#8204 = ORIENTED_EDGE('',*,*,#8205,.F.);
#8205 = EDGE_CURVE('',#8206,#8174,#8208,.T.);
#8206 = VERTEX_POINT('',#8207);
#8207 = CARTESIAN_POINT('',(-4.47359773104,-25.81524594771,56.8005656));
#8208 = ELLIPSE('',#8209,26.248628764606,26.2);
#8209 = AXIS2_PLACEMENT_3D('',#8210,#8211,#8212);
#8210 = CARTESIAN_POINT('',(0.,0.,57.220132366975));
#8211 = DIRECTION('',(6.057248106737E-02,5.725785264446E-03,
    -0.998147378858));
#8212 = DIRECTION('',(0.993717565459,9.393396626759E-02,
    6.084250224597E-02));
#8213 = ORIENTED_EDGE('',*,*,#8214,.T.);
#8214 = EDGE_CURVE('',#8206,#6513,#8215,.T.);
#8215 = LINE('',#8216,#8217);
#8216 = CARTESIAN_POINT('',(-6.852625234583,-0.64776380131,56.8005656));
#8217 = VECTOR('',#8218,1.);
#8218 = DIRECTION('',(9.410831331851E-02,-0.995561964603,0.));
#8219 = ORIENTED_EDGE('',*,*,#6521,.T.);
#8220 = ORIENTED_EDGE('',*,*,#8184,.F.);
#8221 = PLANE('',#8222);
#8222 = AXIS2_PLACEMENT_3D('',#8223,#8224,#8225);
#8223 = CARTESIAN_POINT('',(-6.852625234583,-0.64776380131,56.8005656));
#8224 = DIRECTION('',(6.057248106737E-02,5.725785264446E-03,
    -0.998147378858));
#8225 = DIRECTION('',(-0.993717565459,-9.393396626759E-02,
    -6.084250224597E-02));
#8226 = ADVANCED_FACE('',(#8227),#8246,.F.);
#8227 = FACE_BOUND('',#8228,.F.);
#8228 = EDGE_LOOP('',(#8229,#8238,#8244,#8245));
#8229 = ORIENTED_EDGE('',*,*,#8230,.F.);
#8230 = EDGE_CURVE('',#8231,#8206,#8233,.T.);
#8231 = VERTEX_POINT('',#8232);
#8232 = CARTESIAN_POINT('',(-4.08804704715,-25.87910105355,57.0175551));
#8233 = ELLIPSE('',#8234,30.213328678528,26.2);
#8234 = AXIS2_PLACEMENT_3D('',#8235,#8236,#8237);
#8235 = CARTESIAN_POINT('',(0.,0.,60.753600249904));
#8236 = DIRECTION('',(0.495807335766,4.686759213273E-02,-0.867166947368)
  );
#8237 = DIRECTION('',(0.863318429761,8.160761878241E-02,0.498017555305)
  );
#8238 = ORIENTED_EDGE('',*,*,#8239,.T.);
#8239 = EDGE_CURVE('',#8231,#6504,#8240,.T.);
#8240 = LINE('',#8241,#8242);
#8241 = CARTESIAN_POINT('',(-6.476471758828,-0.612206829056,57.0175551)
  );
#8242 = VECTOR('',#8243,1.);
#8243 = DIRECTION('',(9.410831331851E-02,-0.995561964603,0.));
#8244 = ORIENTED_EDGE('',*,*,#6512,.T.);
#8245 = ORIENTED_EDGE('',*,*,#8214,.F.);
#8246 = PLANE('',#8247);
#8247 = AXIS2_PLACEMENT_3D('',#8248,#8249,#8250);
#8248 = CARTESIAN_POINT('',(-6.476471758828,-0.612206829056,57.0175551)
  );
#8249 = DIRECTION('',(0.495807335766,4.686759213273E-02,-0.867166947368)
  );
#8250 = DIRECTION('',(-0.863318429761,-8.160761878241E-02,
    -0.498017555305));
#8251 = ADVANCED_FACE('',(#8252),#8271,.F.);
#8252 = FACE_BOUND('',#8253,.F.);
#8253 = EDGE_LOOP('',(#8254,#8263,#8269,#8270));
#8254 = ORIENTED_EDGE('',*,*,#8255,.F.);
#8255 = EDGE_CURVE('',#8256,#8231,#8258,.T.);
#8256 = VERTEX_POINT('',#8257);
#8257 = CARTESIAN_POINT('',(-3.940180432323,-25.90202652613,57.2327625)
  );
#8258 = ELLIPSE('',#8259,46.876848374258,26.2);
#8259 = AXIS2_PLACEMENT_3D('',#8260,#8261,#8262);
#8260 = CARTESIAN_POINT('',(0.,0.,66.669191768939));
#8261 = DIRECTION('',(0.825547309953,7.80371967457E-02,-0.558911294352)
  );
#8262 = DIRECTION('',(0.556430826244,5.259819920614E-02,0.829227450731)
  );
#8263 = ORIENTED_EDGE('',*,*,#8264,.T.);
#8264 = EDGE_CURVE('',#8256,#6495,#8265,.T.);
#8265 = LINE('',#8266,#8267);
#8266 = CARTESIAN_POINT('',(-6.332062608733,-0.598556145295,57.2327625)
  );
#8267 = VECTOR('',#8268,1.);
#8268 = DIRECTION('',(9.410831331851E-02,-0.995561964603,0.));
#8269 = ORIENTED_EDGE('',*,*,#6503,.T.);
#8270 = ORIENTED_EDGE('',*,*,#8239,.F.);
#8271 = PLANE('',#8272);
#8272 = AXIS2_PLACEMENT_3D('',#8273,#8274,#8275);
#8273 = CARTESIAN_POINT('',(-6.332062608733,-0.598556145295,57.2327625)
  );
#8274 = DIRECTION('',(0.825547309953,7.80371967457E-02,-0.558911294352)
  );
#8275 = DIRECTION('',(-0.556430826244,-5.259819920614E-02,
    -0.829227450731));
#8276 = ADVANCED_FACE('',(#8277),#8296,.F.);
#8277 = FACE_BOUND('',#8278,.F.);
#8278 = EDGE_LOOP('',(#8279,#8288,#8294,#8295));
#8279 = ORIENTED_EDGE('',*,*,#8280,.F.);
#8280 = EDGE_CURVE('',#8281,#8256,#8283,.T.);
#8281 = VERTEX_POINT('',#8282);
#8282 = CARTESIAN_POINT('',(-3.884729436267,-25.91040094647,57.4811019)
  );
#8283 = ELLIPSE('',#8284,122.40456607198,26.2);
#8284 = AXIS2_PLACEMENT_3D('',#8285,#8286,#8287);
#8285 = CARTESIAN_POINT('',(0.,0.,86.258918995019));
#8286 = DIRECTION('',(0.972488774382,9.192725468856E-02,-0.214044302764)
  );
#8287 = DIRECTION('',(0.213094366572,2.014334830855E-02,0.976823953665)
  );
#8288 = ORIENTED_EDGE('',*,*,#8289,.T.);
#8289 = EDGE_CURVE('',#8281,#6486,#8290,.T.);
#8290 = LINE('',#8291,#8292);
#8291 = CARTESIAN_POINT('',(-6.277887312418,-0.593435072031,57.4811019)
  );
#8292 = VECTOR('',#8293,1.);
#8293 = DIRECTION('',(9.410831331851E-02,-0.995561964603,0.));
#8294 = ORIENTED_EDGE('',*,*,#6494,.T.);
#8295 = ORIENTED_EDGE('',*,*,#8264,.F.);
#8296 = PLANE('',#8297);
#8297 = AXIS2_PLACEMENT_3D('',#8298,#8299,#8300);
#8298 = CARTESIAN_POINT('',(-6.277887312418,-0.593435072031,57.4811019)
  );
#8299 = DIRECTION('',(0.972488774382,9.192725468856E-02,-0.214044302764)
  );
#8300 = DIRECTION('',(-0.213094366572,-2.014334830855E-02,
    -0.976823953665));
#8301 = ADVANCED_FACE('',(#8302),#8321,.F.);
#8302 = FACE_BOUND('',#8303,.F.);
#8303 = EDGE_LOOP('',(#8304,#8313,#8319,#8320));
#8304 = ORIENTED_EDGE('',*,*,#8305,.F.);
#8305 = EDGE_CURVE('',#8306,#8281,#8308,.T.);
#8306 = VERTEX_POINT('',#8307);
#8307 = CARTESIAN_POINT('',(-3.984385879313,-25.89526345038,57.8720344)
  );
#8308 = ELLIPSE('',#8309,107.9666518589,26.2);
#8309 = AXIS2_PLACEMENT_3D('',#8310,#8311,#8312);
#8310 = CARTESIAN_POINT('',(0.,0.,32.272176855082));
#8311 = DIRECTION('',(0.965804135694,9.129537029115E-02,0.242667523248)
  );
#8312 = DIRECTION('',(-0.24159055619,-2.283703131007E-02,0.970109516065)
  );
#8313 = ORIENTED_EDGE('',*,*,#8314,.T.);
#8314 = EDGE_CURVE('',#8306,#6477,#8315,.T.);
#8315 = LINE('',#8316,#8317);
#8316 = CARTESIAN_POINT('',(-6.375242918711,-0.602637886347,57.8720344)
  );
#8317 = VECTOR('',#8318,1.);
#8318 = DIRECTION('',(9.410831331851E-02,-0.995561964603,0.));
#8319 = ORIENTED_EDGE('',*,*,#6485,.T.);
#8320 = ORIENTED_EDGE('',*,*,#8289,.F.);
#8321 = PLANE('',#8322);
#8322 = AXIS2_PLACEMENT_3D('',#8323,#8324,#8325);
#8323 = CARTESIAN_POINT('',(-6.375242918711,-0.602637886347,57.8720344)
  );
#8324 = DIRECTION('',(0.965804135694,9.129537029115E-02,0.242667523248)
  );
#8325 = DIRECTION('',(0.24159055619,2.283703131007E-02,-0.970109516065)
  );
#8326 = ADVANCED_FACE('',(#8327),#8346,.F.);
#8327 = FACE_BOUND('',#8328,.F.);
#8328 = EDGE_LOOP('',(#8329,#8338,#8344,#8345));
#8329 = ORIENTED_EDGE('',*,*,#8330,.F.);
#8330 = EDGE_CURVE('',#8331,#8306,#8333,.T.);
#8331 = VERTEX_POINT('',#8332);
#8332 = CARTESIAN_POINT('',(-4.341396932812,-25.83780704068,58.2210248)
  );
#8333 = ELLIPSE('',#8334,36.997966150054,26.2);
#8334 = AXIS2_PLACEMENT_3D('',#8335,#8336,#8337);
#8335 = CARTESIAN_POINT('',(0.,0.,51.487199348698));
#8336 = DIRECTION('',(0.702931454132,6.644658582681E-02,0.708147034184)
  );
#8337 = DIRECTION('',(-0.70500425258,-6.664252296856E-02,0.706064995575)
  );
#8338 = ORIENTED_EDGE('',*,*,#8339,.T.);
#8339 = EDGE_CURVE('',#8331,#6468,#8340,.T.);
#8340 = LINE('',#8341,#8342);
#8341 = CARTESIAN_POINT('',(-6.723709019781,-0.63557763112,58.2210248));
#8342 = VECTOR('',#8343,1.);
#8343 = DIRECTION('',(9.410831331851E-02,-0.995561964603,0.));
#8344 = ORIENTED_EDGE('',*,*,#6476,.T.);
#8345 = ORIENTED_EDGE('',*,*,#8314,.F.);
#8346 = PLANE('',#8347);
#8347 = AXIS2_PLACEMENT_3D('',#8348,#8349,#8350);
#8348 = CARTESIAN_POINT('',(-6.723709019781,-0.63557763112,58.2210248));
#8349 = DIRECTION('',(0.702931454132,6.644658582681E-02,0.708147034184)
  );
#8350 = DIRECTION('',(0.70500425258,6.664252296856E-02,-0.706064995575)
  );
#8351 = ADVANCED_FACE('',(#8352),#8371,.F.);
#8352 = FACE_BOUND('',#8353,.F.);
#8353 = EDGE_LOOP('',(#8354,#8363,#8369,#8370));
#8354 = ORIENTED_EDGE('',*,*,#8355,.F.);
#8355 = EDGE_CURVE('',#8356,#8331,#8358,.T.);
#8356 = VERTEX_POINT('',#8357);
#8357 = CARTESIAN_POINT('',(-5.401746054537,-25.63710474219,58.2689407)
  );
#8358 = ELLIPSE('',#8359,26.227967018447,26.2);
#8359 = AXIS2_PLACEMENT_3D('',#8360,#8361,#8362);
#8360 = CARTESIAN_POINT('',(0.,0.,57.90888876008));
#8361 = DIRECTION('',(4.596298868663E-02,4.344781635065E-03,
    0.998933694768));
#8362 = DIRECTION('',(-0.994500391672,-9.400796513168E-02,
    4.616788338731E-02));
#8363 = ORIENTED_EDGE('',*,*,#8364,.T.);
#8364 = EDGE_CURVE('',#8356,#6459,#8365,.T.);
#8365 = LINE('',#8366,#8367);
#8366 = CARTESIAN_POINT('',(-7.755863362174,-0.733144942549,58.2689407)
  );
#8367 = VECTOR('',#8368,1.);
#8368 = DIRECTION('',(9.410831331851E-02,-0.995561964603,0.));
#8369 = ORIENTED_EDGE('',*,*,#6467,.T.);
#8370 = ORIENTED_EDGE('',*,*,#8339,.F.);
#8371 = PLANE('',#8372);
#8372 = AXIS2_PLACEMENT_3D('',#8373,#8374,#8375);
#8373 = CARTESIAN_POINT('',(-7.755863362174,-0.733144942549,58.2689407)
  );
#8374 = DIRECTION('',(4.596298868663E-02,4.344781635065E-03,
    0.998933694768));
#8375 = DIRECTION('',(0.994500391672,9.400796513168E-02,
    -4.616788338731E-02));
#8376 = ADVANCED_FACE('',(#8377),#8396,.F.);
#8377 = FACE_BOUND('',#8378,.F.);
#8378 = EDGE_LOOP('',(#8379,#8388,#8394,#8395));
#8379 = ORIENTED_EDGE('',*,*,#8380,.F.);
#8380 = EDGE_CURVE('',#8381,#8356,#8383,.T.);
#8381 = VERTEX_POINT('',#8382);
#8382 = CARTESIAN_POINT('',(-6.466508087439,-25.3894520058,58.2210248));
#8383 = ELLIPSE('',#8384,26.227968371946,26.2);
#8384 = AXIS2_PLACEMENT_3D('',#8385,#8386,#8387);
#8385 = CARTESIAN_POINT('',(0.,0.,58.62900135704));
#8386 = DIRECTION('',(-4.596409911217E-02,-4.344886601183E-03,
    0.998933643218));
#8387 = DIRECTION('',(0.99450034035,9.400796028039E-02,
    4.616899876292E-02));
#8388 = ORIENTED_EDGE('',*,*,#8389,.T.);
#8389 = EDGE_CURVE('',#8381,#6450,#8390,.T.);
#8390 = LINE('',#8391,#8392);
#8391 = CARTESIAN_POINT('',(-8.787992715961,-0.830709891859,58.2210248)
  );
#8392 = VECTOR('',#8393,1.);
#8393 = DIRECTION('',(9.410831331851E-02,-0.995561964603,0.));
#8394 = ORIENTED_EDGE('',*,*,#6458,.T.);
#8395 = ORIENTED_EDGE('',*,*,#8364,.F.);
#8396 = PLANE('',#8397);
#8397 = AXIS2_PLACEMENT_3D('',#8398,#8399,#8400);
#8398 = CARTESIAN_POINT('',(-8.787992715961,-0.830709891859,58.2210248)
  );
#8399 = DIRECTION('',(-4.596409911217E-02,-4.344886601183E-03,
    0.998933643218));
#8400 = DIRECTION('',(0.99450034035,9.400796028039E-02,
    4.616899876292E-02));
#8401 = ADVANCED_FACE('',(#8402),#8421,.F.);
#8402 = FACE_BOUND('',#8403,.F.);
#8403 = EDGE_LOOP('',(#8404,#8413,#8419,#8420));
#8404 = ORIENTED_EDGE('',*,*,#8405,.F.);
#8405 = EDGE_CURVE('',#8406,#8381,#8408,.T.);
#8406 = VERTEX_POINT('',#8407);
#8407 = CARTESIAN_POINT('',(-6.822602114392,-25.29608863814,57.8764771)
  );
#8408 = ELLIPSE('',#8409,36.989233780633,26.2);
#8409 = AXIS2_PLACEMENT_3D('',#8410,#8411,#8412);
#8410 = CARTESIAN_POINT('',(0.,0.,67.018072508436));
#8411 = DIRECTION('',(-0.70276448734,-6.643080281806E-02,0.7083142126));
#8412 = DIRECTION('',(0.705170689052,6.66582558473E-02,0.705897284475));
#8413 = ORIENTED_EDGE('',*,*,#8414,.T.);
#8414 = EDGE_CURVE('',#8406,#6441,#8415,.T.);
#8415 = LINE('',#8416,#8417);
#8416 = CARTESIAN_POINT('',(-9.132185765523,-0.863245714341,57.8764771)
  );
#8417 = VECTOR('',#8418,1.);
#8418 = DIRECTION('',(9.410831331851E-02,-0.995561964603,0.));
#8419 = ORIENTED_EDGE('',*,*,#6449,.T.);
#8420 = ORIENTED_EDGE('',*,*,#8389,.F.);
#8421 = PLANE('',#8422);
#8422 = AXIS2_PLACEMENT_3D('',#8423,#8424,#8425);
#8423 = CARTESIAN_POINT('',(-9.132185765523,-0.863245714341,57.8764771)
  );
#8424 = DIRECTION('',(-0.70276448734,-6.643080281806E-02,0.7083142126));
#8425 = DIRECTION('',(0.705170689052,6.66582558473E-02,0.705897284475));
#8426 = ADVANCED_FACE('',(#8427),#8446,.F.);
#8427 = FACE_BOUND('',#8428,.F.);
#8428 = EDGE_LOOP('',(#8429,#8438,#8444,#8445));
#8429 = ORIENTED_EDGE('',*,*,#8430,.F.);
#8430 = EDGE_CURVE('',#8431,#8406,#8433,.T.);
#8431 = VERTEX_POINT('',#8432);
#8432 = CARTESIAN_POINT('',(-6.924608940647,-25.2683555266,57.4873769));
#8433 = ELLIPSE('',#8434,106.3110831764,26.2);
#8434 = AXIS2_PLACEMENT_3D('',#8435,#8436,#8437);
#8435 = CARTESIAN_POINT('',(0.,0.,93.949086052512));
#8436 = DIRECTION('',(-0.964855233581,-9.120567263239E-02,0.246446553052
    ));
#8437 = DIRECTION('',(0.245352814526,2.319266943084E-02,0.969156383918)
  );
#8438 = ORIENTED_EDGE('',*,*,#8439,.T.);
#8439 = EDGE_CURVE('',#8431,#6432,#8440,.T.);
#8440 = LINE('',#8441,#8442);
#8441 = CARTESIAN_POINT('',(-9.230690847661,-0.872557186116,57.4873769)
  );
#8442 = VECTOR('',#8443,1.);
#8443 = DIRECTION('',(9.410831331851E-02,-0.995561964603,0.));
#8444 = ORIENTED_EDGE('',*,*,#6440,.T.);
#8445 = ORIENTED_EDGE('',*,*,#8414,.F.);
#8446 = PLANE('',#8447);
#8447 = AXIS2_PLACEMENT_3D('',#8448,#8449,#8450);
#8448 = CARTESIAN_POINT('',(-9.230690847661,-0.872557186116,57.4873769)
  );
#8449 = DIRECTION('',(-0.964855233581,-9.120567263239E-02,0.246446553052
    ));
#8450 = DIRECTION('',(0.245352814526,2.319266943084E-02,0.969156383918)
  );
#8451 = ADVANCED_FACE('',(#8452),#8471,.F.);
#8452 = FACE_BOUND('',#8453,.F.);
#8453 = EDGE_LOOP('',(#8454,#8463,#8469,#8470));
#8454 = ORIENTED_EDGE('',*,*,#8455,.F.);
#8455 = EDGE_CURVE('',#8456,#8431,#8458,.T.);
#8456 = VERTEX_POINT('',#8457);
#8457 = CARTESIAN_POINT('',(-6.874091829184,-25.28214511318,57.2383849)
  );
#8458 = ELLIPSE('',#8459,135.70080202409,26.2);
#8459 = AXIS2_PLACEMENT_3D('',#8460,#8461,#8462);
#8460 = CARTESIAN_POINT('',(0.,0.,10.368192047541));
#8461 = DIRECTION('',(-0.976830096112,-9.233763041615E-02,
    -0.193071813941));
#8462 = DIRECTION('',(-0.192214954396,-1.816966275931E-02,0.981184628223
    ));
#8463 = ORIENTED_EDGE('',*,*,#8464,.T.);
#8464 = EDGE_CURVE('',#8456,#6423,#8465,.T.);
#8465 = LINE('',#8466,#8467);
#8466 = CARTESIAN_POINT('',(-9.181913090093,-0.867946330483,57.2383849)
  );
#8467 = VECTOR('',#8468,1.);
#8468 = DIRECTION('',(9.410831331851E-02,-0.995561964603,0.));
#8469 = ORIENTED_EDGE('',*,*,#6431,.T.);
#8470 = ORIENTED_EDGE('',*,*,#8439,.F.);
#8471 = PLANE('',#8472);
#8472 = AXIS2_PLACEMENT_3D('',#8473,#8474,#8475);
#8473 = CARTESIAN_POINT('',(-9.181913090093,-0.867946330483,57.2383849)
  );
#8474 = DIRECTION('',(-0.976830096112,-9.233763041615E-02,
    -0.193071813941));
#8475 = DIRECTION('',(-0.192214954396,-1.816966275931E-02,0.981184628223
    ));
#8476 = ADVANCED_FACE('',(#8477),#8496,.F.);
#8477 = FACE_BOUND('',#8478,.F.);
#8478 = EDGE_LOOP('',(#8479,#8488,#8494,#8495));
#8479 = ORIENTED_EDGE('',*,*,#8480,.F.);
#8480 = EDGE_CURVE('',#8481,#8456,#8483,.T.);
#8481 = VERTEX_POINT('',#8482);
#8482 = CARTESIAN_POINT('',(-6.733749779426,-25.31988574042,57.022048));
#8483 = ELLIPSE('',#8484,49.184489444223,26.2);
#8484 = AXIS2_PLACEMENT_3D('',#8485,#8486,#8487);
#8485 = CARTESIAN_POINT('',(0.,0.,42.585537732516));
#8486 = DIRECTION('',(-0.842555577728,-7.964495141068E-02,
    -0.532688257946));
#8487 = DIRECTION('',(-0.530324168602,-5.013039347986E-02,0.846311538292
    ));
#8488 = ORIENTED_EDGE('',*,*,#8489,.T.);
#8489 = EDGE_CURVE('',#8481,#6414,#8490,.T.);
#8490 = LINE('',#8491,#8492);
#8491 = CARTESIAN_POINT('',(-9.046349906277,-0.855131836729,57.022048));
#8492 = VECTOR('',#8493,1.);
#8493 = DIRECTION('',(9.410831331851E-02,-0.995561964603,0.));
#8494 = ORIENTED_EDGE('',*,*,#6422,.T.);
#8495 = ORIENTED_EDGE('',*,*,#8464,.F.);
#8496 = PLANE('',#8497);
#8497 = AXIS2_PLACEMENT_3D('',#8498,#8499,#8500);
#8498 = CARTESIAN_POINT('',(-9.046349906277,-0.855131836729,57.022048));
#8499 = DIRECTION('',(-0.842555577728,-7.964495141068E-02,
    -0.532688257946));
#8500 = DIRECTION('',(-0.530324168602,-5.013039347986E-02,0.846311538292
    ));
#8501 = ADVANCED_FACE('',(#8502),#8514,.F.);
#8502 = FACE_BOUND('',#8503,.F.);
#8503 = EDGE_LOOP('',(#8504,#8511,#8512,#8513));
#8504 = ORIENTED_EDGE('',*,*,#8505,.F.);
#8505 = EDGE_CURVE('',#8176,#8481,#8506,.T.);
#8506 = ELLIPSE('',#8507,30.646238502461,26.2);
#8507 = AXIS2_PLACEMENT_3D('',#8508,#8509,#8510);
#8508 = CARTESIAN_POINT('',(0.,0.,51.508247625432));
#8509 = DIRECTION('',(-0.516461988357,-4.882003164592E-02,
    -0.854917317109));
#8510 = DIRECTION('',(-0.851123163794,-8.04548267399E-02,0.518764282606)
  );
#8511 = ORIENTED_EDGE('',*,*,#8191,.T.);
#8512 = ORIENTED_EDGE('',*,*,#6413,.T.);
#8513 = ORIENTED_EDGE('',*,*,#8489,.F.);
#8514 = PLANE('',#8515);
#8515 = AXIS2_PLACEMENT_3D('',#8516,#8517,#8518);
#8516 = CARTESIAN_POINT('',(-8.68918777056,-0.821370074661,56.8043557));
#8517 = DIRECTION('',(-0.516461988357,-4.882003164592E-02,
    -0.854917317109));
#8518 = DIRECTION('',(-0.851123163794,-8.04548267399E-02,0.518764282606)
  );
#8519 = ADVANCED_FACE('',(#8520),#8546,.F.);
#8520 = FACE_BOUND('',#8521,.F.);
#8521 = EDGE_LOOP('',(#8522,#8533,#8539,#8540));
#8522 = ORIENTED_EDGE('',*,*,#8523,.F.);
#8523 = EDGE_CURVE('',#8524,#8526,#8528,.T.);
#8524 = VERTEX_POINT('',#8525);
#8525 = CARTESIAN_POINT('',(-1.565809813249,-26.15316882576,47.7730494)
  );
#8526 = VERTEX_POINT('',#8527);
#8527 = CARTESIAN_POINT('',(-1.765505562266,-26.14044739689,47.9942557)
  );
#8528 = ELLIPSE('',#8529,39.326593312521,26.2);
#8529 = AXIS2_PLACEMENT_3D('',#8530,#8531,#8532);
#8530 = CARTESIAN_POINT('',(0.,0.,43.272977683132));
#8531 = DIRECTION('',(-0.742449260489,-7.018211835472E-02,
    -0.666215855307));
#8532 = DIRECTION('',(-0.663259165759,-6.269645044896E-02,0.745758965174
    ));
#8533 = ORIENTED_EDGE('',*,*,#8534,.T.);
#8534 = EDGE_CURVE('',#8524,#6531,#8535,.T.);
#8535 = LINE('',#8536,#8537);
#8536 = CARTESIAN_POINT('',(-4.002249992512,-0.378324011629,47.7730494)
  );
#8537 = VECTOR('',#8538,1.);
#8538 = DIRECTION('',(9.410831331851E-02,-0.995561964603,0.));
#8539 = ORIENTED_EDGE('',*,*,#6530,.T.);
#8540 = ORIENTED_EDGE('',*,*,#8541,.F.);
#8541 = EDGE_CURVE('',#8526,#6533,#8542,.T.);
#8542 = LINE('',#8543,#8544);
#8543 = CARTESIAN_POINT('',(-4.198985282129,-0.396920971873,47.9942557)
  );
#8544 = VECTOR('',#8545,1.);
#8545 = DIRECTION('',(9.410831331851E-02,-0.995561964603,0.));
#8546 = PLANE('',#8547);
#8547 = AXIS2_PLACEMENT_3D('',#8548,#8549,#8550);
#8548 = CARTESIAN_POINT('',(-4.002249992512,-0.378324011629,47.7730494)
  );
#8549 = DIRECTION('',(-0.742449260489,-7.018211835472E-02,
    -0.666215855307));
#8550 = DIRECTION('',(-0.663259165759,-6.269645044896E-02,0.745758965174
    ));
#8551 = ADVANCED_FACE('',(#8552),#8571,.F.);
#8552 = FACE_BOUND('',#8553,.F.);
#8553 = EDGE_LOOP('',(#8554,#8563,#8569,#8570));
#8554 = ORIENTED_EDGE('',*,*,#8555,.F.);
#8555 = EDGE_CURVE('',#8556,#8524,#8558,.T.);
#8556 = VERTEX_POINT('',#8557);
#8557 = CARTESIAN_POINT('',(4.406540487683,-25.82677682039,47.7217701));
#8558 = ELLIPSE('',#8559,26.200964372386,26.2);
#8559 = AXIS2_PLACEMENT_3D('',#8560,#8561,#8562);
#8560 = CARTESIAN_POINT('',(0.,0.,47.738556743136));
#8561 = DIRECTION('',(-8.541674987249E-03,-8.07426011183E-04,
    -0.999963193248));
#8562 = DIRECTION('',(-0.995525321201,-9.410484949721E-02,
    8.579752231349E-03));
#8563 = ORIENTED_EDGE('',*,*,#8564,.T.);
#8564 = EDGE_CURVE('',#8556,#7316,#8565,.T.);
#8565 = LINE('',#8566,#8567);
#8566 = CARTESIAN_POINT('',(1.947786818218,0.184120063526,47.7217701));
#8567 = VECTOR('',#8568,1.);
#8568 = DIRECTION('',(9.410831331851E-02,-0.995561964603,0.));
#8569 = ORIENTED_EDGE('',*,*,#7324,.T.);
#8570 = ORIENTED_EDGE('',*,*,#8534,.F.);
#8571 = PLANE('',#8572);
#8572 = AXIS2_PLACEMENT_3D('',#8573,#8574,#8575);
#8573 = CARTESIAN_POINT('',(1.947786818218,0.184120063526,47.7217701));
#8574 = DIRECTION('',(-8.541674987249E-03,-8.07426011183E-04,
    -0.999963193248));
#8575 = DIRECTION('',(-0.995525321201,-9.410484949721E-02,
    8.579752231349E-03));
#8576 = ADVANCED_FACE('',(#8577),#8596,.F.);
#8577 = FACE_BOUND('',#8578,.F.);
#8578 = EDGE_LOOP('',(#8579,#8588,#8594,#8595));
#8579 = ORIENTED_EDGE('',*,*,#8580,.F.);
#8580 = EDGE_CURVE('',#8581,#8556,#8583,.T.);
#8581 = VERTEX_POINT('',#8582);
#8582 = CARTESIAN_POINT('',(5.626455044168,-25.58872805818,47.7953884));
#8583 = ELLIPSE('',#8584,26.246364709748,26.2);
#8584 = AXIS2_PLACEMENT_3D('',#8585,#8586,#8587);
#8585 = CARTESIAN_POINT('',(0.,0.,47.605324440995));
#8586 = DIRECTION('',(5.914943556962E-02,5.591267859875E-03,
    -0.998233480703));
#8587 = DIRECTION('',(0.993803285181,9.394206916699E-02,
    5.941311306846E-02));
#8588 = ORIENTED_EDGE('',*,*,#8589,.T.);
#8589 = EDGE_CURVE('',#8581,#7307,#8590,.T.);
#8590 = LINE('',#8591,#8592);
#8591 = CARTESIAN_POINT('',(3.179200299366,0.300522909184,47.7953884));
#8592 = VECTOR('',#8593,1.);
#8593 = DIRECTION('',(9.410831331851E-02,-0.995561964603,0.));
#8594 = ORIENTED_EDGE('',*,*,#7315,.T.);
#8595 = ORIENTED_EDGE('',*,*,#8564,.F.);
#8596 = PLANE('',#8597);
#8597 = AXIS2_PLACEMENT_3D('',#8598,#8599,#8600);
#8598 = CARTESIAN_POINT('',(3.179200299366,0.300522909184,47.7953884));
#8599 = DIRECTION('',(5.914943556962E-02,5.591267859875E-03,
    -0.998233480703));
#8600 = DIRECTION('',(-0.993803285181,-9.394206916699E-02,
    -5.941311306846E-02));
#8601 = ADVANCED_FACE('',(#8602),#8621,.F.);
#8602 = FACE_BOUND('',#8603,.F.);
#8603 = EDGE_LOOP('',(#8604,#8613,#8619,#8620));
#8604 = ORIENTED_EDGE('',*,*,#8605,.F.);
#8605 = EDGE_CURVE('',#8606,#8581,#8608,.T.);
#8606 = VERTEX_POINT('',#8607);
#8607 = CARTESIAN_POINT('',(6.387816484347,-25.40936442657,47.9356472));
#8608 = ELLIPSE('',#8609,26.625763278234,26.2);
#8609 = AXIS2_PLACEMENT_3D('',#8610,#8611,#8612);
#8610 = CARTESIAN_POINT('',(0.,0.,47.217351857977));
#8611 = DIRECTION('',(0.177326327832,1.676227318097E-02,-0.984009349374)
  );
#8612 = DIRECTION('',(0.979642281051,9.260346015923E-02,0.178116816569)
  );
#8613 = ORIENTED_EDGE('',*,*,#8614,.T.);
#8614 = EDGE_CURVE('',#8606,#7298,#8615,.T.);
#8615 = LINE('',#8616,#8617);
#8616 = CARTESIAN_POINT('',(3.950623533938,0.373443874469,47.9356472));
#8617 = VECTOR('',#8618,1.);
#8618 = DIRECTION('',(9.410831331851E-02,-0.995561964603,0.));
#8619 = ORIENTED_EDGE('',*,*,#7306,.T.);
#8620 = ORIENTED_EDGE('',*,*,#8589,.F.);
#8621 = PLANE('',#8622);
#8622 = AXIS2_PLACEMENT_3D('',#8623,#8624,#8625);
#8623 = CARTESIAN_POINT('',(3.950623533938,0.373443874469,47.9356472));
#8624 = DIRECTION('',(0.177326327832,1.676227318097E-02,-0.984009349374)
  );
#8625 = DIRECTION('',(-0.979642281051,-9.260346015923E-02,
    -0.178116816569));
#8626 = ADVANCED_FACE('',(#8627),#8646,.F.);
#8627 = FACE_BOUND('',#8628,.F.);
#8628 = EDGE_LOOP('',(#8629,#8638,#8644,#8645));
#8629 = ORIENTED_EDGE('',*,*,#8630,.F.);
#8630 = EDGE_CURVE('',#8631,#8606,#8633,.T.);
#8631 = VERTEX_POINT('',#8632);
#8632 = CARTESIAN_POINT('',(7.417578658921,-25.1280625365,48.2667162));
#8633 = ELLIPSE('',#8634,27.46757277898,26.2);
#8634 = AXIS2_PLACEMENT_3D('',#8635,#8636,#8637);
#8635 = CARTESIAN_POINT('',(0.,0.,46.686428467023));
#8636 = DIRECTION('',(0.298944412951,2.82585669994E-02,-0.953852028019)
  );
#8637 = DIRECTION('',(0.949618798956,8.976540551235E-02,0.300277053141)
  );
#8638 = ORIENTED_EDGE('',*,*,#8639,.T.);
#8639 = EDGE_CURVE('',#8631,#7289,#8640,.T.);
#8640 = LINE('',#8641,#8642);
#8641 = CARTESIAN_POINT('',(4.997621107886,0.472414284384,48.2667162));
#8642 = VECTOR('',#8643,1.);
#8643 = DIRECTION('',(9.410831331851E-02,-0.995561964603,0.));
#8644 = ORIENTED_EDGE('',*,*,#7297,.T.);
#8645 = ORIENTED_EDGE('',*,*,#8614,.F.);
#8646 = PLANE('',#8647);
#8647 = AXIS2_PLACEMENT_3D('',#8648,#8649,#8650);
#8648 = CARTESIAN_POINT('',(4.997621107886,0.472414284384,48.2667162));
#8649 = DIRECTION('',(0.298944412951,2.82585669994E-02,-0.953852028019)
  );
#8650 = DIRECTION('',(-0.949618798956,-8.976540551235E-02,
    -0.300277053141));
#8651 = ADVANCED_FACE('',(#8652),#8671,.F.);
#8652 = FACE_BOUND('',#8653,.F.);
#8653 = EDGE_LOOP('',(#8654,#8663,#8669,#8670));
#8654 = ORIENTED_EDGE('',*,*,#8655,.F.);
#8655 = EDGE_CURVE('',#8656,#8631,#8658,.T.);
#8656 = VERTEX_POINT('',#8657);
#8657 = CARTESIAN_POINT('',(8.263906901294,-24.86257916481,48.7248916));
#8658 = ELLIPSE('',#8659,29.62932246694,26.2);
#8659 = AXIS2_PLACEMENT_3D('',#8660,#8661,#8662);
#8660 = CARTESIAN_POINT('',(0.,0.,45.615598062678));
#8661 = DIRECTION('',(0.464923947424,4.394825241334E-02,-0.884259166886)
  );
#8662 = DIRECTION('',(0.880334793403,8.321613873203E-02,0.466996494397)
  );
#8663 = ORIENTED_EDGE('',*,*,#8664,.T.);
#8664 = EDGE_CURVE('',#8656,#7280,#8665,.T.);
#8665 = LINE('',#8666,#8667);
#8666 = CARTESIAN_POINT('',(5.861327261874,0.554058553897,48.7248916));
#8667 = VECTOR('',#8668,1.);
#8668 = DIRECTION('',(9.410831331851E-02,-0.995561964603,0.));
#8669 = ORIENTED_EDGE('',*,*,#7288,.T.);
#8670 = ORIENTED_EDGE('',*,*,#8639,.F.);
#8671 = PLANE('',#8672);
#8672 = AXIS2_PLACEMENT_3D('',#8673,#8674,#8675);
#8673 = CARTESIAN_POINT('',(5.861327261874,0.554058553897,48.7248916));
#8674 = DIRECTION('',(0.464923947424,4.394825241334E-02,-0.884259166886)
  );
#8675 = DIRECTION('',(-0.880334793403,-8.321613873203E-02,
    -0.466996494397));
#8676 = ADVANCED_FACE('',(#8677),#8696,.F.);
#8677 = FACE_BOUND('',#8678,.F.);
#8678 = EDGE_LOOP('',(#8679,#8688,#8694,#8695));
#8679 = ORIENTED_EDGE('',*,*,#8680,.F.);
#8680 = EDGE_CURVE('',#8681,#8656,#8683,.T.);
#8681 = VERTEX_POINT('',#8682);
#8682 = CARTESIAN_POINT('',(8.791150476761,-24.68107925709,49.1935839));
#8683 = ELLIPSE('',#8684,34.637835482337,26.2);
#8684 = AXIS2_PLACEMENT_3D('',#8685,#8686,#8687);
#8685 = CARTESIAN_POINT('',(0.,0.,43.633590442773));
#8686 = DIRECTION('',(0.651208341162,6.155731213593E-02,-0.756398303623)
  );
#8687 = DIRECTION('',(0.753041381177,7.118336855091E-02,0.654111310311)
  );
#8688 = ORIENTED_EDGE('',*,*,#8689,.T.);
#8689 = EDGE_CURVE('',#8681,#7271,#8690,.T.);
#8690 = LINE('',#8691,#8692);
#8691 = CARTESIAN_POINT('',(6.400906216366,0.605063782215,49.1935839));
#8692 = VECTOR('',#8693,1.);
#8693 = DIRECTION('',(9.410831331851E-02,-0.995561964603,0.));
#8694 = ORIENTED_EDGE('',*,*,#7279,.T.);
#8695 = ORIENTED_EDGE('',*,*,#8664,.F.);
#8696 = PLANE('',#8697);
#8697 = AXIS2_PLACEMENT_3D('',#8698,#8699,#8700);
#8698 = CARTESIAN_POINT('',(6.400906216366,0.605063782215,49.1935839));
#8699 = DIRECTION('',(0.651208341162,6.155731213593E-02,-0.756398303623)
  );
#8700 = DIRECTION('',(-0.753041381177,-7.118336855091E-02,
    -0.654111310311));
#8701 = ADVANCED_FACE('',(#8702),#8721,.F.);
#8702 = FACE_BOUND('',#8703,.F.);
#8703 = EDGE_LOOP('',(#8704,#8713,#8719,#8720));
#8704 = ORIENTED_EDGE('',*,*,#8705,.F.);
#8705 = EDGE_CURVE('',#8706,#8681,#8708,.T.);
#8706 = VERTEX_POINT('',#8707);
#8707 = CARTESIAN_POINT('',(9.348968483307,-24.47522805405,50.1065713));
#8708 = ELLIPSE('',#8709,49.180867071411,26.2);
#8709 = AXIS2_PLACEMENT_3D('',#8710,#8711,#8712);
#8710 = CARTESIAN_POINT('',(0.,0.,38.979823954496));
#8711 = DIRECTION('',(0.84253099084,7.964262726541E-02,-0.532727492623)
  );
#8712 = DIRECTION('',(0.530363229154,5.013408578919E-02,0.8462868418));
#8713 = ORIENTED_EDGE('',*,*,#8714,.T.);
#8714 = EDGE_CURVE('',#8706,#7262,#8715,.T.);
#8715 = LINE('',#8716,#8717);
#8716 = CARTESIAN_POINT('',(6.973070312184,0.659149213271,50.1065713));
#8717 = VECTOR('',#8718,1.);
#8718 = DIRECTION('',(9.410831331851E-02,-0.995561964603,0.));
#8719 = ORIENTED_EDGE('',*,*,#7270,.T.);
#8720 = ORIENTED_EDGE('',*,*,#8689,.F.);
#8721 = PLANE('',#8722);
#8722 = AXIS2_PLACEMENT_3D('',#8723,#8724,#8725);
#8723 = CARTESIAN_POINT('',(6.973070312184,0.659149213271,50.1065713));
#8724 = DIRECTION('',(0.84253099084,7.964262726541E-02,-0.532727492623)
  );
#8725 = DIRECTION('',(-0.530363229154,-5.013408578919E-02,-0.8462868418)
  );
#8726 = ADVANCED_FACE('',(#8727),#8746,.F.);
#8727 = FACE_BOUND('',#8728,.F.);
#8728 = EDGE_LOOP('',(#8729,#8738,#8744,#8745));
#8729 = ORIENTED_EDGE('',*,*,#8730,.F.);
#8730 = EDGE_CURVE('',#8731,#8706,#8733,.T.);
#8731 = VERTEX_POINT('',#8732);
#8732 = CARTESIAN_POINT('',(9.739870565399,-24.3223132405,51.1683264));
#8733 = ELLIPSE('',#8734,73.74306219284,26.2);
#8734 = AXIS2_PLACEMENT_3D('',#8735,#8736,#8737);
#8735 = CARTESIAN_POINT('',(0.,0.,31.67873446364));
#8736 = DIRECTION('',(0.93060853115,8.796840612658E-02,-0.355287659895)
  );
#8737 = DIRECTION('',(0.353710880684,3.343552241562E-02,0.934757015874)
  );
#8738 = ORIENTED_EDGE('',*,*,#8739,.T.);
#8739 = EDGE_CURVE('',#8731,#7253,#8740,.T.);
#8740 = LINE('',#8741,#8742);
#8741 = CARTESIAN_POINT('',(7.374837108383,0.697127357156,51.1683264));
#8742 = VECTOR('',#8743,1.);
#8743 = DIRECTION('',(9.410831331851E-02,-0.995561964603,0.));
#8744 = ORIENTED_EDGE('',*,*,#7261,.T.);
#8745 = ORIENTED_EDGE('',*,*,#8714,.F.);
#8746 = PLANE('',#8747);
#8747 = AXIS2_PLACEMENT_3D('',#8748,#8749,#8750);
#8748 = CARTESIAN_POINT('',(7.374837108383,0.697127357156,51.1683264));
#8749 = DIRECTION('',(0.93060853115,8.796840612658E-02,-0.355287659895)
  );
#8750 = DIRECTION('',(-0.353710880684,-3.343552241562E-02,
    -0.934757015874));
#8751 = ADVANCED_FACE('',(#8752),#8771,.F.);
#8752 = FACE_BOUND('',#8753,.F.);
#8753 = EDGE_LOOP('',(#8754,#8763,#8769,#8770));
#8754 = ORIENTED_EDGE('',*,*,#8755,.F.);
#8755 = EDGE_CURVE('',#8756,#8731,#8758,.T.);
#8756 = VERTEX_POINT('',#8757);
#8757 = CARTESIAN_POINT('',(9.812541750555,-24.29308593805,52.1878382));
#8758 = ELLIPSE('',#8759,356.64267642713,26.2);
#8759 = AXIS2_PLACEMENT_3D('',#8760,#8761,#8762);
#8760 = CARTESIAN_POINT('',(0.,0.,-49.39533620374));
#8761 = DIRECTION('',(0.992871908105,9.385402811197E-02,
    -7.346288521181E-02));
#8762 = DIRECTION('',(7.313685432688E-02,6.913468218795E-03,
    0.997297951716));
#8763 = ORIENTED_EDGE('',*,*,#8764,.T.);
#8764 = EDGE_CURVE('',#8756,#7244,#8765,.T.);
#8765 = LINE('',#8766,#8767);
#8766 = CARTESIAN_POINT('',(7.449603015476,0.7041948162,52.1878382));
#8767 = VECTOR('',#8768,1.);
#8768 = DIRECTION('',(9.410831331851E-02,-0.995561964603,0.));
#8769 = ORIENTED_EDGE('',*,*,#7252,.T.);
#8770 = ORIENTED_EDGE('',*,*,#8739,.F.);
#8771 = PLANE('',#8772);
#8772 = AXIS2_PLACEMENT_3D('',#8773,#8774,#8775);
#8773 = CARTESIAN_POINT('',(7.449603015476,0.7041948162,52.1878382));
#8774 = DIRECTION('',(0.992871908105,9.385402811197E-02,
    -7.346288521181E-02));
#8775 = DIRECTION('',(-7.313685432688E-02,-6.913468218795E-03,
    -0.997297951716));
#8776 = ADVANCED_FACE('',(#8777),#8796,.F.);
#8777 = FACE_BOUND('',#8778,.F.);
#8778 = EDGE_LOOP('',(#8779,#8788,#8794,#8795));
#8779 = ORIENTED_EDGE('',*,*,#8780,.F.);
#8780 = EDGE_CURVE('',#8781,#8756,#8783,.T.);
#8781 = VERTEX_POINT('',#8782);
#8782 = CARTESIAN_POINT('',(9.704838350444,-24.33631263342,53.0209825));
#8783 = ELLIPSE('',#8784,197.87584061629,26.2);
#8784 = AXIS2_PLACEMENT_3D('',#8785,#8786,#8787);
#8785 = CARTESIAN_POINT('',(0.,0.,108.20429708949));
#8786 = DIRECTION('',(0.986796570971,9.327973966906E-02,0.132406259998)
  );
#8787 = DIRECTION('',(-0.13181863633,-1.246052980124E-02,0.991195531827)
  );
#8788 = ORIENTED_EDGE('',*,*,#8789,.T.);
#8789 = EDGE_CURVE('',#8781,#7235,#8790,.T.);
#8790 = LINE('',#8791,#8792);
#8791 = CARTESIAN_POINT('',(7.338803539524,0.693721182042,53.0209825));
#8792 = VECTOR('',#8793,1.);
#8793 = DIRECTION('',(9.410831331851E-02,-0.995561964603,0.));
#8794 = ORIENTED_EDGE('',*,*,#7243,.T.);
#8795 = ORIENTED_EDGE('',*,*,#8764,.F.);
#8796 = PLANE('',#8797);
#8797 = AXIS2_PLACEMENT_3D('',#8798,#8799,#8800);
#8798 = CARTESIAN_POINT('',(7.338803539524,0.693721182042,53.0209825));
#8799 = DIRECTION('',(0.986796570971,9.327973966906E-02,0.132406259998)
  );
#8800 = DIRECTION('',(0.13181863633,1.246052980124E-02,-0.991195531827)
  );
#8801 = ADVANCED_FACE('',(#8802),#8821,.F.);
#8802 = FACE_BOUND('',#8803,.F.);
#8803 = EDGE_LOOP('',(#8804,#8813,#8819,#8820));
#8804 = ORIENTED_EDGE('',*,*,#8805,.F.);
#8805 = EDGE_CURVE('',#8806,#8781,#8808,.T.);
#8806 = VERTEX_POINT('',#8807);
#8807 = CARTESIAN_POINT('',(9.358798921587,-24.47147079244,53.9367309));
#8808 = ELLIPSE('',#8809,72.093473148738,26.2);
#8809 = AXIS2_PLACEMENT_3D('',#8810,#8811,#8812);
#8810 = CARTESIAN_POINT('',(0.,0.,71.918009242721));
#8811 = DIRECTION('',(0.927491954251,8.767380287162E-02,0.363417086952)
  );
#8812 = DIRECTION('',(-0.361804229057,-3.420056908422E-02,0.931626545839
    ));
#8813 = ORIENTED_EDGE('',*,*,#8814,.T.);
#8814 = EDGE_CURVE('',#8806,#7226,#8815,.T.);
#8815 = LINE('',#8816,#8817);
#8816 = CARTESIAN_POINT('',(6.98316570873,0.660103509212,53.9367309));
#8817 = VECTOR('',#8818,1.);
#8818 = DIRECTION('',(9.410831331851E-02,-0.995561964603,0.));
#8819 = ORIENTED_EDGE('',*,*,#7234,.T.);
#8820 = ORIENTED_EDGE('',*,*,#8789,.F.);
#8821 = PLANE('',#8822);
#8822 = AXIS2_PLACEMENT_3D('',#8823,#8824,#8825);
#8823 = CARTESIAN_POINT('',(6.98316570873,0.660103509212,53.9367309));
#8824 = DIRECTION('',(0.927491954251,8.767380287162E-02,0.363417086952)
  );
#8825 = DIRECTION('',(0.361804229057,3.420056908422E-02,-0.931626545839)
  );
#8826 = ADVANCED_FACE('',(#8827),#8846,.F.);
#8827 = FACE_BOUND('',#8828,.F.);
#8828 = EDGE_LOOP('',(#8829,#8838,#8844,#8845));
#8829 = ORIENTED_EDGE('',*,*,#8830,.F.);
#8830 = EDGE_CURVE('',#8831,#8806,#8833,.T.);
#8831 = VERTEX_POINT('',#8832);
#8832 = CARTESIAN_POINT('',(9.025234821163,-24.59644560547,54.5019076));
#8833 = ELLIPSE('',#8834,50.408545211357,26.2);
#8834 = AXIS2_PLACEMENT_3D('',#8835,#8836,#8837);
#8835 = CARTESIAN_POINT('',(0.,0.,65.466104542003));
#8836 = DIRECTION('',(0.850525003928,8.039828398511E-02,0.519753146816)
  );
#8837 = DIRECTION('',(-0.517446463952,-4.891309198881E-02,0.854316490755
    ));
#8838 = ORIENTED_EDGE('',*,*,#8839,.T.);
#8839 = EDGE_CURVE('',#8831,#7217,#8840,.T.);
#8840 = LINE('',#8841,#8842);
#8841 = CARTESIAN_POINT('',(6.640846804568,0.62774484563,54.5019076));
#8842 = VECTOR('',#8843,1.);
#8843 = DIRECTION('',(9.410831331851E-02,-0.995561964603,0.));
#8844 = ORIENTED_EDGE('',*,*,#7225,.T.);
#8845 = ORIENTED_EDGE('',*,*,#8814,.F.);
#8846 = PLANE('',#8847);
#8847 = AXIS2_PLACEMENT_3D('',#8848,#8849,#8850);
#8848 = CARTESIAN_POINT('',(6.640846804568,0.62774484563,54.5019076));
#8849 = DIRECTION('',(0.850525003928,8.039828398511E-02,0.519753146816)
  );
#8850 = DIRECTION('',(0.517446463952,4.891309198881E-02,-0.854316490755)
  );
#8851 = ADVANCED_FACE('',(#8852),#8871,.F.);
#8852 = FACE_BOUND('',#8853,.F.);
#8853 = EDGE_LOOP('',(#8854,#8863,#8869,#8870));
#8854 = ORIENTED_EDGE('',*,*,#8855,.F.);
#8855 = EDGE_CURVE('',#8856,#8831,#8858,.T.);
#8856 = VERTEX_POINT('',#8857);
#8857 = CARTESIAN_POINT('',(8.617548161462,-24.74222834921,55.0200469));
#8858 = ELLIPSE('',#8859,41.63126722961,26.2);
#8859 = AXIS2_PLACEMENT_3D('',#8860,#8861,#8862);
#8860 = CARTESIAN_POINT('',(0.,0.,62.738918407651));
#8861 = DIRECTION('',(0.77368544499,7.31348071299E-02,0.629334674237));
#8862 = DIRECTION('',(-0.626541664676,-5.922562470525E-02,0.777134394943
    ));
#8863 = ORIENTED_EDGE('',*,*,#8864,.T.);
#8864 = EDGE_CURVE('',#8856,#7208,#8865,.T.);
#8865 = LINE('',#8866,#8867);
#8866 = CARTESIAN_POINT('',(6.223112289575,0.588257307919,55.0200469));
#8867 = VECTOR('',#8868,1.);
#8868 = DIRECTION('',(9.410831331851E-02,-0.995561964603,0.));
#8869 = ORIENTED_EDGE('',*,*,#7216,.T.);
#8870 = ORIENTED_EDGE('',*,*,#8839,.F.);
#8871 = PLANE('',#8872);
#8872 = AXIS2_PLACEMENT_3D('',#8873,#8874,#8875);
#8873 = CARTESIAN_POINT('',(6.223112289575,0.588257307919,55.0200469));
#8874 = DIRECTION('',(0.77368544499,7.31348071299E-02,0.629334674237));
#8875 = DIRECTION('',(0.626541664676,5.922562470525E-02,-0.777134394943)
  );
#8876 = ADVANCED_FACE('',(#8877),#8896,.F.);
#8877 = FACE_BOUND('',#8878,.F.);
#8878 = EDGE_LOOP('',(#8879,#8888,#8894,#8895));
#8879 = ORIENTED_EDGE('',*,*,#8880,.F.);
#8880 = EDGE_CURVE('',#8881,#8856,#8883,.T.);
#8881 = VERTEX_POINT('',#8882);
#8882 = CARTESIAN_POINT('',(7.882138942377,-24.98623392376,55.6887611));
#8883 = ELLIPSE('',#8884,34.997006126065,26.2);
#8884 = AXIS2_PLACEMENT_3D('',#8885,#8886,#8887);
#8885 = CARTESIAN_POINT('',(0.,0.,60.555721907964));
#8886 = DIRECTION('',(0.660039516972,6.239210403199E-02,0.748635466292)
  );
#8887 = DIRECTION('',(-0.745312995593,-7.045282102313E-02,0.662981853907
    ));
#8888 = ORIENTED_EDGE('',*,*,#8889,.T.);
#8889 = EDGE_CURVE('',#8881,#7199,#8890,.T.);
#8890 = LINE('',#8891,#8892);
#8891 = CARTESIAN_POINT('',(5.471355087382,0.517195330022,55.6887611));
#8892 = VECTOR('',#8893,1.);
#8893 = DIRECTION('',(9.410831331851E-02,-0.995561964603,0.));
#8894 = ORIENTED_EDGE('',*,*,#7207,.T.);
#8895 = ORIENTED_EDGE('',*,*,#8864,.F.);
#8896 = PLANE('',#8897);
#8897 = AXIS2_PLACEMENT_3D('',#8898,#8899,#8900);
#8898 = CARTESIAN_POINT('',(5.471355087382,0.517195330022,55.6887611));
#8899 = DIRECTION('',(0.660039516972,6.239210403199E-02,0.748635466292)
  );
#8900 = DIRECTION('',(0.745312995593,7.045282102313E-02,-0.662981853907)
  );
#8901 = ADVANCED_FACE('',(#8902),#8921,.F.);
#8902 = FACE_BOUND('',#8903,.F.);
#8903 = EDGE_LOOP('',(#8904,#8913,#8919,#8920));
#8904 = ORIENTED_EDGE('',*,*,#8905,.F.);
#8905 = EDGE_CURVE('',#8906,#8881,#8908,.T.);
#8906 = VERTEX_POINT('',#8907);
#8907 = CARTESIAN_POINT('',(6.949430463933,-25.2615402584,56.2508254));
#8908 = ELLIPSE('',#8909,30.405200256799,26.2);
#8909 = AXIS2_PLACEMENT_3D('',#8910,#8911,#8912);
#8910 = CARTESIAN_POINT('',(0.,0.,58.925046548292));
#8911 = DIRECTION('',(0.505175098288,4.775310640693E-02,0.861694702838)
  );
#8912 = DIRECTION('',(-0.857870471245,-8.109263507955E-02,0.50742707762)
  );
#8913 = ORIENTED_EDGE('',*,*,#8914,.T.);
#8914 = EDGE_CURVE('',#8906,#7190,#8915,.T.);
#8915 = LINE('',#8916,#8917);
#8916 = CARTESIAN_POINT('',(4.521113393201,0.427371043575,56.2508254));
#8917 = VECTOR('',#8918,1.);
#8918 = DIRECTION('',(9.410831331851E-02,-0.995561964603,0.));
#8919 = ORIENTED_EDGE('',*,*,#7198,.T.);
#8920 = ORIENTED_EDGE('',*,*,#8889,.F.);
#8921 = PLANE('',#8922);
#8922 = AXIS2_PLACEMENT_3D('',#8923,#8924,#8925);
#8923 = CARTESIAN_POINT('',(4.521113393201,0.427371043575,56.2508254));
#8924 = DIRECTION('',(0.505175098288,4.775310640693E-02,0.861694702838)
  );
#8925 = DIRECTION('',(0.857870471245,8.109263507955E-02,-0.50742707762)
  );
#8926 = ADVANCED_FACE('',(#8927),#8946,.F.);
#8927 = FACE_BOUND('',#8928,.F.);
#8928 = EDGE_LOOP('',(#8929,#8938,#8944,#8945));
#8929 = ORIENTED_EDGE('',*,*,#8930,.F.);
#8930 = EDGE_CURVE('',#8931,#8906,#8933,.T.);
#8931 = VERTEX_POINT('',#8932);
#8932 = CARTESIAN_POINT('',(9.747036693269,-24.31944233941,60.1470984));
#8933 = ELLIPSE('',#8934,44.13830388175,26.2);
#8934 = AXIS2_PLACEMENT_3D('',#8935,#8936,#8937);
#8935 = CARTESIAN_POINT('',(0.,0.,50.093920485671));
#8936 = DIRECTION('',(0.801196954794,7.573541048412E-02,-0.593588735765)
  );
#8937 = DIRECTION('',(0.590954367945,5.586163472776E-02,0.804768546088)
  );
#8938 = ORIENTED_EDGE('',*,*,#8939,.T.);
#8939 = EDGE_CURVE('',#8931,#7181,#8940,.T.);
#8940 = LINE('',#8941,#8942);
#8941 = CARTESIAN_POINT('',(7.38220874695,0.697824182162,60.1470984));
#8942 = VECTOR('',#8943,1.);
#8943 = DIRECTION('',(9.410831331851E-02,-0.995561964603,0.));
#8944 = ORIENTED_EDGE('',*,*,#7189,.T.);
#8945 = ORIENTED_EDGE('',*,*,#8914,.F.);
#8946 = PLANE('',#8947);
#8947 = AXIS2_PLACEMENT_3D('',#8948,#8949,#8950);
#8948 = CARTESIAN_POINT('',(7.38220874695,0.697824182162,60.1470984));
#8949 = DIRECTION('',(0.801196954794,7.573541048412E-02,-0.593588735765)
  );
#8950 = DIRECTION('',(-0.590954367945,-5.586163472776E-02,
    -0.804768546088));
#8951 = ADVANCED_FACE('',(#8952),#8971,.F.);
#8952 = FACE_BOUND('',#8953,.F.);
#8953 = EDGE_LOOP('',(#8954,#8963,#8969,#8970));
#8954 = ORIENTED_EDGE('',*,*,#8955,.F.);
#8955 = EDGE_CURVE('',#8956,#8931,#8958,.T.);
#8956 = VERTEX_POINT('',#8957);
#8957 = CARTESIAN_POINT('',(9.835101085194,-24.28396151051,60.3491785));
#8958 = ELLIPSE('',#8959,63.800994280437,26.2);
#8959 = AXIS2_PLACEMENT_3D('',#8960,#8961,#8962);
#8960 = CARTESIAN_POINT('',(0.,0.,43.682920412603));
#8961 = DIRECTION('',(0.907745631161,8.580722577615E-02,-0.410651907474)
  );
#8962 = DIRECTION('',(0.408829419773,3.864575837341E-02,0.911792197207)
  );
#8963 = ORIENTED_EDGE('',*,*,#8964,.T.);
#8964 = EDGE_CURVE('',#8956,#7172,#8965,.T.);
#8965 = LINE('',#8966,#8967);
#8966 = CARTESIAN_POINT('',(7.47281742981,0.706389224439,60.3491785));
#8967 = VECTOR('',#8968,1.);
#8968 = DIRECTION('',(9.410831331851E-02,-0.995561964603,0.));
#8969 = ORIENTED_EDGE('',*,*,#7180,.T.);
#8970 = ORIENTED_EDGE('',*,*,#8939,.F.);
#8971 = PLANE('',#8972);
#8972 = AXIS2_PLACEMENT_3D('',#8973,#8974,#8975);
#8973 = CARTESIAN_POINT('',(7.47281742981,0.706389224439,60.3491785));
#8974 = DIRECTION('',(0.907745631161,8.580722577615E-02,-0.410651907474)
  );
#8975 = DIRECTION('',(-0.408829419773,-3.864575837341E-02,
    -0.911792197207));
#8976 = ADVANCED_FACE('',(#8977),#8996,.F.);
#8977 = FACE_BOUND('',#8978,.F.);
#8978 = EDGE_LOOP('',(#8979,#8988,#8994,#8995));
#8979 = ORIENTED_EDGE('',*,*,#8980,.F.);
#8980 = EDGE_CURVE('',#8981,#8956,#8983,.T.);
#8981 = VERTEX_POINT('',#8982);
#8982 = CARTESIAN_POINT('',(9.837092222308,-24.28315499703,60.5599934));
#8983 = ELLIPSE('',#8984,2.68371081996E+03,26.2);
#8984 = AXIS2_PLACEMENT_3D('',#8985,#8986,#8987);
#8985 = CARTESIAN_POINT('',(0.,0.,-708.479907233));
#8986 = DIRECTION('',(0.995514520767,9.410382855558E-02,
    -9.762601769585E-03));
#8987 = DIRECTION('',(9.719274997365E-03,9.18741986136E-04,
    0.999952344668));
#8988 = ORIENTED_EDGE('',*,*,#8989,.T.);
#8989 = EDGE_CURVE('',#8981,#7163,#8990,.T.);
#8990 = LINE('',#8991,#8992);
#8991 = CARTESIAN_POINT('',(7.474866495445,0.706582918169,60.5599934));
#8992 = VECTOR('',#8993,1.);
#8993 = DIRECTION('',(9.410831331851E-02,-0.995561964603,0.));
#8994 = ORIENTED_EDGE('',*,*,#7171,.T.);
#8995 = ORIENTED_EDGE('',*,*,#8964,.F.);
#8996 = PLANE('',#8997);
#8997 = AXIS2_PLACEMENT_3D('',#8998,#8999,#9000);
#8998 = CARTESIAN_POINT('',(7.474866495445,0.706582918169,60.5599934));
#8999 = DIRECTION('',(0.995514520767,9.410382855558E-02,
    -9.762601769585E-03));
#9000 = DIRECTION('',(-9.719274997365E-03,-9.18741986136E-04,
    -0.999952344668));
#9001 = ADVANCED_FACE('',(#9002),#9021,.F.);
#9002 = FACE_BOUND('',#9003,.F.);
#9003 = EDGE_LOOP('',(#9004,#9013,#9019,#9020));
#9004 = ORIENTED_EDGE('',*,*,#9005,.F.);
#9005 = EDGE_CURVE('',#9006,#8981,#9008,.T.);
#9006 = VERTEX_POINT('',#9007);
#9007 = CARTESIAN_POINT('',(9.7643802279,-24.31248401058,60.7781626));
#9008 = ELLIPSE('',#9009,80.448163864022,26.2);
#9009 = AXIS2_PLACEMENT_3D('',#9010,#9011,#9012);
#9010 = CARTESIAN_POINT('',(0.,0.,82.35731169165));
#9011 = DIRECTION('',(0.941285508819,8.897767766918E-02,0.32567554984));
#9012 = DIRECTION('',(-0.324230190221,-3.064877668448E-02,0.945481589581
    ));
#9013 = ORIENTED_EDGE('',*,*,#9014,.T.);
#9014 = EDGE_CURVE('',#9006,#7154,#9015,.T.);
#9015 = LINE('',#9016,#9017);
#9016 = CARTESIAN_POINT('',(7.400050611143,0.699510734888,60.7781626));
#9017 = VECTOR('',#9018,1.);
#9018 = DIRECTION('',(9.410831331851E-02,-0.995561964603,0.));
#9019 = ORIENTED_EDGE('',*,*,#7162,.T.);
#9020 = ORIENTED_EDGE('',*,*,#8989,.F.);
#9021 = PLANE('',#9022);
#9022 = AXIS2_PLACEMENT_3D('',#9023,#9024,#9025);
#9023 = CARTESIAN_POINT('',(7.400050611143,0.699510734888,60.7781626));
#9024 = DIRECTION('',(0.941285508819,8.897767766918E-02,0.32567554984));
#9025 = DIRECTION('',(0.324230190221,3.064877668448E-02,-0.945481589581)
  );
#9026 = ADVANCED_FACE('',(#9027),#9046,.F.);
#9027 = FACE_BOUND('',#9028,.F.);
#9028 = EDGE_LOOP('',(#9029,#9038,#9044,#9045));
#9029 = ORIENTED_EDGE('',*,*,#9030,.F.);
#9030 = EDGE_CURVE('',#9031,#9006,#9033,.T.);
#9031 = VERTEX_POINT('',#9032);
#9032 = CARTESIAN_POINT('',(9.570223405149,-24.38956383323,61.0359145));
#9033 = ELLIPSE('',#9034,42.665154356464,26.2);
#9034 = AXIS2_PLACEMENT_3D('',#9035,#9036,#9037);
#9035 = CARTESIAN_POINT('',(0.,0.,70.331338371001));
#9036 = DIRECTION('',(0.785737789497,7.427408911678E-02,0.614084266076)
  );
#9037 = DIRECTION('',(-0.611358938366,-5.779043451583E-02,0.789240466625
    ));
#9038 = ORIENTED_EDGE('',*,*,#9039,.T.);
#9039 = EDGE_CURVE('',#9031,#7145,#9040,.T.);
#9040 = LINE('',#9041,#9042);
#9041 = CARTESIAN_POINT('',(7.200391654704,0.680637406761,61.0359145));
#9042 = VECTOR('',#9043,1.);
#9043 = DIRECTION('',(9.410831331851E-02,-0.995561964603,0.));
#9044 = ORIENTED_EDGE('',*,*,#7153,.T.);
#9045 = ORIENTED_EDGE('',*,*,#9014,.F.);
#9046 = PLANE('',#9047);
#9047 = AXIS2_PLACEMENT_3D('',#9048,#9049,#9050);
#9048 = CARTESIAN_POINT('',(7.200391654704,0.680637406761,61.0359145));
#9049 = DIRECTION('',(0.785737789497,7.427408911678E-02,0.614084266076)
  );
#9050 = DIRECTION('',(0.611358938366,5.779043451583E-02,-0.789240466625)
  );
#9051 = ADVANCED_FACE('',(#9052),#9071,.F.);
#9052 = FACE_BOUND('',#9053,.F.);
#9053 = EDGE_LOOP('',(#9054,#9063,#9069,#9070));
#9054 = ORIENTED_EDGE('',*,*,#9055,.F.);
#9055 = EDGE_CURVE('',#9056,#9031,#9058,.T.);
#9056 = VERTEX_POINT('',#9057);
#9057 = CARTESIAN_POINT('',(9.161308241311,-24.5460879023,61.2502936));
#9058 = ELLIPSE('',#9059,29.389332849465,26.2);
#9059 = AXIS2_PLACEMENT_3D('',#9060,#9061,#9062);
#9060 = CARTESIAN_POINT('',(0.,0.,64.711547876633));
#9061 = DIRECTION('',(0.451049517438,4.263673263792E-02,0.891479916683)
  );
#9062 = DIRECTION('',(-0.887523497257,-8.389567131633E-02,0.453060214708
    ));
#9063 = ORIENTED_EDGE('',*,*,#9064,.T.);
#9064 = EDGE_CURVE('',#9056,#7136,#9065,.T.);
#9065 = LINE('',#9066,#9067);
#9066 = CARTESIAN_POINT('',(6.780433153838,0.640939640488,61.2502936));
#9067 = VECTOR('',#9068,1.);
#9068 = DIRECTION('',(9.410831331851E-02,-0.995561964603,0.));
#9069 = ORIENTED_EDGE('',*,*,#7144,.T.);
#9070 = ORIENTED_EDGE('',*,*,#9039,.F.);
#9071 = PLANE('',#9072);
#9072 = AXIS2_PLACEMENT_3D('',#9073,#9074,#9075);
#9073 = CARTESIAN_POINT('',(6.780433153838,0.640939640488,61.2502936));
#9074 = DIRECTION('',(0.451049517438,4.263673263792E-02,0.891479916683)
  );
#9075 = DIRECTION('',(0.887523497257,8.389567131633E-02,-0.453060214708)
  );
#9076 = ADVANCED_FACE('',(#9077),#9096,.F.);
#9077 = FACE_BOUND('',#9078,.F.);
#9078 = EDGE_LOOP('',(#9079,#9088,#9094,#9095));
#9079 = ORIENTED_EDGE('',*,*,#9080,.F.);
#9080 = EDGE_CURVE('',#9081,#9056,#9083,.T.);
#9081 = VERTEX_POINT('',#9082);
#9082 = CARTESIAN_POINT('',(7.474157187836,-25.11129176947,61.288295));
#9083 = ELLIPSE('',#9084,26.206299331111,26.2);
#9084 = AXIS2_PLACEMENT_3D('',#9085,#9086,#9087);
#9085 = CARTESIAN_POINT('',(0.,0.,61.399651024569));
#9086 = DIRECTION('',(2.182737770863E-02,2.063294675128E-03,
    0.999759625309));
#9087 = DIRECTION('',(-0.995322656703,-9.408569206175E-02,
    2.19246802155E-02));
#9088 = ORIENTED_EDGE('',*,*,#9089,.T.);
#9089 = EDGE_CURVE('',#9081,#7127,#9090,.T.);
#9090 = LINE('',#9091,#9092);
#9091 = CARTESIAN_POINT('',(5.05526982034,0.477863692143,61.288295));
#9092 = VECTOR('',#9093,1.);
#9093 = DIRECTION('',(9.410831331851E-02,-0.995561964603,0.));
#9094 = ORIENTED_EDGE('',*,*,#7135,.T.);
#9095 = ORIENTED_EDGE('',*,*,#9064,.F.);
#9096 = PLANE('',#9097);
#9097 = AXIS2_PLACEMENT_3D('',#9098,#9099,#9100);
#9098 = CARTESIAN_POINT('',(5.05526982034,0.477863692143,61.288295));
#9099 = DIRECTION('',(2.182737770863E-02,2.063294675128E-03,
    0.999759625309));
#9100 = DIRECTION('',(0.995322656703,9.408569206175E-02,
    -2.19246802155E-02));
#9101 = ADVANCED_FACE('',(#9102),#9121,.F.);
#9102 = FACE_BOUND('',#9103,.F.);
#9103 = EDGE_LOOP('',(#9104,#9113,#9119,#9120));
#9104 = ORIENTED_EDGE('',*,*,#9105,.F.);
#9105 = EDGE_CURVE('',#9106,#9081,#9108,.T.);
#9106 = VERTEX_POINT('',#9107);
#9107 = CARTESIAN_POINT('',(-0.238062607331,-26.19891841651,61.2677632)
  );
#9108 = ELLIPSE('',#9109,26.200091227676,26.2);
#9109 = AXIS2_PLACEMENT_3D('',#9110,#9111,#9112);
#9110 = CARTESIAN_POINT('',(0.,0.,61.274895022146));
#9111 = DIRECTION('',(-2.627210190024E-03,-2.483444813151E-04,
    0.99999651804));
#9112 = DIRECTION('',(0.995558498096,9.410798563711E-02,
    2.638921818464E-03));
#9113 = ORIENTED_EDGE('',*,*,#9114,.T.);
#9114 = EDGE_CURVE('',#9106,#7118,#9115,.T.);
#9115 = LINE('',#9116,#9117);
#9116 = CARTESIAN_POINT('',(-2.690548122499,-0.254331678703,61.2677632)
  );
#9117 = VECTOR('',#9118,1.);
#9118 = DIRECTION('',(9.410831331851E-02,-0.995561964603,0.));
#9119 = ORIENTED_EDGE('',*,*,#7126,.T.);
#9120 = ORIENTED_EDGE('',*,*,#9089,.F.);
#9121 = PLANE('',#9122);
#9122 = AXIS2_PLACEMENT_3D('',#9123,#9124,#9125);
#9123 = CARTESIAN_POINT('',(-2.690548122499,-0.254331678703,61.2677632)
  );
#9124 = DIRECTION('',(-2.627210190024E-03,-2.483444813151E-04,
    0.99999651804));
#9125 = DIRECTION('',(0.995558498096,9.410798563711E-02,
    2.638921818464E-03));
#9126 = ADVANCED_FACE('',(#9127),#9146,.F.);
#9127 = FACE_BOUND('',#9128,.F.);
#9128 = EDGE_LOOP('',(#9129,#9138,#9144,#9145));
#9129 = ORIENTED_EDGE('',*,*,#9130,.F.);
#9130 = EDGE_CURVE('',#9131,#9106,#9133,.T.);
#9131 = VERTEX_POINT('',#9132);
#9132 = CARTESIAN_POINT('',(-0.408315352268,-26.19681810016,61.0984386)
  );
#9133 = ELLIPSE('',#9134,37.055142092407,26.2);
#9134 = AXIS2_PLACEMENT_3D('',#9135,#9136,#9137);
#9135 = CARTESIAN_POINT('',(0.,0.,63.970705973402));
#9136 = DIRECTION('',(-0.704020794939,-6.654955885067E-02,0.707054366022
    ));
#9137 = DIRECTION('',(0.703916433718,6.653969381082E-02,0.707159192466)
  );
#9138 = ORIENTED_EDGE('',*,*,#9139,.T.);
#9139 = EDGE_CURVE('',#9131,#7109,#9140,.T.);
#9140 = LINE('',#9141,#9142);
#9141 = CARTESIAN_POINT('',(-2.859096265325,-0.270264169094,61.0984386)
  );
#9142 = VECTOR('',#9143,1.);
#9143 = DIRECTION('',(9.410831331851E-02,-0.995561964603,0.));
#9144 = ORIENTED_EDGE('',*,*,#7117,.T.);
#9145 = ORIENTED_EDGE('',*,*,#9114,.F.);
#9146 = PLANE('',#9147);
#9147 = AXIS2_PLACEMENT_3D('',#9148,#9149,#9150);
#9148 = CARTESIAN_POINT('',(-2.859096265325,-0.270264169094,61.0984386)
  );
#9149 = DIRECTION('',(-0.704020794939,-6.654955885067E-02,0.707054366022
    ));
#9150 = DIRECTION('',(0.703916433718,6.653969381082E-02,0.707159192466)
  );
#9151 = ADVANCED_FACE('',(#9152),#9171,.F.);
#9152 = FACE_BOUND('',#9153,.F.);
#9153 = EDGE_LOOP('',(#9154,#9163,#9169,#9170));
#9154 = ORIENTED_EDGE('',*,*,#9155,.F.);
#9155 = EDGE_CURVE('',#9156,#9131,#9158,.T.);
#9156 = VERTEX_POINT('',#9157);
#9157 = CARTESIAN_POINT('',(-0.578016054687,-26.19362322093,60.8093368)
  );
#9158 = ELLIPSE('',#9159,51.996470874792,26.2);
#9159 = AXIS2_PLACEMENT_3D('',#9160,#9161,#9162);
#9160 = CARTESIAN_POINT('',(0.,0.,66.02147350829));
#9161 = DIRECTION('',(-0.859940003721,-8.128826349606E-02,0.503880351093
    ));
#9162 = DIRECTION('',(0.501644112259,4.741932995573E-02,0.863773460916)
  );
#9163 = ORIENTED_EDGE('',*,*,#9164,.T.);
#9164 = EDGE_CURVE('',#9156,#7100,#9165,.T.);
#9165 = LINE('',#9166,#9167);
#9166 = CARTESIAN_POINT('',(-3.026994704413,-0.286135244399,60.8093368)
  );
#9167 = VECTOR('',#9168,1.);
#9168 = DIRECTION('',(9.410831331851E-02,-0.995561964603,0.));
#9169 = ORIENTED_EDGE('',*,*,#7108,.T.);
#9170 = ORIENTED_EDGE('',*,*,#9139,.F.);
#9171 = PLANE('',#9172);
#9172 = AXIS2_PLACEMENT_3D('',#9173,#9174,#9175);
#9173 = CARTESIAN_POINT('',(-3.026994704413,-0.286135244399,60.8093368)
  );
#9174 = DIRECTION('',(-0.859940003721,-8.128826349606E-02,0.503880351093
    ));
#9175 = DIRECTION('',(0.501644112259,4.741932995573E-02,0.863773460916)
  );
#9176 = ADVANCED_FACE('',(#9177),#9196,.F.);
#9177 = FACE_BOUND('',#9178,.F.);
#9178 = EDGE_LOOP('',(#9179,#9188,#9194,#9195));
#9179 = ORIENTED_EDGE('',*,*,#9180,.F.);
#9180 = EDGE_CURVE('',#9181,#9156,#9183,.T.);
#9181 = VERTEX_POINT('',#9182);
#9182 = CARTESIAN_POINT('',(-0.621525106779,-26.19262694999,60.4614257)
  );
#9183 = ELLIPSE('',#9184,212.514490451,26.2);
#9184 = AXIS2_PLACEMENT_3D('',#9185,#9186,#9187);
#9185 = CARTESIAN_POINT('',(0.,0.,85.283326984959));
#9186 = DIRECTION('',(-0.987967039011,-9.339038147436E-02,0.12328571075)
  );
#9187 = DIRECTION('',(0.122738564402,1.160221029499E-02,0.992371217602)
  );
#9188 = ORIENTED_EDGE('',*,*,#9189,.T.);
#9189 = EDGE_CURVE('',#9181,#7091,#9190,.T.);
#9190 = LINE('',#9191,#9192);
#9191 = CARTESIAN_POINT('',(-3.07002508276,-0.290202812739,60.4614257));
#9192 = VECTOR('',#9193,1.);
#9193 = DIRECTION('',(9.410831331851E-02,-0.995561964603,0.));
#9194 = ORIENTED_EDGE('',*,*,#7099,.T.);
#9195 = ORIENTED_EDGE('',*,*,#9164,.F.);
#9196 = PLANE('',#9197);
#9197 = AXIS2_PLACEMENT_3D('',#9198,#9199,#9200);
#9198 = CARTESIAN_POINT('',(-3.07002508276,-0.290202812739,60.4614257));
#9199 = DIRECTION('',(-0.987967039011,-9.339038147436E-02,0.12328571075)
  );
#9200 = DIRECTION('',(0.122738564402,1.160221029499E-02,0.992371217602)
  );
#9201 = ADVANCED_FACE('',(#9202),#9221,.F.);
#9202 = FACE_BOUND('',#9203,.F.);
#9203 = EDGE_LOOP('',(#9204,#9213,#9219,#9220));
#9204 = ORIENTED_EDGE('',*,*,#9205,.F.);
#9205 = EDGE_CURVE('',#9206,#9181,#9208,.T.);
#9206 = VERTEX_POINT('',#9207);
#9207 = CARTESIAN_POINT('',(-0.542976286714,-26.19437299788,60.1355524)
  );
#9208 = ELLIPSE('',#9209,112.50293944121,26.2);
#9209 = AXIS2_PLACEMENT_3D('',#9210,#9211,#9212);
#9210 = CARTESIAN_POINT('',(0.,0.,47.584032320103));
#9211 = DIRECTION('',(-0.968188796214,-9.152078707819E-02,
    -0.232882804042));
#9212 = DIRECTION('',(-0.231849261914,-2.191620788925E-02,0.972504806971
    ));
#9213 = ORIENTED_EDGE('',*,*,#9214,.T.);
#9214 = EDGE_CURVE('',#9206,#7082,#9215,.T.);
#9215 = LINE('',#9216,#9217);
#9216 = CARTESIAN_POINT('',(-2.992335508846,-0.282858985812,60.1355524)
  );
#9217 = VECTOR('',#9218,1.);
#9218 = DIRECTION('',(9.410831331851E-02,-0.995561964603,0.));
#9219 = ORIENTED_EDGE('',*,*,#7090,.T.);
#9220 = ORIENTED_EDGE('',*,*,#9189,.F.);
#9221 = PLANE('',#9222);
#9222 = AXIS2_PLACEMENT_3D('',#9223,#9224,#9225);
#9223 = CARTESIAN_POINT('',(-2.992335508846,-0.282858985812,60.1355524)
  );
#9224 = DIRECTION('',(-0.968188796214,-9.152078707819E-02,
    -0.232882804042));
#9225 = DIRECTION('',(-0.231849261914,-2.191620788925E-02,0.972504806971
    ));
#9226 = ADVANCED_FACE('',(#9227),#9246,.F.);
#9227 = FACE_BOUND('',#9228,.F.);
#9228 = EDGE_LOOP('',(#9229,#9238,#9244,#9245));
#9229 = ORIENTED_EDGE('',*,*,#9230,.F.);
#9230 = EDGE_CURVE('',#9231,#9206,#9233,.T.);
#9231 = VERTEX_POINT('',#9232);
#9232 = CARTESIAN_POINT('',(-0.346714425377,-26.19770579854,59.9125389)
  );
#9233 = ELLIPSE('',#9234,39.794003764757,26.2);
#9234 = AXIS2_PLACEMENT_3D('',#9235,#9236,#9237);
#9235 = CARTESIAN_POINT('',(0.,0.,56.699445786773));
#9236 = DIRECTION('',(-0.749335988242,-7.083310579309E-02,-0.65839064988
    ));
#9237 = DIRECTION('',(-0.655468688871,-6.196003356487E-02,0.752676392715
    ));
#9238 = ORIENTED_EDGE('',*,*,#9239,.T.);
#9239 = EDGE_CURVE('',#9231,#7073,#9240,.T.);
#9240 = LINE('',#9241,#9242);
#9241 = CARTESIAN_POINT('',(-2.798124068365,-0.264500599553,59.9125389)
  );
#9242 = VECTOR('',#9243,1.);
#9243 = DIRECTION('',(9.410831331851E-02,-0.995561964603,0.));
#9244 = ORIENTED_EDGE('',*,*,#7081,.T.);
#9245 = ORIENTED_EDGE('',*,*,#9214,.F.);
#9246 = PLANE('',#9247);
#9247 = AXIS2_PLACEMENT_3D('',#9248,#9249,#9250);
#9248 = CARTESIAN_POINT('',(-2.798124068365,-0.264500599553,59.9125389)
  );
#9249 = DIRECTION('',(-0.749335988242,-7.083310579309E-02,-0.65839064988
    ));
#9250 = DIRECTION('',(-0.655468688871,-6.196003356487E-02,0.752676392715
    ));
#9251 = ADVANCED_FACE('',(#9252),#9271,.F.);
#9252 = FACE_BOUND('',#9253,.F.);
#9253 = EDGE_LOOP('',(#9254,#9263,#9269,#9270));
#9254 = ORIENTED_EDGE('',*,*,#9255,.F.);
#9255 = EDGE_CURVE('',#9256,#9231,#9258,.T.);
#9256 = VERTEX_POINT('',#9257);
#9257 = CARTESIAN_POINT('',(0.642375085569,-26.19212389726,59.8356325));
#9258 = ELLIPSE('',#9259,26.279701256854,26.2);
#9259 = AXIS2_PLACEMENT_3D('',#9260,#9261,#9262);
#9260 = CARTESIAN_POINT('',(0.,0.,59.69314444758));
#9261 = DIRECTION('',(-7.747759553706E-02,-7.323789071104E-03,
    -0.996967193193));
#9262 = DIRECTION('',(-0.9925426175,-9.38229009853E-02,
    7.782297666218E-02));
#9263 = ORIENTED_EDGE('',*,*,#9264,.T.);
#9264 = EDGE_CURVE('',#9256,#7064,#9265,.T.);
#9265 = LINE('',#9266,#9267);
#9266 = CARTESIAN_POINT('',(-1.817271332676,-0.171782717742,59.8356325)
  );
#9267 = VECTOR('',#9268,1.);
#9268 = DIRECTION('',(9.410831331851E-02,-0.995561964603,0.));
#9269 = ORIENTED_EDGE('',*,*,#7072,.T.);
#9270 = ORIENTED_EDGE('',*,*,#9239,.F.);
#9271 = PLANE('',#9272);
#9272 = AXIS2_PLACEMENT_3D('',#9273,#9274,#9275);
#9273 = CARTESIAN_POINT('',(-1.817271332676,-0.171782717742,59.8356325)
  );
#9274 = DIRECTION('',(-7.747759553706E-02,-7.323789071104E-03,
    -0.996967193193));
#9275 = DIRECTION('',(-0.9925426175,-9.38229009853E-02,
    7.782297666218E-02));
#9276 = ADVANCED_FACE('',(#9277),#9296,.F.);
#9277 = FACE_BOUND('',#9278,.F.);
#9278 = EDGE_LOOP('',(#9279,#9288,#9294,#9295));
#9279 = ORIENTED_EDGE('',*,*,#9280,.F.);
#9280 = EDGE_CURVE('',#9281,#9256,#9283,.T.);
#9281 = VERTEX_POINT('',#9282);
#9282 = CARTESIAN_POINT('',(4.621324371799,-25.78921016725,59.7613616));
#9283 = ELLIPSE('',#9284,26.204517760671,26.2);
#9284 = AXIS2_PLACEMENT_3D('',#9285,#9286,#9287);
#9285 = CARTESIAN_POINT('',(0.,0.,59.801732775956));
#9286 = DIRECTION('',(-1.848579356307E-02,-1.747421973145E-03,
    -0.999827596115));
#9287 = DIRECTION('',(-0.995390325852,-9.409208867967E-02,
    1.856819989145E-02));
#9288 = ORIENTED_EDGE('',*,*,#9289,.T.);
#9289 = EDGE_CURVE('',#9281,#7055,#9290,.T.);
#9290 = LINE('',#9291,#9292);
#9291 = CARTESIAN_POINT('',(2.164188140216,0.204576011159,59.7613616));
#9292 = VECTOR('',#9293,1.);
#9293 = DIRECTION('',(9.410831331851E-02,-0.995561964603,0.));
#9294 = ORIENTED_EDGE('',*,*,#7063,.T.);
#9295 = ORIENTED_EDGE('',*,*,#9264,.F.);
#9296 = PLANE('',#9297);
#9297 = AXIS2_PLACEMENT_3D('',#9298,#9299,#9300);
#9298 = CARTESIAN_POINT('',(2.164188140216,0.204576011159,59.7613616));
#9299 = DIRECTION('',(-1.848579356307E-02,-1.747421973145E-03,
    -0.999827596115));
#9300 = DIRECTION('',(-0.995390325852,-9.409208867967E-02,
    1.856819989145E-02));
#9301 = ADVANCED_FACE('',(#9302),#9321,.F.);
#9302 = FACE_BOUND('',#9303,.F.);
#9303 = EDGE_LOOP('',(#9304,#9313,#9319,#9320));
#9304 = ORIENTED_EDGE('',*,*,#9305,.F.);
#9305 = EDGE_CURVE('',#9306,#9281,#9308,.T.);
#9306 = VERTEX_POINT('',#9307);
#9307 = CARTESIAN_POINT('',(5.322438765243,-25.65368678358,59.6934159));
#9308 = ELLIPSE('',#9309,26.319444042251,26.2);
#9309 = AXIS2_PLACEMENT_3D('',#9310,#9311,#9312);
#9310 = CARTESIAN_POINT('',(0.,0.,59.96917221694));
#9311 = DIRECTION('',(-9.474011140908E-02,-8.955577257184E-03,
    -0.995461756637));
#9312 = DIRECTION('',(-0.991043862124,-9.368122689016E-02,
    9.516244571161E-02));
#9313 = ORIENTED_EDGE('',*,*,#9314,.T.);
#9314 = EDGE_CURVE('',#9306,#7046,#9315,.T.);
#9315 = LINE('',#9316,#9317);
#9316 = CARTESIAN_POINT('',(2.871790476823,0.271464125375,59.6934159));
#9317 = VECTOR('',#9318,1.);
#9318 = DIRECTION('',(9.410831331851E-02,-0.995561964603,0.));
#9319 = ORIENTED_EDGE('',*,*,#7054,.T.);
#9320 = ORIENTED_EDGE('',*,*,#9289,.F.);
#9321 = PLANE('',#9322);
#9322 = AXIS2_PLACEMENT_3D('',#9323,#9324,#9325);
#9323 = CARTESIAN_POINT('',(2.871790476823,0.271464125375,59.6934159));
#9324 = DIRECTION('',(-9.474011140908E-02,-8.955577257184E-03,
    -0.995461756637));
#9325 = DIRECTION('',(-0.991043862124,-9.368122689016E-02,
    9.516244571161E-02));
#9326 = ADVANCED_FACE('',(#9327),#9346,.F.);
#9327 = FACE_BOUND('',#9328,.F.);
#9328 = EDGE_LOOP('',(#9329,#9338,#9344,#9345));
#9329 = ORIENTED_EDGE('',*,*,#9330,.F.);
#9330 = EDGE_CURVE('',#9331,#9306,#9333,.T.);
#9331 = VERTEX_POINT('',#9332);
#9332 = CARTESIAN_POINT('',(5.602669279932,-25.59394649013,59.5525547));
#9333 = ELLIPSE('',#9334,29.233315219583,26.2);
#9334 = AXIS2_PLACEMENT_3D('',#9335,#9336,#9337);
#9335 = CARTESIAN_POINT('',(0.,0.,61.121084349493));
#9336 = DIRECTION('',(-0.441605450368,-4.174400546024E-02,
    -0.896237727511));
#9337 = DIRECTION('',(-0.892260192752,-8.434342086844E-02,0.443574047693
    ));
#9338 = ORIENTED_EDGE('',*,*,#9339,.T.);
#9339 = EDGE_CURVE('',#9331,#7037,#9340,.T.);
#9340 = LINE('',#9341,#9342);
#9341 = CARTESIAN_POINT('',(3.155136272451,0.29824818891,59.5525547));
#9342 = VECTOR('',#9343,1.);
#9343 = DIRECTION('',(9.410831331851E-02,-0.995561964603,0.));
#9344 = ORIENTED_EDGE('',*,*,#7045,.T.);
#9345 = ORIENTED_EDGE('',*,*,#9314,.F.);
#9346 = PLANE('',#9347);
#9347 = AXIS2_PLACEMENT_3D('',#9348,#9349,#9350);
#9348 = CARTESIAN_POINT('',(3.155136272451,0.29824818891,59.5525547));
#9349 = DIRECTION('',(-0.441605450368,-4.174400546024E-02,
    -0.896237727511));
#9350 = DIRECTION('',(-0.892260192752,-8.434342086844E-02,0.443574047693
    ));
#9351 = ADVANCED_FACE('',(#9352),#9371,.F.);
#9352 = FACE_BOUND('',#9353,.F.);
#9353 = EDGE_LOOP('',(#9354,#9363,#9369,#9370));
#9354 = ORIENTED_EDGE('',*,*,#9355,.F.);
#9355 = EDGE_CURVE('',#9356,#9331,#9358,.T.);
#9356 = VERTEX_POINT('',#9357);
#9357 = CARTESIAN_POINT('',(5.735970283696,-25.56440190782,59.3096118));
#9358 = ELLIPSE('',#9359,53.790491475802,26.2);
#9359 = AXIS2_PLACEMENT_3D('',#9360,#9361,#9362);
#9360 = CARTESIAN_POINT('',(0.,0.,65.235159254039));
#9361 = DIRECTION('',(-0.869484180144,-8.219045379371E-02,
    -0.487074932412));
#9362 = DIRECTION('',(-0.484913276621,-4.583780034905E-02,0.873360183553
    ));
#9363 = ORIENTED_EDGE('',*,*,#9364,.T.);
#9364 = EDGE_CURVE('',#9356,#7028,#9365,.T.);
#9365 = LINE('',#9366,#9367);
#9366 = CARTESIAN_POINT('',(3.290024763922,0.31099890546,59.3096118));
#9367 = VECTOR('',#9368,1.);
#9368 = DIRECTION('',(9.410831331851E-02,-0.995561964603,0.));
#9369 = ORIENTED_EDGE('',*,*,#7036,.T.);
#9370 = ORIENTED_EDGE('',*,*,#9339,.F.);
#9371 = PLANE('',#9372);
#9372 = AXIS2_PLACEMENT_3D('',#9373,#9374,#9375);
#9373 = CARTESIAN_POINT('',(3.290024763922,0.31099890546,59.3096118));
#9374 = DIRECTION('',(-0.869484180144,-8.219045379371E-02,
    -0.487074932412));
#9375 = DIRECTION('',(-0.484913276621,-4.583780034905E-02,0.873360183553
    ));
#9376 = ADVANCED_FACE('',(#9377),#9396,.F.);
#9377 = FACE_BOUND('',#9378,.F.);
#9378 = EDGE_LOOP('',(#9379,#9388,#9394,#9395));
#9379 = ORIENTED_EDGE('',*,*,#9380,.F.);
#9380 = EDGE_CURVE('',#9381,#9356,#9383,.T.);
#9381 = VERTEX_POINT('',#9382);
#9382 = CARTESIAN_POINT('',(5.783762419353,-25.55363168468,59.0333863));
#9383 = ELLIPSE('',#9384,151.2182945679,26.2);
#9384 = AXIS2_PLACEMENT_3D('',#9385,#9386,#9387);
#9385 = CARTESIAN_POINT('',(0.,0.,78.094800619989));
#9386 = DIRECTION('',(-0.980505299892,-9.268503945858E-02,-0.17325945961
    ));
#9387 = DIRECTION('',(-0.172490527996,-1.630515551039E-02,0.984876215397
    ));
#9388 = ORIENTED_EDGE('',*,*,#9389,.T.);
#9389 = EDGE_CURVE('',#9381,#7019,#9390,.T.);
#9390 = LINE('',#9391,#9392);
#9391 = CARTESIAN_POINT('',(3.338402703805,0.315571967194,59.0333863));
#9392 = VECTOR('',#9393,1.);
#9393 = DIRECTION('',(9.410831331851E-02,-0.995561964603,0.));
#9394 = ORIENTED_EDGE('',*,*,#7027,.T.);
#9395 = ORIENTED_EDGE('',*,*,#9364,.F.);
#9396 = PLANE('',#9397);
#9397 = AXIS2_PLACEMENT_3D('',#9398,#9399,#9400);
#9398 = CARTESIAN_POINT('',(3.338402703805,0.315571967194,59.0333863));
#9399 = DIRECTION('',(-0.980505299892,-9.268503945858E-02,-0.17325945961
    ));
#9400 = DIRECTION('',(-0.172490527996,-1.630515551039E-02,0.984876215397
    ));
#9401 = ADVANCED_FACE('',(#9402),#9421,.F.);
#9402 = FACE_BOUND('',#9403,.F.);
#9403 = EDGE_LOOP('',(#9404,#9413,#9419,#9420));
#9404 = ORIENTED_EDGE('',*,*,#9405,.F.);
#9405 = EDGE_CURVE('',#9406,#9381,#9408,.T.);
#9406 = VERTEX_POINT('',#9407);
#9407 = CARTESIAN_POINT('',(5.692095577913,-25.57420669213,58.6930805));
#9408 = ELLIPSE('',#9409,99.191877866947,26.2);
#9409 = AXIS2_PLACEMENT_3D('',#9410,#9411,#9412);
#9410 = CARTESIAN_POINT('',(0.,0.,46.788884828791));
#9411 = DIRECTION('',(-0.960205425297,-9.07661363399E-02,0.264134529595)
  );
#9412 = DIRECTION('',(0.262962291203,2.485725506934E-02,0.964485847629)
  );
#9413 = ORIENTED_EDGE('',*,*,#9414,.T.);
#9414 = EDGE_CURVE('',#9406,#7010,#9415,.T.);
#9415 = LINE('',#9416,#9417);
#9416 = CARTESIAN_POINT('',(3.245620012284,0.306801420593,58.6930805));
#9417 = VECTOR('',#9418,1.);
#9418 = DIRECTION('',(9.410831331851E-02,-0.995561964603,0.));
#9419 = ORIENTED_EDGE('',*,*,#7018,.T.);
#9420 = ORIENTED_EDGE('',*,*,#9389,.F.);
#9421 = PLANE('',#9422);
#9422 = AXIS2_PLACEMENT_3D('',#9423,#9424,#9425);
#9423 = CARTESIAN_POINT('',(3.245620012284,0.306801420593,58.6930805));
#9424 = DIRECTION('',(-0.960205425297,-9.07661363399E-02,0.264134529595)
  );
#9425 = DIRECTION('',(0.262962291203,2.485725506934E-02,0.964485847629)
  );
#9426 = ADVANCED_FACE('',(#9427),#9446,.F.);
#9427 = FACE_BOUND('',#9428,.F.);
#9428 = EDGE_LOOP('',(#9429,#9438,#9444,#9445));
#9429 = ORIENTED_EDGE('',*,*,#9430,.F.);
#9430 = EDGE_CURVE('',#9431,#9406,#9433,.T.);
#9431 = VERTEX_POINT('',#9432);
#9432 = CARTESIAN_POINT('',(5.387660431987,-25.6400685465,58.4205698));
#9433 = ELLIPSE('',#9434,34.919297493058,26.2);
#9434 = AXIS2_PLACEMENT_3D('',#9435,#9436,#9437);
#9435 = CARTESIAN_POINT('',(0.,0.,55.820593910258));
#9436 = DIRECTION('',(-0.658161876862,-6.221461478463E-02,0.750301463115
    ));
#9437 = DIRECTION('',(0.746971598664,7.060960517419E-02,0.661095843617)
  );
#9438 = ORIENTED_EDGE('',*,*,#9439,.T.);
#9439 = EDGE_CURVE('',#9431,#7001,#9440,.T.);
#9440 = LINE('',#9441,#9442);
#9441 = CARTESIAN_POINT('',(2.937710417635,0.277695394412,58.4205698));
#9442 = VECTOR('',#9443,1.);
#9443 = DIRECTION('',(9.410831331851E-02,-0.995561964603,0.));
#9444 = ORIENTED_EDGE('',*,*,#7009,.T.);
#9445 = ORIENTED_EDGE('',*,*,#9414,.F.);
#9446 = PLANE('',#9447);
#9447 = AXIS2_PLACEMENT_3D('',#9448,#9449,#9450);
#9448 = CARTESIAN_POINT('',(2.937710417635,0.277695394412,58.4205698));
#9449 = DIRECTION('',(-0.658161876862,-6.221461478463E-02,0.750301463115
    ));
#9450 = DIRECTION('',(0.746971598664,7.060960517419E-02,0.661095843617)
  );
#9451 = ADVANCED_FACE('',(#9452),#9471,.F.);
#9452 = FACE_BOUND('',#9453,.F.);
#9453 = EDGE_LOOP('',(#9454,#9463,#9469,#9470));
#9454 = ORIENTED_EDGE('',*,*,#9455,.F.);
#9455 = EDGE_CURVE('',#9456,#9431,#9458,.T.);
#9456 = VERTEX_POINT('',#9457);
#9457 = CARTESIAN_POINT('',(4.881885109354,-25.74115766198,58.3572927));
#9458 = ELLIPSE('',#9459,26.398523962051,26.2);
#9459 = AXIS2_PLACEMENT_3D('',#9460,#9461,#9462);
#9460 = CARTESIAN_POINT('',(0.,0.,58.056627411047));
#9461 = DIRECTION('',(-0.121865814936,-1.151971118077E-02,0.99247973249)
  );
#9462 = DIRECTION('',(0.988075072307,9.340059362749E-02,0.122409070724)
  );
#9463 = ORIENTED_EDGE('',*,*,#9464,.T.);
#9464 = EDGE_CURVE('',#9456,#6992,#9465,.T.);
#9465 = LINE('',#9466,#9467);
#9466 = CARTESIAN_POINT('',(2.426943325067,0.229413688914,58.3572927));
#9467 = VECTOR('',#9468,1.);
#9468 = DIRECTION('',(9.410831331851E-02,-0.995561964603,0.));
#9469 = ORIENTED_EDGE('',*,*,#7000,.T.);
#9470 = ORIENTED_EDGE('',*,*,#9439,.F.);
#9471 = PLANE('',#9472);
#9472 = AXIS2_PLACEMENT_3D('',#9473,#9474,#9475);
#9473 = CARTESIAN_POINT('',(2.426943325067,0.229413688914,58.3572927));
#9474 = DIRECTION('',(-0.121865814936,-1.151971118077E-02,0.99247973249)
  );
#9475 = DIRECTION('',(0.988075072307,9.340059362749E-02,0.122409070724)
  );
#9476 = ADVANCED_FACE('',(#9477),#9496,.F.);
#9477 = FACE_BOUND('',#9478,.F.);
#9478 = EDGE_LOOP('',(#9479,#9488,#9494,#9495));
#9479 = ORIENTED_EDGE('',*,*,#9480,.F.);
#9480 = EDGE_CURVE('',#9481,#9456,#9483,.T.);
#9481 = VERTEX_POINT('',#9482);
#9482 = CARTESIAN_POINT('',(-2.687654197159,-26.06178265039,58.2689407)
  );
#9483 = ELLIPSE('',#9484,26.201786252862,26.2);
#9484 = AXIS2_PLACEMENT_3D('',#9485,#9486,#9487);
#9485 = CARTESIAN_POINT('',(0.,0.,58.328826167985));
#9486 = DIRECTION('',(-1.16247042076E-02,-1.098858076845E-03,
    0.999931827058));
#9487 = DIRECTION('',(0.995494094215,9.41018976779E-02,
    1.167652503904E-02));
#9488 = ORIENTED_EDGE('',*,*,#9489,.T.);
#9489 = EDGE_CURVE('',#9481,#6983,#9490,.T.);
#9490 = LINE('',#9491,#9492);
#9491 = CARTESIAN_POINT('',(-5.105596871437,-0.482620999133,58.2689407)
  );
#9492 = VECTOR('',#9493,1.);
#9493 = DIRECTION('',(9.410831331851E-02,-0.995561964603,0.));
#9494 = ORIENTED_EDGE('',*,*,#6991,.T.);
#9495 = ORIENTED_EDGE('',*,*,#9464,.F.);
#9496 = PLANE('',#9497);
#9497 = AXIS2_PLACEMENT_3D('',#9498,#9499,#9500);
#9498 = CARTESIAN_POINT('',(-5.105596871437,-0.482620999133,58.2689407)
  );
#9499 = DIRECTION('',(-1.16247042076E-02,-1.098858076845E-03,
    0.999931827058));
#9500 = DIRECTION('',(0.995494094215,9.41018976779E-02,
    1.167652503904E-02));
#9501 = ADVANCED_FACE('',(#9502),#9521,.F.);
#9502 = FACE_BOUND('',#9503,.F.);
#9503 = EDGE_LOOP('',(#9504,#9513,#9519,#9520));
#9504 = ORIENTED_EDGE('',*,*,#9505,.F.);
#9505 = EDGE_CURVE('',#9506,#9481,#9508,.T.);
#9506 = VERTEX_POINT('',#9507);
#9507 = CARTESIAN_POINT('',(-2.940132653006,-26.03450825313,57.9810437)
  );
#9508 = ELLIPSE('',#9509,40.070353891973,26.2);
#9509 = AXIS2_PLACEMENT_3D('',#9510,#9511,#9512);
#9510 = CARTESIAN_POINT('',(0.,0.,64.203388979762));
#9511 = DIRECTION('',(-0.753266292514,-7.120462893181E-02,0.653849977733
    ));
#9512 = DIRECTION('',(0.650948168387,6.153271856775E-02,0.756624217574)
  );
#9513 = ORIENTED_EDGE('',*,*,#9514,.T.);
#9514 = EDGE_CURVE('',#9506,#6974,#9515,.T.);
#9515 = LINE('',#9516,#9517);
#9516 = CARTESIAN_POINT('',(-5.353283927285,-0.506034319333,57.9810437)
  );
#9517 = VECTOR('',#9518,1.);
#9518 = DIRECTION('',(9.410831331851E-02,-0.995561964603,0.));
#9519 = ORIENTED_EDGE('',*,*,#6982,.T.);
#9520 = ORIENTED_EDGE('',*,*,#9489,.F.);
#9521 = PLANE('',#9522);
#9522 = AXIS2_PLACEMENT_3D('',#9523,#9524,#9525);
#9523 = CARTESIAN_POINT('',(-5.353283927285,-0.506034319333,57.9810437)
  );
#9524 = DIRECTION('',(-0.753266292514,-7.120462893181E-02,0.653849977733
    ));
#9525 = DIRECTION('',(0.650948168387,6.153271856775E-02,0.756624217574)
  );
#9526 = ADVANCED_FACE('',(#9527),#9546,.F.);
#9527 = FACE_BOUND('',#9528,.F.);
#9528 = EDGE_LOOP('',(#9529,#9538,#9544,#9545));
#9529 = ORIENTED_EDGE('',*,*,#9530,.F.);
#9530 = EDGE_CURVE('',#9531,#9506,#9533,.T.);
#9531 = VERTEX_POINT('',#9532);
#9532 = CARTESIAN_POINT('',(-3.05769027213,-26.02096328347,57.7216101));
#9533 = ELLIPSE('',#9534,64.297248558854,26.2);
#9534 = AXIS2_PLACEMENT_3D('',#9535,#9536,#9537);
#9535 = CARTESIAN_POINT('',(0.,0.,70.031824422984));
#9536 = DIRECTION('',(-0.909160168868,-8.594093895766E-02,0.40748244423)
  );
#9537 = DIRECTION('',(0.405674022718,3.834748553335E-02,0.913213040667)
  );
#9538 = ORIENTED_EDGE('',*,*,#9539,.T.);
#9539 = EDGE_CURVE('',#9531,#6965,#9540,.T.);
#9540 = LINE('',#9541,#9542);
#9541 = CARTESIAN_POINT('',(-5.468531374982,-0.516928410613,57.7216101)
  );
#9542 = VECTOR('',#9543,1.);
#9543 = DIRECTION('',(9.410831331851E-02,-0.995561964603,0.));
#9544 = ORIENTED_EDGE('',*,*,#6973,.T.);
#9545 = ORIENTED_EDGE('',*,*,#9514,.F.);
#9546 = PLANE('',#9547);
#9547 = AXIS2_PLACEMENT_3D('',#9548,#9549,#9550);
#9548 = CARTESIAN_POINT('',(-5.468531374982,-0.516928410613,57.7216101)
  );
#9549 = DIRECTION('',(-0.909160168868,-8.594093895766E-02,0.40748244423)
  );
#9550 = DIRECTION('',(0.405674022718,3.834748553335E-02,0.913213040667)
  );
#9551 = ADVANCED_FACE('',(#9552),#9571,.F.);
#9552 = FACE_BOUND('',#9553,.F.);
#9553 = EDGE_LOOP('',(#9554,#9563,#9569,#9570));
#9554 = ORIENTED_EDGE('',*,*,#9555,.F.);
#9555 = EDGE_CURVE('',#9556,#9531,#9558,.T.);
#9556 = VERTEX_POINT('',#9557);
#9557 = CARTESIAN_POINT('',(-3.070234147829,-26.01948620318,57.3466161)
  );
#9558 = ELLIPSE('',#9559,796.01665457482,26.2);
#9559 = AXIS2_PLACEMENT_3D('',#9560,#9561,#9562);
#9560 = CARTESIAN_POINT('',(0.,0.,224.51848399024));
#9561 = DIRECTION('',(-0.995022560504,-9.405732461888E-02,
    3.291388421263E-02));
#9562 = DIRECTION('',(3.276781122944E-02,3.097470128011E-03,
    0.999458191335));
#9563 = ORIENTED_EDGE('',*,*,#9564,.T.);
#9564 = EDGE_CURVE('',#9556,#6956,#9565,.T.);
#9565 = LINE('',#9566,#9567);
#9566 = CARTESIAN_POINT('',(-5.480825768795,-0.518090572996,57.3466161)
  );
#9567 = VECTOR('',#9568,1.);
#9568 = DIRECTION('',(9.410831331851E-02,-0.995561964603,0.));
#9569 = ORIENTED_EDGE('',*,*,#6964,.T.);
#9570 = ORIENTED_EDGE('',*,*,#9539,.F.);
#9571 = PLANE('',#9572);
#9572 = AXIS2_PLACEMENT_3D('',#9573,#9574,#9575);
#9573 = CARTESIAN_POINT('',(-5.480825768795,-0.518090572996,57.3466161)
  );
#9574 = DIRECTION('',(-0.995022560504,-9.405732461888E-02,
    3.291388421263E-02));
#9575 = DIRECTION('',(3.276781122944E-02,3.097470128011E-03,
    0.999458191335));
#9576 = ADVANCED_FACE('',(#9577),#9596,.F.);
#9577 = FACE_BOUND('',#9578,.F.);
#9578 = EDGE_LOOP('',(#9579,#9588,#9594,#9595));
#9579 = ORIENTED_EDGE('',*,*,#9580,.F.);
#9580 = EDGE_CURVE('',#9581,#9556,#9583,.T.);
#9581 = VERTEX_POINT('',#9582);
#9582 = CARTESIAN_POINT('',(-2.969899539689,-26.03112937857,57.0917507)
  );
#9583 = ELLIPSE('',#9584,72.490463737978,26.2);
#9584 = AXIS2_PLACEMENT_3D('',#9585,#9586,#9587);
#9585 = CARTESIAN_POINT('',(0.,0.,43.144280536433));
#9586 = DIRECTION('',(-0.928262441191,-8.774663533102E-02,
    -0.361426850499));
#9587 = DIRECTION('',(-0.359822825343,-3.401327128845E-02,0.93240046747)
  );
#9588 = ORIENTED_EDGE('',*,*,#9589,.T.);
#9589 = EDGE_CURVE('',#9581,#6947,#9590,.T.);
#9590 = LINE('',#9591,#9592);
#9591 = CARTESIAN_POINT('',(-5.382470618289,-0.508793273933,57.0917507)
  );
#9592 = VECTOR('',#9593,1.);
#9593 = DIRECTION('',(9.410831331851E-02,-0.995561964603,0.));
#9594 = ORIENTED_EDGE('',*,*,#6955,.T.);
#9595 = ORIENTED_EDGE('',*,*,#9564,.F.);
#9596 = PLANE('',#9597);
#9597 = AXIS2_PLACEMENT_3D('',#9598,#9599,#9600);
#9598 = CARTESIAN_POINT('',(-5.382470618289,-0.508793273933,57.0917507)
  );
#9599 = DIRECTION('',(-0.928262441191,-8.774663533102E-02,
    -0.361426850499));
#9600 = DIRECTION('',(-0.359822825343,-3.401327128845E-02,0.93240046747)
  );
#9601 = ADVANCED_FACE('',(#9602),#9621,.F.);
#9602 = FACE_BOUND('',#9603,.F.);
#9603 = EDGE_LOOP('',(#9604,#9613,#9619,#9620));
#9604 = ORIENTED_EDGE('',*,*,#9605,.F.);
#9605 = EDGE_CURVE('',#9606,#9581,#9608,.T.);
#9606 = VERTEX_POINT('',#9607);
#9607 = CARTESIAN_POINT('',(-2.691982446087,-26.06133593102,56.8602032)
  );
#9608 = ELLIPSE('',#9609,34.310622866815,26.2);
#9609 = AXIS2_PLACEMENT_3D('',#9610,#9611,#9612);
#9610 = CARTESIAN_POINT('',(0.,0.,52.520289943126));
#9611 = DIRECTION('',(-0.642809977916,-6.076343307277E-02,
    -0.763611902404));
#9612 = DIRECTION('',(-0.760222965752,-7.18622281652E-02,0.645675508678)
  );
#9613 = ORIENTED_EDGE('',*,*,#9614,.T.);
#9614 = EDGE_CURVE('',#9606,#6938,#9615,.T.);
#9615 = LINE('',#9616,#9617);
#9616 = CARTESIAN_POINT('',(-5.10984493434,-0.483022559306,56.8602032));
#9617 = VECTOR('',#9618,1.);
#9618 = DIRECTION('',(9.410831331851E-02,-0.995561964603,0.));
#9619 = ORIENTED_EDGE('',*,*,#6946,.T.);
#9620 = ORIENTED_EDGE('',*,*,#9589,.F.);
#9621 = PLANE('',#9622);
#9622 = AXIS2_PLACEMENT_3D('',#9623,#9624,#9625);
#9623 = CARTESIAN_POINT('',(-5.10984493434,-0.483022559306,56.8602032));
#9624 = DIRECTION('',(-0.642809977916,-6.076343307277E-02,
    -0.763611902404));
#9625 = DIRECTION('',(-0.760222965752,-7.18622281652E-02,0.645675508678)
  );
#9626 = ADVANCED_FACE('',(#9627),#9646,.F.);
#9627 = FACE_BOUND('',#9628,.F.);
#9628 = EDGE_LOOP('',(#9629,#9638,#9644,#9645));
#9629 = ORIENTED_EDGE('',*,*,#9630,.F.);
#9630 = EDGE_CURVE('',#9631,#9606,#9633,.T.);
#9631 = VERTEX_POINT('',#9632);
#9632 = CARTESIAN_POINT('',(-2.102780405449,-26.11548036254,56.7863841)
  );
#9633 = ELLIPSE('',#9634,26.410272502334,26.2);
#9634 = AXIS2_PLACEMENT_3D('',#9635,#9636,#9637);
#9635 = CARTESIAN_POINT('',(0.,0.,56.208627842738));
#9636 = DIRECTION('',(-0.12537817123,-1.185172660355E-02,-0.992038230491
    ));
#9637 = DIRECTION('',(-0.987635529709,-9.335904461899E-02,0.125937084468
    ));
#9638 = ORIENTED_EDGE('',*,*,#9639,.T.);
#9639 = EDGE_CURVE('',#9631,#6929,#9640,.T.);
#9640 = LINE('',#9641,#9642);
#9641 = CARTESIAN_POINT('',(-4.530933915088,-0.42829935621,56.7863841));
#9642 = VECTOR('',#9643,1.);
#9643 = DIRECTION('',(9.410831331851E-02,-0.995561964603,0.));
#9644 = ORIENTED_EDGE('',*,*,#6937,.T.);
#9645 = ORIENTED_EDGE('',*,*,#9614,.F.);
#9646 = PLANE('',#9647);
#9647 = AXIS2_PLACEMENT_3D('',#9648,#9649,#9650);
#9648 = CARTESIAN_POINT('',(-4.530933915088,-0.42829935621,56.7863841));
#9649 = DIRECTION('',(-0.12537817123,-1.185172660355E-02,-0.992038230491
    ));
#9650 = DIRECTION('',(-0.987635529709,-9.335904461899E-02,0.125937084468
    ));
#9651 = ADVANCED_FACE('',(#9652),#9671,.F.);
#9652 = FACE_BOUND('',#9653,.F.);
#9653 = EDGE_LOOP('',(#9654,#9663,#9669,#9670));
#9654 = ORIENTED_EDGE('',*,*,#9655,.F.);
#9655 = EDGE_CURVE('',#9656,#9631,#9658,.T.);
#9656 = VERTEX_POINT('',#9657);
#9657 = CARTESIAN_POINT('',(4.377186624327,-25.83176798548,56.6697946));
#9658 = ELLIPSE('',#9659,26.204243120879,26.2);
#9659 = AXIS2_PLACEMENT_3D('',#9660,#9661,#9662);
#9660 = CARTESIAN_POINT('',(0.,0.,56.704472752764));
#9661 = DIRECTION('',(-1.791523892298E-02,-1.693488680447E-03,
    -0.999838075045));
#9662 = DIRECTION('',(-0.995400758277,-9.409307483415E-02,
    1.799510182183E-02));
#9663 = ORIENTED_EDGE('',*,*,#9664,.T.);
#9664 = EDGE_CURVE('',#9656,#6920,#9665,.T.);
#9665 = LINE('',#9666,#9667);
#9666 = CARTESIAN_POINT('',(1.918225298135,0.181325677146,56.6697946));
#9667 = VECTOR('',#9668,1.);
#9668 = DIRECTION('',(9.410831331851E-02,-0.995561964603,0.));
#9669 = ORIENTED_EDGE('',*,*,#6928,.T.);
#9670 = ORIENTED_EDGE('',*,*,#9639,.F.);
#9671 = PLANE('',#9672);
#9672 = AXIS2_PLACEMENT_3D('',#9673,#9674,#9675);
#9673 = CARTESIAN_POINT('',(1.918225298135,0.181325677146,56.6697946));
#9674 = DIRECTION('',(-1.791523892298E-02,-1.693488680447E-03,
    -0.999838075045));
#9675 = DIRECTION('',(-0.995400758277,-9.409307483415E-02,
    1.799510182183E-02));
#9676 = ADVANCED_FACE('',(#9677),#9696,.F.);
#9677 = FACE_BOUND('',#9678,.F.);
#9678 = EDGE_LOOP('',(#9679,#9688,#9694,#9695));
#9679 = ORIENTED_EDGE('',*,*,#9680,.F.);
#9680 = EDGE_CURVE('',#9681,#9656,#9683,.T.);
#9681 = VERTEX_POINT('',#9682);
#9682 = CARTESIAN_POINT('',(4.579199565608,-25.79672326746,56.4576745));
#9683 = ELLIPSE('',#9684,37.757226703045,26.2);
#9684 = AXIS2_PLACEMENT_3D('',#9685,#9686,#9687);
#9685 = CARTESIAN_POINT('',(0.,0.,58.669203656532));
#9686 = DIRECTION('',(-0.716869059778,-6.776407746039E-02,
    -0.693906896448));
#9687 = DIRECTION('',(-0.69082731308,-6.530240762482E-02,0.72006473255)
  );
#9688 = ORIENTED_EDGE('',*,*,#9689,.T.);
#9689 = EDGE_CURVE('',#9681,#6911,#9690,.T.);
#9690 = LINE('',#9691,#9692);
#9691 = CARTESIAN_POINT('',(2.121732499792,0.200562771548,56.4576745));
#9692 = VECTOR('',#9693,1.);
#9693 = DIRECTION('',(9.410831331851E-02,-0.995561964603,0.));
#9694 = ORIENTED_EDGE('',*,*,#6919,.T.);
#9695 = ORIENTED_EDGE('',*,*,#9664,.F.);
#9696 = PLANE('',#9697);
#9697 = AXIS2_PLACEMENT_3D('',#9698,#9699,#9700);
#9698 = CARTESIAN_POINT('',(2.121732499792,0.200562771548,56.4576745));
#9699 = DIRECTION('',(-0.716869059778,-6.776407746039E-02,
    -0.693906896448));
#9700 = DIRECTION('',(-0.69082731308,-6.530240762482E-02,0.72006473255)
  );
#9701 = ADVANCED_FACE('',(#9702),#9721,.F.);
#9702 = FACE_BOUND('',#9703,.F.);
#9703 = EDGE_LOOP('',(#9704,#9713,#9719,#9720));
#9704 = ORIENTED_EDGE('',*,*,#9705,.F.);
#9705 = EDGE_CURVE('',#9706,#9681,#9708,.T.);
#9706 = VERTEX_POINT('',#9707);
#9707 = CARTESIAN_POINT('',(4.69112940765,-25.77660382751,56.0283641));
#9708 = ELLIPSE('',#9709,102.65226891991,26.2);
#9709 = AXIS2_PLACEMENT_3D('',#9710,#9711,#9712);
#9710 = CARTESIAN_POINT('',(0.,0.,64.531182239358));
#9711 = DIRECTION('',(-0.962589162056,-9.099146580585E-02,
    -0.255230598171));
#9712 = DIRECTION('',(-0.254097875742,-2.401932110111E-02,0.966880210656
    ));
#9713 = ORIENTED_EDGE('',*,*,#9714,.T.);
#9714 = EDGE_CURVE('',#9706,#6902,#9715,.T.);
#9715 = LINE('',#9716,#9717);
#9716 = CARTESIAN_POINT('',(2.234556052774,0.211227737317,56.0283641));
#9717 = VECTOR('',#9718,1.);
#9718 = DIRECTION('',(9.410831331851E-02,-0.995561964603,0.));
#9719 = ORIENTED_EDGE('',*,*,#6910,.T.);
#9720 = ORIENTED_EDGE('',*,*,#9689,.F.);
#9721 = PLANE('',#9722);
#9722 = AXIS2_PLACEMENT_3D('',#9723,#9724,#9725);
#9723 = CARTESIAN_POINT('',(2.234556052774,0.211227737317,56.0283641));
#9724 = DIRECTION('',(-0.962589162056,-9.099146580585E-02,
    -0.255230598171));
#9725 = DIRECTION('',(-0.254097875742,-2.401932110111E-02,0.966880210656
    ));
#9726 = ADVANCED_FACE('',(#9727),#9746,.F.);
#9727 = FACE_BOUND('',#9728,.F.);
#9728 = EDGE_LOOP('',(#9729,#9738,#9744,#9745));
#9729 = ORIENTED_EDGE('',*,*,#9730,.F.);
#9730 = EDGE_CURVE('',#9731,#9706,#9733,.T.);
#9731 = VERTEX_POINT('',#9732);
#9732 = CARTESIAN_POINT('',(4.59898590559,-25.79320314812,55.602894));
#9733 = ELLIPSE('',#9734,122.32126378145,26.2);
#9734 = AXIS2_PLACEMENT_3D('',#9735,#9736,#9737);
#9735 = CARTESIAN_POINT('',(0.,0.,45.792471511273));
#9736 = DIRECTION('',(-0.972456963971,-9.192424771939E-02,0.214190069576
    ));
#9737 = DIRECTION('',(0.213239486466,2.015706617739E-02,0.976792001449)
  );
#9738 = ORIENTED_EDGE('',*,*,#9739,.T.);
#9739 = EDGE_CURVE('',#9731,#6893,#9740,.T.);
#9740 = LINE('',#9741,#9742);
#9741 = CARTESIAN_POINT('',(2.141673406831,0.202447742242,55.602894));
#9742 = VECTOR('',#9743,1.);
#9743 = DIRECTION('',(9.410831331851E-02,-0.995561964603,0.));
#9744 = ORIENTED_EDGE('',*,*,#6901,.T.);
#9745 = ORIENTED_EDGE('',*,*,#9714,.F.);
#9746 = PLANE('',#9747);
#9747 = AXIS2_PLACEMENT_3D('',#9748,#9749,#9750);
#9748 = CARTESIAN_POINT('',(2.141673406831,0.202447742242,55.602894));
#9749 = DIRECTION('',(-0.972456963971,-9.192424771939E-02,0.214190069576
    ));
#9750 = DIRECTION('',(0.213239486466,2.015706617739E-02,0.976792001449)
  );
#9751 = ADVANCED_FACE('',(#9752),#9771,.F.);
#9752 = FACE_BOUND('',#9753,.F.);
#9753 = EDGE_LOOP('',(#9754,#9763,#9769,#9770));
#9754 = ORIENTED_EDGE('',*,*,#9755,.F.);
#9755 = EDGE_CURVE('',#9756,#9731,#9758,.T.);
#9756 = VERTEX_POINT('',#9757);
#9757 = CARTESIAN_POINT('',(4.365771749352,-25.83369963889,55.3757139));
#9758 = ELLIPSE('',#9759,36.367343629969,26.2);
#9759 = AXIS2_PLACEMENT_3D('',#9760,#9761,#9762);
#9760 = CARTESIAN_POINT('',(0.,0.,53.531983805297));
#9761 = DIRECTION('',(-0.69045332481,-6.52670553248E-02,0.72042655264));
#9762 = DIRECTION('',(0.717229274098,6.779812773879E-02,0.693531241006)
  );
#9763 = ORIENTED_EDGE('',*,*,#9764,.T.);
#9764 = EDGE_CURVE('',#9756,#6884,#9765,.T.);
#9765 = LINE('',#9766,#9767);
#9766 = CARTESIAN_POINT('',(1.906730539692,0.18023910256,55.3757139));
#9767 = VECTOR('',#9768,1.);
#9768 = DIRECTION('',(9.410831331851E-02,-0.995561964603,0.));
#9769 = ORIENTED_EDGE('',*,*,#6892,.T.);
#9770 = ORIENTED_EDGE('',*,*,#9739,.F.);
#9771 = PLANE('',#9772);
#9772 = AXIS2_PLACEMENT_3D('',#9773,#9774,#9775);
#9773 = CARTESIAN_POINT('',(1.906730539692,0.18023910256,55.3757139));
#9774 = DIRECTION('',(-0.69045332481,-6.52670553248E-02,0.72042655264));
#9775 = DIRECTION('',(0.717229274098,6.779812773879E-02,0.693531241006)
  );
#9776 = ADVANCED_FACE('',(#9777),#9796,.F.);
#9777 = FACE_BOUND('',#9778,.F.);
#9778 = EDGE_LOOP('',(#9779,#9788,#9794,#9795));
#9779 = ORIENTED_EDGE('',*,*,#9780,.F.);
#9780 = EDGE_CURVE('',#9781,#9756,#9783,.T.);
#9781 = VERTEX_POINT('',#9782);
#9782 = CARTESIAN_POINT('',(3.280732850956,-25.99378371766,55.2699174));
#9783 = ELLIPSE('',#9784,26.321940285558,26.2);
#9784 = AXIS2_PLACEMENT_3D('',#9785,#9786,#9787);
#9785 = CARTESIAN_POINT('',(0.,0.,55.190717311417));
#9786 = DIRECTION('',(-9.571816873363E-02,-9.048030894842E-03,
    0.995367351942));
#9787 = DIRECTION('',(0.990949876401,9.367234262354E-02,
    9.614486303903E-02));
#9788 = ORIENTED_EDGE('',*,*,#9789,.T.);
#9789 = EDGE_CURVE('',#9781,#6875,#9790,.T.);
#9790 = LINE('',#9791,#9792);
#9791 = CARTESIAN_POINT('',(0.816302769712,7.716333040652E-02,55.2699174
    ));
#9792 = VECTOR('',#9793,1.);
#9793 = DIRECTION('',(9.410831331851E-02,-0.995561964603,0.));
#9794 = ORIENTED_EDGE('',*,*,#6883,.T.);
#9795 = ORIENTED_EDGE('',*,*,#9764,.F.);
#9796 = PLANE('',#9797);
#9797 = AXIS2_PLACEMENT_3D('',#9798,#9799,#9800);
#9798 = CARTESIAN_POINT('',(0.816302769712,7.716333040652E-02,55.2699174
    ));
#9799 = DIRECTION('',(-9.571816873363E-02,-9.048030894842E-03,
    0.995367351942));
#9800 = DIRECTION('',(0.990949876401,9.367234262354E-02,
    9.614486303903E-02));
#9801 = ADVANCED_FACE('',(#9802),#9821,.F.);
#9802 = FACE_BOUND('',#9803,.F.);
#9803 = EDGE_LOOP('',(#9804,#9813,#9819,#9820));
#9804 = ORIENTED_EDGE('',*,*,#9805,.F.);
#9805 = EDGE_CURVE('',#9806,#9781,#9808,.T.);
#9806 = VERTEX_POINT('',#9807);
#9807 = CARTESIAN_POINT('',(-0.382209022761,-26.19721199408,55.2375133)
  );
#9808 = ELLIPSE('',#9809,26.20102357135,26.2);
#9809 = AXIS2_PLACEMENT_3D('',#9810,#9811,#9812);
#9810 = CARTESIAN_POINT('',(0.,0.,55.262669526104));
#9811 = DIRECTION('',(-8.799925270416E-03,-8.318378503522E-04,
    0.999960933917));
#9812 = DIRECTION('',(0.995523071897,9.410463687538E-02,
    8.839153747627E-03));
#9813 = ORIENTED_EDGE('',*,*,#9814,.T.);
#9814 = EDGE_CURVE('',#9806,#6866,#9815,.T.);
#9815 = LINE('',#9816,#9817);
#9816 = CARTESIAN_POINT('',(-2.833258047433,-0.267821738395,55.2375133)
  );
#9817 = VECTOR('',#9818,1.);
#9818 = DIRECTION('',(9.410831331851E-02,-0.995561964603,0.));
#9819 = ORIENTED_EDGE('',*,*,#6874,.T.);
#9820 = ORIENTED_EDGE('',*,*,#9789,.F.);
#9821 = PLANE('',#9822);
#9822 = AXIS2_PLACEMENT_3D('',#9823,#9824,#9825);
#9823 = CARTESIAN_POINT('',(-2.833258047433,-0.267821738395,55.2375133)
  );
#9824 = DIRECTION('',(-8.799925270416E-03,-8.318378503522E-04,
    0.999960933917));
#9825 = DIRECTION('',(0.995523071897,9.410463687538E-02,
    8.839153747627E-03));
#9826 = ADVANCED_FACE('',(#9827),#9846,.F.);
#9827 = FACE_BOUND('',#9828,.F.);
#9828 = EDGE_LOOP('',(#9829,#9838,#9844,#9845));
#9829 = ORIENTED_EDGE('',*,*,#9830,.F.);
#9830 = EDGE_CURVE('',#9831,#9806,#9833,.T.);
#9831 = VERTEX_POINT('',#9832);
#9832 = CARTESIAN_POINT('',(-0.750172079756,-26.18925813861,54.7870185)
  );
#9833 = ELLIPSE('',#9834,41.578725012839,26.2);
#9834 = AXIS2_PLACEMENT_3D('',#9835,#9836,#9837);
#9835 = CARTESIAN_POINT('',(0.,0.,58.744413500041));
#9836 = DIRECTION('',(-0.773043604355,-7.307413532671E-02,0.630129952083
    ));
#9837 = DIRECTION('',(0.627333413051,5.930046696198E-02,0.776489693099)
  );
#9838 = ORIENTED_EDGE('',*,*,#9839,.T.);
#9839 = EDGE_CURVE('',#9831,#6857,#9840,.T.);
#9840 = LINE('',#9841,#9842);
#9841 = CARTESIAN_POINT('',(-3.197217083795,-0.302225996741,54.7870185)
  );
#9842 = VECTOR('',#9843,1.);
#9843 = DIRECTION('',(9.410831331851E-02,-0.995561964603,0.));
#9844 = ORIENTED_EDGE('',*,*,#6865,.T.);
#9845 = ORIENTED_EDGE('',*,*,#9814,.F.);
#9846 = PLANE('',#9847);
#9847 = AXIS2_PLACEMENT_3D('',#9848,#9849,#9850);
#9848 = CARTESIAN_POINT('',(-3.197217083795,-0.302225996741,54.7870185)
  );
#9849 = DIRECTION('',(-0.773043604355,-7.307413532671E-02,0.630129952083
    ));
#9850 = DIRECTION('',(0.627333413051,5.930046696198E-02,0.776489693099)
  );
#9851 = ADVANCED_FACE('',(#9852),#9871,.F.);
#9852 = FACE_BOUND('',#9853,.F.);
#9853 = EDGE_LOOP('',(#9854,#9863,#9869,#9870));
#9854 = ORIENTED_EDGE('',*,*,#9855,.F.);
#9855 = EDGE_CURVE('',#9856,#9831,#9858,.T.);
#9856 = VERTEX_POINT('',#9857);
#9857 = CARTESIAN_POINT('',(-0.808803419945,-26.18751299814,54.4858436)
  );
#9858 = ELLIPSE('',#9859,138.07295698221,26.2);
#9859 = AXIS2_PLACEMENT_3D('',#9860,#9861,#9862);
#9860 = CARTESIAN_POINT('',(0.,0.,71.403846844243));
#9861 = DIRECTION('',(-0.977474116773,-9.239850829247E-02,0.1897547541)
  );
#9862 = DIRECTION('',(0.188912615784,1.785749985251E-02,0.981831519812)
  );
#9863 = ORIENTED_EDGE('',*,*,#9864,.T.);
#9864 = EDGE_CURVE('',#9856,#6848,#9865,.T.);
#9865 = LINE('',#9866,#9867);
#9866 = CARTESIAN_POINT('',(-3.255165659513,-0.307703749923,54.4858436)
  );
#9867 = VECTOR('',#9868,1.);
#9868 = DIRECTION('',(9.410831331851E-02,-0.995561964603,0.));
#9869 = ORIENTED_EDGE('',*,*,#6856,.T.);
#9870 = ORIENTED_EDGE('',*,*,#9839,.F.);
#9871 = PLANE('',#9872);
#9872 = AXIS2_PLACEMENT_3D('',#9873,#9874,#9875);
#9873 = CARTESIAN_POINT('',(-3.255165659513,-0.307703749923,54.4858436)
  );
#9874 = DIRECTION('',(-0.977474116773,-9.239850829247E-02,0.1897547541)
  );
#9875 = DIRECTION('',(0.188912615784,1.785749985251E-02,0.981831519812)
  );
#9876 = ADVANCED_FACE('',(#9877),#9896,.F.);
#9877 = FACE_BOUND('',#9878,.F.);
#9878 = EDGE_LOOP('',(#9879,#9888,#9894,#9895));
#9879 = ORIENTED_EDGE('',*,*,#9880,.F.);
#9880 = EDGE_CURVE('',#9881,#9856,#9883,.T.);
#9881 = VERTEX_POINT('',#9882);
#9882 = CARTESIAN_POINT('',(-0.769815604621,-26.18868809113,54.2491757)
  );
#9883 = ELLIPSE('',#9884,162.33560536927,26.2);
#9884 = AXIS2_PLACEMENT_3D('',#9885,#9886,#9887);
#9885 = CARTESIAN_POINT('',(0.,0.,34.492470927237));
#9886 = DIRECTION('',(-0.98251019271,-9.287455762846E-02,-0.161394045012
    ));
#9887 = DIRECTION('',(-0.160677772527,-1.518852135572E-02,0.986890045666
    ));
#9888 = ORIENTED_EDGE('',*,*,#9889,.T.);
#9889 = EDGE_CURVE('',#9881,#6839,#9890,.T.);
#9890 = LINE('',#9891,#9892);
#9891 = CARTESIAN_POINT('',(-3.216633230122,-0.304061362943,54.2491757)
  );
#9892 = VECTOR('',#9893,1.);
#9893 = DIRECTION('',(9.410831331851E-02,-0.995561964603,0.));
#9894 = ORIENTED_EDGE('',*,*,#6847,.T.);
#9895 = ORIENTED_EDGE('',*,*,#9864,.F.);
#9896 = PLANE('',#9897);
#9897 = AXIS2_PLACEMENT_3D('',#9898,#9899,#9900);
#9898 = CARTESIAN_POINT('',(-3.216633230122,-0.304061362943,54.2491757)
  );
#9899 = DIRECTION('',(-0.98251019271,-9.287455762846E-02,-0.161394045012
    ));
#9900 = DIRECTION('',(-0.160677772527,-1.518852135572E-02,0.986890045666
    ));
#9901 = ADVANCED_FACE('',(#9902),#9921,.F.);
#9902 = FACE_BOUND('',#9903,.F.);
#9903 = EDGE_LOOP('',(#9904,#9913,#9919,#9920));
#9904 = ORIENTED_EDGE('',*,*,#9905,.F.);
#9905 = EDGE_CURVE('',#9906,#9881,#9908,.T.);
#9906 = VERTEX_POINT('',#9907);
#9907 = CARTESIAN_POINT('',(-0.648108921234,-26.19198264405,53.9903445)
  );
#9908 = ELLIPSE('',#9909,61.92643059358,26.2);
#9909 = AXIS2_PLACEMENT_3D('',#9910,#9911,#9912);
#9910 = CARTESIAN_POINT('',(0.,0.,47.329593687788));
#9911 = DIRECTION('',(-0.902069817699,-8.527070343934E-02,
    -0.423082676474));
#9912 = DIRECTION('',(-0.42120502058,-3.981559707723E-02,0.906091081993)
  );
#9913 = ORIENTED_EDGE('',*,*,#9914,.T.);
#9914 = EDGE_CURVE('',#9906,#6830,#9915,.T.);
#9915 = LINE('',#9916,#9917);
#9916 = CARTESIAN_POINT('',(-3.096313095547,-0.292687761574,53.9903445)
  );
#9917 = VECTOR('',#9918,1.);
#9918 = DIRECTION('',(9.410831331851E-02,-0.995561964603,0.));
#9919 = ORIENTED_EDGE('',*,*,#6838,.T.);
#9920 = ORIENTED_EDGE('',*,*,#9889,.F.);
#9921 = PLANE('',#9922);
#9922 = AXIS2_PLACEMENT_3D('',#9923,#9924,#9925);
#9923 = CARTESIAN_POINT('',(-3.096313095547,-0.292687761574,53.9903445)
  );
#9924 = DIRECTION('',(-0.902069817699,-8.527070343934E-02,
    -0.423082676474));
#9925 = DIRECTION('',(-0.42120502058,-3.981559707723E-02,0.906091081993)
  );
#9926 = ADVANCED_FACE('',(#9927),#9946,.F.);
#9927 = FACE_BOUND('',#9928,.F.);
#9928 = EDGE_LOOP('',(#9929,#9938,#9944,#9945));
#9929 = ORIENTED_EDGE('',*,*,#9930,.F.);
#9930 = EDGE_CURVE('',#9931,#9906,#9933,.T.);
#9931 = VERTEX_POINT('',#9932);
#9932 = CARTESIAN_POINT('',(-0.493670451227,-26.19534862309,53.8690111)
  );
#9933 = ELLIPSE('',#9934,33.401898401001,26.2);
#9934 = AXIS2_PLACEMENT_3D('',#9935,#9936,#9937);
#9935 = CARTESIAN_POINT('',(0.,0.,51.530946453116));
#9936 = DIRECTION('',(-0.617519515192,-5.837278048197E-02,
    -0.784386554484));
#9937 = DIRECTION('',(-0.780905419191,-7.381729563225E-02,0.62027230564)
  );
#9938 = ORIENTED_EDGE('',*,*,#9939,.T.);
#9939 = EDGE_CURVE('',#9931,#6821,#9940,.T.);
#9940 = LINE('',#9941,#9942);
#9941 = CARTESIAN_POINT('',(-2.943557751278,-0.278248130179,53.8690111)
  );
#9942 = VECTOR('',#9943,1.);
#9943 = DIRECTION('',(9.410831331851E-02,-0.995561964603,0.));
#9944 = ORIENTED_EDGE('',*,*,#6829,.T.);
#9945 = ORIENTED_EDGE('',*,*,#9914,.F.);
#9946 = PLANE('',#9947);
#9947 = AXIS2_PLACEMENT_3D('',#9948,#9949,#9950);
#9948 = CARTESIAN_POINT('',(-2.943557751278,-0.278248130179,53.8690111)
  );
#9949 = DIRECTION('',(-0.617519515192,-5.837278048197E-02,
    -0.784386554484));
#9950 = DIRECTION('',(-0.780905419191,-7.381729563225E-02,0.62027230564)
  );
#9951 = ADVANCED_FACE('',(#9952),#9971,.F.);
#9952 = FACE_BOUND('',#9953,.F.);
#9953 = EDGE_LOOP('',(#9954,#9963,#9969,#9970));
#9954 = ORIENTED_EDGE('',*,*,#9955,.F.);
#9955 = EDGE_CURVE('',#9956,#9931,#9958,.T.);
#9956 = VERTEX_POINT('',#9957);
#9957 = CARTESIAN_POINT('',(3.659471247184E-02,-26.19997444325,53.771347
    ));
#9958 = ELLIPSE('',#9959,26.645307313427,26.2);
#9959 = AXIS2_PLACEMENT_3D('',#9960,#9961,#9962);
#9960 = CARTESIAN_POINT('',(0.,0.,53.321571636588));
#9961 = DIRECTION('',(-0.18125111642,-1.713327493405E-02,-0.983287589511
    ));
#9962 = DIRECTION('',(-0.978923724383,-9.253553655591E-02,0.182059101156
    ));
#9963 = ORIENTED_EDGE('',*,*,#9964,.T.);
#9964 = EDGE_CURVE('',#9956,#6812,#9965,.T.);
#9965 = LINE('',#9966,#9967);
#9966 = CARTESIAN_POINT('',(-2.418422210656,-0.228608206449,53.771347));
#9967 = VECTOR('',#9968,1.);
#9968 = DIRECTION('',(9.410831331851E-02,-0.995561964603,0.));
#9969 = ORIENTED_EDGE('',*,*,#6820,.T.);
#9970 = ORIENTED_EDGE('',*,*,#9939,.F.);
#9971 = PLANE('',#9972);
#9972 = AXIS2_PLACEMENT_3D('',#9973,#9974,#9975);
#9973 = CARTESIAN_POINT('',(-2.418422210656,-0.228608206449,53.771347));
#9974 = DIRECTION('',(-0.18125111642,-1.713327493405E-02,-0.983287589511
    ));
#9975 = DIRECTION('',(-0.978923724383,-9.253553655591E-02,0.182059101156
    ));
#9976 = ADVANCED_FACE('',(#9977),#9996,.F.);
#9977 = FACE_BOUND('',#9978,.F.);
#9978 = EDGE_LOOP('',(#9979,#9988,#9994,#9995));
#9979 = ORIENTED_EDGE('',*,*,#9980,.F.);
#9980 = EDGE_CURVE('',#9981,#9956,#9983,.T.);
#9981 = VERTEX_POINT('',#9982);
#9982 = CARTESIAN_POINT('',(4.014106514414,-25.89067300961,53.7323667));
#9983 = ELLIPSE('',#9984,26.201250922287,26.2);
#9984 = AXIS2_PLACEMENT_3D('',#9985,#9986,#9987);
#9985 = CARTESIAN_POINT('',(0.,0.,53.747608759378));
#9986 = DIRECTION('',(-9.728194883341E-03,-9.195851636117E-04,
    -0.999952257154));
#9987 = DIRECTION('',(-0.995514433642,-9.410382031981E-02,
    9.771561418801E-03));
#9988 = ORIENTED_EDGE('',*,*,#9989,.T.);
#9989 = EDGE_CURVE('',#9981,#6803,#9990,.T.);
#9990 = LINE('',#9991,#9992);
#9991 = CARTESIAN_POINT('',(1.55284191127,0.146786778037,53.7323667));
#9992 = VECTOR('',#9993,1.);
#9993 = DIRECTION('',(9.410831331851E-02,-0.995561964603,0.));
#9994 = ORIENTED_EDGE('',*,*,#6811,.T.);
#9995 = ORIENTED_EDGE('',*,*,#9964,.F.);
#9996 = PLANE('',#9997);
#9997 = AXIS2_PLACEMENT_3D('',#9998,#9999,#10000);
#9998 = CARTESIAN_POINT('',(1.55284191127,0.146786778037,53.7323667));
#9999 = DIRECTION('',(-9.728194883341E-03,-9.195851636117E-04,
    -0.999952257154));
#10000 = DIRECTION('',(-0.995514433642,-9.410382031981E-02,
    9.771561418801E-03));
#10001 = ADVANCED_FACE('',(#10002),#10021,.F.);
#10002 = FACE_BOUND('',#10003,.F.);
#10003 = EDGE_LOOP('',(#10004,#10013,#10019,#10020));
#10004 = ORIENTED_EDGE('',*,*,#10005,.F.);
#10005 = EDGE_CURVE('',#10006,#9981,#10008,.T.);
#10006 = VERTEX_POINT('',#10007);
#10007 = CARTESIAN_POINT('',(5.033941319567,-25.71185397421,53.6653748)
  );
#10008 = ELLIPSE('',#10009,26.255129547938,26.2);
#10009 = AXIS2_PLACEMENT_3D('',#10010,#10011,#10012);
#10010 = CARTESIAN_POINT('',(0.,0.,53.833604769351));
#10011 = DIRECTION('',(-6.448227154453E-02,-6.095369278618E-03,
    -0.997900237063));
#10012 = DIRECTION('',(-0.993471520488,-9.391070817012E-02,
    6.47697218628E-02));
#10013 = ORIENTED_EDGE('',*,*,#10014,.T.);
#10014 = EDGE_CURVE('',#10006,#6794,#10015,.T.);
#10015 = LINE('',#10016,#10017);
#10016 = CARTESIAN_POINT('',(2.580398350285,0.243919459631,53.6653748));
#10017 = VECTOR('',#10018,1.);
#10018 = DIRECTION('',(9.410831331851E-02,-0.995561964603,0.));
#10019 = ORIENTED_EDGE('',*,*,#6802,.T.);
#10020 = ORIENTED_EDGE('',*,*,#9989,.F.);
#10021 = PLANE('',#10022);
#10022 = AXIS2_PLACEMENT_3D('',#10023,#10024,#10025);
#10023 = CARTESIAN_POINT('',(2.580398350285,0.243919459631,53.6653748));
#10024 = DIRECTION('',(-6.448227154453E-02,-6.095369278618E-03,
    -0.997900237063));
#10025 = DIRECTION('',(-0.993471520488,-9.391070817012E-02,
    6.47697218628E-02));
#10026 = ADVANCED_FACE('',(#10027),#10046,.F.);
#10027 = FACE_BOUND('',#10028,.F.);
#10028 = EDGE_LOOP('',(#10029,#10038,#10044,#10045));
#10029 = ORIENTED_EDGE('',*,*,#10030,.F.);
#10030 = EDGE_CURVE('',#10031,#10006,#10033,.T.);
#10031 = VERTEX_POINT('',#10032);
#10032 = CARTESIAN_POINT('',(5.254183613588,-25.66775320425,53.5836241)
  );
#10033 = ELLIPSE('',#10034,27.898916106846,26.2);
#10034 = AXIS2_PLACEMENT_3D('',#10035,#10036,#10037);
#10035 = CARTESIAN_POINT('',(0.,0.,54.613787622615));
#10036 = DIRECTION('',(-0.342106411875,-3.233857714707E-02,
    -0.939104583836));
#10037 = DIRECTION('',(-0.934936804452,-8.837754841451E-02,0.34363146046
    ));
#10038 = ORIENTED_EDGE('',*,*,#10039,.T.);
#10039 = EDGE_CURVE('',#10031,#6785,#10040,.T.);
#10040 = LINE('',#10041,#10042);
#10041 = CARTESIAN_POINT('',(2.802821926163,0.264944677862,53.5836241));
#10042 = VECTOR('',#10043,1.);
#10043 = DIRECTION('',(9.410831331851E-02,-0.995561964603,0.));
#10044 = ORIENTED_EDGE('',*,*,#6793,.T.);
#10045 = ORIENTED_EDGE('',*,*,#10014,.F.);
#10046 = PLANE('',#10047);
#10047 = AXIS2_PLACEMENT_3D('',#10048,#10049,#10050);
#10048 = CARTESIAN_POINT('',(2.802821926163,0.264944677862,53.5836241));
#10049 = DIRECTION('',(-0.342106411875,-3.233857714707E-02,
    -0.939104583836));
#10050 = DIRECTION('',(-0.934936804452,-8.837754841451E-02,0.34363146046
    ));
#10051 = ADVANCED_FACE('',(#10052),#10071,.F.);
#10052 = FACE_BOUND('',#10053,.F.);
#10053 = EDGE_LOOP('',(#10054,#10063,#10069,#10070));
#10054 = ORIENTED_EDGE('',*,*,#10055,.F.);
#10055 = EDGE_CURVE('',#10056,#10031,#10058,.T.);
#10056 = VERTEX_POINT('',#10057);
#10057 = CARTESIAN_POINT('',(5.461367793212,-25.62446998139,53.3720562)
  );
#10058 = ELLIPSE('',#10059,37.160880635518,26.2);
#10059 = AXIS2_PLACEMENT_3D('',#10060,#10061,#10062);
#10060 = CARTESIAN_POINT('',(0.,0.,56.415402373938));
#10061 = DIRECTION('',(-0.706017758892,-6.673832752212E-02,
    -0.705042495009));
#10062 = DIRECTION('',(-0.70191349146,-6.635036002318E-02,0.709165058524
    ));
#10063 = ORIENTED_EDGE('',*,*,#10064,.T.);
#10064 = EDGE_CURVE('',#10056,#6776,#10065,.T.);
#10065 = LINE('',#10066,#10067);
#10066 = CARTESIAN_POINT('',(3.012226438674,0.284739232269,53.3720562));
#10067 = VECTOR('',#10068,1.);
#10068 = DIRECTION('',(9.410831331851E-02,-0.995561964603,0.));
#10069 = ORIENTED_EDGE('',*,*,#6784,.T.);
#10070 = ORIENTED_EDGE('',*,*,#10039,.F.);
#10071 = PLANE('',#10072);
#10072 = AXIS2_PLACEMENT_3D('',#10073,#10074,#10075);
#10073 = CARTESIAN_POINT('',(3.012226438674,0.284739232269,53.3720562));
#10074 = DIRECTION('',(-0.706017758892,-6.673832752212E-02,
    -0.705042495009));
#10075 = DIRECTION('',(-0.70191349146,-6.635036002318E-02,0.709165058524
    ));
#10076 = ADVANCED_FACE('',(#10077),#10096,.F.);
#10077 = FACE_BOUND('',#10078,.F.);
#10078 = EDGE_LOOP('',(#10079,#10088,#10094,#10095));
#10079 = ORIENTED_EDGE('',*,*,#10080,.F.);
#10080 = EDGE_CURVE('',#10081,#10056,#10083,.T.);
#10081 = VERTEX_POINT('',#10082);
#10082 = CARTESIAN_POINT('',(5.55190432309,-25.60500651019,53.2057185));
#10083 = ELLIPSE('',#10084,54.147989894789,26.2);
#10084 = AXIS2_PLACEMENT_3D('',#10085,#10086,#10087);
#10085 = CARTESIAN_POINT('',(0.,0.,58.84449389345));
#10086 = DIRECTION('',(-0.871261961958,-8.235850365291E-02,
    -0.483859143265));
#10087 = DIRECTION('',(-0.48171175926,-4.553516785639E-02,0.875145890397
    ));
#10088 = ORIENTED_EDGE('',*,*,#10089,.T.);
#10089 = EDGE_CURVE('',#10081,#6767,#10090,.T.);
#10090 = LINE('',#10091,#10092);
#10091 = CARTESIAN_POINT('',(3.103784688535,0.293394035055,53.2057185));
#10092 = VECTOR('',#10093,1.);
#10093 = DIRECTION('',(9.410831331851E-02,-0.995561964603,0.));
#10094 = ORIENTED_EDGE('',*,*,#6775,.T.);
#10095 = ORIENTED_EDGE('',*,*,#10064,.F.);
#10096 = PLANE('',#10097);
#10097 = AXIS2_PLACEMENT_3D('',#10098,#10099,#10100);
#10098 = CARTESIAN_POINT('',(3.103784688535,0.293394035055,53.2057185));
#10099 = DIRECTION('',(-0.871261961958,-8.235850365291E-02,
    -0.483859143265));
#10100 = DIRECTION('',(-0.48171175926,-4.553516785639E-02,0.875145890397
    ));
#10101 = ADVANCED_FACE('',(#10102),#10121,.F.);
#10102 = FACE_BOUND('',#10103,.F.);
#10103 = EDGE_LOOP('',(#10104,#10113,#10119,#10120));
#10104 = ORIENTED_EDGE('',*,*,#10105,.F.);
#10105 = EDGE_CURVE('',#10106,#10081,#10108,.T.);
#10106 = VERTEX_POINT('',#10107);
#10107 = CARTESIAN_POINT('',(5.579671864786,-25.59896993789,52.9336094)
  );
#10108 = ELLIPSE('',#10109,254.05404978824,26.2);
#10109 = AXIS2_PLACEMENT_3D('',#10110,#10111,#10112);
#10110 = CARTESIAN_POINT('',(0.,0.,83.27522658968));
#10111 = DIRECTION('',(-0.990253755947,-9.360653986683E-02,
    -0.103127661306));
#10112 = DIRECTION('',(-0.102669977095,-9.705170261998E-03,
    0.994668128309));
#10113 = ORIENTED_EDGE('',*,*,#10114,.T.);
#10114 = EDGE_CURVE('',#10106,#6758,#10115,.T.);
#10115 = LINE('',#10116,#10117);
#10116 = CARTESIAN_POINT('',(3.131871880906,0.296049056433,52.9336094));
#10117 = VECTOR('',#10118,1.);
#10118 = DIRECTION('',(9.410831331851E-02,-0.995561964603,0.));
#10119 = ORIENTED_EDGE('',*,*,#6766,.T.);
#10120 = ORIENTED_EDGE('',*,*,#10089,.F.);
#10121 = PLANE('',#10122);
#10122 = AXIS2_PLACEMENT_3D('',#10123,#10124,#10125);
#10123 = CARTESIAN_POINT('',(3.131871880906,0.296049056433,52.9336094));
#10124 = DIRECTION('',(-0.990253755947,-9.360653986683E-02,
    -0.103127661306));
#10125 = DIRECTION('',(-0.102669977095,-9.705170261998E-03,
    0.994668128309));
#10126 = ADVANCED_FACE('',(#10127),#10146,.F.);
#10127 = FACE_BOUND('',#10128,.F.);
#10128 = EDGE_LOOP('',(#10129,#10138,#10144,#10145));
#10129 = ORIENTED_EDGE('',*,*,#10130,.F.);
#10130 = EDGE_CURVE('',#10131,#10106,#10133,.T.);
#10131 = VERTEX_POINT('',#10132);
#10132 = CARTESIAN_POINT('',(5.430943130404,-25.63093554114,52.5865768)
  );
#10133 = ELLIPSE('',#10134,65.638616298993,26.2);
#10134 = AXIS2_PLACEMENT_3D('',#10135,#10136,#10137);
#10135 = CARTESIAN_POINT('',(0.,0.,45.707443953381));
#10136 = DIRECTION('',(-0.912814182829,-8.628634497255E-02,
    0.399155275923));
#10137 = DIRECTION('',(0.397383810679,3.756382976926E-02,0.916883343563)
  );
#10138 = ORIENTED_EDGE('',*,*,#10139,.T.);
#10139 = EDGE_CURVE('',#10131,#6749,#10140,.T.);
#10140 = LINE('',#10141,#10142);
#10141 = CARTESIAN_POINT('',(2.981465465535,0.281831464193,52.5865768));
#10142 = VECTOR('',#10143,1.);
#10143 = DIRECTION('',(9.410831331851E-02,-0.995561964603,0.));
#10144 = ORIENTED_EDGE('',*,*,#6757,.T.);
#10145 = ORIENTED_EDGE('',*,*,#10114,.F.);
#10146 = PLANE('',#10147);
#10147 = AXIS2_PLACEMENT_3D('',#10148,#10149,#10150);
#10148 = CARTESIAN_POINT('',(2.981465465535,0.281831464193,52.5865768));
#10149 = DIRECTION('',(-0.912814182829,-8.628634497255E-02,
    0.399155275923));
#10150 = DIRECTION('',(0.397383810679,3.756382976926E-02,0.916883343563)
  );
#10151 = ADVANCED_FACE('',(#10152),#10171,.F.);
#10152 = FACE_BOUND('',#10153,.F.);
#10153 = EDGE_LOOP('',(#10154,#10163,#10169,#10170));
#10154 = ORIENTED_EDGE('',*,*,#10155,.F.);
#10155 = EDGE_CURVE('',#10156,#10131,#10158,.T.);
#10156 = VERTEX_POINT('',#10157);
#10157 = CARTESIAN_POINT('',(5.088814793193,-25.70104986183,52.3426048)
  );
#10158 = ELLIPSE('',#10159,32.021305837417,26.2);
#10159 = AXIS2_PLACEMENT_3D('',#10160,#10161,#10162);
#10160 = CARTESIAN_POINT('',(0.,0.,50.482258775276));
#10161 = DIRECTION('',(-0.572374710363,-5.410533999249E-02,
    0.818205232885));
#10162 = DIRECTION('',(0.8145740091,7.699991441523E-02,0.574926253426));
#10163 = ORIENTED_EDGE('',*,*,#10164,.T.);
#10164 = EDGE_CURVE('',#10156,#6740,#10165,.T.);
#10165 = LINE('',#10166,#10167);
#10166 = CARTESIAN_POINT('',(2.635798088261,0.24915627671,52.3426048));
#10167 = VECTOR('',#10168,1.);
#10168 = DIRECTION('',(9.410831331851E-02,-0.995561964603,0.));
#10169 = ORIENTED_EDGE('',*,*,#6748,.T.);
#10170 = ORIENTED_EDGE('',*,*,#10139,.F.);
#10171 = PLANE('',#10172);
#10172 = AXIS2_PLACEMENT_3D('',#10173,#10174,#10175);
#10173 = CARTESIAN_POINT('',(2.635798088261,0.24915627671,52.3426048));
#10174 = DIRECTION('',(-0.572374710363,-5.410533999249E-02,
    0.818205232885));
#10175 = DIRECTION('',(0.8145740091,7.699991441523E-02,0.574926253426));
#10176 = ADVANCED_FACE('',(#10177),#10196,.F.);
#10177 = FACE_BOUND('',#10178,.F.);
#10178 = EDGE_LOOP('',(#10179,#10188,#10194,#10195));
#10179 = ORIENTED_EDGE('',*,*,#10180,.F.);
#10180 = EDGE_CURVE('',#10181,#10156,#10183,.T.);
#10181 = VERTEX_POINT('',#10182);
#10182 = CARTESIAN_POINT('',(4.320703094235,-25.84127560263,52.2673048)
  );
#10183 = ELLIPSE('',#10184,26.322461848626,26.2);
#10184 = AXIS2_PLACEMENT_3D('',#10185,#10186,#10187);
#10185 = CARTESIAN_POINT('',(0.,0.,52.086324340527));
#10186 = DIRECTION('',(-9.592122883492E-02,-9.067225725816E-03,
    0.995347629362));
#10187 = DIRECTION('',(0.990930241351,9.367048656483E-02,
    9.634882834557E-02));
#10188 = ORIENTED_EDGE('',*,*,#10189,.T.);
#10189 = EDGE_CURVE('',#10181,#6731,#10190,.T.);
#10190 = LINE('',#10191,#10192);
#10191 = CARTESIAN_POINT('',(1.861351232446,0.175949495066,52.2673048));
#10192 = VECTOR('',#10193,1.);
#10193 = DIRECTION('',(9.410831331851E-02,-0.995561964603,0.));
#10194 = ORIENTED_EDGE('',*,*,#6739,.T.);
#10195 = ORIENTED_EDGE('',*,*,#10164,.F.);
#10196 = PLANE('',#10197);
#10197 = AXIS2_PLACEMENT_3D('',#10198,#10199,#10200);
#10198 = CARTESIAN_POINT('',(1.861351232446,0.175949495066,52.2673048));
#10199 = DIRECTION('',(-9.592122883492E-02,-9.067225725816E-03,
    0.995347629362));
#10200 = DIRECTION('',(0.990930241351,9.367048656483E-02,
    9.634882834557E-02));
#10201 = ADVANCED_FACE('',(#10202),#10221,.F.);
#10202 = FACE_BOUND('',#10203,.F.);
#10203 = EDGE_LOOP('',(#10204,#10213,#10219,#10220));
#10204 = ORIENTED_EDGE('',*,*,#10205,.F.);
#10205 = EDGE_CURVE('',#10206,#10181,#10208,.T.);
#10206 = VERTEX_POINT('',#10207);
#10207 = CARTESIAN_POINT('',(1.120986930259,-26.17600787557,52.2060859)
  );
#10208 = ELLIPSE('',#10209,26.204743472302,26.2);
#10209 = AXIS2_PLACEMENT_3D('',#10210,#10211,#10212);
#10210 = CARTESIAN_POINT('',(0.,0.,52.231725923656));
#10211 = DIRECTION('',(-1.894182708274E-02,-1.790529832704E-03,
    0.999818984211));
#10212 = DIRECTION('',(0.995381752169,9.409127822797E-02,
    1.902626632616E-02));
#10213 = ORIENTED_EDGE('',*,*,#10214,.T.);
#10214 = EDGE_CURVE('',#10206,#6722,#10215,.T.);
#10215 = LINE('',#10216,#10217);
#10216 = CARTESIAN_POINT('',(-1.341388333123,-0.126798529899,52.2060859)
  );
#10217 = VECTOR('',#10218,1.);
#10218 = DIRECTION('',(9.410831331851E-02,-0.995561964603,0.));
#10219 = ORIENTED_EDGE('',*,*,#6730,.T.);
#10220 = ORIENTED_EDGE('',*,*,#10189,.F.);
#10221 = PLANE('',#10222);
#10222 = AXIS2_PLACEMENT_3D('',#10223,#10224,#10225);
#10223 = CARTESIAN_POINT('',(-1.341388333123,-0.126798529899,52.2060859)
  );
#10224 = DIRECTION('',(-1.894182708274E-02,-1.790529832704E-03,
    0.999818984211));
#10225 = DIRECTION('',(0.995381752169,9.409127822797E-02,
    1.902626632616E-02));
#10226 = ADVANCED_FACE('',(#10227),#10246,.F.);
#10227 = FACE_BOUND('',#10228,.F.);
#10228 = EDGE_LOOP('',(#10229,#10238,#10244,#10245));
#10229 = ORIENTED_EDGE('',*,*,#10230,.F.);
#10230 = EDGE_CURVE('',#10231,#10206,#10233,.T.);
#10231 = VERTEX_POINT('',#10232);
#10232 = CARTESIAN_POINT('',(0.880125456033,-26.18521298713,51.9308895)
  );
#10233 = ELLIPSE('',#10234,39.800045224022,26.2);
#10234 = AXIS2_PLACEMENT_3D('',#10235,#10236,#10237);
#10235 = CARTESIAN_POINT('',(0.,0.,53.746818352232));
#10236 = DIRECTION('',(-0.749423009913,-7.084133176288E-02,
    0.658290709283));
#10237 = DIRECTION('',(0.655369191813,6.195062832383E-02,0.752763802313)
  );
#10238 = ORIENTED_EDGE('',*,*,#10239,.T.);
#10239 = EDGE_CURVE('',#10231,#6713,#10240,.T.);
#10240 = LINE('',#10241,#10242);
#10241 = CARTESIAN_POINT('',(-1.58097908085,-0.149446523653,51.9308895)
  );
#10242 = VECTOR('',#10243,1.);
#10243 = DIRECTION('',(9.410831331851E-02,-0.995561964603,0.));
#10244 = ORIENTED_EDGE('',*,*,#6721,.T.);
#10245 = ORIENTED_EDGE('',*,*,#10214,.F.);
#10246 = PLANE('',#10247);
#10247 = AXIS2_PLACEMENT_3D('',#10248,#10249,#10250);
#10248 = CARTESIAN_POINT('',(-1.58097908085,-0.149446523653,51.9308895)
  );
#10249 = DIRECTION('',(-0.749423009913,-7.084133176288E-02,
    0.658290709283));
#10250 = DIRECTION('',(0.655369191813,6.195062832383E-02,0.752763802313)
  );
#10251 = ADVANCED_FACE('',(#10252),#10271,.F.);
#10252 = FACE_BOUND('',#10253,.F.);
#10253 = EDGE_LOOP('',(#10254,#10263,#10269,#10270));
#10254 = ORIENTED_EDGE('',*,*,#10255,.F.);
#10255 = EDGE_CURVE('',#10256,#10231,#10258,.T.);
#10256 = VERTEX_POINT('',#10257);
#10257 = CARTESIAN_POINT('',(0.755165957078,-26.18911461613,51.6580023)
  );
#10258 = ELLIPSE('',#10259,63.007275276102,26.2);
#10259 = AXIS2_PLACEMENT_3D('',#10260,#10261,#10262);
#10260 = CARTESIAN_POINT('',(0.,0.,55.404039242426));
#10261 = DIRECTION('',(-0.905408503082,-8.558630212762E-02,
    0.415824996164));
#10262 = DIRECTION('',(0.413979550112,3.913258902469E-02,0.909444650633)
  );
#10263 = ORIENTED_EDGE('',*,*,#10264,.T.);
#10264 = EDGE_CURVE('',#10256,#6704,#10265,.T.);
#10265 = LINE('',#10266,#10267);
#10266 = CARTESIAN_POINT('',(-1.705197437854,-0.161188615533,51.6580023)
  );
#10267 = VECTOR('',#10268,1.);
#10268 = DIRECTION('',(9.410831331851E-02,-0.995561964603,0.));
#10269 = ORIENTED_EDGE('',*,*,#6712,.T.);
#10270 = ORIENTED_EDGE('',*,*,#10239,.F.);
#10271 = PLANE('',#10272);
#10272 = AXIS2_PLACEMENT_3D('',#10273,#10274,#10275);
#10273 = CARTESIAN_POINT('',(-1.705197437854,-0.161188615533,51.6580023)
  );
#10274 = DIRECTION('',(-0.905408503082,-8.558630212762E-02,
    0.415824996164));
#10275 = DIRECTION('',(0.413979550112,3.913258902469E-02,0.909444650633)
  );
#10276 = ADVANCED_FACE('',(#10277),#10296,.F.);
#10277 = FACE_BOUND('',#10278,.F.);
#10278 = EDGE_LOOP('',(#10279,#10288,#10294,#10295));
#10279 = ORIENTED_EDGE('',*,*,#10280,.F.);
#10280 = EDGE_CURVE('',#10281,#10256,#10283,.T.);
#10281 = VERTEX_POINT('',#10282);
#10282 = CARTESIAN_POINT('',(0.755467677204,-26.18910591426,51.3596386)
  );
#10283 = ELLIPSE('',#10284,2.595329655786E+04,26.2);
#10284 = AXIS2_PLACEMENT_3D('',#10285,#10286,#10287);
#10285 = CARTESIAN_POINT('',(0.,0.,-1.645012041392E+03));
#10286 = DIRECTION('',(-0.995561457314,-9.410826536553E-02,
    -1.00950566883E-03));
#10287 = DIRECTION('',(-1.005025446939E-03,-9.500287577912E-05,
    0.999999490449));
#10288 = ORIENTED_EDGE('',*,*,#10289,.T.);
#10289 = EDGE_CURVE('',#10281,#6695,#10290,.T.);
#10290 = LINE('',#10291,#10292);
#10291 = CARTESIAN_POINT('',(-1.70489757459,-0.161160270109,51.3596386)
  );
#10292 = VECTOR('',#10293,1.);
#10293 = DIRECTION('',(9.410831331851E-02,-0.995561964603,0.));
#10294 = ORIENTED_EDGE('',*,*,#6703,.T.);
#10295 = ORIENTED_EDGE('',*,*,#10264,.F.);
#10296 = PLANE('',#10297);
#10297 = AXIS2_PLACEMENT_3D('',#10298,#10299,#10300);
#10298 = CARTESIAN_POINT('',(-1.70489757459,-0.161160270109,51.3596386)
  );
#10299 = DIRECTION('',(-0.995561457314,-9.410826536553E-02,
    -1.00950566883E-03));
#10300 = DIRECTION('',(-1.005025446939E-03,-9.500287577912E-05,
    0.999999490449));
#10301 = ADVANCED_FACE('',(#10302),#10321,.F.);
#10302 = FACE_BOUND('',#10303,.F.);
#10303 = EDGE_LOOP('',(#10304,#10313,#10319,#10320));
#10304 = ORIENTED_EDGE('',*,*,#10305,.F.);
#10305 = EDGE_CURVE('',#10306,#10281,#10308,.T.);
#10306 = VERTEX_POINT('',#10307);
#10307 = CARTESIAN_POINT('',(0.838981255619,-26.18656354798,51.1291202)
  );
#10308 = ELLIPSE('',#10309,77.025376224474,26.2);
#10309 = AXIS2_PLACEMENT_3D('',#10310,#10311,#10312);
#10310 = CARTESIAN_POINT('',(0.,0.,46.625268077183));
#10311 = DIRECTION('',(-0.936198640303,-8.849682702083E-02,
    -0.340147640742));
#10312 = DIRECTION('',(-0.338638053472,-3.201072074948E-02,
    0.940372044724));
#10313 = ORIENTED_EDGE('',*,*,#10314,.T.);
#10314 = EDGE_CURVE('',#10306,#6686,#10315,.T.);
#10315 = LINE('',#10316,#10317);
#10316 = CARTESIAN_POINT('',(-1.621885427745,-0.153313311906,51.1291202)
  );
#10317 = VECTOR('',#10318,1.);
#10318 = DIRECTION('',(9.410831331851E-02,-0.995561964603,0.));
#10319 = ORIENTED_EDGE('',*,*,#6694,.T.);
#10320 = ORIENTED_EDGE('',*,*,#10289,.F.);
#10321 = PLANE('',#10322);
#10322 = AXIS2_PLACEMENT_3D('',#10323,#10324,#10325);
#10323 = CARTESIAN_POINT('',(-1.621885427745,-0.153313311906,51.1291202)
  );
#10324 = DIRECTION('',(-0.936198640303,-8.849682702083E-02,
    -0.340147640742));
#10325 = DIRECTION('',(-0.338638053472,-3.201072074948E-02,
    0.940372044724));
#10326 = ADVANCED_FACE('',(#10327),#10346,.F.);
#10327 = FACE_BOUND('',#10328,.F.);
#10328 = EDGE_LOOP('',(#10329,#10338,#10344,#10345));
#10329 = ORIENTED_EDGE('',*,*,#10330,.F.);
#10330 = EDGE_CURVE('',#10331,#10306,#10333,.T.);
#10331 = VERTEX_POINT('',#10332);
#10332 = CARTESIAN_POINT('',(0.983022090001,-26.18155204663,50.9292489)
  );
#10333 = ELLIPSE('',#10334,44.846623699213,26.2);
#10334 = AXIS2_PLACEMENT_3D('',#10335,#10336,#10337);
#10335 = CARTESIAN_POINT('',(0.,0.,48.865922934386));
#10336 = DIRECTION('',(-0.807998154526,-7.637831314419E-02,
    -0.584213433228));
#10337 = DIRECTION('',(-0.581620673332,-5.49793408191E-02,0.81160006434)
  );
#10338 = ORIENTED_EDGE('',*,*,#10339,.T.);
#10339 = EDGE_CURVE('',#10331,#6677,#10340,.T.);
#10340 = LINE('',#10341,#10342);
#10341 = CARTESIAN_POINT('',(-1.4786507421,-0.139773647722,50.9292489));
#10342 = VECTOR('',#10343,1.);
#10343 = DIRECTION('',(9.410831331851E-02,-0.995561964603,0.));
#10344 = ORIENTED_EDGE('',*,*,#6685,.T.);
#10345 = ORIENTED_EDGE('',*,*,#10314,.F.);
#10346 = PLANE('',#10347);
#10347 = AXIS2_PLACEMENT_3D('',#10348,#10349,#10350);
#10348 = CARTESIAN_POINT('',(-1.4786507421,-0.139773647722,50.9292489));
#10349 = DIRECTION('',(-0.807998154526,-7.637831314419E-02,
    -0.584213433228));
#10350 = DIRECTION('',(-0.581620673332,-5.49793408191E-02,0.81160006434)
  );
#10351 = ADVANCED_FACE('',(#10352),#10371,.F.);
#10352 = FACE_BOUND('',#10353,.F.);
#10353 = EDGE_LOOP('',(#10354,#10363,#10369,#10370));
#10354 = ORIENTED_EDGE('',*,*,#10355,.F.);
#10355 = EDGE_CURVE('',#10356,#10331,#10358,.T.);
#10356 = VERTEX_POINT('',#10357);
#10357 = CARTESIAN_POINT('',(1.148832790697,-26.17480053828,50.8481257)
  );
#10358 = ELLIPSE('',#10359,29.171059915126,26.2);
#10359 = AXIS2_PLACEMENT_3D('',#10360,#10361,#10362);
#10360 = CARTESIAN_POINT('',(0.,0.,50.202150579249));
#10361 = DIRECTION('',(-0.437736952656,-4.137832476157E-02,
    -0.898150429783));
#10362 = DIRECTION('',(-0.894164406384,-8.452342205319E-02,
    0.439688304917));
#10363 = ORIENTED_EDGE('',*,*,#10364,.T.);
#10364 = EDGE_CURVE('',#10356,#6668,#10365,.T.);
#10365 = LINE('',#10366,#10367);
#10366 = CARTESIAN_POINT('',(-1.313675969833,-0.124178940301,50.8481257)
  );
#10367 = VECTOR('',#10368,1.);
#10368 = DIRECTION('',(9.410831331851E-02,-0.995561964603,0.));
#10369 = ORIENTED_EDGE('',*,*,#6676,.T.);
#10370 = ORIENTED_EDGE('',*,*,#10339,.F.);
#10371 = PLANE('',#10372);
#10372 = AXIS2_PLACEMENT_3D('',#10373,#10374,#10375);
#10373 = CARTESIAN_POINT('',(-1.313675969833,-0.124178940301,50.8481257)
  );
#10374 = DIRECTION('',(-0.437736952656,-4.137832476157E-02,
    -0.898150429783));
#10375 = DIRECTION('',(-0.894164406384,-8.452342205319E-02,
    0.439688304917));
#10376 = ADVANCED_FACE('',(#10377),#10396,.F.);
#10377 = FACE_BOUND('',#10378,.F.);
#10378 = EDGE_LOOP('',(#10379,#10388,#10394,#10395));
#10379 = ORIENTED_EDGE('',*,*,#10380,.F.);
#10380 = EDGE_CURVE('',#10381,#10356,#10383,.T.);
#10381 = VERTEX_POINT('',#10382);
#10382 = CARTESIAN_POINT('',(1.892780279769,-26.13154000078,50.7672284)
  );
#10383 = ELLIPSE('',#10384,26.354127902195,26.2);
#10384 = AXIS2_PLACEMENT_3D('',#10385,#10386,#10387);
#10385 = CARTESIAN_POINT('',(0.,0.,50.704787245052));
#10386 = DIRECTION('',(-0.107513672575,-1.01630342906E-02,
    -0.994151659931));
#10387 = DIRECTION('',(-0.989739579674,-9.355793589891E-02,
    0.107992949105));
#10388 = ORIENTED_EDGE('',*,*,#10389,.T.);
#10389 = EDGE_CURVE('',#10381,#6659,#10390,.T.);
#10390 = LINE('',#10391,#10392);
#10391 = CARTESIAN_POINT('',(-0.57226405024,-5.409487953101E-02,
    50.7672284));
#10392 = VECTOR('',#10393,1.);
#10393 = DIRECTION('',(9.410831331851E-02,-0.995561964603,0.));
#10394 = ORIENTED_EDGE('',*,*,#6667,.T.);
#10395 = ORIENTED_EDGE('',*,*,#10364,.F.);
#10396 = PLANE('',#10397);
#10397 = AXIS2_PLACEMENT_3D('',#10398,#10399,#10400);
#10398 = CARTESIAN_POINT('',(-0.57226405024,-5.409487953101E-02,
    50.7672284));
#10399 = DIRECTION('',(-0.107513672575,-1.01630342906E-02,
    -0.994151659931));
#10400 = DIRECTION('',(-0.989739579674,-9.355793589891E-02,
    0.107992949105));
#10401 = ADVANCED_FACE('',(#10402),#10421,.F.);
#10402 = FACE_BOUND('',#10403,.F.);
#10403 = EDGE_LOOP('',(#10404,#10413,#10419,#10420));
#10404 = ORIENTED_EDGE('',*,*,#10405,.F.);
#10405 = EDGE_CURVE('',#10406,#10381,#10408,.T.);
#10406 = VERTEX_POINT('',#10407);
#10407 = CARTESIAN_POINT('',(4.473424594247,-25.81527595048,50.6942125)
  );
#10408 = ELLIPSE('',#10409,26.210337682531,26.2);
#10409 = AXIS2_PLACEMENT_3D('',#10410,#10411,#10412);
#10410 = CARTESIAN_POINT('',(0.,0.,50.751079351036));
#10411 = DIRECTION('',(-2.795862146799E-02,-2.642867850132E-03,
    -0.999605587587));
#10412 = DIRECTION('',(-0.995169302606,-9.407119583157E-02,
    2.808325595197E-02));
#10413 = ORIENTED_EDGE('',*,*,#10414,.T.);
#10414 = EDGE_CURVE('',#10406,#6650,#10415,.T.);
#10415 = LINE('',#10416,#10417);
#10416 = CARTESIAN_POINT('',(2.015156098138,0.190488335445,50.6942125));
#10417 = VECTOR('',#10418,1.);
#10418 = DIRECTION('',(9.410831331851E-02,-0.995561964603,0.));
#10419 = ORIENTED_EDGE('',*,*,#6658,.T.);
#10420 = ORIENTED_EDGE('',*,*,#10389,.F.);
#10421 = PLANE('',#10422);
#10422 = AXIS2_PLACEMENT_3D('',#10423,#10424,#10425);
#10423 = CARTESIAN_POINT('',(2.015156098138,0.190488335445,50.6942125));
#10424 = DIRECTION('',(-2.795862146799E-02,-2.642867850132E-03,
    -0.999605587587));
#10425 = DIRECTION('',(-0.995169302606,-9.407119583157E-02,
    2.808325595197E-02));
#10426 = ADVANCED_FACE('',(#10427),#10446,.F.);
#10427 = FACE_BOUND('',#10428,.F.);
#10428 = EDGE_LOOP('',(#10429,#10438,#10444,#10445));
#10429 = ORIENTED_EDGE('',*,*,#10430,.F.);
#10430 = EDGE_CURVE('',#10431,#10406,#10433,.T.);
#10431 = VERTEX_POINT('',#10432);
#10432 = CARTESIAN_POINT('',(4.896497751189,-25.73838203486,50.6296553)
  );
#10433 = ELLIPSE('',#10434,26.495768969342,26.2);
#10434 = AXIS2_PLACEMENT_3D('',#10435,#10436,#10437);
#10435 = CARTESIAN_POINT('',(0.,0.,50.999214918396));
#10436 = DIRECTION('',(-0.148339204249,-1.402218325651E-02,
    -0.988837124535));
#10437 = DIRECTION('',(-0.984448630375,-9.305779393676E-02,
    0.149000473625));
#10438 = ORIENTED_EDGE('',*,*,#10439,.T.);
#10439 = EDGE_CURVE('',#10431,#6641,#10440,.T.);
#10440 = LINE('',#10441,#10442);
#10441 = CARTESIAN_POINT('',(2.441686602201,0.230807338926,50.6296553));
#10442 = VECTOR('',#10443,1.);
#10443 = DIRECTION('',(9.410831331851E-02,-0.995561964603,0.));
#10444 = ORIENTED_EDGE('',*,*,#6649,.T.);
#10445 = ORIENTED_EDGE('',*,*,#10414,.F.);
#10446 = PLANE('',#10447);
#10447 = AXIS2_PLACEMENT_3D('',#10448,#10449,#10450);
#10448 = CARTESIAN_POINT('',(2.441686602201,0.230807338926,50.6296553));
#10449 = DIRECTION('',(-0.148339204249,-1.402218325651E-02,
    -0.988837124535));
#10450 = DIRECTION('',(-0.984448630375,-9.305779393676E-02,
    0.149000473625));
#10451 = ADVANCED_FACE('',(#10452),#10471,.F.);
#10452 = FACE_BOUND('',#10453,.F.);
#10453 = EDGE_LOOP('',(#10454,#10463,#10469,#10470));
#10454 = ORIENTED_EDGE('',*,*,#10455,.F.);
#10455 = EDGE_CURVE('',#10456,#10431,#10458,.T.);
#10456 = VERTEX_POINT('',#10457);
#10457 = CARTESIAN_POINT('',(5.143676971659,-25.69012625915,50.3908037)
  );
#10458 = ELLIPSE('',#10459,36.192673858154,26.2);
#10459 = AXIS2_PLACEMENT_3D('',#10460,#10461,#10462);
#10460 = CARTESIAN_POINT('',(0.,0.,52.96702811314));
#10461 = DIRECTION('',(-0.686839529806,-6.492545112079E-02,
    -0.723903409366));
#10462 = DIRECTION('',(-0.720690700412,-6.812532886098E-02,
    0.689901336357));
#10463 = ORIENTED_EDGE('',*,*,#10464,.T.);
#10464 = EDGE_CURVE('',#10456,#6632,#10465,.T.);
#10465 = LINE('',#10466,#10467);
#10466 = CARTESIAN_POINT('',(2.691197826237,0.254393093789,50.3908037));
#10467 = VECTOR('',#10468,1.);
#10468 = DIRECTION('',(9.410831331851E-02,-0.995561964603,0.));
#10469 = ORIENTED_EDGE('',*,*,#6640,.T.);
#10470 = ORIENTED_EDGE('',*,*,#10439,.F.);
#10471 = PLANE('',#10472);
#10472 = AXIS2_PLACEMENT_3D('',#10473,#10474,#10475);
#10473 = CARTESIAN_POINT('',(2.691197826237,0.254393093789,50.3908037));
#10474 = DIRECTION('',(-0.686839529806,-6.492545112079E-02,
    -0.723903409366));
#10475 = DIRECTION('',(-0.720690700412,-6.812532886098E-02,
    0.689901336357));
#10476 = ADVANCED_FACE('',(#10477),#10496,.F.);
#10477 = FACE_BOUND('',#10478,.F.);
#10478 = EDGE_LOOP('',(#10479,#10488,#10494,#10495));
#10479 = ORIENTED_EDGE('',*,*,#10480,.F.);
#10480 = EDGE_CURVE('',#10481,#10456,#10483,.T.);
#10481 = VERTEX_POINT('',#10482);
#10482 = CARTESIAN_POINT('',(5.278618995984,-25.66273916586,50.034208));
#10483 = ELLIPSE('',#10484,73.092353401437,26.2);
#10484 = AXIS2_PLACEMENT_3D('',#10485,#10486,#10487);
#10485 = CARTESIAN_POINT('',(0.,0.,57.431002985591));
#10486 = DIRECTION('',(-0.929405562791,-8.785469213663E-02,
    -0.358450628291));
#10487 = DIRECTION('',(-0.356859811714,-3.373318403641E-02,0.9335486849)
  );
#10488 = ORIENTED_EDGE('',*,*,#10489,.T.);
#10489 = EDGE_CURVE('',#10481,#6623,#10490,.T.);
#10490 = LINE('',#10491,#10492);
#10491 = CARTESIAN_POINT('',(2.827510668211,0.267278451102,50.034208));
#10492 = VECTOR('',#10493,1.);
#10493 = DIRECTION('',(9.410831331851E-02,-0.995561964603,0.));
#10494 = ORIENTED_EDGE('',*,*,#6631,.T.);
#10495 = ORIENTED_EDGE('',*,*,#10464,.F.);
#10496 = PLANE('',#10497);
#10497 = AXIS2_PLACEMENT_3D('',#10498,#10499,#10500);
#10498 = CARTESIAN_POINT('',(2.827510668211,0.267278451102,50.034208));
#10499 = DIRECTION('',(-0.929405562791,-8.785469213663E-02,
    -0.358450628291));
#10500 = DIRECTION('',(-0.356859811714,-3.373318403641E-02,0.9335486849)
  );
#10501 = ADVANCED_FACE('',(#10502),#10521,.F.);
#10502 = FACE_BOUND('',#10503,.F.);
#10503 = EDGE_LOOP('',(#10504,#10513,#10519,#10520));
#10504 = ORIENTED_EDGE('',*,*,#10505,.F.);
#10505 = EDGE_CURVE('',#10506,#10481,#10508,.T.);
#10506 = VERTEX_POINT('',#10507);
#10507 = CARTESIAN_POINT('',(5.192417371458,-25.68031934849,49.6908651)
  );
#10508 = ELLIPSE('',#10509,106.12283949746,26.2);
#10509 = AXIS2_PLACEMENT_3D('',#10510,#10511,#10512);
#10510 = CARTESIAN_POINT('',(0.,0.,38.886450232195));
#10511 = DIRECTION('',(-0.964744458669,-9.11952013202E-02,0.246883706882
    ));
#10512 = DIRECTION('',(0.245788028252,2.323380924051E-02,0.969045115191)
  );
#10513 = ORIENTED_EDGE('',*,*,#10514,.T.);
#10514 = EDGE_CURVE('',#10506,#6614,#10515,.T.);
#10515 = LINE('',#10516,#10517);
#10516 = CARTESIAN_POINT('',(2.7404253787,0.259046467557,49.6908651));
#10517 = VECTOR('',#10518,1.);
#10518 = DIRECTION('',(9.410831331851E-02,-0.995561964603,0.));
#10519 = ORIENTED_EDGE('',*,*,#6622,.T.);
#10520 = ORIENTED_EDGE('',*,*,#10489,.F.);
#10521 = PLANE('',#10522);
#10522 = AXIS2_PLACEMENT_3D('',#10523,#10524,#10525);
#10523 = CARTESIAN_POINT('',(2.7404253787,0.259046467557,49.6908651));
#10524 = DIRECTION('',(-0.964744458669,-9.11952013202E-02,0.246883706882
    ));
#10525 = DIRECTION('',(0.245788028252,2.323380924051E-02,0.969045115191)
  );
#10526 = ADVANCED_FACE('',(#10527),#10546,.F.);
#10527 = FACE_BOUND('',#10528,.F.);
#10528 = EDGE_LOOP('',(#10529,#10538,#10544,#10545));
#10529 = ORIENTED_EDGE('',*,*,#10530,.F.);
#10530 = EDGE_CURVE('',#10531,#10506,#10533,.T.);
#10531 = VERTEX_POINT('',#10532);
#10532 = CARTESIAN_POINT('',(5.015474364558,-25.71546260323,49.4935038)
  );
#10533 = ELLIPSE('',#10534,38.9436776524,26.2);
#10534 = AXIS2_PLACEMENT_3D('',#10535,#10536,#10537);
#10535 = CARTESIAN_POINT('',(0.,0.,46.663729199706));
#10536 = DIRECTION('',(-0.736571412938,-6.96264981737E-02,0.672766456056
    ));
#10537 = DIRECTION('',(0.66978069471,6.331291643672E-02,0.739854915241)
  );
#10538 = ORIENTED_EDGE('',*,*,#10539,.T.);
#10539 = EDGE_CURVE('',#10531,#6605,#10540,.T.);
#10540 = LINE('',#10541,#10542);
#10541 = CARTESIAN_POINT('',(2.561756850723,0.242157319107,49.4935038));
#10542 = VECTOR('',#10543,1.);
#10543 = DIRECTION('',(9.410831331851E-02,-0.995561964603,0.));
#10544 = ORIENTED_EDGE('',*,*,#6613,.T.);
#10545 = ORIENTED_EDGE('',*,*,#10514,.F.);
#10546 = PLANE('',#10547);
#10547 = AXIS2_PLACEMENT_3D('',#10548,#10549,#10550);
#10548 = CARTESIAN_POINT('',(2.561756850723,0.242157319107,49.4935038));
#10549 = DIRECTION('',(-0.736571412938,-6.96264981737E-02,0.672766456056
    ));
#10550 = DIRECTION('',(0.66978069471,6.331291643672E-02,0.739854915241)
  );
#10551 = ADVANCED_FACE('',(#10552),#10571,.F.);
#10552 = FACE_BOUND('',#10553,.F.);
#10553 = EDGE_LOOP('',(#10554,#10563,#10569,#10570));
#10554 = ORIENTED_EDGE('',*,*,#10555,.F.);
#10555 = EDGE_CURVE('',#10556,#10531,#10558,.T.);
#10556 = VERTEX_POINT('',#10557);
#10557 = CARTESIAN_POINT('',(4.681487675336,-25.77835668047,49.3149424)
  );
#10558 = ELLIPSE('',#10559,29.623276003005,26.2);
#10559 = AXIS2_PLACEMENT_3D('',#10560,#10561,#10562);
#10560 = CARTESIAN_POINT('',(0.,0.,48.135825312735));
#10561 = DIRECTION('',(-0.464583550573,-4.391607543728E-02,
    0.884439654728));
#10562 = DIRECTION('',(0.880514480234,8.323312413843E-02,0.466654580118)
  );
#10563 = ORIENTED_EDGE('',*,*,#10564,.T.);
#10564 = EDGE_CURVE('',#10556,#6596,#10565,.T.);
#10565 = LINE('',#10566,#10567);
#10566 = CARTESIAN_POINT('',(2.224835485307,0.210308873157,49.3149424));
#10567 = VECTOR('',#10568,1.);
#10568 = DIRECTION('',(9.410831331851E-02,-0.995561964603,0.));
#10569 = ORIENTED_EDGE('',*,*,#6604,.T.);
#10570 = ORIENTED_EDGE('',*,*,#10539,.F.);
#10571 = PLANE('',#10572);
#10572 = AXIS2_PLACEMENT_3D('',#10573,#10574,#10575);
#10573 = CARTESIAN_POINT('',(2.224835485307,0.210308873157,49.3149424));
#10574 = DIRECTION('',(-0.464583550573,-4.391607543728E-02,
    0.884439654728));
#10575 = DIRECTION('',(0.880514480234,8.323312413843E-02,0.466654580118)
  );
#10576 = ADVANCED_FACE('',(#10577),#10596,.F.);
#10577 = FACE_BOUND('',#10578,.F.);
#10578 = EDGE_LOOP('',(#10579,#10588,#10594,#10595));
#10579 = ORIENTED_EDGE('',*,*,#10580,.F.);
#10580 = EDGE_CURVE('',#10581,#10556,#10583,.T.);
#10581 = VERTEX_POINT('',#10582);
#10582 = CARTESIAN_POINT('',(4.273094884259,-25.84919070512,49.2549032)
  );
#10583 = ELLIPSE('',#10584,26.475073698334,26.2);
#10584 = AXIS2_PLACEMENT_3D('',#10585,#10586,#10587);
#10585 = CARTESIAN_POINT('',(0.,0.,48.990262484257));
#10586 = DIRECTION('',(-0.143139081981,-1.353062697667E-02,
    0.989610087531));
#10587 = DIRECTION('',(0.985218162933,9.313053618053E-02,0.143777170151)
  );
#10588 = ORIENTED_EDGE('',*,*,#10589,.T.);
#10589 = EDGE_CURVE('',#10581,#6587,#10590,.T.);
#10590 = LINE('',#10591,#10592);
#10591 = CARTESIAN_POINT('',(1.813423087458,0.171418951468,49.2549032));
#10592 = VECTOR('',#10593,1.);
#10593 = DIRECTION('',(9.410831331851E-02,-0.995561964603,0.));
#10594 = ORIENTED_EDGE('',*,*,#6595,.T.);
#10595 = ORIENTED_EDGE('',*,*,#10564,.F.);
#10596 = PLANE('',#10597);
#10597 = AXIS2_PLACEMENT_3D('',#10598,#10599,#10600);
#10598 = CARTESIAN_POINT('',(1.813423087458,0.171418951468,49.2549032));
#10599 = DIRECTION('',(-0.143139081981,-1.353062697667E-02,
    0.989610087531));
#10600 = DIRECTION('',(0.985218162933,9.313053618053E-02,0.143777170151)
  );
#10601 = ADVANCED_FACE('',(#10602),#10621,.F.);
#10602 = FACE_BOUND('',#10603,.F.);
#10603 = EDGE_LOOP('',(#10604,#10613,#10619,#10620));
#10604 = ORIENTED_EDGE('',*,*,#10605,.F.);
#10605 = EDGE_CURVE('',#10606,#10581,#10608,.T.);
#10606 = VERTEX_POINT('',#10607);
#10607 = CARTESIAN_POINT('',(-0.529638594802,-26.19464607432,49.2531211)
  );
#10608 = ELLIPSE('',#10609,26.200001795296,26.2);
#10609 = AXIS2_PLACEMENT_3D('',#10610,#10611,#10612);
#10610 = CARTESIAN_POINT('',(0.,0.,49.254228884358));
#10611 = DIRECTION('',(-3.685535984321E-04,-3.48385723331E-05,
    0.999999931477));
#10612 = DIRECTION('',(0.995561896384,9.410830686995E-02,
    3.701965437973E-04));
#10613 = ORIENTED_EDGE('',*,*,#10614,.T.);
#10614 = EDGE_CURVE('',#10606,#6578,#10615,.T.);
#10615 = LINE('',#10616,#10617);
#10616 = CARTESIAN_POINT('',(-2.979141525241,-0.281611787157,49.2531211)
  );
#10617 = VECTOR('',#10618,1.);
#10618 = DIRECTION('',(9.410831331851E-02,-0.995561964603,0.));
#10619 = ORIENTED_EDGE('',*,*,#6586,.T.);
#10620 = ORIENTED_EDGE('',*,*,#10589,.F.);
#10621 = PLANE('',#10622);
#10622 = AXIS2_PLACEMENT_3D('',#10623,#10624,#10625);
#10623 = CARTESIAN_POINT('',(-2.979141525241,-0.281611787157,49.2531211)
  );
#10624 = DIRECTION('',(-3.685535984321E-04,-3.48385723331E-05,
    0.999999931477));
#10625 = DIRECTION('',(0.995561896384,9.410830686995E-02,
    3.701965437973E-04));
#10626 = ADVANCED_FACE('',(#10627),#10646,.F.);
#10627 = FACE_BOUND('',#10628,.F.);
#10628 = EDGE_LOOP('',(#10629,#10638,#10644,#10645));
#10629 = ORIENTED_EDGE('',*,*,#10630,.F.);
#10630 = EDGE_CURVE('',#10631,#10606,#10633,.T.);
#10631 = VERTEX_POINT('',#10632);
#10632 = CARTESIAN_POINT('',(-1.400162377282,-26.16255999166,49.2005617)
  );
#10633 = ELLIPSE('',#10634,26.248473482908,26.2);
#10634 = AXIS2_PLACEMENT_3D('',#10635,#10636,#10637);
#10635 = CARTESIAN_POINT('',(0.,0.,49.435233738572));
#10636 = DIRECTION('',(-6.047596175334E-02,-5.716661503025E-03,
    0.998153283735));
#10637 = DIRECTION('',(0.99372344413,9.393452196565E-02,
    6.074555266628E-02));
#10638 = ORIENTED_EDGE('',*,*,#10639,.T.);
#10639 = EDGE_CURVE('',#10631,#6569,#10640,.T.);
#10640 = LINE('',#10641,#10642);
#10641 = CARTESIAN_POINT('',(-3.838949456801,-0.362887566158,49.2005617)
  );
#10642 = VECTOR('',#10643,1.);
#10643 = DIRECTION('',(9.410831331851E-02,-0.995561964603,0.));
#10644 = ORIENTED_EDGE('',*,*,#6577,.T.);
#10645 = ORIENTED_EDGE('',*,*,#10614,.F.);
#10646 = PLANE('',#10647);
#10647 = AXIS2_PLACEMENT_3D('',#10648,#10649,#10650);
#10648 = CARTESIAN_POINT('',(-3.838949456801,-0.362887566158,49.2005617)
  );
#10649 = DIRECTION('',(-6.047596175334E-02,-5.716661503025E-03,
    0.998153283735));
#10650 = DIRECTION('',(0.99372344413,9.393452196565E-02,
    6.074555266628E-02));
#10651 = ADVANCED_FACE('',(#10652),#10671,.F.);
#10652 = FACE_BOUND('',#10653,.F.);
#10653 = EDGE_LOOP('',(#10654,#10663,#10669,#10670));
#10654 = ORIENTED_EDGE('',*,*,#10655,.F.);
#10655 = EDGE_CURVE('',#10656,#10631,#10658,.T.);
#10656 = VERTEX_POINT('',#10657);
#10657 = CARTESIAN_POINT('',(-1.705198480875,-26.14445061845,48.9846013)
  );
#10658 = ELLIPSE('',#10659,32.210480012025,26.2);
#10659 = AXIS2_PLACEMENT_3D('',#10660,#10661,#10662);
#10660 = CARTESIAN_POINT('',(0.,0.,51.958234738916));
#10661 = DIRECTION('',(-0.579123336087,-5.474327294562E-02,
    0.813399862101));
#10662 = DIRECTION('',(0.809789964722,7.654768907587E-02,0.581704963305)
  );
#10663 = ORIENTED_EDGE('',*,*,#10664,.T.);
#10664 = EDGE_CURVE('',#10656,#6560,#10665,.T.);
#10665 = LINE('',#10666,#10667);
#10666 = CARTESIAN_POINT('',(-4.139587367304,-0.391306215808,48.9846013)
  );
#10667 = VECTOR('',#10668,1.);
#10668 = DIRECTION('',(9.410831331851E-02,-0.995561964603,0.));
#10669 = ORIENTED_EDGE('',*,*,#6568,.T.);
#10670 = ORIENTED_EDGE('',*,*,#10639,.F.);
#10671 = PLANE('',#10672);
#10672 = AXIS2_PLACEMENT_3D('',#10673,#10674,#10675);
#10673 = CARTESIAN_POINT('',(-4.139587367304,-0.391306215808,48.9846013)
  );
#10674 = DIRECTION('',(-0.579123336087,-5.474327294562E-02,
    0.813399862101));
#10675 = DIRECTION('',(0.809789964722,7.654768907587E-02,0.581704963305)
  );
#10676 = ADVANCED_FACE('',(#10677),#10696,.F.);
#10677 = FACE_BOUND('',#10678,.F.);
#10678 = EDGE_LOOP('',(#10679,#10688,#10694,#10695));
#10679 = ORIENTED_EDGE('',*,*,#10680,.F.);
#10680 = EDGE_CURVE('',#10681,#10656,#10683,.T.);
#10681 = VERTEX_POINT('',#10682);
#10682 = CARTESIAN_POINT('',(-1.890855920876,-26.13167931623,48.7134962)
  );
#10683 = ELLIPSE('',#10684,46.71849212213,26.2);
#10684 = AXIS2_PLACEMENT_3D('',#10685,#10686,#10687);
#10685 = CARTESIAN_POINT('',(0.,0.,55.12333828208));
#10686 = DIRECTION('',(-0.824272934068,-7.791673275727E-02,
    0.560805771118));
#10687 = DIRECTION('',(0.558316895255,5.277648521916E-02,0.827947393909)
  );
#10688 = ORIENTED_EDGE('',*,*,#10689,.T.);
#10689 = EDGE_CURVE('',#10681,#6551,#10690,.T.);
#10690 = LINE('',#10691,#10692);
#10691 = CARTESIAN_POINT('',(-4.322404003763,-0.408587475956,48.7134962)
  );
#10692 = VECTOR('',#10693,1.);
#10693 = DIRECTION('',(9.410831331851E-02,-0.995561964603,0.));
#10694 = ORIENTED_EDGE('',*,*,#6559,.T.);
#10695 = ORIENTED_EDGE('',*,*,#10664,.F.);
#10696 = PLANE('',#10697);
#10697 = AXIS2_PLACEMENT_3D('',#10698,#10699,#10700);
#10698 = CARTESIAN_POINT('',(-4.322404003763,-0.408587475956,48.7134962)
  );
#10699 = DIRECTION('',(-0.824272934068,-7.791673275727E-02,
    0.560805771118));
#10700 = DIRECTION('',(0.558316895255,5.277648521916E-02,0.827947393909)
  );
#10701 = ADVANCED_FACE('',(#10702),#10721,.F.);
#10702 = FACE_BOUND('',#10703,.F.);
#10703 = EDGE_LOOP('',(#10704,#10713,#10719,#10720));
#10704 = ORIENTED_EDGE('',*,*,#10705,.F.);
#10705 = EDGE_CURVE('',#10706,#10681,#10708,.T.);
#10706 = VERTEX_POINT('',#10707);
#10707 = CARTESIAN_POINT('',(-1.935538102291,-26.12840776347,48.2654612)
  );
#10708 = ELLIPSE('',#10709,267.01011942481,26.2);
#10709 = AXIS2_PLACEMENT_3D('',#10710,#10711,#10712);
#10710 = CARTESIAN_POINT('',(0.,0.,92.746936043749));
#10711 = DIRECTION('',(-0.990757614928,-9.365416856348E-02,
    9.812362189283E-02));
#10712 = DIRECTION('',(9.768814578559E-02,9.234248553038E-03,
    0.995174233402));
#10713 = ORIENTED_EDGE('',*,*,#10714,.T.);
#10714 = EDGE_CURVE('',#10706,#6542,#10715,.T.);
#10715 = LINE('',#10716,#10717);
#10716 = CARTESIAN_POINT('',(-4.366383949111,-0.412744804806,48.2654612)
  );
#10717 = VECTOR('',#10718,1.);
#10718 = DIRECTION('',(9.410831331851E-02,-0.995561964603,0.));
#10719 = ORIENTED_EDGE('',*,*,#6550,.T.);
#10720 = ORIENTED_EDGE('',*,*,#10689,.F.);
#10721 = PLANE('',#10722);
#10722 = AXIS2_PLACEMENT_3D('',#10723,#10724,#10725);
#10723 = CARTESIAN_POINT('',(-4.366383949111,-0.412744804806,48.2654612)
  );
#10724 = DIRECTION('',(-0.990757614928,-9.365416856348E-02,
    9.812362189283E-02));
#10725 = DIRECTION('',(9.768814578559E-02,9.234248553038E-03,
    0.995174233402));
#10726 = ADVANCED_FACE('',(#10727),#10739,.F.);
#10727 = FACE_BOUND('',#10728,.F.);
#10728 = EDGE_LOOP('',(#10729,#10736,#10737,#10738));
#10729 = ORIENTED_EDGE('',*,*,#10730,.F.);
#10730 = EDGE_CURVE('',#8526,#10706,#10731,.T.);
#10731 = ELLIPSE('',#10732,49.721598232519,26.2);
#10732 = AXIS2_PLACEMENT_3D('',#10733,#10734,#10735);
#10733 = CARTESIAN_POINT('',(0.,0.,41.19140640936));
#10734 = DIRECTION('',(-0.846134300535,-7.9983240316E-02,-0.526933987067
    ));
#10735 = DIRECTION('',(-0.52459543538,-4.958886875307E-02,0.849906214399
    ));
#10736 = ORIENTED_EDGE('',*,*,#8541,.T.);
#10737 = ORIENTED_EDGE('',*,*,#6541,.T.);
#10738 = ORIENTED_EDGE('',*,*,#10714,.F.);
#10739 = PLANE('',#10740);
#10740 = AXIS2_PLACEMENT_3D('',#10741,#10742,#10743);
#10741 = CARTESIAN_POINT('',(-4.198985282129,-0.396920971873,47.9942557)
  );
#10742 = DIRECTION('',(-0.846134300535,-7.9983240316E-02,-0.526933987067
    ));
#10743 = DIRECTION('',(-0.52459543538,-4.958886875307E-02,0.849906214399
    ));
#10744 = ADVANCED_FACE('',(#10745),#10771,.F.);
#10745 = FACE_BOUND('',#10746,.F.);
#10746 = EDGE_LOOP('',(#10747,#10758,#10764,#10765));
#10747 = ORIENTED_EDGE('',*,*,#10748,.F.);
#10748 = EDGE_CURVE('',#10749,#10751,#10753,.T.);
#10749 = VERTEX_POINT('',#10750);
#10750 = CARTESIAN_POINT('',(-4.000376363792,-25.89279801311,59.8009443)
  );
#10751 = VERTEX_POINT('',#10752);
#10752 = CARTESIAN_POINT('',(-4.21748252346,-25.8583224739,59.9911772));
#10753 = ELLIPSE('',#10754,35.135483683373,26.2);
#10754 = AXIS2_PLACEMENT_3D('',#10755,#10756,#10757);
#10755 = CARTESIAN_POINT('',(0.,0.,54.065002964478));
#10756 = DIRECTION('',(-0.663341685277,-6.270425084002E-02,
    -0.745684910335));
#10757 = DIRECTION('',(-0.742375534308,-7.017514917866E-02,
    0.666298742682));
#10758 = ORIENTED_EDGE('',*,*,#10759,.T.);
#10759 = EDGE_CURVE('',#10749,#7334,#10760,.T.);
#10760 = LINE('',#10761,#10762);
#10761 = CARTESIAN_POINT('',(-6.390860797031,-0.604114210512,59.8009443)
  );
#10762 = VECTOR('',#10763,1.);
#10763 = DIRECTION('',(9.410831331851E-02,-0.995561964603,0.));
#10764 = ORIENTED_EDGE('',*,*,#7333,.T.);
#10765 = ORIENTED_EDGE('',*,*,#10766,.F.);
#10766 = EDGE_CURVE('',#10751,#7336,#10767,.T.);
#10767 = LINE('',#10768,#10769);
#10768 = CARTESIAN_POINT('',(-6.602814147283,-0.624149701023,59.9911772)
  );
#10769 = VECTOR('',#10770,1.);
#10770 = DIRECTION('',(9.410831331851E-02,-0.995561964603,0.));
#10771 = PLANE('',#10772);
#10772 = AXIS2_PLACEMENT_3D('',#10773,#10774,#10775);
#10773 = CARTESIAN_POINT('',(-6.390860797031,-0.604114210512,59.8009443)
  );
#10774 = DIRECTION('',(-0.663341685277,-6.270425084002E-02,
    -0.745684910335));
#10775 = DIRECTION('',(-0.742375534308,-7.017514917866E-02,
    0.666298742682));
#10776 = ADVANCED_FACE('',(#10777),#10796,.F.);
#10777 = FACE_BOUND('',#10778,.F.);
#10778 = EDGE_LOOP('',(#10779,#10780,#10789,#10795));
#10779 = ORIENTED_EDGE('',*,*,#10759,.F.);
#10780 = ORIENTED_EDGE('',*,*,#10781,.T.);
#10781 = EDGE_CURVE('',#10749,#10782,#10784,.T.);
#10782 = VERTEX_POINT('',#10783);
#10783 = CARTESIAN_POINT('',(-2.20101484654,-26.10738465732,59.8009443)
  );
#10784 = CIRCLE('',#10785,26.2);
#10785 = AXIS2_PLACEMENT_3D('',#10786,#10787,#10788);
#10786 = CARTESIAN_POINT('',(0.,0.,59.8009443));
#10787 = DIRECTION('',(0.,0.,1.));
#10788 = DIRECTION('',(-0.995561964603,-9.410831331851E-02,0.));
#10789 = ORIENTED_EDGE('',*,*,#10790,.T.);
#10790 = EDGE_CURVE('',#10782,#7435,#10791,.T.);
#10791 = LINE('',#10792,#10793);
#10792 = CARTESIAN_POINT('',(-4.627539863222,-0.437431306966,59.8009443)
  );
#10793 = VECTOR('',#10794,1.);
#10794 = DIRECTION('',(9.410831331851E-02,-0.995561964603,0.));
#10795 = ORIENTED_EDGE('',*,*,#7443,.F.);
#10796 = PLANE('',#10797);
#10797 = AXIS2_PLACEMENT_3D('',#10798,#10799,#10800);
#10798 = CARTESIAN_POINT('',(-4.627539863222,-0.437431306966,59.8009443)
  );
#10799 = DIRECTION('',(0.,-0.,-1.));
#10800 = DIRECTION('',(-0.995561964603,-9.410831331851E-02,0.));
#10801 = ADVANCED_FACE('',(#10802),#10821,.F.);
#10802 = FACE_BOUND('',#10803,.F.);
#10803 = EDGE_LOOP('',(#10804,#10813,#10819,#10820));
#10804 = ORIENTED_EDGE('',*,*,#10805,.F.);
#10805 = EDGE_CURVE('',#10806,#10782,#10808,.T.);
#10806 = VERTEX_POINT('',#10807);
#10807 = CARTESIAN_POINT('',(-1.793443638437,-26.13854548202,60.2583416)
  );
#10808 = ELLIPSE('',#10809,39.641472397481,26.2);
#10809 = AXIS2_PLACEMENT_3D('',#10810,#10811,#10812);
#10810 = CARTESIAN_POINT('',(0.,0.,65.07875453103));
#10811 = DIRECTION('',(0.747122315623,7.062385212152E-02,-0.660923987315
    ));
#10812 = DIRECTION('',(0.657990783265,6.219844167801E-02,0.750452851944)
  );
#10813 = ORIENTED_EDGE('',*,*,#10814,.T.);
#10814 = EDGE_CURVE('',#10806,#7426,#10815,.T.);
#10815 = LINE('',#10816,#10817);
#10816 = CARTESIAN_POINT('',(-4.226497736577,-0.399521664523,60.2583416)
  );
#10817 = VECTOR('',#10818,1.);
#10818 = DIRECTION('',(9.410831331851E-02,-0.995561964603,0.));
#10819 = ORIENTED_EDGE('',*,*,#7434,.T.);
#10820 = ORIENTED_EDGE('',*,*,#10790,.F.);
#10821 = PLANE('',#10822);
#10822 = AXIS2_PLACEMENT_3D('',#10823,#10824,#10825);
#10823 = CARTESIAN_POINT('',(-4.226497736577,-0.399521664523,60.2583416)
  );
#10824 = DIRECTION('',(0.747122315623,7.062385212152E-02,-0.660923987315
    ));
#10825 = DIRECTION('',(-0.657990783265,-6.219844167801E-02,
    -0.750452851944));
#10826 = ADVANCED_FACE('',(#10827),#10846,.F.);
#10827 = FACE_BOUND('',#10828,.F.);
#10828 = EDGE_LOOP('',(#10829,#10838,#10844,#10845));
#10829 = ORIENTED_EDGE('',*,*,#10830,.F.);
#10830 = EDGE_CURVE('',#10831,#10806,#10833,.T.);
#10831 = VERTEX_POINT('',#10832);
#10832 = CARTESIAN_POINT('',(-1.752539813459,-26.14131986343,60.5431011)
  );
#10833 = ELLIPSE('',#10834,186.24350418858,26.2);
#10834 = AXIS2_PLACEMENT_3D('',#10835,#10836,#10837);
#10835 = CARTESIAN_POINT('',(0.,0.,90.136361172891));
#10836 = DIRECTION('',(0.985661777959,9.31724701468E-02,-0.140676047276)
  );
#10837 = DIRECTION('',(0.140051721998,1.323878553342E-02,0.990055680112)
  );
#10838 = ORIENTED_EDGE('',*,*,#10839,.T.);
#10839 = EDGE_CURVE('',#10831,#7417,#10840,.T.);
#10840 = LINE('',#10841,#10842);
#10841 = CARTESIAN_POINT('',(-4.186216104815,-0.395713929236,60.5431011)
  );
#10842 = VECTOR('',#10843,1.);
#10843 = DIRECTION('',(9.410831331851E-02,-0.995561964603,0.));
#10844 = ORIENTED_EDGE('',*,*,#7425,.T.);
#10845 = ORIENTED_EDGE('',*,*,#10814,.F.);
#10846 = PLANE('',#10847);
#10847 = AXIS2_PLACEMENT_3D('',#10848,#10849,#10850);
#10848 = CARTESIAN_POINT('',(-4.186216104815,-0.395713929236,60.5431011)
  );
#10849 = DIRECTION('',(0.985661777959,9.31724701468E-02,-0.140676047276)
  );
#10850 = DIRECTION('',(-0.140051721998,-1.323878553342E-02,
    -0.990055680112));
#10851 = ADVANCED_FACE('',(#10852),#10871,.F.);
#10852 = FACE_BOUND('',#10853,.F.);
#10853 = EDGE_LOOP('',(#10854,#10863,#10869,#10870));
#10854 = ORIENTED_EDGE('',*,*,#10855,.F.);
#10855 = EDGE_CURVE('',#10856,#10831,#10858,.T.);
#10856 = VERTEX_POINT('',#10857);
#10857 = CARTESIAN_POINT('',(-1.79123589368,-26.1386968683,60.8246478));
#10858 = ELLIPSE('',#10859,194.48458511987,26.2);
#10859 = AXIS2_PLACEMENT_3D('',#10860,#10861,#10862);
#10860 = CARTESIAN_POINT('',(0.,0.,29.61450377705));
#10861 = DIRECTION('',(0.98648680086,9.325045777233E-02,0.13471504687));
#10862 = DIRECTION('',(-0.134117176724,-1.26778058396E-02,0.990884380817
    ));
#10863 = ORIENTED_EDGE('',*,*,#10864,.T.);
#10864 = EDGE_CURVE('',#10856,#7408,#10865,.T.);
#10865 = LINE('',#10866,#10867);
#10866 = CARTESIAN_POINT('',(-4.224323727915,-0.399316160199,60.8246478)
  );
#10867 = VECTOR('',#10868,1.);
#10868 = DIRECTION('',(9.410831331851E-02,-0.995561964603,0.));
#10869 = ORIENTED_EDGE('',*,*,#7416,.T.);
#10870 = ORIENTED_EDGE('',*,*,#10839,.F.);
#10871 = PLANE('',#10872);
#10872 = AXIS2_PLACEMENT_3D('',#10873,#10874,#10875);
#10873 = CARTESIAN_POINT('',(-4.224323727915,-0.399316160199,60.8246478)
  );
#10874 = DIRECTION('',(0.98648680086,9.325045777233E-02,0.13471504687));
#10875 = DIRECTION('',(0.134117176724,1.26778058396E-02,-0.990884380817)
  );
#10876 = ADVANCED_FACE('',(#10877),#10896,.F.);
#10877 = FACE_BOUND('',#10878,.F.);
#10878 = EDGE_LOOP('',(#10879,#10888,#10894,#10895));
#10879 = ORIENTED_EDGE('',*,*,#10880,.F.);
#10880 = EDGE_CURVE('',#10881,#10856,#10883,.T.);
#10881 = VERTEX_POINT('',#10882);
#10882 = CARTESIAN_POINT('',(-2.028708744907,-26.12133880237,61.1437943)
  );
#10883 = ELLIPSE('',#10884,44.213055596335,26.2);
#10884 = AXIS2_PLACEMENT_3D('',#10885,#10886,#10887);
#10885 = CARTESIAN_POINT('',(0.,0.,55.056878308339));
#10886 = DIRECTION('',(0.801932945811,7.580498211877E-02,0.592585145872)
  );
#10887 = DIRECTION('',(-0.589955232019,-5.576718857562E-02,0.80550781802
    ));
#10888 = ORIENTED_EDGE('',*,*,#10889,.T.);
#10889 = EDGE_CURVE('',#10881,#7399,#10890,.T.);
#10890 = LINE('',#10891,#10892);
#10891 = CARTESIAN_POINT('',(-4.458067142,-0.421411418185,61.1437943));
#10892 = VECTOR('',#10893,1.);
#10893 = DIRECTION('',(9.410831331851E-02,-0.995561964603,0.));
#10894 = ORIENTED_EDGE('',*,*,#7407,.T.);
#10895 = ORIENTED_EDGE('',*,*,#10864,.F.);
#10896 = PLANE('',#10897);
#10897 = AXIS2_PLACEMENT_3D('',#10898,#10899,#10900);
#10898 = CARTESIAN_POINT('',(-4.458067142,-0.421411418185,61.1437943));
#10899 = DIRECTION('',(0.801932945811,7.580498211877E-02,0.592585145872)
  );
#10900 = DIRECTION('',(0.589955232019,5.576718857562E-02,-0.80550781802)
  );
#10901 = ADVANCED_FACE('',(#10902),#10921,.F.);
#10902 = FACE_BOUND('',#10903,.F.);
#10903 = EDGE_LOOP('',(#10904,#10913,#10919,#10920));
#10904 = ORIENTED_EDGE('',*,*,#10905,.F.);
#10905 = EDGE_CURVE('',#10906,#10881,#10908,.T.);
#10906 = VERTEX_POINT('',#10907);
#10907 = CARTESIAN_POINT('',(-2.25955056828,-26.10238363118,61.2561921)
  );
#10908 = ELLIPSE('',#10909,29.20977815966,26.2);
#10909 = AXIS2_PLACEMENT_3D('',#10910,#10911,#10912);
#10910 = CARTESIAN_POINT('',(0.,0.,58.936615751712));
#10911 = DIRECTION('',(0.440149777179,4.160640383073E-02,0.896959910369)
  );
#10912 = DIRECTION('',(-0.892979170538,-8.441138427919E-02,
    0.442111885375));
#10913 = ORIENTED_EDGE('',*,*,#10914,.T.);
#10914 = EDGE_CURVE('',#10906,#7390,#10915,.T.);
#10915 = LINE('',#10916,#10917);
#10916 = CARTESIAN_POINT('',(-4.685088621255,-0.44287126625,61.2561921)
  );
#10917 = VECTOR('',#10918,1.);
#10918 = DIRECTION('',(9.410831331851E-02,-0.995561964603,0.));
#10919 = ORIENTED_EDGE('',*,*,#7398,.T.);
#10920 = ORIENTED_EDGE('',*,*,#10889,.F.);
#10921 = PLANE('',#10922);
#10922 = AXIS2_PLACEMENT_3D('',#10923,#10924,#10925);
#10923 = CARTESIAN_POINT('',(-4.685088621255,-0.44287126625,61.2561921)
  );
#10924 = DIRECTION('',(0.440149777179,4.160640383073E-02,0.896959910369)
  );
#10925 = DIRECTION('',(0.892979170538,8.441138427919E-02,-0.442111885375
    ));
#10926 = ADVANCED_FACE('',(#10927),#10946,.F.);
#10927 = FACE_BOUND('',#10928,.F.);
#10928 = EDGE_LOOP('',(#10929,#10938,#10944,#10945));
#10929 = ORIENTED_EDGE('',*,*,#10930,.F.);
#10930 = EDGE_CURVE('',#10931,#10906,#10933,.T.);
#10931 = VERTEX_POINT('',#10932);
#10932 = CARTESIAN_POINT('',(-3.365745906334,-25.98291274076,61.2956744)
  );
#10933 = ELLIPSE('',#10934,26.217180931618,26.2);
#10934 = AXIS2_PLACEMENT_3D('',#10935,#10936,#10937);
#10935 = CARTESIAN_POINT('',(0.,0.,61.085737624899));
#10936 = DIRECTION('',(3.60364905022E-02,3.406451290486E-03,
    0.999344668992));
#10937 = DIRECTION('',(-0.994909541977,-9.404664122265E-02,
    3.619713466712E-02));
#10938 = ORIENTED_EDGE('',*,*,#10939,.T.);
#10939 = EDGE_CURVE('',#10931,#7381,#10940,.T.);
#10940 = LINE('',#10941,#10942);
#10941 = CARTESIAN_POINT('',(-5.770293772724,-0.545453355603,61.2956744)
  );
#10942 = VECTOR('',#10943,1.);
#10943 = DIRECTION('',(9.410831331851E-02,-0.995561964603,0.));
#10944 = ORIENTED_EDGE('',*,*,#7389,.T.);
#10945 = ORIENTED_EDGE('',*,*,#10914,.F.);
#10946 = PLANE('',#10947);
#10947 = AXIS2_PLACEMENT_3D('',#10948,#10949,#10950);
#10948 = CARTESIAN_POINT('',(-5.770293772724,-0.545453355603,61.2956744)
  );
#10949 = DIRECTION('',(3.60364905022E-02,3.406451290486E-03,
    0.999344668992));
#10950 = DIRECTION('',(0.994909541977,9.404664122265E-02,
    -3.619713466712E-02));
#10951 = ADVANCED_FACE('',(#10952),#10971,.F.);
#10952 = FACE_BOUND('',#10953,.F.);
#10953 = EDGE_LOOP('',(#10954,#10963,#10969,#10970));
#10954 = ORIENTED_EDGE('',*,*,#10955,.F.);
#10955 = EDGE_CURVE('',#10956,#10931,#10958,.T.);
#10956 = VERTEX_POINT('',#10957);
#10957 = CARTESIAN_POINT('',(-3.968473111721,-25.89770687071,61.2215792)
  );
#10958 = ELLIPSE('',#10959,26.404393864059,26.2);
#10959 = AXIS2_PLACEMENT_3D('',#10960,#10961,#10962);
#10960 = CARTESIAN_POINT('',(0.,0.,62.021067256167));
#10961 = DIRECTION('',(-0.123633746838,-1.168682994916E-02,
    0.992259096531));
#10962 = DIRECTION('',(0.987855415538,9.337982994949E-02,0.124184883748)
  );
#10963 = ORIENTED_EDGE('',*,*,#10964,.T.);
#10964 = EDGE_CURVE('',#10956,#7372,#10965,.T.);
#10965 = LINE('',#10966,#10967);
#10966 = CARTESIAN_POINT('',(-6.359700006207,-0.601168648538,61.2215792)
  );
#10967 = VECTOR('',#10968,1.);
#10968 = DIRECTION('',(9.410831331851E-02,-0.995561964603,0.));
#10969 = ORIENTED_EDGE('',*,*,#7380,.T.);
#10970 = ORIENTED_EDGE('',*,*,#10939,.F.);
#10971 = PLANE('',#10972);
#10972 = AXIS2_PLACEMENT_3D('',#10973,#10974,#10975);
#10973 = CARTESIAN_POINT('',(-6.359700006207,-0.601168648538,61.2215792)
  );
#10974 = DIRECTION('',(-0.123633746838,-1.168682994916E-02,
    0.992259096531));
#10975 = DIRECTION('',(0.987855415538,9.337982994949E-02,0.124184883748)
  );
#10976 = ADVANCED_FACE('',(#10977),#10996,.F.);
#10977 = FACE_BOUND('',#10978,.F.);
#10978 = EDGE_LOOP('',(#10979,#10988,#10994,#10995));
#10979 = ORIENTED_EDGE('',*,*,#10980,.F.);
#10980 = EDGE_CURVE('',#10981,#10956,#10983,.T.);
#10981 = VERTEX_POINT('',#10982);
#10982 = CARTESIAN_POINT('',(-4.253027005146,-25.85250009754,61.0736649)
  );
#10983 = ELLIPSE('',#10984,29.653428108964,26.2);
#10984 = AXIS2_PLACEMENT_3D('',#10985,#10986,#10987);
#10985 = CARTESIAN_POINT('',(0.,0.,64.607814785788));
#10986 = DIRECTION('',(-0.466276486426,-4.407610499177E-02,
    0.883540341566));
#10987 = DIRECTION('',(0.879619158256,8.314849129365E-02,0.468355062773)
  );
#10988 = ORIENTED_EDGE('',*,*,#10989,.T.);
#10989 = EDGE_CURVE('',#10981,#7363,#10990,.T.);
#10990 = LINE('',#10991,#10992);
#10991 = CARTESIAN_POINT('',(-6.637498331456,-0.627428321729,61.0736649)
  );
#10992 = VECTOR('',#10993,1.);
#10993 = DIRECTION('',(9.410831331851E-02,-0.995561964603,0.));
#10994 = ORIENTED_EDGE('',*,*,#7371,.T.);
#10995 = ORIENTED_EDGE('',*,*,#10964,.F.);
#10996 = PLANE('',#10997);
#10997 = AXIS2_PLACEMENT_3D('',#10998,#10999,#11000);
#10998 = CARTESIAN_POINT('',(-6.637498331456,-0.627428321729,61.0736649)
  );
#10999 = DIRECTION('',(-0.466276486426,-4.407610499177E-02,
    0.883540341566));
#11000 = DIRECTION('',(0.879619158256,8.314849129365E-02,0.468355062773)
  );
#11001 = ADVANCED_FACE('',(#11002),#11021,.F.);
#11002 = FACE_BOUND('',#11003,.F.);
#11003 = EDGE_LOOP('',(#11004,#11013,#11019,#11020));
#11004 = ORIENTED_EDGE('',*,*,#11005,.F.);
#11005 = EDGE_CURVE('',#11006,#10981,#11008,.T.);
#11006 = VERTEX_POINT('',#11007);
#11007 = CARTESIAN_POINT('',(-4.41447194857,-25.82542230855,60.8438995)
  );
#11008 = ELLIPSE('',#11009,46.203573983129,26.2);
#11009 = AXIS2_PLACEMENT_3D('',#11010,#11011,#11012);
#11010 = CARTESIAN_POINT('',(0.,0.,70.75797389927));
#11011 = DIRECTION('',(-0.820023929293,-7.751508355116E-02,0.56705570027
    ));
#11012 = DIRECTION('',(0.564539087001,5.33646555101E-02,0.823679447838)
  );
#11013 = ORIENTED_EDGE('',*,*,#11014,.T.);
#11014 = EDGE_CURVE('',#11006,#7354,#11015,.T.);
#11015 = LINE('',#11016,#11017);
#11016 = CARTESIAN_POINT('',(-6.794976522129,-0.642314393551,60.8438995)
  );
#11017 = VECTOR('',#11018,1.);
#11018 = DIRECTION('',(9.410831331851E-02,-0.995561964603,0.));
#11019 = ORIENTED_EDGE('',*,*,#7362,.T.);
#11020 = ORIENTED_EDGE('',*,*,#10989,.F.);
#11021 = PLANE('',#11022);
#11022 = AXIS2_PLACEMENT_3D('',#11023,#11024,#11025);
#11023 = CARTESIAN_POINT('',(-6.794976522129,-0.642314393551,60.8438995)
  );
#11024 = DIRECTION('',(-0.820023929293,-7.751508355116E-02,0.56705570027
    ));
#11025 = DIRECTION('',(0.564539087001,5.33646555101E-02,0.823679447838)
  );
#11026 = ADVANCED_FACE('',(#11027),#11046,.F.);
#11027 = FACE_BOUND('',#11028,.F.);
#11028 = EDGE_LOOP('',(#11029,#11038,#11044,#11045));
#11029 = ORIENTED_EDGE('',*,*,#11030,.F.);
#11030 = EDGE_CURVE('',#11031,#11006,#11033,.T.);
#11031 = VERTEX_POINT('',#11032);
#11032 = CARTESIAN_POINT('',(-4.412857518157,-25.82569821949,60.2502845)
  );
#11033 = ELLIPSE('',#11034,9.835431721737E+03,26.2);
#11034 = AXIS2_PLACEMENT_3D('',#11035,#11036,#11037);
#11035 = CARTESIAN_POINT('',(0.,0.,-2.501339777404E+03));
#11036 = DIRECTION('',(-0.995558432326,-9.410797942E-02,
    -2.663838328733E-03));
#11037 = DIRECTION('',(-2.652016119939E-03,-2.506893320703E-04,
    0.999996451976));
#11038 = ORIENTED_EDGE('',*,*,#11039,.T.);
#11039 = EDGE_CURVE('',#11031,#7345,#11040,.T.);
#11040 = LINE('',#11041,#11042);
#11041 = CARTESIAN_POINT('',(-6.793402239995,-0.642165580075,60.2502845)
  );
#11042 = VECTOR('',#11043,1.);
#11043 = DIRECTION('',(9.410831331851E-02,-0.995561964603,0.));
#11044 = ORIENTED_EDGE('',*,*,#7353,.T.);
#11045 = ORIENTED_EDGE('',*,*,#11014,.F.);
#11046 = PLANE('',#11047);
#11047 = AXIS2_PLACEMENT_3D('',#11048,#11049,#11050);
#11048 = CARTESIAN_POINT('',(-6.793402239995,-0.642165580075,60.2502845)
  );
#11049 = DIRECTION('',(-0.995558432326,-9.410797942E-02,
    -2.663838328733E-03));
#11050 = DIRECTION('',(-2.652016119939E-03,-2.506893320703E-04,
    0.999996451976));
#11051 = ADVANCED_FACE('',(#11052),#11064,.F.);
#11052 = FACE_BOUND('',#11053,.F.);
#11053 = EDGE_LOOP('',(#11054,#11061,#11062,#11063));
#11054 = ORIENTED_EDGE('',*,*,#11055,.F.);
#11055 = EDGE_CURVE('',#10751,#11031,#11056,.T.);
#11056 = ELLIPSE('',#11057,44.090100499868,26.2);
#11057 = AXIS2_PLACEMENT_3D('',#11058,#11059,#11060);
#11058 = CARTESIAN_POINT('',(0.,0.,51.014554779533));
#11059 = DIRECTION('',(-0.800720006115,-7.569032555987E-02,
    -0.594237701955));
#11060 = DIRECTION('',(-0.591600453999,-5.592270784124E-02,
    0.804289471257));
#11061 = ORIENTED_EDGE('',*,*,#10766,.T.);
#11062 = ORIENTED_EDGE('',*,*,#7344,.T.);
#11063 = ORIENTED_EDGE('',*,*,#11039,.F.);
#11064 = PLANE('',#11065);
#11065 = AXIS2_PLACEMENT_3D('',#11066,#11067,#11068);
#11066 = CARTESIAN_POINT('',(-6.602814147283,-0.624149701023,59.9911772)
  );
#11067 = DIRECTION('',(-0.800720006115,-7.569032555987E-02,
    -0.594237701955));
#11068 = DIRECTION('',(-0.591600453999,-5.592270784124E-02,
    0.804289471257));
#11069 = ADVANCED_FACE('',(#11070),#11089,.T.);
#11070 = FACE_BOUND('',#11071,.T.);
#11071 = EDGE_LOOP('',(#11072,#11080,#11087,#11088));
#11072 = ORIENTED_EDGE('',*,*,#11073,.F.);
#11073 = EDGE_CURVE('',#11074,#7459,#11076,.T.);
#11074 = VERTEX_POINT('',#11075);
#11075 = CARTESIAN_POINT('',(27.,-7.E-15,91.7));
#11076 = LINE('',#11077,#11078);
#11077 = CARTESIAN_POINT('',(27.,-6.61E-15,8.));
#11078 = VECTOR('',#11079,1.);
#11079 = DIRECTION('',(0.,0.,1.));
#11080 = ORIENTED_EDGE('',*,*,#11081,.T.);
#11081 = EDGE_CURVE('',#11074,#11074,#11082,.T.);
#11082 = CIRCLE('',#11083,27.);
#11083 = AXIS2_PLACEMENT_3D('',#11084,#11085,#11086);
#11084 = CARTESIAN_POINT('',(0.,0.,91.7));
#11085 = DIRECTION('',(0.,0.,1.));
#11086 = DIRECTION('',(1.,0.,0.));
#11087 = ORIENTED_EDGE('',*,*,#11073,.T.);
#11088 = ORIENTED_EDGE('',*,*,#7458,.F.);
#11089 = CYLINDRICAL_SURFACE('',#11090,27.);
#11090 = AXIS2_PLACEMENT_3D('',#11091,#11092,#11093);
#11091 = CARTESIAN_POINT('',(0.,0.,8.));
#11092 = DIRECTION('',(0.,0.,1.));
#11093 = DIRECTION('',(1.,0.,0.));
#11094 = ADVANCED_FACE('',(#11095),#11114,.T.);
#11095 = FACE_BOUND('',#11096,.T.);
#11096 = EDGE_LOOP('',(#11097,#11106,#11112,#11113));
#11097 = ORIENTED_EDGE('',*,*,#11098,.F.);
#11098 = EDGE_CURVE('',#11099,#11099,#11101,.T.);
#11099 = VERTEX_POINT('',#11100);
#11100 = CARTESIAN_POINT('',(26.5,-6.E-15,89.2));
#11101 = CIRCLE('',#11102,26.5);
#11102 = AXIS2_PLACEMENT_3D('',#11103,#11104,#11105);
#11103 = CARTESIAN_POINT('',(0.,0.,89.2));
#11104 = DIRECTION('',(0.,0.,1.));
#11105 = DIRECTION('',(1.,0.,0.));
#11106 = ORIENTED_EDGE('',*,*,#11107,.F.);
#11107 = EDGE_CURVE('',#7482,#11099,#11108,.T.);
#11108 = LINE('',#11109,#11110);
#11109 = CARTESIAN_POINT('',(26.5,-6.49E-15,86.8));
#11110 = VECTOR('',#11111,1.);
#11111 = DIRECTION('',(0.,0.,1.));
#11112 = ORIENTED_EDGE('',*,*,#7481,.T.);
#11113 = ORIENTED_EDGE('',*,*,#11107,.T.);
#11114 = CYLINDRICAL_SURFACE('',#11115,26.5);
#11115 = AXIS2_PLACEMENT_3D('',#11116,#11117,#11118);
#11116 = CARTESIAN_POINT('',(0.,0.,86.8));
#11117 = DIRECTION('',(0.,0.,1.));
#11118 = DIRECTION('',(1.,0.,0.));
#11119 = ADVANCED_FACE('',(#11120),#11132,.T.);
#11120 = FACE_BOUND('',#11121,.T.);
#11121 = EDGE_LOOP('',(#11122,#11123,#11124,#11125,#11126,#11127,#11128,
    #11129,#11130,#11131));
#11122 = ORIENTED_EDGE('',*,*,#7730,.F.);
#11123 = ORIENTED_EDGE('',*,*,#7498,.F.);
#11124 = ORIENTED_EDGE('',*,*,#7531,.T.);
#11125 = ORIENTED_EDGE('',*,*,#7555,.F.);
#11126 = ORIENTED_EDGE('',*,*,#7580,.F.);
#11127 = ORIENTED_EDGE('',*,*,#7605,.F.);
#11128 = ORIENTED_EDGE('',*,*,#7630,.F.);
#11129 = ORIENTED_EDGE('',*,*,#7655,.F.);
#11130 = ORIENTED_EDGE('',*,*,#7680,.F.);
#11131 = ORIENTED_EDGE('',*,*,#7705,.F.);
#11132 = CYLINDRICAL_SURFACE('',#11133,26.2);
#11133 = AXIS2_PLACEMENT_3D('',#11134,#11135,#11136);
#11134 = CARTESIAN_POINT('',(0.,0.,-100.));
#11135 = DIRECTION('',(0.,0.,1.));
#11136 = DIRECTION('',(-0.995561964603,-9.410831331851E-02,0.));
#11137 = ADVANCED_FACE('',(#11138),#11157,.T.);
#11138 = FACE_BOUND('',#11139,.T.);
#11139 = EDGE_LOOP('',(#11140,#11141,#11142,#11143,#11144,#11145,#11146,
    #11147,#11148,#11149,#11150,#11151,#11152,#11153,#11154,#11155,
    #11156));
#11140 = ORIENTED_EDGE('',*,*,#8155,.F.);
#11141 = ORIENTED_EDGE('',*,*,#7748,.F.);
#11142 = ORIENTED_EDGE('',*,*,#7780,.F.);
#11143 = ORIENTED_EDGE('',*,*,#7805,.F.);
#11144 = ORIENTED_EDGE('',*,*,#7830,.F.);
#11145 = ORIENTED_EDGE('',*,*,#7855,.F.);
#11146 = ORIENTED_EDGE('',*,*,#7880,.F.);
#11147 = ORIENTED_EDGE('',*,*,#7905,.F.);
#11148 = ORIENTED_EDGE('',*,*,#7930,.F.);
#11149 = ORIENTED_EDGE('',*,*,#7955,.F.);
#11150 = ORIENTED_EDGE('',*,*,#7980,.F.);
#11151 = ORIENTED_EDGE('',*,*,#8005,.F.);
#11152 = ORIENTED_EDGE('',*,*,#8030,.F.);
#11153 = ORIENTED_EDGE('',*,*,#8055,.F.);
#11154 = ORIENTED_EDGE('',*,*,#8080,.F.);
#11155 = ORIENTED_EDGE('',*,*,#8105,.F.);
#11156 = ORIENTED_EDGE('',*,*,#8130,.F.);
#11157 = CYLINDRICAL_SURFACE('',#11158,26.2);
#11158 = AXIS2_PLACEMENT_3D('',#11159,#11160,#11161);
#11159 = CARTESIAN_POINT('',(0.,0.,-100.));
#11160 = DIRECTION('',(0.,0.,1.));
#11161 = DIRECTION('',(-0.995561964603,-9.410831331851E-02,0.));
#11162 = ADVANCED_FACE('',(#11163),#11179,.T.);
#11163 = FACE_BOUND('',#11164,.T.);
#11164 = EDGE_LOOP('',(#11165,#11166,#11167,#11168,#11169,#11170,#11171,
    #11172,#11173,#11174,#11175,#11176,#11177,#11178));
#11165 = ORIENTED_EDGE('',*,*,#8505,.F.);
#11166 = ORIENTED_EDGE('',*,*,#8173,.F.);
#11167 = ORIENTED_EDGE('',*,*,#8205,.F.);
#11168 = ORIENTED_EDGE('',*,*,#8230,.F.);
#11169 = ORIENTED_EDGE('',*,*,#8255,.F.);
#11170 = ORIENTED_EDGE('',*,*,#8280,.F.);
#11171 = ORIENTED_EDGE('',*,*,#8305,.F.);
#11172 = ORIENTED_EDGE('',*,*,#8330,.F.);
#11173 = ORIENTED_EDGE('',*,*,#8355,.F.);
#11174 = ORIENTED_EDGE('',*,*,#8380,.F.);
#11175 = ORIENTED_EDGE('',*,*,#8405,.F.);
#11176 = ORIENTED_EDGE('',*,*,#8430,.F.);
#11177 = ORIENTED_EDGE('',*,*,#8455,.F.);
#11178 = ORIENTED_EDGE('',*,*,#8480,.F.);
#11179 = CYLINDRICAL_SURFACE('',#11180,26.2);
#11180 = AXIS2_PLACEMENT_3D('',#11181,#11182,#11183);
#11181 = CARTESIAN_POINT('',(0.,0.,-100.));
#11182 = DIRECTION('',(0.,0.,1.));
#11183 = DIRECTION('',(-0.995561964603,-9.410831331851E-02,0.));
#11184 = ADVANCED_FACE('',(#11185),#11276,.T.);
#11185 = FACE_BOUND('',#11186,.T.);
#11186 = EDGE_LOOP('',(#11187,#11188,#11189,#11190,#11191,#11192,#11193,
    #11194,#11195,#11196,#11197,#11198,#11199,#11200,#11201,#11202,
    #11203,#11204,#11205,#11206,#11207,#11208,#11209,#11210,#11211,
    #11212,#11213,#11214,#11215,#11216,#11217,#11218,#11219,#11220,
    #11221,#11222,#11223,#11224,#11225,#11226,#11227,#11228,#11229,
    #11230,#11231,#11232,#11233,#11234,#11235,#11236,#11237,#11238,
    #11239,#11240,#11241,#11242,#11243,#11244,#11245,#11246,#11247,
    #11248,#11249,#11250,#11251,#11252,#11253,#11254,#11255,#11256,
    #11257,#11258,#11259,#11260,#11261,#11262,#11263,#11264,#11265,
    #11266,#11267,#11268,#11269,#11270,#11271,#11272,#11273,#11274,
    #11275));
#11187 = ORIENTED_EDGE('',*,*,#10730,.F.);
#11188 = ORIENTED_EDGE('',*,*,#8523,.F.);
#11189 = ORIENTED_EDGE('',*,*,#8555,.F.);
#11190 = ORIENTED_EDGE('',*,*,#8580,.F.);
#11191 = ORIENTED_EDGE('',*,*,#8605,.F.);
#11192 = ORIENTED_EDGE('',*,*,#8630,.F.);
#11193 = ORIENTED_EDGE('',*,*,#8655,.F.);
#11194 = ORIENTED_EDGE('',*,*,#8680,.F.);
#11195 = ORIENTED_EDGE('',*,*,#8705,.F.);
#11196 = ORIENTED_EDGE('',*,*,#8730,.F.);
#11197 = ORIENTED_EDGE('',*,*,#8755,.F.);
#11198 = ORIENTED_EDGE('',*,*,#8780,.F.);
#11199 = ORIENTED_EDGE('',*,*,#8805,.F.);
#11200 = ORIENTED_EDGE('',*,*,#8830,.F.);
#11201 = ORIENTED_EDGE('',*,*,#8855,.F.);
#11202 = ORIENTED_EDGE('',*,*,#8880,.F.);
#11203 = ORIENTED_EDGE('',*,*,#8905,.F.);
#11204 = ORIENTED_EDGE('',*,*,#8930,.F.);
#11205 = ORIENTED_EDGE('',*,*,#8955,.F.);
#11206 = ORIENTED_EDGE('',*,*,#8980,.F.);
#11207 = ORIENTED_EDGE('',*,*,#9005,.F.);
#11208 = ORIENTED_EDGE('',*,*,#9030,.F.);
#11209 = ORIENTED_EDGE('',*,*,#9055,.F.);
#11210 = ORIENTED_EDGE('',*,*,#9080,.F.);
#11211 = ORIENTED_EDGE('',*,*,#9105,.F.);
#11212 = ORIENTED_EDGE('',*,*,#9130,.F.);
#11213 = ORIENTED_EDGE('',*,*,#9155,.F.);
#11214 = ORIENTED_EDGE('',*,*,#9180,.F.);
#11215 = ORIENTED_EDGE('',*,*,#9205,.F.);
#11216 = ORIENTED_EDGE('',*,*,#9230,.F.);
#11217 = ORIENTED_EDGE('',*,*,#9255,.F.);
#11218 = ORIENTED_EDGE('',*,*,#9280,.F.);
#11219 = ORIENTED_EDGE('',*,*,#9305,.F.);
#11220 = ORIENTED_EDGE('',*,*,#9330,.F.);
#11221 = ORIENTED_EDGE('',*,*,#9355,.F.);
#11222 = ORIENTED_EDGE('',*,*,#9380,.F.);
#11223 = ORIENTED_EDGE('',*,*,#9405,.F.);
#11224 = ORIENTED_EDGE('',*,*,#9430,.F.);
#11225 = ORIENTED_EDGE('',*,*,#9455,.F.);
#11226 = ORIENTED_EDGE('',*,*,#9480,.F.);
#11227 = ORIENTED_EDGE('',*,*,#9505,.F.);
#11228 = ORIENTED_EDGE('',*,*,#9530,.F.);
#11229 = ORIENTED_EDGE('',*,*,#9555,.F.);
#11230 = ORIENTED_EDGE('',*,*,#9580,.F.);
#11231 = ORIENTED_EDGE('',*,*,#9605,.F.);
#11232 = ORIENTED_EDGE('',*,*,#9630,.F.);
#11233 = ORIENTED_EDGE('',*,*,#9655,.F.);
#11234 = ORIENTED_EDGE('',*,*,#9680,.F.);
#11235 = ORIENTED_EDGE('',*,*,#9705,.F.);
#11236 = ORIENTED_EDGE('',*,*,#9730,.F.);
#11237 = ORIENTED_EDGE('',*,*,#9755,.F.);
#11238 = ORIENTED_EDGE('',*,*,#9780,.F.);
#11239 = ORIENTED_EDGE('',*,*,#9805,.F.);
#11240 = ORIENTED_EDGE('',*,*,#9830,.F.);
#11241 = ORIENTED_EDGE('',*,*,#9855,.F.);
#11242 = ORIENTED_EDGE('',*,*,#9880,.F.);
#11243 = ORIENTED_EDGE('',*,*,#9905,.F.);
#11244 = ORIENTED_EDGE('',*,*,#9930,.F.);
#11245 = ORIENTED_EDGE('',*,*,#9955,.F.);
#11246 = ORIENTED_EDGE('',*,*,#9980,.F.);
#11247 = ORIENTED_EDGE('',*,*,#10005,.F.);
#11248 = ORIENTED_EDGE('',*,*,#10030,.F.);
#11249 = ORIENTED_EDGE('',*,*,#10055,.F.);
#11250 = ORIENTED_EDGE('',*,*,#10080,.F.);
#11251 = ORIENTED_EDGE('',*,*,#10105,.F.);
#11252 = ORIENTED_EDGE('',*,*,#10130,.F.);
#11253 = ORIENTED_EDGE('',*,*,#10155,.F.);
#11254 = ORIENTED_EDGE('',*,*,#10180,.F.);
#11255 = ORIENTED_EDGE('',*,*,#10205,.F.);
#11256 = ORIENTED_EDGE('',*,*,#10230,.F.);
#11257 = ORIENTED_EDGE('',*,*,#10255,.F.);
#11258 = ORIENTED_EDGE('',*,*,#10280,.F.);
#11259 = ORIENTED_EDGE('',*,*,#10305,.F.);
#11260 = ORIENTED_EDGE('',*,*,#10330,.F.);
#11261 = ORIENTED_EDGE('',*,*,#10355,.F.);
#11262 = ORIENTED_EDGE('',*,*,#10380,.F.);
#11263 = ORIENTED_EDGE('',*,*,#10405,.F.);
#11264 = ORIENTED_EDGE('',*,*,#10430,.F.);
#11265 = ORIENTED_EDGE('',*,*,#10455,.F.);
#11266 = ORIENTED_EDGE('',*,*,#10480,.F.);
#11267 = ORIENTED_EDGE('',*,*,#10505,.F.);
#11268 = ORIENTED_EDGE('',*,*,#10530,.F.);
#11269 = ORIENTED_EDGE('',*,*,#10555,.F.);
#11270 = ORIENTED_EDGE('',*,*,#10580,.F.);
#11271 = ORIENTED_EDGE('',*,*,#10605,.F.);
#11272 = ORIENTED_EDGE('',*,*,#10630,.F.);
#11273 = ORIENTED_EDGE('',*,*,#10655,.F.);
#11274 = ORIENTED_EDGE('',*,*,#10680,.F.);
#11275 = ORIENTED_EDGE('',*,*,#10705,.F.);
#11276 = CYLINDRICAL_SURFACE('',#11277,26.2);
#11277 = AXIS2_PLACEMENT_3D('',#11278,#11279,#11280);
#11278 = CARTESIAN_POINT('',(0.,0.,-100.));
#11279 = DIRECTION('',(0.,0.,1.));
#11280 = DIRECTION('',(-0.995561964603,-9.410831331851E-02,0.));
#11281 = ADVANCED_FACE('',(#11282),#11297,.T.);
#11282 = FACE_BOUND('',#11283,.T.);
#11283 = EDGE_LOOP('',(#11284,#11285,#11286,#11287,#11288,#11289,#11290,
    #11291,#11292,#11293,#11294,#11295,#11296));
#11284 = ORIENTED_EDGE('',*,*,#11055,.F.);
#11285 = ORIENTED_EDGE('',*,*,#10748,.F.);
#11286 = ORIENTED_EDGE('',*,*,#10781,.T.);
#11287 = ORIENTED_EDGE('',*,*,#10805,.F.);
#11288 = ORIENTED_EDGE('',*,*,#10830,.F.);
#11289 = ORIENTED_EDGE('',*,*,#10855,.F.);
#11290 = ORIENTED_EDGE('',*,*,#10880,.F.);
#11291 = ORIENTED_EDGE('',*,*,#10905,.F.);
#11292 = ORIENTED_EDGE('',*,*,#10930,.F.);
#11293 = ORIENTED_EDGE('',*,*,#10955,.F.);
#11294 = ORIENTED_EDGE('',*,*,#10980,.F.);
#11295 = ORIENTED_EDGE('',*,*,#11005,.F.);
#11296 = ORIENTED_EDGE('',*,*,#11030,.F.);
#11297 = CYLINDRICAL_SURFACE('',#11298,26.2);
#11298 = AXIS2_PLACEMENT_3D('',#11299,#11300,#11301);
#11299 = CARTESIAN_POINT('',(0.,0.,-100.));
#11300 = DIRECTION('',(0.,0.,1.));
#11301 = DIRECTION('',(-0.995561964603,-9.410831331851E-02,0.));
#11302 = ADVANCED_FACE('',(#11303,#11306),#11317,.F.);
#11303 = FACE_BOUND('',#11304,.F.);
#11304 = EDGE_LOOP('',(#11305));
#11305 = ORIENTED_EDGE('',*,*,#11081,.T.);
#11306 = FACE_BOUND('',#11307,.F.);
#11307 = EDGE_LOOP('',(#11308));
#11308 = ORIENTED_EDGE('',*,*,#11309,.F.);
#11309 = EDGE_CURVE('',#11310,#11310,#11312,.T.);
#11310 = VERTEX_POINT('',#11311);
#11311 = CARTESIAN_POINT('',(26.5,-6.E-15,91.7));
#11312 = CIRCLE('',#11313,26.5);
#11313 = AXIS2_PLACEMENT_3D('',#11314,#11315,#11316);
#11314 = CARTESIAN_POINT('',(0.,0.,91.7));
#11315 = DIRECTION('',(0.,0.,1.));
#11316 = DIRECTION('',(1.,0.,0.));
#11317 = PLANE('',#11318);
#11318 = AXIS2_PLACEMENT_3D('',#11319,#11320,#11321);
#11319 = CARTESIAN_POINT('',(0.,0.,91.7));
#11320 = DIRECTION('',(0.,0.,1.));
#11321 = DIRECTION('',(1.,0.,0.));
#11322 = ADVANCED_FACE('',(#11323,#11334),#11337,.F.);
#11323 = FACE_BOUND('',#11324,.F.);
#11324 = EDGE_LOOP('',(#11325));
#11325 = ORIENTED_EDGE('',*,*,#11326,.T.);
#11326 = EDGE_CURVE('',#11327,#11327,#11329,.T.);
#11327 = VERTEX_POINT('',#11328);
#11328 = CARTESIAN_POINT('',(27.,-7.E-15,89.2));
#11329 = CIRCLE('',#11330,27.);
#11330 = AXIS2_PLACEMENT_3D('',#11331,#11332,#11333);
#11331 = CARTESIAN_POINT('',(0.,0.,89.2));
#11332 = DIRECTION('',(0.,0.,1.));
#11333 = DIRECTION('',(1.,0.,0.));
#11334 = FACE_BOUND('',#11335,.F.);
#11335 = EDGE_LOOP('',(#11336));
#11336 = ORIENTED_EDGE('',*,*,#11098,.F.);
#11337 = PLANE('',#11338);
#11338 = AXIS2_PLACEMENT_3D('',#11339,#11340,#11341);
#11339 = CARTESIAN_POINT('',(0.,0.,89.2));
#11340 = DIRECTION('',(0.,0.,1.));
#11341 = DIRECTION('',(1.,0.,0.));
#11342 = ADVANCED_FACE('',(#11343),#11362,.T.);
#11343 = FACE_BOUND('',#11344,.T.);
#11344 = EDGE_LOOP('',(#11345,#11346,#11354,#11361));
#11345 = ORIENTED_EDGE('',*,*,#11309,.F.);
#11346 = ORIENTED_EDGE('',*,*,#11347,.F.);
#11347 = EDGE_CURVE('',#11348,#11310,#11350,.T.);
#11348 = VERTEX_POINT('',#11349);
#11349 = CARTESIAN_POINT('',(26.5,-6.E-15,90.3));
#11350 = LINE('',#11351,#11352);
#11351 = CARTESIAN_POINT('',(26.5,-6.49E-15,89.3));
#11352 = VECTOR('',#11353,1.);
#11353 = DIRECTION('',(0.,0.,1.));
#11354 = ORIENTED_EDGE('',*,*,#11355,.T.);
#11355 = EDGE_CURVE('',#11348,#11348,#11356,.T.);
#11356 = CIRCLE('',#11357,26.5);
#11357 = AXIS2_PLACEMENT_3D('',#11358,#11359,#11360);
#11358 = CARTESIAN_POINT('',(0.,0.,90.3));
#11359 = DIRECTION('',(0.,0.,1.));
#11360 = DIRECTION('',(1.,0.,0.));
#11361 = ORIENTED_EDGE('',*,*,#11347,.T.);
#11362 = CYLINDRICAL_SURFACE('',#11363,26.5);
#11363 = AXIS2_PLACEMENT_3D('',#11364,#11365,#11366);
#11364 = CARTESIAN_POINT('',(0.,0.,89.3));
#11365 = DIRECTION('',(0.,0.,1.));
#11366 = DIRECTION('',(1.,0.,0.));
#11367 = ADVANCED_FACE('',(#11368),#11387,.T.);
#11368 = FACE_BOUND('',#11369,.T.);
#11369 = EDGE_LOOP('',(#11370,#11378,#11379,#11380));
#11370 = ORIENTED_EDGE('',*,*,#11371,.F.);
#11371 = EDGE_CURVE('',#11327,#11372,#11374,.T.);
#11372 = VERTEX_POINT('',#11373);
#11373 = CARTESIAN_POINT('',(27.,-7.E-15,90.3));
#11374 = LINE('',#11375,#11376);
#11375 = CARTESIAN_POINT('',(27.,-6.61E-15,8.));
#11376 = VECTOR('',#11377,1.);
#11377 = DIRECTION('',(0.,0.,1.));
#11378 = ORIENTED_EDGE('',*,*,#11326,.T.);
#11379 = ORIENTED_EDGE('',*,*,#11371,.T.);
#11380 = ORIENTED_EDGE('',*,*,#11381,.F.);
#11381 = EDGE_CURVE('',#11372,#11372,#11382,.T.);
#11382 = CIRCLE('',#11383,27.);
#11383 = AXIS2_PLACEMENT_3D('',#11384,#11385,#11386);
#11384 = CARTESIAN_POINT('',(0.,0.,90.3));
#11385 = DIRECTION('',(0.,0.,1.));
#11386 = DIRECTION('',(1.,0.,0.));
#11387 = CYLINDRICAL_SURFACE('',#11388,27.);
#11388 = AXIS2_PLACEMENT_3D('',#11389,#11390,#11391);
#11389 = CARTESIAN_POINT('',(0.,0.,8.));
#11390 = DIRECTION('',(0.,0.,1.));
#11391 = DIRECTION('',(1.,0.,0.));
#11392 = ADVANCED_FACE('',(#11393,#11396),#11399,.T.);
#11393 = FACE_BOUND('',#11394,.T.);
#11394 = EDGE_LOOP('',(#11395));
#11395 = ORIENTED_EDGE('',*,*,#11381,.T.);
#11396 = FACE_BOUND('',#11397,.T.);
#11397 = EDGE_LOOP('',(#11398));
#11398 = ORIENTED_EDGE('',*,*,#11355,.F.);
#11399 = PLANE('',#11400);
#11400 = AXIS2_PLACEMENT_3D('',#11401,#11402,#11403);
#11401 = CARTESIAN_POINT('',(0.,0.,90.3));
#11402 = DIRECTION('',(0.,0.,1.));
#11403 = DIRECTION('',(1.,0.,0.));
#11404 = ADVANCED_FACE('',(#11405,#11408),#11461,.F.);
#11405 = FACE_BOUND('',#11406,.T.);
#11406 = EDGE_LOOP('',(#11407));
#11407 = ORIENTED_EDGE('',*,*,#247,.F.);
#11408 = FACE_BOUND('',#11409,.F.);
#11409 = EDGE_LOOP('',(#11410,#11411,#11420,#11426,#11427,#11428,#11437,
    #11443,#11444,#11445,#11454,#11460));
#11410 = ORIENTED_EDGE('',*,*,#763,.T.);
#11411 = ORIENTED_EDGE('',*,*,#11412,.F.);
#11412 = EDGE_CURVE('',#11413,#764,#11415,.T.);
#11413 = VERTEX_POINT('',#11414);
#11414 = CARTESIAN_POINT('',(22.897696522453,-5.286349777081,8.));
#11415 = CIRCLE('',#11416,23.5);
#11416 = AXIS2_PLACEMENT_3D('',#11417,#11418,#11419);
#11417 = CARTESIAN_POINT('',(0.,0.,8.));
#11418 = DIRECTION('',(-0.,0.,1.));
#11419 = DIRECTION('',(0.974370064785,-0.224951054344,0.));
#11420 = ORIENTED_EDGE('',*,*,#11421,.F.);
#11421 = EDGE_CURVE('',#667,#11413,#11422,.T.);
#11422 = LINE('',#11423,#11424);
#11423 = CARTESIAN_POINT('',(0.,0.,8.));
#11424 = VECTOR('',#11425,1.);
#11425 = DIRECTION('',(0.974370064785,-0.224951054344,0.));
#11426 = ORIENTED_EDGE('',*,*,#666,.F.);
#11427 = ORIENTED_EDGE('',*,*,#732,.T.);
#11428 = ORIENTED_EDGE('',*,*,#11429,.F.);
#11429 = EDGE_CURVE('',#11430,#733,#11432,.T.);
#11430 = VERTEX_POINT('',#11431);
#11431 = CARTESIAN_POINT('',(-16.02696146146,-17.18681198805,8.));
#11432 = CIRCLE('',#11433,23.5);
#11433 = AXIS2_PLACEMENT_3D('',#11434,#11435,#11436);
#11434 = CARTESIAN_POINT('',(0.,0.,8.));
#11435 = DIRECTION('',(0.,0.,1.));
#11436 = DIRECTION('',(-0.681998360062,-0.731353701619,0.));
#11437 = ORIENTED_EDGE('',*,*,#11438,.F.);
#11438 = EDGE_CURVE('',#616,#11430,#11439,.T.);
#11439 = LINE('',#11440,#11441);
#11440 = CARTESIAN_POINT('',(0.,0.,8.));
#11441 = VECTOR('',#11442,1.);
#11442 = DIRECTION('',(-0.681998360062,-0.731353701619,0.));
#11443 = ORIENTED_EDGE('',*,*,#615,.F.);
#11444 = ORIENTED_EDGE('',*,*,#701,.T.);
#11445 = ORIENTED_EDGE('',*,*,#11446,.F.);
#11446 = EDGE_CURVE('',#11447,#702,#11449,.T.);
#11447 = VERTEX_POINT('',#11448);
#11448 = CARTESIAN_POINT('',(-6.870735060984,22.473161765131,8.));
#11449 = CIRCLE('',#11450,23.5);
#11450 = AXIS2_PLACEMENT_3D('',#11451,#11452,#11453);
#11451 = CARTESIAN_POINT('',(0.,0.,8.));
#11452 = DIRECTION('',(0.,0.,1.));
#11453 = DIRECTION('',(-0.292371704723,0.956304755963,0.));
#11454 = ORIENTED_EDGE('',*,*,#11455,.F.);
#11455 = EDGE_CURVE('',#565,#11447,#11456,.T.);
#11456 = LINE('',#11457,#11458);
#11457 = CARTESIAN_POINT('',(0.,0.,8.));
#11458 = VECTOR('',#11459,1.);
#11459 = DIRECTION('',(-0.292371704723,0.956304755963,0.));
#11460 = ORIENTED_EDGE('',*,*,#564,.F.);
#11461 = PLANE('',#11462);
#11462 = AXIS2_PLACEMENT_3D('',#11463,#11464,#11465);
#11463 = CARTESIAN_POINT('',(0.,0.,8.));
#11464 = DIRECTION('',(0.,0.,1.));
#11465 = DIRECTION('',(1.,0.,0.));
#11466 = ADVANCED_FACE('',(#11467),#11478,.T.);
#11467 = FACE_BOUND('',#11468,.T.);
#11468 = EDGE_LOOP('',(#11469,#11470,#11471,#11472));
#11469 = ORIENTED_EDGE('',*,*,#11455,.F.);
#11470 = ORIENTED_EDGE('',*,*,#573,.T.);
#11471 = ORIENTED_EDGE('',*,*,#977,.T.);
#11472 = ORIENTED_EDGE('',*,*,#11473,.F.);
#11473 = EDGE_CURVE('',#11447,#967,#11474,.T.);
#11474 = LINE('',#11475,#11476);
#11475 = CARTESIAN_POINT('',(-6.870735060984,22.473161765131,11.65));
#11476 = VECTOR('',#11477,1.);
#11477 = DIRECTION('',(0.,0.,1.));
#11478 = PLANE('',#11479);
#11479 = AXIS2_PLACEMENT_3D('',#11480,#11481,#11482);
#11480 = CARTESIAN_POINT('',(-6.505270430081,21.277780820178,11.425));
#11481 = DIRECTION('',(-0.956304755963,-0.292371704723,-0.));
#11482 = DIRECTION('',(0.292371704723,-0.956304755963,0.));
#11483 = ADVANCED_FACE('',(#11484),#11502,.T.);
#11484 = FACE_BOUND('',#11485,.T.);
#11485 = EDGE_LOOP('',(#11486,#11487,#11495,#11501));
#11486 = ORIENTED_EDGE('',*,*,#1796,.T.);
#11487 = ORIENTED_EDGE('',*,*,#11488,.T.);
#11488 = EDGE_CURVE('',#1797,#11489,#11491,.T.);
#11489 = VERTEX_POINT('',#11490);
#11490 = CARTESIAN_POINT('',(-6.870735060984,22.473161765131,101.90625)
  );
#11491 = LINE('',#11492,#11493);
#11492 = CARTESIAN_POINT('',(0.,0.,101.90625));
#11493 = VECTOR('',#11494,1.);
#11494 = DIRECTION('',(-0.292371704723,0.956304755963,0.));
#11495 = ORIENTED_EDGE('',*,*,#11496,.F.);
#11496 = EDGE_CURVE('',#2090,#11489,#11497,.T.);
#11497 = LINE('',#11498,#11499);
#11498 = CARTESIAN_POINT('',(-6.870735060984,22.473161765131,95.90625));
#11499 = VECTOR('',#11500,1.);
#11500 = DIRECTION('',(0.,0.,1.));
#11501 = ORIENTED_EDGE('',*,*,#2107,.F.);
#11502 = PLANE('',#11503);
#11503 = AXIS2_PLACEMENT_3D('',#11504,#11505,#11506);
#11504 = CARTESIAN_POINT('',(-6.505270430081,21.277780820178,97.73125));
#11505 = DIRECTION('',(-0.956304755963,-0.292371704723,-0.));
#11506 = DIRECTION('',(0.292371704723,-0.956304755963,0.));
#11507 = ADVANCED_FACE('',(#11508),#11519,.T.);
#11508 = FACE_BOUND('',#11509,.T.);
#11509 = EDGE_LOOP('',(#11510,#11511,#11512,#11513));
#11510 = ORIENTED_EDGE('',*,*,#11438,.F.);
#11511 = ORIENTED_EDGE('',*,*,#624,.T.);
#11512 = ORIENTED_EDGE('',*,*,#903,.T.);
#11513 = ORIENTED_EDGE('',*,*,#11514,.F.);
#11514 = EDGE_CURVE('',#11430,#893,#11515,.T.);
#11515 = LINE('',#11516,#11517);
#11516 = CARTESIAN_POINT('',(-16.02696146146,-17.18681198805,11.65));
#11517 = VECTOR('',#11518,1.);
#11518 = DIRECTION('',(0.,0.,1.));
#11519 = PLANE('',#11520);
#11520 = AXIS2_PLACEMENT_3D('',#11521,#11522,#11523);
#11521 = CARTESIAN_POINT('',(-15.17446351139,-16.27261986102,11.425));
#11522 = DIRECTION('',(0.731353701619,-0.681998360062,0.));
#11523 = DIRECTION('',(0.681998360062,0.731353701619,0.));
#11524 = ADVANCED_FACE('',(#11525),#11543,.T.);
#11525 = FACE_BOUND('',#11526,.T.);
#11526 = EDGE_LOOP('',(#11527,#11528,#11536,#11542));
#11527 = ORIENTED_EDGE('',*,*,#1745,.T.);
#11528 = ORIENTED_EDGE('',*,*,#11529,.T.);
#11529 = EDGE_CURVE('',#1746,#11530,#11532,.T.);
#11530 = VERTEX_POINT('',#11531);
#11531 = CARTESIAN_POINT('',(-16.02696146146,-17.18681198805,101.90625)
  );
#11532 = LINE('',#11533,#11534);
#11533 = CARTESIAN_POINT('',(0.,0.,101.90625));
#11534 = VECTOR('',#11535,1.);
#11535 = DIRECTION('',(-0.681998360062,-0.731353701619,0.));
#11536 = ORIENTED_EDGE('',*,*,#11537,.F.);
#11537 = EDGE_CURVE('',#2195,#11530,#11538,.T.);
#11538 = LINE('',#11539,#11540);
#11539 = CARTESIAN_POINT('',(-16.02696146146,-17.18681198805,95.90625));
#11540 = VECTOR('',#11541,1.);
#11541 = DIRECTION('',(0.,0.,1.));
#11542 = ORIENTED_EDGE('',*,*,#2212,.F.);
#11543 = PLANE('',#11544);
#11544 = AXIS2_PLACEMENT_3D('',#11545,#11546,#11547);
#11545 = CARTESIAN_POINT('',(-15.17446351139,-16.27261986102,97.73125));
#11546 = DIRECTION('',(0.731353701619,-0.681998360062,0.));
#11547 = DIRECTION('',(0.681998360062,0.731353701619,0.));
#11548 = ADVANCED_FACE('',(#11549),#11560,.T.);
#11549 = FACE_BOUND('',#11550,.T.);
#11550 = EDGE_LOOP('',(#11551,#11552,#11553,#11554));
#11551 = ORIENTED_EDGE('',*,*,#11421,.F.);
#11552 = ORIENTED_EDGE('',*,*,#675,.T.);
#11553 = ORIENTED_EDGE('',*,*,#829,.T.);
#11554 = ORIENTED_EDGE('',*,*,#11555,.F.);
#11555 = EDGE_CURVE('',#11413,#811,#11556,.T.);
#11556 = LINE('',#11557,#11558);
#11557 = CARTESIAN_POINT('',(22.897696522453,-5.286349777081,11.65));
#11558 = VECTOR('',#11559,1.);
#11559 = DIRECTION('',(0.,0.,1.));
#11560 = PLANE('',#11561);
#11561 = AXIS2_PLACEMENT_3D('',#11562,#11563,#11564);
#11562 = CARTESIAN_POINT('',(21.679733941471,-5.005160959151,11.425));
#11563 = DIRECTION('',(0.224951054344,0.974370064785,0.));
#11564 = DIRECTION('',(0.974370064785,-0.224951054344,0.));
#11565 = ADVANCED_FACE('',(#11566),#11584,.T.);
#11566 = FACE_BOUND('',#11567,.T.);
#11567 = EDGE_LOOP('',(#11568,#11569,#11577,#11583));
#11568 = ORIENTED_EDGE('',*,*,#1694,.T.);
#11569 = ORIENTED_EDGE('',*,*,#11570,.T.);
#11570 = EDGE_CURVE('',#1695,#11571,#11573,.T.);
#11571 = VERTEX_POINT('',#11572);
#11572 = CARTESIAN_POINT('',(22.897696522453,-5.286349777081,101.90625)
  );
#11573 = LINE('',#11574,#11575);
#11574 = CARTESIAN_POINT('',(0.,0.,101.90625));
#11575 = VECTOR('',#11576,1.);
#11576 = DIRECTION('',(0.974370064785,-0.224951054344,0.));
#11577 = ORIENTED_EDGE('',*,*,#11578,.F.);
#11578 = EDGE_CURVE('',#1984,#11571,#11579,.T.);
#11579 = LINE('',#11580,#11581);
#11580 = CARTESIAN_POINT('',(22.897696522453,-5.286349777081,95.90625));
#11581 = VECTOR('',#11582,1.);
#11582 = DIRECTION('',(0.,0.,1.));
#11583 = ORIENTED_EDGE('',*,*,#2002,.F.);
#11584 = PLANE('',#11585);
#11585 = AXIS2_PLACEMENT_3D('',#11586,#11587,#11588);
#11586 = CARTESIAN_POINT('',(21.679733941471,-5.005160959151,97.73125));
#11587 = DIRECTION('',(0.224951054344,0.974370064785,0.));
#11588 = DIRECTION('',(0.974370064785,-0.224951054344,0.));
#11589 = ADVANCED_FACE('',(#11590,#11593),#11625,.T.);
#11590 = FACE_BOUND('',#11591,.T.);
#11591 = EDGE_LOOP('',(#11592));
#11592 = ORIENTED_EDGE('',*,*,#40,.T.);
#11593 = FACE_BOUND('',#11594,.T.);
#11594 = EDGE_LOOP('',(#11595,#11596,#11597,#11604,#11605,#11606,#11607,
    #11614,#11615,#11616,#11617,#11624));
#11595 = ORIENTED_EDGE('',*,*,#1804,.F.);
#11596 = ORIENTED_EDGE('',*,*,#2073,.T.);
#11597 = ORIENTED_EDGE('',*,*,#11598,.F.);
#11598 = EDGE_CURVE('',#11571,#2066,#11599,.T.);
#11599 = CIRCLE('',#11600,23.5);
#11600 = AXIS2_PLACEMENT_3D('',#11601,#11602,#11603);
#11601 = CARTESIAN_POINT('',(0.,0.,101.90625));
#11602 = DIRECTION('',(-0.,0.,1.));
#11603 = DIRECTION('',(0.974370064785,-0.224951054344,0.));
#11604 = ORIENTED_EDGE('',*,*,#11570,.F.);
#11605 = ORIENTED_EDGE('',*,*,#1702,.F.);
#11606 = ORIENTED_EDGE('',*,*,#2283,.T.);
#11607 = ORIENTED_EDGE('',*,*,#11608,.F.);
#11608 = EDGE_CURVE('',#11530,#2276,#11609,.T.);
#11609 = CIRCLE('',#11610,23.5);
#11610 = AXIS2_PLACEMENT_3D('',#11611,#11612,#11613);
#11611 = CARTESIAN_POINT('',(0.,0.,101.90625));
#11612 = DIRECTION('',(0.,0.,1.));
#11613 = DIRECTION('',(-0.681998360062,-0.731353701619,0.));
#11614 = ORIENTED_EDGE('',*,*,#11529,.F.);
#11615 = ORIENTED_EDGE('',*,*,#1753,.F.);
#11616 = ORIENTED_EDGE('',*,*,#2178,.T.);
#11617 = ORIENTED_EDGE('',*,*,#11618,.F.);
#11618 = EDGE_CURVE('',#11489,#2171,#11619,.T.);
#11619 = CIRCLE('',#11620,23.5);
#11620 = AXIS2_PLACEMENT_3D('',#11621,#11622,#11623);
#11621 = CARTESIAN_POINT('',(0.,0.,101.90625));
#11622 = DIRECTION('',(0.,0.,1.));
#11623 = DIRECTION('',(-0.292371704723,0.956304755963,0.));
#11624 = ORIENTED_EDGE('',*,*,#11488,.F.);
#11625 = PLANE('',#11626);
#11626 = AXIS2_PLACEMENT_3D('',#11627,#11628,#11629);
#11627 = CARTESIAN_POINT('',(0.,0.,101.90625));
#11628 = DIRECTION('',(0.,0.,1.));
#11629 = DIRECTION('',(1.,0.,0.));
#11630 = ADVANCED_FACE('',(#11631),#11639,.F.);
#11631 = FACE_BOUND('',#11632,.F.);
#11632 = EDGE_LOOP('',(#11633,#11634,#11635,#11636,#11637,#11638));
#11633 = ORIENTED_EDGE('',*,*,#11473,.F.);
#11634 = ORIENTED_EDGE('',*,*,#11446,.T.);
#11635 = ORIENTED_EDGE('',*,*,#709,.T.);
#11636 = ORIENTED_EDGE('',*,*,#919,.T.);
#11637 = ORIENTED_EDGE('',*,*,#952,.T.);
#11638 = ORIENTED_EDGE('',*,*,#966,.F.);
#11639 = CYLINDRICAL_SURFACE('',#11640,23.5);
#11640 = AXIS2_PLACEMENT_3D('',#11641,#11642,#11643);
#11641 = CARTESIAN_POINT('',(0.,0.,7.));
#11642 = DIRECTION('',(0.,0.,1.));
#11643 = DIRECTION('',(-0.292371704723,0.956304755963,0.));
#11644 = ADVANCED_FACE('',(#11645),#11653,.F.);
#11645 = FACE_BOUND('',#11646,.F.);
#11646 = EDGE_LOOP('',(#11647,#11648,#11649,#11650,#11651,#11652));
#11647 = ORIENTED_EDGE('',*,*,#11514,.F.);
#11648 = ORIENTED_EDGE('',*,*,#11429,.T.);
#11649 = ORIENTED_EDGE('',*,*,#740,.T.);
#11650 = ORIENTED_EDGE('',*,*,#845,.T.);
#11651 = ORIENTED_EDGE('',*,*,#878,.T.);
#11652 = ORIENTED_EDGE('',*,*,#892,.F.);
#11653 = CYLINDRICAL_SURFACE('',#11654,23.5);
#11654 = AXIS2_PLACEMENT_3D('',#11655,#11656,#11657);
#11655 = CARTESIAN_POINT('',(0.,0.,7.));
#11656 = DIRECTION('',(0.,0.,1.));
#11657 = DIRECTION('',(-0.681998360062,-0.731353701619,0.));
#11658 = ADVANCED_FACE('',(#11659),#11667,.F.);
#11659 = FACE_BOUND('',#11660,.F.);
#11660 = EDGE_LOOP('',(#11661,#11662,#11663,#11664,#11665,#11666));
#11661 = ORIENTED_EDGE('',*,*,#11555,.F.);
#11662 = ORIENTED_EDGE('',*,*,#11412,.T.);
#11663 = ORIENTED_EDGE('',*,*,#771,.T.);
#11664 = ORIENTED_EDGE('',*,*,#993,.T.);
#11665 = ORIENTED_EDGE('',*,*,#1019,.T.);
#11666 = ORIENTED_EDGE('',*,*,#810,.F.);
#11667 = CYLINDRICAL_SURFACE('',#11668,23.5);
#11668 = AXIS2_PLACEMENT_3D('',#11669,#11670,#11671);
#11669 = CARTESIAN_POINT('',(0.,0.,7.));
#11670 = DIRECTION('',(0.,0.,1.));
#11671 = DIRECTION('',(0.974370064785,-0.224951054344,0.));
#11672 = ADVANCED_FACE('',(#11673),#11681,.F.);
#11673 = FACE_BOUND('',#11674,.F.);
#11674 = EDGE_LOOP('',(#11675,#11676,#11677,#11678,#11679,#11680));
#11675 = ORIENTED_EDGE('',*,*,#11598,.F.);
#11676 = ORIENTED_EDGE('',*,*,#11578,.F.);
#11677 = ORIENTED_EDGE('',*,*,#1983,.T.);
#11678 = ORIENTED_EDGE('',*,*,#2026,.T.);
#11679 = ORIENTED_EDGE('',*,*,#2049,.F.);
#11680 = ORIENTED_EDGE('',*,*,#2065,.T.);
#11681 = CYLINDRICAL_SURFACE('',#11682,23.5);
#11682 = AXIS2_PLACEMENT_3D('',#11683,#11684,#11685);
#11683 = CARTESIAN_POINT('',(0.,0.,93.55625));
#11684 = DIRECTION('',(0.,0.,1.));
#11685 = DIRECTION('',(0.974370064785,-0.224951054344,0.));
#11686 = ADVANCED_FACE('',(#11687),#11695,.F.);
#11687 = FACE_BOUND('',#11688,.F.);
#11688 = EDGE_LOOP('',(#11689,#11690,#11691,#11692,#11693,#11694));
#11689 = ORIENTED_EDGE('',*,*,#2089,.T.);
#11690 = ORIENTED_EDGE('',*,*,#2131,.T.);
#11691 = ORIENTED_EDGE('',*,*,#2154,.F.);
#11692 = ORIENTED_EDGE('',*,*,#2170,.T.);
#11693 = ORIENTED_EDGE('',*,*,#11618,.F.);
#11694 = ORIENTED_EDGE('',*,*,#11496,.F.);
#11695 = CYLINDRICAL_SURFACE('',#11696,23.5);
#11696 = AXIS2_PLACEMENT_3D('',#11697,#11698,#11699);
#11697 = CARTESIAN_POINT('',(0.,0.,95.90625));
#11698 = DIRECTION('',(0.,0.,1.));
#11699 = DIRECTION('',(-0.292371704723,0.956304755963,0.));
#11700 = ADVANCED_FACE('',(#11701),#11709,.F.);
#11701 = FACE_BOUND('',#11702,.F.);
#11702 = EDGE_LOOP('',(#11703,#11704,#11705,#11706,#11707,#11708));
#11703 = ORIENTED_EDGE('',*,*,#2194,.T.);
#11704 = ORIENTED_EDGE('',*,*,#2236,.T.);
#11705 = ORIENTED_EDGE('',*,*,#2259,.F.);
#11706 = ORIENTED_EDGE('',*,*,#2275,.T.);
#11707 = ORIENTED_EDGE('',*,*,#11608,.F.);
#11708 = ORIENTED_EDGE('',*,*,#11537,.F.);
#11709 = CYLINDRICAL_SURFACE('',#11710,23.5);
#11710 = AXIS2_PLACEMENT_3D('',#11711,#11712,#11713);
#11711 = CARTESIAN_POINT('',(0.,0.,95.90625));
#11712 = DIRECTION('',(0.,0.,1.));
#11713 = DIRECTION('',(-0.681998360062,-0.731353701619,0.));
#11714 = ADVANCED_FACE('',(#11715,#11723,#11731,#11734,#11737,#11740),
  #11743,.F.);
#11715 = FACE_BOUND('',#11716,.F.);
#11716 = EDGE_LOOP('',(#11717,#11718,#11719,#11720,#11721,#11722));
#11717 = ORIENTED_EDGE('',*,*,#1311,.T.);
#11718 = ORIENTED_EDGE('',*,*,#1384,.F.);
#11719 = ORIENTED_EDGE('',*,*,#1400,.F.);
#11720 = ORIENTED_EDGE('',*,*,#1124,.F.);
#11721 = ORIENTED_EDGE('',*,*,#1033,.T.);
#11722 = ORIENTED_EDGE('',*,*,#1044,.T.);
#11723 = FACE_BOUND('',#11724,.F.);
#11724 = EDGE_LOOP('',(#11725,#11726,#11727,#11728,#11729,#11730));
#11725 = ORIENTED_EDGE('',*,*,#5268,.F.);
#11726 = ORIENTED_EDGE('',*,*,#5235,.T.);
#11727 = ORIENTED_EDGE('',*,*,#5168,.T.);
#11728 = ORIENTED_EDGE('',*,*,#5179,.T.);
#11729 = ORIENTED_EDGE('',*,*,#5300,.F.);
#11730 = ORIENTED_EDGE('',*,*,#5322,.F.);
#11731 = FACE_BOUND('',#11732,.F.);
#11732 = EDGE_LOOP('',(#11733));
#11733 = ORIENTED_EDGE('',*,*,#3240,.T.);
#11734 = FACE_BOUND('',#11735,.F.);
#11735 = EDGE_LOOP('',(#11736));
#11736 = ORIENTED_EDGE('',*,*,#3370,.T.);
#11737 = FACE_BOUND('',#11738,.F.);
#11738 = EDGE_LOOP('',(#11739));
#11739 = ORIENTED_EDGE('',*,*,#2355,.T.);
#11740 = FACE_BOUND('',#11741,.F.);
#11741 = EDGE_LOOP('',(#11742));
#11742 = ORIENTED_EDGE('',*,*,#3305,.T.);
#11743 = CYLINDRICAL_SURFACE('',#11744,24.5);
#11744 = AXIS2_PLACEMENT_3D('',#11745,#11746,#11747);
#11745 = CARTESIAN_POINT('',(0.,0.,7.));
#11746 = DIRECTION('',(0.,0.,1.));
#11747 = DIRECTION('',(1.,0.,0.));
#11748 = ( GEOMETRIC_REPRESENTATION_CONTEXT(3) 
GLOBAL_UNCERTAINTY_ASSIGNED_CONTEXT((#11752)) 
GLOBAL_UNIT_ASSIGNED_CONTEXT((#11749,#11750,#11751)) 
REPRESENTATION_CONTEXT('Context #1',
  '3D Context with UNIT and UNCERTAINTY') );
#11749 = ( LENGTH_UNIT() NAMED_UNIT(*) SI_UNIT(.MILLI.,.METRE.) );
#11750 = ( NAMED_UNIT(*) PLANE_ANGLE_UNIT() SI_UNIT($,.RADIAN.) );
#11751 = ( NAMED_UNIT(*) SI_UNIT($,.STERADIAN.) SOLID_ANGLE_UNIT() );
#11752 = UNCERTAINTY_MEASURE_WITH_UNIT(LENGTH_MEASURE(1.E-07),#11749,
  'distance_accuracy_value','confusion accuracy');
#11753 = PRODUCT_RELATED_PRODUCT_CATEGORY('part',$,(#7));
ENDSEC;
END-ISO-10303-21;
