ISO-10303-21;
HEADER;
FILE_DESCRIPTION(('FreeCAD Model'),'2;1');
FILE_NAME('Open CASCADE Shape Model','2026-09-19T17:54:12',('FreeCAD'),(
    'FreeCAD'),'Open CASCADE STEP processor 7.8','FreeCAD','Unknown');
FILE_SCHEMA(('AUTOMOTIVE_DESIGN { 1 0 10303 214 1 1 1 1 }'));
ENDSEC;
DATA;
#1 = APPLICATION_PROTOCOL_DEFINITION('international standard',
  'automotive_design',2000,#2);
#2 = APPLICATION_CONTEXT(
  'core data for automotive mechanical design processes');
#3 = SHAPE_DEFINITION_REPRESENTATION(#4,#10);
#4 = PRODUCT_DEFINITION_SHAPE('','',#5);
#5 = PRODUCT_DEFINITION('design','',#6,#9);
#6 = PRODUCT_DEFINITION_FORMATION('','',#7);
#7 = PRODUCT('Open CASCADE STEP translator 7.8 10',
  'Open CASCADE STEP translator 7.8 10','',(#8));
#8 = PRODUCT_CONTEXT('',#2,'mechanical');
#9 = PRODUCT_DEFINITION_CONTEXT('part definition',#2,'design');
#10 = ADVANCED_BREP_SHAPE_REPRESENTATION('',(#11,#15),#3688);
#11 = AXIS2_PLACEMENT_3D('',#12,#13,#14);
#12 = CARTESIAN_POINT('',(0.,0.,0.));
#13 = DIRECTION('',(0.,0.,1.));
#14 = DIRECTION('',(1.,0.,-0.));
#15 = MANIFOLD_SOLID_BREP('',#16);
#16 = CLOSED_SHELL('',(#17,#135,#160,#294,#319,#415,#518,#543,#670,#688,
    #713,#757,#807,#946,#1073,#1117,#1143,#1195,#1221,#1249,#1274,#1291,
    #1308,#1325,#1347,#1364,#1381,#1398,#1415,#1427,#1444,#1469,#1494,
    #1514,#1911,#1935,#1959,#1983,#2007,#2017,#2027,#2037,#2047,#2091,
    #2125,#2159,#2193,#2421,#2452,#2483,#2514,#2545,#2576,#2607,#2629,
    #2660,#2691,#2722,#2753,#2784,#2815,#2837,#2868,#2899,#2930,#2961,
    #2992,#3023,#3045,#3076,#3107,#3138,#3169,#3200,#3231,#3253,#3273,
    #3309,#3335,#3344,#3364,#3400,#3426,#3435,#3456,#3501,#3528,#3537,
    #3557,#3593,#3619,#3628,#3642,#3660,#3674));
#17 = ADVANCED_FACE('',(#18,#29),#130,.F.);
#18 = FACE_BOUND('',#19,.T.);
#19 = EDGE_LOOP('',(#20));
#20 = ORIENTED_EDGE('',*,*,#21,.F.);
#21 = EDGE_CURVE('',#22,#22,#24,.T.);
#22 = VERTEX_POINT('',#23);
#23 = CARTESIAN_POINT('',(31.,0.,0.));
#24 = CIRCLE('',#25,31.);
#25 = AXIS2_PLACEMENT_3D('',#26,#27,#28);
#26 = CARTESIAN_POINT('',(0.,0.,0.));
#27 = DIRECTION('',(0.,0.,1.));
#28 = DIRECTION('',(1.,0.,0.));
#29 = FACE_BOUND('',#30,.T.);
#30 = EDGE_LOOP('',(#31,#42,#51,#60,#69,#78,#87,#96,#105,#114,#123));
#31 = ORIENTED_EDGE('',*,*,#32,.T.);
#32 = EDGE_CURVE('',#33,#35,#37,.T.);
#33 = VERTEX_POINT('',#34);
#34 = CARTESIAN_POINT('',(-21.88442545417,13.282767879508,0.));
#35 = VERTEX_POINT('',#36);
#36 = CARTESIAN_POINT('',(-23.41395493216,10.35116971336,0.));
#37 = CIRCLE('',#38,1.7);
#38 = AXIS2_PLACEMENT_3D('',#39,#40,#41);
#39 = CARTESIAN_POINT('',(-23.,12.,0.));
#40 = DIRECTION('',(0.,0.,1.));
#41 = DIRECTION('',(1.,0.,0.));
#42 = ORIENTED_EDGE('',*,*,#43,.T.);
#43 = EDGE_CURVE('',#35,#44,#46,.T.);
#44 = VERTEX_POINT('',#45);
#45 = CARTESIAN_POINT('',(-23.41395493216,-10.35116971336,0.));
#46 = CIRCLE('',#47,25.6);
#47 = AXIS2_PLACEMENT_3D('',#48,#49,#50);
#48 = CARTESIAN_POINT('',(0.,0.,0.));
#49 = DIRECTION('',(0.,0.,1.));
#50 = DIRECTION('',(1.,0.,0.));
#51 = ORIENTED_EDGE('',*,*,#52,.T.);
#52 = EDGE_CURVE('',#44,#53,#55,.T.);
#53 = VERTEX_POINT('',#54);
#54 = CARTESIAN_POINT('',(-21.88442545417,-13.2827678795,0.));
#55 = CIRCLE('',#56,1.7);
#56 = AXIS2_PLACEMENT_3D('',#57,#58,#59);
#57 = CARTESIAN_POINT('',(-23.,-12.,0.));
#58 = DIRECTION('',(0.,0.,1.));
#59 = DIRECTION('',(1.,0.,0.));
#60 = ORIENTED_EDGE('',*,*,#61,.T.);
#61 = EDGE_CURVE('',#53,#62,#64,.T.);
#62 = VERTEX_POINT('',#63);
#63 = CARTESIAN_POINT('',(21.88442545417,-13.2827678795,0.));
#64 = CIRCLE('',#65,25.6);
#65 = AXIS2_PLACEMENT_3D('',#66,#67,#68);
#66 = CARTESIAN_POINT('',(0.,0.,0.));
#67 = DIRECTION('',(0.,0.,1.));
#68 = DIRECTION('',(1.,0.,0.));
#69 = ORIENTED_EDGE('',*,*,#70,.T.);
#70 = EDGE_CURVE('',#62,#71,#73,.T.);
#71 = VERTEX_POINT('',#72);
#72 = CARTESIAN_POINT('',(24.7,-12.,0.));
#73 = CIRCLE('',#74,1.7);
#74 = AXIS2_PLACEMENT_3D('',#75,#76,#77);
#75 = CARTESIAN_POINT('',(23.,-12.,0.));
#76 = DIRECTION('',(0.,0.,1.));
#77 = DIRECTION('',(1.,0.,0.));
#78 = ORIENTED_EDGE('',*,*,#79,.T.);
#79 = EDGE_CURVE('',#71,#80,#82,.T.);
#80 = VERTEX_POINT('',#81);
#81 = CARTESIAN_POINT('',(23.41395493216,-10.35116971336,0.));
#82 = CIRCLE('',#83,1.7);
#83 = AXIS2_PLACEMENT_3D('',#84,#85,#86);
#84 = CARTESIAN_POINT('',(23.,-12.,0.));
#85 = DIRECTION('',(0.,0.,1.));
#86 = DIRECTION('',(1.,0.,0.));
#87 = ORIENTED_EDGE('',*,*,#88,.T.);
#88 = EDGE_CURVE('',#80,#89,#91,.T.);
#89 = VERTEX_POINT('',#90);
#90 = CARTESIAN_POINT('',(25.6,-6.270191611634E-15,0.));
#91 = CIRCLE('',#92,25.6);
#92 = AXIS2_PLACEMENT_3D('',#93,#94,#95);
#93 = CARTESIAN_POINT('',(0.,0.,0.));
#94 = DIRECTION('',(0.,0.,1.));
#95 = DIRECTION('',(1.,0.,0.));
#96 = ORIENTED_EDGE('',*,*,#97,.T.);
#97 = EDGE_CURVE('',#89,#98,#100,.T.);
#98 = VERTEX_POINT('',#99);
#99 = CARTESIAN_POINT('',(23.41395493216,10.35116971336,0.));
#100 = CIRCLE('',#101,25.6);
#101 = AXIS2_PLACEMENT_3D('',#102,#103,#104);
#102 = CARTESIAN_POINT('',(0.,0.,0.));
#103 = DIRECTION('',(0.,0.,1.));
#104 = DIRECTION('',(1.,0.,0.));
#105 = ORIENTED_EDGE('',*,*,#106,.T.);
#106 = EDGE_CURVE('',#98,#107,#109,.T.);
#107 = VERTEX_POINT('',#108);
#108 = CARTESIAN_POINT('',(24.7,12.,0.));
#109 = CIRCLE('',#110,1.7);
#110 = AXIS2_PLACEMENT_3D('',#111,#112,#113);
#111 = CARTESIAN_POINT('',(23.,12.,0.));
#112 = DIRECTION('',(0.,0.,1.));
#113 = DIRECTION('',(1.,0.,0.));
#114 = ORIENTED_EDGE('',*,*,#115,.T.);
#115 = EDGE_CURVE('',#107,#116,#118,.T.);
#116 = VERTEX_POINT('',#117);
#117 = CARTESIAN_POINT('',(21.88442545417,13.282767879508,0.));
#118 = CIRCLE('',#119,1.7);
#119 = AXIS2_PLACEMENT_3D('',#120,#121,#122);
#120 = CARTESIAN_POINT('',(23.,12.,0.));
#121 = DIRECTION('',(0.,0.,1.));
#122 = DIRECTION('',(1.,0.,0.));
#123 = ORIENTED_EDGE('',*,*,#124,.T.);
#124 = EDGE_CURVE('',#116,#33,#125,.T.);
#125 = CIRCLE('',#126,25.6);
#126 = AXIS2_PLACEMENT_3D('',#127,#128,#129);
#127 = CARTESIAN_POINT('',(0.,0.,0.));
#128 = DIRECTION('',(0.,0.,1.));
#129 = DIRECTION('',(1.,0.,0.));
#130 = PLANE('',#131);
#131 = AXIS2_PLACEMENT_3D('',#132,#133,#134);
#132 = CARTESIAN_POINT('',(0.,0.,0.));
#133 = DIRECTION('',(0.,0.,1.));
#134 = DIRECTION('',(1.,0.,0.));
#135 = ADVANCED_FACE('',(#136),#155,.T.);
#136 = FACE_BOUND('',#137,.T.);
#137 = EDGE_LOOP('',(#138,#139,#147,#154));
#138 = ORIENTED_EDGE('',*,*,#21,.T.);
#139 = ORIENTED_EDGE('',*,*,#140,.T.);
#140 = EDGE_CURVE('',#22,#141,#143,.T.);
#141 = VERTEX_POINT('',#142);
#142 = CARTESIAN_POINT('',(31.8,0.,2.));
#143 = LINE('',#144,#145);
#144 = CARTESIAN_POINT('',(31.,0.,0.));
#145 = VECTOR('',#146,1.);
#146 = DIRECTION('',(0.371390676354,0.,0.928476690885));
#147 = ORIENTED_EDGE('',*,*,#148,.F.);
#148 = EDGE_CURVE('',#141,#141,#149,.T.);
#149 = CIRCLE('',#150,31.8);
#150 = AXIS2_PLACEMENT_3D('',#151,#152,#153);
#151 = CARTESIAN_POINT('',(0.,0.,2.));
#152 = DIRECTION('',(0.,0.,1.));
#153 = DIRECTION('',(1.,0.,0.));
#154 = ORIENTED_EDGE('',*,*,#140,.F.);
#155 = CONICAL_SURFACE('',#156,31.,0.380506377112);
#156 = AXIS2_PLACEMENT_3D('',#157,#158,#159);
#157 = CARTESIAN_POINT('',(0.,0.,0.));
#158 = DIRECTION('',(0.,0.,1.));
#159 = DIRECTION('',(1.,0.,0.));
#160 = ADVANCED_FACE('',(#161),#289,.F.);
#161 = FACE_BOUND('',#162,.F.);
#162 = EDGE_LOOP('',(#163,#174,#182,#191,#199,#208,#216,#225,#231,#232,
    #240,#247,#248,#257,#265,#272,#273,#282));
#163 = ORIENTED_EDGE('',*,*,#164,.F.);
#164 = EDGE_CURVE('',#165,#167,#169,.T.);
#165 = VERTEX_POINT('',#166);
#166 = CARTESIAN_POINT('',(-21.3,12.,21.8));
#167 = VERTEX_POINT('',#168);
#168 = CARTESIAN_POINT('',(-21.88442545417,13.282767879508,21.8));
#169 = CIRCLE('',#170,1.7);
#170 = AXIS2_PLACEMENT_3D('',#171,#172,#173);
#171 = CARTESIAN_POINT('',(-23.,12.,21.8));
#172 = DIRECTION('',(0.,0.,1.));
#173 = DIRECTION('',(1.,0.,0.));
#174 = ORIENTED_EDGE('',*,*,#175,.F.);
#175 = EDGE_CURVE('',#176,#165,#178,.T.);
#176 = VERTEX_POINT('',#177);
#177 = CARTESIAN_POINT('',(-21.3,12.,21.));
#178 = LINE('',#179,#180);
#179 = CARTESIAN_POINT('',(-21.3,12.,-0.5));
#180 = VECTOR('',#181,1.);
#181 = DIRECTION('',(0.,0.,1.));
#182 = ORIENTED_EDGE('',*,*,#183,.T.);
#183 = EDGE_CURVE('',#176,#184,#186,.T.);
#184 = VERTEX_POINT('',#185);
#185 = CARTESIAN_POINT('',(-21.88442545417,13.282767879508,21.));
#186 = CIRCLE('',#187,1.7);
#187 = AXIS2_PLACEMENT_3D('',#188,#189,#190);
#188 = CARTESIAN_POINT('',(-23.,12.,21.));
#189 = DIRECTION('',(0.,0.,1.));
#190 = DIRECTION('',(1.,0.,0.));
#191 = ORIENTED_EDGE('',*,*,#192,.F.);
#192 = EDGE_CURVE('',#193,#184,#195,.T.);
#193 = VERTEX_POINT('',#194);
#194 = CARTESIAN_POINT('',(-21.88442545417,13.282767879508,17.7));
#195 = LINE('',#196,#197);
#196 = CARTESIAN_POINT('',(-21.88442545417,13.282767879508,17.7));
#197 = VECTOR('',#198,1.);
#198 = DIRECTION('',(0.,0.,1.));
#199 = ORIENTED_EDGE('',*,*,#200,.F.);
#200 = EDGE_CURVE('',#201,#193,#203,.T.);
#201 = VERTEX_POINT('',#202);
#202 = CARTESIAN_POINT('',(-21.3,12.,17.7));
#203 = CIRCLE('',#204,1.7);
#204 = AXIS2_PLACEMENT_3D('',#205,#206,#207);
#205 = CARTESIAN_POINT('',(-23.,12.,17.7));
#206 = DIRECTION('',(0.,0.,1.));
#207 = DIRECTION('',(1.,0.,0.));
#208 = ORIENTED_EDGE('',*,*,#209,.F.);
#209 = EDGE_CURVE('',#210,#201,#212,.T.);
#210 = VERTEX_POINT('',#211);
#211 = CARTESIAN_POINT('',(-21.3,12.,6.));
#212 = LINE('',#213,#214);
#213 = CARTESIAN_POINT('',(-21.3,12.,-0.5));
#214 = VECTOR('',#215,1.);
#215 = DIRECTION('',(0.,0.,1.));
#216 = ORIENTED_EDGE('',*,*,#217,.T.);
#217 = EDGE_CURVE('',#210,#218,#220,.T.);
#218 = VERTEX_POINT('',#219);
#219 = CARTESIAN_POINT('',(-21.88442545417,13.282767879508,6.));
#220 = CIRCLE('',#221,1.7);
#221 = AXIS2_PLACEMENT_3D('',#222,#223,#224);
#222 = CARTESIAN_POINT('',(-23.,12.,6.));
#223 = DIRECTION('',(0.,0.,1.));
#224 = DIRECTION('',(1.,0.,0.));
#225 = ORIENTED_EDGE('',*,*,#226,.F.);
#226 = EDGE_CURVE('',#33,#218,#227,.T.);
#227 = LINE('',#228,#229);
#228 = CARTESIAN_POINT('',(-21.88442545417,13.282767879508,-0.1));
#229 = VECTOR('',#230,1.);
#230 = DIRECTION('',(0.,0.,1.));
#231 = ORIENTED_EDGE('',*,*,#32,.T.);
#232 = ORIENTED_EDGE('',*,*,#233,.T.);
#233 = EDGE_CURVE('',#35,#234,#236,.T.);
#234 = VERTEX_POINT('',#235);
#235 = CARTESIAN_POINT('',(-23.41395493216,10.35116971336,6.));
#236 = LINE('',#237,#238);
#237 = CARTESIAN_POINT('',(-23.41395493216,10.35116971336,-0.1));
#238 = VECTOR('',#239,1.);
#239 = DIRECTION('',(0.,0.,1.));
#240 = ORIENTED_EDGE('',*,*,#241,.T.);
#241 = EDGE_CURVE('',#234,#210,#242,.T.);
#242 = CIRCLE('',#243,1.7);
#243 = AXIS2_PLACEMENT_3D('',#244,#245,#246);
#244 = CARTESIAN_POINT('',(-23.,12.,6.));
#245 = DIRECTION('',(0.,0.,1.));
#246 = DIRECTION('',(1.,0.,0.));
#247 = ORIENTED_EDGE('',*,*,#209,.T.);
#248 = ORIENTED_EDGE('',*,*,#249,.F.);
#249 = EDGE_CURVE('',#250,#201,#252,.T.);
#250 = VERTEX_POINT('',#251);
#251 = CARTESIAN_POINT('',(-23.41395493216,10.35116971336,17.7));
#252 = CIRCLE('',#253,1.7);
#253 = AXIS2_PLACEMENT_3D('',#254,#255,#256);
#254 = CARTESIAN_POINT('',(-23.,12.,17.7));
#255 = DIRECTION('',(0.,0.,1.));
#256 = DIRECTION('',(1.,0.,0.));
#257 = ORIENTED_EDGE('',*,*,#258,.T.);
#258 = EDGE_CURVE('',#250,#259,#261,.T.);
#259 = VERTEX_POINT('',#260);
#260 = CARTESIAN_POINT('',(-23.41395493216,10.35116971336,21.));
#261 = LINE('',#262,#263);
#262 = CARTESIAN_POINT('',(-23.41395493216,10.35116971336,17.7));
#263 = VECTOR('',#264,1.);
#264 = DIRECTION('',(0.,0.,1.));
#265 = ORIENTED_EDGE('',*,*,#266,.T.);
#266 = EDGE_CURVE('',#259,#176,#267,.T.);
#267 = CIRCLE('',#268,1.7);
#268 = AXIS2_PLACEMENT_3D('',#269,#270,#271);
#269 = CARTESIAN_POINT('',(-23.,12.,21.));
#270 = DIRECTION('',(0.,0.,1.));
#271 = DIRECTION('',(1.,0.,0.));
#272 = ORIENTED_EDGE('',*,*,#175,.T.);
#273 = ORIENTED_EDGE('',*,*,#274,.F.);
#274 = EDGE_CURVE('',#275,#165,#277,.T.);
#275 = VERTEX_POINT('',#276);
#276 = CARTESIAN_POINT('',(-23.41395493216,10.35116971336,21.8));
#277 = CIRCLE('',#278,1.7);
#278 = AXIS2_PLACEMENT_3D('',#279,#280,#281);
#279 = CARTESIAN_POINT('',(-23.,12.,21.8));
#280 = DIRECTION('',(0.,0.,1.));
#281 = DIRECTION('',(1.,0.,0.));
#282 = ORIENTED_EDGE('',*,*,#283,.F.);
#283 = EDGE_CURVE('',#167,#275,#284,.T.);
#284 = CIRCLE('',#285,1.7);
#285 = AXIS2_PLACEMENT_3D('',#286,#287,#288);
#286 = CARTESIAN_POINT('',(-23.,12.,21.8));
#287 = DIRECTION('',(0.,0.,1.));
#288 = DIRECTION('',(1.,0.,0.));
#289 = CYLINDRICAL_SURFACE('',#290,1.7);
#290 = AXIS2_PLACEMENT_3D('',#291,#292,#293);
#291 = CARTESIAN_POINT('',(-23.,12.,-0.5));
#292 = DIRECTION('',(0.,0.,1.));
#293 = DIRECTION('',(1.,0.,0.));
#294 = ADVANCED_FACE('',(#295),#314,.F.);
#295 = FACE_BOUND('',#296,.F.);
#296 = EDGE_LOOP('',(#297,#305,#306,#307));
#297 = ORIENTED_EDGE('',*,*,#298,.F.);
#298 = EDGE_CURVE('',#116,#299,#301,.T.);
#299 = VERTEX_POINT('',#300);
#300 = CARTESIAN_POINT('',(21.88442545417,13.282767879508,6.));
#301 = LINE('',#302,#303);
#302 = CARTESIAN_POINT('',(21.88442545417,13.282767879508,-0.1));
#303 = VECTOR('',#304,1.);
#304 = DIRECTION('',(0.,0.,1.));
#305 = ORIENTED_EDGE('',*,*,#124,.T.);
#306 = ORIENTED_EDGE('',*,*,#226,.T.);
#307 = ORIENTED_EDGE('',*,*,#308,.F.);
#308 = EDGE_CURVE('',#299,#218,#309,.T.);
#309 = CIRCLE('',#310,25.6);
#310 = AXIS2_PLACEMENT_3D('',#311,#312,#313);
#311 = CARTESIAN_POINT('',(0.,0.,6.));
#312 = DIRECTION('',(0.,0.,1.));
#313 = DIRECTION('',(1.,0.,0.));
#314 = CYLINDRICAL_SURFACE('',#315,25.6);
#315 = AXIS2_PLACEMENT_3D('',#316,#317,#318);
#316 = CARTESIAN_POINT('',(0.,0.,-0.1));
#317 = DIRECTION('',(0.,0.,1.));
#318 = DIRECTION('',(1.,0.,0.));
#319 = ADVANCED_FACE('',(#320,#374),#410,.F.);
#320 = FACE_BOUND('',#321,.F.);
#321 = EDGE_LOOP('',(#322,#333,#339,#340,#341,#350,#356,#357,#358,#367)
  );
#322 = ORIENTED_EDGE('',*,*,#323,.F.);
#323 = EDGE_CURVE('',#324,#326,#328,.T.);
#324 = VERTEX_POINT('',#325);
#325 = CARTESIAN_POINT('',(24.7,12.,21.8));
#326 = VERTEX_POINT('',#327);
#327 = CARTESIAN_POINT('',(21.88442545417,13.282767879508,21.8));
#328 = CIRCLE('',#329,1.7);
#329 = AXIS2_PLACEMENT_3D('',#330,#331,#332);
#330 = CARTESIAN_POINT('',(23.,12.,21.8));
#331 = DIRECTION('',(0.,0.,1.));
#332 = DIRECTION('',(1.,0.,0.));
#333 = ORIENTED_EDGE('',*,*,#334,.F.);
#334 = EDGE_CURVE('',#107,#324,#335,.T.);
#335 = LINE('',#336,#337);
#336 = CARTESIAN_POINT('',(24.7,12.,-0.5));
#337 = VECTOR('',#338,1.);
#338 = DIRECTION('',(0.,0.,1.));
#339 = ORIENTED_EDGE('',*,*,#115,.T.);
#340 = ORIENTED_EDGE('',*,*,#298,.T.);
#341 = ORIENTED_EDGE('',*,*,#342,.T.);
#342 = EDGE_CURVE('',#299,#343,#345,.T.);
#343 = VERTEX_POINT('',#344);
#344 = CARTESIAN_POINT('',(23.41395493216,10.35116971336,6.));
#345 = CIRCLE('',#346,1.7);
#346 = AXIS2_PLACEMENT_3D('',#347,#348,#349);
#347 = CARTESIAN_POINT('',(23.,12.,6.));
#348 = DIRECTION('',(0.,0.,1.));
#349 = DIRECTION('',(1.,0.,0.));
#350 = ORIENTED_EDGE('',*,*,#351,.F.);
#351 = EDGE_CURVE('',#98,#343,#352,.T.);
#352 = LINE('',#353,#354);
#353 = CARTESIAN_POINT('',(23.41395493216,10.35116971336,-0.1));
#354 = VECTOR('',#355,1.);
#355 = DIRECTION('',(0.,0.,1.));
#356 = ORIENTED_EDGE('',*,*,#106,.T.);
#357 = ORIENTED_EDGE('',*,*,#334,.T.);
#358 = ORIENTED_EDGE('',*,*,#359,.F.);
#359 = EDGE_CURVE('',#360,#324,#362,.T.);
#360 = VERTEX_POINT('',#361);
#361 = CARTESIAN_POINT('',(23.41395493216,10.35116971336,21.8));
#362 = CIRCLE('',#363,1.7);
#363 = AXIS2_PLACEMENT_3D('',#364,#365,#366);
#364 = CARTESIAN_POINT('',(23.,12.,21.8));
#365 = DIRECTION('',(0.,0.,1.));
#366 = DIRECTION('',(1.,0.,0.));
#367 = ORIENTED_EDGE('',*,*,#368,.F.);
#368 = EDGE_CURVE('',#326,#360,#369,.T.);
#369 = CIRCLE('',#370,1.7);
#370 = AXIS2_PLACEMENT_3D('',#371,#372,#373);
#371 = CARTESIAN_POINT('',(23.,12.,21.8));
#372 = DIRECTION('',(0.,0.,1.));
#373 = DIRECTION('',(1.,0.,0.));
#374 = FACE_BOUND('',#375,.F.);
#375 = EDGE_LOOP('',(#376,#387,#395,#404));
#376 = ORIENTED_EDGE('',*,*,#377,.F.);
#377 = EDGE_CURVE('',#378,#380,#382,.T.);
#378 = VERTEX_POINT('',#379);
#379 = CARTESIAN_POINT('',(21.88442545417,13.282767879508,17.7));
#380 = VERTEX_POINT('',#381);
#381 = CARTESIAN_POINT('',(23.41395493216,10.35116971336,17.7));
#382 = CIRCLE('',#383,1.7);
#383 = AXIS2_PLACEMENT_3D('',#384,#385,#386);
#384 = CARTESIAN_POINT('',(23.,12.,17.7));
#385 = DIRECTION('',(0.,0.,1.));
#386 = DIRECTION('',(1.,0.,0.));
#387 = ORIENTED_EDGE('',*,*,#388,.T.);
#388 = EDGE_CURVE('',#378,#389,#391,.T.);
#389 = VERTEX_POINT('',#390);
#390 = CARTESIAN_POINT('',(21.88442545417,13.282767879508,21.));
#391 = LINE('',#392,#393);
#392 = CARTESIAN_POINT('',(21.88442545417,13.282767879508,17.7));
#393 = VECTOR('',#394,1.);
#394 = DIRECTION('',(0.,0.,1.));
#395 = ORIENTED_EDGE('',*,*,#396,.T.);
#396 = EDGE_CURVE('',#389,#397,#399,.T.);
#397 = VERTEX_POINT('',#398);
#398 = CARTESIAN_POINT('',(23.41395493216,10.35116971336,21.));
#399 = CIRCLE('',#400,1.7);
#400 = AXIS2_PLACEMENT_3D('',#401,#402,#403);
#401 = CARTESIAN_POINT('',(23.,12.,21.));
#402 = DIRECTION('',(0.,0.,1.));
#403 = DIRECTION('',(1.,0.,0.));
#404 = ORIENTED_EDGE('',*,*,#405,.F.);
#405 = EDGE_CURVE('',#380,#397,#406,.T.);
#406 = LINE('',#407,#408);
#407 = CARTESIAN_POINT('',(23.41395493216,10.35116971336,17.7));
#408 = VECTOR('',#409,1.);
#409 = DIRECTION('',(0.,0.,1.));
#410 = CYLINDRICAL_SURFACE('',#411,1.7);
#411 = AXIS2_PLACEMENT_3D('',#412,#413,#414);
#412 = CARTESIAN_POINT('',(23.,12.,-0.5));
#413 = DIRECTION('',(0.,0.,1.));
#414 = DIRECTION('',(1.,0.,0.));
#415 = ADVANCED_FACE('',(#416,#477),#513,.F.);
#416 = FACE_BOUND('',#417,.F.);
#417 = EDGE_LOOP('',(#418,#429,#435,#436,#444,#453,#459,#460,#461,#470)
  );
#418 = ORIENTED_EDGE('',*,*,#419,.F.);
#419 = EDGE_CURVE('',#420,#422,#424,.T.);
#420 = VERTEX_POINT('',#421);
#421 = CARTESIAN_POINT('',(24.7,-12.,21.8));
#422 = VERTEX_POINT('',#423);
#423 = CARTESIAN_POINT('',(23.41395493216,-10.35116971336,21.8));
#424 = CIRCLE('',#425,1.7);
#425 = AXIS2_PLACEMENT_3D('',#426,#427,#428);
#426 = CARTESIAN_POINT('',(23.,-12.,21.8));
#427 = DIRECTION('',(0.,0.,1.));
#428 = DIRECTION('',(1.,0.,0.));
#429 = ORIENTED_EDGE('',*,*,#430,.F.);
#430 = EDGE_CURVE('',#71,#420,#431,.T.);
#431 = LINE('',#432,#433);
#432 = CARTESIAN_POINT('',(24.7,-12.,-0.5));
#433 = VECTOR('',#434,1.);
#434 = DIRECTION('',(0.,0.,1.));
#435 = ORIENTED_EDGE('',*,*,#79,.T.);
#436 = ORIENTED_EDGE('',*,*,#437,.T.);
#437 = EDGE_CURVE('',#80,#438,#440,.T.);
#438 = VERTEX_POINT('',#439);
#439 = CARTESIAN_POINT('',(23.41395493216,-10.35116971336,6.));
#440 = LINE('',#441,#442);
#441 = CARTESIAN_POINT('',(23.41395493216,-10.35116971336,-0.1));
#442 = VECTOR('',#443,1.);
#443 = DIRECTION('',(0.,0.,1.));
#444 = ORIENTED_EDGE('',*,*,#445,.T.);
#445 = EDGE_CURVE('',#438,#446,#448,.T.);
#446 = VERTEX_POINT('',#447);
#447 = CARTESIAN_POINT('',(21.88442545417,-13.2827678795,6.));
#448 = CIRCLE('',#449,1.7);
#449 = AXIS2_PLACEMENT_3D('',#450,#451,#452);
#450 = CARTESIAN_POINT('',(23.,-12.,6.));
#451 = DIRECTION('',(0.,0.,1.));
#452 = DIRECTION('',(1.,0.,0.));
#453 = ORIENTED_EDGE('',*,*,#454,.F.);
#454 = EDGE_CURVE('',#62,#446,#455,.T.);
#455 = LINE('',#456,#457);
#456 = CARTESIAN_POINT('',(21.88442545417,-13.2827678795,-0.1));
#457 = VECTOR('',#458,1.);
#458 = DIRECTION('',(0.,0.,1.));
#459 = ORIENTED_EDGE('',*,*,#70,.T.);
#460 = ORIENTED_EDGE('',*,*,#430,.T.);
#461 = ORIENTED_EDGE('',*,*,#462,.F.);
#462 = EDGE_CURVE('',#463,#420,#465,.T.);
#463 = VERTEX_POINT('',#464);
#464 = CARTESIAN_POINT('',(21.88442545417,-13.2827678795,21.8));
#465 = CIRCLE('',#466,1.7);
#466 = AXIS2_PLACEMENT_3D('',#467,#468,#469);
#467 = CARTESIAN_POINT('',(23.,-12.,21.8));
#468 = DIRECTION('',(0.,0.,1.));
#469 = DIRECTION('',(1.,0.,0.));
#470 = ORIENTED_EDGE('',*,*,#471,.F.);
#471 = EDGE_CURVE('',#422,#463,#472,.T.);
#472 = CIRCLE('',#473,1.7);
#473 = AXIS2_PLACEMENT_3D('',#474,#475,#476);
#474 = CARTESIAN_POINT('',(23.,-12.,21.8));
#475 = DIRECTION('',(0.,0.,1.));
#476 = DIRECTION('',(1.,0.,0.));
#477 = FACE_BOUND('',#478,.F.);
#478 = EDGE_LOOP('',(#479,#490,#498,#507));
#479 = ORIENTED_EDGE('',*,*,#480,.F.);
#480 = EDGE_CURVE('',#481,#483,#485,.T.);
#481 = VERTEX_POINT('',#482);
#482 = CARTESIAN_POINT('',(23.41395493216,-10.35116971336,17.7));
#483 = VERTEX_POINT('',#484);
#484 = CARTESIAN_POINT('',(21.88442545417,-13.2827678795,17.7));
#485 = CIRCLE('',#486,1.7);
#486 = AXIS2_PLACEMENT_3D('',#487,#488,#489);
#487 = CARTESIAN_POINT('',(23.,-12.,17.7));
#488 = DIRECTION('',(0.,0.,1.));
#489 = DIRECTION('',(1.,0.,0.));
#490 = ORIENTED_EDGE('',*,*,#491,.T.);
#491 = EDGE_CURVE('',#481,#492,#494,.T.);
#492 = VERTEX_POINT('',#493);
#493 = CARTESIAN_POINT('',(23.41395493216,-10.35116971336,21.));
#494 = LINE('',#495,#496);
#495 = CARTESIAN_POINT('',(23.41395493216,-10.35116971336,17.7));
#496 = VECTOR('',#497,1.);
#497 = DIRECTION('',(0.,0.,1.));
#498 = ORIENTED_EDGE('',*,*,#499,.T.);
#499 = EDGE_CURVE('',#492,#500,#502,.T.);
#500 = VERTEX_POINT('',#501);
#501 = CARTESIAN_POINT('',(21.88442545417,-13.2827678795,21.));
#502 = CIRCLE('',#503,1.7);
#503 = AXIS2_PLACEMENT_3D('',#504,#505,#506);
#504 = CARTESIAN_POINT('',(23.,-12.,21.));
#505 = DIRECTION('',(0.,0.,1.));
#506 = DIRECTION('',(1.,0.,0.));
#507 = ORIENTED_EDGE('',*,*,#508,.F.);
#508 = EDGE_CURVE('',#483,#500,#509,.T.);
#509 = LINE('',#510,#511);
#510 = CARTESIAN_POINT('',(21.88442545417,-13.2827678795,17.7));
#511 = VECTOR('',#512,1.);
#512 = DIRECTION('',(0.,0.,1.));
#513 = CYLINDRICAL_SURFACE('',#514,1.7);
#514 = AXIS2_PLACEMENT_3D('',#515,#516,#517);
#515 = CARTESIAN_POINT('',(23.,-12.,-0.5));
#516 = DIRECTION('',(0.,0.,1.));
#517 = DIRECTION('',(1.,0.,0.));
#518 = ADVANCED_FACE('',(#519),#538,.F.);
#519 = FACE_BOUND('',#520,.F.);
#520 = EDGE_LOOP('',(#521,#529,#530,#531));
#521 = ORIENTED_EDGE('',*,*,#522,.F.);
#522 = EDGE_CURVE('',#53,#523,#525,.T.);
#523 = VERTEX_POINT('',#524);
#524 = CARTESIAN_POINT('',(-21.88442545417,-13.2827678795,6.));
#525 = LINE('',#526,#527);
#526 = CARTESIAN_POINT('',(-21.88442545417,-13.2827678795,-0.1));
#527 = VECTOR('',#528,1.);
#528 = DIRECTION('',(0.,0.,1.));
#529 = ORIENTED_EDGE('',*,*,#61,.T.);
#530 = ORIENTED_EDGE('',*,*,#454,.T.);
#531 = ORIENTED_EDGE('',*,*,#532,.F.);
#532 = EDGE_CURVE('',#523,#446,#533,.T.);
#533 = CIRCLE('',#534,25.6);
#534 = AXIS2_PLACEMENT_3D('',#535,#536,#537);
#535 = CARTESIAN_POINT('',(0.,0.,6.));
#536 = DIRECTION('',(0.,0.,1.));
#537 = DIRECTION('',(1.,0.,0.));
#538 = CYLINDRICAL_SURFACE('',#539,25.6);
#539 = AXIS2_PLACEMENT_3D('',#540,#541,#542);
#540 = CARTESIAN_POINT('',(0.,0.,-0.1));
#541 = DIRECTION('',(0.,0.,1.));
#542 = DIRECTION('',(1.,0.,0.));
#543 = ADVANCED_FACE('',(#544),#665,.F.);
#544 = FACE_BOUND('',#545,.F.);
#545 = EDGE_LOOP('',(#546,#557,#565,#574,#582,#591,#599,#608,#614,#615,
    #616,#623,#624,#633,#641,#648,#649,#658));
#546 = ORIENTED_EDGE('',*,*,#547,.F.);
#547 = EDGE_CURVE('',#548,#550,#552,.T.);
#548 = VERTEX_POINT('',#549);
#549 = CARTESIAN_POINT('',(-21.3,-12.,21.8));
#550 = VERTEX_POINT('',#551);
#551 = CARTESIAN_POINT('',(-23.41395493216,-10.35116971336,21.8));
#552 = CIRCLE('',#553,1.7);
#553 = AXIS2_PLACEMENT_3D('',#554,#555,#556);
#554 = CARTESIAN_POINT('',(-23.,-12.,21.8));
#555 = DIRECTION('',(0.,0.,1.));
#556 = DIRECTION('',(1.,0.,0.));
#557 = ORIENTED_EDGE('',*,*,#558,.F.);
#558 = EDGE_CURVE('',#559,#548,#561,.T.);
#559 = VERTEX_POINT('',#560);
#560 = CARTESIAN_POINT('',(-21.3,-12.,21.));
#561 = LINE('',#562,#563);
#562 = CARTESIAN_POINT('',(-21.3,-12.,-0.5));
#563 = VECTOR('',#564,1.);
#564 = DIRECTION('',(0.,0.,1.));
#565 = ORIENTED_EDGE('',*,*,#566,.T.);
#566 = EDGE_CURVE('',#559,#567,#569,.T.);
#567 = VERTEX_POINT('',#568);
#568 = CARTESIAN_POINT('',(-23.41395493216,-10.35116971336,21.));
#569 = CIRCLE('',#570,1.7);
#570 = AXIS2_PLACEMENT_3D('',#571,#572,#573);
#571 = CARTESIAN_POINT('',(-23.,-12.,21.));
#572 = DIRECTION('',(0.,0.,1.));
#573 = DIRECTION('',(1.,0.,0.));
#574 = ORIENTED_EDGE('',*,*,#575,.F.);
#575 = EDGE_CURVE('',#576,#567,#578,.T.);
#576 = VERTEX_POINT('',#577);
#577 = CARTESIAN_POINT('',(-23.41395493216,-10.35116971336,17.7));
#578 = LINE('',#579,#580);
#579 = CARTESIAN_POINT('',(-23.41395493216,-10.35116971336,17.7));
#580 = VECTOR('',#581,1.);
#581 = DIRECTION('',(0.,0.,1.));
#582 = ORIENTED_EDGE('',*,*,#583,.F.);
#583 = EDGE_CURVE('',#584,#576,#586,.T.);
#584 = VERTEX_POINT('',#585);
#585 = CARTESIAN_POINT('',(-21.3,-12.,17.7));
#586 = CIRCLE('',#587,1.7);
#587 = AXIS2_PLACEMENT_3D('',#588,#589,#590);
#588 = CARTESIAN_POINT('',(-23.,-12.,17.7));
#589 = DIRECTION('',(0.,0.,1.));
#590 = DIRECTION('',(1.,0.,0.));
#591 = ORIENTED_EDGE('',*,*,#592,.F.);
#592 = EDGE_CURVE('',#593,#584,#595,.T.);
#593 = VERTEX_POINT('',#594);
#594 = CARTESIAN_POINT('',(-21.3,-12.,6.));
#595 = LINE('',#596,#597);
#596 = CARTESIAN_POINT('',(-21.3,-12.,-0.5));
#597 = VECTOR('',#598,1.);
#598 = DIRECTION('',(0.,0.,1.));
#599 = ORIENTED_EDGE('',*,*,#600,.T.);
#600 = EDGE_CURVE('',#593,#601,#603,.T.);
#601 = VERTEX_POINT('',#602);
#602 = CARTESIAN_POINT('',(-23.41395493216,-10.35116971336,6.));
#603 = CIRCLE('',#604,1.7);
#604 = AXIS2_PLACEMENT_3D('',#605,#606,#607);
#605 = CARTESIAN_POINT('',(-23.,-12.,6.));
#606 = DIRECTION('',(0.,0.,1.));
#607 = DIRECTION('',(1.,0.,0.));
#608 = ORIENTED_EDGE('',*,*,#609,.F.);
#609 = EDGE_CURVE('',#44,#601,#610,.T.);
#610 = LINE('',#611,#612);
#611 = CARTESIAN_POINT('',(-23.41395493216,-10.35116971336,-0.1));
#612 = VECTOR('',#613,1.);
#613 = DIRECTION('',(0.,0.,1.));
#614 = ORIENTED_EDGE('',*,*,#52,.T.);
#615 = ORIENTED_EDGE('',*,*,#522,.T.);
#616 = ORIENTED_EDGE('',*,*,#617,.T.);
#617 = EDGE_CURVE('',#523,#593,#618,.T.);
#618 = CIRCLE('',#619,1.7);
#619 = AXIS2_PLACEMENT_3D('',#620,#621,#622);
#620 = CARTESIAN_POINT('',(-23.,-12.,6.));
#621 = DIRECTION('',(0.,0.,1.));
#622 = DIRECTION('',(1.,0.,0.));
#623 = ORIENTED_EDGE('',*,*,#592,.T.);
#624 = ORIENTED_EDGE('',*,*,#625,.F.);
#625 = EDGE_CURVE('',#626,#584,#628,.T.);
#626 = VERTEX_POINT('',#627);
#627 = CARTESIAN_POINT('',(-21.88442545417,-13.2827678795,17.7));
#628 = CIRCLE('',#629,1.7);
#629 = AXIS2_PLACEMENT_3D('',#630,#631,#632);
#630 = CARTESIAN_POINT('',(-23.,-12.,17.7));
#631 = DIRECTION('',(0.,0.,1.));
#632 = DIRECTION('',(1.,0.,0.));
#633 = ORIENTED_EDGE('',*,*,#634,.T.);
#634 = EDGE_CURVE('',#626,#635,#637,.T.);
#635 = VERTEX_POINT('',#636);
#636 = CARTESIAN_POINT('',(-21.88442545417,-13.2827678795,21.));
#637 = LINE('',#638,#639);
#638 = CARTESIAN_POINT('',(-21.88442545417,-13.2827678795,17.7));
#639 = VECTOR('',#640,1.);
#640 = DIRECTION('',(0.,0.,1.));
#641 = ORIENTED_EDGE('',*,*,#642,.T.);
#642 = EDGE_CURVE('',#635,#559,#643,.T.);
#643 = CIRCLE('',#644,1.7);
#644 = AXIS2_PLACEMENT_3D('',#645,#646,#647);
#645 = CARTESIAN_POINT('',(-23.,-12.,21.));
#646 = DIRECTION('',(0.,0.,1.));
#647 = DIRECTION('',(1.,0.,0.));
#648 = ORIENTED_EDGE('',*,*,#558,.T.);
#649 = ORIENTED_EDGE('',*,*,#650,.F.);
#650 = EDGE_CURVE('',#651,#548,#653,.T.);
#651 = VERTEX_POINT('',#652);
#652 = CARTESIAN_POINT('',(-21.88442545417,-13.2827678795,21.8));
#653 = CIRCLE('',#654,1.7);
#654 = AXIS2_PLACEMENT_3D('',#655,#656,#657);
#655 = CARTESIAN_POINT('',(-23.,-12.,21.8));
#656 = DIRECTION('',(0.,0.,1.));
#657 = DIRECTION('',(1.,0.,0.));
#658 = ORIENTED_EDGE('',*,*,#659,.F.);
#659 = EDGE_CURVE('',#550,#651,#660,.T.);
#660 = CIRCLE('',#661,1.7);
#661 = AXIS2_PLACEMENT_3D('',#662,#663,#664);
#662 = CARTESIAN_POINT('',(-23.,-12.,21.8));
#663 = DIRECTION('',(0.,0.,1.));
#664 = DIRECTION('',(1.,0.,0.));
#665 = CYLINDRICAL_SURFACE('',#666,1.7);
#666 = AXIS2_PLACEMENT_3D('',#667,#668,#669);
#667 = CARTESIAN_POINT('',(-23.,-12.,-0.5));
#668 = DIRECTION('',(0.,0.,1.));
#669 = DIRECTION('',(1.,0.,0.));
#670 = ADVANCED_FACE('',(#671),#683,.F.);
#671 = FACE_BOUND('',#672,.F.);
#672 = EDGE_LOOP('',(#673,#674,#675,#676));
#673 = ORIENTED_EDGE('',*,*,#233,.F.);
#674 = ORIENTED_EDGE('',*,*,#43,.T.);
#675 = ORIENTED_EDGE('',*,*,#609,.T.);
#676 = ORIENTED_EDGE('',*,*,#677,.F.);
#677 = EDGE_CURVE('',#234,#601,#678,.T.);
#678 = CIRCLE('',#679,25.6);
#679 = AXIS2_PLACEMENT_3D('',#680,#681,#682);
#680 = CARTESIAN_POINT('',(0.,0.,6.));
#681 = DIRECTION('',(0.,0.,1.));
#682 = DIRECTION('',(1.,0.,0.));
#683 = CYLINDRICAL_SURFACE('',#684,25.6);
#684 = AXIS2_PLACEMENT_3D('',#685,#686,#687);
#685 = CARTESIAN_POINT('',(0.,0.,-0.1));
#686 = DIRECTION('',(0.,0.,1.));
#687 = DIRECTION('',(1.,0.,0.));
#688 = ADVANCED_FACE('',(#689),#708,.T.);
#689 = FACE_BOUND('',#690,.T.);
#690 = EDGE_LOOP('',(#691,#692,#700,#707));
#691 = ORIENTED_EDGE('',*,*,#148,.T.);
#692 = ORIENTED_EDGE('',*,*,#693,.T.);
#693 = EDGE_CURVE('',#141,#694,#696,.T.);
#694 = VERTEX_POINT('',#695);
#695 = CARTESIAN_POINT('',(32.,0.,8.));
#696 = LINE('',#697,#698);
#697 = CARTESIAN_POINT('',(31.8,0.,2.));
#698 = VECTOR('',#699,1.);
#699 = DIRECTION('',(3.331483023264E-02,0.,0.999444906979));
#700 = ORIENTED_EDGE('',*,*,#701,.F.);
#701 = EDGE_CURVE('',#694,#694,#702,.T.);
#702 = CIRCLE('',#703,32.);
#703 = AXIS2_PLACEMENT_3D('',#704,#705,#706);
#704 = CARTESIAN_POINT('',(0.,0.,8.));
#705 = DIRECTION('',(0.,0.,1.));
#706 = DIRECTION('',(1.,0.,0.));
#707 = ORIENTED_EDGE('',*,*,#693,.F.);
#708 = CONICAL_SURFACE('',#709,31.8,3.332099587825E-02);
#709 = AXIS2_PLACEMENT_3D('',#710,#711,#712);
#710 = CARTESIAN_POINT('',(0.,0.,2.));
#711 = DIRECTION('',(0.,0.,1.));
#712 = DIRECTION('',(1.,0.,0.));
#713 = ADVANCED_FACE('',(#714),#752,.F.);
#714 = FACE_BOUND('',#715,.F.);
#715 = EDGE_LOOP('',(#716,#725,#734,#743,#750,#751));
#716 = ORIENTED_EDGE('',*,*,#717,.T.);
#717 = EDGE_CURVE('',#259,#718,#720,.T.);
#718 = VERTEX_POINT('',#719);
#719 = CARTESIAN_POINT('',(-23.98278871109,8.954654970395,21.));
#720 = CIRCLE('',#721,25.6);
#721 = AXIS2_PLACEMENT_3D('',#722,#723,#724);
#722 = CARTESIAN_POINT('',(0.,0.,21.));
#723 = DIRECTION('',(0.,0.,1.));
#724 = DIRECTION('',(1.,0.,0.));
#725 = ORIENTED_EDGE('',*,*,#726,.T.);
#726 = EDGE_CURVE('',#718,#727,#729,.T.);
#727 = VERTEX_POINT('',#728);
#728 = CARTESIAN_POINT('',(-19.8,12.,21.));
#729 = CIRCLE('',#730,3.2);
#730 = AXIS2_PLACEMENT_3D('',#731,#732,#733);
#731 = CARTESIAN_POINT('',(-23.,12.,21.));
#732 = DIRECTION('',(0.,0.,1.));
#733 = DIRECTION('',(1.,0.,0.));
#734 = ORIENTED_EDGE('',*,*,#735,.T.);
#735 = EDGE_CURVE('',#727,#736,#738,.T.);
#736 = VERTEX_POINT('',#737);
#737 = CARTESIAN_POINT('',(-21.06440296795,14.548227644761,21.));
#738 = CIRCLE('',#739,3.2);
#739 = AXIS2_PLACEMENT_3D('',#740,#741,#742);
#740 = CARTESIAN_POINT('',(-23.,12.,21.));
#741 = DIRECTION('',(0.,0.,1.));
#742 = DIRECTION('',(1.,0.,0.));
#743 = ORIENTED_EDGE('',*,*,#744,.T.);
#744 = EDGE_CURVE('',#736,#184,#745,.T.);
#745 = CIRCLE('',#746,25.6);
#746 = AXIS2_PLACEMENT_3D('',#747,#748,#749);
#747 = CARTESIAN_POINT('',(0.,0.,21.));
#748 = DIRECTION('',(0.,0.,1.));
#749 = DIRECTION('',(1.,0.,0.));
#750 = ORIENTED_EDGE('',*,*,#183,.F.);
#751 = ORIENTED_EDGE('',*,*,#266,.F.);
#752 = PLANE('',#753);
#753 = AXIS2_PLACEMENT_3D('',#754,#755,#756);
#754 = CARTESIAN_POINT('',(-23.,12.,21.));
#755 = DIRECTION('',(0.,0.,1.));
#756 = DIRECTION('',(1.,0.,0.));
#757 = ADVANCED_FACE('',(#758),#802,.F.);
#758 = FACE_BOUND('',#759,.F.);
#759 = EDGE_LOOP('',(#760,#761,#768,#769,#778,#786,#795,#801));
#760 = ORIENTED_EDGE('',*,*,#258,.F.);
#761 = ORIENTED_EDGE('',*,*,#762,.T.);
#762 = EDGE_CURVE('',#250,#576,#763,.T.);
#763 = CIRCLE('',#764,25.6);
#764 = AXIS2_PLACEMENT_3D('',#765,#766,#767);
#765 = CARTESIAN_POINT('',(0.,0.,17.7));
#766 = DIRECTION('',(0.,0.,1.));
#767 = DIRECTION('',(1.,0.,0.));
#768 = ORIENTED_EDGE('',*,*,#575,.T.);
#769 = ORIENTED_EDGE('',*,*,#770,.F.);
#770 = EDGE_CURVE('',#771,#567,#773,.T.);
#771 = VERTEX_POINT('',#772);
#772 = CARTESIAN_POINT('',(-23.98278871109,-8.954654970395,21.));
#773 = CIRCLE('',#774,25.6);
#774 = AXIS2_PLACEMENT_3D('',#775,#776,#777);
#775 = CARTESIAN_POINT('',(0.,0.,21.));
#776 = DIRECTION('',(0.,0.,1.));
#777 = DIRECTION('',(1.,0.,0.));
#778 = ORIENTED_EDGE('',*,*,#779,.T.);
#779 = EDGE_CURVE('',#771,#780,#782,.T.);
#780 = VERTEX_POINT('',#781);
#781 = CARTESIAN_POINT('',(-23.98278871109,-8.954654970394,21.8));
#782 = LINE('',#783,#784);
#783 = CARTESIAN_POINT('',(-23.98278871109,-8.954654970395,17.7));
#784 = VECTOR('',#785,1.);
#785 = DIRECTION('',(0.,0.,1.));
#786 = ORIENTED_EDGE('',*,*,#787,.F.);
#787 = EDGE_CURVE('',#788,#780,#790,.T.);
#788 = VERTEX_POINT('',#789);
#789 = CARTESIAN_POINT('',(-23.98278871109,8.954654970395,21.8));
#790 = CIRCLE('',#791,25.6);
#791 = AXIS2_PLACEMENT_3D('',#792,#793,#794);
#792 = CARTESIAN_POINT('',(0.,0.,21.8));
#793 = DIRECTION('',(0.,0.,1.));
#794 = DIRECTION('',(1.,0.,0.));
#795 = ORIENTED_EDGE('',*,*,#796,.F.);
#796 = EDGE_CURVE('',#718,#788,#797,.T.);
#797 = LINE('',#798,#799);
#798 = CARTESIAN_POINT('',(-23.98278871109,8.954654970395,17.7));
#799 = VECTOR('',#800,1.);
#800 = DIRECTION('',(0.,0.,1.));
#801 = ORIENTED_EDGE('',*,*,#717,.F.);
#802 = CYLINDRICAL_SURFACE('',#803,25.6);
#803 = AXIS2_PLACEMENT_3D('',#804,#805,#806);
#804 = CARTESIAN_POINT('',(0.,0.,17.7));
#805 = DIRECTION('',(0.,0.,1.));
#806 = DIRECTION('',(1.,0.,0.));
#807 = ADVANCED_FACE('',(#808,#847,#858,#869,#880,#930),#941,.T.);
#808 = FACE_BOUND('',#809,.T.);
#809 = EDGE_LOOP('',(#810,#811,#818,#819,#828,#835,#836,#843,#844,#845,
    #846));
#810 = ORIENTED_EDGE('',*,*,#625,.F.);
#811 = ORIENTED_EDGE('',*,*,#812,.T.);
#812 = EDGE_CURVE('',#626,#483,#813,.T.);
#813 = CIRCLE('',#814,25.6);
#814 = AXIS2_PLACEMENT_3D('',#815,#816,#817);
#815 = CARTESIAN_POINT('',(0.,0.,17.7));
#816 = DIRECTION('',(0.,0.,1.));
#817 = DIRECTION('',(1.,0.,0.));
#818 = ORIENTED_EDGE('',*,*,#480,.F.);
#819 = ORIENTED_EDGE('',*,*,#820,.T.);
#820 = EDGE_CURVE('',#481,#821,#823,.T.);
#821 = VERTEX_POINT('',#822);
#822 = CARTESIAN_POINT('',(25.6,-6.270191611634E-15,17.7));
#823 = CIRCLE('',#824,25.6);
#824 = AXIS2_PLACEMENT_3D('',#825,#826,#827);
#825 = CARTESIAN_POINT('',(0.,0.,17.7));
#826 = DIRECTION('',(0.,0.,1.));
#827 = DIRECTION('',(1.,0.,0.));
#828 = ORIENTED_EDGE('',*,*,#829,.T.);
#829 = EDGE_CURVE('',#821,#380,#830,.T.);
#830 = CIRCLE('',#831,25.6);
#831 = AXIS2_PLACEMENT_3D('',#832,#833,#834);
#832 = CARTESIAN_POINT('',(0.,0.,17.7));
#833 = DIRECTION('',(0.,0.,1.));
#834 = DIRECTION('',(1.,0.,0.));
#835 = ORIENTED_EDGE('',*,*,#377,.F.);
#836 = ORIENTED_EDGE('',*,*,#837,.T.);
#837 = EDGE_CURVE('',#378,#193,#838,.T.);
#838 = CIRCLE('',#839,25.6);
#839 = AXIS2_PLACEMENT_3D('',#840,#841,#842);
#840 = CARTESIAN_POINT('',(0.,0.,17.7));
#841 = DIRECTION('',(0.,0.,1.));
#842 = DIRECTION('',(1.,0.,0.));
#843 = ORIENTED_EDGE('',*,*,#200,.F.);
#844 = ORIENTED_EDGE('',*,*,#249,.F.);
#845 = ORIENTED_EDGE('',*,*,#762,.T.);
#846 = ORIENTED_EDGE('',*,*,#583,.F.);
#847 = FACE_BOUND('',#848,.T.);
#848 = EDGE_LOOP('',(#849));
#849 = ORIENTED_EDGE('',*,*,#850,.F.);
#850 = EDGE_CURVE('',#851,#851,#853,.T.);
#851 = VERTEX_POINT('',#852);
#852 = CARTESIAN_POINT('',(-10.23502884254,-13.43502884254,17.7));
#853 = CIRCLE('',#854,3.2);
#854 = AXIS2_PLACEMENT_3D('',#855,#856,#857);
#855 = CARTESIAN_POINT('',(-13.43502884254,-13.43502884254,17.7));
#856 = DIRECTION('',(0.,0.,1.));
#857 = DIRECTION('',(1.,0.,0.));
#858 = FACE_BOUND('',#859,.T.);
#859 = EDGE_LOOP('',(#860));
#860 = ORIENTED_EDGE('',*,*,#861,.F.);
#861 = EDGE_CURVE('',#862,#862,#864,.T.);
#862 = VERTEX_POINT('',#863);
#863 = CARTESIAN_POINT('',(16.635028842544,-13.43502884254,17.7));
#864 = CIRCLE('',#865,3.2);
#865 = AXIS2_PLACEMENT_3D('',#866,#867,#868);
#866 = CARTESIAN_POINT('',(13.435028842544,-13.43502884254,17.7));
#867 = DIRECTION('',(0.,0.,1.));
#868 = DIRECTION('',(1.,0.,0.));
#869 = FACE_BOUND('',#870,.T.);
#870 = EDGE_LOOP('',(#871));
#871 = ORIENTED_EDGE('',*,*,#872,.F.);
#872 = EDGE_CURVE('',#873,#873,#875,.T.);
#873 = VERTEX_POINT('',#874);
#874 = CARTESIAN_POINT('',(-10.23502884254,13.435028842544,17.7));
#875 = CIRCLE('',#876,3.2);
#876 = AXIS2_PLACEMENT_3D('',#877,#878,#879);
#877 = CARTESIAN_POINT('',(-13.43502884254,13.435028842544,17.7));
#878 = DIRECTION('',(0.,0.,1.));
#879 = DIRECTION('',(1.,0.,0.));
#880 = FACE_BOUND('',#881,.T.);
#881 = EDGE_LOOP('',(#882,#892,#900,#908,#916,#924));
#882 = ORIENTED_EDGE('',*,*,#883,.F.);
#883 = EDGE_CURVE('',#884,#886,#888,.T.);
#884 = VERTEX_POINT('',#885);
#885 = CARTESIAN_POINT('',(8.696716957544E-16,14.202816622065,17.7));
#886 = VERTEX_POINT('',#887);
#887 = CARTESIAN_POINT('',(-12.3,7.101408311032,17.7));
#888 = LINE('',#889,#890);
#889 = CARTESIAN_POINT('',(-3.075,12.427464544307,17.7));
#890 = VECTOR('',#891,1.);
#891 = DIRECTION('',(-0.866025403784,-0.5,0.));
#892 = ORIENTED_EDGE('',*,*,#893,.F.);
#893 = EDGE_CURVE('',#894,#884,#896,.T.);
#894 = VERTEX_POINT('',#895);
#895 = CARTESIAN_POINT('',(12.3,7.101408311032,17.7));
#896 = LINE('',#897,#898);
#897 = CARTESIAN_POINT('',(9.225,8.87676038879,17.7));
#898 = VECTOR('',#899,1.);
#899 = DIRECTION('',(-0.866025403784,0.5,0.));
#900 = ORIENTED_EDGE('',*,*,#901,.F.);
#901 = EDGE_CURVE('',#902,#894,#904,.T.);
#902 = VERTEX_POINT('',#903);
#903 = CARTESIAN_POINT('',(12.3,-7.101408311032,17.7));
#904 = LINE('',#905,#906);
#905 = CARTESIAN_POINT('',(12.3,-3.550704155516,17.7));
#906 = VECTOR('',#907,1.);
#907 = DIRECTION('',(3.752122314895E-16,1.,0.));
#908 = ORIENTED_EDGE('',*,*,#909,.F.);
#909 = EDGE_CURVE('',#910,#902,#912,.T.);
#910 = VERTEX_POINT('',#911);
#911 = CARTESIAN_POINT('',(-2.609015087263E-15,-14.20281662206,17.7));
#912 = LINE('',#913,#914);
#913 = CARTESIAN_POINT('',(3.075,-12.4274645443,17.7));
#914 = VECTOR('',#915,1.);
#915 = DIRECTION('',(0.866025403784,0.5,0.));
#916 = ORIENTED_EDGE('',*,*,#917,.F.);
#917 = EDGE_CURVE('',#918,#910,#920,.T.);
#918 = VERTEX_POINT('',#919);
#919 = CARTESIAN_POINT('',(-12.3,-7.101408311032,17.7));
#920 = LINE('',#921,#922);
#921 = CARTESIAN_POINT('',(-9.225,-8.87676038879,17.7));
#922 = VECTOR('',#923,1.);
#923 = DIRECTION('',(0.866025403784,-0.5,0.));
#924 = ORIENTED_EDGE('',*,*,#925,.F.);
#925 = EDGE_CURVE('',#886,#918,#926,.T.);
#926 = LINE('',#927,#928);
#927 = CARTESIAN_POINT('',(-12.3,3.550704155516,17.7));
#928 = VECTOR('',#929,1.);
#929 = DIRECTION('',(1.250707438298E-16,-1.,0.));
#930 = FACE_BOUND('',#931,.T.);
#931 = EDGE_LOOP('',(#932));
#932 = ORIENTED_EDGE('',*,*,#933,.F.);
#933 = EDGE_CURVE('',#934,#934,#936,.T.);
#934 = VERTEX_POINT('',#935);
#935 = CARTESIAN_POINT('',(16.635028842544,13.435028842544,17.7));
#936 = CIRCLE('',#937,3.2);
#937 = AXIS2_PLACEMENT_3D('',#938,#939,#940);
#938 = CARTESIAN_POINT('',(13.435028842544,13.435028842544,17.7));
#939 = DIRECTION('',(0.,0.,1.));
#940 = DIRECTION('',(1.,0.,0.));
#941 = PLANE('',#942);
#942 = AXIS2_PLACEMENT_3D('',#943,#944,#945);
#943 = CARTESIAN_POINT('',(0.,0.,17.7));
#944 = DIRECTION('',(0.,0.,1.));
#945 = DIRECTION('',(1.,0.,0.));
#946 = ADVANCED_FACE('',(#947,#974,#985,#996,#1007,#1057),#1068,.F.);
#947 = FACE_BOUND('',#948,.F.);
#948 = EDGE_LOOP('',(#949,#950,#951,#952,#961,#968,#969,#970,#971,#972,
    #973));
#949 = ORIENTED_EDGE('',*,*,#617,.F.);
#950 = ORIENTED_EDGE('',*,*,#532,.T.);
#951 = ORIENTED_EDGE('',*,*,#445,.F.);
#952 = ORIENTED_EDGE('',*,*,#953,.T.);
#953 = EDGE_CURVE('',#438,#954,#956,.T.);
#954 = VERTEX_POINT('',#955);
#955 = CARTESIAN_POINT('',(25.6,-6.270191611634E-15,6.));
#956 = CIRCLE('',#957,25.6);
#957 = AXIS2_PLACEMENT_3D('',#958,#959,#960);
#958 = CARTESIAN_POINT('',(0.,0.,6.));
#959 = DIRECTION('',(0.,0.,1.));
#960 = DIRECTION('',(1.,0.,0.));
#961 = ORIENTED_EDGE('',*,*,#962,.T.);
#962 = EDGE_CURVE('',#954,#343,#963,.T.);
#963 = CIRCLE('',#964,25.6);
#964 = AXIS2_PLACEMENT_3D('',#965,#966,#967);
#965 = CARTESIAN_POINT('',(0.,0.,6.));
#966 = DIRECTION('',(0.,0.,1.));
#967 = DIRECTION('',(1.,0.,0.));
#968 = ORIENTED_EDGE('',*,*,#342,.F.);
#969 = ORIENTED_EDGE('',*,*,#308,.T.);
#970 = ORIENTED_EDGE('',*,*,#217,.F.);
#971 = ORIENTED_EDGE('',*,*,#241,.F.);
#972 = ORIENTED_EDGE('',*,*,#677,.T.);
#973 = ORIENTED_EDGE('',*,*,#600,.F.);
#974 = FACE_BOUND('',#975,.F.);
#975 = EDGE_LOOP('',(#976));
#976 = ORIENTED_EDGE('',*,*,#977,.F.);
#977 = EDGE_CURVE('',#978,#978,#980,.T.);
#978 = VERTEX_POINT('',#979);
#979 = CARTESIAN_POINT('',(-10.23502884254,-13.43502884254,6.));
#980 = CIRCLE('',#981,3.2);
#981 = AXIS2_PLACEMENT_3D('',#982,#983,#984);
#982 = CARTESIAN_POINT('',(-13.43502884254,-13.43502884254,6.));
#983 = DIRECTION('',(0.,0.,1.));
#984 = DIRECTION('',(1.,0.,0.));
#985 = FACE_BOUND('',#986,.F.);
#986 = EDGE_LOOP('',(#987));
#987 = ORIENTED_EDGE('',*,*,#988,.F.);
#988 = EDGE_CURVE('',#989,#989,#991,.T.);
#989 = VERTEX_POINT('',#990);
#990 = CARTESIAN_POINT('',(16.635028842544,-13.43502884254,6.));
#991 = CIRCLE('',#992,3.2);
#992 = AXIS2_PLACEMENT_3D('',#993,#994,#995);
#993 = CARTESIAN_POINT('',(13.435028842544,-13.43502884254,6.));
#994 = DIRECTION('',(0.,0.,1.));
#995 = DIRECTION('',(1.,0.,0.));
#996 = FACE_BOUND('',#997,.F.);
#997 = EDGE_LOOP('',(#998));
#998 = ORIENTED_EDGE('',*,*,#999,.F.);
#999 = EDGE_CURVE('',#1000,#1000,#1002,.T.);
#1000 = VERTEX_POINT('',#1001);
#1001 = CARTESIAN_POINT('',(-10.23502884254,13.435028842544,6.));
#1002 = CIRCLE('',#1003,3.2);
#1003 = AXIS2_PLACEMENT_3D('',#1004,#1005,#1006);
#1004 = CARTESIAN_POINT('',(-13.43502884254,13.435028842544,6.));
#1005 = DIRECTION('',(0.,0.,1.));
#1006 = DIRECTION('',(1.,0.,0.));
#1007 = FACE_BOUND('',#1008,.F.);
#1008 = EDGE_LOOP('',(#1009,#1019,#1027,#1035,#1043,#1051));
#1009 = ORIENTED_EDGE('',*,*,#1010,.T.);
#1010 = EDGE_CURVE('',#1011,#1013,#1015,.T.);
#1011 = VERTEX_POINT('',#1012);
#1012 = CARTESIAN_POINT('',(-12.3,7.101408311032,6.));
#1013 = VERTEX_POINT('',#1014);
#1014 = CARTESIAN_POINT('',(8.696716957544E-16,14.202816622065,6.));
#1015 = LINE('',#1016,#1017);
#1016 = CARTESIAN_POINT('',(-3.075,12.427464544307,6.));
#1017 = VECTOR('',#1018,1.);
#1018 = DIRECTION('',(0.866025403784,0.5,0.));
#1019 = ORIENTED_EDGE('',*,*,#1020,.T.);
#1020 = EDGE_CURVE('',#1013,#1021,#1023,.T.);
#1021 = VERTEX_POINT('',#1022);
#1022 = CARTESIAN_POINT('',(12.3,7.101408311032,6.));
#1023 = LINE('',#1024,#1025);
#1024 = CARTESIAN_POINT('',(9.225,8.87676038879,6.));
#1025 = VECTOR('',#1026,1.);
#1026 = DIRECTION('',(0.866025403784,-0.5,0.));
#1027 = ORIENTED_EDGE('',*,*,#1028,.T.);
#1028 = EDGE_CURVE('',#1021,#1029,#1031,.T.);
#1029 = VERTEX_POINT('',#1030);
#1030 = CARTESIAN_POINT('',(12.3,-7.101408311032,6.));
#1031 = LINE('',#1032,#1033);
#1032 = CARTESIAN_POINT('',(12.3,-3.550704155516,6.));
#1033 = VECTOR('',#1034,1.);
#1034 = DIRECTION('',(-3.752122314895E-16,-1.,0.));
#1035 = ORIENTED_EDGE('',*,*,#1036,.T.);
#1036 = EDGE_CURVE('',#1029,#1037,#1039,.T.);
#1037 = VERTEX_POINT('',#1038);
#1038 = CARTESIAN_POINT('',(-2.609015087263E-15,-14.20281662206,6.));
#1039 = LINE('',#1040,#1041);
#1040 = CARTESIAN_POINT('',(3.075,-12.4274645443,6.));
#1041 = VECTOR('',#1042,1.);
#1042 = DIRECTION('',(-0.866025403784,-0.5,0.));
#1043 = ORIENTED_EDGE('',*,*,#1044,.T.);
#1044 = EDGE_CURVE('',#1037,#1045,#1047,.T.);
#1045 = VERTEX_POINT('',#1046);
#1046 = CARTESIAN_POINT('',(-12.3,-7.101408311032,6.));
#1047 = LINE('',#1048,#1049);
#1048 = CARTESIAN_POINT('',(-9.225,-8.87676038879,6.));
#1049 = VECTOR('',#1050,1.);
#1050 = DIRECTION('',(-0.866025403784,0.5,0.));
#1051 = ORIENTED_EDGE('',*,*,#1052,.T.);
#1052 = EDGE_CURVE('',#1045,#1011,#1053,.T.);
#1053 = LINE('',#1054,#1055);
#1054 = CARTESIAN_POINT('',(-12.3,3.550704155516,6.));
#1055 = VECTOR('',#1056,1.);
#1056 = DIRECTION('',(-1.250707438298E-16,1.,0.));
#1057 = FACE_BOUND('',#1058,.F.);
#1058 = EDGE_LOOP('',(#1059));
#1059 = ORIENTED_EDGE('',*,*,#1060,.F.);
#1060 = EDGE_CURVE('',#1061,#1061,#1063,.T.);
#1061 = VERTEX_POINT('',#1062);
#1062 = CARTESIAN_POINT('',(16.635028842544,13.435028842544,6.));
#1063 = CIRCLE('',#1064,3.2);
#1064 = AXIS2_PLACEMENT_3D('',#1065,#1066,#1067);
#1065 = CARTESIAN_POINT('',(13.435028842544,13.435028842544,6.));
#1066 = DIRECTION('',(0.,0.,1.));
#1067 = DIRECTION('',(1.,0.,0.));
#1068 = PLANE('',#1069);
#1069 = AXIS2_PLACEMENT_3D('',#1070,#1071,#1072);
#1070 = CARTESIAN_POINT('',(0.,0.,6.));
#1071 = DIRECTION('',(0.,0.,1.));
#1072 = DIRECTION('',(1.,0.,0.));
#1073 = ADVANCED_FACE('',(#1074),#1112,.F.);
#1074 = FACE_BOUND('',#1075,.F.);
#1075 = EDGE_LOOP('',(#1076,#1077,#1078,#1079,#1080,#1088,#1097,#1105));
#1076 = ORIENTED_EDGE('',*,*,#388,.F.);
#1077 = ORIENTED_EDGE('',*,*,#837,.T.);
#1078 = ORIENTED_EDGE('',*,*,#192,.T.);
#1079 = ORIENTED_EDGE('',*,*,#744,.F.);
#1080 = ORIENTED_EDGE('',*,*,#1081,.T.);
#1081 = EDGE_CURVE('',#736,#1082,#1084,.T.);
#1082 = VERTEX_POINT('',#1083);
#1083 = CARTESIAN_POINT('',(-21.06440296795,14.548227644761,21.8));
#1084 = LINE('',#1085,#1086);
#1085 = CARTESIAN_POINT('',(-21.06440296795,14.548227644761,17.7));
#1086 = VECTOR('',#1087,1.);
#1087 = DIRECTION('',(0.,0.,1.));
#1088 = ORIENTED_EDGE('',*,*,#1089,.F.);
#1089 = EDGE_CURVE('',#1090,#1082,#1092,.T.);
#1090 = VERTEX_POINT('',#1091);
#1091 = CARTESIAN_POINT('',(21.064402967951,14.548227644761,21.8));
#1092 = CIRCLE('',#1093,25.6);
#1093 = AXIS2_PLACEMENT_3D('',#1094,#1095,#1096);
#1094 = CARTESIAN_POINT('',(0.,0.,21.8));
#1095 = DIRECTION('',(0.,0.,1.));
#1096 = DIRECTION('',(1.,0.,0.));
#1097 = ORIENTED_EDGE('',*,*,#1098,.F.);
#1098 = EDGE_CURVE('',#1099,#1090,#1101,.T.);
#1099 = VERTEX_POINT('',#1100);
#1100 = CARTESIAN_POINT('',(21.064402967951,14.548227644761,21.));
#1101 = LINE('',#1102,#1103);
#1102 = CARTESIAN_POINT('',(21.064402967951,14.548227644761,17.7));
#1103 = VECTOR('',#1104,1.);
#1104 = DIRECTION('',(0.,0.,1.));
#1105 = ORIENTED_EDGE('',*,*,#1106,.F.);
#1106 = EDGE_CURVE('',#389,#1099,#1107,.T.);
#1107 = CIRCLE('',#1108,25.6);
#1108 = AXIS2_PLACEMENT_3D('',#1109,#1110,#1111);
#1109 = CARTESIAN_POINT('',(0.,0.,21.));
#1110 = DIRECTION('',(0.,0.,1.));
#1111 = DIRECTION('',(1.,0.,0.));
#1112 = CYLINDRICAL_SURFACE('',#1113,25.6);
#1113 = AXIS2_PLACEMENT_3D('',#1114,#1115,#1116);
#1114 = CARTESIAN_POINT('',(0.,0.,17.7));
#1115 = DIRECTION('',(0.,0.,1.));
#1116 = DIRECTION('',(1.,0.,0.));
#1117 = ADVANCED_FACE('',(#1118),#1138,.F.);
#1118 = FACE_BOUND('',#1119,.F.);
#1119 = EDGE_LOOP('',(#1120,#1121,#1130,#1137));
#1120 = ORIENTED_EDGE('',*,*,#1106,.T.);
#1121 = ORIENTED_EDGE('',*,*,#1122,.T.);
#1122 = EDGE_CURVE('',#1099,#1123,#1125,.T.);
#1123 = VERTEX_POINT('',#1124);
#1124 = CARTESIAN_POINT('',(23.982788711098,8.954654970395,21.));
#1125 = CIRCLE('',#1126,3.2);
#1126 = AXIS2_PLACEMENT_3D('',#1127,#1128,#1129);
#1127 = CARTESIAN_POINT('',(23.,12.,21.));
#1128 = DIRECTION('',(0.,0.,1.));
#1129 = DIRECTION('',(1.,0.,0.));
#1130 = ORIENTED_EDGE('',*,*,#1131,.T.);
#1131 = EDGE_CURVE('',#1123,#397,#1132,.T.);
#1132 = CIRCLE('',#1133,25.6);
#1133 = AXIS2_PLACEMENT_3D('',#1134,#1135,#1136);
#1134 = CARTESIAN_POINT('',(0.,0.,21.));
#1135 = DIRECTION('',(0.,0.,1.));
#1136 = DIRECTION('',(1.,0.,0.));
#1137 = ORIENTED_EDGE('',*,*,#396,.F.);
#1138 = PLANE('',#1139);
#1139 = AXIS2_PLACEMENT_3D('',#1140,#1141,#1142);
#1140 = CARTESIAN_POINT('',(23.,12.,21.));
#1141 = DIRECTION('',(0.,0.,1.));
#1142 = DIRECTION('',(1.,0.,0.));
#1143 = ADVANCED_FACE('',(#1144),#1190,.F.);
#1144 = FACE_BOUND('',#1145,.F.);
#1145 = EDGE_LOOP('',(#1146,#1147,#1148,#1149,#1158,#1166,#1175,#1183));
#1146 = ORIENTED_EDGE('',*,*,#634,.F.);
#1147 = ORIENTED_EDGE('',*,*,#812,.T.);
#1148 = ORIENTED_EDGE('',*,*,#508,.T.);
#1149 = ORIENTED_EDGE('',*,*,#1150,.F.);
#1150 = EDGE_CURVE('',#1151,#500,#1153,.T.);
#1151 = VERTEX_POINT('',#1152);
#1152 = CARTESIAN_POINT('',(21.064402967951,-14.54822764476,21.));
#1153 = CIRCLE('',#1154,25.6);
#1154 = AXIS2_PLACEMENT_3D('',#1155,#1156,#1157);
#1155 = CARTESIAN_POINT('',(0.,0.,21.));
#1156 = DIRECTION('',(0.,0.,1.));
#1157 = DIRECTION('',(1.,0.,0.));
#1158 = ORIENTED_EDGE('',*,*,#1159,.T.);
#1159 = EDGE_CURVE('',#1151,#1160,#1162,.T.);
#1160 = VERTEX_POINT('',#1161);
#1161 = CARTESIAN_POINT('',(21.064402967951,-14.54822764476,21.8));
#1162 = LINE('',#1163,#1164);
#1163 = CARTESIAN_POINT('',(21.064402967951,-14.54822764476,17.7));
#1164 = VECTOR('',#1165,1.);
#1165 = DIRECTION('',(0.,0.,1.));
#1166 = ORIENTED_EDGE('',*,*,#1167,.F.);
#1167 = EDGE_CURVE('',#1168,#1160,#1170,.T.);
#1168 = VERTEX_POINT('',#1169);
#1169 = CARTESIAN_POINT('',(-21.06440296795,-14.54822764476,21.8));
#1170 = CIRCLE('',#1171,25.6);
#1171 = AXIS2_PLACEMENT_3D('',#1172,#1173,#1174);
#1172 = CARTESIAN_POINT('',(0.,0.,21.8));
#1173 = DIRECTION('',(0.,0.,1.));
#1174 = DIRECTION('',(1.,0.,0.));
#1175 = ORIENTED_EDGE('',*,*,#1176,.F.);
#1176 = EDGE_CURVE('',#1177,#1168,#1179,.T.);
#1177 = VERTEX_POINT('',#1178);
#1178 = CARTESIAN_POINT('',(-21.06440296795,-14.54822764476,21.));
#1179 = LINE('',#1180,#1181);
#1180 = CARTESIAN_POINT('',(-21.06440296795,-14.54822764476,17.7));
#1181 = VECTOR('',#1182,1.);
#1182 = DIRECTION('',(0.,0.,1.));
#1183 = ORIENTED_EDGE('',*,*,#1184,.F.);
#1184 = EDGE_CURVE('',#635,#1177,#1185,.T.);
#1185 = CIRCLE('',#1186,25.6);
#1186 = AXIS2_PLACEMENT_3D('',#1187,#1188,#1189);
#1187 = CARTESIAN_POINT('',(0.,0.,21.));
#1188 = DIRECTION('',(0.,0.,1.));
#1189 = DIRECTION('',(1.,0.,0.));
#1190 = CYLINDRICAL_SURFACE('',#1191,25.6);
#1191 = AXIS2_PLACEMENT_3D('',#1192,#1193,#1194);
#1192 = CARTESIAN_POINT('',(0.,0.,17.7));
#1193 = DIRECTION('',(0.,0.,1.));
#1194 = DIRECTION('',(1.,0.,0.));
#1195 = ADVANCED_FACE('',(#1196),#1216,.F.);
#1196 = FACE_BOUND('',#1197,.F.);
#1197 = EDGE_LOOP('',(#1198,#1207,#1208,#1209));
#1198 = ORIENTED_EDGE('',*,*,#1199,.T.);
#1199 = EDGE_CURVE('',#1200,#1151,#1202,.T.);
#1200 = VERTEX_POINT('',#1201);
#1201 = CARTESIAN_POINT('',(23.982788711098,-8.954654970395,21.));
#1202 = CIRCLE('',#1203,3.2);
#1203 = AXIS2_PLACEMENT_3D('',#1204,#1205,#1206);
#1204 = CARTESIAN_POINT('',(23.,-12.,21.));
#1205 = DIRECTION('',(0.,0.,1.));
#1206 = DIRECTION('',(1.,0.,0.));
#1207 = ORIENTED_EDGE('',*,*,#1150,.T.);
#1208 = ORIENTED_EDGE('',*,*,#499,.F.);
#1209 = ORIENTED_EDGE('',*,*,#1210,.T.);
#1210 = EDGE_CURVE('',#492,#1200,#1211,.T.);
#1211 = CIRCLE('',#1212,25.6);
#1212 = AXIS2_PLACEMENT_3D('',#1213,#1214,#1215);
#1213 = CARTESIAN_POINT('',(0.,0.,21.));
#1214 = DIRECTION('',(0.,0.,1.));
#1215 = DIRECTION('',(1.,0.,0.));
#1216 = PLANE('',#1217);
#1217 = AXIS2_PLACEMENT_3D('',#1218,#1219,#1220);
#1218 = CARTESIAN_POINT('',(23.,-12.,21.));
#1219 = DIRECTION('',(0.,0.,1.));
#1220 = DIRECTION('',(1.,0.,0.));
#1221 = ADVANCED_FACE('',(#1222),#1244,.F.);
#1222 = FACE_BOUND('',#1223,.F.);
#1223 = EDGE_LOOP('',(#1224,#1225,#1234,#1241,#1242,#1243));
#1224 = ORIENTED_EDGE('',*,*,#1184,.T.);
#1225 = ORIENTED_EDGE('',*,*,#1226,.T.);
#1226 = EDGE_CURVE('',#1177,#1227,#1229,.T.);
#1227 = VERTEX_POINT('',#1228);
#1228 = CARTESIAN_POINT('',(-19.8,-12.,21.));
#1229 = CIRCLE('',#1230,3.2);
#1230 = AXIS2_PLACEMENT_3D('',#1231,#1232,#1233);
#1231 = CARTESIAN_POINT('',(-23.,-12.,21.));
#1232 = DIRECTION('',(0.,0.,1.));
#1233 = DIRECTION('',(1.,0.,0.));
#1234 = ORIENTED_EDGE('',*,*,#1235,.T.);
#1235 = EDGE_CURVE('',#1227,#771,#1236,.T.);
#1236 = CIRCLE('',#1237,3.2);
#1237 = AXIS2_PLACEMENT_3D('',#1238,#1239,#1240);
#1238 = CARTESIAN_POINT('',(-23.,-12.,21.));
#1239 = DIRECTION('',(0.,0.,1.));
#1240 = DIRECTION('',(1.,0.,0.));
#1241 = ORIENTED_EDGE('',*,*,#770,.T.);
#1242 = ORIENTED_EDGE('',*,*,#566,.F.);
#1243 = ORIENTED_EDGE('',*,*,#642,.F.);
#1244 = PLANE('',#1245);
#1245 = AXIS2_PLACEMENT_3D('',#1246,#1247,#1248);
#1246 = CARTESIAN_POINT('',(-23.,-12.,21.));
#1247 = DIRECTION('',(0.,0.,1.));
#1248 = DIRECTION('',(1.,0.,0.));
#1249 = ADVANCED_FACE('',(#1250),#1269,.T.);
#1250 = FACE_BOUND('',#1251,.T.);
#1251 = EDGE_LOOP('',(#1252,#1253,#1261,#1268));
#1252 = ORIENTED_EDGE('',*,*,#701,.T.);
#1253 = ORIENTED_EDGE('',*,*,#1254,.T.);
#1254 = EDGE_CURVE('',#694,#1255,#1257,.T.);
#1255 = VERTEX_POINT('',#1256);
#1256 = CARTESIAN_POINT('',(32.18,0.,11.6));
#1257 = LINE('',#1258,#1259);
#1258 = CARTESIAN_POINT('',(32.,0.,8.));
#1259 = VECTOR('',#1260,1.);
#1260 = DIRECTION('',(4.993761694389E-02,0.,0.998752338878));
#1261 = ORIENTED_EDGE('',*,*,#1262,.F.);
#1262 = EDGE_CURVE('',#1255,#1255,#1263,.T.);
#1263 = CIRCLE('',#1264,32.18);
#1264 = AXIS2_PLACEMENT_3D('',#1265,#1266,#1267);
#1265 = CARTESIAN_POINT('',(0.,0.,11.6));
#1266 = DIRECTION('',(0.,0.,1.));
#1267 = DIRECTION('',(1.,0.,0.));
#1268 = ORIENTED_EDGE('',*,*,#1254,.F.);
#1269 = CONICAL_SURFACE('',#1270,32.,4.995839572194E-02);
#1270 = AXIS2_PLACEMENT_3D('',#1271,#1272,#1273);
#1271 = CARTESIAN_POINT('',(0.,0.,8.));
#1272 = DIRECTION('',(0.,0.,1.));
#1273 = DIRECTION('',(1.,0.,0.));
#1274 = ADVANCED_FACE('',(#1275),#1286,.F.);
#1275 = FACE_BOUND('',#1276,.F.);
#1276 = EDGE_LOOP('',(#1277,#1278,#1284,#1285));
#1277 = ORIENTED_EDGE('',*,*,#850,.F.);
#1278 = ORIENTED_EDGE('',*,*,#1279,.F.);
#1279 = EDGE_CURVE('',#978,#851,#1280,.T.);
#1280 = LINE('',#1281,#1282);
#1281 = CARTESIAN_POINT('',(-10.23502884254,-13.43502884254,-1.));
#1282 = VECTOR('',#1283,1.);
#1283 = DIRECTION('',(0.,0.,1.));
#1284 = ORIENTED_EDGE('',*,*,#977,.T.);
#1285 = ORIENTED_EDGE('',*,*,#1279,.T.);
#1286 = CYLINDRICAL_SURFACE('',#1287,3.2);
#1287 = AXIS2_PLACEMENT_3D('',#1288,#1289,#1290);
#1288 = CARTESIAN_POINT('',(-13.43502884254,-13.43502884254,-1.));
#1289 = DIRECTION('',(0.,0.,1.));
#1290 = DIRECTION('',(1.,0.,0.));
#1291 = ADVANCED_FACE('',(#1292),#1303,.F.);
#1292 = FACE_BOUND('',#1293,.F.);
#1293 = EDGE_LOOP('',(#1294,#1295,#1301,#1302));
#1294 = ORIENTED_EDGE('',*,*,#861,.F.);
#1295 = ORIENTED_EDGE('',*,*,#1296,.F.);
#1296 = EDGE_CURVE('',#989,#862,#1297,.T.);
#1297 = LINE('',#1298,#1299);
#1298 = CARTESIAN_POINT('',(16.635028842544,-13.43502884254,-1.));
#1299 = VECTOR('',#1300,1.);
#1300 = DIRECTION('',(0.,0.,1.));
#1301 = ORIENTED_EDGE('',*,*,#988,.T.);
#1302 = ORIENTED_EDGE('',*,*,#1296,.T.);
#1303 = CYLINDRICAL_SURFACE('',#1304,3.2);
#1304 = AXIS2_PLACEMENT_3D('',#1305,#1306,#1307);
#1305 = CARTESIAN_POINT('',(13.435028842544,-13.43502884254,-1.));
#1306 = DIRECTION('',(0.,0.,1.));
#1307 = DIRECTION('',(1.,0.,0.));
#1308 = ADVANCED_FACE('',(#1309),#1320,.F.);
#1309 = FACE_BOUND('',#1310,.F.);
#1310 = EDGE_LOOP('',(#1311,#1312,#1318,#1319));
#1311 = ORIENTED_EDGE('',*,*,#872,.F.);
#1312 = ORIENTED_EDGE('',*,*,#1313,.F.);
#1313 = EDGE_CURVE('',#1000,#873,#1314,.T.);
#1314 = LINE('',#1315,#1316);
#1315 = CARTESIAN_POINT('',(-10.23502884254,13.435028842544,-1.));
#1316 = VECTOR('',#1317,1.);
#1317 = DIRECTION('',(0.,0.,1.));
#1318 = ORIENTED_EDGE('',*,*,#999,.T.);
#1319 = ORIENTED_EDGE('',*,*,#1313,.T.);
#1320 = CYLINDRICAL_SURFACE('',#1321,3.2);
#1321 = AXIS2_PLACEMENT_3D('',#1322,#1323,#1324);
#1322 = CARTESIAN_POINT('',(-13.43502884254,13.435028842544,-1.));
#1323 = DIRECTION('',(0.,0.,1.));
#1324 = DIRECTION('',(1.,0.,0.));
#1325 = ADVANCED_FACE('',(#1326),#1342,.T.);
#1326 = FACE_BOUND('',#1327,.T.);
#1327 = EDGE_LOOP('',(#1328,#1334,#1335,#1341));
#1328 = ORIENTED_EDGE('',*,*,#1329,.F.);
#1329 = EDGE_CURVE('',#1011,#886,#1330,.T.);
#1330 = LINE('',#1331,#1332);
#1331 = CARTESIAN_POINT('',(-12.3,7.101408311032,5.9));
#1332 = VECTOR('',#1333,1.);
#1333 = DIRECTION('',(0.,0.,1.));
#1334 = ORIENTED_EDGE('',*,*,#1010,.T.);
#1335 = ORIENTED_EDGE('',*,*,#1336,.T.);
#1336 = EDGE_CURVE('',#1013,#884,#1337,.T.);
#1337 = LINE('',#1338,#1339);
#1338 = CARTESIAN_POINT('',(8.696716957544E-16,14.202816622065,5.9));
#1339 = VECTOR('',#1340,1.);
#1340 = DIRECTION('',(0.,0.,1.));
#1341 = ORIENTED_EDGE('',*,*,#883,.T.);
#1342 = PLANE('',#1343);
#1343 = AXIS2_PLACEMENT_3D('',#1344,#1345,#1346);
#1344 = CARTESIAN_POINT('',(8.696716957544E-16,14.202816622065,5.9));
#1345 = DIRECTION('',(0.5,-0.866025403784,0.));
#1346 = DIRECTION('',(-0.866025403784,-0.5,0.));
#1347 = ADVANCED_FACE('',(#1348),#1359,.T.);
#1348 = FACE_BOUND('',#1349,.T.);
#1349 = EDGE_LOOP('',(#1350,#1351,#1352,#1358));
#1350 = ORIENTED_EDGE('',*,*,#1336,.F.);
#1351 = ORIENTED_EDGE('',*,*,#1020,.T.);
#1352 = ORIENTED_EDGE('',*,*,#1353,.T.);
#1353 = EDGE_CURVE('',#1021,#894,#1354,.T.);
#1354 = LINE('',#1355,#1356);
#1355 = CARTESIAN_POINT('',(12.3,7.101408311032,5.9));
#1356 = VECTOR('',#1357,1.);
#1357 = DIRECTION('',(0.,0.,1.));
#1358 = ORIENTED_EDGE('',*,*,#893,.T.);
#1359 = PLANE('',#1360);
#1360 = AXIS2_PLACEMENT_3D('',#1361,#1362,#1363);
#1361 = CARTESIAN_POINT('',(12.3,7.101408311032,5.9));
#1362 = DIRECTION('',(-0.5,-0.866025403784,0.));
#1363 = DIRECTION('',(-0.866025403784,0.5,0.));
#1364 = ADVANCED_FACE('',(#1365),#1376,.T.);
#1365 = FACE_BOUND('',#1366,.T.);
#1366 = EDGE_LOOP('',(#1367,#1373,#1374,#1375));
#1367 = ORIENTED_EDGE('',*,*,#1368,.F.);
#1368 = EDGE_CURVE('',#1045,#918,#1369,.T.);
#1369 = LINE('',#1370,#1371);
#1370 = CARTESIAN_POINT('',(-12.3,-7.101408311032,5.9));
#1371 = VECTOR('',#1372,1.);
#1372 = DIRECTION('',(0.,0.,1.));
#1373 = ORIENTED_EDGE('',*,*,#1052,.T.);
#1374 = ORIENTED_EDGE('',*,*,#1329,.T.);
#1375 = ORIENTED_EDGE('',*,*,#925,.T.);
#1376 = PLANE('',#1377);
#1377 = AXIS2_PLACEMENT_3D('',#1378,#1379,#1380);
#1378 = CARTESIAN_POINT('',(-12.3,7.101408311032,5.9));
#1379 = DIRECTION('',(1.,1.250707438298E-16,0.));
#1380 = DIRECTION('',(1.250707438298E-16,-1.,0.));
#1381 = ADVANCED_FACE('',(#1382),#1393,.T.);
#1382 = FACE_BOUND('',#1383,.T.);
#1383 = EDGE_LOOP('',(#1384,#1385,#1386,#1392));
#1384 = ORIENTED_EDGE('',*,*,#1353,.F.);
#1385 = ORIENTED_EDGE('',*,*,#1028,.T.);
#1386 = ORIENTED_EDGE('',*,*,#1387,.T.);
#1387 = EDGE_CURVE('',#1029,#902,#1388,.T.);
#1388 = LINE('',#1389,#1390);
#1389 = CARTESIAN_POINT('',(12.3,-7.101408311032,5.9));
#1390 = VECTOR('',#1391,1.);
#1391 = DIRECTION('',(0.,0.,1.));
#1392 = ORIENTED_EDGE('',*,*,#901,.T.);
#1393 = PLANE('',#1394);
#1394 = AXIS2_PLACEMENT_3D('',#1395,#1396,#1397);
#1395 = CARTESIAN_POINT('',(12.3,-7.101408311032,5.9));
#1396 = DIRECTION('',(-1.,3.752122314895E-16,0.));
#1397 = DIRECTION('',(3.752122314895E-16,1.,0.));
#1398 = ADVANCED_FACE('',(#1399),#1410,.T.);
#1399 = FACE_BOUND('',#1400,.T.);
#1400 = EDGE_LOOP('',(#1401,#1407,#1408,#1409));
#1401 = ORIENTED_EDGE('',*,*,#1402,.F.);
#1402 = EDGE_CURVE('',#1037,#910,#1403,.T.);
#1403 = LINE('',#1404,#1405);
#1404 = CARTESIAN_POINT('',(-2.609015087263E-15,-14.20281662206,5.9));
#1405 = VECTOR('',#1406,1.);
#1406 = DIRECTION('',(0.,0.,1.));
#1407 = ORIENTED_EDGE('',*,*,#1044,.T.);
#1408 = ORIENTED_EDGE('',*,*,#1368,.T.);
#1409 = ORIENTED_EDGE('',*,*,#917,.T.);
#1410 = PLANE('',#1411);
#1411 = AXIS2_PLACEMENT_3D('',#1412,#1413,#1414);
#1412 = CARTESIAN_POINT('',(-12.3,-7.101408311032,5.9));
#1413 = DIRECTION('',(0.5,0.866025403784,0.));
#1414 = DIRECTION('',(0.866025403784,-0.5,0.));
#1415 = ADVANCED_FACE('',(#1416),#1422,.T.);
#1416 = FACE_BOUND('',#1417,.T.);
#1417 = EDGE_LOOP('',(#1418,#1419,#1420,#1421));
#1418 = ORIENTED_EDGE('',*,*,#1387,.F.);
#1419 = ORIENTED_EDGE('',*,*,#1036,.T.);
#1420 = ORIENTED_EDGE('',*,*,#1402,.T.);
#1421 = ORIENTED_EDGE('',*,*,#909,.T.);
#1422 = PLANE('',#1423);
#1423 = AXIS2_PLACEMENT_3D('',#1424,#1425,#1426);
#1424 = CARTESIAN_POINT('',(-2.609015087263E-15,-14.20281662206,5.9));
#1425 = DIRECTION('',(-0.5,0.866025403784,0.));
#1426 = DIRECTION('',(0.866025403784,0.5,0.));
#1427 = ADVANCED_FACE('',(#1428),#1439,.F.);
#1428 = FACE_BOUND('',#1429,.F.);
#1429 = EDGE_LOOP('',(#1430,#1431,#1437,#1438));
#1430 = ORIENTED_EDGE('',*,*,#933,.F.);
#1431 = ORIENTED_EDGE('',*,*,#1432,.F.);
#1432 = EDGE_CURVE('',#1061,#934,#1433,.T.);
#1433 = LINE('',#1434,#1435);
#1434 = CARTESIAN_POINT('',(16.635028842544,13.435028842544,-1.));
#1435 = VECTOR('',#1436,1.);
#1436 = DIRECTION('',(0.,0.,1.));
#1437 = ORIENTED_EDGE('',*,*,#1060,.T.);
#1438 = ORIENTED_EDGE('',*,*,#1432,.T.);
#1439 = CYLINDRICAL_SURFACE('',#1440,3.2);
#1440 = AXIS2_PLACEMENT_3D('',#1441,#1442,#1443);
#1441 = CARTESIAN_POINT('',(13.435028842544,13.435028842544,-1.));
#1442 = DIRECTION('',(0.,0.,1.));
#1443 = DIRECTION('',(1.,0.,0.));
#1444 = ADVANCED_FACE('',(#1445),#1464,.T.);
#1445 = FACE_BOUND('',#1446,.T.);
#1446 = EDGE_LOOP('',(#1447,#1455,#1462,#1463));
#1447 = ORIENTED_EDGE('',*,*,#1448,.T.);
#1448 = EDGE_CURVE('',#1123,#1449,#1451,.T.);
#1449 = VERTEX_POINT('',#1450);
#1450 = CARTESIAN_POINT('',(23.982788711098,8.954654970395,21.8));
#1451 = LINE('',#1452,#1453);
#1452 = CARTESIAN_POINT('',(23.982788711098,8.954654970395,17.7));
#1453 = VECTOR('',#1454,1.);
#1454 = DIRECTION('',(0.,0.,1.));
#1455 = ORIENTED_EDGE('',*,*,#1456,.F.);
#1456 = EDGE_CURVE('',#1090,#1449,#1457,.T.);
#1457 = CIRCLE('',#1458,3.2);
#1458 = AXIS2_PLACEMENT_3D('',#1459,#1460,#1461);
#1459 = CARTESIAN_POINT('',(23.,12.,21.8));
#1460 = DIRECTION('',(0.,0.,1.));
#1461 = DIRECTION('',(1.,0.,0.));
#1462 = ORIENTED_EDGE('',*,*,#1098,.F.);
#1463 = ORIENTED_EDGE('',*,*,#1122,.T.);
#1464 = CYLINDRICAL_SURFACE('',#1465,3.2);
#1465 = AXIS2_PLACEMENT_3D('',#1466,#1467,#1468);
#1466 = CARTESIAN_POINT('',(23.,12.,21.));
#1467 = DIRECTION('',(0.,0.,1.));
#1468 = DIRECTION('',(1.,0.,0.));
#1469 = ADVANCED_FACE('',(#1470),#1489,.T.);
#1470 = FACE_BOUND('',#1471,.T.);
#1471 = EDGE_LOOP('',(#1472,#1481,#1487,#1488));
#1472 = ORIENTED_EDGE('',*,*,#1473,.F.);
#1473 = EDGE_CURVE('',#1474,#1160,#1476,.T.);
#1474 = VERTEX_POINT('',#1475);
#1475 = CARTESIAN_POINT('',(23.982788711098,-8.954654970395,21.8));
#1476 = CIRCLE('',#1477,3.2);
#1477 = AXIS2_PLACEMENT_3D('',#1478,#1479,#1480);
#1478 = CARTESIAN_POINT('',(23.,-12.,21.8));
#1479 = DIRECTION('',(0.,0.,1.));
#1480 = DIRECTION('',(1.,0.,0.));
#1481 = ORIENTED_EDGE('',*,*,#1482,.F.);
#1482 = EDGE_CURVE('',#1200,#1474,#1483,.T.);
#1483 = LINE('',#1484,#1485);
#1484 = CARTESIAN_POINT('',(23.982788711098,-8.954654970395,17.7));
#1485 = VECTOR('',#1486,1.);
#1486 = DIRECTION('',(0.,0.,1.));
#1487 = ORIENTED_EDGE('',*,*,#1199,.T.);
#1488 = ORIENTED_EDGE('',*,*,#1159,.T.);
#1489 = CYLINDRICAL_SURFACE('',#1490,3.2);
#1490 = AXIS2_PLACEMENT_3D('',#1491,#1492,#1493);
#1491 = CARTESIAN_POINT('',(23.,-12.,21.));
#1492 = DIRECTION('',(0.,0.,1.));
#1493 = DIRECTION('',(1.,0.,0.));
#1494 = ADVANCED_FACE('',(#1495,#1498),#1509,.T.);
#1495 = FACE_BOUND('',#1496,.T.);
#1496 = EDGE_LOOP('',(#1497));
#1497 = ORIENTED_EDGE('',*,*,#1262,.T.);
#1498 = FACE_BOUND('',#1499,.T.);
#1499 = EDGE_LOOP('',(#1500));
#1500 = ORIENTED_EDGE('',*,*,#1501,.F.);
#1501 = EDGE_CURVE('',#1502,#1502,#1504,.T.);
#1502 = VERTEX_POINT('',#1503);
#1503 = CARTESIAN_POINT('',(28.85,-7.06621203108E-15,11.6));
#1504 = CIRCLE('',#1505,28.85);
#1505 = AXIS2_PLACEMENT_3D('',#1506,#1507,#1508);
#1506 = CARTESIAN_POINT('',(0.,0.,11.6));
#1507 = DIRECTION('',(0.,0.,1.));
#1508 = DIRECTION('',(1.,0.,0.));
#1509 = PLANE('',#1510);
#1510 = AXIS2_PLACEMENT_3D('',#1511,#1512,#1513);
#1511 = CARTESIAN_POINT('',(0.,0.,11.6));
#1512 = DIRECTION('',(0.,0.,1.));
#1513 = DIRECTION('',(1.,0.,0.));
#1514 = ADVANCED_FACE('',(#1515,#1739,#1790,#1855),#1906,.T.);
#1515 = FACE_BOUND('',#1516,.T.);
#1516 = EDGE_LOOP('',(#1517,#1527,#1558,#1564,#1565,#1566,#1595,#1596,
    #1605,#1613,#1622,#1630,#1639,#1647,#1656,#1664,#1673,#1681,#1690,
    #1698,#1707,#1715,#1724,#1732));
#1517 = ORIENTED_EDGE('',*,*,#1518,.F.);
#1518 = EDGE_CURVE('',#1519,#1521,#1523,.T.);
#1519 = VERTEX_POINT('',#1520);
#1520 = CARTESIAN_POINT('',(28.85,-3.324916059685E-15,16.7));
#1521 = VERTEX_POINT('',#1522);
#1522 = CARTESIAN_POINT('',(28.85,-7.06621203108E-15,21.8));
#1523 = LINE('',#1524,#1525);
#1524 = CARTESIAN_POINT('',(28.85,-7.06621203108E-15,10.5));
#1525 = VECTOR('',#1526,1.);
#1526 = DIRECTION('',(0.,0.,1.));
#1527 = ORIENTED_EDGE('',*,*,#1528,.F.);
#1528 = EDGE_CURVE('',#1529,#1519,#1531,.T.);
#1529 = VERTEX_POINT('',#1530);
#1530 = CARTESIAN_POINT('',(28.85,-7.06621203108E-15,13.3));
#1531 = B_SPLINE_CURVE_WITH_KNOTS('',7,(#1532,#1533,#1534,#1535,#1536,
    #1537,#1538,#1539,#1540,#1541,#1542,#1543,#1544,#1545,#1546,#1547,
    #1548,#1549,#1550,#1551,#1552,#1553,#1554,#1555,#1556,#1557),
  .UNSPECIFIED.,.F.,.F.,(8,6,6,6,8),(0.,0.257175209833,0.500018827065,
    0.742984570207,1.),.UNSPECIFIED.);
#1532 = CARTESIAN_POINT('',(28.85,1.405808335563E-15,13.3));
#1533 = CARTESIAN_POINT('',(28.85,0.233435204109,13.3));
#1534 = CARTESIAN_POINT('',(28.847796373969,0.460794041259,
    13.337396140161));
#1535 = CARTESIAN_POINT('',(28.843595791169,0.675114211494,
    13.408686383303));
#1536 = CARTESIAN_POINT('',(28.837989245476,0.87060176942,
    13.508985541383));
#1537 = CARTESIAN_POINT('',(28.831794898262,1.042865849224,
    13.632108706384));
#1538 = CARTESIAN_POINT('',(28.825726103712,1.189356431747,
    13.770700300647));
#1539 = CARTESIAN_POINT('',(28.815076497249,1.423672598881,
    14.053939891056));
#1540 = CARTESIAN_POINT('',(28.81030210569,1.517161731206,
    14.201264543174));
#1541 = CARTESIAN_POINT('',(28.806236016698,1.590927142967,
    14.355313176228));
#1542 = CARTESIAN_POINT('',(28.803078585317,1.645639869873,
    14.513815382602));
#1543 = CARTESIAN_POINT('',(28.800939479206,1.681878219514,
    14.675016380948));
#1544 = CARTESIAN_POINT('',(28.799869791372,1.7,14.83749970217));
#1545 = CARTESIAN_POINT('',(28.799869791372,1.7,15.162582019133));
#1546 = CARTESIAN_POINT('',(28.800940554332,1.681859994082,
    15.325080558229));
#1547 = CARTESIAN_POINT('',(28.803080242625,1.645611852039,
    15.486230754094));
#1548 = CARTESIAN_POINT('',(28.806236148442,1.590922309187,
    15.644646054516));
#1549 = CARTESIAN_POINT('',(28.81029912699,1.517210204837,
    15.798626290488));
#1550 = CARTESIAN_POINT('',(28.815072685187,1.423756473114,
    15.945958722412));
#1551 = CARTESIAN_POINT('',(28.82572398165,1.189403122059,
    16.229243260461));
#1552 = CARTESIAN_POINT('',(28.831793298818,1.042911074858,
    16.367866485805));
#1553 = CARTESIAN_POINT('',(28.837990084797,0.870598690422,
    16.491038359649));
#1554 = CARTESIAN_POINT('',(28.84359860939,0.675042257548,
    16.591361322794));
#1555 = CARTESIAN_POINT('',(28.847798363321,0.460673413988,
    16.662637641176));
#1556 = CARTESIAN_POINT('',(28.85,0.233329747664,16.7));
#1557 = CARTESIAN_POINT('',(28.85,1.718093269345E-15,16.7));
#1558 = ORIENTED_EDGE('',*,*,#1559,.F.);
#1559 = EDGE_CURVE('',#1502,#1529,#1560,.T.);
#1560 = LINE('',#1561,#1562);
#1561 = CARTESIAN_POINT('',(28.85,-7.06621203108E-15,10.5));
#1562 = VECTOR('',#1563,1.);
#1563 = DIRECTION('',(0.,0.,1.));
#1564 = ORIENTED_EDGE('',*,*,#1501,.T.);
#1565 = ORIENTED_EDGE('',*,*,#1559,.T.);
#1566 = ORIENTED_EDGE('',*,*,#1567,.F.);
#1567 = EDGE_CURVE('',#1519,#1529,#1568,.T.);
#1568 = B_SPLINE_CURVE_WITH_KNOTS('',7,(#1569,#1570,#1571,#1572,#1573,
    #1574,#1575,#1576,#1577,#1578,#1579,#1580,#1581,#1582,#1583,#1584,
    #1585,#1586,#1587,#1588,#1589,#1590,#1591,#1592,#1593,#1594),
  .UNSPECIFIED.,.F.,.F.,(8,6,6,6,8),(0.,0.257099302903,0.500017257429,
    0.74295639505,1.),.UNSPECIFIED.);
#1569 = CARTESIAN_POINT('',(28.85,-1.7763568394E-15,16.7));
#1570 = CARTESIAN_POINT('',(28.85,-0.233435204109,16.7));
#1571 = CARTESIAN_POINT('',(28.847796373969,-0.460794041258,
    16.662603859839));
#1572 = CARTESIAN_POINT('',(28.843595791169,-0.675114211494,
    16.591313616697));
#1573 = CARTESIAN_POINT('',(28.837989245476,-0.87060176942,
    16.491014458618));
#1574 = CARTESIAN_POINT('',(28.831794898262,-1.042865849224,
    16.367891293616));
#1575 = CARTESIAN_POINT('',(28.825726103712,-1.189356431747,
    16.229299699353));
#1576 = CARTESIAN_POINT('',(28.815073386461,-1.423741043464,
    15.945977373656));
#1577 = CARTESIAN_POINT('',(28.810299706893,-1.517200579764,
    15.798647253054));
#1578 = CARTESIAN_POINT('',(28.806236174138,-1.59092236823,
    15.644655272146));
#1579 = CARTESIAN_POINT('',(28.803079968272,-1.645616456361,
    15.486224299768));
#1580 = CARTESIAN_POINT('',(28.800940369692,-1.681863136248,
    15.325064496586));
#1581 = CARTESIAN_POINT('',(28.799869791372,-1.7,15.162567840445));
#1582 = CARTESIAN_POINT('',(28.799869791372,-1.7,14.837417983204));
#1583 = CARTESIAN_POINT('',(28.80094055431,-1.681859994645,
    14.674919435995));
#1584 = CARTESIAN_POINT('',(28.803080242743,-1.645611849334,
    14.513769250116));
#1585 = CARTESIAN_POINT('',(28.806236148209,-1.590922314335,
    14.355353947643));
#1586 = CARTESIAN_POINT('',(28.810299127204,-1.517210200162,
    14.201373704703));
#1587 = CARTESIAN_POINT('',(28.815072685106,-1.423756474913,
    14.054041279762));
#1588 = CARTESIAN_POINT('',(28.825725181657,-1.189376719102,
    13.770724823846));
#1589 = CARTESIAN_POINT('',(28.831794082091,-1.042888206768,
    13.632122741115));
#1590 = CARTESIAN_POINT('',(28.837989414497,-0.87060561058,
    13.508978366508));
#1591 = CARTESIAN_POINT('',(28.843596978202,-0.675087170919,
    13.408666190096));
#1592 = CARTESIAN_POINT('',(28.847797309378,-0.460741193506,
    13.337380282588));
#1593 = CARTESIAN_POINT('',(28.85,-0.233385720054,13.3));
#1594 = CARTESIAN_POINT('',(28.85,-2.22044604925E-15,13.3));
#1595 = ORIENTED_EDGE('',*,*,#1518,.T.);
#1596 = ORIENTED_EDGE('',*,*,#1597,.F.);
#1597 = EDGE_CURVE('',#1598,#1521,#1600,.T.);
#1598 = VERTEX_POINT('',#1599);
#1599 = CARTESIAN_POINT('',(26.198990510221,-12.0803723554,21.8));
#1600 = CIRCLE('',#1601,28.85);
#1601 = AXIS2_PLACEMENT_3D('',#1602,#1603,#1604);
#1602 = CARTESIAN_POINT('',(0.,0.,21.8));
#1603 = DIRECTION('',(0.,0.,1.));
#1604 = DIRECTION('',(1.,0.,0.));
#1605 = ORIENTED_EDGE('',*,*,#1606,.F.);
#1606 = EDGE_CURVE('',#1607,#1598,#1609,.T.);
#1607 = VERTEX_POINT('',#1608);
#1608 = CARTESIAN_POINT('',(26.198990510221,-12.0803723554,21.));
#1609 = LINE('',#1610,#1611);
#1610 = CARTESIAN_POINT('',(26.198990510221,-12.0803723554,10.5));
#1611 = VECTOR('',#1612,1.);
#1612 = DIRECTION('',(0.,0.,1.));
#1613 = ORIENTED_EDGE('',*,*,#1614,.F.);
#1614 = EDGE_CURVE('',#1615,#1607,#1617,.T.);
#1615 = VERTEX_POINT('',#1616);
#1616 = CARTESIAN_POINT('',(24.895953769125,-14.57785944251,21.));
#1617 = CIRCLE('',#1618,28.85);
#1618 = AXIS2_PLACEMENT_3D('',#1619,#1620,#1621);
#1619 = CARTESIAN_POINT('',(0.,0.,21.));
#1620 = DIRECTION('',(0.,0.,1.));
#1621 = DIRECTION('',(1.,0.,0.));
#1622 = ORIENTED_EDGE('',*,*,#1623,.T.);
#1623 = EDGE_CURVE('',#1615,#1624,#1626,.T.);
#1624 = VERTEX_POINT('',#1625);
#1625 = CARTESIAN_POINT('',(24.895953769125,-14.57785944251,21.8));
#1626 = LINE('',#1627,#1628);
#1627 = CARTESIAN_POINT('',(24.895953769125,-14.57785944251,10.5));
#1628 = VECTOR('',#1629,1.);
#1629 = DIRECTION('',(0.,0.,1.));
#1630 = ORIENTED_EDGE('',*,*,#1631,.F.);
#1631 = EDGE_CURVE('',#1632,#1624,#1634,.T.);
#1632 = VERTEX_POINT('',#1633);
#1633 = CARTESIAN_POINT('',(-24.89595376912,-14.57785944251,21.8));
#1634 = CIRCLE('',#1635,28.85);
#1635 = AXIS2_PLACEMENT_3D('',#1636,#1637,#1638);
#1636 = CARTESIAN_POINT('',(0.,0.,21.8));
#1637 = DIRECTION('',(0.,0.,1.));
#1638 = DIRECTION('',(1.,0.,0.));
#1639 = ORIENTED_EDGE('',*,*,#1640,.F.);
#1640 = EDGE_CURVE('',#1641,#1632,#1643,.T.);
#1641 = VERTEX_POINT('',#1642);
#1642 = CARTESIAN_POINT('',(-24.89595376912,-14.57785944251,21.));
#1643 = LINE('',#1644,#1645);
#1644 = CARTESIAN_POINT('',(-24.89595376912,-14.57785944251,10.5));
#1645 = VECTOR('',#1646,1.);
#1646 = DIRECTION('',(0.,0.,1.));
#1647 = ORIENTED_EDGE('',*,*,#1648,.F.);
#1648 = EDGE_CURVE('',#1649,#1641,#1651,.T.);
#1649 = VERTEX_POINT('',#1650);
#1650 = CARTESIAN_POINT('',(-26.19899051022,-12.0803723554,21.));
#1651 = CIRCLE('',#1652,28.85);
#1652 = AXIS2_PLACEMENT_3D('',#1653,#1654,#1655);
#1653 = CARTESIAN_POINT('',(0.,0.,21.));
#1654 = DIRECTION('',(0.,0.,1.));
#1655 = DIRECTION('',(1.,0.,0.));
#1656 = ORIENTED_EDGE('',*,*,#1657,.T.);
#1657 = EDGE_CURVE('',#1649,#1658,#1660,.T.);
#1658 = VERTEX_POINT('',#1659);
#1659 = CARTESIAN_POINT('',(-26.19899051022,-12.08037235541,21.8));
#1660 = LINE('',#1661,#1662);
#1661 = CARTESIAN_POINT('',(-26.19899051022,-12.0803723554,10.5));
#1662 = VECTOR('',#1663,1.);
#1663 = DIRECTION('',(0.,0.,1.));
#1664 = ORIENTED_EDGE('',*,*,#1665,.F.);
#1665 = EDGE_CURVE('',#1666,#1658,#1668,.T.);
#1666 = VERTEX_POINT('',#1667);
#1667 = CARTESIAN_POINT('',(-26.19899051022,12.080372355409,21.8));
#1668 = CIRCLE('',#1669,28.85);
#1669 = AXIS2_PLACEMENT_3D('',#1670,#1671,#1672);
#1670 = CARTESIAN_POINT('',(0.,0.,21.8));
#1671 = DIRECTION('',(0.,0.,1.));
#1672 = DIRECTION('',(1.,0.,0.));
#1673 = ORIENTED_EDGE('',*,*,#1674,.F.);
#1674 = EDGE_CURVE('',#1675,#1666,#1677,.T.);
#1675 = VERTEX_POINT('',#1676);
#1676 = CARTESIAN_POINT('',(-26.19899051022,12.080372355409,21.));
#1677 = LINE('',#1678,#1679);
#1678 = CARTESIAN_POINT('',(-26.19899051022,12.080372355409,10.5));
#1679 = VECTOR('',#1680,1.);
#1680 = DIRECTION('',(0.,0.,1.));
#1681 = ORIENTED_EDGE('',*,*,#1682,.F.);
#1682 = EDGE_CURVE('',#1683,#1675,#1685,.T.);
#1683 = VERTEX_POINT('',#1684);
#1684 = CARTESIAN_POINT('',(-24.89595376912,14.577859442511,21.));
#1685 = CIRCLE('',#1686,28.85);
#1686 = AXIS2_PLACEMENT_3D('',#1687,#1688,#1689);
#1687 = CARTESIAN_POINT('',(0.,0.,21.));
#1688 = DIRECTION('',(0.,0.,1.));
#1689 = DIRECTION('',(1.,0.,0.));
#1690 = ORIENTED_EDGE('',*,*,#1691,.T.);
#1691 = EDGE_CURVE('',#1683,#1692,#1694,.T.);
#1692 = VERTEX_POINT('',#1693);
#1693 = CARTESIAN_POINT('',(-24.89595376912,14.577859442511,21.8));
#1694 = LINE('',#1695,#1696);
#1695 = CARTESIAN_POINT('',(-24.89595376912,14.577859442511,10.5));
#1696 = VECTOR('',#1697,1.);
#1697 = DIRECTION('',(0.,0.,1.));
#1698 = ORIENTED_EDGE('',*,*,#1699,.F.);
#1699 = EDGE_CURVE('',#1700,#1692,#1702,.T.);
#1700 = VERTEX_POINT('',#1701);
#1701 = CARTESIAN_POINT('',(24.895953769125,14.577859442511,21.8));
#1702 = CIRCLE('',#1703,28.85);
#1703 = AXIS2_PLACEMENT_3D('',#1704,#1705,#1706);
#1704 = CARTESIAN_POINT('',(0.,0.,21.8));
#1705 = DIRECTION('',(0.,0.,1.));
#1706 = DIRECTION('',(1.,0.,0.));
#1707 = ORIENTED_EDGE('',*,*,#1708,.F.);
#1708 = EDGE_CURVE('',#1709,#1700,#1711,.T.);
#1709 = VERTEX_POINT('',#1710);
#1710 = CARTESIAN_POINT('',(24.895953769125,14.577859442511,21.));
#1711 = LINE('',#1712,#1713);
#1712 = CARTESIAN_POINT('',(24.895953769125,14.577859442511,10.5));
#1713 = VECTOR('',#1714,1.);
#1714 = DIRECTION('',(0.,0.,1.));
#1715 = ORIENTED_EDGE('',*,*,#1716,.F.);
#1716 = EDGE_CURVE('',#1717,#1709,#1719,.T.);
#1717 = VERTEX_POINT('',#1718);
#1718 = CARTESIAN_POINT('',(26.198990510221,12.080372355409,21.));
#1719 = CIRCLE('',#1720,28.85);
#1720 = AXIS2_PLACEMENT_3D('',#1721,#1722,#1723);
#1721 = CARTESIAN_POINT('',(0.,0.,21.));
#1722 = DIRECTION('',(0.,0.,1.));
#1723 = DIRECTION('',(1.,0.,0.));
#1724 = ORIENTED_EDGE('',*,*,#1725,.T.);
#1725 = EDGE_CURVE('',#1717,#1726,#1728,.T.);
#1726 = VERTEX_POINT('',#1727);
#1727 = CARTESIAN_POINT('',(26.198990510221,12.080372355409,21.8));
#1728 = LINE('',#1729,#1730);
#1729 = CARTESIAN_POINT('',(26.198990510221,12.080372355409,10.5));
#1730 = VECTOR('',#1731,1.);
#1731 = DIRECTION('',(0.,0.,1.));
#1732 = ORIENTED_EDGE('',*,*,#1733,.F.);
#1733 = EDGE_CURVE('',#1521,#1726,#1734,.T.);
#1734 = CIRCLE('',#1735,28.85);
#1735 = AXIS2_PLACEMENT_3D('',#1736,#1737,#1738);
#1736 = CARTESIAN_POINT('',(0.,0.,21.8));
#1737 = DIRECTION('',(0.,0.,1.));
#1738 = DIRECTION('',(1.,0.,0.));
#1739 = FACE_BOUND('',#1740,.T.);
#1740 = EDGE_LOOP('',(#1741));
#1741 = ORIENTED_EDGE('',*,*,#1742,.F.);
#1742 = EDGE_CURVE('',#1743,#1743,#1745,.T.);
#1743 = VERTEX_POINT('',#1744);
#1744 = CARTESIAN_POINT('',(1.7,28.799869791372,15.));
#1745 = B_SPLINE_CURVE_WITH_KNOTS('',7,(#1746,#1747,#1748,#1749,#1750,
    #1751,#1752,#1753,#1754,#1755,#1756,#1757,#1758,#1759,#1760,#1761,
    #1762,#1763,#1764,#1765,#1766,#1767,#1768,#1769,#1770,#1771,#1772,
    #1773,#1774,#1775,#1776,#1777,#1778,#1779,#1780,#1781,#1782,#1783,
    #1784,#1785,#1786,#1787,#1788,#1789),.UNSPECIFIED.,.T.,.F.,(8,6,6,6,
    6,6,6,8),(0.,0.152736358422,0.285728609706,0.421930050875,
    0.588699879202,0.7144769563,0.837887134235,1.),.UNSPECIFIED.);
#1746 = CARTESIAN_POINT('',(1.7,28.799869791372,15.));
#1747 = CARTESIAN_POINT('',(1.7,28.799869791372,14.796822433602));
#1748 = CARTESIAN_POINT('',(1.671671048673,28.801541908643,
    14.593740421042));
#1749 = CARTESIAN_POINT('',(1.61505234558,28.804884442761,14.39322073525
    ));
#1750 = CARTESIAN_POINT('',(1.52931149773,28.809768246555,
    14.198068458706));
#1751 = CARTESIAN_POINT('',(1.413095622892,28.815927013609,
    14.011965515773));
#1752 = CARTESIAN_POINT('',(1.264852589306,28.822830175019,
    13.84005547671));
#1753 = CARTESIAN_POINT('',(0.925816666836,28.835573530272,
    13.559580569373));
#1754 = CARTESIAN_POINT('',(0.737452033837,28.841643824054,
    13.44110915859));
#1755 = CARTESIAN_POINT('',(0.522299723059,28.84701296148,
    13.348257388633));
#1756 = CARTESIAN_POINT('',(0.288137226236,28.850612393318,
    13.290355834391));
#1757 = CARTESIAN_POINT('',(4.536806284537E-02,28.851662171001,
    13.272421842436));
#1758 = CARTESIAN_POINT('',(-0.194917614909,28.850241528694,
    13.294905355966));
#1759 = CARTESIAN_POINT('',(-0.656126296086,28.843482172409,
    13.413323618315));
#1760 = CARTESIAN_POINT('',(-0.8683017678,28.838169742247,
    13.508925937846));
#1761 = CARTESIAN_POINT('',(-1.055564184838,28.831738684038,
    13.632113364448));
#1762 = CARTESIAN_POINT('',(-1.216254414415,28.825043533793,
    13.776091069741));
#1763 = CARTESIAN_POINT('',(-1.349860081138,28.818751323359,
    13.934870920724));
#1764 = CARTESIAN_POINT('',(-1.456777275838,28.813312019046,
    14.103130380061));
#1765 = CARTESIAN_POINT('',(-1.637910165817,28.803640734317,
    14.488057364983));
#1766 = CARTESIAN_POINT('',(-1.700752111685,28.79988169355,
    14.709986176722));
#1767 = CARTESIAN_POINT('',(-1.728605865068,28.798123950145,
    14.936975778849));
#1768 = CARTESIAN_POINT('',(-1.722044606175,28.798532133414,
    15.165532351231));
#1769 = CARTESIAN_POINT('',(-1.680708234156,28.801110044291,
    15.391914439566));
#1770 = CARTESIAN_POINT('',(-1.603645665803,28.80562156985,
    15.611753695876));
#1771 = CARTESIAN_POINT('',(-1.403800138599,28.815954736281,
    15.975271360359));
#1772 = CARTESIAN_POINT('',(-1.295779287255,28.82124026685,
    16.126447969998));
#1773 = CARTESIAN_POINT('',(-1.16482443777,28.827134744437,
    16.268386261222));
#1774 = CARTESIAN_POINT('',(-1.010841509152,28.833240671513,
    16.396566473962));
#1775 = CARTESIAN_POINT('',(-0.834516315144,28.839003237497,
    16.506064393474));
#1776 = CARTESIAN_POINT('',(-0.637460356437,28.843755735639,
    16.591468980412));
#1777 = CARTESIAN_POINT('',(-0.212125294802,28.849989337346,
    16.700676462774));
#1778 = CARTESIAN_POINT('',(9.990470849589E-03,28.851449154591,
    16.724193807076));
#1779 = CARTESIAN_POINT('',(0.23536120128,28.850813999973,
    16.713092664427));
#1780 = CARTESIAN_POINT('',(0.454762748398,28.847974304823,
    16.667253930714));
#1781 = CARTESIAN_POINT('',(0.659360890493,28.843469555811,
    16.590299954618));
#1782 = CARTESIAN_POINT('',(0.842195329497,28.838132707972,
    16.489424837983));
#1783 = CARTESIAN_POINT('',(1.205523744969,28.825541082297,
    16.225451292509));
#1784 = CARTESIAN_POINT('',(1.374373798859,28.817965117016,
    16.047621135719));
#1785 = CARTESIAN_POINT('',(1.506494481082,28.811064375087,
    15.852108926111));
#1786 = CARTESIAN_POINT('',(1.603790130951,28.805549684275,
    15.64544641504));
#1787 = CARTESIAN_POINT('',(1.667914161572,28.801763554816,
    15.432366751246));
#1788 = CARTESIAN_POINT('',(1.7,28.799869791372,15.216224244667));
#1789 = CARTESIAN_POINT('',(1.7,28.799869791372,15.));
#1790 = FACE_BOUND('',#1791,.T.);
#1791 = EDGE_LOOP('',(#1792));
#1792 = ORIENTED_EDGE('',*,*,#1793,.F.);
#1793 = EDGE_CURVE('',#1794,#1794,#1796,.T.);
#1794 = VERTEX_POINT('',#1795);
#1795 = CARTESIAN_POINT('',(-28.79986979137,-1.7,15.));
#1796 = B_SPLINE_CURVE_WITH_KNOTS('',8,(#1797,#1798,#1799,#1800,#1801,
    #1802,#1803,#1804,#1805,#1806,#1807,#1808,#1809,#1810,#1811,#1812,
    #1813,#1814,#1815,#1816,#1817,#1818,#1819,#1820,#1821,#1822,#1823,
    #1824,#1825,#1826,#1827,#1828,#1829,#1830,#1831,#1832,#1833,#1834,
    #1835,#1836,#1837,#1838,#1839,#1840,#1841,#1842,#1843,#1844,#1845,
    #1846,#1847,#1848,#1849,#1850,#1851,#1852,#1853,#1854),
  .UNSPECIFIED.,.T.,.F.,(9,7,7,7,7,7,7,7,9),(0.,0.119788420784,
    0.213591130718,0.33179791883,0.435749926677,0.587290392651,
    0.713684400883,0.832723793855,1.),.UNSPECIFIED.);
#1797 = CARTESIAN_POINT('',(-28.79986979137,-1.7,15.));
#1798 = CARTESIAN_POINT('',(-28.79986979137,-1.7,15.142259264697));
#1799 = CARTESIAN_POINT('',(-28.80067286357,-1.686394995984,
    15.284455927202));
#1800 = CARTESIAN_POINT('',(-28.80227785958,-1.659204903826,
    15.42579943018));
#1801 = CARTESIAN_POINT('',(-28.80465819547,-1.618267081835,
    15.565438401121));
#1802 = CARTESIAN_POINT('',(-28.80775976533,-1.56328027152,
    15.702388643459));
#1803 = CARTESIAN_POINT('',(-28.81149251668,-1.493846768849,
    15.835459401533));
#1804 = CARTESIAN_POINT('',(-28.81571968451,-1.409520979639,
    15.96316647803));
#1805 = CARTESIAN_POINT('',(-28.82379520088,-1.23184079499,
    16.177944926052));
#1806 = CARTESIAN_POINT('',(-28.82754772365,-1.143952730313,
    16.26837775748));
#1807 = CARTESIAN_POINT('',(-28.83139983409,-1.04619992618,
    16.353446866401));
#1808 = CARTESIAN_POINT('',(-28.83521723117,-0.938768046054,
    16.431677746277));
#1809 = CARTESIAN_POINT('',(-28.83884327967,-0.822033802042,
    16.501593860256));
#1810 = CARTESIAN_POINT('',(-28.84210861867,-0.696568598448,
    16.561714285838));
#1811 = CARTESIAN_POINT('',(-28.84484482639,-0.563148826205,
    16.610548938448));
#1812 = CARTESIAN_POINT('',(-28.84949469538,-0.24587601884,
    16.69201074971));
#1813 = CARTESIAN_POINT('',(-28.85096746944,-6.075612475319E-02,
    16.716390742029));
#1814 = CARTESIAN_POINT('',(-28.85105312595,0.127961347886,
    16.717329141852));
#1815 = CARTESIAN_POINT('',(-28.84963874115,0.315156682348,
    16.694173068306));
#1816 = CARTESIAN_POINT('',(-28.84685954091,0.495707380427,
    16.64796453731));
#1817 = CARTESIAN_POINT('',(-28.843062315,0.664943268539,16.581397463731
    ));
#1818 = CARTESIAN_POINT('',(-28.83869405916,0.819067011224,
    16.498785107764));
#1819 = CARTESIAN_POINT('',(-28.83019412559,1.075558727392,
    16.324473517456));
#1820 = CARTESIAN_POINT('',(-28.82602748396,1.184039849123,
    16.233634614136));
#1821 = CARTESIAN_POINT('',(-28.82186411786,1.28098172505,
    16.135308212141));
#1822 = CARTESIAN_POINT('',(-28.81786468757,1.366525628282,
    16.030980629266));
#1823 = CARTESIAN_POINT('',(-28.8141571468,1.440895388309,15.9218968951)
  );
#1824 = CARTESIAN_POINT('',(-28.81083840355,1.504348325396,
    15.809108504079));
#1825 = CARTESIAN_POINT('',(-28.80797836006,1.557139218569,
    15.693508581778));
#1826 = CARTESIAN_POINT('',(-28.80219756231,1.661246614668,
    15.40433916483));
#1827 = CARTESIAN_POINT('',(-28.79984571377,1.700868873407,
    15.228336507134));
#1828 = CARTESIAN_POINT('',(-28.79871905004,1.719118703606,
    15.04987922567));
#1829 = CARTESIAN_POINT('',(-28.79888399083,1.716327561367,
    14.870635873482));
#1830 = CARTESIAN_POINT('',(-28.80034599511,1.692461526059,
    14.692193349595));
#1831 = CARTESIAN_POINT('',(-28.80304768028,1.647175008905,
    14.516281066451));
#1832 = CARTESIAN_POINT('',(-28.80685122634,1.579863860646,
    14.344987361135));
#1833 = CARTESIAN_POINT('',(-28.81539957865,1.414536999265,
    14.044258916689));
#1834 = CARTESIAN_POINT('',(-28.81991925365,1.322776980212,
    13.911335460548));
#1835 = CARTESIAN_POINT('',(-28.82492486534,1.213920371472,
    13.784827170489));
#1836 = CARTESIAN_POINT('',(-28.83018834945,1.087817012604,
    13.667510049915));
#1837 = CARTESIAN_POINT('',(-28.83540222901,0.944701648043,
    13.562360448202));
#1838 = CARTESIAN_POINT('',(-28.84019177471,0.785235524953,
    13.472577038268));
#1839 = CARTESIAN_POINT('',(-28.84414919976,0.610613263024,
    13.401637857597));
#1840 = CARTESIAN_POINT('',(-28.84949489475,0.245862414777,
    13.30798575736));
#1841 = CARTESIAN_POINT('',(-28.85096782781,6.072037967626E-02,
    13.283603692834));
#1842 = CARTESIAN_POINT('',(-28.85105301227,-0.128009583177,
    13.282672703163));
#1843 = CARTESIAN_POINT('',(-28.84963800188,-0.315197885343,
    13.305838605932));
#1844 = CARTESIAN_POINT('',(-28.84685883183,-0.495724068099,
    13.352048187861));
#1845 = CARTESIAN_POINT('',(-28.84306244704,-0.664931284815,
    13.418602325499));
#1846 = CARTESIAN_POINT('',(-28.83869486689,-0.819042637356,
    13.501198327772));
#1847 = CARTESIAN_POINT('',(-28.82781493195,-1.147352636669,
    13.724317572906));
#1848 = CARTESIAN_POINT('',(-28.82098444791,-1.30941434552,
    13.878170773614));
#1849 = CARTESIAN_POINT('',(-28.81446107669,-1.442039135935,
    14.048219181257));
#1850 = CARTESIAN_POINT('',(-28.80881411359,-1.546328968964,
    14.229339342202));
#1851 = CARTESIAN_POINT('',(-28.80438697562,-1.623470882502,
    14.417699160457));
#1852 = CARTESIAN_POINT('',(-28.8013760634,-1.674482724883,
    14.610398061787));
#1853 = CARTESIAN_POINT('',(-28.79986979137,-1.7,14.805174953403));
#1854 = CARTESIAN_POINT('',(-28.79986979137,-1.7,15.));
#1855 = FACE_BOUND('',#1856,.T.);
#1856 = EDGE_LOOP('',(#1857));
#1857 = ORIENTED_EDGE('',*,*,#1858,.F.);
#1858 = EDGE_CURVE('',#1859,#1859,#1861,.T.);
#1859 = VERTEX_POINT('',#1860);
#1860 = CARTESIAN_POINT('',(-1.7,-28.79986979137,15.));
#1861 = B_SPLINE_CURVE_WITH_KNOTS('',7,(#1862,#1863,#1864,#1865,#1866,
    #1867,#1868,#1869,#1870,#1871,#1872,#1873,#1874,#1875,#1876,#1877,
    #1878,#1879,#1880,#1881,#1882,#1883,#1884,#1885,#1886,#1887,#1888,
    #1889,#1890,#1891,#1892,#1893,#1894,#1895,#1896,#1897,#1898,#1899,
    #1900,#1901,#1902,#1903,#1904,#1905),.UNSPECIFIED.,.T.,.F.,(8,6,6,6,
    6,6,6,8),(0.,0.152736358396,0.285728609744,0.421930050902,
    0.588699879216,0.714476956308,0.837887134239,1.),.UNSPECIFIED.);
#1862 = CARTESIAN_POINT('',(-1.7,-28.79986979137,15.));
#1863 = CARTESIAN_POINT('',(-1.7,-28.79986979137,14.796822433602));
#1864 = CARTESIAN_POINT('',(-1.671671048673,-28.80154190864,
    14.593740421042));
#1865 = CARTESIAN_POINT('',(-1.61505234558,-28.80488444276,
    14.39322073525));
#1866 = CARTESIAN_POINT('',(-1.52931149773,-28.80976824655,
    14.198068458706));
#1867 = CARTESIAN_POINT('',(-1.413095622892,-28.8159270136,
    14.011965515773));
#1868 = CARTESIAN_POINT('',(-1.264852589306,-28.82283017501,
    13.84005547671));
#1869 = CARTESIAN_POINT('',(-0.925816666732,-28.83557353027,
    13.559580569287));
#1870 = CARTESIAN_POINT('',(-0.737452033933,-28.84164382404,
    13.44110915872));
#1871 = CARTESIAN_POINT('',(-0.522299723185,-28.84701296148,
    13.348257388609));
#1872 = CARTESIAN_POINT('',(-0.288137226116,-28.85061239332,
    13.290355834315));
#1873 = CARTESIAN_POINT('',(-4.536806272258E-02,-28.85166217099,
    13.272421842512));
#1874 = CARTESIAN_POINT('',(0.19491761478,-28.85024152869,
    13.294905355933));
#1875 = CARTESIAN_POINT('',(0.656126296086,-28.8434821724,
    13.413323618315));
#1876 = CARTESIAN_POINT('',(0.8683017678,-28.83816974224,13.508925937846
    ));
#1877 = CARTESIAN_POINT('',(1.055564184839,-28.83173868403,
    13.632113364448));
#1878 = CARTESIAN_POINT('',(1.216254414415,-28.82504353379,
    13.776091069741));
#1879 = CARTESIAN_POINT('',(1.349860081138,-28.81875132335,
    13.934870920725));
#1880 = CARTESIAN_POINT('',(1.456777275838,-28.81331201904,
    14.103130380061));
#1881 = CARTESIAN_POINT('',(1.637910165818,-28.80364073431,
    14.488057364984));
#1882 = CARTESIAN_POINT('',(1.700752111686,-28.79988169355,
    14.709986176724));
#1883 = CARTESIAN_POINT('',(1.728605865068,-28.79812395014,
    14.936975778849));
#1884 = CARTESIAN_POINT('',(1.722044606175,-28.79853213341,
    15.165532351231));
#1885 = CARTESIAN_POINT('',(1.680708234156,-28.80111004429,
    15.391914439564));
#1886 = CARTESIAN_POINT('',(1.603645665804,-28.80562156985,
    15.611753695875));
#1887 = CARTESIAN_POINT('',(1.403800138596,-28.81595473628,
    15.975271360364));
#1888 = CARTESIAN_POINT('',(1.295779287254,-28.82124026685,
    16.126447969998));
#1889 = CARTESIAN_POINT('',(1.164824437773,-28.82713474443,
    16.268386261217));
#1890 = CARTESIAN_POINT('',(1.010841509156,-28.83324067151,
    16.39656647396));
#1891 = CARTESIAN_POINT('',(0.834516315143,-28.83900323749,
    16.506064393476));
#1892 = CARTESIAN_POINT('',(0.637460356432,-28.84375573563,
    16.591468980413));
#1893 = CARTESIAN_POINT('',(0.212125294802,-28.84998933734,
    16.700676462774));
#1894 = CARTESIAN_POINT('',(-9.990470849725E-03,-28.85144915459,
    16.724193807076));
#1895 = CARTESIAN_POINT('',(-0.23536120128,-28.85081399997,
    16.713092664427));
#1896 = CARTESIAN_POINT('',(-0.454762748398,-28.84797430482,
    16.667253930714));
#1897 = CARTESIAN_POINT('',(-0.659360890494,-28.84346955581,
    16.590299954618));
#1898 = CARTESIAN_POINT('',(-0.842195329497,-28.83813270797,
    16.489424837983));
#1899 = CARTESIAN_POINT('',(-1.20552374497,-28.82554108229,
    16.225451292509));
#1900 = CARTESIAN_POINT('',(-1.374373798858,-28.81796511701,
    16.04762113572));
#1901 = CARTESIAN_POINT('',(-1.506494481083,-28.81106437508,
    15.852108926111));
#1902 = CARTESIAN_POINT('',(-1.603790130951,-28.80554968427,
    15.645446415039));
#1903 = CARTESIAN_POINT('',(-1.667914161572,-28.80176355481,
    15.432366751246));
#1904 = CARTESIAN_POINT('',(-1.7,-28.79986979137,15.216224244667));
#1905 = CARTESIAN_POINT('',(-1.7,-28.79986979137,15.));
#1906 = CYLINDRICAL_SURFACE('',#1907,28.85);
#1907 = AXIS2_PLACEMENT_3D('',#1908,#1909,#1910);
#1908 = CARTESIAN_POINT('',(0.,0.,10.5));
#1909 = DIRECTION('',(0.,0.,1.));
#1910 = DIRECTION('',(1.,0.,0.));
#1911 = ADVANCED_FACE('',(#1912),#1930,.T.);
#1912 = FACE_BOUND('',#1913,.T.);
#1913 = EDGE_LOOP('',(#1914,#1921,#1922,#1929));
#1914 = ORIENTED_EDGE('',*,*,#1915,.F.);
#1915 = EDGE_CURVE('',#1692,#1666,#1916,.T.);
#1916 = CIRCLE('',#1917,3.2);
#1917 = AXIS2_PLACEMENT_3D('',#1918,#1919,#1920);
#1918 = CARTESIAN_POINT('',(-23.,12.,21.8));
#1919 = DIRECTION('',(0.,0.,1.));
#1920 = DIRECTION('',(1.,0.,0.));
#1921 = ORIENTED_EDGE('',*,*,#1691,.F.);
#1922 = ORIENTED_EDGE('',*,*,#1923,.T.);
#1923 = EDGE_CURVE('',#1683,#1675,#1924,.T.);
#1924 = CIRCLE('',#1925,3.2);
#1925 = AXIS2_PLACEMENT_3D('',#1926,#1927,#1928);
#1926 = CARTESIAN_POINT('',(-23.,12.,21.));
#1927 = DIRECTION('',(0.,0.,1.));
#1928 = DIRECTION('',(1.,0.,0.));
#1929 = ORIENTED_EDGE('',*,*,#1674,.T.);
#1930 = CYLINDRICAL_SURFACE('',#1931,3.2);
#1931 = AXIS2_PLACEMENT_3D('',#1932,#1933,#1934);
#1932 = CARTESIAN_POINT('',(-23.,12.,21.));
#1933 = DIRECTION('',(0.,0.,1.));
#1934 = DIRECTION('',(1.,0.,0.));
#1935 = ADVANCED_FACE('',(#1936),#1954,.T.);
#1936 = FACE_BOUND('',#1937,.T.);
#1937 = EDGE_LOOP('',(#1938,#1945,#1946,#1953));
#1938 = ORIENTED_EDGE('',*,*,#1939,.F.);
#1939 = EDGE_CURVE('',#1726,#1700,#1940,.T.);
#1940 = CIRCLE('',#1941,3.2);
#1941 = AXIS2_PLACEMENT_3D('',#1942,#1943,#1944);
#1942 = CARTESIAN_POINT('',(23.,12.,21.8));
#1943 = DIRECTION('',(0.,0.,1.));
#1944 = DIRECTION('',(1.,0.,0.));
#1945 = ORIENTED_EDGE('',*,*,#1725,.F.);
#1946 = ORIENTED_EDGE('',*,*,#1947,.T.);
#1947 = EDGE_CURVE('',#1717,#1709,#1948,.T.);
#1948 = CIRCLE('',#1949,3.2);
#1949 = AXIS2_PLACEMENT_3D('',#1950,#1951,#1952);
#1950 = CARTESIAN_POINT('',(23.,12.,21.));
#1951 = DIRECTION('',(0.,0.,1.));
#1952 = DIRECTION('',(1.,0.,0.));
#1953 = ORIENTED_EDGE('',*,*,#1708,.T.);
#1954 = CYLINDRICAL_SURFACE('',#1955,3.2);
#1955 = AXIS2_PLACEMENT_3D('',#1956,#1957,#1958);
#1956 = CARTESIAN_POINT('',(23.,12.,21.));
#1957 = DIRECTION('',(0.,0.,1.));
#1958 = DIRECTION('',(1.,0.,0.));
#1959 = ADVANCED_FACE('',(#1960),#1978,.T.);
#1960 = FACE_BOUND('',#1961,.T.);
#1961 = EDGE_LOOP('',(#1962,#1963,#1970,#1971));
#1962 = ORIENTED_EDGE('',*,*,#1606,.T.);
#1963 = ORIENTED_EDGE('',*,*,#1964,.F.);
#1964 = EDGE_CURVE('',#1624,#1598,#1965,.T.);
#1965 = CIRCLE('',#1966,3.2);
#1966 = AXIS2_PLACEMENT_3D('',#1967,#1968,#1969);
#1967 = CARTESIAN_POINT('',(23.,-12.,21.8));
#1968 = DIRECTION('',(0.,0.,1.));
#1969 = DIRECTION('',(1.,0.,0.));
#1970 = ORIENTED_EDGE('',*,*,#1623,.F.);
#1971 = ORIENTED_EDGE('',*,*,#1972,.T.);
#1972 = EDGE_CURVE('',#1615,#1607,#1973,.T.);
#1973 = CIRCLE('',#1974,3.2);
#1974 = AXIS2_PLACEMENT_3D('',#1975,#1976,#1977);
#1975 = CARTESIAN_POINT('',(23.,-12.,21.));
#1976 = DIRECTION('',(0.,0.,1.));
#1977 = DIRECTION('',(1.,0.,0.));
#1978 = CYLINDRICAL_SURFACE('',#1979,3.2);
#1979 = AXIS2_PLACEMENT_3D('',#1980,#1981,#1982);
#1980 = CARTESIAN_POINT('',(23.,-12.,21.));
#1981 = DIRECTION('',(0.,0.,1.));
#1982 = DIRECTION('',(1.,0.,0.));
#1983 = ADVANCED_FACE('',(#1984),#2002,.T.);
#1984 = FACE_BOUND('',#1985,.T.);
#1985 = EDGE_LOOP('',(#1986,#1993,#1994,#2001));
#1986 = ORIENTED_EDGE('',*,*,#1987,.F.);
#1987 = EDGE_CURVE('',#1658,#1632,#1988,.T.);
#1988 = CIRCLE('',#1989,3.2);
#1989 = AXIS2_PLACEMENT_3D('',#1990,#1991,#1992);
#1990 = CARTESIAN_POINT('',(-23.,-12.,21.8));
#1991 = DIRECTION('',(0.,0.,1.));
#1992 = DIRECTION('',(1.,0.,0.));
#1993 = ORIENTED_EDGE('',*,*,#1657,.F.);
#1994 = ORIENTED_EDGE('',*,*,#1995,.T.);
#1995 = EDGE_CURVE('',#1649,#1641,#1996,.T.);
#1996 = CIRCLE('',#1997,3.2);
#1997 = AXIS2_PLACEMENT_3D('',#1998,#1999,#2000);
#1998 = CARTESIAN_POINT('',(-23.,-12.,21.));
#1999 = DIRECTION('',(0.,0.,1.));
#2000 = DIRECTION('',(1.,0.,0.));
#2001 = ORIENTED_EDGE('',*,*,#1640,.T.);
#2002 = CYLINDRICAL_SURFACE('',#2003,3.2);
#2003 = AXIS2_PLACEMENT_3D('',#2004,#2005,#2006);
#2004 = CARTESIAN_POINT('',(-23.,-12.,21.));
#2005 = DIRECTION('',(0.,0.,1.));
#2006 = DIRECTION('',(1.,0.,0.));
#2007 = ADVANCED_FACE('',(#2008),#2012,.F.);
#2008 = FACE_BOUND('',#2009,.F.);
#2009 = EDGE_LOOP('',(#2010,#2011));
#2010 = ORIENTED_EDGE('',*,*,#1716,.F.);
#2011 = ORIENTED_EDGE('',*,*,#1947,.T.);
#2012 = PLANE('',#2013);
#2013 = AXIS2_PLACEMENT_3D('',#2014,#2015,#2016);
#2014 = CARTESIAN_POINT('',(23.,12.,21.));
#2015 = DIRECTION('',(0.,0.,1.));
#2016 = DIRECTION('',(1.,0.,0.));
#2017 = ADVANCED_FACE('',(#2018),#2022,.F.);
#2018 = FACE_BOUND('',#2019,.F.);
#2019 = EDGE_LOOP('',(#2020,#2021));
#2020 = ORIENTED_EDGE('',*,*,#1682,.F.);
#2021 = ORIENTED_EDGE('',*,*,#1923,.T.);
#2022 = PLANE('',#2023);
#2023 = AXIS2_PLACEMENT_3D('',#2024,#2025,#2026);
#2024 = CARTESIAN_POINT('',(-23.,12.,21.));
#2025 = DIRECTION('',(0.,0.,1.));
#2026 = DIRECTION('',(1.,0.,0.));
#2027 = ADVANCED_FACE('',(#2028),#2032,.F.);
#2028 = FACE_BOUND('',#2029,.F.);
#2029 = EDGE_LOOP('',(#2030,#2031));
#2030 = ORIENTED_EDGE('',*,*,#1648,.F.);
#2031 = ORIENTED_EDGE('',*,*,#1995,.T.);
#2032 = PLANE('',#2033);
#2033 = AXIS2_PLACEMENT_3D('',#2034,#2035,#2036);
#2034 = CARTESIAN_POINT('',(-23.,-12.,21.));
#2035 = DIRECTION('',(0.,0.,1.));
#2036 = DIRECTION('',(1.,0.,0.));
#2037 = ADVANCED_FACE('',(#2038),#2042,.F.);
#2038 = FACE_BOUND('',#2039,.F.);
#2039 = EDGE_LOOP('',(#2040,#2041));
#2040 = ORIENTED_EDGE('',*,*,#1972,.T.);
#2041 = ORIENTED_EDGE('',*,*,#1614,.F.);
#2042 = PLANE('',#2043);
#2043 = AXIS2_PLACEMENT_3D('',#2044,#2045,#2046);
#2044 = CARTESIAN_POINT('',(23.,-12.,21.));
#2045 = DIRECTION('',(0.,0.,1.));
#2046 = DIRECTION('',(1.,0.,0.));
#2047 = ADVANCED_FACE('',(#2048),#2086,.F.);
#2048 = FACE_BOUND('',#2049,.F.);
#2049 = EDGE_LOOP('',(#2050,#2061,#2067,#2068,#2069,#2070,#2079));
#2050 = ORIENTED_EDGE('',*,*,#2051,.T.);
#2051 = EDGE_CURVE('',#2052,#2054,#2056,.T.);
#2052 = VERTEX_POINT('',#2053);
#2053 = CARTESIAN_POINT('',(28.6,1.7,15.));
#2054 = VERTEX_POINT('',#2055);
#2055 = CARTESIAN_POINT('',(28.6,4.163799117101E-16,16.7));
#2056 = CIRCLE('',#2057,1.7);
#2057 = AXIS2_PLACEMENT_3D('',#2058,#2059,#2060);
#2058 = CARTESIAN_POINT('',(28.6,0.,15.));
#2059 = DIRECTION('',(1.,0.,-0.));
#2060 = DIRECTION('',(0.,0.,1.));
#2061 = ORIENTED_EDGE('',*,*,#2062,.T.);
#2062 = EDGE_CURVE('',#2054,#1519,#2063,.T.);
#2063 = LINE('',#2064,#2065);
#2064 = CARTESIAN_POINT('',(23.5,4.163799117101E-16,16.7));
#2065 = VECTOR('',#2066,1.);
#2066 = DIRECTION('',(1.,0.,0.));
#2067 = ORIENTED_EDGE('',*,*,#1528,.F.);
#2068 = ORIENTED_EDGE('',*,*,#1567,.F.);
#2069 = ORIENTED_EDGE('',*,*,#2062,.F.);
#2070 = ORIENTED_EDGE('',*,*,#2071,.T.);
#2071 = EDGE_CURVE('',#2054,#2072,#2074,.T.);
#2072 = VERTEX_POINT('',#2073);
#2073 = CARTESIAN_POINT('',(28.6,-1.7,15.));
#2074 = CIRCLE('',#2075,1.7);
#2075 = AXIS2_PLACEMENT_3D('',#2076,#2077,#2078);
#2076 = CARTESIAN_POINT('',(28.6,0.,15.));
#2077 = DIRECTION('',(1.,0.,-0.));
#2078 = DIRECTION('',(0.,0.,1.));
#2079 = ORIENTED_EDGE('',*,*,#2080,.T.);
#2080 = EDGE_CURVE('',#2072,#2052,#2081,.T.);
#2081 = CIRCLE('',#2082,1.7);
#2082 = AXIS2_PLACEMENT_3D('',#2083,#2084,#2085);
#2083 = CARTESIAN_POINT('',(28.6,0.,15.));
#2084 = DIRECTION('',(1.,0.,-0.));
#2085 = DIRECTION('',(0.,0.,1.));
#2086 = CYLINDRICAL_SURFACE('',#2087,1.7);
#2087 = AXIS2_PLACEMENT_3D('',#2088,#2089,#2090);
#2088 = CARTESIAN_POINT('',(23.5,0.,15.));
#2089 = DIRECTION('',(1.,0.,0.));
#2090 = DIRECTION('',(0.,0.,1.));
#2091 = ADVANCED_FACE('',(#2092),#2120,.F.);
#2092 = FACE_BOUND('',#2093,.F.);
#2093 = EDGE_LOOP('',(#2094,#2105,#2111,#2112,#2113));
#2094 = ORIENTED_EDGE('',*,*,#2095,.T.);
#2095 = EDGE_CURVE('',#2096,#2098,#2100,.T.);
#2096 = VERTEX_POINT('',#2097);
#2097 = CARTESIAN_POINT('',(-1.7,28.6,15.));
#2098 = VERTEX_POINT('',#2099);
#2099 = CARTESIAN_POINT('',(1.7,28.6,15.));
#2100 = CIRCLE('',#2101,1.7);
#2101 = AXIS2_PLACEMENT_3D('',#2102,#2103,#2104);
#2102 = CARTESIAN_POINT('',(1.751244922781E-15,28.6,15.));
#2103 = DIRECTION('',(6.123233995737E-17,1.,0.));
#2104 = DIRECTION('',(1.,-6.123233995737E-17,0.));
#2105 = ORIENTED_EDGE('',*,*,#2106,.T.);
#2106 = EDGE_CURVE('',#2098,#1743,#2107,.T.);
#2107 = LINE('',#2108,#2109);
#2108 = CARTESIAN_POINT('',(1.7,23.5,15.));
#2109 = VECTOR('',#2110,1.);
#2110 = DIRECTION('',(6.123233995737E-17,1.,6.016155777704E-49));
#2111 = ORIENTED_EDGE('',*,*,#1742,.F.);
#2112 = ORIENTED_EDGE('',*,*,#2106,.F.);
#2113 = ORIENTED_EDGE('',*,*,#2114,.T.);
#2114 = EDGE_CURVE('',#2098,#2096,#2115,.T.);
#2115 = CIRCLE('',#2116,1.7);
#2116 = AXIS2_PLACEMENT_3D('',#2117,#2118,#2119);
#2117 = CARTESIAN_POINT('',(1.751244922781E-15,28.6,15.));
#2118 = DIRECTION('',(6.123233995737E-17,1.,0.));
#2119 = DIRECTION('',(1.,-6.123233995737E-17,0.));
#2120 = CYLINDRICAL_SURFACE('',#2121,1.7);
#2121 = AXIS2_PLACEMENT_3D('',#2122,#2123,#2124);
#2122 = CARTESIAN_POINT('',(1.438959988998E-15,23.5,15.));
#2123 = DIRECTION('',(6.123233995737E-17,1.,0.));
#2124 = DIRECTION('',(1.,-6.123233995737E-17,0.));
#2125 = ADVANCED_FACE('',(#2126),#2154,.F.);
#2126 = FACE_BOUND('',#2127,.F.);
#2127 = EDGE_LOOP('',(#2128,#2139,#2145,#2146,#2147));
#2128 = ORIENTED_EDGE('',*,*,#2129,.T.);
#2129 = EDGE_CURVE('',#2130,#2132,#2134,.T.);
#2130 = VERTEX_POINT('',#2131);
#2131 = CARTESIAN_POINT('',(-28.6,1.7,15.));
#2132 = VERTEX_POINT('',#2133);
#2133 = CARTESIAN_POINT('',(-28.6,-1.7,15.));
#2134 = CIRCLE('',#2135,1.7);
#2135 = AXIS2_PLACEMENT_3D('',#2136,#2137,#2138);
#2136 = CARTESIAN_POINT('',(-28.6,3.502489845561E-15,15.));
#2137 = DIRECTION('',(-1.,1.224646799147E-16,0.));
#2138 = DIRECTION('',(-1.224646799147E-16,-1.,0.));
#2139 = ORIENTED_EDGE('',*,*,#2140,.T.);
#2140 = EDGE_CURVE('',#2132,#1794,#2141,.T.);
#2141 = LINE('',#2142,#2143);
#2142 = CARTESIAN_POINT('',(-23.5,-1.7,15.));
#2143 = VECTOR('',#2144,1.);
#2144 = DIRECTION('',(-1.,1.224646799147E-16,0.));
#2145 = ORIENTED_EDGE('',*,*,#1793,.F.);
#2146 = ORIENTED_EDGE('',*,*,#2140,.F.);
#2147 = ORIENTED_EDGE('',*,*,#2148,.T.);
#2148 = EDGE_CURVE('',#2132,#2130,#2149,.T.);
#2149 = CIRCLE('',#2150,1.7);
#2150 = AXIS2_PLACEMENT_3D('',#2151,#2152,#2153);
#2151 = CARTESIAN_POINT('',(-28.6,3.502489845561E-15,15.));
#2152 = DIRECTION('',(-1.,1.224646799147E-16,0.));
#2153 = DIRECTION('',(-1.224646799147E-16,-1.,0.));
#2154 = CYLINDRICAL_SURFACE('',#2155,1.7);
#2155 = AXIS2_PLACEMENT_3D('',#2156,#2157,#2158);
#2156 = CARTESIAN_POINT('',(-23.5,2.877919977996E-15,15.));
#2157 = DIRECTION('',(-1.,1.224646799147E-16,0.));
#2158 = DIRECTION('',(-1.224646799147E-16,-1.,0.));
#2159 = ADVANCED_FACE('',(#2160),#2188,.F.);
#2160 = FACE_BOUND('',#2161,.F.);
#2161 = EDGE_LOOP('',(#2162,#2173,#2179,#2180,#2181));
#2162 = ORIENTED_EDGE('',*,*,#2163,.T.);
#2163 = EDGE_CURVE('',#2164,#2166,#2168,.T.);
#2164 = VERTEX_POINT('',#2165);
#2165 = CARTESIAN_POINT('',(1.7,-28.6,15.));
#2166 = VERTEX_POINT('',#2167);
#2167 = CARTESIAN_POINT('',(-1.7,-28.6,15.));
#2168 = CIRCLE('',#2169,1.7);
#2169 = AXIS2_PLACEMENT_3D('',#2170,#2171,#2172);
#2170 = CARTESIAN_POINT('',(-5.253734768342E-15,-28.6,15.));
#2171 = DIRECTION('',(-1.836970198721E-16,-1.,-0.));
#2172 = DIRECTION('',(-1.,1.836970198721E-16,0.));
#2173 = ORIENTED_EDGE('',*,*,#2174,.T.);
#2174 = EDGE_CURVE('',#2166,#1859,#2175,.T.);
#2175 = LINE('',#2176,#2177);
#2176 = CARTESIAN_POINT('',(-1.7,-23.5,15.));
#2177 = VECTOR('',#2178,1.);
#2178 = DIRECTION('',(-1.836970198721E-16,-1.,-1.214140712162E-48));
#2179 = ORIENTED_EDGE('',*,*,#1858,.F.);
#2180 = ORIENTED_EDGE('',*,*,#2174,.F.);
#2181 = ORIENTED_EDGE('',*,*,#2182,.T.);
#2182 = EDGE_CURVE('',#2166,#2164,#2183,.T.);
#2183 = CIRCLE('',#2184,1.7);
#2184 = AXIS2_PLACEMENT_3D('',#2185,#2186,#2187);
#2185 = CARTESIAN_POINT('',(-5.253734768342E-15,-28.6,15.));
#2186 = DIRECTION('',(-1.836970198721E-16,-1.,-0.));
#2187 = DIRECTION('',(-1.,1.836970198721E-16,0.));
#2188 = CYLINDRICAL_SURFACE('',#2189,1.7);
#2189 = AXIS2_PLACEMENT_3D('',#2190,#2191,#2192);
#2190 = CARTESIAN_POINT('',(-4.316879966994E-15,-23.5,15.));
#2191 = DIRECTION('',(-1.836970198721E-16,-1.,0.));
#2192 = DIRECTION('',(-1.,1.836970198721E-16,0.));
#2193 = ADVANCED_FACE('',(#2194,#2205,#2260,#2294,#2328,#2362,#2396,
    #2401,#2406,#2411),#2416,.T.);
#2194 = FACE_BOUND('',#2195,.T.);
#2195 = EDGE_LOOP('',(#2196,#2197,#2198,#2199,#2200,#2201,#2202,#2203,
    #2204));
#2196 = ORIENTED_EDGE('',*,*,#1665,.T.);
#2197 = ORIENTED_EDGE('',*,*,#1987,.T.);
#2198 = ORIENTED_EDGE('',*,*,#1631,.T.);
#2199 = ORIENTED_EDGE('',*,*,#1964,.T.);
#2200 = ORIENTED_EDGE('',*,*,#1597,.T.);
#2201 = ORIENTED_EDGE('',*,*,#1733,.T.);
#2202 = ORIENTED_EDGE('',*,*,#1939,.T.);
#2203 = ORIENTED_EDGE('',*,*,#1699,.T.);
#2204 = ORIENTED_EDGE('',*,*,#1915,.T.);
#2205 = FACE_BOUND('',#2206,.T.);
#2206 = EDGE_LOOP('',(#2207,#2216,#2217,#2218,#2227,#2234,#2235,#2236,
    #2245,#2252,#2253));
#2207 = ORIENTED_EDGE('',*,*,#2208,.T.);
#2208 = EDGE_CURVE('',#2209,#1082,#2211,.T.);
#2209 = VERTEX_POINT('',#2210);
#2210 = CARTESIAN_POINT('',(-19.8,12.,21.8));
#2211 = CIRCLE('',#2212,3.2);
#2212 = AXIS2_PLACEMENT_3D('',#2213,#2214,#2215);
#2213 = CARTESIAN_POINT('',(-23.,12.,21.8));
#2214 = DIRECTION('',(0.,0.,1.));
#2215 = DIRECTION('',(1.,0.,0.));
#2216 = ORIENTED_EDGE('',*,*,#1089,.F.);
#2217 = ORIENTED_EDGE('',*,*,#1456,.T.);
#2218 = ORIENTED_EDGE('',*,*,#2219,.F.);
#2219 = EDGE_CURVE('',#2220,#1449,#2222,.T.);
#2220 = VERTEX_POINT('',#2221);
#2221 = CARTESIAN_POINT('',(25.6,-6.270191611634E-15,21.8));
#2222 = CIRCLE('',#2223,25.6);
#2223 = AXIS2_PLACEMENT_3D('',#2224,#2225,#2226);
#2224 = CARTESIAN_POINT('',(0.,0.,21.8));
#2225 = DIRECTION('',(0.,0.,1.));
#2226 = DIRECTION('',(1.,0.,0.));
#2227 = ORIENTED_EDGE('',*,*,#2228,.F.);
#2228 = EDGE_CURVE('',#1474,#2220,#2229,.T.);
#2229 = CIRCLE('',#2230,25.6);
#2230 = AXIS2_PLACEMENT_3D('',#2231,#2232,#2233);
#2231 = CARTESIAN_POINT('',(0.,0.,21.8));
#2232 = DIRECTION('',(0.,0.,1.));
#2233 = DIRECTION('',(1.,0.,0.));
#2234 = ORIENTED_EDGE('',*,*,#1473,.T.);
#2235 = ORIENTED_EDGE('',*,*,#1167,.F.);
#2236 = ORIENTED_EDGE('',*,*,#2237,.T.);
#2237 = EDGE_CURVE('',#1168,#2238,#2240,.T.);
#2238 = VERTEX_POINT('',#2239);
#2239 = CARTESIAN_POINT('',(-19.8,-12.,21.8));
#2240 = CIRCLE('',#2241,3.2);
#2241 = AXIS2_PLACEMENT_3D('',#2242,#2243,#2244);
#2242 = CARTESIAN_POINT('',(-23.,-12.,21.8));
#2243 = DIRECTION('',(0.,0.,1.));
#2244 = DIRECTION('',(1.,0.,0.));
#2245 = ORIENTED_EDGE('',*,*,#2246,.T.);
#2246 = EDGE_CURVE('',#2238,#780,#2247,.T.);
#2247 = CIRCLE('',#2248,3.2);
#2248 = AXIS2_PLACEMENT_3D('',#2249,#2250,#2251);
#2249 = CARTESIAN_POINT('',(-23.,-12.,21.8));
#2250 = DIRECTION('',(0.,0.,1.));
#2251 = DIRECTION('',(1.,0.,0.));
#2252 = ORIENTED_EDGE('',*,*,#787,.F.);
#2253 = ORIENTED_EDGE('',*,*,#2254,.T.);
#2254 = EDGE_CURVE('',#788,#2209,#2255,.T.);
#2255 = CIRCLE('',#2256,3.2);
#2256 = AXIS2_PLACEMENT_3D('',#2257,#2258,#2259);
#2257 = CARTESIAN_POINT('',(-23.,12.,21.8));
#2258 = DIRECTION('',(0.,0.,1.));
#2259 = DIRECTION('',(1.,0.,0.));
#2260 = FACE_BOUND('',#2261,.T.);
#2261 = EDGE_LOOP('',(#2262,#2272,#2280,#2288));
#2262 = ORIENTED_EDGE('',*,*,#2263,.T.);
#2263 = EDGE_CURVE('',#2264,#2266,#2268,.T.);
#2264 = VERTEX_POINT('',#2265);
#2265 = CARTESIAN_POINT('',(-28.6,3.4,21.8));
#2266 = VERTEX_POINT('',#2267);
#2267 = CARTESIAN_POINT('',(-25.8,3.4,21.8));
#2268 = LINE('',#2269,#2270);
#2269 = CARTESIAN_POINT('',(-12.9,3.4,21.8));
#2270 = VECTOR('',#2271,1.);
#2271 = DIRECTION('',(1.,-1.224646799147E-16,0.));
#2272 = ORIENTED_EDGE('',*,*,#2273,.T.);
#2273 = EDGE_CURVE('',#2266,#2274,#2276,.T.);
#2274 = VERTEX_POINT('',#2275);
#2275 = CARTESIAN_POINT('',(-25.8,-3.4,21.8));
#2276 = LINE('',#2277,#2278);
#2277 = CARTESIAN_POINT('',(-25.8,1.7,21.8));
#2278 = VECTOR('',#2279,1.);
#2279 = DIRECTION('',(-1.224646799147E-16,-1.,0.));
#2280 = ORIENTED_EDGE('',*,*,#2281,.F.);
#2281 = EDGE_CURVE('',#2282,#2274,#2284,.T.);
#2282 = VERTEX_POINT('',#2283);
#2283 = CARTESIAN_POINT('',(-28.6,-3.4,21.8));
#2284 = LINE('',#2285,#2286);
#2285 = CARTESIAN_POINT('',(-12.9,-3.4,21.8));
#2286 = VECTOR('',#2287,1.);
#2287 = DIRECTION('',(1.,-1.224646799147E-16,0.));
#2288 = ORIENTED_EDGE('',*,*,#2289,.F.);
#2289 = EDGE_CURVE('',#2264,#2282,#2290,.T.);
#2290 = LINE('',#2291,#2292);
#2291 = CARTESIAN_POINT('',(-28.6,1.7,21.8));
#2292 = VECTOR('',#2293,1.);
#2293 = DIRECTION('',(-1.224646799147E-16,-1.,0.));
#2294 = FACE_BOUND('',#2295,.T.);
#2295 = EDGE_LOOP('',(#2296,#2306,#2314,#2322));
#2296 = ORIENTED_EDGE('',*,*,#2297,.T.);
#2297 = EDGE_CURVE('',#2298,#2300,#2302,.T.);
#2298 = VERTEX_POINT('',#2299);
#2299 = CARTESIAN_POINT('',(-3.4,-28.6,21.8));
#2300 = VERTEX_POINT('',#2301);
#2301 = CARTESIAN_POINT('',(-3.4,-25.8,21.8));
#2302 = LINE('',#2303,#2304);
#2303 = CARTESIAN_POINT('',(-3.4,-12.9,21.8));
#2304 = VECTOR('',#2305,1.);
#2305 = DIRECTION('',(2.22044604925E-16,1.,0.));
#2306 = ORIENTED_EDGE('',*,*,#2307,.T.);
#2307 = EDGE_CURVE('',#2300,#2308,#2310,.T.);
#2308 = VERTEX_POINT('',#2309);
#2309 = CARTESIAN_POINT('',(3.4,-25.8,21.8));
#2310 = LINE('',#2311,#2312);
#2311 = CARTESIAN_POINT('',(-1.7,-25.8,21.8));
#2312 = VECTOR('',#2313,1.);
#2313 = DIRECTION('',(1.,-2.22044604925E-16,0.));
#2314 = ORIENTED_EDGE('',*,*,#2315,.F.);
#2315 = EDGE_CURVE('',#2316,#2308,#2318,.T.);
#2316 = VERTEX_POINT('',#2317);
#2317 = CARTESIAN_POINT('',(3.4,-28.6,21.8));
#2318 = LINE('',#2319,#2320);
#2319 = CARTESIAN_POINT('',(3.4,-12.9,21.8));
#2320 = VECTOR('',#2321,1.);
#2321 = DIRECTION('',(2.22044604925E-16,1.,0.));
#2322 = ORIENTED_EDGE('',*,*,#2323,.F.);
#2323 = EDGE_CURVE('',#2298,#2316,#2324,.T.);
#2324 = LINE('',#2325,#2326);
#2325 = CARTESIAN_POINT('',(-1.7,-28.6,21.8));
#2326 = VECTOR('',#2327,1.);
#2327 = DIRECTION('',(1.,-2.22044604925E-16,0.));
#2328 = FACE_BOUND('',#2329,.T.);
#2329 = EDGE_LOOP('',(#2330,#2340,#2348,#2356));
#2330 = ORIENTED_EDGE('',*,*,#2331,.T.);
#2331 = EDGE_CURVE('',#2332,#2334,#2336,.T.);
#2332 = VERTEX_POINT('',#2333);
#2333 = CARTESIAN_POINT('',(3.4,28.6,21.8));
#2334 = VERTEX_POINT('',#2335);
#2335 = CARTESIAN_POINT('',(3.4,25.8,21.8));
#2336 = LINE('',#2337,#2338);
#2337 = CARTESIAN_POINT('',(3.4,12.9,21.8));
#2338 = VECTOR('',#2339,1.);
#2339 = DIRECTION('',(-1.110223024625E-16,-1.,0.));
#2340 = ORIENTED_EDGE('',*,*,#2341,.T.);
#2341 = EDGE_CURVE('',#2334,#2342,#2344,.T.);
#2342 = VERTEX_POINT('',#2343);
#2343 = CARTESIAN_POINT('',(-3.4,25.8,21.8));
#2344 = LINE('',#2345,#2346);
#2345 = CARTESIAN_POINT('',(1.7,25.8,21.8));
#2346 = VECTOR('',#2347,1.);
#2347 = DIRECTION('',(-1.,1.110223024625E-16,0.));
#2348 = ORIENTED_EDGE('',*,*,#2349,.F.);
#2349 = EDGE_CURVE('',#2350,#2342,#2352,.T.);
#2350 = VERTEX_POINT('',#2351);
#2351 = CARTESIAN_POINT('',(-3.4,28.6,21.8));
#2352 = LINE('',#2353,#2354);
#2353 = CARTESIAN_POINT('',(-3.4,12.9,21.8));
#2354 = VECTOR('',#2355,1.);
#2355 = DIRECTION('',(-1.110223024625E-16,-1.,0.));
#2356 = ORIENTED_EDGE('',*,*,#2357,.F.);
#2357 = EDGE_CURVE('',#2332,#2350,#2358,.T.);
#2358 = LINE('',#2359,#2360);
#2359 = CARTESIAN_POINT('',(1.7,28.6,21.8));
#2360 = VECTOR('',#2361,1.);
#2361 = DIRECTION('',(-1.,1.110223024625E-16,0.));
#2362 = FACE_BOUND('',#2363,.T.);
#2363 = EDGE_LOOP('',(#2364,#2374,#2382,#2390));
#2364 = ORIENTED_EDGE('',*,*,#2365,.T.);
#2365 = EDGE_CURVE('',#2366,#2368,#2370,.T.);
#2366 = VERTEX_POINT('',#2367);
#2367 = CARTESIAN_POINT('',(28.6,-3.4,21.8));
#2368 = VERTEX_POINT('',#2369);
#2369 = CARTESIAN_POINT('',(25.8,-3.4,21.8));
#2370 = LINE('',#2371,#2372);
#2371 = CARTESIAN_POINT('',(12.9,-3.4,21.8));
#2372 = VECTOR('',#2373,1.);
#2373 = DIRECTION('',(-1.,0.,0.));
#2374 = ORIENTED_EDGE('',*,*,#2375,.T.);
#2375 = EDGE_CURVE('',#2368,#2376,#2378,.T.);
#2376 = VERTEX_POINT('',#2377);
#2377 = CARTESIAN_POINT('',(25.8,3.4,21.8));
#2378 = LINE('',#2379,#2380);
#2379 = CARTESIAN_POINT('',(25.8,-1.7,21.8));
#2380 = VECTOR('',#2381,1.);
#2381 = DIRECTION('',(0.,1.,0.));
#2382 = ORIENTED_EDGE('',*,*,#2383,.F.);
#2383 = EDGE_CURVE('',#2384,#2376,#2386,.T.);
#2384 = VERTEX_POINT('',#2385);
#2385 = CARTESIAN_POINT('',(28.6,3.4,21.8));
#2386 = LINE('',#2387,#2388);
#2387 = CARTESIAN_POINT('',(12.9,3.4,21.8));
#2388 = VECTOR('',#2389,1.);
#2389 = DIRECTION('',(-1.,0.,0.));
#2390 = ORIENTED_EDGE('',*,*,#2391,.F.);
#2391 = EDGE_CURVE('',#2366,#2384,#2392,.T.);
#2392 = LINE('',#2393,#2394);
#2393 = CARTESIAN_POINT('',(28.6,-1.7,21.8));
#2394 = VECTOR('',#2395,1.);
#2395 = DIRECTION('',(0.,1.,0.));
#2396 = FACE_BOUND('',#2397,.T.);
#2397 = EDGE_LOOP('',(#2398,#2399,#2400));
#2398 = ORIENTED_EDGE('',*,*,#274,.F.);
#2399 = ORIENTED_EDGE('',*,*,#283,.F.);
#2400 = ORIENTED_EDGE('',*,*,#164,.F.);
#2401 = FACE_BOUND('',#2402,.T.);
#2402 = EDGE_LOOP('',(#2403,#2404,#2405));
#2403 = ORIENTED_EDGE('',*,*,#659,.F.);
#2404 = ORIENTED_EDGE('',*,*,#547,.F.);
#2405 = ORIENTED_EDGE('',*,*,#650,.F.);
#2406 = FACE_BOUND('',#2407,.T.);
#2407 = EDGE_LOOP('',(#2408,#2409,#2410));
#2408 = ORIENTED_EDGE('',*,*,#462,.F.);
#2409 = ORIENTED_EDGE('',*,*,#471,.F.);
#2410 = ORIENTED_EDGE('',*,*,#419,.F.);
#2411 = FACE_BOUND('',#2412,.T.);
#2412 = EDGE_LOOP('',(#2413,#2414,#2415));
#2413 = ORIENTED_EDGE('',*,*,#359,.F.);
#2414 = ORIENTED_EDGE('',*,*,#368,.F.);
#2415 = ORIENTED_EDGE('',*,*,#323,.F.);
#2416 = PLANE('',#2417);
#2417 = AXIS2_PLACEMENT_3D('',#2418,#2419,#2420);
#2418 = CARTESIAN_POINT('',(3.020186179593E-02,1.795041985223E-15,21.8)
  );
#2419 = DIRECTION('',(0.,0.,1.));
#2420 = DIRECTION('',(1.,0.,0.));
#2421 = ADVANCED_FACE('',(#2422),#2447,.T.);
#2422 = FACE_BOUND('',#2423,.T.);
#2423 = EDGE_LOOP('',(#2424,#2432,#2440,#2446));
#2424 = ORIENTED_EDGE('',*,*,#2425,.F.);
#2425 = EDGE_CURVE('',#2426,#2264,#2428,.T.);
#2426 = VERTEX_POINT('',#2427);
#2427 = CARTESIAN_POINT('',(-28.6,3.4,15.));
#2428 = LINE('',#2429,#2430);
#2429 = CARTESIAN_POINT('',(-28.6,3.4,15.));
#2430 = VECTOR('',#2431,1.);
#2431 = DIRECTION('',(0.,0.,1.));
#2432 = ORIENTED_EDGE('',*,*,#2433,.F.);
#2433 = EDGE_CURVE('',#2434,#2426,#2436,.T.);
#2434 = VERTEX_POINT('',#2435);
#2435 = CARTESIAN_POINT('',(-25.8,3.4,15.));
#2436 = LINE('',#2437,#2438);
#2437 = CARTESIAN_POINT('',(-25.8,3.4,15.));
#2438 = VECTOR('',#2439,1.);
#2439 = DIRECTION('',(-1.,1.224646799147E-16,0.));
#2440 = ORIENTED_EDGE('',*,*,#2441,.T.);
#2441 = EDGE_CURVE('',#2434,#2266,#2442,.T.);
#2442 = LINE('',#2443,#2444);
#2443 = CARTESIAN_POINT('',(-25.8,3.4,15.));
#2444 = VECTOR('',#2445,1.);
#2445 = DIRECTION('',(0.,0.,1.));
#2446 = ORIENTED_EDGE('',*,*,#2263,.F.);
#2447 = PLANE('',#2448);
#2448 = AXIS2_PLACEMENT_3D('',#2449,#2450,#2451);
#2449 = CARTESIAN_POINT('',(-25.8,3.4,15.));
#2450 = DIRECTION('',(-1.224646799147E-16,-1.,0.));
#2451 = DIRECTION('',(0.,0.,1.));
#2452 = ADVANCED_FACE('',(#2453),#2478,.T.);
#2453 = FACE_BOUND('',#2454,.T.);
#2454 = EDGE_LOOP('',(#2455,#2463,#2464,#2472));
#2455 = ORIENTED_EDGE('',*,*,#2456,.F.);
#2456 = EDGE_CURVE('',#2434,#2457,#2459,.T.);
#2457 = VERTEX_POINT('',#2458);
#2458 = CARTESIAN_POINT('',(-25.8,3.3486315613,15.));
#2459 = LINE('',#2460,#2461);
#2460 = CARTESIAN_POINT('',(-25.8,3.4,15.));
#2461 = VECTOR('',#2462,1.);
#2462 = DIRECTION('',(-1.224646799147E-16,-1.,0.));
#2463 = ORIENTED_EDGE('',*,*,#2433,.T.);
#2464 = ORIENTED_EDGE('',*,*,#2465,.T.);
#2465 = EDGE_CURVE('',#2426,#2466,#2468,.T.);
#2466 = VERTEX_POINT('',#2467);
#2467 = CARTESIAN_POINT('',(-28.6,3.3486315613,15.));
#2468 = LINE('',#2469,#2470);
#2469 = CARTESIAN_POINT('',(-28.6,3.4,15.));
#2470 = VECTOR('',#2471,1.);
#2471 = DIRECTION('',(-1.224646799147E-16,-1.,0.));
#2472 = ORIENTED_EDGE('',*,*,#2473,.F.);
#2473 = EDGE_CURVE('',#2457,#2466,#2474,.T.);
#2474 = LINE('',#2475,#2476);
#2475 = CARTESIAN_POINT('',(-25.8,3.3486315613,15.));
#2476 = VECTOR('',#2477,1.);
#2477 = DIRECTION('',(-1.,1.224646799147E-16,1.110223024625E-16));
#2478 = PLANE('',#2479);
#2479 = AXIS2_PLACEMENT_3D('',#2480,#2481,#2482);
#2480 = CARTESIAN_POINT('',(-25.8,3.4,15.));
#2481 = DIRECTION('',(0.,0.,1.));
#2482 = DIRECTION('',(-1.,1.224646799147E-16,0.));
#2483 = ADVANCED_FACE('',(#2484),#2509,.T.);
#2484 = FACE_BOUND('',#2485,.T.);
#2485 = EDGE_LOOP('',(#2486,#2487,#2495,#2503));
#2486 = ORIENTED_EDGE('',*,*,#2473,.T.);
#2487 = ORIENTED_EDGE('',*,*,#2488,.T.);
#2488 = EDGE_CURVE('',#2466,#2489,#2491,.T.);
#2489 = VERTEX_POINT('',#2490);
#2490 = CARTESIAN_POINT('',(-28.6,1.67431578065,12.1));
#2491 = LINE('',#2492,#2493);
#2492 = CARTESIAN_POINT('',(-28.6,3.3486315613,15.));
#2493 = VECTOR('',#2494,1.);
#2494 = DIRECTION('',(-1.573804742765E-16,-0.5,-0.866025403784));
#2495 = ORIENTED_EDGE('',*,*,#2496,.F.);
#2496 = EDGE_CURVE('',#2497,#2489,#2499,.T.);
#2497 = VERTEX_POINT('',#2498);
#2498 = CARTESIAN_POINT('',(-25.8,1.67431578065,12.1));
#2499 = LINE('',#2500,#2501);
#2500 = CARTESIAN_POINT('',(-25.8,1.67431578065,12.1));
#2501 = VECTOR('',#2502,1.);
#2502 = DIRECTION('',(-1.,1.224646799147E-16,1.110223024625E-16));
#2503 = ORIENTED_EDGE('',*,*,#2504,.F.);
#2504 = EDGE_CURVE('',#2457,#2497,#2505,.T.);
#2505 = LINE('',#2506,#2507);
#2506 = CARTESIAN_POINT('',(-25.8,3.3486315613,15.));
#2507 = VECTOR('',#2508,1.);
#2508 = DIRECTION('',(-1.573804742765E-16,-0.5,-0.866025403784));
#2509 = PLANE('',#2510);
#2510 = AXIS2_PLACEMENT_3D('',#2511,#2512,#2513);
#2511 = CARTESIAN_POINT('',(-25.8,3.3486315613,15.));
#2512 = DIRECTION('',(-5.054637264123E-17,-0.866025403784,0.5));
#2513 = DIRECTION('',(-1.573804742765E-16,-0.5,-0.866025403784));
#2514 = ADVANCED_FACE('',(#2515),#2540,.T.);
#2515 = FACE_BOUND('',#2516,.T.);
#2516 = EDGE_LOOP('',(#2517,#2518,#2526,#2534));
#2517 = ORIENTED_EDGE('',*,*,#2496,.T.);
#2518 = ORIENTED_EDGE('',*,*,#2519,.T.);
#2519 = EDGE_CURVE('',#2489,#2520,#2522,.T.);
#2520 = VERTEX_POINT('',#2521);
#2521 = CARTESIAN_POINT('',(-28.6,-1.67431578065,12.1));
#2522 = LINE('',#2523,#2524);
#2523 = CARTESIAN_POINT('',(-28.6,1.67431578065,12.1));
#2524 = VECTOR('',#2525,1.);
#2525 = DIRECTION('',(-1.224646799147E-16,-1.,-3.978543489069E-16));
#2526 = ORIENTED_EDGE('',*,*,#2527,.F.);
#2527 = EDGE_CURVE('',#2528,#2520,#2530,.T.);
#2528 = VERTEX_POINT('',#2529);
#2529 = CARTESIAN_POINT('',(-25.8,-1.67431578065,12.1));
#2530 = LINE('',#2531,#2532);
#2531 = CARTESIAN_POINT('',(-25.8,-1.67431578065,12.1));
#2532 = VECTOR('',#2533,1.);
#2533 = DIRECTION('',(-1.,1.224646799147E-16,1.110223024625E-16));
#2534 = ORIENTED_EDGE('',*,*,#2535,.F.);
#2535 = EDGE_CURVE('',#2497,#2528,#2536,.T.);
#2536 = LINE('',#2537,#2538);
#2537 = CARTESIAN_POINT('',(-25.8,1.67431578065,12.1));
#2538 = VECTOR('',#2539,1.);
#2539 = DIRECTION('',(-1.224646799147E-16,-1.,-3.978543489069E-16));
#2540 = PLANE('',#2541);
#2541 = AXIS2_PLACEMENT_3D('',#2542,#2543,#2544);
#2542 = CARTESIAN_POINT('',(-25.8,1.67431578065,12.1));
#2543 = DIRECTION('',(1.110223024625E-16,-3.978543489069E-16,1.));
#2544 = DIRECTION('',(-1.224646799147E-16,-1.,-3.978543489069E-16));
#2545 = ADVANCED_FACE('',(#2546),#2571,.F.);
#2546 = FACE_BOUND('',#2547,.F.);
#2547 = EDGE_LOOP('',(#2548,#2556,#2564,#2570));
#2548 = ORIENTED_EDGE('',*,*,#2549,.F.);
#2549 = EDGE_CURVE('',#2550,#2282,#2552,.T.);
#2550 = VERTEX_POINT('',#2551);
#2551 = CARTESIAN_POINT('',(-28.6,-3.4,15.));
#2552 = LINE('',#2553,#2554);
#2553 = CARTESIAN_POINT('',(-28.6,-3.4,15.));
#2554 = VECTOR('',#2555,1.);
#2555 = DIRECTION('',(0.,0.,1.));
#2556 = ORIENTED_EDGE('',*,*,#2557,.F.);
#2557 = EDGE_CURVE('',#2558,#2550,#2560,.T.);
#2558 = VERTEX_POINT('',#2559);
#2559 = CARTESIAN_POINT('',(-25.8,-3.4,15.));
#2560 = LINE('',#2561,#2562);
#2561 = CARTESIAN_POINT('',(-25.8,-3.4,15.));
#2562 = VECTOR('',#2563,1.);
#2563 = DIRECTION('',(-1.,1.224646799147E-16,0.));
#2564 = ORIENTED_EDGE('',*,*,#2565,.T.);
#2565 = EDGE_CURVE('',#2558,#2274,#2566,.T.);
#2566 = LINE('',#2567,#2568);
#2567 = CARTESIAN_POINT('',(-25.8,-3.4,15.));
#2568 = VECTOR('',#2569,1.);
#2569 = DIRECTION('',(0.,0.,1.));
#2570 = ORIENTED_EDGE('',*,*,#2281,.F.);
#2571 = PLANE('',#2572);
#2572 = AXIS2_PLACEMENT_3D('',#2573,#2574,#2575);
#2573 = CARTESIAN_POINT('',(-25.8,-3.4,15.));
#2574 = DIRECTION('',(-1.224646799147E-16,-1.,0.));
#2575 = DIRECTION('',(0.,0.,1.));
#2576 = ADVANCED_FACE('',(#2577),#2602,.T.);
#2577 = FACE_BOUND('',#2578,.T.);
#2578 = EDGE_LOOP('',(#2579,#2587,#2595,#2601));
#2579 = ORIENTED_EDGE('',*,*,#2580,.F.);
#2580 = EDGE_CURVE('',#2581,#2558,#2583,.T.);
#2581 = VERTEX_POINT('',#2582);
#2582 = CARTESIAN_POINT('',(-25.8,-3.3486315613,15.));
#2583 = LINE('',#2584,#2585);
#2584 = CARTESIAN_POINT('',(-25.8,3.4,15.));
#2585 = VECTOR('',#2586,1.);
#2586 = DIRECTION('',(-1.224646799147E-16,-1.,0.));
#2587 = ORIENTED_EDGE('',*,*,#2588,.T.);
#2588 = EDGE_CURVE('',#2581,#2589,#2591,.T.);
#2589 = VERTEX_POINT('',#2590);
#2590 = CARTESIAN_POINT('',(-28.6,-3.3486315613,15.));
#2591 = LINE('',#2592,#2593);
#2592 = CARTESIAN_POINT('',(-25.8,-3.3486315613,15.));
#2593 = VECTOR('',#2594,1.);
#2594 = DIRECTION('',(-1.,1.224646799147E-16,1.110223024625E-16));
#2595 = ORIENTED_EDGE('',*,*,#2596,.T.);
#2596 = EDGE_CURVE('',#2589,#2550,#2597,.T.);
#2597 = LINE('',#2598,#2599);
#2598 = CARTESIAN_POINT('',(-28.6,3.4,15.));
#2599 = VECTOR('',#2600,1.);
#2600 = DIRECTION('',(-1.224646799147E-16,-1.,0.));
#2601 = ORIENTED_EDGE('',*,*,#2557,.F.);
#2602 = PLANE('',#2603);
#2603 = AXIS2_PLACEMENT_3D('',#2604,#2605,#2606);
#2604 = CARTESIAN_POINT('',(-25.8,3.4,15.));
#2605 = DIRECTION('',(0.,0.,1.));
#2606 = DIRECTION('',(-1.,1.224646799147E-16,0.));
#2607 = ADVANCED_FACE('',(#2608),#2624,.T.);
#2608 = FACE_BOUND('',#2609,.T.);
#2609 = EDGE_LOOP('',(#2610,#2611,#2617,#2618));
#2610 = ORIENTED_EDGE('',*,*,#2527,.T.);
#2611 = ORIENTED_EDGE('',*,*,#2612,.T.);
#2612 = EDGE_CURVE('',#2520,#2589,#2613,.T.);
#2613 = LINE('',#2614,#2615);
#2614 = CARTESIAN_POINT('',(-28.6,-1.67431578065,12.1));
#2615 = VECTOR('',#2616,1.);
#2616 = DIRECTION('',(3.491579436181E-17,-0.5,0.866025403784));
#2617 = ORIENTED_EDGE('',*,*,#2588,.F.);
#2618 = ORIENTED_EDGE('',*,*,#2619,.F.);
#2619 = EDGE_CURVE('',#2528,#2581,#2620,.T.);
#2620 = LINE('',#2621,#2622);
#2621 = CARTESIAN_POINT('',(-25.8,-1.67431578065,12.1));
#2622 = VECTOR('',#2623,1.);
#2623 = DIRECTION('',(3.491579436181E-17,-0.5,0.866025403784));
#2624 = PLANE('',#2625);
#2625 = AXIS2_PLACEMENT_3D('',#2626,#2627,#2628);
#2626 = CARTESIAN_POINT('',(-25.8,-1.67431578065,12.1));
#2627 = DIRECTION('',(1.615686751037E-16,0.866025403784,0.5));
#2628 = DIRECTION('',(3.491579436181E-17,-0.5,0.866025403784));
#2629 = ADVANCED_FACE('',(#2630),#2655,.T.);
#2630 = FACE_BOUND('',#2631,.T.);
#2631 = EDGE_LOOP('',(#2632,#2640,#2648,#2654));
#2632 = ORIENTED_EDGE('',*,*,#2633,.F.);
#2633 = EDGE_CURVE('',#2634,#2298,#2636,.T.);
#2634 = VERTEX_POINT('',#2635);
#2635 = CARTESIAN_POINT('',(-3.4,-28.6,15.));
#2636 = LINE('',#2637,#2638);
#2637 = CARTESIAN_POINT('',(-3.4,-28.6,15.));
#2638 = VECTOR('',#2639,1.);
#2639 = DIRECTION('',(0.,0.,1.));
#2640 = ORIENTED_EDGE('',*,*,#2641,.F.);
#2641 = EDGE_CURVE('',#2642,#2634,#2644,.T.);
#2642 = VERTEX_POINT('',#2643);
#2643 = CARTESIAN_POINT('',(-3.4,-25.8,15.));
#2644 = LINE('',#2645,#2646);
#2645 = CARTESIAN_POINT('',(-3.4,-25.8,15.));
#2646 = VECTOR('',#2647,1.);
#2647 = DIRECTION('',(-2.22044604925E-16,-1.,0.));
#2648 = ORIENTED_EDGE('',*,*,#2649,.T.);
#2649 = EDGE_CURVE('',#2642,#2300,#2650,.T.);
#2650 = LINE('',#2651,#2652);
#2651 = CARTESIAN_POINT('',(-3.4,-25.8,15.));
#2652 = VECTOR('',#2653,1.);
#2653 = DIRECTION('',(0.,0.,1.));
#2654 = ORIENTED_EDGE('',*,*,#2297,.F.);
#2655 = PLANE('',#2656);
#2656 = AXIS2_PLACEMENT_3D('',#2657,#2658,#2659);
#2657 = CARTESIAN_POINT('',(-3.4,-25.8,15.));
#2658 = DIRECTION('',(1.,-2.22044604925E-16,0.));
#2659 = DIRECTION('',(0.,0.,1.));
#2660 = ADVANCED_FACE('',(#2661),#2686,.T.);
#2661 = FACE_BOUND('',#2662,.T.);
#2662 = EDGE_LOOP('',(#2663,#2671,#2672,#2680));
#2663 = ORIENTED_EDGE('',*,*,#2664,.F.);
#2664 = EDGE_CURVE('',#2642,#2665,#2667,.T.);
#2665 = VERTEX_POINT('',#2666);
#2666 = CARTESIAN_POINT('',(-3.3486315613,-25.8,15.));
#2667 = LINE('',#2668,#2669);
#2668 = CARTESIAN_POINT('',(-3.4,-25.8,15.));
#2669 = VECTOR('',#2670,1.);
#2670 = DIRECTION('',(1.,-2.22044604925E-16,0.));
#2671 = ORIENTED_EDGE('',*,*,#2641,.T.);
#2672 = ORIENTED_EDGE('',*,*,#2673,.T.);
#2673 = EDGE_CURVE('',#2634,#2674,#2676,.T.);
#2674 = VERTEX_POINT('',#2675);
#2675 = CARTESIAN_POINT('',(-3.3486315613,-28.6,15.));
#2676 = LINE('',#2677,#2678);
#2677 = CARTESIAN_POINT('',(-3.4,-28.6,15.));
#2678 = VECTOR('',#2679,1.);
#2679 = DIRECTION('',(1.,-2.22044604925E-16,0.));
#2680 = ORIENTED_EDGE('',*,*,#2681,.F.);
#2681 = EDGE_CURVE('',#2665,#2674,#2682,.T.);
#2682 = LINE('',#2683,#2684);
#2683 = CARTESIAN_POINT('',(-3.3486315613,-25.8,15.));
#2684 = VECTOR('',#2685,1.);
#2685 = DIRECTION('',(-2.22044604925E-16,-1.,1.110223024625E-16));
#2686 = PLANE('',#2687);
#2687 = AXIS2_PLACEMENT_3D('',#2688,#2689,#2690);
#2688 = CARTESIAN_POINT('',(-3.4,-25.8,15.));
#2689 = DIRECTION('',(0.,0.,1.));
#2690 = DIRECTION('',(-2.22044604925E-16,-1.,0.));
#2691 = ADVANCED_FACE('',(#2692),#2717,.T.);
#2692 = FACE_BOUND('',#2693,.T.);
#2693 = EDGE_LOOP('',(#2694,#2695,#2703,#2711));
#2694 = ORIENTED_EDGE('',*,*,#2681,.T.);
#2695 = ORIENTED_EDGE('',*,*,#2696,.T.);
#2696 = EDGE_CURVE('',#2674,#2697,#2699,.T.);
#2697 = VERTEX_POINT('',#2698);
#2698 = CARTESIAN_POINT('',(-1.67431578065,-28.6,12.1));
#2699 = LINE('',#2700,#2701);
#2700 = CARTESIAN_POINT('',(-3.3486315613,-28.6,15.));
#2701 = VECTOR('',#2702,1.);
#2702 = DIRECTION('',(0.5,-2.071704367817E-16,-0.866025403784));
#2703 = ORIENTED_EDGE('',*,*,#2704,.F.);
#2704 = EDGE_CURVE('',#2705,#2697,#2707,.T.);
#2705 = VERTEX_POINT('',#2706);
#2706 = CARTESIAN_POINT('',(-1.67431578065,-25.8,12.1));
#2707 = LINE('',#2708,#2709);
#2708 = CARTESIAN_POINT('',(-1.67431578065,-25.8,12.1));
#2709 = VECTOR('',#2710,1.);
#2710 = DIRECTION('',(-2.22044604925E-16,-1.,1.110223024625E-16));
#2711 = ORIENTED_EDGE('',*,*,#2712,.F.);
#2712 = EDGE_CURVE('',#2665,#2705,#2713,.T.);
#2713 = LINE('',#2714,#2715);
#2714 = CARTESIAN_POINT('',(-3.3486315613,-25.8,15.));
#2715 = VECTOR('',#2716,1.);
#2716 = DIRECTION('',(0.5,-2.071704367817E-16,-0.866025403784));
#2717 = PLANE('',#2718);
#2718 = AXIS2_PLACEMENT_3D('',#2719,#2720,#2721);
#2719 = CARTESIAN_POINT('',(-3.3486315613,-25.8,15.));
#2720 = DIRECTION('',(0.866025403784,-1.367851174071E-16,0.5));
#2721 = DIRECTION('',(0.5,-2.071704367817E-16,-0.866025403784));
#2722 = ADVANCED_FACE('',(#2723),#2748,.T.);
#2723 = FACE_BOUND('',#2724,.T.);
#2724 = EDGE_LOOP('',(#2725,#2726,#2734,#2742));
#2725 = ORIENTED_EDGE('',*,*,#2704,.T.);
#2726 = ORIENTED_EDGE('',*,*,#2727,.T.);
#2727 = EDGE_CURVE('',#2697,#2728,#2730,.T.);
#2728 = VERTEX_POINT('',#2729);
#2729 = CARTESIAN_POINT('',(1.67431578065,-28.6,12.1));
#2730 = LINE('',#2731,#2732);
#2731 = CARTESIAN_POINT('',(-1.67431578065,-28.6,12.1));
#2732 = VECTOR('',#2733,1.);
#2733 = DIRECTION('',(1.,-2.22044604925E-16,-3.978543489069E-16));
#2734 = ORIENTED_EDGE('',*,*,#2735,.F.);
#2735 = EDGE_CURVE('',#2736,#2728,#2738,.T.);
#2736 = VERTEX_POINT('',#2737);
#2737 = CARTESIAN_POINT('',(1.67431578065,-25.8,12.1));
#2738 = LINE('',#2739,#2740);
#2739 = CARTESIAN_POINT('',(1.67431578065,-25.8,12.1));
#2740 = VECTOR('',#2741,1.);
#2741 = DIRECTION('',(-2.22044604925E-16,-1.,1.110223024625E-16));
#2742 = ORIENTED_EDGE('',*,*,#2743,.F.);
#2743 = EDGE_CURVE('',#2705,#2736,#2744,.T.);
#2744 = LINE('',#2745,#2746);
#2745 = CARTESIAN_POINT('',(-1.67431578065,-25.8,12.1));
#2746 = VECTOR('',#2747,1.);
#2747 = DIRECTION('',(1.,-2.22044604925E-16,-3.978543489069E-16));
#2748 = PLANE('',#2749);
#2749 = AXIS2_PLACEMENT_3D('',#2750,#2751,#2752);
#2750 = CARTESIAN_POINT('',(-1.67431578065,-25.8,12.1));
#2751 = DIRECTION('',(3.978543489069E-16,1.110223024625E-16,1.));
#2752 = DIRECTION('',(1.,-2.22044604925E-16,-3.978543489069E-16));
#2753 = ADVANCED_FACE('',(#2754),#2779,.F.);
#2754 = FACE_BOUND('',#2755,.F.);
#2755 = EDGE_LOOP('',(#2756,#2764,#2772,#2778));
#2756 = ORIENTED_EDGE('',*,*,#2757,.F.);
#2757 = EDGE_CURVE('',#2758,#2316,#2760,.T.);
#2758 = VERTEX_POINT('',#2759);
#2759 = CARTESIAN_POINT('',(3.4,-28.6,15.));
#2760 = LINE('',#2761,#2762);
#2761 = CARTESIAN_POINT('',(3.4,-28.6,15.));
#2762 = VECTOR('',#2763,1.);
#2763 = DIRECTION('',(0.,0.,1.));
#2764 = ORIENTED_EDGE('',*,*,#2765,.F.);
#2765 = EDGE_CURVE('',#2766,#2758,#2768,.T.);
#2766 = VERTEX_POINT('',#2767);
#2767 = CARTESIAN_POINT('',(3.4,-25.8,15.));
#2768 = LINE('',#2769,#2770);
#2769 = CARTESIAN_POINT('',(3.4,-25.8,15.));
#2770 = VECTOR('',#2771,1.);
#2771 = DIRECTION('',(-2.22044604925E-16,-1.,0.));
#2772 = ORIENTED_EDGE('',*,*,#2773,.T.);
#2773 = EDGE_CURVE('',#2766,#2308,#2774,.T.);
#2774 = LINE('',#2775,#2776);
#2775 = CARTESIAN_POINT('',(3.4,-25.8,15.));
#2776 = VECTOR('',#2777,1.);
#2777 = DIRECTION('',(0.,0.,1.));
#2778 = ORIENTED_EDGE('',*,*,#2315,.F.);
#2779 = PLANE('',#2780);
#2780 = AXIS2_PLACEMENT_3D('',#2781,#2782,#2783);
#2781 = CARTESIAN_POINT('',(3.4,-25.8,15.));
#2782 = DIRECTION('',(1.,-2.22044604925E-16,0.));
#2783 = DIRECTION('',(0.,0.,1.));
#2784 = ADVANCED_FACE('',(#2785),#2810,.T.);
#2785 = FACE_BOUND('',#2786,.T.);
#2786 = EDGE_LOOP('',(#2787,#2795,#2803,#2809));
#2787 = ORIENTED_EDGE('',*,*,#2788,.F.);
#2788 = EDGE_CURVE('',#2789,#2766,#2791,.T.);
#2789 = VERTEX_POINT('',#2790);
#2790 = CARTESIAN_POINT('',(3.3486315613,-25.8,15.));
#2791 = LINE('',#2792,#2793);
#2792 = CARTESIAN_POINT('',(-3.4,-25.8,15.));
#2793 = VECTOR('',#2794,1.);
#2794 = DIRECTION('',(1.,-2.22044604925E-16,0.));
#2795 = ORIENTED_EDGE('',*,*,#2796,.T.);
#2796 = EDGE_CURVE('',#2789,#2797,#2799,.T.);
#2797 = VERTEX_POINT('',#2798);
#2798 = CARTESIAN_POINT('',(3.3486315613,-28.6,15.));
#2799 = LINE('',#2800,#2801);
#2800 = CARTESIAN_POINT('',(3.3486315613,-25.8,15.));
#2801 = VECTOR('',#2802,1.);
#2802 = DIRECTION('',(-2.22044604925E-16,-1.,1.110223024625E-16));
#2803 = ORIENTED_EDGE('',*,*,#2804,.T.);
#2804 = EDGE_CURVE('',#2797,#2758,#2805,.T.);
#2805 = LINE('',#2806,#2807);
#2806 = CARTESIAN_POINT('',(-3.4,-28.6,15.));
#2807 = VECTOR('',#2808,1.);
#2808 = DIRECTION('',(1.,-2.22044604925E-16,0.));
#2809 = ORIENTED_EDGE('',*,*,#2765,.F.);
#2810 = PLANE('',#2811);
#2811 = AXIS2_PLACEMENT_3D('',#2812,#2813,#2814);
#2812 = CARTESIAN_POINT('',(-3.4,-25.8,15.));
#2813 = DIRECTION('',(0.,0.,1.));
#2814 = DIRECTION('',(-2.22044604925E-16,-1.,0.));
#2815 = ADVANCED_FACE('',(#2816),#2832,.T.);
#2816 = FACE_BOUND('',#2817,.T.);
#2817 = EDGE_LOOP('',(#2818,#2819,#2825,#2826));
#2818 = ORIENTED_EDGE('',*,*,#2735,.T.);
#2819 = ORIENTED_EDGE('',*,*,#2820,.T.);
#2820 = EDGE_CURVE('',#2728,#2797,#2821,.T.);
#2821 = LINE('',#2822,#2823);
#2822 = CARTESIAN_POINT('',(1.67431578065,-28.6,12.1));
#2823 = VECTOR('',#2824,1.);
#2824 = DIRECTION('',(0.5,-1.487416814334E-17,0.866025403784));
#2825 = ORIENTED_EDGE('',*,*,#2796,.F.);
#2826 = ORIENTED_EDGE('',*,*,#2827,.F.);
#2827 = EDGE_CURVE('',#2736,#2789,#2828,.T.);
#2828 = LINE('',#2829,#2830);
#2829 = CARTESIAN_POINT('',(1.67431578065,-25.8,12.1));
#2830 = VECTOR('',#2831,1.);
#2831 = DIRECTION('',(0.5,-1.487416814334E-17,0.866025403784));
#2832 = PLANE('',#2833);
#2833 = AXIS2_PLACEMENT_3D('',#2834,#2835,#2836);
#2834 = CARTESIAN_POINT('',(1.67431578065,-25.8,12.1));
#2835 = DIRECTION('',(-0.866025403784,2.478074198696E-16,0.5));
#2836 = DIRECTION('',(0.5,-1.487416814334E-17,0.866025403784));
#2837 = ADVANCED_FACE('',(#2838),#2863,.T.);
#2838 = FACE_BOUND('',#2839,.T.);
#2839 = EDGE_LOOP('',(#2840,#2848,#2856,#2862));
#2840 = ORIENTED_EDGE('',*,*,#2841,.F.);
#2841 = EDGE_CURVE('',#2842,#2332,#2844,.T.);
#2842 = VERTEX_POINT('',#2843);
#2843 = CARTESIAN_POINT('',(3.4,28.6,15.));
#2844 = LINE('',#2845,#2846);
#2845 = CARTESIAN_POINT('',(3.4,28.6,15.));
#2846 = VECTOR('',#2847,1.);
#2847 = DIRECTION('',(0.,0.,1.));
#2848 = ORIENTED_EDGE('',*,*,#2849,.F.);
#2849 = EDGE_CURVE('',#2850,#2842,#2852,.T.);
#2850 = VERTEX_POINT('',#2851);
#2851 = CARTESIAN_POINT('',(3.4,25.8,15.));
#2852 = LINE('',#2853,#2854);
#2853 = CARTESIAN_POINT('',(3.4,25.8,15.));
#2854 = VECTOR('',#2855,1.);
#2855 = DIRECTION('',(1.110223024625E-16,1.,0.));
#2856 = ORIENTED_EDGE('',*,*,#2857,.T.);
#2857 = EDGE_CURVE('',#2850,#2334,#2858,.T.);
#2858 = LINE('',#2859,#2860);
#2859 = CARTESIAN_POINT('',(3.4,25.8,15.));
#2860 = VECTOR('',#2861,1.);
#2861 = DIRECTION('',(0.,0.,1.));
#2862 = ORIENTED_EDGE('',*,*,#2331,.F.);
#2863 = PLANE('',#2864);
#2864 = AXIS2_PLACEMENT_3D('',#2865,#2866,#2867);
#2865 = CARTESIAN_POINT('',(3.4,25.8,15.));
#2866 = DIRECTION('',(-1.,1.110223024625E-16,0.));
#2867 = DIRECTION('',(0.,0.,1.));
#2868 = ADVANCED_FACE('',(#2869),#2894,.T.);
#2869 = FACE_BOUND('',#2870,.T.);
#2870 = EDGE_LOOP('',(#2871,#2879,#2880,#2888));
#2871 = ORIENTED_EDGE('',*,*,#2872,.F.);
#2872 = EDGE_CURVE('',#2850,#2873,#2875,.T.);
#2873 = VERTEX_POINT('',#2874);
#2874 = CARTESIAN_POINT('',(3.3486315613,25.8,15.));
#2875 = LINE('',#2876,#2877);
#2876 = CARTESIAN_POINT('',(3.4,25.8,15.));
#2877 = VECTOR('',#2878,1.);
#2878 = DIRECTION('',(-1.,1.110223024625E-16,0.));
#2879 = ORIENTED_EDGE('',*,*,#2849,.T.);
#2880 = ORIENTED_EDGE('',*,*,#2881,.T.);
#2881 = EDGE_CURVE('',#2842,#2882,#2884,.T.);
#2882 = VERTEX_POINT('',#2883);
#2883 = CARTESIAN_POINT('',(3.3486315613,28.6,15.));
#2884 = LINE('',#2885,#2886);
#2885 = CARTESIAN_POINT('',(3.4,28.6,15.));
#2886 = VECTOR('',#2887,1.);
#2887 = DIRECTION('',(-1.,1.110223024625E-16,0.));
#2888 = ORIENTED_EDGE('',*,*,#2889,.F.);
#2889 = EDGE_CURVE('',#2873,#2882,#2890,.T.);
#2890 = LINE('',#2891,#2892);
#2891 = CARTESIAN_POINT('',(3.3486315613,25.8,15.));
#2892 = VECTOR('',#2893,1.);
#2893 = DIRECTION('',(1.110223024625E-16,1.,1.110223024625E-16));
#2894 = PLANE('',#2895);
#2895 = AXIS2_PLACEMENT_3D('',#2896,#2897,#2898);
#2896 = CARTESIAN_POINT('',(3.4,25.8,15.));
#2897 = DIRECTION('',(0.,0.,1.));
#2898 = DIRECTION('',(1.110223024625E-16,1.,0.));
#2899 = ADVANCED_FACE('',(#2900),#2925,.T.);
#2900 = FACE_BOUND('',#2901,.T.);
#2901 = EDGE_LOOP('',(#2902,#2903,#2911,#2919));
#2902 = ORIENTED_EDGE('',*,*,#2889,.T.);
#2903 = ORIENTED_EDGE('',*,*,#2904,.T.);
#2904 = EDGE_CURVE('',#2882,#2905,#2907,.T.);
#2905 = VERTEX_POINT('',#2906);
#2906 = CARTESIAN_POINT('',(1.67431578065,28.6,12.1));
#2907 = LINE('',#2908,#2909);
#2908 = CARTESIAN_POINT('',(3.3486315613,28.6,15.));
#2909 = VECTOR('',#2910,1.);
#2910 = DIRECTION('',(-0.5,1.516592855504E-16,-0.866025403784));
#2911 = ORIENTED_EDGE('',*,*,#2912,.F.);
#2912 = EDGE_CURVE('',#2913,#2905,#2915,.T.);
#2913 = VERTEX_POINT('',#2914);
#2914 = CARTESIAN_POINT('',(1.67431578065,25.8,12.1));
#2915 = LINE('',#2916,#2917);
#2916 = CARTESIAN_POINT('',(1.67431578065,25.8,12.1));
#2917 = VECTOR('',#2918,1.);
#2918 = DIRECTION('',(1.110223024625E-16,1.,1.110223024625E-16));
#2919 = ORIENTED_EDGE('',*,*,#2920,.F.);
#2920 = EDGE_CURVE('',#2873,#2913,#2921,.T.);
#2921 = LINE('',#2922,#2923);
#2922 = CARTESIAN_POINT('',(3.3486315613,25.8,15.));
#2923 = VECTOR('',#2924,1.);
#2924 = DIRECTION('',(-0.5,1.516592855504E-16,-0.866025403784));
#2925 = PLANE('',#2926);
#2926 = AXIS2_PLACEMENT_3D('',#2927,#2928,#2929);
#2927 = CARTESIAN_POINT('',(3.3486315613,25.8,15.));
#2928 = DIRECTION('',(-0.866025403784,4.063698308792E-17,0.5));
#2929 = DIRECTION('',(-0.5,1.516592855504E-16,-0.866025403784));
#2930 = ADVANCED_FACE('',(#2931),#2956,.T.);
#2931 = FACE_BOUND('',#2932,.T.);
#2932 = EDGE_LOOP('',(#2933,#2934,#2942,#2950));
#2933 = ORIENTED_EDGE('',*,*,#2912,.T.);
#2934 = ORIENTED_EDGE('',*,*,#2935,.T.);
#2935 = EDGE_CURVE('',#2905,#2936,#2938,.T.);
#2936 = VERTEX_POINT('',#2937);
#2937 = CARTESIAN_POINT('',(-1.67431578065,28.6,12.1));
#2938 = LINE('',#2939,#2940);
#2939 = CARTESIAN_POINT('',(1.67431578065,28.6,12.1));
#2940 = VECTOR('',#2941,1.);
#2941 = DIRECTION('',(-1.,1.110223024625E-16,-3.978543489069E-16));
#2942 = ORIENTED_EDGE('',*,*,#2943,.F.);
#2943 = EDGE_CURVE('',#2944,#2936,#2946,.T.);
#2944 = VERTEX_POINT('',#2945);
#2945 = CARTESIAN_POINT('',(-1.67431578065,25.8,12.1));
#2946 = LINE('',#2947,#2948);
#2947 = CARTESIAN_POINT('',(-1.67431578065,25.8,12.1));
#2948 = VECTOR('',#2949,1.);
#2949 = DIRECTION('',(1.110223024625E-16,1.,1.110223024625E-16));
#2950 = ORIENTED_EDGE('',*,*,#2951,.F.);
#2951 = EDGE_CURVE('',#2913,#2944,#2952,.T.);
#2952 = LINE('',#2953,#2954);
#2953 = CARTESIAN_POINT('',(1.67431578065,25.8,12.1));
#2954 = VECTOR('',#2955,1.);
#2955 = DIRECTION('',(-1.,1.110223024625E-16,-3.978543489069E-16));
#2956 = PLANE('',#2957);
#2957 = AXIS2_PLACEMENT_3D('',#2958,#2959,#2960);
#2958 = CARTESIAN_POINT('',(1.67431578065,25.8,12.1));
#2959 = DIRECTION('',(-3.978543489069E-16,-1.110223024625E-16,1.));
#2960 = DIRECTION('',(-1.,1.110223024625E-16,-3.978543489069E-16));
#2961 = ADVANCED_FACE('',(#2962),#2987,.F.);
#2962 = FACE_BOUND('',#2963,.F.);
#2963 = EDGE_LOOP('',(#2964,#2972,#2980,#2986));
#2964 = ORIENTED_EDGE('',*,*,#2965,.F.);
#2965 = EDGE_CURVE('',#2966,#2350,#2968,.T.);
#2966 = VERTEX_POINT('',#2967);
#2967 = CARTESIAN_POINT('',(-3.4,28.6,15.));
#2968 = LINE('',#2969,#2970);
#2969 = CARTESIAN_POINT('',(-3.4,28.6,15.));
#2970 = VECTOR('',#2971,1.);
#2971 = DIRECTION('',(0.,0.,1.));
#2972 = ORIENTED_EDGE('',*,*,#2973,.F.);
#2973 = EDGE_CURVE('',#2974,#2966,#2976,.T.);
#2974 = VERTEX_POINT('',#2975);
#2975 = CARTESIAN_POINT('',(-3.4,25.8,15.));
#2976 = LINE('',#2977,#2978);
#2977 = CARTESIAN_POINT('',(-3.4,25.8,15.));
#2978 = VECTOR('',#2979,1.);
#2979 = DIRECTION('',(1.110223024625E-16,1.,0.));
#2980 = ORIENTED_EDGE('',*,*,#2981,.T.);
#2981 = EDGE_CURVE('',#2974,#2342,#2982,.T.);
#2982 = LINE('',#2983,#2984);
#2983 = CARTESIAN_POINT('',(-3.4,25.8,15.));
#2984 = VECTOR('',#2985,1.);
#2985 = DIRECTION('',(0.,0.,1.));
#2986 = ORIENTED_EDGE('',*,*,#2349,.F.);
#2987 = PLANE('',#2988);
#2988 = AXIS2_PLACEMENT_3D('',#2989,#2990,#2991);
#2989 = CARTESIAN_POINT('',(-3.4,25.8,15.));
#2990 = DIRECTION('',(-1.,1.110223024625E-16,0.));
#2991 = DIRECTION('',(0.,0.,1.));
#2992 = ADVANCED_FACE('',(#2993),#3018,.T.);
#2993 = FACE_BOUND('',#2994,.T.);
#2994 = EDGE_LOOP('',(#2995,#3003,#3011,#3017));
#2995 = ORIENTED_EDGE('',*,*,#2996,.F.);
#2996 = EDGE_CURVE('',#2997,#2974,#2999,.T.);
#2997 = VERTEX_POINT('',#2998);
#2998 = CARTESIAN_POINT('',(-3.3486315613,25.8,15.));
#2999 = LINE('',#3000,#3001);
#3000 = CARTESIAN_POINT('',(3.4,25.8,15.));
#3001 = VECTOR('',#3002,1.);
#3002 = DIRECTION('',(-1.,1.110223024625E-16,0.));
#3003 = ORIENTED_EDGE('',*,*,#3004,.T.);
#3004 = EDGE_CURVE('',#2997,#3005,#3007,.T.);
#3005 = VERTEX_POINT('',#3006);
#3006 = CARTESIAN_POINT('',(-3.3486315613,28.6,15.));
#3007 = LINE('',#3008,#3009);
#3008 = CARTESIAN_POINT('',(-3.3486315613,25.8,15.));
#3009 = VECTOR('',#3010,1.);
#3010 = DIRECTION('',(1.110223024625E-16,1.,1.110223024625E-16));
#3011 = ORIENTED_EDGE('',*,*,#3012,.T.);
#3012 = EDGE_CURVE('',#3005,#2966,#3013,.T.);
#3013 = LINE('',#3014,#3015);
#3014 = CARTESIAN_POINT('',(3.4,28.6,15.));
#3015 = VECTOR('',#3016,1.);
#3016 = DIRECTION('',(-1.,1.110223024625E-16,0.));
#3017 = ORIENTED_EDGE('',*,*,#2973,.F.);
#3018 = PLANE('',#3019);
#3019 = AXIS2_PLACEMENT_3D('',#3020,#3021,#3022);
#3020 = CARTESIAN_POINT('',(3.4,25.8,15.));
#3021 = DIRECTION('',(0.,0.,1.));
#3022 = DIRECTION('',(1.110223024625E-16,1.,0.));
#3023 = ADVANCED_FACE('',(#3024),#3040,.T.);
#3024 = FACE_BOUND('',#3025,.T.);
#3025 = EDGE_LOOP('',(#3026,#3027,#3033,#3034));
#3026 = ORIENTED_EDGE('',*,*,#2943,.T.);
#3027 = ORIENTED_EDGE('',*,*,#3028,.T.);
#3028 = EDGE_CURVE('',#2936,#3005,#3029,.T.);
#3029 = LINE('',#3030,#3031);
#3030 = CARTESIAN_POINT('',(-1.67431578065,28.6,12.1));
#3031 = VECTOR('',#3032,1.);
#3032 = DIRECTION('',(-0.5,-4.063698308792E-17,0.866025403784));
#3033 = ORIENTED_EDGE('',*,*,#3004,.F.);
#3034 = ORIENTED_EDGE('',*,*,#3035,.F.);
#3035 = EDGE_CURVE('',#2944,#2997,#3036,.T.);
#3036 = LINE('',#3037,#3038);
#3037 = CARTESIAN_POINT('',(-1.67431578065,25.8,12.1));
#3038 = VECTOR('',#3039,1.);
#3039 = DIRECTION('',(-0.5,-4.063698308792E-17,0.866025403784));
#3040 = PLANE('',#3041);
#3041 = AXIS2_PLACEMENT_3D('',#3042,#3043,#3044);
#3042 = CARTESIAN_POINT('',(-1.67431578065,25.8,12.1));
#3043 = DIRECTION('',(0.866025403784,-1.516592855504E-16,0.5));
#3044 = DIRECTION('',(-0.5,-4.063698308792E-17,0.866025403784));
#3045 = ADVANCED_FACE('',(#3046),#3071,.T.);
#3046 = FACE_BOUND('',#3047,.T.);
#3047 = EDGE_LOOP('',(#3048,#3056,#3064,#3070));
#3048 = ORIENTED_EDGE('',*,*,#3049,.F.);
#3049 = EDGE_CURVE('',#3050,#2366,#3052,.T.);
#3050 = VERTEX_POINT('',#3051);
#3051 = CARTESIAN_POINT('',(28.6,-3.4,15.));
#3052 = LINE('',#3053,#3054);
#3053 = CARTESIAN_POINT('',(28.6,-3.4,15.));
#3054 = VECTOR('',#3055,1.);
#3055 = DIRECTION('',(0.,0.,1.));
#3056 = ORIENTED_EDGE('',*,*,#3057,.F.);
#3057 = EDGE_CURVE('',#3058,#3050,#3060,.T.);
#3058 = VERTEX_POINT('',#3059);
#3059 = CARTESIAN_POINT('',(25.8,-3.4,15.));
#3060 = LINE('',#3061,#3062);
#3061 = CARTESIAN_POINT('',(25.8,-3.4,15.));
#3062 = VECTOR('',#3063,1.);
#3063 = DIRECTION('',(1.,0.,0.));
#3064 = ORIENTED_EDGE('',*,*,#3065,.T.);
#3065 = EDGE_CURVE('',#3058,#2368,#3066,.T.);
#3066 = LINE('',#3067,#3068);
#3067 = CARTESIAN_POINT('',(25.8,-3.4,15.));
#3068 = VECTOR('',#3069,1.);
#3069 = DIRECTION('',(0.,0.,1.));
#3070 = ORIENTED_EDGE('',*,*,#2365,.F.);
#3071 = PLANE('',#3072);
#3072 = AXIS2_PLACEMENT_3D('',#3073,#3074,#3075);
#3073 = CARTESIAN_POINT('',(25.8,-3.4,15.));
#3074 = DIRECTION('',(0.,1.,0.));
#3075 = DIRECTION('',(0.,0.,1.));
#3076 = ADVANCED_FACE('',(#3077),#3102,.T.);
#3077 = FACE_BOUND('',#3078,.T.);
#3078 = EDGE_LOOP('',(#3079,#3087,#3088,#3096));
#3079 = ORIENTED_EDGE('',*,*,#3080,.F.);
#3080 = EDGE_CURVE('',#3058,#3081,#3083,.T.);
#3081 = VERTEX_POINT('',#3082);
#3082 = CARTESIAN_POINT('',(25.8,-3.3486315613,15.));
#3083 = LINE('',#3084,#3085);
#3084 = CARTESIAN_POINT('',(25.8,-3.4,15.));
#3085 = VECTOR('',#3086,1.);
#3086 = DIRECTION('',(0.,1.,0.));
#3087 = ORIENTED_EDGE('',*,*,#3057,.T.);
#3088 = ORIENTED_EDGE('',*,*,#3089,.T.);
#3089 = EDGE_CURVE('',#3050,#3090,#3092,.T.);
#3090 = VERTEX_POINT('',#3091);
#3091 = CARTESIAN_POINT('',(28.6,-3.3486315613,15.));
#3092 = LINE('',#3093,#3094);
#3093 = CARTESIAN_POINT('',(28.6,-3.4,15.));
#3094 = VECTOR('',#3095,1.);
#3095 = DIRECTION('',(0.,1.,0.));
#3096 = ORIENTED_EDGE('',*,*,#3097,.F.);
#3097 = EDGE_CURVE('',#3081,#3090,#3098,.T.);
#3098 = LINE('',#3099,#3100);
#3099 = CARTESIAN_POINT('',(25.8,-3.3486315613,15.));
#3100 = VECTOR('',#3101,1.);
#3101 = DIRECTION('',(1.,0.,1.110223024625E-16));
#3102 = PLANE('',#3103);
#3103 = AXIS2_PLACEMENT_3D('',#3104,#3105,#3106);
#3104 = CARTESIAN_POINT('',(25.8,-3.4,15.));
#3105 = DIRECTION('',(0.,0.,1.));
#3106 = DIRECTION('',(1.,0.,0.));
#3107 = ADVANCED_FACE('',(#3108),#3133,.T.);
#3108 = FACE_BOUND('',#3109,.T.);
#3109 = EDGE_LOOP('',(#3110,#3111,#3119,#3127));
#3110 = ORIENTED_EDGE('',*,*,#3097,.T.);
#3111 = ORIENTED_EDGE('',*,*,#3112,.T.);
#3112 = EDGE_CURVE('',#3090,#3113,#3115,.T.);
#3113 = VERTEX_POINT('',#3114);
#3114 = CARTESIAN_POINT('',(28.6,-1.67431578065,12.1));
#3115 = LINE('',#3116,#3117);
#3116 = CARTESIAN_POINT('',(28.6,-3.3486315613,15.));
#3117 = VECTOR('',#3118,1.);
#3118 = DIRECTION('',(9.614813431918E-17,0.5,-0.866025403784));
#3119 = ORIENTED_EDGE('',*,*,#3120,.F.);
#3120 = EDGE_CURVE('',#3121,#3113,#3123,.T.);
#3121 = VERTEX_POINT('',#3122);
#3122 = CARTESIAN_POINT('',(25.8,-1.67431578065,12.1));
#3123 = LINE('',#3124,#3125);
#3124 = CARTESIAN_POINT('',(25.8,-1.67431578065,12.1));
#3125 = VECTOR('',#3126,1.);
#3126 = DIRECTION('',(1.,0.,1.110223024625E-16));
#3127 = ORIENTED_EDGE('',*,*,#3128,.F.);
#3128 = EDGE_CURVE('',#3081,#3121,#3129,.T.);
#3129 = LINE('',#3130,#3131);
#3130 = CARTESIAN_POINT('',(25.8,-3.3486315613,15.));
#3131 = VECTOR('',#3132,1.);
#3132 = DIRECTION('',(9.614813431918E-17,0.5,-0.866025403784));
#3133 = PLANE('',#3134);
#3134 = AXIS2_PLACEMENT_3D('',#3135,#3136,#3137);
#3135 = CARTESIAN_POINT('',(25.8,-3.3486315613,15.));
#3136 = DIRECTION('',(-5.551115123126E-17,0.866025403784,0.5));
#3137 = DIRECTION('',(9.614813431918E-17,0.5,-0.866025403784));
#3138 = ADVANCED_FACE('',(#3139),#3164,.T.);
#3139 = FACE_BOUND('',#3140,.T.);
#3140 = EDGE_LOOP('',(#3141,#3142,#3150,#3158));
#3141 = ORIENTED_EDGE('',*,*,#3120,.T.);
#3142 = ORIENTED_EDGE('',*,*,#3143,.T.);
#3143 = EDGE_CURVE('',#3113,#3144,#3146,.T.);
#3144 = VERTEX_POINT('',#3145);
#3145 = CARTESIAN_POINT('',(28.6,1.67431578065,12.1));
#3146 = LINE('',#3147,#3148);
#3147 = CARTESIAN_POINT('',(28.6,-1.67431578065,12.1));
#3148 = VECTOR('',#3149,1.);
#3149 = DIRECTION('',(4.417070586037E-32,1.,-3.978543489069E-16));
#3150 = ORIENTED_EDGE('',*,*,#3151,.F.);
#3151 = EDGE_CURVE('',#3152,#3144,#3154,.T.);
#3152 = VERTEX_POINT('',#3153);
#3153 = CARTESIAN_POINT('',(25.8,1.67431578065,12.1));
#3154 = LINE('',#3155,#3156);
#3155 = CARTESIAN_POINT('',(25.8,1.67431578065,12.1));
#3156 = VECTOR('',#3157,1.);
#3157 = DIRECTION('',(1.,0.,1.110223024625E-16));
#3158 = ORIENTED_EDGE('',*,*,#3159,.F.);
#3159 = EDGE_CURVE('',#3121,#3152,#3160,.T.);
#3160 = LINE('',#3161,#3162);
#3161 = CARTESIAN_POINT('',(25.8,-1.67431578065,12.1));
#3162 = VECTOR('',#3163,1.);
#3163 = DIRECTION('',(4.417070586037E-32,1.,-3.978543489069E-16));
#3164 = PLANE('',#3165);
#3165 = AXIS2_PLACEMENT_3D('',#3166,#3167,#3168);
#3166 = CARTESIAN_POINT('',(25.8,-1.67431578065,12.1));
#3167 = DIRECTION('',(-1.110223024625E-16,3.978543489069E-16,1.));
#3168 = DIRECTION('',(4.417070586037E-32,1.,-3.978543489069E-16));
#3169 = ADVANCED_FACE('',(#3170),#3195,.F.);
#3170 = FACE_BOUND('',#3171,.F.);
#3171 = EDGE_LOOP('',(#3172,#3180,#3188,#3194));
#3172 = ORIENTED_EDGE('',*,*,#3173,.F.);
#3173 = EDGE_CURVE('',#3174,#2384,#3176,.T.);
#3174 = VERTEX_POINT('',#3175);
#3175 = CARTESIAN_POINT('',(28.6,3.4,15.));
#3176 = LINE('',#3177,#3178);
#3177 = CARTESIAN_POINT('',(28.6,3.4,15.));
#3178 = VECTOR('',#3179,1.);
#3179 = DIRECTION('',(0.,0.,1.));
#3180 = ORIENTED_EDGE('',*,*,#3181,.F.);
#3181 = EDGE_CURVE('',#3182,#3174,#3184,.T.);
#3182 = VERTEX_POINT('',#3183);
#3183 = CARTESIAN_POINT('',(25.8,3.4,15.));
#3184 = LINE('',#3185,#3186);
#3185 = CARTESIAN_POINT('',(25.8,3.4,15.));
#3186 = VECTOR('',#3187,1.);
#3187 = DIRECTION('',(1.,0.,0.));
#3188 = ORIENTED_EDGE('',*,*,#3189,.T.);
#3189 = EDGE_CURVE('',#3182,#2376,#3190,.T.);
#3190 = LINE('',#3191,#3192);
#3191 = CARTESIAN_POINT('',(25.8,3.4,15.));
#3192 = VECTOR('',#3193,1.);
#3193 = DIRECTION('',(0.,0.,1.));
#3194 = ORIENTED_EDGE('',*,*,#2383,.F.);
#3195 = PLANE('',#3196);
#3196 = AXIS2_PLACEMENT_3D('',#3197,#3198,#3199);
#3197 = CARTESIAN_POINT('',(25.8,3.4,15.));
#3198 = DIRECTION('',(0.,1.,0.));
#3199 = DIRECTION('',(0.,0.,1.));
#3200 = ADVANCED_FACE('',(#3201),#3226,.T.);
#3201 = FACE_BOUND('',#3202,.T.);
#3202 = EDGE_LOOP('',(#3203,#3211,#3219,#3225));
#3203 = ORIENTED_EDGE('',*,*,#3204,.F.);
#3204 = EDGE_CURVE('',#3205,#3182,#3207,.T.);
#3205 = VERTEX_POINT('',#3206);
#3206 = CARTESIAN_POINT('',(25.8,3.3486315613,15.));
#3207 = LINE('',#3208,#3209);
#3208 = CARTESIAN_POINT('',(25.8,-3.4,15.));
#3209 = VECTOR('',#3210,1.);
#3210 = DIRECTION('',(0.,1.,0.));
#3211 = ORIENTED_EDGE('',*,*,#3212,.T.);
#3212 = EDGE_CURVE('',#3205,#3213,#3215,.T.);
#3213 = VERTEX_POINT('',#3214);
#3214 = CARTESIAN_POINT('',(28.6,3.3486315613,15.));
#3215 = LINE('',#3216,#3217);
#3216 = CARTESIAN_POINT('',(25.8,3.3486315613,15.));
#3217 = VECTOR('',#3218,1.);
#3218 = DIRECTION('',(1.,0.,1.110223024625E-16));
#3219 = ORIENTED_EDGE('',*,*,#3220,.T.);
#3220 = EDGE_CURVE('',#3213,#3174,#3221,.T.);
#3221 = LINE('',#3222,#3223);
#3222 = CARTESIAN_POINT('',(28.6,-3.4,15.));
#3223 = VECTOR('',#3224,1.);
#3224 = DIRECTION('',(0.,1.,0.));
#3225 = ORIENTED_EDGE('',*,*,#3181,.F.);
#3226 = PLANE('',#3227);
#3227 = AXIS2_PLACEMENT_3D('',#3228,#3229,#3230);
#3228 = CARTESIAN_POINT('',(25.8,-3.4,15.));
#3229 = DIRECTION('',(0.,0.,1.));
#3230 = DIRECTION('',(1.,0.,0.));
#3231 = ADVANCED_FACE('',(#3232),#3248,.T.);
#3232 = FACE_BOUND('',#3233,.T.);
#3233 = EDGE_LOOP('',(#3234,#3235,#3241,#3242));
#3234 = ORIENTED_EDGE('',*,*,#3151,.T.);
#3235 = ORIENTED_EDGE('',*,*,#3236,.T.);
#3236 = EDGE_CURVE('',#3144,#3213,#3237,.T.);
#3237 = LINE('',#3238,#3239);
#3238 = CARTESIAN_POINT('',(28.6,1.67431578065,12.1));
#3239 = VECTOR('',#3240,1.);
#3240 = DIRECTION('',(-9.614813431918E-17,0.5,0.866025403784));
#3241 = ORIENTED_EDGE('',*,*,#3212,.F.);
#3242 = ORIENTED_EDGE('',*,*,#3243,.F.);
#3243 = EDGE_CURVE('',#3152,#3205,#3244,.T.);
#3244 = LINE('',#3245,#3246);
#3245 = CARTESIAN_POINT('',(25.8,1.67431578065,12.1));
#3246 = VECTOR('',#3247,1.);
#3247 = DIRECTION('',(-9.614813431918E-17,0.5,0.866025403784));
#3248 = PLANE('',#3249);
#3249 = AXIS2_PLACEMENT_3D('',#3250,#3251,#3252);
#3250 = CARTESIAN_POINT('',(25.8,1.67431578065,12.1));
#3251 = DIRECTION('',(-5.551115123126E-17,-0.866025403784,0.5));
#3252 = DIRECTION('',(-9.614813431918E-17,0.5,0.866025403784));
#3253 = ADVANCED_FACE('',(#3254,#3264),#3268,.T.);
#3254 = FACE_BOUND('',#3255,.T.);
#3255 = EDGE_LOOP('',(#3256,#3257,#3258,#3259,#3260,#3261,#3262,#3263));
#3256 = ORIENTED_EDGE('',*,*,#2425,.T.);
#3257 = ORIENTED_EDGE('',*,*,#2289,.T.);
#3258 = ORIENTED_EDGE('',*,*,#2549,.F.);
#3259 = ORIENTED_EDGE('',*,*,#2596,.F.);
#3260 = ORIENTED_EDGE('',*,*,#2612,.F.);
#3261 = ORIENTED_EDGE('',*,*,#2519,.F.);
#3262 = ORIENTED_EDGE('',*,*,#2488,.F.);
#3263 = ORIENTED_EDGE('',*,*,#2465,.F.);
#3264 = FACE_BOUND('',#3265,.T.);
#3265 = EDGE_LOOP('',(#3266,#3267));
#3266 = ORIENTED_EDGE('',*,*,#2148,.T.);
#3267 = ORIENTED_EDGE('',*,*,#2129,.T.);
#3268 = PLANE('',#3269);
#3269 = AXIS2_PLACEMENT_3D('',#3270,#3271,#3272);
#3270 = CARTESIAN_POINT('',(-28.6,3.646546409445E-15,17.391528955982));
#3271 = DIRECTION('',(1.,0.,0.));
#3272 = DIRECTION('',(0.,0.,1.));
#3273 = ADVANCED_FACE('',(#3274,#3284),#3304,.T.);
#3274 = FACE_BOUND('',#3275,.T.);
#3275 = EDGE_LOOP('',(#3276,#3277,#3278,#3279,#3280,#3281,#3282,#3283));
#3276 = ORIENTED_EDGE('',*,*,#2441,.F.);
#3277 = ORIENTED_EDGE('',*,*,#2456,.T.);
#3278 = ORIENTED_EDGE('',*,*,#2504,.T.);
#3279 = ORIENTED_EDGE('',*,*,#2535,.T.);
#3280 = ORIENTED_EDGE('',*,*,#2619,.T.);
#3281 = ORIENTED_EDGE('',*,*,#2580,.T.);
#3282 = ORIENTED_EDGE('',*,*,#2565,.T.);
#3283 = ORIENTED_EDGE('',*,*,#2273,.F.);
#3284 = FACE_BOUND('',#3285,.T.);
#3285 = EDGE_LOOP('',(#3286,#3297));
#3286 = ORIENTED_EDGE('',*,*,#3287,.F.);
#3287 = EDGE_CURVE('',#3288,#3290,#3292,.T.);
#3288 = VERTEX_POINT('',#3289);
#3289 = CARTESIAN_POINT('',(-25.8,-1.7,15.));
#3290 = VERTEX_POINT('',#3291);
#3291 = CARTESIAN_POINT('',(-25.8,1.7,15.));
#3292 = CIRCLE('',#3293,1.7);
#3293 = AXIS2_PLACEMENT_3D('',#3294,#3295,#3296);
#3294 = CARTESIAN_POINT('',(-25.8,3.1595887418E-15,15.));
#3295 = DIRECTION('',(-1.,1.224646799147E-16,0.));
#3296 = DIRECTION('',(-1.224646799147E-16,-1.,0.));
#3297 = ORIENTED_EDGE('',*,*,#3298,.F.);
#3298 = EDGE_CURVE('',#3290,#3288,#3299,.T.);
#3299 = CIRCLE('',#3300,1.7);
#3300 = AXIS2_PLACEMENT_3D('',#3301,#3302,#3303);
#3301 = CARTESIAN_POINT('',(-25.8,3.1595887418E-15,15.));
#3302 = DIRECTION('',(-1.,1.224646799147E-16,0.));
#3303 = DIRECTION('',(-1.224646799147E-16,-1.,0.));
#3304 = PLANE('',#3305);
#3305 = AXIS2_PLACEMENT_3D('',#3306,#3307,#3308);
#3306 = CARTESIAN_POINT('',(-25.8,3.372612500775E-15,17.391528955982));
#3307 = DIRECTION('',(-1.,-0.,-0.));
#3308 = DIRECTION('',(0.,0.,-1.));
#3309 = ADVANCED_FACE('',(#3310),#3330,.F.);
#3310 = FACE_BOUND('',#3311,.F.);
#3311 = EDGE_LOOP('',(#3312,#3320,#3321,#3322,#3323));
#3312 = ORIENTED_EDGE('',*,*,#3313,.T.);
#3313 = EDGE_CURVE('',#3314,#3288,#3316,.T.);
#3314 = VERTEX_POINT('',#3315);
#3315 = CARTESIAN_POINT('',(-23.5,-1.7,15.));
#3316 = LINE('',#3317,#3318);
#3317 = CARTESIAN_POINT('',(-23.5,-1.7,15.));
#3318 = VECTOR('',#3319,1.);
#3319 = DIRECTION('',(-1.,1.224646799147E-16,0.));
#3320 = ORIENTED_EDGE('',*,*,#3298,.F.);
#3321 = ORIENTED_EDGE('',*,*,#3287,.F.);
#3322 = ORIENTED_EDGE('',*,*,#3313,.F.);
#3323 = ORIENTED_EDGE('',*,*,#3324,.T.);
#3324 = EDGE_CURVE('',#3314,#3314,#3325,.T.);
#3325 = CIRCLE('',#3326,1.7);
#3326 = AXIS2_PLACEMENT_3D('',#3327,#3328,#3329);
#3327 = CARTESIAN_POINT('',(-23.5,2.877919977996E-15,15.));
#3328 = DIRECTION('',(-1.,1.224646799147E-16,0.));
#3329 = DIRECTION('',(-1.224646799147E-16,-1.,0.));
#3330 = CYLINDRICAL_SURFACE('',#3331,1.7);
#3331 = AXIS2_PLACEMENT_3D('',#3332,#3333,#3334);
#3332 = CARTESIAN_POINT('',(-23.5,2.877919977996E-15,15.));
#3333 = DIRECTION('',(-1.,1.224646799147E-16,0.));
#3334 = DIRECTION('',(-1.224646799147E-16,-1.,0.));
#3335 = ADVANCED_FACE('',(#3336),#3339,.T.);
#3336 = FACE_BOUND('',#3337,.F.);
#3337 = EDGE_LOOP('',(#3338));
#3338 = ORIENTED_EDGE('',*,*,#3324,.F.);
#3339 = PLANE('',#3340);
#3340 = AXIS2_PLACEMENT_3D('',#3341,#3342,#3343);
#3341 = CARTESIAN_POINT('',(-23.5,2.877919977996E-15,15.));
#3342 = DIRECTION('',(-1.,1.224646799147E-16,0.));
#3343 = DIRECTION('',(-1.224646799147E-16,-1.,0.));
#3344 = ADVANCED_FACE('',(#3345,#3355),#3359,.T.);
#3345 = FACE_BOUND('',#3346,.T.);
#3346 = EDGE_LOOP('',(#3347,#3348,#3349,#3350,#3351,#3352,#3353,#3354));
#3347 = ORIENTED_EDGE('',*,*,#2841,.T.);
#3348 = ORIENTED_EDGE('',*,*,#2357,.T.);
#3349 = ORIENTED_EDGE('',*,*,#2965,.F.);
#3350 = ORIENTED_EDGE('',*,*,#3012,.F.);
#3351 = ORIENTED_EDGE('',*,*,#3028,.F.);
#3352 = ORIENTED_EDGE('',*,*,#2935,.F.);
#3353 = ORIENTED_EDGE('',*,*,#2904,.F.);
#3354 = ORIENTED_EDGE('',*,*,#2881,.F.);
#3355 = FACE_BOUND('',#3356,.T.);
#3356 = EDGE_LOOP('',(#3357,#3358));
#3357 = ORIENTED_EDGE('',*,*,#2095,.T.);
#3358 = ORIENTED_EDGE('',*,*,#2114,.T.);
#3359 = PLANE('',#3360);
#3360 = AXIS2_PLACEMENT_3D('',#3361,#3362,#3363);
#3361 = CARTESIAN_POINT('',(3.194987030974E-15,28.6,17.391528955982));
#3362 = DIRECTION('',(-0.,-1.,-0.));
#3363 = DIRECTION('',(0.,0.,-1.));
#3364 = ADVANCED_FACE('',(#3365,#3375),#3395,.T.);
#3365 = FACE_BOUND('',#3366,.T.);
#3366 = EDGE_LOOP('',(#3367,#3368,#3369,#3370,#3371,#3372,#3373,#3374));
#3367 = ORIENTED_EDGE('',*,*,#2857,.F.);
#3368 = ORIENTED_EDGE('',*,*,#2872,.T.);
#3369 = ORIENTED_EDGE('',*,*,#2920,.T.);
#3370 = ORIENTED_EDGE('',*,*,#2951,.T.);
#3371 = ORIENTED_EDGE('',*,*,#3035,.T.);
#3372 = ORIENTED_EDGE('',*,*,#2996,.T.);
#3373 = ORIENTED_EDGE('',*,*,#2981,.T.);
#3374 = ORIENTED_EDGE('',*,*,#2341,.F.);
#3375 = FACE_BOUND('',#3376,.T.);
#3376 = EDGE_LOOP('',(#3377,#3388));
#3377 = ORIENTED_EDGE('',*,*,#3378,.F.);
#3378 = EDGE_CURVE('',#3379,#3381,#3383,.T.);
#3379 = VERTEX_POINT('',#3380);
#3380 = CARTESIAN_POINT('',(-1.7,25.8,15.));
#3381 = VERTEX_POINT('',#3382);
#3382 = CARTESIAN_POINT('',(1.7,25.8,15.));
#3383 = CIRCLE('',#3384,1.7);
#3384 = AXIS2_PLACEMENT_3D('',#3385,#3386,#3387);
#3385 = CARTESIAN_POINT('',(1.5797943709E-15,25.8,15.));
#3386 = DIRECTION('',(6.123233995737E-17,1.,0.));
#3387 = DIRECTION('',(1.,-6.123233995737E-17,0.));
#3388 = ORIENTED_EDGE('',*,*,#3389,.F.);
#3389 = EDGE_CURVE('',#3381,#3379,#3390,.T.);
#3390 = CIRCLE('',#3391,1.7);
#3391 = AXIS2_PLACEMENT_3D('',#3392,#3393,#3394);
#3392 = CARTESIAN_POINT('',(1.5797943709E-15,25.8,15.));
#3393 = DIRECTION('',(6.123233995737E-17,1.,0.));
#3394 = DIRECTION('',(1.,-6.123233995737E-17,0.));
#3395 = PLANE('',#3396);
#3396 = AXIS2_PLACEMENT_3D('',#3397,#3398,#3399);
#3397 = CARTESIAN_POINT('',(2.849276078241E-15,25.8,17.391528955982));
#3398 = DIRECTION('',(0.,1.,0.));
#3399 = DIRECTION('',(0.,0.,1.));
#3400 = ADVANCED_FACE('',(#3401),#3421,.F.);
#3401 = FACE_BOUND('',#3402,.F.);
#3402 = EDGE_LOOP('',(#3403,#3411,#3412,#3413,#3414));
#3403 = ORIENTED_EDGE('',*,*,#3404,.T.);
#3404 = EDGE_CURVE('',#3405,#3381,#3407,.T.);
#3405 = VERTEX_POINT('',#3406);
#3406 = CARTESIAN_POINT('',(1.7,23.5,15.));
#3407 = LINE('',#3408,#3409);
#3408 = CARTESIAN_POINT('',(1.7,23.5,15.));
#3409 = VECTOR('',#3410,1.);
#3410 = DIRECTION('',(6.123233995737E-17,1.,6.016155777704E-49));
#3411 = ORIENTED_EDGE('',*,*,#3378,.F.);
#3412 = ORIENTED_EDGE('',*,*,#3389,.F.);
#3413 = ORIENTED_EDGE('',*,*,#3404,.F.);
#3414 = ORIENTED_EDGE('',*,*,#3415,.T.);
#3415 = EDGE_CURVE('',#3405,#3405,#3416,.T.);
#3416 = CIRCLE('',#3417,1.7);
#3417 = AXIS2_PLACEMENT_3D('',#3418,#3419,#3420);
#3418 = CARTESIAN_POINT('',(1.438959988998E-15,23.5,15.));
#3419 = DIRECTION('',(6.123233995737E-17,1.,0.));
#3420 = DIRECTION('',(1.,-6.123233995737E-17,0.));
#3421 = CYLINDRICAL_SURFACE('',#3422,1.7);
#3422 = AXIS2_PLACEMENT_3D('',#3423,#3424,#3425);
#3423 = CARTESIAN_POINT('',(1.438959988998E-15,23.5,15.));
#3424 = DIRECTION('',(6.123233995737E-17,1.,0.));
#3425 = DIRECTION('',(1.,-6.123233995737E-17,0.));
#3426 = ADVANCED_FACE('',(#3427),#3430,.T.);
#3427 = FACE_BOUND('',#3428,.F.);
#3428 = EDGE_LOOP('',(#3429));
#3429 = ORIENTED_EDGE('',*,*,#3415,.F.);
#3430 = PLANE('',#3431);
#3431 = AXIS2_PLACEMENT_3D('',#3432,#3433,#3434);
#3432 = CARTESIAN_POINT('',(1.438959988998E-15,23.5,15.));
#3433 = DIRECTION('',(6.123233995737E-17,1.,0.));
#3434 = DIRECTION('',(1.,-6.123233995737E-17,0.));
#3435 = ADVANCED_FACE('',(#3436,#3446),#3451,.T.);
#3436 = FACE_BOUND('',#3437,.T.);
#3437 = EDGE_LOOP('',(#3438,#3439,#3440,#3441,#3442,#3443,#3444,#3445));
#3438 = ORIENTED_EDGE('',*,*,#3049,.T.);
#3439 = ORIENTED_EDGE('',*,*,#2391,.T.);
#3440 = ORIENTED_EDGE('',*,*,#3173,.F.);
#3441 = ORIENTED_EDGE('',*,*,#3220,.F.);
#3442 = ORIENTED_EDGE('',*,*,#3236,.F.);
#3443 = ORIENTED_EDGE('',*,*,#3143,.F.);
#3444 = ORIENTED_EDGE('',*,*,#3112,.F.);
#3445 = ORIENTED_EDGE('',*,*,#3089,.F.);
#3446 = FACE_BOUND('',#3447,.T.);
#3447 = EDGE_LOOP('',(#3448,#3449,#3450));
#3448 = ORIENTED_EDGE('',*,*,#2051,.T.);
#3449 = ORIENTED_EDGE('',*,*,#2071,.T.);
#3450 = ORIENTED_EDGE('',*,*,#2080,.T.);
#3451 = PLANE('',#3452);
#3452 = AXIS2_PLACEMENT_3D('',#3453,#3454,#3455);
#3453 = CARTESIAN_POINT('',(28.6,-1.081198511833E-16,17.391528955982));
#3454 = DIRECTION('',(-1.,-0.,-0.));
#3455 = DIRECTION('',(0.,0.,-1.));
#3456 = ADVANCED_FACE('',(#3457,#3467),#3496,.T.);
#3457 = FACE_BOUND('',#3458,.T.);
#3458 = EDGE_LOOP('',(#3459,#3460,#3461,#3462,#3463,#3464,#3465,#3466));
#3459 = ORIENTED_EDGE('',*,*,#3065,.F.);
#3460 = ORIENTED_EDGE('',*,*,#3080,.T.);
#3461 = ORIENTED_EDGE('',*,*,#3128,.T.);
#3462 = ORIENTED_EDGE('',*,*,#3159,.T.);
#3463 = ORIENTED_EDGE('',*,*,#3243,.T.);
#3464 = ORIENTED_EDGE('',*,*,#3204,.T.);
#3465 = ORIENTED_EDGE('',*,*,#3189,.T.);
#3466 = ORIENTED_EDGE('',*,*,#2375,.F.);
#3467 = FACE_BOUND('',#3468,.T.);
#3468 = EDGE_LOOP('',(#3469,#3480,#3489));
#3469 = ORIENTED_EDGE('',*,*,#3470,.F.);
#3470 = EDGE_CURVE('',#3471,#3473,#3475,.T.);
#3471 = VERTEX_POINT('',#3472);
#3472 = CARTESIAN_POINT('',(25.8,1.7,15.));
#3473 = VERTEX_POINT('',#3474);
#3474 = CARTESIAN_POINT('',(25.8,4.163799117101E-16,16.7));
#3475 = CIRCLE('',#3476,1.7);
#3476 = AXIS2_PLACEMENT_3D('',#3477,#3478,#3479);
#3477 = CARTESIAN_POINT('',(25.8,0.,15.));
#3478 = DIRECTION('',(1.,0.,-0.));
#3479 = DIRECTION('',(0.,0.,1.));
#3480 = ORIENTED_EDGE('',*,*,#3481,.F.);
#3481 = EDGE_CURVE('',#3482,#3471,#3484,.T.);
#3482 = VERTEX_POINT('',#3483);
#3483 = CARTESIAN_POINT('',(25.8,-1.7,15.));
#3484 = CIRCLE('',#3485,1.7);
#3485 = AXIS2_PLACEMENT_3D('',#3486,#3487,#3488);
#3486 = CARTESIAN_POINT('',(25.8,0.,15.));
#3487 = DIRECTION('',(1.,0.,-0.));
#3488 = DIRECTION('',(0.,0.,1.));
#3489 = ORIENTED_EDGE('',*,*,#3490,.F.);
#3490 = EDGE_CURVE('',#3473,#3482,#3491,.T.);
#3491 = CIRCLE('',#3492,1.7);
#3492 = AXIS2_PLACEMENT_3D('',#3493,#3494,#3495);
#3493 = CARTESIAN_POINT('',(25.8,0.,15.));
#3494 = DIRECTION('',(1.,0.,-0.));
#3495 = DIRECTION('',(0.,0.,1.));
#3496 = PLANE('',#3497);
#3497 = AXIS2_PLACEMENT_3D('',#3498,#3499,#3500);
#3498 = CARTESIAN_POINT('',(25.8,1.74445474178E-16,17.391528955982));
#3499 = DIRECTION('',(1.,0.,0.));
#3500 = DIRECTION('',(0.,0.,1.));
#3501 = ADVANCED_FACE('',(#3502),#3523,.F.);
#3502 = FACE_BOUND('',#3503,.F.);
#3503 = EDGE_LOOP('',(#3504,#3512,#3513,#3514,#3515,#3516));
#3504 = ORIENTED_EDGE('',*,*,#3505,.T.);
#3505 = EDGE_CURVE('',#3506,#3473,#3508,.T.);
#3506 = VERTEX_POINT('',#3507);
#3507 = CARTESIAN_POINT('',(23.5,4.163799117101E-16,16.7));
#3508 = LINE('',#3509,#3510);
#3509 = CARTESIAN_POINT('',(23.5,4.163799117101E-16,16.7));
#3510 = VECTOR('',#3511,1.);
#3511 = DIRECTION('',(1.,0.,0.));
#3512 = ORIENTED_EDGE('',*,*,#3470,.F.);
#3513 = ORIENTED_EDGE('',*,*,#3481,.F.);
#3514 = ORIENTED_EDGE('',*,*,#3490,.F.);
#3515 = ORIENTED_EDGE('',*,*,#3505,.F.);
#3516 = ORIENTED_EDGE('',*,*,#3517,.T.);
#3517 = EDGE_CURVE('',#3506,#3506,#3518,.T.);
#3518 = CIRCLE('',#3519,1.7);
#3519 = AXIS2_PLACEMENT_3D('',#3520,#3521,#3522);
#3520 = CARTESIAN_POINT('',(23.5,0.,15.));
#3521 = DIRECTION('',(1.,0.,-0.));
#3522 = DIRECTION('',(0.,0.,1.));
#3523 = CYLINDRICAL_SURFACE('',#3524,1.7);
#3524 = AXIS2_PLACEMENT_3D('',#3525,#3526,#3527);
#3525 = CARTESIAN_POINT('',(23.5,0.,15.));
#3526 = DIRECTION('',(1.,0.,0.));
#3527 = DIRECTION('',(0.,0.,1.));
#3528 = ADVANCED_FACE('',(#3529),#3532,.T.);
#3529 = FACE_BOUND('',#3530,.F.);
#3530 = EDGE_LOOP('',(#3531));
#3531 = ORIENTED_EDGE('',*,*,#3517,.F.);
#3532 = PLANE('',#3533);
#3533 = AXIS2_PLACEMENT_3D('',#3534,#3535,#3536);
#3534 = CARTESIAN_POINT('',(23.5,0.,15.));
#3535 = DIRECTION('',(1.,0.,0.));
#3536 = DIRECTION('',(0.,0.,1.));
#3537 = ADVANCED_FACE('',(#3538,#3548),#3552,.T.);
#3538 = FACE_BOUND('',#3539,.T.);
#3539 = EDGE_LOOP('',(#3540,#3541,#3542,#3543,#3544,#3545,#3546,#3547));
#3540 = ORIENTED_EDGE('',*,*,#2633,.T.);
#3541 = ORIENTED_EDGE('',*,*,#2323,.T.);
#3542 = ORIENTED_EDGE('',*,*,#2757,.F.);
#3543 = ORIENTED_EDGE('',*,*,#2804,.F.);
#3544 = ORIENTED_EDGE('',*,*,#2820,.F.);
#3545 = ORIENTED_EDGE('',*,*,#2727,.F.);
#3546 = ORIENTED_EDGE('',*,*,#2696,.F.);
#3547 = ORIENTED_EDGE('',*,*,#2673,.F.);
#3548 = FACE_BOUND('',#3549,.T.);
#3549 = EDGE_LOOP('',(#3550,#3551));
#3550 = ORIENTED_EDGE('',*,*,#2163,.T.);
#3551 = ORIENTED_EDGE('',*,*,#2182,.T.);
#3552 = PLANE('',#3553);
#3553 = AXIS2_PLACEMENT_3D('',#3554,#3555,#3556);
#3554 = CARTESIAN_POINT('',(-6.398605478639E-15,-28.6,17.391528955982));
#3555 = DIRECTION('',(0.,1.,0.));
#3556 = DIRECTION('',(0.,0.,1.));
#3557 = ADVANCED_FACE('',(#3558,#3568),#3588,.T.);
#3558 = FACE_BOUND('',#3559,.T.);
#3559 = EDGE_LOOP('',(#3560,#3561,#3562,#3563,#3564,#3565,#3566,#3567));
#3560 = ORIENTED_EDGE('',*,*,#2649,.F.);
#3561 = ORIENTED_EDGE('',*,*,#2664,.T.);
#3562 = ORIENTED_EDGE('',*,*,#2712,.T.);
#3563 = ORIENTED_EDGE('',*,*,#2743,.T.);
#3564 = ORIENTED_EDGE('',*,*,#2827,.T.);
#3565 = ORIENTED_EDGE('',*,*,#2788,.T.);
#3566 = ORIENTED_EDGE('',*,*,#2773,.T.);
#3567 = ORIENTED_EDGE('',*,*,#2307,.F.);
#3568 = FACE_BOUND('',#3569,.T.);
#3569 = EDGE_LOOP('',(#3570,#3581));
#3570 = ORIENTED_EDGE('',*,*,#3571,.F.);
#3571 = EDGE_CURVE('',#3572,#3574,#3576,.T.);
#3572 = VERTEX_POINT('',#3573);
#3573 = CARTESIAN_POINT('',(1.7,-25.8,15.));
#3574 = VERTEX_POINT('',#3575);
#3575 = CARTESIAN_POINT('',(-1.7,-25.8,15.));
#3576 = CIRCLE('',#3577,1.7);
#3577 = AXIS2_PLACEMENT_3D('',#3578,#3579,#3580);
#3578 = CARTESIAN_POINT('',(-4.7393831127E-15,-25.8,15.));
#3579 = DIRECTION('',(-1.836970198721E-16,-1.,-0.));
#3580 = DIRECTION('',(-1.,1.836970198721E-16,0.));
#3581 = ORIENTED_EDGE('',*,*,#3582,.F.);
#3582 = EDGE_CURVE('',#3574,#3572,#3583,.T.);
#3583 = CIRCLE('',#3584,1.7);
#3584 = AXIS2_PLACEMENT_3D('',#3585,#3586,#3587);
#3585 = CARTESIAN_POINT('',(-4.7393831127E-15,-25.8,15.));
#3586 = DIRECTION('',(-1.836970198721E-16,-1.,-0.));
#3587 = DIRECTION('',(-1.,1.836970198721E-16,0.));
#3588 = PLANE('',#3589);
#3589 = AXIS2_PLACEMENT_3D('',#3590,#3591,#3592);
#3590 = CARTESIAN_POINT('',(-5.814849139268E-15,-25.8,17.391528955982));
#3591 = DIRECTION('',(-0.,-1.,-0.));
#3592 = DIRECTION('',(0.,0.,-1.));
#3593 = ADVANCED_FACE('',(#3594),#3614,.F.);
#3594 = FACE_BOUND('',#3595,.F.);
#3595 = EDGE_LOOP('',(#3596,#3604,#3605,#3606,#3607));
#3596 = ORIENTED_EDGE('',*,*,#3597,.T.);
#3597 = EDGE_CURVE('',#3598,#3574,#3600,.T.);
#3598 = VERTEX_POINT('',#3599);
#3599 = CARTESIAN_POINT('',(-1.7,-23.5,15.));
#3600 = LINE('',#3601,#3602);
#3601 = CARTESIAN_POINT('',(-1.7,-23.5,15.));
#3602 = VECTOR('',#3603,1.);
#3603 = DIRECTION('',(-1.836970198721E-16,-1.,-1.214140712162E-48));
#3604 = ORIENTED_EDGE('',*,*,#3571,.F.);
#3605 = ORIENTED_EDGE('',*,*,#3582,.F.);
#3606 = ORIENTED_EDGE('',*,*,#3597,.F.);
#3607 = ORIENTED_EDGE('',*,*,#3608,.T.);
#3608 = EDGE_CURVE('',#3598,#3598,#3609,.T.);
#3609 = CIRCLE('',#3610,1.7);
#3610 = AXIS2_PLACEMENT_3D('',#3611,#3612,#3613);
#3611 = CARTESIAN_POINT('',(-4.316879966994E-15,-23.5,15.));
#3612 = DIRECTION('',(-1.836970198721E-16,-1.,-0.));
#3613 = DIRECTION('',(-1.,1.836970198721E-16,0.));
#3614 = CYLINDRICAL_SURFACE('',#3615,1.7);
#3615 = AXIS2_PLACEMENT_3D('',#3616,#3617,#3618);
#3616 = CARTESIAN_POINT('',(-4.316879966994E-15,-23.5,15.));
#3617 = DIRECTION('',(-1.836970198721E-16,-1.,0.));
#3618 = DIRECTION('',(-1.,1.836970198721E-16,0.));
#3619 = ADVANCED_FACE('',(#3620),#3623,.T.);
#3620 = FACE_BOUND('',#3621,.F.);
#3621 = EDGE_LOOP('',(#3622));
#3622 = ORIENTED_EDGE('',*,*,#3608,.F.);
#3623 = PLANE('',#3624);
#3624 = AXIS2_PLACEMENT_3D('',#3625,#3626,#3627);
#3625 = CARTESIAN_POINT('',(-4.316879966994E-15,-23.5,15.));
#3626 = DIRECTION('',(-1.836970198721E-16,-1.,0.));
#3627 = DIRECTION('',(-1.,1.836970198721E-16,0.));
#3628 = ADVANCED_FACE('',(#3629),#3637,.F.);
#3629 = FACE_BOUND('',#3630,.F.);
#3630 = EDGE_LOOP('',(#3631,#3632,#3633,#3634,#3635,#3636));
#3631 = ORIENTED_EDGE('',*,*,#97,.T.);
#3632 = ORIENTED_EDGE('',*,*,#351,.T.);
#3633 = ORIENTED_EDGE('',*,*,#962,.F.);
#3634 = ORIENTED_EDGE('',*,*,#953,.F.);
#3635 = ORIENTED_EDGE('',*,*,#437,.F.);
#3636 = ORIENTED_EDGE('',*,*,#88,.T.);
#3637 = CYLINDRICAL_SURFACE('',#3638,25.6);
#3638 = AXIS2_PLACEMENT_3D('',#3639,#3640,#3641);
#3639 = CARTESIAN_POINT('',(0.,0.,-0.1));
#3640 = DIRECTION('',(0.,0.,1.));
#3641 = DIRECTION('',(1.,0.,0.));
#3642 = ADVANCED_FACE('',(#3643),#3655,.F.);
#3643 = FACE_BOUND('',#3644,.F.);
#3644 = EDGE_LOOP('',(#3645,#3646,#3647,#3648,#3649,#3650,#3651,#3652,
    #3653,#3654));
#3645 = ORIENTED_EDGE('',*,*,#829,.T.);
#3646 = ORIENTED_EDGE('',*,*,#405,.T.);
#3647 = ORIENTED_EDGE('',*,*,#1131,.F.);
#3648 = ORIENTED_EDGE('',*,*,#1448,.T.);
#3649 = ORIENTED_EDGE('',*,*,#2219,.F.);
#3650 = ORIENTED_EDGE('',*,*,#2228,.F.);
#3651 = ORIENTED_EDGE('',*,*,#1482,.F.);
#3652 = ORIENTED_EDGE('',*,*,#1210,.F.);
#3653 = ORIENTED_EDGE('',*,*,#491,.F.);
#3654 = ORIENTED_EDGE('',*,*,#820,.T.);
#3655 = CYLINDRICAL_SURFACE('',#3656,25.6);
#3656 = AXIS2_PLACEMENT_3D('',#3657,#3658,#3659);
#3657 = CARTESIAN_POINT('',(0.,0.,17.7));
#3658 = DIRECTION('',(0.,0.,1.));
#3659 = DIRECTION('',(1.,0.,0.));
#3660 = ADVANCED_FACE('',(#3661),#3669,.T.);
#3661 = FACE_BOUND('',#3662,.T.);
#3662 = EDGE_LOOP('',(#3663,#3664,#3665,#3666,#3667,#3668));
#3663 = ORIENTED_EDGE('',*,*,#2254,.F.);
#3664 = ORIENTED_EDGE('',*,*,#796,.F.);
#3665 = ORIENTED_EDGE('',*,*,#726,.T.);
#3666 = ORIENTED_EDGE('',*,*,#735,.T.);
#3667 = ORIENTED_EDGE('',*,*,#1081,.T.);
#3668 = ORIENTED_EDGE('',*,*,#2208,.F.);
#3669 = CYLINDRICAL_SURFACE('',#3670,3.2);
#3670 = AXIS2_PLACEMENT_3D('',#3671,#3672,#3673);
#3671 = CARTESIAN_POINT('',(-23.,12.,21.));
#3672 = DIRECTION('',(0.,0.,1.));
#3673 = DIRECTION('',(1.,0.,0.));
#3674 = ADVANCED_FACE('',(#3675),#3683,.T.);
#3675 = FACE_BOUND('',#3676,.T.);
#3676 = EDGE_LOOP('',(#3677,#3678,#3679,#3680,#3681,#3682));
#3677 = ORIENTED_EDGE('',*,*,#2237,.F.);
#3678 = ORIENTED_EDGE('',*,*,#1176,.F.);
#3679 = ORIENTED_EDGE('',*,*,#1226,.T.);
#3680 = ORIENTED_EDGE('',*,*,#1235,.T.);
#3681 = ORIENTED_EDGE('',*,*,#779,.T.);
#3682 = ORIENTED_EDGE('',*,*,#2246,.F.);
#3683 = CYLINDRICAL_SURFACE('',#3684,3.2);
#3684 = AXIS2_PLACEMENT_3D('',#3685,#3686,#3687);
#3685 = CARTESIAN_POINT('',(-23.,-12.,21.));
#3686 = DIRECTION('',(0.,0.,1.));
#3687 = DIRECTION('',(1.,0.,0.));
#3688 = ( GEOMETRIC_REPRESENTATION_CONTEXT(3) 
GLOBAL_UNCERTAINTY_ASSIGNED_CONTEXT((#3692)) 
GLOBAL_UNIT_ASSIGNED_CONTEXT((#3689,#3690,#3691)) REPRESENTATION_CONTEXT
('Context #1','3D Context with UNIT and UNCERTAINTY') );
#3689 = ( LENGTH_UNIT() NAMED_UNIT(*) SI_UNIT(.MILLI.,.METRE.) );
#3690 = ( NAMED_UNIT(*) PLANE_ANGLE_UNIT() SI_UNIT($,.RADIAN.) );
#3691 = ( NAMED_UNIT(*) SI_UNIT($,.STERADIAN.) SOLID_ANGLE_UNIT() );
#3692 = UNCERTAINTY_MEASURE_WITH_UNIT(LENGTH_MEASURE(1.E-07),#3689,
  'distance_accuracy_value','confusion accuracy');
#3693 = PRODUCT_RELATED_PRODUCT_CATEGORY('part',$,(#7));
ENDSEC;
END-ISO-10303-21;
