ISO-10303-21;
HEADER;
FILE_DESCRIPTION(('FreeCAD Model'),'2;1');
FILE_NAME('Open CASCADE Shape Model','2026-09-20T16:48:14',('FreeCAD'),(
    'FreeCAD'),'Open CASCADE STEP processor 7.8','FreeCAD','Unknown');
FILE_SCHEMA(('AUTOMOTIVE_DESIGN { 1 0 10303 214 1 1 1 1 }'));
ENDSEC;
DATA;
#1 = APPLICATION_PROTOCOL_DEFINITION('international standard',
  'automotive_design',2000,#2);
#2 = APPLICATION_CONTEXT(
  'core data for automotive mechanical design processes');
#3 = SHAPE_DEFINITION_REPRESENTATION(#4,#10);
#4 = PRODUCT_DEFINITION_SHAPE('','',#5);
#5 = PRODUCT_DEFINITION('design','',#6,#9);
#6 = PRODUCT_DEFINITION_FORMATION('','',#7);
#7 = PRODUCT('Open CASCADE STEP translator 7.8 5',
  'Open CASCADE STEP translator 7.8 5','',(#8));
#8 = PRODUCT_CONTEXT('',#2,'mechanical');
#9 = PRODUCT_DEFINITION_CONTEXT('part definition',#2,'design');
#10 = ADVANCED_BREP_SHAPE_REPRESENTATION('',(#11,#15),#10103);
#11 = AXIS2_PLACEMENT_3D('',#12,#13,#14);
#12 = CARTESIAN_POINT('',(0.,0.,0.));
#13 = DIRECTION('',(0.,0.,1.));
#14 = DIRECTION('',(1.,0.,-0.));
#15 = MANIFOLD_SOLID_BREP('',#16);
#16 = CLOSED_SHELL('',(#17,#57,#88,#429,#476,#493,#505,#529,#632,#656,
    #680,#752,#776,#848,#872,#944,#968,#1040,#1064,#1088,#1112,#1136,
    #1192,#1217,#1313,#1330,#1354,#1378,#1395,#1419,#1443,#1460,#1489,
    #1520,#1538,#2124,#2353,#2406,#2428,#2495,#2907,#2925,#2937,#2990,
    #3012,#3065,#3083,#3095,#3119,#3144,#3274,#3297,#3314,#3332,#3355,
    #3372,#3390,#3422,#3446,#3470,#3494,#3519,#3576,#3610,#3650,#3707,
    #4019,#4043,#4101,#4125,#4149,#4189,#4231,#4271,#4295,#4319,#4343,
    #4367,#4407,#4454,#4503,#4747,#4779,#4803,#4827,#4851,#4876,#4899,
    #4916,#4934,#4957,#4974,#4992,#5009,#5033,#5082,#5141,#5183,#5207,
    #5256,#5315,#5357,#5381,#5404,#5437,#5453,#5470,#5495,#5661,#5684,
    #5701,#5711,#5728,#5753,#5794,#5806,#5818,#5835,#5860,#5907,#5939,
    #5972,#5985,#6010,#6032,#6049,#6087,#6112,#6143,#6167,#6198,#6215,
    #6239,#6270,#6294,#6313,#6325,#6377,#6389,#6441,#6453,#6478,#6525,
    #6557,#6590,#6603,#6628,#6640,#6688,#6728,#6744,#6777,#6825,#6842,
    #6866,#6914,#6954,#6970,#6996,#7021,#7075,#7094,#7105,#7181,#7275,
    #7292,#7408,#7432,#7524,#7548,#7560,#7577,#7594,#7657,#7685,#7713,
    #7725,#7749,#7773,#7797,#7821,#7838,#7864,#7881,#7912,#7936,#7960,
    #7977,#8008,#8032,#8056,#8073,#8098,#8123,#8158,#8175,#8192,#8204,
    #8216,#8262,#8285,#8302,#8320,#8337,#8348,#8367,#8384,#8395,#8412,
    #8437,#8469,#8486,#8513,#8553,#8585,#8613,#8645,#8662,#8689,#8729,
    #8761,#8789,#8822,#8878,#8909,#8921,#8938,#8971,#9027,#9053,#9077,
    #9094,#9111,#9123,#9148,#9173,#9190,#9202,#9226,#9243,#9289,#9306,
    #9318,#9342,#9359,#9393,#9417,#9448,#9472,#9496,#9513,#9525,#9537,
    #9562,#9587,#9599,#9621,#9638,#9655,#9667,#9689,#9706,#9723,#9735,
    #9749,#9763,#9775,#9787,#9796,#9805,#9836,#9860,#9884,#9901,#9925,
    #9942,#9954,#9971,#9983,#10011,#10022,#10050,#10061,#10076,#10091));
#17 = ADVANCED_FACE('',(#18),#52,.F.);
#18 = FACE_BOUND('',#19,.F.);
#19 = EDGE_LOOP('',(#20,#30,#38,#46));
#20 = ORIENTED_EDGE('',*,*,#21,.F.);
#21 = EDGE_CURVE('',#22,#24,#26,.T.);
#22 = VERTEX_POINT('',#23);
#23 = CARTESIAN_POINT('',(-13.8,-26.4,24.1));
#24 = VERTEX_POINT('',#25);
#25 = CARTESIAN_POINT('',(-13.8,-15.6,24.1));
#26 = LINE('',#27,#28);
#27 = CARTESIAN_POINT('',(-13.8,-26.4,24.1));
#28 = VECTOR('',#29,1.);
#29 = DIRECTION('',(0.,1.,0.));
#30 = ORIENTED_EDGE('',*,*,#31,.F.);
#31 = EDGE_CURVE('',#32,#22,#34,.T.);
#32 = VERTEX_POINT('',#33);
#33 = CARTESIAN_POINT('',(-13.8,-26.4,22.1));
#34 = LINE('',#35,#36);
#35 = CARTESIAN_POINT('',(-13.8,-26.4,22.1));
#36 = VECTOR('',#37,1.);
#37 = DIRECTION('',(0.,0.,1.));
#38 = ORIENTED_EDGE('',*,*,#39,.T.);
#39 = EDGE_CURVE('',#32,#40,#42,.T.);
#40 = VERTEX_POINT('',#41);
#41 = CARTESIAN_POINT('',(-13.8,-15.6,22.1));
#42 = LINE('',#43,#44);
#43 = CARTESIAN_POINT('',(-13.8,-26.4,22.1));
#44 = VECTOR('',#45,1.);
#45 = DIRECTION('',(0.,1.,0.));
#46 = ORIENTED_EDGE('',*,*,#47,.F.);
#47 = EDGE_CURVE('',#24,#40,#48,.T.);
#48 = LINE('',#49,#50);
#49 = CARTESIAN_POINT('',(-13.8,-15.6,22.1));
#50 = VECTOR('',#51,1.);
#51 = DIRECTION('',(0.,0.,-1.));
#52 = PLANE('',#53);
#53 = AXIS2_PLACEMENT_3D('',#54,#55,#56);
#54 = CARTESIAN_POINT('',(-13.8,-26.4,22.1));
#55 = DIRECTION('',(1.,0.,0.));
#56 = DIRECTION('',(0.,0.,1.));
#57 = ADVANCED_FACE('',(#58),#83,.T.);
#58 = FACE_BOUND('',#59,.T.);
#59 = EDGE_LOOP('',(#60,#61,#69,#77));
#60 = ORIENTED_EDGE('',*,*,#21,.F.);
#61 = ORIENTED_EDGE('',*,*,#62,.T.);
#62 = EDGE_CURVE('',#22,#63,#65,.T.);
#63 = VERTEX_POINT('',#64);
#64 = CARTESIAN_POINT('',(13.8,-26.4,24.1));
#65 = LINE('',#66,#67);
#66 = CARTESIAN_POINT('',(-13.8,-26.4,24.1));
#67 = VECTOR('',#68,1.);
#68 = DIRECTION('',(1.,0.,0.));
#69 = ORIENTED_EDGE('',*,*,#70,.T.);
#70 = EDGE_CURVE('',#63,#71,#73,.T.);
#71 = VERTEX_POINT('',#72);
#72 = CARTESIAN_POINT('',(13.8,-15.6,24.1));
#73 = LINE('',#74,#75);
#74 = CARTESIAN_POINT('',(13.8,-26.4,24.1));
#75 = VECTOR('',#76,1.);
#76 = DIRECTION('',(0.,1.,0.));
#77 = ORIENTED_EDGE('',*,*,#78,.F.);
#78 = EDGE_CURVE('',#24,#71,#79,.T.);
#79 = LINE('',#80,#81);
#80 = CARTESIAN_POINT('',(-14.55,-15.6,24.1));
#81 = VECTOR('',#82,1.);
#82 = DIRECTION('',(1.,0.,0.));
#83 = PLANE('',#84);
#84 = AXIS2_PLACEMENT_3D('',#85,#86,#87);
#85 = CARTESIAN_POINT('',(-13.8,-26.4,24.1));
#86 = DIRECTION('',(0.,0.,1.));
#87 = DIRECTION('',(1.,0.,0.));
#88 = ADVANCED_FACE('',(#89,#356,#390),#424,.T.);
#89 = FACE_BOUND('',#90,.T.);
#90 = EDGE_LOOP('',(#91,#101,#107,#108,#109,#117,#125,#133,#230,#238,
    #246,#254,#262,#270,#278,#286,#294,#302,#310,#318,#326,#334,#342,
    #350));
#91 = ORIENTED_EDGE('',*,*,#92,.F.);
#92 = EDGE_CURVE('',#93,#95,#97,.T.);
#93 = VERTEX_POINT('',#94);
#94 = CARTESIAN_POINT('',(-15.3,-15.6,22.1));
#95 = VERTEX_POINT('',#96);
#96 = CARTESIAN_POINT('',(-15.3,-15.6,29.5));
#97 = LINE('',#98,#99);
#98 = CARTESIAN_POINT('',(-15.3,-15.6,22.1));
#99 = VECTOR('',#100,1.);
#100 = DIRECTION('',(0.,0.,1.));
#101 = ORIENTED_EDGE('',*,*,#102,.T.);
#102 = EDGE_CURVE('',#93,#40,#103,.T.);
#103 = LINE('',#104,#105);
#104 = CARTESIAN_POINT('',(-15.3,-15.6,22.1));
#105 = VECTOR('',#106,1.);
#106 = DIRECTION('',(1.,0.,0.));
#107 = ORIENTED_EDGE('',*,*,#47,.F.);
#108 = ORIENTED_EDGE('',*,*,#78,.T.);
#109 = ORIENTED_EDGE('',*,*,#110,.T.);
#110 = EDGE_CURVE('',#71,#111,#113,.T.);
#111 = VERTEX_POINT('',#112);
#112 = CARTESIAN_POINT('',(13.8,-15.6,22.1));
#113 = LINE('',#114,#115);
#114 = CARTESIAN_POINT('',(13.8,-15.6,22.1));
#115 = VECTOR('',#116,1.);
#116 = DIRECTION('',(0.,0.,-1.));
#117 = ORIENTED_EDGE('',*,*,#118,.T.);
#118 = EDGE_CURVE('',#111,#119,#121,.T.);
#119 = VERTEX_POINT('',#120);
#120 = CARTESIAN_POINT('',(15.3,-15.6,22.1));
#121 = LINE('',#122,#123);
#122 = CARTESIAN_POINT('',(-15.3,-15.6,22.1));
#123 = VECTOR('',#124,1.);
#124 = DIRECTION('',(1.,0.,0.));
#125 = ORIENTED_EDGE('',*,*,#126,.T.);
#126 = EDGE_CURVE('',#119,#127,#129,.T.);
#127 = VERTEX_POINT('',#128);
#128 = CARTESIAN_POINT('',(15.3,-15.6,30.539441723796));
#129 = LINE('',#130,#131);
#130 = CARTESIAN_POINT('',(15.3,-15.6,22.1));
#131 = VECTOR('',#132,1.);
#132 = DIRECTION('',(0.,0.,1.));
#133 = ORIENTED_EDGE('',*,*,#134,.F.);
#134 = EDGE_CURVE('',#135,#127,#137,.T.);
#135 = VERTEX_POINT('',#136);
#136 = CARTESIAN_POINT('',(15.3,-15.6,35.374840819271));
#137 = B_SPLINE_CURVE_WITH_KNOTS('',6,(#138,#139,#140,#141,#142,#143,
    #144,#145,#146,#147,#148,#149,#150,#151,#152,#153,#154,#155,#156,
    #157,#158,#159,#160,#161,#162,#163,#164,#165,#166,#167,#168,#169,
    #170,#171,#172,#173,#174,#175,#176,#177,#178,#179,#180,#181,#182,
    #183,#184,#185,#186,#187,#188,#189,#190,#191,#192,#193,#194,#195,
    #196,#197,#198,#199,#200,#201,#202,#203,#204,#205,#206,#207,#208,
    #209,#210,#211,#212,#213,#214,#215,#216,#217,#218,#219,#220,#221,
    #222,#223,#224,#225,#226,#227,#228,#229),.UNSPECIFIED.,.F.,.F.,(7,5,
    5,5,5,5,5,5,5,5,5,5,5,5,5,5,5,5,7),(0.,4.303971010513E-02,
    0.119607930078,0.17489881101,0.201588543223,0.248169187931,
    0.300257175878,0.337594816339,0.364262263963,0.432171600635,
    0.526816780594,0.572076645053,0.647458240378,0.725877366894,
    0.77343638256,0.805900429733,0.880741018783,0.939127435847,1.),
  .UNSPECIFIED.);
#138 = CARTESIAN_POINT('',(18.36,-15.6,35.628041137021));
#139 = CARTESIAN_POINT('',(18.287002772854,-15.6,35.674322483548));
#140 = CARTESIAN_POINT('',(18.212300489088,-15.6,35.71785467035));
#141 = CARTESIAN_POINT('',(18.135992131781,-15.6,35.758509838306));
#142 = CARTESIAN_POINT('',(18.058188937952,-15.6,35.796161816244));
#143 = CARTESIAN_POINT('',(17.979016326105,-15.6,35.830690483103));
#144 = CARTESIAN_POINT('',(17.755582254706,-15.6,35.917661504699));
#145 = CARTESIAN_POINT('',(17.60863460807,-15.6,35.963115743534));
#146 = CARTESIAN_POINT('',(17.458616058286,-15.6,35.997705397867));
#147 = CARTESIAN_POINT('',(17.306461476414,-15.6,36.020950557042));
#148 = CARTESIAN_POINT('',(17.15319946064,-15.6,36.032568841666));
#149 = CARTESIAN_POINT('',(16.889303054854,-15.6,36.032564438534));
#150 = CARTESIAN_POINT('',(16.778641484387,-15.6,36.02650284678));
#151 = CARTESIAN_POINT('',(16.668391176452,-15.6,36.014381002157));
#152 = CARTESIAN_POINT('',(16.558948134447,-15.6,35.996272219258));
#153 = CARTESIAN_POINT('',(16.450687866965,-15.6,35.972313636433));
#154 = CARTESIAN_POINT('',(16.292448632477,-15.6,35.928399448024));
#155 = CARTESIAN_POINT('',(16.241288929293,-15.6,35.912783633427));
#156 = CARTESIAN_POINT('',(16.190524819318,-15.6,35.895870128427));
#157 = CARTESIAN_POINT('',(16.140192896868,-15.6,35.877682294952));
#158 = CARTESIAN_POINT('',(16.09032765832,-15.6,35.858245502153));
#159 = CARTESIAN_POINT('',(15.954804497435,-15.6,35.801532794599));
#160 = CARTESIAN_POINT('',(15.870167430506,-15.6,35.761757126028));
#161 = CARTESIAN_POINT('',(15.787222402876,-15.6,35.718404266407));
#162 = CARTESIAN_POINT('',(15.706119727082,-15.6,35.671630607092));
#163 = CARTESIAN_POINT('',(15.626990851015,-15.6,35.621598717465));
#164 = CARTESIAN_POINT('',(15.463803137457,-15.6,35.509062450342));
#165 = CARTESIAN_POINT('',(15.38026779234,-15.6,35.445782984661));
#166 = CARTESIAN_POINT('',(15.299504282232,-15.6,35.378859379319));
#167 = CARTESIAN_POINT('',(15.22164819887,-15.6,35.308518562475));
#168 = CARTESIAN_POINT('',(15.146815797821,-15.6,35.234982831295));
#169 = CARTESIAN_POINT('',(15.023706695928,-15.6,35.103615235202));
#170 = CARTESIAN_POINT('',(14.973911200436,-15.6,35.047233536303));
#171 = CARTESIAN_POINT('',(14.925758554009,-15.6,34.989398325963));
#172 = CARTESIAN_POINT('',(14.879282867845,-15.6,34.930186401247));
#173 = CARTESIAN_POINT('',(14.834515429712,-15.6,34.869672725469));
#174 = CARTESIAN_POINT('',(14.760751116836,-15.6,34.763832583278));
#175 = CARTESIAN_POINT('',(14.730903555452,-15.6,34.719108042209));
#176 = CARTESIAN_POINT('',(14.701952480924,-15.6,34.673783435904));
#177 = CARTESIAN_POINT('',(14.673907882007,-15.6,34.6278850248));
#178 = CARTESIAN_POINT('',(14.646779275082,-15.6,34.581438698854));
#179 = CARTESIAN_POINT('',(14.553847641357,-15.6,34.414862928787));
#180 = CARTESIAN_POINT('',(14.493119399147,-15.6,34.291870343129));
#181 = CARTESIAN_POINT('',(14.438538491233,-15.6,34.165910020332));
#182 = CARTESIAN_POINT('',(14.390240361436,-15.6,34.037393857807));
#183 = CARTESIAN_POINT('',(14.348347060866,-15.6,33.906729038566));
#184 = CARTESIAN_POINT('',(14.263655268768,-15.6,33.589779775871));
#185 = CARTESIAN_POINT('',(14.226995594076,-15.6,33.401857839833));
#186 = CARTESIAN_POINT('',(14.203277944161,-15.6,33.211648503004));
#187 = CARTESIAN_POINT('',(14.19274795461,-15.6,33.020278770133));
#188 = CARTESIAN_POINT('',(14.195577135004,-15.6,32.828911855589));
#189 = CARTESIAN_POINT('',(14.219608347942,-15.6,32.547815704874));
#190 = CARTESIAN_POINT('',(14.230452940919,-15.6,32.457157192363));
#191 = CARTESIAN_POINT('',(14.244375777556,-15.6,32.366908945738));
#192 = CARTESIAN_POINT('',(14.261378067341,-15.6,32.277206391245));
#193 = CARTESIAN_POINT('',(14.281454381112,-15.6,32.188187378265));
#194 = CARTESIAN_POINT('',(14.343130099674,-15.6,31.953100559643));
#195 = CARTESIAN_POINT('',(14.390161525732,-15.6,31.808491882385));
#196 = CARTESIAN_POINT('',(14.445627194906,-15.6,31.666817851172));
#197 = CARTESIAN_POINT('',(14.509409321514,-15.6,31.528743174894));
#198 = CARTESIAN_POINT('',(14.581318958351,-15.6,31.394938813781));
#199 = CARTESIAN_POINT('',(14.744060933752,-15.6,31.132019027944));
#200 = CARTESIAN_POINT('',(14.835542635593,-15.6,31.003304219782));
#201 = CARTESIAN_POINT('',(14.935215880788,-15.6,30.880691360945));
#202 = CARTESIAN_POINT('',(15.042679419638,-15.6,30.764921216126));
#203 = CARTESIAN_POINT('',(15.157430730041,-15.6,30.656700456486));
#204 = CARTESIAN_POINT('',(15.35249364352,-15.6,30.496032205327));
#205 = CARTESIAN_POINT('',(15.428588746475,-15.6,30.438394611694));
#206 = CARTESIAN_POINT('',(15.507002261821,-15.6,30.383920727782));
#207 = CARTESIAN_POINT('',(15.587585042873,-15.6,30.332747285387));
#208 = CARTESIAN_POINT('',(15.670175201518,-15.6,30.285000326925));
#209 = CARTESIAN_POINT('',(15.812224767466,-15.6,30.21061840154));
#210 = CARTESIAN_POINT('',(15.870705987267,-15.6,30.18209239075));
#211 = CARTESIAN_POINT('',(15.929985678903,-15.6,30.155252191975));
#212 = CARTESIAN_POINT('',(15.990006066659,-15.6,30.130130966066));
#213 = CARTESIAN_POINT('',(16.050707162527,-15.6,30.106758741928));
#214 = CARTESIAN_POINT('',(16.253389155047,-15.6,30.035375595258));
#215 = CARTESIAN_POINT('',(16.398046405204,-15.6,29.99502449268));
#216 = CARTESIAN_POINT('',(16.54522355764,-15.6,29.964441604424));
#217 = CARTESIAN_POINT('',(16.694113728294,-15.6,29.943854626762));
#218 = CARTESIAN_POINT('',(16.843881444151,-15.6,29.933381411138));
#219 = CARTESIAN_POINT('',(17.110519446784,-15.6,29.932746803358));
#220 = CARTESIAN_POINT('',(17.227389580915,-15.6,29.938625779003));
#221 = CARTESIAN_POINT('',(17.343870416508,-15.6,29.950662905258));
#222 = CARTESIAN_POINT('',(17.459563201109,-15.6,29.968816666627));
#223 = CARTESIAN_POINT('',(17.574077316185,-15.6,29.993004099481));
#224 = CARTESIAN_POINT('',(17.804794760161,-15.6,30.054481331344));
#225 = CARTESIAN_POINT('',(17.920866823513,-15.6,30.092286379293));
#226 = CARTESIAN_POINT('',(18.034815419939,-15.6,30.136377183294));
#227 = CARTESIAN_POINT('',(18.146235290313,-15.6,30.186570718407));
#228 = CARTESIAN_POINT('',(18.25474765766,-15.6,30.24264444317));
#229 = CARTESIAN_POINT('',(18.36,-15.6,30.304339928408));
#230 = ORIENTED_EDGE('',*,*,#231,.T.);
#231 = EDGE_CURVE('',#135,#232,#234,.T.);
#232 = VERTEX_POINT('',#233);
#233 = CARTESIAN_POINT('',(15.3,-15.6,42.4));
#234 = LINE('',#235,#236);
#235 = CARTESIAN_POINT('',(15.3,-15.6,22.1));
#236 = VECTOR('',#237,1.);
#237 = DIRECTION('',(0.,0.,1.));
#238 = ORIENTED_EDGE('',*,*,#239,.T.);
#239 = EDGE_CURVE('',#232,#240,#242,.T.);
#240 = VERTEX_POINT('',#241);
#241 = CARTESIAN_POINT('',(14.,-15.6,42.4));
#242 = LINE('',#243,#244);
#243 = CARTESIAN_POINT('',(-0.65,-15.6,42.4));
#244 = VECTOR('',#245,1.);
#245 = DIRECTION('',(-1.,0.,0.));
#246 = ORIENTED_EDGE('',*,*,#247,.F.);
#247 = EDGE_CURVE('',#248,#240,#250,.T.);
#248 = VERTEX_POINT('',#249);
#249 = CARTESIAN_POINT('',(14.,-15.6,29.5));
#250 = LINE('',#251,#252);
#251 = CARTESIAN_POINT('',(14.,-15.6,25.75));
#252 = VECTOR('',#253,1.);
#253 = DIRECTION('',(0.,0.,1.));
#254 = ORIENTED_EDGE('',*,*,#255,.T.);
#255 = EDGE_CURVE('',#248,#256,#258,.T.);
#256 = VERTEX_POINT('',#257);
#257 = CARTESIAN_POINT('',(13.9,-15.6,29.5));
#258 = LINE('',#259,#260);
#259 = CARTESIAN_POINT('',(-23.15,-15.6,29.5));
#260 = VECTOR('',#261,1.);
#261 = DIRECTION('',(-1.,0.,0.));
#262 = ORIENTED_EDGE('',*,*,#263,.T.);
#263 = EDGE_CURVE('',#256,#264,#266,.T.);
#264 = VERTEX_POINT('',#265);
#265 = CARTESIAN_POINT('',(13.9,-15.6,51.9));
#266 = LINE('',#267,#268);
#267 = CARTESIAN_POINT('',(13.9,-15.6,24.1));
#268 = VECTOR('',#269,1.);
#269 = DIRECTION('',(0.,0.,1.));
#270 = ORIENTED_EDGE('',*,*,#271,.F.);
#271 = EDGE_CURVE('',#272,#264,#274,.T.);
#272 = VERTEX_POINT('',#273);
#273 = CARTESIAN_POINT('',(11.2,-15.6,51.9));
#274 = LINE('',#275,#276);
#275 = CARTESIAN_POINT('',(-13.9,-15.6,51.9));
#276 = VECTOR('',#277,1.);
#277 = DIRECTION('',(1.,0.,0.));
#278 = ORIENTED_EDGE('',*,*,#279,.F.);
#279 = EDGE_CURVE('',#280,#272,#282,.T.);
#280 = VERTEX_POINT('',#281);
#281 = CARTESIAN_POINT('',(11.2,-15.6,52.3));
#282 = LINE('',#283,#284);
#283 = CARTESIAN_POINT('',(11.2,-15.6,36.55));
#284 = VECTOR('',#285,1.);
#285 = DIRECTION('',(0.,0.,-1.));
#286 = ORIENTED_EDGE('',*,*,#287,.F.);
#287 = EDGE_CURVE('',#288,#280,#290,.T.);
#288 = VERTEX_POINT('',#289);
#289 = CARTESIAN_POINT('',(8.8,-15.6,52.3));
#290 = LINE('',#291,#292);
#291 = CARTESIAN_POINT('',(-15.3,-15.6,52.3));
#292 = VECTOR('',#293,1.);
#293 = DIRECTION('',(1.,0.,0.));
#294 = ORIENTED_EDGE('',*,*,#295,.F.);
#295 = EDGE_CURVE('',#296,#288,#298,.T.);
#296 = VERTEX_POINT('',#297);
#297 = CARTESIAN_POINT('',(8.8,-15.6,51.9));
#298 = LINE('',#299,#300);
#299 = CARTESIAN_POINT('',(8.8,-15.6,36.55));
#300 = VECTOR('',#301,1.);
#301 = DIRECTION('',(0.,0.,1.));
#302 = ORIENTED_EDGE('',*,*,#303,.F.);
#303 = EDGE_CURVE('',#304,#296,#306,.T.);
#304 = VERTEX_POINT('',#305);
#305 = CARTESIAN_POINT('',(-8.8,-15.6,51.9));
#306 = LINE('',#307,#308);
#307 = CARTESIAN_POINT('',(-13.9,-15.6,51.9));
#308 = VECTOR('',#309,1.);
#309 = DIRECTION('',(1.,0.,0.));
#310 = ORIENTED_EDGE('',*,*,#311,.F.);
#311 = EDGE_CURVE('',#312,#304,#314,.T.);
#312 = VERTEX_POINT('',#313);
#313 = CARTESIAN_POINT('',(-8.8,-15.6,52.3));
#314 = LINE('',#315,#316);
#315 = CARTESIAN_POINT('',(-8.8,-15.6,36.55));
#316 = VECTOR('',#317,1.);
#317 = DIRECTION('',(0.,0.,-1.));
#318 = ORIENTED_EDGE('',*,*,#319,.F.);
#319 = EDGE_CURVE('',#320,#312,#322,.T.);
#320 = VERTEX_POINT('',#321);
#321 = CARTESIAN_POINT('',(-11.2,-15.6,52.3));
#322 = LINE('',#323,#324);
#323 = CARTESIAN_POINT('',(-15.3,-15.6,52.3));
#324 = VECTOR('',#325,1.);
#325 = DIRECTION('',(1.,0.,0.));
#326 = ORIENTED_EDGE('',*,*,#327,.F.);
#327 = EDGE_CURVE('',#328,#320,#330,.T.);
#328 = VERTEX_POINT('',#329);
#329 = CARTESIAN_POINT('',(-11.2,-15.6,51.9));
#330 = LINE('',#331,#332);
#331 = CARTESIAN_POINT('',(-11.2,-15.6,36.55));
#332 = VECTOR('',#333,1.);
#333 = DIRECTION('',(0.,0.,1.));
#334 = ORIENTED_EDGE('',*,*,#335,.F.);
#335 = EDGE_CURVE('',#336,#328,#338,.T.);
#336 = VERTEX_POINT('',#337);
#337 = CARTESIAN_POINT('',(-13.9,-15.6,51.9));
#338 = LINE('',#339,#340);
#339 = CARTESIAN_POINT('',(-13.9,-15.6,51.9));
#340 = VECTOR('',#341,1.);
#341 = DIRECTION('',(1.,0.,0.));
#342 = ORIENTED_EDGE('',*,*,#343,.F.);
#343 = EDGE_CURVE('',#344,#336,#346,.T.);
#344 = VERTEX_POINT('',#345);
#345 = CARTESIAN_POINT('',(-13.9,-15.6,29.5));
#346 = LINE('',#347,#348);
#347 = CARTESIAN_POINT('',(-13.9,-15.6,24.1));
#348 = VECTOR('',#349,1.);
#349 = DIRECTION('',(0.,0.,1.));
#350 = ORIENTED_EDGE('',*,*,#351,.T.);
#351 = EDGE_CURVE('',#344,#95,#352,.T.);
#352 = LINE('',#353,#354);
#353 = CARTESIAN_POINT('',(-23.15,-15.6,29.5));
#354 = VECTOR('',#355,1.);
#355 = DIRECTION('',(-1.,0.,0.));
#356 = FACE_BOUND('',#357,.T.);
#357 = EDGE_LOOP('',(#358,#368,#376,#384));
#358 = ORIENTED_EDGE('',*,*,#359,.T.);
#359 = EDGE_CURVE('',#360,#362,#364,.T.);
#360 = VERTEX_POINT('',#361);
#361 = CARTESIAN_POINT('',(-10.6,-15.6,29.5));
#362 = VERTEX_POINT('',#363);
#363 = CARTESIAN_POINT('',(-10.6,-15.6,28.5));
#364 = LINE('',#365,#366);
#365 = CARTESIAN_POINT('',(-10.6,-15.6,25.3));
#366 = VECTOR('',#367,1.);
#367 = DIRECTION('',(0.,0.,-1.));
#368 = ORIENTED_EDGE('',*,*,#369,.F.);
#369 = EDGE_CURVE('',#370,#362,#372,.T.);
#370 = VERTEX_POINT('',#371);
#371 = CARTESIAN_POINT('',(-13.4,-15.6,28.5));
#372 = LINE('',#373,#374);
#373 = CARTESIAN_POINT('',(-14.35,-15.6,28.5));
#374 = VECTOR('',#375,1.);
#375 = DIRECTION('',(1.,0.,0.));
#376 = ORIENTED_EDGE('',*,*,#377,.F.);
#377 = EDGE_CURVE('',#378,#370,#380,.T.);
#378 = VERTEX_POINT('',#379);
#379 = CARTESIAN_POINT('',(-13.4,-15.6,29.5));
#380 = LINE('',#381,#382);
#381 = CARTESIAN_POINT('',(-13.4,-15.6,25.3));
#382 = VECTOR('',#383,1.);
#383 = DIRECTION('',(0.,0.,-1.));
#384 = ORIENTED_EDGE('',*,*,#385,.F.);
#385 = EDGE_CURVE('',#360,#378,#386,.T.);
#386 = LINE('',#387,#388);
#387 = CARTESIAN_POINT('',(-22.45,-15.6,29.5));
#388 = VECTOR('',#389,1.);
#389 = DIRECTION('',(-1.,0.,0.));
#390 = FACE_BOUND('',#391,.T.);
#391 = EDGE_LOOP('',(#392,#402,#410,#418));
#392 = ORIENTED_EDGE('',*,*,#393,.T.);
#393 = EDGE_CURVE('',#394,#396,#398,.T.);
#394 = VERTEX_POINT('',#395);
#395 = CARTESIAN_POINT('',(13.4,-15.6,29.5));
#396 = VERTEX_POINT('',#397);
#397 = CARTESIAN_POINT('',(13.4,-15.6,28.5));
#398 = LINE('',#399,#400);
#399 = CARTESIAN_POINT('',(13.4,-15.6,25.3));
#400 = VECTOR('',#401,1.);
#401 = DIRECTION('',(0.,0.,-1.));
#402 = ORIENTED_EDGE('',*,*,#403,.F.);
#403 = EDGE_CURVE('',#404,#396,#406,.T.);
#404 = VERTEX_POINT('',#405);
#405 = CARTESIAN_POINT('',(10.6,-15.6,28.5));
#406 = LINE('',#407,#408);
#407 = CARTESIAN_POINT('',(-2.35,-15.6,28.5));
#408 = VECTOR('',#409,1.);
#409 = DIRECTION('',(1.,0.,0.));
#410 = ORIENTED_EDGE('',*,*,#411,.F.);
#411 = EDGE_CURVE('',#412,#404,#414,.T.);
#412 = VERTEX_POINT('',#413);
#413 = CARTESIAN_POINT('',(10.6,-15.6,29.5));
#414 = LINE('',#415,#416);
#415 = CARTESIAN_POINT('',(10.6,-15.6,25.3));
#416 = VECTOR('',#417,1.);
#417 = DIRECTION('',(0.,0.,-1.));
#418 = ORIENTED_EDGE('',*,*,#419,.F.);
#419 = EDGE_CURVE('',#394,#412,#420,.T.);
#420 = LINE('',#421,#422);
#421 = CARTESIAN_POINT('',(-22.05,-15.6,29.5));
#422 = VECTOR('',#423,1.);
#423 = DIRECTION('',(-1.,0.,0.));
#424 = PLANE('',#425);
#425 = AXIS2_PLACEMENT_3D('',#426,#427,#428);
#426 = CARTESIAN_POINT('',(2.483377135348,-15.6,36.688830486202));
#427 = DIRECTION('',(-0.,-1.,-0.));
#428 = DIRECTION('',(0.,0.,-1.));
#429 = ADVANCED_FACE('',(#430),#471,.T.);
#430 = FACE_BOUND('',#431,.T.);
#431 = EDGE_LOOP('',(#432,#442,#448,#449,#457,#463,#464,#465));
#432 = ORIENTED_EDGE('',*,*,#433,.T.);
#433 = EDGE_CURVE('',#434,#436,#438,.T.);
#434 = VERTEX_POINT('',#435);
#435 = CARTESIAN_POINT('',(-15.3,-13.2,22.1));
#436 = VERTEX_POINT('',#437);
#437 = CARTESIAN_POINT('',(15.3,-13.2,22.1));
#438 = LINE('',#439,#440);
#439 = CARTESIAN_POINT('',(-15.3,-13.2,22.1));
#440 = VECTOR('',#441,1.);
#441 = DIRECTION('',(1.,0.,0.));
#442 = ORIENTED_EDGE('',*,*,#443,.F.);
#443 = EDGE_CURVE('',#119,#436,#444,.T.);
#444 = LINE('',#445,#446);
#445 = CARTESIAN_POINT('',(15.3,-15.6,22.1));
#446 = VECTOR('',#447,1.);
#447 = DIRECTION('',(0.,1.,0.));
#448 = ORIENTED_EDGE('',*,*,#118,.F.);
#449 = ORIENTED_EDGE('',*,*,#450,.F.);
#450 = EDGE_CURVE('',#451,#111,#453,.T.);
#451 = VERTEX_POINT('',#452);
#452 = CARTESIAN_POINT('',(13.8,-26.4,22.1));
#453 = LINE('',#454,#455);
#454 = CARTESIAN_POINT('',(13.8,-26.4,22.1));
#455 = VECTOR('',#456,1.);
#456 = DIRECTION('',(0.,1.,0.));
#457 = ORIENTED_EDGE('',*,*,#458,.F.);
#458 = EDGE_CURVE('',#32,#451,#459,.T.);
#459 = LINE('',#460,#461);
#460 = CARTESIAN_POINT('',(-13.8,-26.4,22.1));
#461 = VECTOR('',#462,1.);
#462 = DIRECTION('',(1.,0.,0.));
#463 = ORIENTED_EDGE('',*,*,#39,.T.);
#464 = ORIENTED_EDGE('',*,*,#102,.F.);
#465 = ORIENTED_EDGE('',*,*,#466,.T.);
#466 = EDGE_CURVE('',#93,#434,#467,.T.);
#467 = LINE('',#468,#469);
#468 = CARTESIAN_POINT('',(-15.3,-15.6,22.1));
#469 = VECTOR('',#470,1.);
#470 = DIRECTION('',(0.,1.,0.));
#471 = PLANE('',#472);
#472 = AXIS2_PLACEMENT_3D('',#473,#474,#475);
#473 = CARTESIAN_POINT('',(8.E-17,-19.4301369863,22.1));
#474 = DIRECTION('',(-0.,-0.,-1.));
#475 = DIRECTION('',(-1.,0.,0.));
#476 = ADVANCED_FACE('',(#477),#488,.F.);
#477 = FACE_BOUND('',#478,.F.);
#478 = EDGE_LOOP('',(#479,#480,#481,#482));
#479 = ORIENTED_EDGE('',*,*,#458,.F.);
#480 = ORIENTED_EDGE('',*,*,#31,.T.);
#481 = ORIENTED_EDGE('',*,*,#62,.T.);
#482 = ORIENTED_EDGE('',*,*,#483,.F.);
#483 = EDGE_CURVE('',#451,#63,#484,.T.);
#484 = LINE('',#485,#486);
#485 = CARTESIAN_POINT('',(13.8,-26.4,22.1));
#486 = VECTOR('',#487,1.);
#487 = DIRECTION('',(0.,0.,1.));
#488 = PLANE('',#489);
#489 = AXIS2_PLACEMENT_3D('',#490,#491,#492);
#490 = CARTESIAN_POINT('',(-13.8,-26.4,22.1));
#491 = DIRECTION('',(0.,1.,0.));
#492 = DIRECTION('',(0.,0.,1.));
#493 = ADVANCED_FACE('',(#494),#500,.T.);
#494 = FACE_BOUND('',#495,.T.);
#495 = EDGE_LOOP('',(#496,#497,#498,#499));
#496 = ORIENTED_EDGE('',*,*,#70,.F.);
#497 = ORIENTED_EDGE('',*,*,#483,.F.);
#498 = ORIENTED_EDGE('',*,*,#450,.T.);
#499 = ORIENTED_EDGE('',*,*,#110,.F.);
#500 = PLANE('',#501);
#501 = AXIS2_PLACEMENT_3D('',#502,#503,#504);
#502 = CARTESIAN_POINT('',(13.8,-26.4,22.1));
#503 = DIRECTION('',(1.,0.,0.));
#504 = DIRECTION('',(0.,0.,1.));
#505 = ADVANCED_FACE('',(#506),#524,.F.);
#506 = FACE_BOUND('',#507,.F.);
#507 = EDGE_LOOP('',(#508,#509,#510,#518));
#508 = ORIENTED_EDGE('',*,*,#92,.F.);
#509 = ORIENTED_EDGE('',*,*,#466,.T.);
#510 = ORIENTED_EDGE('',*,*,#511,.T.);
#511 = EDGE_CURVE('',#434,#512,#514,.T.);
#512 = VERTEX_POINT('',#513);
#513 = CARTESIAN_POINT('',(-15.3,-13.2,29.5));
#514 = LINE('',#515,#516);
#515 = CARTESIAN_POINT('',(-15.3,-13.2,22.1));
#516 = VECTOR('',#517,1.);
#517 = DIRECTION('',(0.,0.,1.));
#518 = ORIENTED_EDGE('',*,*,#519,.F.);
#519 = EDGE_CURVE('',#95,#512,#520,.T.);
#520 = LINE('',#521,#522);
#521 = CARTESIAN_POINT('',(-15.3,-16.8,29.5));
#522 = VECTOR('',#523,1.);
#523 = DIRECTION('',(0.,1.,0.));
#524 = PLANE('',#525);
#525 = AXIS2_PLACEMENT_3D('',#526,#527,#528);
#526 = CARTESIAN_POINT('',(-15.3,-15.6,22.1));
#527 = DIRECTION('',(1.,0.,0.));
#528 = DIRECTION('',(0.,0.,1.));
#529 = ADVANCED_FACE('',(#530),#627,.F.);
#530 = FACE_BOUND('',#531,.F.);
#531 = EDGE_LOOP('',(#532,#542,#551,#559,#565,#566,#567,#575,#581,#582,
    #590,#598,#604,#605,#613,#621));
#532 = ORIENTED_EDGE('',*,*,#533,.F.);
#533 = EDGE_CURVE('',#534,#536,#538,.T.);
#534 = VERTEX_POINT('',#535);
#535 = CARTESIAN_POINT('',(-27.82247293106,-12.,29.5));
#536 = VERTEX_POINT('',#537);
#537 = CARTESIAN_POINT('',(14.,-12.,29.5));
#538 = LINE('',#539,#540);
#539 = CARTESIAN_POINT('',(-31.,-12.,29.5));
#540 = VECTOR('',#541,1.);
#541 = DIRECTION('',(1.,0.,0.));
#542 = ORIENTED_EDGE('',*,*,#543,.T.);
#543 = EDGE_CURVE('',#534,#544,#546,.T.);
#544 = VERTEX_POINT('',#545);
#545 = CARTESIAN_POINT('',(-24.37396151634,-18.,29.5));
#546 = CIRCLE('',#547,30.3);
#547 = AXIS2_PLACEMENT_3D('',#548,#549,#550);
#548 = CARTESIAN_POINT('',(0.,0.,29.5));
#549 = DIRECTION('',(0.,0.,1.));
#550 = DIRECTION('',(1.,0.,0.));
#551 = ORIENTED_EDGE('',*,*,#552,.T.);
#552 = EDGE_CURVE('',#544,#553,#555,.T.);
#553 = VERTEX_POINT('',#554);
#554 = CARTESIAN_POINT('',(-13.9,-18.,29.5));
#555 = LINE('',#556,#557);
#556 = CARTESIAN_POINT('',(-31.,-18.,29.5));
#557 = VECTOR('',#558,1.);
#558 = DIRECTION('',(1.,0.,0.));
#559 = ORIENTED_EDGE('',*,*,#560,.T.);
#560 = EDGE_CURVE('',#553,#344,#561,.T.);
#561 = LINE('',#562,#563);
#562 = CARTESIAN_POINT('',(-13.9,-21.2,29.5));
#563 = VECTOR('',#564,1.);
#564 = DIRECTION('',(0.,1.,0.));
#565 = ORIENTED_EDGE('',*,*,#351,.T.);
#566 = ORIENTED_EDGE('',*,*,#519,.T.);
#567 = ORIENTED_EDGE('',*,*,#568,.F.);
#568 = EDGE_CURVE('',#569,#512,#571,.T.);
#569 = VERTEX_POINT('',#570);
#570 = CARTESIAN_POINT('',(-13.4,-13.2,29.5));
#571 = LINE('',#572,#573);
#572 = CARTESIAN_POINT('',(-23.15,-13.2,29.5));
#573 = VECTOR('',#574,1.);
#574 = DIRECTION('',(-1.,0.,0.));
#575 = ORIENTED_EDGE('',*,*,#576,.F.);
#576 = EDGE_CURVE('',#378,#569,#577,.T.);
#577 = LINE('',#578,#579);
#578 = CARTESIAN_POINT('',(-13.4,-16.85,29.5));
#579 = VECTOR('',#580,1.);
#580 = DIRECTION('',(0.,1.,0.));
#581 = ORIENTED_EDGE('',*,*,#385,.F.);
#582 = ORIENTED_EDGE('',*,*,#583,.T.);
#583 = EDGE_CURVE('',#360,#584,#586,.T.);
#584 = VERTEX_POINT('',#585);
#585 = CARTESIAN_POINT('',(-10.6,-13.2,29.5));
#586 = LINE('',#587,#588);
#587 = CARTESIAN_POINT('',(-10.6,-16.85,29.5));
#588 = VECTOR('',#589,1.);
#589 = DIRECTION('',(0.,1.,0.));
#590 = ORIENTED_EDGE('',*,*,#591,.F.);
#591 = EDGE_CURVE('',#592,#584,#594,.T.);
#592 = VERTEX_POINT('',#593);
#593 = CARTESIAN_POINT('',(10.6,-13.2,29.5));
#594 = LINE('',#595,#596);
#595 = CARTESIAN_POINT('',(-23.15,-13.2,29.5));
#596 = VECTOR('',#597,1.);
#597 = DIRECTION('',(-1.,0.,0.));
#598 = ORIENTED_EDGE('',*,*,#599,.F.);
#599 = EDGE_CURVE('',#412,#592,#600,.T.);
#600 = LINE('',#601,#602);
#601 = CARTESIAN_POINT('',(10.6,-16.85,29.5));
#602 = VECTOR('',#603,1.);
#603 = DIRECTION('',(0.,1.,0.));
#604 = ORIENTED_EDGE('',*,*,#419,.F.);
#605 = ORIENTED_EDGE('',*,*,#606,.T.);
#606 = EDGE_CURVE('',#394,#607,#609,.T.);
#607 = VERTEX_POINT('',#608);
#608 = CARTESIAN_POINT('',(13.4,-13.2,29.5));
#609 = LINE('',#610,#611);
#610 = CARTESIAN_POINT('',(13.4,-16.85,29.5));
#611 = VECTOR('',#612,1.);
#612 = DIRECTION('',(0.,1.,0.));
#613 = ORIENTED_EDGE('',*,*,#614,.F.);
#614 = EDGE_CURVE('',#615,#607,#617,.T.);
#615 = VERTEX_POINT('',#616);
#616 = CARTESIAN_POINT('',(14.,-13.2,29.5));
#617 = LINE('',#618,#619);
#618 = CARTESIAN_POINT('',(-23.15,-13.2,29.5));
#619 = VECTOR('',#620,1.);
#620 = DIRECTION('',(-1.,0.,0.));
#621 = ORIENTED_EDGE('',*,*,#622,.T.);
#622 = EDGE_CURVE('',#615,#536,#623,.T.);
#623 = LINE('',#624,#625);
#624 = CARTESIAN_POINT('',(14.,-18.5,29.5));
#625 = VECTOR('',#626,1.);
#626 = DIRECTION('',(0.,1.,0.));
#627 = PLANE('',#628);
#628 = AXIS2_PLACEMENT_3D('',#629,#630,#631);
#629 = CARTESIAN_POINT('',(-31.,-18.,29.5));
#630 = DIRECTION('',(0.,0.,1.));
#631 = DIRECTION('',(1.,0.,0.));
#632 = ADVANCED_FACE('',(#633),#651,.T.);
#633 = FACE_BOUND('',#634,.T.);
#634 = EDGE_LOOP('',(#635,#643,#649,#650));
#635 = ORIENTED_EDGE('',*,*,#636,.F.);
#636 = EDGE_CURVE('',#637,#336,#639,.T.);
#637 = VERTEX_POINT('',#638);
#638 = CARTESIAN_POINT('',(-13.9,-18.,51.9));
#639 = LINE('',#640,#641);
#640 = CARTESIAN_POINT('',(-13.9,-24.4,51.9));
#641 = VECTOR('',#642,1.);
#642 = DIRECTION('',(0.,1.,0.));
#643 = ORIENTED_EDGE('',*,*,#644,.F.);
#644 = EDGE_CURVE('',#553,#637,#645,.T.);
#645 = LINE('',#646,#647);
#646 = CARTESIAN_POINT('',(-13.9,-18.,49.850933649124));
#647 = VECTOR('',#648,1.);
#648 = DIRECTION('',(0.,0.,1.));
#649 = ORIENTED_EDGE('',*,*,#560,.T.);
#650 = ORIENTED_EDGE('',*,*,#343,.T.);
#651 = PLANE('',#652);
#652 = AXIS2_PLACEMENT_3D('',#653,#654,#655);
#653 = CARTESIAN_POINT('',(-13.9,-24.4,24.1));
#654 = DIRECTION('',(1.,0.,0.));
#655 = DIRECTION('',(0.,0.,1.));
#656 = ADVANCED_FACE('',(#657),#675,.F.);
#657 = FACE_BOUND('',#658,.F.);
#658 = EDGE_LOOP('',(#659,#660,#668,#674));
#659 = ORIENTED_EDGE('',*,*,#636,.F.);
#660 = ORIENTED_EDGE('',*,*,#661,.F.);
#661 = EDGE_CURVE('',#662,#637,#664,.T.);
#662 = VERTEX_POINT('',#663);
#663 = CARTESIAN_POINT('',(-11.2,-18.,51.9));
#664 = LINE('',#665,#666);
#665 = CARTESIAN_POINT('',(-6.317833195678,-18.,51.9));
#666 = VECTOR('',#667,1.);
#667 = DIRECTION('',(-1.,0.,0.));
#668 = ORIENTED_EDGE('',*,*,#669,.F.);
#669 = EDGE_CURVE('',#328,#662,#670,.T.);
#670 = LINE('',#671,#672);
#671 = CARTESIAN_POINT('',(-11.2,-18.7,51.9));
#672 = VECTOR('',#673,1.);
#673 = DIRECTION('',(0.,-1.,0.));
#674 = ORIENTED_EDGE('',*,*,#335,.F.);
#675 = PLANE('',#676);
#676 = AXIS2_PLACEMENT_3D('',#677,#678,#679);
#677 = CARTESIAN_POINT('',(-13.9,-24.4,51.9));
#678 = DIRECTION('',(0.,0.,1.));
#679 = DIRECTION('',(1.,0.,0.));
#680 = ADVANCED_FACE('',(#681),#747,.T.);
#681 = FACE_BOUND('',#682,.T.);
#682 = EDGE_LOOP('',(#683,#693,#699,#700,#701,#709,#717,#725,#733,#741)
  );
#683 = ORIENTED_EDGE('',*,*,#684,.F.);
#684 = EDGE_CURVE('',#685,#687,#689,.T.);
#685 = VERTEX_POINT('',#686);
#686 = CARTESIAN_POINT('',(-11.2,-18.,53.));
#687 = VERTEX_POINT('',#688);
#688 = CARTESIAN_POINT('',(-11.2,-17.6,53.));
#689 = LINE('',#690,#691);
#690 = CARTESIAN_POINT('',(-11.2,-19.,53.));
#691 = VECTOR('',#692,1.);
#692 = DIRECTION('',(0.,1.,0.));
#693 = ORIENTED_EDGE('',*,*,#694,.T.);
#694 = EDGE_CURVE('',#685,#662,#695,.T.);
#695 = LINE('',#696,#697);
#696 = CARTESIAN_POINT('',(-11.2,-18.,42.));
#697 = VECTOR('',#698,1.);
#698 = DIRECTION('',(0.,0.,-1.));
#699 = ORIENTED_EDGE('',*,*,#669,.F.);
#700 = ORIENTED_EDGE('',*,*,#327,.T.);
#701 = ORIENTED_EDGE('',*,*,#702,.F.);
#702 = EDGE_CURVE('',#703,#320,#705,.T.);
#703 = VERTEX_POINT('',#704);
#704 = CARTESIAN_POINT('',(-11.2,-13.2,52.3));
#705 = LINE('',#706,#707);
#706 = CARTESIAN_POINT('',(-11.2,-14.3,52.3));
#707 = VECTOR('',#708,1.);
#708 = DIRECTION('',(0.,-1.,0.));
#709 = ORIENTED_EDGE('',*,*,#710,.F.);
#710 = EDGE_CURVE('',#711,#703,#713,.T.);
#711 = VERTEX_POINT('',#712);
#712 = CARTESIAN_POINT('',(-11.2,-13.2,49.));
#713 = LINE('',#714,#715);
#714 = CARTESIAN_POINT('',(-11.2,-13.2,36.55));
#715 = VECTOR('',#716,1.);
#716 = DIRECTION('',(0.,0.,1.));
#717 = ORIENTED_EDGE('',*,*,#718,.T.);
#718 = EDGE_CURVE('',#711,#719,#721,.T.);
#719 = VERTEX_POINT('',#720);
#720 = CARTESIAN_POINT('',(-11.2,-8.,49.));
#721 = LINE('',#722,#723);
#722 = CARTESIAN_POINT('',(-11.2,-19.,49.));
#723 = VECTOR('',#724,1.);
#724 = DIRECTION('',(0.,1.,0.));
#725 = ORIENTED_EDGE('',*,*,#726,.F.);
#726 = EDGE_CURVE('',#727,#719,#729,.T.);
#727 = VERTEX_POINT('',#728);
#728 = CARTESIAN_POINT('',(-11.2,-8.,53.));
#729 = LINE('',#730,#731);
#730 = CARTESIAN_POINT('',(-11.2,-8.,42.));
#731 = VECTOR('',#732,1.);
#732 = DIRECTION('',(0.,0.,-1.));
#733 = ORIENTED_EDGE('',*,*,#734,.F.);
#734 = EDGE_CURVE('',#735,#727,#737,.T.);
#735 = VERTEX_POINT('',#736);
#736 = CARTESIAN_POINT('',(-11.2,-14.8,53.));
#737 = LINE('',#738,#739);
#738 = CARTESIAN_POINT('',(-11.2,-19.,53.));
#739 = VECTOR('',#740,1.);
#740 = DIRECTION('',(0.,1.,0.));
#741 = ORIENTED_EDGE('',*,*,#742,.F.);
#742 = EDGE_CURVE('',#687,#735,#743,.T.);
#743 = LINE('',#744,#745);
#744 = CARTESIAN_POINT('',(-11.2,-19.,53.));
#745 = VECTOR('',#746,1.);
#746 = DIRECTION('',(0.,1.,0.));
#747 = PLANE('',#748);
#748 = AXIS2_PLACEMENT_3D('',#749,#750,#751);
#749 = CARTESIAN_POINT('',(-11.2,-13.,51.));
#750 = DIRECTION('',(1.,0.,0.));
#751 = DIRECTION('',(0.,0.,1.));
#752 = ADVANCED_FACE('',(#753),#771,.T.);
#753 = FACE_BOUND('',#754,.T.);
#754 = EDGE_LOOP('',(#755,#763,#764,#765));
#755 = ORIENTED_EDGE('',*,*,#756,.F.);
#756 = EDGE_CURVE('',#703,#757,#759,.T.);
#757 = VERTEX_POINT('',#758);
#758 = CARTESIAN_POINT('',(-8.8,-13.2,52.3));
#759 = LINE('',#760,#761);
#760 = CARTESIAN_POINT('',(-15.3,-13.2,52.3));
#761 = VECTOR('',#762,1.);
#762 = DIRECTION('',(1.,0.,0.));
#763 = ORIENTED_EDGE('',*,*,#702,.T.);
#764 = ORIENTED_EDGE('',*,*,#319,.T.);
#765 = ORIENTED_EDGE('',*,*,#766,.T.);
#766 = EDGE_CURVE('',#312,#757,#767,.T.);
#767 = LINE('',#768,#769);
#768 = CARTESIAN_POINT('',(-8.8,-14.3,52.3));
#769 = VECTOR('',#770,1.);
#770 = DIRECTION('',(0.,1.,0.));
#771 = PLANE('',#772);
#772 = AXIS2_PLACEMENT_3D('',#773,#774,#775);
#773 = CARTESIAN_POINT('',(-15.3,-15.6,52.3));
#774 = DIRECTION('',(0.,0.,1.));
#775 = DIRECTION('',(1.,0.,0.));
#776 = ADVANCED_FACE('',(#777),#843,.T.);
#777 = FACE_BOUND('',#778,.T.);
#778 = EDGE_LOOP('',(#779,#789,#795,#796,#797,#805,#813,#821,#829,#837)
  );
#779 = ORIENTED_EDGE('',*,*,#780,.F.);
#780 = EDGE_CURVE('',#781,#783,#785,.T.);
#781 = VERTEX_POINT('',#782);
#782 = CARTESIAN_POINT('',(-8.8,-13.2,49.));
#783 = VERTEX_POINT('',#784);
#784 = CARTESIAN_POINT('',(-8.8,-8.,49.));
#785 = LINE('',#786,#787);
#786 = CARTESIAN_POINT('',(-8.8,-19.,49.));
#787 = VECTOR('',#788,1.);
#788 = DIRECTION('',(0.,1.,0.));
#789 = ORIENTED_EDGE('',*,*,#790,.F.);
#790 = EDGE_CURVE('',#757,#781,#791,.T.);
#791 = LINE('',#792,#793);
#792 = CARTESIAN_POINT('',(-8.8,-13.2,36.55));
#793 = VECTOR('',#794,1.);
#794 = DIRECTION('',(0.,0.,-1.));
#795 = ORIENTED_EDGE('',*,*,#766,.F.);
#796 = ORIENTED_EDGE('',*,*,#311,.T.);
#797 = ORIENTED_EDGE('',*,*,#798,.F.);
#798 = EDGE_CURVE('',#799,#304,#801,.T.);
#799 = VERTEX_POINT('',#800);
#800 = CARTESIAN_POINT('',(-8.8,-18.,51.9));
#801 = LINE('',#802,#803);
#802 = CARTESIAN_POINT('',(-8.8,-18.7,51.9));
#803 = VECTOR('',#804,1.);
#804 = DIRECTION('',(0.,1.,0.));
#805 = ORIENTED_EDGE('',*,*,#806,.T.);
#806 = EDGE_CURVE('',#799,#807,#809,.T.);
#807 = VERTEX_POINT('',#808);
#808 = CARTESIAN_POINT('',(-8.8,-18.,53.));
#809 = LINE('',#810,#811);
#810 = CARTESIAN_POINT('',(-8.8,-18.,44.));
#811 = VECTOR('',#812,1.);
#812 = DIRECTION('',(0.,0.,1.));
#813 = ORIENTED_EDGE('',*,*,#814,.T.);
#814 = EDGE_CURVE('',#807,#815,#817,.T.);
#815 = VERTEX_POINT('',#816);
#816 = CARTESIAN_POINT('',(-8.8,-17.6,53.));
#817 = LINE('',#818,#819);
#818 = CARTESIAN_POINT('',(-8.8,-19.,53.));
#819 = VECTOR('',#820,1.);
#820 = DIRECTION('',(0.,1.,0.));
#821 = ORIENTED_EDGE('',*,*,#822,.T.);
#822 = EDGE_CURVE('',#815,#823,#825,.T.);
#823 = VERTEX_POINT('',#824);
#824 = CARTESIAN_POINT('',(-8.8,-14.8,53.));
#825 = LINE('',#826,#827);
#826 = CARTESIAN_POINT('',(-8.8,-19.,53.));
#827 = VECTOR('',#828,1.);
#828 = DIRECTION('',(0.,1.,0.));
#829 = ORIENTED_EDGE('',*,*,#830,.T.);
#830 = EDGE_CURVE('',#823,#831,#833,.T.);
#831 = VERTEX_POINT('',#832);
#832 = CARTESIAN_POINT('',(-8.8,-8.,53.));
#833 = LINE('',#834,#835);
#834 = CARTESIAN_POINT('',(-8.8,-19.,53.));
#835 = VECTOR('',#836,1.);
#836 = DIRECTION('',(0.,1.,0.));
#837 = ORIENTED_EDGE('',*,*,#838,.F.);
#838 = EDGE_CURVE('',#783,#831,#839,.T.);
#839 = LINE('',#840,#841);
#840 = CARTESIAN_POINT('',(-8.8,-8.,44.));
#841 = VECTOR('',#842,1.);
#842 = DIRECTION('',(0.,0.,1.));
#843 = PLANE('',#844);
#844 = AXIS2_PLACEMENT_3D('',#845,#846,#847);
#845 = CARTESIAN_POINT('',(-8.8,-13.,51.));
#846 = DIRECTION('',(-1.,-0.,-0.));
#847 = DIRECTION('',(0.,0.,-1.));
#848 = ADVANCED_FACE('',(#849),#867,.F.);
#849 = FACE_BOUND('',#850,.F.);
#850 = EDGE_LOOP('',(#851,#852,#853,#861));
#851 = ORIENTED_EDGE('',*,*,#303,.F.);
#852 = ORIENTED_EDGE('',*,*,#798,.F.);
#853 = ORIENTED_EDGE('',*,*,#854,.F.);
#854 = EDGE_CURVE('',#855,#799,#857,.T.);
#855 = VERTEX_POINT('',#856);
#856 = CARTESIAN_POINT('',(8.8,-18.,51.9));
#857 = LINE('',#858,#859);
#858 = CARTESIAN_POINT('',(-6.317833195678,-18.,51.9));
#859 = VECTOR('',#860,1.);
#860 = DIRECTION('',(-1.,0.,0.));
#861 = ORIENTED_EDGE('',*,*,#862,.F.);
#862 = EDGE_CURVE('',#296,#855,#863,.T.);
#863 = LINE('',#864,#865);
#864 = CARTESIAN_POINT('',(8.8,-18.7,51.9));
#865 = VECTOR('',#866,1.);
#866 = DIRECTION('',(0.,-1.,0.));
#867 = PLANE('',#868);
#868 = AXIS2_PLACEMENT_3D('',#869,#870,#871);
#869 = CARTESIAN_POINT('',(-13.9,-24.4,51.9));
#870 = DIRECTION('',(0.,0.,1.));
#871 = DIRECTION('',(1.,0.,0.));
#872 = ADVANCED_FACE('',(#873),#939,.T.);
#873 = FACE_BOUND('',#874,.T.);
#874 = EDGE_LOOP('',(#875,#885,#891,#892,#893,#901,#909,#917,#925,#933)
  );
#875 = ORIENTED_EDGE('',*,*,#876,.F.);
#876 = EDGE_CURVE('',#877,#879,#881,.T.);
#877 = VERTEX_POINT('',#878);
#878 = CARTESIAN_POINT('',(8.8,-18.,53.));
#879 = VERTEX_POINT('',#880);
#880 = CARTESIAN_POINT('',(8.8,-17.6,53.));
#881 = LINE('',#882,#883);
#882 = CARTESIAN_POINT('',(8.8,-19.,53.));
#883 = VECTOR('',#884,1.);
#884 = DIRECTION('',(0.,1.,0.));
#885 = ORIENTED_EDGE('',*,*,#886,.T.);
#886 = EDGE_CURVE('',#877,#855,#887,.T.);
#887 = LINE('',#888,#889);
#888 = CARTESIAN_POINT('',(8.8,-18.,42.));
#889 = VECTOR('',#890,1.);
#890 = DIRECTION('',(0.,0.,-1.));
#891 = ORIENTED_EDGE('',*,*,#862,.F.);
#892 = ORIENTED_EDGE('',*,*,#295,.T.);
#893 = ORIENTED_EDGE('',*,*,#894,.F.);
#894 = EDGE_CURVE('',#895,#288,#897,.T.);
#895 = VERTEX_POINT('',#896);
#896 = CARTESIAN_POINT('',(8.8,-13.2,52.3));
#897 = LINE('',#898,#899);
#898 = CARTESIAN_POINT('',(8.8,-14.3,52.3));
#899 = VECTOR('',#900,1.);
#900 = DIRECTION('',(0.,-1.,0.));
#901 = ORIENTED_EDGE('',*,*,#902,.F.);
#902 = EDGE_CURVE('',#903,#895,#905,.T.);
#903 = VERTEX_POINT('',#904);
#904 = CARTESIAN_POINT('',(8.8,-13.2,49.));
#905 = LINE('',#906,#907);
#906 = CARTESIAN_POINT('',(8.8,-13.2,36.55));
#907 = VECTOR('',#908,1.);
#908 = DIRECTION('',(0.,0.,1.));
#909 = ORIENTED_EDGE('',*,*,#910,.T.);
#910 = EDGE_CURVE('',#903,#911,#913,.T.);
#911 = VERTEX_POINT('',#912);
#912 = CARTESIAN_POINT('',(8.8,-8.,49.));
#913 = LINE('',#914,#915);
#914 = CARTESIAN_POINT('',(8.8,-19.,49.));
#915 = VECTOR('',#916,1.);
#916 = DIRECTION('',(0.,1.,0.));
#917 = ORIENTED_EDGE('',*,*,#918,.F.);
#918 = EDGE_CURVE('',#919,#911,#921,.T.);
#919 = VERTEX_POINT('',#920);
#920 = CARTESIAN_POINT('',(8.8,-8.,53.));
#921 = LINE('',#922,#923);
#922 = CARTESIAN_POINT('',(8.8,-8.,42.));
#923 = VECTOR('',#924,1.);
#924 = DIRECTION('',(0.,0.,-1.));
#925 = ORIENTED_EDGE('',*,*,#926,.F.);
#926 = EDGE_CURVE('',#927,#919,#929,.T.);
#927 = VERTEX_POINT('',#928);
#928 = CARTESIAN_POINT('',(8.8,-14.8,53.));
#929 = LINE('',#930,#931);
#930 = CARTESIAN_POINT('',(8.8,-19.,53.));
#931 = VECTOR('',#932,1.);
#932 = DIRECTION('',(0.,1.,0.));
#933 = ORIENTED_EDGE('',*,*,#934,.F.);
#934 = EDGE_CURVE('',#879,#927,#935,.T.);
#935 = LINE('',#936,#937);
#936 = CARTESIAN_POINT('',(8.8,-19.,53.));
#937 = VECTOR('',#938,1.);
#938 = DIRECTION('',(0.,1.,0.));
#939 = PLANE('',#940);
#940 = AXIS2_PLACEMENT_3D('',#941,#942,#943);
#941 = CARTESIAN_POINT('',(8.8,-13.,51.));
#942 = DIRECTION('',(1.,0.,0.));
#943 = DIRECTION('',(0.,0.,1.));
#944 = ADVANCED_FACE('',(#945),#963,.T.);
#945 = FACE_BOUND('',#946,.T.);
#946 = EDGE_LOOP('',(#947,#955,#956,#957));
#947 = ORIENTED_EDGE('',*,*,#948,.F.);
#948 = EDGE_CURVE('',#895,#949,#951,.T.);
#949 = VERTEX_POINT('',#950);
#950 = CARTESIAN_POINT('',(11.2,-13.2,52.3));
#951 = LINE('',#952,#953);
#952 = CARTESIAN_POINT('',(-15.3,-13.2,52.3));
#953 = VECTOR('',#954,1.);
#954 = DIRECTION('',(1.,0.,0.));
#955 = ORIENTED_EDGE('',*,*,#894,.T.);
#956 = ORIENTED_EDGE('',*,*,#287,.T.);
#957 = ORIENTED_EDGE('',*,*,#958,.T.);
#958 = EDGE_CURVE('',#280,#949,#959,.T.);
#959 = LINE('',#960,#961);
#960 = CARTESIAN_POINT('',(11.2,-14.3,52.3));
#961 = VECTOR('',#962,1.);
#962 = DIRECTION('',(0.,1.,0.));
#963 = PLANE('',#964);
#964 = AXIS2_PLACEMENT_3D('',#965,#966,#967);
#965 = CARTESIAN_POINT('',(-15.3,-15.6,52.3));
#966 = DIRECTION('',(0.,0.,1.));
#967 = DIRECTION('',(1.,0.,0.));
#968 = ADVANCED_FACE('',(#969),#1035,.T.);
#969 = FACE_BOUND('',#970,.T.);
#970 = EDGE_LOOP('',(#971,#981,#987,#988,#989,#997,#1005,#1013,#1021,
    #1029));
#971 = ORIENTED_EDGE('',*,*,#972,.F.);
#972 = EDGE_CURVE('',#973,#975,#977,.T.);
#973 = VERTEX_POINT('',#974);
#974 = CARTESIAN_POINT('',(11.2,-13.2,49.));
#975 = VERTEX_POINT('',#976);
#976 = CARTESIAN_POINT('',(11.2,-8.,49.));
#977 = LINE('',#978,#979);
#978 = CARTESIAN_POINT('',(11.2,-19.,49.));
#979 = VECTOR('',#980,1.);
#980 = DIRECTION('',(0.,1.,0.));
#981 = ORIENTED_EDGE('',*,*,#982,.F.);
#982 = EDGE_CURVE('',#949,#973,#983,.T.);
#983 = LINE('',#984,#985);
#984 = CARTESIAN_POINT('',(11.2,-13.2,36.55));
#985 = VECTOR('',#986,1.);
#986 = DIRECTION('',(0.,0.,-1.));
#987 = ORIENTED_EDGE('',*,*,#958,.F.);
#988 = ORIENTED_EDGE('',*,*,#279,.T.);
#989 = ORIENTED_EDGE('',*,*,#990,.F.);
#990 = EDGE_CURVE('',#991,#272,#993,.T.);
#991 = VERTEX_POINT('',#992);
#992 = CARTESIAN_POINT('',(11.2,-18.,51.9));
#993 = LINE('',#994,#995);
#994 = CARTESIAN_POINT('',(11.2,-18.7,51.9));
#995 = VECTOR('',#996,1.);
#996 = DIRECTION('',(0.,1.,0.));
#997 = ORIENTED_EDGE('',*,*,#998,.T.);
#998 = EDGE_CURVE('',#991,#999,#1001,.T.);
#999 = VERTEX_POINT('',#1000);
#1000 = CARTESIAN_POINT('',(11.2,-18.,53.));
#1001 = LINE('',#1002,#1003);
#1002 = CARTESIAN_POINT('',(11.2,-18.,44.));
#1003 = VECTOR('',#1004,1.);
#1004 = DIRECTION('',(0.,0.,1.));
#1005 = ORIENTED_EDGE('',*,*,#1006,.T.);
#1006 = EDGE_CURVE('',#999,#1007,#1009,.T.);
#1007 = VERTEX_POINT('',#1008);
#1008 = CARTESIAN_POINT('',(11.2,-17.6,53.));
#1009 = LINE('',#1010,#1011);
#1010 = CARTESIAN_POINT('',(11.2,-19.,53.));
#1011 = VECTOR('',#1012,1.);
#1012 = DIRECTION('',(0.,1.,0.));
#1013 = ORIENTED_EDGE('',*,*,#1014,.T.);
#1014 = EDGE_CURVE('',#1007,#1015,#1017,.T.);
#1015 = VERTEX_POINT('',#1016);
#1016 = CARTESIAN_POINT('',(11.2,-14.8,53.));
#1017 = LINE('',#1018,#1019);
#1018 = CARTESIAN_POINT('',(11.2,-19.,53.));
#1019 = VECTOR('',#1020,1.);
#1020 = DIRECTION('',(0.,1.,0.));
#1021 = ORIENTED_EDGE('',*,*,#1022,.T.);
#1022 = EDGE_CURVE('',#1015,#1023,#1025,.T.);
#1023 = VERTEX_POINT('',#1024);
#1024 = CARTESIAN_POINT('',(11.2,-8.,53.));
#1025 = LINE('',#1026,#1027);
#1026 = CARTESIAN_POINT('',(11.2,-19.,53.));
#1027 = VECTOR('',#1028,1.);
#1028 = DIRECTION('',(0.,1.,0.));
#1029 = ORIENTED_EDGE('',*,*,#1030,.F.);
#1030 = EDGE_CURVE('',#975,#1023,#1031,.T.);
#1031 = LINE('',#1032,#1033);
#1032 = CARTESIAN_POINT('',(11.2,-8.,44.));
#1033 = VECTOR('',#1034,1.);
#1034 = DIRECTION('',(0.,0.,1.));
#1035 = PLANE('',#1036);
#1036 = AXIS2_PLACEMENT_3D('',#1037,#1038,#1039);
#1037 = CARTESIAN_POINT('',(11.2,-13.,51.));
#1038 = DIRECTION('',(-1.,-0.,-0.));
#1039 = DIRECTION('',(0.,0.,-1.));
#1040 = ADVANCED_FACE('',(#1041),#1059,.F.);
#1041 = FACE_BOUND('',#1042,.F.);
#1042 = EDGE_LOOP('',(#1043,#1051,#1057,#1058));
#1043 = ORIENTED_EDGE('',*,*,#1044,.F.);
#1044 = EDGE_CURVE('',#1045,#991,#1047,.T.);
#1045 = VERTEX_POINT('',#1046);
#1046 = CARTESIAN_POINT('',(13.9,-18.,51.9));
#1047 = LINE('',#1048,#1049);
#1048 = CARTESIAN_POINT('',(-6.317833195678,-18.,51.9));
#1049 = VECTOR('',#1050,1.);
#1050 = DIRECTION('',(-1.,0.,0.));
#1051 = ORIENTED_EDGE('',*,*,#1052,.T.);
#1052 = EDGE_CURVE('',#1045,#264,#1053,.T.);
#1053 = LINE('',#1054,#1055);
#1054 = CARTESIAN_POINT('',(13.9,-24.4,51.9));
#1055 = VECTOR('',#1056,1.);
#1056 = DIRECTION('',(0.,1.,0.));
#1057 = ORIENTED_EDGE('',*,*,#271,.F.);
#1058 = ORIENTED_EDGE('',*,*,#990,.F.);
#1059 = PLANE('',#1060);
#1060 = AXIS2_PLACEMENT_3D('',#1061,#1062,#1063);
#1061 = CARTESIAN_POINT('',(-13.9,-24.4,51.9));
#1062 = DIRECTION('',(0.,0.,1.));
#1063 = DIRECTION('',(1.,0.,0.));
#1064 = ADVANCED_FACE('',(#1065),#1083,.F.);
#1065 = FACE_BOUND('',#1066,.F.);
#1066 = EDGE_LOOP('',(#1067,#1068,#1076,#1082));
#1067 = ORIENTED_EDGE('',*,*,#1052,.F.);
#1068 = ORIENTED_EDGE('',*,*,#1069,.F.);
#1069 = EDGE_CURVE('',#1070,#1045,#1072,.T.);
#1070 = VERTEX_POINT('',#1071);
#1071 = CARTESIAN_POINT('',(13.9,-18.,29.5));
#1072 = LINE('',#1073,#1074);
#1073 = CARTESIAN_POINT('',(13.9,-18.,49.850933649124));
#1074 = VECTOR('',#1075,1.);
#1075 = DIRECTION('',(0.,0.,1.));
#1076 = ORIENTED_EDGE('',*,*,#1077,.T.);
#1077 = EDGE_CURVE('',#1070,#256,#1078,.T.);
#1078 = LINE('',#1079,#1080);
#1079 = CARTESIAN_POINT('',(13.9,-21.2,29.5));
#1080 = VECTOR('',#1081,1.);
#1081 = DIRECTION('',(0.,1.,0.));
#1082 = ORIENTED_EDGE('',*,*,#263,.T.);
#1083 = PLANE('',#1084);
#1084 = AXIS2_PLACEMENT_3D('',#1085,#1086,#1087);
#1085 = CARTESIAN_POINT('',(13.9,-24.4,24.1));
#1086 = DIRECTION('',(1.,0.,0.));
#1087 = DIRECTION('',(0.,0.,1.));
#1088 = ADVANCED_FACE('',(#1089),#1107,.F.);
#1089 = FACE_BOUND('',#1090,.F.);
#1090 = EDGE_LOOP('',(#1091,#1099,#1100,#1101));
#1091 = ORIENTED_EDGE('',*,*,#1092,.T.);
#1092 = EDGE_CURVE('',#1093,#248,#1095,.T.);
#1093 = VERTEX_POINT('',#1094);
#1094 = CARTESIAN_POINT('',(14.,-18.,29.5));
#1095 = LINE('',#1096,#1097);
#1096 = CARTESIAN_POINT('',(14.,-18.5,29.5));
#1097 = VECTOR('',#1098,1.);
#1098 = DIRECTION('',(0.,1.,0.));
#1099 = ORIENTED_EDGE('',*,*,#255,.T.);
#1100 = ORIENTED_EDGE('',*,*,#1077,.F.);
#1101 = ORIENTED_EDGE('',*,*,#1102,.T.);
#1102 = EDGE_CURVE('',#1070,#1093,#1103,.T.);
#1103 = LINE('',#1104,#1105);
#1104 = CARTESIAN_POINT('',(-31.,-18.,29.5));
#1105 = VECTOR('',#1106,1.);
#1106 = DIRECTION('',(1.,0.,0.));
#1107 = PLANE('',#1108);
#1108 = AXIS2_PLACEMENT_3D('',#1109,#1110,#1111);
#1109 = CARTESIAN_POINT('',(-31.,-18.,29.5));
#1110 = DIRECTION('',(0.,0.,1.));
#1111 = DIRECTION('',(1.,0.,0.));
#1112 = ADVANCED_FACE('',(#1113),#1131,.T.);
#1113 = FACE_BOUND('',#1114,.T.);
#1114 = EDGE_LOOP('',(#1115,#1123,#1129,#1130));
#1115 = ORIENTED_EDGE('',*,*,#1116,.F.);
#1116 = EDGE_CURVE('',#1117,#240,#1119,.T.);
#1117 = VERTEX_POINT('',#1118);
#1118 = CARTESIAN_POINT('',(14.,-18.,42.4));
#1119 = LINE('',#1120,#1121);
#1120 = CARTESIAN_POINT('',(14.,-19.,42.4));
#1121 = VECTOR('',#1122,1.);
#1122 = DIRECTION('',(0.,1.,0.));
#1123 = ORIENTED_EDGE('',*,*,#1124,.T.);
#1124 = EDGE_CURVE('',#1117,#1093,#1125,.T.);
#1125 = LINE('',#1126,#1127);
#1126 = CARTESIAN_POINT('',(14.,-18.,29.45));
#1127 = VECTOR('',#1128,1.);
#1128 = DIRECTION('',(0.,0.,-1.));
#1129 = ORIENTED_EDGE('',*,*,#1092,.T.);
#1130 = ORIENTED_EDGE('',*,*,#247,.T.);
#1131 = PLANE('',#1132);
#1132 = AXIS2_PLACEMENT_3D('',#1133,#1134,#1135);
#1133 = CARTESIAN_POINT('',(14.,-19.,29.4));
#1134 = DIRECTION('',(1.,0.,0.));
#1135 = DIRECTION('',(0.,0.,1.));
#1136 = ADVANCED_FACE('',(#1137),#1187,.F.);
#1137 = FACE_BOUND('',#1138,.F.);
#1138 = EDGE_LOOP('',(#1139,#1140,#1148,#1156,#1164,#1172,#1180,#1186));
#1139 = ORIENTED_EDGE('',*,*,#1116,.F.);
#1140 = ORIENTED_EDGE('',*,*,#1141,.T.);
#1141 = EDGE_CURVE('',#1117,#1142,#1144,.T.);
#1142 = VERTEX_POINT('',#1143);
#1143 = CARTESIAN_POINT('',(21.,-18.,42.4));
#1144 = LINE('',#1145,#1146);
#1145 = CARTESIAN_POINT('',(-8.5,-18.,42.4));
#1146 = VECTOR('',#1147,1.);
#1147 = DIRECTION('',(1.,0.,0.));
#1148 = ORIENTED_EDGE('',*,*,#1149,.T.);
#1149 = EDGE_CURVE('',#1142,#1150,#1152,.T.);
#1150 = VERTEX_POINT('',#1151);
#1151 = CARTESIAN_POINT('',(21.,-12.,42.4));
#1152 = LINE('',#1153,#1154);
#1153 = CARTESIAN_POINT('',(21.,-19.,42.4));
#1154 = VECTOR('',#1155,1.);
#1155 = DIRECTION('',(0.,1.,0.));
#1156 = ORIENTED_EDGE('',*,*,#1157,.F.);
#1157 = EDGE_CURVE('',#1158,#1150,#1160,.T.);
#1158 = VERTEX_POINT('',#1159);
#1159 = CARTESIAN_POINT('',(14.,-12.,42.4));
#1160 = LINE('',#1161,#1162);
#1161 = CARTESIAN_POINT('',(14.,-12.,42.4));
#1162 = VECTOR('',#1163,1.);
#1163 = DIRECTION('',(1.,0.,0.));
#1164 = ORIENTED_EDGE('',*,*,#1165,.F.);
#1165 = EDGE_CURVE('',#1166,#1158,#1168,.T.);
#1166 = VERTEX_POINT('',#1167);
#1167 = CARTESIAN_POINT('',(14.,-13.2,42.4));
#1168 = LINE('',#1169,#1170);
#1169 = CARTESIAN_POINT('',(14.,-19.,42.4));
#1170 = VECTOR('',#1171,1.);
#1171 = DIRECTION('',(0.,1.,0.));
#1172 = ORIENTED_EDGE('',*,*,#1173,.F.);
#1173 = EDGE_CURVE('',#1174,#1166,#1176,.T.);
#1174 = VERTEX_POINT('',#1175);
#1175 = CARTESIAN_POINT('',(15.3,-13.2,42.4));
#1176 = LINE('',#1177,#1178);
#1177 = CARTESIAN_POINT('',(-0.65,-13.2,42.4));
#1178 = VECTOR('',#1179,1.);
#1179 = DIRECTION('',(-1.,0.,0.));
#1180 = ORIENTED_EDGE('',*,*,#1181,.F.);
#1181 = EDGE_CURVE('',#232,#1174,#1182,.T.);
#1182 = LINE('',#1183,#1184);
#1183 = CARTESIAN_POINT('',(15.3,-17.3,42.4));
#1184 = VECTOR('',#1185,1.);
#1185 = DIRECTION('',(0.,1.,0.));
#1186 = ORIENTED_EDGE('',*,*,#239,.T.);
#1187 = PLANE('',#1188);
#1188 = AXIS2_PLACEMENT_3D('',#1189,#1190,#1191);
#1189 = CARTESIAN_POINT('',(14.,-19.,42.4));
#1190 = DIRECTION('',(0.,0.,1.));
#1191 = DIRECTION('',(1.,0.,0.));
#1192 = ADVANCED_FACE('',(#1193),#1212,.T.);
#1193 = FACE_BOUND('',#1194,.T.);
#1194 = EDGE_LOOP('',(#1195,#1196,#1205,#1211));
#1195 = ORIENTED_EDGE('',*,*,#231,.F.);
#1196 = ORIENTED_EDGE('',*,*,#1197,.T.);
#1197 = EDGE_CURVE('',#135,#1198,#1200,.T.);
#1198 = VERTEX_POINT('',#1199);
#1199 = CARTESIAN_POINT('',(15.3,-13.2,34.475643281937));
#1200 = CIRCLE('',#1201,9.775140453871);
#1201 = AXIS2_PLACEMENT_3D('',#1202,#1203,#1204);
#1202 = CARTESIAN_POINT('',(15.3,-11.,44.));
#1203 = DIRECTION('',(1.,0.,0.));
#1204 = DIRECTION('',(0.,-1.,-5.9E-16));
#1205 = ORIENTED_EDGE('',*,*,#1206,.T.);
#1206 = EDGE_CURVE('',#1198,#1174,#1207,.T.);
#1207 = LINE('',#1208,#1209);
#1208 = CARTESIAN_POINT('',(15.3,-13.2,22.1));
#1209 = VECTOR('',#1210,1.);
#1210 = DIRECTION('',(0.,0.,1.));
#1211 = ORIENTED_EDGE('',*,*,#1181,.F.);
#1212 = PLANE('',#1213);
#1213 = AXIS2_PLACEMENT_3D('',#1214,#1215,#1216);
#1214 = CARTESIAN_POINT('',(15.3,-15.6,22.1));
#1215 = DIRECTION('',(1.,0.,0.));
#1216 = DIRECTION('',(0.,0.,1.));
#1217 = ADVANCED_FACE('',(#1218),#1308,.F.);
#1218 = FACE_BOUND('',#1219,.F.);
#1219 = EDGE_LOOP('',(#1220,#1229,#1230,#1231));
#1220 = ORIENTED_EDGE('',*,*,#1221,.F.);
#1221 = EDGE_CURVE('',#127,#1222,#1224,.T.);
#1222 = VERTEX_POINT('',#1223);
#1223 = CARTESIAN_POINT('',(15.3,-13.2,29.946294826378));
#1224 = CIRCLE('',#1225,14.224859546129);
#1225 = AXIS2_PLACEMENT_3D('',#1226,#1227,#1228);
#1226 = CARTESIAN_POINT('',(15.3,-11.,44.));
#1227 = DIRECTION('',(1.,0.,0.));
#1228 = DIRECTION('',(0.,-1.,-5.9E-16));
#1229 = ORIENTED_EDGE('',*,*,#134,.F.);
#1230 = ORIENTED_EDGE('',*,*,#1197,.T.);
#1231 = ORIENTED_EDGE('',*,*,#1232,.T.);
#1232 = EDGE_CURVE('',#1198,#1222,#1233,.T.);
#1233 = B_SPLINE_CURVE_WITH_KNOTS('',5,(#1234,#1235,#1236,#1237,#1238,
    #1239,#1240,#1241,#1242,#1243,#1244,#1245,#1246,#1247,#1248,#1249,
    #1250,#1251,#1252,#1253,#1254,#1255,#1256,#1257,#1258,#1259,#1260,
    #1261,#1262,#1263,#1264,#1265,#1266,#1267,#1268,#1269,#1270,#1271,
    #1272,#1273,#1274,#1275,#1276,#1277,#1278,#1279,#1280,#1281,#1282,
    #1283,#1284,#1285,#1286,#1287,#1288,#1289,#1290,#1291,#1292,#1293,
    #1294,#1295,#1296,#1297,#1298,#1299,#1300,#1301,#1302,#1303,#1304,
    #1305,#1306,#1307),.UNSPECIFIED.,.F.,.F.,(6,4,4,4,4,4,4,4,4,4,4,4,4,
    4,4,4,4,4,6),(0.,4.031285072981E-02,0.12150839152,0.185591645462,
    0.215718067426,0.265572680725,0.318666656091,0.353665807735,
    0.378052000164,0.440623590245,0.526066417891,0.567175349031,
    0.638525618898,0.715624814028,0.765354651684,0.798455193159,
    0.878097552533,0.937818050417,1.),.UNSPECIFIED.);
#1234 = CARTESIAN_POINT('',(18.36,-13.2,34.704318464824));
#1235 = CARTESIAN_POINT('',(18.277943777998,-13.2,34.751173577772));
#1236 = CARTESIAN_POINT('',(18.193910111601,-13.2,34.794548777384));
#1237 = CARTESIAN_POINT('',(18.108087438863,-13.2,34.834316556921));
#1238 = CARTESIAN_POINT('',(18.020676301013,-13.2,34.870366698184));
#1239 = CARTESIAN_POINT('',(17.753060383823,-13.2,34.967541138277));
#1240 = CARTESIAN_POINT('',(17.568636479547,-13.2,35.017022412949));
#1241 = CARTESIAN_POINT('',(17.3803858879,-13.2,35.050284849411));
#1242 = CARTESIAN_POINT('',(17.190182851284,-13.2,35.0669160005));
#1243 = CARTESIAN_POINT('',(16.849884264246,-13.2,35.066914973181));
#1244 = CARTESIAN_POINT('',(16.699772799804,-13.2,35.056554734299));
#1245 = CARTESIAN_POINT('',(16.550616960761,-13.2,35.035834761236));
#1246 = CARTESIAN_POINT('',(16.403347902206,-13.2,35.004914480963));
#1247 = CARTESIAN_POINT('',(16.190939093581,-13.2,34.944908994357));
#1248 = CARTESIAN_POINT('',(16.123629296174,-13.2,34.923532912463));
#1249 = CARTESIAN_POINT('',(16.057026168519,-13.2,34.900000741726));
#1250 = CARTESIAN_POINT('',(15.991218690997,-13.2,34.874350036714));
#1251 = CARTESIAN_POINT('',(15.818849766712,-13.2,34.800742986686));
#1252 = CARTESIAN_POINT('',(15.713819834221,-13.2,34.749179067774));
#1253 = CARTESIAN_POINT('',(15.611591960852,-13.2,34.692130647959));
#1254 = CARTESIAN_POINT('',(15.512523297714,-13.2,34.629835532151));
#1255 = CARTESIAN_POINT('',(15.31515008494,-13.2,34.490919520734));
#1256 = CARTESIAN_POINT('',(15.217312391547,-13.2,34.413630048226));
#1257 = CARTESIAN_POINT('',(15.123824297275,-13.2,34.331019751605));
#1258 = CARTESIAN_POINT('',(15.035036670371,-13.2,34.243448677463));
#1259 = CARTESIAN_POINT('',(14.896036125939,-13.2,34.090562882189));
#1260 = CARTESIAN_POINT('',(14.842989121505,-13.2,34.027834143612));
#1261 = CARTESIAN_POINT('',(14.792208407333,-13.2,33.963228549418));
#1262 = CARTESIAN_POINT('',(14.74377483765,-13.2,33.896861105026));
#1263 = CARTESIAN_POINT('',(14.665700753843,-13.2,33.781463981747));
#1264 = CARTESIAN_POINT('',(14.634815054818,-13.2,33.733279420618));
#1265 = CARTESIAN_POINT('',(14.6051289264,-13.2,33.684337631546));
#1266 = CARTESIAN_POINT('',(14.576665177852,-13.2,33.634679710128));
#1267 = CARTESIAN_POINT('',(14.479600925545,-13.2,33.455202265035));
#1268 = CARTESIAN_POINT('',(14.417942370453,-13.2,33.321617259324));
#1269 = CARTESIAN_POINT('',(14.364823806245,-13.2,33.184302551274));
#1270 = CARTESIAN_POINT('',(14.320517276025,-13.2,33.043994931892));
#1271 = CARTESIAN_POINT('',(14.237002255643,-13.2,32.706820767471));
#1272 = CARTESIAN_POINT('',(14.20557544342,-13.2,32.508019828261));
#1273 = CARTESIAN_POINT('',(14.19141354104,-13.2,32.30700669308));
#1274 = CARTESIAN_POINT('',(14.194698232169,-13.2,32.105776519875));
#1275 = CARTESIAN_POINT('',(14.225182566085,-13.2,31.81040780187));
#1276 = CARTESIAN_POINT('',(14.239089043882,-13.2,31.714878007758));
#1277 = CARTESIAN_POINT('',(14.256982956199,-13.2,31.619990353087));
#1278 = CARTESIAN_POINT('',(14.278829597658,-13.2,31.525967881646));
#1279 = CARTESIAN_POINT('',(14.349262748116,-13.2,31.271728818923));
#1280 = CARTESIAN_POINT('',(14.405698580227,-13.2,31.113695170093));
#1281 = CARTESIAN_POINT('',(14.473603879309,-13.2,30.960094482796));
#1282 = CARTESIAN_POINT('',(14.552537870887,-13.2,30.81204350374));
#1283 = CARTESIAN_POINT('',(14.738433932113,-13.2,30.517756990921));
#1284 = CARTESIAN_POINT('',(14.84714687456,-13.2,30.372621211603));
#1285 = CARTESIAN_POINT('',(14.967246546461,-13.2,30.236527250412));
#1286 = CARTESIAN_POINT('',(15.097751597824,-13.2,30.110673506509));
#1287 = CARTESIAN_POINT('',(15.327591816818,-13.2,29.92219336974));
#1288 = CARTESIAN_POINT('',(15.421548203495,-13.2,29.852979670577));
#1289 = CARTESIAN_POINT('',(15.519022117593,-13.2,29.788732662171));
#1290 = CARTESIAN_POINT('',(15.619667521513,-13.2,29.729693153956));
#1291 = CARTESIAN_POINT('',(15.791962955631,-13.2,29.640370868356));
#1292 = CARTESIAN_POINT('',(15.862055151142,-13.2,29.607073512832));
#1293 = CARTESIAN_POINT('',(15.933277104239,-13.2,29.576233703446));
#1294 = CARTESIAN_POINT('',(16.005514735393,-13.2,29.54790335215));
#1295 = CARTESIAN_POINT('',(16.254618541103,-13.2,29.460104485341));
#1296 = CARTESIAN_POINT('',(16.435790981859,-13.2,29.412861543494));
#1297 = CARTESIAN_POINT('',(16.620504678304,-13.2,29.381010989521));
#1298 = CARTESIAN_POINT('',(16.807028709334,-13.2,29.364866765484));
#1299 = CARTESIAN_POINT('',(17.133470135702,-13.2,29.364110077751));
#1300 = CARTESIAN_POINT('',(17.273380829064,-13.2,29.372620140913));
#1301 = CARTESIAN_POINT('',(17.412566444649,-13.2,29.389966148311));
#1302 = CARTESIAN_POINT('',(17.550291512689,-13.2,29.416051874274));
#1303 = CARTESIAN_POINT('',(17.826967532155,-13.2,29.486745158597));
#1304 = CARTESIAN_POINT('',(17.965738966829,-13.2,29.532072821255));
#1305 = CARTESIAN_POINT('',(18.101337831303,-13.2,29.586449904029));
#1306 = CARTESIAN_POINT('',(18.232997405462,-13.2,29.649552487022));
#1307 = CARTESIAN_POINT('',(18.36,-13.2,29.720955746389));
#1308 = TOROIDAL_SURFACE('',#1309,12.,2.8);
#1309 = AXIS2_PLACEMENT_3D('',#1310,#1311,#1312);
#1310 = CARTESIAN_POINT('',(17.,-11.,44.));
#1311 = DIRECTION('',(1.,0.,0.));
#1312 = DIRECTION('',(0.,-1.,-5.9E-16));
#1313 = ADVANCED_FACE('',(#1314),#1325,.T.);
#1314 = FACE_BOUND('',#1315,.T.);
#1315 = EDGE_LOOP('',(#1316,#1317,#1318,#1324));
#1316 = ORIENTED_EDGE('',*,*,#126,.F.);
#1317 = ORIENTED_EDGE('',*,*,#443,.T.);
#1318 = ORIENTED_EDGE('',*,*,#1319,.T.);
#1319 = EDGE_CURVE('',#436,#1222,#1320,.T.);
#1320 = LINE('',#1321,#1322);
#1321 = CARTESIAN_POINT('',(15.3,-13.2,22.1));
#1322 = VECTOR('',#1323,1.);
#1323 = DIRECTION('',(0.,0.,1.));
#1324 = ORIENTED_EDGE('',*,*,#1221,.F.);
#1325 = PLANE('',#1326);
#1326 = AXIS2_PLACEMENT_3D('',#1327,#1328,#1329);
#1327 = CARTESIAN_POINT('',(15.3,-15.6,22.1));
#1328 = DIRECTION('',(1.,0.,0.));
#1329 = DIRECTION('',(0.,0.,1.));
#1330 = ADVANCED_FACE('',(#1331),#1349,.F.);
#1331 = FACE_BOUND('',#1332,.F.);
#1332 = EDGE_LOOP('',(#1333,#1334,#1335,#1343));
#1333 = ORIENTED_EDGE('',*,*,#583,.F.);
#1334 = ORIENTED_EDGE('',*,*,#359,.T.);
#1335 = ORIENTED_EDGE('',*,*,#1336,.T.);
#1336 = EDGE_CURVE('',#362,#1337,#1339,.T.);
#1337 = VERTEX_POINT('',#1338);
#1338 = CARTESIAN_POINT('',(-10.6,-13.2,28.5));
#1339 = LINE('',#1340,#1341);
#1340 = CARTESIAN_POINT('',(-10.6,-15.7,28.5));
#1341 = VECTOR('',#1342,1.);
#1342 = DIRECTION('',(0.,1.,0.));
#1343 = ORIENTED_EDGE('',*,*,#1344,.F.);
#1344 = EDGE_CURVE('',#584,#1337,#1345,.T.);
#1345 = LINE('',#1346,#1347);
#1346 = CARTESIAN_POINT('',(-10.6,-13.2,25.3));
#1347 = VECTOR('',#1348,1.);
#1348 = DIRECTION('',(0.,0.,-1.));
#1349 = PLANE('',#1350);
#1350 = AXIS2_PLACEMENT_3D('',#1351,#1352,#1353);
#1351 = CARTESIAN_POINT('',(-10.6,-15.7,28.5));
#1352 = DIRECTION('',(1.,0.,0.));
#1353 = DIRECTION('',(0.,0.,1.));
#1354 = ADVANCED_FACE('',(#1355),#1373,.T.);
#1355 = FACE_BOUND('',#1356,.T.);
#1356 = EDGE_LOOP('',(#1357,#1365,#1366,#1367));
#1357 = ORIENTED_EDGE('',*,*,#1358,.F.);
#1358 = EDGE_CURVE('',#370,#1359,#1361,.T.);
#1359 = VERTEX_POINT('',#1360);
#1360 = CARTESIAN_POINT('',(-13.4,-13.2,28.5));
#1361 = LINE('',#1362,#1363);
#1362 = CARTESIAN_POINT('',(-13.4,-15.7,28.5));
#1363 = VECTOR('',#1364,1.);
#1364 = DIRECTION('',(0.,1.,0.));
#1365 = ORIENTED_EDGE('',*,*,#369,.T.);
#1366 = ORIENTED_EDGE('',*,*,#1336,.T.);
#1367 = ORIENTED_EDGE('',*,*,#1368,.F.);
#1368 = EDGE_CURVE('',#1359,#1337,#1369,.T.);
#1369 = LINE('',#1370,#1371);
#1370 = CARTESIAN_POINT('',(-14.35,-13.2,28.5));
#1371 = VECTOR('',#1372,1.);
#1372 = DIRECTION('',(1.,0.,0.));
#1373 = PLANE('',#1374);
#1374 = AXIS2_PLACEMENT_3D('',#1375,#1376,#1377);
#1375 = CARTESIAN_POINT('',(-13.4,-15.7,28.5));
#1376 = DIRECTION('',(0.,0.,1.));
#1377 = DIRECTION('',(1.,0.,0.));
#1378 = ADVANCED_FACE('',(#1379),#1390,.T.);
#1379 = FACE_BOUND('',#1380,.T.);
#1380 = EDGE_LOOP('',(#1381,#1382,#1383,#1384));
#1381 = ORIENTED_EDGE('',*,*,#576,.F.);
#1382 = ORIENTED_EDGE('',*,*,#377,.T.);
#1383 = ORIENTED_EDGE('',*,*,#1358,.T.);
#1384 = ORIENTED_EDGE('',*,*,#1385,.F.);
#1385 = EDGE_CURVE('',#569,#1359,#1386,.T.);
#1386 = LINE('',#1387,#1388);
#1387 = CARTESIAN_POINT('',(-13.4,-13.2,25.3));
#1388 = VECTOR('',#1389,1.);
#1389 = DIRECTION('',(0.,0.,-1.));
#1390 = PLANE('',#1391);
#1391 = AXIS2_PLACEMENT_3D('',#1392,#1393,#1394);
#1392 = CARTESIAN_POINT('',(-13.4,-15.7,28.5));
#1393 = DIRECTION('',(1.,0.,0.));
#1394 = DIRECTION('',(0.,0.,1.));
#1395 = ADVANCED_FACE('',(#1396),#1414,.F.);
#1396 = FACE_BOUND('',#1397,.F.);
#1397 = EDGE_LOOP('',(#1398,#1399,#1400,#1408));
#1398 = ORIENTED_EDGE('',*,*,#606,.F.);
#1399 = ORIENTED_EDGE('',*,*,#393,.T.);
#1400 = ORIENTED_EDGE('',*,*,#1401,.T.);
#1401 = EDGE_CURVE('',#396,#1402,#1404,.T.);
#1402 = VERTEX_POINT('',#1403);
#1403 = CARTESIAN_POINT('',(13.4,-13.2,28.5));
#1404 = LINE('',#1405,#1406);
#1405 = CARTESIAN_POINT('',(13.4,-15.7,28.5));
#1406 = VECTOR('',#1407,1.);
#1407 = DIRECTION('',(0.,1.,0.));
#1408 = ORIENTED_EDGE('',*,*,#1409,.F.);
#1409 = EDGE_CURVE('',#607,#1402,#1410,.T.);
#1410 = LINE('',#1411,#1412);
#1411 = CARTESIAN_POINT('',(13.4,-13.2,25.3));
#1412 = VECTOR('',#1413,1.);
#1413 = DIRECTION('',(0.,0.,-1.));
#1414 = PLANE('',#1415);
#1415 = AXIS2_PLACEMENT_3D('',#1416,#1417,#1418);
#1416 = CARTESIAN_POINT('',(13.4,-15.7,28.5));
#1417 = DIRECTION('',(1.,0.,0.));
#1418 = DIRECTION('',(0.,0.,1.));
#1419 = ADVANCED_FACE('',(#1420),#1438,.T.);
#1420 = FACE_BOUND('',#1421,.T.);
#1421 = EDGE_LOOP('',(#1422,#1430,#1431,#1432));
#1422 = ORIENTED_EDGE('',*,*,#1423,.F.);
#1423 = EDGE_CURVE('',#404,#1424,#1426,.T.);
#1424 = VERTEX_POINT('',#1425);
#1425 = CARTESIAN_POINT('',(10.6,-13.2,28.5));
#1426 = LINE('',#1427,#1428);
#1427 = CARTESIAN_POINT('',(10.6,-15.7,28.5));
#1428 = VECTOR('',#1429,1.);
#1429 = DIRECTION('',(0.,1.,0.));
#1430 = ORIENTED_EDGE('',*,*,#403,.T.);
#1431 = ORIENTED_EDGE('',*,*,#1401,.T.);
#1432 = ORIENTED_EDGE('',*,*,#1433,.F.);
#1433 = EDGE_CURVE('',#1424,#1402,#1434,.T.);
#1434 = LINE('',#1435,#1436);
#1435 = CARTESIAN_POINT('',(-2.35,-13.2,28.5));
#1436 = VECTOR('',#1437,1.);
#1437 = DIRECTION('',(1.,0.,0.));
#1438 = PLANE('',#1439);
#1439 = AXIS2_PLACEMENT_3D('',#1440,#1441,#1442);
#1440 = CARTESIAN_POINT('',(10.6,-15.7,28.5));
#1441 = DIRECTION('',(0.,0.,1.));
#1442 = DIRECTION('',(1.,0.,0.));
#1443 = ADVANCED_FACE('',(#1444),#1455,.T.);
#1444 = FACE_BOUND('',#1445,.T.);
#1445 = EDGE_LOOP('',(#1446,#1447,#1448,#1449));
#1446 = ORIENTED_EDGE('',*,*,#599,.F.);
#1447 = ORIENTED_EDGE('',*,*,#411,.T.);
#1448 = ORIENTED_EDGE('',*,*,#1423,.T.);
#1449 = ORIENTED_EDGE('',*,*,#1450,.F.);
#1450 = EDGE_CURVE('',#592,#1424,#1451,.T.);
#1451 = LINE('',#1452,#1453);
#1452 = CARTESIAN_POINT('',(10.6,-13.2,25.3));
#1453 = VECTOR('',#1454,1.);
#1454 = DIRECTION('',(0.,0.,-1.));
#1455 = PLANE('',#1456);
#1456 = AXIS2_PLACEMENT_3D('',#1457,#1458,#1459);
#1457 = CARTESIAN_POINT('',(10.6,-15.7,28.5));
#1458 = DIRECTION('',(1.,0.,0.));
#1459 = DIRECTION('',(0.,0.,1.));
#1460 = ADVANCED_FACE('',(#1461),#1484,.T.);
#1461 = FACE_BOUND('',#1462,.T.);
#1462 = EDGE_LOOP('',(#1463,#1464,#1465,#1466,#1467,#1468,#1469,#1470,
    #1471,#1472,#1473,#1474,#1480,#1481,#1482,#1483));
#1463 = ORIENTED_EDGE('',*,*,#433,.F.);
#1464 = ORIENTED_EDGE('',*,*,#511,.T.);
#1465 = ORIENTED_EDGE('',*,*,#568,.F.);
#1466 = ORIENTED_EDGE('',*,*,#1385,.T.);
#1467 = ORIENTED_EDGE('',*,*,#1368,.T.);
#1468 = ORIENTED_EDGE('',*,*,#1344,.F.);
#1469 = ORIENTED_EDGE('',*,*,#591,.F.);
#1470 = ORIENTED_EDGE('',*,*,#1450,.T.);
#1471 = ORIENTED_EDGE('',*,*,#1433,.T.);
#1472 = ORIENTED_EDGE('',*,*,#1409,.F.);
#1473 = ORIENTED_EDGE('',*,*,#614,.F.);
#1474 = ORIENTED_EDGE('',*,*,#1475,.T.);
#1475 = EDGE_CURVE('',#615,#1166,#1476,.T.);
#1476 = LINE('',#1477,#1478);
#1477 = CARTESIAN_POINT('',(14.,-13.2,25.75));
#1478 = VECTOR('',#1479,1.);
#1479 = DIRECTION('',(0.,0.,1.));
#1480 = ORIENTED_EDGE('',*,*,#1173,.F.);
#1481 = ORIENTED_EDGE('',*,*,#1206,.F.);
#1482 = ORIENTED_EDGE('',*,*,#1232,.T.);
#1483 = ORIENTED_EDGE('',*,*,#1319,.F.);
#1484 = PLANE('',#1485);
#1485 = AXIS2_PLACEMENT_3D('',#1486,#1487,#1488);
#1486 = CARTESIAN_POINT('',(-15.3,-13.2,22.1));
#1487 = DIRECTION('',(0.,1.,0.));
#1488 = DIRECTION('',(0.,0.,1.));
#1489 = ADVANCED_FACE('',(#1490),#1515,.T.);
#1490 = FACE_BOUND('',#1491,.T.);
#1491 = EDGE_LOOP('',(#1492,#1493,#1501,#1509));
#1492 = ORIENTED_EDGE('',*,*,#533,.F.);
#1493 = ORIENTED_EDGE('',*,*,#1494,.T.);
#1494 = EDGE_CURVE('',#534,#1495,#1497,.T.);
#1495 = VERTEX_POINT('',#1496);
#1496 = CARTESIAN_POINT('',(-27.82247293106,-12.,35.));
#1497 = LINE('',#1498,#1499);
#1498 = CARTESIAN_POINT('',(-27.82247293106,-12.,29.5));
#1499 = VECTOR('',#1500,1.);
#1500 = DIRECTION('',(0.,0.,1.));
#1501 = ORIENTED_EDGE('',*,*,#1502,.T.);
#1502 = EDGE_CURVE('',#1495,#1503,#1505,.T.);
#1503 = VERTEX_POINT('',#1504);
#1504 = CARTESIAN_POINT('',(14.,-12.,35.));
#1505 = LINE('',#1506,#1507);
#1506 = CARTESIAN_POINT('',(-30.,-12.,35.));
#1507 = VECTOR('',#1508,1.);
#1508 = DIRECTION('',(1.,0.,0.));
#1509 = ORIENTED_EDGE('',*,*,#1510,.F.);
#1510 = EDGE_CURVE('',#536,#1503,#1511,.T.);
#1511 = LINE('',#1512,#1513);
#1512 = CARTESIAN_POINT('',(14.,-12.,29.4));
#1513 = VECTOR('',#1514,1.);
#1514 = DIRECTION('',(0.,0.,1.));
#1515 = PLANE('',#1516);
#1516 = AXIS2_PLACEMENT_3D('',#1517,#1518,#1519);
#1517 = CARTESIAN_POINT('',(-6.911236465534,-12.,32.25));
#1518 = DIRECTION('',(0.,1.,0.));
#1519 = DIRECTION('',(0.,0.,1.));
#1520 = ADVANCED_FACE('',(#1521),#1533,.T.);
#1521 = FACE_BOUND('',#1522,.T.);
#1522 = EDGE_LOOP('',(#1523,#1524,#1525,#1526,#1527));
#1523 = ORIENTED_EDGE('',*,*,#1165,.F.);
#1524 = ORIENTED_EDGE('',*,*,#1475,.F.);
#1525 = ORIENTED_EDGE('',*,*,#622,.T.);
#1526 = ORIENTED_EDGE('',*,*,#1510,.T.);
#1527 = ORIENTED_EDGE('',*,*,#1528,.T.);
#1528 = EDGE_CURVE('',#1503,#1158,#1529,.T.);
#1529 = LINE('',#1530,#1531);
#1530 = CARTESIAN_POINT('',(14.,-12.,29.4));
#1531 = VECTOR('',#1532,1.);
#1532 = DIRECTION('',(0.,0.,1.));
#1533 = PLANE('',#1534);
#1534 = AXIS2_PLACEMENT_3D('',#1535,#1536,#1537);
#1535 = CARTESIAN_POINT('',(14.,-19.,29.4));
#1536 = DIRECTION('',(1.,0.,0.));
#1537 = DIRECTION('',(0.,0.,1.));
#1538 = ADVANCED_FACE('',(#1539,#2029,#2074),#2119,.T.);
#1539 = FACE_BOUND('',#1540,.T.);
#1540 = EDGE_LOOP('',(#1541,#1549,#1550,#1551,#1552,#1553,#1562,#1569,
    #1570,#1571,#1572,#1581,#1588,#1589,#1590,#1591,#1592,#1593,#1594,
    #1602,#1610,#1618,#1626,#1634,#1642,#1650,#1658,#1666,#1674,#1682,
    #1690,#1698,#1706,#1714,#1722,#1730,#1738,#1746,#1754,#1762,#1770,
    #1778,#1786,#1794,#1802,#1810,#1818,#1826,#1835,#1844,#1852,#1860,
    #1868,#1877,#1886,#1894,#1902,#1911,#1919,#1927,#1935,#1943,#1951,
    #1959,#1967,#1975,#1983,#1991,#1999,#2007,#2015,#2023));
#1541 = ORIENTED_EDGE('',*,*,#1542,.F.);
#1542 = EDGE_CURVE('',#544,#1543,#1545,.T.);
#1543 = VERTEX_POINT('',#1544);
#1544 = CARTESIAN_POINT('',(-24.37396151633,-18.,44.));
#1545 = LINE('',#1546,#1547);
#1546 = CARTESIAN_POINT('',(-24.37396151634,-18.,29.5));
#1547 = VECTOR('',#1548,1.);
#1548 = DIRECTION('',(0.,0.,1.));
#1549 = ORIENTED_EDGE('',*,*,#552,.T.);
#1550 = ORIENTED_EDGE('',*,*,#644,.T.);
#1551 = ORIENTED_EDGE('',*,*,#661,.F.);
#1552 = ORIENTED_EDGE('',*,*,#694,.F.);
#1553 = ORIENTED_EDGE('',*,*,#1554,.T.);
#1554 = EDGE_CURVE('',#685,#1555,#1557,.T.);
#1555 = VERTEX_POINT('',#1556);
#1556 = CARTESIAN_POINT('',(-10.,-18.,54.2));
#1557 = CIRCLE('',#1558,1.2);
#1558 = AXIS2_PLACEMENT_3D('',#1559,#1560,#1561);
#1559 = CARTESIAN_POINT('',(-10.,-18.,53.));
#1560 = DIRECTION('',(0.,1.,0.));
#1561 = DIRECTION('',(0.,0.,1.));
#1562 = ORIENTED_EDGE('',*,*,#1563,.T.);
#1563 = EDGE_CURVE('',#1555,#807,#1564,.T.);
#1564 = CIRCLE('',#1565,1.2);
#1565 = AXIS2_PLACEMENT_3D('',#1566,#1567,#1568);
#1566 = CARTESIAN_POINT('',(-10.,-18.,53.));
#1567 = DIRECTION('',(0.,1.,0.));
#1568 = DIRECTION('',(0.,0.,1.));
#1569 = ORIENTED_EDGE('',*,*,#806,.F.);
#1570 = ORIENTED_EDGE('',*,*,#854,.F.);
#1571 = ORIENTED_EDGE('',*,*,#886,.F.);
#1572 = ORIENTED_EDGE('',*,*,#1573,.T.);
#1573 = EDGE_CURVE('',#877,#1574,#1576,.T.);
#1574 = VERTEX_POINT('',#1575);
#1575 = CARTESIAN_POINT('',(10.,-18.,54.2));
#1576 = CIRCLE('',#1577,1.2);
#1577 = AXIS2_PLACEMENT_3D('',#1578,#1579,#1580);
#1578 = CARTESIAN_POINT('',(10.,-18.,53.));
#1579 = DIRECTION('',(0.,1.,0.));
#1580 = DIRECTION('',(0.,0.,1.));
#1581 = ORIENTED_EDGE('',*,*,#1582,.T.);
#1582 = EDGE_CURVE('',#1574,#999,#1583,.T.);
#1583 = CIRCLE('',#1584,1.2);
#1584 = AXIS2_PLACEMENT_3D('',#1585,#1586,#1587);
#1585 = CARTESIAN_POINT('',(10.,-18.,53.));
#1586 = DIRECTION('',(0.,1.,0.));
#1587 = DIRECTION('',(0.,0.,1.));
#1588 = ORIENTED_EDGE('',*,*,#998,.F.);
#1589 = ORIENTED_EDGE('',*,*,#1044,.F.);
#1590 = ORIENTED_EDGE('',*,*,#1069,.F.);
#1591 = ORIENTED_EDGE('',*,*,#1102,.T.);
#1592 = ORIENTED_EDGE('',*,*,#1124,.F.);
#1593 = ORIENTED_EDGE('',*,*,#1141,.T.);
#1594 = ORIENTED_EDGE('',*,*,#1595,.T.);
#1595 = EDGE_CURVE('',#1142,#1596,#1598,.T.);
#1596 = VERTEX_POINT('',#1597);
#1597 = CARTESIAN_POINT('',(21.,-18.,29.5));
#1598 = LINE('',#1599,#1600);
#1599 = CARTESIAN_POINT('',(21.,-18.,29.45));
#1600 = VECTOR('',#1601,1.);
#1601 = DIRECTION('',(0.,0.,-1.));
#1602 = ORIENTED_EDGE('',*,*,#1603,.T.);
#1603 = EDGE_CURVE('',#1596,#1604,#1606,.T.);
#1604 = VERTEX_POINT('',#1605);
#1605 = CARTESIAN_POINT('',(24.37396151634,-18.,29.5));
#1606 = LINE('',#1607,#1608);
#1607 = CARTESIAN_POINT('',(-31.,-18.,29.5));
#1608 = VECTOR('',#1609,1.);
#1609 = DIRECTION('',(1.,0.,0.));
#1610 = ORIENTED_EDGE('',*,*,#1611,.T.);
#1611 = EDGE_CURVE('',#1604,#1612,#1614,.T.);
#1612 = VERTEX_POINT('',#1613);
#1613 = CARTESIAN_POINT('',(24.373961516339,-18.,44.));
#1614 = LINE('',#1615,#1616);
#1615 = CARTESIAN_POINT('',(24.37396151634,-18.,29.5));
#1616 = VECTOR('',#1617,1.);
#1617 = DIRECTION('',(0.,0.,1.));
#1618 = ORIENTED_EDGE('',*,*,#1619,.F.);
#1619 = EDGE_CURVE('',#1620,#1612,#1622,.T.);
#1620 = VERTEX_POINT('',#1621);
#1621 = CARTESIAN_POINT('',(22.8,-18.,44.));
#1622 = LINE('',#1623,#1624);
#1623 = CARTESIAN_POINT('',(-4.1,-18.,44.));
#1624 = VECTOR('',#1625,1.);
#1625 = DIRECTION('',(1.,0.,0.));
#1626 = ORIENTED_EDGE('',*,*,#1627,.F.);
#1627 = EDGE_CURVE('',#1628,#1620,#1630,.T.);
#1628 = VERTEX_POINT('',#1629);
#1629 = CARTESIAN_POINT('',(22.8,-18.,50.));
#1630 = LINE('',#1631,#1632);
#1631 = CARTESIAN_POINT('',(22.8,-18.,36.75));
#1632 = VECTOR('',#1633,1.);
#1633 = DIRECTION('',(0.,0.,-1.));
#1634 = ORIENTED_EDGE('',*,*,#1635,.T.);
#1635 = EDGE_CURVE('',#1628,#1636,#1638,.T.);
#1636 = VERTEX_POINT('',#1637);
#1637 = CARTESIAN_POINT('',(24.373961516339,-18.,50.));
#1638 = LINE('',#1639,#1640);
#1639 = CARTESIAN_POINT('',(-4.1,-18.,50.));
#1640 = VECTOR('',#1641,1.);
#1641 = DIRECTION('',(1.,0.,0.));
#1642 = ORIENTED_EDGE('',*,*,#1643,.T.);
#1643 = EDGE_CURVE('',#1636,#1644,#1646,.T.);
#1644 = VERTEX_POINT('',#1645);
#1645 = CARTESIAN_POINT('',(24.373961516339,-18.,99.));
#1646 = LINE('',#1647,#1648);
#1647 = CARTESIAN_POINT('',(24.37396151634,-18.,29.5));
#1648 = VECTOR('',#1649,1.);
#1649 = DIRECTION('',(0.,0.,1.));
#1650 = ORIENTED_EDGE('',*,*,#1651,.F.);
#1651 = EDGE_CURVE('',#1652,#1644,#1654,.T.);
#1652 = VERTEX_POINT('',#1653);
#1653 = CARTESIAN_POINT('',(22.8,-18.,99.));
#1654 = LINE('',#1655,#1656);
#1655 = CARTESIAN_POINT('',(-4.1,-18.,99.));
#1656 = VECTOR('',#1657,1.);
#1657 = DIRECTION('',(1.,0.,0.));
#1658 = ORIENTED_EDGE('',*,*,#1659,.F.);
#1659 = EDGE_CURVE('',#1660,#1652,#1662,.T.);
#1660 = VERTEX_POINT('',#1661);
#1661 = CARTESIAN_POINT('',(22.8,-18.,105.));
#1662 = LINE('',#1663,#1664);
#1663 = CARTESIAN_POINT('',(22.8,-18.,64.25));
#1664 = VECTOR('',#1665,1.);
#1665 = DIRECTION('',(0.,0.,-1.));
#1666 = ORIENTED_EDGE('',*,*,#1667,.T.);
#1667 = EDGE_CURVE('',#1660,#1668,#1670,.T.);
#1668 = VERTEX_POINT('',#1669);
#1669 = CARTESIAN_POINT('',(24.373961516339,-18.,105.));
#1670 = LINE('',#1671,#1672);
#1671 = CARTESIAN_POINT('',(-4.1,-18.,105.));
#1672 = VECTOR('',#1673,1.);
#1673 = DIRECTION('',(1.,0.,0.));
#1674 = ORIENTED_EDGE('',*,*,#1675,.T.);
#1675 = EDGE_CURVE('',#1668,#1676,#1678,.T.);
#1676 = VERTEX_POINT('',#1677);
#1677 = CARTESIAN_POINT('',(24.373961516339,-18.,111.0219757592));
#1678 = LINE('',#1679,#1680);
#1679 = CARTESIAN_POINT('',(24.37396151634,-18.,29.5));
#1680 = VECTOR('',#1681,1.);
#1681 = DIRECTION('',(0.,0.,1.));
#1682 = ORIENTED_EDGE('',*,*,#1683,.F.);
#1683 = EDGE_CURVE('',#1684,#1676,#1686,.T.);
#1684 = VERTEX_POINT('',#1685);
#1685 = CARTESIAN_POINT('',(22.,-18.,109.6513684387));
#1686 = LINE('',#1687,#1688);
#1687 = CARTESIAN_POINT('',(-13.778280304,-18.,88.994768674044));
#1688 = VECTOR('',#1689,1.);
#1689 = DIRECTION('',(0.866025403784,0.,0.5));
#1690 = ORIENTED_EDGE('',*,*,#1691,.F.);
#1691 = EDGE_CURVE('',#1692,#1684,#1694,.T.);
#1692 = VERTEX_POINT('',#1693);
#1693 = CARTESIAN_POINT('',(19.1,-18.,111.32568421935));
#1694 = LINE('',#1695,#1696);
#1695 = CARTESIAN_POINT('',(19.478280304,-18.,111.107283984));
#1696 = VECTOR('',#1697,1.);
#1697 = DIRECTION('',(0.866025403784,0.,-0.5));
#1698 = ORIENTED_EDGE('',*,*,#1699,.F.);
#1699 = EDGE_CURVE('',#1700,#1692,#1702,.T.);
#1700 = VERTEX_POINT('',#1701);
#1701 = CARTESIAN_POINT('',(19.1,-18.,114.67431578065));
#1702 = LINE('',#1703,#1704);
#1703 = CARTESIAN_POINT('',(19.1,-18.,70.412842109675));
#1704 = VECTOR('',#1705,1.);
#1705 = DIRECTION('',(2.7E-16,0.,-1.));
#1706 = ORIENTED_EDGE('',*,*,#1707,.F.);
#1707 = EDGE_CURVE('',#1708,#1700,#1710,.T.);
#1708 = VERTEX_POINT('',#1709);
#1709 = CARTESIAN_POINT('',(22.,-18.,116.3486315613));
#1710 = LINE('',#1711,#1712);
#1711 = CARTESIAN_POINT('',(-18.128280304,-18.,93.180558125669));
#1712 = VECTOR('',#1713,1.);
#1713 = DIRECTION('',(-0.866025403784,0.,-0.5));
#1714 = ORIENTED_EDGE('',*,*,#1715,.F.);
#1715 = EDGE_CURVE('',#1716,#1708,#1718,.T.);
#1716 = VERTEX_POINT('',#1717);
#1717 = CARTESIAN_POINT('',(24.373961516339,-18.,114.97802424079));
#1718 = LINE('',#1719,#1720);
#1719 = CARTESIAN_POINT('',(20.928280304,-18.,116.96738921628));
#1720 = VECTOR('',#1721,1.);
#1721 = DIRECTION('',(-0.866025403784,0.,0.5));
#1722 = ORIENTED_EDGE('',*,*,#1723,.T.);
#1723 = EDGE_CURVE('',#1716,#1724,#1726,.T.);
#1724 = VERTEX_POINT('',#1725);
#1725 = CARTESIAN_POINT('',(24.37396151634,-18.,116.5));
#1726 = LINE('',#1727,#1728);
#1727 = CARTESIAN_POINT('',(24.37396151634,-18.,29.5));
#1728 = VECTOR('',#1729,1.);
#1729 = DIRECTION('',(0.,0.,1.));
#1730 = ORIENTED_EDGE('',*,*,#1731,.F.);
#1731 = EDGE_CURVE('',#1732,#1724,#1734,.T.);
#1732 = VERTEX_POINT('',#1733);
#1733 = CARTESIAN_POINT('',(17.5,-18.,116.5));
#1734 = LINE('',#1735,#1736);
#1735 = CARTESIAN_POINT('',(-31.,-18.,116.5));
#1736 = VECTOR('',#1737,1.);
#1737 = DIRECTION('',(1.,0.,0.));
#1738 = ORIENTED_EDGE('',*,*,#1739,.T.);
#1739 = EDGE_CURVE('',#1732,#1740,#1742,.T.);
#1740 = VERTEX_POINT('',#1741);
#1741 = CARTESIAN_POINT('',(17.5,-18.,119.));
#1742 = LINE('',#1743,#1744);
#1743 = CARTESIAN_POINT('',(17.5,-18.,108.));
#1744 = VECTOR('',#1745,1.);
#1745 = DIRECTION('',(0.,0.,1.));
#1746 = ORIENTED_EDGE('',*,*,#1747,.F.);
#1747 = EDGE_CURVE('',#1748,#1740,#1750,.T.);
#1748 = VERTEX_POINT('',#1749);
#1749 = CARTESIAN_POINT('',(14.,-18.,119.));
#1750 = LINE('',#1751,#1752);
#1751 = CARTESIAN_POINT('',(-1.75,-18.,119.));
#1752 = VECTOR('',#1753,1.);
#1753 = DIRECTION('',(1.,0.,0.));
#1754 = ORIENTED_EDGE('',*,*,#1755,.F.);
#1755 = EDGE_CURVE('',#1756,#1748,#1758,.T.);
#1756 = VERTEX_POINT('',#1757);
#1757 = CARTESIAN_POINT('',(14.,-18.,123.));
#1758 = LINE('',#1759,#1760);
#1759 = CARTESIAN_POINT('',(14.,-18.,113.5));
#1760 = VECTOR('',#1761,1.);
#1761 = DIRECTION('',(0.,0.,-1.));
#1762 = ORIENTED_EDGE('',*,*,#1763,.F.);
#1763 = EDGE_CURVE('',#1764,#1756,#1766,.T.);
#1764 = VERTEX_POINT('',#1765);
#1765 = CARTESIAN_POINT('',(13.4,-18.,123.));
#1766 = LINE('',#1767,#1768);
#1767 = CARTESIAN_POINT('',(-17.5,-18.,123.));
#1768 = VECTOR('',#1769,1.);
#1769 = DIRECTION('',(1.,0.,0.));
#1770 = ORIENTED_EDGE('',*,*,#1771,.F.);
#1771 = EDGE_CURVE('',#1772,#1764,#1774,.T.);
#1772 = VERTEX_POINT('',#1773);
#1773 = CARTESIAN_POINT('',(13.4,-18.,96.4));
#1774 = LINE('',#1775,#1776);
#1775 = CARTESIAN_POINT('',(13.4,-18.,86.000933649124));
#1776 = VECTOR('',#1777,1.);
#1777 = DIRECTION('',(0.,0.,1.));
#1778 = ORIENTED_EDGE('',*,*,#1779,.T.);
#1779 = EDGE_CURVE('',#1772,#1780,#1782,.T.);
#1780 = VERTEX_POINT('',#1781);
#1781 = CARTESIAN_POINT('',(12.6,-18.,96.4));
#1782 = LINE('',#1783,#1784);
#1783 = CARTESIAN_POINT('',(-6.067833195678,-18.,96.4));
#1784 = VECTOR('',#1785,1.);
#1785 = DIRECTION('',(-1.,0.,0.));
#1786 = ORIENTED_EDGE('',*,*,#1787,.F.);
#1787 = EDGE_CURVE('',#1788,#1780,#1790,.T.);
#1788 = VERTEX_POINT('',#1789);
#1789 = CARTESIAN_POINT('',(12.6,-18.,94.6));
#1790 = LINE('',#1791,#1792);
#1791 = CARTESIAN_POINT('',(12.6,-18.,85.100933649124));
#1792 = VECTOR('',#1793,1.);
#1793 = DIRECTION('',(0.,0.,1.));
#1794 = ORIENTED_EDGE('',*,*,#1795,.T.);
#1795 = EDGE_CURVE('',#1788,#1796,#1798,.T.);
#1796 = VERTEX_POINT('',#1797);
#1797 = CARTESIAN_POINT('',(-12.6,-18.,94.6));
#1798 = LINE('',#1799,#1800);
#1799 = CARTESIAN_POINT('',(-5.667833195678,-18.,94.6));
#1800 = VECTOR('',#1801,1.);
#1801 = DIRECTION('',(-1.,0.,0.));
#1802 = ORIENTED_EDGE('',*,*,#1803,.T.);
#1803 = EDGE_CURVE('',#1796,#1804,#1806,.T.);
#1804 = VERTEX_POINT('',#1805);
#1805 = CARTESIAN_POINT('',(-12.6,-18.,96.4));
#1806 = LINE('',#1807,#1808);
#1807 = CARTESIAN_POINT('',(-12.6,-18.,85.100933649124));
#1808 = VECTOR('',#1809,1.);
#1809 = DIRECTION('',(0.,0.,1.));
#1810 = ORIENTED_EDGE('',*,*,#1811,.T.);
#1811 = EDGE_CURVE('',#1804,#1812,#1814,.T.);
#1812 = VERTEX_POINT('',#1813);
#1813 = CARTESIAN_POINT('',(-13.4,-18.,96.4));
#1814 = LINE('',#1815,#1816);
#1815 = CARTESIAN_POINT('',(-6.067833195678,-18.,96.4));
#1816 = VECTOR('',#1817,1.);
#1817 = DIRECTION('',(-1.,0.,0.));
#1818 = ORIENTED_EDGE('',*,*,#1819,.T.);
#1819 = EDGE_CURVE('',#1812,#1820,#1822,.T.);
#1820 = VERTEX_POINT('',#1821);
#1821 = CARTESIAN_POINT('',(-13.4,-18.,108.49003311294));
#1822 = LINE('',#1823,#1824);
#1823 = CARTESIAN_POINT('',(-13.4,-18.,86.000933649124));
#1824 = VECTOR('',#1825,1.);
#1825 = DIRECTION('',(0.,0.,1.));
#1826 = ORIENTED_EDGE('',*,*,#1827,.F.);
#1827 = EDGE_CURVE('',#1828,#1820,#1830,.T.);
#1828 = VERTEX_POINT('',#1829);
#1829 = CARTESIAN_POINT('',(-15.,-18.,107.8));
#1830 = CIRCLE('',#1831,2.2);
#1831 = AXIS2_PLACEMENT_3D('',#1832,#1833,#1834);
#1832 = CARTESIAN_POINT('',(-15.,-18.,110.));
#1833 = DIRECTION('',(0.,-1.,0.));
#1834 = DIRECTION('',(0.,0.,-1.));
#1835 = ORIENTED_EDGE('',*,*,#1836,.F.);
#1836 = EDGE_CURVE('',#1837,#1828,#1839,.T.);
#1837 = VERTEX_POINT('',#1838);
#1838 = CARTESIAN_POINT('',(-13.4,-18.,111.50996688705));
#1839 = CIRCLE('',#1840,2.2);
#1840 = AXIS2_PLACEMENT_3D('',#1841,#1842,#1843);
#1841 = CARTESIAN_POINT('',(-15.,-18.,110.));
#1842 = DIRECTION('',(0.,-1.,0.));
#1843 = DIRECTION('',(0.,0.,-1.));
#1844 = ORIENTED_EDGE('',*,*,#1845,.T.);
#1845 = EDGE_CURVE('',#1837,#1846,#1848,.T.);
#1846 = VERTEX_POINT('',#1847);
#1847 = CARTESIAN_POINT('',(-13.4,-18.,123.));
#1848 = LINE('',#1849,#1850);
#1849 = CARTESIAN_POINT('',(-13.4,-18.,86.000933649124));
#1850 = VECTOR('',#1851,1.);
#1851 = DIRECTION('',(0.,0.,1.));
#1852 = ORIENTED_EDGE('',*,*,#1853,.F.);
#1853 = EDGE_CURVE('',#1854,#1846,#1856,.T.);
#1854 = VERTEX_POINT('',#1855);
#1855 = CARTESIAN_POINT('',(-17.5,-18.,123.));
#1856 = LINE('',#1857,#1858);
#1857 = CARTESIAN_POINT('',(-17.5,-18.,123.));
#1858 = VECTOR('',#1859,1.);
#1859 = DIRECTION('',(1.,0.,0.));
#1860 = ORIENTED_EDGE('',*,*,#1861,.F.);
#1861 = EDGE_CURVE('',#1862,#1854,#1864,.T.);
#1862 = VERTEX_POINT('',#1863);
#1863 = CARTESIAN_POINT('',(-17.5,-18.,119.74422193972));
#1864 = LINE('',#1865,#1866);
#1865 = CARTESIAN_POINT('',(-17.5,-18.,108.));
#1866 = VECTOR('',#1867,1.);
#1867 = DIRECTION('',(0.,0.,1.));
#1868 = ORIENTED_EDGE('',*,*,#1869,.F.);
#1869 = EDGE_CURVE('',#1870,#1862,#1872,.T.);
#1870 = VERTEX_POINT('',#1871);
#1871 = CARTESIAN_POINT('',(-17.00930972311,-18.,118.5));
#1872 = ELLIPSE('',#1873,2.390690276887,2.05);
#1873 = AXIS2_PLACEMENT_3D('',#1874,#1875,#1876);
#1874 = CARTESIAN_POINT('',(-19.4,-18.,118.5));
#1875 = DIRECTION('',(-0.,-1.,-0.));
#1876 = DIRECTION('',(-1.,0.,0.));
#1877 = ORIENTED_EDGE('',*,*,#1878,.F.);
#1878 = EDGE_CURVE('',#1879,#1870,#1881,.T.);
#1879 = VERTEX_POINT('',#1880);
#1880 = CARTESIAN_POINT('',(-17.5,-18.,117.25577806027));
#1881 = ELLIPSE('',#1882,2.390690276887,2.05);
#1882 = AXIS2_PLACEMENT_3D('',#1883,#1884,#1885);
#1883 = CARTESIAN_POINT('',(-19.4,-18.,118.5));
#1884 = DIRECTION('',(-0.,-1.,-0.));
#1885 = DIRECTION('',(-1.,0.,0.));
#1886 = ORIENTED_EDGE('',*,*,#1887,.F.);
#1887 = EDGE_CURVE('',#1888,#1879,#1890,.T.);
#1888 = VERTEX_POINT('',#1889);
#1889 = CARTESIAN_POINT('',(-17.5,-18.,116.5));
#1890 = LINE('',#1891,#1892);
#1891 = CARTESIAN_POINT('',(-17.5,-18.,108.));
#1892 = VECTOR('',#1893,1.);
#1893 = DIRECTION('',(0.,0.,1.));
#1894 = ORIENTED_EDGE('',*,*,#1895,.F.);
#1895 = EDGE_CURVE('',#1896,#1888,#1898,.T.);
#1896 = VERTEX_POINT('',#1897);
#1897 = CARTESIAN_POINT('',(-18.87521432946,-18.,116.5));
#1898 = LINE('',#1899,#1900);
#1899 = CARTESIAN_POINT('',(-31.,-18.,116.5));
#1900 = VECTOR('',#1901,1.);
#1901 = DIRECTION('',(1.,0.,0.));
#1902 = ORIENTED_EDGE('',*,*,#1903,.F.);
#1903 = EDGE_CURVE('',#1904,#1896,#1906,.T.);
#1904 = VERTEX_POINT('',#1905);
#1905 = CARTESIAN_POINT('',(-19.92478567053,-18.,116.5));
#1906 = ELLIPSE('',#1907,2.390690276887,2.05);
#1907 = AXIS2_PLACEMENT_3D('',#1908,#1909,#1910);
#1908 = CARTESIAN_POINT('',(-19.4,-18.,118.5));
#1909 = DIRECTION('',(-0.,-1.,-0.));
#1910 = DIRECTION('',(-1.,0.,0.));
#1911 = ORIENTED_EDGE('',*,*,#1912,.F.);
#1912 = EDGE_CURVE('',#1913,#1904,#1915,.T.);
#1913 = VERTEX_POINT('',#1914);
#1914 = CARTESIAN_POINT('',(-24.37396151634,-18.,116.5));
#1915 = LINE('',#1916,#1917);
#1916 = CARTESIAN_POINT('',(-31.,-18.,116.5));
#1917 = VECTOR('',#1918,1.);
#1918 = DIRECTION('',(1.,0.,0.));
#1919 = ORIENTED_EDGE('',*,*,#1920,.F.);
#1920 = EDGE_CURVE('',#1921,#1913,#1923,.T.);
#1921 = VERTEX_POINT('',#1922);
#1922 = CARTESIAN_POINT('',(-24.37396151633,-18.,114.97802424079));
#1923 = LINE('',#1924,#1925);
#1924 = CARTESIAN_POINT('',(-24.37396151634,-18.,29.5));
#1925 = VECTOR('',#1926,1.);
#1926 = DIRECTION('',(0.,0.,1.));
#1927 = ORIENTED_EDGE('',*,*,#1928,.F.);
#1928 = EDGE_CURVE('',#1929,#1921,#1931,.T.);
#1929 = VERTEX_POINT('',#1930);
#1930 = CARTESIAN_POINT('',(-22.,-18.,116.3486315613));
#1931 = LINE('',#1932,#1933);
#1932 = CARTESIAN_POINT('',(-45.628280304,-18.,102.70683756729));
#1933 = VECTOR('',#1934,1.);
#1934 = DIRECTION('',(-0.866025403784,0.,-0.5));
#1935 = ORIENTED_EDGE('',*,*,#1936,.F.);
#1936 = EDGE_CURVE('',#1937,#1929,#1939,.T.);
#1937 = VERTEX_POINT('',#1938);
#1938 = CARTESIAN_POINT('',(-19.1,-18.,114.67431578065));
#1939 = LINE('',#1940,#1941);
#1940 = CARTESIAN_POINT('',(-6.571719696,-18.,107.44110977465));
#1941 = VECTOR('',#1942,1.);
#1942 = DIRECTION('',(-0.866025403784,0.,0.5));
#1943 = ORIENTED_EDGE('',*,*,#1944,.F.);
#1944 = EDGE_CURVE('',#1945,#1937,#1947,.T.);
#1945 = VERTEX_POINT('',#1946);
#1946 = CARTESIAN_POINT('',(-19.1,-18.,111.32568421935));
#1947 = LINE('',#1948,#1949);
#1948 = CARTESIAN_POINT('',(-19.1,-18.,72.087157890325));
#1949 = VECTOR('',#1950,1.);
#1950 = DIRECTION('',(1.E-17,0.,1.));
#1951 = ORIENTED_EDGE('',*,*,#1952,.F.);
#1952 = EDGE_CURVE('',#1953,#1945,#1955,.T.);
#1953 = VERTEX_POINT('',#1954);
#1954 = CARTESIAN_POINT('',(-22.,-18.,109.6513684387));
#1955 = LINE('',#1956,#1957);
#1956 = CARTESIAN_POINT('',(-41.278280304,-18.,98.521048115673));
#1957 = VECTOR('',#1958,1.);
#1958 = DIRECTION('',(0.866025403784,0.,0.5));
#1959 = ORIENTED_EDGE('',*,*,#1960,.F.);
#1960 = EDGE_CURVE('',#1961,#1953,#1963,.T.);
#1961 = VERTEX_POINT('',#1962);
#1962 = CARTESIAN_POINT('',(-24.37396151633,-18.,111.0219757592));
#1963 = LINE('',#1964,#1965);
#1964 = CARTESIAN_POINT('',(-8.021719696,-18.,101.58100454237));
#1965 = VECTOR('',#1966,1.);
#1966 = DIRECTION('',(0.866025403784,0.,-0.5));
#1967 = ORIENTED_EDGE('',*,*,#1968,.F.);
#1968 = EDGE_CURVE('',#1969,#1961,#1971,.T.);
#1969 = VERTEX_POINT('',#1970);
#1970 = CARTESIAN_POINT('',(-24.37396151633,-18.,105.));
#1971 = LINE('',#1972,#1973);
#1972 = CARTESIAN_POINT('',(-24.37396151634,-18.,29.5));
#1973 = VECTOR('',#1974,1.);
#1974 = DIRECTION('',(0.,0.,1.));
#1975 = ORIENTED_EDGE('',*,*,#1976,.T.);
#1976 = EDGE_CURVE('',#1969,#1977,#1979,.T.);
#1977 = VERTEX_POINT('',#1978);
#1978 = CARTESIAN_POINT('',(-22.8,-18.,105.));
#1979 = LINE('',#1980,#1981);
#1980 = CARTESIAN_POINT('',(-28.1,-18.,105.));
#1981 = VECTOR('',#1982,1.);
#1982 = DIRECTION('',(1.,0.,0.));
#1983 = ORIENTED_EDGE('',*,*,#1984,.T.);
#1984 = EDGE_CURVE('',#1977,#1985,#1987,.T.);
#1985 = VERTEX_POINT('',#1986);
#1986 = CARTESIAN_POINT('',(-22.8,-18.,99.));
#1987 = LINE('',#1988,#1989);
#1988 = CARTESIAN_POINT('',(-22.8,-18.,64.25));
#1989 = VECTOR('',#1990,1.);
#1990 = DIRECTION('',(0.,0.,-1.));
#1991 = ORIENTED_EDGE('',*,*,#1992,.F.);
#1992 = EDGE_CURVE('',#1993,#1985,#1995,.T.);
#1993 = VERTEX_POINT('',#1994);
#1994 = CARTESIAN_POINT('',(-24.37396151633,-18.,99.));
#1995 = LINE('',#1996,#1997);
#1996 = CARTESIAN_POINT('',(-28.1,-18.,99.));
#1997 = VECTOR('',#1998,1.);
#1998 = DIRECTION('',(1.,0.,0.));
#1999 = ORIENTED_EDGE('',*,*,#2000,.F.);
#2000 = EDGE_CURVE('',#2001,#1993,#2003,.T.);
#2001 = VERTEX_POINT('',#2002);
#2002 = CARTESIAN_POINT('',(-24.37396151633,-18.,50.));
#2003 = LINE('',#2004,#2005);
#2004 = CARTESIAN_POINT('',(-24.37396151634,-18.,29.5));
#2005 = VECTOR('',#2006,1.);
#2006 = DIRECTION('',(0.,0.,1.));
#2007 = ORIENTED_EDGE('',*,*,#2008,.T.);
#2008 = EDGE_CURVE('',#2001,#2009,#2011,.T.);
#2009 = VERTEX_POINT('',#2010);
#2010 = CARTESIAN_POINT('',(-22.8,-18.,50.));
#2011 = LINE('',#2012,#2013);
#2012 = CARTESIAN_POINT('',(-28.1,-18.,50.));
#2013 = VECTOR('',#2014,1.);
#2014 = DIRECTION('',(1.,0.,0.));
#2015 = ORIENTED_EDGE('',*,*,#2016,.T.);
#2016 = EDGE_CURVE('',#2009,#2017,#2019,.T.);
#2017 = VERTEX_POINT('',#2018);
#2018 = CARTESIAN_POINT('',(-22.8,-18.,44.));
#2019 = LINE('',#2020,#2021);
#2020 = CARTESIAN_POINT('',(-22.8,-18.,36.75));
#2021 = VECTOR('',#2022,1.);
#2022 = DIRECTION('',(0.,0.,-1.));
#2023 = ORIENTED_EDGE('',*,*,#2024,.F.);
#2024 = EDGE_CURVE('',#1543,#2017,#2025,.T.);
#2025 = LINE('',#2026,#2027);
#2026 = CARTESIAN_POINT('',(-28.1,-18.,44.));
#2027 = VECTOR('',#2028,1.);
#2028 = DIRECTION('',(1.,0.,0.));
#2029 = FACE_BOUND('',#2030,.T.);
#2030 = EDGE_LOOP('',(#2031,#2042,#2051,#2059,#2068));
#2031 = ORIENTED_EDGE('',*,*,#2032,.T.);
#2032 = EDGE_CURVE('',#2033,#2035,#2037,.T.);
#2033 = VERTEX_POINT('',#2034);
#2034 = CARTESIAN_POINT('',(-11.2,-18.,91.));
#2035 = VERTEX_POINT('',#2036);
#2036 = CARTESIAN_POINT('',(-10.,-18.,92.2));
#2037 = CIRCLE('',#2038,1.2);
#2038 = AXIS2_PLACEMENT_3D('',#2039,#2040,#2041);
#2039 = CARTESIAN_POINT('',(-10.,-18.,91.));
#2040 = DIRECTION('',(0.,1.,0.));
#2041 = DIRECTION('',(0.,0.,1.));
#2042 = ORIENTED_EDGE('',*,*,#2043,.T.);
#2043 = EDGE_CURVE('',#2035,#2044,#2046,.T.);
#2044 = VERTEX_POINT('',#2045);
#2045 = CARTESIAN_POINT('',(-8.8,-18.,91.));
#2046 = CIRCLE('',#2047,1.2);
#2047 = AXIS2_PLACEMENT_3D('',#2048,#2049,#2050);
#2048 = CARTESIAN_POINT('',(-10.,-18.,91.));
#2049 = DIRECTION('',(0.,1.,0.));
#2050 = DIRECTION('',(0.,0.,1.));
#2051 = ORIENTED_EDGE('',*,*,#2052,.F.);
#2052 = EDGE_CURVE('',#2053,#2044,#2055,.T.);
#2053 = VERTEX_POINT('',#2054);
#2054 = CARTESIAN_POINT('',(-8.8,-18.,87.));
#2055 = LINE('',#2056,#2057);
#2056 = CARTESIAN_POINT('',(-8.8,-18.,63.));
#2057 = VECTOR('',#2058,1.);
#2058 = DIRECTION('',(0.,0.,1.));
#2059 = ORIENTED_EDGE('',*,*,#2060,.T.);
#2060 = EDGE_CURVE('',#2053,#2061,#2063,.T.);
#2061 = VERTEX_POINT('',#2062);
#2062 = CARTESIAN_POINT('',(-11.2,-18.,87.));
#2063 = CIRCLE('',#2064,1.2);
#2064 = AXIS2_PLACEMENT_3D('',#2065,#2066,#2067);
#2065 = CARTESIAN_POINT('',(-10.,-18.,87.));
#2066 = DIRECTION('',(0.,1.,0.));
#2067 = DIRECTION('',(0.,0.,1.));
#2068 = ORIENTED_EDGE('',*,*,#2069,.F.);
#2069 = EDGE_CURVE('',#2033,#2061,#2070,.T.);
#2070 = LINE('',#2071,#2072);
#2071 = CARTESIAN_POINT('',(-11.2,-18.,61.));
#2072 = VECTOR('',#2073,1.);
#2073 = DIRECTION('',(0.,0.,-1.));
#2074 = FACE_BOUND('',#2075,.T.);
#2075 = EDGE_LOOP('',(#2076,#2087,#2096,#2104,#2113));
#2076 = ORIENTED_EDGE('',*,*,#2077,.T.);
#2077 = EDGE_CURVE('',#2078,#2080,#2082,.T.);
#2078 = VERTEX_POINT('',#2079);
#2079 = CARTESIAN_POINT('',(8.8,-18.,91.));
#2080 = VERTEX_POINT('',#2081);
#2081 = CARTESIAN_POINT('',(10.,-18.,92.2));
#2082 = CIRCLE('',#2083,1.2);
#2083 = AXIS2_PLACEMENT_3D('',#2084,#2085,#2086);
#2084 = CARTESIAN_POINT('',(10.,-18.,91.));
#2085 = DIRECTION('',(0.,1.,0.));
#2086 = DIRECTION('',(0.,0.,1.));
#2087 = ORIENTED_EDGE('',*,*,#2088,.T.);
#2088 = EDGE_CURVE('',#2080,#2089,#2091,.T.);
#2089 = VERTEX_POINT('',#2090);
#2090 = CARTESIAN_POINT('',(11.2,-18.,91.));
#2091 = CIRCLE('',#2092,1.2);
#2092 = AXIS2_PLACEMENT_3D('',#2093,#2094,#2095);
#2093 = CARTESIAN_POINT('',(10.,-18.,91.));
#2094 = DIRECTION('',(0.,1.,0.));
#2095 = DIRECTION('',(0.,0.,1.));
#2096 = ORIENTED_EDGE('',*,*,#2097,.F.);
#2097 = EDGE_CURVE('',#2098,#2089,#2100,.T.);
#2098 = VERTEX_POINT('',#2099);
#2099 = CARTESIAN_POINT('',(11.2,-18.,87.));
#2100 = LINE('',#2101,#2102);
#2101 = CARTESIAN_POINT('',(11.2,-18.,63.));
#2102 = VECTOR('',#2103,1.);
#2103 = DIRECTION('',(0.,0.,1.));
#2104 = ORIENTED_EDGE('',*,*,#2105,.T.);
#2105 = EDGE_CURVE('',#2098,#2106,#2108,.T.);
#2106 = VERTEX_POINT('',#2107);
#2107 = CARTESIAN_POINT('',(8.8,-18.,87.));
#2108 = CIRCLE('',#2109,1.2);
#2109 = AXIS2_PLACEMENT_3D('',#2110,#2111,#2112);
#2110 = CARTESIAN_POINT('',(10.,-18.,87.));
#2111 = DIRECTION('',(0.,1.,0.));
#2112 = DIRECTION('',(0.,0.,1.));
#2113 = ORIENTED_EDGE('',*,*,#2114,.F.);
#2114 = EDGE_CURVE('',#2078,#2106,#2115,.T.);
#2115 = LINE('',#2116,#2117);
#2116 = CARTESIAN_POINT('',(8.8,-18.,61.));
#2117 = VECTOR('',#2118,1.);
#2118 = DIRECTION('',(0.,0.,-1.));
#2119 = PLANE('',#2120);
#2120 = AXIS2_PLACEMENT_3D('',#2121,#2122,#2123);
#2121 = CARTESIAN_POINT('',(1.264333608643,-18.,75.601867298248));
#2122 = DIRECTION('',(-0.,-1.,-0.));
#2123 = DIRECTION('',(0.,0.,-1.));
#2124 = ADVANCED_FACE('',(#2125),#2348,.T.);
#2125 = FACE_BOUND('',#2126,.T.);
#2126 = EDGE_LOOP('',(#2127,#2137,#2146,#2154,#2163,#2171,#2180,#2188,
    #2197,#2205,#2214,#2222,#2231,#2239,#2248,#2256,#2263,#2264,#2265,
    #2266,#2275,#2283,#2290,#2291,#2300,#2308,#2315,#2316,#2325,#2333,
    #2340,#2341));
#2127 = ORIENTED_EDGE('',*,*,#2128,.F.);
#2128 = EDGE_CURVE('',#2129,#2131,#2133,.T.);
#2129 = VERTEX_POINT('',#2130);
#2130 = CARTESIAN_POINT('',(-27.82247293106,-12.,111.));
#2131 = VERTEX_POINT('',#2132);
#2132 = CARTESIAN_POINT('',(-27.82247293106,-12.,116.5));
#2133 = LINE('',#2134,#2135);
#2134 = CARTESIAN_POINT('',(-27.82247293106,-12.,29.5));
#2135 = VECTOR('',#2136,1.);
#2136 = DIRECTION('',(0.,0.,1.));
#2137 = ORIENTED_EDGE('',*,*,#2138,.F.);
#2138 = EDGE_CURVE('',#2139,#2129,#2141,.T.);
#2139 = VERTEX_POINT('',#2140);
#2140 = CARTESIAN_POINT('',(-28.,-11.57972365818,111.));
#2141 = CIRCLE('',#2142,30.3);
#2142 = AXIS2_PLACEMENT_3D('',#2143,#2144,#2145);
#2143 = CARTESIAN_POINT('',(0.,0.,111.));
#2144 = DIRECTION('',(0.,0.,1.));
#2145 = DIRECTION('',(1.,0.,0.));
#2146 = ORIENTED_EDGE('',*,*,#2147,.F.);
#2147 = EDGE_CURVE('',#2148,#2139,#2150,.T.);
#2148 = VERTEX_POINT('',#2149);
#2149 = CARTESIAN_POINT('',(-28.,-11.57972365818,38.));
#2150 = LINE('',#2151,#2152);
#2151 = CARTESIAN_POINT('',(-28.,-11.57972365818,28.));
#2152 = VECTOR('',#2153,1.);
#2153 = DIRECTION('',(0.,0.,1.));
#2154 = ORIENTED_EDGE('',*,*,#2155,.F.);
#2155 = EDGE_CURVE('',#2156,#2148,#2158,.T.);
#2156 = VERTEX_POINT('',#2157);
#2157 = CARTESIAN_POINT('',(-28.93250766871,-9.,38.));
#2158 = CIRCLE('',#2159,30.3);
#2159 = AXIS2_PLACEMENT_3D('',#2160,#2161,#2162);
#2160 = CARTESIAN_POINT('',(0.,0.,38.));
#2161 = DIRECTION('',(0.,0.,1.));
#2162 = DIRECTION('',(1.,0.,0.));
#2163 = ORIENTED_EDGE('',*,*,#2164,.T.);
#2164 = EDGE_CURVE('',#2156,#2165,#2167,.T.);
#2165 = VERTEX_POINT('',#2166);
#2166 = CARTESIAN_POINT('',(-28.93250766871,-9.,110.));
#2167 = LINE('',#2168,#2169);
#2168 = CARTESIAN_POINT('',(-28.93250766871,-9.,28.));
#2169 = VECTOR('',#2170,1.);
#2170 = DIRECTION('',(0.,0.,1.));
#2171 = ORIENTED_EDGE('',*,*,#2172,.F.);
#2172 = EDGE_CURVE('',#2173,#2165,#2175,.T.);
#2173 = VERTEX_POINT('',#2174);
#2174 = CARTESIAN_POINT('',(-29.88461142461,5.,110.));
#2175 = CIRCLE('',#2176,30.3);
#2176 = AXIS2_PLACEMENT_3D('',#2177,#2178,#2179);
#2177 = CARTESIAN_POINT('',(0.,0.,110.));
#2178 = DIRECTION('',(0.,0.,1.));
#2179 = DIRECTION('',(1.,0.,0.));
#2180 = ORIENTED_EDGE('',*,*,#2181,.F.);
#2181 = EDGE_CURVE('',#2182,#2173,#2184,.T.);
#2182 = VERTEX_POINT('',#2183);
#2183 = CARTESIAN_POINT('',(-29.88461142461,5.,35.));
#2184 = LINE('',#2185,#2186);
#2185 = CARTESIAN_POINT('',(-29.88461142461,5.,28.));
#2186 = VECTOR('',#2187,1.);
#2187 = DIRECTION('',(0.,0.,1.));
#2188 = ORIENTED_EDGE('',*,*,#2189,.T.);
#2189 = EDGE_CURVE('',#2182,#2190,#2192,.T.);
#2190 = VERTEX_POINT('',#2191);
#2191 = CARTESIAN_POINT('',(-30.,4.253234063627,35.));
#2192 = CIRCLE('',#2193,30.3);
#2193 = AXIS2_PLACEMENT_3D('',#2194,#2195,#2196);
#2194 = CARTESIAN_POINT('',(0.,0.,35.));
#2195 = DIRECTION('',(0.,0.,1.));
#2196 = DIRECTION('',(1.,0.,0.));
#2197 = ORIENTED_EDGE('',*,*,#2198,.T.);
#2198 = EDGE_CURVE('',#2190,#2199,#2201,.T.);
#2199 = VERTEX_POINT('',#2200);
#2200 = CARTESIAN_POINT('',(-30.,4.253234063627,38.));
#2201 = LINE('',#2202,#2203);
#2202 = CARTESIAN_POINT('',(-30.,4.253234063627,28.));
#2203 = VECTOR('',#2204,1.);
#2204 = DIRECTION('',(0.,0.,1.));
#2205 = ORIENTED_EDGE('',*,*,#2206,.T.);
#2206 = EDGE_CURVE('',#2199,#2207,#2209,.T.);
#2207 = VERTEX_POINT('',#2208);
#2208 = CARTESIAN_POINT('',(-30.,-4.253234063627,38.));
#2209 = CIRCLE('',#2210,30.3);
#2210 = AXIS2_PLACEMENT_3D('',#2211,#2212,#2213);
#2211 = CARTESIAN_POINT('',(0.,0.,38.));
#2212 = DIRECTION('',(0.,0.,1.));
#2213 = DIRECTION('',(1.,0.,0.));
#2214 = ORIENTED_EDGE('',*,*,#2215,.F.);
#2215 = EDGE_CURVE('',#2216,#2207,#2218,.T.);
#2216 = VERTEX_POINT('',#2217);
#2217 = CARTESIAN_POINT('',(-30.,-4.253234063627,35.));
#2218 = LINE('',#2219,#2220);
#2219 = CARTESIAN_POINT('',(-30.,-4.253234063627,28.));
#2220 = VECTOR('',#2221,1.);
#2221 = DIRECTION('',(0.,0.,1.));
#2222 = ORIENTED_EDGE('',*,*,#2223,.T.);
#2223 = EDGE_CURVE('',#2216,#2224,#2226,.T.);
#2224 = VERTEX_POINT('',#2225);
#2225 = CARTESIAN_POINT('',(-29.,-8.7800911157,35.));
#2226 = CIRCLE('',#2227,30.3);
#2227 = AXIS2_PLACEMENT_3D('',#2228,#2229,#2230);
#2228 = CARTESIAN_POINT('',(0.,0.,35.));
#2229 = DIRECTION('',(0.,0.,1.));
#2230 = DIRECTION('',(1.,0.,0.));
#2231 = ORIENTED_EDGE('',*,*,#2232,.F.);
#2232 = EDGE_CURVE('',#2233,#2224,#2235,.T.);
#2233 = VERTEX_POINT('',#2234);
#2234 = CARTESIAN_POINT('',(-29.,-8.7800911157,29.5));
#2235 = LINE('',#2236,#2237);
#2236 = CARTESIAN_POINT('',(-29.,-8.7800911157,20.));
#2237 = VECTOR('',#2238,1.);
#2238 = DIRECTION('',(0.,0.,1.));
#2239 = ORIENTED_EDGE('',*,*,#2240,.T.);
#2240 = EDGE_CURVE('',#2233,#2241,#2243,.T.);
#2241 = VERTEX_POINT('',#2242);
#2242 = CARTESIAN_POINT('',(-28.60227263697,-10.,29.5));
#2243 = CIRCLE('',#2244,30.3);
#2244 = AXIS2_PLACEMENT_3D('',#2245,#2246,#2247);
#2245 = CARTESIAN_POINT('',(0.,0.,29.5));
#2246 = DIRECTION('',(0.,0.,1.));
#2247 = DIRECTION('',(1.,0.,0.));
#2248 = ORIENTED_EDGE('',*,*,#2249,.T.);
#2249 = EDGE_CURVE('',#2241,#2250,#2252,.T.);
#2250 = VERTEX_POINT('',#2251);
#2251 = CARTESIAN_POINT('',(-28.60227263697,-10.,35.));
#2252 = LINE('',#2253,#2254);
#2253 = CARTESIAN_POINT('',(-28.60227263697,-10.,20.));
#2254 = VECTOR('',#2255,1.);
#2255 = DIRECTION('',(0.,0.,1.));
#2256 = ORIENTED_EDGE('',*,*,#2257,.T.);
#2257 = EDGE_CURVE('',#2250,#1495,#2258,.T.);
#2258 = CIRCLE('',#2259,30.3);
#2259 = AXIS2_PLACEMENT_3D('',#2260,#2261,#2262);
#2260 = CARTESIAN_POINT('',(0.,0.,35.));
#2261 = DIRECTION('',(0.,0.,1.));
#2262 = DIRECTION('',(1.,0.,0.));
#2263 = ORIENTED_EDGE('',*,*,#1494,.F.);
#2264 = ORIENTED_EDGE('',*,*,#543,.T.);
#2265 = ORIENTED_EDGE('',*,*,#1542,.T.);
#2266 = ORIENTED_EDGE('',*,*,#2267,.F.);
#2267 = EDGE_CURVE('',#2268,#1543,#2270,.T.);
#2268 = VERTEX_POINT('',#2269);
#2269 = CARTESIAN_POINT('',(-25.2,-16.82408987137,44.));
#2270 = CIRCLE('',#2271,30.3);
#2271 = AXIS2_PLACEMENT_3D('',#2272,#2273,#2274);
#2272 = CARTESIAN_POINT('',(0.,0.,44.));
#2273 = DIRECTION('',(0.,0.,1.));
#2274 = DIRECTION('',(1.,0.,0.));
#2275 = ORIENTED_EDGE('',*,*,#2276,.T.);
#2276 = EDGE_CURVE('',#2268,#2277,#2279,.T.);
#2277 = VERTEX_POINT('',#2278);
#2278 = CARTESIAN_POINT('',(-25.2,-16.82408987137,50.));
#2279 = LINE('',#2280,#2281);
#2280 = CARTESIAN_POINT('',(-25.2,-16.82408987137,29.5));
#2281 = VECTOR('',#2282,1.);
#2282 = DIRECTION('',(0.,0.,1.));
#2283 = ORIENTED_EDGE('',*,*,#2284,.T.);
#2284 = EDGE_CURVE('',#2277,#2001,#2285,.T.);
#2285 = CIRCLE('',#2286,30.3);
#2286 = AXIS2_PLACEMENT_3D('',#2287,#2288,#2289);
#2287 = CARTESIAN_POINT('',(0.,0.,50.));
#2288 = DIRECTION('',(0.,0.,1.));
#2289 = DIRECTION('',(1.,0.,0.));
#2290 = ORIENTED_EDGE('',*,*,#2000,.T.);
#2291 = ORIENTED_EDGE('',*,*,#2292,.F.);
#2292 = EDGE_CURVE('',#2293,#1993,#2295,.T.);
#2293 = VERTEX_POINT('',#2294);
#2294 = CARTESIAN_POINT('',(-25.2,-16.82408987137,99.));
#2295 = CIRCLE('',#2296,30.3);
#2296 = AXIS2_PLACEMENT_3D('',#2297,#2298,#2299);
#2297 = CARTESIAN_POINT('',(0.,0.,99.));
#2298 = DIRECTION('',(0.,0.,1.));
#2299 = DIRECTION('',(1.,0.,0.));
#2300 = ORIENTED_EDGE('',*,*,#2301,.T.);
#2301 = EDGE_CURVE('',#2293,#2302,#2304,.T.);
#2302 = VERTEX_POINT('',#2303);
#2303 = CARTESIAN_POINT('',(-25.2,-16.82408987137,105.));
#2304 = LINE('',#2305,#2306);
#2305 = CARTESIAN_POINT('',(-25.2,-16.82408987137,29.5));
#2306 = VECTOR('',#2307,1.);
#2307 = DIRECTION('',(0.,0.,1.));
#2308 = ORIENTED_EDGE('',*,*,#2309,.T.);
#2309 = EDGE_CURVE('',#2302,#1969,#2310,.T.);
#2310 = CIRCLE('',#2311,30.3);
#2311 = AXIS2_PLACEMENT_3D('',#2312,#2313,#2314);
#2312 = CARTESIAN_POINT('',(0.,0.,105.));
#2313 = DIRECTION('',(0.,0.,1.));
#2314 = DIRECTION('',(1.,0.,0.));
#2315 = ORIENTED_EDGE('',*,*,#1968,.T.);
#2316 = ORIENTED_EDGE('',*,*,#2317,.F.);
#2317 = EDGE_CURVE('',#2318,#1961,#2320,.T.);
#2318 = VERTEX_POINT('',#2319);
#2319 = CARTESIAN_POINT('',(-24.9,-17.26499348392,111.32568421935));
#2320 = ELLIPSE('',#2321,34.987426312891,30.3);
#2321 = AXIS2_PLACEMENT_3D('',#2322,#2323,#2324);
#2322 = CARTESIAN_POINT('',(0.,0.,96.949662516528));
#2323 = DIRECTION('',(0.5,-1.E-16,0.866025403784));
#2324 = DIRECTION('',(-0.866025403784,1.7E-16,0.5));
#2325 = ORIENTED_EDGE('',*,*,#2326,.T.);
#2326 = EDGE_CURVE('',#2318,#2327,#2329,.T.);
#2327 = VERTEX_POINT('',#2328);
#2328 = CARTESIAN_POINT('',(-24.9,-17.26499348392,114.67431578065));
#2329 = LINE('',#2330,#2331);
#2330 = CARTESIAN_POINT('',(-24.9,-17.26499348392,29.5));
#2331 = VECTOR('',#2332,1.);
#2332 = DIRECTION('',(0.,0.,1.));
#2333 = ORIENTED_EDGE('',*,*,#2334,.F.);
#2334 = EDGE_CURVE('',#1921,#2327,#2335,.T.);
#2335 = ELLIPSE('',#2336,34.987426312891,30.3);
#2336 = AXIS2_PLACEMENT_3D('',#2337,#2338,#2339);
#2337 = CARTESIAN_POINT('',(0.,0.,129.05033748347));
#2338 = DIRECTION('',(0.5,1.E-16,-0.866025403784));
#2339 = DIRECTION('',(0.866025403784,1.7E-16,0.5));
#2340 = ORIENTED_EDGE('',*,*,#1920,.T.);
#2341 = ORIENTED_EDGE('',*,*,#2342,.F.);
#2342 = EDGE_CURVE('',#2131,#1913,#2343,.T.);
#2343 = CIRCLE('',#2344,30.3);
#2344 = AXIS2_PLACEMENT_3D('',#2345,#2346,#2347);
#2345 = CARTESIAN_POINT('',(0.,0.,116.5));
#2346 = DIRECTION('',(0.,0.,1.));
#2347 = DIRECTION('',(1.,0.,0.));
#2348 = CYLINDRICAL_SURFACE('',#2349,30.3);
#2349 = AXIS2_PLACEMENT_3D('',#2350,#2351,#2352);
#2350 = CARTESIAN_POINT('',(0.,0.,28.));
#2351 = DIRECTION('',(0.,0.,1.));
#2352 = DIRECTION('',(1.,0.,0.));
#2353 = ADVANCED_FACE('',(#2354),#2401,.F.);
#2354 = FACE_BOUND('',#2355,.F.);
#2355 = EDGE_LOOP('',(#2356,#2357,#2358,#2359,#2360,#2369,#2377,#2386,
    #2394));
#2356 = ORIENTED_EDGE('',*,*,#684,.F.);
#2357 = ORIENTED_EDGE('',*,*,#1554,.T.);
#2358 = ORIENTED_EDGE('',*,*,#1563,.T.);
#2359 = ORIENTED_EDGE('',*,*,#814,.T.);
#2360 = ORIENTED_EDGE('',*,*,#2361,.F.);
#2361 = EDGE_CURVE('',#2362,#815,#2364,.T.);
#2362 = VERTEX_POINT('',#2363);
#2363 = CARTESIAN_POINT('',(-8.868629150102,-17.6,53.4));
#2364 = CIRCLE('',#2365,1.2);
#2365 = AXIS2_PLACEMENT_3D('',#2366,#2367,#2368);
#2366 = CARTESIAN_POINT('',(-10.,-17.6,53.));
#2367 = DIRECTION('',(0.,1.,0.));
#2368 = DIRECTION('',(0.,0.,1.));
#2369 = ORIENTED_EDGE('',*,*,#2370,.F.);
#2370 = EDGE_CURVE('',#2371,#2362,#2373,.T.);
#2371 = VERTEX_POINT('',#2372);
#2372 = CARTESIAN_POINT('',(-8.868629150102,-17.8,53.4));
#2373 = LINE('',#2374,#2375);
#2374 = CARTESIAN_POINT('',(-8.868629150102,-19.,53.4));
#2375 = VECTOR('',#2376,1.);
#2376 = DIRECTION('',(0.,1.,0.));
#2377 = ORIENTED_EDGE('',*,*,#2378,.F.);
#2378 = EDGE_CURVE('',#2379,#2371,#2381,.T.);
#2379 = VERTEX_POINT('',#2380);
#2380 = CARTESIAN_POINT('',(-9.,-17.8,53.663324958071));
#2381 = CIRCLE('',#2382,1.2);
#2382 = AXIS2_PLACEMENT_3D('',#2383,#2384,#2385);
#2383 = CARTESIAN_POINT('',(-10.,-17.8,53.));
#2384 = DIRECTION('',(0.,1.,0.));
#2385 = DIRECTION('',(0.,0.,1.));
#2386 = ORIENTED_EDGE('',*,*,#2387,.T.);
#2387 = EDGE_CURVE('',#2379,#2388,#2390,.T.);
#2388 = VERTEX_POINT('',#2389);
#2389 = CARTESIAN_POINT('',(-9.,-17.6,53.663324958071));
#2390 = LINE('',#2391,#2392);
#2391 = CARTESIAN_POINT('',(-9.,-19.,53.663324958071));
#2392 = VECTOR('',#2393,1.);
#2393 = DIRECTION('',(0.,1.,0.));
#2394 = ORIENTED_EDGE('',*,*,#2395,.F.);
#2395 = EDGE_CURVE('',#687,#2388,#2396,.T.);
#2396 = CIRCLE('',#2397,1.2);
#2397 = AXIS2_PLACEMENT_3D('',#2398,#2399,#2400);
#2398 = CARTESIAN_POINT('',(-10.,-17.6,53.));
#2399 = DIRECTION('',(0.,1.,0.));
#2400 = DIRECTION('',(0.,0.,1.));
#2401 = CYLINDRICAL_SURFACE('',#2402,1.2);
#2402 = AXIS2_PLACEMENT_3D('',#2403,#2404,#2405);
#2403 = CARTESIAN_POINT('',(-10.,-19.,53.));
#2404 = DIRECTION('',(0.,1.,0.));
#2405 = DIRECTION('',(0.,0.,1.));
#2406 = ADVANCED_FACE('',(#2407),#2423,.F.);
#2407 = FACE_BOUND('',#2408,.F.);
#2408 = EDGE_LOOP('',(#2409,#2415,#2416,#2422));
#2409 = ORIENTED_EDGE('',*,*,#2410,.F.);
#2410 = EDGE_CURVE('',#735,#823,#2411,.T.);
#2411 = LINE('',#2412,#2413);
#2412 = CARTESIAN_POINT('',(-12.9,-14.8,53.));
#2413 = VECTOR('',#2414,1.);
#2414 = DIRECTION('',(1.,0.,0.));
#2415 = ORIENTED_EDGE('',*,*,#742,.F.);
#2416 = ORIENTED_EDGE('',*,*,#2417,.T.);
#2417 = EDGE_CURVE('',#687,#815,#2418,.T.);
#2418 = LINE('',#2419,#2420);
#2419 = CARTESIAN_POINT('',(-12.9,-17.6,53.));
#2420 = VECTOR('',#2421,1.);
#2421 = DIRECTION('',(1.,0.,0.));
#2422 = ORIENTED_EDGE('',*,*,#822,.T.);
#2423 = PLANE('',#2424);
#2424 = AXIS2_PLACEMENT_3D('',#2425,#2426,#2427);
#2425 = CARTESIAN_POINT('',(-12.9,-17.6,53.));
#2426 = DIRECTION('',(0.,0.,1.));
#2427 = DIRECTION('',(1.,0.,0.));
#2428 = ADVANCED_FACE('',(#2429),#2490,.F.);
#2429 = FACE_BOUND('',#2430,.F.);
#2430 = EDGE_LOOP('',(#2431,#2432,#2441,#2449,#2458,#2466,#2473,#2474,
    #2483));
#2431 = ORIENTED_EDGE('',*,*,#734,.F.);
#2432 = ORIENTED_EDGE('',*,*,#2433,.T.);
#2433 = EDGE_CURVE('',#735,#2434,#2436,.T.);
#2434 = VERTEX_POINT('',#2435);
#2435 = CARTESIAN_POINT('',(-9.,-14.8,53.663324958071));
#2436 = CIRCLE('',#2437,1.2);
#2437 = AXIS2_PLACEMENT_3D('',#2438,#2439,#2440);
#2438 = CARTESIAN_POINT('',(-10.,-14.8,53.));
#2439 = DIRECTION('',(0.,1.,0.));
#2440 = DIRECTION('',(0.,0.,1.));
#2441 = ORIENTED_EDGE('',*,*,#2442,.T.);
#2442 = EDGE_CURVE('',#2434,#2443,#2445,.T.);
#2443 = VERTEX_POINT('',#2444);
#2444 = CARTESIAN_POINT('',(-9.,-14.6,53.663324958071));
#2445 = LINE('',#2446,#2447);
#2446 = CARTESIAN_POINT('',(-9.,-19.,53.663324958071));
#2447 = VECTOR('',#2448,1.);
#2448 = DIRECTION('',(0.,1.,0.));
#2449 = ORIENTED_EDGE('',*,*,#2450,.T.);
#2450 = EDGE_CURVE('',#2443,#2451,#2453,.T.);
#2451 = VERTEX_POINT('',#2452);
#2452 = CARTESIAN_POINT('',(-8.868629150102,-14.6,53.4));
#2453 = CIRCLE('',#2454,1.2);
#2454 = AXIS2_PLACEMENT_3D('',#2455,#2456,#2457);
#2455 = CARTESIAN_POINT('',(-10.,-14.6,53.));
#2456 = DIRECTION('',(0.,1.,0.));
#2457 = DIRECTION('',(0.,0.,1.));
#2458 = ORIENTED_EDGE('',*,*,#2459,.F.);
#2459 = EDGE_CURVE('',#2460,#2451,#2462,.T.);
#2460 = VERTEX_POINT('',#2461);
#2461 = CARTESIAN_POINT('',(-8.868629150102,-14.8,53.4));
#2462 = LINE('',#2463,#2464);
#2463 = CARTESIAN_POINT('',(-8.868629150102,-19.,53.4));
#2464 = VECTOR('',#2465,1.);
#2465 = DIRECTION('',(0.,1.,0.));
#2466 = ORIENTED_EDGE('',*,*,#2467,.T.);
#2467 = EDGE_CURVE('',#2460,#823,#2468,.T.);
#2468 = CIRCLE('',#2469,1.2);
#2469 = AXIS2_PLACEMENT_3D('',#2470,#2471,#2472);
#2470 = CARTESIAN_POINT('',(-10.,-14.8,53.));
#2471 = DIRECTION('',(0.,1.,0.));
#2472 = DIRECTION('',(0.,0.,1.));
#2473 = ORIENTED_EDGE('',*,*,#830,.T.);
#2474 = ORIENTED_EDGE('',*,*,#2475,.F.);
#2475 = EDGE_CURVE('',#2476,#831,#2478,.T.);
#2476 = VERTEX_POINT('',#2477);
#2477 = CARTESIAN_POINT('',(-10.,-8.,54.2));
#2478 = CIRCLE('',#2479,1.2);
#2479 = AXIS2_PLACEMENT_3D('',#2480,#2481,#2482);
#2480 = CARTESIAN_POINT('',(-10.,-8.,53.));
#2481 = DIRECTION('',(0.,1.,0.));
#2482 = DIRECTION('',(0.,0.,1.));
#2483 = ORIENTED_EDGE('',*,*,#2484,.F.);
#2484 = EDGE_CURVE('',#727,#2476,#2485,.T.);
#2485 = CIRCLE('',#2486,1.2);
#2486 = AXIS2_PLACEMENT_3D('',#2487,#2488,#2489);
#2487 = CARTESIAN_POINT('',(-10.,-8.,53.));
#2488 = DIRECTION('',(0.,1.,0.));
#2489 = DIRECTION('',(0.,0.,1.));
#2490 = CYLINDRICAL_SURFACE('',#2491,1.2);
#2491 = AXIS2_PLACEMENT_3D('',#2492,#2493,#2494);
#2492 = CARTESIAN_POINT('',(-10.,-19.,53.));
#2493 = DIRECTION('',(0.,1.,0.));
#2494 = DIRECTION('',(0.,0.,1.));
#2495 = ADVANCED_FACE('',(#2496,#2636,#2670,#2683,#2717,#2762,#2789,
    #2823,#2868),#2902,.T.);
#2496 = FACE_BOUND('',#2497,.T.);
#2497 = EDGE_LOOP('',(#2498,#2508,#2516,#2524,#2532,#2540,#2548,#2556,
    #2564,#2573,#2582,#2590,#2598,#2606,#2614,#2622,#2630));
#2498 = ORIENTED_EDGE('',*,*,#2499,.F.);
#2499 = EDGE_CURVE('',#2500,#2502,#2504,.T.);
#2500 = VERTEX_POINT('',#2501);
#2501 = CARTESIAN_POINT('',(-28.,-8.,38.));
#2502 = VERTEX_POINT('',#2503);
#2503 = CARTESIAN_POINT('',(28.,-8.,38.));
#2504 = LINE('',#2505,#2506);
#2505 = CARTESIAN_POINT('',(-29.,-8.,38.));
#2506 = VECTOR('',#2507,1.);
#2507 = DIRECTION('',(1.,0.,0.));
#2508 = ORIENTED_EDGE('',*,*,#2509,.T.);
#2509 = EDGE_CURVE('',#2500,#2510,#2512,.T.);
#2510 = VERTEX_POINT('',#2511);
#2511 = CARTESIAN_POINT('',(-28.,-8.,110.));
#2512 = LINE('',#2513,#2514);
#2513 = CARTESIAN_POINT('',(-28.,-8.,35.));
#2514 = VECTOR('',#2515,1.);
#2515 = DIRECTION('',(0.,0.,1.));
#2516 = ORIENTED_EDGE('',*,*,#2517,.T.);
#2517 = EDGE_CURVE('',#2510,#2518,#2520,.T.);
#2518 = VERTEX_POINT('',#2519);
#2519 = CARTESIAN_POINT('',(-28.,-8.,111.));
#2520 = LINE('',#2521,#2522);
#2521 = CARTESIAN_POINT('',(-28.,-8.,35.));
#2522 = VECTOR('',#2523,1.);
#2523 = DIRECTION('',(0.,0.,1.));
#2524 = ORIENTED_EDGE('',*,*,#2525,.T.);
#2525 = EDGE_CURVE('',#2518,#2526,#2528,.T.);
#2526 = VERTEX_POINT('',#2527);
#2527 = CARTESIAN_POINT('',(-26.5,-8.,111.));
#2528 = LINE('',#2529,#2530);
#2529 = CARTESIAN_POINT('',(-28.,-8.,111.));
#2530 = VECTOR('',#2531,1.);
#2531 = DIRECTION('',(1.,0.,0.));
#2532 = ORIENTED_EDGE('',*,*,#2533,.T.);
#2533 = EDGE_CURVE('',#2526,#2534,#2536,.T.);
#2534 = VERTEX_POINT('',#2535);
#2535 = CARTESIAN_POINT('',(-26.5,-8.,109.5));
#2536 = LINE('',#2537,#2538);
#2537 = CARTESIAN_POINT('',(-26.5,-8.,72.25));
#2538 = VECTOR('',#2539,1.);
#2539 = DIRECTION('',(0.,0.,-1.));
#2540 = ORIENTED_EDGE('',*,*,#2541,.T.);
#2541 = EDGE_CURVE('',#2534,#2542,#2544,.T.);
#2542 = VERTEX_POINT('',#2543);
#2543 = CARTESIAN_POINT('',(-17.5,-8.,109.5));
#2544 = LINE('',#2545,#2546);
#2545 = CARTESIAN_POINT('',(-27.25,-8.,109.5));
#2546 = VECTOR('',#2547,1.);
#2547 = DIRECTION('',(1.,0.,0.));
#2548 = ORIENTED_EDGE('',*,*,#2549,.F.);
#2549 = EDGE_CURVE('',#2550,#2542,#2552,.T.);
#2550 = VERTEX_POINT('',#2551);
#2551 = CARTESIAN_POINT('',(-17.5,-8.,111.));
#2552 = LINE('',#2553,#2554);
#2553 = CARTESIAN_POINT('',(-17.5,-8.,72.25));
#2554 = VECTOR('',#2555,1.);
#2555 = DIRECTION('',(0.,0.,-1.));
#2556 = ORIENTED_EDGE('',*,*,#2557,.T.);
#2557 = EDGE_CURVE('',#2550,#2558,#2560,.T.);
#2558 = VERTEX_POINT('',#2559);
#2559 = CARTESIAN_POINT('',(-16.95959179422,-8.,111.));
#2560 = LINE('',#2561,#2562);
#2561 = CARTESIAN_POINT('',(-28.,-8.,111.));
#2562 = VECTOR('',#2563,1.);
#2563 = DIRECTION('',(1.,0.,0.));
#2564 = ORIENTED_EDGE('',*,*,#2565,.T.);
#2565 = EDGE_CURVE('',#2558,#2566,#2568,.T.);
#2566 = VERTEX_POINT('',#2567);
#2567 = CARTESIAN_POINT('',(-15.,-8.,107.8));
#2568 = CIRCLE('',#2569,2.2);
#2569 = AXIS2_PLACEMENT_3D('',#2570,#2571,#2572);
#2570 = CARTESIAN_POINT('',(-15.,-8.,110.));
#2571 = DIRECTION('',(0.,-1.,0.));
#2572 = DIRECTION('',(0.,0.,-1.));
#2573 = ORIENTED_EDGE('',*,*,#2574,.T.);
#2574 = EDGE_CURVE('',#2566,#2575,#2577,.T.);
#2575 = VERTEX_POINT('',#2576);
#2576 = CARTESIAN_POINT('',(-13.04040820577,-8.,111.));
#2577 = CIRCLE('',#2578,2.2);
#2578 = AXIS2_PLACEMENT_3D('',#2579,#2580,#2581);
#2579 = CARTESIAN_POINT('',(-15.,-8.,110.));
#2580 = DIRECTION('',(0.,-1.,0.));
#2581 = DIRECTION('',(0.,0.,-1.));
#2582 = ORIENTED_EDGE('',*,*,#2583,.T.);
#2583 = EDGE_CURVE('',#2575,#2584,#2586,.T.);
#2584 = VERTEX_POINT('',#2585);
#2585 = CARTESIAN_POINT('',(17.5,-8.,111.));
#2586 = LINE('',#2587,#2588);
#2587 = CARTESIAN_POINT('',(-28.,-8.,111.));
#2588 = VECTOR('',#2589,1.);
#2589 = DIRECTION('',(1.,0.,0.));
#2590 = ORIENTED_EDGE('',*,*,#2591,.T.);
#2591 = EDGE_CURVE('',#2584,#2592,#2594,.T.);
#2592 = VERTEX_POINT('',#2593);
#2593 = CARTESIAN_POINT('',(17.5,-8.,109.5));
#2594 = LINE('',#2595,#2596);
#2595 = CARTESIAN_POINT('',(17.5,-8.,72.25));
#2596 = VECTOR('',#2597,1.);
#2597 = DIRECTION('',(0.,0.,-1.));
#2598 = ORIENTED_EDGE('',*,*,#2599,.T.);
#2599 = EDGE_CURVE('',#2592,#2600,#2602,.T.);
#2600 = VERTEX_POINT('',#2601);
#2601 = CARTESIAN_POINT('',(26.5,-8.,109.5));
#2602 = LINE('',#2603,#2604);
#2603 = CARTESIAN_POINT('',(-5.25,-8.,109.5));
#2604 = VECTOR('',#2605,1.);
#2605 = DIRECTION('',(1.,0.,0.));
#2606 = ORIENTED_EDGE('',*,*,#2607,.F.);
#2607 = EDGE_CURVE('',#2608,#2600,#2610,.T.);
#2608 = VERTEX_POINT('',#2609);
#2609 = CARTESIAN_POINT('',(26.5,-8.,111.));
#2610 = LINE('',#2611,#2612);
#2611 = CARTESIAN_POINT('',(26.5,-8.,72.25));
#2612 = VECTOR('',#2613,1.);
#2613 = DIRECTION('',(0.,0.,-1.));
#2614 = ORIENTED_EDGE('',*,*,#2615,.T.);
#2615 = EDGE_CURVE('',#2608,#2616,#2618,.T.);
#2616 = VERTEX_POINT('',#2617);
#2617 = CARTESIAN_POINT('',(28.,-8.,111.));
#2618 = LINE('',#2619,#2620);
#2619 = CARTESIAN_POINT('',(-28.,-8.,111.));
#2620 = VECTOR('',#2621,1.);
#2621 = DIRECTION('',(1.,0.,0.));
#2622 = ORIENTED_EDGE('',*,*,#2623,.F.);
#2623 = EDGE_CURVE('',#2624,#2616,#2626,.T.);
#2624 = VERTEX_POINT('',#2625);
#2625 = CARTESIAN_POINT('',(28.,-8.,110.));
#2626 = LINE('',#2627,#2628);
#2627 = CARTESIAN_POINT('',(28.,-8.,35.));
#2628 = VECTOR('',#2629,1.);
#2629 = DIRECTION('',(0.,0.,1.));
#2630 = ORIENTED_EDGE('',*,*,#2631,.F.);
#2631 = EDGE_CURVE('',#2502,#2624,#2632,.T.);
#2632 = LINE('',#2633,#2634);
#2633 = CARTESIAN_POINT('',(28.,-8.,35.));
#2634 = VECTOR('',#2635,1.);
#2635 = DIRECTION('',(0.,0.,1.));
#2636 = FACE_BOUND('',#2637,.T.);
#2637 = EDGE_LOOP('',(#2638,#2648,#2656,#2664));
#2638 = ORIENTED_EDGE('',*,*,#2639,.F.);
#2639 = EDGE_CURVE('',#2640,#2642,#2644,.T.);
#2640 = VERTEX_POINT('',#2641);
#2641 = CARTESIAN_POINT('',(-25.2,-8.,50.));
#2642 = VERTEX_POINT('',#2643);
#2643 = CARTESIAN_POINT('',(-22.8,-8.,50.));
#2644 = LINE('',#2645,#2646);
#2645 = CARTESIAN_POINT('',(-26.6,-8.,50.));
#2646 = VECTOR('',#2647,1.);
#2647 = DIRECTION('',(1.,0.,0.));
#2648 = ORIENTED_EDGE('',*,*,#2649,.T.);
#2649 = EDGE_CURVE('',#2640,#2650,#2652,.T.);
#2650 = VERTEX_POINT('',#2651);
#2651 = CARTESIAN_POINT('',(-25.2,-8.,44.));
#2652 = LINE('',#2653,#2654);
#2653 = CARTESIAN_POINT('',(-25.2,-8.,39.5));
#2654 = VECTOR('',#2655,1.);
#2655 = DIRECTION('',(0.,0.,-1.));
#2656 = ORIENTED_EDGE('',*,*,#2657,.T.);
#2657 = EDGE_CURVE('',#2650,#2658,#2660,.T.);
#2658 = VERTEX_POINT('',#2659);
#2659 = CARTESIAN_POINT('',(-22.8,-8.,44.));
#2660 = LINE('',#2661,#2662);
#2661 = CARTESIAN_POINT('',(-26.6,-8.,44.));
#2662 = VECTOR('',#2663,1.);
#2663 = DIRECTION('',(1.,0.,0.));
#2664 = ORIENTED_EDGE('',*,*,#2665,.F.);
#2665 = EDGE_CURVE('',#2642,#2658,#2666,.T.);
#2666 = LINE('',#2667,#2668);
#2667 = CARTESIAN_POINT('',(-22.8,-8.,39.5));
#2668 = VECTOR('',#2669,1.);
#2669 = DIRECTION('',(0.,0.,-1.));
#2670 = FACE_BOUND('',#2671,.T.);
#2671 = EDGE_LOOP('',(#2672,#2673,#2674,#2681,#2682));
#2672 = ORIENTED_EDGE('',*,*,#2484,.F.);
#2673 = ORIENTED_EDGE('',*,*,#726,.T.);
#2674 = ORIENTED_EDGE('',*,*,#2675,.F.);
#2675 = EDGE_CURVE('',#783,#719,#2676,.T.);
#2676 = CIRCLE('',#2677,1.2);
#2677 = AXIS2_PLACEMENT_3D('',#2678,#2679,#2680);
#2678 = CARTESIAN_POINT('',(-10.,-8.,49.));
#2679 = DIRECTION('',(0.,1.,0.));
#2680 = DIRECTION('',(0.,0.,1.));
#2681 = ORIENTED_EDGE('',*,*,#838,.T.);
#2682 = ORIENTED_EDGE('',*,*,#2475,.F.);
#2683 = FACE_BOUND('',#2684,.T.);
#2684 = EDGE_LOOP('',(#2685,#2695,#2703,#2711));
#2685 = ORIENTED_EDGE('',*,*,#2686,.F.);
#2686 = EDGE_CURVE('',#2687,#2689,#2691,.T.);
#2687 = VERTEX_POINT('',#2688);
#2688 = CARTESIAN_POINT('',(-25.2,-8.,105.));
#2689 = VERTEX_POINT('',#2690);
#2690 = CARTESIAN_POINT('',(-22.8,-8.,105.));
#2691 = LINE('',#2692,#2693);
#2692 = CARTESIAN_POINT('',(-26.6,-8.,105.));
#2693 = VECTOR('',#2694,1.);
#2694 = DIRECTION('',(1.,0.,0.));
#2695 = ORIENTED_EDGE('',*,*,#2696,.T.);
#2696 = EDGE_CURVE('',#2687,#2697,#2699,.T.);
#2697 = VERTEX_POINT('',#2698);
#2698 = CARTESIAN_POINT('',(-25.2,-8.,99.));
#2699 = LINE('',#2700,#2701);
#2700 = CARTESIAN_POINT('',(-25.2,-8.,67.));
#2701 = VECTOR('',#2702,1.);
#2702 = DIRECTION('',(0.,0.,-1.));
#2703 = ORIENTED_EDGE('',*,*,#2704,.T.);
#2704 = EDGE_CURVE('',#2697,#2705,#2707,.T.);
#2705 = VERTEX_POINT('',#2706);
#2706 = CARTESIAN_POINT('',(-22.8,-8.,99.));
#2707 = LINE('',#2708,#2709);
#2708 = CARTESIAN_POINT('',(-26.6,-8.,99.));
#2709 = VECTOR('',#2710,1.);
#2710 = DIRECTION('',(1.,0.,0.));
#2711 = ORIENTED_EDGE('',*,*,#2712,.F.);
#2712 = EDGE_CURVE('',#2689,#2705,#2713,.T.);
#2713 = LINE('',#2714,#2715);
#2714 = CARTESIAN_POINT('',(-22.8,-8.,67.));
#2715 = VECTOR('',#2716,1.);
#2716 = DIRECTION('',(0.,0.,-1.));
#2717 = FACE_BOUND('',#2718,.T.);
#2718 = EDGE_LOOP('',(#2719,#2730,#2738,#2747,#2755));
#2719 = ORIENTED_EDGE('',*,*,#2720,.F.);
#2720 = EDGE_CURVE('',#2721,#2723,#2725,.T.);
#2721 = VERTEX_POINT('',#2722);
#2722 = CARTESIAN_POINT('',(-11.2,-8.,91.));
#2723 = VERTEX_POINT('',#2724);
#2724 = CARTESIAN_POINT('',(-10.,-8.,92.2));
#2725 = CIRCLE('',#2726,1.2);
#2726 = AXIS2_PLACEMENT_3D('',#2727,#2728,#2729);
#2727 = CARTESIAN_POINT('',(-10.,-8.,91.));
#2728 = DIRECTION('',(0.,1.,0.));
#2729 = DIRECTION('',(0.,0.,1.));
#2730 = ORIENTED_EDGE('',*,*,#2731,.T.);
#2731 = EDGE_CURVE('',#2721,#2732,#2734,.T.);
#2732 = VERTEX_POINT('',#2733);
#2733 = CARTESIAN_POINT('',(-11.2,-8.,87.));
#2734 = LINE('',#2735,#2736);
#2735 = CARTESIAN_POINT('',(-11.2,-8.,61.));
#2736 = VECTOR('',#2737,1.);
#2737 = DIRECTION('',(0.,0.,-1.));
#2738 = ORIENTED_EDGE('',*,*,#2739,.F.);
#2739 = EDGE_CURVE('',#2740,#2732,#2742,.T.);
#2740 = VERTEX_POINT('',#2741);
#2741 = CARTESIAN_POINT('',(-8.8,-8.,87.));
#2742 = CIRCLE('',#2743,1.2);
#2743 = AXIS2_PLACEMENT_3D('',#2744,#2745,#2746);
#2744 = CARTESIAN_POINT('',(-10.,-8.,87.));
#2745 = DIRECTION('',(0.,1.,0.));
#2746 = DIRECTION('',(0.,0.,1.));
#2747 = ORIENTED_EDGE('',*,*,#2748,.T.);
#2748 = EDGE_CURVE('',#2740,#2749,#2751,.T.);
#2749 = VERTEX_POINT('',#2750);
#2750 = CARTESIAN_POINT('',(-8.8,-8.,91.));
#2751 = LINE('',#2752,#2753);
#2752 = CARTESIAN_POINT('',(-8.8,-8.,63.));
#2753 = VECTOR('',#2754,1.);
#2754 = DIRECTION('',(0.,0.,1.));
#2755 = ORIENTED_EDGE('',*,*,#2756,.F.);
#2756 = EDGE_CURVE('',#2723,#2749,#2757,.T.);
#2757 = CIRCLE('',#2758,1.2);
#2758 = AXIS2_PLACEMENT_3D('',#2759,#2760,#2761);
#2759 = CARTESIAN_POINT('',(-10.,-8.,91.));
#2760 = DIRECTION('',(0.,1.,0.));
#2761 = DIRECTION('',(0.,0.,1.));
#2762 = FACE_BOUND('',#2763,.T.);
#2763 = EDGE_LOOP('',(#2764,#2773,#2774,#2781,#2782));
#2764 = ORIENTED_EDGE('',*,*,#2765,.F.);
#2765 = EDGE_CURVE('',#919,#2766,#2768,.T.);
#2766 = VERTEX_POINT('',#2767);
#2767 = CARTESIAN_POINT('',(10.,-8.,54.2));
#2768 = CIRCLE('',#2769,1.2);
#2769 = AXIS2_PLACEMENT_3D('',#2770,#2771,#2772);
#2770 = CARTESIAN_POINT('',(10.,-8.,53.));
#2771 = DIRECTION('',(0.,1.,0.));
#2772 = DIRECTION('',(0.,0.,1.));
#2773 = ORIENTED_EDGE('',*,*,#918,.T.);
#2774 = ORIENTED_EDGE('',*,*,#2775,.F.);
#2775 = EDGE_CURVE('',#975,#911,#2776,.T.);
#2776 = CIRCLE('',#2777,1.2);
#2777 = AXIS2_PLACEMENT_3D('',#2778,#2779,#2780);
#2778 = CARTESIAN_POINT('',(10.,-8.,49.));
#2779 = DIRECTION('',(0.,1.,0.));
#2780 = DIRECTION('',(0.,0.,1.));
#2781 = ORIENTED_EDGE('',*,*,#1030,.T.);
#2782 = ORIENTED_EDGE('',*,*,#2783,.F.);
#2783 = EDGE_CURVE('',#2766,#1023,#2784,.T.);
#2784 = CIRCLE('',#2785,1.2);
#2785 = AXIS2_PLACEMENT_3D('',#2786,#2787,#2788);
#2786 = CARTESIAN_POINT('',(10.,-8.,53.));
#2787 = DIRECTION('',(0.,1.,0.));
#2788 = DIRECTION('',(0.,0.,1.));
#2789 = FACE_BOUND('',#2790,.T.);
#2790 = EDGE_LOOP('',(#2791,#2801,#2809,#2817));
#2791 = ORIENTED_EDGE('',*,*,#2792,.F.);
#2792 = EDGE_CURVE('',#2793,#2795,#2797,.T.);
#2793 = VERTEX_POINT('',#2794);
#2794 = CARTESIAN_POINT('',(22.8,-8.,50.));
#2795 = VERTEX_POINT('',#2796);
#2796 = CARTESIAN_POINT('',(25.2,-8.,50.));
#2797 = LINE('',#2798,#2799);
#2798 = CARTESIAN_POINT('',(-2.6,-8.,50.));
#2799 = VECTOR('',#2800,1.);
#2800 = DIRECTION('',(1.,0.,0.));
#2801 = ORIENTED_EDGE('',*,*,#2802,.T.);
#2802 = EDGE_CURVE('',#2793,#2803,#2805,.T.);
#2803 = VERTEX_POINT('',#2804);
#2804 = CARTESIAN_POINT('',(22.8,-8.,44.));
#2805 = LINE('',#2806,#2807);
#2806 = CARTESIAN_POINT('',(22.8,-8.,39.5));
#2807 = VECTOR('',#2808,1.);
#2808 = DIRECTION('',(0.,0.,-1.));
#2809 = ORIENTED_EDGE('',*,*,#2810,.T.);
#2810 = EDGE_CURVE('',#2803,#2811,#2813,.T.);
#2811 = VERTEX_POINT('',#2812);
#2812 = CARTESIAN_POINT('',(25.2,-8.,44.));
#2813 = LINE('',#2814,#2815);
#2814 = CARTESIAN_POINT('',(-2.6,-8.,44.));
#2815 = VECTOR('',#2816,1.);
#2816 = DIRECTION('',(1.,0.,0.));
#2817 = ORIENTED_EDGE('',*,*,#2818,.F.);
#2818 = EDGE_CURVE('',#2795,#2811,#2819,.T.);
#2819 = LINE('',#2820,#2821);
#2820 = CARTESIAN_POINT('',(25.2,-8.,39.5));
#2821 = VECTOR('',#2822,1.);
#2822 = DIRECTION('',(0.,0.,-1.));
#2823 = FACE_BOUND('',#2824,.T.);
#2824 = EDGE_LOOP('',(#2825,#2836,#2844,#2853,#2861));
#2825 = ORIENTED_EDGE('',*,*,#2826,.F.);
#2826 = EDGE_CURVE('',#2827,#2829,#2831,.T.);
#2827 = VERTEX_POINT('',#2828);
#2828 = CARTESIAN_POINT('',(8.8,-8.,91.));
#2829 = VERTEX_POINT('',#2830);
#2830 = CARTESIAN_POINT('',(10.,-8.,92.2));
#2831 = CIRCLE('',#2832,1.2);
#2832 = AXIS2_PLACEMENT_3D('',#2833,#2834,#2835);
#2833 = CARTESIAN_POINT('',(10.,-8.,91.));
#2834 = DIRECTION('',(0.,1.,0.));
#2835 = DIRECTION('',(0.,0.,1.));
#2836 = ORIENTED_EDGE('',*,*,#2837,.T.);
#2837 = EDGE_CURVE('',#2827,#2838,#2840,.T.);
#2838 = VERTEX_POINT('',#2839);
#2839 = CARTESIAN_POINT('',(8.8,-8.,87.));
#2840 = LINE('',#2841,#2842);
#2841 = CARTESIAN_POINT('',(8.8,-8.,61.));
#2842 = VECTOR('',#2843,1.);
#2843 = DIRECTION('',(0.,0.,-1.));
#2844 = ORIENTED_EDGE('',*,*,#2845,.F.);
#2845 = EDGE_CURVE('',#2846,#2838,#2848,.T.);
#2846 = VERTEX_POINT('',#2847);
#2847 = CARTESIAN_POINT('',(11.2,-8.,87.));
#2848 = CIRCLE('',#2849,1.2);
#2849 = AXIS2_PLACEMENT_3D('',#2850,#2851,#2852);
#2850 = CARTESIAN_POINT('',(10.,-8.,87.));
#2851 = DIRECTION('',(0.,1.,0.));
#2852 = DIRECTION('',(0.,0.,1.));
#2853 = ORIENTED_EDGE('',*,*,#2854,.T.);
#2854 = EDGE_CURVE('',#2846,#2855,#2857,.T.);
#2855 = VERTEX_POINT('',#2856);
#2856 = CARTESIAN_POINT('',(11.2,-8.,91.));
#2857 = LINE('',#2858,#2859);
#2858 = CARTESIAN_POINT('',(11.2,-8.,63.));
#2859 = VECTOR('',#2860,1.);
#2860 = DIRECTION('',(0.,0.,1.));
#2861 = ORIENTED_EDGE('',*,*,#2862,.F.);
#2862 = EDGE_CURVE('',#2829,#2855,#2863,.T.);
#2863 = CIRCLE('',#2864,1.2);
#2864 = AXIS2_PLACEMENT_3D('',#2865,#2866,#2867);
#2865 = CARTESIAN_POINT('',(10.,-8.,91.));
#2866 = DIRECTION('',(0.,1.,0.));
#2867 = DIRECTION('',(0.,0.,1.));
#2868 = FACE_BOUND('',#2869,.T.);
#2869 = EDGE_LOOP('',(#2870,#2880,#2888,#2896));
#2870 = ORIENTED_EDGE('',*,*,#2871,.F.);
#2871 = EDGE_CURVE('',#2872,#2874,#2876,.T.);
#2872 = VERTEX_POINT('',#2873);
#2873 = CARTESIAN_POINT('',(22.8,-8.,105.));
#2874 = VERTEX_POINT('',#2875);
#2875 = CARTESIAN_POINT('',(25.2,-8.,105.));
#2876 = LINE('',#2877,#2878);
#2877 = CARTESIAN_POINT('',(-2.6,-8.,105.));
#2878 = VECTOR('',#2879,1.);
#2879 = DIRECTION('',(1.,0.,0.));
#2880 = ORIENTED_EDGE('',*,*,#2881,.T.);
#2881 = EDGE_CURVE('',#2872,#2882,#2884,.T.);
#2882 = VERTEX_POINT('',#2883);
#2883 = CARTESIAN_POINT('',(22.8,-8.,99.));
#2884 = LINE('',#2885,#2886);
#2885 = CARTESIAN_POINT('',(22.8,-8.,67.));
#2886 = VECTOR('',#2887,1.);
#2887 = DIRECTION('',(0.,0.,-1.));
#2888 = ORIENTED_EDGE('',*,*,#2889,.T.);
#2889 = EDGE_CURVE('',#2882,#2890,#2892,.T.);
#2890 = VERTEX_POINT('',#2891);
#2891 = CARTESIAN_POINT('',(25.2,-8.,99.));
#2892 = LINE('',#2893,#2894);
#2893 = CARTESIAN_POINT('',(-2.6,-8.,99.));
#2894 = VECTOR('',#2895,1.);
#2895 = DIRECTION('',(1.,0.,0.));
#2896 = ORIENTED_EDGE('',*,*,#2897,.F.);
#2897 = EDGE_CURVE('',#2874,#2890,#2898,.T.);
#2898 = LINE('',#2899,#2900);
#2899 = CARTESIAN_POINT('',(25.2,-8.,67.));
#2900 = VECTOR('',#2901,1.);
#2901 = DIRECTION('',(0.,0.,-1.));
#2902 = PLANE('',#2903);
#2903 = AXIS2_PLACEMENT_3D('',#2904,#2905,#2906);
#2904 = CARTESIAN_POINT('',(-28.,-8.,35.));
#2905 = DIRECTION('',(0.,1.,0.));
#2906 = DIRECTION('',(0.,0.,1.));
#2907 = ADVANCED_FACE('',(#2908),#2920,.F.);
#2908 = FACE_BOUND('',#2909,.F.);
#2909 = EDGE_LOOP('',(#2910,#2911,#2918,#2919));
#2910 = ORIENTED_EDGE('',*,*,#780,.F.);
#2911 = ORIENTED_EDGE('',*,*,#2912,.T.);
#2912 = EDGE_CURVE('',#781,#711,#2913,.T.);
#2913 = CIRCLE('',#2914,1.2);
#2914 = AXIS2_PLACEMENT_3D('',#2915,#2916,#2917);
#2915 = CARTESIAN_POINT('',(-10.,-13.2,49.));
#2916 = DIRECTION('',(0.,1.,0.));
#2917 = DIRECTION('',(0.,0.,1.));
#2918 = ORIENTED_EDGE('',*,*,#718,.T.);
#2919 = ORIENTED_EDGE('',*,*,#2675,.F.);
#2920 = CYLINDRICAL_SURFACE('',#2921,1.2);
#2921 = AXIS2_PLACEMENT_3D('',#2922,#2923,#2924);
#2922 = CARTESIAN_POINT('',(-10.,-19.,49.));
#2923 = DIRECTION('',(0.,1.,0.));
#2924 = DIRECTION('',(0.,0.,1.));
#2925 = ADVANCED_FACE('',(#2926),#2932,.T.);
#2926 = FACE_BOUND('',#2927,.T.);
#2927 = EDGE_LOOP('',(#2928,#2929,#2930,#2931));
#2928 = ORIENTED_EDGE('',*,*,#710,.T.);
#2929 = ORIENTED_EDGE('',*,*,#756,.T.);
#2930 = ORIENTED_EDGE('',*,*,#790,.T.);
#2931 = ORIENTED_EDGE('',*,*,#2912,.T.);
#2932 = PLANE('',#2933);
#2933 = AXIS2_PLACEMENT_3D('',#2934,#2935,#2936);
#2934 = CARTESIAN_POINT('',(-15.3,-13.2,22.1));
#2935 = DIRECTION('',(0.,1.,0.));
#2936 = DIRECTION('',(0.,0.,1.));
#2937 = ADVANCED_FACE('',(#2938),#2985,.F.);
#2938 = FACE_BOUND('',#2939,.F.);
#2939 = EDGE_LOOP('',(#2940,#2941,#2942,#2943,#2944,#2953,#2961,#2970,
    #2978));
#2940 = ORIENTED_EDGE('',*,*,#876,.F.);
#2941 = ORIENTED_EDGE('',*,*,#1573,.T.);
#2942 = ORIENTED_EDGE('',*,*,#1582,.T.);
#2943 = ORIENTED_EDGE('',*,*,#1006,.T.);
#2944 = ORIENTED_EDGE('',*,*,#2945,.F.);
#2945 = EDGE_CURVE('',#2946,#1007,#2948,.T.);
#2946 = VERTEX_POINT('',#2947);
#2947 = CARTESIAN_POINT('',(9.,-17.6,53.663324958071));
#2948 = CIRCLE('',#2949,1.2);
#2949 = AXIS2_PLACEMENT_3D('',#2950,#2951,#2952);
#2950 = CARTESIAN_POINT('',(10.,-17.6,53.));
#2951 = DIRECTION('',(0.,1.,0.));
#2952 = DIRECTION('',(0.,0.,1.));
#2953 = ORIENTED_EDGE('',*,*,#2954,.F.);
#2954 = EDGE_CURVE('',#2955,#2946,#2957,.T.);
#2955 = VERTEX_POINT('',#2956);
#2956 = CARTESIAN_POINT('',(9.,-17.8,53.663324958071));
#2957 = LINE('',#2958,#2959);
#2958 = CARTESIAN_POINT('',(9.,-19.,53.663324958071));
#2959 = VECTOR('',#2960,1.);
#2960 = DIRECTION('',(0.,1.,0.));
#2961 = ORIENTED_EDGE('',*,*,#2962,.F.);
#2962 = EDGE_CURVE('',#2963,#2955,#2965,.T.);
#2963 = VERTEX_POINT('',#2964);
#2964 = CARTESIAN_POINT('',(8.868629150102,-17.8,53.4));
#2965 = CIRCLE('',#2966,1.2);
#2966 = AXIS2_PLACEMENT_3D('',#2967,#2968,#2969);
#2967 = CARTESIAN_POINT('',(10.,-17.8,53.));
#2968 = DIRECTION('',(0.,1.,0.));
#2969 = DIRECTION('',(0.,0.,1.));
#2970 = ORIENTED_EDGE('',*,*,#2971,.T.);
#2971 = EDGE_CURVE('',#2963,#2972,#2974,.T.);
#2972 = VERTEX_POINT('',#2973);
#2973 = CARTESIAN_POINT('',(8.868629150102,-17.6,53.4));
#2974 = LINE('',#2975,#2976);
#2975 = CARTESIAN_POINT('',(8.868629150102,-19.,53.4));
#2976 = VECTOR('',#2977,1.);
#2977 = DIRECTION('',(0.,1.,0.));
#2978 = ORIENTED_EDGE('',*,*,#2979,.F.);
#2979 = EDGE_CURVE('',#879,#2972,#2980,.T.);
#2980 = CIRCLE('',#2981,1.2);
#2981 = AXIS2_PLACEMENT_3D('',#2982,#2983,#2984);
#2982 = CARTESIAN_POINT('',(10.,-17.6,53.));
#2983 = DIRECTION('',(0.,1.,0.));
#2984 = DIRECTION('',(0.,0.,1.));
#2985 = CYLINDRICAL_SURFACE('',#2986,1.2);
#2986 = AXIS2_PLACEMENT_3D('',#2987,#2988,#2989);
#2987 = CARTESIAN_POINT('',(10.,-19.,53.));
#2988 = DIRECTION('',(0.,1.,0.));
#2989 = DIRECTION('',(0.,0.,1.));
#2990 = ADVANCED_FACE('',(#2991),#3007,.F.);
#2991 = FACE_BOUND('',#2992,.F.);
#2992 = EDGE_LOOP('',(#2993,#2999,#3000,#3006));
#2993 = ORIENTED_EDGE('',*,*,#2994,.F.);
#2994 = EDGE_CURVE('',#927,#1015,#2995,.T.);
#2995 = LINE('',#2996,#2997);
#2996 = CARTESIAN_POINT('',(-12.9,-14.8,53.));
#2997 = VECTOR('',#2998,1.);
#2998 = DIRECTION('',(1.,0.,0.));
#2999 = ORIENTED_EDGE('',*,*,#934,.F.);
#3000 = ORIENTED_EDGE('',*,*,#3001,.T.);
#3001 = EDGE_CURVE('',#879,#1007,#3002,.T.);
#3002 = LINE('',#3003,#3004);
#3003 = CARTESIAN_POINT('',(-12.9,-17.6,53.));
#3004 = VECTOR('',#3005,1.);
#3005 = DIRECTION('',(1.,0.,0.));
#3006 = ORIENTED_EDGE('',*,*,#1014,.T.);
#3007 = PLANE('',#3008);
#3008 = AXIS2_PLACEMENT_3D('',#3009,#3010,#3011);
#3009 = CARTESIAN_POINT('',(-12.9,-17.6,53.));
#3010 = DIRECTION('',(0.,0.,1.));
#3011 = DIRECTION('',(1.,0.,0.));
#3012 = ADVANCED_FACE('',(#3013),#3060,.F.);
#3013 = FACE_BOUND('',#3014,.F.);
#3014 = EDGE_LOOP('',(#3015,#3016,#3025,#3033,#3042,#3050,#3057,#3058,
    #3059));
#3015 = ORIENTED_EDGE('',*,*,#926,.F.);
#3016 = ORIENTED_EDGE('',*,*,#3017,.T.);
#3017 = EDGE_CURVE('',#927,#3018,#3020,.T.);
#3018 = VERTEX_POINT('',#3019);
#3019 = CARTESIAN_POINT('',(8.868629150102,-14.8,53.4));
#3020 = CIRCLE('',#3021,1.2);
#3021 = AXIS2_PLACEMENT_3D('',#3022,#3023,#3024);
#3022 = CARTESIAN_POINT('',(10.,-14.8,53.));
#3023 = DIRECTION('',(0.,1.,0.));
#3024 = DIRECTION('',(0.,0.,1.));
#3025 = ORIENTED_EDGE('',*,*,#3026,.T.);
#3026 = EDGE_CURVE('',#3018,#3027,#3029,.T.);
#3027 = VERTEX_POINT('',#3028);
#3028 = CARTESIAN_POINT('',(8.868629150102,-14.6,53.4));
#3029 = LINE('',#3030,#3031);
#3030 = CARTESIAN_POINT('',(8.868629150102,-19.,53.4));
#3031 = VECTOR('',#3032,1.);
#3032 = DIRECTION('',(0.,1.,0.));
#3033 = ORIENTED_EDGE('',*,*,#3034,.T.);
#3034 = EDGE_CURVE('',#3027,#3035,#3037,.T.);
#3035 = VERTEX_POINT('',#3036);
#3036 = CARTESIAN_POINT('',(9.,-14.6,53.663324958071));
#3037 = CIRCLE('',#3038,1.2);
#3038 = AXIS2_PLACEMENT_3D('',#3039,#3040,#3041);
#3039 = CARTESIAN_POINT('',(10.,-14.6,53.));
#3040 = DIRECTION('',(0.,1.,0.));
#3041 = DIRECTION('',(0.,0.,1.));
#3042 = ORIENTED_EDGE('',*,*,#3043,.F.);
#3043 = EDGE_CURVE('',#3044,#3035,#3046,.T.);
#3044 = VERTEX_POINT('',#3045);
#3045 = CARTESIAN_POINT('',(9.,-14.8,53.663324958071));
#3046 = LINE('',#3047,#3048);
#3047 = CARTESIAN_POINT('',(9.,-19.,53.663324958071));
#3048 = VECTOR('',#3049,1.);
#3049 = DIRECTION('',(0.,1.,0.));
#3050 = ORIENTED_EDGE('',*,*,#3051,.T.);
#3051 = EDGE_CURVE('',#3044,#1015,#3052,.T.);
#3052 = CIRCLE('',#3053,1.2);
#3053 = AXIS2_PLACEMENT_3D('',#3054,#3055,#3056);
#3054 = CARTESIAN_POINT('',(10.,-14.8,53.));
#3055 = DIRECTION('',(0.,1.,0.));
#3056 = DIRECTION('',(0.,0.,1.));
#3057 = ORIENTED_EDGE('',*,*,#1022,.T.);
#3058 = ORIENTED_EDGE('',*,*,#2783,.F.);
#3059 = ORIENTED_EDGE('',*,*,#2765,.F.);
#3060 = CYLINDRICAL_SURFACE('',#3061,1.2);
#3061 = AXIS2_PLACEMENT_3D('',#3062,#3063,#3064);
#3062 = CARTESIAN_POINT('',(10.,-19.,53.));
#3063 = DIRECTION('',(0.,1.,0.));
#3064 = DIRECTION('',(0.,0.,1.));
#3065 = ADVANCED_FACE('',(#3066),#3078,.F.);
#3066 = FACE_BOUND('',#3067,.F.);
#3067 = EDGE_LOOP('',(#3068,#3069,#3076,#3077));
#3068 = ORIENTED_EDGE('',*,*,#972,.F.);
#3069 = ORIENTED_EDGE('',*,*,#3070,.T.);
#3070 = EDGE_CURVE('',#973,#903,#3071,.T.);
#3071 = CIRCLE('',#3072,1.2);
#3072 = AXIS2_PLACEMENT_3D('',#3073,#3074,#3075);
#3073 = CARTESIAN_POINT('',(10.,-13.2,49.));
#3074 = DIRECTION('',(0.,1.,0.));
#3075 = DIRECTION('',(0.,0.,1.));
#3076 = ORIENTED_EDGE('',*,*,#910,.T.);
#3077 = ORIENTED_EDGE('',*,*,#2775,.F.);
#3078 = CYLINDRICAL_SURFACE('',#3079,1.2);
#3079 = AXIS2_PLACEMENT_3D('',#3080,#3081,#3082);
#3080 = CARTESIAN_POINT('',(10.,-19.,49.));
#3081 = DIRECTION('',(0.,1.,0.));
#3082 = DIRECTION('',(0.,0.,1.));
#3083 = ADVANCED_FACE('',(#3084),#3090,.T.);
#3084 = FACE_BOUND('',#3085,.T.);
#3085 = EDGE_LOOP('',(#3086,#3087,#3088,#3089));
#3086 = ORIENTED_EDGE('',*,*,#902,.T.);
#3087 = ORIENTED_EDGE('',*,*,#948,.T.);
#3088 = ORIENTED_EDGE('',*,*,#982,.T.);
#3089 = ORIENTED_EDGE('',*,*,#3070,.T.);
#3090 = PLANE('',#3091);
#3091 = AXIS2_PLACEMENT_3D('',#3092,#3093,#3094);
#3092 = CARTESIAN_POINT('',(-15.3,-13.2,22.1));
#3093 = DIRECTION('',(0.,1.,0.));
#3094 = DIRECTION('',(0.,0.,1.));
#3095 = ADVANCED_FACE('',(#3096),#3114,.F.);
#3096 = FACE_BOUND('',#3097,.F.);
#3097 = EDGE_LOOP('',(#3098,#3106,#3112,#3113));
#3098 = ORIENTED_EDGE('',*,*,#3099,.F.);
#3099 = EDGE_CURVE('',#3100,#1150,#3102,.T.);
#3100 = VERTEX_POINT('',#3101);
#3101 = CARTESIAN_POINT('',(21.,-12.,35.));
#3102 = LINE('',#3103,#3104);
#3103 = CARTESIAN_POINT('',(21.,-12.,29.4));
#3104 = VECTOR('',#3105,1.);
#3105 = DIRECTION('',(0.,0.,1.));
#3106 = ORIENTED_EDGE('',*,*,#3107,.F.);
#3107 = EDGE_CURVE('',#1503,#3100,#3108,.T.);
#3108 = LINE('',#3109,#3110);
#3109 = CARTESIAN_POINT('',(-30.,-12.,35.));
#3110 = VECTOR('',#3111,1.);
#3111 = DIRECTION('',(1.,0.,0.));
#3112 = ORIENTED_EDGE('',*,*,#1528,.T.);
#3113 = ORIENTED_EDGE('',*,*,#1157,.T.);
#3114 = PLANE('',#3115);
#3115 = AXIS2_PLACEMENT_3D('',#3116,#3117,#3118);
#3116 = CARTESIAN_POINT('',(14.,-12.,29.4));
#3117 = DIRECTION('',(0.,1.,0.));
#3118 = DIRECTION('',(0.,0.,1.));
#3119 = ADVANCED_FACE('',(#3120),#3139,.F.);
#3120 = FACE_BOUND('',#3121,.F.);
#3121 = EDGE_LOOP('',(#3122,#3123,#3124,#3132,#3138));
#3122 = ORIENTED_EDGE('',*,*,#1149,.F.);
#3123 = ORIENTED_EDGE('',*,*,#1595,.T.);
#3124 = ORIENTED_EDGE('',*,*,#3125,.T.);
#3125 = EDGE_CURVE('',#1596,#3126,#3128,.T.);
#3126 = VERTEX_POINT('',#3127);
#3127 = CARTESIAN_POINT('',(21.,-12.,29.5));
#3128 = LINE('',#3129,#3130);
#3129 = CARTESIAN_POINT('',(21.,-18.5,29.5));
#3130 = VECTOR('',#3131,1.);
#3131 = DIRECTION('',(0.,1.,0.));
#3132 = ORIENTED_EDGE('',*,*,#3133,.T.);
#3133 = EDGE_CURVE('',#3126,#3100,#3134,.T.);
#3134 = LINE('',#3135,#3136);
#3135 = CARTESIAN_POINT('',(21.,-12.,29.4));
#3136 = VECTOR('',#3137,1.);
#3137 = DIRECTION('',(0.,0.,1.));
#3138 = ORIENTED_EDGE('',*,*,#3099,.T.);
#3139 = PLANE('',#3140);
#3140 = AXIS2_PLACEMENT_3D('',#3141,#3142,#3143);
#3141 = CARTESIAN_POINT('',(21.,-19.,29.4));
#3142 = DIRECTION('',(1.,0.,0.));
#3143 = DIRECTION('',(0.,0.,1.));
#3144 = ADVANCED_FACE('',(#3145),#3269,.T.);
#3145 = FACE_BOUND('',#3146,.T.);
#3146 = EDGE_LOOP('',(#3147,#3148,#3149,#3157,#3165,#3173,#3181,#3189,
    #3197,#3205,#3213,#3221,#3229,#3237,#3245,#3253,#3262,#3268));
#3147 = ORIENTED_EDGE('',*,*,#1502,.F.);
#3148 = ORIENTED_EDGE('',*,*,#2257,.F.);
#3149 = ORIENTED_EDGE('',*,*,#3150,.T.);
#3150 = EDGE_CURVE('',#2250,#3151,#3153,.T.);
#3151 = VERTEX_POINT('',#3152);
#3152 = CARTESIAN_POINT('',(-26.83589838486,-10.,35.));
#3153 = LINE('',#3154,#3155);
#3154 = CARTESIAN_POINT('',(-14.5,-10.,35.));
#3155 = VECTOR('',#3156,1.);
#3156 = DIRECTION('',(1.,0.,0.));
#3157 = ORIENTED_EDGE('',*,*,#3158,.T.);
#3158 = EDGE_CURVE('',#3151,#3159,#3161,.T.);
#3159 = VERTEX_POINT('',#3160);
#3160 = CARTESIAN_POINT('',(-26.83589838486,-10.1,35.));
#3161 = LINE('',#3162,#3163);
#3162 = CARTESIAN_POINT('',(-26.83589838486,-6.8,35.));
#3163 = VECTOR('',#3164,1.);
#3164 = DIRECTION('',(1.9E-16,-1.,0.));
#3165 = ORIENTED_EDGE('',*,*,#3166,.T.);
#3166 = EDGE_CURVE('',#3159,#3167,#3169,.T.);
#3167 = VERTEX_POINT('',#3168);
#3168 = CARTESIAN_POINT('',(-22.16410161513,-10.1,35.));
#3169 = LINE('',#3170,#3171);
#3170 = CARTESIAN_POINT('',(-12.25,-10.1,35.));
#3171 = VECTOR('',#3172,1.);
#3172 = DIRECTION('',(1.,0.,0.));
#3173 = ORIENTED_EDGE('',*,*,#3174,.T.);
#3174 = EDGE_CURVE('',#3167,#3175,#3177,.T.);
#3175 = VERTEX_POINT('',#3176);
#3176 = CARTESIAN_POINT('',(-22.16410161513,-10.,35.));
#3177 = LINE('',#3178,#3179);
#3178 = CARTESIAN_POINT('',(-22.16410161513,-6.8,35.));
#3179 = VECTOR('',#3180,1.);
#3180 = DIRECTION('',(1.9E-16,1.,0.));
#3181 = ORIENTED_EDGE('',*,*,#3182,.T.);
#3182 = EDGE_CURVE('',#3175,#3183,#3185,.T.);
#3183 = VERTEX_POINT('',#3184);
#3184 = CARTESIAN_POINT('',(-20.,-10.,35.));
#3185 = LINE('',#3186,#3187);
#3186 = CARTESIAN_POINT('',(-14.5,-10.,35.));
#3187 = VECTOR('',#3188,1.);
#3188 = DIRECTION('',(1.,0.,0.));
#3189 = ORIENTED_EDGE('',*,*,#3190,.F.);
#3190 = EDGE_CURVE('',#3191,#3183,#3193,.T.);
#3191 = VERTEX_POINT('',#3192);
#3192 = CARTESIAN_POINT('',(-20.,5.,35.));
#3193 = LINE('',#3194,#3195);
#3194 = CARTESIAN_POINT('',(-20.,-6.75,35.));
#3195 = VECTOR('',#3196,1.);
#3196 = DIRECTION('',(0.,-1.,0.));
#3197 = ORIENTED_EDGE('',*,*,#3198,.T.);
#3198 = EDGE_CURVE('',#3191,#3199,#3201,.T.);
#3199 = VERTEX_POINT('',#3200);
#3200 = CARTESIAN_POINT('',(20.,5.,35.));
#3201 = LINE('',#3202,#3203);
#3202 = CARTESIAN_POINT('',(-30.,5.,35.));
#3203 = VECTOR('',#3204,1.);
#3204 = DIRECTION('',(1.,0.,0.));
#3205 = ORIENTED_EDGE('',*,*,#3206,.T.);
#3206 = EDGE_CURVE('',#3199,#3207,#3209,.T.);
#3207 = VERTEX_POINT('',#3208);
#3208 = CARTESIAN_POINT('',(20.,-10.,35.));
#3209 = LINE('',#3210,#3211);
#3210 = CARTESIAN_POINT('',(20.,-6.75,35.));
#3211 = VECTOR('',#3212,1.);
#3212 = DIRECTION('',(0.,-1.,0.));
#3213 = ORIENTED_EDGE('',*,*,#3214,.T.);
#3214 = EDGE_CURVE('',#3207,#3215,#3217,.T.);
#3215 = VERTEX_POINT('',#3216);
#3216 = CARTESIAN_POINT('',(22.164101615138,-10.,35.));
#3217 = LINE('',#3218,#3219);
#3218 = CARTESIAN_POINT('',(10.,-10.,35.));
#3219 = VECTOR('',#3220,1.);
#3220 = DIRECTION('',(1.,0.,0.));
#3221 = ORIENTED_EDGE('',*,*,#3222,.T.);
#3222 = EDGE_CURVE('',#3215,#3223,#3225,.T.);
#3223 = VERTEX_POINT('',#3224);
#3224 = CARTESIAN_POINT('',(22.164101615138,-10.1,35.));
#3225 = LINE('',#3226,#3227);
#3226 = CARTESIAN_POINT('',(22.164101615138,-6.8,35.));
#3227 = VECTOR('',#3228,1.);
#3228 = DIRECTION('',(1.9E-16,-1.,0.));
#3229 = ORIENTED_EDGE('',*,*,#3230,.T.);
#3230 = EDGE_CURVE('',#3223,#3231,#3233,.T.);
#3231 = VERTEX_POINT('',#3232);
#3232 = CARTESIAN_POINT('',(26.835898384862,-10.1,35.));
#3233 = LINE('',#3234,#3235);
#3234 = CARTESIAN_POINT('',(12.25,-10.1,35.));
#3235 = VECTOR('',#3236,1.);
#3236 = DIRECTION('',(1.,0.,0.));
#3237 = ORIENTED_EDGE('',*,*,#3238,.T.);
#3238 = EDGE_CURVE('',#3231,#3239,#3241,.T.);
#3239 = VERTEX_POINT('',#3240);
#3240 = CARTESIAN_POINT('',(26.835898384862,-10.,35.));
#3241 = LINE('',#3242,#3243);
#3242 = CARTESIAN_POINT('',(26.835898384862,-6.8,35.));
#3243 = VECTOR('',#3244,1.);
#3244 = DIRECTION('',(1.9E-16,1.,0.));
#3245 = ORIENTED_EDGE('',*,*,#3246,.T.);
#3246 = EDGE_CURVE('',#3239,#3247,#3249,.T.);
#3247 = VERTEX_POINT('',#3248);
#3248 = CARTESIAN_POINT('',(28.602272636978,-10.,35.));
#3249 = LINE('',#3250,#3251);
#3250 = CARTESIAN_POINT('',(10.,-10.,35.));
#3251 = VECTOR('',#3252,1.);
#3252 = DIRECTION('',(1.,0.,0.));
#3253 = ORIENTED_EDGE('',*,*,#3254,.F.);
#3254 = EDGE_CURVE('',#3255,#3247,#3257,.T.);
#3255 = VERTEX_POINT('',#3256);
#3256 = CARTESIAN_POINT('',(27.822472931068,-12.,35.));
#3257 = CIRCLE('',#3258,30.3);
#3258 = AXIS2_PLACEMENT_3D('',#3259,#3260,#3261);
#3259 = CARTESIAN_POINT('',(0.,0.,35.));
#3260 = DIRECTION('',(0.,0.,1.));
#3261 = DIRECTION('',(1.,0.,0.));
#3262 = ORIENTED_EDGE('',*,*,#3263,.F.);
#3263 = EDGE_CURVE('',#3100,#3255,#3264,.T.);
#3264 = LINE('',#3265,#3266);
#3265 = CARTESIAN_POINT('',(-30.,-12.,35.));
#3266 = VECTOR('',#3267,1.);
#3267 = DIRECTION('',(1.,0.,0.));
#3268 = ORIENTED_EDGE('',*,*,#3107,.F.);
#3269 = PLANE('',#3270);
#3270 = AXIS2_PLACEMENT_3D('',#3271,#3272,#3273);
#3271 = CARTESIAN_POINT('',(-9.11E-15,-6.989429286579,35.));
#3272 = DIRECTION('',(-0.,-0.,-1.));
#3273 = DIRECTION('',(-1.,0.,0.));
#3274 = ADVANCED_FACE('',(#3275),#3292,.T.);
#3275 = FACE_BOUND('',#3276,.T.);
#3276 = EDGE_LOOP('',(#3277,#3283,#3284,#3290,#3291));
#3277 = ORIENTED_EDGE('',*,*,#3278,.T.);
#3278 = EDGE_CURVE('',#2017,#2658,#3279,.T.);
#3279 = LINE('',#3280,#3281);
#3280 = CARTESIAN_POINT('',(-22.8,-19.,44.));
#3281 = VECTOR('',#3282,1.);
#3282 = DIRECTION('',(0.,1.,0.));
#3283 = ORIENTED_EDGE('',*,*,#2657,.F.);
#3284 = ORIENTED_EDGE('',*,*,#3285,.F.);
#3285 = EDGE_CURVE('',#2268,#2650,#3286,.T.);
#3286 = LINE('',#3287,#3288);
#3287 = CARTESIAN_POINT('',(-25.2,-19.,44.));
#3288 = VECTOR('',#3289,1.);
#3289 = DIRECTION('',(0.,1.,0.));
#3290 = ORIENTED_EDGE('',*,*,#2267,.T.);
#3291 = ORIENTED_EDGE('',*,*,#2024,.T.);
#3292 = PLANE('',#3293);
#3293 = AXIS2_PLACEMENT_3D('',#3294,#3295,#3296);
#3294 = CARTESIAN_POINT('',(-23.96186508402,-12.87731304693,44.));
#3295 = DIRECTION('',(0.,0.,1.));
#3296 = DIRECTION('',(1.,0.,0.));
#3297 = ADVANCED_FACE('',(#3298),#3309,.T.);
#3298 = FACE_BOUND('',#3299,.T.);
#3299 = EDGE_LOOP('',(#3300,#3306,#3307,#3308));
#3300 = ORIENTED_EDGE('',*,*,#3301,.T.);
#3301 = EDGE_CURVE('',#2009,#2642,#3302,.T.);
#3302 = LINE('',#3303,#3304);
#3303 = CARTESIAN_POINT('',(-22.8,-13.,50.));
#3304 = VECTOR('',#3305,1.);
#3305 = DIRECTION('',(0.,1.,0.));
#3306 = ORIENTED_EDGE('',*,*,#2665,.T.);
#3307 = ORIENTED_EDGE('',*,*,#3278,.F.);
#3308 = ORIENTED_EDGE('',*,*,#2016,.F.);
#3309 = PLANE('',#3310);
#3310 = AXIS2_PLACEMENT_3D('',#3311,#3312,#3313);
#3311 = CARTESIAN_POINT('',(-22.8,-13.,47.));
#3312 = DIRECTION('',(-1.,-0.,-0.));
#3313 = DIRECTION('',(0.,0.,-1.));
#3314 = ADVANCED_FACE('',(#3315),#3327,.T.);
#3315 = FACE_BOUND('',#3316,.T.);
#3316 = EDGE_LOOP('',(#3317,#3318,#3319,#3325,#3326));
#3317 = ORIENTED_EDGE('',*,*,#2008,.F.);
#3318 = ORIENTED_EDGE('',*,*,#2284,.F.);
#3319 = ORIENTED_EDGE('',*,*,#3320,.T.);
#3320 = EDGE_CURVE('',#2277,#2640,#3321,.T.);
#3321 = LINE('',#3322,#3323);
#3322 = CARTESIAN_POINT('',(-25.2,-13.,50.));
#3323 = VECTOR('',#3324,1.);
#3324 = DIRECTION('',(0.,1.,0.));
#3325 = ORIENTED_EDGE('',*,*,#2639,.T.);
#3326 = ORIENTED_EDGE('',*,*,#3301,.F.);
#3327 = PLANE('',#3328);
#3328 = AXIS2_PLACEMENT_3D('',#3329,#3330,#3331);
#3329 = CARTESIAN_POINT('',(-23.96186508402,-12.87731304693,50.));
#3330 = DIRECTION('',(-0.,-0.,-1.));
#3331 = DIRECTION('',(-1.,0.,0.));
#3332 = ADVANCED_FACE('',(#3333),#3350,.T.);
#3333 = FACE_BOUND('',#3334,.T.);
#3334 = EDGE_LOOP('',(#3335,#3341,#3342,#3348,#3349));
#3335 = ORIENTED_EDGE('',*,*,#3336,.T.);
#3336 = EDGE_CURVE('',#1985,#2705,#3337,.T.);
#3337 = LINE('',#3338,#3339);
#3338 = CARTESIAN_POINT('',(-22.8,-19.,99.));
#3339 = VECTOR('',#3340,1.);
#3340 = DIRECTION('',(0.,1.,0.));
#3341 = ORIENTED_EDGE('',*,*,#2704,.F.);
#3342 = ORIENTED_EDGE('',*,*,#3343,.F.);
#3343 = EDGE_CURVE('',#2293,#2697,#3344,.T.);
#3344 = LINE('',#3345,#3346);
#3345 = CARTESIAN_POINT('',(-25.2,-19.,99.));
#3346 = VECTOR('',#3347,1.);
#3347 = DIRECTION('',(0.,1.,0.));
#3348 = ORIENTED_EDGE('',*,*,#2292,.T.);
#3349 = ORIENTED_EDGE('',*,*,#1992,.T.);
#3350 = PLANE('',#3351);
#3351 = AXIS2_PLACEMENT_3D('',#3352,#3353,#3354);
#3352 = CARTESIAN_POINT('',(-23.96186508402,-12.87731304693,99.));
#3353 = DIRECTION('',(0.,0.,1.));
#3354 = DIRECTION('',(1.,0.,0.));
#3355 = ADVANCED_FACE('',(#3356),#3367,.T.);
#3356 = FACE_BOUND('',#3357,.T.);
#3357 = EDGE_LOOP('',(#3358,#3364,#3365,#3366));
#3358 = ORIENTED_EDGE('',*,*,#3359,.T.);
#3359 = EDGE_CURVE('',#1977,#2689,#3360,.T.);
#3360 = LINE('',#3361,#3362);
#3361 = CARTESIAN_POINT('',(-22.8,-13.,105.));
#3362 = VECTOR('',#3363,1.);
#3363 = DIRECTION('',(0.,1.,0.));
#3364 = ORIENTED_EDGE('',*,*,#2712,.T.);
#3365 = ORIENTED_EDGE('',*,*,#3336,.F.);
#3366 = ORIENTED_EDGE('',*,*,#1984,.F.);
#3367 = PLANE('',#3368);
#3368 = AXIS2_PLACEMENT_3D('',#3369,#3370,#3371);
#3369 = CARTESIAN_POINT('',(-22.8,-13.,102.));
#3370 = DIRECTION('',(-1.,-0.,-0.));
#3371 = DIRECTION('',(0.,0.,-1.));
#3372 = ADVANCED_FACE('',(#3373),#3385,.T.);
#3373 = FACE_BOUND('',#3374,.T.);
#3374 = EDGE_LOOP('',(#3375,#3376,#3377,#3383,#3384));
#3375 = ORIENTED_EDGE('',*,*,#1976,.F.);
#3376 = ORIENTED_EDGE('',*,*,#2309,.F.);
#3377 = ORIENTED_EDGE('',*,*,#3378,.T.);
#3378 = EDGE_CURVE('',#2302,#2687,#3379,.T.);
#3379 = LINE('',#3380,#3381);
#3380 = CARTESIAN_POINT('',(-25.2,-19.,105.));
#3381 = VECTOR('',#3382,1.);
#3382 = DIRECTION('',(0.,1.,0.));
#3383 = ORIENTED_EDGE('',*,*,#2686,.T.);
#3384 = ORIENTED_EDGE('',*,*,#3359,.F.);
#3385 = PLANE('',#3386);
#3386 = AXIS2_PLACEMENT_3D('',#3387,#3388,#3389);
#3387 = CARTESIAN_POINT('',(-23.96186508402,-12.87731304693,105.));
#3388 = DIRECTION('',(-0.,-0.,-1.));
#3389 = DIRECTION('',(-1.,0.,0.));
#3390 = ADVANCED_FACE('',(#3391),#3417,.T.);
#3391 = FACE_BOUND('',#3392,.T.);
#3392 = EDGE_LOOP('',(#3393,#3401,#3409,#3415,#3416));
#3393 = ORIENTED_EDGE('',*,*,#3394,.T.);
#3394 = EDGE_CURVE('',#1953,#3395,#3397,.T.);
#3395 = VERTEX_POINT('',#3396);
#3396 = CARTESIAN_POINT('',(-22.,-7.8,109.6513684387));
#3397 = LINE('',#3398,#3399);
#3398 = CARTESIAN_POINT('',(-22.,-18.2,109.6513684387));
#3399 = VECTOR('',#3400,1.);
#3400 = DIRECTION('',(0.,1.,1.1E-16));
#3401 = ORIENTED_EDGE('',*,*,#3402,.T.);
#3402 = EDGE_CURVE('',#3395,#3403,#3405,.T.);
#3403 = VERTEX_POINT('',#3404);
#3404 = CARTESIAN_POINT('',(-24.9,-7.8,111.32568421935));
#3405 = LINE('',#3406,#3407);
#3406 = CARTESIAN_POINT('',(-22.,-7.8,109.6513684387));
#3407 = VECTOR('',#3408,1.);
#3408 = DIRECTION('',(-0.866025403784,0.,0.5));
#3409 = ORIENTED_EDGE('',*,*,#3410,.F.);
#3410 = EDGE_CURVE('',#2318,#3403,#3411,.T.);
#3411 = LINE('',#3412,#3413);
#3412 = CARTESIAN_POINT('',(-24.9,-18.2,111.32568421935));
#3413 = VECTOR('',#3414,1.);
#3414 = DIRECTION('',(0.,1.,1.1E-16));
#3415 = ORIENTED_EDGE('',*,*,#2317,.T.);
#3416 = ORIENTED_EDGE('',*,*,#1960,.T.);
#3417 = PLANE('',#3418);
#3418 = AXIS2_PLACEMENT_3D('',#3419,#3420,#3421);
#3419 = CARTESIAN_POINT('',(-23.42553141372,-12.82278643197,
    110.47439938415));
#3420 = DIRECTION('',(0.5,6.4E-16,0.866025403784));
#3421 = DIRECTION('',(0.866025403784,-1.284518171192E-32,-0.5));
#3422 = ADVANCED_FACE('',(#3423),#3441,.T.);
#3423 = FACE_BOUND('',#3424,.T.);
#3424 = EDGE_LOOP('',(#3425,#3433,#3439,#3440));
#3425 = ORIENTED_EDGE('',*,*,#3426,.T.);
#3426 = EDGE_CURVE('',#1945,#3427,#3429,.T.);
#3427 = VERTEX_POINT('',#3428);
#3428 = CARTESIAN_POINT('',(-19.1,-7.8,111.32568421935));
#3429 = LINE('',#3430,#3431);
#3430 = CARTESIAN_POINT('',(-19.1,-18.2,111.32568421935));
#3431 = VECTOR('',#3432,1.);
#3432 = DIRECTION('',(0.,1.,1.1E-16));
#3433 = ORIENTED_EDGE('',*,*,#3434,.T.);
#3434 = EDGE_CURVE('',#3427,#3395,#3435,.T.);
#3435 = LINE('',#3436,#3437);
#3436 = CARTESIAN_POINT('',(-19.1,-7.8,111.32568421935));
#3437 = VECTOR('',#3438,1.);
#3438 = DIRECTION('',(-0.866025403784,0.,-0.5));
#3439 = ORIENTED_EDGE('',*,*,#3394,.F.);
#3440 = ORIENTED_EDGE('',*,*,#1952,.T.);
#3441 = PLANE('',#3442);
#3442 = AXIS2_PLACEMENT_3D('',#3443,#3444,#3445);
#3443 = CARTESIAN_POINT('',(-20.55,-12.9,110.48852632902));
#3444 = DIRECTION('',(-0.5,-1.7E-16,0.866025403784));
#3445 = DIRECTION('',(0.866025403784,2.026838996044E-33,0.5));
#3446 = ADVANCED_FACE('',(#3447),#3465,.T.);
#3447 = FACE_BOUND('',#3448,.T.);
#3448 = EDGE_LOOP('',(#3449,#3457,#3463,#3464));
#3449 = ORIENTED_EDGE('',*,*,#3450,.T.);
#3450 = EDGE_CURVE('',#1937,#3451,#3453,.T.);
#3451 = VERTEX_POINT('',#3452);
#3452 = CARTESIAN_POINT('',(-19.1,-7.8,114.67431578065));
#3453 = LINE('',#3454,#3455);
#3454 = CARTESIAN_POINT('',(-19.1,-18.2,114.67431578065));
#3455 = VECTOR('',#3456,1.);
#3456 = DIRECTION('',(0.,1.,1.1E-16));
#3457 = ORIENTED_EDGE('',*,*,#3458,.T.);
#3458 = EDGE_CURVE('',#3451,#3427,#3459,.T.);
#3459 = LINE('',#3460,#3461);
#3460 = CARTESIAN_POINT('',(-19.1,-7.8,114.67431578065));
#3461 = VECTOR('',#3462,1.);
#3462 = DIRECTION('',(1.184593865342E-16,0.,-1.));
#3463 = ORIENTED_EDGE('',*,*,#3426,.F.);
#3464 = ORIENTED_EDGE('',*,*,#1944,.T.);
#3465 = PLANE('',#3466);
#3466 = AXIS2_PLACEMENT_3D('',#3467,#3468,#3469);
#3467 = CARTESIAN_POINT('',(-19.1,-12.9,113.));
#3468 = DIRECTION('',(-1.,-0.,-0.));
#3469 = DIRECTION('',(0.,0.,-1.));
#3470 = ADVANCED_FACE('',(#3471),#3489,.T.);
#3471 = FACE_BOUND('',#3472,.T.);
#3472 = EDGE_LOOP('',(#3473,#3481,#3487,#3488));
#3473 = ORIENTED_EDGE('',*,*,#3474,.T.);
#3474 = EDGE_CURVE('',#1929,#3475,#3477,.T.);
#3475 = VERTEX_POINT('',#3476);
#3476 = CARTESIAN_POINT('',(-22.,-7.8,116.3486315613));
#3477 = LINE('',#3478,#3479);
#3478 = CARTESIAN_POINT('',(-22.,-18.2,116.3486315613));
#3479 = VECTOR('',#3480,1.);
#3480 = DIRECTION('',(0.,1.,1.1E-16));
#3481 = ORIENTED_EDGE('',*,*,#3482,.T.);
#3482 = EDGE_CURVE('',#3475,#3451,#3483,.T.);
#3483 = LINE('',#3484,#3485);
#3484 = CARTESIAN_POINT('',(-22.,-7.8,116.3486315613));
#3485 = VECTOR('',#3486,1.);
#3486 = DIRECTION('',(0.866025403784,0.,-0.5));
#3487 = ORIENTED_EDGE('',*,*,#3450,.F.);
#3488 = ORIENTED_EDGE('',*,*,#1936,.T.);
#3489 = PLANE('',#3490);
#3490 = AXIS2_PLACEMENT_3D('',#3491,#3492,#3493);
#3491 = CARTESIAN_POINT('',(-20.55,-12.9,115.51147367097));
#3492 = DIRECTION('',(-0.5,2.E-16,-0.866025403784));
#3493 = DIRECTION('',(-0.866025403784,1.352814997112E-33,0.5));
#3494 = ADVANCED_FACE('',(#3495),#3514,.T.);
#3495 = FACE_BOUND('',#3496,.T.);
#3496 = EDGE_LOOP('',(#3497,#3505,#3511,#3512,#3513));
#3497 = ORIENTED_EDGE('',*,*,#3498,.T.);
#3498 = EDGE_CURVE('',#2327,#3499,#3501,.T.);
#3499 = VERTEX_POINT('',#3500);
#3500 = CARTESIAN_POINT('',(-24.9,-7.8,114.67431578065));
#3501 = LINE('',#3502,#3503);
#3502 = CARTESIAN_POINT('',(-24.9,-18.2,114.67431578065));
#3503 = VECTOR('',#3504,1.);
#3504 = DIRECTION('',(0.,1.,1.1E-16));
#3505 = ORIENTED_EDGE('',*,*,#3506,.T.);
#3506 = EDGE_CURVE('',#3499,#3475,#3507,.T.);
#3507 = LINE('',#3508,#3509);
#3508 = CARTESIAN_POINT('',(-24.9,-7.8,114.67431578065));
#3509 = VECTOR('',#3510,1.);
#3510 = DIRECTION('',(0.866025403784,0.,0.5));
#3511 = ORIENTED_EDGE('',*,*,#3474,.F.);
#3512 = ORIENTED_EDGE('',*,*,#1928,.T.);
#3513 = ORIENTED_EDGE('',*,*,#2334,.T.);
#3514 = PLANE('',#3515);
#3515 = AXIS2_PLACEMENT_3D('',#3516,#3517,#3518);
#3516 = CARTESIAN_POINT('',(-23.42553141372,-12.82278643197,
    115.52560061584));
#3517 = DIRECTION('',(0.5,-4.3E-16,-0.866025403784));
#3518 = DIRECTION('',(-0.866025403784,5.067679452289E-33,-0.5));
#3519 = ADVANCED_FACE('',(#3520),#3571,.T.);
#3520 = FACE_BOUND('',#3521,.T.);
#3521 = EDGE_LOOP('',(#3522,#3530,#3531,#3532,#3540,#3549,#3557,#3565));
#3522 = ORIENTED_EDGE('',*,*,#3523,.F.);
#3523 = EDGE_CURVE('',#2131,#3524,#3526,.T.);
#3524 = VERTEX_POINT('',#3525);
#3525 = CARTESIAN_POINT('',(-26.5,-12.,116.5));
#3526 = LINE('',#3527,#3528);
#3527 = CARTESIAN_POINT('',(-31.,-12.,116.5));
#3528 = VECTOR('',#3529,1.);
#3529 = DIRECTION('',(1.,0.,0.));
#3530 = ORIENTED_EDGE('',*,*,#2342,.T.);
#3531 = ORIENTED_EDGE('',*,*,#1912,.T.);
#3532 = ORIENTED_EDGE('',*,*,#3533,.T.);
#3533 = EDGE_CURVE('',#1904,#3534,#3536,.T.);
#3534 = VERTEX_POINT('',#3535);
#3535 = CARTESIAN_POINT('',(-20.38587181657,-17.23152308994,116.5));
#3536 = LINE('',#3537,#3538);
#3537 = CARTESIAN_POINT('',(-17.38587181657,-22.23152308994,116.5));
#3538 = VECTOR('',#3539,1.);
#3539 = DIRECTION('',(-0.514495755428,0.857492925713,0.));
#3540 = ORIENTED_EDGE('',*,*,#3541,.F.);
#3541 = EDGE_CURVE('',#3542,#3534,#3544,.T.);
#3542 = VERTEX_POINT('',#3543);
#3543 = CARTESIAN_POINT('',(-20.45,-17.,116.5));
#3544 = CIRCLE('',#3545,0.45);
#3545 = AXIS2_PLACEMENT_3D('',#3546,#3547,#3548);
#3546 = CARTESIAN_POINT('',(-20.,-17.,116.5));
#3547 = DIRECTION('',(0.,0.,1.));
#3548 = DIRECTION('',(1.,0.,0.));
#3549 = ORIENTED_EDGE('',*,*,#3550,.T.);
#3550 = EDGE_CURVE('',#3542,#3551,#3553,.T.);
#3551 = VERTEX_POINT('',#3552);
#3552 = CARTESIAN_POINT('',(-20.44999999999,5.,116.5));
#3553 = LINE('',#3554,#3555);
#3554 = CARTESIAN_POINT('',(-20.45,-17.,116.5));
#3555 = VECTOR('',#3556,1.);
#3556 = DIRECTION('',(0.,1.,0.));
#3557 = ORIENTED_EDGE('',*,*,#3558,.F.);
#3558 = EDGE_CURVE('',#3559,#3551,#3561,.T.);
#3559 = VERTEX_POINT('',#3560);
#3560 = CARTESIAN_POINT('',(-26.5,5.,116.5));
#3561 = LINE('',#3562,#3563);
#3562 = CARTESIAN_POINT('',(-26.5,5.,116.5));
#3563 = VECTOR('',#3564,1.);
#3564 = DIRECTION('',(1.,0.,0.));
#3565 = ORIENTED_EDGE('',*,*,#3566,.F.);
#3566 = EDGE_CURVE('',#3524,#3559,#3567,.T.);
#3567 = LINE('',#3568,#3569);
#3568 = CARTESIAN_POINT('',(-26.5,-12.,116.5));
#3569 = VECTOR('',#3570,1.);
#3570 = DIRECTION('',(0.,1.,0.));
#3571 = PLANE('',#3572);
#3572 = AXIS2_PLACEMENT_3D('',#3573,#3574,#3575);
#3573 = CARTESIAN_POINT('',(-22.02558893697,-6.362278420834,116.5));
#3574 = DIRECTION('',(0.,0.,1.));
#3575 = DIRECTION('',(1.,0.,0.));
#3576 = ADVANCED_FACE('',(#3577),#3605,.F.);
#3577 = FACE_BOUND('',#3578,.F.);
#3578 = EDGE_LOOP('',(#3579,#3588,#3597,#3603,#3604));
#3579 = ORIENTED_EDGE('',*,*,#3580,.F.);
#3580 = EDGE_CURVE('',#3581,#3534,#3583,.T.);
#3581 = VERTEX_POINT('',#3582);
#3582 = CARTESIAN_POINT('',(-20.,-17.,116.45));
#3583 = CIRCLE('',#3584,2.05);
#3584 = AXIS2_PLACEMENT_3D('',#3585,#3586,#3587);
#3585 = CARTESIAN_POINT('',(-20.,-17.,118.5));
#3586 = DIRECTION('',(-0.514495755428,0.857492925713,0.));
#3587 = DIRECTION('',(0.857492925713,0.514495755428,0.));
#3588 = ORIENTED_EDGE('',*,*,#3589,.F.);
#3589 = EDGE_CURVE('',#3590,#3581,#3592,.T.);
#3590 = VERTEX_POINT('',#3591);
#3591 = CARTESIAN_POINT('',(-19.55,-16.87535721577,116.5));
#3592 = ELLIPSE('',#3593,2.127185062709,2.05);
#3593 = AXIS2_PLACEMENT_3D('',#3594,#3595,#3596);
#3594 = CARTESIAN_POINT('',(-20.,-17.,118.5));
#3595 = DIRECTION('',(-0.266933581896,0.963714928211,0.));
#3596 = DIRECTION('',(-0.963714928211,-0.266933581896,0.));
#3597 = ORIENTED_EDGE('',*,*,#3598,.F.);
#3598 = EDGE_CURVE('',#1896,#3590,#3599,.T.);
#3599 = LINE('',#3600,#3601);
#3600 = CARTESIAN_POINT('',(-16.61412818342,-21.76847691005,116.5));
#3601 = VECTOR('',#3602,1.);
#3602 = DIRECTION('',(-0.514495755428,0.857492925713,0.));
#3603 = ORIENTED_EDGE('',*,*,#1903,.F.);
#3604 = ORIENTED_EDGE('',*,*,#3533,.T.);
#3605 = CYLINDRICAL_SURFACE('',#3606,2.05);
#3606 = AXIS2_PLACEMENT_3D('',#3607,#3608,#3609);
#3607 = CARTESIAN_POINT('',(-17.,-22.,118.5));
#3608 = DIRECTION('',(-0.514495755428,0.857492925713,0.));
#3609 = DIRECTION('',(0.857492925713,0.514495755428,0.));
#3610 = ADVANCED_FACE('',(#3611),#3645,.T.);
#3611 = FACE_BOUND('',#3612,.T.);
#3612 = EDGE_LOOP('',(#3613,#3614,#3615,#3623,#3631,#3639));
#3613 = ORIENTED_EDGE('',*,*,#3598,.F.);
#3614 = ORIENTED_EDGE('',*,*,#1895,.T.);
#3615 = ORIENTED_EDGE('',*,*,#3616,.T.);
#3616 = EDGE_CURVE('',#1888,#3617,#3619,.T.);
#3617 = VERTEX_POINT('',#3618);
#3618 = CARTESIAN_POINT('',(-17.5,-11.8,116.5));
#3619 = LINE('',#3620,#3621);
#3620 = CARTESIAN_POINT('',(-17.5,-18.,116.5));
#3621 = VECTOR('',#3622,1.);
#3622 = DIRECTION('',(0.,1.,0.));
#3623 = ORIENTED_EDGE('',*,*,#3624,.T.);
#3624 = EDGE_CURVE('',#3617,#3625,#3627,.T.);
#3625 = VERTEX_POINT('',#3626);
#3626 = CARTESIAN_POINT('',(-17.5,5.,116.5));
#3627 = LINE('',#3628,#3629);
#3628 = CARTESIAN_POINT('',(-17.5,-12.,116.5));
#3629 = VECTOR('',#3630,1.);
#3630 = DIRECTION('',(0.,1.,0.));
#3631 = ORIENTED_EDGE('',*,*,#3632,.F.);
#3632 = EDGE_CURVE('',#3633,#3625,#3635,.T.);
#3633 = VERTEX_POINT('',#3634);
#3634 = CARTESIAN_POINT('',(-19.55,5.,116.5));
#3635 = LINE('',#3636,#3637);
#3636 = CARTESIAN_POINT('',(-26.5,5.,116.5));
#3637 = VECTOR('',#3638,1.);
#3638 = DIRECTION('',(1.,0.,0.));
#3639 = ORIENTED_EDGE('',*,*,#3640,.F.);
#3640 = EDGE_CURVE('',#3590,#3633,#3641,.T.);
#3641 = LINE('',#3642,#3643);
#3642 = CARTESIAN_POINT('',(-19.55,-17.,116.5));
#3643 = VECTOR('',#3644,1.);
#3644 = DIRECTION('',(0.,1.,0.));
#3645 = PLANE('',#3646);
#3646 = AXIS2_PLACEMENT_3D('',#3647,#3648,#3649);
#3647 = CARTESIAN_POINT('',(-22.02558893697,-6.362278420834,116.5));
#3648 = DIRECTION('',(0.,0.,1.));
#3649 = DIRECTION('',(1.,0.,0.));
#3650 = ADVANCED_FACE('',(#3651),#3702,.T.);
#3651 = FACE_BOUND('',#3652,.T.);
#3652 = EDGE_LOOP('',(#3653,#3654,#3655,#3664,#3671,#3672,#3680,#3688,
    #3696));
#3653 = ORIENTED_EDGE('',*,*,#3616,.F.);
#3654 = ORIENTED_EDGE('',*,*,#1887,.T.);
#3655 = ORIENTED_EDGE('',*,*,#3656,.F.);
#3656 = EDGE_CURVE('',#3657,#1879,#3659,.T.);
#3657 = VERTEX_POINT('',#3658);
#3658 = CARTESIAN_POINT('',(-17.5,-17.18218287185,118.5));
#3659 = ELLIPSE('',#3660,3.984483794811,2.05);
#3660 = AXIS2_PLACEMENT_3D('',#3661,#3662,#3663);
#3661 = CARTESIAN_POINT('',(-17.5,-21.16666666666,118.5));
#3662 = DIRECTION('',(-1.,0.,0.));
#3663 = DIRECTION('',(0.,1.,0.));
#3664 = ORIENTED_EDGE('',*,*,#3665,.F.);
#3665 = EDGE_CURVE('',#1862,#3657,#3666,.T.);
#3666 = ELLIPSE('',#3667,3.984483794811,2.05);
#3667 = AXIS2_PLACEMENT_3D('',#3668,#3669,#3670);
#3668 = CARTESIAN_POINT('',(-17.5,-21.16666666666,118.5));
#3669 = DIRECTION('',(-1.,0.,0.));
#3670 = DIRECTION('',(0.,1.,0.));
#3671 = ORIENTED_EDGE('',*,*,#1861,.T.);
#3672 = ORIENTED_EDGE('',*,*,#3673,.T.);
#3673 = EDGE_CURVE('',#1854,#3674,#3676,.T.);
#3674 = VERTEX_POINT('',#3675);
#3675 = CARTESIAN_POINT('',(-17.5,0.,123.));
#3676 = LINE('',#3677,#3678);
#3677 = CARTESIAN_POINT('',(-17.5,-18.,123.));
#3678 = VECTOR('',#3679,1.);
#3679 = DIRECTION('',(0.,1.,0.));
#3680 = ORIENTED_EDGE('',*,*,#3681,.F.);
#3681 = EDGE_CURVE('',#3682,#3674,#3684,.T.);
#3682 = VERTEX_POINT('',#3683);
#3683 = CARTESIAN_POINT('',(-17.5,0.,119.));
#3684 = LINE('',#3685,#3686);
#3685 = CARTESIAN_POINT('',(-17.5,0.,119.));
#3686 = VECTOR('',#3687,1.);
#3687 = DIRECTION('',(0.,0.,1.));
#3688 = ORIENTED_EDGE('',*,*,#3689,.F.);
#3689 = EDGE_CURVE('',#3690,#3682,#3692,.T.);
#3690 = VERTEX_POINT('',#3691);
#3691 = CARTESIAN_POINT('',(-17.5,-11.8,119.));
#3692 = LINE('',#3693,#3694);
#3693 = CARTESIAN_POINT('',(-17.5,-16.,119.));
#3694 = VECTOR('',#3695,1.);
#3695 = DIRECTION('',(0.,1.,0.));
#3696 = ORIENTED_EDGE('',*,*,#3697,.F.);
#3697 = EDGE_CURVE('',#3617,#3690,#3698,.T.);
#3698 = LINE('',#3699,#3700);
#3699 = CARTESIAN_POINT('',(-17.5,-11.8,108.));
#3700 = VECTOR('',#3701,1.);
#3701 = DIRECTION('',(0.,0.,1.));
#3702 = PLANE('',#3703);
#3703 = AXIS2_PLACEMENT_3D('',#3704,#3705,#3706);
#3704 = CARTESIAN_POINT('',(-17.5,-9.602040816327,120.35204081632));
#3705 = DIRECTION('',(-1.,-0.,-0.));
#3706 = DIRECTION('',(0.,0.,-1.));
#3707 = ADVANCED_FACE('',(#3708,#3858,#3924,#3958,#3992,#4003),#4014,.T.
  );
#3708 = FACE_BOUND('',#3709,.T.);
#3709 = EDGE_LOOP('',(#3710,#3711,#3712,#3720,#3728,#3736,#3744,#3752,
    #3760,#3768,#3776,#3784,#3792,#3801,#3810,#3818,#3827,#3836,#3844,
    #3852));
#3710 = ORIENTED_EDGE('',*,*,#3673,.F.);
#3711 = ORIENTED_EDGE('',*,*,#1853,.T.);
#3712 = ORIENTED_EDGE('',*,*,#3713,.T.);
#3713 = EDGE_CURVE('',#1846,#3714,#3716,.T.);
#3714 = VERTEX_POINT('',#3715);
#3715 = CARTESIAN_POINT('',(-13.4,-17.6,123.));
#3716 = LINE('',#3717,#3718);
#3717 = CARTESIAN_POINT('',(-13.4,-15.0522675994,123.));
#3718 = VECTOR('',#3719,1.);
#3719 = DIRECTION('',(0.,1.,0.));
#3720 = ORIENTED_EDGE('',*,*,#3721,.T.);
#3721 = EDGE_CURVE('',#3714,#3722,#3724,.T.);
#3722 = VERTEX_POINT('',#3723);
#3723 = CARTESIAN_POINT('',(-14.1,-17.6,123.));
#3724 = LINE('',#3725,#3726);
#3725 = CARTESIAN_POINT('',(-7.052086017192,-17.6,123.));
#3726 = VECTOR('',#3727,1.);
#3727 = DIRECTION('',(-1.,0.,0.));
#3728 = ORIENTED_EDGE('',*,*,#3729,.T.);
#3729 = EDGE_CURVE('',#3722,#3730,#3732,.T.);
#3730 = VERTEX_POINT('',#3731);
#3731 = CARTESIAN_POINT('',(-14.1,-15.7,123.));
#3732 = LINE('',#3733,#3734);
#3733 = CARTESIAN_POINT('',(-14.1,-10.6522675994,123.));
#3734 = VECTOR('',#3735,1.);
#3735 = DIRECTION('',(0.,1.,0.));
#3736 = ORIENTED_EDGE('',*,*,#3737,.T.);
#3737 = EDGE_CURVE('',#3730,#3738,#3740,.T.);
#3738 = VERTEX_POINT('',#3739);
#3739 = CARTESIAN_POINT('',(14.1,-15.7,123.));
#3740 = LINE('',#3741,#3742);
#3741 = CARTESIAN_POINT('',(-17.5,-15.7,123.));
#3742 = VECTOR('',#3743,1.);
#3743 = DIRECTION('',(1.,0.,0.));
#3744 = ORIENTED_EDGE('',*,*,#3745,.F.);
#3745 = EDGE_CURVE('',#3746,#3738,#3748,.T.);
#3746 = VERTEX_POINT('',#3747);
#3747 = CARTESIAN_POINT('',(14.1,-16.,123.));
#3748 = LINE('',#3749,#3750);
#3749 = CARTESIAN_POINT('',(14.1,-10.6522675994,123.));
#3750 = VECTOR('',#3751,1.);
#3751 = DIRECTION('',(0.,1.,0.));
#3752 = ORIENTED_EDGE('',*,*,#3753,.T.);
#3753 = EDGE_CURVE('',#3746,#3754,#3756,.T.);
#3754 = VERTEX_POINT('',#3755);
#3755 = CARTESIAN_POINT('',(17.5,-16.,123.));
#3756 = LINE('',#3757,#3758);
#3757 = CARTESIAN_POINT('',(-17.5,-16.,123.));
#3758 = VECTOR('',#3759,1.);
#3759 = DIRECTION('',(1.,0.,0.));
#3760 = ORIENTED_EDGE('',*,*,#3761,.T.);
#3761 = EDGE_CURVE('',#3754,#3762,#3764,.T.);
#3762 = VERTEX_POINT('',#3763);
#3763 = CARTESIAN_POINT('',(17.5,0.,123.));
#3764 = LINE('',#3765,#3766);
#3765 = CARTESIAN_POINT('',(17.5,-16.,123.));
#3766 = VECTOR('',#3767,1.);
#3767 = DIRECTION('',(0.,1.,0.));
#3768 = ORIENTED_EDGE('',*,*,#3769,.T.);
#3769 = EDGE_CURVE('',#3762,#3770,#3772,.T.);
#3770 = VERTEX_POINT('',#3771);
#3771 = CARTESIAN_POINT('',(14.75,0.,123.));
#3772 = LINE('',#3773,#3774);
#3773 = CARTESIAN_POINT('',(7.384557945042,0.,123.));
#3774 = VECTOR('',#3775,1.);
#3775 = DIRECTION('',(-1.,0.,0.));
#3776 = ORIENTED_EDGE('',*,*,#3777,.T.);
#3777 = EDGE_CURVE('',#3770,#3778,#3780,.T.);
#3778 = VERTEX_POINT('',#3779);
#3779 = CARTESIAN_POINT('',(14.75,8.8,123.));
#3780 = LINE('',#3781,#3782);
#3781 = CARTESIAN_POINT('',(14.75,1.200089605735,123.));
#3782 = VECTOR('',#3783,1.);
#3783 = DIRECTION('',(0.,1.,0.));
#3784 = ORIENTED_EDGE('',*,*,#3785,.T.);
#3785 = EDGE_CURVE('',#3778,#3786,#3788,.T.);
#3786 = VERTEX_POINT('',#3787);
#3787 = CARTESIAN_POINT('',(13.006327994199,8.8,123.));
#3788 = LINE('',#3789,#3790);
#3789 = CARTESIAN_POINT('',(-8.740442054958,8.8,123.));
#3790 = VECTOR('',#3791,1.);
#3791 = DIRECTION('',(-1.,0.,0.));
#3792 = ORIENTED_EDGE('',*,*,#3793,.F.);
#3793 = EDGE_CURVE('',#3794,#3786,#3796,.T.);
#3794 = VERTEX_POINT('',#3795);
#3795 = CARTESIAN_POINT('',(14.25,5.5,123.));
#3796 = CIRCLE('',#3797,5.);
#3797 = AXIS2_PLACEMENT_3D('',#3798,#3799,#3800);
#3798 = CARTESIAN_POINT('',(9.25,5.5,123.));
#3799 = DIRECTION('',(0.,0.,1.));
#3800 = DIRECTION('',(1.,0.,0.));
#3801 = ORIENTED_EDGE('',*,*,#3802,.F.);
#3802 = EDGE_CURVE('',#3803,#3794,#3805,.T.);
#3803 = VERTEX_POINT('',#3804);
#3804 = CARTESIAN_POINT('',(5.493672005801,8.8,123.));
#3805 = CIRCLE('',#3806,5.);
#3806 = AXIS2_PLACEMENT_3D('',#3807,#3808,#3809);
#3807 = CARTESIAN_POINT('',(9.25,5.5,123.));
#3808 = DIRECTION('',(0.,0.,1.));
#3809 = DIRECTION('',(1.,0.,0.));
#3810 = ORIENTED_EDGE('',*,*,#3811,.T.);
#3811 = EDGE_CURVE('',#3803,#3812,#3814,.T.);
#3812 = VERTEX_POINT('',#3813);
#3813 = CARTESIAN_POINT('',(-5.493672005801,8.8,123.));
#3814 = LINE('',#3815,#3816);
#3815 = CARTESIAN_POINT('',(-8.740442054958,8.8,123.));
#3816 = VECTOR('',#3817,1.);
#3817 = DIRECTION('',(-1.,0.,0.));
#3818 = ORIENTED_EDGE('',*,*,#3819,.F.);
#3819 = EDGE_CURVE('',#3820,#3812,#3822,.T.);
#3820 = VERTEX_POINT('',#3821);
#3821 = CARTESIAN_POINT('',(-4.25,5.5,123.));
#3822 = CIRCLE('',#3823,5.);
#3823 = AXIS2_PLACEMENT_3D('',#3824,#3825,#3826);
#3824 = CARTESIAN_POINT('',(-9.25,5.5,123.));
#3825 = DIRECTION('',(0.,0.,1.));
#3826 = DIRECTION('',(1.,0.,0.));
#3827 = ORIENTED_EDGE('',*,*,#3828,.F.);
#3828 = EDGE_CURVE('',#3829,#3820,#3831,.T.);
#3829 = VERTEX_POINT('',#3830);
#3830 = CARTESIAN_POINT('',(-13.00632799419,8.8,123.));
#3831 = CIRCLE('',#3832,5.);
#3832 = AXIS2_PLACEMENT_3D('',#3833,#3834,#3835);
#3833 = CARTESIAN_POINT('',(-9.25,5.5,123.));
#3834 = DIRECTION('',(0.,0.,1.));
#3835 = DIRECTION('',(1.,0.,0.));
#3836 = ORIENTED_EDGE('',*,*,#3837,.T.);
#3837 = EDGE_CURVE('',#3829,#3838,#3840,.T.);
#3838 = VERTEX_POINT('',#3839);
#3839 = CARTESIAN_POINT('',(-14.75,8.8,123.));
#3840 = LINE('',#3841,#3842);
#3841 = CARTESIAN_POINT('',(-8.740442054958,8.8,123.));
#3842 = VECTOR('',#3843,1.);
#3843 = DIRECTION('',(-1.,0.,0.));
#3844 = ORIENTED_EDGE('',*,*,#3845,.F.);
#3845 = EDGE_CURVE('',#3846,#3838,#3848,.T.);
#3846 = VERTEX_POINT('',#3847);
#3847 = CARTESIAN_POINT('',(-14.75,0.,123.));
#3848 = LINE('',#3849,#3850);
#3849 = CARTESIAN_POINT('',(-14.75,1.200089605735,123.));
#3850 = VECTOR('',#3851,1.);
#3851 = DIRECTION('',(0.,1.,0.));
#3852 = ORIENTED_EDGE('',*,*,#3853,.T.);
#3853 = EDGE_CURVE('',#3846,#3674,#3854,.T.);
#3854 = LINE('',#3855,#3856);
#3855 = CARTESIAN_POINT('',(-13.99044205495,0.,123.));
#3856 = VECTOR('',#3857,1.);
#3857 = DIRECTION('',(-1.,0.,0.));
#3858 = FACE_BOUND('',#3859,.T.);
#3859 = EDGE_LOOP('',(#3860,#3870,#3878,#3886,#3894,#3902,#3910,#3918));
#3860 = ORIENTED_EDGE('',*,*,#3861,.F.);
#3861 = EDGE_CURVE('',#3862,#3864,#3866,.T.);
#3862 = VERTEX_POINT('',#3863);
#3863 = CARTESIAN_POINT('',(13.5,-11.8,123.));
#3864 = VERTEX_POINT('',#3865);
#3865 = CARTESIAN_POINT('',(13.5,-11.5,123.));
#3866 = LINE('',#3867,#3868);
#3867 = CARTESIAN_POINT('',(13.5,-15.5,123.));
#3868 = VECTOR('',#3869,1.);
#3869 = DIRECTION('',(0.,1.,0.));
#3870 = ORIENTED_EDGE('',*,*,#3871,.F.);
#3871 = EDGE_CURVE('',#3872,#3862,#3874,.T.);
#3872 = VERTEX_POINT('',#3873);
#3873 = CARTESIAN_POINT('',(-13.5,-11.8,123.));
#3874 = LINE('',#3875,#3876);
#3875 = CARTESIAN_POINT('',(-17.5,-11.8,123.));
#3876 = VECTOR('',#3877,1.);
#3877 = DIRECTION('',(1.,0.,0.));
#3878 = ORIENTED_EDGE('',*,*,#3879,.T.);
#3879 = EDGE_CURVE('',#3872,#3880,#3882,.T.);
#3880 = VERTEX_POINT('',#3881);
#3881 = CARTESIAN_POINT('',(-13.5,-11.5,123.));
#3882 = LINE('',#3883,#3884);
#3883 = CARTESIAN_POINT('',(-13.5,-15.5,123.));
#3884 = VECTOR('',#3885,1.);
#3885 = DIRECTION('',(0.,1.,0.));
#3886 = ORIENTED_EDGE('',*,*,#3887,.F.);
#3887 = EDGE_CURVE('',#3888,#3880,#3890,.T.);
#3888 = VERTEX_POINT('',#3889);
#3889 = CARTESIAN_POINT('',(-14.,-11.5,123.));
#3890 = LINE('',#3891,#3892);
#3891 = CARTESIAN_POINT('',(-17.5,-11.5,123.));
#3892 = VECTOR('',#3893,1.);
#3893 = DIRECTION('',(1.,0.,0.));
#3894 = ORIENTED_EDGE('',*,*,#3895,.T.);
#3895 = EDGE_CURVE('',#3888,#3896,#3898,.T.);
#3896 = VERTEX_POINT('',#3897);
#3897 = CARTESIAN_POINT('',(-14.,-7.,123.));
#3898 = LINE('',#3899,#3900);
#3899 = CARTESIAN_POINT('',(-14.,-4.799910394265,123.));
#3900 = VECTOR('',#3901,1.);
#3901 = DIRECTION('',(0.,1.,0.));
#3902 = ORIENTED_EDGE('',*,*,#3903,.F.);
#3903 = EDGE_CURVE('',#3904,#3896,#3906,.T.);
#3904 = VERTEX_POINT('',#3905);
#3905 = CARTESIAN_POINT('',(14.,-7.,123.));
#3906 = LINE('',#3907,#3908);
#3907 = CARTESIAN_POINT('',(-6.990442054958,-7.,123.));
#3908 = VECTOR('',#3909,1.);
#3909 = DIRECTION('',(-1.,0.,0.));
#3910 = ORIENTED_EDGE('',*,*,#3911,.F.);
#3911 = EDGE_CURVE('',#3912,#3904,#3914,.T.);
#3912 = VERTEX_POINT('',#3913);
#3913 = CARTESIAN_POINT('',(14.,-11.5,123.));
#3914 = LINE('',#3915,#3916);
#3915 = CARTESIAN_POINT('',(14.,-4.799910394265,123.));
#3916 = VECTOR('',#3917,1.);
#3917 = DIRECTION('',(0.,1.,0.));
#3918 = ORIENTED_EDGE('',*,*,#3919,.F.);
#3919 = EDGE_CURVE('',#3864,#3912,#3920,.T.);
#3920 = LINE('',#3921,#3922);
#3921 = CARTESIAN_POINT('',(13.5,-11.5,123.));
#3922 = VECTOR('',#3923,1.);
#3923 = DIRECTION('',(1.,0.,0.));
#3924 = FACE_BOUND('',#3925,.T.);
#3925 = EDGE_LOOP('',(#3926,#3936,#3944,#3952));
#3926 = ORIENTED_EDGE('',*,*,#3927,.T.);
#3927 = EDGE_CURVE('',#3928,#3930,#3932,.T.);
#3928 = VERTEX_POINT('',#3929);
#3929 = CARTESIAN_POINT('',(-7.25,-5.,123.));
#3930 = VERTEX_POINT('',#3931);
#3931 = CARTESIAN_POINT('',(-11.25,-5.,123.));
#3932 = LINE('',#3933,#3934);
#3933 = CARTESIAN_POINT('',(-5.615442054958,-5.,123.));
#3934 = VECTOR('',#3935,1.);
#3935 = DIRECTION('',(-1.,0.,0.));
#3936 = ORIENTED_EDGE('',*,*,#3937,.T.);
#3937 = EDGE_CURVE('',#3930,#3938,#3940,.T.);
#3938 = VERTEX_POINT('',#3939);
#3939 = CARTESIAN_POINT('',(-11.25,-3.,123.));
#3940 = LINE('',#3941,#3942);
#3941 = CARTESIAN_POINT('',(-11.25,-1.299910394265,123.));
#3942 = VECTOR('',#3943,1.);
#3943 = DIRECTION('',(0.,1.,0.));
#3944 = ORIENTED_EDGE('',*,*,#3945,.F.);
#3945 = EDGE_CURVE('',#3946,#3938,#3948,.T.);
#3946 = VERTEX_POINT('',#3947);
#3947 = CARTESIAN_POINT('',(-7.25,-3.,123.));
#3948 = LINE('',#3949,#3950);
#3949 = CARTESIAN_POINT('',(-5.615442054958,-3.,123.));
#3950 = VECTOR('',#3951,1.);
#3951 = DIRECTION('',(-1.,0.,0.));
#3952 = ORIENTED_EDGE('',*,*,#3953,.F.);
#3953 = EDGE_CURVE('',#3928,#3946,#3954,.T.);
#3954 = LINE('',#3955,#3956);
#3955 = CARTESIAN_POINT('',(-7.25,-1.299910394265,123.));
#3956 = VECTOR('',#3957,1.);
#3957 = DIRECTION('',(0.,1.,0.));
#3958 = FACE_BOUND('',#3959,.T.);
#3959 = EDGE_LOOP('',(#3960,#3970,#3978,#3986));
#3960 = ORIENTED_EDGE('',*,*,#3961,.T.);
#3961 = EDGE_CURVE('',#3962,#3964,#3966,.T.);
#3962 = VERTEX_POINT('',#3963);
#3963 = CARTESIAN_POINT('',(11.25,-5.,123.));
#3964 = VERTEX_POINT('',#3965);
#3965 = CARTESIAN_POINT('',(7.25,-5.,123.));
#3966 = LINE('',#3967,#3968);
#3967 = CARTESIAN_POINT('',(3.634557945042,-5.,123.));
#3968 = VECTOR('',#3969,1.);
#3969 = DIRECTION('',(-1.,0.,0.));
#3970 = ORIENTED_EDGE('',*,*,#3971,.T.);
#3971 = EDGE_CURVE('',#3964,#3972,#3974,.T.);
#3972 = VERTEX_POINT('',#3973);
#3973 = CARTESIAN_POINT('',(7.25,-3.,123.));
#3974 = LINE('',#3975,#3976);
#3975 = CARTESIAN_POINT('',(7.25,-1.299910394265,123.));
#3976 = VECTOR('',#3977,1.);
#3977 = DIRECTION('',(0.,1.,0.));
#3978 = ORIENTED_EDGE('',*,*,#3979,.F.);
#3979 = EDGE_CURVE('',#3980,#3972,#3982,.T.);
#3980 = VERTEX_POINT('',#3981);
#3981 = CARTESIAN_POINT('',(11.25,-3.,123.));
#3982 = LINE('',#3983,#3984);
#3983 = CARTESIAN_POINT('',(3.634557945042,-3.,123.));
#3984 = VECTOR('',#3985,1.);
#3985 = DIRECTION('',(-1.,0.,0.));
#3986 = ORIENTED_EDGE('',*,*,#3987,.F.);
#3987 = EDGE_CURVE('',#3962,#3980,#3988,.T.);
#3988 = LINE('',#3989,#3990);
#3989 = CARTESIAN_POINT('',(11.25,-1.299910394265,123.));
#3990 = VECTOR('',#3991,1.);
#3991 = DIRECTION('',(0.,1.,0.));
#3992 = FACE_BOUND('',#3993,.T.);
#3993 = EDGE_LOOP('',(#3994));
#3994 = ORIENTED_EDGE('',*,*,#3995,.F.);
#3995 = EDGE_CURVE('',#3996,#3996,#3998,.T.);
#3996 = VERTEX_POINT('',#3997);
#3997 = CARTESIAN_POINT('',(-14.05,-13.5,123.));
#3998 = CIRCLE('',#3999,1.45);
#3999 = AXIS2_PLACEMENT_3D('',#4000,#4001,#4002);
#4000 = CARTESIAN_POINT('',(-15.5,-13.5,123.));
#4001 = DIRECTION('',(0.,0.,1.));
#4002 = DIRECTION('',(1.,0.,0.));
#4003 = FACE_BOUND('',#4004,.T.);
#4004 = EDGE_LOOP('',(#4005));
#4005 = ORIENTED_EDGE('',*,*,#4006,.F.);
#4006 = EDGE_CURVE('',#4007,#4007,#4009,.T.);
#4007 = VERTEX_POINT('',#4008);
#4008 = CARTESIAN_POINT('',(16.95,-13.5,123.));
#4009 = CIRCLE('',#4010,1.45);
#4010 = AXIS2_PLACEMENT_3D('',#4011,#4012,#4013);
#4011 = CARTESIAN_POINT('',(15.5,-13.5,123.));
#4012 = DIRECTION('',(0.,0.,1.));
#4013 = DIRECTION('',(1.,0.,0.));
#4014 = PLANE('',#4015);
#4015 = AXIS2_PLACEMENT_3D('',#4016,#4017,#4018);
#4016 = CARTESIAN_POINT('',(-0.49294317972,-3.459770879564,123.));
#4017 = DIRECTION('',(0.,0.,1.));
#4018 = DIRECTION('',(1.,0.,0.));
#4019 = ADVANCED_FACE('',(#4020),#4038,.T.);
#4020 = FACE_BOUND('',#4021,.T.);
#4021 = EDGE_LOOP('',(#4022,#4023,#4031,#4037));
#4022 = ORIENTED_EDGE('',*,*,#1845,.F.);
#4023 = ORIENTED_EDGE('',*,*,#4024,.F.);
#4024 = EDGE_CURVE('',#4025,#1837,#4027,.T.);
#4025 = VERTEX_POINT('',#4026);
#4026 = CARTESIAN_POINT('',(-13.4,-17.6,111.50996688705));
#4027 = LINE('',#4028,#4029);
#4028 = CARTESIAN_POINT('',(-13.4,0.,111.50996688705));
#4029 = VECTOR('',#4030,1.);
#4030 = DIRECTION('',(0.,-1.,0.));
#4031 = ORIENTED_EDGE('',*,*,#4032,.T.);
#4032 = EDGE_CURVE('',#4025,#3714,#4033,.T.);
#4033 = LINE('',#4034,#4035);
#4034 = CARTESIAN_POINT('',(-13.4,-17.6,96.4));
#4035 = VECTOR('',#4036,1.);
#4036 = DIRECTION('',(0.,0.,1.));
#4037 = ORIENTED_EDGE('',*,*,#3713,.F.);
#4038 = PLANE('',#4039);
#4039 = AXIS2_PLACEMENT_3D('',#4040,#4041,#4042);
#4040 = CARTESIAN_POINT('',(-13.4,-26.4,96.4));
#4041 = DIRECTION('',(1.,0.,0.));
#4042 = DIRECTION('',(0.,0.,1.));
#4043 = ADVANCED_FACE('',(#4044),#4096,.F.);
#4044 = FACE_BOUND('',#4045,.F.);
#4045 = EDGE_LOOP('',(#4046,#4047,#4053,#4054,#4062,#4071,#4077,#4078,
    #4079,#4080,#4081,#4090));
#4046 = ORIENTED_EDGE('',*,*,#1827,.F.);
#4047 = ORIENTED_EDGE('',*,*,#4048,.F.);
#4048 = EDGE_CURVE('',#2566,#1828,#4049,.T.);
#4049 = LINE('',#4050,#4051);
#4050 = CARTESIAN_POINT('',(-15.,0.,107.8));
#4051 = VECTOR('',#4052,1.);
#4052 = DIRECTION('',(0.,-1.,0.));
#4053 = ORIENTED_EDGE('',*,*,#2574,.T.);
#4054 = ORIENTED_EDGE('',*,*,#4055,.T.);
#4055 = EDGE_CURVE('',#2575,#4056,#4058,.T.);
#4056 = VERTEX_POINT('',#4057);
#4057 = CARTESIAN_POINT('',(-13.04040820577,-11.8,111.));
#4058 = LINE('',#4059,#4060);
#4059 = CARTESIAN_POINT('',(-13.04040820577,0.,111.));
#4060 = VECTOR('',#4061,1.);
#4061 = DIRECTION('',(0.,-1.,0.));
#4062 = ORIENTED_EDGE('',*,*,#4063,.T.);
#4063 = EDGE_CURVE('',#4056,#4064,#4066,.T.);
#4064 = VERTEX_POINT('',#4065);
#4065 = CARTESIAN_POINT('',(-16.95959179422,-11.8,111.));
#4066 = CIRCLE('',#4067,2.2);
#4067 = AXIS2_PLACEMENT_3D('',#4068,#4069,#4070);
#4068 = CARTESIAN_POINT('',(-15.,-11.8,110.));
#4069 = DIRECTION('',(0.,-1.,0.));
#4070 = DIRECTION('',(0.,0.,-1.));
#4071 = ORIENTED_EDGE('',*,*,#4072,.F.);
#4072 = EDGE_CURVE('',#2558,#4064,#4073,.T.);
#4073 = LINE('',#4074,#4075);
#4074 = CARTESIAN_POINT('',(-16.95959179422,0.,111.));
#4075 = VECTOR('',#4076,1.);
#4076 = DIRECTION('',(0.,-1.,0.));
#4077 = ORIENTED_EDGE('',*,*,#2565,.T.);
#4078 = ORIENTED_EDGE('',*,*,#4048,.T.);
#4079 = ORIENTED_EDGE('',*,*,#1836,.F.);
#4080 = ORIENTED_EDGE('',*,*,#4024,.F.);
#4081 = ORIENTED_EDGE('',*,*,#4082,.F.);
#4082 = EDGE_CURVE('',#4083,#4025,#4085,.T.);
#4083 = VERTEX_POINT('',#4084);
#4084 = CARTESIAN_POINT('',(-13.4,-17.6,108.49003311294));
#4085 = CIRCLE('',#4086,2.2);
#4086 = AXIS2_PLACEMENT_3D('',#4087,#4088,#4089);
#4087 = CARTESIAN_POINT('',(-15.,-17.6,110.));
#4088 = DIRECTION('',(0.,-1.,0.));
#4089 = DIRECTION('',(0.,0.,-1.));
#4090 = ORIENTED_EDGE('',*,*,#4091,.T.);
#4091 = EDGE_CURVE('',#4083,#1820,#4092,.T.);
#4092 = LINE('',#4093,#4094);
#4093 = CARTESIAN_POINT('',(-13.4,0.,108.49003311294));
#4094 = VECTOR('',#4095,1.);
#4095 = DIRECTION('',(0.,-1.,0.));
#4096 = CYLINDRICAL_SURFACE('',#4097,2.2);
#4097 = AXIS2_PLACEMENT_3D('',#4098,#4099,#4100);
#4098 = CARTESIAN_POINT('',(-15.,0.,110.));
#4099 = DIRECTION('',(0.,-1.,0.));
#4100 = DIRECTION('',(0.,0.,-1.));
#4101 = ADVANCED_FACE('',(#4102),#4120,.T.);
#4102 = FACE_BOUND('',#4103,.T.);
#4103 = EDGE_LOOP('',(#4104,#4105,#4113,#4119));
#4104 = ORIENTED_EDGE('',*,*,#1819,.F.);
#4105 = ORIENTED_EDGE('',*,*,#4106,.T.);
#4106 = EDGE_CURVE('',#1812,#4107,#4109,.T.);
#4107 = VERTEX_POINT('',#4108);
#4108 = CARTESIAN_POINT('',(-13.4,-17.6,96.4));
#4109 = LINE('',#4110,#4111);
#4110 = CARTESIAN_POINT('',(-13.4,-26.4,96.4));
#4111 = VECTOR('',#4112,1.);
#4112 = DIRECTION('',(0.,1.,0.));
#4113 = ORIENTED_EDGE('',*,*,#4114,.T.);
#4114 = EDGE_CURVE('',#4107,#4083,#4115,.T.);
#4115 = LINE('',#4116,#4117);
#4116 = CARTESIAN_POINT('',(-13.4,-17.6,96.4));
#4117 = VECTOR('',#4118,1.);
#4118 = DIRECTION('',(0.,0.,1.));
#4119 = ORIENTED_EDGE('',*,*,#4091,.T.);
#4120 = PLANE('',#4121);
#4121 = AXIS2_PLACEMENT_3D('',#4122,#4123,#4124);
#4122 = CARTESIAN_POINT('',(-13.4,-26.4,96.4));
#4123 = DIRECTION('',(1.,0.,0.));
#4124 = DIRECTION('',(0.,0.,1.));
#4125 = ADVANCED_FACE('',(#4126),#4144,.T.);
#4126 = FACE_BOUND('',#4127,.T.);
#4127 = EDGE_LOOP('',(#4128,#4129,#4130,#4138));
#4128 = ORIENTED_EDGE('',*,*,#4106,.F.);
#4129 = ORIENTED_EDGE('',*,*,#1811,.F.);
#4130 = ORIENTED_EDGE('',*,*,#4131,.T.);
#4131 = EDGE_CURVE('',#1804,#4132,#4134,.T.);
#4132 = VERTEX_POINT('',#4133);
#4133 = CARTESIAN_POINT('',(-12.6,-17.6,96.4));
#4134 = LINE('',#4135,#4136);
#4135 = CARTESIAN_POINT('',(-12.6,-27.4,96.4));
#4136 = VECTOR('',#4137,1.);
#4137 = DIRECTION('',(0.,1.,0.));
#4138 = ORIENTED_EDGE('',*,*,#4139,.F.);
#4139 = EDGE_CURVE('',#4107,#4132,#4140,.T.);
#4140 = LINE('',#4141,#4142);
#4141 = CARTESIAN_POINT('',(-13.4,-17.6,96.4));
#4142 = VECTOR('',#4143,1.);
#4143 = DIRECTION('',(1.,0.,0.));
#4144 = PLANE('',#4145);
#4145 = AXIS2_PLACEMENT_3D('',#4146,#4147,#4148);
#4146 = CARTESIAN_POINT('',(-13.4,-26.4,96.4));
#4147 = DIRECTION('',(0.,0.,1.));
#4148 = DIRECTION('',(1.,0.,0.));
#4149 = ADVANCED_FACE('',(#4150),#4184,.F.);
#4150 = FACE_BOUND('',#4151,.F.);
#4151 = EDGE_LOOP('',(#4152,#4162,#4170,#4176,#4177,#4178));
#4152 = ORIENTED_EDGE('',*,*,#4153,.F.);
#4153 = EDGE_CURVE('',#4154,#4156,#4158,.T.);
#4154 = VERTEX_POINT('',#4155);
#4155 = CARTESIAN_POINT('',(-12.6,-27.77570881183,96.6));
#4156 = VERTEX_POINT('',#4157);
#4157 = CARTESIAN_POINT('',(-12.6,-17.6,96.6));
#4158 = LINE('',#4159,#4160);
#4159 = CARTESIAN_POINT('',(-12.6,-28.4,96.6));
#4160 = VECTOR('',#4161,1.);
#4161 = DIRECTION('',(0.,1.,0.));
#4162 = ORIENTED_EDGE('',*,*,#4163,.F.);
#4163 = EDGE_CURVE('',#4164,#4154,#4166,.T.);
#4164 = VERTEX_POINT('',#4165);
#4165 = CARTESIAN_POINT('',(-12.6,-27.77570881183,94.6));
#4166 = LINE('',#4167,#4168);
#4167 = CARTESIAN_POINT('',(-12.6,-27.77570881183,0.));
#4168 = VECTOR('',#4169,1.);
#4169 = DIRECTION('',(0.,0.,1.));
#4170 = ORIENTED_EDGE('',*,*,#4171,.T.);
#4171 = EDGE_CURVE('',#4164,#1796,#4172,.T.);
#4172 = LINE('',#4173,#4174);
#4173 = CARTESIAN_POINT('',(-12.6,-28.4,94.6));
#4174 = VECTOR('',#4175,1.);
#4175 = DIRECTION('',(0.,1.,0.));
#4176 = ORIENTED_EDGE('',*,*,#1803,.T.);
#4177 = ORIENTED_EDGE('',*,*,#4131,.T.);
#4178 = ORIENTED_EDGE('',*,*,#4179,.F.);
#4179 = EDGE_CURVE('',#4156,#4132,#4180,.T.);
#4180 = LINE('',#4181,#4182);
#4181 = CARTESIAN_POINT('',(-12.6,-17.6,94.6));
#4182 = VECTOR('',#4183,1.);
#4183 = DIRECTION('',(0.,0.,-1.));
#4184 = PLANE('',#4185);
#4185 = AXIS2_PLACEMENT_3D('',#4186,#4187,#4188);
#4186 = CARTESIAN_POINT('',(-12.6,-28.4,94.6));
#4187 = DIRECTION('',(1.,0.,0.));
#4188 = DIRECTION('',(0.,0.,1.));
#4189 = ADVANCED_FACE('',(#4190),#4226,.F.);
#4190 = FACE_BOUND('',#4191,.F.);
#4191 = EDGE_LOOP('',(#4192,#4193,#4202,#4210,#4219,#4225));
#4192 = ORIENTED_EDGE('',*,*,#4171,.F.);
#4193 = ORIENTED_EDGE('',*,*,#4194,.T.);
#4194 = EDGE_CURVE('',#4164,#4195,#4197,.T.);
#4195 = VERTEX_POINT('',#4196);
#4196 = CARTESIAN_POINT('',(-11.12160060423,-28.4,94.6));
#4197 = CIRCLE('',#4198,30.5);
#4198 = AXIS2_PLACEMENT_3D('',#4199,#4200,#4201);
#4199 = CARTESIAN_POINT('',(0.,0.,94.6));
#4200 = DIRECTION('',(0.,0.,1.));
#4201 = DIRECTION('',(1.,0.,0.));
#4202 = ORIENTED_EDGE('',*,*,#4203,.T.);
#4203 = EDGE_CURVE('',#4195,#4204,#4206,.T.);
#4204 = VERTEX_POINT('',#4205);
#4205 = CARTESIAN_POINT('',(11.12160060423,-28.4,94.6));
#4206 = LINE('',#4207,#4208);
#4207 = CARTESIAN_POINT('',(-12.6,-28.4,94.6));
#4208 = VECTOR('',#4209,1.);
#4209 = DIRECTION('',(1.,0.,0.));
#4210 = ORIENTED_EDGE('',*,*,#4211,.T.);
#4211 = EDGE_CURVE('',#4204,#4212,#4214,.T.);
#4212 = VERTEX_POINT('',#4213);
#4213 = CARTESIAN_POINT('',(12.6,-27.77570881183,94.6));
#4214 = CIRCLE('',#4215,30.5);
#4215 = AXIS2_PLACEMENT_3D('',#4216,#4217,#4218);
#4216 = CARTESIAN_POINT('',(0.,0.,94.6));
#4217 = DIRECTION('',(0.,0.,1.));
#4218 = DIRECTION('',(1.,0.,0.));
#4219 = ORIENTED_EDGE('',*,*,#4220,.T.);
#4220 = EDGE_CURVE('',#4212,#1788,#4221,.T.);
#4221 = LINE('',#4222,#4223);
#4222 = CARTESIAN_POINT('',(12.6,-28.4,94.6));
#4223 = VECTOR('',#4224,1.);
#4224 = DIRECTION('',(0.,1.,0.));
#4225 = ORIENTED_EDGE('',*,*,#1795,.T.);
#4226 = PLANE('',#4227);
#4227 = AXIS2_PLACEMENT_3D('',#4228,#4229,#4230);
#4228 = CARTESIAN_POINT('',(-12.6,-28.4,94.6));
#4229 = DIRECTION('',(0.,0.,1.));
#4230 = DIRECTION('',(1.,0.,0.));
#4231 = ADVANCED_FACE('',(#4232),#4266,.T.);
#4232 = FACE_BOUND('',#4233,.T.);
#4233 = EDGE_LOOP('',(#4234,#4244,#4250,#4251,#4252,#4260));
#4234 = ORIENTED_EDGE('',*,*,#4235,.F.);
#4235 = EDGE_CURVE('',#4236,#4238,#4240,.T.);
#4236 = VERTEX_POINT('',#4237);
#4237 = CARTESIAN_POINT('',(12.6,-27.77570881183,96.6));
#4238 = VERTEX_POINT('',#4239);
#4239 = CARTESIAN_POINT('',(12.6,-17.6,96.6));
#4240 = LINE('',#4241,#4242);
#4241 = CARTESIAN_POINT('',(12.6,-28.4,96.6));
#4242 = VECTOR('',#4243,1.);
#4243 = DIRECTION('',(0.,1.,0.));
#4244 = ORIENTED_EDGE('',*,*,#4245,.F.);
#4245 = EDGE_CURVE('',#4212,#4236,#4246,.T.);
#4246 = LINE('',#4247,#4248);
#4247 = CARTESIAN_POINT('',(12.6,-27.77570881183,0.));
#4248 = VECTOR('',#4249,1.);
#4249 = DIRECTION('',(0.,0.,1.));
#4250 = ORIENTED_EDGE('',*,*,#4220,.T.);
#4251 = ORIENTED_EDGE('',*,*,#1787,.T.);
#4252 = ORIENTED_EDGE('',*,*,#4253,.T.);
#4253 = EDGE_CURVE('',#1780,#4254,#4256,.T.);
#4254 = VERTEX_POINT('',#4255);
#4255 = CARTESIAN_POINT('',(12.6,-17.6,96.4));
#4256 = LINE('',#4257,#4258);
#4257 = CARTESIAN_POINT('',(12.6,-27.4,96.4));
#4258 = VECTOR('',#4259,1.);
#4259 = DIRECTION('',(0.,1.,0.));
#4260 = ORIENTED_EDGE('',*,*,#4261,.F.);
#4261 = EDGE_CURVE('',#4238,#4254,#4262,.T.);
#4262 = LINE('',#4263,#4264);
#4263 = CARTESIAN_POINT('',(12.6,-17.6,94.6));
#4264 = VECTOR('',#4265,1.);
#4265 = DIRECTION('',(0.,0.,-1.));
#4266 = PLANE('',#4267);
#4267 = AXIS2_PLACEMENT_3D('',#4268,#4269,#4270);
#4268 = CARTESIAN_POINT('',(12.6,-28.4,94.6));
#4269 = DIRECTION('',(1.,0.,0.));
#4270 = DIRECTION('',(0.,0.,1.));
#4271 = ADVANCED_FACE('',(#4272),#4290,.T.);
#4272 = FACE_BOUND('',#4273,.T.);
#4273 = EDGE_LOOP('',(#4274,#4275,#4276,#4284));
#4274 = ORIENTED_EDGE('',*,*,#4253,.F.);
#4275 = ORIENTED_EDGE('',*,*,#1779,.F.);
#4276 = ORIENTED_EDGE('',*,*,#4277,.T.);
#4277 = EDGE_CURVE('',#1772,#4278,#4280,.T.);
#4278 = VERTEX_POINT('',#4279);
#4279 = CARTESIAN_POINT('',(13.4,-17.6,96.4));
#4280 = LINE('',#4281,#4282);
#4281 = CARTESIAN_POINT('',(13.4,-26.4,96.4));
#4282 = VECTOR('',#4283,1.);
#4283 = DIRECTION('',(0.,1.,0.));
#4284 = ORIENTED_EDGE('',*,*,#4285,.F.);
#4285 = EDGE_CURVE('',#4254,#4278,#4286,.T.);
#4286 = LINE('',#4287,#4288);
#4287 = CARTESIAN_POINT('',(-13.4,-17.6,96.4));
#4288 = VECTOR('',#4289,1.);
#4289 = DIRECTION('',(1.,0.,0.));
#4290 = PLANE('',#4291);
#4291 = AXIS2_PLACEMENT_3D('',#4292,#4293,#4294);
#4292 = CARTESIAN_POINT('',(-13.4,-26.4,96.4));
#4293 = DIRECTION('',(0.,0.,1.));
#4294 = DIRECTION('',(1.,0.,0.));
#4295 = ADVANCED_FACE('',(#4296),#4314,.F.);
#4296 = FACE_BOUND('',#4297,.F.);
#4297 = EDGE_LOOP('',(#4298,#4299,#4300,#4308));
#4298 = ORIENTED_EDGE('',*,*,#1771,.F.);
#4299 = ORIENTED_EDGE('',*,*,#4277,.T.);
#4300 = ORIENTED_EDGE('',*,*,#4301,.T.);
#4301 = EDGE_CURVE('',#4278,#4302,#4304,.T.);
#4302 = VERTEX_POINT('',#4303);
#4303 = CARTESIAN_POINT('',(13.4,-17.6,123.));
#4304 = LINE('',#4305,#4306);
#4305 = CARTESIAN_POINT('',(13.4,-17.6,96.4));
#4306 = VECTOR('',#4307,1.);
#4307 = DIRECTION('',(0.,0.,1.));
#4308 = ORIENTED_EDGE('',*,*,#4309,.F.);
#4309 = EDGE_CURVE('',#1764,#4302,#4310,.T.);
#4310 = LINE('',#4311,#4312);
#4311 = CARTESIAN_POINT('',(13.4,-15.0522675994,123.));
#4312 = VECTOR('',#4313,1.);
#4313 = DIRECTION('',(0.,1.,0.));
#4314 = PLANE('',#4315);
#4315 = AXIS2_PLACEMENT_3D('',#4316,#4317,#4318);
#4316 = CARTESIAN_POINT('',(13.4,-26.4,96.4));
#4317 = DIRECTION('',(1.,0.,0.));
#4318 = DIRECTION('',(0.,0.,1.));
#4319 = ADVANCED_FACE('',(#4320),#4338,.T.);
#4320 = FACE_BOUND('',#4321,.T.);
#4321 = EDGE_LOOP('',(#4322,#4330,#4331,#4332));
#4322 = ORIENTED_EDGE('',*,*,#4323,.T.);
#4323 = EDGE_CURVE('',#4324,#4302,#4326,.T.);
#4324 = VERTEX_POINT('',#4325);
#4325 = CARTESIAN_POINT('',(14.,-17.6,123.));
#4326 = LINE('',#4327,#4328);
#4327 = CARTESIAN_POINT('',(-7.052086017192,-17.6,123.));
#4328 = VECTOR('',#4329,1.);
#4329 = DIRECTION('',(-1.,0.,0.));
#4330 = ORIENTED_EDGE('',*,*,#4309,.F.);
#4331 = ORIENTED_EDGE('',*,*,#1763,.T.);
#4332 = ORIENTED_EDGE('',*,*,#4333,.T.);
#4333 = EDGE_CURVE('',#1756,#4324,#4334,.T.);
#4334 = LINE('',#4335,#4336);
#4335 = CARTESIAN_POINT('',(14.,-18.5,123.));
#4336 = VECTOR('',#4337,1.);
#4337 = DIRECTION('',(0.,1.,0.));
#4338 = PLANE('',#4339);
#4339 = AXIS2_PLACEMENT_3D('',#4340,#4341,#4342);
#4340 = CARTESIAN_POINT('',(-4.172034384538E-03,-3.704535198812,123.));
#4341 = DIRECTION('',(0.,0.,1.));
#4342 = DIRECTION('',(1.,0.,0.));
#4343 = ADVANCED_FACE('',(#4344),#4362,.T.);
#4344 = FACE_BOUND('',#4345,.T.);
#4345 = EDGE_LOOP('',(#4346,#4347,#4348,#4356));
#4346 = ORIENTED_EDGE('',*,*,#4333,.F.);
#4347 = ORIENTED_EDGE('',*,*,#1755,.T.);
#4348 = ORIENTED_EDGE('',*,*,#4349,.T.);
#4349 = EDGE_CURVE('',#1748,#4350,#4352,.T.);
#4350 = VERTEX_POINT('',#4351);
#4351 = CARTESIAN_POINT('',(14.,-17.6,119.));
#4352 = LINE('',#4353,#4354);
#4353 = CARTESIAN_POINT('',(14.,-19.,119.));
#4354 = VECTOR('',#4355,1.);
#4355 = DIRECTION('',(0.,1.,0.));
#4356 = ORIENTED_EDGE('',*,*,#4357,.T.);
#4357 = EDGE_CURVE('',#4350,#4324,#4358,.T.);
#4358 = LINE('',#4359,#4360);
#4359 = CARTESIAN_POINT('',(14.,-17.6,106.8));
#4360 = VECTOR('',#4361,1.);
#4361 = DIRECTION('',(0.,0.,1.));
#4362 = PLANE('',#4363);
#4363 = AXIS2_PLACEMENT_3D('',#4364,#4365,#4366);
#4364 = CARTESIAN_POINT('',(14.,-19.,119.));
#4365 = DIRECTION('',(1.,0.,0.));
#4366 = DIRECTION('',(0.,0.,1.));
#4367 = ADVANCED_FACE('',(#4368),#4402,.T.);
#4368 = FACE_BOUND('',#4369,.T.);
#4369 = EDGE_LOOP('',(#4370,#4371,#4372,#4380,#4388,#4396));
#4370 = ORIENTED_EDGE('',*,*,#4349,.F.);
#4371 = ORIENTED_EDGE('',*,*,#1747,.T.);
#4372 = ORIENTED_EDGE('',*,*,#4373,.F.);
#4373 = EDGE_CURVE('',#4374,#1740,#4376,.T.);
#4374 = VERTEX_POINT('',#4375);
#4375 = CARTESIAN_POINT('',(17.5,-16.,119.));
#4376 = LINE('',#4377,#4378);
#4377 = CARTESIAN_POINT('',(17.5,-18.5,119.));
#4378 = VECTOR('',#4379,1.);
#4379 = DIRECTION('',(0.,-1.,0.));
#4380 = ORIENTED_EDGE('',*,*,#4381,.F.);
#4381 = EDGE_CURVE('',#4382,#4374,#4384,.T.);
#4382 = VERTEX_POINT('',#4383);
#4383 = CARTESIAN_POINT('',(14.1,-16.,119.));
#4384 = LINE('',#4385,#4386);
#4385 = CARTESIAN_POINT('',(14.,-16.,119.));
#4386 = VECTOR('',#4387,1.);
#4387 = DIRECTION('',(1.,0.,0.));
#4388 = ORIENTED_EDGE('',*,*,#4389,.F.);
#4389 = EDGE_CURVE('',#4390,#4382,#4392,.T.);
#4390 = VERTEX_POINT('',#4391);
#4391 = CARTESIAN_POINT('',(14.1,-17.6,119.));
#4392 = LINE('',#4393,#4394);
#4393 = CARTESIAN_POINT('',(14.1,-18.3,119.));
#4394 = VECTOR('',#4395,1.);
#4395 = DIRECTION('',(0.,1.,0.));
#4396 = ORIENTED_EDGE('',*,*,#4397,.T.);
#4397 = EDGE_CURVE('',#4390,#4350,#4398,.T.);
#4398 = LINE('',#4399,#4400);
#4399 = CARTESIAN_POINT('',(-5.E-02,-17.6,119.));
#4400 = VECTOR('',#4401,1.);
#4401 = DIRECTION('',(-1.,0.,0.));
#4402 = PLANE('',#4403);
#4403 = AXIS2_PLACEMENT_3D('',#4404,#4405,#4406);
#4404 = CARTESIAN_POINT('',(14.,-19.,119.));
#4405 = DIRECTION('',(0.,0.,1.));
#4406 = DIRECTION('',(1.,0.,0.));
#4407 = ADVANCED_FACE('',(#4408),#4449,.T.);
#4408 = FACE_BOUND('',#4409,.T.);
#4409 = EDGE_LOOP('',(#4410,#4411,#4419,#4427,#4435,#4441,#4442,#4448));
#4410 = ORIENTED_EDGE('',*,*,#1739,.F.);
#4411 = ORIENTED_EDGE('',*,*,#4412,.T.);
#4412 = EDGE_CURVE('',#1732,#4413,#4415,.T.);
#4413 = VERTEX_POINT('',#4414);
#4414 = CARTESIAN_POINT('',(17.5,-11.8,116.5));
#4415 = LINE('',#4416,#4417);
#4416 = CARTESIAN_POINT('',(17.5,-12.,116.5));
#4417 = VECTOR('',#4418,1.);
#4418 = DIRECTION('',(0.,1.,0.));
#4419 = ORIENTED_EDGE('',*,*,#4420,.T.);
#4420 = EDGE_CURVE('',#4413,#4421,#4423,.T.);
#4421 = VERTEX_POINT('',#4422);
#4422 = CARTESIAN_POINT('',(17.5,-11.8,119.));
#4423 = LINE('',#4424,#4425);
#4424 = CARTESIAN_POINT('',(17.5,-11.8,108.));
#4425 = VECTOR('',#4426,1.);
#4426 = DIRECTION('',(0.,0.,1.));
#4427 = ORIENTED_EDGE('',*,*,#4428,.T.);
#4428 = EDGE_CURVE('',#4421,#4429,#4431,.T.);
#4429 = VERTEX_POINT('',#4430);
#4430 = CARTESIAN_POINT('',(17.5,0.,119.));
#4431 = LINE('',#4432,#4433);
#4432 = CARTESIAN_POINT('',(17.5,-16.,119.));
#4433 = VECTOR('',#4434,1.);
#4434 = DIRECTION('',(0.,1.,0.));
#4435 = ORIENTED_EDGE('',*,*,#4436,.T.);
#4436 = EDGE_CURVE('',#4429,#3762,#4437,.T.);
#4437 = LINE('',#4438,#4439);
#4438 = CARTESIAN_POINT('',(17.5,0.,119.));
#4439 = VECTOR('',#4440,1.);
#4440 = DIRECTION('',(0.,0.,1.));
#4441 = ORIENTED_EDGE('',*,*,#3761,.F.);
#4442 = ORIENTED_EDGE('',*,*,#4443,.F.);
#4443 = EDGE_CURVE('',#4374,#3754,#4444,.T.);
#4444 = LINE('',#4445,#4446);
#4445 = CARTESIAN_POINT('',(17.5,-16.,119.));
#4446 = VECTOR('',#4447,1.);
#4447 = DIRECTION('',(0.,0.,1.));
#4448 = ORIENTED_EDGE('',*,*,#4373,.T.);
#4449 = PLANE('',#4450);
#4450 = AXIS2_PLACEMENT_3D('',#4451,#4452,#4453);
#4451 = CARTESIAN_POINT('',(17.5,-9.438775510204,120.1887755102));
#4452 = DIRECTION('',(1.,0.,0.));
#4453 = DIRECTION('',(0.,0.,1.));
#4454 = ADVANCED_FACE('',(#4455),#4498,.T.);
#4455 = FACE_BOUND('',#4456,.T.);
#4456 = EDGE_LOOP('',(#4457,#4467,#4475,#4483,#4489,#4490,#4491));
#4457 = ORIENTED_EDGE('',*,*,#4458,.F.);
#4458 = EDGE_CURVE('',#4459,#4461,#4463,.T.);
#4459 = VERTEX_POINT('',#4460);
#4460 = CARTESIAN_POINT('',(26.5,-12.,116.5));
#4461 = VERTEX_POINT('',#4462);
#4462 = CARTESIAN_POINT('',(27.822472931068,-12.,116.5));
#4463 = LINE('',#4464,#4465);
#4464 = CARTESIAN_POINT('',(-31.,-12.,116.5));
#4465 = VECTOR('',#4466,1.);
#4466 = DIRECTION('',(1.,0.,0.));
#4467 = ORIENTED_EDGE('',*,*,#4468,.T.);
#4468 = EDGE_CURVE('',#4459,#4469,#4471,.T.);
#4469 = VERTEX_POINT('',#4470);
#4470 = CARTESIAN_POINT('',(26.5,5.,116.5));
#4471 = LINE('',#4472,#4473);
#4472 = CARTESIAN_POINT('',(26.5,-12.,116.5));
#4473 = VECTOR('',#4474,1.);
#4474 = DIRECTION('',(0.,1.,0.));
#4475 = ORIENTED_EDGE('',*,*,#4476,.F.);
#4476 = EDGE_CURVE('',#4477,#4469,#4479,.T.);
#4477 = VERTEX_POINT('',#4478);
#4478 = CARTESIAN_POINT('',(17.5,5.,116.5));
#4479 = LINE('',#4480,#4481);
#4480 = CARTESIAN_POINT('',(17.5,5.,116.5));
#4481 = VECTOR('',#4482,1.);
#4482 = DIRECTION('',(1.,0.,0.));
#4483 = ORIENTED_EDGE('',*,*,#4484,.F.);
#4484 = EDGE_CURVE('',#4413,#4477,#4485,.T.);
#4485 = LINE('',#4486,#4487);
#4486 = CARTESIAN_POINT('',(17.5,-12.,116.5));
#4487 = VECTOR('',#4488,1.);
#4488 = DIRECTION('',(0.,1.,0.));
#4489 = ORIENTED_EDGE('',*,*,#4412,.F.);
#4490 = ORIENTED_EDGE('',*,*,#1731,.T.);
#4491 = ORIENTED_EDGE('',*,*,#4492,.T.);
#4492 = EDGE_CURVE('',#1724,#4461,#4493,.T.);
#4493 = CIRCLE('',#4494,30.3);
#4494 = AXIS2_PLACEMENT_3D('',#4495,#4496,#4497);
#4495 = CARTESIAN_POINT('',(0.,0.,116.5));
#4496 = DIRECTION('',(0.,0.,1.));
#4497 = DIRECTION('',(1.,0.,0.));
#4498 = PLANE('',#4499);
#4499 = AXIS2_PLACEMENT_3D('',#4500,#4501,#4502);
#4500 = CARTESIAN_POINT('',(22.025588936971,-6.362278420834,116.5));
#4501 = DIRECTION('',(0.,0.,1.));
#4502 = DIRECTION('',(1.,0.,0.));
#4503 = ADVANCED_FACE('',(#4504),#4742,.T.);
#4504 = FACE_BOUND('',#4505,.T.);
#4505 = EDGE_LOOP('',(#4506,#4515,#4521,#4522,#4530,#4539,#4547,#4556,
    #4564,#4573,#4582,#4590,#4599,#4607,#4616,#4625,#4633,#4642,#4650,
    #4659,#4665,#4666,#4667,#4676,#4684,#4691,#4692,#4701,#4709,#4716,
    #4717,#4726,#4734,#4741));
#4506 = ORIENTED_EDGE('',*,*,#4507,.T.);
#4507 = EDGE_CURVE('',#1604,#4508,#4510,.T.);
#4508 = VERTEX_POINT('',#4509);
#4509 = CARTESIAN_POINT('',(27.822472931068,-12.,29.5));
#4510 = CIRCLE('',#4511,30.3);
#4511 = AXIS2_PLACEMENT_3D('',#4512,#4513,#4514);
#4512 = CARTESIAN_POINT('',(0.,0.,29.5));
#4513 = DIRECTION('',(0.,0.,1.));
#4514 = DIRECTION('',(1.,0.,0.));
#4515 = ORIENTED_EDGE('',*,*,#4516,.T.);
#4516 = EDGE_CURVE('',#4508,#3255,#4517,.T.);
#4517 = LINE('',#4518,#4519);
#4518 = CARTESIAN_POINT('',(27.822472931068,-12.,29.5));
#4519 = VECTOR('',#4520,1.);
#4520 = DIRECTION('',(0.,0.,1.));
#4521 = ORIENTED_EDGE('',*,*,#3254,.T.);
#4522 = ORIENTED_EDGE('',*,*,#4523,.F.);
#4523 = EDGE_CURVE('',#4524,#3247,#4526,.T.);
#4524 = VERTEX_POINT('',#4525);
#4525 = CARTESIAN_POINT('',(28.602272636978,-10.,29.5));
#4526 = LINE('',#4527,#4528);
#4527 = CARTESIAN_POINT('',(28.602272636978,-10.,20.));
#4528 = VECTOR('',#4529,1.);
#4529 = DIRECTION('',(0.,0.,1.));
#4530 = ORIENTED_EDGE('',*,*,#4531,.T.);
#4531 = EDGE_CURVE('',#4524,#4532,#4534,.T.);
#4532 = VERTEX_POINT('',#4533);
#4533 = CARTESIAN_POINT('',(29.,-8.7800911157,29.5));
#4534 = CIRCLE('',#4535,30.3);
#4535 = AXIS2_PLACEMENT_3D('',#4536,#4537,#4538);
#4536 = CARTESIAN_POINT('',(0.,0.,29.5));
#4537 = DIRECTION('',(0.,0.,1.));
#4538 = DIRECTION('',(1.,0.,0.));
#4539 = ORIENTED_EDGE('',*,*,#4540,.T.);
#4540 = EDGE_CURVE('',#4532,#4541,#4543,.T.);
#4541 = VERTEX_POINT('',#4542);
#4542 = CARTESIAN_POINT('',(29.,-8.7800911157,35.));
#4543 = LINE('',#4544,#4545);
#4544 = CARTESIAN_POINT('',(29.,-8.7800911157,20.));
#4545 = VECTOR('',#4546,1.);
#4546 = DIRECTION('',(0.,0.,1.));
#4547 = ORIENTED_EDGE('',*,*,#4548,.T.);
#4548 = EDGE_CURVE('',#4541,#4549,#4551,.T.);
#4549 = VERTEX_POINT('',#4550);
#4550 = CARTESIAN_POINT('',(30.,-4.253234063627,35.));
#4551 = CIRCLE('',#4552,30.3);
#4552 = AXIS2_PLACEMENT_3D('',#4553,#4554,#4555);
#4553 = CARTESIAN_POINT('',(0.,0.,35.));
#4554 = DIRECTION('',(0.,0.,1.));
#4555 = DIRECTION('',(1.,0.,0.));
#4556 = ORIENTED_EDGE('',*,*,#4557,.T.);
#4557 = EDGE_CURVE('',#4549,#4558,#4560,.T.);
#4558 = VERTEX_POINT('',#4559);
#4559 = CARTESIAN_POINT('',(30.,-4.253234063627,38.));
#4560 = LINE('',#4561,#4562);
#4561 = CARTESIAN_POINT('',(30.,-4.253234063627,28.));
#4562 = VECTOR('',#4563,1.);
#4563 = DIRECTION('',(0.,0.,1.));
#4564 = ORIENTED_EDGE('',*,*,#4565,.T.);
#4565 = EDGE_CURVE('',#4558,#4566,#4568,.T.);
#4566 = VERTEX_POINT('',#4567);
#4567 = CARTESIAN_POINT('',(30.3,-7.E-15,38.));
#4568 = CIRCLE('',#4569,30.3);
#4569 = AXIS2_PLACEMENT_3D('',#4570,#4571,#4572);
#4570 = CARTESIAN_POINT('',(0.,0.,38.));
#4571 = DIRECTION('',(0.,0.,1.));
#4572 = DIRECTION('',(1.,0.,0.));
#4573 = ORIENTED_EDGE('',*,*,#4574,.T.);
#4574 = EDGE_CURVE('',#4566,#4575,#4577,.T.);
#4575 = VERTEX_POINT('',#4576);
#4576 = CARTESIAN_POINT('',(30.,4.253234063627,38.));
#4577 = CIRCLE('',#4578,30.3);
#4578 = AXIS2_PLACEMENT_3D('',#4579,#4580,#4581);
#4579 = CARTESIAN_POINT('',(0.,0.,38.));
#4580 = DIRECTION('',(0.,0.,1.));
#4581 = DIRECTION('',(1.,0.,0.));
#4582 = ORIENTED_EDGE('',*,*,#4583,.F.);
#4583 = EDGE_CURVE('',#4584,#4575,#4586,.T.);
#4584 = VERTEX_POINT('',#4585);
#4585 = CARTESIAN_POINT('',(30.,4.253234063627,35.));
#4586 = LINE('',#4587,#4588);
#4587 = CARTESIAN_POINT('',(30.,4.253234063627,28.));
#4588 = VECTOR('',#4589,1.);
#4589 = DIRECTION('',(0.,0.,1.));
#4590 = ORIENTED_EDGE('',*,*,#4591,.T.);
#4591 = EDGE_CURVE('',#4584,#4592,#4594,.T.);
#4592 = VERTEX_POINT('',#4593);
#4593 = CARTESIAN_POINT('',(29.884611424611,5.,35.));
#4594 = CIRCLE('',#4595,30.3);
#4595 = AXIS2_PLACEMENT_3D('',#4596,#4597,#4598);
#4596 = CARTESIAN_POINT('',(0.,0.,35.));
#4597 = DIRECTION('',(0.,0.,1.));
#4598 = DIRECTION('',(1.,0.,0.));
#4599 = ORIENTED_EDGE('',*,*,#4600,.T.);
#4600 = EDGE_CURVE('',#4592,#4601,#4603,.T.);
#4601 = VERTEX_POINT('',#4602);
#4602 = CARTESIAN_POINT('',(29.884611424611,5.,110.));
#4603 = LINE('',#4604,#4605);
#4604 = CARTESIAN_POINT('',(29.884611424611,5.,28.));
#4605 = VECTOR('',#4606,1.);
#4606 = DIRECTION('',(0.,0.,1.));
#4607 = ORIENTED_EDGE('',*,*,#4608,.F.);
#4608 = EDGE_CURVE('',#4609,#4601,#4611,.T.);
#4609 = VERTEX_POINT('',#4610);
#4610 = CARTESIAN_POINT('',(30.3,-7.E-15,110.));
#4611 = CIRCLE('',#4612,30.3);
#4612 = AXIS2_PLACEMENT_3D('',#4613,#4614,#4615);
#4613 = CARTESIAN_POINT('',(0.,0.,110.));
#4614 = DIRECTION('',(0.,0.,1.));
#4615 = DIRECTION('',(1.,0.,0.));
#4616 = ORIENTED_EDGE('',*,*,#4617,.F.);
#4617 = EDGE_CURVE('',#4618,#4609,#4620,.T.);
#4618 = VERTEX_POINT('',#4619);
#4619 = CARTESIAN_POINT('',(28.932507668711,-9.,110.));
#4620 = CIRCLE('',#4621,30.3);
#4621 = AXIS2_PLACEMENT_3D('',#4622,#4623,#4624);
#4622 = CARTESIAN_POINT('',(0.,0.,110.));
#4623 = DIRECTION('',(0.,0.,1.));
#4624 = DIRECTION('',(1.,0.,0.));
#4625 = ORIENTED_EDGE('',*,*,#4626,.F.);
#4626 = EDGE_CURVE('',#4627,#4618,#4629,.T.);
#4627 = VERTEX_POINT('',#4628);
#4628 = CARTESIAN_POINT('',(28.932507668711,-9.,38.));
#4629 = LINE('',#4630,#4631);
#4630 = CARTESIAN_POINT('',(28.932507668711,-9.,28.));
#4631 = VECTOR('',#4632,1.);
#4632 = DIRECTION('',(0.,0.,1.));
#4633 = ORIENTED_EDGE('',*,*,#4634,.F.);
#4634 = EDGE_CURVE('',#4635,#4627,#4637,.T.);
#4635 = VERTEX_POINT('',#4636);
#4636 = CARTESIAN_POINT('',(28.,-11.57972365818,38.));
#4637 = CIRCLE('',#4638,30.3);
#4638 = AXIS2_PLACEMENT_3D('',#4639,#4640,#4641);
#4639 = CARTESIAN_POINT('',(0.,0.,38.));
#4640 = DIRECTION('',(0.,0.,1.));
#4641 = DIRECTION('',(1.,0.,0.));
#4642 = ORIENTED_EDGE('',*,*,#4643,.T.);
#4643 = EDGE_CURVE('',#4635,#4644,#4646,.T.);
#4644 = VERTEX_POINT('',#4645);
#4645 = CARTESIAN_POINT('',(28.,-11.57972365818,111.));
#4646 = LINE('',#4647,#4648);
#4647 = CARTESIAN_POINT('',(28.,-11.57972365818,28.));
#4648 = VECTOR('',#4649,1.);
#4649 = DIRECTION('',(0.,0.,1.));
#4650 = ORIENTED_EDGE('',*,*,#4651,.F.);
#4651 = EDGE_CURVE('',#4652,#4644,#4654,.T.);
#4652 = VERTEX_POINT('',#4653);
#4653 = CARTESIAN_POINT('',(27.822472931068,-12.,111.));
#4654 = CIRCLE('',#4655,30.3);
#4655 = AXIS2_PLACEMENT_3D('',#4656,#4657,#4658);
#4656 = CARTESIAN_POINT('',(0.,0.,111.));
#4657 = DIRECTION('',(0.,0.,1.));
#4658 = DIRECTION('',(1.,0.,0.));
#4659 = ORIENTED_EDGE('',*,*,#4660,.T.);
#4660 = EDGE_CURVE('',#4652,#4461,#4661,.T.);
#4661 = LINE('',#4662,#4663);
#4662 = CARTESIAN_POINT('',(27.822472931068,-12.,29.5));
#4663 = VECTOR('',#4664,1.);
#4664 = DIRECTION('',(0.,0.,1.));
#4665 = ORIENTED_EDGE('',*,*,#4492,.F.);
#4666 = ORIENTED_EDGE('',*,*,#1723,.F.);
#4667 = ORIENTED_EDGE('',*,*,#4668,.F.);
#4668 = EDGE_CURVE('',#4669,#1716,#4671,.T.);
#4669 = VERTEX_POINT('',#4670);
#4670 = CARTESIAN_POINT('',(24.9,-17.26499348392,114.67431578065));
#4671 = ELLIPSE('',#4672,34.987426312891,30.3);
#4672 = AXIS2_PLACEMENT_3D('',#4673,#4674,#4675);
#4673 = CARTESIAN_POINT('',(0.,0.,129.05033748347));
#4674 = DIRECTION('',(-0.5,1.E-16,-0.866025403784));
#4675 = DIRECTION('',(-0.866025403784,1.7E-16,0.5));
#4676 = ORIENTED_EDGE('',*,*,#4677,.F.);
#4677 = EDGE_CURVE('',#4678,#4669,#4680,.T.);
#4678 = VERTEX_POINT('',#4679);
#4679 = CARTESIAN_POINT('',(24.9,-17.26499348392,111.32568421935));
#4680 = LINE('',#4681,#4682);
#4681 = CARTESIAN_POINT('',(24.9,-17.26499348392,29.5));
#4682 = VECTOR('',#4683,1.);
#4683 = DIRECTION('',(0.,0.,1.));
#4684 = ORIENTED_EDGE('',*,*,#4685,.F.);
#4685 = EDGE_CURVE('',#1676,#4678,#4686,.T.);
#4686 = ELLIPSE('',#4687,34.987426312891,30.3);
#4687 = AXIS2_PLACEMENT_3D('',#4688,#4689,#4690);
#4688 = CARTESIAN_POINT('',(0.,0.,96.949662516528));
#4689 = DIRECTION('',(-0.5,-1.E-16,0.866025403784));
#4690 = DIRECTION('',(0.866025403784,1.7E-16,0.5));
#4691 = ORIENTED_EDGE('',*,*,#1675,.F.);
#4692 = ORIENTED_EDGE('',*,*,#4693,.T.);
#4693 = EDGE_CURVE('',#1668,#4694,#4696,.T.);
#4694 = VERTEX_POINT('',#4695);
#4695 = CARTESIAN_POINT('',(25.2,-16.82408987137,105.));
#4696 = CIRCLE('',#4697,30.3);
#4697 = AXIS2_PLACEMENT_3D('',#4698,#4699,#4700);
#4698 = CARTESIAN_POINT('',(0.,0.,105.));
#4699 = DIRECTION('',(0.,0.,1.));
#4700 = DIRECTION('',(1.,0.,0.));
#4701 = ORIENTED_EDGE('',*,*,#4702,.F.);
#4702 = EDGE_CURVE('',#4703,#4694,#4705,.T.);
#4703 = VERTEX_POINT('',#4704);
#4704 = CARTESIAN_POINT('',(25.2,-16.82408987137,99.));
#4705 = LINE('',#4706,#4707);
#4706 = CARTESIAN_POINT('',(25.2,-16.82408987137,29.5));
#4707 = VECTOR('',#4708,1.);
#4708 = DIRECTION('',(0.,0.,1.));
#4709 = ORIENTED_EDGE('',*,*,#4710,.F.);
#4710 = EDGE_CURVE('',#1644,#4703,#4711,.T.);
#4711 = CIRCLE('',#4712,30.3);
#4712 = AXIS2_PLACEMENT_3D('',#4713,#4714,#4715);
#4713 = CARTESIAN_POINT('',(0.,0.,99.));
#4714 = DIRECTION('',(0.,0.,1.));
#4715 = DIRECTION('',(1.,0.,0.));
#4716 = ORIENTED_EDGE('',*,*,#1643,.F.);
#4717 = ORIENTED_EDGE('',*,*,#4718,.T.);
#4718 = EDGE_CURVE('',#1636,#4719,#4721,.T.);
#4719 = VERTEX_POINT('',#4720);
#4720 = CARTESIAN_POINT('',(25.2,-16.82408987137,50.));
#4721 = CIRCLE('',#4722,30.3);
#4722 = AXIS2_PLACEMENT_3D('',#4723,#4724,#4725);
#4723 = CARTESIAN_POINT('',(0.,0.,50.));
#4724 = DIRECTION('',(0.,0.,1.));
#4725 = DIRECTION('',(1.,0.,0.));
#4726 = ORIENTED_EDGE('',*,*,#4727,.F.);
#4727 = EDGE_CURVE('',#4728,#4719,#4730,.T.);
#4728 = VERTEX_POINT('',#4729);
#4729 = CARTESIAN_POINT('',(25.2,-16.82408987137,44.));
#4730 = LINE('',#4731,#4732);
#4731 = CARTESIAN_POINT('',(25.2,-16.82408987137,29.5));
#4732 = VECTOR('',#4733,1.);
#4733 = DIRECTION('',(0.,0.,1.));
#4734 = ORIENTED_EDGE('',*,*,#4735,.F.);
#4735 = EDGE_CURVE('',#1612,#4728,#4736,.T.);
#4736 = CIRCLE('',#4737,30.3);
#4737 = AXIS2_PLACEMENT_3D('',#4738,#4739,#4740);
#4738 = CARTESIAN_POINT('',(0.,0.,44.));
#4739 = DIRECTION('',(0.,0.,1.));
#4740 = DIRECTION('',(1.,0.,0.));
#4741 = ORIENTED_EDGE('',*,*,#1611,.F.);
#4742 = CYLINDRICAL_SURFACE('',#4743,30.3);
#4743 = AXIS2_PLACEMENT_3D('',#4744,#4745,#4746);
#4744 = CARTESIAN_POINT('',(0.,0.,28.));
#4745 = DIRECTION('',(0.,0.,1.));
#4746 = DIRECTION('',(1.,0.,0.));
#4747 = ADVANCED_FACE('',(#4748),#4774,.T.);
#4748 = FACE_BOUND('',#4749,.T.);
#4749 = EDGE_LOOP('',(#4750,#4758,#4766,#4772,#4773));
#4750 = ORIENTED_EDGE('',*,*,#4751,.T.);
#4751 = EDGE_CURVE('',#1708,#4752,#4754,.T.);
#4752 = VERTEX_POINT('',#4753);
#4753 = CARTESIAN_POINT('',(22.,-7.8,116.3486315613));
#4754 = LINE('',#4755,#4756);
#4755 = CARTESIAN_POINT('',(22.,-18.2,116.3486315613));
#4756 = VECTOR('',#4757,1.);
#4757 = DIRECTION('',(0.,1.,1.1E-16));
#4758 = ORIENTED_EDGE('',*,*,#4759,.T.);
#4759 = EDGE_CURVE('',#4752,#4760,#4762,.T.);
#4760 = VERTEX_POINT('',#4761);
#4761 = CARTESIAN_POINT('',(24.9,-7.8,114.67431578065));
#4762 = LINE('',#4763,#4764);
#4763 = CARTESIAN_POINT('',(22.,-7.8,116.3486315613));
#4764 = VECTOR('',#4765,1.);
#4765 = DIRECTION('',(0.866025403784,0.,-0.5));
#4766 = ORIENTED_EDGE('',*,*,#4767,.F.);
#4767 = EDGE_CURVE('',#4669,#4760,#4768,.T.);
#4768 = LINE('',#4769,#4770);
#4769 = CARTESIAN_POINT('',(24.9,-18.2,114.67431578065));
#4770 = VECTOR('',#4771,1.);
#4771 = DIRECTION('',(0.,1.,1.1E-16));
#4772 = ORIENTED_EDGE('',*,*,#4668,.T.);
#4773 = ORIENTED_EDGE('',*,*,#1715,.T.);
#4774 = PLANE('',#4775);
#4775 = AXIS2_PLACEMENT_3D('',#4776,#4777,#4778);
#4776 = CARTESIAN_POINT('',(23.425531413723,-12.82278643197,
    115.52560061584));
#4777 = DIRECTION('',(-0.5,2.7E-16,-0.866025403784));
#4778 = DIRECTION('',(-0.866025403784,3.774886114233E-33,0.5));
#4779 = ADVANCED_FACE('',(#4780),#4798,.T.);
#4780 = FACE_BOUND('',#4781,.T.);
#4781 = EDGE_LOOP('',(#4782,#4790,#4796,#4797));
#4782 = ORIENTED_EDGE('',*,*,#4783,.T.);
#4783 = EDGE_CURVE('',#1700,#4784,#4786,.T.);
#4784 = VERTEX_POINT('',#4785);
#4785 = CARTESIAN_POINT('',(19.1,-7.8,114.67431578065));
#4786 = LINE('',#4787,#4788);
#4787 = CARTESIAN_POINT('',(19.1,-18.2,114.67431578065));
#4788 = VECTOR('',#4789,1.);
#4789 = DIRECTION('',(0.,1.,1.1E-16));
#4790 = ORIENTED_EDGE('',*,*,#4791,.T.);
#4791 = EDGE_CURVE('',#4784,#4752,#4792,.T.);
#4792 = LINE('',#4793,#4794);
#4793 = CARTESIAN_POINT('',(19.1,-7.8,114.67431578065));
#4794 = VECTOR('',#4795,1.);
#4795 = DIRECTION('',(0.866025403784,0.,0.5));
#4796 = ORIENTED_EDGE('',*,*,#4751,.F.);
#4797 = ORIENTED_EDGE('',*,*,#1707,.T.);
#4798 = PLANE('',#4799);
#4799 = AXIS2_PLACEMENT_3D('',#4800,#4801,#4802);
#4800 = CARTESIAN_POINT('',(20.55,-12.9,115.51147367097));
#4801 = DIRECTION('',(0.5,-2.E-16,-0.866025403784));
#4802 = DIRECTION('',(-0.866025403784,9.431866748232E-33,-0.5));
#4803 = ADVANCED_FACE('',(#4804),#4822,.T.);
#4804 = FACE_BOUND('',#4805,.T.);
#4805 = EDGE_LOOP('',(#4806,#4814,#4820,#4821));
#4806 = ORIENTED_EDGE('',*,*,#4807,.T.);
#4807 = EDGE_CURVE('',#1692,#4808,#4810,.T.);
#4808 = VERTEX_POINT('',#4809);
#4809 = CARTESIAN_POINT('',(19.1,-7.8,111.32568421935));
#4810 = LINE('',#4811,#4812);
#4811 = CARTESIAN_POINT('',(19.1,-18.2,111.32568421935));
#4812 = VECTOR('',#4813,1.);
#4813 = DIRECTION('',(0.,1.,1.1E-16));
#4814 = ORIENTED_EDGE('',*,*,#4815,.T.);
#4815 = EDGE_CURVE('',#4808,#4784,#4816,.T.);
#4816 = LINE('',#4817,#4818);
#4817 = CARTESIAN_POINT('',(19.1,-7.8,111.32568421935));
#4818 = VECTOR('',#4819,1.);
#4819 = DIRECTION('',(-4.143408735634E-16,0.,1.));
#4820 = ORIENTED_EDGE('',*,*,#4783,.F.);
#4821 = ORIENTED_EDGE('',*,*,#1699,.T.);
#4822 = PLANE('',#4823);
#4823 = AXIS2_PLACEMENT_3D('',#4824,#4825,#4826);
#4824 = CARTESIAN_POINT('',(19.1,-12.9,113.));
#4825 = DIRECTION('',(1.,0.,0.));
#4826 = DIRECTION('',(0.,0.,1.));
#4827 = ADVANCED_FACE('',(#4828),#4846,.T.);
#4828 = FACE_BOUND('',#4829,.T.);
#4829 = EDGE_LOOP('',(#4830,#4838,#4844,#4845));
#4830 = ORIENTED_EDGE('',*,*,#4831,.T.);
#4831 = EDGE_CURVE('',#1684,#4832,#4834,.T.);
#4832 = VERTEX_POINT('',#4833);
#4833 = CARTESIAN_POINT('',(22.,-7.8,109.6513684387));
#4834 = LINE('',#4835,#4836);
#4835 = CARTESIAN_POINT('',(22.,-18.2,109.6513684387));
#4836 = VECTOR('',#4837,1.);
#4837 = DIRECTION('',(0.,1.,1.1E-16));
#4838 = ORIENTED_EDGE('',*,*,#4839,.T.);
#4839 = EDGE_CURVE('',#4832,#4808,#4840,.T.);
#4840 = LINE('',#4841,#4842);
#4841 = CARTESIAN_POINT('',(22.,-7.8,109.6513684387));
#4842 = VECTOR('',#4843,1.);
#4843 = DIRECTION('',(-0.866025403784,0.,0.5));
#4844 = ORIENTED_EDGE('',*,*,#4807,.F.);
#4845 = ORIENTED_EDGE('',*,*,#1691,.T.);
#4846 = PLANE('',#4847);
#4847 = AXIS2_PLACEMENT_3D('',#4848,#4849,#4850);
#4848 = CARTESIAN_POINT('',(20.55,-12.9,110.48852632902));
#4849 = DIRECTION('',(0.5,2.7E-16,0.866025403784));
#4850 = DIRECTION('',(0.866025403784,6.589027080788E-33,-0.5));
#4851 = ADVANCED_FACE('',(#4852),#4871,.T.);
#4852 = FACE_BOUND('',#4853,.T.);
#4853 = EDGE_LOOP('',(#4854,#4862,#4868,#4869,#4870));
#4854 = ORIENTED_EDGE('',*,*,#4855,.T.);
#4855 = EDGE_CURVE('',#4678,#4856,#4858,.T.);
#4856 = VERTEX_POINT('',#4857);
#4857 = CARTESIAN_POINT('',(24.9,-7.8,111.32568421935));
#4858 = LINE('',#4859,#4860);
#4859 = CARTESIAN_POINT('',(24.9,-18.2,111.32568421935));
#4860 = VECTOR('',#4861,1.);
#4861 = DIRECTION('',(0.,1.,1.1E-16));
#4862 = ORIENTED_EDGE('',*,*,#4863,.T.);
#4863 = EDGE_CURVE('',#4856,#4832,#4864,.T.);
#4864 = LINE('',#4865,#4866);
#4865 = CARTESIAN_POINT('',(24.9,-7.8,111.32568421935));
#4866 = VECTOR('',#4867,1.);
#4867 = DIRECTION('',(-0.866025403784,0.,-0.5));
#4868 = ORIENTED_EDGE('',*,*,#4831,.F.);
#4869 = ORIENTED_EDGE('',*,*,#1683,.T.);
#4870 = ORIENTED_EDGE('',*,*,#4685,.T.);
#4871 = PLANE('',#4872);
#4872 = AXIS2_PLACEMENT_3D('',#4873,#4874,#4875);
#4873 = CARTESIAN_POINT('',(23.425531413723,-12.82278643197,
    110.47439938415));
#4874 = DIRECTION('',(-0.5,-3.4E-16,0.866025403784));
#4875 = DIRECTION('',(0.866025403784,-1.151073059285E-32,0.5));
#4876 = ADVANCED_FACE('',(#4877),#4894,.T.);
#4877 = FACE_BOUND('',#4878,.T.);
#4878 = EDGE_LOOP('',(#4879,#4880,#4881,#4887,#4888));
#4879 = ORIENTED_EDGE('',*,*,#4693,.F.);
#4880 = ORIENTED_EDGE('',*,*,#1667,.F.);
#4881 = ORIENTED_EDGE('',*,*,#4882,.T.);
#4882 = EDGE_CURVE('',#1660,#2872,#4883,.T.);
#4883 = LINE('',#4884,#4885);
#4884 = CARTESIAN_POINT('',(22.8,-19.,105.));
#4885 = VECTOR('',#4886,1.);
#4886 = DIRECTION('',(0.,1.,0.));
#4887 = ORIENTED_EDGE('',*,*,#2871,.T.);
#4888 = ORIENTED_EDGE('',*,*,#4889,.F.);
#4889 = EDGE_CURVE('',#4694,#2874,#4890,.T.);
#4890 = LINE('',#4891,#4892);
#4891 = CARTESIAN_POINT('',(25.2,-13.,105.));
#4892 = VECTOR('',#4893,1.);
#4893 = DIRECTION('',(0.,1.,0.));
#4894 = PLANE('',#4895);
#4895 = AXIS2_PLACEMENT_3D('',#4896,#4897,#4898);
#4896 = CARTESIAN_POINT('',(23.961865084024,-12.87731304693,105.));
#4897 = DIRECTION('',(-0.,-0.,-1.));
#4898 = DIRECTION('',(-1.,0.,0.));
#4899 = ADVANCED_FACE('',(#4900),#4911,.T.);
#4900 = FACE_BOUND('',#4901,.T.);
#4901 = EDGE_LOOP('',(#4902,#4903,#4904,#4910));
#4902 = ORIENTED_EDGE('',*,*,#4882,.F.);
#4903 = ORIENTED_EDGE('',*,*,#1659,.T.);
#4904 = ORIENTED_EDGE('',*,*,#4905,.T.);
#4905 = EDGE_CURVE('',#1652,#2882,#4906,.T.);
#4906 = LINE('',#4907,#4908);
#4907 = CARTESIAN_POINT('',(22.8,-13.,99.));
#4908 = VECTOR('',#4909,1.);
#4909 = DIRECTION('',(0.,1.,0.));
#4910 = ORIENTED_EDGE('',*,*,#2881,.F.);
#4911 = PLANE('',#4912);
#4912 = AXIS2_PLACEMENT_3D('',#4913,#4914,#4915);
#4913 = CARTESIAN_POINT('',(22.8,-13.,102.));
#4914 = DIRECTION('',(1.,0.,0.));
#4915 = DIRECTION('',(0.,0.,1.));
#4916 = ADVANCED_FACE('',(#4917),#4929,.T.);
#4917 = FACE_BOUND('',#4918,.T.);
#4918 = EDGE_LOOP('',(#4919,#4925,#4926,#4927,#4928));
#4919 = ORIENTED_EDGE('',*,*,#4920,.T.);
#4920 = EDGE_CURVE('',#4703,#2890,#4921,.T.);
#4921 = LINE('',#4922,#4923);
#4922 = CARTESIAN_POINT('',(25.2,-19.,99.));
#4923 = VECTOR('',#4924,1.);
#4924 = DIRECTION('',(0.,1.,0.));
#4925 = ORIENTED_EDGE('',*,*,#2889,.F.);
#4926 = ORIENTED_EDGE('',*,*,#4905,.F.);
#4927 = ORIENTED_EDGE('',*,*,#1651,.T.);
#4928 = ORIENTED_EDGE('',*,*,#4710,.T.);
#4929 = PLANE('',#4930);
#4930 = AXIS2_PLACEMENT_3D('',#4931,#4932,#4933);
#4931 = CARTESIAN_POINT('',(23.961865084024,-12.87731304693,99.));
#4932 = DIRECTION('',(0.,0.,1.));
#4933 = DIRECTION('',(1.,0.,0.));
#4934 = ADVANCED_FACE('',(#4935),#4952,.T.);
#4935 = FACE_BOUND('',#4936,.T.);
#4936 = EDGE_LOOP('',(#4937,#4938,#4939,#4945,#4946));
#4937 = ORIENTED_EDGE('',*,*,#4718,.F.);
#4938 = ORIENTED_EDGE('',*,*,#1635,.F.);
#4939 = ORIENTED_EDGE('',*,*,#4940,.T.);
#4940 = EDGE_CURVE('',#1628,#2793,#4941,.T.);
#4941 = LINE('',#4942,#4943);
#4942 = CARTESIAN_POINT('',(22.8,-19.,50.));
#4943 = VECTOR('',#4944,1.);
#4944 = DIRECTION('',(0.,1.,0.));
#4945 = ORIENTED_EDGE('',*,*,#2792,.T.);
#4946 = ORIENTED_EDGE('',*,*,#4947,.F.);
#4947 = EDGE_CURVE('',#4719,#2795,#4948,.T.);
#4948 = LINE('',#4949,#4950);
#4949 = CARTESIAN_POINT('',(25.2,-13.,50.));
#4950 = VECTOR('',#4951,1.);
#4951 = DIRECTION('',(0.,1.,0.));
#4952 = PLANE('',#4953);
#4953 = AXIS2_PLACEMENT_3D('',#4954,#4955,#4956);
#4954 = CARTESIAN_POINT('',(23.961865084024,-12.87731304693,50.));
#4955 = DIRECTION('',(-0.,-0.,-1.));
#4956 = DIRECTION('',(-1.,0.,0.));
#4957 = ADVANCED_FACE('',(#4958),#4969,.T.);
#4958 = FACE_BOUND('',#4959,.T.);
#4959 = EDGE_LOOP('',(#4960,#4961,#4962,#4968));
#4960 = ORIENTED_EDGE('',*,*,#4940,.F.);
#4961 = ORIENTED_EDGE('',*,*,#1627,.T.);
#4962 = ORIENTED_EDGE('',*,*,#4963,.T.);
#4963 = EDGE_CURVE('',#1620,#2803,#4964,.T.);
#4964 = LINE('',#4965,#4966);
#4965 = CARTESIAN_POINT('',(22.8,-13.,44.));
#4966 = VECTOR('',#4967,1.);
#4967 = DIRECTION('',(0.,1.,0.));
#4968 = ORIENTED_EDGE('',*,*,#2802,.F.);
#4969 = PLANE('',#4970);
#4970 = AXIS2_PLACEMENT_3D('',#4971,#4972,#4973);
#4971 = CARTESIAN_POINT('',(22.8,-13.,47.));
#4972 = DIRECTION('',(1.,0.,0.));
#4973 = DIRECTION('',(0.,0.,1.));
#4974 = ADVANCED_FACE('',(#4975),#4987,.T.);
#4975 = FACE_BOUND('',#4976,.T.);
#4976 = EDGE_LOOP('',(#4977,#4983,#4984,#4985,#4986));
#4977 = ORIENTED_EDGE('',*,*,#4978,.T.);
#4978 = EDGE_CURVE('',#4728,#2811,#4979,.T.);
#4979 = LINE('',#4980,#4981);
#4980 = CARTESIAN_POINT('',(25.2,-19.,44.));
#4981 = VECTOR('',#4982,1.);
#4982 = DIRECTION('',(0.,1.,0.));
#4983 = ORIENTED_EDGE('',*,*,#2810,.F.);
#4984 = ORIENTED_EDGE('',*,*,#4963,.F.);
#4985 = ORIENTED_EDGE('',*,*,#1619,.T.);
#4986 = ORIENTED_EDGE('',*,*,#4735,.T.);
#4987 = PLANE('',#4988);
#4988 = AXIS2_PLACEMENT_3D('',#4989,#4990,#4991);
#4989 = CARTESIAN_POINT('',(23.961865084024,-12.87731304693,44.));
#4990 = DIRECTION('',(0.,0.,1.));
#4991 = DIRECTION('',(1.,0.,0.));
#4992 = ADVANCED_FACE('',(#4993),#5004,.F.);
#4993 = FACE_BOUND('',#4994,.F.);
#4994 = EDGE_LOOP('',(#4995,#5001,#5002,#5003));
#4995 = ORIENTED_EDGE('',*,*,#4996,.F.);
#4996 = EDGE_CURVE('',#3126,#4508,#4997,.T.);
#4997 = LINE('',#4998,#4999);
#4998 = CARTESIAN_POINT('',(-31.,-12.,29.5));
#4999 = VECTOR('',#5000,1.);
#5000 = DIRECTION('',(1.,0.,0.));
#5001 = ORIENTED_EDGE('',*,*,#3125,.F.);
#5002 = ORIENTED_EDGE('',*,*,#1603,.T.);
#5003 = ORIENTED_EDGE('',*,*,#4507,.T.);
#5004 = PLANE('',#5005);
#5005 = AXIS2_PLACEMENT_3D('',#5006,#5007,#5008);
#5006 = CARTESIAN_POINT('',(-31.,-18.,29.5));
#5007 = DIRECTION('',(0.,0.,1.));
#5008 = DIRECTION('',(1.,0.,0.));
#5009 = ADVANCED_FACE('',(#5010),#5028,.F.);
#5010 = FACE_BOUND('',#5011,.F.);
#5011 = EDGE_LOOP('',(#5012,#5013,#5014,#5020,#5021,#5022));
#5012 = ORIENTED_EDGE('',*,*,#2032,.T.);
#5013 = ORIENTED_EDGE('',*,*,#2043,.T.);
#5014 = ORIENTED_EDGE('',*,*,#5015,.T.);
#5015 = EDGE_CURVE('',#2044,#2749,#5016,.T.);
#5016 = LINE('',#5017,#5018);
#5017 = CARTESIAN_POINT('',(-8.8,-19.,91.));
#5018 = VECTOR('',#5019,1.);
#5019 = DIRECTION('',(0.,1.,0.));
#5020 = ORIENTED_EDGE('',*,*,#2756,.F.);
#5021 = ORIENTED_EDGE('',*,*,#2720,.F.);
#5022 = ORIENTED_EDGE('',*,*,#5023,.F.);
#5023 = EDGE_CURVE('',#2033,#2721,#5024,.T.);
#5024 = LINE('',#5025,#5026);
#5025 = CARTESIAN_POINT('',(-11.2,-19.,91.));
#5026 = VECTOR('',#5027,1.);
#5027 = DIRECTION('',(0.,1.,0.));
#5028 = CYLINDRICAL_SURFACE('',#5029,1.2);
#5029 = AXIS2_PLACEMENT_3D('',#5030,#5031,#5032);
#5030 = CARTESIAN_POINT('',(-10.,-19.,91.));
#5031 = DIRECTION('',(0.,1.,0.));
#5032 = DIRECTION('',(0.,0.,1.));
#5033 = ADVANCED_FACE('',(#5034),#5077,.T.);
#5034 = FACE_BOUND('',#5035,.T.);
#5035 = EDGE_LOOP('',(#5036,#5037,#5038,#5046,#5054,#5062,#5070,#5076));
#5036 = ORIENTED_EDGE('',*,*,#5023,.F.);
#5037 = ORIENTED_EDGE('',*,*,#2069,.T.);
#5038 = ORIENTED_EDGE('',*,*,#5039,.T.);
#5039 = EDGE_CURVE('',#2061,#5040,#5042,.T.);
#5040 = VERTEX_POINT('',#5041);
#5041 = CARTESIAN_POINT('',(-11.2,-17.6,87.));
#5042 = LINE('',#5043,#5044);
#5043 = CARTESIAN_POINT('',(-11.2,-19.,87.));
#5044 = VECTOR('',#5045,1.);
#5045 = DIRECTION('',(0.,1.,0.));
#5046 = ORIENTED_EDGE('',*,*,#5047,.T.);
#5047 = EDGE_CURVE('',#5040,#5048,#5050,.T.);
#5048 = VERTEX_POINT('',#5049);
#5049 = CARTESIAN_POINT('',(-11.2,-17.6,87.4));
#5050 = LINE('',#5051,#5052);
#5051 = CARTESIAN_POINT('',(-11.2,-17.6,87.));
#5052 = VECTOR('',#5053,1.);
#5053 = DIRECTION('',(0.,0.,1.));
#5054 = ORIENTED_EDGE('',*,*,#5055,.F.);
#5055 = EDGE_CURVE('',#5056,#5048,#5058,.T.);
#5056 = VERTEX_POINT('',#5057);
#5057 = CARTESIAN_POINT('',(-11.2,-14.8,87.4));
#5058 = LINE('',#5059,#5060);
#5059 = CARTESIAN_POINT('',(-11.2,-15.3,87.4));
#5060 = VECTOR('',#5061,1.);
#5061 = DIRECTION('',(0.,-1.,0.));
#5062 = ORIENTED_EDGE('',*,*,#5063,.F.);
#5063 = EDGE_CURVE('',#5064,#5056,#5066,.T.);
#5064 = VERTEX_POINT('',#5065);
#5065 = CARTESIAN_POINT('',(-11.2,-14.8,87.));
#5066 = LINE('',#5067,#5068);
#5067 = CARTESIAN_POINT('',(-11.2,-14.8,87.));
#5068 = VECTOR('',#5069,1.);
#5069 = DIRECTION('',(0.,0.,1.));
#5070 = ORIENTED_EDGE('',*,*,#5071,.T.);
#5071 = EDGE_CURVE('',#5064,#2732,#5072,.T.);
#5072 = LINE('',#5073,#5074);
#5073 = CARTESIAN_POINT('',(-11.2,-19.,87.));
#5074 = VECTOR('',#5075,1.);
#5075 = DIRECTION('',(0.,1.,0.));
#5076 = ORIENTED_EDGE('',*,*,#2731,.F.);
#5077 = PLANE('',#5078);
#5078 = AXIS2_PLACEMENT_3D('',#5079,#5080,#5081);
#5079 = CARTESIAN_POINT('',(-11.2,-13.,89.));
#5080 = DIRECTION('',(1.,0.,0.));
#5081 = DIRECTION('',(0.,0.,1.));
#5082 = ADVANCED_FACE('',(#5083),#5136,.F.);
#5083 = FACE_BOUND('',#5084,.F.);
#5084 = EDGE_LOOP('',(#5085,#5093,#5094,#5095,#5104,#5112,#5121,#5129));
#5085 = ORIENTED_EDGE('',*,*,#5086,.F.);
#5086 = EDGE_CURVE('',#2053,#5087,#5089,.T.);
#5087 = VERTEX_POINT('',#5088);
#5088 = CARTESIAN_POINT('',(-8.8,-17.6,87.));
#5089 = LINE('',#5090,#5091);
#5090 = CARTESIAN_POINT('',(-8.8,-19.,87.));
#5091 = VECTOR('',#5092,1.);
#5092 = DIRECTION('',(0.,1.,0.));
#5093 = ORIENTED_EDGE('',*,*,#2060,.T.);
#5094 = ORIENTED_EDGE('',*,*,#5039,.T.);
#5095 = ORIENTED_EDGE('',*,*,#5096,.F.);
#5096 = EDGE_CURVE('',#5097,#5040,#5099,.T.);
#5097 = VERTEX_POINT('',#5098);
#5098 = CARTESIAN_POINT('',(-9.,-17.6,86.336675041929));
#5099 = CIRCLE('',#5100,1.2);
#5100 = AXIS2_PLACEMENT_3D('',#5101,#5102,#5103);
#5101 = CARTESIAN_POINT('',(-10.,-17.6,87.));
#5102 = DIRECTION('',(0.,1.,0.));
#5103 = DIRECTION('',(0.,0.,1.));
#5104 = ORIENTED_EDGE('',*,*,#5105,.F.);
#5105 = EDGE_CURVE('',#5106,#5097,#5108,.T.);
#5106 = VERTEX_POINT('',#5107);
#5107 = CARTESIAN_POINT('',(-9.,-17.8,86.33667504193));
#5108 = LINE('',#5109,#5110);
#5109 = CARTESIAN_POINT('',(-9.,-19.,86.336675041929));
#5110 = VECTOR('',#5111,1.);
#5111 = DIRECTION('',(0.,1.,0.));
#5112 = ORIENTED_EDGE('',*,*,#5113,.F.);
#5113 = EDGE_CURVE('',#5114,#5106,#5116,.T.);
#5114 = VERTEX_POINT('',#5115);
#5115 = CARTESIAN_POINT('',(-8.81678404338,-17.8,86.8));
#5116 = CIRCLE('',#5117,1.2);
#5117 = AXIS2_PLACEMENT_3D('',#5118,#5119,#5120);
#5118 = CARTESIAN_POINT('',(-10.,-17.8,87.));
#5119 = DIRECTION('',(0.,1.,0.));
#5120 = DIRECTION('',(0.,0.,1.));
#5121 = ORIENTED_EDGE('',*,*,#5122,.T.);
#5122 = EDGE_CURVE('',#5114,#5123,#5125,.T.);
#5123 = VERTEX_POINT('',#5124);
#5124 = CARTESIAN_POINT('',(-8.81678404338,-17.6,86.8));
#5125 = LINE('',#5126,#5127);
#5126 = CARTESIAN_POINT('',(-8.81678404338,-19.,86.8));
#5127 = VECTOR('',#5128,1.);
#5128 = DIRECTION('',(0.,1.,0.));
#5129 = ORIENTED_EDGE('',*,*,#5130,.F.);
#5130 = EDGE_CURVE('',#5087,#5123,#5131,.T.);
#5131 = CIRCLE('',#5132,1.2);
#5132 = AXIS2_PLACEMENT_3D('',#5133,#5134,#5135);
#5133 = CARTESIAN_POINT('',(-10.,-17.6,87.));
#5134 = DIRECTION('',(0.,1.,0.));
#5135 = DIRECTION('',(0.,0.,1.));
#5136 = CYLINDRICAL_SURFACE('',#5137,1.2);
#5137 = AXIS2_PLACEMENT_3D('',#5138,#5139,#5140);
#5138 = CARTESIAN_POINT('',(-10.,-19.,87.));
#5139 = DIRECTION('',(0.,1.,0.));
#5140 = DIRECTION('',(0.,0.,1.));
#5141 = ADVANCED_FACE('',(#5142),#5178,.T.);
#5142 = FACE_BOUND('',#5143,.T.);
#5143 = EDGE_LOOP('',(#5144,#5145,#5146,#5147,#5148,#5156,#5164,#5172));
#5144 = ORIENTED_EDGE('',*,*,#5086,.F.);
#5145 = ORIENTED_EDGE('',*,*,#2052,.T.);
#5146 = ORIENTED_EDGE('',*,*,#5015,.T.);
#5147 = ORIENTED_EDGE('',*,*,#2748,.F.);
#5148 = ORIENTED_EDGE('',*,*,#5149,.F.);
#5149 = EDGE_CURVE('',#5150,#2740,#5152,.T.);
#5150 = VERTEX_POINT('',#5151);
#5151 = CARTESIAN_POINT('',(-8.8,-14.8,87.));
#5152 = LINE('',#5153,#5154);
#5153 = CARTESIAN_POINT('',(-8.8,-19.,87.));
#5154 = VECTOR('',#5155,1.);
#5155 = DIRECTION('',(0.,1.,0.));
#5156 = ORIENTED_EDGE('',*,*,#5157,.F.);
#5157 = EDGE_CURVE('',#5158,#5150,#5160,.T.);
#5158 = VERTEX_POINT('',#5159);
#5159 = CARTESIAN_POINT('',(-8.8,-14.8,87.4));
#5160 = LINE('',#5161,#5162);
#5161 = CARTESIAN_POINT('',(-8.8,-14.8,87.));
#5162 = VECTOR('',#5163,1.);
#5163 = DIRECTION('',(0.,0.,-1.));
#5164 = ORIENTED_EDGE('',*,*,#5165,.F.);
#5165 = EDGE_CURVE('',#5166,#5158,#5168,.T.);
#5166 = VERTEX_POINT('',#5167);
#5167 = CARTESIAN_POINT('',(-8.8,-17.6,87.4));
#5168 = LINE('',#5169,#5170);
#5169 = CARTESIAN_POINT('',(-8.8,-15.3,87.4));
#5170 = VECTOR('',#5171,1.);
#5171 = DIRECTION('',(0.,1.,0.));
#5172 = ORIENTED_EDGE('',*,*,#5173,.T.);
#5173 = EDGE_CURVE('',#5166,#5087,#5174,.T.);
#5174 = LINE('',#5175,#5176);
#5175 = CARTESIAN_POINT('',(-8.8,-17.6,87.));
#5176 = VECTOR('',#5177,1.);
#5177 = DIRECTION('',(0.,0.,-1.));
#5178 = PLANE('',#5179);
#5179 = AXIS2_PLACEMENT_3D('',#5180,#5181,#5182);
#5180 = CARTESIAN_POINT('',(-8.8,-13.,89.));
#5181 = DIRECTION('',(-1.,-0.,-0.));
#5182 = DIRECTION('',(0.,0.,-1.));
#5183 = ADVANCED_FACE('',(#5184),#5202,.F.);
#5184 = FACE_BOUND('',#5185,.F.);
#5185 = EDGE_LOOP('',(#5186,#5187,#5188,#5194,#5195,#5196));
#5186 = ORIENTED_EDGE('',*,*,#2077,.T.);
#5187 = ORIENTED_EDGE('',*,*,#2088,.T.);
#5188 = ORIENTED_EDGE('',*,*,#5189,.T.);
#5189 = EDGE_CURVE('',#2089,#2855,#5190,.T.);
#5190 = LINE('',#5191,#5192);
#5191 = CARTESIAN_POINT('',(11.2,-19.,91.));
#5192 = VECTOR('',#5193,1.);
#5193 = DIRECTION('',(0.,1.,0.));
#5194 = ORIENTED_EDGE('',*,*,#2862,.F.);
#5195 = ORIENTED_EDGE('',*,*,#2826,.F.);
#5196 = ORIENTED_EDGE('',*,*,#5197,.F.);
#5197 = EDGE_CURVE('',#2078,#2827,#5198,.T.);
#5198 = LINE('',#5199,#5200);
#5199 = CARTESIAN_POINT('',(8.8,-19.,91.));
#5200 = VECTOR('',#5201,1.);
#5201 = DIRECTION('',(0.,1.,0.));
#5202 = CYLINDRICAL_SURFACE('',#5203,1.2);
#5203 = AXIS2_PLACEMENT_3D('',#5204,#5205,#5206);
#5204 = CARTESIAN_POINT('',(10.,-19.,91.));
#5205 = DIRECTION('',(0.,1.,0.));
#5206 = DIRECTION('',(0.,0.,1.));
#5207 = ADVANCED_FACE('',(#5208),#5251,.T.);
#5208 = FACE_BOUND('',#5209,.T.);
#5209 = EDGE_LOOP('',(#5210,#5211,#5212,#5220,#5228,#5236,#5244,#5250));
#5210 = ORIENTED_EDGE('',*,*,#5197,.F.);
#5211 = ORIENTED_EDGE('',*,*,#2114,.T.);
#5212 = ORIENTED_EDGE('',*,*,#5213,.T.);
#5213 = EDGE_CURVE('',#2106,#5214,#5216,.T.);
#5214 = VERTEX_POINT('',#5215);
#5215 = CARTESIAN_POINT('',(8.8,-17.6,87.));
#5216 = LINE('',#5217,#5218);
#5217 = CARTESIAN_POINT('',(8.8,-19.,87.));
#5218 = VECTOR('',#5219,1.);
#5219 = DIRECTION('',(0.,1.,0.));
#5220 = ORIENTED_EDGE('',*,*,#5221,.T.);
#5221 = EDGE_CURVE('',#5214,#5222,#5224,.T.);
#5222 = VERTEX_POINT('',#5223);
#5223 = CARTESIAN_POINT('',(8.8,-17.6,87.4));
#5224 = LINE('',#5225,#5226);
#5225 = CARTESIAN_POINT('',(8.8,-17.6,87.));
#5226 = VECTOR('',#5227,1.);
#5227 = DIRECTION('',(0.,0.,1.));
#5228 = ORIENTED_EDGE('',*,*,#5229,.F.);
#5229 = EDGE_CURVE('',#5230,#5222,#5232,.T.);
#5230 = VERTEX_POINT('',#5231);
#5231 = CARTESIAN_POINT('',(8.8,-14.8,87.4));
#5232 = LINE('',#5233,#5234);
#5233 = CARTESIAN_POINT('',(8.8,-15.3,87.4));
#5234 = VECTOR('',#5235,1.);
#5235 = DIRECTION('',(0.,-1.,0.));
#5236 = ORIENTED_EDGE('',*,*,#5237,.F.);
#5237 = EDGE_CURVE('',#5238,#5230,#5240,.T.);
#5238 = VERTEX_POINT('',#5239);
#5239 = CARTESIAN_POINT('',(8.8,-14.8,87.));
#5240 = LINE('',#5241,#5242);
#5241 = CARTESIAN_POINT('',(8.8,-14.8,87.));
#5242 = VECTOR('',#5243,1.);
#5243 = DIRECTION('',(0.,0.,1.));
#5244 = ORIENTED_EDGE('',*,*,#5245,.T.);
#5245 = EDGE_CURVE('',#5238,#2838,#5246,.T.);
#5246 = LINE('',#5247,#5248);
#5247 = CARTESIAN_POINT('',(8.8,-19.,87.));
#5248 = VECTOR('',#5249,1.);
#5249 = DIRECTION('',(0.,1.,0.));
#5250 = ORIENTED_EDGE('',*,*,#2837,.F.);
#5251 = PLANE('',#5252);
#5252 = AXIS2_PLACEMENT_3D('',#5253,#5254,#5255);
#5253 = CARTESIAN_POINT('',(8.8,-13.,89.));
#5254 = DIRECTION('',(1.,0.,0.));
#5255 = DIRECTION('',(0.,0.,1.));
#5256 = ADVANCED_FACE('',(#5257),#5310,.F.);
#5257 = FACE_BOUND('',#5258,.F.);
#5258 = EDGE_LOOP('',(#5259,#5267,#5268,#5269,#5278,#5286,#5295,#5303));
#5259 = ORIENTED_EDGE('',*,*,#5260,.F.);
#5260 = EDGE_CURVE('',#2098,#5261,#5263,.T.);
#5261 = VERTEX_POINT('',#5262);
#5262 = CARTESIAN_POINT('',(11.2,-17.6,87.));
#5263 = LINE('',#5264,#5265);
#5264 = CARTESIAN_POINT('',(11.2,-19.,87.));
#5265 = VECTOR('',#5266,1.);
#5266 = DIRECTION('',(0.,1.,0.));
#5267 = ORIENTED_EDGE('',*,*,#2105,.T.);
#5268 = ORIENTED_EDGE('',*,*,#5213,.T.);
#5269 = ORIENTED_EDGE('',*,*,#5270,.F.);
#5270 = EDGE_CURVE('',#5271,#5214,#5273,.T.);
#5271 = VERTEX_POINT('',#5272);
#5272 = CARTESIAN_POINT('',(8.81678404338,-17.6,86.8));
#5273 = CIRCLE('',#5274,1.2);
#5274 = AXIS2_PLACEMENT_3D('',#5275,#5276,#5277);
#5275 = CARTESIAN_POINT('',(10.,-17.6,87.));
#5276 = DIRECTION('',(0.,1.,0.));
#5277 = DIRECTION('',(0.,0.,1.));
#5278 = ORIENTED_EDGE('',*,*,#5279,.F.);
#5279 = EDGE_CURVE('',#5280,#5271,#5282,.T.);
#5280 = VERTEX_POINT('',#5281);
#5281 = CARTESIAN_POINT('',(8.81678404338,-17.8,86.8));
#5282 = LINE('',#5283,#5284);
#5283 = CARTESIAN_POINT('',(8.81678404338,-19.,86.8));
#5284 = VECTOR('',#5285,1.);
#5285 = DIRECTION('',(0.,1.,0.));
#5286 = ORIENTED_EDGE('',*,*,#5287,.F.);
#5287 = EDGE_CURVE('',#5288,#5280,#5290,.T.);
#5288 = VERTEX_POINT('',#5289);
#5289 = CARTESIAN_POINT('',(9.,-17.8,86.33667504193));
#5290 = CIRCLE('',#5291,1.2);
#5291 = AXIS2_PLACEMENT_3D('',#5292,#5293,#5294);
#5292 = CARTESIAN_POINT('',(10.,-17.8,87.));
#5293 = DIRECTION('',(0.,1.,0.));
#5294 = DIRECTION('',(0.,0.,1.));
#5295 = ORIENTED_EDGE('',*,*,#5296,.T.);
#5296 = EDGE_CURVE('',#5288,#5297,#5299,.T.);
#5297 = VERTEX_POINT('',#5298);
#5298 = CARTESIAN_POINT('',(9.,-17.6,86.336675041929));
#5299 = LINE('',#5300,#5301);
#5300 = CARTESIAN_POINT('',(9.,-19.,86.336675041929));
#5301 = VECTOR('',#5302,1.);
#5302 = DIRECTION('',(0.,1.,0.));
#5303 = ORIENTED_EDGE('',*,*,#5304,.F.);
#5304 = EDGE_CURVE('',#5261,#5297,#5305,.T.);
#5305 = CIRCLE('',#5306,1.2);
#5306 = AXIS2_PLACEMENT_3D('',#5307,#5308,#5309);
#5307 = CARTESIAN_POINT('',(10.,-17.6,87.));
#5308 = DIRECTION('',(0.,1.,0.));
#5309 = DIRECTION('',(0.,0.,1.));
#5310 = CYLINDRICAL_SURFACE('',#5311,1.2);
#5311 = AXIS2_PLACEMENT_3D('',#5312,#5313,#5314);
#5312 = CARTESIAN_POINT('',(10.,-19.,87.));
#5313 = DIRECTION('',(0.,1.,0.));
#5314 = DIRECTION('',(0.,0.,1.));
#5315 = ADVANCED_FACE('',(#5316),#5352,.T.);
#5316 = FACE_BOUND('',#5317,.T.);
#5317 = EDGE_LOOP('',(#5318,#5319,#5320,#5321,#5322,#5330,#5338,#5346));
#5318 = ORIENTED_EDGE('',*,*,#5260,.F.);
#5319 = ORIENTED_EDGE('',*,*,#2097,.T.);
#5320 = ORIENTED_EDGE('',*,*,#5189,.T.);
#5321 = ORIENTED_EDGE('',*,*,#2854,.F.);
#5322 = ORIENTED_EDGE('',*,*,#5323,.F.);
#5323 = EDGE_CURVE('',#5324,#2846,#5326,.T.);
#5324 = VERTEX_POINT('',#5325);
#5325 = CARTESIAN_POINT('',(11.2,-14.8,87.));
#5326 = LINE('',#5327,#5328);
#5327 = CARTESIAN_POINT('',(11.2,-19.,87.));
#5328 = VECTOR('',#5329,1.);
#5329 = DIRECTION('',(0.,1.,0.));
#5330 = ORIENTED_EDGE('',*,*,#5331,.F.);
#5331 = EDGE_CURVE('',#5332,#5324,#5334,.T.);
#5332 = VERTEX_POINT('',#5333);
#5333 = CARTESIAN_POINT('',(11.2,-14.8,87.4));
#5334 = LINE('',#5335,#5336);
#5335 = CARTESIAN_POINT('',(11.2,-14.8,87.));
#5336 = VECTOR('',#5337,1.);
#5337 = DIRECTION('',(0.,0.,-1.));
#5338 = ORIENTED_EDGE('',*,*,#5339,.F.);
#5339 = EDGE_CURVE('',#5340,#5332,#5342,.T.);
#5340 = VERTEX_POINT('',#5341);
#5341 = CARTESIAN_POINT('',(11.2,-17.6,87.4));
#5342 = LINE('',#5343,#5344);
#5343 = CARTESIAN_POINT('',(11.2,-15.3,87.4));
#5344 = VECTOR('',#5345,1.);
#5345 = DIRECTION('',(0.,1.,0.));
#5346 = ORIENTED_EDGE('',*,*,#5347,.T.);
#5347 = EDGE_CURVE('',#5340,#5261,#5348,.T.);
#5348 = LINE('',#5349,#5350);
#5349 = CARTESIAN_POINT('',(11.2,-17.6,87.));
#5350 = VECTOR('',#5351,1.);
#5351 = DIRECTION('',(0.,0.,-1.));
#5352 = PLANE('',#5353);
#5353 = AXIS2_PLACEMENT_3D('',#5354,#5355,#5356);
#5354 = CARTESIAN_POINT('',(11.2,-13.,89.));
#5355 = DIRECTION('',(-1.,-0.,-0.));
#5356 = DIRECTION('',(0.,0.,-1.));
#5357 = ADVANCED_FACE('',(#5358),#5376,.T.);
#5358 = FACE_BOUND('',#5359,.T.);
#5359 = EDGE_LOOP('',(#5360,#5368,#5369,#5370));
#5360 = ORIENTED_EDGE('',*,*,#5361,.F.);
#5361 = EDGE_CURVE('',#2129,#5362,#5364,.T.);
#5362 = VERTEX_POINT('',#5363);
#5363 = CARTESIAN_POINT('',(-26.5,-12.,111.));
#5364 = LINE('',#5365,#5366);
#5365 = CARTESIAN_POINT('',(-28.,-12.,111.));
#5366 = VECTOR('',#5367,1.);
#5367 = DIRECTION('',(1.,0.,0.));
#5368 = ORIENTED_EDGE('',*,*,#2128,.T.);
#5369 = ORIENTED_EDGE('',*,*,#3523,.T.);
#5370 = ORIENTED_EDGE('',*,*,#5371,.F.);
#5371 = EDGE_CURVE('',#5362,#3524,#5372,.T.);
#5372 = LINE('',#5373,#5374);
#5373 = CARTESIAN_POINT('',(-26.5,-12.,109.5));
#5374 = VECTOR('',#5375,1.);
#5375 = DIRECTION('',(0.,0.,1.));
#5376 = PLANE('',#5377);
#5377 = AXIS2_PLACEMENT_3D('',#5378,#5379,#5380);
#5378 = CARTESIAN_POINT('',(-31.,-12.,29.5));
#5379 = DIRECTION('',(0.,1.,0.));
#5380 = DIRECTION('',(0.,0.,1.));
#5381 = ADVANCED_FACE('',(#5382),#5399,.T.);
#5382 = FACE_BOUND('',#5383,.T.);
#5383 = EDGE_LOOP('',(#5384,#5390,#5391,#5392,#5398));
#5384 = ORIENTED_EDGE('',*,*,#5385,.F.);
#5385 = EDGE_CURVE('',#2139,#2518,#5386,.T.);
#5386 = LINE('',#5387,#5388);
#5387 = CARTESIAN_POINT('',(-28.,-12.,111.));
#5388 = VECTOR('',#5389,1.);
#5389 = DIRECTION('',(0.,1.,0.));
#5390 = ORIENTED_EDGE('',*,*,#2138,.T.);
#5391 = ORIENTED_EDGE('',*,*,#5361,.T.);
#5392 = ORIENTED_EDGE('',*,*,#5393,.T.);
#5393 = EDGE_CURVE('',#5362,#2526,#5394,.T.);
#5394 = LINE('',#5395,#5396);
#5395 = CARTESIAN_POINT('',(-26.5,-12.,111.));
#5396 = VECTOR('',#5397,1.);
#5397 = DIRECTION('',(0.,1.,0.));
#5398 = ORIENTED_EDGE('',*,*,#2525,.F.);
#5399 = PLANE('',#5400);
#5400 = AXIS2_PLACEMENT_3D('',#5401,#5402,#5403);
#5401 = CARTESIAN_POINT('',(-28.,-12.,111.));
#5402 = DIRECTION('',(0.,0.,1.));
#5403 = DIRECTION('',(1.,0.,0.));
#5404 = ADVANCED_FACE('',(#5405),#5432,.F.);
#5405 = FACE_BOUND('',#5406,.F.);
#5406 = EDGE_LOOP('',(#5407,#5408,#5416,#5424,#5430,#5431));
#5407 = ORIENTED_EDGE('',*,*,#2147,.F.);
#5408 = ORIENTED_EDGE('',*,*,#5409,.F.);
#5409 = EDGE_CURVE('',#5410,#2148,#5412,.T.);
#5410 = VERTEX_POINT('',#5411);
#5411 = CARTESIAN_POINT('',(-28.,-9.,38.));
#5412 = LINE('',#5413,#5414);
#5413 = CARTESIAN_POINT('',(-28.,-12.,38.));
#5414 = VECTOR('',#5415,1.);
#5415 = DIRECTION('',(0.,-1.,0.));
#5416 = ORIENTED_EDGE('',*,*,#5417,.T.);
#5417 = EDGE_CURVE('',#5410,#5418,#5420,.T.);
#5418 = VERTEX_POINT('',#5419);
#5419 = CARTESIAN_POINT('',(-28.,-9.,110.));
#5420 = LINE('',#5421,#5422);
#5421 = CARTESIAN_POINT('',(-28.,-9.,38.));
#5422 = VECTOR('',#5423,1.);
#5423 = DIRECTION('',(0.,0.,1.));
#5424 = ORIENTED_EDGE('',*,*,#5425,.T.);
#5425 = EDGE_CURVE('',#5418,#2510,#5426,.T.);
#5426 = LINE('',#5427,#5428);
#5427 = CARTESIAN_POINT('',(-28.,-9.,110.));
#5428 = VECTOR('',#5429,1.);
#5429 = DIRECTION('',(0.,1.,0.));
#5430 = ORIENTED_EDGE('',*,*,#2517,.T.);
#5431 = ORIENTED_EDGE('',*,*,#5385,.F.);
#5432 = PLANE('',#5433);
#5433 = AXIS2_PLACEMENT_3D('',#5434,#5435,#5436);
#5434 = CARTESIAN_POINT('',(-28.,-12.,35.));
#5435 = DIRECTION('',(1.,0.,0.));
#5436 = DIRECTION('',(0.,0.,1.));
#5437 = ADVANCED_FACE('',(#5438),#5448,.T.);
#5438 = FACE_BOUND('',#5439,.T.);
#5439 = EDGE_LOOP('',(#5440,#5446,#5447));
#5440 = ORIENTED_EDGE('',*,*,#5441,.F.);
#5441 = EDGE_CURVE('',#2156,#5410,#5442,.T.);
#5442 = LINE('',#5443,#5444);
#5443 = CARTESIAN_POINT('',(-30.5,-9.,38.));
#5444 = VECTOR('',#5445,1.);
#5445 = DIRECTION('',(1.,0.,0.));
#5446 = ORIENTED_EDGE('',*,*,#2155,.T.);
#5447 = ORIENTED_EDGE('',*,*,#5409,.F.);
#5448 = PLANE('',#5449);
#5449 = AXIS2_PLACEMENT_3D('',#5450,#5451,#5452);
#5450 = CARTESIAN_POINT('',(-30.,-12.,38.));
#5451 = DIRECTION('',(0.,0.,1.));
#5452 = DIRECTION('',(1.,0.,0.));
#5453 = ADVANCED_FACE('',(#5454),#5465,.F.);
#5454 = FACE_BOUND('',#5455,.F.);
#5455 = EDGE_LOOP('',(#5456,#5457,#5458,#5464));
#5456 = ORIENTED_EDGE('',*,*,#5441,.F.);
#5457 = ORIENTED_EDGE('',*,*,#2164,.T.);
#5458 = ORIENTED_EDGE('',*,*,#5459,.T.);
#5459 = EDGE_CURVE('',#2165,#5418,#5460,.T.);
#5460 = LINE('',#5461,#5462);
#5461 = CARTESIAN_POINT('',(-30.5,-9.,110.));
#5462 = VECTOR('',#5463,1.);
#5463 = DIRECTION('',(1.,0.,0.));
#5464 = ORIENTED_EDGE('',*,*,#5417,.F.);
#5465 = PLANE('',#5466);
#5466 = AXIS2_PLACEMENT_3D('',#5467,#5468,#5469);
#5467 = CARTESIAN_POINT('',(-30.5,-9.,38.));
#5468 = DIRECTION('',(0.,1.,0.));
#5469 = DIRECTION('',(0.,0.,1.));
#5470 = ADVANCED_FACE('',(#5471),#5490,.T.);
#5471 = FACE_BOUND('',#5472,.T.);
#5472 = EDGE_LOOP('',(#5473,#5481,#5482,#5483,#5484));
#5473 = ORIENTED_EDGE('',*,*,#5474,.F.);
#5474 = EDGE_CURVE('',#2173,#5475,#5477,.T.);
#5475 = VERTEX_POINT('',#5476);
#5476 = CARTESIAN_POINT('',(-28.,5.,110.));
#5477 = LINE('',#5478,#5479);
#5478 = CARTESIAN_POINT('',(-30.5,5.,110.));
#5479 = VECTOR('',#5480,1.);
#5480 = DIRECTION('',(1.,0.,0.));
#5481 = ORIENTED_EDGE('',*,*,#2172,.T.);
#5482 = ORIENTED_EDGE('',*,*,#5459,.T.);
#5483 = ORIENTED_EDGE('',*,*,#5425,.T.);
#5484 = ORIENTED_EDGE('',*,*,#5485,.T.);
#5485 = EDGE_CURVE('',#2510,#5475,#5486,.T.);
#5486 = LINE('',#5487,#5488);
#5487 = CARTESIAN_POINT('',(-28.,-9.,110.));
#5488 = VECTOR('',#5489,1.);
#5489 = DIRECTION('',(0.,1.,0.));
#5490 = PLANE('',#5491);
#5491 = AXIS2_PLACEMENT_3D('',#5492,#5493,#5494);
#5492 = CARTESIAN_POINT('',(-30.5,-9.,110.));
#5493 = DIRECTION('',(0.,0.,1.));
#5494 = DIRECTION('',(1.,0.,0.));
#5495 = ADVANCED_FACE('',(#5496),#5656,.T.);
#5496 = FACE_BOUND('',#5497,.T.);
#5497 = EDGE_LOOP('',(#5498,#5506,#5507,#5508,#5516,#5524,#5532,#5538,
    #5539,#5547,#5555,#5563,#5571,#5579,#5587,#5595,#5601,#5602,#5610,
    #5618,#5626,#5634,#5642,#5650));
#5498 = ORIENTED_EDGE('',*,*,#5499,.F.);
#5499 = EDGE_CURVE('',#2182,#5500,#5502,.T.);
#5500 = VERTEX_POINT('',#5501);
#5501 = CARTESIAN_POINT('',(-29.,5.,35.));
#5502 = LINE('',#5503,#5504);
#5503 = CARTESIAN_POINT('',(-30.,5.,35.));
#5504 = VECTOR('',#5505,1.);
#5505 = DIRECTION('',(1.,0.,0.));
#5506 = ORIENTED_EDGE('',*,*,#2181,.T.);
#5507 = ORIENTED_EDGE('',*,*,#5474,.T.);
#5508 = ORIENTED_EDGE('',*,*,#5509,.F.);
#5509 = EDGE_CURVE('',#5510,#5475,#5512,.T.);
#5510 = VERTEX_POINT('',#5511);
#5511 = CARTESIAN_POINT('',(-28.,5.,38.));
#5512 = LINE('',#5513,#5514);
#5513 = CARTESIAN_POINT('',(-28.,5.,38.));
#5514 = VECTOR('',#5515,1.);
#5515 = DIRECTION('',(0.,0.,1.));
#5516 = ORIENTED_EDGE('',*,*,#5517,.T.);
#5517 = EDGE_CURVE('',#5510,#5518,#5520,.T.);
#5518 = VERTEX_POINT('',#5519);
#5519 = CARTESIAN_POINT('',(28.,5.,38.));
#5520 = LINE('',#5521,#5522);
#5521 = CARTESIAN_POINT('',(-30.,5.,38.));
#5522 = VECTOR('',#5523,1.);
#5523 = DIRECTION('',(1.,0.,0.));
#5524 = ORIENTED_EDGE('',*,*,#5525,.T.);
#5525 = EDGE_CURVE('',#5518,#5526,#5528,.T.);
#5526 = VERTEX_POINT('',#5527);
#5527 = CARTESIAN_POINT('',(28.,5.,110.));
#5528 = LINE('',#5529,#5530);
#5529 = CARTESIAN_POINT('',(28.,5.,38.));
#5530 = VECTOR('',#5531,1.);
#5531 = DIRECTION('',(0.,0.,1.));
#5532 = ORIENTED_EDGE('',*,*,#5533,.T.);
#5533 = EDGE_CURVE('',#5526,#4601,#5534,.T.);
#5534 = LINE('',#5535,#5536);
#5535 = CARTESIAN_POINT('',(28.,5.,110.));
#5536 = VECTOR('',#5537,1.);
#5537 = DIRECTION('',(1.,0.,0.));
#5538 = ORIENTED_EDGE('',*,*,#4600,.F.);
#5539 = ORIENTED_EDGE('',*,*,#5540,.F.);
#5540 = EDGE_CURVE('',#5541,#4592,#5543,.T.);
#5541 = VERTEX_POINT('',#5542);
#5542 = CARTESIAN_POINT('',(29.,5.,35.));
#5543 = LINE('',#5544,#5545);
#5544 = CARTESIAN_POINT('',(-30.,5.,35.));
#5545 = VECTOR('',#5546,1.);
#5546 = DIRECTION('',(1.,0.,0.));
#5547 = ORIENTED_EDGE('',*,*,#5548,.F.);
#5548 = EDGE_CURVE('',#5549,#5541,#5551,.T.);
#5549 = VERTEX_POINT('',#5550);
#5550 = CARTESIAN_POINT('',(29.,5.,29.5));
#5551 = LINE('',#5552,#5553);
#5552 = CARTESIAN_POINT('',(29.,5.,29.5));
#5553 = VECTOR('',#5554,1.);
#5554 = DIRECTION('',(0.,0.,1.));
#5555 = ORIENTED_EDGE('',*,*,#5556,.F.);
#5556 = EDGE_CURVE('',#5557,#5549,#5559,.T.);
#5557 = VERTEX_POINT('',#5558);
#5558 = CARTESIAN_POINT('',(26.7,5.,29.5));
#5559 = LINE('',#5560,#5561);
#5560 = CARTESIAN_POINT('',(20.,5.,29.5));
#5561 = VECTOR('',#5562,1.);
#5562 = DIRECTION('',(1.,0.,0.));
#5563 = ORIENTED_EDGE('',*,*,#5564,.F.);
#5564 = EDGE_CURVE('',#5565,#5557,#5567,.T.);
#5565 = VERTEX_POINT('',#5566);
#5566 = CARTESIAN_POINT('',(26.7,5.,32.8));
#5567 = LINE('',#5568,#5569);
#5568 = CARTESIAN_POINT('',(26.7,5.,45.339005451285));
#5569 = VECTOR('',#5570,1.);
#5570 = DIRECTION('',(0.,0.,-1.));
#5571 = ORIENTED_EDGE('',*,*,#5572,.F.);
#5572 = EDGE_CURVE('',#5573,#5565,#5575,.T.);
#5573 = VERTEX_POINT('',#5574);
#5574 = CARTESIAN_POINT('',(22.3,5.,32.8));
#5575 = LINE('',#5576,#5577);
#5576 = CARTESIAN_POINT('',(11.15,5.,32.8));
#5577 = VECTOR('',#5578,1.);
#5578 = DIRECTION('',(1.,0.,0.));
#5579 = ORIENTED_EDGE('',*,*,#5580,.T.);
#5580 = EDGE_CURVE('',#5573,#5581,#5583,.T.);
#5581 = VERTEX_POINT('',#5582);
#5582 = CARTESIAN_POINT('',(22.3,5.,29.5));
#5583 = LINE('',#5584,#5585);
#5584 = CARTESIAN_POINT('',(22.3,5.,45.339005451285));
#5585 = VECTOR('',#5586,1.);
#5586 = DIRECTION('',(0.,0.,-1.));
#5587 = ORIENTED_EDGE('',*,*,#5588,.F.);
#5588 = EDGE_CURVE('',#5589,#5581,#5591,.T.);
#5589 = VERTEX_POINT('',#5590);
#5590 = CARTESIAN_POINT('',(20.,5.,29.5));
#5591 = LINE('',#5592,#5593);
#5592 = CARTESIAN_POINT('',(20.,5.,29.5));
#5593 = VECTOR('',#5594,1.);
#5594 = DIRECTION('',(1.,0.,0.));
#5595 = ORIENTED_EDGE('',*,*,#5596,.T.);
#5596 = EDGE_CURVE('',#5589,#3199,#5597,.T.);
#5597 = LINE('',#5598,#5599);
#5598 = CARTESIAN_POINT('',(20.,5.,29.5));
#5599 = VECTOR('',#5600,1.);
#5600 = DIRECTION('',(0.,0.,1.));
#5601 = ORIENTED_EDGE('',*,*,#3198,.F.);
#5602 = ORIENTED_EDGE('',*,*,#5603,.F.);
#5603 = EDGE_CURVE('',#5604,#3191,#5606,.T.);
#5604 = VERTEX_POINT('',#5605);
#5605 = CARTESIAN_POINT('',(-20.,5.,29.5));
#5606 = LINE('',#5607,#5608);
#5607 = CARTESIAN_POINT('',(-20.,5.,29.5));
#5608 = VECTOR('',#5609,1.);
#5609 = DIRECTION('',(0.,0.,1.));
#5610 = ORIENTED_EDGE('',*,*,#5611,.F.);
#5611 = EDGE_CURVE('',#5612,#5604,#5614,.T.);
#5612 = VERTEX_POINT('',#5613);
#5613 = CARTESIAN_POINT('',(-22.3,5.,29.5));
#5614 = LINE('',#5615,#5616);
#5615 = CARTESIAN_POINT('',(-29.,5.,29.5));
#5616 = VECTOR('',#5617,1.);
#5617 = DIRECTION('',(1.,0.,0.));
#5618 = ORIENTED_EDGE('',*,*,#5619,.F.);
#5619 = EDGE_CURVE('',#5620,#5612,#5622,.T.);
#5620 = VERTEX_POINT('',#5621);
#5621 = CARTESIAN_POINT('',(-22.3,5.,32.8));
#5622 = LINE('',#5623,#5624);
#5623 = CARTESIAN_POINT('',(-22.3,5.,45.339005451285));
#5624 = VECTOR('',#5625,1.);
#5625 = DIRECTION('',(0.,0.,-1.));
#5626 = ORIENTED_EDGE('',*,*,#5627,.F.);
#5627 = EDGE_CURVE('',#5628,#5620,#5630,.T.);
#5628 = VERTEX_POINT('',#5629);
#5629 = CARTESIAN_POINT('',(-26.7,5.,32.8));
#5630 = LINE('',#5631,#5632);
#5631 = CARTESIAN_POINT('',(-13.35,5.,32.8));
#5632 = VECTOR('',#5633,1.);
#5633 = DIRECTION('',(1.,0.,0.));
#5634 = ORIENTED_EDGE('',*,*,#5635,.T.);
#5635 = EDGE_CURVE('',#5628,#5636,#5638,.T.);
#5636 = VERTEX_POINT('',#5637);
#5637 = CARTESIAN_POINT('',(-26.7,5.,29.5));
#5638 = LINE('',#5639,#5640);
#5639 = CARTESIAN_POINT('',(-26.7,5.,45.339005451285));
#5640 = VECTOR('',#5641,1.);
#5641 = DIRECTION('',(0.,0.,-1.));
#5642 = ORIENTED_EDGE('',*,*,#5643,.F.);
#5643 = EDGE_CURVE('',#5644,#5636,#5646,.T.);
#5644 = VERTEX_POINT('',#5645);
#5645 = CARTESIAN_POINT('',(-29.,5.,29.5));
#5646 = LINE('',#5647,#5648);
#5647 = CARTESIAN_POINT('',(-29.,5.,29.5));
#5648 = VECTOR('',#5649,1.);
#5649 = DIRECTION('',(1.,0.,0.));
#5650 = ORIENTED_EDGE('',*,*,#5651,.T.);
#5651 = EDGE_CURVE('',#5644,#5500,#5652,.T.);
#5652 = LINE('',#5653,#5654);
#5653 = CARTESIAN_POINT('',(-29.,5.,29.5));
#5654 = VECTOR('',#5655,1.);
#5655 = DIRECTION('',(0.,0.,1.));
#5656 = PLANE('',#5657);
#5657 = AXIS2_PLACEMENT_3D('',#5658,#5659,#5660);
#5658 = CARTESIAN_POINT('',(2.22E-15,5.,60.650602982716));
#5659 = DIRECTION('',(0.,1.,0.));
#5660 = DIRECTION('',(0.,0.,1.));
#5661 = ADVANCED_FACE('',(#5662),#5679,.T.);
#5662 = FACE_BOUND('',#5663,.T.);
#5663 = EDGE_LOOP('',(#5664,#5670,#5671,#5677,#5678));
#5664 = ORIENTED_EDGE('',*,*,#5665,.T.);
#5665 = EDGE_CURVE('',#5500,#2224,#5666,.T.);
#5666 = LINE('',#5667,#5668);
#5667 = CARTESIAN_POINT('',(-29.,-6.75,35.));
#5668 = VECTOR('',#5669,1.);
#5669 = DIRECTION('',(0.,-1.,0.));
#5670 = ORIENTED_EDGE('',*,*,#2223,.F.);
#5671 = ORIENTED_EDGE('',*,*,#5672,.T.);
#5672 = EDGE_CURVE('',#2216,#2190,#5673,.T.);
#5673 = LINE('',#5674,#5675);
#5674 = CARTESIAN_POINT('',(-30.,-12.,35.));
#5675 = VECTOR('',#5676,1.);
#5676 = DIRECTION('',(0.,1.,0.));
#5677 = ORIENTED_EDGE('',*,*,#2189,.F.);
#5678 = ORIENTED_EDGE('',*,*,#5499,.T.);
#5679 = PLANE('',#5680);
#5680 = AXIS2_PLACEMENT_3D('',#5681,#5682,#5683);
#5681 = CARTESIAN_POINT('',(0.,-3.5,35.));
#5682 = DIRECTION('',(-0.,-0.,-1.));
#5683 = DIRECTION('',(-1.,0.,0.));
#5684 = ADVANCED_FACE('',(#5685),#5696,.F.);
#5685 = FACE_BOUND('',#5686,.F.);
#5686 = EDGE_LOOP('',(#5687,#5688,#5689,#5690));
#5687 = ORIENTED_EDGE('',*,*,#2215,.F.);
#5688 = ORIENTED_EDGE('',*,*,#5672,.T.);
#5689 = ORIENTED_EDGE('',*,*,#2198,.T.);
#5690 = ORIENTED_EDGE('',*,*,#5691,.F.);
#5691 = EDGE_CURVE('',#2207,#2199,#5692,.T.);
#5692 = LINE('',#5693,#5694);
#5693 = CARTESIAN_POINT('',(-30.,-12.,38.));
#5694 = VECTOR('',#5695,1.);
#5695 = DIRECTION('',(0.,1.,0.));
#5696 = PLANE('',#5697);
#5697 = AXIS2_PLACEMENT_3D('',#5698,#5699,#5700);
#5698 = CARTESIAN_POINT('',(-30.,-12.,35.));
#5699 = DIRECTION('',(1.,0.,0.));
#5700 = DIRECTION('',(0.,0.,1.));
#5701 = ADVANCED_FACE('',(#5702),#5706,.F.);
#5702 = FACE_BOUND('',#5703,.F.);
#5703 = EDGE_LOOP('',(#5704,#5705));
#5704 = ORIENTED_EDGE('',*,*,#5691,.T.);
#5705 = ORIENTED_EDGE('',*,*,#2206,.T.);
#5706 = PLANE('',#5707);
#5707 = AXIS2_PLACEMENT_3D('',#5708,#5709,#5710);
#5708 = CARTESIAN_POINT('',(-30.5,-9.,38.));
#5709 = DIRECTION('',(0.,0.,1.));
#5710 = DIRECTION('',(1.,0.,0.));
#5711 = ADVANCED_FACE('',(#5712),#5723,.F.);
#5712 = FACE_BOUND('',#5713,.F.);
#5713 = EDGE_LOOP('',(#5714,#5715,#5716,#5722));
#5714 = ORIENTED_EDGE('',*,*,#5665,.T.);
#5715 = ORIENTED_EDGE('',*,*,#2232,.F.);
#5716 = ORIENTED_EDGE('',*,*,#5717,.T.);
#5717 = EDGE_CURVE('',#2233,#5644,#5718,.T.);
#5718 = LINE('',#5719,#5720);
#5719 = CARTESIAN_POINT('',(-29.,-10.,29.5));
#5720 = VECTOR('',#5721,1.);
#5721 = DIRECTION('',(0.,1.,0.));
#5722 = ORIENTED_EDGE('',*,*,#5651,.T.);
#5723 = PLANE('',#5724);
#5724 = AXIS2_PLACEMENT_3D('',#5725,#5726,#5727);
#5725 = CARTESIAN_POINT('',(-29.,-10.,29.5));
#5726 = DIRECTION('',(1.,0.,0.));
#5727 = DIRECTION('',(0.,0.,1.));
#5728 = ADVANCED_FACE('',(#5729),#5748,.F.);
#5729 = FACE_BOUND('',#5730,.F.);
#5730 = EDGE_LOOP('',(#5731,#5732,#5733,#5741,#5747));
#5731 = ORIENTED_EDGE('',*,*,#5717,.F.);
#5732 = ORIENTED_EDGE('',*,*,#2240,.T.);
#5733 = ORIENTED_EDGE('',*,*,#5734,.T.);
#5734 = EDGE_CURVE('',#2241,#5735,#5737,.T.);
#5735 = VERTEX_POINT('',#5736);
#5736 = CARTESIAN_POINT('',(-26.7,-10.,29.5));
#5737 = LINE('',#5738,#5739);
#5738 = CARTESIAN_POINT('',(-29.,-10.,29.5));
#5739 = VECTOR('',#5740,1.);
#5740 = DIRECTION('',(1.,0.,0.));
#5741 = ORIENTED_EDGE('',*,*,#5742,.T.);
#5742 = EDGE_CURVE('',#5735,#5636,#5743,.T.);
#5743 = LINE('',#5744,#5745);
#5744 = CARTESIAN_POINT('',(-26.7,-11.,29.5));
#5745 = VECTOR('',#5746,1.);
#5746 = DIRECTION('',(0.,1.,0.));
#5747 = ORIENTED_EDGE('',*,*,#5643,.F.);
#5748 = PLANE('',#5749);
#5749 = AXIS2_PLACEMENT_3D('',#5750,#5751,#5752);
#5750 = CARTESIAN_POINT('',(-29.,-10.,29.5));
#5751 = DIRECTION('',(0.,0.,1.));
#5752 = DIRECTION('',(1.,0.,0.));
#5753 = ADVANCED_FACE('',(#5754),#5789,.F.);
#5754 = FACE_BOUND('',#5755,.F.);
#5755 = EDGE_LOOP('',(#5756,#5764,#5765,#5766,#5767,#5775,#5783));
#5756 = ORIENTED_EDGE('',*,*,#5757,.T.);
#5757 = EDGE_CURVE('',#5758,#5735,#5760,.T.);
#5758 = VERTEX_POINT('',#5759);
#5759 = CARTESIAN_POINT('',(-26.7,-10.,30.921539030917));
#5760 = LINE('',#5761,#5762);
#5761 = CARTESIAN_POINT('',(-26.7,-10.,29.35));
#5762 = VECTOR('',#5763,1.);
#5763 = DIRECTION('',(0.,0.,-1.));
#5764 = ORIENTED_EDGE('',*,*,#5734,.F.);
#5765 = ORIENTED_EDGE('',*,*,#2249,.T.);
#5766 = ORIENTED_EDGE('',*,*,#3150,.T.);
#5767 = ORIENTED_EDGE('',*,*,#5768,.T.);
#5768 = EDGE_CURVE('',#3151,#5769,#5771,.T.);
#5769 = VERTEX_POINT('',#5770);
#5770 = CARTESIAN_POINT('',(-27.4,-10.,34.67431578065));
#5771 = LINE('',#5772,#5773);
#5772 = CARTESIAN_POINT('',(-29.12027222831,-10.,33.681116146555));
#5773 = VECTOR('',#5774,1.);
#5774 = DIRECTION('',(-0.866025403784,0.,-0.5));
#5775 = ORIENTED_EDGE('',*,*,#5776,.T.);
#5776 = EDGE_CURVE('',#5769,#5777,#5779,.T.);
#5777 = VERTEX_POINT('',#5778);
#5778 = CARTESIAN_POINT('',(-27.4,-10.,31.32568421935));
#5779 = LINE('',#5780,#5781);
#5780 = CARTESIAN_POINT('',(-27.4,-10.,30.412842109675));
#5781 = VECTOR('',#5782,1.);
#5782 = DIRECTION('',(-1.3E-16,0.,-1.));
#5783 = ORIENTED_EDGE('',*,*,#5784,.T.);
#5784 = EDGE_CURVE('',#5777,#5758,#5785,.T.);
#5785 = LINE('',#5786,#5787);
#5786 = CARTESIAN_POINT('',(-26.15472777168,-10.,30.60672596312));
#5787 = VECTOR('',#5788,1.);
#5788 = DIRECTION('',(0.866025403784,0.,-0.5));
#5789 = PLANE('',#5790);
#5790 = AXIS2_PLACEMENT_3D('',#5791,#5792,#5793);
#5791 = CARTESIAN_POINT('',(-29.,-10.,29.5));
#5792 = DIRECTION('',(0.,1.,0.));
#5793 = DIRECTION('',(0.,0.,1.));
#5794 = ADVANCED_FACE('',(#5795),#5801,.T.);
#5795 = FACE_BOUND('',#5796,.T.);
#5796 = EDGE_LOOP('',(#5797,#5798,#5799,#5800));
#5797 = ORIENTED_EDGE('',*,*,#2276,.F.);
#5798 = ORIENTED_EDGE('',*,*,#3285,.T.);
#5799 = ORIENTED_EDGE('',*,*,#2649,.F.);
#5800 = ORIENTED_EDGE('',*,*,#3320,.F.);
#5801 = PLANE('',#5802);
#5802 = AXIS2_PLACEMENT_3D('',#5803,#5804,#5805);
#5803 = CARTESIAN_POINT('',(-25.2,-12.41204493568,47.));
#5804 = DIRECTION('',(1.,0.,0.));
#5805 = DIRECTION('',(0.,0.,1.));
#5806 = ADVANCED_FACE('',(#5807),#5813,.T.);
#5807 = FACE_BOUND('',#5808,.T.);
#5808 = EDGE_LOOP('',(#5809,#5810,#5811,#5812));
#5809 = ORIENTED_EDGE('',*,*,#3378,.F.);
#5810 = ORIENTED_EDGE('',*,*,#2301,.F.);
#5811 = ORIENTED_EDGE('',*,*,#3343,.T.);
#5812 = ORIENTED_EDGE('',*,*,#2696,.F.);
#5813 = PLANE('',#5814);
#5814 = AXIS2_PLACEMENT_3D('',#5815,#5816,#5817);
#5815 = CARTESIAN_POINT('',(-25.2,-12.41204493568,102.));
#5816 = DIRECTION('',(1.,0.,0.));
#5817 = DIRECTION('',(0.,0.,1.));
#5818 = ADVANCED_FACE('',(#5819),#5830,.T.);
#5819 = FACE_BOUND('',#5820,.T.);
#5820 = EDGE_LOOP('',(#5821,#5822,#5828,#5829));
#5821 = ORIENTED_EDGE('',*,*,#3410,.T.);
#5822 = ORIENTED_EDGE('',*,*,#5823,.T.);
#5823 = EDGE_CURVE('',#3403,#3499,#5824,.T.);
#5824 = LINE('',#5825,#5826);
#5825 = CARTESIAN_POINT('',(-24.9,-7.8,111.32568421935));
#5826 = VECTOR('',#5827,1.);
#5827 = DIRECTION('',(-4.143408735634E-16,0.,1.));
#5828 = ORIENTED_EDGE('',*,*,#3498,.F.);
#5829 = ORIENTED_EDGE('',*,*,#2326,.F.);
#5830 = PLANE('',#5831);
#5831 = AXIS2_PLACEMENT_3D('',#5832,#5833,#5834);
#5832 = CARTESIAN_POINT('',(-24.9,-12.53249674196,113.));
#5833 = DIRECTION('',(1.,9.7E-16,0.));
#5834 = DIRECTION('',(-9.7E-16,1.,0.));
#5835 = ADVANCED_FACE('',(#5836),#5855,.F.);
#5836 = FACE_BOUND('',#5837,.F.);
#5837 = EDGE_LOOP('',(#5838,#5839,#5840,#5848,#5854));
#5838 = ORIENTED_EDGE('',*,*,#2417,.F.);
#5839 = ORIENTED_EDGE('',*,*,#2395,.T.);
#5840 = ORIENTED_EDGE('',*,*,#5841,.T.);
#5841 = EDGE_CURVE('',#2388,#5842,#5844,.T.);
#5842 = VERTEX_POINT('',#5843);
#5843 = CARTESIAN_POINT('',(-9.,-17.6,53.4));
#5844 = LINE('',#5845,#5846);
#5845 = CARTESIAN_POINT('',(-9.,-17.6,53.2));
#5846 = VECTOR('',#5847,1.);
#5847 = DIRECTION('',(0.,0.,-1.));
#5848 = ORIENTED_EDGE('',*,*,#5849,.T.);
#5849 = EDGE_CURVE('',#5842,#2362,#5850,.T.);
#5850 = LINE('',#5851,#5852);
#5851 = CARTESIAN_POINT('',(-10.95,-17.6,53.4));
#5852 = VECTOR('',#5853,1.);
#5853 = DIRECTION('',(1.,0.,0.));
#5854 = ORIENTED_EDGE('',*,*,#2361,.T.);
#5855 = PLANE('',#5856);
#5856 = AXIS2_PLACEMENT_3D('',#5857,#5858,#5859);
#5857 = CARTESIAN_POINT('',(-12.9,-17.6,53.));
#5858 = DIRECTION('',(0.,1.,0.));
#5859 = DIRECTION('',(0.,0.,1.));
#5860 = ADVANCED_FACE('',(#5861),#5902,.T.);
#5861 = FACE_BOUND('',#5862,.T.);
#5862 = EDGE_LOOP('',(#5863,#5871,#5872,#5873,#5881,#5887,#5888,#5896));
#5863 = ORIENTED_EDGE('',*,*,#5864,.F.);
#5864 = EDGE_CURVE('',#2379,#5865,#5867,.T.);
#5865 = VERTEX_POINT('',#5866);
#5866 = CARTESIAN_POINT('',(-9.,-17.8,54.8));
#5867 = LINE('',#5868,#5869);
#5868 = CARTESIAN_POINT('',(-9.,-17.8,53.4));
#5869 = VECTOR('',#5870,1.);
#5870 = DIRECTION('',(0.,0.,1.));
#5871 = ORIENTED_EDGE('',*,*,#2387,.T.);
#5872 = ORIENTED_EDGE('',*,*,#5841,.T.);
#5873 = ORIENTED_EDGE('',*,*,#5874,.T.);
#5874 = EDGE_CURVE('',#5842,#5875,#5877,.T.);
#5875 = VERTEX_POINT('',#5876);
#5876 = CARTESIAN_POINT('',(-9.,-14.8,53.4));
#5877 = LINE('',#5878,#5879);
#5878 = CARTESIAN_POINT('',(-9.,-17.8,53.4));
#5879 = VECTOR('',#5880,1.);
#5880 = DIRECTION('',(0.,1.,0.));
#5881 = ORIENTED_EDGE('',*,*,#5882,.F.);
#5882 = EDGE_CURVE('',#2434,#5875,#5883,.T.);
#5883 = LINE('',#5884,#5885);
#5884 = CARTESIAN_POINT('',(-9.,-14.8,53.2));
#5885 = VECTOR('',#5886,1.);
#5886 = DIRECTION('',(0.,0.,-1.));
#5887 = ORIENTED_EDGE('',*,*,#2442,.T.);
#5888 = ORIENTED_EDGE('',*,*,#5889,.T.);
#5889 = EDGE_CURVE('',#2443,#5890,#5892,.T.);
#5890 = VERTEX_POINT('',#5891);
#5891 = CARTESIAN_POINT('',(-9.,-14.6,54.8));
#5892 = LINE('',#5893,#5894);
#5893 = CARTESIAN_POINT('',(-9.,-14.6,53.4));
#5894 = VECTOR('',#5895,1.);
#5895 = DIRECTION('',(0.,0.,1.));
#5896 = ORIENTED_EDGE('',*,*,#5897,.F.);
#5897 = EDGE_CURVE('',#5865,#5890,#5898,.T.);
#5898 = LINE('',#5899,#5900);
#5899 = CARTESIAN_POINT('',(-9.,-17.8,54.8));
#5900 = VECTOR('',#5901,1.);
#5901 = DIRECTION('',(0.,1.,0.));
#5902 = PLANE('',#5903);
#5903 = AXIS2_PLACEMENT_3D('',#5904,#5905,#5906);
#5904 = CARTESIAN_POINT('',(-9.,-17.8,53.4));
#5905 = DIRECTION('',(1.,0.,0.));
#5906 = DIRECTION('',(0.,0.,1.));
#5907 = ADVANCED_FACE('',(#5908),#5934,.T.);
#5908 = FACE_BOUND('',#5909,.T.);
#5909 = EDGE_LOOP('',(#5910,#5918,#5919,#5920,#5928));
#5910 = ORIENTED_EDGE('',*,*,#5911,.F.);
#5911 = EDGE_CURVE('',#2371,#5912,#5914,.T.);
#5912 = VERTEX_POINT('',#5913);
#5913 = CARTESIAN_POINT('',(-6.,-17.8,53.4));
#5914 = LINE('',#5915,#5916);
#5915 = CARTESIAN_POINT('',(-9.,-17.8,53.4));
#5916 = VECTOR('',#5917,1.);
#5917 = DIRECTION('',(1.,0.,0.));
#5918 = ORIENTED_EDGE('',*,*,#2378,.F.);
#5919 = ORIENTED_EDGE('',*,*,#5864,.T.);
#5920 = ORIENTED_EDGE('',*,*,#5921,.T.);
#5921 = EDGE_CURVE('',#5865,#5922,#5924,.T.);
#5922 = VERTEX_POINT('',#5923);
#5923 = CARTESIAN_POINT('',(-6.,-17.8,54.8));
#5924 = LINE('',#5925,#5926);
#5925 = CARTESIAN_POINT('',(-9.,-17.8,54.8));
#5926 = VECTOR('',#5927,1.);
#5927 = DIRECTION('',(1.,0.,0.));
#5928 = ORIENTED_EDGE('',*,*,#5929,.F.);
#5929 = EDGE_CURVE('',#5912,#5922,#5930,.T.);
#5930 = LINE('',#5931,#5932);
#5931 = CARTESIAN_POINT('',(-6.,-17.8,53.4));
#5932 = VECTOR('',#5933,1.);
#5933 = DIRECTION('',(0.,0.,1.));
#5934 = PLANE('',#5935);
#5935 = AXIS2_PLACEMENT_3D('',#5936,#5937,#5938);
#5936 = CARTESIAN_POINT('',(-9.,-17.8,53.4));
#5937 = DIRECTION('',(0.,1.,0.));
#5938 = DIRECTION('',(0.,0.,1.));
#5939 = ADVANCED_FACE('',(#5940),#5967,.T.);
#5940 = FACE_BOUND('',#5941,.T.);
#5941 = EDGE_LOOP('',(#5942,#5943,#5944,#5945,#5946,#5954,#5960,#5961));
#5942 = ORIENTED_EDGE('',*,*,#5874,.F.);
#5943 = ORIENTED_EDGE('',*,*,#5849,.T.);
#5944 = ORIENTED_EDGE('',*,*,#2370,.F.);
#5945 = ORIENTED_EDGE('',*,*,#5911,.T.);
#5946 = ORIENTED_EDGE('',*,*,#5947,.T.);
#5947 = EDGE_CURVE('',#5912,#5948,#5950,.T.);
#5948 = VERTEX_POINT('',#5949);
#5949 = CARTESIAN_POINT('',(-6.,-14.6,53.4));
#5950 = LINE('',#5951,#5952);
#5951 = CARTESIAN_POINT('',(-6.,-17.8,53.4));
#5952 = VECTOR('',#5953,1.);
#5953 = DIRECTION('',(0.,1.,0.));
#5954 = ORIENTED_EDGE('',*,*,#5955,.F.);
#5955 = EDGE_CURVE('',#2451,#5948,#5956,.T.);
#5956 = LINE('',#5957,#5958);
#5957 = CARTESIAN_POINT('',(-9.,-14.6,53.4));
#5958 = VECTOR('',#5959,1.);
#5959 = DIRECTION('',(1.,0.,0.));
#5960 = ORIENTED_EDGE('',*,*,#2459,.F.);
#5961 = ORIENTED_EDGE('',*,*,#5962,.F.);
#5962 = EDGE_CURVE('',#5875,#2460,#5963,.T.);
#5963 = LINE('',#5964,#5965);
#5964 = CARTESIAN_POINT('',(-10.95,-14.8,53.4));
#5965 = VECTOR('',#5966,1.);
#5966 = DIRECTION('',(1.,0.,0.));
#5967 = PLANE('',#5968);
#5968 = AXIS2_PLACEMENT_3D('',#5969,#5970,#5971);
#5969 = CARTESIAN_POINT('',(-9.,-17.8,53.4));
#5970 = DIRECTION('',(0.,0.,1.));
#5971 = DIRECTION('',(1.,0.,0.));
#5972 = ADVANCED_FACE('',(#5973),#5980,.T.);
#5973 = FACE_BOUND('',#5974,.T.);
#5974 = EDGE_LOOP('',(#5975,#5976,#5977,#5978,#5979));
#5975 = ORIENTED_EDGE('',*,*,#2410,.F.);
#5976 = ORIENTED_EDGE('',*,*,#2433,.T.);
#5977 = ORIENTED_EDGE('',*,*,#5882,.T.);
#5978 = ORIENTED_EDGE('',*,*,#5962,.T.);
#5979 = ORIENTED_EDGE('',*,*,#2467,.T.);
#5980 = PLANE('',#5981);
#5981 = AXIS2_PLACEMENT_3D('',#5982,#5983,#5984);
#5982 = CARTESIAN_POINT('',(-12.9,-14.8,53.));
#5983 = DIRECTION('',(0.,1.,0.));
#5984 = DIRECTION('',(0.,0.,1.));
#5985 = ADVANCED_FACE('',(#5986),#6005,.F.);
#5986 = FACE_BOUND('',#5987,.F.);
#5987 = EDGE_LOOP('',(#5988,#5989,#5990,#5991,#5999));
#5988 = ORIENTED_EDGE('',*,*,#5955,.F.);
#5989 = ORIENTED_EDGE('',*,*,#2450,.F.);
#5990 = ORIENTED_EDGE('',*,*,#5889,.T.);
#5991 = ORIENTED_EDGE('',*,*,#5992,.T.);
#5992 = EDGE_CURVE('',#5890,#5993,#5995,.T.);
#5993 = VERTEX_POINT('',#5994);
#5994 = CARTESIAN_POINT('',(-6.,-14.6,54.8));
#5995 = LINE('',#5996,#5997);
#5996 = CARTESIAN_POINT('',(-9.,-14.6,54.8));
#5997 = VECTOR('',#5998,1.);
#5998 = DIRECTION('',(1.,0.,0.));
#5999 = ORIENTED_EDGE('',*,*,#6000,.F.);
#6000 = EDGE_CURVE('',#5948,#5993,#6001,.T.);
#6001 = LINE('',#6002,#6003);
#6002 = CARTESIAN_POINT('',(-6.,-14.6,53.4));
#6003 = VECTOR('',#6004,1.);
#6004 = DIRECTION('',(0.,0.,1.));
#6005 = PLANE('',#6006);
#6006 = AXIS2_PLACEMENT_3D('',#6007,#6008,#6009);
#6007 = CARTESIAN_POINT('',(-9.,-14.6,53.4));
#6008 = DIRECTION('',(0.,1.,0.));
#6009 = DIRECTION('',(0.,0.,1.));
#6010 = ADVANCED_FACE('',(#6011),#6027,.T.);
#6011 = FACE_BOUND('',#6012,.T.);
#6012 = EDGE_LOOP('',(#6013,#6014,#6020,#6021));
#6013 = ORIENTED_EDGE('',*,*,#5517,.F.);
#6014 = ORIENTED_EDGE('',*,*,#6015,.F.);
#6015 = EDGE_CURVE('',#2500,#5510,#6016,.T.);
#6016 = LINE('',#6017,#6018);
#6017 = CARTESIAN_POINT('',(-28.,-9.,38.));
#6018 = VECTOR('',#6019,1.);
#6019 = DIRECTION('',(0.,1.,0.));
#6020 = ORIENTED_EDGE('',*,*,#2499,.T.);
#6021 = ORIENTED_EDGE('',*,*,#6022,.T.);
#6022 = EDGE_CURVE('',#2502,#5518,#6023,.T.);
#6023 = LINE('',#6024,#6025);
#6024 = CARTESIAN_POINT('',(28.,-9.,38.));
#6025 = VECTOR('',#6026,1.);
#6026 = DIRECTION('',(0.,1.,0.));
#6027 = PLANE('',#6028);
#6028 = AXIS2_PLACEMENT_3D('',#6029,#6030,#6031);
#6029 = CARTESIAN_POINT('',(-30.,-12.,38.));
#6030 = DIRECTION('',(0.,0.,1.));
#6031 = DIRECTION('',(1.,0.,0.));
#6032 = ADVANCED_FACE('',(#6033),#6044,.F.);
#6033 = FACE_BOUND('',#6034,.F.);
#6034 = EDGE_LOOP('',(#6035,#6036,#6037,#6038));
#6035 = ORIENTED_EDGE('',*,*,#2631,.F.);
#6036 = ORIENTED_EDGE('',*,*,#6022,.T.);
#6037 = ORIENTED_EDGE('',*,*,#5525,.T.);
#6038 = ORIENTED_EDGE('',*,*,#6039,.F.);
#6039 = EDGE_CURVE('',#2624,#5526,#6040,.T.);
#6040 = LINE('',#6041,#6042);
#6041 = CARTESIAN_POINT('',(28.,-9.,110.));
#6042 = VECTOR('',#6043,1.);
#6043 = DIRECTION('',(0.,1.,0.));
#6044 = PLANE('',#6045);
#6045 = AXIS2_PLACEMENT_3D('',#6046,#6047,#6048);
#6046 = CARTESIAN_POINT('',(28.,-9.,38.));
#6047 = DIRECTION('',(1.,0.,0.));
#6048 = DIRECTION('',(0.,0.,1.));
#6049 = ADVANCED_FACE('',(#6050),#6082,.T.);
#6050 = FACE_BOUND('',#6051,.T.);
#6051 = EDGE_LOOP('',(#6052,#6053,#6061,#6069,#6075,#6076));
#6052 = ORIENTED_EDGE('',*,*,#4643,.F.);
#6053 = ORIENTED_EDGE('',*,*,#6054,.F.);
#6054 = EDGE_CURVE('',#6055,#4635,#6057,.T.);
#6055 = VERTEX_POINT('',#6056);
#6056 = CARTESIAN_POINT('',(28.,-9.,38.));
#6057 = LINE('',#6058,#6059);
#6058 = CARTESIAN_POINT('',(28.,-12.,38.));
#6059 = VECTOR('',#6060,1.);
#6060 = DIRECTION('',(0.,-1.,0.));
#6061 = ORIENTED_EDGE('',*,*,#6062,.T.);
#6062 = EDGE_CURVE('',#6055,#6063,#6065,.T.);
#6063 = VERTEX_POINT('',#6064);
#6064 = CARTESIAN_POINT('',(28.,-9.,110.));
#6065 = LINE('',#6066,#6067);
#6066 = CARTESIAN_POINT('',(28.,-9.,38.));
#6067 = VECTOR('',#6068,1.);
#6068 = DIRECTION('',(0.,0.,1.));
#6069 = ORIENTED_EDGE('',*,*,#6070,.T.);
#6070 = EDGE_CURVE('',#6063,#2624,#6071,.T.);
#6071 = LINE('',#6072,#6073);
#6072 = CARTESIAN_POINT('',(28.,-9.,110.));
#6073 = VECTOR('',#6074,1.);
#6074 = DIRECTION('',(0.,1.,0.));
#6075 = ORIENTED_EDGE('',*,*,#2623,.T.);
#6076 = ORIENTED_EDGE('',*,*,#6077,.F.);
#6077 = EDGE_CURVE('',#4644,#2616,#6078,.T.);
#6078 = LINE('',#6079,#6080);
#6079 = CARTESIAN_POINT('',(28.,-12.,111.));
#6080 = VECTOR('',#6081,1.);
#6081 = DIRECTION('',(0.,1.,0.));
#6082 = PLANE('',#6083);
#6083 = AXIS2_PLACEMENT_3D('',#6084,#6085,#6086);
#6084 = CARTESIAN_POINT('',(28.,-12.,35.));
#6085 = DIRECTION('',(1.,0.,0.));
#6086 = DIRECTION('',(0.,0.,1.));
#6087 = ADVANCED_FACE('',(#6088),#6107,.T.);
#6088 = FACE_BOUND('',#6089,.T.);
#6089 = EDGE_LOOP('',(#6090,#6091,#6099,#6105,#6106));
#6090 = ORIENTED_EDGE('',*,*,#2615,.F.);
#6091 = ORIENTED_EDGE('',*,*,#6092,.F.);
#6092 = EDGE_CURVE('',#6093,#2608,#6095,.T.);
#6093 = VERTEX_POINT('',#6094);
#6094 = CARTESIAN_POINT('',(26.5,-12.,111.));
#6095 = LINE('',#6096,#6097);
#6096 = CARTESIAN_POINT('',(26.5,-12.,111.));
#6097 = VECTOR('',#6098,1.);
#6098 = DIRECTION('',(0.,1.,0.));
#6099 = ORIENTED_EDGE('',*,*,#6100,.T.);
#6100 = EDGE_CURVE('',#6093,#4652,#6101,.T.);
#6101 = LINE('',#6102,#6103);
#6102 = CARTESIAN_POINT('',(-28.,-12.,111.));
#6103 = VECTOR('',#6104,1.);
#6104 = DIRECTION('',(1.,0.,0.));
#6105 = ORIENTED_EDGE('',*,*,#4651,.T.);
#6106 = ORIENTED_EDGE('',*,*,#6077,.T.);
#6107 = PLANE('',#6108);
#6108 = AXIS2_PLACEMENT_3D('',#6109,#6110,#6111);
#6109 = CARTESIAN_POINT('',(-28.,-12.,111.));
#6110 = DIRECTION('',(0.,0.,1.));
#6111 = DIRECTION('',(1.,0.,0.));
#6112 = ADVANCED_FACE('',(#6113),#6138,.T.);
#6113 = FACE_BOUND('',#6114,.T.);
#6114 = EDGE_LOOP('',(#6115,#6121,#6122,#6123,#6131,#6137));
#6115 = ORIENTED_EDGE('',*,*,#6116,.F.);
#6116 = EDGE_CURVE('',#6093,#4459,#6117,.T.);
#6117 = LINE('',#6118,#6119);
#6118 = CARTESIAN_POINT('',(26.5,-12.,109.5));
#6119 = VECTOR('',#6120,1.);
#6120 = DIRECTION('',(0.,0.,1.));
#6121 = ORIENTED_EDGE('',*,*,#6092,.T.);
#6122 = ORIENTED_EDGE('',*,*,#2607,.T.);
#6123 = ORIENTED_EDGE('',*,*,#6124,.T.);
#6124 = EDGE_CURVE('',#2600,#6125,#6127,.T.);
#6125 = VERTEX_POINT('',#6126);
#6126 = CARTESIAN_POINT('',(26.5,5.,109.5));
#6127 = LINE('',#6128,#6129);
#6128 = CARTESIAN_POINT('',(26.5,-12.,109.5));
#6129 = VECTOR('',#6130,1.);
#6130 = DIRECTION('',(0.,1.,0.));
#6131 = ORIENTED_EDGE('',*,*,#6132,.T.);
#6132 = EDGE_CURVE('',#6125,#4469,#6133,.T.);
#6133 = LINE('',#6134,#6135);
#6134 = CARTESIAN_POINT('',(26.5,5.,109.5));
#6135 = VECTOR('',#6136,1.);
#6136 = DIRECTION('',(0.,0.,1.));
#6137 = ORIENTED_EDGE('',*,*,#4468,.F.);
#6138 = PLANE('',#6139);
#6139 = AXIS2_PLACEMENT_3D('',#6140,#6141,#6142);
#6140 = CARTESIAN_POINT('',(26.5,-12.,109.5));
#6141 = DIRECTION('',(1.,0.,0.));
#6142 = DIRECTION('',(0.,0.,1.));
#6143 = ADVANCED_FACE('',(#6144),#6162,.F.);
#6144 = FACE_BOUND('',#6145,.F.);
#6145 = EDGE_LOOP('',(#6146,#6154,#6155,#6156));
#6146 = ORIENTED_EDGE('',*,*,#6147,.F.);
#6147 = EDGE_CURVE('',#2592,#6148,#6150,.T.);
#6148 = VERTEX_POINT('',#6149);
#6149 = CARTESIAN_POINT('',(17.5,5.,109.5));
#6150 = LINE('',#6151,#6152);
#6151 = CARTESIAN_POINT('',(17.5,-12.,109.5));
#6152 = VECTOR('',#6153,1.);
#6153 = DIRECTION('',(0.,1.,0.));
#6154 = ORIENTED_EDGE('',*,*,#2599,.T.);
#6155 = ORIENTED_EDGE('',*,*,#6124,.T.);
#6156 = ORIENTED_EDGE('',*,*,#6157,.F.);
#6157 = EDGE_CURVE('',#6148,#6125,#6158,.T.);
#6158 = LINE('',#6159,#6160);
#6159 = CARTESIAN_POINT('',(17.5,5.,109.5));
#6160 = VECTOR('',#6161,1.);
#6161 = DIRECTION('',(1.,0.,0.));
#6162 = PLANE('',#6163);
#6163 = AXIS2_PLACEMENT_3D('',#6164,#6165,#6166);
#6164 = CARTESIAN_POINT('',(17.5,-12.,109.5));
#6165 = DIRECTION('',(0.,0.,1.));
#6166 = DIRECTION('',(1.,0.,0.));
#6167 = ADVANCED_FACE('',(#6168),#6193,.F.);
#6168 = FACE_BOUND('',#6169,.F.);
#6169 = EDGE_LOOP('',(#6170,#6178,#6184,#6185,#6186,#6192));
#6170 = ORIENTED_EDGE('',*,*,#6171,.F.);
#6171 = EDGE_CURVE('',#6172,#4413,#6174,.T.);
#6172 = VERTEX_POINT('',#6173);
#6173 = CARTESIAN_POINT('',(17.5,-11.8,111.));
#6174 = LINE('',#6175,#6176);
#6175 = CARTESIAN_POINT('',(17.5,-11.8,108.));
#6176 = VECTOR('',#6177,1.);
#6177 = DIRECTION('',(0.,0.,1.));
#6178 = ORIENTED_EDGE('',*,*,#6179,.T.);
#6179 = EDGE_CURVE('',#6172,#2584,#6180,.T.);
#6180 = LINE('',#6181,#6182);
#6181 = CARTESIAN_POINT('',(17.5,-12.,111.));
#6182 = VECTOR('',#6183,1.);
#6183 = DIRECTION('',(0.,1.,0.));
#6184 = ORIENTED_EDGE('',*,*,#2591,.T.);
#6185 = ORIENTED_EDGE('',*,*,#6147,.T.);
#6186 = ORIENTED_EDGE('',*,*,#6187,.T.);
#6187 = EDGE_CURVE('',#6148,#4477,#6188,.T.);
#6188 = LINE('',#6189,#6190);
#6189 = CARTESIAN_POINT('',(17.5,5.,109.5));
#6190 = VECTOR('',#6191,1.);
#6191 = DIRECTION('',(0.,0.,1.));
#6192 = ORIENTED_EDGE('',*,*,#4484,.F.);
#6193 = PLANE('',#6194);
#6194 = AXIS2_PLACEMENT_3D('',#6195,#6196,#6197);
#6195 = CARTESIAN_POINT('',(17.5,-12.,109.5));
#6196 = DIRECTION('',(1.,0.,0.));
#6197 = DIRECTION('',(0.,0.,1.));
#6198 = ADVANCED_FACE('',(#6199),#6210,.T.);
#6199 = FACE_BOUND('',#6200,.T.);
#6200 = EDGE_LOOP('',(#6201,#6202,#6203,#6209));
#6201 = ORIENTED_EDGE('',*,*,#2583,.F.);
#6202 = ORIENTED_EDGE('',*,*,#4055,.T.);
#6203 = ORIENTED_EDGE('',*,*,#6204,.F.);
#6204 = EDGE_CURVE('',#6172,#4056,#6205,.T.);
#6205 = LINE('',#6206,#6207);
#6206 = CARTESIAN_POINT('',(-22.75,-11.8,111.));
#6207 = VECTOR('',#6208,1.);
#6208 = DIRECTION('',(-1.,0.,0.));
#6209 = ORIENTED_EDGE('',*,*,#6179,.T.);
#6210 = PLANE('',#6211);
#6211 = AXIS2_PLACEMENT_3D('',#6212,#6213,#6214);
#6212 = CARTESIAN_POINT('',(-28.,-12.,111.));
#6213 = DIRECTION('',(0.,0.,1.));
#6214 = DIRECTION('',(1.,0.,0.));
#6215 = ADVANCED_FACE('',(#6216),#6234,.T.);
#6216 = FACE_BOUND('',#6217,.T.);
#6217 = EDGE_LOOP('',(#6218,#6219,#6227,#6233));
#6218 = ORIENTED_EDGE('',*,*,#2557,.F.);
#6219 = ORIENTED_EDGE('',*,*,#6220,.F.);
#6220 = EDGE_CURVE('',#6221,#2550,#6223,.T.);
#6221 = VERTEX_POINT('',#6222);
#6222 = CARTESIAN_POINT('',(-17.5,-11.8,111.));
#6223 = LINE('',#6224,#6225);
#6224 = CARTESIAN_POINT('',(-17.5,-12.,111.));
#6225 = VECTOR('',#6226,1.);
#6226 = DIRECTION('',(0.,1.,0.));
#6227 = ORIENTED_EDGE('',*,*,#6228,.F.);
#6228 = EDGE_CURVE('',#4064,#6221,#6229,.T.);
#6229 = LINE('',#6230,#6231);
#6230 = CARTESIAN_POINT('',(-22.75,-11.8,111.));
#6231 = VECTOR('',#6232,1.);
#6232 = DIRECTION('',(-1.,0.,0.));
#6233 = ORIENTED_EDGE('',*,*,#4072,.F.);
#6234 = PLANE('',#6235);
#6235 = AXIS2_PLACEMENT_3D('',#6236,#6237,#6238);
#6236 = CARTESIAN_POINT('',(-28.,-12.,111.));
#6237 = DIRECTION('',(0.,0.,1.));
#6238 = DIRECTION('',(1.,0.,0.));
#6239 = ADVANCED_FACE('',(#6240),#6265,.T.);
#6240 = FACE_BOUND('',#6241,.T.);
#6241 = EDGE_LOOP('',(#6242,#6248,#6249,#6250,#6258,#6264));
#6242 = ORIENTED_EDGE('',*,*,#6243,.F.);
#6243 = EDGE_CURVE('',#6221,#3617,#6244,.T.);
#6244 = LINE('',#6245,#6246);
#6245 = CARTESIAN_POINT('',(-17.5,-11.8,108.));
#6246 = VECTOR('',#6247,1.);
#6247 = DIRECTION('',(0.,0.,1.));
#6248 = ORIENTED_EDGE('',*,*,#6220,.T.);
#6249 = ORIENTED_EDGE('',*,*,#2549,.T.);
#6250 = ORIENTED_EDGE('',*,*,#6251,.T.);
#6251 = EDGE_CURVE('',#2542,#6252,#6254,.T.);
#6252 = VERTEX_POINT('',#6253);
#6253 = CARTESIAN_POINT('',(-17.5,5.,109.5));
#6254 = LINE('',#6255,#6256);
#6255 = CARTESIAN_POINT('',(-17.5,-12.,109.5));
#6256 = VECTOR('',#6257,1.);
#6257 = DIRECTION('',(0.,1.,0.));
#6258 = ORIENTED_EDGE('',*,*,#6259,.T.);
#6259 = EDGE_CURVE('',#6252,#3625,#6260,.T.);
#6260 = LINE('',#6261,#6262);
#6261 = CARTESIAN_POINT('',(-17.5,5.,109.5));
#6262 = VECTOR('',#6263,1.);
#6263 = DIRECTION('',(0.,0.,1.));
#6264 = ORIENTED_EDGE('',*,*,#3624,.F.);
#6265 = PLANE('',#6266);
#6266 = AXIS2_PLACEMENT_3D('',#6267,#6268,#6269);
#6267 = CARTESIAN_POINT('',(-17.5,-12.,109.5));
#6268 = DIRECTION('',(1.,0.,0.));
#6269 = DIRECTION('',(0.,0.,1.));
#6270 = ADVANCED_FACE('',(#6271),#6289,.F.);
#6271 = FACE_BOUND('',#6272,.F.);
#6272 = EDGE_LOOP('',(#6273,#6281,#6282,#6283));
#6273 = ORIENTED_EDGE('',*,*,#6274,.F.);
#6274 = EDGE_CURVE('',#2534,#6275,#6277,.T.);
#6275 = VERTEX_POINT('',#6276);
#6276 = CARTESIAN_POINT('',(-26.5,5.,109.5));
#6277 = LINE('',#6278,#6279);
#6278 = CARTESIAN_POINT('',(-26.5,-12.,109.5));
#6279 = VECTOR('',#6280,1.);
#6280 = DIRECTION('',(0.,1.,0.));
#6281 = ORIENTED_EDGE('',*,*,#2541,.T.);
#6282 = ORIENTED_EDGE('',*,*,#6251,.T.);
#6283 = ORIENTED_EDGE('',*,*,#6284,.F.);
#6284 = EDGE_CURVE('',#6275,#6252,#6285,.T.);
#6285 = LINE('',#6286,#6287);
#6286 = CARTESIAN_POINT('',(-26.5,5.,109.5));
#6287 = VECTOR('',#6288,1.);
#6288 = DIRECTION('',(1.,0.,0.));
#6289 = PLANE('',#6290);
#6290 = AXIS2_PLACEMENT_3D('',#6291,#6292,#6293);
#6291 = CARTESIAN_POINT('',(-26.5,-12.,109.5));
#6292 = DIRECTION('',(0.,0.,1.));
#6293 = DIRECTION('',(1.,0.,0.));
#6294 = ADVANCED_FACE('',(#6295),#6308,.F.);
#6295 = FACE_BOUND('',#6296,.F.);
#6296 = EDGE_LOOP('',(#6297,#6298,#6299,#6300,#6301,#6307));
#6297 = ORIENTED_EDGE('',*,*,#5371,.F.);
#6298 = ORIENTED_EDGE('',*,*,#5393,.T.);
#6299 = ORIENTED_EDGE('',*,*,#2533,.T.);
#6300 = ORIENTED_EDGE('',*,*,#6274,.T.);
#6301 = ORIENTED_EDGE('',*,*,#6302,.T.);
#6302 = EDGE_CURVE('',#6275,#3559,#6303,.T.);
#6303 = LINE('',#6304,#6305);
#6304 = CARTESIAN_POINT('',(-26.5,5.,109.5));
#6305 = VECTOR('',#6306,1.);
#6306 = DIRECTION('',(0.,0.,1.));
#6307 = ORIENTED_EDGE('',*,*,#3566,.F.);
#6308 = PLANE('',#6309);
#6309 = AXIS2_PLACEMENT_3D('',#6310,#6311,#6312);
#6310 = CARTESIAN_POINT('',(-26.5,-12.,109.5));
#6311 = DIRECTION('',(1.,0.,0.));
#6312 = DIRECTION('',(0.,0.,1.));
#6313 = ADVANCED_FACE('',(#6314),#6320,.T.);
#6314 = FACE_BOUND('',#6315,.T.);
#6315 = EDGE_LOOP('',(#6316,#6317,#6318,#6319));
#6316 = ORIENTED_EDGE('',*,*,#2509,.F.);
#6317 = ORIENTED_EDGE('',*,*,#6015,.T.);
#6318 = ORIENTED_EDGE('',*,*,#5509,.T.);
#6319 = ORIENTED_EDGE('',*,*,#5485,.F.);
#6320 = PLANE('',#6321);
#6321 = AXIS2_PLACEMENT_3D('',#6322,#6323,#6324);
#6322 = CARTESIAN_POINT('',(-28.,-9.,38.));
#6323 = DIRECTION('',(1.,0.,0.));
#6324 = DIRECTION('',(0.,0.,1.));
#6325 = ADVANCED_FACE('',(#6326),#6372,.F.);
#6326 = FACE_BOUND('',#6327,.F.);
#6327 = EDGE_LOOP('',(#6328,#6329,#6338,#6346,#6355,#6363,#6370,#6371));
#6328 = ORIENTED_EDGE('',*,*,#5149,.F.);
#6329 = ORIENTED_EDGE('',*,*,#6330,.T.);
#6330 = EDGE_CURVE('',#5150,#6331,#6333,.T.);
#6331 = VERTEX_POINT('',#6332);
#6332 = CARTESIAN_POINT('',(-8.81678404338,-14.8,86.8));
#6333 = CIRCLE('',#6334,1.2);
#6334 = AXIS2_PLACEMENT_3D('',#6335,#6336,#6337);
#6335 = CARTESIAN_POINT('',(-10.,-14.8,87.));
#6336 = DIRECTION('',(0.,1.,0.));
#6337 = DIRECTION('',(0.,0.,1.));
#6338 = ORIENTED_EDGE('',*,*,#6339,.T.);
#6339 = EDGE_CURVE('',#6331,#6340,#6342,.T.);
#6340 = VERTEX_POINT('',#6341);
#6341 = CARTESIAN_POINT('',(-8.81678404338,-14.6,86.8));
#6342 = LINE('',#6343,#6344);
#6343 = CARTESIAN_POINT('',(-8.81678404338,-19.,86.8));
#6344 = VECTOR('',#6345,1.);
#6345 = DIRECTION('',(0.,1.,0.));
#6346 = ORIENTED_EDGE('',*,*,#6347,.T.);
#6347 = EDGE_CURVE('',#6340,#6348,#6350,.T.);
#6348 = VERTEX_POINT('',#6349);
#6349 = CARTESIAN_POINT('',(-9.,-14.6,86.33667504193));
#6350 = CIRCLE('',#6351,1.2);
#6351 = AXIS2_PLACEMENT_3D('',#6352,#6353,#6354);
#6352 = CARTESIAN_POINT('',(-10.,-14.6,87.));
#6353 = DIRECTION('',(0.,1.,0.));
#6354 = DIRECTION('',(0.,0.,1.));
#6355 = ORIENTED_EDGE('',*,*,#6356,.F.);
#6356 = EDGE_CURVE('',#6357,#6348,#6359,.T.);
#6357 = VERTEX_POINT('',#6358);
#6358 = CARTESIAN_POINT('',(-9.,-14.8,86.336675041929));
#6359 = LINE('',#6360,#6361);
#6360 = CARTESIAN_POINT('',(-9.,-19.,86.336675041929));
#6361 = VECTOR('',#6362,1.);
#6362 = DIRECTION('',(0.,1.,0.));
#6363 = ORIENTED_EDGE('',*,*,#6364,.T.);
#6364 = EDGE_CURVE('',#6357,#5064,#6365,.T.);
#6365 = CIRCLE('',#6366,1.2);
#6366 = AXIS2_PLACEMENT_3D('',#6367,#6368,#6369);
#6367 = CARTESIAN_POINT('',(-10.,-14.8,87.));
#6368 = DIRECTION('',(0.,1.,0.));
#6369 = DIRECTION('',(0.,0.,1.));
#6370 = ORIENTED_EDGE('',*,*,#5071,.T.);
#6371 = ORIENTED_EDGE('',*,*,#2739,.F.);
#6372 = CYLINDRICAL_SURFACE('',#6373,1.2);
#6373 = AXIS2_PLACEMENT_3D('',#6374,#6375,#6376);
#6374 = CARTESIAN_POINT('',(-10.,-19.,87.));
#6375 = DIRECTION('',(0.,1.,0.));
#6376 = DIRECTION('',(0.,0.,1.));
#6377 = ADVANCED_FACE('',(#6378),#6384,.T.);
#6378 = FACE_BOUND('',#6379,.T.);
#6379 = EDGE_LOOP('',(#6380,#6381,#6382,#6383));
#6380 = ORIENTED_EDGE('',*,*,#4947,.T.);
#6381 = ORIENTED_EDGE('',*,*,#2818,.T.);
#6382 = ORIENTED_EDGE('',*,*,#4978,.F.);
#6383 = ORIENTED_EDGE('',*,*,#4727,.T.);
#6384 = PLANE('',#6385);
#6385 = AXIS2_PLACEMENT_3D('',#6386,#6387,#6388);
#6386 = CARTESIAN_POINT('',(25.2,-12.41204493568,47.));
#6387 = DIRECTION('',(-1.,2.3E-16,0.));
#6388 = DIRECTION('',(-2.3E-16,-1.,0.));
#6389 = ADVANCED_FACE('',(#6390),#6436,.F.);
#6390 = FACE_BOUND('',#6391,.F.);
#6391 = EDGE_LOOP('',(#6392,#6393,#6402,#6410,#6419,#6427,#6434,#6435));
#6392 = ORIENTED_EDGE('',*,*,#5323,.F.);
#6393 = ORIENTED_EDGE('',*,*,#6394,.T.);
#6394 = EDGE_CURVE('',#5324,#6395,#6397,.T.);
#6395 = VERTEX_POINT('',#6396);
#6396 = CARTESIAN_POINT('',(9.,-14.8,86.336675041929));
#6397 = CIRCLE('',#6398,1.2);
#6398 = AXIS2_PLACEMENT_3D('',#6399,#6400,#6401);
#6399 = CARTESIAN_POINT('',(10.,-14.8,87.));
#6400 = DIRECTION('',(0.,1.,0.));
#6401 = DIRECTION('',(0.,0.,1.));
#6402 = ORIENTED_EDGE('',*,*,#6403,.T.);
#6403 = EDGE_CURVE('',#6395,#6404,#6406,.T.);
#6404 = VERTEX_POINT('',#6405);
#6405 = CARTESIAN_POINT('',(9.,-14.6,86.33667504193));
#6406 = LINE('',#6407,#6408);
#6407 = CARTESIAN_POINT('',(9.,-19.,86.336675041929));
#6408 = VECTOR('',#6409,1.);
#6409 = DIRECTION('',(0.,1.,0.));
#6410 = ORIENTED_EDGE('',*,*,#6411,.T.);
#6411 = EDGE_CURVE('',#6404,#6412,#6414,.T.);
#6412 = VERTEX_POINT('',#6413);
#6413 = CARTESIAN_POINT('',(8.81678404338,-14.6,86.8));
#6414 = CIRCLE('',#6415,1.2);
#6415 = AXIS2_PLACEMENT_3D('',#6416,#6417,#6418);
#6416 = CARTESIAN_POINT('',(10.,-14.6,87.));
#6417 = DIRECTION('',(0.,1.,0.));
#6418 = DIRECTION('',(0.,0.,1.));
#6419 = ORIENTED_EDGE('',*,*,#6420,.F.);
#6420 = EDGE_CURVE('',#6421,#6412,#6423,.T.);
#6421 = VERTEX_POINT('',#6422);
#6422 = CARTESIAN_POINT('',(8.81678404338,-14.8,86.8));
#6423 = LINE('',#6424,#6425);
#6424 = CARTESIAN_POINT('',(8.81678404338,-19.,86.8));
#6425 = VECTOR('',#6426,1.);
#6426 = DIRECTION('',(0.,1.,0.));
#6427 = ORIENTED_EDGE('',*,*,#6428,.T.);
#6428 = EDGE_CURVE('',#6421,#5238,#6429,.T.);
#6429 = CIRCLE('',#6430,1.2);
#6430 = AXIS2_PLACEMENT_3D('',#6431,#6432,#6433);
#6431 = CARTESIAN_POINT('',(10.,-14.8,87.));
#6432 = DIRECTION('',(0.,1.,0.));
#6433 = DIRECTION('',(0.,0.,1.));
#6434 = ORIENTED_EDGE('',*,*,#5245,.T.);
#6435 = ORIENTED_EDGE('',*,*,#2845,.F.);
#6436 = CYLINDRICAL_SURFACE('',#6437,1.2);
#6437 = AXIS2_PLACEMENT_3D('',#6438,#6439,#6440);
#6438 = CARTESIAN_POINT('',(10.,-19.,87.));
#6439 = DIRECTION('',(0.,1.,0.));
#6440 = DIRECTION('',(0.,0.,1.));
#6441 = ADVANCED_FACE('',(#6442),#6448,.T.);
#6442 = FACE_BOUND('',#6443,.T.);
#6443 = EDGE_LOOP('',(#6444,#6445,#6446,#6447));
#6444 = ORIENTED_EDGE('',*,*,#4889,.T.);
#6445 = ORIENTED_EDGE('',*,*,#2897,.T.);
#6446 = ORIENTED_EDGE('',*,*,#4920,.F.);
#6447 = ORIENTED_EDGE('',*,*,#4702,.T.);
#6448 = PLANE('',#6449);
#6449 = AXIS2_PLACEMENT_3D('',#6450,#6451,#6452);
#6450 = CARTESIAN_POINT('',(25.2,-12.41204493568,102.));
#6451 = DIRECTION('',(-1.,2.3E-16,0.));
#6452 = DIRECTION('',(-2.3E-16,-1.,0.));
#6453 = ADVANCED_FACE('',(#6454),#6473,.F.);
#6454 = FACE_BOUND('',#6455,.F.);
#6455 = EDGE_LOOP('',(#6456,#6457,#6458,#6466,#6472));
#6456 = ORIENTED_EDGE('',*,*,#3001,.F.);
#6457 = ORIENTED_EDGE('',*,*,#2979,.T.);
#6458 = ORIENTED_EDGE('',*,*,#6459,.T.);
#6459 = EDGE_CURVE('',#2972,#6460,#6462,.T.);
#6460 = VERTEX_POINT('',#6461);
#6461 = CARTESIAN_POINT('',(9.,-17.6,53.4));
#6462 = LINE('',#6463,#6464);
#6463 = CARTESIAN_POINT('',(-3.45,-17.6,53.4));
#6464 = VECTOR('',#6465,1.);
#6465 = DIRECTION('',(1.,0.,0.));
#6466 = ORIENTED_EDGE('',*,*,#6467,.F.);
#6467 = EDGE_CURVE('',#2946,#6460,#6468,.T.);
#6468 = LINE('',#6469,#6470);
#6469 = CARTESIAN_POINT('',(9.,-17.6,53.2));
#6470 = VECTOR('',#6471,1.);
#6471 = DIRECTION('',(0.,0.,-1.));
#6472 = ORIENTED_EDGE('',*,*,#2945,.T.);
#6473 = PLANE('',#6474);
#6474 = AXIS2_PLACEMENT_3D('',#6475,#6476,#6477);
#6475 = CARTESIAN_POINT('',(-12.9,-17.6,53.));
#6476 = DIRECTION('',(0.,1.,0.));
#6477 = DIRECTION('',(0.,0.,1.));
#6478 = ADVANCED_FACE('',(#6479),#6520,.T.);
#6479 = FACE_BOUND('',#6480,.T.);
#6480 = EDGE_LOOP('',(#6481,#6489,#6497,#6503,#6504,#6505,#6513,#6519));
#6481 = ORIENTED_EDGE('',*,*,#6482,.F.);
#6482 = EDGE_CURVE('',#6483,#3027,#6485,.T.);
#6483 = VERTEX_POINT('',#6484);
#6484 = CARTESIAN_POINT('',(6.,-14.6,53.4));
#6485 = LINE('',#6486,#6487);
#6486 = CARTESIAN_POINT('',(6.,-14.6,53.4));
#6487 = VECTOR('',#6488,1.);
#6488 = DIRECTION('',(1.,0.,0.));
#6489 = ORIENTED_EDGE('',*,*,#6490,.F.);
#6490 = EDGE_CURVE('',#6491,#6483,#6493,.T.);
#6491 = VERTEX_POINT('',#6492);
#6492 = CARTESIAN_POINT('',(6.,-17.8,53.4));
#6493 = LINE('',#6494,#6495);
#6494 = CARTESIAN_POINT('',(6.,-17.8,53.4));
#6495 = VECTOR('',#6496,1.);
#6496 = DIRECTION('',(0.,1.,0.));
#6497 = ORIENTED_EDGE('',*,*,#6498,.T.);
#6498 = EDGE_CURVE('',#6491,#2963,#6499,.T.);
#6499 = LINE('',#6500,#6501);
#6500 = CARTESIAN_POINT('',(6.,-17.8,53.4));
#6501 = VECTOR('',#6502,1.);
#6502 = DIRECTION('',(1.,0.,0.));
#6503 = ORIENTED_EDGE('',*,*,#2971,.T.);
#6504 = ORIENTED_EDGE('',*,*,#6459,.T.);
#6505 = ORIENTED_EDGE('',*,*,#6506,.T.);
#6506 = EDGE_CURVE('',#6460,#6507,#6509,.T.);
#6507 = VERTEX_POINT('',#6508);
#6508 = CARTESIAN_POINT('',(9.,-14.8,53.4));
#6509 = LINE('',#6510,#6511);
#6510 = CARTESIAN_POINT('',(9.,-17.8,53.4));
#6511 = VECTOR('',#6512,1.);
#6512 = DIRECTION('',(0.,1.,0.));
#6513 = ORIENTED_EDGE('',*,*,#6514,.F.);
#6514 = EDGE_CURVE('',#3018,#6507,#6515,.T.);
#6515 = LINE('',#6516,#6517);
#6516 = CARTESIAN_POINT('',(-3.45,-14.8,53.4));
#6517 = VECTOR('',#6518,1.);
#6518 = DIRECTION('',(1.,0.,0.));
#6519 = ORIENTED_EDGE('',*,*,#3026,.T.);
#6520 = PLANE('',#6521);
#6521 = AXIS2_PLACEMENT_3D('',#6522,#6523,#6524);
#6522 = CARTESIAN_POINT('',(6.,-17.8,53.4));
#6523 = DIRECTION('',(0.,0.,1.));
#6524 = DIRECTION('',(1.,0.,0.));
#6525 = ADVANCED_FACE('',(#6526),#6552,.T.);
#6526 = FACE_BOUND('',#6527,.T.);
#6527 = EDGE_LOOP('',(#6528,#6529,#6537,#6545,#6551));
#6528 = ORIENTED_EDGE('',*,*,#6498,.F.);
#6529 = ORIENTED_EDGE('',*,*,#6530,.T.);
#6530 = EDGE_CURVE('',#6491,#6531,#6533,.T.);
#6531 = VERTEX_POINT('',#6532);
#6532 = CARTESIAN_POINT('',(6.,-17.8,54.8));
#6533 = LINE('',#6534,#6535);
#6534 = CARTESIAN_POINT('',(6.,-17.8,53.4));
#6535 = VECTOR('',#6536,1.);
#6536 = DIRECTION('',(0.,0.,1.));
#6537 = ORIENTED_EDGE('',*,*,#6538,.T.);
#6538 = EDGE_CURVE('',#6531,#6539,#6541,.T.);
#6539 = VERTEX_POINT('',#6540);
#6540 = CARTESIAN_POINT('',(9.,-17.8,54.8));
#6541 = LINE('',#6542,#6543);
#6542 = CARTESIAN_POINT('',(6.,-17.8,54.8));
#6543 = VECTOR('',#6544,1.);
#6544 = DIRECTION('',(1.,0.,0.));
#6545 = ORIENTED_EDGE('',*,*,#6546,.F.);
#6546 = EDGE_CURVE('',#2955,#6539,#6547,.T.);
#6547 = LINE('',#6548,#6549);
#6548 = CARTESIAN_POINT('',(9.,-17.8,53.4));
#6549 = VECTOR('',#6550,1.);
#6550 = DIRECTION('',(0.,0.,1.));
#6551 = ORIENTED_EDGE('',*,*,#2962,.F.);
#6552 = PLANE('',#6553);
#6553 = AXIS2_PLACEMENT_3D('',#6554,#6555,#6556);
#6554 = CARTESIAN_POINT('',(6.,-17.8,53.4));
#6555 = DIRECTION('',(0.,1.,0.));
#6556 = DIRECTION('',(0.,0.,1.));
#6557 = ADVANCED_FACE('',(#6558),#6585,.F.);
#6558 = FACE_BOUND('',#6559,.F.);
#6559 = EDGE_LOOP('',(#6560,#6561,#6562,#6563,#6564,#6570,#6571,#6579));
#6560 = ORIENTED_EDGE('',*,*,#6546,.F.);
#6561 = ORIENTED_EDGE('',*,*,#2954,.T.);
#6562 = ORIENTED_EDGE('',*,*,#6467,.T.);
#6563 = ORIENTED_EDGE('',*,*,#6506,.T.);
#6564 = ORIENTED_EDGE('',*,*,#6565,.F.);
#6565 = EDGE_CURVE('',#3044,#6507,#6566,.T.);
#6566 = LINE('',#6567,#6568);
#6567 = CARTESIAN_POINT('',(9.,-14.8,53.2));
#6568 = VECTOR('',#6569,1.);
#6569 = DIRECTION('',(0.,0.,-1.));
#6570 = ORIENTED_EDGE('',*,*,#3043,.T.);
#6571 = ORIENTED_EDGE('',*,*,#6572,.T.);
#6572 = EDGE_CURVE('',#3035,#6573,#6575,.T.);
#6573 = VERTEX_POINT('',#6574);
#6574 = CARTESIAN_POINT('',(9.,-14.6,54.8));
#6575 = LINE('',#6576,#6577);
#6576 = CARTESIAN_POINT('',(9.,-14.6,53.4));
#6577 = VECTOR('',#6578,1.);
#6578 = DIRECTION('',(0.,0.,1.));
#6579 = ORIENTED_EDGE('',*,*,#6580,.F.);
#6580 = EDGE_CURVE('',#6539,#6573,#6581,.T.);
#6581 = LINE('',#6582,#6583);
#6582 = CARTESIAN_POINT('',(9.,-17.8,54.8));
#6583 = VECTOR('',#6584,1.);
#6584 = DIRECTION('',(0.,1.,0.));
#6585 = PLANE('',#6586);
#6586 = AXIS2_PLACEMENT_3D('',#6587,#6588,#6589);
#6587 = CARTESIAN_POINT('',(9.,-17.8,53.4));
#6588 = DIRECTION('',(1.,0.,0.));
#6589 = DIRECTION('',(0.,0.,1.));
#6590 = ADVANCED_FACE('',(#6591),#6598,.T.);
#6591 = FACE_BOUND('',#6592,.T.);
#6592 = EDGE_LOOP('',(#6593,#6594,#6595,#6596,#6597));
#6593 = ORIENTED_EDGE('',*,*,#2994,.F.);
#6594 = ORIENTED_EDGE('',*,*,#3017,.T.);
#6595 = ORIENTED_EDGE('',*,*,#6514,.T.);
#6596 = ORIENTED_EDGE('',*,*,#6565,.F.);
#6597 = ORIENTED_EDGE('',*,*,#3051,.T.);
#6598 = PLANE('',#6599);
#6599 = AXIS2_PLACEMENT_3D('',#6600,#6601,#6602);
#6600 = CARTESIAN_POINT('',(-12.9,-14.8,53.));
#6601 = DIRECTION('',(0.,1.,0.));
#6602 = DIRECTION('',(0.,0.,1.));
#6603 = ADVANCED_FACE('',(#6604),#6623,.F.);
#6604 = FACE_BOUND('',#6605,.F.);
#6605 = EDGE_LOOP('',(#6606,#6607,#6615,#6621,#6622));
#6606 = ORIENTED_EDGE('',*,*,#6482,.F.);
#6607 = ORIENTED_EDGE('',*,*,#6608,.T.);
#6608 = EDGE_CURVE('',#6483,#6609,#6611,.T.);
#6609 = VERTEX_POINT('',#6610);
#6610 = CARTESIAN_POINT('',(6.,-14.6,54.8));
#6611 = LINE('',#6612,#6613);
#6612 = CARTESIAN_POINT('',(6.,-14.6,53.4));
#6613 = VECTOR('',#6614,1.);
#6614 = DIRECTION('',(0.,0.,1.));
#6615 = ORIENTED_EDGE('',*,*,#6616,.T.);
#6616 = EDGE_CURVE('',#6609,#6573,#6617,.T.);
#6617 = LINE('',#6618,#6619);
#6618 = CARTESIAN_POINT('',(6.,-14.6,54.8));
#6619 = VECTOR('',#6620,1.);
#6620 = DIRECTION('',(1.,0.,0.));
#6621 = ORIENTED_EDGE('',*,*,#6572,.F.);
#6622 = ORIENTED_EDGE('',*,*,#3034,.F.);
#6623 = PLANE('',#6624);
#6624 = AXIS2_PLACEMENT_3D('',#6625,#6626,#6627);
#6625 = CARTESIAN_POINT('',(6.,-14.6,53.4));
#6626 = DIRECTION('',(0.,1.,0.));
#6627 = DIRECTION('',(0.,0.,1.));
#6628 = ADVANCED_FACE('',(#6629),#6635,.T.);
#6629 = FACE_BOUND('',#6630,.T.);
#6630 = EDGE_LOOP('',(#6631,#6632,#6633,#6634));
#6631 = ORIENTED_EDGE('',*,*,#4996,.F.);
#6632 = ORIENTED_EDGE('',*,*,#3133,.T.);
#6633 = ORIENTED_EDGE('',*,*,#3263,.T.);
#6634 = ORIENTED_EDGE('',*,*,#4516,.F.);
#6635 = PLANE('',#6636);
#6636 = AXIS2_PLACEMENT_3D('',#6637,#6638,#6639);
#6637 = CARTESIAN_POINT('',(24.411236465534,-12.,32.25));
#6638 = DIRECTION('',(0.,1.,0.));
#6639 = DIRECTION('',(0.,0.,1.));
#6640 = ADVANCED_FACE('',(#6641),#6683,.F.);
#6641 = FACE_BOUND('',#6642,.F.);
#6642 = EDGE_LOOP('',(#6643,#6651,#6652,#6653,#6661,#6669,#6677));
#6643 = ORIENTED_EDGE('',*,*,#6644,.T.);
#6644 = EDGE_CURVE('',#6645,#3239,#6647,.T.);
#6645 = VERTEX_POINT('',#6646);
#6646 = CARTESIAN_POINT('',(27.4,-10.,34.67431578065));
#6647 = LINE('',#6648,#6649);
#6648 = CARTESIAN_POINT('',(24.295272228311,-10.,36.466831195395));
#6649 = VECTOR('',#6650,1.);
#6650 = DIRECTION('',(-0.866025403784,0.,0.5));
#6651 = ORIENTED_EDGE('',*,*,#3246,.T.);
#6652 = ORIENTED_EDGE('',*,*,#4523,.F.);
#6653 = ORIENTED_EDGE('',*,*,#6654,.F.);
#6654 = EDGE_CURVE('',#6655,#4524,#6657,.T.);
#6655 = VERTEX_POINT('',#6656);
#6656 = CARTESIAN_POINT('',(26.7,-10.,29.5));
#6657 = LINE('',#6658,#6659);
#6658 = CARTESIAN_POINT('',(20.,-10.,29.5));
#6659 = VECTOR('',#6660,1.);
#6660 = DIRECTION('',(1.,0.,0.));
#6661 = ORIENTED_EDGE('',*,*,#6662,.F.);
#6662 = EDGE_CURVE('',#6663,#6655,#6665,.T.);
#6663 = VERTEX_POINT('',#6664);
#6664 = CARTESIAN_POINT('',(26.7,-10.,30.921539030917));
#6665 = LINE('',#6666,#6667);
#6666 = CARTESIAN_POINT('',(26.7,-10.,29.35));
#6667 = VECTOR('',#6668,1.);
#6668 = DIRECTION('',(0.,0.,-1.));
#6669 = ORIENTED_EDGE('',*,*,#6670,.T.);
#6670 = EDGE_CURVE('',#6663,#6671,#6673,.T.);
#6671 = VERTEX_POINT('',#6672);
#6672 = CARTESIAN_POINT('',(27.4,-10.,31.32568421935));
#6673 = LINE('',#6674,#6675);
#6674 = CARTESIAN_POINT('',(24.229727771689,-10.,29.49532669493));
#6675 = VECTOR('',#6676,1.);
#6676 = DIRECTION('',(0.866025403784,0.,0.5));
#6677 = ORIENTED_EDGE('',*,*,#6678,.T.);
#6678 = EDGE_CURVE('',#6671,#6645,#6679,.T.);
#6679 = LINE('',#6680,#6681);
#6680 = CARTESIAN_POINT('',(27.4,-10.,32.087157890325));
#6681 = VECTOR('',#6682,1.);
#6682 = DIRECTION('',(-4.E-16,0.,1.));
#6683 = PLANE('',#6684);
#6684 = AXIS2_PLACEMENT_3D('',#6685,#6686,#6687);
#6685 = CARTESIAN_POINT('',(20.,-10.,29.5));
#6686 = DIRECTION('',(0.,1.,0.));
#6687 = DIRECTION('',(0.,0.,1.));
#6688 = ADVANCED_FACE('',(#6689),#6723,.T.);
#6689 = FACE_BOUND('',#6690,.T.);
#6690 = EDGE_LOOP('',(#6691,#6699,#6707,#6715,#6721,#6722));
#6691 = ORIENTED_EDGE('',*,*,#6692,.F.);
#6692 = EDGE_CURVE('',#6693,#3231,#6695,.T.);
#6693 = VERTEX_POINT('',#6694);
#6694 = CARTESIAN_POINT('',(24.5,-10.1,36.3486315613));
#6695 = LINE('',#6696,#6697);
#6696 = CARTESIAN_POINT('',(24.5,-10.1,36.3486315613));
#6697 = VECTOR('',#6698,1.);
#6698 = DIRECTION('',(0.866025403784,0.,-0.5));
#6699 = ORIENTED_EDGE('',*,*,#6700,.T.);
#6700 = EDGE_CURVE('',#6693,#6701,#6703,.T.);
#6701 = VERTEX_POINT('',#6702);
#6702 = CARTESIAN_POINT('',(24.5,-7.4,36.3486315613));
#6703 = LINE('',#6704,#6705);
#6704 = CARTESIAN_POINT('',(24.5,-10.1,36.3486315613));
#6705 = VECTOR('',#6706,1.);
#6706 = DIRECTION('',(0.,1.,0.));
#6707 = ORIENTED_EDGE('',*,*,#6708,.T.);
#6708 = EDGE_CURVE('',#6701,#6709,#6711,.T.);
#6709 = VERTEX_POINT('',#6710);
#6710 = CARTESIAN_POINT('',(27.4,-7.4,34.67431578065));
#6711 = LINE('',#6712,#6713);
#6712 = CARTESIAN_POINT('',(24.5,-7.4,36.3486315613));
#6713 = VECTOR('',#6714,1.);
#6714 = DIRECTION('',(0.866025403784,0.,-0.5));
#6715 = ORIENTED_EDGE('',*,*,#6716,.F.);
#6716 = EDGE_CURVE('',#6645,#6709,#6717,.T.);
#6717 = LINE('',#6718,#6719);
#6718 = CARTESIAN_POINT('',(27.4,-10.1,34.67431578065));
#6719 = VECTOR('',#6720,1.);
#6720 = DIRECTION('',(0.,1.,0.));
#6721 = ORIENTED_EDGE('',*,*,#6644,.T.);
#6722 = ORIENTED_EDGE('',*,*,#3238,.F.);
#6723 = PLANE('',#6724);
#6724 = AXIS2_PLACEMENT_3D('',#6725,#6726,#6727);
#6725 = CARTESIAN_POINT('',(24.5,-10.1,36.3486315613));
#6726 = DIRECTION('',(-0.5,0.,-0.866025403784));
#6727 = DIRECTION('',(0.866025403784,0.,-0.5));
#6728 = ADVANCED_FACE('',(#6729),#6739,.T.);
#6729 = FACE_BOUND('',#6730,.T.);
#6730 = EDGE_LOOP('',(#6731,#6732,#6733));
#6731 = ORIENTED_EDGE('',*,*,#6692,.T.);
#6732 = ORIENTED_EDGE('',*,*,#3230,.F.);
#6733 = ORIENTED_EDGE('',*,*,#6734,.T.);
#6734 = EDGE_CURVE('',#3223,#6693,#6735,.T.);
#6735 = LINE('',#6736,#6737);
#6736 = CARTESIAN_POINT('',(21.6,-10.1,34.67431578065));
#6737 = VECTOR('',#6738,1.);
#6738 = DIRECTION('',(0.866025403784,0.,0.5));
#6739 = PLANE('',#6740);
#6740 = AXIS2_PLACEMENT_3D('',#6741,#6742,#6743);
#6741 = CARTESIAN_POINT('',(24.5,-10.1,33.));
#6742 = DIRECTION('',(0.,1.,0.));
#6743 = DIRECTION('',(1.,0.,0.));
#6744 = ADVANCED_FACE('',(#6745),#6772,.T.);
#6745 = FACE_BOUND('',#6746,.T.);
#6746 = EDGE_LOOP('',(#6747,#6755,#6763,#6769,#6770,#6771));
#6747 = ORIENTED_EDGE('',*,*,#6748,.T.);
#6748 = EDGE_CURVE('',#3215,#6749,#6751,.T.);
#6749 = VERTEX_POINT('',#6750);
#6750 = CARTESIAN_POINT('',(21.6,-10.,34.67431578065));
#6751 = LINE('',#6752,#6753);
#6752 = CARTESIAN_POINT('',(19.879727771689,-10.,33.681116146555));
#6753 = VECTOR('',#6754,1.);
#6754 = DIRECTION('',(-0.866025403784,0.,-0.5));
#6755 = ORIENTED_EDGE('',*,*,#6756,.T.);
#6756 = EDGE_CURVE('',#6749,#6757,#6759,.T.);
#6757 = VERTEX_POINT('',#6758);
#6758 = CARTESIAN_POINT('',(21.6,-7.4,34.67431578065));
#6759 = LINE('',#6760,#6761);
#6760 = CARTESIAN_POINT('',(21.6,-10.1,34.67431578065));
#6761 = VECTOR('',#6762,1.);
#6762 = DIRECTION('',(0.,1.,0.));
#6763 = ORIENTED_EDGE('',*,*,#6764,.T.);
#6764 = EDGE_CURVE('',#6757,#6701,#6765,.T.);
#6765 = LINE('',#6766,#6767);
#6766 = CARTESIAN_POINT('',(21.6,-7.4,34.67431578065));
#6767 = VECTOR('',#6768,1.);
#6768 = DIRECTION('',(0.866025403784,0.,0.5));
#6769 = ORIENTED_EDGE('',*,*,#6700,.F.);
#6770 = ORIENTED_EDGE('',*,*,#6734,.F.);
#6771 = ORIENTED_EDGE('',*,*,#3222,.F.);
#6772 = PLANE('',#6773);
#6773 = AXIS2_PLACEMENT_3D('',#6774,#6775,#6776);
#6774 = CARTESIAN_POINT('',(21.6,-10.1,34.67431578065));
#6775 = DIRECTION('',(0.5,0.,-0.866025403784));
#6776 = DIRECTION('',(0.866025403784,0.,0.5));
#6777 = ADVANCED_FACE('',(#6778),#6820,.F.);
#6778 = FACE_BOUND('',#6779,.F.);
#6779 = EDGE_LOOP('',(#6780,#6790,#6798,#6804,#6805,#6806,#6814));
#6780 = ORIENTED_EDGE('',*,*,#6781,.T.);
#6781 = EDGE_CURVE('',#6782,#6784,#6786,.T.);
#6782 = VERTEX_POINT('',#6783);
#6783 = CARTESIAN_POINT('',(22.3,-10.,30.921539030917));
#6784 = VERTEX_POINT('',#6785);
#6785 = CARTESIAN_POINT('',(22.3,-10.,29.5));
#6786 = LINE('',#6787,#6788);
#6787 = CARTESIAN_POINT('',(22.3,-10.,29.35));
#6788 = VECTOR('',#6789,1.);
#6789 = DIRECTION('',(0.,0.,-1.));
#6790 = ORIENTED_EDGE('',*,*,#6791,.F.);
#6791 = EDGE_CURVE('',#6792,#6784,#6794,.T.);
#6792 = VERTEX_POINT('',#6793);
#6793 = CARTESIAN_POINT('',(20.,-10.,29.5));
#6794 = LINE('',#6795,#6796);
#6795 = CARTESIAN_POINT('',(20.,-10.,29.5));
#6796 = VECTOR('',#6797,1.);
#6797 = DIRECTION('',(1.,0.,0.));
#6798 = ORIENTED_EDGE('',*,*,#6799,.T.);
#6799 = EDGE_CURVE('',#6792,#3207,#6800,.T.);
#6800 = LINE('',#6801,#6802);
#6801 = CARTESIAN_POINT('',(20.,-10.,29.5));
#6802 = VECTOR('',#6803,1.);
#6803 = DIRECTION('',(0.,0.,1.));
#6804 = ORIENTED_EDGE('',*,*,#3214,.T.);
#6805 = ORIENTED_EDGE('',*,*,#6748,.T.);
#6806 = ORIENTED_EDGE('',*,*,#6807,.T.);
#6807 = EDGE_CURVE('',#6749,#6808,#6810,.T.);
#6808 = VERTEX_POINT('',#6809);
#6809 = CARTESIAN_POINT('',(21.6,-10.,31.32568421935));
#6810 = LINE('',#6811,#6812);
#6811 = CARTESIAN_POINT('',(21.6,-10.,30.412842109675));
#6812 = VECTOR('',#6813,1.);
#6813 = DIRECTION('',(-1.3E-16,0.,-1.));
#6814 = ORIENTED_EDGE('',*,*,#6815,.T.);
#6815 = EDGE_CURVE('',#6808,#6782,#6816,.T.);
#6816 = LINE('',#6817,#6818);
#6817 = CARTESIAN_POINT('',(22.845272228311,-10.,30.60672596312));
#6818 = VECTOR('',#6819,1.);
#6819 = DIRECTION('',(0.866025403784,0.,-0.5));
#6820 = PLANE('',#6821);
#6821 = AXIS2_PLACEMENT_3D('',#6822,#6823,#6824);
#6822 = CARTESIAN_POINT('',(20.,-10.,29.5));
#6823 = DIRECTION('',(0.,1.,0.));
#6824 = DIRECTION('',(0.,0.,1.));
#6825 = ADVANCED_FACE('',(#6826),#6837,.F.);
#6826 = FACE_BOUND('',#6827,.F.);
#6827 = EDGE_LOOP('',(#6828,#6829,#6835,#6836));
#6828 = ORIENTED_EDGE('',*,*,#6799,.F.);
#6829 = ORIENTED_EDGE('',*,*,#6830,.T.);
#6830 = EDGE_CURVE('',#6792,#5589,#6831,.T.);
#6831 = LINE('',#6832,#6833);
#6832 = CARTESIAN_POINT('',(20.,-10.,29.5));
#6833 = VECTOR('',#6834,1.);
#6834 = DIRECTION('',(0.,1.,0.));
#6835 = ORIENTED_EDGE('',*,*,#5596,.T.);
#6836 = ORIENTED_EDGE('',*,*,#3206,.T.);
#6837 = PLANE('',#6838);
#6838 = AXIS2_PLACEMENT_3D('',#6839,#6840,#6841);
#6839 = CARTESIAN_POINT('',(20.,-10.,29.5));
#6840 = DIRECTION('',(1.,0.,0.));
#6841 = DIRECTION('',(0.,0.,1.));
#6842 = ADVANCED_FACE('',(#6843),#6861,.T.);
#6843 = FACE_BOUND('',#6844,.T.);
#6844 = EDGE_LOOP('',(#6845,#6853,#6859,#6860));
#6845 = ORIENTED_EDGE('',*,*,#6846,.F.);
#6846 = EDGE_CURVE('',#6847,#3183,#6849,.T.);
#6847 = VERTEX_POINT('',#6848);
#6848 = CARTESIAN_POINT('',(-20.,-10.,29.5));
#6849 = LINE('',#6850,#6851);
#6850 = CARTESIAN_POINT('',(-20.,-10.,29.5));
#6851 = VECTOR('',#6852,1.);
#6852 = DIRECTION('',(0.,0.,1.));
#6853 = ORIENTED_EDGE('',*,*,#6854,.T.);
#6854 = EDGE_CURVE('',#6847,#5604,#6855,.T.);
#6855 = LINE('',#6856,#6857);
#6856 = CARTESIAN_POINT('',(-20.,-10.,29.5));
#6857 = VECTOR('',#6858,1.);
#6858 = DIRECTION('',(0.,1.,0.));
#6859 = ORIENTED_EDGE('',*,*,#5603,.T.);
#6860 = ORIENTED_EDGE('',*,*,#3190,.T.);
#6861 = PLANE('',#6862);
#6862 = AXIS2_PLACEMENT_3D('',#6863,#6864,#6865);
#6863 = CARTESIAN_POINT('',(-20.,-10.,29.5));
#6864 = DIRECTION('',(1.,0.,0.));
#6865 = DIRECTION('',(0.,0.,1.));
#6866 = ADVANCED_FACE('',(#6867),#6909,.F.);
#6867 = FACE_BOUND('',#6868,.F.);
#6868 = EDGE_LOOP('',(#6869,#6870,#6878,#6886,#6894,#6902,#6908));
#6869 = ORIENTED_EDGE('',*,*,#6846,.F.);
#6870 = ORIENTED_EDGE('',*,*,#6871,.F.);
#6871 = EDGE_CURVE('',#6872,#6847,#6874,.T.);
#6872 = VERTEX_POINT('',#6873);
#6873 = CARTESIAN_POINT('',(-22.3,-10.,29.5));
#6874 = LINE('',#6875,#6876);
#6875 = CARTESIAN_POINT('',(-29.,-10.,29.5));
#6876 = VECTOR('',#6877,1.);
#6877 = DIRECTION('',(1.,0.,0.));
#6878 = ORIENTED_EDGE('',*,*,#6879,.F.);
#6879 = EDGE_CURVE('',#6880,#6872,#6882,.T.);
#6880 = VERTEX_POINT('',#6881);
#6881 = CARTESIAN_POINT('',(-22.3,-10.,30.921539030917));
#6882 = LINE('',#6883,#6884);
#6883 = CARTESIAN_POINT('',(-22.3,-10.,29.35));
#6884 = VECTOR('',#6885,1.);
#6885 = DIRECTION('',(0.,0.,-1.));
#6886 = ORIENTED_EDGE('',*,*,#6887,.T.);
#6887 = EDGE_CURVE('',#6880,#6888,#6890,.T.);
#6888 = VERTEX_POINT('',#6889);
#6889 = CARTESIAN_POINT('',(-21.6,-10.,31.32568421935));
#6890 = LINE('',#6891,#6892);
#6891 = CARTESIAN_POINT('',(-24.77027222831,-10.,29.49532669493));
#6892 = VECTOR('',#6893,1.);
#6893 = DIRECTION('',(0.866025403784,0.,0.5));
#6894 = ORIENTED_EDGE('',*,*,#6895,.T.);
#6895 = EDGE_CURVE('',#6888,#6896,#6898,.T.);
#6896 = VERTEX_POINT('',#6897);
#6897 = CARTESIAN_POINT('',(-21.6,-10.,34.67431578065));
#6898 = LINE('',#6899,#6900);
#6899 = CARTESIAN_POINT('',(-21.6,-10.,32.087157890325));
#6900 = VECTOR('',#6901,1.);
#6901 = DIRECTION('',(-4.E-16,0.,1.));
#6902 = ORIENTED_EDGE('',*,*,#6903,.T.);
#6903 = EDGE_CURVE('',#6896,#3175,#6904,.T.);
#6904 = LINE('',#6905,#6906);
#6905 = CARTESIAN_POINT('',(-24.70472777168,-10.,36.466831195395));
#6906 = VECTOR('',#6907,1.);
#6907 = DIRECTION('',(-0.866025403784,0.,0.5));
#6908 = ORIENTED_EDGE('',*,*,#3182,.T.);
#6909 = PLANE('',#6910);
#6910 = AXIS2_PLACEMENT_3D('',#6911,#6912,#6913);
#6911 = CARTESIAN_POINT('',(-29.,-10.,29.5));
#6912 = DIRECTION('',(0.,1.,0.));
#6913 = DIRECTION('',(0.,0.,1.));
#6914 = ADVANCED_FACE('',(#6915),#6949,.T.);
#6915 = FACE_BOUND('',#6916,.T.);
#6916 = EDGE_LOOP('',(#6917,#6925,#6933,#6941,#6947,#6948));
#6917 = ORIENTED_EDGE('',*,*,#6918,.F.);
#6918 = EDGE_CURVE('',#6919,#3167,#6921,.T.);
#6919 = VERTEX_POINT('',#6920);
#6920 = CARTESIAN_POINT('',(-24.5,-10.1,36.3486315613));
#6921 = LINE('',#6922,#6923);
#6922 = CARTESIAN_POINT('',(-24.5,-10.1,36.3486315613));
#6923 = VECTOR('',#6924,1.);
#6924 = DIRECTION('',(0.866025403784,0.,-0.5));
#6925 = ORIENTED_EDGE('',*,*,#6926,.T.);
#6926 = EDGE_CURVE('',#6919,#6927,#6929,.T.);
#6927 = VERTEX_POINT('',#6928);
#6928 = CARTESIAN_POINT('',(-24.5,-7.4,36.3486315613));
#6929 = LINE('',#6930,#6931);
#6930 = CARTESIAN_POINT('',(-24.5,-10.1,36.3486315613));
#6931 = VECTOR('',#6932,1.);
#6932 = DIRECTION('',(0.,1.,0.));
#6933 = ORIENTED_EDGE('',*,*,#6934,.T.);
#6934 = EDGE_CURVE('',#6927,#6935,#6937,.T.);
#6935 = VERTEX_POINT('',#6936);
#6936 = CARTESIAN_POINT('',(-21.6,-7.4,34.67431578065));
#6937 = LINE('',#6938,#6939);
#6938 = CARTESIAN_POINT('',(-24.5,-7.4,36.3486315613));
#6939 = VECTOR('',#6940,1.);
#6940 = DIRECTION('',(0.866025403784,0.,-0.5));
#6941 = ORIENTED_EDGE('',*,*,#6942,.F.);
#6942 = EDGE_CURVE('',#6896,#6935,#6943,.T.);
#6943 = LINE('',#6944,#6945);
#6944 = CARTESIAN_POINT('',(-21.6,-10.1,34.67431578065));
#6945 = VECTOR('',#6946,1.);
#6946 = DIRECTION('',(0.,1.,0.));
#6947 = ORIENTED_EDGE('',*,*,#6903,.T.);
#6948 = ORIENTED_EDGE('',*,*,#3174,.F.);
#6949 = PLANE('',#6950);
#6950 = AXIS2_PLACEMENT_3D('',#6951,#6952,#6953);
#6951 = CARTESIAN_POINT('',(-24.5,-10.1,36.3486315613));
#6952 = DIRECTION('',(-0.5,0.,-0.866025403784));
#6953 = DIRECTION('',(0.866025403784,0.,-0.5));
#6954 = ADVANCED_FACE('',(#6955),#6965,.T.);
#6955 = FACE_BOUND('',#6956,.T.);
#6956 = EDGE_LOOP('',(#6957,#6958,#6959));
#6957 = ORIENTED_EDGE('',*,*,#6918,.T.);
#6958 = ORIENTED_EDGE('',*,*,#3166,.F.);
#6959 = ORIENTED_EDGE('',*,*,#6960,.T.);
#6960 = EDGE_CURVE('',#3159,#6919,#6961,.T.);
#6961 = LINE('',#6962,#6963);
#6962 = CARTESIAN_POINT('',(-27.4,-10.1,34.67431578065));
#6963 = VECTOR('',#6964,1.);
#6964 = DIRECTION('',(0.866025403784,0.,0.5));
#6965 = PLANE('',#6966);
#6966 = AXIS2_PLACEMENT_3D('',#6967,#6968,#6969);
#6967 = CARTESIAN_POINT('',(-24.5,-10.1,33.));
#6968 = DIRECTION('',(0.,1.,0.));
#6969 = DIRECTION('',(1.,0.,0.));
#6970 = ADVANCED_FACE('',(#6971),#6991,.T.);
#6971 = FACE_BOUND('',#6972,.T.);
#6972 = EDGE_LOOP('',(#6973,#6974,#6982,#6988,#6989,#6990));
#6973 = ORIENTED_EDGE('',*,*,#5768,.T.);
#6974 = ORIENTED_EDGE('',*,*,#6975,.T.);
#6975 = EDGE_CURVE('',#5769,#6976,#6978,.T.);
#6976 = VERTEX_POINT('',#6977);
#6977 = CARTESIAN_POINT('',(-27.4,-7.4,34.67431578065));
#6978 = LINE('',#6979,#6980);
#6979 = CARTESIAN_POINT('',(-27.4,-10.1,34.67431578065));
#6980 = VECTOR('',#6981,1.);
#6981 = DIRECTION('',(0.,1.,0.));
#6982 = ORIENTED_EDGE('',*,*,#6983,.T.);
#6983 = EDGE_CURVE('',#6976,#6927,#6984,.T.);
#6984 = LINE('',#6985,#6986);
#6985 = CARTESIAN_POINT('',(-27.4,-7.4,34.67431578065));
#6986 = VECTOR('',#6987,1.);
#6987 = DIRECTION('',(0.866025403784,0.,0.5));
#6988 = ORIENTED_EDGE('',*,*,#6926,.F.);
#6989 = ORIENTED_EDGE('',*,*,#6960,.F.);
#6990 = ORIENTED_EDGE('',*,*,#3158,.F.);
#6991 = PLANE('',#6992);
#6992 = AXIS2_PLACEMENT_3D('',#6993,#6994,#6995);
#6993 = CARTESIAN_POINT('',(-27.4,-10.1,34.67431578065));
#6994 = DIRECTION('',(0.5,0.,-0.866025403784));
#6995 = DIRECTION('',(0.866025403784,0.,0.5));
#6996 = ADVANCED_FACE('',(#6997,#7005),#7016,.F.);
#6997 = FACE_BOUND('',#6998,.F.);
#6998 = EDGE_LOOP('',(#6999,#7000,#7001,#7002,#7003,#7004));
#6999 = ORIENTED_EDGE('',*,*,#3434,.T.);
#7000 = ORIENTED_EDGE('',*,*,#3402,.T.);
#7001 = ORIENTED_EDGE('',*,*,#5823,.T.);
#7002 = ORIENTED_EDGE('',*,*,#3506,.T.);
#7003 = ORIENTED_EDGE('',*,*,#3482,.T.);
#7004 = ORIENTED_EDGE('',*,*,#3458,.T.);
#7005 = FACE_BOUND('',#7006,.F.);
#7006 = EDGE_LOOP('',(#7007));
#7007 = ORIENTED_EDGE('',*,*,#7008,.F.);
#7008 = EDGE_CURVE('',#7009,#7009,#7011,.T.);
#7009 = VERTEX_POINT('',#7010);
#7010 = CARTESIAN_POINT('',(-22.,-7.8,114.7));
#7011 = CIRCLE('',#7012,1.7);
#7012 = AXIS2_PLACEMENT_3D('',#7013,#7014,#7015);
#7013 = CARTESIAN_POINT('',(-22.,-7.8,113.));
#7014 = DIRECTION('',(0.,1.,0.));
#7015 = DIRECTION('',(0.,0.,1.));
#7016 = PLANE('',#7017);
#7017 = AXIS2_PLACEMENT_3D('',#7018,#7019,#7020);
#7018 = CARTESIAN_POINT('',(-22.,-7.8,113.));
#7019 = DIRECTION('',(0.,1.,0.));
#7020 = DIRECTION('',(0.866025403784,0.,-0.5));
#7021 = ADVANCED_FACE('',(#7022,#7036),#7070,.T.);
#7022 = FACE_BOUND('',#7023,.T.);
#7023 = EDGE_LOOP('',(#7024,#7025,#7026,#7027,#7028,#7035));
#7024 = ORIENTED_EDGE('',*,*,#6259,.F.);
#7025 = ORIENTED_EDGE('',*,*,#6284,.F.);
#7026 = ORIENTED_EDGE('',*,*,#6302,.T.);
#7027 = ORIENTED_EDGE('',*,*,#3558,.T.);
#7028 = ORIENTED_EDGE('',*,*,#7029,.F.);
#7029 = EDGE_CURVE('',#3633,#3551,#7030,.T.);
#7030 = CIRCLE('',#7031,2.05);
#7031 = AXIS2_PLACEMENT_3D('',#7032,#7033,#7034);
#7032 = CARTESIAN_POINT('',(-20.,5.,118.5));
#7033 = DIRECTION('',(0.,1.,0.));
#7034 = DIRECTION('',(0.,0.,1.));
#7035 = ORIENTED_EDGE('',*,*,#3632,.T.);
#7036 = FACE_BOUND('',#7037,.T.);
#7037 = EDGE_LOOP('',(#7038,#7048,#7056,#7064));
#7038 = ORIENTED_EDGE('',*,*,#7039,.F.);
#7039 = EDGE_CURVE('',#7040,#7042,#7044,.T.);
#7040 = VERTEX_POINT('',#7041);
#7041 = CARTESIAN_POINT('',(-26.4,5.,116.4));
#7042 = VERTEX_POINT('',#7043);
#7043 = CARTESIAN_POINT('',(-17.6,5.,116.4));
#7044 = LINE('',#7045,#7046);
#7045 = CARTESIAN_POINT('',(-26.45,5.,116.4));
#7046 = VECTOR('',#7047,1.);
#7047 = DIRECTION('',(1.,0.,0.));
#7048 = ORIENTED_EDGE('',*,*,#7049,.T.);
#7049 = EDGE_CURVE('',#7040,#7050,#7052,.T.);
#7050 = VERTEX_POINT('',#7051);
#7051 = CARTESIAN_POINT('',(-26.4,5.,109.6));
#7052 = LINE('',#7053,#7054);
#7053 = CARTESIAN_POINT('',(-26.4,5.,109.55));
#7054 = VECTOR('',#7055,1.);
#7055 = DIRECTION('',(0.,0.,-1.));
#7056 = ORIENTED_EDGE('',*,*,#7057,.T.);
#7057 = EDGE_CURVE('',#7050,#7058,#7060,.T.);
#7058 = VERTEX_POINT('',#7059);
#7059 = CARTESIAN_POINT('',(-17.6,5.,109.6));
#7060 = LINE('',#7061,#7062);
#7061 = CARTESIAN_POINT('',(-26.45,5.,109.6));
#7062 = VECTOR('',#7063,1.);
#7063 = DIRECTION('',(1.,0.,0.));
#7064 = ORIENTED_EDGE('',*,*,#7065,.F.);
#7065 = EDGE_CURVE('',#7042,#7058,#7066,.T.);
#7066 = LINE('',#7067,#7068);
#7067 = CARTESIAN_POINT('',(-17.6,5.,109.55));
#7068 = VECTOR('',#7069,1.);
#7069 = DIRECTION('',(0.,0.,-1.));
#7070 = PLANE('',#7071);
#7071 = AXIS2_PLACEMENT_3D('',#7072,#7073,#7074);
#7072 = CARTESIAN_POINT('',(-26.5,5.,109.5));
#7073 = DIRECTION('',(0.,1.,0.));
#7074 = DIRECTION('',(0.,0.,1.));
#7075 = ADVANCED_FACE('',(#7076),#7089,.F.);
#7076 = FACE_BOUND('',#7077,.F.);
#7077 = EDGE_LOOP('',(#7078,#7085,#7086,#7087,#7088));
#7078 = ORIENTED_EDGE('',*,*,#7079,.T.);
#7079 = EDGE_CURVE('',#3581,#3542,#7080,.T.);
#7080 = CIRCLE('',#7081,2.05);
#7081 = AXIS2_PLACEMENT_3D('',#7082,#7083,#7084);
#7082 = CARTESIAN_POINT('',(-20.,-17.,118.5));
#7083 = DIRECTION('',(0.,1.,0.));
#7084 = DIRECTION('',(0.,0.,1.));
#7085 = ORIENTED_EDGE('',*,*,#3550,.T.);
#7086 = ORIENTED_EDGE('',*,*,#7029,.F.);
#7087 = ORIENTED_EDGE('',*,*,#3640,.F.);
#7088 = ORIENTED_EDGE('',*,*,#3589,.T.);
#7089 = CYLINDRICAL_SURFACE('',#7090,2.05);
#7090 = AXIS2_PLACEMENT_3D('',#7091,#7092,#7093);
#7091 = CARTESIAN_POINT('',(-20.,-17.,118.5));
#7092 = DIRECTION('',(0.,1.,0.));
#7093 = DIRECTION('',(0.,0.,1.));
#7094 = ADVANCED_FACE('',(#7095),#7100,.F.);
#7095 = FACE_BOUND('',#7096,.F.);
#7096 = EDGE_LOOP('',(#7097,#7098,#7099));
#7097 = ORIENTED_EDGE('',*,*,#3580,.T.);
#7098 = ORIENTED_EDGE('',*,*,#3541,.F.);
#7099 = ORIENTED_EDGE('',*,*,#7079,.F.);
#7100 = SPHERICAL_SURFACE('',#7101,2.05);
#7101 = AXIS2_PLACEMENT_3D('',#7102,#7103,#7104);
#7102 = CARTESIAN_POINT('',(-20.,-17.,118.5));
#7103 = DIRECTION('',(0.,0.,1.));
#7104 = DIRECTION('',(1.,0.,0.));
#7105 = ADVANCED_FACE('',(#7106),#7176,.T.);
#7106 = FACE_BOUND('',#7107,.T.);
#7107 = EDGE_LOOP('',(#7108,#7109,#7110,#7111,#7112,#7113,#7114,#7122,
    #7130,#7138,#7144,#7145,#7153,#7161,#7169,#7175));
#7108 = ORIENTED_EDGE('',*,*,#6171,.F.);
#7109 = ORIENTED_EDGE('',*,*,#6204,.T.);
#7110 = ORIENTED_EDGE('',*,*,#4063,.T.);
#7111 = ORIENTED_EDGE('',*,*,#6228,.T.);
#7112 = ORIENTED_EDGE('',*,*,#6243,.T.);
#7113 = ORIENTED_EDGE('',*,*,#3697,.T.);
#7114 = ORIENTED_EDGE('',*,*,#7115,.T.);
#7115 = EDGE_CURVE('',#3690,#7116,#7118,.T.);
#7116 = VERTEX_POINT('',#7117);
#7117 = CARTESIAN_POINT('',(-14.,-11.8,119.));
#7118 = LINE('',#7119,#7120);
#7119 = CARTESIAN_POINT('',(-8.75,-11.8,119.));
#7120 = VECTOR('',#7121,1.);
#7121 = DIRECTION('',(1.,0.,0.));
#7122 = ORIENTED_EDGE('',*,*,#7123,.T.);
#7123 = EDGE_CURVE('',#7116,#7124,#7126,.T.);
#7124 = VERTEX_POINT('',#7125);
#7125 = CARTESIAN_POINT('',(-14.,-11.8,120.));
#7126 = LINE('',#7127,#7128);
#7127 = CARTESIAN_POINT('',(-14.,-11.8,112.5));
#7128 = VECTOR('',#7129,1.);
#7129 = DIRECTION('',(0.,0.,1.));
#7130 = ORIENTED_EDGE('',*,*,#7131,.F.);
#7131 = EDGE_CURVE('',#7132,#7124,#7134,.T.);
#7132 = VERTEX_POINT('',#7133);
#7133 = CARTESIAN_POINT('',(-13.5,-11.8,120.));
#7134 = LINE('',#7135,#7136);
#7135 = CARTESIAN_POINT('',(-17.5,-11.8,120.));
#7136 = VECTOR('',#7137,1.);
#7137 = DIRECTION('',(-1.,0.,0.));
#7138 = ORIENTED_EDGE('',*,*,#7139,.T.);
#7139 = EDGE_CURVE('',#7132,#3872,#7140,.T.);
#7140 = LINE('',#7141,#7142);
#7141 = CARTESIAN_POINT('',(-13.5,-11.8,114.));
#7142 = VECTOR('',#7143,1.);
#7143 = DIRECTION('',(0.,0.,1.));
#7144 = ORIENTED_EDGE('',*,*,#3871,.T.);
#7145 = ORIENTED_EDGE('',*,*,#7146,.F.);
#7146 = EDGE_CURVE('',#7147,#3862,#7149,.T.);
#7147 = VERTEX_POINT('',#7148);
#7148 = CARTESIAN_POINT('',(13.5,-11.8,120.));
#7149 = LINE('',#7150,#7151);
#7150 = CARTESIAN_POINT('',(13.5,-11.8,114.));
#7151 = VECTOR('',#7152,1.);
#7152 = DIRECTION('',(0.,0.,1.));
#7153 = ORIENTED_EDGE('',*,*,#7154,.F.);
#7154 = EDGE_CURVE('',#7155,#7147,#7157,.T.);
#7155 = VERTEX_POINT('',#7156);
#7156 = CARTESIAN_POINT('',(14.,-11.8,120.));
#7157 = LINE('',#7158,#7159);
#7158 = CARTESIAN_POINT('',(-2.,-11.8,120.));
#7159 = VECTOR('',#7160,1.);
#7160 = DIRECTION('',(-1.,0.,0.));
#7161 = ORIENTED_EDGE('',*,*,#7162,.F.);
#7162 = EDGE_CURVE('',#7163,#7155,#7165,.T.);
#7163 = VERTEX_POINT('',#7164);
#7164 = CARTESIAN_POINT('',(14.,-11.8,119.));
#7165 = LINE('',#7166,#7167);
#7166 = CARTESIAN_POINT('',(14.,-11.8,112.5));
#7167 = VECTOR('',#7168,1.);
#7168 = DIRECTION('',(0.,0.,1.));
#7169 = ORIENTED_EDGE('',*,*,#7170,.T.);
#7170 = EDGE_CURVE('',#7163,#4421,#7171,.T.);
#7171 = LINE('',#7172,#7173);
#7172 = CARTESIAN_POINT('',(-8.75,-11.8,119.));
#7173 = VECTOR('',#7174,1.);
#7174 = DIRECTION('',(1.,0.,0.));
#7175 = ORIENTED_EDGE('',*,*,#4420,.F.);
#7176 = PLANE('',#7177);
#7177 = AXIS2_PLACEMENT_3D('',#7178,#7179,#7180);
#7178 = CARTESIAN_POINT('',(-17.5,-11.8,108.));
#7179 = DIRECTION('',(0.,1.,0.));
#7180 = DIRECTION('',(0.,0.,1.));
#7181 = ADVANCED_FACE('',(#7182,#7248,#7259),#7270,.T.);
#7182 = FACE_BOUND('',#7183,.T.);
#7183 = EDGE_LOOP('',(#7184,#7185,#7186,#7194,#7202,#7208,#7209,#7210,
    #7218,#7226,#7234,#7242));
#7184 = ORIENTED_EDGE('',*,*,#4428,.F.);
#7185 = ORIENTED_EDGE('',*,*,#7170,.F.);
#7186 = ORIENTED_EDGE('',*,*,#7187,.F.);
#7187 = EDGE_CURVE('',#7188,#7163,#7190,.T.);
#7188 = VERTEX_POINT('',#7189);
#7189 = CARTESIAN_POINT('',(14.,-7.,119.));
#7190 = LINE('',#7191,#7192);
#7191 = CARTESIAN_POINT('',(14.,-5.964311859444,119.));
#7192 = VECTOR('',#7193,1.);
#7193 = DIRECTION('',(0.,-1.,0.));
#7194 = ORIENTED_EDGE('',*,*,#7195,.F.);
#7195 = EDGE_CURVE('',#7196,#7188,#7198,.T.);
#7196 = VERTEX_POINT('',#7197);
#7197 = CARTESIAN_POINT('',(-14.,-7.,119.));
#7198 = LINE('',#7199,#7200);
#7199 = CARTESIAN_POINT('',(-7.,-7.,119.));
#7200 = VECTOR('',#7201,1.);
#7201 = DIRECTION('',(1.,0.,0.));
#7202 = ORIENTED_EDGE('',*,*,#7203,.T.);
#7203 = EDGE_CURVE('',#7196,#7116,#7204,.T.);
#7204 = LINE('',#7205,#7206);
#7205 = CARTESIAN_POINT('',(-14.,-5.964311859444,119.));
#7206 = VECTOR('',#7207,1.);
#7207 = DIRECTION('',(0.,-1.,0.));
#7208 = ORIENTED_EDGE('',*,*,#7115,.F.);
#7209 = ORIENTED_EDGE('',*,*,#3689,.T.);
#7210 = ORIENTED_EDGE('',*,*,#7211,.T.);
#7211 = EDGE_CURVE('',#3682,#7212,#7214,.T.);
#7212 = VERTEX_POINT('',#7213);
#7213 = CARTESIAN_POINT('',(-14.75,0.,119.));
#7214 = LINE('',#7215,#7216);
#7215 = CARTESIAN_POINT('',(-28.,0.,119.));
#7216 = VECTOR('',#7217,1.);
#7217 = DIRECTION('',(1.,0.,0.));
#7218 = ORIENTED_EDGE('',*,*,#7219,.T.);
#7219 = EDGE_CURVE('',#7212,#7220,#7222,.T.);
#7220 = VERTEX_POINT('',#7221);
#7221 = CARTESIAN_POINT('',(-14.75,8.8,119.));
#7222 = LINE('',#7223,#7224);
#7223 = CARTESIAN_POINT('',(-14.75,0.,119.));
#7224 = VECTOR('',#7225,1.);
#7225 = DIRECTION('',(0.,1.,0.));
#7226 = ORIENTED_EDGE('',*,*,#7227,.T.);
#7227 = EDGE_CURVE('',#7220,#7228,#7230,.T.);
#7228 = VERTEX_POINT('',#7229);
#7229 = CARTESIAN_POINT('',(14.75,8.8,119.));
#7230 = LINE('',#7231,#7232);
#7231 = CARTESIAN_POINT('',(-17.5,8.8,119.));
#7232 = VECTOR('',#7233,1.);
#7233 = DIRECTION('',(1.,0.,0.));
#7234 = ORIENTED_EDGE('',*,*,#7235,.F.);
#7235 = EDGE_CURVE('',#7236,#7228,#7238,.T.);
#7236 = VERTEX_POINT('',#7237);
#7237 = CARTESIAN_POINT('',(14.75,0.,119.));
#7238 = LINE('',#7239,#7240);
#7239 = CARTESIAN_POINT('',(14.75,0.,119.));
#7240 = VECTOR('',#7241,1.);
#7241 = DIRECTION('',(0.,1.,0.));
#7242 = ORIENTED_EDGE('',*,*,#7243,.T.);
#7243 = EDGE_CURVE('',#7236,#4429,#7244,.T.);
#7244 = LINE('',#7245,#7246);
#7245 = CARTESIAN_POINT('',(14.75,0.,119.));
#7246 = VECTOR('',#7247,1.);
#7247 = DIRECTION('',(1.,0.,0.));
#7248 = FACE_BOUND('',#7249,.T.);
#7249 = EDGE_LOOP('',(#7250));
#7250 = ORIENTED_EDGE('',*,*,#7251,.T.);
#7251 = EDGE_CURVE('',#7252,#7252,#7254,.T.);
#7252 = VERTEX_POINT('',#7253);
#7253 = CARTESIAN_POINT('',(11.75,5.5,119.));
#7254 = CIRCLE('',#7255,2.5);
#7255 = AXIS2_PLACEMENT_3D('',#7256,#7257,#7258);
#7256 = CARTESIAN_POINT('',(9.25,5.5,119.));
#7257 = DIRECTION('',(0.,0.,1.));
#7258 = DIRECTION('',(1.,0.,0.));
#7259 = FACE_BOUND('',#7260,.T.);
#7260 = EDGE_LOOP('',(#7261));
#7261 = ORIENTED_EDGE('',*,*,#7262,.T.);
#7262 = EDGE_CURVE('',#7263,#7263,#7265,.T.);
#7263 = VERTEX_POINT('',#7264);
#7264 = CARTESIAN_POINT('',(-6.75,5.5,119.));
#7265 = CIRCLE('',#7266,2.5);
#7266 = AXIS2_PLACEMENT_3D('',#7267,#7268,#7269);
#7267 = CARTESIAN_POINT('',(-9.25,5.5,119.));
#7268 = DIRECTION('',(0.,0.,1.));
#7269 = DIRECTION('',(1.,0.,0.));
#7270 = PLANE('',#7271);
#7271 = AXIS2_PLACEMENT_3D('',#7272,#7273,#7274);
#7272 = CARTESIAN_POINT('',(-3.8E-16,7.137628111274E-02,119.));
#7273 = DIRECTION('',(-0.,-0.,-1.));
#7274 = DIRECTION('',(-1.,0.,0.));
#7275 = ADVANCED_FACE('',(#7276),#7287,.T.);
#7276 = FACE_BOUND('',#7277,.T.);
#7277 = EDGE_LOOP('',(#7278,#7279,#7280,#7281));
#7278 = ORIENTED_EDGE('',*,*,#7211,.F.);
#7279 = ORIENTED_EDGE('',*,*,#3681,.T.);
#7280 = ORIENTED_EDGE('',*,*,#3853,.F.);
#7281 = ORIENTED_EDGE('',*,*,#7282,.F.);
#7282 = EDGE_CURVE('',#7212,#3846,#7283,.T.);
#7283 = LINE('',#7284,#7285);
#7284 = CARTESIAN_POINT('',(-14.75,0.,119.));
#7285 = VECTOR('',#7286,1.);
#7286 = DIRECTION('',(0.,0.,1.));
#7287 = PLANE('',#7288);
#7288 = AXIS2_PLACEMENT_3D('',#7289,#7290,#7291);
#7289 = CARTESIAN_POINT('',(-28.,0.,119.));
#7290 = DIRECTION('',(0.,1.,0.));
#7291 = DIRECTION('',(0.,0.,1.));
#7292 = ADVANCED_FACE('',(#7293,#7335,#7369),#7403,.T.);
#7293 = FACE_BOUND('',#7294,.T.);
#7294 = EDGE_LOOP('',(#7295,#7296,#7297,#7298,#7299,#7300,#7301,#7307,
    #7308,#7309,#7310,#7311,#7312,#7313,#7321,#7329));
#7295 = ORIENTED_EDGE('',*,*,#3721,.F.);
#7296 = ORIENTED_EDGE('',*,*,#4032,.F.);
#7297 = ORIENTED_EDGE('',*,*,#4082,.F.);
#7298 = ORIENTED_EDGE('',*,*,#4114,.F.);
#7299 = ORIENTED_EDGE('',*,*,#4139,.T.);
#7300 = ORIENTED_EDGE('',*,*,#4179,.F.);
#7301 = ORIENTED_EDGE('',*,*,#7302,.T.);
#7302 = EDGE_CURVE('',#4156,#4238,#7303,.T.);
#7303 = LINE('',#7304,#7305);
#7304 = CARTESIAN_POINT('',(-13.35,-17.6,96.6));
#7305 = VECTOR('',#7306,1.);
#7306 = DIRECTION('',(1.,0.,0.));
#7307 = ORIENTED_EDGE('',*,*,#4261,.T.);
#7308 = ORIENTED_EDGE('',*,*,#4285,.T.);
#7309 = ORIENTED_EDGE('',*,*,#4301,.T.);
#7310 = ORIENTED_EDGE('',*,*,#4323,.F.);
#7311 = ORIENTED_EDGE('',*,*,#4357,.F.);
#7312 = ORIENTED_EDGE('',*,*,#4397,.F.);
#7313 = ORIENTED_EDGE('',*,*,#7314,.T.);
#7314 = EDGE_CURVE('',#4390,#7315,#7317,.T.);
#7315 = VERTEX_POINT('',#7316);
#7316 = CARTESIAN_POINT('',(14.1,-17.6,144.4));
#7317 = LINE('',#7318,#7319);
#7318 = CARTESIAN_POINT('',(14.1,-17.6,94.6));
#7319 = VECTOR('',#7320,1.);
#7320 = DIRECTION('',(0.,0.,1.));
#7321 = ORIENTED_EDGE('',*,*,#7322,.F.);
#7322 = EDGE_CURVE('',#7323,#7315,#7325,.T.);
#7323 = VERTEX_POINT('',#7324);
#7324 = CARTESIAN_POINT('',(-14.1,-17.6,144.4));
#7325 = LINE('',#7326,#7327);
#7326 = CARTESIAN_POINT('',(-14.1,-17.6,144.4));
#7327 = VECTOR('',#7328,1.);
#7328 = DIRECTION('',(1.,0.,0.));
#7329 = ORIENTED_EDGE('',*,*,#7330,.F.);
#7330 = EDGE_CURVE('',#3722,#7323,#7331,.T.);
#7331 = LINE('',#7332,#7333);
#7332 = CARTESIAN_POINT('',(-14.1,-17.6,94.6));
#7333 = VECTOR('',#7334,1.);
#7334 = DIRECTION('',(0.,0.,1.));
#7335 = FACE_BOUND('',#7336,.T.);
#7336 = EDGE_LOOP('',(#7337,#7347,#7355,#7363));
#7337 = ORIENTED_EDGE('',*,*,#7338,.T.);
#7338 = EDGE_CURVE('',#7339,#7341,#7343,.T.);
#7339 = VERTEX_POINT('',#7340);
#7340 = CARTESIAN_POINT('',(-12.2,-17.6,138.4));
#7341 = VERTEX_POINT('',#7342);
#7342 = CARTESIAN_POINT('',(-9.4,-17.6,138.4));
#7343 = LINE('',#7344,#7345);
#7344 = CARTESIAN_POINT('',(-13.15,-17.6,138.4));
#7345 = VECTOR('',#7346,1.);
#7346 = DIRECTION('',(1.,0.,0.));
#7347 = ORIENTED_EDGE('',*,*,#7348,.T.);
#7348 = EDGE_CURVE('',#7341,#7349,#7351,.T.);
#7349 = VERTEX_POINT('',#7350);
#7350 = CARTESIAN_POINT('',(-9.4,-17.6,137.));
#7351 = LINE('',#7352,#7353);
#7352 = CARTESIAN_POINT('',(-9.4,-17.6,115.8));
#7353 = VECTOR('',#7354,1.);
#7354 = DIRECTION('',(0.,0.,-1.));
#7355 = ORIENTED_EDGE('',*,*,#7356,.F.);
#7356 = EDGE_CURVE('',#7357,#7349,#7359,.T.);
#7357 = VERTEX_POINT('',#7358);
#7358 = CARTESIAN_POINT('',(-12.2,-17.6,137.));
#7359 = LINE('',#7360,#7361);
#7360 = CARTESIAN_POINT('',(-13.15,-17.6,137.));
#7361 = VECTOR('',#7362,1.);
#7362 = DIRECTION('',(1.,0.,0.));
#7363 = ORIENTED_EDGE('',*,*,#7364,.F.);
#7364 = EDGE_CURVE('',#7339,#7357,#7365,.T.);
#7365 = LINE('',#7366,#7367);
#7366 = CARTESIAN_POINT('',(-12.2,-17.6,115.8));
#7367 = VECTOR('',#7368,1.);
#7368 = DIRECTION('',(0.,0.,-1.));
#7369 = FACE_BOUND('',#7370,.T.);
#7370 = EDGE_LOOP('',(#7371,#7381,#7389,#7397));
#7371 = ORIENTED_EDGE('',*,*,#7372,.T.);
#7372 = EDGE_CURVE('',#7373,#7375,#7377,.T.);
#7373 = VERTEX_POINT('',#7374);
#7374 = CARTESIAN_POINT('',(9.4,-17.6,138.4));
#7375 = VERTEX_POINT('',#7376);
#7376 = CARTESIAN_POINT('',(12.2,-17.6,138.4));
#7377 = LINE('',#7378,#7379);
#7378 = CARTESIAN_POINT('',(-2.35,-17.6,138.4));
#7379 = VECTOR('',#7380,1.);
#7380 = DIRECTION('',(1.,0.,0.));
#7381 = ORIENTED_EDGE('',*,*,#7382,.T.);
#7382 = EDGE_CURVE('',#7375,#7383,#7385,.T.);
#7383 = VERTEX_POINT('',#7384);
#7384 = CARTESIAN_POINT('',(12.2,-17.6,137.));
#7385 = LINE('',#7386,#7387);
#7386 = CARTESIAN_POINT('',(12.2,-17.6,115.8));
#7387 = VECTOR('',#7388,1.);
#7388 = DIRECTION('',(0.,0.,-1.));
#7389 = ORIENTED_EDGE('',*,*,#7390,.F.);
#7390 = EDGE_CURVE('',#7391,#7383,#7393,.T.);
#7391 = VERTEX_POINT('',#7392);
#7392 = CARTESIAN_POINT('',(9.4,-17.6,137.));
#7393 = LINE('',#7394,#7395);
#7394 = CARTESIAN_POINT('',(-2.35,-17.6,137.));
#7395 = VECTOR('',#7396,1.);
#7396 = DIRECTION('',(1.,0.,0.));
#7397 = ORIENTED_EDGE('',*,*,#7398,.F.);
#7398 = EDGE_CURVE('',#7373,#7391,#7399,.T.);
#7399 = LINE('',#7400,#7401);
#7400 = CARTESIAN_POINT('',(9.4,-17.6,115.8));
#7401 = VECTOR('',#7402,1.);
#7402 = DIRECTION('',(0.,0.,-1.));
#7403 = PLANE('',#7404);
#7404 = AXIS2_PLACEMENT_3D('',#7405,#7406,#7407);
#7405 = CARTESIAN_POINT('',(0.699004975124,-17.6,120.63084577114));
#7406 = DIRECTION('',(-0.,-1.,-0.));
#7407 = DIRECTION('',(0.,0.,-1.));
#7408 = ADVANCED_FACE('',(#7409),#7427,.F.);
#7409 = FACE_BOUND('',#7410,.F.);
#7410 = EDGE_LOOP('',(#7411,#7412,#7413,#7421));
#7411 = ORIENTED_EDGE('',*,*,#7330,.F.);
#7412 = ORIENTED_EDGE('',*,*,#3729,.T.);
#7413 = ORIENTED_EDGE('',*,*,#7414,.T.);
#7414 = EDGE_CURVE('',#3730,#7415,#7417,.T.);
#7415 = VERTEX_POINT('',#7416);
#7416 = CARTESIAN_POINT('',(-14.1,-15.7,144.4));
#7417 = LINE('',#7418,#7419);
#7418 = CARTESIAN_POINT('',(-14.1,-15.7,108.8));
#7419 = VECTOR('',#7420,1.);
#7420 = DIRECTION('',(0.,0.,1.));
#7421 = ORIENTED_EDGE('',*,*,#7422,.F.);
#7422 = EDGE_CURVE('',#7323,#7415,#7423,.T.);
#7423 = LINE('',#7424,#7425);
#7424 = CARTESIAN_POINT('',(-14.1,-17.6,144.4));
#7425 = VECTOR('',#7426,1.);
#7426 = DIRECTION('',(0.,1.,0.));
#7427 = PLANE('',#7428);
#7428 = AXIS2_PLACEMENT_3D('',#7429,#7430,#7431);
#7429 = CARTESIAN_POINT('',(-14.1,-17.6,94.6));
#7430 = DIRECTION('',(1.,0.,0.));
#7431 = DIRECTION('',(0.,0.,1.));
#7432 = ADVANCED_FACE('',(#7433,#7451,#7485),#7519,.T.);
#7433 = FACE_BOUND('',#7434,.T.);
#7434 = EDGE_LOOP('',(#7435,#7436,#7437,#7445));
#7435 = ORIENTED_EDGE('',*,*,#3737,.F.);
#7436 = ORIENTED_EDGE('',*,*,#7414,.T.);
#7437 = ORIENTED_EDGE('',*,*,#7438,.F.);
#7438 = EDGE_CURVE('',#7439,#7415,#7441,.T.);
#7439 = VERTEX_POINT('',#7440);
#7440 = CARTESIAN_POINT('',(14.1,-15.7,144.4));
#7441 = LINE('',#7442,#7443);
#7442 = CARTESIAN_POINT('',(-15.8,-15.7,144.4));
#7443 = VECTOR('',#7444,1.);
#7444 = DIRECTION('',(-1.,0.,0.));
#7445 = ORIENTED_EDGE('',*,*,#7446,.F.);
#7446 = EDGE_CURVE('',#3738,#7439,#7447,.T.);
#7447 = LINE('',#7448,#7449);
#7448 = CARTESIAN_POINT('',(14.1,-15.7,108.8));
#7449 = VECTOR('',#7450,1.);
#7450 = DIRECTION('',(0.,0.,1.));
#7451 = FACE_BOUND('',#7452,.T.);
#7452 = EDGE_LOOP('',(#7453,#7463,#7471,#7479));
#7453 = ORIENTED_EDGE('',*,*,#7454,.T.);
#7454 = EDGE_CURVE('',#7455,#7457,#7459,.T.);
#7455 = VERTEX_POINT('',#7456);
#7456 = CARTESIAN_POINT('',(-9.4,-15.7,137.));
#7457 = VERTEX_POINT('',#7458);
#7458 = CARTESIAN_POINT('',(-9.4,-15.7,138.4));
#7459 = LINE('',#7460,#7461);
#7460 = CARTESIAN_POINT('',(-9.4,-15.7,130.));
#7461 = VECTOR('',#7462,1.);
#7462 = DIRECTION('',(0.,0.,1.));
#7463 = ORIENTED_EDGE('',*,*,#7464,.T.);
#7464 = EDGE_CURVE('',#7457,#7465,#7467,.T.);
#7465 = VERTEX_POINT('',#7466);
#7466 = CARTESIAN_POINT('',(-12.2,-15.7,138.4));
#7467 = LINE('',#7468,#7469);
#7468 = CARTESIAN_POINT('',(-14.85,-15.7,138.4));
#7469 = VECTOR('',#7470,1.);
#7470 = DIRECTION('',(-1.,0.,0.));
#7471 = ORIENTED_EDGE('',*,*,#7472,.F.);
#7472 = EDGE_CURVE('',#7473,#7465,#7475,.T.);
#7473 = VERTEX_POINT('',#7474);
#7474 = CARTESIAN_POINT('',(-12.2,-15.7,137.));
#7475 = LINE('',#7476,#7477);
#7476 = CARTESIAN_POINT('',(-12.2,-15.7,130.));
#7477 = VECTOR('',#7478,1.);
#7478 = DIRECTION('',(0.,0.,1.));
#7479 = ORIENTED_EDGE('',*,*,#7480,.F.);
#7480 = EDGE_CURVE('',#7455,#7473,#7481,.T.);
#7481 = LINE('',#7482,#7483);
#7482 = CARTESIAN_POINT('',(-14.85,-15.7,137.));
#7483 = VECTOR('',#7484,1.);
#7484 = DIRECTION('',(-1.,0.,0.));
#7485 = FACE_BOUND('',#7486,.T.);
#7486 = EDGE_LOOP('',(#7487,#7497,#7505,#7513));
#7487 = ORIENTED_EDGE('',*,*,#7488,.T.);
#7488 = EDGE_CURVE('',#7489,#7491,#7493,.T.);
#7489 = VERTEX_POINT('',#7490);
#7490 = CARTESIAN_POINT('',(12.2,-15.7,137.));
#7491 = VERTEX_POINT('',#7492);
#7492 = CARTESIAN_POINT('',(12.2,-15.7,138.4));
#7493 = LINE('',#7494,#7495);
#7494 = CARTESIAN_POINT('',(12.2,-15.7,130.));
#7495 = VECTOR('',#7496,1.);
#7496 = DIRECTION('',(0.,0.,1.));
#7497 = ORIENTED_EDGE('',*,*,#7498,.T.);
#7498 = EDGE_CURVE('',#7491,#7499,#7501,.T.);
#7499 = VERTEX_POINT('',#7500);
#7500 = CARTESIAN_POINT('',(9.4,-15.7,138.4));
#7501 = LINE('',#7502,#7503);
#7502 = CARTESIAN_POINT('',(-4.05,-15.7,138.4));
#7503 = VECTOR('',#7504,1.);
#7504 = DIRECTION('',(-1.,0.,0.));
#7505 = ORIENTED_EDGE('',*,*,#7506,.F.);
#7506 = EDGE_CURVE('',#7507,#7499,#7509,.T.);
#7507 = VERTEX_POINT('',#7508);
#7508 = CARTESIAN_POINT('',(9.4,-15.7,137.));
#7509 = LINE('',#7510,#7511);
#7510 = CARTESIAN_POINT('',(9.4,-15.7,130.));
#7511 = VECTOR('',#7512,1.);
#7512 = DIRECTION('',(0.,0.,1.));
#7513 = ORIENTED_EDGE('',*,*,#7514,.F.);
#7514 = EDGE_CURVE('',#7489,#7507,#7515,.T.);
#7515 = LINE('',#7516,#7517);
#7516 = CARTESIAN_POINT('',(-4.05,-15.7,137.));
#7517 = VECTOR('',#7518,1.);
#7518 = DIRECTION('',(-1.,0.,0.));
#7519 = PLANE('',#7520);
#7520 = AXIS2_PLACEMENT_3D('',#7521,#7522,#7523);
#7521 = CARTESIAN_POINT('',(-17.5,-15.7,123.));
#7522 = DIRECTION('',(0.,1.,0.));
#7523 = DIRECTION('',(0.,0.,1.));
#7524 = ADVANCED_FACE('',(#7525),#7543,.T.);
#7525 = FACE_BOUND('',#7526,.T.);
#7526 = EDGE_LOOP('',(#7527,#7528,#7529,#7535,#7536,#7537));
#7527 = ORIENTED_EDGE('',*,*,#7314,.F.);
#7528 = ORIENTED_EDGE('',*,*,#4389,.T.);
#7529 = ORIENTED_EDGE('',*,*,#7530,.T.);
#7530 = EDGE_CURVE('',#4382,#3746,#7531,.T.);
#7531 = LINE('',#7532,#7533);
#7532 = CARTESIAN_POINT('',(14.1,-16.,107.8));
#7533 = VECTOR('',#7534,1.);
#7534 = DIRECTION('',(0.,0.,1.));
#7535 = ORIENTED_EDGE('',*,*,#3745,.T.);
#7536 = ORIENTED_EDGE('',*,*,#7446,.T.);
#7537 = ORIENTED_EDGE('',*,*,#7538,.F.);
#7538 = EDGE_CURVE('',#7315,#7439,#7539,.T.);
#7539 = LINE('',#7540,#7541);
#7540 = CARTESIAN_POINT('',(14.1,-17.6,144.4));
#7541 = VECTOR('',#7542,1.);
#7542 = DIRECTION('',(0.,1.,0.));
#7543 = PLANE('',#7544);
#7544 = AXIS2_PLACEMENT_3D('',#7545,#7546,#7547);
#7545 = CARTESIAN_POINT('',(14.1,-17.6,94.6));
#7546 = DIRECTION('',(1.,0.,0.));
#7547 = DIRECTION('',(0.,0.,1.));
#7548 = ADVANCED_FACE('',(#7549),#7555,.T.);
#7549 = FACE_BOUND('',#7550,.T.);
#7550 = EDGE_LOOP('',(#7551,#7552,#7553,#7554));
#7551 = ORIENTED_EDGE('',*,*,#7530,.F.);
#7552 = ORIENTED_EDGE('',*,*,#4381,.T.);
#7553 = ORIENTED_EDGE('',*,*,#4443,.T.);
#7554 = ORIENTED_EDGE('',*,*,#3753,.F.);
#7555 = PLANE('',#7556);
#7556 = AXIS2_PLACEMENT_3D('',#7557,#7558,#7559);
#7557 = CARTESIAN_POINT('',(15.75,-16.,121.));
#7558 = DIRECTION('',(-0.,-1.,-0.));
#7559 = DIRECTION('',(0.,0.,-1.));
#7560 = ADVANCED_FACE('',(#7561),#7572,.T.);
#7561 = FACE_BOUND('',#7562,.T.);
#7562 = EDGE_LOOP('',(#7563,#7564,#7570,#7571));
#7563 = ORIENTED_EDGE('',*,*,#7243,.F.);
#7564 = ORIENTED_EDGE('',*,*,#7565,.T.);
#7565 = EDGE_CURVE('',#7236,#3770,#7566,.T.);
#7566 = LINE('',#7567,#7568);
#7567 = CARTESIAN_POINT('',(14.75,0.,119.));
#7568 = VECTOR('',#7569,1.);
#7569 = DIRECTION('',(0.,0.,1.));
#7570 = ORIENTED_EDGE('',*,*,#3769,.F.);
#7571 = ORIENTED_EDGE('',*,*,#4436,.F.);
#7572 = PLANE('',#7573);
#7573 = AXIS2_PLACEMENT_3D('',#7574,#7575,#7576);
#7574 = CARTESIAN_POINT('',(14.75,0.,119.));
#7575 = DIRECTION('',(0.,1.,0.));
#7576 = DIRECTION('',(0.,0.,1.));
#7577 = ADVANCED_FACE('',(#7578),#7589,.T.);
#7578 = FACE_BOUND('',#7579,.T.);
#7579 = EDGE_LOOP('',(#7580,#7581,#7582,#7588));
#7580 = ORIENTED_EDGE('',*,*,#7565,.F.);
#7581 = ORIENTED_EDGE('',*,*,#7235,.T.);
#7582 = ORIENTED_EDGE('',*,*,#7583,.F.);
#7583 = EDGE_CURVE('',#3778,#7228,#7584,.T.);
#7584 = LINE('',#7585,#7586);
#7585 = CARTESIAN_POINT('',(14.75,8.8,119.));
#7586 = VECTOR('',#7587,1.);
#7587 = DIRECTION('',(0.,0.,-1.));
#7588 = ORIENTED_EDGE('',*,*,#3777,.F.);
#7589 = PLANE('',#7590);
#7590 = AXIS2_PLACEMENT_3D('',#7591,#7592,#7593);
#7591 = CARTESIAN_POINT('',(14.75,0.,119.));
#7592 = DIRECTION('',(1.,0.,0.));
#7593 = DIRECTION('',(0.,0.,1.));
#7594 = ADVANCED_FACE('',(#7595),#7652,.T.);
#7595 = FACE_BOUND('',#7596,.T.);
#7596 = EDGE_LOOP('',(#7597,#7598,#7604,#7605,#7613,#7621,#7627,#7628,
    #7636,#7644,#7650,#7651));
#7597 = ORIENTED_EDGE('',*,*,#7227,.F.);
#7598 = ORIENTED_EDGE('',*,*,#7599,.F.);
#7599 = EDGE_CURVE('',#3838,#7220,#7600,.T.);
#7600 = LINE('',#7601,#7602);
#7601 = CARTESIAN_POINT('',(-14.75,8.8,119.));
#7602 = VECTOR('',#7603,1.);
#7603 = DIRECTION('',(0.,0.,-1.));
#7604 = ORIENTED_EDGE('',*,*,#3837,.F.);
#7605 = ORIENTED_EDGE('',*,*,#7606,.T.);
#7606 = EDGE_CURVE('',#3829,#7607,#7609,.T.);
#7607 = VERTEX_POINT('',#7608);
#7608 = CARTESIAN_POINT('',(-13.00632799419,8.8,123.8));
#7609 = LINE('',#7610,#7611);
#7610 = CARTESIAN_POINT('',(-13.00632799419,8.8,122.8));
#7611 = VECTOR('',#7612,1.);
#7612 = DIRECTION('',(0.,0.,1.));
#7613 = ORIENTED_EDGE('',*,*,#7614,.F.);
#7614 = EDGE_CURVE('',#7615,#7607,#7617,.T.);
#7615 = VERTEX_POINT('',#7616);
#7616 = CARTESIAN_POINT('',(-5.493672005801,8.8,123.8));
#7617 = LINE('',#7618,#7619);
#7618 = CARTESIAN_POINT('',(-13.375,8.8,123.8));
#7619 = VECTOR('',#7620,1.);
#7620 = DIRECTION('',(-1.,0.,0.));
#7621 = ORIENTED_EDGE('',*,*,#7622,.F.);
#7622 = EDGE_CURVE('',#3812,#7615,#7623,.T.);
#7623 = LINE('',#7624,#7625);
#7624 = CARTESIAN_POINT('',(-5.493672005801,8.8,122.8));
#7625 = VECTOR('',#7626,1.);
#7626 = DIRECTION('',(0.,0.,1.));
#7627 = ORIENTED_EDGE('',*,*,#3811,.F.);
#7628 = ORIENTED_EDGE('',*,*,#7629,.T.);
#7629 = EDGE_CURVE('',#3803,#7630,#7632,.T.);
#7630 = VERTEX_POINT('',#7631);
#7631 = CARTESIAN_POINT('',(5.493672005801,8.8,123.8));
#7632 = LINE('',#7633,#7634);
#7633 = CARTESIAN_POINT('',(5.493672005801,8.8,122.8));
#7634 = VECTOR('',#7635,1.);
#7635 = DIRECTION('',(0.,0.,1.));
#7636 = ORIENTED_EDGE('',*,*,#7637,.F.);
#7637 = EDGE_CURVE('',#7638,#7630,#7640,.T.);
#7638 = VERTEX_POINT('',#7639);
#7639 = CARTESIAN_POINT('',(13.006327994199,8.8,123.8));
#7640 = LINE('',#7641,#7642);
#7641 = CARTESIAN_POINT('',(-4.125,8.8,123.8));
#7642 = VECTOR('',#7643,1.);
#7643 = DIRECTION('',(-1.,0.,0.));
#7644 = ORIENTED_EDGE('',*,*,#7645,.F.);
#7645 = EDGE_CURVE('',#3786,#7638,#7646,.T.);
#7646 = LINE('',#7647,#7648);
#7647 = CARTESIAN_POINT('',(13.006327994199,8.8,122.8));
#7648 = VECTOR('',#7649,1.);
#7649 = DIRECTION('',(0.,0.,1.));
#7650 = ORIENTED_EDGE('',*,*,#3785,.F.);
#7651 = ORIENTED_EDGE('',*,*,#7583,.T.);
#7652 = PLANE('',#7653);
#7653 = AXIS2_PLACEMENT_3D('',#7654,#7655,#7656);
#7654 = CARTESIAN_POINT('',(-17.5,8.8,119.));
#7655 = DIRECTION('',(0.,1.,0.));
#7656 = DIRECTION('',(0.,0.,1.));
#7657 = ADVANCED_FACE('',(#7658),#7680,.T.);
#7658 = FACE_BOUND('',#7659,.T.);
#7659 = EDGE_LOOP('',(#7660,#7669,#7670,#7671,#7672,#7673));
#7660 = ORIENTED_EDGE('',*,*,#7661,.F.);
#7661 = EDGE_CURVE('',#7630,#7662,#7664,.T.);
#7662 = VERTEX_POINT('',#7663);
#7663 = CARTESIAN_POINT('',(14.25,5.5,123.8));
#7664 = CIRCLE('',#7665,5.);
#7665 = AXIS2_PLACEMENT_3D('',#7666,#7667,#7668);
#7666 = CARTESIAN_POINT('',(9.25,5.5,123.8));
#7667 = DIRECTION('',(0.,0.,1.));
#7668 = DIRECTION('',(1.,0.,0.));
#7669 = ORIENTED_EDGE('',*,*,#7629,.F.);
#7670 = ORIENTED_EDGE('',*,*,#3802,.T.);
#7671 = ORIENTED_EDGE('',*,*,#3793,.T.);
#7672 = ORIENTED_EDGE('',*,*,#7645,.T.);
#7673 = ORIENTED_EDGE('',*,*,#7674,.F.);
#7674 = EDGE_CURVE('',#7662,#7638,#7675,.T.);
#7675 = CIRCLE('',#7676,5.);
#7676 = AXIS2_PLACEMENT_3D('',#7677,#7678,#7679);
#7677 = CARTESIAN_POINT('',(9.25,5.5,123.8));
#7678 = DIRECTION('',(0.,0.,1.));
#7679 = DIRECTION('',(1.,0.,0.));
#7680 = CYLINDRICAL_SURFACE('',#7681,5.);
#7681 = AXIS2_PLACEMENT_3D('',#7682,#7683,#7684);
#7682 = CARTESIAN_POINT('',(9.25,5.5,122.8));
#7683 = DIRECTION('',(0.,0.,1.));
#7684 = DIRECTION('',(1.,0.,0.));
#7685 = ADVANCED_FACE('',(#7686),#7708,.T.);
#7686 = FACE_BOUND('',#7687,.T.);
#7687 = EDGE_LOOP('',(#7688,#7697,#7698,#7699,#7700,#7701));
#7688 = ORIENTED_EDGE('',*,*,#7689,.F.);
#7689 = EDGE_CURVE('',#7607,#7690,#7692,.T.);
#7690 = VERTEX_POINT('',#7691);
#7691 = CARTESIAN_POINT('',(-4.25,5.5,123.8));
#7692 = CIRCLE('',#7693,5.);
#7693 = AXIS2_PLACEMENT_3D('',#7694,#7695,#7696);
#7694 = CARTESIAN_POINT('',(-9.25,5.5,123.8));
#7695 = DIRECTION('',(0.,0.,1.));
#7696 = DIRECTION('',(1.,0.,0.));
#7697 = ORIENTED_EDGE('',*,*,#7606,.F.);
#7698 = ORIENTED_EDGE('',*,*,#3828,.T.);
#7699 = ORIENTED_EDGE('',*,*,#3819,.T.);
#7700 = ORIENTED_EDGE('',*,*,#7622,.T.);
#7701 = ORIENTED_EDGE('',*,*,#7702,.F.);
#7702 = EDGE_CURVE('',#7690,#7615,#7703,.T.);
#7703 = CIRCLE('',#7704,5.);
#7704 = AXIS2_PLACEMENT_3D('',#7705,#7706,#7707);
#7705 = CARTESIAN_POINT('',(-9.25,5.5,123.8));
#7706 = DIRECTION('',(0.,0.,1.));
#7707 = DIRECTION('',(1.,0.,0.));
#7708 = CYLINDRICAL_SURFACE('',#7709,5.);
#7709 = AXIS2_PLACEMENT_3D('',#7710,#7711,#7712);
#7710 = CARTESIAN_POINT('',(-9.25,5.5,122.8));
#7711 = DIRECTION('',(0.,0.,1.));
#7712 = DIRECTION('',(1.,0.,0.));
#7713 = ADVANCED_FACE('',(#7714),#7720,.F.);
#7714 = FACE_BOUND('',#7715,.F.);
#7715 = EDGE_LOOP('',(#7716,#7717,#7718,#7719));
#7716 = ORIENTED_EDGE('',*,*,#7282,.F.);
#7717 = ORIENTED_EDGE('',*,*,#7219,.T.);
#7718 = ORIENTED_EDGE('',*,*,#7599,.F.);
#7719 = ORIENTED_EDGE('',*,*,#3845,.F.);
#7720 = PLANE('',#7721);
#7721 = AXIS2_PLACEMENT_3D('',#7722,#7723,#7724);
#7722 = CARTESIAN_POINT('',(-14.75,0.,119.));
#7723 = DIRECTION('',(1.,0.,0.));
#7724 = DIRECTION('',(0.,0.,1.));
#7725 = ADVANCED_FACE('',(#7726),#7744,.F.);
#7726 = FACE_BOUND('',#7727,.F.);
#7727 = EDGE_LOOP('',(#7728,#7729,#7730,#7738));
#7728 = ORIENTED_EDGE('',*,*,#3861,.F.);
#7729 = ORIENTED_EDGE('',*,*,#7146,.F.);
#7730 = ORIENTED_EDGE('',*,*,#7731,.T.);
#7731 = EDGE_CURVE('',#7147,#7732,#7734,.T.);
#7732 = VERTEX_POINT('',#7733);
#7733 = CARTESIAN_POINT('',(13.5,-11.5,120.));
#7734 = LINE('',#7735,#7736);
#7735 = CARTESIAN_POINT('',(13.5,-15.5,120.));
#7736 = VECTOR('',#7737,1.);
#7737 = DIRECTION('',(0.,1.,0.));
#7738 = ORIENTED_EDGE('',*,*,#7739,.T.);
#7739 = EDGE_CURVE('',#7732,#3864,#7740,.T.);
#7740 = LINE('',#7741,#7742);
#7741 = CARTESIAN_POINT('',(13.5,-11.5,120.));
#7742 = VECTOR('',#7743,1.);
#7743 = DIRECTION('',(0.,0.,1.));
#7744 = PLANE('',#7745);
#7745 = AXIS2_PLACEMENT_3D('',#7746,#7747,#7748);
#7746 = CARTESIAN_POINT('',(13.5,-15.5,120.));
#7747 = DIRECTION('',(1.,0.,0.));
#7748 = DIRECTION('',(0.,0.,1.));
#7749 = ADVANCED_FACE('',(#7750),#7768,.T.);
#7750 = FACE_BOUND('',#7751,.T.);
#7751 = EDGE_LOOP('',(#7752,#7753,#7754,#7762));
#7752 = ORIENTED_EDGE('',*,*,#3879,.F.);
#7753 = ORIENTED_EDGE('',*,*,#7139,.F.);
#7754 = ORIENTED_EDGE('',*,*,#7755,.T.);
#7755 = EDGE_CURVE('',#7132,#7756,#7758,.T.);
#7756 = VERTEX_POINT('',#7757);
#7757 = CARTESIAN_POINT('',(-13.5,-11.5,120.));
#7758 = LINE('',#7759,#7760);
#7759 = CARTESIAN_POINT('',(-13.5,-15.5,120.));
#7760 = VECTOR('',#7761,1.);
#7761 = DIRECTION('',(0.,1.,0.));
#7762 = ORIENTED_EDGE('',*,*,#7763,.T.);
#7763 = EDGE_CURVE('',#7756,#3880,#7764,.T.);
#7764 = LINE('',#7765,#7766);
#7765 = CARTESIAN_POINT('',(-13.5,-11.5,120.));
#7766 = VECTOR('',#7767,1.);
#7767 = DIRECTION('',(0.,0.,1.));
#7768 = PLANE('',#7769);
#7769 = AXIS2_PLACEMENT_3D('',#7770,#7771,#7772);
#7770 = CARTESIAN_POINT('',(-13.5,-15.5,120.));
#7771 = DIRECTION('',(1.,0.,0.));
#7772 = DIRECTION('',(0.,0.,1.));
#7773 = ADVANCED_FACE('',(#7774),#7792,.T.);
#7774 = FACE_BOUND('',#7775,.T.);
#7775 = EDGE_LOOP('',(#7776,#7784,#7790,#7791));
#7776 = ORIENTED_EDGE('',*,*,#7777,.F.);
#7777 = EDGE_CURVE('',#7778,#7756,#7780,.T.);
#7778 = VERTEX_POINT('',#7779);
#7779 = CARTESIAN_POINT('',(-14.,-11.5,120.));
#7780 = LINE('',#7781,#7782);
#7781 = CARTESIAN_POINT('',(-17.5,-11.5,120.));
#7782 = VECTOR('',#7783,1.);
#7783 = DIRECTION('',(1.,0.,0.));
#7784 = ORIENTED_EDGE('',*,*,#7785,.T.);
#7785 = EDGE_CURVE('',#7778,#3888,#7786,.T.);
#7786 = LINE('',#7787,#7788);
#7787 = CARTESIAN_POINT('',(-14.,-11.5,118.5));
#7788 = VECTOR('',#7789,1.);
#7789 = DIRECTION('',(0.,0.,1.));
#7790 = ORIENTED_EDGE('',*,*,#3887,.T.);
#7791 = ORIENTED_EDGE('',*,*,#7763,.F.);
#7792 = PLANE('',#7793);
#7793 = AXIS2_PLACEMENT_3D('',#7794,#7795,#7796);
#7794 = CARTESIAN_POINT('',(-17.5,-11.5,120.));
#7795 = DIRECTION('',(0.,1.,0.));
#7796 = DIRECTION('',(0.,0.,1.));
#7797 = ADVANCED_FACE('',(#7798),#7816,.T.);
#7798 = FACE_BOUND('',#7799,.T.);
#7799 = EDGE_LOOP('',(#7800,#7801,#7802,#7808,#7809,#7810));
#7800 = ORIENTED_EDGE('',*,*,#7123,.F.);
#7801 = ORIENTED_EDGE('',*,*,#7203,.F.);
#7802 = ORIENTED_EDGE('',*,*,#7803,.T.);
#7803 = EDGE_CURVE('',#7196,#3896,#7804,.T.);
#7804 = LINE('',#7805,#7806);
#7805 = CARTESIAN_POINT('',(-14.,-7.,117.));
#7806 = VECTOR('',#7807,1.);
#7807 = DIRECTION('',(0.,0.,1.));
#7808 = ORIENTED_EDGE('',*,*,#3895,.F.);
#7809 = ORIENTED_EDGE('',*,*,#7785,.F.);
#7810 = ORIENTED_EDGE('',*,*,#7811,.T.);
#7811 = EDGE_CURVE('',#7778,#7124,#7812,.T.);
#7812 = LINE('',#7813,#7814);
#7813 = CARTESIAN_POINT('',(-14.,-13.75,120.));
#7814 = VECTOR('',#7815,1.);
#7815 = DIRECTION('',(0.,-1.,0.));
#7816 = PLANE('',#7817);
#7817 = AXIS2_PLACEMENT_3D('',#7818,#7819,#7820);
#7818 = CARTESIAN_POINT('',(-14.,-12.,117.));
#7819 = DIRECTION('',(1.,0.,0.));
#7820 = DIRECTION('',(0.,0.,1.));
#7821 = ADVANCED_FACE('',(#7822),#7833,.F.);
#7822 = FACE_BOUND('',#7823,.F.);
#7823 = EDGE_LOOP('',(#7824,#7830,#7831,#7832));
#7824 = ORIENTED_EDGE('',*,*,#7825,.F.);
#7825 = EDGE_CURVE('',#7188,#3904,#7826,.T.);
#7826 = LINE('',#7827,#7828);
#7827 = CARTESIAN_POINT('',(14.,-7.,117.));
#7828 = VECTOR('',#7829,1.);
#7829 = DIRECTION('',(0.,0.,1.));
#7830 = ORIENTED_EDGE('',*,*,#7195,.F.);
#7831 = ORIENTED_EDGE('',*,*,#7803,.T.);
#7832 = ORIENTED_EDGE('',*,*,#3903,.F.);
#7833 = PLANE('',#7834);
#7834 = AXIS2_PLACEMENT_3D('',#7835,#7836,#7837);
#7835 = CARTESIAN_POINT('',(-14.,-7.,117.));
#7836 = DIRECTION('',(0.,1.,0.));
#7837 = DIRECTION('',(0.,0.,1.));
#7838 = ADVANCED_FACE('',(#7839),#7859,.F.);
#7839 = FACE_BOUND('',#7840,.F.);
#7840 = EDGE_LOOP('',(#7841,#7842,#7843,#7844,#7845,#7853));
#7841 = ORIENTED_EDGE('',*,*,#7162,.F.);
#7842 = ORIENTED_EDGE('',*,*,#7187,.F.);
#7843 = ORIENTED_EDGE('',*,*,#7825,.T.);
#7844 = ORIENTED_EDGE('',*,*,#3911,.F.);
#7845 = ORIENTED_EDGE('',*,*,#7846,.F.);
#7846 = EDGE_CURVE('',#7847,#3912,#7849,.T.);
#7847 = VERTEX_POINT('',#7848);
#7848 = CARTESIAN_POINT('',(14.,-11.5,120.));
#7849 = LINE('',#7850,#7851);
#7850 = CARTESIAN_POINT('',(14.,-11.5,118.5));
#7851 = VECTOR('',#7852,1.);
#7852 = DIRECTION('',(0.,0.,1.));
#7853 = ORIENTED_EDGE('',*,*,#7854,.T.);
#7854 = EDGE_CURVE('',#7847,#7155,#7855,.T.);
#7855 = LINE('',#7856,#7857);
#7856 = CARTESIAN_POINT('',(14.,-13.75,120.));
#7857 = VECTOR('',#7858,1.);
#7858 = DIRECTION('',(0.,-1.,0.));
#7859 = PLANE('',#7860);
#7860 = AXIS2_PLACEMENT_3D('',#7861,#7862,#7863);
#7861 = CARTESIAN_POINT('',(14.,-12.,117.));
#7862 = DIRECTION('',(1.,0.,0.));
#7863 = DIRECTION('',(0.,0.,1.));
#7864 = ADVANCED_FACE('',(#7865),#7876,.T.);
#7865 = FACE_BOUND('',#7866,.T.);
#7866 = EDGE_LOOP('',(#7867,#7873,#7874,#7875));
#7867 = ORIENTED_EDGE('',*,*,#7868,.F.);
#7868 = EDGE_CURVE('',#7732,#7847,#7869,.T.);
#7869 = LINE('',#7870,#7871);
#7870 = CARTESIAN_POINT('',(13.5,-11.5,120.));
#7871 = VECTOR('',#7872,1.);
#7872 = DIRECTION('',(1.,0.,0.));
#7873 = ORIENTED_EDGE('',*,*,#7739,.T.);
#7874 = ORIENTED_EDGE('',*,*,#3919,.T.);
#7875 = ORIENTED_EDGE('',*,*,#7846,.F.);
#7876 = PLANE('',#7877);
#7877 = AXIS2_PLACEMENT_3D('',#7878,#7879,#7880);
#7878 = CARTESIAN_POINT('',(13.5,-11.5,120.));
#7879 = DIRECTION('',(0.,1.,0.));
#7880 = DIRECTION('',(0.,0.,1.));
#7881 = ADVANCED_FACE('',(#7882),#7907,.F.);
#7882 = FACE_BOUND('',#7883,.F.);
#7883 = EDGE_LOOP('',(#7884,#7892,#7893,#7901));
#7884 = ORIENTED_EDGE('',*,*,#7885,.F.);
#7885 = EDGE_CURVE('',#3928,#7886,#7888,.T.);
#7886 = VERTEX_POINT('',#7887);
#7887 = CARTESIAN_POINT('',(-7.25,-5.,123.6));
#7888 = LINE('',#7889,#7890);
#7889 = CARTESIAN_POINT('',(-7.25,-5.,122.8));
#7890 = VECTOR('',#7891,1.);
#7891 = DIRECTION('',(0.,0.,1.));
#7892 = ORIENTED_EDGE('',*,*,#3927,.T.);
#7893 = ORIENTED_EDGE('',*,*,#7894,.T.);
#7894 = EDGE_CURVE('',#3930,#7895,#7897,.T.);
#7895 = VERTEX_POINT('',#7896);
#7896 = CARTESIAN_POINT('',(-11.25,-5.,123.6));
#7897 = LINE('',#7898,#7899);
#7898 = CARTESIAN_POINT('',(-11.25,-5.,122.8));
#7899 = VECTOR('',#7900,1.);
#7900 = DIRECTION('',(0.,0.,1.));
#7901 = ORIENTED_EDGE('',*,*,#7902,.T.);
#7902 = EDGE_CURVE('',#7895,#7886,#7903,.T.);
#7903 = LINE('',#7904,#7905);
#7904 = CARTESIAN_POINT('',(-11.25,-5.,123.6));
#7905 = VECTOR('',#7906,1.);
#7906 = DIRECTION('',(1.,0.,0.));
#7907 = PLANE('',#7908);
#7908 = AXIS2_PLACEMENT_3D('',#7909,#7910,#7911);
#7909 = CARTESIAN_POINT('',(-11.25,-5.,122.8));
#7910 = DIRECTION('',(0.,1.,0.));
#7911 = DIRECTION('',(0.,0.,1.));
#7912 = ADVANCED_FACE('',(#7913),#7931,.F.);
#7913 = FACE_BOUND('',#7914,.F.);
#7914 = EDGE_LOOP('',(#7915,#7916,#7917,#7925));
#7915 = ORIENTED_EDGE('',*,*,#7894,.F.);
#7916 = ORIENTED_EDGE('',*,*,#3937,.T.);
#7917 = ORIENTED_EDGE('',*,*,#7918,.T.);
#7918 = EDGE_CURVE('',#3938,#7919,#7921,.T.);
#7919 = VERTEX_POINT('',#7920);
#7920 = CARTESIAN_POINT('',(-11.25,-3.,123.6));
#7921 = LINE('',#7922,#7923);
#7922 = CARTESIAN_POINT('',(-11.25,-3.,122.8));
#7923 = VECTOR('',#7924,1.);
#7924 = DIRECTION('',(0.,0.,1.));
#7925 = ORIENTED_EDGE('',*,*,#7926,.F.);
#7926 = EDGE_CURVE('',#7895,#7919,#7927,.T.);
#7927 = LINE('',#7928,#7929);
#7928 = CARTESIAN_POINT('',(-11.25,-5.,123.6));
#7929 = VECTOR('',#7930,1.);
#7930 = DIRECTION('',(0.,1.,0.));
#7931 = PLANE('',#7932);
#7932 = AXIS2_PLACEMENT_3D('',#7933,#7934,#7935);
#7933 = CARTESIAN_POINT('',(-11.25,-5.,122.8));
#7934 = DIRECTION('',(1.,0.,0.));
#7935 = DIRECTION('',(0.,0.,1.));
#7936 = ADVANCED_FACE('',(#7937),#7955,.T.);
#7937 = FACE_BOUND('',#7938,.T.);
#7938 = EDGE_LOOP('',(#7939,#7947,#7948,#7949));
#7939 = ORIENTED_EDGE('',*,*,#7940,.F.);
#7940 = EDGE_CURVE('',#3946,#7941,#7943,.T.);
#7941 = VERTEX_POINT('',#7942);
#7942 = CARTESIAN_POINT('',(-7.25,-3.,123.6));
#7943 = LINE('',#7944,#7945);
#7944 = CARTESIAN_POINT('',(-7.25,-3.,122.8));
#7945 = VECTOR('',#7946,1.);
#7946 = DIRECTION('',(0.,0.,1.));
#7947 = ORIENTED_EDGE('',*,*,#3945,.T.);
#7948 = ORIENTED_EDGE('',*,*,#7918,.T.);
#7949 = ORIENTED_EDGE('',*,*,#7950,.T.);
#7950 = EDGE_CURVE('',#7919,#7941,#7951,.T.);
#7951 = LINE('',#7952,#7953);
#7952 = CARTESIAN_POINT('',(-11.25,-3.,123.6));
#7953 = VECTOR('',#7954,1.);
#7954 = DIRECTION('',(1.,0.,0.));
#7955 = PLANE('',#7956);
#7956 = AXIS2_PLACEMENT_3D('',#7957,#7958,#7959);
#7957 = CARTESIAN_POINT('',(-11.25,-3.,122.8));
#7958 = DIRECTION('',(0.,1.,0.));
#7959 = DIRECTION('',(0.,0.,1.));
#7960 = ADVANCED_FACE('',(#7961),#7972,.T.);
#7961 = FACE_BOUND('',#7962,.T.);
#7962 = EDGE_LOOP('',(#7963,#7964,#7965,#7966));
#7963 = ORIENTED_EDGE('',*,*,#7885,.F.);
#7964 = ORIENTED_EDGE('',*,*,#3953,.T.);
#7965 = ORIENTED_EDGE('',*,*,#7940,.T.);
#7966 = ORIENTED_EDGE('',*,*,#7967,.F.);
#7967 = EDGE_CURVE('',#7886,#7941,#7968,.T.);
#7968 = LINE('',#7969,#7970);
#7969 = CARTESIAN_POINT('',(-7.25,-5.,123.6));
#7970 = VECTOR('',#7971,1.);
#7971 = DIRECTION('',(0.,1.,0.));
#7972 = PLANE('',#7973);
#7973 = AXIS2_PLACEMENT_3D('',#7974,#7975,#7976);
#7974 = CARTESIAN_POINT('',(-7.25,-5.,122.8));
#7975 = DIRECTION('',(1.,0.,0.));
#7976 = DIRECTION('',(0.,0.,1.));
#7977 = ADVANCED_FACE('',(#7978),#8003,.F.);
#7978 = FACE_BOUND('',#7979,.F.);
#7979 = EDGE_LOOP('',(#7980,#7988,#7989,#7997));
#7980 = ORIENTED_EDGE('',*,*,#7981,.F.);
#7981 = EDGE_CURVE('',#3962,#7982,#7984,.T.);
#7982 = VERTEX_POINT('',#7983);
#7983 = CARTESIAN_POINT('',(11.25,-5.,123.6));
#7984 = LINE('',#7985,#7986);
#7985 = CARTESIAN_POINT('',(11.25,-5.,122.8));
#7986 = VECTOR('',#7987,1.);
#7987 = DIRECTION('',(0.,0.,1.));
#7988 = ORIENTED_EDGE('',*,*,#3961,.T.);
#7989 = ORIENTED_EDGE('',*,*,#7990,.T.);
#7990 = EDGE_CURVE('',#3964,#7991,#7993,.T.);
#7991 = VERTEX_POINT('',#7992);
#7992 = CARTESIAN_POINT('',(7.25,-5.,123.6));
#7993 = LINE('',#7994,#7995);
#7994 = CARTESIAN_POINT('',(7.25,-5.,122.8));
#7995 = VECTOR('',#7996,1.);
#7996 = DIRECTION('',(0.,0.,1.));
#7997 = ORIENTED_EDGE('',*,*,#7998,.T.);
#7998 = EDGE_CURVE('',#7991,#7982,#7999,.T.);
#7999 = LINE('',#8000,#8001);
#8000 = CARTESIAN_POINT('',(7.25,-5.,123.6));
#8001 = VECTOR('',#8002,1.);
#8002 = DIRECTION('',(1.,0.,0.));
#8003 = PLANE('',#8004);
#8004 = AXIS2_PLACEMENT_3D('',#8005,#8006,#8007);
#8005 = CARTESIAN_POINT('',(7.25,-5.,122.8));
#8006 = DIRECTION('',(0.,1.,0.));
#8007 = DIRECTION('',(0.,0.,1.));
#8008 = ADVANCED_FACE('',(#8009),#8027,.F.);
#8009 = FACE_BOUND('',#8010,.F.);
#8010 = EDGE_LOOP('',(#8011,#8012,#8013,#8021));
#8011 = ORIENTED_EDGE('',*,*,#7990,.F.);
#8012 = ORIENTED_EDGE('',*,*,#3971,.T.);
#8013 = ORIENTED_EDGE('',*,*,#8014,.T.);
#8014 = EDGE_CURVE('',#3972,#8015,#8017,.T.);
#8015 = VERTEX_POINT('',#8016);
#8016 = CARTESIAN_POINT('',(7.25,-3.,123.6));
#8017 = LINE('',#8018,#8019);
#8018 = CARTESIAN_POINT('',(7.25,-3.,122.8));
#8019 = VECTOR('',#8020,1.);
#8020 = DIRECTION('',(0.,0.,1.));
#8021 = ORIENTED_EDGE('',*,*,#8022,.F.);
#8022 = EDGE_CURVE('',#7991,#8015,#8023,.T.);
#8023 = LINE('',#8024,#8025);
#8024 = CARTESIAN_POINT('',(7.25,-5.,123.6));
#8025 = VECTOR('',#8026,1.);
#8026 = DIRECTION('',(0.,1.,0.));
#8027 = PLANE('',#8028);
#8028 = AXIS2_PLACEMENT_3D('',#8029,#8030,#8031);
#8029 = CARTESIAN_POINT('',(7.25,-5.,122.8));
#8030 = DIRECTION('',(1.,0.,0.));
#8031 = DIRECTION('',(0.,0.,1.));
#8032 = ADVANCED_FACE('',(#8033),#8051,.T.);
#8033 = FACE_BOUND('',#8034,.T.);
#8034 = EDGE_LOOP('',(#8035,#8043,#8044,#8045));
#8035 = ORIENTED_EDGE('',*,*,#8036,.F.);
#8036 = EDGE_CURVE('',#3980,#8037,#8039,.T.);
#8037 = VERTEX_POINT('',#8038);
#8038 = CARTESIAN_POINT('',(11.25,-3.,123.6));
#8039 = LINE('',#8040,#8041);
#8040 = CARTESIAN_POINT('',(11.25,-3.,122.8));
#8041 = VECTOR('',#8042,1.);
#8042 = DIRECTION('',(0.,0.,1.));
#8043 = ORIENTED_EDGE('',*,*,#3979,.T.);
#8044 = ORIENTED_EDGE('',*,*,#8014,.T.);
#8045 = ORIENTED_EDGE('',*,*,#8046,.T.);
#8046 = EDGE_CURVE('',#8015,#8037,#8047,.T.);
#8047 = LINE('',#8048,#8049);
#8048 = CARTESIAN_POINT('',(7.25,-3.,123.6));
#8049 = VECTOR('',#8050,1.);
#8050 = DIRECTION('',(1.,0.,0.));
#8051 = PLANE('',#8052);
#8052 = AXIS2_PLACEMENT_3D('',#8053,#8054,#8055);
#8053 = CARTESIAN_POINT('',(7.25,-3.,122.8));
#8054 = DIRECTION('',(0.,1.,0.));
#8055 = DIRECTION('',(0.,0.,1.));
#8056 = ADVANCED_FACE('',(#8057),#8068,.T.);
#8057 = FACE_BOUND('',#8058,.T.);
#8058 = EDGE_LOOP('',(#8059,#8060,#8061,#8062));
#8059 = ORIENTED_EDGE('',*,*,#7981,.F.);
#8060 = ORIENTED_EDGE('',*,*,#3987,.T.);
#8061 = ORIENTED_EDGE('',*,*,#8036,.T.);
#8062 = ORIENTED_EDGE('',*,*,#8063,.F.);
#8063 = EDGE_CURVE('',#7982,#8037,#8064,.T.);
#8064 = LINE('',#8065,#8066);
#8065 = CARTESIAN_POINT('',(11.25,-5.,123.6));
#8066 = VECTOR('',#8067,1.);
#8067 = DIRECTION('',(0.,1.,0.));
#8068 = PLANE('',#8069);
#8069 = AXIS2_PLACEMENT_3D('',#8070,#8071,#8072);
#8070 = CARTESIAN_POINT('',(11.25,-5.,122.8));
#8071 = DIRECTION('',(1.,0.,0.));
#8072 = DIRECTION('',(0.,0.,1.));
#8073 = ADVANCED_FACE('',(#8074),#8093,.F.);
#8074 = FACE_BOUND('',#8075,.F.);
#8075 = EDGE_LOOP('',(#8076,#8077,#8085,#8092));
#8076 = ORIENTED_EDGE('',*,*,#3995,.F.);
#8077 = ORIENTED_EDGE('',*,*,#8078,.F.);
#8078 = EDGE_CURVE('',#8079,#3996,#8081,.T.);
#8079 = VERTEX_POINT('',#8080);
#8080 = CARTESIAN_POINT('',(-14.05,-13.5,120.5));
#8081 = LINE('',#8082,#8083);
#8082 = CARTESIAN_POINT('',(-14.05,-13.5,120.5));
#8083 = VECTOR('',#8084,1.);
#8084 = DIRECTION('',(0.,0.,1.));
#8085 = ORIENTED_EDGE('',*,*,#8086,.T.);
#8086 = EDGE_CURVE('',#8079,#8079,#8087,.T.);
#8087 = CIRCLE('',#8088,1.45);
#8088 = AXIS2_PLACEMENT_3D('',#8089,#8090,#8091);
#8089 = CARTESIAN_POINT('',(-15.5,-13.5,120.5));
#8090 = DIRECTION('',(0.,0.,1.));
#8091 = DIRECTION('',(1.,0.,0.));
#8092 = ORIENTED_EDGE('',*,*,#8078,.T.);
#8093 = CYLINDRICAL_SURFACE('',#8094,1.45);
#8094 = AXIS2_PLACEMENT_3D('',#8095,#8096,#8097);
#8095 = CARTESIAN_POINT('',(-15.5,-13.5,120.5));
#8096 = DIRECTION('',(0.,0.,1.));
#8097 = DIRECTION('',(1.,0.,0.));
#8098 = ADVANCED_FACE('',(#8099),#8118,.F.);
#8099 = FACE_BOUND('',#8100,.F.);
#8100 = EDGE_LOOP('',(#8101,#8102,#8110,#8117));
#8101 = ORIENTED_EDGE('',*,*,#4006,.F.);
#8102 = ORIENTED_EDGE('',*,*,#8103,.F.);
#8103 = EDGE_CURVE('',#8104,#4007,#8106,.T.);
#8104 = VERTEX_POINT('',#8105);
#8105 = CARTESIAN_POINT('',(16.95,-13.5,120.5));
#8106 = LINE('',#8107,#8108);
#8107 = CARTESIAN_POINT('',(16.95,-13.5,120.5));
#8108 = VECTOR('',#8109,1.);
#8109 = DIRECTION('',(0.,0.,1.));
#8110 = ORIENTED_EDGE('',*,*,#8111,.T.);
#8111 = EDGE_CURVE('',#8104,#8104,#8112,.T.);
#8112 = CIRCLE('',#8113,1.45);
#8113 = AXIS2_PLACEMENT_3D('',#8114,#8115,#8116);
#8114 = CARTESIAN_POINT('',(15.5,-13.5,120.5));
#8115 = DIRECTION('',(0.,0.,1.));
#8116 = DIRECTION('',(1.,0.,0.));
#8117 = ORIENTED_EDGE('',*,*,#8103,.T.);
#8118 = CYLINDRICAL_SURFACE('',#8119,1.45);
#8119 = AXIS2_PLACEMENT_3D('',#8120,#8121,#8122);
#8120 = CARTESIAN_POINT('',(15.5,-13.5,120.5));
#8121 = DIRECTION('',(0.,0.,1.));
#8122 = DIRECTION('',(1.,0.,0.));
#8123 = ADVANCED_FACE('',(#8124),#8153,.T.);
#8124 = FACE_BOUND('',#8125,.T.);
#8125 = EDGE_LOOP('',(#8126,#8127,#8136,#8144,#8151,#8152));
#8126 = ORIENTED_EDGE('',*,*,#4153,.F.);
#8127 = ORIENTED_EDGE('',*,*,#8128,.T.);
#8128 = EDGE_CURVE('',#4154,#8129,#8131,.T.);
#8129 = VERTEX_POINT('',#8130);
#8130 = CARTESIAN_POINT('',(-11.12160060423,-28.4,96.6));
#8131 = CIRCLE('',#8132,30.5);
#8132 = AXIS2_PLACEMENT_3D('',#8133,#8134,#8135);
#8133 = CARTESIAN_POINT('',(0.,0.,96.6));
#8134 = DIRECTION('',(0.,0.,1.));
#8135 = DIRECTION('',(1.,0.,0.));
#8136 = ORIENTED_EDGE('',*,*,#8137,.T.);
#8137 = EDGE_CURVE('',#8129,#8138,#8140,.T.);
#8138 = VERTEX_POINT('',#8139);
#8139 = CARTESIAN_POINT('',(11.12160060423,-28.4,96.6));
#8140 = LINE('',#8141,#8142);
#8141 = CARTESIAN_POINT('',(-12.6,-28.4,96.6));
#8142 = VECTOR('',#8143,1.);
#8143 = DIRECTION('',(1.,0.,0.));
#8144 = ORIENTED_EDGE('',*,*,#8145,.T.);
#8145 = EDGE_CURVE('',#8138,#4236,#8146,.T.);
#8146 = CIRCLE('',#8147,30.5);
#8147 = AXIS2_PLACEMENT_3D('',#8148,#8149,#8150);
#8148 = CARTESIAN_POINT('',(0.,0.,96.6));
#8149 = DIRECTION('',(0.,0.,1.));
#8150 = DIRECTION('',(1.,0.,0.));
#8151 = ORIENTED_EDGE('',*,*,#4235,.T.);
#8152 = ORIENTED_EDGE('',*,*,#7302,.F.);
#8153 = PLANE('',#8154);
#8154 = AXIS2_PLACEMENT_3D('',#8155,#8156,#8157);
#8155 = CARTESIAN_POINT('',(-12.6,-28.4,96.6));
#8156 = DIRECTION('',(0.,0.,1.));
#8157 = DIRECTION('',(1.,0.,0.));
#8158 = ADVANCED_FACE('',(#8159),#8170,.T.);
#8159 = FACE_BOUND('',#8160,.T.);
#8160 = EDGE_LOOP('',(#8161,#8162,#8163,#8169));
#8161 = ORIENTED_EDGE('',*,*,#4163,.F.);
#8162 = ORIENTED_EDGE('',*,*,#4194,.T.);
#8163 = ORIENTED_EDGE('',*,*,#8164,.T.);
#8164 = EDGE_CURVE('',#4195,#8129,#8165,.T.);
#8165 = LINE('',#8166,#8167);
#8166 = CARTESIAN_POINT('',(-11.12160060423,-28.4,0.));
#8167 = VECTOR('',#8168,1.);
#8168 = DIRECTION('',(0.,0.,1.));
#8169 = ORIENTED_EDGE('',*,*,#8128,.F.);
#8170 = CYLINDRICAL_SURFACE('',#8171,30.5);
#8171 = AXIS2_PLACEMENT_3D('',#8172,#8173,#8174);
#8172 = CARTESIAN_POINT('',(0.,0.,0.));
#8173 = DIRECTION('',(0.,0.,1.));
#8174 = DIRECTION('',(1.,0.,0.));
#8175 = ADVANCED_FACE('',(#8176),#8187,.T.);
#8176 = FACE_BOUND('',#8177,.T.);
#8177 = EDGE_LOOP('',(#8178,#8179,#8185,#8186));
#8178 = ORIENTED_EDGE('',*,*,#8145,.F.);
#8179 = ORIENTED_EDGE('',*,*,#8180,.F.);
#8180 = EDGE_CURVE('',#4204,#8138,#8181,.T.);
#8181 = LINE('',#8182,#8183);
#8182 = CARTESIAN_POINT('',(11.12160060423,-28.4,0.));
#8183 = VECTOR('',#8184,1.);
#8184 = DIRECTION('',(0.,0.,1.));
#8185 = ORIENTED_EDGE('',*,*,#4211,.T.);
#8186 = ORIENTED_EDGE('',*,*,#4245,.T.);
#8187 = CYLINDRICAL_SURFACE('',#8188,30.5);
#8188 = AXIS2_PLACEMENT_3D('',#8189,#8190,#8191);
#8189 = CARTESIAN_POINT('',(0.,0.,0.));
#8190 = DIRECTION('',(0.,0.,1.));
#8191 = DIRECTION('',(1.,0.,0.));
#8192 = ADVANCED_FACE('',(#8193),#8199,.F.);
#8193 = FACE_BOUND('',#8194,.F.);
#8194 = EDGE_LOOP('',(#8195,#8196,#8197,#8198));
#8195 = ORIENTED_EDGE('',*,*,#4203,.F.);
#8196 = ORIENTED_EDGE('',*,*,#8164,.T.);
#8197 = ORIENTED_EDGE('',*,*,#8137,.T.);
#8198 = ORIENTED_EDGE('',*,*,#8180,.F.);
#8199 = PLANE('',#8200);
#8200 = AXIS2_PLACEMENT_3D('',#8201,#8202,#8203);
#8201 = CARTESIAN_POINT('',(-12.6,-28.4,94.6));
#8202 = DIRECTION('',(0.,1.,0.));
#8203 = DIRECTION('',(0.,0.,1.));
#8204 = ADVANCED_FACE('',(#8205),#8211,.T.);
#8205 = FACE_BOUND('',#8206,.T.);
#8206 = EDGE_LOOP('',(#8207,#8208,#8209,#8210));
#8207 = ORIENTED_EDGE('',*,*,#4660,.F.);
#8208 = ORIENTED_EDGE('',*,*,#6100,.F.);
#8209 = ORIENTED_EDGE('',*,*,#6116,.T.);
#8210 = ORIENTED_EDGE('',*,*,#4458,.T.);
#8211 = PLANE('',#8212);
#8212 = AXIS2_PLACEMENT_3D('',#8213,#8214,#8215);
#8213 = CARTESIAN_POINT('',(-31.,-12.,29.5));
#8214 = DIRECTION('',(0.,1.,0.));
#8215 = DIRECTION('',(0.,0.,1.));
#8216 = ADVANCED_FACE('',(#8217,#8223),#8257,.T.);
#8217 = FACE_BOUND('',#8218,.T.);
#8218 = EDGE_LOOP('',(#8219,#8220,#8221,#8222));
#8219 = ORIENTED_EDGE('',*,*,#6157,.F.);
#8220 = ORIENTED_EDGE('',*,*,#6187,.T.);
#8221 = ORIENTED_EDGE('',*,*,#4476,.T.);
#8222 = ORIENTED_EDGE('',*,*,#6132,.F.);
#8223 = FACE_BOUND('',#8224,.T.);
#8224 = EDGE_LOOP('',(#8225,#8235,#8243,#8251));
#8225 = ORIENTED_EDGE('',*,*,#8226,.F.);
#8226 = EDGE_CURVE('',#8227,#8229,#8231,.T.);
#8227 = VERTEX_POINT('',#8228);
#8228 = CARTESIAN_POINT('',(17.6,5.,116.4));
#8229 = VERTEX_POINT('',#8230);
#8230 = CARTESIAN_POINT('',(26.4,5.,116.4));
#8231 = LINE('',#8232,#8233);
#8232 = CARTESIAN_POINT('',(17.55,5.,116.4));
#8233 = VECTOR('',#8234,1.);
#8234 = DIRECTION('',(1.,0.,0.));
#8235 = ORIENTED_EDGE('',*,*,#8236,.T.);
#8236 = EDGE_CURVE('',#8227,#8237,#8239,.T.);
#8237 = VERTEX_POINT('',#8238);
#8238 = CARTESIAN_POINT('',(17.6,5.,109.6));
#8239 = LINE('',#8240,#8241);
#8240 = CARTESIAN_POINT('',(17.6,5.,109.55));
#8241 = VECTOR('',#8242,1.);
#8242 = DIRECTION('',(0.,0.,-1.));
#8243 = ORIENTED_EDGE('',*,*,#8244,.T.);
#8244 = EDGE_CURVE('',#8237,#8245,#8247,.T.);
#8245 = VERTEX_POINT('',#8246);
#8246 = CARTESIAN_POINT('',(26.4,5.,109.6));
#8247 = LINE('',#8248,#8249);
#8248 = CARTESIAN_POINT('',(17.55,5.,109.6));
#8249 = VECTOR('',#8250,1.);
#8250 = DIRECTION('',(1.,0.,0.));
#8251 = ORIENTED_EDGE('',*,*,#8252,.F.);
#8252 = EDGE_CURVE('',#8229,#8245,#8253,.T.);
#8253 = LINE('',#8254,#8255);
#8254 = CARTESIAN_POINT('',(26.4,5.,109.55));
#8255 = VECTOR('',#8256,1.);
#8256 = DIRECTION('',(0.,0.,-1.));
#8257 = PLANE('',#8258);
#8258 = AXIS2_PLACEMENT_3D('',#8259,#8260,#8261);
#8259 = CARTESIAN_POINT('',(17.5,5.,109.5));
#8260 = DIRECTION('',(0.,1.,0.));
#8261 = DIRECTION('',(0.,0.,1.));
#8262 = ADVANCED_FACE('',(#8263),#8280,.F.);
#8263 = FACE_BOUND('',#8264,.F.);
#8264 = EDGE_LOOP('',(#8265,#8266,#8272,#8273,#8274));
#8265 = ORIENTED_EDGE('',*,*,#5556,.F.);
#8266 = ORIENTED_EDGE('',*,*,#8267,.F.);
#8267 = EDGE_CURVE('',#6655,#5557,#8268,.T.);
#8268 = LINE('',#8269,#8270);
#8269 = CARTESIAN_POINT('',(26.7,-11.,29.5));
#8270 = VECTOR('',#8271,1.);
#8271 = DIRECTION('',(0.,1.,0.));
#8272 = ORIENTED_EDGE('',*,*,#6654,.T.);
#8273 = ORIENTED_EDGE('',*,*,#4531,.T.);
#8274 = ORIENTED_EDGE('',*,*,#8275,.T.);
#8275 = EDGE_CURVE('',#4532,#5549,#8276,.T.);
#8276 = LINE('',#8277,#8278);
#8277 = CARTESIAN_POINT('',(29.,-10.,29.5));
#8278 = VECTOR('',#8279,1.);
#8279 = DIRECTION('',(0.,1.,0.));
#8280 = PLANE('',#8281);
#8281 = AXIS2_PLACEMENT_3D('',#8282,#8283,#8284);
#8282 = CARTESIAN_POINT('',(20.,-10.,29.5));
#8283 = DIRECTION('',(0.,0.,1.));
#8284 = DIRECTION('',(1.,0.,0.));
#8285 = ADVANCED_FACE('',(#8286),#8297,.T.);
#8286 = FACE_BOUND('',#8287,.T.);
#8287 = EDGE_LOOP('',(#8288,#8294,#8295,#8296));
#8288 = ORIENTED_EDGE('',*,*,#8289,.T.);
#8289 = EDGE_CURVE('',#5541,#4541,#8290,.T.);
#8290 = LINE('',#8291,#8292);
#8291 = CARTESIAN_POINT('',(29.,-6.75,35.));
#8292 = VECTOR('',#8293,1.);
#8293 = DIRECTION('',(0.,-1.,0.));
#8294 = ORIENTED_EDGE('',*,*,#4540,.F.);
#8295 = ORIENTED_EDGE('',*,*,#8275,.T.);
#8296 = ORIENTED_EDGE('',*,*,#5548,.T.);
#8297 = PLANE('',#8298);
#8298 = AXIS2_PLACEMENT_3D('',#8299,#8300,#8301);
#8299 = CARTESIAN_POINT('',(29.,-10.,29.5));
#8300 = DIRECTION('',(1.,0.,0.));
#8301 = DIRECTION('',(0.,0.,1.));
#8302 = ADVANCED_FACE('',(#8303),#8315,.T.);
#8303 = FACE_BOUND('',#8304,.T.);
#8304 = EDGE_LOOP('',(#8305,#8306,#8307,#8308,#8309));
#8305 = ORIENTED_EDGE('',*,*,#4548,.F.);
#8306 = ORIENTED_EDGE('',*,*,#8289,.F.);
#8307 = ORIENTED_EDGE('',*,*,#5540,.T.);
#8308 = ORIENTED_EDGE('',*,*,#4591,.F.);
#8309 = ORIENTED_EDGE('',*,*,#8310,.F.);
#8310 = EDGE_CURVE('',#4549,#4584,#8311,.T.);
#8311 = LINE('',#8312,#8313);
#8312 = CARTESIAN_POINT('',(30.,-12.,35.));
#8313 = VECTOR('',#8314,1.);
#8314 = DIRECTION('',(0.,1.,0.));
#8315 = PLANE('',#8316);
#8316 = AXIS2_PLACEMENT_3D('',#8317,#8318,#8319);
#8317 = CARTESIAN_POINT('',(0.,-3.5,35.));
#8318 = DIRECTION('',(-0.,-0.,-1.));
#8319 = DIRECTION('',(-1.,0.,0.));
#8320 = ADVANCED_FACE('',(#8321),#8332,.T.);
#8321 = FACE_BOUND('',#8322,.T.);
#8322 = EDGE_LOOP('',(#8323,#8324,#8325,#8326));
#8323 = ORIENTED_EDGE('',*,*,#4557,.F.);
#8324 = ORIENTED_EDGE('',*,*,#8310,.T.);
#8325 = ORIENTED_EDGE('',*,*,#4583,.T.);
#8326 = ORIENTED_EDGE('',*,*,#8327,.F.);
#8327 = EDGE_CURVE('',#4558,#4575,#8328,.T.);
#8328 = LINE('',#8329,#8330);
#8329 = CARTESIAN_POINT('',(30.,-12.,38.));
#8330 = VECTOR('',#8331,1.);
#8331 = DIRECTION('',(0.,1.,0.));
#8332 = PLANE('',#8333);
#8333 = AXIS2_PLACEMENT_3D('',#8334,#8335,#8336);
#8334 = CARTESIAN_POINT('',(30.,-12.,35.));
#8335 = DIRECTION('',(1.,0.,0.));
#8336 = DIRECTION('',(0.,0.,1.));
#8337 = ADVANCED_FACE('',(#8338),#8343,.F.);
#8338 = FACE_BOUND('',#8339,.F.);
#8339 = EDGE_LOOP('',(#8340,#8341,#8342));
#8340 = ORIENTED_EDGE('',*,*,#8327,.F.);
#8341 = ORIENTED_EDGE('',*,*,#4565,.T.);
#8342 = ORIENTED_EDGE('',*,*,#4574,.T.);
#8343 = PLANE('',#8344);
#8344 = AXIS2_PLACEMENT_3D('',#8345,#8346,#8347);
#8345 = CARTESIAN_POINT('',(28.,-9.,38.));
#8346 = DIRECTION('',(0.,0.,1.));
#8347 = DIRECTION('',(1.,0.,0.));
#8348 = ADVANCED_FACE('',(#8349),#8362,.T.);
#8349 = FACE_BOUND('',#8350,.T.);
#8350 = EDGE_LOOP('',(#8351,#8352,#8358,#8359,#8360,#8361));
#8351 = ORIENTED_EDGE('',*,*,#6070,.F.);
#8352 = ORIENTED_EDGE('',*,*,#8353,.T.);
#8353 = EDGE_CURVE('',#6063,#4618,#8354,.T.);
#8354 = LINE('',#8355,#8356);
#8355 = CARTESIAN_POINT('',(28.,-9.,110.));
#8356 = VECTOR('',#8357,1.);
#8357 = DIRECTION('',(1.,0.,0.));
#8358 = ORIENTED_EDGE('',*,*,#4617,.T.);
#8359 = ORIENTED_EDGE('',*,*,#4608,.T.);
#8360 = ORIENTED_EDGE('',*,*,#5533,.F.);
#8361 = ORIENTED_EDGE('',*,*,#6039,.F.);
#8362 = PLANE('',#8363);
#8363 = AXIS2_PLACEMENT_3D('',#8364,#8365,#8366);
#8364 = CARTESIAN_POINT('',(28.,-9.,110.));
#8365 = DIRECTION('',(0.,0.,1.));
#8366 = DIRECTION('',(1.,0.,0.));
#8367 = ADVANCED_FACE('',(#8368),#8379,.F.);
#8368 = FACE_BOUND('',#8369,.F.);
#8369 = EDGE_LOOP('',(#8370,#8376,#8377,#8378));
#8370 = ORIENTED_EDGE('',*,*,#8371,.F.);
#8371 = EDGE_CURVE('',#6055,#4627,#8372,.T.);
#8372 = LINE('',#8373,#8374);
#8373 = CARTESIAN_POINT('',(28.,-9.,38.));
#8374 = VECTOR('',#8375,1.);
#8375 = DIRECTION('',(1.,0.,0.));
#8376 = ORIENTED_EDGE('',*,*,#6062,.T.);
#8377 = ORIENTED_EDGE('',*,*,#8353,.T.);
#8378 = ORIENTED_EDGE('',*,*,#4626,.F.);
#8379 = PLANE('',#8380);
#8380 = AXIS2_PLACEMENT_3D('',#8381,#8382,#8383);
#8381 = CARTESIAN_POINT('',(28.,-9.,38.));
#8382 = DIRECTION('',(0.,1.,0.));
#8383 = DIRECTION('',(0.,0.,1.));
#8384 = ADVANCED_FACE('',(#8385),#8390,.T.);
#8385 = FACE_BOUND('',#8386,.T.);
#8386 = EDGE_LOOP('',(#8387,#8388,#8389));
#8387 = ORIENTED_EDGE('',*,*,#4634,.T.);
#8388 = ORIENTED_EDGE('',*,*,#8371,.F.);
#8389 = ORIENTED_EDGE('',*,*,#6054,.T.);
#8390 = PLANE('',#8391);
#8391 = AXIS2_PLACEMENT_3D('',#8392,#8393,#8394);
#8392 = CARTESIAN_POINT('',(-30.,-12.,38.));
#8393 = DIRECTION('',(0.,0.,1.));
#8394 = DIRECTION('',(1.,0.,0.));
#8395 = ADVANCED_FACE('',(#8396),#8407,.T.);
#8396 = FACE_BOUND('',#8397,.T.);
#8397 = EDGE_LOOP('',(#8398,#8399,#8405,#8406));
#8398 = ORIENTED_EDGE('',*,*,#4767,.T.);
#8399 = ORIENTED_EDGE('',*,*,#8400,.T.);
#8400 = EDGE_CURVE('',#4760,#4856,#8401,.T.);
#8401 = LINE('',#8402,#8403);
#8402 = CARTESIAN_POINT('',(24.9,-7.8,114.67431578065));
#8403 = VECTOR('',#8404,1.);
#8404 = DIRECTION('',(1.184593865342E-16,0.,-1.));
#8405 = ORIENTED_EDGE('',*,*,#4855,.F.);
#8406 = ORIENTED_EDGE('',*,*,#4677,.T.);
#8407 = PLANE('',#8408);
#8408 = AXIS2_PLACEMENT_3D('',#8409,#8410,#8411);
#8409 = CARTESIAN_POINT('',(24.9,-12.53249674196,113.));
#8410 = DIRECTION('',(-1.,-0.,-0.));
#8411 = DIRECTION('',(0.,0.,-1.));
#8412 = ADVANCED_FACE('',(#8413,#8421),#8432,.F.);
#8413 = FACE_BOUND('',#8414,.F.);
#8414 = EDGE_LOOP('',(#8415,#8416,#8417,#8418,#8419,#8420));
#8415 = ORIENTED_EDGE('',*,*,#4863,.T.);
#8416 = ORIENTED_EDGE('',*,*,#4839,.T.);
#8417 = ORIENTED_EDGE('',*,*,#4815,.T.);
#8418 = ORIENTED_EDGE('',*,*,#4791,.T.);
#8419 = ORIENTED_EDGE('',*,*,#4759,.T.);
#8420 = ORIENTED_EDGE('',*,*,#8400,.T.);
#8421 = FACE_BOUND('',#8422,.F.);
#8422 = EDGE_LOOP('',(#8423));
#8423 = ORIENTED_EDGE('',*,*,#8424,.F.);
#8424 = EDGE_CURVE('',#8425,#8425,#8427,.T.);
#8425 = VERTEX_POINT('',#8426);
#8426 = CARTESIAN_POINT('',(22.,-7.8,114.7));
#8427 = CIRCLE('',#8428,1.7);
#8428 = AXIS2_PLACEMENT_3D('',#8429,#8430,#8431);
#8429 = CARTESIAN_POINT('',(22.,-7.8,113.));
#8430 = DIRECTION('',(0.,1.,0.));
#8431 = DIRECTION('',(0.,0.,1.));
#8432 = PLANE('',#8433);
#8433 = AXIS2_PLACEMENT_3D('',#8434,#8435,#8436);
#8434 = CARTESIAN_POINT('',(22.,-7.8,113.));
#8435 = DIRECTION('',(0.,1.,0.));
#8436 = DIRECTION('',(0.866025403784,0.,-0.5));
#8437 = ADVANCED_FACE('',(#8438),#8464,.T.);
#8438 = FACE_BOUND('',#8439,.T.);
#8439 = EDGE_LOOP('',(#8440,#8441,#8442,#8448,#8449,#8450,#8458));
#8440 = ORIENTED_EDGE('',*,*,#6364,.T.);
#8441 = ORIENTED_EDGE('',*,*,#5063,.T.);
#8442 = ORIENTED_EDGE('',*,*,#8443,.T.);
#8443 = EDGE_CURVE('',#5056,#5158,#8444,.T.);
#8444 = LINE('',#8445,#8446);
#8445 = CARTESIAN_POINT('',(-12.9,-14.8,87.4));
#8446 = VECTOR('',#8447,1.);
#8447 = DIRECTION('',(1.,0.,0.));
#8448 = ORIENTED_EDGE('',*,*,#5157,.T.);
#8449 = ORIENTED_EDGE('',*,*,#6330,.T.);
#8450 = ORIENTED_EDGE('',*,*,#8451,.F.);
#8451 = EDGE_CURVE('',#8452,#6331,#8454,.T.);
#8452 = VERTEX_POINT('',#8453);
#8453 = CARTESIAN_POINT('',(-9.,-14.8,86.8));
#8454 = LINE('',#8455,#8456);
#8455 = CARTESIAN_POINT('',(-10.95,-14.8,86.8));
#8456 = VECTOR('',#8457,1.);
#8457 = DIRECTION('',(1.,0.,0.));
#8458 = ORIENTED_EDGE('',*,*,#8459,.T.);
#8459 = EDGE_CURVE('',#8452,#6357,#8460,.T.);
#8460 = LINE('',#8461,#8462);
#8461 = CARTESIAN_POINT('',(-9.,-14.8,85.2));
#8462 = VECTOR('',#8463,1.);
#8463 = DIRECTION('',(0.,0.,-1.));
#8464 = PLANE('',#8465);
#8465 = AXIS2_PLACEMENT_3D('',#8466,#8467,#8468);
#8466 = CARTESIAN_POINT('',(-12.9,-14.8,85.));
#8467 = DIRECTION('',(0.,1.,0.));
#8468 = DIRECTION('',(0.,0.,1.));
#8469 = ADVANCED_FACE('',(#8470),#8481,.T.);
#8470 = FACE_BOUND('',#8471,.T.);
#8471 = EDGE_LOOP('',(#8472,#8473,#8474,#8480));
#8472 = ORIENTED_EDGE('',*,*,#8443,.F.);
#8473 = ORIENTED_EDGE('',*,*,#5055,.T.);
#8474 = ORIENTED_EDGE('',*,*,#8475,.T.);
#8475 = EDGE_CURVE('',#5048,#5166,#8476,.T.);
#8476 = LINE('',#8477,#8478);
#8477 = CARTESIAN_POINT('',(-12.9,-17.6,87.4));
#8478 = VECTOR('',#8479,1.);
#8479 = DIRECTION('',(1.,0.,0.));
#8480 = ORIENTED_EDGE('',*,*,#5165,.T.);
#8481 = PLANE('',#8482);
#8482 = AXIS2_PLACEMENT_3D('',#8483,#8484,#8485);
#8483 = CARTESIAN_POINT('',(-12.9,-17.6,87.4));
#8484 = DIRECTION('',(0.,0.,1.));
#8485 = DIRECTION('',(1.,0.,0.));
#8486 = ADVANCED_FACE('',(#8487),#8508,.F.);
#8487 = FACE_BOUND('',#8488,.F.);
#8488 = EDGE_LOOP('',(#8489,#8490,#8491,#8492,#8493,#8494,#8502));
#8489 = ORIENTED_EDGE('',*,*,#5096,.T.);
#8490 = ORIENTED_EDGE('',*,*,#5047,.T.);
#8491 = ORIENTED_EDGE('',*,*,#8475,.T.);
#8492 = ORIENTED_EDGE('',*,*,#5173,.T.);
#8493 = ORIENTED_EDGE('',*,*,#5130,.T.);
#8494 = ORIENTED_EDGE('',*,*,#8495,.F.);
#8495 = EDGE_CURVE('',#8496,#5123,#8498,.T.);
#8496 = VERTEX_POINT('',#8497);
#8497 = CARTESIAN_POINT('',(-9.,-17.6,86.8));
#8498 = LINE('',#8499,#8500);
#8499 = CARTESIAN_POINT('',(-10.95,-17.6,86.8));
#8500 = VECTOR('',#8501,1.);
#8501 = DIRECTION('',(1.,0.,0.));
#8502 = ORIENTED_EDGE('',*,*,#8503,.T.);
#8503 = EDGE_CURVE('',#8496,#5097,#8504,.T.);
#8504 = LINE('',#8505,#8506);
#8505 = CARTESIAN_POINT('',(-9.,-17.6,85.2));
#8506 = VECTOR('',#8507,1.);
#8507 = DIRECTION('',(0.,0.,-1.));
#8508 = PLANE('',#8509);
#8509 = AXIS2_PLACEMENT_3D('',#8510,#8511,#8512);
#8510 = CARTESIAN_POINT('',(-12.9,-17.6,85.));
#8511 = DIRECTION('',(0.,1.,0.));
#8512 = DIRECTION('',(0.,0.,1.));
#8513 = ADVANCED_FACE('',(#8514),#8548,.F.);
#8514 = FACE_BOUND('',#8515,.F.);
#8515 = EDGE_LOOP('',(#8516,#8522,#8523,#8524,#8532,#8540,#8546,#8547));
#8516 = ORIENTED_EDGE('',*,*,#8517,.F.);
#8517 = EDGE_CURVE('',#8496,#8452,#8518,.T.);
#8518 = LINE('',#8519,#8520);
#8519 = CARTESIAN_POINT('',(-9.,-17.8,86.8));
#8520 = VECTOR('',#8521,1.);
#8521 = DIRECTION('',(0.,1.,0.));
#8522 = ORIENTED_EDGE('',*,*,#8495,.T.);
#8523 = ORIENTED_EDGE('',*,*,#5122,.F.);
#8524 = ORIENTED_EDGE('',*,*,#8525,.T.);
#8525 = EDGE_CURVE('',#5114,#8526,#8528,.T.);
#8526 = VERTEX_POINT('',#8527);
#8527 = CARTESIAN_POINT('',(-6.,-17.8,86.8));
#8528 = LINE('',#8529,#8530);
#8529 = CARTESIAN_POINT('',(-9.,-17.8,86.8));
#8530 = VECTOR('',#8531,1.);
#8531 = DIRECTION('',(1.,0.,0.));
#8532 = ORIENTED_EDGE('',*,*,#8533,.T.);
#8533 = EDGE_CURVE('',#8526,#8534,#8536,.T.);
#8534 = VERTEX_POINT('',#8535);
#8535 = CARTESIAN_POINT('',(-6.,-14.6,86.8));
#8536 = LINE('',#8537,#8538);
#8537 = CARTESIAN_POINT('',(-6.,-17.8,86.8));
#8538 = VECTOR('',#8539,1.);
#8539 = DIRECTION('',(0.,1.,0.));
#8540 = ORIENTED_EDGE('',*,*,#8541,.F.);
#8541 = EDGE_CURVE('',#6340,#8534,#8542,.T.);
#8542 = LINE('',#8543,#8544);
#8543 = CARTESIAN_POINT('',(-9.,-14.6,86.8));
#8544 = VECTOR('',#8545,1.);
#8545 = DIRECTION('',(1.,0.,0.));
#8546 = ORIENTED_EDGE('',*,*,#6339,.F.);
#8547 = ORIENTED_EDGE('',*,*,#8451,.F.);
#8548 = PLANE('',#8549);
#8549 = AXIS2_PLACEMENT_3D('',#8550,#8551,#8552);
#8550 = CARTESIAN_POINT('',(-9.,-17.8,86.8));
#8551 = DIRECTION('',(0.,0.,1.));
#8552 = DIRECTION('',(1.,0.,0.));
#8553 = ADVANCED_FACE('',(#8554),#8580,.T.);
#8554 = FACE_BOUND('',#8555,.T.);
#8555 = EDGE_LOOP('',(#8556,#8564,#8572,#8578,#8579));
#8556 = ORIENTED_EDGE('',*,*,#8557,.F.);
#8557 = EDGE_CURVE('',#8558,#8526,#8560,.T.);
#8558 = VERTEX_POINT('',#8559);
#8559 = CARTESIAN_POINT('',(-6.,-17.8,85.4));
#8560 = LINE('',#8561,#8562);
#8561 = CARTESIAN_POINT('',(-6.,-17.8,85.4));
#8562 = VECTOR('',#8563,1.);
#8563 = DIRECTION('',(0.,0.,1.));
#8564 = ORIENTED_EDGE('',*,*,#8565,.F.);
#8565 = EDGE_CURVE('',#8566,#8558,#8568,.T.);
#8566 = VERTEX_POINT('',#8567);
#8567 = CARTESIAN_POINT('',(-9.,-17.8,85.4));
#8568 = LINE('',#8569,#8570);
#8569 = CARTESIAN_POINT('',(-9.,-17.8,85.4));
#8570 = VECTOR('',#8571,1.);
#8571 = DIRECTION('',(1.,0.,0.));
#8572 = ORIENTED_EDGE('',*,*,#8573,.T.);
#8573 = EDGE_CURVE('',#8566,#5106,#8574,.T.);
#8574 = LINE('',#8575,#8576);
#8575 = CARTESIAN_POINT('',(-9.,-17.8,85.4));
#8576 = VECTOR('',#8577,1.);
#8577 = DIRECTION('',(0.,0.,1.));
#8578 = ORIENTED_EDGE('',*,*,#5113,.F.);
#8579 = ORIENTED_EDGE('',*,*,#8525,.T.);
#8580 = PLANE('',#8581);
#8581 = AXIS2_PLACEMENT_3D('',#8582,#8583,#8584);
#8582 = CARTESIAN_POINT('',(-9.,-17.8,85.4));
#8583 = DIRECTION('',(0.,1.,0.));
#8584 = DIRECTION('',(0.,0.,1.));
#8585 = ADVANCED_FACE('',(#8586),#8608,.T.);
#8586 = FACE_BOUND('',#8587,.T.);
#8587 = EDGE_LOOP('',(#8588,#8589,#8597,#8603,#8604,#8605,#8606,#8607));
#8588 = ORIENTED_EDGE('',*,*,#8573,.F.);
#8589 = ORIENTED_EDGE('',*,*,#8590,.T.);
#8590 = EDGE_CURVE('',#8566,#8591,#8593,.T.);
#8591 = VERTEX_POINT('',#8592);
#8592 = CARTESIAN_POINT('',(-9.,-14.6,85.4));
#8593 = LINE('',#8594,#8595);
#8594 = CARTESIAN_POINT('',(-9.,-17.8,85.4));
#8595 = VECTOR('',#8596,1.);
#8596 = DIRECTION('',(0.,1.,0.));
#8597 = ORIENTED_EDGE('',*,*,#8598,.T.);
#8598 = EDGE_CURVE('',#8591,#6348,#8599,.T.);
#8599 = LINE('',#8600,#8601);
#8600 = CARTESIAN_POINT('',(-9.,-14.6,85.4));
#8601 = VECTOR('',#8602,1.);
#8602 = DIRECTION('',(0.,0.,1.));
#8603 = ORIENTED_EDGE('',*,*,#6356,.F.);
#8604 = ORIENTED_EDGE('',*,*,#8459,.F.);
#8605 = ORIENTED_EDGE('',*,*,#8517,.F.);
#8606 = ORIENTED_EDGE('',*,*,#8503,.T.);
#8607 = ORIENTED_EDGE('',*,*,#5105,.F.);
#8608 = PLANE('',#8609);
#8609 = AXIS2_PLACEMENT_3D('',#8610,#8611,#8612);
#8610 = CARTESIAN_POINT('',(-9.,-17.8,85.4));
#8611 = DIRECTION('',(1.,0.,0.));
#8612 = DIRECTION('',(0.,0.,1.));
#8613 = ADVANCED_FACE('',(#8614),#8640,.T.);
#8614 = FACE_BOUND('',#8615,.T.);
#8615 = EDGE_LOOP('',(#8616,#8617,#8623,#8624,#8625,#8633,#8639));
#8616 = ORIENTED_EDGE('',*,*,#5237,.T.);
#8617 = ORIENTED_EDGE('',*,*,#8618,.T.);
#8618 = EDGE_CURVE('',#5230,#5332,#8619,.T.);
#8619 = LINE('',#8620,#8621);
#8620 = CARTESIAN_POINT('',(-12.9,-14.8,87.4));
#8621 = VECTOR('',#8622,1.);
#8622 = DIRECTION('',(1.,0.,0.));
#8623 = ORIENTED_EDGE('',*,*,#5331,.T.);
#8624 = ORIENTED_EDGE('',*,*,#6394,.T.);
#8625 = ORIENTED_EDGE('',*,*,#8626,.F.);
#8626 = EDGE_CURVE('',#8627,#6395,#8629,.T.);
#8627 = VERTEX_POINT('',#8628);
#8628 = CARTESIAN_POINT('',(9.,-14.8,86.8));
#8629 = LINE('',#8630,#8631);
#8630 = CARTESIAN_POINT('',(9.,-14.8,85.2));
#8631 = VECTOR('',#8632,1.);
#8632 = DIRECTION('',(0.,0.,-1.));
#8633 = ORIENTED_EDGE('',*,*,#8634,.F.);
#8634 = EDGE_CURVE('',#6421,#8627,#8635,.T.);
#8635 = LINE('',#8636,#8637);
#8636 = CARTESIAN_POINT('',(-3.45,-14.8,86.8));
#8637 = VECTOR('',#8638,1.);
#8638 = DIRECTION('',(1.,0.,0.));
#8639 = ORIENTED_EDGE('',*,*,#6428,.T.);
#8640 = PLANE('',#8641);
#8641 = AXIS2_PLACEMENT_3D('',#8642,#8643,#8644);
#8642 = CARTESIAN_POINT('',(-12.9,-14.8,85.));
#8643 = DIRECTION('',(0.,1.,0.));
#8644 = DIRECTION('',(0.,0.,1.));
#8645 = ADVANCED_FACE('',(#8646),#8657,.T.);
#8646 = FACE_BOUND('',#8647,.T.);
#8647 = EDGE_LOOP('',(#8648,#8649,#8650,#8656));
#8648 = ORIENTED_EDGE('',*,*,#8618,.F.);
#8649 = ORIENTED_EDGE('',*,*,#5229,.T.);
#8650 = ORIENTED_EDGE('',*,*,#8651,.T.);
#8651 = EDGE_CURVE('',#5222,#5340,#8652,.T.);
#8652 = LINE('',#8653,#8654);
#8653 = CARTESIAN_POINT('',(-12.9,-17.6,87.4));
#8654 = VECTOR('',#8655,1.);
#8655 = DIRECTION('',(1.,0.,0.));
#8656 = ORIENTED_EDGE('',*,*,#5339,.T.);
#8657 = PLANE('',#8658);
#8658 = AXIS2_PLACEMENT_3D('',#8659,#8660,#8661);
#8659 = CARTESIAN_POINT('',(-12.9,-17.6,87.4));
#8660 = DIRECTION('',(0.,0.,1.));
#8661 = DIRECTION('',(1.,0.,0.));
#8662 = ADVANCED_FACE('',(#8663),#8684,.F.);
#8663 = FACE_BOUND('',#8664,.F.);
#8664 = EDGE_LOOP('',(#8665,#8666,#8667,#8668,#8669,#8677,#8683));
#8665 = ORIENTED_EDGE('',*,*,#5221,.T.);
#8666 = ORIENTED_EDGE('',*,*,#8651,.T.);
#8667 = ORIENTED_EDGE('',*,*,#5347,.T.);
#8668 = ORIENTED_EDGE('',*,*,#5304,.T.);
#8669 = ORIENTED_EDGE('',*,*,#8670,.F.);
#8670 = EDGE_CURVE('',#8671,#5297,#8673,.T.);
#8671 = VERTEX_POINT('',#8672);
#8672 = CARTESIAN_POINT('',(9.,-17.6,86.8));
#8673 = LINE('',#8674,#8675);
#8674 = CARTESIAN_POINT('',(9.,-17.6,85.2));
#8675 = VECTOR('',#8676,1.);
#8676 = DIRECTION('',(0.,0.,-1.));
#8677 = ORIENTED_EDGE('',*,*,#8678,.F.);
#8678 = EDGE_CURVE('',#5271,#8671,#8679,.T.);
#8679 = LINE('',#8680,#8681);
#8680 = CARTESIAN_POINT('',(-3.45,-17.6,86.8));
#8681 = VECTOR('',#8682,1.);
#8682 = DIRECTION('',(1.,0.,0.));
#8683 = ORIENTED_EDGE('',*,*,#5270,.T.);
#8684 = PLANE('',#8685);
#8685 = AXIS2_PLACEMENT_3D('',#8686,#8687,#8688);
#8686 = CARTESIAN_POINT('',(-12.9,-17.6,85.));
#8687 = DIRECTION('',(0.,1.,0.));
#8688 = DIRECTION('',(0.,0.,1.));
#8689 = ADVANCED_FACE('',(#8690),#8724,.F.);
#8690 = FACE_BOUND('',#8691,.F.);
#8691 = EDGE_LOOP('',(#8692,#8700,#8708,#8714,#8715,#8716,#8722,#8723));
#8692 = ORIENTED_EDGE('',*,*,#8693,.F.);
#8693 = EDGE_CURVE('',#8694,#5288,#8696,.T.);
#8694 = VERTEX_POINT('',#8695);
#8695 = CARTESIAN_POINT('',(9.,-17.8,85.4));
#8696 = LINE('',#8697,#8698);
#8697 = CARTESIAN_POINT('',(9.,-17.8,85.4));
#8698 = VECTOR('',#8699,1.);
#8699 = DIRECTION('',(0.,0.,1.));
#8700 = ORIENTED_EDGE('',*,*,#8701,.T.);
#8701 = EDGE_CURVE('',#8694,#8702,#8704,.T.);
#8702 = VERTEX_POINT('',#8703);
#8703 = CARTESIAN_POINT('',(9.,-14.6,85.4));
#8704 = LINE('',#8705,#8706);
#8705 = CARTESIAN_POINT('',(9.,-17.8,85.4));
#8706 = VECTOR('',#8707,1.);
#8707 = DIRECTION('',(0.,1.,0.));
#8708 = ORIENTED_EDGE('',*,*,#8709,.T.);
#8709 = EDGE_CURVE('',#8702,#6404,#8710,.T.);
#8710 = LINE('',#8711,#8712);
#8711 = CARTESIAN_POINT('',(9.,-14.6,85.4));
#8712 = VECTOR('',#8713,1.);
#8713 = DIRECTION('',(0.,0.,1.));
#8714 = ORIENTED_EDGE('',*,*,#6403,.F.);
#8715 = ORIENTED_EDGE('',*,*,#8626,.F.);
#8716 = ORIENTED_EDGE('',*,*,#8717,.F.);
#8717 = EDGE_CURVE('',#8671,#8627,#8718,.T.);
#8718 = LINE('',#8719,#8720);
#8719 = CARTESIAN_POINT('',(9.,-17.8,86.8));
#8720 = VECTOR('',#8721,1.);
#8721 = DIRECTION('',(0.,1.,0.));
#8722 = ORIENTED_EDGE('',*,*,#8670,.T.);
#8723 = ORIENTED_EDGE('',*,*,#5296,.F.);
#8724 = PLANE('',#8725);
#8725 = AXIS2_PLACEMENT_3D('',#8726,#8727,#8728);
#8726 = CARTESIAN_POINT('',(9.,-17.8,85.4));
#8727 = DIRECTION('',(1.,0.,0.));
#8728 = DIRECTION('',(0.,0.,1.));
#8729 = ADVANCED_FACE('',(#8730),#8756,.T.);
#8730 = FACE_BOUND('',#8731,.T.);
#8731 = EDGE_LOOP('',(#8732,#8733,#8741,#8749,#8755));
#8732 = ORIENTED_EDGE('',*,*,#8693,.F.);
#8733 = ORIENTED_EDGE('',*,*,#8734,.F.);
#8734 = EDGE_CURVE('',#8735,#8694,#8737,.T.);
#8735 = VERTEX_POINT('',#8736);
#8736 = CARTESIAN_POINT('',(6.,-17.8,85.4));
#8737 = LINE('',#8738,#8739);
#8738 = CARTESIAN_POINT('',(6.,-17.8,85.4));
#8739 = VECTOR('',#8740,1.);
#8740 = DIRECTION('',(1.,0.,0.));
#8741 = ORIENTED_EDGE('',*,*,#8742,.T.);
#8742 = EDGE_CURVE('',#8735,#8743,#8745,.T.);
#8743 = VERTEX_POINT('',#8744);
#8744 = CARTESIAN_POINT('',(6.,-17.8,86.8));
#8745 = LINE('',#8746,#8747);
#8746 = CARTESIAN_POINT('',(6.,-17.8,85.4));
#8747 = VECTOR('',#8748,1.);
#8748 = DIRECTION('',(0.,0.,1.));
#8749 = ORIENTED_EDGE('',*,*,#8750,.T.);
#8750 = EDGE_CURVE('',#8743,#5280,#8751,.T.);
#8751 = LINE('',#8752,#8753);
#8752 = CARTESIAN_POINT('',(6.,-17.8,86.8));
#8753 = VECTOR('',#8754,1.);
#8754 = DIRECTION('',(1.,0.,0.));
#8755 = ORIENTED_EDGE('',*,*,#5287,.F.);
#8756 = PLANE('',#8757);
#8757 = AXIS2_PLACEMENT_3D('',#8758,#8759,#8760);
#8758 = CARTESIAN_POINT('',(6.,-17.8,85.4));
#8759 = DIRECTION('',(0.,1.,0.));
#8760 = DIRECTION('',(0.,0.,1.));
#8761 = ADVANCED_FACE('',(#8762),#8784,.F.);
#8762 = FACE_BOUND('',#8763,.F.);
#8763 = EDGE_LOOP('',(#8764,#8772,#8778,#8779,#8780,#8781,#8782,#8783));
#8764 = ORIENTED_EDGE('',*,*,#8765,.F.);
#8765 = EDGE_CURVE('',#8766,#6412,#8768,.T.);
#8766 = VERTEX_POINT('',#8767);
#8767 = CARTESIAN_POINT('',(6.,-14.6,86.8));
#8768 = LINE('',#8769,#8770);
#8769 = CARTESIAN_POINT('',(6.,-14.6,86.8));
#8770 = VECTOR('',#8771,1.);
#8771 = DIRECTION('',(1.,0.,0.));
#8772 = ORIENTED_EDGE('',*,*,#8773,.F.);
#8773 = EDGE_CURVE('',#8743,#8766,#8774,.T.);
#8774 = LINE('',#8775,#8776);
#8775 = CARTESIAN_POINT('',(6.,-17.8,86.8));
#8776 = VECTOR('',#8777,1.);
#8777 = DIRECTION('',(0.,1.,0.));
#8778 = ORIENTED_EDGE('',*,*,#8750,.T.);
#8779 = ORIENTED_EDGE('',*,*,#5279,.T.);
#8780 = ORIENTED_EDGE('',*,*,#8678,.T.);
#8781 = ORIENTED_EDGE('',*,*,#8717,.T.);
#8782 = ORIENTED_EDGE('',*,*,#8634,.F.);
#8783 = ORIENTED_EDGE('',*,*,#6420,.T.);
#8784 = PLANE('',#8785);
#8785 = AXIS2_PLACEMENT_3D('',#8786,#8787,#8788);
#8786 = CARTESIAN_POINT('',(6.,-17.8,86.8));
#8787 = DIRECTION('',(0.,0.,1.));
#8788 = DIRECTION('',(1.,0.,0.));
#8789 = ADVANCED_FACE('',(#8790),#8817,.F.);
#8790 = FACE_BOUND('',#8791,.F.);
#8791 = EDGE_LOOP('',(#8792,#8800,#8808,#8814,#8815,#8816));
#8792 = ORIENTED_EDGE('',*,*,#8793,.F.);
#8793 = EDGE_CURVE('',#8794,#5565,#8796,.T.);
#8794 = VERTEX_POINT('',#8795);
#8795 = CARTESIAN_POINT('',(26.7,-7.4,32.8));
#8796 = LINE('',#8797,#8798);
#8797 = CARTESIAN_POINT('',(26.7,-12.,32.8));
#8798 = VECTOR('',#8799,1.);
#8799 = DIRECTION('',(0.,1.,0.));
#8800 = ORIENTED_EDGE('',*,*,#8801,.T.);
#8801 = EDGE_CURVE('',#8794,#8802,#8804,.T.);
#8802 = VERTEX_POINT('',#8803);
#8803 = CARTESIAN_POINT('',(26.7,-7.4,30.921539030917));
#8804 = LINE('',#8805,#8806);
#8805 = CARTESIAN_POINT('',(26.7,-7.4,31.1));
#8806 = VECTOR('',#8807,1.);
#8807 = DIRECTION('',(0.,0.,-1.));
#8808 = ORIENTED_EDGE('',*,*,#8809,.F.);
#8809 = EDGE_CURVE('',#6663,#8802,#8810,.T.);
#8810 = LINE('',#8811,#8812);
#8811 = CARTESIAN_POINT('',(26.7,-11.05,30.921539030917));
#8812 = VECTOR('',#8813,1.);
#8813 = DIRECTION('',(0.,1.,0.));
#8814 = ORIENTED_EDGE('',*,*,#6662,.T.);
#8815 = ORIENTED_EDGE('',*,*,#8267,.T.);
#8816 = ORIENTED_EDGE('',*,*,#5564,.F.);
#8817 = PLANE('',#8818);
#8818 = AXIS2_PLACEMENT_3D('',#8819,#8820,#8821);
#8819 = CARTESIAN_POINT('',(26.7,-12.,29.2));
#8820 = DIRECTION('',(1.,0.,0.));
#8821 = DIRECTION('',(0.,0.,1.));
#8822 = ADVANCED_FACE('',(#8823),#8873,.F.);
#8823 = FACE_BOUND('',#8824,.F.);
#8824 = EDGE_LOOP('',(#8825,#8833,#8841,#8849,#8857,#8865,#8871,#8872));
#8825 = ORIENTED_EDGE('',*,*,#8826,.F.);
#8826 = EDGE_CURVE('',#8827,#5573,#8829,.T.);
#8827 = VERTEX_POINT('',#8828);
#8828 = CARTESIAN_POINT('',(22.3,-7.4,32.8));
#8829 = LINE('',#8830,#8831);
#8830 = CARTESIAN_POINT('',(22.3,-12.,32.8));
#8831 = VECTOR('',#8832,1.);
#8832 = DIRECTION('',(0.,1.,0.));
#8833 = ORIENTED_EDGE('',*,*,#8834,.T.);
#8834 = EDGE_CURVE('',#8827,#8835,#8837,.T.);
#8835 = VERTEX_POINT('',#8836);
#8836 = CARTESIAN_POINT('',(22.801736180683,-7.4,32.8));
#8837 = LINE('',#8838,#8839);
#8838 = CARTESIAN_POINT('',(23.4,-7.4,32.8));
#8839 = VECTOR('',#8840,1.);
#8840 = DIRECTION('',(1.,0.,0.));
#8841 = ORIENTED_EDGE('',*,*,#8842,.F.);
#8842 = EDGE_CURVE('',#8843,#8835,#8845,.T.);
#8843 = VERTEX_POINT('',#8844);
#8844 = CARTESIAN_POINT('',(22.801736180683,-10.,32.8));
#8845 = LINE('',#8846,#8847);
#8846 = CARTESIAN_POINT('',(22.801736180683,-10.,32.8));
#8847 = VECTOR('',#8848,1.);
#8848 = DIRECTION('',(0.,1.,0.));
#8849 = ORIENTED_EDGE('',*,*,#8850,.T.);
#8850 = EDGE_CURVE('',#8843,#8851,#8853,.T.);
#8851 = VERTEX_POINT('',#8852);
#8852 = CARTESIAN_POINT('',(26.198263819317,-10.,32.8));
#8853 = LINE('',#8854,#8855);
#8854 = CARTESIAN_POINT('',(23.4,-10.,32.8));
#8855 = VECTOR('',#8856,1.);
#8856 = DIRECTION('',(1.,0.,0.));
#8857 = ORIENTED_EDGE('',*,*,#8858,.T.);
#8858 = EDGE_CURVE('',#8851,#8859,#8861,.T.);
#8859 = VERTEX_POINT('',#8860);
#8860 = CARTESIAN_POINT('',(26.198263819317,-7.4,32.8));
#8861 = LINE('',#8862,#8863);
#8862 = CARTESIAN_POINT('',(26.198263819317,-10.,32.8));
#8863 = VECTOR('',#8864,1.);
#8864 = DIRECTION('',(0.,1.,0.));
#8865 = ORIENTED_EDGE('',*,*,#8866,.T.);
#8866 = EDGE_CURVE('',#8859,#8794,#8867,.T.);
#8867 = LINE('',#8868,#8869);
#8868 = CARTESIAN_POINT('',(23.4,-7.4,32.8));
#8869 = VECTOR('',#8870,1.);
#8870 = DIRECTION('',(1.,0.,0.));
#8871 = ORIENTED_EDGE('',*,*,#8793,.T.);
#8872 = ORIENTED_EDGE('',*,*,#5572,.F.);
#8873 = PLANE('',#8874);
#8874 = AXIS2_PLACEMENT_3D('',#8875,#8876,#8877);
#8875 = CARTESIAN_POINT('',(22.3,-12.,32.8));
#8876 = DIRECTION('',(0.,0.,1.));
#8877 = DIRECTION('',(1.,0.,0.));
#8878 = ADVANCED_FACE('',(#8879),#8904,.T.);
#8879 = FACE_BOUND('',#8880,.T.);
#8880 = EDGE_LOOP('',(#8881,#8882,#8890,#8896,#8897,#8903));
#8881 = ORIENTED_EDGE('',*,*,#8826,.F.);
#8882 = ORIENTED_EDGE('',*,*,#8883,.T.);
#8883 = EDGE_CURVE('',#8827,#8884,#8886,.T.);
#8884 = VERTEX_POINT('',#8885);
#8885 = CARTESIAN_POINT('',(22.3,-7.4,30.921539030917));
#8886 = LINE('',#8887,#8888);
#8887 = CARTESIAN_POINT('',(22.3,-7.4,31.1));
#8888 = VECTOR('',#8889,1.);
#8889 = DIRECTION('',(0.,0.,-1.));
#8890 = ORIENTED_EDGE('',*,*,#8891,.F.);
#8891 = EDGE_CURVE('',#6782,#8884,#8892,.T.);
#8892 = LINE('',#8893,#8894);
#8893 = CARTESIAN_POINT('',(22.3,-11.05,30.921539030917));
#8894 = VECTOR('',#8895,1.);
#8895 = DIRECTION('',(0.,1.,0.));
#8896 = ORIENTED_EDGE('',*,*,#6781,.T.);
#8897 = ORIENTED_EDGE('',*,*,#8898,.T.);
#8898 = EDGE_CURVE('',#6784,#5581,#8899,.T.);
#8899 = LINE('',#8900,#8901);
#8900 = CARTESIAN_POINT('',(22.3,-11.,29.5));
#8901 = VECTOR('',#8902,1.);
#8902 = DIRECTION('',(0.,1.,0.));
#8903 = ORIENTED_EDGE('',*,*,#5580,.F.);
#8904 = PLANE('',#8905);
#8905 = AXIS2_PLACEMENT_3D('',#8906,#8907,#8908);
#8906 = CARTESIAN_POINT('',(22.3,-12.,29.2));
#8907 = DIRECTION('',(1.,0.,0.));
#8908 = DIRECTION('',(0.,0.,1.));
#8909 = ADVANCED_FACE('',(#8910),#8916,.F.);
#8910 = FACE_BOUND('',#8911,.F.);
#8911 = EDGE_LOOP('',(#8912,#8913,#8914,#8915));
#8912 = ORIENTED_EDGE('',*,*,#5588,.F.);
#8913 = ORIENTED_EDGE('',*,*,#6830,.F.);
#8914 = ORIENTED_EDGE('',*,*,#6791,.T.);
#8915 = ORIENTED_EDGE('',*,*,#8898,.T.);
#8916 = PLANE('',#8917);
#8917 = AXIS2_PLACEMENT_3D('',#8918,#8919,#8920);
#8918 = CARTESIAN_POINT('',(20.,-10.,29.5));
#8919 = DIRECTION('',(0.,0.,1.));
#8920 = DIRECTION('',(1.,0.,0.));
#8921 = ADVANCED_FACE('',(#8922),#8933,.F.);
#8922 = FACE_BOUND('',#8923,.F.);
#8923 = EDGE_LOOP('',(#8924,#8925,#8931,#8932));
#8924 = ORIENTED_EDGE('',*,*,#5611,.F.);
#8925 = ORIENTED_EDGE('',*,*,#8926,.F.);
#8926 = EDGE_CURVE('',#6872,#5612,#8927,.T.);
#8927 = LINE('',#8928,#8929);
#8928 = CARTESIAN_POINT('',(-22.3,-11.,29.5));
#8929 = VECTOR('',#8930,1.);
#8930 = DIRECTION('',(0.,1.,0.));
#8931 = ORIENTED_EDGE('',*,*,#6871,.T.);
#8932 = ORIENTED_EDGE('',*,*,#6854,.T.);
#8933 = PLANE('',#8934);
#8934 = AXIS2_PLACEMENT_3D('',#8935,#8936,#8937);
#8935 = CARTESIAN_POINT('',(-29.,-10.,29.5));
#8936 = DIRECTION('',(0.,0.,1.));
#8937 = DIRECTION('',(1.,0.,0.));
#8938 = ADVANCED_FACE('',(#8939),#8966,.F.);
#8939 = FACE_BOUND('',#8940,.F.);
#8940 = EDGE_LOOP('',(#8941,#8949,#8957,#8963,#8964,#8965));
#8941 = ORIENTED_EDGE('',*,*,#8942,.F.);
#8942 = EDGE_CURVE('',#8943,#5620,#8945,.T.);
#8943 = VERTEX_POINT('',#8944);
#8944 = CARTESIAN_POINT('',(-22.3,-7.4,32.8));
#8945 = LINE('',#8946,#8947);
#8946 = CARTESIAN_POINT('',(-22.3,-12.,32.8));
#8947 = VECTOR('',#8948,1.);
#8948 = DIRECTION('',(0.,1.,0.));
#8949 = ORIENTED_EDGE('',*,*,#8950,.T.);
#8950 = EDGE_CURVE('',#8943,#8951,#8953,.T.);
#8951 = VERTEX_POINT('',#8952);
#8952 = CARTESIAN_POINT('',(-22.3,-7.4,30.921539030917));
#8953 = LINE('',#8954,#8955);
#8954 = CARTESIAN_POINT('',(-22.3,-7.4,31.1));
#8955 = VECTOR('',#8956,1.);
#8956 = DIRECTION('',(0.,0.,-1.));
#8957 = ORIENTED_EDGE('',*,*,#8958,.F.);
#8958 = EDGE_CURVE('',#6880,#8951,#8959,.T.);
#8959 = LINE('',#8960,#8961);
#8960 = CARTESIAN_POINT('',(-22.3,-11.05,30.921539030917));
#8961 = VECTOR('',#8962,1.);
#8962 = DIRECTION('',(0.,1.,0.));
#8963 = ORIENTED_EDGE('',*,*,#6879,.T.);
#8964 = ORIENTED_EDGE('',*,*,#8926,.T.);
#8965 = ORIENTED_EDGE('',*,*,#5619,.F.);
#8966 = PLANE('',#8967);
#8967 = AXIS2_PLACEMENT_3D('',#8968,#8969,#8970);
#8968 = CARTESIAN_POINT('',(-22.3,-12.,29.2));
#8969 = DIRECTION('',(1.,0.,0.));
#8970 = DIRECTION('',(0.,0.,1.));
#8971 = ADVANCED_FACE('',(#8972),#9022,.F.);
#8972 = FACE_BOUND('',#8973,.F.);
#8973 = EDGE_LOOP('',(#8974,#8982,#8990,#8998,#9006,#9014,#9020,#9021));
#8974 = ORIENTED_EDGE('',*,*,#8975,.F.);
#8975 = EDGE_CURVE('',#8976,#5628,#8978,.T.);
#8976 = VERTEX_POINT('',#8977);
#8977 = CARTESIAN_POINT('',(-26.7,-7.4,32.8));
#8978 = LINE('',#8979,#8980);
#8979 = CARTESIAN_POINT('',(-26.7,-12.,32.8));
#8980 = VECTOR('',#8981,1.);
#8981 = DIRECTION('',(0.,1.,0.));
#8982 = ORIENTED_EDGE('',*,*,#8983,.T.);
#8983 = EDGE_CURVE('',#8976,#8984,#8986,.T.);
#8984 = VERTEX_POINT('',#8985);
#8985 = CARTESIAN_POINT('',(-26.19826381931,-7.4,32.8));
#8986 = LINE('',#8987,#8988);
#8987 = CARTESIAN_POINT('',(-25.6,-7.4,32.8));
#8988 = VECTOR('',#8989,1.);
#8989 = DIRECTION('',(1.,0.,0.));
#8990 = ORIENTED_EDGE('',*,*,#8991,.F.);
#8991 = EDGE_CURVE('',#8992,#8984,#8994,.T.);
#8992 = VERTEX_POINT('',#8993);
#8993 = CARTESIAN_POINT('',(-26.19826381931,-10.,32.8));
#8994 = LINE('',#8995,#8996);
#8995 = CARTESIAN_POINT('',(-26.19826381931,-10.,32.8));
#8996 = VECTOR('',#8997,1.);
#8997 = DIRECTION('',(0.,1.,0.));
#8998 = ORIENTED_EDGE('',*,*,#8999,.T.);
#8999 = EDGE_CURVE('',#8992,#9000,#9002,.T.);
#9000 = VERTEX_POINT('',#9001);
#9001 = CARTESIAN_POINT('',(-22.80173618068,-10.,32.8));
#9002 = LINE('',#9003,#9004);
#9003 = CARTESIAN_POINT('',(-25.6,-10.,32.8));
#9004 = VECTOR('',#9005,1.);
#9005 = DIRECTION('',(1.,0.,0.));
#9006 = ORIENTED_EDGE('',*,*,#9007,.T.);
#9007 = EDGE_CURVE('',#9000,#9008,#9010,.T.);
#9008 = VERTEX_POINT('',#9009);
#9009 = CARTESIAN_POINT('',(-22.80173618068,-7.4,32.8));
#9010 = LINE('',#9011,#9012);
#9011 = CARTESIAN_POINT('',(-22.80173618068,-10.,32.8));
#9012 = VECTOR('',#9013,1.);
#9013 = DIRECTION('',(0.,1.,0.));
#9014 = ORIENTED_EDGE('',*,*,#9015,.T.);
#9015 = EDGE_CURVE('',#9008,#8943,#9016,.T.);
#9016 = LINE('',#9017,#9018);
#9017 = CARTESIAN_POINT('',(-25.6,-7.4,32.8));
#9018 = VECTOR('',#9019,1.);
#9019 = DIRECTION('',(1.,0.,0.));
#9020 = ORIENTED_EDGE('',*,*,#8942,.T.);
#9021 = ORIENTED_EDGE('',*,*,#5627,.F.);
#9022 = PLANE('',#9023);
#9023 = AXIS2_PLACEMENT_3D('',#9024,#9025,#9026);
#9024 = CARTESIAN_POINT('',(-26.7,-12.,32.8));
#9025 = DIRECTION('',(0.,0.,1.));
#9026 = DIRECTION('',(1.,0.,0.));
#9027 = ADVANCED_FACE('',(#9028),#9048,.T.);
#9028 = FACE_BOUND('',#9029,.T.);
#9029 = EDGE_LOOP('',(#9030,#9031,#9039,#9045,#9046,#9047));
#9030 = ORIENTED_EDGE('',*,*,#8975,.F.);
#9031 = ORIENTED_EDGE('',*,*,#9032,.T.);
#9032 = EDGE_CURVE('',#8976,#9033,#9035,.T.);
#9033 = VERTEX_POINT('',#9034);
#9034 = CARTESIAN_POINT('',(-26.7,-7.4,30.921539030917));
#9035 = LINE('',#9036,#9037);
#9036 = CARTESIAN_POINT('',(-26.7,-7.4,31.1));
#9037 = VECTOR('',#9038,1.);
#9038 = DIRECTION('',(0.,0.,-1.));
#9039 = ORIENTED_EDGE('',*,*,#9040,.F.);
#9040 = EDGE_CURVE('',#5758,#9033,#9041,.T.);
#9041 = LINE('',#9042,#9043);
#9042 = CARTESIAN_POINT('',(-26.7,-11.05,30.921539030917));
#9043 = VECTOR('',#9044,1.);
#9044 = DIRECTION('',(0.,1.,0.));
#9045 = ORIENTED_EDGE('',*,*,#5757,.T.);
#9046 = ORIENTED_EDGE('',*,*,#5742,.T.);
#9047 = ORIENTED_EDGE('',*,*,#5635,.F.);
#9048 = PLANE('',#9049);
#9049 = AXIS2_PLACEMENT_3D('',#9050,#9051,#9052);
#9050 = CARTESIAN_POINT('',(-26.7,-12.,29.2));
#9051 = DIRECTION('',(1.,0.,0.));
#9052 = DIRECTION('',(0.,0.,1.));
#9053 = ADVANCED_FACE('',(#9054),#9072,.T.);
#9054 = FACE_BOUND('',#9055,.T.);
#9055 = EDGE_LOOP('',(#9056,#9064,#9065,#9066));
#9056 = ORIENTED_EDGE('',*,*,#9057,.F.);
#9057 = EDGE_CURVE('',#5777,#9058,#9060,.T.);
#9058 = VERTEX_POINT('',#9059);
#9059 = CARTESIAN_POINT('',(-27.4,-7.4,31.32568421935));
#9060 = LINE('',#9061,#9062);
#9061 = CARTESIAN_POINT('',(-27.4,-10.1,31.32568421935));
#9062 = VECTOR('',#9063,1.);
#9063 = DIRECTION('',(0.,1.,0.));
#9064 = ORIENTED_EDGE('',*,*,#5784,.T.);
#9065 = ORIENTED_EDGE('',*,*,#9040,.T.);
#9066 = ORIENTED_EDGE('',*,*,#9067,.T.);
#9067 = EDGE_CURVE('',#9033,#9058,#9068,.T.);
#9068 = LINE('',#9069,#9070);
#9069 = CARTESIAN_POINT('',(-24.5,-7.4,29.6513684387));
#9070 = VECTOR('',#9071,1.);
#9071 = DIRECTION('',(-0.866025403784,0.,0.5));
#9072 = PLANE('',#9073);
#9073 = AXIS2_PLACEMENT_3D('',#9074,#9075,#9076);
#9074 = CARTESIAN_POINT('',(-24.5,-10.1,29.6513684387));
#9075 = DIRECTION('',(0.5,0.,0.866025403784));
#9076 = DIRECTION('',(-0.866025403784,0.,0.5));
#9077 = ADVANCED_FACE('',(#9078),#9089,.T.);
#9078 = FACE_BOUND('',#9079,.T.);
#9079 = EDGE_LOOP('',(#9080,#9081,#9082,#9088));
#9080 = ORIENTED_EDGE('',*,*,#5776,.T.);
#9081 = ORIENTED_EDGE('',*,*,#9057,.T.);
#9082 = ORIENTED_EDGE('',*,*,#9083,.T.);
#9083 = EDGE_CURVE('',#9058,#6976,#9084,.T.);
#9084 = LINE('',#9085,#9086);
#9085 = CARTESIAN_POINT('',(-27.4,-7.4,31.32568421935));
#9086 = VECTOR('',#9087,1.);
#9087 = DIRECTION('',(1.3E-16,0.,1.));
#9088 = ORIENTED_EDGE('',*,*,#6975,.F.);
#9089 = PLANE('',#9090);
#9090 = AXIS2_PLACEMENT_3D('',#9091,#9092,#9093);
#9091 = CARTESIAN_POINT('',(-27.4,-10.1,31.32568421935));
#9092 = DIRECTION('',(1.,0.,-1.3E-16));
#9093 = DIRECTION('',(1.3E-16,0.,1.));
#9094 = ADVANCED_FACE('',(#9095),#9106,.F.);
#9095 = FACE_BOUND('',#9096,.F.);
#9096 = EDGE_LOOP('',(#9097,#9098,#9099,#9105));
#9097 = ORIENTED_EDGE('',*,*,#5897,.F.);
#9098 = ORIENTED_EDGE('',*,*,#5921,.T.);
#9099 = ORIENTED_EDGE('',*,*,#9100,.T.);
#9100 = EDGE_CURVE('',#5922,#5993,#9101,.T.);
#9101 = LINE('',#9102,#9103);
#9102 = CARTESIAN_POINT('',(-6.,-17.8,54.8));
#9103 = VECTOR('',#9104,1.);
#9104 = DIRECTION('',(0.,1.,0.));
#9105 = ORIENTED_EDGE('',*,*,#5992,.F.);
#9106 = PLANE('',#9107);
#9107 = AXIS2_PLACEMENT_3D('',#9108,#9109,#9110);
#9108 = CARTESIAN_POINT('',(-9.,-17.8,54.8));
#9109 = DIRECTION('',(0.,0.,1.));
#9110 = DIRECTION('',(1.,0.,0.));
#9111 = ADVANCED_FACE('',(#9112),#9118,.F.);
#9112 = FACE_BOUND('',#9113,.F.);
#9113 = EDGE_LOOP('',(#9114,#9115,#9116,#9117));
#9114 = ORIENTED_EDGE('',*,*,#5929,.F.);
#9115 = ORIENTED_EDGE('',*,*,#5947,.T.);
#9116 = ORIENTED_EDGE('',*,*,#6000,.T.);
#9117 = ORIENTED_EDGE('',*,*,#9100,.F.);
#9118 = PLANE('',#9119);
#9119 = AXIS2_PLACEMENT_3D('',#9120,#9121,#9122);
#9120 = CARTESIAN_POINT('',(-6.,-17.8,53.4));
#9121 = DIRECTION('',(1.,0.,0.));
#9122 = DIRECTION('',(0.,0.,1.));
#9123 = ADVANCED_FACE('',(#9124),#9143,.F.);
#9124 = FACE_BOUND('',#9125,.F.);
#9125 = EDGE_LOOP('',(#9126,#9134,#9140,#9141,#9142));
#9126 = ORIENTED_EDGE('',*,*,#9127,.F.);
#9127 = EDGE_CURVE('',#9128,#8534,#9130,.T.);
#9128 = VERTEX_POINT('',#9129);
#9129 = CARTESIAN_POINT('',(-6.,-14.6,85.4));
#9130 = LINE('',#9131,#9132);
#9131 = CARTESIAN_POINT('',(-6.,-14.6,85.4));
#9132 = VECTOR('',#9133,1.);
#9133 = DIRECTION('',(0.,0.,1.));
#9134 = ORIENTED_EDGE('',*,*,#9135,.F.);
#9135 = EDGE_CURVE('',#8591,#9128,#9136,.T.);
#9136 = LINE('',#9137,#9138);
#9137 = CARTESIAN_POINT('',(-9.,-14.6,85.4));
#9138 = VECTOR('',#9139,1.);
#9139 = DIRECTION('',(1.,0.,0.));
#9140 = ORIENTED_EDGE('',*,*,#8598,.T.);
#9141 = ORIENTED_EDGE('',*,*,#6347,.F.);
#9142 = ORIENTED_EDGE('',*,*,#8541,.T.);
#9143 = PLANE('',#9144);
#9144 = AXIS2_PLACEMENT_3D('',#9145,#9146,#9147);
#9145 = CARTESIAN_POINT('',(-9.,-14.6,85.4));
#9146 = DIRECTION('',(0.,1.,0.));
#9147 = DIRECTION('',(0.,0.,1.));
#9148 = ADVANCED_FACE('',(#9149),#9168,.F.);
#9149 = FACE_BOUND('',#9150,.F.);
#9150 = EDGE_LOOP('',(#9151,#9152,#9160,#9166,#9167));
#9151 = ORIENTED_EDGE('',*,*,#8709,.F.);
#9152 = ORIENTED_EDGE('',*,*,#9153,.F.);
#9153 = EDGE_CURVE('',#9154,#8702,#9156,.T.);
#9154 = VERTEX_POINT('',#9155);
#9155 = CARTESIAN_POINT('',(6.,-14.6,85.4));
#9156 = LINE('',#9157,#9158);
#9157 = CARTESIAN_POINT('',(6.,-14.6,85.4));
#9158 = VECTOR('',#9159,1.);
#9159 = DIRECTION('',(1.,0.,0.));
#9160 = ORIENTED_EDGE('',*,*,#9161,.T.);
#9161 = EDGE_CURVE('',#9154,#8766,#9162,.T.);
#9162 = LINE('',#9163,#9164);
#9163 = CARTESIAN_POINT('',(6.,-14.6,85.4));
#9164 = VECTOR('',#9165,1.);
#9165 = DIRECTION('',(0.,0.,1.));
#9166 = ORIENTED_EDGE('',*,*,#8765,.T.);
#9167 = ORIENTED_EDGE('',*,*,#6411,.F.);
#9168 = PLANE('',#9169);
#9169 = AXIS2_PLACEMENT_3D('',#9170,#9171,#9172);
#9170 = CARTESIAN_POINT('',(6.,-14.6,85.4));
#9171 = DIRECTION('',(0.,1.,0.));
#9172 = DIRECTION('',(0.,0.,1.));
#9173 = ADVANCED_FACE('',(#9174),#9185,.T.);
#9174 = FACE_BOUND('',#9175,.T.);
#9175 = EDGE_LOOP('',(#9176,#9177,#9178,#9179));
#9176 = ORIENTED_EDGE('',*,*,#6530,.F.);
#9177 = ORIENTED_EDGE('',*,*,#6490,.T.);
#9178 = ORIENTED_EDGE('',*,*,#6608,.T.);
#9179 = ORIENTED_EDGE('',*,*,#9180,.F.);
#9180 = EDGE_CURVE('',#6531,#6609,#9181,.T.);
#9181 = LINE('',#9182,#9183);
#9182 = CARTESIAN_POINT('',(6.,-17.8,54.8));
#9183 = VECTOR('',#9184,1.);
#9184 = DIRECTION('',(0.,1.,0.));
#9185 = PLANE('',#9186);
#9186 = AXIS2_PLACEMENT_3D('',#9187,#9188,#9189);
#9187 = CARTESIAN_POINT('',(6.,-17.8,53.4));
#9188 = DIRECTION('',(1.,0.,0.));
#9189 = DIRECTION('',(0.,0.,1.));
#9190 = ADVANCED_FACE('',(#9191),#9197,.F.);
#9191 = FACE_BOUND('',#9192,.F.);
#9192 = EDGE_LOOP('',(#9193,#9194,#9195,#9196));
#9193 = ORIENTED_EDGE('',*,*,#9180,.F.);
#9194 = ORIENTED_EDGE('',*,*,#6538,.T.);
#9195 = ORIENTED_EDGE('',*,*,#6580,.T.);
#9196 = ORIENTED_EDGE('',*,*,#6616,.F.);
#9197 = PLANE('',#9198);
#9198 = AXIS2_PLACEMENT_3D('',#9199,#9200,#9201);
#9199 = CARTESIAN_POINT('',(6.,-17.8,54.8));
#9200 = DIRECTION('',(0.,0.,1.));
#9201 = DIRECTION('',(1.,0.,0.));
#9202 = ADVANCED_FACE('',(#9203),#9221,.T.);
#9203 = FACE_BOUND('',#9204,.T.);
#9204 = EDGE_LOOP('',(#9205,#9206,#9207,#9215));
#9205 = ORIENTED_EDGE('',*,*,#6678,.T.);
#9206 = ORIENTED_EDGE('',*,*,#6716,.T.);
#9207 = ORIENTED_EDGE('',*,*,#9208,.T.);
#9208 = EDGE_CURVE('',#6709,#9209,#9211,.T.);
#9209 = VERTEX_POINT('',#9210);
#9210 = CARTESIAN_POINT('',(27.4,-7.4,31.32568421935));
#9211 = LINE('',#9212,#9213);
#9212 = CARTESIAN_POINT('',(27.4,-7.4,34.67431578065));
#9213 = VECTOR('',#9214,1.);
#9214 = DIRECTION('',(4.E-16,0.,-1.));
#9215 = ORIENTED_EDGE('',*,*,#9216,.F.);
#9216 = EDGE_CURVE('',#6671,#9209,#9217,.T.);
#9217 = LINE('',#9218,#9219);
#9218 = CARTESIAN_POINT('',(27.4,-10.1,31.32568421935));
#9219 = VECTOR('',#9220,1.);
#9220 = DIRECTION('',(0.,1.,0.));
#9221 = PLANE('',#9222);
#9222 = AXIS2_PLACEMENT_3D('',#9223,#9224,#9225);
#9223 = CARTESIAN_POINT('',(27.4,-10.1,34.67431578065));
#9224 = DIRECTION('',(-1.,0.,-4.E-16));
#9225 = DIRECTION('',(4.E-16,0.,-1.));
#9226 = ADVANCED_FACE('',(#9227),#9238,.T.);
#9227 = FACE_BOUND('',#9228,.T.);
#9228 = EDGE_LOOP('',(#9229,#9230,#9231,#9232));
#9229 = ORIENTED_EDGE('',*,*,#8809,.F.);
#9230 = ORIENTED_EDGE('',*,*,#6670,.T.);
#9231 = ORIENTED_EDGE('',*,*,#9216,.T.);
#9232 = ORIENTED_EDGE('',*,*,#9233,.T.);
#9233 = EDGE_CURVE('',#9209,#8802,#9234,.T.);
#9234 = LINE('',#9235,#9236);
#9235 = CARTESIAN_POINT('',(27.4,-7.4,31.32568421935));
#9236 = VECTOR('',#9237,1.);
#9237 = DIRECTION('',(-0.866025403784,0.,-0.5));
#9238 = PLANE('',#9239);
#9239 = AXIS2_PLACEMENT_3D('',#9240,#9241,#9242);
#9240 = CARTESIAN_POINT('',(27.4,-10.1,31.32568421935));
#9241 = DIRECTION('',(-0.5,0.,0.866025403784));
#9242 = DIRECTION('',(-0.866025403784,0.,-0.5));
#9243 = ADVANCED_FACE('',(#9244),#9284,.F.);
#9244 = FACE_BOUND('',#9245,.F.);
#9245 = EDGE_LOOP('',(#9246,#9247,#9248,#9249,#9250,#9259,#9266,#9267,
    #9268,#9276,#9282,#9283));
#9246 = ORIENTED_EDGE('',*,*,#9208,.T.);
#9247 = ORIENTED_EDGE('',*,*,#9233,.T.);
#9248 = ORIENTED_EDGE('',*,*,#8801,.F.);
#9249 = ORIENTED_EDGE('',*,*,#8866,.F.);
#9250 = ORIENTED_EDGE('',*,*,#9251,.F.);
#9251 = EDGE_CURVE('',#9252,#8859,#9254,.T.);
#9252 = VERTEX_POINT('',#9253);
#9253 = CARTESIAN_POINT('',(24.5,-7.4,34.71));
#9254 = CIRCLE('',#9255,1.71);
#9255 = AXIS2_PLACEMENT_3D('',#9256,#9257,#9258);
#9256 = CARTESIAN_POINT('',(24.5,-7.4,33.));
#9257 = DIRECTION('',(0.,1.,0.));
#9258 = DIRECTION('',(0.,0.,1.));
#9259 = ORIENTED_EDGE('',*,*,#9260,.F.);
#9260 = EDGE_CURVE('',#8835,#9252,#9261,.T.);
#9261 = CIRCLE('',#9262,1.71);
#9262 = AXIS2_PLACEMENT_3D('',#9263,#9264,#9265);
#9263 = CARTESIAN_POINT('',(24.5,-7.4,33.));
#9264 = DIRECTION('',(0.,1.,0.));
#9265 = DIRECTION('',(0.,0.,1.));
#9266 = ORIENTED_EDGE('',*,*,#8834,.F.);
#9267 = ORIENTED_EDGE('',*,*,#8883,.T.);
#9268 = ORIENTED_EDGE('',*,*,#9269,.T.);
#9269 = EDGE_CURVE('',#8884,#9270,#9272,.T.);
#9270 = VERTEX_POINT('',#9271);
#9271 = CARTESIAN_POINT('',(21.6,-7.4,31.32568421935));
#9272 = LINE('',#9273,#9274);
#9273 = CARTESIAN_POINT('',(24.5,-7.4,29.6513684387));
#9274 = VECTOR('',#9275,1.);
#9275 = DIRECTION('',(-0.866025403784,0.,0.5));
#9276 = ORIENTED_EDGE('',*,*,#9277,.T.);
#9277 = EDGE_CURVE('',#9270,#6757,#9278,.T.);
#9278 = LINE('',#9279,#9280);
#9279 = CARTESIAN_POINT('',(21.6,-7.4,31.32568421935));
#9280 = VECTOR('',#9281,1.);
#9281 = DIRECTION('',(1.3E-16,0.,1.));
#9282 = ORIENTED_EDGE('',*,*,#6764,.T.);
#9283 = ORIENTED_EDGE('',*,*,#6708,.T.);
#9284 = PLANE('',#9285);
#9285 = AXIS2_PLACEMENT_3D('',#9286,#9287,#9288);
#9286 = CARTESIAN_POINT('',(24.5,-7.4,33.));
#9287 = DIRECTION('',(0.,1.,0.));
#9288 = DIRECTION('',(1.,0.,0.));
#9289 = ADVANCED_FACE('',(#9290),#9301,.T.);
#9290 = FACE_BOUND('',#9291,.T.);
#9291 = EDGE_LOOP('',(#9292,#9293,#9299,#9300));
#9292 = ORIENTED_EDGE('',*,*,#6807,.T.);
#9293 = ORIENTED_EDGE('',*,*,#9294,.T.);
#9294 = EDGE_CURVE('',#6808,#9270,#9295,.T.);
#9295 = LINE('',#9296,#9297);
#9296 = CARTESIAN_POINT('',(21.6,-10.1,31.32568421935));
#9297 = VECTOR('',#9298,1.);
#9298 = DIRECTION('',(0.,1.,0.));
#9299 = ORIENTED_EDGE('',*,*,#9277,.T.);
#9300 = ORIENTED_EDGE('',*,*,#6756,.F.);
#9301 = PLANE('',#9302);
#9302 = AXIS2_PLACEMENT_3D('',#9303,#9304,#9305);
#9303 = CARTESIAN_POINT('',(21.6,-10.1,31.32568421935));
#9304 = DIRECTION('',(1.,0.,-1.3E-16));
#9305 = DIRECTION('',(1.3E-16,0.,1.));
#9306 = ADVANCED_FACE('',(#9307),#9313,.T.);
#9307 = FACE_BOUND('',#9308,.T.);
#9308 = EDGE_LOOP('',(#9309,#9310,#9311,#9312));
#9309 = ORIENTED_EDGE('',*,*,#9294,.F.);
#9310 = ORIENTED_EDGE('',*,*,#6815,.T.);
#9311 = ORIENTED_EDGE('',*,*,#8891,.T.);
#9312 = ORIENTED_EDGE('',*,*,#9269,.T.);
#9313 = PLANE('',#9314);
#9314 = AXIS2_PLACEMENT_3D('',#9315,#9316,#9317);
#9315 = CARTESIAN_POINT('',(24.5,-10.1,29.6513684387));
#9316 = DIRECTION('',(0.5,0.,0.866025403784));
#9317 = DIRECTION('',(-0.866025403784,0.,0.5));
#9318 = ADVANCED_FACE('',(#9319),#9337,.T.);
#9319 = FACE_BOUND('',#9320,.T.);
#9320 = EDGE_LOOP('',(#9321,#9322,#9323,#9331));
#9321 = ORIENTED_EDGE('',*,*,#6895,.T.);
#9322 = ORIENTED_EDGE('',*,*,#6942,.T.);
#9323 = ORIENTED_EDGE('',*,*,#9324,.T.);
#9324 = EDGE_CURVE('',#6935,#9325,#9327,.T.);
#9325 = VERTEX_POINT('',#9326);
#9326 = CARTESIAN_POINT('',(-21.6,-7.4,31.32568421935));
#9327 = LINE('',#9328,#9329);
#9328 = CARTESIAN_POINT('',(-21.6,-7.4,34.67431578065));
#9329 = VECTOR('',#9330,1.);
#9330 = DIRECTION('',(4.E-16,0.,-1.));
#9331 = ORIENTED_EDGE('',*,*,#9332,.F.);
#9332 = EDGE_CURVE('',#6888,#9325,#9333,.T.);
#9333 = LINE('',#9334,#9335);
#9334 = CARTESIAN_POINT('',(-21.6,-10.1,31.32568421935));
#9335 = VECTOR('',#9336,1.);
#9336 = DIRECTION('',(0.,1.,0.));
#9337 = PLANE('',#9338);
#9338 = AXIS2_PLACEMENT_3D('',#9339,#9340,#9341);
#9339 = CARTESIAN_POINT('',(-21.6,-10.1,34.67431578065));
#9340 = DIRECTION('',(-1.,0.,-4.E-16));
#9341 = DIRECTION('',(4.E-16,0.,-1.));
#9342 = ADVANCED_FACE('',(#9343),#9354,.T.);
#9343 = FACE_BOUND('',#9344,.T.);
#9344 = EDGE_LOOP('',(#9345,#9346,#9347,#9348));
#9345 = ORIENTED_EDGE('',*,*,#8958,.F.);
#9346 = ORIENTED_EDGE('',*,*,#6887,.T.);
#9347 = ORIENTED_EDGE('',*,*,#9332,.T.);
#9348 = ORIENTED_EDGE('',*,*,#9349,.T.);
#9349 = EDGE_CURVE('',#9325,#8951,#9350,.T.);
#9350 = LINE('',#9351,#9352);
#9351 = CARTESIAN_POINT('',(-21.6,-7.4,31.32568421935));
#9352 = VECTOR('',#9353,1.);
#9353 = DIRECTION('',(-0.866025403784,0.,-0.5));
#9354 = PLANE('',#9355);
#9355 = AXIS2_PLACEMENT_3D('',#9356,#9357,#9358);
#9356 = CARTESIAN_POINT('',(-21.6,-10.1,31.32568421935));
#9357 = DIRECTION('',(-0.5,0.,0.866025403784));
#9358 = DIRECTION('',(-0.866025403784,0.,-0.5));
#9359 = ADVANCED_FACE('',(#9360),#9388,.F.);
#9360 = FACE_BOUND('',#9361,.F.);
#9361 = EDGE_LOOP('',(#9362,#9363,#9364,#9365,#9366,#9375,#9382,#9383,
    #9384,#9385,#9386,#9387));
#9362 = ORIENTED_EDGE('',*,*,#9324,.T.);
#9363 = ORIENTED_EDGE('',*,*,#9349,.T.);
#9364 = ORIENTED_EDGE('',*,*,#8950,.F.);
#9365 = ORIENTED_EDGE('',*,*,#9015,.F.);
#9366 = ORIENTED_EDGE('',*,*,#9367,.F.);
#9367 = EDGE_CURVE('',#9368,#9008,#9370,.T.);
#9368 = VERTEX_POINT('',#9369);
#9369 = CARTESIAN_POINT('',(-24.5,-7.4,34.71));
#9370 = CIRCLE('',#9371,1.71);
#9371 = AXIS2_PLACEMENT_3D('',#9372,#9373,#9374);
#9372 = CARTESIAN_POINT('',(-24.5,-7.4,33.));
#9373 = DIRECTION('',(0.,1.,0.));
#9374 = DIRECTION('',(0.,0.,1.));
#9375 = ORIENTED_EDGE('',*,*,#9376,.F.);
#9376 = EDGE_CURVE('',#8984,#9368,#9377,.T.);
#9377 = CIRCLE('',#9378,1.71);
#9378 = AXIS2_PLACEMENT_3D('',#9379,#9380,#9381);
#9379 = CARTESIAN_POINT('',(-24.5,-7.4,33.));
#9380 = DIRECTION('',(0.,1.,0.));
#9381 = DIRECTION('',(0.,0.,1.));
#9382 = ORIENTED_EDGE('',*,*,#8983,.F.);
#9383 = ORIENTED_EDGE('',*,*,#9032,.T.);
#9384 = ORIENTED_EDGE('',*,*,#9067,.T.);
#9385 = ORIENTED_EDGE('',*,*,#9083,.T.);
#9386 = ORIENTED_EDGE('',*,*,#6983,.T.);
#9387 = ORIENTED_EDGE('',*,*,#6934,.T.);
#9388 = PLANE('',#9389);
#9389 = AXIS2_PLACEMENT_3D('',#9390,#9391,#9392);
#9390 = CARTESIAN_POINT('',(-24.5,-7.4,33.));
#9391 = DIRECTION('',(0.,1.,0.));
#9392 = DIRECTION('',(1.,0.,0.));
#9393 = ADVANCED_FACE('',(#9394),#9412,.F.);
#9394 = FACE_BOUND('',#9395,.F.);
#9395 = EDGE_LOOP('',(#9396,#9397,#9404,#9411));
#9396 = ORIENTED_EDGE('',*,*,#7008,.T.);
#9397 = ORIENTED_EDGE('',*,*,#9398,.T.);
#9398 = EDGE_CURVE('',#7009,#9399,#9401,.T.);
#9399 = VERTEX_POINT('',#9400);
#9400 = CARTESIAN_POINT('',(-22.,5.4,114.7));
#9401 = B_SPLINE_CURVE_WITH_KNOTS('',1,(#9402,#9403),.UNSPECIFIED.,.F.,
  .F.,(2,2),(5.2,18.4),.PIECEWISE_BEZIER_KNOTS.);
#9402 = CARTESIAN_POINT('',(-22.,-7.8,114.7));
#9403 = CARTESIAN_POINT('',(-22.,5.4,114.7));
#9404 = ORIENTED_EDGE('',*,*,#9405,.F.);
#9405 = EDGE_CURVE('',#9399,#9399,#9406,.T.);
#9406 = CIRCLE('',#9407,1.7);
#9407 = AXIS2_PLACEMENT_3D('',#9408,#9409,#9410);
#9408 = CARTESIAN_POINT('',(-22.,5.4,113.));
#9409 = DIRECTION('',(0.,1.,0.));
#9410 = DIRECTION('',(0.,0.,1.));
#9411 = ORIENTED_EDGE('',*,*,#9398,.F.);
#9412 = CYLINDRICAL_SURFACE('',#9413,1.7);
#9413 = AXIS2_PLACEMENT_3D('',#9414,#9415,#9416);
#9414 = CARTESIAN_POINT('',(-22.,-13.,113.));
#9415 = DIRECTION('',(0.,1.,0.));
#9416 = DIRECTION('',(0.,0.,1.));
#9417 = ADVANCED_FACE('',(#9418),#9443,.T.);
#9418 = FACE_BOUND('',#9419,.T.);
#9419 = EDGE_LOOP('',(#9420,#9428,#9429,#9437));
#9420 = ORIENTED_EDGE('',*,*,#9421,.F.);
#9421 = EDGE_CURVE('',#7040,#9422,#9424,.T.);
#9422 = VERTEX_POINT('',#9423);
#9423 = CARTESIAN_POINT('',(-26.4,5.4,116.4));
#9424 = LINE('',#9425,#9426);
#9425 = CARTESIAN_POINT('',(-26.4,4.9,116.4));
#9426 = VECTOR('',#9427,1.);
#9427 = DIRECTION('',(0.,1.,0.));
#9428 = ORIENTED_EDGE('',*,*,#7039,.T.);
#9429 = ORIENTED_EDGE('',*,*,#9430,.T.);
#9430 = EDGE_CURVE('',#7042,#9431,#9433,.T.);
#9431 = VERTEX_POINT('',#9432);
#9432 = CARTESIAN_POINT('',(-17.6,5.4,116.4));
#9433 = LINE('',#9434,#9435);
#9434 = CARTESIAN_POINT('',(-17.6,4.9,116.4));
#9435 = VECTOR('',#9436,1.);
#9436 = DIRECTION('',(0.,1.,0.));
#9437 = ORIENTED_EDGE('',*,*,#9438,.F.);
#9438 = EDGE_CURVE('',#9422,#9431,#9439,.T.);
#9439 = LINE('',#9440,#9441);
#9440 = CARTESIAN_POINT('',(-26.4,5.4,116.4));
#9441 = VECTOR('',#9442,1.);
#9442 = DIRECTION('',(1.,0.,0.));
#9443 = PLANE('',#9444);
#9444 = AXIS2_PLACEMENT_3D('',#9445,#9446,#9447);
#9445 = CARTESIAN_POINT('',(-26.4,4.9,116.4));
#9446 = DIRECTION('',(0.,0.,1.));
#9447 = DIRECTION('',(1.,0.,0.));
#9448 = ADVANCED_FACE('',(#9449),#9467,.F.);
#9449 = FACE_BOUND('',#9450,.F.);
#9450 = EDGE_LOOP('',(#9451,#9452,#9453,#9461));
#9451 = ORIENTED_EDGE('',*,*,#9421,.F.);
#9452 = ORIENTED_EDGE('',*,*,#7049,.T.);
#9453 = ORIENTED_EDGE('',*,*,#9454,.T.);
#9454 = EDGE_CURVE('',#7050,#9455,#9457,.T.);
#9455 = VERTEX_POINT('',#9456);
#9456 = CARTESIAN_POINT('',(-26.4,5.4,109.6));
#9457 = LINE('',#9458,#9459);
#9458 = CARTESIAN_POINT('',(-26.4,4.9,109.6));
#9459 = VECTOR('',#9460,1.);
#9460 = DIRECTION('',(0.,1.,0.));
#9461 = ORIENTED_EDGE('',*,*,#9462,.T.);
#9462 = EDGE_CURVE('',#9455,#9422,#9463,.T.);
#9463 = LINE('',#9464,#9465);
#9464 = CARTESIAN_POINT('',(-26.4,5.4,109.6));
#9465 = VECTOR('',#9466,1.);
#9466 = DIRECTION('',(0.,0.,1.));
#9467 = PLANE('',#9468);
#9468 = AXIS2_PLACEMENT_3D('',#9469,#9470,#9471);
#9469 = CARTESIAN_POINT('',(-26.4,4.9,109.6));
#9470 = DIRECTION('',(1.,0.,0.));
#9471 = DIRECTION('',(0.,0.,1.));
#9472 = ADVANCED_FACE('',(#9473),#9491,.T.);
#9473 = FACE_BOUND('',#9474,.T.);
#9474 = EDGE_LOOP('',(#9475,#9476,#9477,#9485));
#9475 = ORIENTED_EDGE('',*,*,#9430,.F.);
#9476 = ORIENTED_EDGE('',*,*,#7065,.T.);
#9477 = ORIENTED_EDGE('',*,*,#9478,.T.);
#9478 = EDGE_CURVE('',#7058,#9479,#9481,.T.);
#9479 = VERTEX_POINT('',#9480);
#9480 = CARTESIAN_POINT('',(-17.6,5.4,109.6));
#9481 = LINE('',#9482,#9483);
#9482 = CARTESIAN_POINT('',(-17.6,4.9,109.6));
#9483 = VECTOR('',#9484,1.);
#9484 = DIRECTION('',(0.,1.,0.));
#9485 = ORIENTED_EDGE('',*,*,#9486,.T.);
#9486 = EDGE_CURVE('',#9479,#9431,#9487,.T.);
#9487 = LINE('',#9488,#9489);
#9488 = CARTESIAN_POINT('',(-17.6,5.4,109.6));
#9489 = VECTOR('',#9490,1.);
#9490 = DIRECTION('',(0.,0.,1.));
#9491 = PLANE('',#9492);
#9492 = AXIS2_PLACEMENT_3D('',#9493,#9494,#9495);
#9493 = CARTESIAN_POINT('',(-17.6,4.9,109.6));
#9494 = DIRECTION('',(1.,0.,0.));
#9495 = DIRECTION('',(0.,0.,1.));
#9496 = ADVANCED_FACE('',(#9497),#9508,.F.);
#9497 = FACE_BOUND('',#9498,.F.);
#9498 = EDGE_LOOP('',(#9499,#9500,#9501,#9502));
#9499 = ORIENTED_EDGE('',*,*,#9454,.F.);
#9500 = ORIENTED_EDGE('',*,*,#7057,.T.);
#9501 = ORIENTED_EDGE('',*,*,#9478,.T.);
#9502 = ORIENTED_EDGE('',*,*,#9503,.F.);
#9503 = EDGE_CURVE('',#9455,#9479,#9504,.T.);
#9504 = LINE('',#9505,#9506);
#9505 = CARTESIAN_POINT('',(-26.4,5.4,109.6));
#9506 = VECTOR('',#9507,1.);
#9507 = DIRECTION('',(1.,0.,0.));
#9508 = PLANE('',#9509);
#9509 = AXIS2_PLACEMENT_3D('',#9510,#9511,#9512);
#9510 = CARTESIAN_POINT('',(-26.4,4.9,109.6));
#9511 = DIRECTION('',(0.,0.,1.));
#9512 = DIRECTION('',(1.,0.,0.));
#9513 = ADVANCED_FACE('',(#9514),#9520,.F.);
#9514 = FACE_BOUND('',#9515,.F.);
#9515 = EDGE_LOOP('',(#9516,#9517,#9518,#9519));
#9516 = ORIENTED_EDGE('',*,*,#7731,.F.);
#9517 = ORIENTED_EDGE('',*,*,#7154,.F.);
#9518 = ORIENTED_EDGE('',*,*,#7854,.F.);
#9519 = ORIENTED_EDGE('',*,*,#7868,.F.);
#9520 = PLANE('',#9521);
#9521 = AXIS2_PLACEMENT_3D('',#9522,#9523,#9524);
#9522 = CARTESIAN_POINT('',(13.5,-15.5,120.));
#9523 = DIRECTION('',(0.,0.,1.));
#9524 = DIRECTION('',(1.,0.,0.));
#9525 = ADVANCED_FACE('',(#9526),#9532,.F.);
#9526 = FACE_BOUND('',#9527,.F.);
#9527 = EDGE_LOOP('',(#9528,#9529,#9530,#9531));
#9528 = ORIENTED_EDGE('',*,*,#7777,.F.);
#9529 = ORIENTED_EDGE('',*,*,#7811,.T.);
#9530 = ORIENTED_EDGE('',*,*,#7131,.F.);
#9531 = ORIENTED_EDGE('',*,*,#7755,.T.);
#9532 = PLANE('',#9533);
#9533 = AXIS2_PLACEMENT_3D('',#9534,#9535,#9536);
#9534 = CARTESIAN_POINT('',(-17.5,-15.5,120.));
#9535 = DIRECTION('',(0.,0.,1.));
#9536 = DIRECTION('',(1.,0.,0.));
#9537 = ADVANCED_FACE('',(#9538),#9557,.F.);
#9538 = FACE_BOUND('',#9539,.F.);
#9539 = EDGE_LOOP('',(#9540,#9549,#9555,#9556));
#9540 = ORIENTED_EDGE('',*,*,#9541,.F.);
#9541 = EDGE_CURVE('',#9542,#9542,#9544,.T.);
#9542 = VERTEX_POINT('',#9543);
#9543 = CARTESIAN_POINT('',(11.75,5.5,123.8));
#9544 = CIRCLE('',#9545,2.5);
#9545 = AXIS2_PLACEMENT_3D('',#9546,#9547,#9548);
#9546 = CARTESIAN_POINT('',(9.25,5.5,123.8));
#9547 = DIRECTION('',(0.,0.,1.));
#9548 = DIRECTION('',(1.,0.,0.));
#9549 = ORIENTED_EDGE('',*,*,#9550,.F.);
#9550 = EDGE_CURVE('',#7252,#9542,#9551,.T.);
#9551 = LINE('',#9552,#9553);
#9552 = CARTESIAN_POINT('',(11.75,5.5,117.));
#9553 = VECTOR('',#9554,1.);
#9554 = DIRECTION('',(0.,0.,1.));
#9555 = ORIENTED_EDGE('',*,*,#7251,.T.);
#9556 = ORIENTED_EDGE('',*,*,#9550,.T.);
#9557 = CYLINDRICAL_SURFACE('',#9558,2.5);
#9558 = AXIS2_PLACEMENT_3D('',#9559,#9560,#9561);
#9559 = CARTESIAN_POINT('',(9.25,5.5,117.));
#9560 = DIRECTION('',(0.,0.,1.));
#9561 = DIRECTION('',(1.,0.,0.));
#9562 = ADVANCED_FACE('',(#9563),#9582,.F.);
#9563 = FACE_BOUND('',#9564,.F.);
#9564 = EDGE_LOOP('',(#9565,#9574,#9580,#9581));
#9565 = ORIENTED_EDGE('',*,*,#9566,.F.);
#9566 = EDGE_CURVE('',#9567,#9567,#9569,.T.);
#9567 = VERTEX_POINT('',#9568);
#9568 = CARTESIAN_POINT('',(-6.75,5.5,123.8));
#9569 = CIRCLE('',#9570,2.5);
#9570 = AXIS2_PLACEMENT_3D('',#9571,#9572,#9573);
#9571 = CARTESIAN_POINT('',(-9.25,5.5,123.8));
#9572 = DIRECTION('',(0.,0.,1.));
#9573 = DIRECTION('',(1.,0.,0.));
#9574 = ORIENTED_EDGE('',*,*,#9575,.F.);
#9575 = EDGE_CURVE('',#7263,#9567,#9576,.T.);
#9576 = LINE('',#9577,#9578);
#9577 = CARTESIAN_POINT('',(-6.75,5.5,117.));
#9578 = VECTOR('',#9579,1.);
#9579 = DIRECTION('',(0.,0.,1.));
#9580 = ORIENTED_EDGE('',*,*,#7262,.T.);
#9581 = ORIENTED_EDGE('',*,*,#9575,.T.);
#9582 = CYLINDRICAL_SURFACE('',#9583,2.5);
#9583 = AXIS2_PLACEMENT_3D('',#9584,#9585,#9586);
#9584 = CARTESIAN_POINT('',(-9.25,5.5,117.));
#9585 = DIRECTION('',(0.,0.,1.));
#9586 = DIRECTION('',(1.,0.,0.));
#9587 = ADVANCED_FACE('',(#9588),#9594,.T.);
#9588 = FACE_BOUND('',#9589,.T.);
#9589 = EDGE_LOOP('',(#9590,#9591,#9592,#9593));
#9590 = ORIENTED_EDGE('',*,*,#7422,.F.);
#9591 = ORIENTED_EDGE('',*,*,#7322,.T.);
#9592 = ORIENTED_EDGE('',*,*,#7538,.T.);
#9593 = ORIENTED_EDGE('',*,*,#7438,.T.);
#9594 = PLANE('',#9595);
#9595 = AXIS2_PLACEMENT_3D('',#9596,#9597,#9598);
#9596 = CARTESIAN_POINT('',(-14.1,-17.6,144.4));
#9597 = DIRECTION('',(0.,0.,1.));
#9598 = DIRECTION('',(1.,0.,0.));
#9599 = ADVANCED_FACE('',(#9600),#9616,.F.);
#9600 = FACE_BOUND('',#9601,.F.);
#9601 = EDGE_LOOP('',(#9602,#9608,#9609,#9615));
#9602 = ORIENTED_EDGE('',*,*,#9603,.F.);
#9603 = EDGE_CURVE('',#7339,#7465,#9604,.T.);
#9604 = LINE('',#9605,#9606);
#9605 = CARTESIAN_POINT('',(-12.2,-17.7,138.4));
#9606 = VECTOR('',#9607,1.);
#9607 = DIRECTION('',(0.,1.,0.));
#9608 = ORIENTED_EDGE('',*,*,#7338,.T.);
#9609 = ORIENTED_EDGE('',*,*,#9610,.T.);
#9610 = EDGE_CURVE('',#7341,#7457,#9611,.T.);
#9611 = LINE('',#9612,#9613);
#9612 = CARTESIAN_POINT('',(-9.4,-17.7,138.4));
#9613 = VECTOR('',#9614,1.);
#9614 = DIRECTION('',(0.,1.,0.));
#9615 = ORIENTED_EDGE('',*,*,#7464,.T.);
#9616 = PLANE('',#9617);
#9617 = AXIS2_PLACEMENT_3D('',#9618,#9619,#9620);
#9618 = CARTESIAN_POINT('',(-12.2,-17.7,138.4));
#9619 = DIRECTION('',(0.,0.,1.));
#9620 = DIRECTION('',(1.,0.,0.));
#9621 = ADVANCED_FACE('',(#9622),#9633,.T.);
#9622 = FACE_BOUND('',#9623,.T.);
#9623 = EDGE_LOOP('',(#9624,#9625,#9626,#9632));
#9624 = ORIENTED_EDGE('',*,*,#9603,.F.);
#9625 = ORIENTED_EDGE('',*,*,#7364,.T.);
#9626 = ORIENTED_EDGE('',*,*,#9627,.T.);
#9627 = EDGE_CURVE('',#7357,#7473,#9628,.T.);
#9628 = LINE('',#9629,#9630);
#9629 = CARTESIAN_POINT('',(-12.2,-17.7,137.));
#9630 = VECTOR('',#9631,1.);
#9631 = DIRECTION('',(0.,1.,0.));
#9632 = ORIENTED_EDGE('',*,*,#7472,.T.);
#9633 = PLANE('',#9634);
#9634 = AXIS2_PLACEMENT_3D('',#9635,#9636,#9637);
#9635 = CARTESIAN_POINT('',(-12.2,-17.7,137.));
#9636 = DIRECTION('',(1.,0.,0.));
#9637 = DIRECTION('',(0.,0.,1.));
#9638 = ADVANCED_FACE('',(#9639),#9650,.F.);
#9639 = FACE_BOUND('',#9640,.F.);
#9640 = EDGE_LOOP('',(#9641,#9642,#9643,#9649));
#9641 = ORIENTED_EDGE('',*,*,#9610,.F.);
#9642 = ORIENTED_EDGE('',*,*,#7348,.T.);
#9643 = ORIENTED_EDGE('',*,*,#9644,.T.);
#9644 = EDGE_CURVE('',#7349,#7455,#9645,.T.);
#9645 = LINE('',#9646,#9647);
#9646 = CARTESIAN_POINT('',(-9.4,-17.7,137.));
#9647 = VECTOR('',#9648,1.);
#9648 = DIRECTION('',(0.,1.,0.));
#9649 = ORIENTED_EDGE('',*,*,#7454,.T.);
#9650 = PLANE('',#9651);
#9651 = AXIS2_PLACEMENT_3D('',#9652,#9653,#9654);
#9652 = CARTESIAN_POINT('',(-9.4,-17.7,137.));
#9653 = DIRECTION('',(1.,0.,0.));
#9654 = DIRECTION('',(0.,0.,1.));
#9655 = ADVANCED_FACE('',(#9656),#9662,.T.);
#9656 = FACE_BOUND('',#9657,.T.);
#9657 = EDGE_LOOP('',(#9658,#9659,#9660,#9661));
#9658 = ORIENTED_EDGE('',*,*,#9627,.F.);
#9659 = ORIENTED_EDGE('',*,*,#7356,.T.);
#9660 = ORIENTED_EDGE('',*,*,#9644,.T.);
#9661 = ORIENTED_EDGE('',*,*,#7480,.T.);
#9662 = PLANE('',#9663);
#9663 = AXIS2_PLACEMENT_3D('',#9664,#9665,#9666);
#9664 = CARTESIAN_POINT('',(-12.2,-17.7,137.));
#9665 = DIRECTION('',(0.,0.,1.));
#9666 = DIRECTION('',(1.,0.,0.));
#9667 = ADVANCED_FACE('',(#9668),#9684,.F.);
#9668 = FACE_BOUND('',#9669,.F.);
#9669 = EDGE_LOOP('',(#9670,#9676,#9677,#9683));
#9670 = ORIENTED_EDGE('',*,*,#9671,.F.);
#9671 = EDGE_CURVE('',#7373,#7499,#9672,.T.);
#9672 = LINE('',#9673,#9674);
#9673 = CARTESIAN_POINT('',(9.4,-17.7,138.4));
#9674 = VECTOR('',#9675,1.);
#9675 = DIRECTION('',(0.,1.,0.));
#9676 = ORIENTED_EDGE('',*,*,#7372,.T.);
#9677 = ORIENTED_EDGE('',*,*,#9678,.T.);
#9678 = EDGE_CURVE('',#7375,#7491,#9679,.T.);
#9679 = LINE('',#9680,#9681);
#9680 = CARTESIAN_POINT('',(12.2,-17.7,138.4));
#9681 = VECTOR('',#9682,1.);
#9682 = DIRECTION('',(0.,1.,0.));
#9683 = ORIENTED_EDGE('',*,*,#7498,.T.);
#9684 = PLANE('',#9685);
#9685 = AXIS2_PLACEMENT_3D('',#9686,#9687,#9688);
#9686 = CARTESIAN_POINT('',(9.4,-17.7,138.4));
#9687 = DIRECTION('',(0.,0.,1.));
#9688 = DIRECTION('',(1.,0.,0.));
#9689 = ADVANCED_FACE('',(#9690),#9701,.T.);
#9690 = FACE_BOUND('',#9691,.T.);
#9691 = EDGE_LOOP('',(#9692,#9693,#9694,#9700));
#9692 = ORIENTED_EDGE('',*,*,#9671,.F.);
#9693 = ORIENTED_EDGE('',*,*,#7398,.T.);
#9694 = ORIENTED_EDGE('',*,*,#9695,.T.);
#9695 = EDGE_CURVE('',#7391,#7507,#9696,.T.);
#9696 = LINE('',#9697,#9698);
#9697 = CARTESIAN_POINT('',(9.4,-17.7,137.));
#9698 = VECTOR('',#9699,1.);
#9699 = DIRECTION('',(0.,1.,0.));
#9700 = ORIENTED_EDGE('',*,*,#7506,.T.);
#9701 = PLANE('',#9702);
#9702 = AXIS2_PLACEMENT_3D('',#9703,#9704,#9705);
#9703 = CARTESIAN_POINT('',(9.4,-17.7,137.));
#9704 = DIRECTION('',(1.,0.,0.));
#9705 = DIRECTION('',(0.,0.,1.));
#9706 = ADVANCED_FACE('',(#9707),#9718,.F.);
#9707 = FACE_BOUND('',#9708,.F.);
#9708 = EDGE_LOOP('',(#9709,#9710,#9711,#9717));
#9709 = ORIENTED_EDGE('',*,*,#9678,.F.);
#9710 = ORIENTED_EDGE('',*,*,#7382,.T.);
#9711 = ORIENTED_EDGE('',*,*,#9712,.T.);
#9712 = EDGE_CURVE('',#7383,#7489,#9713,.T.);
#9713 = LINE('',#9714,#9715);
#9714 = CARTESIAN_POINT('',(12.2,-17.7,137.));
#9715 = VECTOR('',#9716,1.);
#9716 = DIRECTION('',(0.,1.,0.));
#9717 = ORIENTED_EDGE('',*,*,#7488,.T.);
#9718 = PLANE('',#9719);
#9719 = AXIS2_PLACEMENT_3D('',#9720,#9721,#9722);
#9720 = CARTESIAN_POINT('',(12.2,-17.7,137.));
#9721 = DIRECTION('',(1.,0.,0.));
#9722 = DIRECTION('',(0.,0.,1.));
#9723 = ADVANCED_FACE('',(#9724),#9730,.T.);
#9724 = FACE_BOUND('',#9725,.T.);
#9725 = EDGE_LOOP('',(#9726,#9727,#9728,#9729));
#9726 = ORIENTED_EDGE('',*,*,#9695,.F.);
#9727 = ORIENTED_EDGE('',*,*,#7390,.T.);
#9728 = ORIENTED_EDGE('',*,*,#9712,.T.);
#9729 = ORIENTED_EDGE('',*,*,#7514,.T.);
#9730 = PLANE('',#9731);
#9731 = AXIS2_PLACEMENT_3D('',#9732,#9733,#9734);
#9732 = CARTESIAN_POINT('',(9.4,-17.7,137.));
#9733 = DIRECTION('',(0.,0.,1.));
#9734 = DIRECTION('',(1.,0.,0.));
#9735 = ADVANCED_FACE('',(#9736,#9741),#9744,.T.);
#9736 = FACE_BOUND('',#9737,.T.);
#9737 = EDGE_LOOP('',(#9738,#9739,#9740));
#9738 = ORIENTED_EDGE('',*,*,#7661,.T.);
#9739 = ORIENTED_EDGE('',*,*,#7674,.T.);
#9740 = ORIENTED_EDGE('',*,*,#7637,.T.);
#9741 = FACE_BOUND('',#9742,.T.);
#9742 = EDGE_LOOP('',(#9743));
#9743 = ORIENTED_EDGE('',*,*,#9541,.F.);
#9744 = PLANE('',#9745);
#9745 = AXIS2_PLACEMENT_3D('',#9746,#9747,#9748);
#9746 = CARTESIAN_POINT('',(9.25,5.5,123.8));
#9747 = DIRECTION('',(0.,0.,1.));
#9748 = DIRECTION('',(1.,0.,0.));
#9749 = ADVANCED_FACE('',(#9750,#9755),#9758,.T.);
#9750 = FACE_BOUND('',#9751,.T.);
#9751 = EDGE_LOOP('',(#9752,#9753,#9754));
#9752 = ORIENTED_EDGE('',*,*,#7689,.T.);
#9753 = ORIENTED_EDGE('',*,*,#7702,.T.);
#9754 = ORIENTED_EDGE('',*,*,#7614,.T.);
#9755 = FACE_BOUND('',#9756,.T.);
#9756 = EDGE_LOOP('',(#9757));
#9757 = ORIENTED_EDGE('',*,*,#9566,.F.);
#9758 = PLANE('',#9759);
#9759 = AXIS2_PLACEMENT_3D('',#9760,#9761,#9762);
#9760 = CARTESIAN_POINT('',(-9.25,5.5,123.8));
#9761 = DIRECTION('',(0.,0.,1.));
#9762 = DIRECTION('',(1.,0.,0.));
#9763 = ADVANCED_FACE('',(#9764),#9770,.T.);
#9764 = FACE_BOUND('',#9765,.T.);
#9765 = EDGE_LOOP('',(#9766,#9767,#9768,#9769));
#9766 = ORIENTED_EDGE('',*,*,#7926,.F.);
#9767 = ORIENTED_EDGE('',*,*,#7902,.T.);
#9768 = ORIENTED_EDGE('',*,*,#7967,.T.);
#9769 = ORIENTED_EDGE('',*,*,#7950,.F.);
#9770 = PLANE('',#9771);
#9771 = AXIS2_PLACEMENT_3D('',#9772,#9773,#9774);
#9772 = CARTESIAN_POINT('',(-11.25,-5.,123.6));
#9773 = DIRECTION('',(0.,0.,1.));
#9774 = DIRECTION('',(1.,0.,0.));
#9775 = ADVANCED_FACE('',(#9776),#9782,.T.);
#9776 = FACE_BOUND('',#9777,.T.);
#9777 = EDGE_LOOP('',(#9778,#9779,#9780,#9781));
#9778 = ORIENTED_EDGE('',*,*,#8022,.F.);
#9779 = ORIENTED_EDGE('',*,*,#7998,.T.);
#9780 = ORIENTED_EDGE('',*,*,#8063,.T.);
#9781 = ORIENTED_EDGE('',*,*,#8046,.F.);
#9782 = PLANE('',#9783);
#9783 = AXIS2_PLACEMENT_3D('',#9784,#9785,#9786);
#9784 = CARTESIAN_POINT('',(7.25,-5.,123.6));
#9785 = DIRECTION('',(0.,0.,1.));
#9786 = DIRECTION('',(1.,0.,0.));
#9787 = ADVANCED_FACE('',(#9788),#9791,.T.);
#9788 = FACE_BOUND('',#9789,.F.);
#9789 = EDGE_LOOP('',(#9790));
#9790 = ORIENTED_EDGE('',*,*,#8086,.F.);
#9791 = PLANE('',#9792);
#9792 = AXIS2_PLACEMENT_3D('',#9793,#9794,#9795);
#9793 = CARTESIAN_POINT('',(-15.5,-13.5,120.5));
#9794 = DIRECTION('',(0.,0.,1.));
#9795 = DIRECTION('',(1.,0.,0.));
#9796 = ADVANCED_FACE('',(#9797),#9800,.T.);
#9797 = FACE_BOUND('',#9798,.F.);
#9798 = EDGE_LOOP('',(#9799));
#9799 = ORIENTED_EDGE('',*,*,#8111,.F.);
#9800 = PLANE('',#9801);
#9801 = AXIS2_PLACEMENT_3D('',#9802,#9803,#9804);
#9802 = CARTESIAN_POINT('',(15.5,-13.5,120.5));
#9803 = DIRECTION('',(0.,0.,1.));
#9804 = DIRECTION('',(1.,0.,0.));
#9805 = ADVANCED_FACE('',(#9806),#9831,.T.);
#9806 = FACE_BOUND('',#9807,.T.);
#9807 = EDGE_LOOP('',(#9808,#9816,#9817,#9825));
#9808 = ORIENTED_EDGE('',*,*,#9809,.F.);
#9809 = EDGE_CURVE('',#8227,#9810,#9812,.T.);
#9810 = VERTEX_POINT('',#9811);
#9811 = CARTESIAN_POINT('',(17.6,5.4,116.4));
#9812 = LINE('',#9813,#9814);
#9813 = CARTESIAN_POINT('',(17.6,4.9,116.4));
#9814 = VECTOR('',#9815,1.);
#9815 = DIRECTION('',(0.,1.,0.));
#9816 = ORIENTED_EDGE('',*,*,#8226,.T.);
#9817 = ORIENTED_EDGE('',*,*,#9818,.T.);
#9818 = EDGE_CURVE('',#8229,#9819,#9821,.T.);
#9819 = VERTEX_POINT('',#9820);
#9820 = CARTESIAN_POINT('',(26.4,5.4,116.4));
#9821 = LINE('',#9822,#9823);
#9822 = CARTESIAN_POINT('',(26.4,4.9,116.4));
#9823 = VECTOR('',#9824,1.);
#9824 = DIRECTION('',(0.,1.,0.));
#9825 = ORIENTED_EDGE('',*,*,#9826,.F.);
#9826 = EDGE_CURVE('',#9810,#9819,#9827,.T.);
#9827 = LINE('',#9828,#9829);
#9828 = CARTESIAN_POINT('',(17.6,5.4,116.4));
#9829 = VECTOR('',#9830,1.);
#9830 = DIRECTION('',(1.,0.,0.));
#9831 = PLANE('',#9832);
#9832 = AXIS2_PLACEMENT_3D('',#9833,#9834,#9835);
#9833 = CARTESIAN_POINT('',(17.6,4.9,116.4));
#9834 = DIRECTION('',(0.,0.,1.));
#9835 = DIRECTION('',(1.,0.,0.));
#9836 = ADVANCED_FACE('',(#9837),#9855,.T.);
#9837 = FACE_BOUND('',#9838,.T.);
#9838 = EDGE_LOOP('',(#9839,#9840,#9841,#9849));
#9839 = ORIENTED_EDGE('',*,*,#9818,.F.);
#9840 = ORIENTED_EDGE('',*,*,#8252,.T.);
#9841 = ORIENTED_EDGE('',*,*,#9842,.T.);
#9842 = EDGE_CURVE('',#8245,#9843,#9845,.T.);
#9843 = VERTEX_POINT('',#9844);
#9844 = CARTESIAN_POINT('',(26.4,5.4,109.6));
#9845 = LINE('',#9846,#9847);
#9846 = CARTESIAN_POINT('',(26.4,4.9,109.6));
#9847 = VECTOR('',#9848,1.);
#9848 = DIRECTION('',(0.,1.,0.));
#9849 = ORIENTED_EDGE('',*,*,#9850,.T.);
#9850 = EDGE_CURVE('',#9843,#9819,#9851,.T.);
#9851 = LINE('',#9852,#9853);
#9852 = CARTESIAN_POINT('',(26.4,5.4,109.6));
#9853 = VECTOR('',#9854,1.);
#9854 = DIRECTION('',(0.,0.,1.));
#9855 = PLANE('',#9856);
#9856 = AXIS2_PLACEMENT_3D('',#9857,#9858,#9859);
#9857 = CARTESIAN_POINT('',(26.4,4.9,109.6));
#9858 = DIRECTION('',(1.,0.,0.));
#9859 = DIRECTION('',(0.,0.,1.));
#9860 = ADVANCED_FACE('',(#9861),#9879,.F.);
#9861 = FACE_BOUND('',#9862,.F.);
#9862 = EDGE_LOOP('',(#9863,#9871,#9872,#9873));
#9863 = ORIENTED_EDGE('',*,*,#9864,.F.);
#9864 = EDGE_CURVE('',#8237,#9865,#9867,.T.);
#9865 = VERTEX_POINT('',#9866);
#9866 = CARTESIAN_POINT('',(17.6,5.4,109.6));
#9867 = LINE('',#9868,#9869);
#9868 = CARTESIAN_POINT('',(17.6,4.9,109.6));
#9869 = VECTOR('',#9870,1.);
#9870 = DIRECTION('',(0.,1.,0.));
#9871 = ORIENTED_EDGE('',*,*,#8244,.T.);
#9872 = ORIENTED_EDGE('',*,*,#9842,.T.);
#9873 = ORIENTED_EDGE('',*,*,#9874,.F.);
#9874 = EDGE_CURVE('',#9865,#9843,#9875,.T.);
#9875 = LINE('',#9876,#9877);
#9876 = CARTESIAN_POINT('',(17.6,5.4,109.6));
#9877 = VECTOR('',#9878,1.);
#9878 = DIRECTION('',(1.,0.,0.));
#9879 = PLANE('',#9880);
#9880 = AXIS2_PLACEMENT_3D('',#9881,#9882,#9883);
#9881 = CARTESIAN_POINT('',(17.6,4.9,109.6));
#9882 = DIRECTION('',(0.,0.,1.));
#9883 = DIRECTION('',(1.,0.,0.));
#9884 = ADVANCED_FACE('',(#9885),#9896,.F.);
#9885 = FACE_BOUND('',#9886,.F.);
#9886 = EDGE_LOOP('',(#9887,#9888,#9889,#9890));
#9887 = ORIENTED_EDGE('',*,*,#9809,.F.);
#9888 = ORIENTED_EDGE('',*,*,#8236,.T.);
#9889 = ORIENTED_EDGE('',*,*,#9864,.T.);
#9890 = ORIENTED_EDGE('',*,*,#9891,.T.);
#9891 = EDGE_CURVE('',#9865,#9810,#9892,.T.);
#9892 = LINE('',#9893,#9894);
#9893 = CARTESIAN_POINT('',(17.6,5.4,109.6));
#9894 = VECTOR('',#9895,1.);
#9895 = DIRECTION('',(0.,0.,1.));
#9896 = PLANE('',#9897);
#9897 = AXIS2_PLACEMENT_3D('',#9898,#9899,#9900);
#9898 = CARTESIAN_POINT('',(17.6,4.9,109.6));
#9899 = DIRECTION('',(1.,0.,0.));
#9900 = DIRECTION('',(0.,0.,1.));
#9901 = ADVANCED_FACE('',(#9902),#9920,.F.);
#9902 = FACE_BOUND('',#9903,.F.);
#9903 = EDGE_LOOP('',(#9904,#9905,#9912,#9919));
#9904 = ORIENTED_EDGE('',*,*,#8424,.T.);
#9905 = ORIENTED_EDGE('',*,*,#9906,.T.);
#9906 = EDGE_CURVE('',#8425,#9907,#9909,.T.);
#9907 = VERTEX_POINT('',#9908);
#9908 = CARTESIAN_POINT('',(22.,5.4,114.7));
#9909 = B_SPLINE_CURVE_WITH_KNOTS('',1,(#9910,#9911),.UNSPECIFIED.,.F.,
  .F.,(2,2),(-12.6,0.6),.PIECEWISE_BEZIER_KNOTS.);
#9910 = CARTESIAN_POINT('',(22.,-7.8,114.7));
#9911 = CARTESIAN_POINT('',(22.,5.4,114.7));
#9912 = ORIENTED_EDGE('',*,*,#9913,.F.);
#9913 = EDGE_CURVE('',#9907,#9907,#9914,.T.);
#9914 = CIRCLE('',#9915,1.7);
#9915 = AXIS2_PLACEMENT_3D('',#9916,#9917,#9918);
#9916 = CARTESIAN_POINT('',(22.,5.4,113.));
#9917 = DIRECTION('',(0.,1.,0.));
#9918 = DIRECTION('',(0.,0.,1.));
#9919 = ORIENTED_EDGE('',*,*,#9906,.F.);
#9920 = CYLINDRICAL_SURFACE('',#9921,1.7);
#9921 = AXIS2_PLACEMENT_3D('',#9922,#9923,#9924);
#9922 = CARTESIAN_POINT('',(22.,4.8,113.));
#9923 = DIRECTION('',(0.,1.,0.));
#9924 = DIRECTION('',(0.,0.,1.));
#9925 = ADVANCED_FACE('',(#9926),#9937,.F.);
#9926 = FACE_BOUND('',#9927,.F.);
#9927 = EDGE_LOOP('',(#9928,#9929,#9935,#9936));
#9928 = ORIENTED_EDGE('',*,*,#8557,.F.);
#9929 = ORIENTED_EDGE('',*,*,#9930,.T.);
#9930 = EDGE_CURVE('',#8558,#9128,#9931,.T.);
#9931 = LINE('',#9932,#9933);
#9932 = CARTESIAN_POINT('',(-6.,-17.8,85.4));
#9933 = VECTOR('',#9934,1.);
#9934 = DIRECTION('',(0.,1.,0.));
#9935 = ORIENTED_EDGE('',*,*,#9127,.T.);
#9936 = ORIENTED_EDGE('',*,*,#8533,.F.);
#9937 = PLANE('',#9938);
#9938 = AXIS2_PLACEMENT_3D('',#9939,#9940,#9941);
#9939 = CARTESIAN_POINT('',(-6.,-17.8,85.4));
#9940 = DIRECTION('',(1.,0.,0.));
#9941 = DIRECTION('',(0.,0.,1.));
#9942 = ADVANCED_FACE('',(#9943),#9949,.T.);
#9943 = FACE_BOUND('',#9944,.T.);
#9944 = EDGE_LOOP('',(#9945,#9946,#9947,#9948));
#9945 = ORIENTED_EDGE('',*,*,#8590,.F.);
#9946 = ORIENTED_EDGE('',*,*,#8565,.T.);
#9947 = ORIENTED_EDGE('',*,*,#9930,.T.);
#9948 = ORIENTED_EDGE('',*,*,#9135,.F.);
#9949 = PLANE('',#9950);
#9950 = AXIS2_PLACEMENT_3D('',#9951,#9952,#9953);
#9951 = CARTESIAN_POINT('',(-9.,-17.8,85.4));
#9952 = DIRECTION('',(0.,0.,1.));
#9953 = DIRECTION('',(1.,0.,0.));
#9954 = ADVANCED_FACE('',(#9955),#9966,.T.);
#9955 = FACE_BOUND('',#9956,.T.);
#9956 = EDGE_LOOP('',(#9957,#9963,#9964,#9965));
#9957 = ORIENTED_EDGE('',*,*,#9958,.F.);
#9958 = EDGE_CURVE('',#8735,#9154,#9959,.T.);
#9959 = LINE('',#9960,#9961);
#9960 = CARTESIAN_POINT('',(6.,-17.8,85.4));
#9961 = VECTOR('',#9962,1.);
#9962 = DIRECTION('',(0.,1.,0.));
#9963 = ORIENTED_EDGE('',*,*,#8734,.T.);
#9964 = ORIENTED_EDGE('',*,*,#8701,.T.);
#9965 = ORIENTED_EDGE('',*,*,#9153,.F.);
#9966 = PLANE('',#9967);
#9967 = AXIS2_PLACEMENT_3D('',#9968,#9969,#9970);
#9968 = CARTESIAN_POINT('',(6.,-17.8,85.4));
#9969 = DIRECTION('',(0.,0.,1.));
#9970 = DIRECTION('',(1.,0.,0.));
#9971 = ADVANCED_FACE('',(#9972),#9978,.T.);
#9972 = FACE_BOUND('',#9973,.T.);
#9973 = EDGE_LOOP('',(#9974,#9975,#9976,#9977));
#9974 = ORIENTED_EDGE('',*,*,#8742,.F.);
#9975 = ORIENTED_EDGE('',*,*,#9958,.T.);
#9976 = ORIENTED_EDGE('',*,*,#9161,.T.);
#9977 = ORIENTED_EDGE('',*,*,#8773,.F.);
#9978 = PLANE('',#9979);
#9979 = AXIS2_PLACEMENT_3D('',#9980,#9981,#9982);
#9980 = CARTESIAN_POINT('',(6.,-17.8,85.4));
#9981 = DIRECTION('',(1.,0.,0.));
#9982 = DIRECTION('',(0.,0.,1.));
#9983 = ADVANCED_FACE('',(#9984),#10006,.T.);
#9984 = FACE_BOUND('',#9985,.T.);
#9985 = EDGE_LOOP('',(#9986,#9987,#9988,#9997,#10004,#10005));
#9986 = ORIENTED_EDGE('',*,*,#9260,.F.);
#9987 = ORIENTED_EDGE('',*,*,#8842,.F.);
#9988 = ORIENTED_EDGE('',*,*,#9989,.T.);
#9989 = EDGE_CURVE('',#8843,#9990,#9992,.T.);
#9990 = VERTEX_POINT('',#9991);
#9991 = CARTESIAN_POINT('',(24.5,-10.,34.71));
#9992 = CIRCLE('',#9993,1.71);
#9993 = AXIS2_PLACEMENT_3D('',#9994,#9995,#9996);
#9994 = CARTESIAN_POINT('',(24.5,-10.,33.));
#9995 = DIRECTION('',(0.,1.,0.));
#9996 = DIRECTION('',(0.,0.,1.));
#9997 = ORIENTED_EDGE('',*,*,#9998,.T.);
#9998 = EDGE_CURVE('',#9990,#8851,#9999,.T.);
#9999 = CIRCLE('',#10000,1.71);
#10000 = AXIS2_PLACEMENT_3D('',#10001,#10002,#10003);
#10001 = CARTESIAN_POINT('',(24.5,-10.,33.));
#10002 = DIRECTION('',(0.,1.,0.));
#10003 = DIRECTION('',(0.,0.,1.));
#10004 = ORIENTED_EDGE('',*,*,#8858,.T.);
#10005 = ORIENTED_EDGE('',*,*,#9251,.F.);
#10006 = CYLINDRICAL_SURFACE('',#10007,1.71);
#10007 = AXIS2_PLACEMENT_3D('',#10008,#10009,#10010);
#10008 = CARTESIAN_POINT('',(24.5,-10.,33.));
#10009 = DIRECTION('',(0.,1.,0.));
#10010 = DIRECTION('',(0.,0.,1.));
#10011 = ADVANCED_FACE('',(#10012),#10017,.F.);
#10012 = FACE_BOUND('',#10013,.F.);
#10013 = EDGE_LOOP('',(#10014,#10015,#10016));
#10014 = ORIENTED_EDGE('',*,*,#9989,.T.);
#10015 = ORIENTED_EDGE('',*,*,#9998,.T.);
#10016 = ORIENTED_EDGE('',*,*,#8850,.F.);
#10017 = PLANE('',#10018);
#10018 = AXIS2_PLACEMENT_3D('',#10019,#10020,#10021);
#10019 = CARTESIAN_POINT('',(24.5,-10.,33.));
#10020 = DIRECTION('',(0.,1.,0.));
#10021 = DIRECTION('',(0.,0.,1.));
#10022 = ADVANCED_FACE('',(#10023),#10045,.T.);
#10023 = FACE_BOUND('',#10024,.T.);
#10024 = EDGE_LOOP('',(#10025,#10026,#10027,#10036,#10043,#10044));
#10025 = ORIENTED_EDGE('',*,*,#9376,.F.);
#10026 = ORIENTED_EDGE('',*,*,#8991,.F.);
#10027 = ORIENTED_EDGE('',*,*,#10028,.T.);
#10028 = EDGE_CURVE('',#8992,#10029,#10031,.T.);
#10029 = VERTEX_POINT('',#10030);
#10030 = CARTESIAN_POINT('',(-24.5,-10.,34.71));
#10031 = CIRCLE('',#10032,1.71);
#10032 = AXIS2_PLACEMENT_3D('',#10033,#10034,#10035);
#10033 = CARTESIAN_POINT('',(-24.5,-10.,33.));
#10034 = DIRECTION('',(0.,1.,0.));
#10035 = DIRECTION('',(0.,0.,1.));
#10036 = ORIENTED_EDGE('',*,*,#10037,.T.);
#10037 = EDGE_CURVE('',#10029,#9000,#10038,.T.);
#10038 = CIRCLE('',#10039,1.71);
#10039 = AXIS2_PLACEMENT_3D('',#10040,#10041,#10042);
#10040 = CARTESIAN_POINT('',(-24.5,-10.,33.));
#10041 = DIRECTION('',(0.,1.,0.));
#10042 = DIRECTION('',(0.,0.,1.));
#10043 = ORIENTED_EDGE('',*,*,#9007,.T.);
#10044 = ORIENTED_EDGE('',*,*,#9367,.F.);
#10045 = CYLINDRICAL_SURFACE('',#10046,1.71);
#10046 = AXIS2_PLACEMENT_3D('',#10047,#10048,#10049);
#10047 = CARTESIAN_POINT('',(-24.5,-10.,33.));
#10048 = DIRECTION('',(0.,1.,0.));
#10049 = DIRECTION('',(0.,0.,1.));
#10050 = ADVANCED_FACE('',(#10051),#10056,.F.);
#10051 = FACE_BOUND('',#10052,.F.);
#10052 = EDGE_LOOP('',(#10053,#10054,#10055));
#10053 = ORIENTED_EDGE('',*,*,#10028,.T.);
#10054 = ORIENTED_EDGE('',*,*,#10037,.T.);
#10055 = ORIENTED_EDGE('',*,*,#8999,.F.);
#10056 = PLANE('',#10057);
#10057 = AXIS2_PLACEMENT_3D('',#10058,#10059,#10060);
#10058 = CARTESIAN_POINT('',(-24.5,-10.,33.));
#10059 = DIRECTION('',(0.,1.,0.));
#10060 = DIRECTION('',(0.,0.,1.));
#10061 = ADVANCED_FACE('',(#10062,#10068),#10071,.T.);
#10062 = FACE_BOUND('',#10063,.T.);
#10063 = EDGE_LOOP('',(#10064,#10065,#10066,#10067));
#10064 = ORIENTED_EDGE('',*,*,#9503,.F.);
#10065 = ORIENTED_EDGE('',*,*,#9462,.T.);
#10066 = ORIENTED_EDGE('',*,*,#9438,.T.);
#10067 = ORIENTED_EDGE('',*,*,#9486,.F.);
#10068 = FACE_BOUND('',#10069,.T.);
#10069 = EDGE_LOOP('',(#10070));
#10070 = ORIENTED_EDGE('',*,*,#9405,.F.);
#10071 = PLANE('',#10072);
#10072 = AXIS2_PLACEMENT_3D('',#10073,#10074,#10075);
#10073 = CARTESIAN_POINT('',(-26.4,5.4,109.6));
#10074 = DIRECTION('',(0.,1.,0.));
#10075 = DIRECTION('',(0.,0.,1.));
#10076 = ADVANCED_FACE('',(#10077,#10083),#10086,.T.);
#10077 = FACE_BOUND('',#10078,.T.);
#10078 = EDGE_LOOP('',(#10079,#10080,#10081,#10082));
#10079 = ORIENTED_EDGE('',*,*,#9874,.F.);
#10080 = ORIENTED_EDGE('',*,*,#9891,.T.);
#10081 = ORIENTED_EDGE('',*,*,#9826,.T.);
#10082 = ORIENTED_EDGE('',*,*,#9850,.F.);
#10083 = FACE_BOUND('',#10084,.T.);
#10084 = EDGE_LOOP('',(#10085));
#10085 = ORIENTED_EDGE('',*,*,#9913,.F.);
#10086 = PLANE('',#10087);
#10087 = AXIS2_PLACEMENT_3D('',#10088,#10089,#10090);
#10088 = CARTESIAN_POINT('',(17.6,5.4,109.6));
#10089 = DIRECTION('',(0.,1.,0.));
#10090 = DIRECTION('',(0.,0.,1.));
#10091 = ADVANCED_FACE('',(#10092),#10098,.F.);
#10092 = FACE_BOUND('',#10093,.F.);
#10093 = EDGE_LOOP('',(#10094,#10095,#10096,#10097));
#10094 = ORIENTED_EDGE('',*,*,#1869,.F.);
#10095 = ORIENTED_EDGE('',*,*,#1878,.F.);
#10096 = ORIENTED_EDGE('',*,*,#3656,.F.);
#10097 = ORIENTED_EDGE('',*,*,#3665,.F.);
#10098 = CYLINDRICAL_SURFACE('',#10099,2.05);
#10099 = AXIS2_PLACEMENT_3D('',#10100,#10101,#10102);
#10100 = CARTESIAN_POINT('',(-17.,-22.,118.5));
#10101 = DIRECTION('',(-0.514495755428,0.857492925713,0.));
#10102 = DIRECTION('',(0.857492925713,0.514495755428,0.));
#10103 = ( GEOMETRIC_REPRESENTATION_CONTEXT(3) 
GLOBAL_UNCERTAINTY_ASSIGNED_CONTEXT((#10107)) 
GLOBAL_UNIT_ASSIGNED_CONTEXT((#10104,#10105,#10106)) 
REPRESENTATION_CONTEXT('Context #1',
  '3D Context with UNIT and UNCERTAINTY') );
#10104 = ( LENGTH_UNIT() NAMED_UNIT(*) SI_UNIT(.MILLI.,.METRE.) );
#10105 = ( NAMED_UNIT(*) PLANE_ANGLE_UNIT() SI_UNIT($,.RADIAN.) );
#10106 = ( NAMED_UNIT(*) SI_UNIT($,.STERADIAN.) SOLID_ANGLE_UNIT() );
#10107 = UNCERTAINTY_MEASURE_WITH_UNIT(LENGTH_MEASURE(2.E-07),#10104,
  'distance_accuracy_value','confusion accuracy');
#10108 = PRODUCT_RELATED_PRODUCT_CATEGORY('part',$,(#7));
ENDSEC;
END-ISO-10303-21;
