ISO-10303-21;
HEADER;
FILE_DESCRIPTION(('FreeCAD Model'),'2;1');
FILE_NAME('Open CASCADE Shape Model','2026-09-19T17:18:18',('FreeCAD'),(
    'FreeCAD'),'Open CASCADE STEP processor 7.8','FreeCAD','Unknown');
FILE_SCHEMA(('AUTOMOTIVE_DESIGN { 1 0 10303 214 1 1 1 1 }'));
ENDSEC;
DATA;
#1 = APPLICATION_PROTOCOL_DEFINITION('international standard',
  'automotive_design',2000,#2);
#2 = APPLICATION_CONTEXT(
  'core data for automotive mechanical design processes');
#3 = SHAPE_DEFINITION_REPRESENTATION(#4,#10);
#4 = PRODUCT_DEFINITION_SHAPE('','',#5);
#5 = PRODUCT_DEFINITION('design','',#6,#9);
#6 = PRODUCT_DEFINITION_FORMATION('','',#7);
#7 = PRODUCT('Open CASCADE STEP translator 7.8 2',
  'Open CASCADE STEP translator 7.8 2','',(#8));
#8 = PRODUCT_CONTEXT('',#2,'mechanical');
#9 = PRODUCT_DEFINITION_CONTEXT('part definition',#2,'design');
#10 = ADVANCED_BREP_SHAPE_REPRESENTATION('',(#11,#15),#3515);
#11 = AXIS2_PLACEMENT_3D('',#12,#13,#14);
#12 = CARTESIAN_POINT('',(0.,0.,0.));
#13 = DIRECTION('',(0.,0.,1.));
#14 = DIRECTION('',(1.,0.,-0.));
#15 = MANIFOLD_SOLID_BREP('',#16);
#16 = CLOSED_SHELL('',(#17,#45,#846,#1375,#1407,#1463,#1488,#1544,#1569,
    #1625,#1650,#1706,#1731,#1787,#1812,#1868,#1893,#1949,#1974,#2030,
    #2055,#2111,#2136,#2192,#2217,#2273,#2298,#2354,#2379,#2435,#2460,
    #2516,#2541,#2597,#2622,#2678,#2696,#2713,#2730,#2747,#2764,#2789,
    #2894,#2912,#2930,#2948,#2960,#2978,#2996,#3014,#3026,#3044,#3062,
    #3080,#3092,#3110,#3128,#3146,#3158,#3176,#3194,#3212,#3224,#3242,
    #3260,#3278,#3290,#3308,#3326,#3344,#3356,#3374,#3392,#3410,#3422,
    #3447,#3472,#3497,#3506));
#17 = ADVANCED_FACE('',(#18,#29),#40,.F.);
#18 = FACE_BOUND('',#19,.T.);
#19 = EDGE_LOOP('',(#20));
#20 = ORIENTED_EDGE('',*,*,#21,.F.);
#21 = EDGE_CURVE('',#22,#22,#24,.T.);
#22 = VERTEX_POINT('',#23);
#23 = CARTESIAN_POINT('',(36.968,0.,144.4));
#24 = CIRCLE('',#25,36.968);
#25 = AXIS2_PLACEMENT_3D('',#26,#27,#28);
#26 = CARTESIAN_POINT('',(0.,0.,144.4));
#27 = DIRECTION('',(0.,0.,1.));
#28 = DIRECTION('',(1.,0.,0.));
#29 = FACE_BOUND('',#30,.T.);
#30 = EDGE_LOOP('',(#31));
#31 = ORIENTED_EDGE('',*,*,#32,.T.);
#32 = EDGE_CURVE('',#33,#33,#35,.T.);
#33 = VERTEX_POINT('',#34);
#34 = CARTESIAN_POINT('',(34.568,0.,144.4));
#35 = CIRCLE('',#36,34.568);
#36 = AXIS2_PLACEMENT_3D('',#37,#38,#39);
#37 = CARTESIAN_POINT('',(0.,0.,144.4));
#38 = DIRECTION('',(0.,0.,1.));
#39 = DIRECTION('',(1.,0.,0.));
#40 = PLANE('',#41);
#41 = AXIS2_PLACEMENT_3D('',#42,#43,#44);
#42 = CARTESIAN_POINT('',(0.,0.,144.4));
#43 = DIRECTION('',(0.,0.,1.));
#44 = DIRECTION('',(1.,0.,0.));
#45 = ADVANCED_FACE('',(#46,#337,#460,#583,#712),#841,.T.);
#46 = FACE_BOUND('',#47,.T.);
#47 = EDGE_LOOP('',(#48,#49,#57,#66,#74,#83,#91,#100,#108,#117,#125,#134
    ,#142,#151,#159,#168,#176,#185,#193,#202,#210,#219,#227,#236,#244,
    #253,#261,#270,#278,#287,#295,#304,#312,#321,#329,#336));
#48 = ORIENTED_EDGE('',*,*,#21,.T.);
#49 = ORIENTED_EDGE('',*,*,#50,.T.);
#50 = EDGE_CURVE('',#22,#51,#53,.T.);
#51 = VERTEX_POINT('',#52);
#52 = CARTESIAN_POINT('',(35.8,0.,159.));
#53 = LINE('',#54,#55);
#54 = CARTESIAN_POINT('',(36.968,0.,144.4));
#55 = VECTOR('',#56,1.);
#56 = DIRECTION('',(-7.974522228289E-02,0.,0.996815278536));
#57 = ORIENTED_EDGE('',*,*,#58,.F.);
#58 = EDGE_CURVE('',#59,#51,#61,.T.);
#59 = VERTEX_POINT('',#60);
#60 = CARTESIAN_POINT('',(30.766749531752,-18.30429248155,159.));
#61 = CIRCLE('',#62,35.8);
#62 = AXIS2_PLACEMENT_3D('',#63,#64,#65);
#63 = CARTESIAN_POINT('',(0.,0.,159.));
#64 = DIRECTION('',(0.,0.,1.));
#65 = DIRECTION('',(1.,0.,0.));
#66 = ORIENTED_EDGE('',*,*,#67,.T.);
#67 = EDGE_CURVE('',#59,#68,#70,.T.);
#68 = VERTEX_POINT('',#69);
#69 = CARTESIAN_POINT('',(31.179264609273,-18.54971316287,153.));
#70 = LINE('',#71,#72);
#71 = CARTESIAN_POINT('',(0.,0.,606.5));
#72 = VECTOR('',#73,1.);
#73 = DIRECTION('',(6.853355531652E-02,-4.077318080092E-02,
    -0.996815278536));
#74 = ORIENTED_EDGE('',*,*,#75,.F.);
#75 = EDGE_CURVE('',#76,#68,#78,.T.);
#76 = VERTEX_POINT('',#77);
#77 = CARTESIAN_POINT('',(30.340461734157,-19.89207836698,153.));
#78 = CIRCLE('',#79,36.28);
#79 = AXIS2_PLACEMENT_3D('',#80,#81,#82);
#80 = CARTESIAN_POINT('',(0.,0.,153.));
#81 = DIRECTION('',(0.,0.,1.));
#82 = DIRECTION('',(1.,0.,0.));
#83 = ORIENTED_EDGE('',*,*,#84,.F.);
#84 = EDGE_CURVE('',#85,#76,#87,.T.);
#85 = VERTEX_POINT('',#86);
#86 = CARTESIAN_POINT('',(29.93904437935,-19.62889761681,159.));
#87 = LINE('',#88,#89);
#88 = CARTESIAN_POINT('',(0.,0.,606.5));
#89 = VECTOR('',#90,1.);
#90 = DIRECTION('',(6.668982539018E-02,-4.372376546427E-02,
    -0.996815278536));
#91 = ORIENTED_EDGE('',*,*,#92,.F.);
#92 = EDGE_CURVE('',#93,#85,#95,.T.);
#93 = VERTEX_POINT('',#94);
#94 = CARTESIAN_POINT('',(19.628897616813,-29.93904437935,159.));
#95 = CIRCLE('',#96,35.8);
#96 = AXIS2_PLACEMENT_3D('',#97,#98,#99);
#97 = CARTESIAN_POINT('',(0.,0.,159.));
#98 = DIRECTION('',(0.,0.,1.));
#99 = DIRECTION('',(1.,0.,0.));
#100 = ORIENTED_EDGE('',*,*,#101,.T.);
#101 = EDGE_CURVE('',#93,#102,#104,.T.);
#102 = VERTEX_POINT('',#103);
#103 = CARTESIAN_POINT('',(19.892078366982,-30.34046173415,153.));
#104 = LINE('',#105,#106);
#105 = CARTESIAN_POINT('',(0.,0.,606.5));
#106 = VECTOR('',#107,1.);
#107 = DIRECTION('',(4.372376546427E-02,-6.668982539018E-02,
    -0.996815278536));
#108 = ORIENTED_EDGE('',*,*,#109,.F.);
#109 = EDGE_CURVE('',#110,#102,#112,.T.);
#110 = VERTEX_POINT('',#111);
#111 = CARTESIAN_POINT('',(18.549713162875,-31.17926460927,153.));
#112 = CIRCLE('',#113,36.28);
#113 = AXIS2_PLACEMENT_3D('',#114,#115,#116);
#114 = CARTESIAN_POINT('',(0.,0.,153.));
#115 = DIRECTION('',(0.,0.,1.));
#116 = DIRECTION('',(1.,0.,0.));
#117 = ORIENTED_EDGE('',*,*,#118,.F.);
#118 = EDGE_CURVE('',#119,#110,#121,.T.);
#119 = VERTEX_POINT('',#120);
#120 = CARTESIAN_POINT('',(18.304292481558,-30.76674953175,159.));
#121 = LINE('',#122,#123);
#122 = CARTESIAN_POINT('',(0.,0.,606.5));
#123 = VECTOR('',#124,1.);
#124 = DIRECTION('',(4.077318080092E-02,-6.853355531652E-02,
    -0.996815278536));
#125 = ORIENTED_EDGE('',*,*,#126,.F.);
#126 = EDGE_CURVE('',#127,#119,#129,.T.);
#127 = VERTEX_POINT('',#128);
#128 = CARTESIAN_POINT('',(-18.30429248155,-30.76674953175,159.));
#129 = CIRCLE('',#130,35.8);
#130 = AXIS2_PLACEMENT_3D('',#131,#132,#133);
#131 = CARTESIAN_POINT('',(0.,0.,159.));
#132 = DIRECTION('',(0.,0.,1.));
#133 = DIRECTION('',(1.,0.,0.));
#134 = ORIENTED_EDGE('',*,*,#135,.T.);
#135 = EDGE_CURVE('',#127,#136,#138,.T.);
#136 = VERTEX_POINT('',#137);
#137 = CARTESIAN_POINT('',(-18.54971316287,-31.17926460927,153.));
#138 = LINE('',#139,#140);
#139 = CARTESIAN_POINT('',(0.,0.,606.5));
#140 = VECTOR('',#141,1.);
#141 = DIRECTION('',(-4.077318080092E-02,-6.853355531652E-02,
    -0.996815278536));
#142 = ORIENTED_EDGE('',*,*,#143,.F.);
#143 = EDGE_CURVE('',#144,#136,#146,.T.);
#144 = VERTEX_POINT('',#145);
#145 = CARTESIAN_POINT('',(-19.89207836698,-30.34046173415,153.));
#146 = CIRCLE('',#147,36.28);
#147 = AXIS2_PLACEMENT_3D('',#148,#149,#150);
#148 = CARTESIAN_POINT('',(0.,0.,153.));
#149 = DIRECTION('',(0.,0.,1.));
#150 = DIRECTION('',(1.,0.,0.));
#151 = ORIENTED_EDGE('',*,*,#152,.F.);
#152 = EDGE_CURVE('',#153,#144,#155,.T.);
#153 = VERTEX_POINT('',#154);
#154 = CARTESIAN_POINT('',(-19.62889761681,-29.93904437935,159.));
#155 = LINE('',#156,#157);
#156 = CARTESIAN_POINT('',(0.,0.,606.5));
#157 = VECTOR('',#158,1.);
#158 = DIRECTION('',(-4.372376546427E-02,-6.668982539018E-02,
    -0.996815278536));
#159 = ORIENTED_EDGE('',*,*,#160,.F.);
#160 = EDGE_CURVE('',#161,#153,#163,.T.);
#161 = VERTEX_POINT('',#162);
#162 = CARTESIAN_POINT('',(-29.93904437935,-19.62889761681,159.));
#163 = CIRCLE('',#164,35.8);
#164 = AXIS2_PLACEMENT_3D('',#165,#166,#167);
#165 = CARTESIAN_POINT('',(0.,0.,159.));
#166 = DIRECTION('',(0.,0.,1.));
#167 = DIRECTION('',(1.,0.,0.));
#168 = ORIENTED_EDGE('',*,*,#169,.T.);
#169 = EDGE_CURVE('',#161,#170,#172,.T.);
#170 = VERTEX_POINT('',#171);
#171 = CARTESIAN_POINT('',(-30.34046173415,-19.89207836698,153.));
#172 = LINE('',#173,#174);
#173 = CARTESIAN_POINT('',(0.,0.,606.5));
#174 = VECTOR('',#175,1.);
#175 = DIRECTION('',(-6.668982539018E-02,-4.372376546427E-02,
    -0.996815278536));
#176 = ORIENTED_EDGE('',*,*,#177,.F.);
#177 = EDGE_CURVE('',#178,#170,#180,.T.);
#178 = VERTEX_POINT('',#179);
#179 = CARTESIAN_POINT('',(-31.17926460927,-18.54971316287,153.));
#180 = CIRCLE('',#181,36.28);
#181 = AXIS2_PLACEMENT_3D('',#182,#183,#184);
#182 = CARTESIAN_POINT('',(0.,0.,153.));
#183 = DIRECTION('',(0.,0.,1.));
#184 = DIRECTION('',(1.,0.,0.));
#185 = ORIENTED_EDGE('',*,*,#186,.F.);
#186 = EDGE_CURVE('',#187,#178,#189,.T.);
#187 = VERTEX_POINT('',#188);
#188 = CARTESIAN_POINT('',(-30.76674953175,-18.30429248155,159.));
#189 = LINE('',#190,#191);
#190 = CARTESIAN_POINT('',(0.,0.,606.5));
#191 = VECTOR('',#192,1.);
#192 = DIRECTION('',(-6.853355531652E-02,-4.077318080092E-02,
    -0.996815278536));
#193 = ORIENTED_EDGE('',*,*,#194,.F.);
#194 = EDGE_CURVE('',#195,#187,#197,.T.);
#195 = VERTEX_POINT('',#196);
#196 = CARTESIAN_POINT('',(-30.76674953175,18.304292481558,159.));
#197 = CIRCLE('',#198,35.8);
#198 = AXIS2_PLACEMENT_3D('',#199,#200,#201);
#199 = CARTESIAN_POINT('',(0.,0.,159.));
#200 = DIRECTION('',(0.,0.,1.));
#201 = DIRECTION('',(1.,0.,0.));
#202 = ORIENTED_EDGE('',*,*,#203,.T.);
#203 = EDGE_CURVE('',#195,#204,#206,.T.);
#204 = VERTEX_POINT('',#205);
#205 = CARTESIAN_POINT('',(-31.17926460927,18.549713162875,153.));
#206 = LINE('',#207,#208);
#207 = CARTESIAN_POINT('',(0.,0.,606.5));
#208 = VECTOR('',#209,1.);
#209 = DIRECTION('',(-6.853355531652E-02,4.077318080092E-02,
    -0.996815278536));
#210 = ORIENTED_EDGE('',*,*,#211,.F.);
#211 = EDGE_CURVE('',#212,#204,#214,.T.);
#212 = VERTEX_POINT('',#213);
#213 = CARTESIAN_POINT('',(-30.34046173415,19.892078366982,153.));
#214 = CIRCLE('',#215,36.28);
#215 = AXIS2_PLACEMENT_3D('',#216,#217,#218);
#216 = CARTESIAN_POINT('',(0.,0.,153.));
#217 = DIRECTION('',(0.,0.,1.));
#218 = DIRECTION('',(1.,0.,0.));
#219 = ORIENTED_EDGE('',*,*,#220,.F.);
#220 = EDGE_CURVE('',#221,#212,#223,.T.);
#221 = VERTEX_POINT('',#222);
#222 = CARTESIAN_POINT('',(-29.93904437935,19.628897616813,159.));
#223 = LINE('',#224,#225);
#224 = CARTESIAN_POINT('',(0.,0.,606.5));
#225 = VECTOR('',#226,1.);
#226 = DIRECTION('',(-6.668982539018E-02,4.372376546427E-02,
    -0.996815278536));
#227 = ORIENTED_EDGE('',*,*,#228,.F.);
#228 = EDGE_CURVE('',#229,#221,#231,.T.);
#229 = VERTEX_POINT('',#230);
#230 = CARTESIAN_POINT('',(-19.62889761681,29.93904437935,159.));
#231 = CIRCLE('',#232,35.8);
#232 = AXIS2_PLACEMENT_3D('',#233,#234,#235);
#233 = CARTESIAN_POINT('',(0.,0.,159.));
#234 = DIRECTION('',(0.,0.,1.));
#235 = DIRECTION('',(1.,0.,0.));
#236 = ORIENTED_EDGE('',*,*,#237,.T.);
#237 = EDGE_CURVE('',#229,#238,#240,.T.);
#238 = VERTEX_POINT('',#239);
#239 = CARTESIAN_POINT('',(-19.89207836698,30.340461734157,153.));
#240 = LINE('',#241,#242);
#241 = CARTESIAN_POINT('',(0.,0.,606.5));
#242 = VECTOR('',#243,1.);
#243 = DIRECTION('',(-4.372376546427E-02,6.668982539018E-02,
    -0.996815278536));
#244 = ORIENTED_EDGE('',*,*,#245,.F.);
#245 = EDGE_CURVE('',#246,#238,#248,.T.);
#246 = VERTEX_POINT('',#247);
#247 = CARTESIAN_POINT('',(-18.54971316287,31.179264609273,153.));
#248 = CIRCLE('',#249,36.28);
#249 = AXIS2_PLACEMENT_3D('',#250,#251,#252);
#250 = CARTESIAN_POINT('',(0.,0.,153.));
#251 = DIRECTION('',(0.,0.,1.));
#252 = DIRECTION('',(1.,0.,0.));
#253 = ORIENTED_EDGE('',*,*,#254,.F.);
#254 = EDGE_CURVE('',#255,#246,#257,.T.);
#255 = VERTEX_POINT('',#256);
#256 = CARTESIAN_POINT('',(-18.30429248155,30.766749531752,159.));
#257 = LINE('',#258,#259);
#258 = CARTESIAN_POINT('',(0.,0.,606.5));
#259 = VECTOR('',#260,1.);
#260 = DIRECTION('',(-4.077318080092E-02,6.853355531652E-02,
    -0.996815278536));
#261 = ORIENTED_EDGE('',*,*,#262,.F.);
#262 = EDGE_CURVE('',#263,#255,#265,.T.);
#263 = VERTEX_POINT('',#264);
#264 = CARTESIAN_POINT('',(18.304292481558,30.766749531752,159.));
#265 = CIRCLE('',#266,35.8);
#266 = AXIS2_PLACEMENT_3D('',#267,#268,#269);
#267 = CARTESIAN_POINT('',(0.,0.,159.));
#268 = DIRECTION('',(0.,0.,1.));
#269 = DIRECTION('',(1.,0.,0.));
#270 = ORIENTED_EDGE('',*,*,#271,.T.);
#271 = EDGE_CURVE('',#263,#272,#274,.T.);
#272 = VERTEX_POINT('',#273);
#273 = CARTESIAN_POINT('',(18.549713162875,31.179264609273,153.));
#274 = LINE('',#275,#276);
#275 = CARTESIAN_POINT('',(0.,0.,606.5));
#276 = VECTOR('',#277,1.);
#277 = DIRECTION('',(4.077318080092E-02,6.853355531652E-02,
    -0.996815278536));
#278 = ORIENTED_EDGE('',*,*,#279,.F.);
#279 = EDGE_CURVE('',#280,#272,#282,.T.);
#280 = VERTEX_POINT('',#281);
#281 = CARTESIAN_POINT('',(19.892078366982,30.340461734157,153.));
#282 = CIRCLE('',#283,36.28);
#283 = AXIS2_PLACEMENT_3D('',#284,#285,#286);
#284 = CARTESIAN_POINT('',(0.,0.,153.));
#285 = DIRECTION('',(0.,0.,1.));
#286 = DIRECTION('',(1.,0.,0.));
#287 = ORIENTED_EDGE('',*,*,#288,.F.);
#288 = EDGE_CURVE('',#289,#280,#291,.T.);
#289 = VERTEX_POINT('',#290);
#290 = CARTESIAN_POINT('',(19.628897616813,29.93904437935,159.));
#291 = LINE('',#292,#293);
#292 = CARTESIAN_POINT('',(0.,0.,606.5));
#293 = VECTOR('',#294,1.);
#294 = DIRECTION('',(4.372376546427E-02,6.668982539018E-02,
    -0.996815278536));
#295 = ORIENTED_EDGE('',*,*,#296,.F.);
#296 = EDGE_CURVE('',#297,#289,#299,.T.);
#297 = VERTEX_POINT('',#298);
#298 = CARTESIAN_POINT('',(29.93904437935,19.628897616813,159.));
#299 = CIRCLE('',#300,35.8);
#300 = AXIS2_PLACEMENT_3D('',#301,#302,#303);
#301 = CARTESIAN_POINT('',(0.,0.,159.));
#302 = DIRECTION('',(0.,0.,1.));
#303 = DIRECTION('',(1.,0.,0.));
#304 = ORIENTED_EDGE('',*,*,#305,.T.);
#305 = EDGE_CURVE('',#297,#306,#308,.T.);
#306 = VERTEX_POINT('',#307);
#307 = CARTESIAN_POINT('',(30.340461734157,19.892078366982,153.));
#308 = LINE('',#309,#310);
#309 = CARTESIAN_POINT('',(0.,0.,606.5));
#310 = VECTOR('',#311,1.);
#311 = DIRECTION('',(6.668982539018E-02,4.372376546427E-02,
    -0.996815278536));
#312 = ORIENTED_EDGE('',*,*,#313,.F.);
#313 = EDGE_CURVE('',#314,#306,#316,.T.);
#314 = VERTEX_POINT('',#315);
#315 = CARTESIAN_POINT('',(31.179264609273,18.549713162875,153.));
#316 = CIRCLE('',#317,36.28);
#317 = AXIS2_PLACEMENT_3D('',#318,#319,#320);
#318 = CARTESIAN_POINT('',(0.,0.,153.));
#319 = DIRECTION('',(0.,0.,1.));
#320 = DIRECTION('',(1.,0.,0.));
#321 = ORIENTED_EDGE('',*,*,#322,.F.);
#322 = EDGE_CURVE('',#323,#314,#325,.T.);
#323 = VERTEX_POINT('',#324);
#324 = CARTESIAN_POINT('',(30.766749531752,18.304292481558,159.));
#325 = LINE('',#326,#327);
#326 = CARTESIAN_POINT('',(0.,0.,606.5));
#327 = VECTOR('',#328,1.);
#328 = DIRECTION('',(6.853355531652E-02,4.077318080092E-02,
    -0.996815278536));
#329 = ORIENTED_EDGE('',*,*,#330,.F.);
#330 = EDGE_CURVE('',#51,#323,#331,.T.);
#331 = CIRCLE('',#332,35.8);
#332 = AXIS2_PLACEMENT_3D('',#333,#334,#335);
#333 = CARTESIAN_POINT('',(0.,0.,159.));
#334 = DIRECTION('',(0.,0.,1.));
#335 = DIRECTION('',(1.,0.,0.));
#336 = ORIENTED_EDGE('',*,*,#50,.F.);
#337 = FACE_BOUND('',#338,.T.);
#338 = EDGE_LOOP('',(#339));
#339 = ORIENTED_EDGE('',*,*,#340,.F.);
#340 = EDGE_CURVE('',#341,#341,#343,.T.);
#341 = VERTEX_POINT('',#342);
#342 = CARTESIAN_POINT('',(-24.7520273567,27.156190412739,147.2));
#343 = B_SPLINE_CURVE_WITH_KNOTS('',7,(#344,#345,#346,#347,#348,#349,
    #350,#351,#352,#353,#354,#355,#356,#357,#358,#359,#360,#361,#362,
    #363,#364,#365,#366,#367,#368,#369,#370,#371,#372,#373,#374,#375,
    #376,#377,#378,#379,#380,#381,#382,#383,#384,#385,#386,#387,#388,
    #389,#390,#391,#392,#393,#394,#395,#396,#397,#398,#399,#400,#401,
    #402,#403,#404,#405,#406,#407,#408,#409,#410,#411,#412,#413,#414,
    #415,#416,#417,#418,#419,#420,#421,#422,#423,#424,#425,#426,#427,
    #428,#429,#430,#431,#432,#433,#434,#435,#436,#437,#438,#439,#440,
    #441,#442,#443,#444,#445,#446,#447,#448,#449,#450,#451,#452,#453,
    #454,#455,#456,#457,#458,#459),.UNSPECIFIED.,.T.,.F.,(8,6,6,6,6,6,6,
    6,6,6,6,6,6,6,6,6,6,6,6,8),(0.,0.122536119403,0.164444010696,
    0.197513773309,0.250021931888,0.302959816419,0.336029794455,
    0.377937958746,0.410232580228,0.434893077233,0.499275455126,
    0.587774803606,0.620615002798,0.663036594666,0.696581338974,
    0.749968527734,0.803785439589,0.837330402954,0.879752271847,1.),
  .UNSPECIFIED.);
#344 = CARTESIAN_POINT('',(-24.7520273567,27.156190412739,147.2));
#345 = CARTESIAN_POINT('',(-24.76136379477,27.165526850812,
    147.03513027273));
#346 = CARTESIAN_POINT('',(-24.78448504964,27.162268502351,
    146.87054170076));
#347 = CARTESIAN_POINT('',(-24.8212499421,27.146424697475,
    146.70731409921));
#348 = CARTESIAN_POINT('',(-24.87184097722,27.117591822689,
    146.54689890478));
#349 = CARTESIAN_POINT('',(-24.9365126841,27.075166218977,
    146.39119024322));
#350 = CARTESIAN_POINT('',(-25.01543995803,27.018484419164,
    146.2424463678));
#351 = CARTESIAN_POINT('',(-25.14109095712,26.921774520796,
    146.05612796676));
#352 = CARTESIAN_POINT('',(-25.17481282702,26.895344106749,
    146.00983346718));
#353 = CARTESIAN_POINT('',(-25.21024000059,26.867095247913,
    145.96485600565));
#354 = CARTESIAN_POINT('',(-25.24736918717,26.836997379834,
    145.92134597945));
#355 = CARTESIAN_POINT('',(-25.286185732,26.805026900541,145.87947284813
    ));
#356 = CARTESIAN_POINT('',(-25.32666062569,26.771170540111,
    145.83942284477));
#357 = CARTESIAN_POINT('',(-25.40195852361,26.70722465864,145.7713900237
    ));
#358 = CARTESIAN_POINT('',(-25.43617142241,26.677848130512,
    145.74264534501));
#359 = CARTESIAN_POINT('',(-25.47136142143,26.647301285592,
    145.71526221597));
#360 = CARTESIAN_POINT('',(-25.50749359695,26.615594484329,
    145.6893486892));
#361 = CARTESIAN_POINT('',(-25.54452111855,26.582748837968,
    145.6650179458));
#362 = CARTESIAN_POINT('',(-25.5823834774,26.54879873862,145.64238493615
    ));
#363 = CARTESIAN_POINT('',(-25.68232750276,26.458214494637,
    145.58850198934));
#364 = CARTESIAN_POINT('',(-25.74559968133,26.399944000827,
    145.55998703311));
#365 = CARTESIAN_POINT('',(-25.81046447276,26.339230099638,145.536511425
    ));
#366 = CARTESIAN_POINT('',(-25.8764931572,26.276402910442,
    145.51850650629));
#367 = CARTESIAN_POINT('',(-25.94318464594,26.211885118163,
    145.50631677381));
#368 = CARTESIAN_POINT('',(-26.0099668992,26.146202539048,
    145.50014996185));
#369 = CARTESIAN_POINT('',(-26.14297552949,26.01324685312,
    145.49985306504));
#370 = CARTESIAN_POINT('',(-26.20924293793,25.945915095251,
    145.50582179446));
#371 = CARTESIAN_POINT('',(-26.27434399251,25.878656548265,
    145.51791901779));
#372 = CARTESIAN_POINT('',(-26.33773787694,25.812058520995,
    145.53593559978));
#373 = CARTESIAN_POINT('',(-26.39898974793,25.746635796529,
    145.55952034022));
#374 = CARTESIAN_POINT('',(-26.45775999466,25.682828964773,
    145.58823163551));
#375 = CARTESIAN_POINT('',(-26.54879873862,25.582383477403,
    145.64238493615));
#376 = CARTESIAN_POINT('',(-26.58274883796,25.544521118556,
    145.6650179458));
#377 = CARTESIAN_POINT('',(-26.61559448432,25.507493596956,
    145.6893486892));
#378 = CARTESIAN_POINT('',(-26.64730128559,25.471361421433,
    145.71526221597));
#379 = CARTESIAN_POINT('',(-26.67784813051,25.436171422419,
    145.74264534501));
#380 = CARTESIAN_POINT('',(-26.70722465864,25.401958523618,
    145.7713900237));
#381 = CARTESIAN_POINT('',(-26.77117054011,25.326660625692,
    145.83942284477));
#382 = CARTESIAN_POINT('',(-26.80502690054,25.286185732009,
    145.87947284813));
#383 = CARTESIAN_POINT('',(-26.83699737983,25.247369187179,
    145.92134597945));
#384 = CARTESIAN_POINT('',(-26.86709524791,25.210240000596,
    145.96485600565));
#385 = CARTESIAN_POINT('',(-26.89534410674,25.174812827024,
    146.00983346718));
#386 = CARTESIAN_POINT('',(-26.92177452079,25.141090957128,
    146.05612796676));
#387 = CARTESIAN_POINT('',(-26.96541306435,25.084393279955,
    146.14020068111));
#388 = CARTESIAN_POINT('',(-26.9833448808,25.060728250337,146.1774945035
    ));
#389 = CARTESIAN_POINT('',(-27.00023166316,25.038072125517,
    146.21543171681));
#390 = CARTESIAN_POINT('',(-27.01608874577,25.016421930669,
    146.25395654712));
#391 = CARTESIAN_POINT('',(-27.03093123082,24.995773809768,
    146.29301765496));
#392 = CARTESIAN_POINT('',(-27.04477398842,24.976123025597,
    146.33256813532));
#393 = CARTESIAN_POINT('',(-27.06744990099,24.943215709834,
    146.40310792012));
#394 = CARTESIAN_POINT('',(-27.076693555,24.929545985582,146.43391053484
    ));
#395 = CARTESIAN_POINT('',(-27.08536897567,24.916452483078,
    146.46495426834));
#396 = CARTESIAN_POINT('',(-27.09348217701,24.903932974405,
    146.49622098637));
#397 = CARTESIAN_POINT('',(-27.10103882995,24.89198530764,
    146.52769351387));
#398 = CARTESIAN_POINT('',(-27.10804426232,24.880607406852,146.559355635
    ));
#399 = CARTESIAN_POINT('',(-27.1313668025,24.841574719231,
    146.67430910721));
#400 = CARTESIAN_POINT('',(-27.14450542421,24.817224725053,
    146.75860666675));
#401 = CARTESIAN_POINT('',(-27.15401090231,24.796707628439,
    146.84382263935));
#402 = CARTESIAN_POINT('',(-27.15995047043,24.779999885276,
    146.92971492984));
#403 = CARTESIAN_POINT('',(-27.16237350057,24.767088372063,
    147.01605799835));
#404 = CARTESIAN_POINT('',(-27.1613120498,24.757970529948,
    147.10264063353));
#405 = CARTESIAN_POINT('',(-27.1505395368,24.745361029872,
    147.30833790971));
#406 = CARTESIAN_POINT('',(-27.13773990202,24.745259422513,
    147.42743959207));
#407 = CARTESIAN_POINT('',(-27.11840963941,24.75237848923,
    147.54608809601));
#408 = CARTESIAN_POINT('',(-27.09249611904,24.766819584566,
    147.66372918162));
#409 = CARTESIAN_POINT('',(-27.05990111657,24.788718492972,
    147.77973575267));
#410 = CARTESIAN_POINT('',(-27.02048136308,24.818242853355,
    147.89339569907));
#411 = CARTESIAN_POINT('',(-26.95676484441,24.869504894558,
    148.04488948764));
#412 = CARTESIAN_POINT('',(-26.93855149046,24.884459722849,
    148.08544889449));
#413 = CARTESIAN_POINT('',(-26.91935941392,24.900506259457,
    148.12552180513));
#414 = CARTESIAN_POINT('',(-26.89917850227,24.917655281276,
    148.16505900672));
#415 = CARTESIAN_POINT('',(-26.87799882009,24.935917267571,
    148.20400661928));
#416 = CARTESIAN_POINT('',(-26.85581083774,24.955302129327,
    148.24230609614));
#417 = CARTESIAN_POINT('',(-26.80263018465,25.002321692255,
    148.32844899162));
#418 = CARTESIAN_POINT('',(-26.77095927321,25.030711568527,
    148.37581360213));
#419 = CARTESIAN_POINT('',(-26.73757280582,25.061008960481,
    148.42185436875));
#420 = CARTESIAN_POINT('',(-26.70245676314,25.093228116046,
    148.4664156716));
#421 = CARTESIAN_POINT('',(-26.66560645608,25.127373759938,
    148.5093223068));
#422 = CARTESIAN_POINT('',(-26.62702975548,25.163437715581,
    148.55038183532));
#423 = CARTESIAN_POINT('',(-26.55489948265,25.231410550605,
    148.62023009278));
#424 = CARTESIAN_POINT('',(-26.52198574782,25.262608085566,
    148.64978686061));
#425 = CARTESIAN_POINT('',(-26.48802288895,25.29497410463,
    148.67795374626));
#426 = CARTESIAN_POINT('',(-26.45303410468,25.328485111726,
    148.70461850539));
#427 = CARTESIAN_POINT('',(-26.41705424795,25.363105923559,
    148.72966360465));
#428 = CARTESIAN_POINT('',(-26.38013205327,25.398787451161,
    148.75296968793));
#429 = CARTESIAN_POINT('',(-26.28217333792,25.493836771333,
    148.80855615626));
#430 = CARTESIAN_POINT('',(-26.21975541415,25.554765767669,
    148.83801127764));
#431 = CARTESIAN_POINT('',(-26.15539232237,25.617938845248,
    148.86226825331));
#432 = CARTESIAN_POINT('',(-26.08947680117,25.682961059178,
    148.88087622008));
#433 = CARTESIAN_POINT('',(-26.02248767566,25.749352145222,
    148.89347507993));
#434 = CARTESIAN_POINT('',(-25.95499493491,25.816542391694,
    148.89984756341));
#435 = CARTESIAN_POINT('',(-25.81978871464,25.951734285127,
    148.90014940968));
#436 = CARTESIAN_POINT('',(-25.75202600608,26.019789930949,
    148.89397831346));
#437 = CARTESIAN_POINT('',(-25.68505668547,26.087352515979,
    148.88147342845));
#438 = CARTESIAN_POINT('',(-25.6194658925,26.153836575507,
    148.86285347087));
#439 = CARTESIAN_POINT('',(-25.55574711199,26.218750103724,
    148.83848542809));
#440 = CARTESIAN_POINT('',(-25.49430623615,26.281689503108,
    148.80883070731));
#441 = CARTESIAN_POINT('',(-25.39878745116,26.380132053275,
    148.75296968793));
#442 = CARTESIAN_POINT('',(-25.36310592355,26.417054247957,
    148.72966360465));
#443 = CARTESIAN_POINT('',(-25.32848511172,26.453034104686,
    148.70461850539));
#444 = CARTESIAN_POINT('',(-25.29497410463,26.488022888952,
    148.67795374626));
#445 = CARTESIAN_POINT('',(-25.26260808556,26.52198574782,
    148.64978686061));
#446 = CARTESIAN_POINT('',(-25.2314105506,26.554899482656,
    148.62023009278));
#447 = CARTESIAN_POINT('',(-25.16343771558,26.627029755481,
    148.55038183532));
#448 = CARTESIAN_POINT('',(-25.12737375993,26.665606456084,
    148.5093223068));
#449 = CARTESIAN_POINT('',(-25.09322811604,26.702456763149,
    148.4664156716));
#450 = CARTESIAN_POINT('',(-25.06100896048,26.737572805826,
    148.42185436875));
#451 = CARTESIAN_POINT('',(-25.03071156852,26.770959273219,
    148.37581360213));
#452 = CARTESIAN_POINT('',(-25.00232169225,26.802630184658,
    148.32844899162));
#453 = CARTESIAN_POINT('',(-24.90069504612,26.917573222738,
    148.14226237035));
#454 = CARTESIAN_POINT('',(-24.84085774233,26.98877813729,
    147.99529737333));
#455 = CARTESIAN_POINT('',(-24.79558744336,27.046948916084,
    147.84178686353));
#456 = CARTESIAN_POINT('',(-24.76445665427,27.092483618183,
    147.68389474434));
#457 = CARTESIAN_POINT('',(-24.74700089952,27.125762358784,
    147.52342926918));
#458 = CARTESIAN_POINT('',(-24.74286565519,27.147028711232,
    147.36178409977));
#459 = CARTESIAN_POINT('',(-24.7520273567,27.156190412739,147.2));
#460 = FACE_BOUND('',#461,.T.);
#461 = EDGE_LOOP('',(#462));
#462 = ORIENTED_EDGE('',*,*,#463,.F.);
#463 = EDGE_CURVE('',#464,#464,#466,.T.);
#464 = VERTEX_POINT('',#465);
#465 = CARTESIAN_POINT('',(24.752027356705,-27.15619041273,147.2));
#466 = B_SPLINE_CURVE_WITH_KNOTS('',7,(#467,#468,#469,#470,#471,#472,
    #473,#474,#475,#476,#477,#478,#479,#480,#481,#482,#483,#484,#485,
    #486,#487,#488,#489,#490,#491,#492,#493,#494,#495,#496,#497,#498,
    #499,#500,#501,#502,#503,#504,#505,#506,#507,#508,#509,#510,#511,
    #512,#513,#514,#515,#516,#517,#518,#519,#520,#521,#522,#523,#524,
    #525,#526,#527,#528,#529,#530,#531,#532,#533,#534,#535,#536,#537,
    #538,#539,#540,#541,#542,#543,#544,#545,#546,#547,#548,#549,#550,
    #551,#552,#553,#554,#555,#556,#557,#558,#559,#560,#561,#562,#563,
    #564,#565,#566,#567,#568,#569,#570,#571,#572,#573,#574,#575,#576,
    #577,#578,#579,#580,#581,#582),.UNSPECIFIED.,.T.,.F.,(8,6,6,6,6,6,6,
    6,6,6,6,6,6,6,6,6,6,6,6,8),(0.,0.122536119403,0.164444010696,
    0.197513773308,0.250021931888,0.302959816419,0.336029794455,
    0.377937958745,0.410232580227,0.434893077232,0.499275455126,
    0.587774803606,0.620615002798,0.663036594666,0.696581338973,
    0.749968527733,0.803785439589,0.837330402953,0.879752271847,1.),
  .UNSPECIFIED.);
#467 = CARTESIAN_POINT('',(24.752027356705,-27.15619041273,147.2));
#468 = CARTESIAN_POINT('',(24.761363794778,-27.16552685081,
    147.03513027273));
#469 = CARTESIAN_POINT('',(24.784485049643,-27.16226850235,
    146.87054170076));
#470 = CARTESIAN_POINT('',(24.821249942106,-27.14642469747,
    146.70731409921));
#471 = CARTESIAN_POINT('',(24.871840977225,-27.11759182268,
    146.54689890478));
#472 = CARTESIAN_POINT('',(24.936512684103,-27.07516621897,
    146.39119024322));
#473 = CARTESIAN_POINT('',(25.01543995804,-27.01848441916,146.2424463678
    ));
#474 = CARTESIAN_POINT('',(25.141090957128,-26.92177452079,
    146.05612796676));
#475 = CARTESIAN_POINT('',(25.174812827024,-26.89534410674,
    146.00983346718));
#476 = CARTESIAN_POINT('',(25.210240000596,-26.86709524791,
    145.96485600565));
#477 = CARTESIAN_POINT('',(25.247369187179,-26.83699737983,
    145.92134597945));
#478 = CARTESIAN_POINT('',(25.286185732009,-26.80502690054,
    145.87947284813));
#479 = CARTESIAN_POINT('',(25.326660625692,-26.77117054011,
    145.83942284477));
#480 = CARTESIAN_POINT('',(25.401958523618,-26.70722465864,
    145.7713900237));
#481 = CARTESIAN_POINT('',(25.436171422419,-26.67784813051,
    145.74264534501));
#482 = CARTESIAN_POINT('',(25.471361421433,-26.64730128559,
    145.71526221597));
#483 = CARTESIAN_POINT('',(25.507493596956,-26.61559448432,
    145.6893486892));
#484 = CARTESIAN_POINT('',(25.544521118556,-26.58274883796,
    145.6650179458));
#485 = CARTESIAN_POINT('',(25.582383477403,-26.54879873862,
    145.64238493615));
#486 = CARTESIAN_POINT('',(25.682327502766,-26.45821449463,
    145.58850198934));
#487 = CARTESIAN_POINT('',(25.745599681332,-26.39994400082,
    145.55998703311));
#488 = CARTESIAN_POINT('',(25.810464472763,-26.33923009963,145.536511425
    ));
#489 = CARTESIAN_POINT('',(25.876493157202,-26.27640291044,
    145.51850650629));
#490 = CARTESIAN_POINT('',(25.943184645942,-26.21188511816,
    145.50631677381));
#491 = CARTESIAN_POINT('',(26.009966899203,-26.14620253904,
    145.50014996185));
#492 = CARTESIAN_POINT('',(26.142975529494,-26.01324685312,
    145.49985306504));
#493 = CARTESIAN_POINT('',(26.209242937937,-25.94591509525,
    145.50582179446));
#494 = CARTESIAN_POINT('',(26.274343992517,-25.87865654826,
    145.51791901779));
#495 = CARTESIAN_POINT('',(26.337737876944,-25.81205852099,
    145.53593559978));
#496 = CARTESIAN_POINT('',(26.398989747938,-25.74663579652,
    145.55952034022));
#497 = CARTESIAN_POINT('',(26.457759994664,-25.68282896477,
    145.58823163551));
#498 = CARTESIAN_POINT('',(26.54879873862,-25.5823834774,145.64238493615
    ));
#499 = CARTESIAN_POINT('',(26.582748837968,-25.54452111855,
    145.6650179458));
#500 = CARTESIAN_POINT('',(26.615594484329,-25.50749359695,
    145.6893486892));
#501 = CARTESIAN_POINT('',(26.647301285592,-25.47136142143,
    145.71526221597));
#502 = CARTESIAN_POINT('',(26.677848130512,-25.43617142241,
    145.74264534501));
#503 = CARTESIAN_POINT('',(26.70722465864,-25.40195852361,145.7713900237
    ));
#504 = CARTESIAN_POINT('',(26.771170540111,-25.32666062569,
    145.83942284477));
#505 = CARTESIAN_POINT('',(26.805026900541,-25.286185732,145.87947284813
    ));
#506 = CARTESIAN_POINT('',(26.836997379834,-25.24736918717,
    145.92134597945));
#507 = CARTESIAN_POINT('',(26.867095247913,-25.21024000059,
    145.96485600565));
#508 = CARTESIAN_POINT('',(26.895344106749,-25.17481282702,
    146.00983346718));
#509 = CARTESIAN_POINT('',(26.921774520796,-25.14109095712,
    146.05612796676));
#510 = CARTESIAN_POINT('',(26.965413064356,-25.08439327995,
    146.14020068111));
#511 = CARTESIAN_POINT('',(26.983344880802,-25.06072825033,
    146.1774945035));
#512 = CARTESIAN_POINT('',(27.000231663167,-25.03807212551,
    146.21543171681));
#513 = CARTESIAN_POINT('',(27.01608874577,-25.01642193066,
    146.25395654712));
#514 = CARTESIAN_POINT('',(27.030931230822,-24.99577380976,
    146.29301765496));
#515 = CARTESIAN_POINT('',(27.044773988427,-24.97612302559,
    146.33256813532));
#516 = CARTESIAN_POINT('',(27.067449900998,-24.94321570983,
    146.40310792012));
#517 = CARTESIAN_POINT('',(27.076693555002,-24.92954598558,
    146.43391053484));
#518 = CARTESIAN_POINT('',(27.085368975675,-24.91645248307,
    146.46495426834));
#519 = CARTESIAN_POINT('',(27.093482177019,-24.9039329744,
    146.49622098637));
#520 = CARTESIAN_POINT('',(27.101038829957,-24.89198530764,
    146.52769351387));
#521 = CARTESIAN_POINT('',(27.108044262329,-24.88060740685,146.559355635
    ));
#522 = CARTESIAN_POINT('',(27.131366802501,-24.84157471923,
    146.67430910721));
#523 = CARTESIAN_POINT('',(27.144505424215,-24.81722472505,
    146.75860666675));
#524 = CARTESIAN_POINT('',(27.15401090231,-24.79670762843,
    146.84382263935));
#525 = CARTESIAN_POINT('',(27.159950470435,-24.77999988527,
    146.92971492984));
#526 = CARTESIAN_POINT('',(27.16237350057,-24.76708837206,
    147.01605799835));
#527 = CARTESIAN_POINT('',(27.161312049808,-24.75797052994,
    147.10264063353));
#528 = CARTESIAN_POINT('',(27.150539536801,-24.74536102987,
    147.30833790971));
#529 = CARTESIAN_POINT('',(27.137739902025,-24.74525942251,
    147.42743959207));
#530 = CARTESIAN_POINT('',(27.11840963941,-24.75237848923,
    147.54608809601));
#531 = CARTESIAN_POINT('',(27.092496119048,-24.76681958456,
    147.66372918162));
#532 = CARTESIAN_POINT('',(27.059901116577,-24.78871849297,
    147.77973575267));
#533 = CARTESIAN_POINT('',(27.020481363086,-24.81824285335,
    147.89339569907));
#534 = CARTESIAN_POINT('',(26.956764844413,-24.86950489455,
    148.04488948764));
#535 = CARTESIAN_POINT('',(26.938551490465,-24.88445972284,
    148.08544889449));
#536 = CARTESIAN_POINT('',(26.919359413925,-24.90050625945,
    148.12552180513));
#537 = CARTESIAN_POINT('',(26.899178502275,-24.91765528127,
    148.16505900672));
#538 = CARTESIAN_POINT('',(26.877998820099,-24.93591726757,
    148.20400661928));
#539 = CARTESIAN_POINT('',(26.855810837744,-24.95530212932,
    148.24230609614));
#540 = CARTESIAN_POINT('',(26.802630184658,-25.00232169225,
    148.32844899162));
#541 = CARTESIAN_POINT('',(26.770959273219,-25.03071156852,
    148.37581360213));
#542 = CARTESIAN_POINT('',(26.737572805826,-25.06100896048,
    148.42185436875));
#543 = CARTESIAN_POINT('',(26.702456763148,-25.09322811604,
    148.4664156716));
#544 = CARTESIAN_POINT('',(26.665606456084,-25.12737375993,
    148.5093223068));
#545 = CARTESIAN_POINT('',(26.627029755481,-25.16343771558,
    148.55038183532));
#546 = CARTESIAN_POINT('',(26.554899482656,-25.2314105506,
    148.62023009278));
#547 = CARTESIAN_POINT('',(26.52198574782,-25.26260808556,
    148.64978686061));
#548 = CARTESIAN_POINT('',(26.488022888952,-25.29497410463,
    148.67795374626));
#549 = CARTESIAN_POINT('',(26.453034104685,-25.32848511172,
    148.70461850539));
#550 = CARTESIAN_POINT('',(26.417054247957,-25.36310592355,
    148.72966360465));
#551 = CARTESIAN_POINT('',(26.380132053275,-25.39878745116,
    148.75296968793));
#552 = CARTESIAN_POINT('',(26.282173337926,-25.49383677133,
    148.80855615626));
#553 = CARTESIAN_POINT('',(26.219755414151,-25.55476576766,
    148.83801127764));
#554 = CARTESIAN_POINT('',(26.155392322375,-25.61793884524,
    148.86226825331));
#555 = CARTESIAN_POINT('',(26.089476801171,-25.68296105917,
    148.88087622008));
#556 = CARTESIAN_POINT('',(26.022487675663,-25.74935214522,
    148.89347507993));
#557 = CARTESIAN_POINT('',(25.954994934912,-25.81654239169,
    148.89984756341));
#558 = CARTESIAN_POINT('',(25.819788714644,-25.95173428512,
    148.90014940968));
#559 = CARTESIAN_POINT('',(25.75202600609,-26.01978993094,
    148.89397831346));
#560 = CARTESIAN_POINT('',(25.685056685478,-26.08735251597,
    148.88147342845));
#561 = CARTESIAN_POINT('',(25.619465892507,-26.1538365755,
    148.86285347087));
#562 = CARTESIAN_POINT('',(25.555747111999,-26.21875010372,
    148.83848542809));
#563 = CARTESIAN_POINT('',(25.494306236151,-26.2816895031,
    148.80883070731));
#564 = CARTESIAN_POINT('',(25.398787451161,-26.38013205327,
    148.75296968793));
#565 = CARTESIAN_POINT('',(25.363105923559,-26.41705424795,
    148.72966360465));
#566 = CARTESIAN_POINT('',(25.328485111726,-26.45303410468,
    148.70461850539));
#567 = CARTESIAN_POINT('',(25.29497410463,-26.48802288895,
    148.67795374626));
#568 = CARTESIAN_POINT('',(25.262608085566,-26.52198574782,
    148.64978686061));
#569 = CARTESIAN_POINT('',(25.231410550605,-26.55489948265,
    148.62023009278));
#570 = CARTESIAN_POINT('',(25.163437715581,-26.62702975548,
    148.55038183532));
#571 = CARTESIAN_POINT('',(25.127373759937,-26.66560645608,
    148.5093223068));
#572 = CARTESIAN_POINT('',(25.093228116046,-26.70245676314,
    148.4664156716));
#573 = CARTESIAN_POINT('',(25.061008960481,-26.73757280582,
    148.42185436875));
#574 = CARTESIAN_POINT('',(25.030711568527,-26.77095927321,
    148.37581360213));
#575 = CARTESIAN_POINT('',(25.002321692255,-26.80263018465,
    148.32844899162));
#576 = CARTESIAN_POINT('',(24.900695046125,-26.91757322273,
    148.14226237035));
#577 = CARTESIAN_POINT('',(24.840857742339,-26.98877813728,
    147.99529737333));
#578 = CARTESIAN_POINT('',(24.795587443365,-27.04694891608,
    147.84178686353));
#579 = CARTESIAN_POINT('',(24.764456654277,-27.09248361818,
    147.68389474434));
#580 = CARTESIAN_POINT('',(24.747000899529,-27.12576235878,
    147.52342926918));
#581 = CARTESIAN_POINT('',(24.742865655198,-27.14702871123,
    147.36178409977));
#582 = CARTESIAN_POINT('',(24.752027356705,-27.15619041273,147.2));
#583 = FACE_BOUND('',#584,.T.);
#584 = EDGE_LOOP('',(#585));
#585 = ORIENTED_EDGE('',*,*,#586,.F.);
#586 = EDGE_CURVE('',#587,#587,#589,.T.);
#587 = VERTEX_POINT('',#588);
#588 = CARTESIAN_POINT('',(24.752027356705,27.156190412739,147.2));
#589 = B_SPLINE_CURVE_WITH_KNOTS('',7,(#590,#591,#592,#593,#594,#595,
    #596,#597,#598,#599,#600,#601,#602,#603,#604,#605,#606,#607,#608,
    #609,#610,#611,#612,#613,#614,#615,#616,#617,#618,#619,#620,#621,
    #622,#623,#624,#625,#626,#627,#628,#629,#630,#631,#632,#633,#634,
    #635,#636,#637,#638,#639,#640,#641,#642,#643,#644,#645,#646,#647,
    #648,#649,#650,#651,#652,#653,#654,#655,#656,#657,#658,#659,#660,
    #661,#662,#663,#664,#665,#666,#667,#668,#669,#670,#671,#672,#673,
    #674,#675,#676,#677,#678,#679,#680,#681,#682,#683,#684,#685,#686,
    #687,#688,#689,#690,#691,#692,#693,#694,#695,#696,#697,#698,#699,
    #700,#701,#702,#703,#704,#705,#706,#707,#708,#709,#710,#711),
  .UNSPECIFIED.,.T.,.F.,(8,6,6,6,6,6,6,6,6,6,6,6,6,6,6,6,6,6,6,6,8),(0.,
    0.120248760466,0.162671291434,0.196216778332,0.249605148942,
    0.303423252159,0.336968958119,0.379391766119,0.412232906766,
    0.500734792324,0.565119015915,0.589780219882,0.622075767178,
    0.663985132881,0.697056058959,0.749566064889,0.80250581189,
    0.835576953399,0.877486592109,0.982910481341,1.),.UNSPECIFIED.);
#590 = CARTESIAN_POINT('',(24.752027356705,27.156190412739,147.2));
#591 = CARTESIAN_POINT('',(24.742865517477,27.147028573511,
    147.36178653175));
#592 = CARTESIAN_POINT('',(24.747001230284,27.125761897303,
    147.52343074207));
#593 = CARTESIAN_POINT('',(24.764456783508,27.092483504488,
    147.68389473162));
#594 = CARTESIAN_POINT('',(24.79558746354,27.046948933397,
    147.84178644406));
#595 = CARTESIAN_POINT('',(24.840857375111,26.988778507787,
    147.99529716923));
#596 = CARTESIAN_POINT('',(24.90069557364,26.917572626101,
    148.14226333679));
#597 = CARTESIAN_POINT('',(25.002321692255,26.802630184658,
    148.32844899162));
#598 = CARTESIAN_POINT('',(25.030711568527,26.770959273219,
    148.37581360213));
#599 = CARTESIAN_POINT('',(25.061008960481,26.737572805826,
    148.42185436875));
#600 = CARTESIAN_POINT('',(25.093228116046,26.702456763149,
    148.4664156716));
#601 = CARTESIAN_POINT('',(25.127373759938,26.665606456084,
    148.5093223068));
#602 = CARTESIAN_POINT('',(25.163437715581,26.627029755481,
    148.55038183532));
#603 = CARTESIAN_POINT('',(25.231410550605,26.554899482656,
    148.62023009278));
#604 = CARTESIAN_POINT('',(25.262608085566,26.52198574782,
    148.64978686061));
#605 = CARTESIAN_POINT('',(25.29497410463,26.488022888952,
    148.67795374626));
#606 = CARTESIAN_POINT('',(25.328485111726,26.453034104686,
    148.70461850539));
#607 = CARTESIAN_POINT('',(25.363105923559,26.417054247957,
    148.72966360465));
#608 = CARTESIAN_POINT('',(25.398787451161,26.380132053275,
    148.75296968793));
#609 = CARTESIAN_POINT('',(25.493836771333,26.282173337926,
    148.80855615626));
#610 = CARTESIAN_POINT('',(25.554765767669,26.219755414151,
    148.83801127764));
#611 = CARTESIAN_POINT('',(25.617938845247,26.155392322375,
    148.86226825331));
#612 = CARTESIAN_POINT('',(25.682961059178,26.089476801171,
    148.88087622008));
#613 = CARTESIAN_POINT('',(25.749352145222,26.022487675663,
    148.89347507993));
#614 = CARTESIAN_POINT('',(25.816542391694,25.954994934912,
    148.89984756341));
#615 = CARTESIAN_POINT('',(25.951734285127,25.819788714645,
    148.90014940968));
#616 = CARTESIAN_POINT('',(26.019789930949,25.752026006089,
    148.89397831346));
#617 = CARTESIAN_POINT('',(26.087352515978,25.685056685478,
    148.88147342845));
#618 = CARTESIAN_POINT('',(26.153836575506,25.619465892507,
    148.86285347087));
#619 = CARTESIAN_POINT('',(26.218750103724,25.555747111999,
    148.83848542809));
#620 = CARTESIAN_POINT('',(26.281689503108,25.494306236152,
    148.80883070731));
#621 = CARTESIAN_POINT('',(26.380132053275,25.398787451161,
    148.75296968793));
#622 = CARTESIAN_POINT('',(26.417054247957,25.363105923559,
    148.72966360465));
#623 = CARTESIAN_POINT('',(26.453034104686,25.328485111726,
    148.70461850539));
#624 = CARTESIAN_POINT('',(26.488022888952,25.29497410463,
    148.67795374626));
#625 = CARTESIAN_POINT('',(26.52198574782,25.262608085566,
    148.64978686061));
#626 = CARTESIAN_POINT('',(26.554899482656,25.231410550605,
    148.62023009278));
#627 = CARTESIAN_POINT('',(26.627029755481,25.163437715581,
    148.55038183532));
#628 = CARTESIAN_POINT('',(26.665606456084,25.127373759938,
    148.5093223068));
#629 = CARTESIAN_POINT('',(26.702456763149,25.093228116046,
    148.4664156716));
#630 = CARTESIAN_POINT('',(26.737572805826,25.061008960481,
    148.42185436875));
#631 = CARTESIAN_POINT('',(26.770959273219,25.030711568527,
    148.37581360213));
#632 = CARTESIAN_POINT('',(26.802630184658,25.002321692255,
    148.32844899162));
#633 = CARTESIAN_POINT('',(26.855810837744,24.955302129327,
    148.24230609614));
#634 = CARTESIAN_POINT('',(26.877998820099,24.935917267571,
    148.20400661928));
#635 = CARTESIAN_POINT('',(26.899178502275,24.917655281276,
    148.16505900672));
#636 = CARTESIAN_POINT('',(26.919359413925,24.900506259457,
    148.12552180513));
#637 = CARTESIAN_POINT('',(26.938551490465,24.884459722849,
    148.08544889449));
#638 = CARTESIAN_POINT('',(26.956764844413,24.869504894558,
    148.04488948764));
#639 = CARTESIAN_POINT('',(27.020481363086,24.818242853355,
    147.89339569907));
#640 = CARTESIAN_POINT('',(27.059901116577,24.788718492972,
    147.77973575267));
#641 = CARTESIAN_POINT('',(27.092496119048,24.766819584566,
    147.66372918162));
#642 = CARTESIAN_POINT('',(27.11840963941,24.75237848923,147.54608809601
    ));
#643 = CARTESIAN_POINT('',(27.137739902025,24.745259422513,
    147.42743959207));
#644 = CARTESIAN_POINT('',(27.150539536801,24.745361029872,
    147.30833790971));
#645 = CARTESIAN_POINT('',(27.161312049808,24.757970529948,
    147.10264063353));
#646 = CARTESIAN_POINT('',(27.16237350057,24.767088372063,
    147.01605799835));
#647 = CARTESIAN_POINT('',(27.159950470435,24.779999885276,
    146.92971492984));
#648 = CARTESIAN_POINT('',(27.15401090231,24.796707628439,
    146.84382263935));
#649 = CARTESIAN_POINT('',(27.144505424215,24.817224725053,
    146.75860666675));
#650 = CARTESIAN_POINT('',(27.131366802501,24.841574719231,
    146.67430910721));
#651 = CARTESIAN_POINT('',(27.108044262329,24.880607406852,146.559355635
    ));
#652 = CARTESIAN_POINT('',(27.101038829957,24.89198530764,
    146.52769351387));
#653 = CARTESIAN_POINT('',(27.093482177019,24.903932974405,
    146.49622098637));
#654 = CARTESIAN_POINT('',(27.085368975675,24.916452483078,
    146.46495426834));
#655 = CARTESIAN_POINT('',(27.076693555002,24.929545985582,
    146.43391053484));
#656 = CARTESIAN_POINT('',(27.067449900998,24.943215709834,
    146.40310792012));
#657 = CARTESIAN_POINT('',(27.044773988427,24.976123025597,
    146.33256813532));
#658 = CARTESIAN_POINT('',(27.030931230822,24.995773809768,
    146.29301765496));
#659 = CARTESIAN_POINT('',(27.01608874577,25.016421930669,
    146.25395654712));
#660 = CARTESIAN_POINT('',(27.000231663167,25.038072125517,
    146.21543171681));
#661 = CARTESIAN_POINT('',(26.983344880802,25.060728250337,
    146.1774945035));
#662 = CARTESIAN_POINT('',(26.965413064356,25.084393279955,
    146.14020068111));
#663 = CARTESIAN_POINT('',(26.921774520796,25.141090957128,
    146.05612796676));
#664 = CARTESIAN_POINT('',(26.895344106749,25.174812827024,
    146.00983346718));
#665 = CARTESIAN_POINT('',(26.867095247913,25.210240000596,
    145.96485600565));
#666 = CARTESIAN_POINT('',(26.836997379834,25.247369187179,
    145.92134597945));
#667 = CARTESIAN_POINT('',(26.805026900541,25.286185732009,
    145.87947284813));
#668 = CARTESIAN_POINT('',(26.771170540111,25.326660625692,
    145.83942284477));
#669 = CARTESIAN_POINT('',(26.70722465864,25.401958523619,145.7713900237
    ));
#670 = CARTESIAN_POINT('',(26.677848130512,25.436171422419,
    145.74264534501));
#671 = CARTESIAN_POINT('',(26.647301285592,25.471361421433,
    145.71526221597));
#672 = CARTESIAN_POINT('',(26.615594484329,25.507493596956,
    145.6893486892));
#673 = CARTESIAN_POINT('',(26.582748837968,25.544521118556,
    145.6650179458));
#674 = CARTESIAN_POINT('',(26.54879873862,25.582383477403,
    145.64238493615));
#675 = CARTESIAN_POINT('',(26.458214494637,25.682327502766,
    145.58850198934));
#676 = CARTESIAN_POINT('',(26.399944000827,25.745599681332,
    145.55998703311));
#677 = CARTESIAN_POINT('',(26.339230099638,25.810464472763,145.536511425
    ));
#678 = CARTESIAN_POINT('',(26.276402910442,25.876493157202,
    145.51850650629));
#679 = CARTESIAN_POINT('',(26.211885118163,25.943184645942,
    145.50631677381));
#680 = CARTESIAN_POINT('',(26.146202539048,26.009966899203,
    145.50014996185));
#681 = CARTESIAN_POINT('',(26.01324685312,26.142975529495,
    145.49985306504));
#682 = CARTESIAN_POINT('',(25.945915095251,26.209242937937,
    145.50582179446));
#683 = CARTESIAN_POINT('',(25.878656548265,26.274343992518,
    145.51791901779));
#684 = CARTESIAN_POINT('',(25.812058520995,26.337737876944,
    145.53593559978));
#685 = CARTESIAN_POINT('',(25.746635796529,26.398989747938,
    145.55952034022));
#686 = CARTESIAN_POINT('',(25.682828964773,26.457759994664,
    145.58823163551));
#687 = CARTESIAN_POINT('',(25.582383477403,26.54879873862,
    145.64238493615));
#688 = CARTESIAN_POINT('',(25.544521118556,26.582748837968,
    145.6650179458));
#689 = CARTESIAN_POINT('',(25.507493596956,26.615594484329,
    145.6893486892));
#690 = CARTESIAN_POINT('',(25.471361421433,26.647301285593,
    145.71526221597));
#691 = CARTESIAN_POINT('',(25.436171422419,26.677848130512,
    145.74264534501));
#692 = CARTESIAN_POINT('',(25.401958523618,26.70722465864,145.7713900237
    ));
#693 = CARTESIAN_POINT('',(25.326660625692,26.771170540111,
    145.83942284477));
#694 = CARTESIAN_POINT('',(25.286185732009,26.805026900541,
    145.87947284813));
#695 = CARTESIAN_POINT('',(25.247369187179,26.836997379834,
    145.92134597945));
#696 = CARTESIAN_POINT('',(25.210240000596,26.867095247913,
    145.96485600565));
#697 = CARTESIAN_POINT('',(25.174812827024,26.895344106749,
    146.00983346718));
#698 = CARTESIAN_POINT('',(25.141090957128,26.921774520796,
    146.05612796676));
#699 = CARTESIAN_POINT('',(25.028518702133,27.008418092424,
    146.22305288343));
#700 = CARTESIAN_POINT('',(24.958817087322,27.059055690627,
    146.34987770773));
#701 = CARTESIAN_POINT('',(24.899731186278,27.099007336674,
    146.48216509538));
#702 = CARTESIAN_POINT('',(24.851129326716,27.128737311987,
    146.61838405088));
#703 = CARTESIAN_POINT('',(24.812839088092,27.148664871686,
    146.75725669527));
#704 = CARTESIAN_POINT('',(24.78471841612,27.159101642314,
    146.89778174688));
#705 = CARTESIAN_POINT('',(24.763860549982,27.160326806612,
    147.06214095875));
#706 = CARTESIAN_POINT('',(24.76121875451,27.160251129066,
    147.08508843241));
#707 = CARTESIAN_POINT('',(24.758844643144,27.159929436499,
    147.10805277648));
#708 = CARTESIAN_POINT('',(24.75673827989,27.159362195355,
    147.13103003593));
#709 = CARTESIAN_POINT('',(24.754899797946,27.158549776603,
    147.15401627199));
#710 = CARTESIAN_POINT('',(24.753329399694,27.157492455728,
    147.17700756211));
#711 = CARTESIAN_POINT('',(24.752027356705,27.156190412739,147.2));
#712 = FACE_BOUND('',#713,.T.);
#713 = EDGE_LOOP('',(#714));
#714 = ORIENTED_EDGE('',*,*,#715,.F.);
#715 = EDGE_CURVE('',#716,#716,#718,.T.);
#716 = VERTEX_POINT('',#717);
#717 = CARTESIAN_POINT('',(-24.7520273567,-27.15619041273,147.2));
#718 = B_SPLINE_CURVE_WITH_KNOTS('',7,(#719,#720,#721,#722,#723,#724,
    #725,#726,#727,#728,#729,#730,#731,#732,#733,#734,#735,#736,#737,
    #738,#739,#740,#741,#742,#743,#744,#745,#746,#747,#748,#749,#750,
    #751,#752,#753,#754,#755,#756,#757,#758,#759,#760,#761,#762,#763,
    #764,#765,#766,#767,#768,#769,#770,#771,#772,#773,#774,#775,#776,
    #777,#778,#779,#780,#781,#782,#783,#784,#785,#786,#787,#788,#789,
    #790,#791,#792,#793,#794,#795,#796,#797,#798,#799,#800,#801,#802,
    #803,#804,#805,#806,#807,#808,#809,#810,#811,#812,#813,#814,#815,
    #816,#817,#818,#819,#820,#821,#822,#823,#824,#825,#826,#827,#828,
    #829,#830,#831,#832,#833,#834,#835,#836,#837,#838,#839,#840),
  .UNSPECIFIED.,.T.,.F.,(8,6,6,6,6,6,6,6,6,6,6,6,6,6,6,6,6,6,6,6,8),(0.,
    0.120248760466,0.162671291434,0.196216778332,0.249605148941,
    0.303423252159,0.336968958119,0.379391766119,0.412232906765,
    0.500734792323,0.565119015915,0.589780219881,0.622075767177,
    0.663985132881,0.697056058959,0.749566064888,0.802505811889,
    0.835576953398,0.877486592109,0.982910481341,1.),.UNSPECIFIED.);
#719 = CARTESIAN_POINT('',(-24.7520273567,-27.15619041273,147.2));
#720 = CARTESIAN_POINT('',(-24.74286551747,-27.14702857351,
    147.36178653175));
#721 = CARTESIAN_POINT('',(-24.74700123028,-27.1257618973,
    147.52343074207));
#722 = CARTESIAN_POINT('',(-24.7644567835,-27.09248350448,
    147.68389473162));
#723 = CARTESIAN_POINT('',(-24.79558746353,-27.04694893339,
    147.84178644406));
#724 = CARTESIAN_POINT('',(-24.84085737511,-26.98877850778,
    147.99529716923));
#725 = CARTESIAN_POINT('',(-24.90069557364,-26.9175726261,
    148.14226333679));
#726 = CARTESIAN_POINT('',(-25.00232169225,-26.80263018465,
    148.32844899162));
#727 = CARTESIAN_POINT('',(-25.03071156852,-26.77095927321,
    148.37581360213));
#728 = CARTESIAN_POINT('',(-25.06100896048,-26.73757280582,
    148.42185436875));
#729 = CARTESIAN_POINT('',(-25.09322811604,-26.70245676314,
    148.4664156716));
#730 = CARTESIAN_POINT('',(-25.12737375993,-26.66560645608,
    148.5093223068));
#731 = CARTESIAN_POINT('',(-25.16343771558,-26.62702975548,
    148.55038183532));
#732 = CARTESIAN_POINT('',(-25.2314105506,-26.55489948265,
    148.62023009278));
#733 = CARTESIAN_POINT('',(-25.26260808556,-26.52198574782,
    148.64978686061));
#734 = CARTESIAN_POINT('',(-25.29497410463,-26.48802288895,
    148.67795374626));
#735 = CARTESIAN_POINT('',(-25.32848511172,-26.45303410468,
    148.70461850539));
#736 = CARTESIAN_POINT('',(-25.36310592355,-26.41705424795,
    148.72966360465));
#737 = CARTESIAN_POINT('',(-25.39878745116,-26.38013205327,
    148.75296968793));
#738 = CARTESIAN_POINT('',(-25.49383677133,-26.28217333792,
    148.80855615626));
#739 = CARTESIAN_POINT('',(-25.55476576766,-26.21975541415,
    148.83801127764));
#740 = CARTESIAN_POINT('',(-25.61793884524,-26.15539232237,
    148.86226825331));
#741 = CARTESIAN_POINT('',(-25.68296105917,-26.08947680117,
    148.88087622008));
#742 = CARTESIAN_POINT('',(-25.74935214522,-26.02248767566,
    148.89347507993));
#743 = CARTESIAN_POINT('',(-25.81654239169,-25.95499493491,
    148.89984756341));
#744 = CARTESIAN_POINT('',(-25.95173428512,-25.81978871464,
    148.90014940968));
#745 = CARTESIAN_POINT('',(-26.01978993094,-25.75202600608,
    148.89397831346));
#746 = CARTESIAN_POINT('',(-26.08735251597,-25.68505668547,
    148.88147342845));
#747 = CARTESIAN_POINT('',(-26.1538365755,-25.6194658925,148.86285347087
    ));
#748 = CARTESIAN_POINT('',(-26.21875010372,-25.55574711199,
    148.83848542809));
#749 = CARTESIAN_POINT('',(-26.2816895031,-25.49430623615,
    148.80883070731));
#750 = CARTESIAN_POINT('',(-26.38013205327,-25.39878745116,
    148.75296968793));
#751 = CARTESIAN_POINT('',(-26.41705424795,-25.36310592355,
    148.72966360465));
#752 = CARTESIAN_POINT('',(-26.45303410468,-25.32848511172,
    148.70461850539));
#753 = CARTESIAN_POINT('',(-26.48802288895,-25.29497410463,
    148.67795374626));
#754 = CARTESIAN_POINT('',(-26.52198574782,-25.26260808556,
    148.64978686061));
#755 = CARTESIAN_POINT('',(-26.55489948265,-25.2314105506,
    148.62023009278));
#756 = CARTESIAN_POINT('',(-26.62702975548,-25.16343771558,
    148.55038183532));
#757 = CARTESIAN_POINT('',(-26.66560645608,-25.12737375993,
    148.5093223068));
#758 = CARTESIAN_POINT('',(-26.70245676314,-25.09322811604,
    148.4664156716));
#759 = CARTESIAN_POINT('',(-26.73757280582,-25.06100896048,
    148.42185436875));
#760 = CARTESIAN_POINT('',(-26.77095927321,-25.03071156852,
    148.37581360213));
#761 = CARTESIAN_POINT('',(-26.80263018465,-25.00232169225,
    148.32844899162));
#762 = CARTESIAN_POINT('',(-26.85581083774,-24.95530212932,
    148.24230609614));
#763 = CARTESIAN_POINT('',(-26.87799882009,-24.93591726757,
    148.20400661928));
#764 = CARTESIAN_POINT('',(-26.89917850227,-24.91765528127,
    148.16505900672));
#765 = CARTESIAN_POINT('',(-26.91935941392,-24.90050625945,
    148.12552180513));
#766 = CARTESIAN_POINT('',(-26.93855149046,-24.88445972284,
    148.08544889449));
#767 = CARTESIAN_POINT('',(-26.95676484441,-24.86950489455,
    148.04488948764));
#768 = CARTESIAN_POINT('',(-27.02048136308,-24.81824285335,
    147.89339569907));
#769 = CARTESIAN_POINT('',(-27.05990111657,-24.78871849297,
    147.77973575267));
#770 = CARTESIAN_POINT('',(-27.09249611904,-24.76681958456,
    147.66372918162));
#771 = CARTESIAN_POINT('',(-27.11840963941,-24.75237848923,
    147.54608809601));
#772 = CARTESIAN_POINT('',(-27.13773990202,-24.74525942251,
    147.42743959207));
#773 = CARTESIAN_POINT('',(-27.1505395368,-24.74536102987,
    147.30833790971));
#774 = CARTESIAN_POINT('',(-27.1613120498,-24.75797052994,
    147.10264063353));
#775 = CARTESIAN_POINT('',(-27.16237350057,-24.76708837206,
    147.01605799835));
#776 = CARTESIAN_POINT('',(-27.15995047043,-24.77999988527,
    146.92971492984));
#777 = CARTESIAN_POINT('',(-27.15401090231,-24.79670762843,
    146.84382263935));
#778 = CARTESIAN_POINT('',(-27.14450542421,-24.81722472505,
    146.75860666675));
#779 = CARTESIAN_POINT('',(-27.1313668025,-24.84157471923,
    146.67430910721));
#780 = CARTESIAN_POINT('',(-27.10804426232,-24.88060740685,146.559355635
    ));
#781 = CARTESIAN_POINT('',(-27.10103882995,-24.89198530764,
    146.52769351387));
#782 = CARTESIAN_POINT('',(-27.09348217701,-24.9039329744,
    146.49622098637));
#783 = CARTESIAN_POINT('',(-27.08536897567,-24.91645248307,
    146.46495426834));
#784 = CARTESIAN_POINT('',(-27.076693555,-24.92954598558,146.43391053484
    ));
#785 = CARTESIAN_POINT('',(-27.06744990099,-24.94321570983,
    146.40310792012));
#786 = CARTESIAN_POINT('',(-27.04477398842,-24.97612302559,
    146.33256813532));
#787 = CARTESIAN_POINT('',(-27.03093123082,-24.99577380976,
    146.29301765496));
#788 = CARTESIAN_POINT('',(-27.01608874577,-25.01642193066,
    146.25395654712));
#789 = CARTESIAN_POINT('',(-27.00023166316,-25.03807212551,
    146.21543171681));
#790 = CARTESIAN_POINT('',(-26.9833448808,-25.06072825033,146.1774945035
    ));
#791 = CARTESIAN_POINT('',(-26.96541306435,-25.08439327995,
    146.14020068111));
#792 = CARTESIAN_POINT('',(-26.92177452079,-25.14109095712,
    146.05612796676));
#793 = CARTESIAN_POINT('',(-26.89534410674,-25.17481282702,
    146.00983346718));
#794 = CARTESIAN_POINT('',(-26.86709524791,-25.21024000059,
    145.96485600565));
#795 = CARTESIAN_POINT('',(-26.83699737983,-25.24736918717,
    145.92134597945));
#796 = CARTESIAN_POINT('',(-26.80502690054,-25.286185732,145.87947284813
    ));
#797 = CARTESIAN_POINT('',(-26.77117054011,-25.32666062569,
    145.83942284477));
#798 = CARTESIAN_POINT('',(-26.70722465864,-25.40195852361,
    145.7713900237));
#799 = CARTESIAN_POINT('',(-26.67784813051,-25.43617142241,
    145.74264534501));
#800 = CARTESIAN_POINT('',(-26.64730128559,-25.47136142143,
    145.71526221597));
#801 = CARTESIAN_POINT('',(-26.61559448432,-25.50749359695,
    145.6893486892));
#802 = CARTESIAN_POINT('',(-26.58274883796,-25.54452111855,
    145.6650179458));
#803 = CARTESIAN_POINT('',(-26.54879873862,-25.5823834774,
    145.64238493615));
#804 = CARTESIAN_POINT('',(-26.45821449463,-25.68232750276,
    145.58850198934));
#805 = CARTESIAN_POINT('',(-26.39994400082,-25.74559968133,
    145.55998703311));
#806 = CARTESIAN_POINT('',(-26.33923009963,-25.81046447276,145.536511425
    ));
#807 = CARTESIAN_POINT('',(-26.27640291044,-25.8764931572,
    145.51850650629));
#808 = CARTESIAN_POINT('',(-26.21188511816,-25.94318464594,
    145.50631677381));
#809 = CARTESIAN_POINT('',(-26.14620253904,-26.0099668992,
    145.50014996185));
#810 = CARTESIAN_POINT('',(-26.01324685312,-26.14297552949,
    145.49985306504));
#811 = CARTESIAN_POINT('',(-25.94591509525,-26.20924293793,
    145.50582179446));
#812 = CARTESIAN_POINT('',(-25.87865654826,-26.27434399251,
    145.51791901779));
#813 = CARTESIAN_POINT('',(-25.81205852099,-26.33773787694,
    145.53593559978));
#814 = CARTESIAN_POINT('',(-25.74663579652,-26.39898974793,
    145.55952034022));
#815 = CARTESIAN_POINT('',(-25.68282896477,-26.45775999466,
    145.58823163551));
#816 = CARTESIAN_POINT('',(-25.5823834774,-26.54879873862,
    145.64238493615));
#817 = CARTESIAN_POINT('',(-25.54452111855,-26.58274883796,
    145.6650179458));
#818 = CARTESIAN_POINT('',(-25.50749359695,-26.61559448432,
    145.6893486892));
#819 = CARTESIAN_POINT('',(-25.47136142143,-26.64730128559,
    145.71526221597));
#820 = CARTESIAN_POINT('',(-25.43617142241,-26.67784813051,
    145.74264534501));
#821 = CARTESIAN_POINT('',(-25.40195852361,-26.70722465864,
    145.7713900237));
#822 = CARTESIAN_POINT('',(-25.32666062569,-26.77117054011,
    145.83942284477));
#823 = CARTESIAN_POINT('',(-25.286185732,-26.80502690054,145.87947284813
    ));
#824 = CARTESIAN_POINT('',(-25.24736918717,-26.83699737983,
    145.92134597945));
#825 = CARTESIAN_POINT('',(-25.21024000059,-26.86709524791,
    145.96485600565));
#826 = CARTESIAN_POINT('',(-25.17481282702,-26.89534410674,
    146.00983346718));
#827 = CARTESIAN_POINT('',(-25.14109095712,-26.92177452079,
    146.05612796676));
#828 = CARTESIAN_POINT('',(-25.02851870213,-27.00841809242,
    146.22305288343));
#829 = CARTESIAN_POINT('',(-24.95881708732,-27.05905569062,
    146.34987770773));
#830 = CARTESIAN_POINT('',(-24.89973118627,-27.09900733667,
    146.48216509538));
#831 = CARTESIAN_POINT('',(-24.85112932671,-27.12873731198,
    146.61838405088));
#832 = CARTESIAN_POINT('',(-24.81283908809,-27.14866487168,
    146.75725669527));
#833 = CARTESIAN_POINT('',(-24.78471841612,-27.15910164231,
    146.89778174688));
#834 = CARTESIAN_POINT('',(-24.76386054998,-27.16032680661,
    147.06214095874));
#835 = CARTESIAN_POINT('',(-24.76121875451,-27.16025112906,
    147.08508843241));
#836 = CARTESIAN_POINT('',(-24.75884464314,-27.15992943649,
    147.10805277648));
#837 = CARTESIAN_POINT('',(-24.75673827989,-27.15936219535,
    147.13103003593));
#838 = CARTESIAN_POINT('',(-24.75489979794,-27.1585497766,
    147.15401627199));
#839 = CARTESIAN_POINT('',(-24.75332939969,-27.15749245572,
    147.17700756211));
#840 = CARTESIAN_POINT('',(-24.7520273567,-27.15619041273,147.2));
#841 = CONICAL_SURFACE('',#842,36.968,7.982998571224E-02);
#842 = AXIS2_PLACEMENT_3D('',#843,#844,#845);
#843 = CARTESIAN_POINT('',(0.,0.,144.4));
#844 = DIRECTION('',(-0.,-0.,-1.));
#845 = DIRECTION('',(1.,0.,0.));
#846 = ADVANCED_FACE('',(#847,#866,#989,#1112,#1241),#1370,.F.);
#847 = FACE_BOUND('',#848,.F.);
#848 = EDGE_LOOP('',(#849,#857,#858,#859));
#849 = ORIENTED_EDGE('',*,*,#850,.F.);
#850 = EDGE_CURVE('',#33,#851,#853,.T.);
#851 = VERTEX_POINT('',#852);
#852 = CARTESIAN_POINT('',(33.4,0.,159.));
#853 = LINE('',#854,#855);
#854 = CARTESIAN_POINT('',(34.568,0.,144.4));
#855 = VECTOR('',#856,1.);
#856 = DIRECTION('',(-7.974522228289E-02,0.,0.996815278536));
#857 = ORIENTED_EDGE('',*,*,#32,.T.);
#858 = ORIENTED_EDGE('',*,*,#850,.T.);
#859 = ORIENTED_EDGE('',*,*,#860,.F.);
#860 = EDGE_CURVE('',#851,#851,#861,.T.);
#861 = CIRCLE('',#862,33.4);
#862 = AXIS2_PLACEMENT_3D('',#863,#864,#865);
#863 = CARTESIAN_POINT('',(0.,0.,159.));
#864 = DIRECTION('',(0.,0.,1.));
#865 = DIRECTION('',(1.,0.,0.));
#866 = FACE_BOUND('',#867,.F.);
#867 = EDGE_LOOP('',(#868));
#868 = ORIENTED_EDGE('',*,*,#869,.F.);
#869 = EDGE_CURVE('',#870,#870,#872,.T.);
#870 = VERTEX_POINT('',#871);
#871 = CARTESIAN_POINT('',(-23.05302449112,25.457187547163,147.2));
#872 = B_SPLINE_CURVE_WITH_KNOTS('',7,(#873,#874,#875,#876,#877,#878,
    #879,#880,#881,#882,#883,#884,#885,#886,#887,#888,#889,#890,#891,
    #892,#893,#894,#895,#896,#897,#898,#899,#900,#901,#902,#903,#904,
    #905,#906,#907,#908,#909,#910,#911,#912,#913,#914,#915,#916,#917,
    #918,#919,#920,#921,#922,#923,#924,#925,#926,#927,#928,#929,#930,
    #931,#932,#933,#934,#935,#936,#937,#938,#939,#940,#941,#942,#943,
    #944,#945,#946,#947,#948,#949,#950,#951,#952,#953,#954,#955,#956,
    #957,#958,#959,#960,#961,#962,#963,#964,#965,#966,#967,#968,#969,
    #970,#971,#972,#973,#974,#975,#976,#977,#978,#979,#980,#981,#982,
    #983,#984,#985,#986,#987,#988),.UNSPECIFIED.,.T.,.F.,(8,6,6,6,6,6,6,
    6,6,6,6,6,6,6,6,6,6,6,6,8),(0.,0.122541610731,0.164454301128,
    0.19752692849,0.250036373607,0.302975545371,0.336048388934,
    0.37796135332,0.410259255545,0.434921503851,0.498734520457,
    0.58779746956,0.620634605961,0.663053011537,0.696596331016,
    0.749983137027,0.803799667654,0.837343205942,0.879761888221,1.),
  .UNSPECIFIED.);
#873 = CARTESIAN_POINT('',(-23.05302449112,25.457187547163,147.2));
#874 = CARTESIAN_POINT('',(-23.06236314023,25.466526196267,
    147.03511681508));
#875 = CARTESIAN_POINT('',(-23.08553142602,25.463310573276,
    146.8705188512));
#876 = CARTESIAN_POINT('',(-23.12238645048,25.447550634739,
    146.70728722541));
#877 = CARTESIAN_POINT('',(-23.17310697621,25.418842138599,
    146.54687363764));
#878 = CARTESIAN_POINT('',(-23.23794121937,25.376578031914,
    146.39117141908));
#879 = CARTESIAN_POINT('',(-23.31705478821,25.320087902571,
    146.24243686023));
#880 = CARTESIAN_POINT('',(-23.44297425665,25.223657751578,
    146.05612790916));
#881 = CARTESIAN_POINT('',(-23.47676783356,25.197299163007,
    146.00983351823));
#882 = CARTESIAN_POINT('',(-23.51226786672,25.169123410194,
    145.96485623374));
#883 = CARTESIAN_POINT('',(-23.5494705318,25.13909930153,145.92134636082
    ));
#884 = CARTESIAN_POINT('',(-23.58836058397,25.107202508757,
    145.87947327909));
#885 = CARTESIAN_POINT('',(-23.62890837515,25.073418935836,
    145.83942316052));
#886 = CARTESIAN_POINT('',(-23.70433345988,25.0096007975,145.77139061128
    ));
#887 = CARTESIAN_POINT('',(-23.73860106851,24.980279981915,
    145.74264633161));
#888 = CARTESIAN_POINT('',(-23.7738445771,24.949787326484,
    145.71526338621));
#889 = CARTESIAN_POINT('',(-23.81002869671,24.918132701702,
    145.68934982414));
#890 = CARTESIAN_POINT('',(-23.84710620748,24.885336709743,
    145.66501884489));
#891 = CARTESIAN_POINT('',(-23.88501619661,24.851433231071,
    145.64238543764));
#892 = CARTESIAN_POINT('',(-23.98507250334,24.760963941878,
    145.5885032469));
#893 = CARTESIAN_POINT('',(-24.04840498867,24.702756729108,
    145.55998868581));
#894 = CARTESIAN_POINT('',(-24.11332122195,24.642095514522,
    145.53651283211));
#895 = CARTESIAN_POINT('',(-24.17939075568,24.579308641456,
    145.51850734096));
#896 = CARTESIAN_POINT('',(-24.2461109887,24.514817513979,
    145.50631705438));
#897 = CARTESIAN_POINT('',(-24.31290877944,24.449147428048,
    145.50014996521));
#898 = CARTESIAN_POINT('',(-24.4459210926,24.316189407648,
    145.49985306168));
#899 = CARTESIAN_POINT('',(-24.51217647532,24.248842544585,
    145.50582206371));
#900 = CARTESIAN_POINT('',(-24.57725108419,24.181555432833,
    145.51791984662));
#901 = CARTESIAN_POINT('',(-24.64060461714,24.114916497439,
    145.5359370132));
#902 = CARTESIAN_POINT('',(-24.70180353396,24.049442067072,
    145.55952200985));
#903 = CARTESIAN_POINT('',(-24.76051004125,23.985574503744,
    145.5882329103));
#904 = CARTESIAN_POINT('',(-24.85143323107,23.885016196613,
    145.64238543764));
#905 = CARTESIAN_POINT('',(-24.88533670974,23.847106207487,
    145.66501884489));
#906 = CARTESIAN_POINT('',(-24.9181327017,23.810028696714,
    145.68934982414));
#907 = CARTESIAN_POINT('',(-24.94978732648,23.773844577101,
    145.71526338621));
#908 = CARTESIAN_POINT('',(-24.98027998191,23.738601068513,
    145.74264633161));
#909 = CARTESIAN_POINT('',(-25.0096007975,23.704333459882,
    145.77139061128));
#910 = CARTESIAN_POINT('',(-25.07341893583,23.628908375155,
    145.83942316052));
#911 = CARTESIAN_POINT('',(-25.10720250875,23.588360583977,
    145.87947327909));
#912 = CARTESIAN_POINT('',(-25.13909930153,23.549470531803,
    145.92134636082));
#913 = CARTESIAN_POINT('',(-25.16912341019,23.512267866722,
    145.96485623374));
#914 = CARTESIAN_POINT('',(-25.197299163,23.47676783356,146.00983351823)
  );
#915 = CARTESIAN_POINT('',(-25.22365775157,23.442974256651,
    146.05612790916));
#916 = CARTESIAN_POINT('',(-25.26717207892,23.386152807013,
    146.14020025168));
#917 = CARTESIAN_POINT('',(-25.28505079937,23.362435032871,
    146.17749372067));
#918 = CARTESIAN_POINT('',(-25.30188582838,23.339727327422,
    146.21543070048));
#919 = CARTESIAN_POINT('',(-25.31769271231,23.318026922014,
    146.25395545749));
#920 = CARTESIAN_POINT('',(-25.3324867389,23.297330152099,
    146.29301668887));
#921 = CARTESIAN_POINT('',(-25.34628293728,23.277632457231,
    146.33256752264));
#922 = CARTESIAN_POINT('',(-25.36888002156,23.244646197428,
    146.40310745433));
#923 = CARTESIAN_POINT('',(-25.37809059591,23.230943612671,
    146.43390973801));
#924 = CARTESIAN_POINT('',(-25.38673421732,23.217818395596,
    146.46495328941));
#925 = CARTESIAN_POINT('',(-25.39481695281,23.205268386629,
    146.49621998659));
#926 = CARTESIAN_POINT('',(-25.40234452006,23.19329149783,
    146.52769266491));
#927 = CARTESIAN_POINT('',(-25.40932228742,23.181885712889,
    146.55935511708));
#928 = CARTESIAN_POINT('',(-25.43240048278,23.143009560021,
    146.67356955746));
#929 = CARTESIAN_POINT('',(-25.44539686086,23.118783134351,
    146.75710804428));
#930 = CARTESIAN_POINT('',(-25.45483408447,23.09833224622,
    146.84155227665));
#931 = CARTESIAN_POINT('',(-25.46077820005,23.081634617195,
    146.92666634945));
#932 = CARTESIAN_POINT('',(-25.46327780555,23.068677849716,
    147.01223039898));
#933 = CARTESIAN_POINT('',(-25.46236459993,23.059459566841,
    147.09803847356));
#934 = CARTESIAN_POINT('',(-25.4520241012,23.046363618571,
    147.30373001337));
#935 = CARTESIAN_POINT('',(-25.43937335723,23.046045771449,
    147.42361094951));
#936 = CARTESIAN_POINT('',(-25.42013146031,23.053061926013,
    147.54304946375));
#937 = CARTESIAN_POINT('',(-25.39424504315,23.067514557748,
    147.66148099964));
#938 = CARTESIAN_POINT('',(-25.36161342095,23.089540556984,
    147.77826681457));
#939 = CARTESIAN_POINT('',(-25.32208905485,23.11930844152,
    147.89268143261));
#940 = CARTESIAN_POINT('',(-25.25823663395,23.170976749364,
    148.04488957364));
#941 = CARTESIAN_POINT('',(-25.24006975226,23.185978131137,
    148.08544907425));
#942 = CARTESIAN_POINT('',(-25.22092619034,23.20207326302,148.1255220618
    ));
#943 = CARTESIAN_POINT('',(-25.20079567587,23.219272739733,
    148.16505930142));
#944 = CARTESIAN_POINT('',(-25.17966809365,23.237586832128,
    148.20400689401));
#945 = CARTESIAN_POINT('',(-25.15753371309,23.257025214885,
    148.24230627686));
#946 = CARTESIAN_POINT('',(-25.10447828935,23.304170550778,
    148.32844963969));
#947 = CARTESIAN_POINT('',(-25.07287979082,23.332633512929,
    148.37581471466));
#948 = CARTESIAN_POINT('',(-25.03956732583,23.363005406576,
    148.42185572404));
#949 = CARTESIAN_POINT('',(-25.0045263164,23.395299817269,
    148.46641702819));
#950 = CARTESIAN_POINT('',(-24.96775143362,23.429520717735,
    148.5093234223));
#951 = CARTESIAN_POINT('',(-24.92924983052,23.465659095421,
    148.55038248583));
#952 = CARTESIAN_POINT('',(-24.85725099589,23.533763051171,
    148.62023058501));
#953 = CARTESIAN_POINT('',(-24.82439394611,23.565018016363,
    148.64978764765));
#954 = CARTESIAN_POINT('',(-24.79048660573,23.597439997351,
    148.67795464026));
#955 = CARTESIAN_POINT('',(-24.75555174302,23.631005013177,
    148.70461933958));
#956 = CARTESIAN_POINT('',(-24.71962375376,23.665677377858,
    148.72966424308));
#957 = CARTESIAN_POINT('',(-24.68275090076,23.701407498071,
    148.75297003337));
#958 = CARTESIAN_POINT('',(-24.58491015995,23.796575869451,
    148.80855681177));
#959 = CARTESIAN_POINT('',(-24.52255618208,23.857570234127,
    148.83801210961));
#960 = CARTESIAN_POINT('',(-24.45824735435,23.92079809847,
    148.86226894224));
#961 = CARTESIAN_POINT('',(-24.39237451842,23.985862666619,
    148.88087662145));
#962 = CARTESIAN_POINT('',(-24.32541493597,24.052282267615,
    148.89347521466));
#963 = CARTESIAN_POINT('',(-24.25793759782,24.119486476655,
    148.89984756499));
#964 = CARTESIAN_POINT('',(-24.12273349498,24.254677643576,
    148.90014940809));
#965 = CARTESIAN_POINT('',(-24.0549572954,24.322718343361,
    148.89397844284));
#966 = CARTESIAN_POINT('',(-23.98795967413,24.390251581817,
    148.88147382672));
#967 = CARTESIAN_POINT('',(-23.92232648357,24.456692901042,
    148.86285416226));
#968 = CARTESIAN_POINT('',(-23.85855264126,24.52155189037,
    148.83848626784));
#969 = CARTESIAN_POINT('',(-23.79704593414,24.584426895642,
    148.80883137129));
#970 = CARTESIAN_POINT('',(-23.70140749807,24.68275090076,
    148.75297003337));
#971 = CARTESIAN_POINT('',(-23.66567737785,24.719623753763,
    148.72966424308));
#972 = CARTESIAN_POINT('',(-23.63100501317,24.755551743026,
    148.70461933958));
#973 = CARTESIAN_POINT('',(-23.59743999735,24.790486605735,
    148.67795464026));
#974 = CARTESIAN_POINT('',(-23.56501801636,24.82439394611,
    148.64978764765));
#975 = CARTESIAN_POINT('',(-23.53376305117,24.857250995897,148.620230585
    ));
#976 = CARTESIAN_POINT('',(-23.46565909542,24.929249830523,
    148.55038248583));
#977 = CARTESIAN_POINT('',(-23.42952071773,24.967751433629,
    148.5093234223));
#978 = CARTESIAN_POINT('',(-23.39529981726,25.004526316401,
    148.46641702818));
#979 = CARTESIAN_POINT('',(-23.36300540657,25.039567325832,
    148.42185572404));
#980 = CARTESIAN_POINT('',(-23.33263351292,25.072879790828,
    148.37581471466));
#981 = CARTESIAN_POINT('',(-23.30417055077,25.104478289356,
    148.32844963969));
#982 = CARTESIAN_POINT('',(-23.20227162125,25.219151157462,
    148.14226120149));
#983 = CARTESIAN_POINT('',(-23.14224914897,25.290173436016,
    147.99529344098));
#984 = CARTESIAN_POINT('',(-23.09682236156,25.348188825069,
    147.84177965724));
#985 = CARTESIAN_POINT('',(-23.06557142933,25.393602709475,
    147.68388511093));
#986 = CARTESIAN_POINT('',(-23.04803578558,25.426799491947,
    147.52341925811));
#987 = CARTESIAN_POINT('',(-23.04386177366,25.448024829702,
    147.36177693588));
#988 = CARTESIAN_POINT('',(-23.05302449112,25.457187547163,147.2));
#989 = FACE_BOUND('',#990,.F.);
#990 = EDGE_LOOP('',(#991));
#991 = ORIENTED_EDGE('',*,*,#992,.F.);
#992 = EDGE_CURVE('',#993,#993,#995,.T.);
#993 = VERTEX_POINT('',#994);
#994 = CARTESIAN_POINT('',(23.053024491129,-25.45718754716,147.2));
#995 = B_SPLINE_CURVE_WITH_KNOTS('',7,(#996,#997,#998,#999,#1000,#1001,
    #1002,#1003,#1004,#1005,#1006,#1007,#1008,#1009,#1010,#1011,#1012,
    #1013,#1014,#1015,#1016,#1017,#1018,#1019,#1020,#1021,#1022,#1023,
    #1024,#1025,#1026,#1027,#1028,#1029,#1030,#1031,#1032,#1033,#1034,
    #1035,#1036,#1037,#1038,#1039,#1040,#1041,#1042,#1043,#1044,#1045,
    #1046,#1047,#1048,#1049,#1050,#1051,#1052,#1053,#1054,#1055,#1056,
    #1057,#1058,#1059,#1060,#1061,#1062,#1063,#1064,#1065,#1066,#1067,
    #1068,#1069,#1070,#1071,#1072,#1073,#1074,#1075,#1076,#1077,#1078,
    #1079,#1080,#1081,#1082,#1083,#1084,#1085,#1086,#1087,#1088,#1089,
    #1090,#1091,#1092,#1093,#1094,#1095,#1096,#1097,#1098,#1099,#1100,
    #1101,#1102,#1103,#1104,#1105,#1106,#1107,#1108,#1109,#1110,#1111),
  .UNSPECIFIED.,.T.,.F.,(8,6,6,6,6,6,6,6,6,6,6,6,6,6,6,6,6,6,6,8),(0.,
    0.12254161073,0.164454301128,0.19752692849,0.250036373607,
    0.30297554537,0.336048388933,0.377961353319,0.410259255544,
    0.434921503849,0.498734520456,0.587797469559,0.62063460596,
    0.663053011536,0.696596331015,0.749983137026,0.803799667653,
    0.837343205941,0.879761888221,1.),.UNSPECIFIED.);
#996 = CARTESIAN_POINT('',(23.053024491129,-25.45718754716,147.2));
#997 = CARTESIAN_POINT('',(23.062363140233,-25.46652619626,
    147.03511681508));
#998 = CARTESIAN_POINT('',(23.085531426024,-25.46331057327,
    146.8705188512));
#999 = CARTESIAN_POINT('',(23.122386450481,-25.44755063474,
    146.70728722541));
#1000 = CARTESIAN_POINT('',(23.173106976211,-25.41884213859,
    146.54687363764));
#1001 = CARTESIAN_POINT('',(23.237941219373,-25.37657803191,
    146.39117141909));
#1002 = CARTESIAN_POINT('',(23.317054788215,-25.32008790257,
    146.24243686023));
#1003 = CARTESIAN_POINT('',(23.442974256651,-25.22365775157,
    146.05612790916));
#1004 = CARTESIAN_POINT('',(23.47676783356,-25.197299163,146.00983351823
    ));
#1005 = CARTESIAN_POINT('',(23.512267866722,-25.16912341019,
    145.96485623374));
#1006 = CARTESIAN_POINT('',(23.549470531803,-25.13909930153,
    145.92134636082));
#1007 = CARTESIAN_POINT('',(23.588360583977,-25.10720250875,
    145.87947327909));
#1008 = CARTESIAN_POINT('',(23.628908375155,-25.07341893583,
    145.83942316052));
#1009 = CARTESIAN_POINT('',(23.704333459882,-25.0096007975,
    145.77139061128));
#1010 = CARTESIAN_POINT('',(23.738601068513,-24.98027998191,
    145.74264633161));
#1011 = CARTESIAN_POINT('',(23.773844577101,-24.94978732648,
    145.71526338621));
#1012 = CARTESIAN_POINT('',(23.810028696714,-24.9181327017,
    145.68934982414));
#1013 = CARTESIAN_POINT('',(23.847106207487,-24.88533670974,
    145.66501884489));
#1014 = CARTESIAN_POINT('',(23.885016196613,-24.85143323107,
    145.64238543764));
#1015 = CARTESIAN_POINT('',(23.985072503341,-24.76096394187,
    145.5885032469));
#1016 = CARTESIAN_POINT('',(24.048404988675,-24.7027567291,
    145.55998868581));
#1017 = CARTESIAN_POINT('',(24.113321221959,-24.64209551452,
    145.53651283211));
#1018 = CARTESIAN_POINT('',(24.179390755681,-24.57930864145,
    145.51850734096));
#1019 = CARTESIAN_POINT('',(24.246110988708,-24.51481751397,
    145.50631705438));
#1020 = CARTESIAN_POINT('',(24.312908779442,-24.44914742804,
    145.50014996521));
#1021 = CARTESIAN_POINT('',(24.445921092603,-24.31618940764,
    145.49985306168));
#1022 = CARTESIAN_POINT('',(24.512176475328,-24.24884254458,
    145.50582206371));
#1023 = CARTESIAN_POINT('',(24.577251084198,-24.18155543283,
    145.51791984662));
#1024 = CARTESIAN_POINT('',(24.640604617149,-24.11491649743,
    145.5359370132));
#1025 = CARTESIAN_POINT('',(24.701803533967,-24.04944206707,
    145.55952200985));
#1026 = CARTESIAN_POINT('',(24.760510041258,-23.98557450374,
    145.5882329103));
#1027 = CARTESIAN_POINT('',(24.851433231071,-23.88501619661,
    145.64238543764));
#1028 = CARTESIAN_POINT('',(24.885336709743,-23.84710620748,
    145.66501884489));
#1029 = CARTESIAN_POINT('',(24.918132701702,-23.81002869671,
    145.68934982414));
#1030 = CARTESIAN_POINT('',(24.949787326484,-23.7738445771,
    145.71526338621));
#1031 = CARTESIAN_POINT('',(24.980279981915,-23.73860106851,
    145.74264633161));
#1032 = CARTESIAN_POINT('',(25.0096007975,-23.70433345988,
    145.77139061128));
#1033 = CARTESIAN_POINT('',(25.073418935836,-23.62890837515,
    145.83942316052));
#1034 = CARTESIAN_POINT('',(25.107202508757,-23.58836058397,
    145.87947327909));
#1035 = CARTESIAN_POINT('',(25.13909930153,-23.5494705318,
    145.92134636082));
#1036 = CARTESIAN_POINT('',(25.169123410194,-23.51226786672,
    145.96485623374));
#1037 = CARTESIAN_POINT('',(25.197299163007,-23.47676783356,
    146.00983351823));
#1038 = CARTESIAN_POINT('',(25.223657751578,-23.44297425665,
    146.05612790916));
#1039 = CARTESIAN_POINT('',(25.26717207892,-23.38615280701,
    146.14020025168));
#1040 = CARTESIAN_POINT('',(25.285050799376,-23.36243503287,
    146.17749372067));
#1041 = CARTESIAN_POINT('',(25.30188582838,-23.33972732742,
    146.21543070048));
#1042 = CARTESIAN_POINT('',(25.31769271231,-23.31802692201,
    146.25395545749));
#1043 = CARTESIAN_POINT('',(25.332486738908,-23.29733015209,
    146.29301668887));
#1044 = CARTESIAN_POINT('',(25.346282937282,-23.27763245723,
    146.33256752264));
#1045 = CARTESIAN_POINT('',(25.368880021561,-23.24464619742,
    146.40310745433));
#1046 = CARTESIAN_POINT('',(25.378090595916,-23.23094361267,
    146.43390973801));
#1047 = CARTESIAN_POINT('',(25.386734217325,-23.21781839559,
    146.46495328941));
#1048 = CARTESIAN_POINT('',(25.394816952811,-23.20526838662,
    146.49621998659));
#1049 = CARTESIAN_POINT('',(25.402344520061,-23.19329149783,
    146.52769266491));
#1050 = CARTESIAN_POINT('',(25.409322287426,-23.18188571288,
    146.55935511708));
#1051 = CARTESIAN_POINT('',(25.432400482785,-23.14300956002,
    146.67356955746));
#1052 = CARTESIAN_POINT('',(25.445396860867,-23.11878313435,
    146.75710804428));
#1053 = CARTESIAN_POINT('',(25.454834084477,-23.09833224622,
    146.84155227665));
#1054 = CARTESIAN_POINT('',(25.46077820005,-23.08163461719,
    146.92666634945));
#1055 = CARTESIAN_POINT('',(25.463277805551,-23.06867784971,
    147.01223039898));
#1056 = CARTESIAN_POINT('',(25.462364599937,-23.05945956684,
    147.09803847356));
#1057 = CARTESIAN_POINT('',(25.452024101209,-23.04636361857,
    147.30373001337));
#1058 = CARTESIAN_POINT('',(25.43937335723,-23.04604577144,
    147.42361094951));
#1059 = CARTESIAN_POINT('',(25.42013146031,-23.05306192601,
    147.54304946375));
#1060 = CARTESIAN_POINT('',(25.394245043153,-23.06751455774,
    147.66148099964));
#1061 = CARTESIAN_POINT('',(25.361613420957,-23.08954055698,
    147.77826681457));
#1062 = CARTESIAN_POINT('',(25.322089054854,-23.11930844152,
    147.89268143261));
#1063 = CARTESIAN_POINT('',(25.25823663395,-23.17097674936,
    148.04488957364));
#1064 = CARTESIAN_POINT('',(25.240069752267,-23.18597813113,
    148.08544907425));
#1065 = CARTESIAN_POINT('',(25.220926190348,-23.20207326302,
    148.1255220618));
#1066 = CARTESIAN_POINT('',(25.200795675871,-23.21927273973,
    148.16505930142));
#1067 = CARTESIAN_POINT('',(25.179668093656,-23.23758683212,
    148.20400689401));
#1068 = CARTESIAN_POINT('',(25.157533713096,-23.25702521488,
    148.24230627686));
#1069 = CARTESIAN_POINT('',(25.104478289356,-23.30417055077,
    148.32844963969));
#1070 = CARTESIAN_POINT('',(25.072879790828,-23.33263351292,
    148.37581471466));
#1071 = CARTESIAN_POINT('',(25.039567325832,-23.36300540657,
    148.42185572404));
#1072 = CARTESIAN_POINT('',(25.004526316401,-23.39529981726,
    148.46641702819));
#1073 = CARTESIAN_POINT('',(24.967751433629,-23.42952071773,
    148.5093234223));
#1074 = CARTESIAN_POINT('',(24.929249830523,-23.46565909542,
    148.55038248583));
#1075 = CARTESIAN_POINT('',(24.857250995897,-23.53376305117,
    148.62023058501));
#1076 = CARTESIAN_POINT('',(24.82439394611,-23.56501801636,
    148.64978764765));
#1077 = CARTESIAN_POINT('',(24.790486605735,-23.59743999735,
    148.67795464026));
#1078 = CARTESIAN_POINT('',(24.755551743026,-23.63100501317,
    148.70461933958));
#1079 = CARTESIAN_POINT('',(24.719623753763,-23.66567737785,
    148.72966424308));
#1080 = CARTESIAN_POINT('',(24.68275090076,-23.70140749807,
    148.75297003337));
#1081 = CARTESIAN_POINT('',(24.584910159955,-23.79657586945,
    148.80855681177));
#1082 = CARTESIAN_POINT('',(24.522556182085,-23.85757023412,
    148.83801210961));
#1083 = CARTESIAN_POINT('',(24.458247354358,-23.92079809847,
    148.86226894224));
#1084 = CARTESIAN_POINT('',(24.392374518429,-23.98586266661,
    148.88087662145));
#1085 = CARTESIAN_POINT('',(24.325414935974,-24.05228226761,
    148.89347521466));
#1086 = CARTESIAN_POINT('',(24.257937597826,-24.11948647665,
    148.89984756499));
#1087 = CARTESIAN_POINT('',(24.122733494982,-24.25467764357,
    148.90014940809));
#1088 = CARTESIAN_POINT('',(24.054957295403,-24.32271834336,
    148.89397844284));
#1089 = CARTESIAN_POINT('',(23.98795967413,-24.39025158181,
    148.88147382672));
#1090 = CARTESIAN_POINT('',(23.922326483573,-24.45669290104,
    148.86285416226));
#1091 = CARTESIAN_POINT('',(23.858552641263,-24.52155189037,
    148.83848626784));
#1092 = CARTESIAN_POINT('',(23.797045934143,-24.58442689564,
    148.80883137129));
#1093 = CARTESIAN_POINT('',(23.701407498071,-24.68275090076,
    148.75297003337));
#1094 = CARTESIAN_POINT('',(23.665677377858,-24.71962375376,
    148.72966424308));
#1095 = CARTESIAN_POINT('',(23.631005013177,-24.75555174302,
    148.70461933958));
#1096 = CARTESIAN_POINT('',(23.597439997351,-24.79048660573,
    148.67795464026));
#1097 = CARTESIAN_POINT('',(23.565018016363,-24.82439394611,
    148.64978764765));
#1098 = CARTESIAN_POINT('',(23.533763051171,-24.85725099589,
    148.620230585));
#1099 = CARTESIAN_POINT('',(23.465659095421,-24.92924983052,
    148.55038248583));
#1100 = CARTESIAN_POINT('',(23.429520717735,-24.96775143362,
    148.5093234223));
#1101 = CARTESIAN_POINT('',(23.395299817269,-25.0045263164,
    148.46641702818));
#1102 = CARTESIAN_POINT('',(23.363005406576,-25.03956732583,
    148.42185572404));
#1103 = CARTESIAN_POINT('',(23.332633512929,-25.07287979082,
    148.37581471466));
#1104 = CARTESIAN_POINT('',(23.304170550777,-25.10447828935,
    148.32844963969));
#1105 = CARTESIAN_POINT('',(23.202271621252,-25.21915115746,
    148.1422612015));
#1106 = CARTESIAN_POINT('',(23.142249148977,-25.29017343601,
    147.99529344098));
#1107 = CARTESIAN_POINT('',(23.096822361561,-25.34818882506,
    147.84177965725));
#1108 = CARTESIAN_POINT('',(23.065571429331,-25.39360270947,
    147.68388511093));
#1109 = CARTESIAN_POINT('',(23.048035785585,-25.42679949194,
    147.52341925811));
#1110 = CARTESIAN_POINT('',(23.043861773667,-25.4480248297,
    147.36177693588));
#1111 = CARTESIAN_POINT('',(23.053024491129,-25.45718754716,147.2));
#1112 = FACE_BOUND('',#1113,.F.);
#1113 = EDGE_LOOP('',(#1114));
#1114 = ORIENTED_EDGE('',*,*,#1115,.F.);
#1115 = EDGE_CURVE('',#1116,#1116,#1118,.T.);
#1116 = VERTEX_POINT('',#1117);
#1117 = CARTESIAN_POINT('',(23.053024491129,25.457187547163,147.2));
#1118 = B_SPLINE_CURVE_WITH_KNOTS('',7,(#1119,#1120,#1121,#1122,#1123,
    #1124,#1125,#1126,#1127,#1128,#1129,#1130,#1131,#1132,#1133,#1134,
    #1135,#1136,#1137,#1138,#1139,#1140,#1141,#1142,#1143,#1144,#1145,
    #1146,#1147,#1148,#1149,#1150,#1151,#1152,#1153,#1154,#1155,#1156,
    #1157,#1158,#1159,#1160,#1161,#1162,#1163,#1164,#1165,#1166,#1167,
    #1168,#1169,#1170,#1171,#1172,#1173,#1174,#1175,#1176,#1177,#1178,
    #1179,#1180,#1181,#1182,#1183,#1184,#1185,#1186,#1187,#1188,#1189,
    #1190,#1191,#1192,#1193,#1194,#1195,#1196,#1197,#1198,#1199,#1200,
    #1201,#1202,#1203,#1204,#1205,#1206,#1207,#1208,#1209,#1210,#1211,
    #1212,#1213,#1214,#1215,#1216,#1217,#1218,#1219,#1220,#1221,#1222,
    #1223,#1224,#1225,#1226,#1227,#1228,#1229,#1230,#1231,#1232,#1233,
    #1234,#1235,#1236,#1237,#1238,#1239,#1240),.UNSPECIFIED.,.T.,.F.,(8,
    6,6,6,6,6,6,6,6,6,6,6,6,6,6,6,6,6,6,6,8),(0.,0.120239139863,
    0.162658482264,0.196202542558,0.249590527635,0.303408246819,
    0.336952525927,0.379372145038,0.412210220866,0.501275717942,
    0.565090560154,0.589753514013,0.622052340238,0.663966503699,
    0.697040293431,0.749551584045,0.802492616408,0.835566622349,
    0.877481059808,0.982910919781,1.),.UNSPECIFIED.);
#1119 = CARTESIAN_POINT('',(23.053024491129,25.457187547163,147.2));
#1120 = CARTESIAN_POINT('',(23.043861635996,25.44802469203,
    147.36177936661));
#1121 = CARTESIAN_POINT('',(23.048036117369,25.426799031972,
    147.52342073051));
#1122 = CARTESIAN_POINT('',(23.065571559098,25.393602596104,
    147.68388509941));
#1123 = CARTESIAN_POINT('',(23.0968223816,25.348188841685,
    147.84177923938));
#1124 = CARTESIAN_POINT('',(23.142248781933,25.290173804891,
    147.99529323781));
#1125 = CARTESIAN_POINT('',(23.202272149397,25.219150563109,
    148.14226216651));
#1126 = CARTESIAN_POINT('',(23.304170550778,25.104478289356,
    148.32844963969));
#1127 = CARTESIAN_POINT('',(23.332633512929,25.072879790828,
    148.37581471466));
#1128 = CARTESIAN_POINT('',(23.363005406576,25.039567325832,
    148.42185572404));
#1129 = CARTESIAN_POINT('',(23.395299817269,25.004526316401,
    148.46641702819));
#1130 = CARTESIAN_POINT('',(23.429520717735,24.967751433629,
    148.5093234223));
#1131 = CARTESIAN_POINT('',(23.465659095421,24.929249830523,
    148.55038248583));
#1132 = CARTESIAN_POINT('',(23.533763051171,24.857250995897,
    148.62023058501));
#1133 = CARTESIAN_POINT('',(23.565018016363,24.82439394611,
    148.64978764765));
#1134 = CARTESIAN_POINT('',(23.597439997351,24.790486605735,
    148.67795464026));
#1135 = CARTESIAN_POINT('',(23.631005013177,24.755551743026,
    148.70461933958));
#1136 = CARTESIAN_POINT('',(23.665677377858,24.719623753763,
    148.72966424308));
#1137 = CARTESIAN_POINT('',(23.701407498071,24.68275090076,
    148.75297003337));
#1138 = CARTESIAN_POINT('',(23.796575869451,24.584910159955,
    148.80855681177));
#1139 = CARTESIAN_POINT('',(23.857570234127,24.522556182085,
    148.83801210961));
#1140 = CARTESIAN_POINT('',(23.92079809847,24.458247354358,
    148.86226894224));
#1141 = CARTESIAN_POINT('',(23.985862666619,24.392374518429,
    148.88087662145));
#1142 = CARTESIAN_POINT('',(24.052282267615,24.325414935974,
    148.89347521466));
#1143 = CARTESIAN_POINT('',(24.119486476655,24.257937597826,
    148.89984756499));
#1144 = CARTESIAN_POINT('',(24.254677643576,24.122733494982,
    148.90014940809));
#1145 = CARTESIAN_POINT('',(24.322718343361,24.054957295403,
    148.89397844284));
#1146 = CARTESIAN_POINT('',(24.390251581817,23.98795967413,
    148.88147382672));
#1147 = CARTESIAN_POINT('',(24.456692901042,23.922326483573,
    148.86285416226));
#1148 = CARTESIAN_POINT('',(24.52155189037,23.858552641263,
    148.83848626784));
#1149 = CARTESIAN_POINT('',(24.584426895642,23.797045934143,
    148.80883137129));
#1150 = CARTESIAN_POINT('',(24.68275090076,23.701407498071,
    148.75297003337));
#1151 = CARTESIAN_POINT('',(24.719623753763,23.665677377858,
    148.72966424308));
#1152 = CARTESIAN_POINT('',(24.755551743026,23.631005013177,
    148.70461933958));
#1153 = CARTESIAN_POINT('',(24.790486605735,23.597439997351,
    148.67795464026));
#1154 = CARTESIAN_POINT('',(24.82439394611,23.565018016363,
    148.64978764765));
#1155 = CARTESIAN_POINT('',(24.857250995897,23.533763051171,
    148.62023058501));
#1156 = CARTESIAN_POINT('',(24.929249830523,23.465659095421,
    148.55038248583));
#1157 = CARTESIAN_POINT('',(24.967751433629,23.429520717735,
    148.5093234223));
#1158 = CARTESIAN_POINT('',(25.004526316401,23.395299817269,
    148.46641702819));
#1159 = CARTESIAN_POINT('',(25.039567325832,23.363005406576,
    148.42185572404));
#1160 = CARTESIAN_POINT('',(25.072879790828,23.332633512929,
    148.37581471466));
#1161 = CARTESIAN_POINT('',(25.104478289356,23.304170550778,
    148.32844963969));
#1162 = CARTESIAN_POINT('',(25.157533713096,23.257025214885,
    148.24230627686));
#1163 = CARTESIAN_POINT('',(25.179668093656,23.237586832128,
    148.20400689401));
#1164 = CARTESIAN_POINT('',(25.200795675871,23.219272739733,
    148.16505930142));
#1165 = CARTESIAN_POINT('',(25.220926190348,23.20207326302,
    148.1255220618));
#1166 = CARTESIAN_POINT('',(25.240069752267,23.185978131137,
    148.08544907425));
#1167 = CARTESIAN_POINT('',(25.25823663395,23.170976749364,
    148.04488957364));
#1168 = CARTESIAN_POINT('',(25.322089054854,23.11930844152,
    147.89268143261));
#1169 = CARTESIAN_POINT('',(25.361613420957,23.089540556984,
    147.77826681457));
#1170 = CARTESIAN_POINT('',(25.394245043153,23.067514557748,
    147.66148099965));
#1171 = CARTESIAN_POINT('',(25.42013146031,23.053061926013,
    147.54304946375));
#1172 = CARTESIAN_POINT('',(25.43937335723,23.046045771449,
    147.42361094951));
#1173 = CARTESIAN_POINT('',(25.452024101209,23.046363618571,
    147.30373001337));
#1174 = CARTESIAN_POINT('',(25.462364599937,23.059459566841,
    147.09803847356));
#1175 = CARTESIAN_POINT('',(25.463277805551,23.068677849716,
    147.01223039898));
#1176 = CARTESIAN_POINT('',(25.46077820005,23.081634617195,
    146.92666634945));
#1177 = CARTESIAN_POINT('',(25.454834084477,23.09833224622,
    146.84155227665));
#1178 = CARTESIAN_POINT('',(25.445396860867,23.118783134351,
    146.75710804428));
#1179 = CARTESIAN_POINT('',(25.432400482785,23.143009560021,
    146.67356955746));
#1180 = CARTESIAN_POINT('',(25.409322287426,23.181885712889,
    146.55935511708));
#1181 = CARTESIAN_POINT('',(25.402344520061,23.19329149783,
    146.52769266491));
#1182 = CARTESIAN_POINT('',(25.394816952811,23.205268386629,
    146.49621998659));
#1183 = CARTESIAN_POINT('',(25.386734217325,23.217818395596,
    146.46495328941));
#1184 = CARTESIAN_POINT('',(25.378090595916,23.230943612671,
    146.43390973801));
#1185 = CARTESIAN_POINT('',(25.368880021561,23.244646197428,
    146.40310745433));
#1186 = CARTESIAN_POINT('',(25.346282937282,23.277632457231,
    146.33256752264));
#1187 = CARTESIAN_POINT('',(25.332486738908,23.297330152099,
    146.29301668887));
#1188 = CARTESIAN_POINT('',(25.31769271231,23.318026922014,
    146.25395545749));
#1189 = CARTESIAN_POINT('',(25.30188582838,23.339727327422,
    146.21543070048));
#1190 = CARTESIAN_POINT('',(25.285050799376,23.362435032871,
    146.17749372067));
#1191 = CARTESIAN_POINT('',(25.26717207892,23.386152807013,
    146.14020025168));
#1192 = CARTESIAN_POINT('',(25.223657751578,23.442974256651,
    146.05612790916));
#1193 = CARTESIAN_POINT('',(25.197299163007,23.47676783356,
    146.00983351823));
#1194 = CARTESIAN_POINT('',(25.169123410194,23.512267866722,
    145.96485623374));
#1195 = CARTESIAN_POINT('',(25.13909930153,23.549470531803,
    145.92134636082));
#1196 = CARTESIAN_POINT('',(25.107202508757,23.588360583977,
    145.87947327909));
#1197 = CARTESIAN_POINT('',(25.073418935836,23.628908375155,
    145.83942316052));
#1198 = CARTESIAN_POINT('',(25.0096007975,23.704333459882,
    145.77139061128));
#1199 = CARTESIAN_POINT('',(24.980279981915,23.738601068513,
    145.74264633161));
#1200 = CARTESIAN_POINT('',(24.949787326484,23.773844577101,
    145.71526338621));
#1201 = CARTESIAN_POINT('',(24.918132701702,23.810028696714,
    145.68934982414));
#1202 = CARTESIAN_POINT('',(24.885336709743,23.847106207487,
    145.66501884489));
#1203 = CARTESIAN_POINT('',(24.851433231071,23.885016196613,
    145.64238543764));
#1204 = CARTESIAN_POINT('',(24.760963941878,23.985072503342,
    145.5885032469));
#1205 = CARTESIAN_POINT('',(24.702756729108,24.048404988675,
    145.55998868581));
#1206 = CARTESIAN_POINT('',(24.642095514522,24.113321221959,
    145.53651283211));
#1207 = CARTESIAN_POINT('',(24.579308641456,24.179390755681,
    145.51850734096));
#1208 = CARTESIAN_POINT('',(24.514817513979,24.246110988708,
    145.50631705438));
#1209 = CARTESIAN_POINT('',(24.449147428048,24.312908779442,
    145.50014996521));
#1210 = CARTESIAN_POINT('',(24.316189407648,24.445921092603,
    145.49985306168));
#1211 = CARTESIAN_POINT('',(24.248842544585,24.512176475328,
    145.50582206371));
#1212 = CARTESIAN_POINT('',(24.181555432833,24.577251084198,
    145.51791984662));
#1213 = CARTESIAN_POINT('',(24.114916497439,24.640604617149,
    145.5359370132));
#1214 = CARTESIAN_POINT('',(24.049442067072,24.701803533967,
    145.55952200985));
#1215 = CARTESIAN_POINT('',(23.985574503744,24.760510041258,
    145.5882329103));
#1216 = CARTESIAN_POINT('',(23.885016196613,24.851433231071,
    145.64238543764));
#1217 = CARTESIAN_POINT('',(23.847106207487,24.885336709743,
    145.66501884489));
#1218 = CARTESIAN_POINT('',(23.810028696714,24.918132701703,
    145.68934982414));
#1219 = CARTESIAN_POINT('',(23.773844577101,24.949787326484,
    145.71526338621));
#1220 = CARTESIAN_POINT('',(23.738601068512,24.980279981915,
    145.74264633161));
#1221 = CARTESIAN_POINT('',(23.704333459881,25.0096007975,
    145.77139061128));
#1222 = CARTESIAN_POINT('',(23.628908375155,25.073418935836,
    145.83942316052));
#1223 = CARTESIAN_POINT('',(23.588360583977,25.107202508757,
    145.87947327909));
#1224 = CARTESIAN_POINT('',(23.549470531803,25.13909930153,
    145.92134636082));
#1225 = CARTESIAN_POINT('',(23.512267866722,25.169123410194,
    145.96485623374));
#1226 = CARTESIAN_POINT('',(23.47676783356,25.197299163007,
    146.00983351823));
#1227 = CARTESIAN_POINT('',(23.442974256651,25.223657751578,
    146.05612790916));
#1228 = CARTESIAN_POINT('',(23.330160288626,25.310051603982,
    146.22304611736));
#1229 = CARTESIAN_POINT('',(23.260296229214,25.360522485863,
    146.3498644164));
#1230 = CARTESIAN_POINT('',(23.201064515145,25.400328307036,
    146.48214721281));
#1231 = CARTESIAN_POINT('',(23.152339629145,25.429938267478,
    146.61836482936));
#1232 = CARTESIAN_POINT('',(23.113953648285,25.449774400867,
    146.75724006091));
#1233 = CARTESIAN_POINT('',(23.085767564383,25.46014944015,
    146.89777169594));
#1234 = CARTESIAN_POINT('',(23.064871389179,25.461337611225,
    147.06214070135));
#1235 = CARTESIAN_POINT('',(23.062225259969,25.461257588796,
    147.08508800556));
#1236 = CARTESIAN_POINT('',(23.059847626408,25.460932378952,
    147.10805226714));
#1237 = CARTESIAN_POINT('',(23.057738559452,25.460362447939,
    147.13102952978));
#1238 = CARTESIAN_POINT('',(23.055898198279,25.459548165791,
    147.15401585309));
#1239 = CARTESIAN_POINT('',(23.054326750295,25.45848980633,
    147.17700731266));
#1240 = CARTESIAN_POINT('',(23.053024491129,25.457187547163,147.2));
#1241 = FACE_BOUND('',#1242,.F.);
#1242 = EDGE_LOOP('',(#1243));
#1243 = ORIENTED_EDGE('',*,*,#1244,.F.);
#1244 = EDGE_CURVE('',#1245,#1245,#1247,.T.);
#1245 = VERTEX_POINT('',#1246);
#1246 = CARTESIAN_POINT('',(-23.05302449112,-25.45718754716,147.2));
#1247 = B_SPLINE_CURVE_WITH_KNOTS('',7,(#1248,#1249,#1250,#1251,#1252,
    #1253,#1254,#1255,#1256,#1257,#1258,#1259,#1260,#1261,#1262,#1263,
    #1264,#1265,#1266,#1267,#1268,#1269,#1270,#1271,#1272,#1273,#1274,
    #1275,#1276,#1277,#1278,#1279,#1280,#1281,#1282,#1283,#1284,#1285,
    #1286,#1287,#1288,#1289,#1290,#1291,#1292,#1293,#1294,#1295,#1296,
    #1297,#1298,#1299,#1300,#1301,#1302,#1303,#1304,#1305,#1306,#1307,
    #1308,#1309,#1310,#1311,#1312,#1313,#1314,#1315,#1316,#1317,#1318,
    #1319,#1320,#1321,#1322,#1323,#1324,#1325,#1326,#1327,#1328,#1329,
    #1330,#1331,#1332,#1333,#1334,#1335,#1336,#1337,#1338,#1339,#1340,
    #1341,#1342,#1343,#1344,#1345,#1346,#1347,#1348,#1349,#1350,#1351,
    #1352,#1353,#1354,#1355,#1356,#1357,#1358,#1359,#1360,#1361,#1362,
    #1363,#1364,#1365,#1366,#1367,#1368,#1369),.UNSPECIFIED.,.T.,.F.,(8,
    6,6,6,6,6,6,6,6,6,6,6,6,6,6,6,6,6,6,6,8),(0.,0.120239139863,
    0.162658482264,0.196202542558,0.249590527635,0.303408246819,
    0.336952525927,0.379372145038,0.412210220866,0.501275717942,
    0.565090560153,0.589753514013,0.622052340238,0.663966503698,
    0.697040293431,0.749551584044,0.802492616408,0.835566622348,
    0.877481059807,0.982910919781,1.),.UNSPECIFIED.);
#1248 = CARTESIAN_POINT('',(-23.05302449112,-25.45718754716,147.2));
#1249 = CARTESIAN_POINT('',(-23.04386163599,-25.44802469203,
    147.36177936661));
#1250 = CARTESIAN_POINT('',(-23.04803611736,-25.42679903197,
    147.52342073051));
#1251 = CARTESIAN_POINT('',(-23.06557155909,-25.3936025961,
    147.68388509941));
#1252 = CARTESIAN_POINT('',(-23.0968223816,-25.34818884168,
    147.84177923938));
#1253 = CARTESIAN_POINT('',(-23.14224878193,-25.29017380489,
    147.99529323781));
#1254 = CARTESIAN_POINT('',(-23.20227214939,-25.2191505631,
    148.14226216651));
#1255 = CARTESIAN_POINT('',(-23.30417055077,-25.10447828935,
    148.32844963969));
#1256 = CARTESIAN_POINT('',(-23.33263351292,-25.07287979082,
    148.37581471466));
#1257 = CARTESIAN_POINT('',(-23.36300540657,-25.03956732583,
    148.42185572404));
#1258 = CARTESIAN_POINT('',(-23.39529981726,-25.0045263164,
    148.46641702819));
#1259 = CARTESIAN_POINT('',(-23.42952071773,-24.96775143362,
    148.5093234223));
#1260 = CARTESIAN_POINT('',(-23.46565909542,-24.92924983052,
    148.55038248583));
#1261 = CARTESIAN_POINT('',(-23.53376305117,-24.85725099589,
    148.62023058501));
#1262 = CARTESIAN_POINT('',(-23.56501801636,-24.82439394611,
    148.64978764765));
#1263 = CARTESIAN_POINT('',(-23.59743999735,-24.79048660573,
    148.67795464026));
#1264 = CARTESIAN_POINT('',(-23.63100501317,-24.75555174302,
    148.70461933958));
#1265 = CARTESIAN_POINT('',(-23.66567737785,-24.71962375376,
    148.72966424308));
#1266 = CARTESIAN_POINT('',(-23.70140749807,-24.68275090076,
    148.75297003337));
#1267 = CARTESIAN_POINT('',(-23.79657586945,-24.58491015995,
    148.80855681177));
#1268 = CARTESIAN_POINT('',(-23.85757023412,-24.52255618208,
    148.83801210961));
#1269 = CARTESIAN_POINT('',(-23.92079809847,-24.45824735435,
    148.86226894224));
#1270 = CARTESIAN_POINT('',(-23.98586266661,-24.39237451842,
    148.88087662145));
#1271 = CARTESIAN_POINT('',(-24.05228226761,-24.32541493597,
    148.89347521466));
#1272 = CARTESIAN_POINT('',(-24.11948647665,-24.25793759782,
    148.89984756499));
#1273 = CARTESIAN_POINT('',(-24.25467764357,-24.12273349498,
    148.90014940809));
#1274 = CARTESIAN_POINT('',(-24.32271834336,-24.0549572954,
    148.89397844284));
#1275 = CARTESIAN_POINT('',(-24.39025158181,-23.98795967413,
    148.88147382672));
#1276 = CARTESIAN_POINT('',(-24.45669290104,-23.92232648357,
    148.86285416226));
#1277 = CARTESIAN_POINT('',(-24.52155189037,-23.85855264126,
    148.83848626784));
#1278 = CARTESIAN_POINT('',(-24.58442689564,-23.79704593414,
    148.80883137129));
#1279 = CARTESIAN_POINT('',(-24.68275090076,-23.70140749807,
    148.75297003337));
#1280 = CARTESIAN_POINT('',(-24.71962375376,-23.66567737785,
    148.72966424308));
#1281 = CARTESIAN_POINT('',(-24.75555174302,-23.63100501317,
    148.70461933958));
#1282 = CARTESIAN_POINT('',(-24.79048660573,-23.59743999735,
    148.67795464026));
#1283 = CARTESIAN_POINT('',(-24.82439394611,-23.56501801636,
    148.64978764765));
#1284 = CARTESIAN_POINT('',(-24.85725099589,-23.53376305117,
    148.62023058501));
#1285 = CARTESIAN_POINT('',(-24.92924983052,-23.46565909542,
    148.55038248583));
#1286 = CARTESIAN_POINT('',(-24.96775143362,-23.42952071773,
    148.5093234223));
#1287 = CARTESIAN_POINT('',(-25.0045263164,-23.39529981726,
    148.46641702819));
#1288 = CARTESIAN_POINT('',(-25.03956732583,-23.36300540657,
    148.42185572404));
#1289 = CARTESIAN_POINT('',(-25.07287979082,-23.33263351292,
    148.37581471466));
#1290 = CARTESIAN_POINT('',(-25.10447828935,-23.30417055077,
    148.32844963969));
#1291 = CARTESIAN_POINT('',(-25.15753371309,-23.25702521488,
    148.24230627686));
#1292 = CARTESIAN_POINT('',(-25.17966809365,-23.23758683212,
    148.20400689401));
#1293 = CARTESIAN_POINT('',(-25.20079567587,-23.21927273973,
    148.16505930142));
#1294 = CARTESIAN_POINT('',(-25.22092619034,-23.20207326302,
    148.1255220618));
#1295 = CARTESIAN_POINT('',(-25.24006975226,-23.18597813113,
    148.08544907425));
#1296 = CARTESIAN_POINT('',(-25.25823663395,-23.17097674936,
    148.04488957364));
#1297 = CARTESIAN_POINT('',(-25.32208905485,-23.11930844152,
    147.89268143261));
#1298 = CARTESIAN_POINT('',(-25.36161342095,-23.08954055698,
    147.77826681457));
#1299 = CARTESIAN_POINT('',(-25.39424504315,-23.06751455774,
    147.66148099964));
#1300 = CARTESIAN_POINT('',(-25.42013146031,-23.05306192601,
    147.54304946375));
#1301 = CARTESIAN_POINT('',(-25.43937335723,-23.04604577144,
    147.42361094951));
#1302 = CARTESIAN_POINT('',(-25.4520241012,-23.04636361857,
    147.30373001337));
#1303 = CARTESIAN_POINT('',(-25.46236459993,-23.05945956684,
    147.09803847356));
#1304 = CARTESIAN_POINT('',(-25.46327780555,-23.06867784971,
    147.01223039898));
#1305 = CARTESIAN_POINT('',(-25.46077820005,-23.08163461719,
    146.92666634945));
#1306 = CARTESIAN_POINT('',(-25.45483408447,-23.09833224622,
    146.84155227665));
#1307 = CARTESIAN_POINT('',(-25.44539686086,-23.11878313435,
    146.75710804428));
#1308 = CARTESIAN_POINT('',(-25.43240048278,-23.14300956002,
    146.67356955746));
#1309 = CARTESIAN_POINT('',(-25.40932228742,-23.18188571288,
    146.55935511708));
#1310 = CARTESIAN_POINT('',(-25.40234452006,-23.19329149783,
    146.52769266491));
#1311 = CARTESIAN_POINT('',(-25.39481695281,-23.20526838662,
    146.49621998659));
#1312 = CARTESIAN_POINT('',(-25.38673421732,-23.21781839559,
    146.46495328941));
#1313 = CARTESIAN_POINT('',(-25.37809059591,-23.23094361267,
    146.43390973801));
#1314 = CARTESIAN_POINT('',(-25.36888002156,-23.24464619742,
    146.40310745433));
#1315 = CARTESIAN_POINT('',(-25.34628293728,-23.27763245723,
    146.33256752264));
#1316 = CARTESIAN_POINT('',(-25.3324867389,-23.29733015209,
    146.29301668887));
#1317 = CARTESIAN_POINT('',(-25.31769271231,-23.31802692201,
    146.25395545749));
#1318 = CARTESIAN_POINT('',(-25.30188582838,-23.33972732742,
    146.21543070048));
#1319 = CARTESIAN_POINT('',(-25.28505079937,-23.36243503287,
    146.17749372067));
#1320 = CARTESIAN_POINT('',(-25.26717207892,-23.38615280701,
    146.14020025168));
#1321 = CARTESIAN_POINT('',(-25.22365775157,-23.44297425665,
    146.05612790916));
#1322 = CARTESIAN_POINT('',(-25.197299163,-23.47676783356,
    146.00983351823));
#1323 = CARTESIAN_POINT('',(-25.16912341019,-23.51226786672,
    145.96485623374));
#1324 = CARTESIAN_POINT('',(-25.13909930153,-23.5494705318,
    145.92134636082));
#1325 = CARTESIAN_POINT('',(-25.10720250875,-23.58836058397,
    145.87947327909));
#1326 = CARTESIAN_POINT('',(-25.07341893583,-23.62890837515,
    145.83942316052));
#1327 = CARTESIAN_POINT('',(-25.0096007975,-23.70433345988,
    145.77139061128));
#1328 = CARTESIAN_POINT('',(-24.98027998191,-23.73860106851,
    145.74264633161));
#1329 = CARTESIAN_POINT('',(-24.94978732648,-23.7738445771,
    145.71526338621));
#1330 = CARTESIAN_POINT('',(-24.9181327017,-23.81002869671,
    145.68934982414));
#1331 = CARTESIAN_POINT('',(-24.88533670974,-23.84710620748,
    145.66501884489));
#1332 = CARTESIAN_POINT('',(-24.85143323107,-23.88501619661,
    145.64238543764));
#1333 = CARTESIAN_POINT('',(-24.76096394187,-23.98507250334,
    145.5885032469));
#1334 = CARTESIAN_POINT('',(-24.7027567291,-24.04840498867,
    145.55998868581));
#1335 = CARTESIAN_POINT('',(-24.64209551452,-24.11332122195,
    145.53651283211));
#1336 = CARTESIAN_POINT('',(-24.57930864145,-24.17939075568,
    145.51850734096));
#1337 = CARTESIAN_POINT('',(-24.51481751397,-24.2461109887,
    145.50631705438));
#1338 = CARTESIAN_POINT('',(-24.44914742804,-24.31290877944,
    145.50014996521));
#1339 = CARTESIAN_POINT('',(-24.31618940764,-24.4459210926,
    145.49985306168));
#1340 = CARTESIAN_POINT('',(-24.24884254458,-24.51217647532,
    145.50582206371));
#1341 = CARTESIAN_POINT('',(-24.18155543283,-24.57725108419,
    145.51791984662));
#1342 = CARTESIAN_POINT('',(-24.11491649743,-24.64060461714,
    145.5359370132));
#1343 = CARTESIAN_POINT('',(-24.04944206707,-24.70180353396,
    145.55952200985));
#1344 = CARTESIAN_POINT('',(-23.98557450374,-24.76051004125,
    145.5882329103));
#1345 = CARTESIAN_POINT('',(-23.88501619661,-24.85143323107,
    145.64238543764));
#1346 = CARTESIAN_POINT('',(-23.84710620748,-24.88533670974,
    145.66501884489));
#1347 = CARTESIAN_POINT('',(-23.81002869671,-24.9181327017,
    145.68934982414));
#1348 = CARTESIAN_POINT('',(-23.7738445771,-24.94978732648,
    145.71526338621));
#1349 = CARTESIAN_POINT('',(-23.73860106851,-24.98027998191,
    145.74264633161));
#1350 = CARTESIAN_POINT('',(-23.70433345988,-25.0096007975,
    145.77139061128));
#1351 = CARTESIAN_POINT('',(-23.62890837515,-25.07341893583,
    145.83942316052));
#1352 = CARTESIAN_POINT('',(-23.58836058397,-25.10720250875,
    145.87947327909));
#1353 = CARTESIAN_POINT('',(-23.5494705318,-25.13909930153,
    145.92134636082));
#1354 = CARTESIAN_POINT('',(-23.51226786672,-25.16912341019,
    145.96485623374));
#1355 = CARTESIAN_POINT('',(-23.47676783356,-25.197299163,
    146.00983351823));
#1356 = CARTESIAN_POINT('',(-23.44297425665,-25.22365775157,
    146.05612790916));
#1357 = CARTESIAN_POINT('',(-23.33016028862,-25.31005160398,
    146.22304611736));
#1358 = CARTESIAN_POINT('',(-23.26029622921,-25.36052248586,
    146.3498644164));
#1359 = CARTESIAN_POINT('',(-23.20106451514,-25.40032830703,
    146.48214721281));
#1360 = CARTESIAN_POINT('',(-23.15233962914,-25.42993826747,
    146.61836482936));
#1361 = CARTESIAN_POINT('',(-23.11395364828,-25.44977440086,
    146.75724006091));
#1362 = CARTESIAN_POINT('',(-23.08576756438,-25.46014944015,
    146.89777169594));
#1363 = CARTESIAN_POINT('',(-23.06487138917,-25.46133761122,
    147.06214070135));
#1364 = CARTESIAN_POINT('',(-23.06222525996,-25.46125758879,
    147.08508800556));
#1365 = CARTESIAN_POINT('',(-23.0598476264,-25.46093237895,
    147.10805226714));
#1366 = CARTESIAN_POINT('',(-23.05773855945,-25.46036244793,
    147.13102952978));
#1367 = CARTESIAN_POINT('',(-23.05589819827,-25.45954816579,
    147.15401585309));
#1368 = CARTESIAN_POINT('',(-23.05432675029,-25.45848980633,
    147.17700731266));
#1369 = CARTESIAN_POINT('',(-23.05302449112,-25.45718754716,147.2));
#1370 = CONICAL_SURFACE('',#1371,34.568,7.982998571224E-02);
#1371 = AXIS2_PLACEMENT_3D('',#1372,#1373,#1374);
#1372 = CARTESIAN_POINT('',(0.,0.,144.4));
#1373 = DIRECTION('',(-0.,-0.,-1.));
#1374 = DIRECTION('',(1.,0.,0.));
#1375 = ADVANCED_FACE('',(#1376),#1402,.T.);
#1376 = FACE_BOUND('',#1377,.T.);
#1377 = EDGE_LOOP('',(#1378,#1386,#1387,#1395));
#1378 = ORIENTED_EDGE('',*,*,#1379,.F.);
#1379 = EDGE_CURVE('',#51,#1380,#1382,.T.);
#1380 = VERTEX_POINT('',#1381);
#1381 = CARTESIAN_POINT('',(29.,0.,192.));
#1382 = LINE('',#1383,#1384);
#1383 = CARTESIAN_POINT('',(35.8,0.,159.));
#1384 = VECTOR('',#1385,1.);
#1385 = DIRECTION('',(-0.201820403534,0.,0.979422546564));
#1386 = ORIENTED_EDGE('',*,*,#330,.T.);
#1387 = ORIENTED_EDGE('',*,*,#1388,.F.);
#1388 = EDGE_CURVE('',#1389,#323,#1391,.T.);
#1389 = VERTEX_POINT('',#1390);
#1390 = CARTESIAN_POINT('',(24.922785933542,14.827499496235,192.));
#1391 = LINE('',#1392,#1393);
#1392 = CARTESIAN_POINT('',(0.,0.,332.73529411764));
#1393 = VECTOR('',#1394,1.);
#1394 = DIRECTION('',(0.173445748769,0.103189376956,-0.979422546564));
#1395 = ORIENTED_EDGE('',*,*,#1396,.F.);
#1396 = EDGE_CURVE('',#1380,#1389,#1397,.T.);
#1397 = CIRCLE('',#1398,29.);
#1398 = AXIS2_PLACEMENT_3D('',#1399,#1400,#1401);
#1399 = CARTESIAN_POINT('',(0.,0.,192.));
#1400 = DIRECTION('',(0.,0.,1.));
#1401 = DIRECTION('',(1.,0.,0.));
#1402 = CONICAL_SURFACE('',#1403,35.8,0.203216215884);
#1403 = AXIS2_PLACEMENT_3D('',#1404,#1405,#1406);
#1404 = CARTESIAN_POINT('',(0.,0.,159.));
#1405 = DIRECTION('',(-0.,-0.,-1.));
#1406 = DIRECTION('',(1.,0.,0.));
#1407 = ADVANCED_FACE('',(#1408),#1458,.T.);
#1408 = FACE_BOUND('',#1409,.T.);
#1409 = EDGE_LOOP('',(#1410,#1418,#1426,#1434,#1442,#1450,#1456,#1457));
#1410 = ORIENTED_EDGE('',*,*,#1411,.T.);
#1411 = EDGE_CURVE('',#314,#1412,#1414,.T.);
#1412 = VERTEX_POINT('',#1413);
#1413 = CARTESIAN_POINT('',(30.792531724097,18.319631274141,153.));
#1414 = LINE('',#1415,#1416);
#1415 = CARTESIAN_POINT('',(32.898077432276,19.57229933503,153.));
#1416 = VECTOR('',#1417,1.);
#1417 = DIRECTION('',(-0.859406411501,-0.511293086077,0.));
#1418 = ORIENTED_EDGE('',*,*,#1419,.T.);
#1419 = EDGE_CURVE('',#1412,#1420,#1422,.T.);
#1420 = VERTEX_POINT('',#1421);
#1421 = CARTESIAN_POINT('',(30.380016646576,18.074210592824,159.));
#1422 = LINE('',#1423,#1424);
#1423 = CARTESIAN_POINT('',(30.792531724097,18.319631274141,153.));
#1424 = VECTOR('',#1425,1.);
#1425 = DIRECTION('',(-6.853355531652E-02,-4.077318080092E-02,
    0.996815278536));
#1426 = ORIENTED_EDGE('',*,*,#1427,.T.);
#1427 = EDGE_CURVE('',#1420,#1428,#1430,.T.);
#1428 = VERTEX_POINT('',#1429);
#1429 = CARTESIAN_POINT('',(24.536053048366,14.5974176075,192.));
#1430 = LINE('',#1431,#1432);
#1431 = CARTESIAN_POINT('',(30.380016646576,18.074210592824,159.));
#1432 = VECTOR('',#1433,1.);
#1433 = DIRECTION('',(-0.173445748769,-0.103189376956,0.979422546564));
#1434 = ORIENTED_EDGE('',*,*,#1435,.T.);
#1435 = EDGE_CURVE('',#1428,#1436,#1438,.T.);
#1436 = VERTEX_POINT('',#1437);
#1437 = CARTESIAN_POINT('',(24.094072608166,14.334466877517,195.));
#1438 = LINE('',#1439,#1440);
#1439 = CARTESIAN_POINT('',(24.536053048366,14.5974176075,192.));
#1440 = VECTOR('',#1441,1.);
#1441 = DIRECTION('',(-0.145208586018,-8.639003046338E-02,0.985622254813
    ));
#1442 = ORIENTED_EDGE('',*,*,#1443,.T.);
#1443 = EDGE_CURVE('',#1436,#1444,#1446,.T.);
#1444 = VERTEX_POINT('',#1445);
#1445 = CARTESIAN_POINT('',(24.480805493341,14.564548766252,195.));
#1446 = LINE('',#1447,#1448);
#1447 = CARTESIAN_POINT('',(24.094072608166,14.334466877517,195.));
#1448 = VECTOR('',#1449,1.);
#1449 = DIRECTION('',(0.859406411501,0.511293086077,0.));
#1450 = ORIENTED_EDGE('',*,*,#1451,.T.);
#1451 = EDGE_CURVE('',#1444,#1389,#1452,.T.);
#1452 = LINE('',#1453,#1454);
#1453 = CARTESIAN_POINT('',(0.,0.,361.16666666666));
#1454 = VECTOR('',#1455,1.);
#1455 = DIRECTION('',(0.145208586018,8.639003046338E-02,-0.985622254813)
  );
#1456 = ORIENTED_EDGE('',*,*,#1388,.T.);
#1457 = ORIENTED_EDGE('',*,*,#322,.T.);
#1458 = PLANE('',#1459);
#1459 = AXIS2_PLACEMENT_3D('',#1460,#1461,#1462);
#1460 = CARTESIAN_POINT('',(28.714913245302,17.083578168768,
    174.034249751));
#1461 = DIRECTION('',(-0.511293086077,0.859406411501,0.));
#1462 = DIRECTION('',(0.,0.,1.));
#1463 = ADVANCED_FACE('',(#1464),#1483,.T.);
#1464 = FACE_BOUND('',#1465,.T.);
#1465 = EDGE_LOOP('',(#1466,#1467,#1468,#1476));
#1466 = ORIENTED_EDGE('',*,*,#1411,.F.);
#1467 = ORIENTED_EDGE('',*,*,#313,.T.);
#1468 = ORIENTED_EDGE('',*,*,#1469,.T.);
#1469 = EDGE_CURVE('',#306,#1470,#1472,.T.);
#1470 = VERTEX_POINT('',#1471);
#1471 = CARTESIAN_POINT('',(29.964132964025,19.645346413699,153.));
#1472 = LINE('',#1473,#1474);
#1473 = CARTESIAN_POINT('',(32.013034045852,20.988664826022,153.));
#1474 = VECTOR('',#1475,1.);
#1475 = DIRECTION('',(-0.836286155848,-0.54829322952,0.));
#1476 = ORIENTED_EDGE('',*,*,#1477,.F.);
#1477 = EDGE_CURVE('',#1412,#1470,#1478,.T.);
#1478 = CIRCLE('',#1479,35.83);
#1479 = AXIS2_PLACEMENT_3D('',#1480,#1481,#1482);
#1480 = CARTESIAN_POINT('',(0.,0.,153.));
#1481 = DIRECTION('',(0.,-0.,1.));
#1482 = DIRECTION('',(0.859406411501,0.511293086077,0.));
#1483 = PLANE('',#1484);
#1484 = AXIS2_PLACEMENT_3D('',#1485,#1486,#1487);
#1485 = CARTESIAN_POINT('',(0.,0.,153.));
#1486 = DIRECTION('',(0.,0.,1.));
#1487 = DIRECTION('',(0.859406411501,0.511293086077,0.));
#1488 = ADVANCED_FACE('',(#1489),#1539,.F.);
#1489 = FACE_BOUND('',#1490,.F.);
#1490 = EDGE_LOOP('',(#1491,#1492,#1500,#1508,#1516,#1524,#1532,#1538));
#1491 = ORIENTED_EDGE('',*,*,#1469,.T.);
#1492 = ORIENTED_EDGE('',*,*,#1493,.T.);
#1493 = EDGE_CURVE('',#1470,#1494,#1496,.T.);
#1494 = VERTEX_POINT('',#1495);
#1495 = CARTESIAN_POINT('',(29.562715609218,19.382165663529,159.));
#1496 = LINE('',#1497,#1498);
#1497 = CARTESIAN_POINT('',(29.964132964025,19.645346413699,153.));
#1498 = VECTOR('',#1499,1.);
#1499 = DIRECTION('',(-6.668982539018E-02,-4.372376546427E-02,
    0.996815278536));
#1500 = ORIENTED_EDGE('',*,*,#1501,.T.);
#1501 = EDGE_CURVE('',#1494,#1502,#1504,.T.);
#1502 = VERTEX_POINT('',#1503);
#1503 = CARTESIAN_POINT('',(23.875969749454,15.653771702794,192.));
#1504 = LINE('',#1505,#1506);
#1505 = CARTESIAN_POINT('',(29.562715609218,19.382165663529,159.));
#1506 = VECTOR('',#1507,1.);
#1507 = DIRECTION('',(-0.168779609443,-0.110656760837,0.979422546564));
#1508 = ORIENTED_EDGE('',*,*,#1509,.T.);
#1509 = EDGE_CURVE('',#1502,#1510,#1512,.T.);
#1510 = VERTEX_POINT('',#1511);
#1511 = CARTESIAN_POINT('',(23.445879726446,15.371792327612,195.));
#1512 = LINE('',#1513,#1514);
#1513 = CARTESIAN_POINT('',(23.875969749454,15.653771702794,192.));
#1514 = VECTOR('',#1515,1.);
#1515 = DIRECTION('',(-0.141302099416,-9.264171585913E-02,0.985622254813
    ));
#1516 = ORIENTED_EDGE('',*,*,#1517,.T.);
#1517 = EDGE_CURVE('',#1510,#1518,#1520,.T.);
#1518 = VERTEX_POINT('',#1519);
#1519 = CARTESIAN_POINT('',(23.822208496578,15.618524280896,195.));
#1520 = LINE('',#1521,#1522);
#1521 = CARTESIAN_POINT('',(23.445879726446,15.371792327612,195.));
#1522 = VECTOR('',#1523,1.);
#1523 = DIRECTION('',(0.836286155848,0.54829322952,0.));
#1524 = ORIENTED_EDGE('',*,*,#1525,.T.);
#1525 = EDGE_CURVE('',#1518,#1526,#1528,.T.);
#1526 = VERTEX_POINT('',#1527);
#1527 = CARTESIAN_POINT('',(24.252298519585,15.900503656077,192.));
#1528 = LINE('',#1529,#1530);
#1529 = CARTESIAN_POINT('',(0.,0.,361.16666666666));
#1530 = VECTOR('',#1531,1.);
#1531 = DIRECTION('',(0.141302099416,9.264171585913E-02,-0.985622254813)
  );
#1532 = ORIENTED_EDGE('',*,*,#1533,.T.);
#1533 = EDGE_CURVE('',#1526,#297,#1534,.T.);
#1534 = LINE('',#1535,#1536);
#1535 = CARTESIAN_POINT('',(0.,0.,332.73529411764));
#1536 = VECTOR('',#1537,1.);
#1537 = DIRECTION('',(0.168779609443,0.110656760837,-0.979422546564));
#1538 = ORIENTED_EDGE('',*,*,#305,.T.);
#1539 = PLANE('',#1540);
#1540 = AXIS2_PLACEMENT_3D('',#1541,#1542,#1543);
#1541 = CARTESIAN_POINT('',(27.942407796867,18.319845311771,
    174.034249751));
#1542 = DIRECTION('',(-0.54829322952,0.836286155848,0.));
#1543 = DIRECTION('',(0.,0.,1.));
#1544 = ADVANCED_FACE('',(#1545),#1564,.T.);
#1545 = FACE_BOUND('',#1546,.T.);
#1546 = EDGE_LOOP('',(#1547,#1548,#1549,#1557));
#1547 = ORIENTED_EDGE('',*,*,#1533,.T.);
#1548 = ORIENTED_EDGE('',*,*,#296,.T.);
#1549 = ORIENTED_EDGE('',*,*,#1550,.F.);
#1550 = EDGE_CURVE('',#1551,#289,#1553,.T.);
#1551 = VERTEX_POINT('',#1552);
#1552 = CARTESIAN_POINT('',(15.900503656078,24.252298519585,192.));
#1553 = LINE('',#1554,#1555);
#1554 = CARTESIAN_POINT('',(0.,0.,332.73529411764));
#1555 = VECTOR('',#1556,1.);
#1556 = DIRECTION('',(0.110656760837,0.168779609443,-0.979422546564));
#1557 = ORIENTED_EDGE('',*,*,#1558,.F.);
#1558 = EDGE_CURVE('',#1526,#1551,#1559,.T.);
#1559 = CIRCLE('',#1560,29.);
#1560 = AXIS2_PLACEMENT_3D('',#1561,#1562,#1563);
#1561 = CARTESIAN_POINT('',(0.,0.,192.));
#1562 = DIRECTION('',(0.,0.,1.));
#1563 = DIRECTION('',(1.,0.,0.));
#1564 = CONICAL_SURFACE('',#1565,35.8,0.203216215884);
#1565 = AXIS2_PLACEMENT_3D('',#1566,#1567,#1568);
#1566 = CARTESIAN_POINT('',(0.,0.,159.));
#1567 = DIRECTION('',(-0.,-0.,-1.));
#1568 = DIRECTION('',(1.,0.,0.));
#1569 = ADVANCED_FACE('',(#1570),#1620,.T.);
#1570 = FACE_BOUND('',#1571,.T.);
#1571 = EDGE_LOOP('',(#1572,#1580,#1588,#1596,#1604,#1612,#1618,#1619));
#1572 = ORIENTED_EDGE('',*,*,#1573,.T.);
#1573 = EDGE_CURVE('',#280,#1574,#1576,.T.);
#1574 = VERTEX_POINT('',#1575);
#1575 = CARTESIAN_POINT('',(19.645346413699,29.964132964025,153.));
#1576 = LINE('',#1577,#1578);
#1577 = CARTESIAN_POINT('',(20.988664826022,32.013034045852,153.));
#1578 = VECTOR('',#1579,1.);
#1579 = DIRECTION('',(-0.54829322952,-0.836286155848,0.));
#1580 = ORIENTED_EDGE('',*,*,#1581,.T.);
#1581 = EDGE_CURVE('',#1574,#1582,#1584,.T.);
#1582 = VERTEX_POINT('',#1583);
#1583 = CARTESIAN_POINT('',(19.382165663529,29.562715609218,159.));
#1584 = LINE('',#1585,#1586);
#1585 = CARTESIAN_POINT('',(19.645346413699,29.964132964025,153.));
#1586 = VECTOR('',#1587,1.);
#1587 = DIRECTION('',(-4.372376546427E-02,-6.668982539018E-02,
    0.996815278536));
#1588 = ORIENTED_EDGE('',*,*,#1589,.T.);
#1589 = EDGE_CURVE('',#1582,#1590,#1592,.T.);
#1590 = VERTEX_POINT('',#1591);
#1591 = CARTESIAN_POINT('',(15.653771702794,23.875969749454,192.));
#1592 = LINE('',#1593,#1594);
#1593 = CARTESIAN_POINT('',(19.382165663529,29.562715609218,159.));
#1594 = VECTOR('',#1595,1.);
#1595 = DIRECTION('',(-0.110656760837,-0.168779609443,0.979422546564));
#1596 = ORIENTED_EDGE('',*,*,#1597,.T.);
#1597 = EDGE_CURVE('',#1590,#1598,#1600,.T.);
#1598 = VERTEX_POINT('',#1599);
#1599 = CARTESIAN_POINT('',(15.371792327612,23.445879726446,195.));
#1600 = LINE('',#1601,#1602);
#1601 = CARTESIAN_POINT('',(15.653771702794,23.875969749454,192.));
#1602 = VECTOR('',#1603,1.);
#1603 = DIRECTION('',(-9.264171585913E-02,-0.141302099416,0.985622254813
    ));
#1604 = ORIENTED_EDGE('',*,*,#1605,.T.);
#1605 = EDGE_CURVE('',#1598,#1606,#1608,.T.);
#1606 = VERTEX_POINT('',#1607);
#1607 = CARTESIAN_POINT('',(15.618524280896,23.822208496578,195.));
#1608 = LINE('',#1609,#1610);
#1609 = CARTESIAN_POINT('',(15.371792327612,23.445879726446,195.));
#1610 = VECTOR('',#1611,1.);
#1611 = DIRECTION('',(0.54829322952,0.836286155848,0.));
#1612 = ORIENTED_EDGE('',*,*,#1613,.T.);
#1613 = EDGE_CURVE('',#1606,#1551,#1614,.T.);
#1614 = LINE('',#1615,#1616);
#1615 = CARTESIAN_POINT('',(0.,0.,361.16666666666));
#1616 = VECTOR('',#1617,1.);
#1617 = DIRECTION('',(9.264171585913E-02,0.141302099416,-0.985622254813)
  );
#1618 = ORIENTED_EDGE('',*,*,#1550,.T.);
#1619 = ORIENTED_EDGE('',*,*,#288,.T.);
#1620 = PLANE('',#1621);
#1621 = AXIS2_PLACEMENT_3D('',#1622,#1623,#1624);
#1622 = CARTESIAN_POINT('',(18.319845311771,27.942407796867,
    174.034249751));
#1623 = DIRECTION('',(-0.836286155848,0.54829322952,0.));
#1624 = DIRECTION('',(0.,0.,1.));
#1625 = ADVANCED_FACE('',(#1626),#1645,.T.);
#1626 = FACE_BOUND('',#1627,.T.);
#1627 = EDGE_LOOP('',(#1628,#1629,#1630,#1638));
#1628 = ORIENTED_EDGE('',*,*,#1573,.F.);
#1629 = ORIENTED_EDGE('',*,*,#279,.T.);
#1630 = ORIENTED_EDGE('',*,*,#1631,.T.);
#1631 = EDGE_CURVE('',#272,#1632,#1634,.T.);
#1632 = VERTEX_POINT('',#1633);
#1633 = CARTESIAN_POINT('',(18.319631274141,30.792531724097,153.));
#1634 = LINE('',#1635,#1636);
#1635 = CARTESIAN_POINT('',(19.57229933503,32.898077432276,153.));
#1636 = VECTOR('',#1637,1.);
#1637 = DIRECTION('',(-0.511293086077,-0.859406411501,0.));
#1638 = ORIENTED_EDGE('',*,*,#1639,.F.);
#1639 = EDGE_CURVE('',#1574,#1632,#1640,.T.);
#1640 = CIRCLE('',#1641,35.83);
#1641 = AXIS2_PLACEMENT_3D('',#1642,#1643,#1644);
#1642 = CARTESIAN_POINT('',(0.,0.,153.));
#1643 = DIRECTION('',(0.,-0.,1.));
#1644 = DIRECTION('',(0.54829322952,0.836286155848,0.));
#1645 = PLANE('',#1646);
#1646 = AXIS2_PLACEMENT_3D('',#1647,#1648,#1649);
#1647 = CARTESIAN_POINT('',(0.,0.,153.));
#1648 = DIRECTION('',(0.,0.,1.));
#1649 = DIRECTION('',(0.54829322952,0.836286155848,0.));
#1650 = ADVANCED_FACE('',(#1651),#1701,.F.);
#1651 = FACE_BOUND('',#1652,.F.);
#1652 = EDGE_LOOP('',(#1653,#1654,#1662,#1670,#1678,#1686,#1694,#1700));
#1653 = ORIENTED_EDGE('',*,*,#1631,.T.);
#1654 = ORIENTED_EDGE('',*,*,#1655,.T.);
#1655 = EDGE_CURVE('',#1632,#1656,#1658,.T.);
#1656 = VERTEX_POINT('',#1657);
#1657 = CARTESIAN_POINT('',(18.074210592824,30.380016646576,159.));
#1658 = LINE('',#1659,#1660);
#1659 = CARTESIAN_POINT('',(18.319631274141,30.792531724097,153.));
#1660 = VECTOR('',#1661,1.);
#1661 = DIRECTION('',(-4.077318080092E-02,-6.853355531652E-02,
    0.996815278536));
#1662 = ORIENTED_EDGE('',*,*,#1663,.T.);
#1663 = EDGE_CURVE('',#1656,#1664,#1666,.T.);
#1664 = VERTEX_POINT('',#1665);
#1665 = CARTESIAN_POINT('',(14.5974176075,24.536053048366,192.));
#1666 = LINE('',#1667,#1668);
#1667 = CARTESIAN_POINT('',(18.074210592824,30.380016646576,159.));
#1668 = VECTOR('',#1669,1.);
#1669 = DIRECTION('',(-0.103189376956,-0.173445748769,0.979422546564));
#1670 = ORIENTED_EDGE('',*,*,#1671,.T.);
#1671 = EDGE_CURVE('',#1664,#1672,#1674,.T.);
#1672 = VERTEX_POINT('',#1673);
#1673 = CARTESIAN_POINT('',(14.334466877517,24.094072608166,195.));
#1674 = LINE('',#1675,#1676);
#1675 = CARTESIAN_POINT('',(14.5974176075,24.536053048366,192.));
#1676 = VECTOR('',#1677,1.);
#1677 = DIRECTION('',(-8.639003046338E-02,-0.145208586018,0.985622254813
    ));
#1678 = ORIENTED_EDGE('',*,*,#1679,.T.);
#1679 = EDGE_CURVE('',#1672,#1680,#1682,.T.);
#1680 = VERTEX_POINT('',#1681);
#1681 = CARTESIAN_POINT('',(14.564548766252,24.480805493341,195.));
#1682 = LINE('',#1683,#1684);
#1683 = CARTESIAN_POINT('',(14.334466877517,24.094072608166,195.));
#1684 = VECTOR('',#1685,1.);
#1685 = DIRECTION('',(0.511293086077,0.859406411501,0.));
#1686 = ORIENTED_EDGE('',*,*,#1687,.T.);
#1687 = EDGE_CURVE('',#1680,#1688,#1690,.T.);
#1688 = VERTEX_POINT('',#1689);
#1689 = CARTESIAN_POINT('',(14.827499496235,24.922785933542,192.));
#1690 = LINE('',#1691,#1692);
#1691 = CARTESIAN_POINT('',(0.,0.,361.16666666666));
#1692 = VECTOR('',#1693,1.);
#1693 = DIRECTION('',(8.639003046338E-02,0.145208586018,-0.985622254813)
  );
#1694 = ORIENTED_EDGE('',*,*,#1695,.T.);
#1695 = EDGE_CURVE('',#1688,#263,#1696,.T.);
#1696 = LINE('',#1697,#1698);
#1697 = CARTESIAN_POINT('',(0.,0.,332.73529411764));
#1698 = VECTOR('',#1699,1.);
#1699 = DIRECTION('',(0.103189376956,0.173445748769,-0.979422546564));
#1700 = ORIENTED_EDGE('',*,*,#271,.T.);
#1701 = PLANE('',#1702);
#1702 = AXIS2_PLACEMENT_3D('',#1703,#1704,#1705);
#1703 = CARTESIAN_POINT('',(17.083578168768,28.714913245302,
    174.034249751));
#1704 = DIRECTION('',(-0.859406411501,0.511293086077,0.));
#1705 = DIRECTION('',(0.,0.,1.));
#1706 = ADVANCED_FACE('',(#1707),#1726,.T.);
#1707 = FACE_BOUND('',#1708,.T.);
#1708 = EDGE_LOOP('',(#1709,#1718,#1719,#1720));
#1709 = ORIENTED_EDGE('',*,*,#1710,.F.);
#1710 = EDGE_CURVE('',#1688,#1711,#1713,.T.);
#1711 = VERTEX_POINT('',#1712);
#1712 = CARTESIAN_POINT('',(-14.82749949623,24.922785933542,192.));
#1713 = CIRCLE('',#1714,29.);
#1714 = AXIS2_PLACEMENT_3D('',#1715,#1716,#1717);
#1715 = CARTESIAN_POINT('',(0.,0.,192.));
#1716 = DIRECTION('',(0.,0.,1.));
#1717 = DIRECTION('',(1.,0.,0.));
#1718 = ORIENTED_EDGE('',*,*,#1695,.T.);
#1719 = ORIENTED_EDGE('',*,*,#262,.T.);
#1720 = ORIENTED_EDGE('',*,*,#1721,.F.);
#1721 = EDGE_CURVE('',#1711,#255,#1722,.T.);
#1722 = LINE('',#1723,#1724);
#1723 = CARTESIAN_POINT('',(0.,0.,332.73529411764));
#1724 = VECTOR('',#1725,1.);
#1725 = DIRECTION('',(-0.103189376956,0.173445748769,-0.979422546564));
#1726 = CONICAL_SURFACE('',#1727,35.8,0.203216215884);
#1727 = AXIS2_PLACEMENT_3D('',#1728,#1729,#1730);
#1728 = CARTESIAN_POINT('',(0.,0.,159.));
#1729 = DIRECTION('',(-0.,-0.,-1.));
#1730 = DIRECTION('',(1.,0.,0.));
#1731 = ADVANCED_FACE('',(#1732),#1782,.T.);
#1732 = FACE_BOUND('',#1733,.T.);
#1733 = EDGE_LOOP('',(#1734,#1742,#1750,#1758,#1766,#1774,#1780,#1781));
#1734 = ORIENTED_EDGE('',*,*,#1735,.T.);
#1735 = EDGE_CURVE('',#246,#1736,#1738,.T.);
#1736 = VERTEX_POINT('',#1737);
#1737 = CARTESIAN_POINT('',(-18.31963127414,30.792531724097,153.));
#1738 = LINE('',#1739,#1740);
#1739 = CARTESIAN_POINT('',(-19.57229933503,32.898077432276,153.));
#1740 = VECTOR('',#1741,1.);
#1741 = DIRECTION('',(0.511293086077,-0.859406411501,0.));
#1742 = ORIENTED_EDGE('',*,*,#1743,.T.);
#1743 = EDGE_CURVE('',#1736,#1744,#1746,.T.);
#1744 = VERTEX_POINT('',#1745);
#1745 = CARTESIAN_POINT('',(-18.07421059282,30.380016646576,159.));
#1746 = LINE('',#1747,#1748);
#1747 = CARTESIAN_POINT('',(-18.31963127414,30.792531724097,153.));
#1748 = VECTOR('',#1749,1.);
#1749 = DIRECTION('',(4.077318080092E-02,-6.853355531652E-02,
    0.996815278536));
#1750 = ORIENTED_EDGE('',*,*,#1751,.T.);
#1751 = EDGE_CURVE('',#1744,#1752,#1754,.T.);
#1752 = VERTEX_POINT('',#1753);
#1753 = CARTESIAN_POINT('',(-14.5974176075,24.536053048366,192.));
#1754 = LINE('',#1755,#1756);
#1755 = CARTESIAN_POINT('',(-18.07421059282,30.380016646576,159.));
#1756 = VECTOR('',#1757,1.);
#1757 = DIRECTION('',(0.103189376956,-0.173445748769,0.979422546564));
#1758 = ORIENTED_EDGE('',*,*,#1759,.T.);
#1759 = EDGE_CURVE('',#1752,#1760,#1762,.T.);
#1760 = VERTEX_POINT('',#1761);
#1761 = CARTESIAN_POINT('',(-14.33446687751,24.094072608166,195.));
#1762 = LINE('',#1763,#1764);
#1763 = CARTESIAN_POINT('',(-14.5974176075,24.536053048366,192.));
#1764 = VECTOR('',#1765,1.);
#1765 = DIRECTION('',(8.639003046338E-02,-0.145208586018,0.985622254813)
  );
#1766 = ORIENTED_EDGE('',*,*,#1767,.T.);
#1767 = EDGE_CURVE('',#1760,#1768,#1770,.T.);
#1768 = VERTEX_POINT('',#1769);
#1769 = CARTESIAN_POINT('',(-14.56454876625,24.480805493341,195.));
#1770 = LINE('',#1771,#1772);
#1771 = CARTESIAN_POINT('',(-14.33446687751,24.094072608166,195.));
#1772 = VECTOR('',#1773,1.);
#1773 = DIRECTION('',(-0.511293086077,0.859406411501,0.));
#1774 = ORIENTED_EDGE('',*,*,#1775,.T.);
#1775 = EDGE_CURVE('',#1768,#1711,#1776,.T.);
#1776 = LINE('',#1777,#1778);
#1777 = CARTESIAN_POINT('',(0.,0.,361.16666666666));
#1778 = VECTOR('',#1779,1.);
#1779 = DIRECTION('',(-8.639003046338E-02,0.145208586018,-0.985622254813
    ));
#1780 = ORIENTED_EDGE('',*,*,#1721,.T.);
#1781 = ORIENTED_EDGE('',*,*,#254,.T.);
#1782 = PLANE('',#1783);
#1783 = AXIS2_PLACEMENT_3D('',#1784,#1785,#1786);
#1784 = CARTESIAN_POINT('',(-17.08357816876,28.714913245302,
    174.034249751));
#1785 = DIRECTION('',(-0.859406411501,-0.511293086077,0.));
#1786 = DIRECTION('',(0.,0.,1.));
#1787 = ADVANCED_FACE('',(#1788),#1807,.T.);
#1788 = FACE_BOUND('',#1789,.T.);
#1789 = EDGE_LOOP('',(#1790,#1791,#1792,#1800));
#1790 = ORIENTED_EDGE('',*,*,#1735,.F.);
#1791 = ORIENTED_EDGE('',*,*,#245,.T.);
#1792 = ORIENTED_EDGE('',*,*,#1793,.T.);
#1793 = EDGE_CURVE('',#238,#1794,#1796,.T.);
#1794 = VERTEX_POINT('',#1795);
#1795 = CARTESIAN_POINT('',(-19.64534641369,29.964132964025,153.));
#1796 = LINE('',#1797,#1798);
#1797 = CARTESIAN_POINT('',(-20.98866482602,32.013034045852,153.));
#1798 = VECTOR('',#1799,1.);
#1799 = DIRECTION('',(0.54829322952,-0.836286155848,0.));
#1800 = ORIENTED_EDGE('',*,*,#1801,.F.);
#1801 = EDGE_CURVE('',#1736,#1794,#1802,.T.);
#1802 = CIRCLE('',#1803,35.83);
#1803 = AXIS2_PLACEMENT_3D('',#1804,#1805,#1806);
#1804 = CARTESIAN_POINT('',(0.,0.,153.));
#1805 = DIRECTION('',(0.,0.,1.));
#1806 = DIRECTION('',(-0.511293086077,0.859406411501,0.));
#1807 = PLANE('',#1808);
#1808 = AXIS2_PLACEMENT_3D('',#1809,#1810,#1811);
#1809 = CARTESIAN_POINT('',(0.,0.,153.));
#1810 = DIRECTION('',(0.,0.,1.));
#1811 = DIRECTION('',(-0.511293086077,0.859406411501,0.));
#1812 = ADVANCED_FACE('',(#1813),#1863,.F.);
#1813 = FACE_BOUND('',#1814,.F.);
#1814 = EDGE_LOOP('',(#1815,#1816,#1824,#1832,#1840,#1848,#1856,#1862));
#1815 = ORIENTED_EDGE('',*,*,#1793,.T.);
#1816 = ORIENTED_EDGE('',*,*,#1817,.T.);
#1817 = EDGE_CURVE('',#1794,#1818,#1820,.T.);
#1818 = VERTEX_POINT('',#1819);
#1819 = CARTESIAN_POINT('',(-19.38216566352,29.562715609218,159.));
#1820 = LINE('',#1821,#1822);
#1821 = CARTESIAN_POINT('',(-19.64534641369,29.964132964025,153.));
#1822 = VECTOR('',#1823,1.);
#1823 = DIRECTION('',(4.372376546427E-02,-6.668982539018E-02,
    0.996815278536));
#1824 = ORIENTED_EDGE('',*,*,#1825,.T.);
#1825 = EDGE_CURVE('',#1818,#1826,#1828,.T.);
#1826 = VERTEX_POINT('',#1827);
#1827 = CARTESIAN_POINT('',(-15.65377170279,23.875969749454,192.));
#1828 = LINE('',#1829,#1830);
#1829 = CARTESIAN_POINT('',(-19.38216566352,29.562715609218,159.));
#1830 = VECTOR('',#1831,1.);
#1831 = DIRECTION('',(0.110656760837,-0.168779609443,0.979422546564));
#1832 = ORIENTED_EDGE('',*,*,#1833,.T.);
#1833 = EDGE_CURVE('',#1826,#1834,#1836,.T.);
#1834 = VERTEX_POINT('',#1835);
#1835 = CARTESIAN_POINT('',(-15.37179232761,23.445879726446,195.));
#1836 = LINE('',#1837,#1838);
#1837 = CARTESIAN_POINT('',(-15.65377170279,23.875969749454,192.));
#1838 = VECTOR('',#1839,1.);
#1839 = DIRECTION('',(9.264171585913E-02,-0.141302099416,0.985622254813)
  );
#1840 = ORIENTED_EDGE('',*,*,#1841,.T.);
#1841 = EDGE_CURVE('',#1834,#1842,#1844,.T.);
#1842 = VERTEX_POINT('',#1843);
#1843 = CARTESIAN_POINT('',(-15.61852428089,23.822208496578,195.));
#1844 = LINE('',#1845,#1846);
#1845 = CARTESIAN_POINT('',(-15.37179232761,23.445879726446,195.));
#1846 = VECTOR('',#1847,1.);
#1847 = DIRECTION('',(-0.54829322952,0.836286155848,0.));
#1848 = ORIENTED_EDGE('',*,*,#1849,.T.);
#1849 = EDGE_CURVE('',#1842,#1850,#1852,.T.);
#1850 = VERTEX_POINT('',#1851);
#1851 = CARTESIAN_POINT('',(-15.90050365607,24.252298519585,192.));
#1852 = LINE('',#1853,#1854);
#1853 = CARTESIAN_POINT('',(0.,0.,361.16666666666));
#1854 = VECTOR('',#1855,1.);
#1855 = DIRECTION('',(-9.264171585913E-02,0.141302099416,-0.985622254813
    ));
#1856 = ORIENTED_EDGE('',*,*,#1857,.T.);
#1857 = EDGE_CURVE('',#1850,#229,#1858,.T.);
#1858 = LINE('',#1859,#1860);
#1859 = CARTESIAN_POINT('',(0.,0.,332.73529411764));
#1860 = VECTOR('',#1861,1.);
#1861 = DIRECTION('',(-0.110656760837,0.168779609443,-0.979422546564));
#1862 = ORIENTED_EDGE('',*,*,#237,.T.);
#1863 = PLANE('',#1864);
#1864 = AXIS2_PLACEMENT_3D('',#1865,#1866,#1867);
#1865 = CARTESIAN_POINT('',(-18.31984531177,27.942407796867,
    174.034249751));
#1866 = DIRECTION('',(-0.836286155848,-0.54829322952,0.));
#1867 = DIRECTION('',(0.,0.,1.));
#1868 = ADVANCED_FACE('',(#1869),#1888,.T.);
#1869 = FACE_BOUND('',#1870,.T.);
#1870 = EDGE_LOOP('',(#1871,#1880,#1881,#1882));
#1871 = ORIENTED_EDGE('',*,*,#1872,.F.);
#1872 = EDGE_CURVE('',#1850,#1873,#1875,.T.);
#1873 = VERTEX_POINT('',#1874);
#1874 = CARTESIAN_POINT('',(-24.25229851958,15.900503656077,192.));
#1875 = CIRCLE('',#1876,29.);
#1876 = AXIS2_PLACEMENT_3D('',#1877,#1878,#1879);
#1877 = CARTESIAN_POINT('',(0.,0.,192.));
#1878 = DIRECTION('',(0.,0.,1.));
#1879 = DIRECTION('',(1.,0.,0.));
#1880 = ORIENTED_EDGE('',*,*,#1857,.T.);
#1881 = ORIENTED_EDGE('',*,*,#228,.T.);
#1882 = ORIENTED_EDGE('',*,*,#1883,.F.);
#1883 = EDGE_CURVE('',#1873,#221,#1884,.T.);
#1884 = LINE('',#1885,#1886);
#1885 = CARTESIAN_POINT('',(0.,0.,332.73529411764));
#1886 = VECTOR('',#1887,1.);
#1887 = DIRECTION('',(-0.168779609443,0.110656760837,-0.979422546564));
#1888 = CONICAL_SURFACE('',#1889,35.8,0.203216215884);
#1889 = AXIS2_PLACEMENT_3D('',#1890,#1891,#1892);
#1890 = CARTESIAN_POINT('',(0.,0.,159.));
#1891 = DIRECTION('',(-0.,-0.,-1.));
#1892 = DIRECTION('',(1.,0.,0.));
#1893 = ADVANCED_FACE('',(#1894),#1944,.T.);
#1894 = FACE_BOUND('',#1895,.T.);
#1895 = EDGE_LOOP('',(#1896,#1904,#1912,#1920,#1928,#1936,#1942,#1943));
#1896 = ORIENTED_EDGE('',*,*,#1897,.T.);
#1897 = EDGE_CURVE('',#212,#1898,#1900,.T.);
#1898 = VERTEX_POINT('',#1899);
#1899 = CARTESIAN_POINT('',(-29.96413296402,19.645346413699,153.));
#1900 = LINE('',#1901,#1902);
#1901 = CARTESIAN_POINT('',(-32.01303404585,20.988664826022,153.));
#1902 = VECTOR('',#1903,1.);
#1903 = DIRECTION('',(0.836286155848,-0.54829322952,0.));
#1904 = ORIENTED_EDGE('',*,*,#1905,.T.);
#1905 = EDGE_CURVE('',#1898,#1906,#1908,.T.);
#1906 = VERTEX_POINT('',#1907);
#1907 = CARTESIAN_POINT('',(-29.56271560921,19.382165663529,159.));
#1908 = LINE('',#1909,#1910);
#1909 = CARTESIAN_POINT('',(-29.96413296402,19.645346413699,153.));
#1910 = VECTOR('',#1911,1.);
#1911 = DIRECTION('',(6.668982539018E-02,-4.372376546427E-02,
    0.996815278536));
#1912 = ORIENTED_EDGE('',*,*,#1913,.T.);
#1913 = EDGE_CURVE('',#1906,#1914,#1916,.T.);
#1914 = VERTEX_POINT('',#1915);
#1915 = CARTESIAN_POINT('',(-23.87596974945,15.653771702794,192.));
#1916 = LINE('',#1917,#1918);
#1917 = CARTESIAN_POINT('',(-29.56271560921,19.382165663529,159.));
#1918 = VECTOR('',#1919,1.);
#1919 = DIRECTION('',(0.168779609443,-0.110656760837,0.979422546564));
#1920 = ORIENTED_EDGE('',*,*,#1921,.T.);
#1921 = EDGE_CURVE('',#1914,#1922,#1924,.T.);
#1922 = VERTEX_POINT('',#1923);
#1923 = CARTESIAN_POINT('',(-23.44587972644,15.371792327612,195.));
#1924 = LINE('',#1925,#1926);
#1925 = CARTESIAN_POINT('',(-23.87596974945,15.653771702794,192.));
#1926 = VECTOR('',#1927,1.);
#1927 = DIRECTION('',(0.141302099416,-9.264171585913E-02,0.985622254813)
  );
#1928 = ORIENTED_EDGE('',*,*,#1929,.T.);
#1929 = EDGE_CURVE('',#1922,#1930,#1932,.T.);
#1930 = VERTEX_POINT('',#1931);
#1931 = CARTESIAN_POINT('',(-23.82220849657,15.618524280896,195.));
#1932 = LINE('',#1933,#1934);
#1933 = CARTESIAN_POINT('',(-23.44587972644,15.371792327612,195.));
#1934 = VECTOR('',#1935,1.);
#1935 = DIRECTION('',(-0.836286155848,0.54829322952,0.));
#1936 = ORIENTED_EDGE('',*,*,#1937,.T.);
#1937 = EDGE_CURVE('',#1930,#1873,#1938,.T.);
#1938 = LINE('',#1939,#1940);
#1939 = CARTESIAN_POINT('',(0.,0.,361.16666666666));
#1940 = VECTOR('',#1941,1.);
#1941 = DIRECTION('',(-0.141302099416,9.264171585913E-02,-0.985622254813
    ));
#1942 = ORIENTED_EDGE('',*,*,#1883,.T.);
#1943 = ORIENTED_EDGE('',*,*,#220,.T.);
#1944 = PLANE('',#1945);
#1945 = AXIS2_PLACEMENT_3D('',#1946,#1947,#1948);
#1946 = CARTESIAN_POINT('',(-27.94240779686,18.319845311771,
    174.034249751));
#1947 = DIRECTION('',(-0.54829322952,-0.836286155848,0.));
#1948 = DIRECTION('',(0.,0.,1.));
#1949 = ADVANCED_FACE('',(#1950),#1969,.T.);
#1950 = FACE_BOUND('',#1951,.T.);
#1951 = EDGE_LOOP('',(#1952,#1953,#1954,#1962));
#1952 = ORIENTED_EDGE('',*,*,#1897,.F.);
#1953 = ORIENTED_EDGE('',*,*,#211,.T.);
#1954 = ORIENTED_EDGE('',*,*,#1955,.T.);
#1955 = EDGE_CURVE('',#204,#1956,#1958,.T.);
#1956 = VERTEX_POINT('',#1957);
#1957 = CARTESIAN_POINT('',(-30.79253172409,18.319631274141,153.));
#1958 = LINE('',#1959,#1960);
#1959 = CARTESIAN_POINT('',(-32.89807743227,19.57229933503,153.));
#1960 = VECTOR('',#1961,1.);
#1961 = DIRECTION('',(0.859406411501,-0.511293086077,0.));
#1962 = ORIENTED_EDGE('',*,*,#1963,.F.);
#1963 = EDGE_CURVE('',#1898,#1956,#1964,.T.);
#1964 = CIRCLE('',#1965,35.83);
#1965 = AXIS2_PLACEMENT_3D('',#1966,#1967,#1968);
#1966 = CARTESIAN_POINT('',(0.,0.,153.));
#1967 = DIRECTION('',(0.,0.,1.));
#1968 = DIRECTION('',(-0.836286155848,0.54829322952,0.));
#1969 = PLANE('',#1970);
#1970 = AXIS2_PLACEMENT_3D('',#1971,#1972,#1973);
#1971 = CARTESIAN_POINT('',(0.,0.,153.));
#1972 = DIRECTION('',(0.,0.,1.));
#1973 = DIRECTION('',(-0.836286155848,0.54829322952,0.));
#1974 = ADVANCED_FACE('',(#1975),#2025,.F.);
#1975 = FACE_BOUND('',#1976,.F.);
#1976 = EDGE_LOOP('',(#1977,#1978,#1986,#1994,#2002,#2010,#2018,#2024));
#1977 = ORIENTED_EDGE('',*,*,#1955,.T.);
#1978 = ORIENTED_EDGE('',*,*,#1979,.T.);
#1979 = EDGE_CURVE('',#1956,#1980,#1982,.T.);
#1980 = VERTEX_POINT('',#1981);
#1981 = CARTESIAN_POINT('',(-30.38001664657,18.074210592824,159.));
#1982 = LINE('',#1983,#1984);
#1983 = CARTESIAN_POINT('',(-30.79253172409,18.319631274141,153.));
#1984 = VECTOR('',#1985,1.);
#1985 = DIRECTION('',(6.853355531652E-02,-4.077318080092E-02,
    0.996815278536));
#1986 = ORIENTED_EDGE('',*,*,#1987,.T.);
#1987 = EDGE_CURVE('',#1980,#1988,#1990,.T.);
#1988 = VERTEX_POINT('',#1989);
#1989 = CARTESIAN_POINT('',(-24.53605304836,14.5974176075,192.));
#1990 = LINE('',#1991,#1992);
#1991 = CARTESIAN_POINT('',(-30.38001664657,18.074210592824,159.));
#1992 = VECTOR('',#1993,1.);
#1993 = DIRECTION('',(0.173445748769,-0.103189376956,0.979422546564));
#1994 = ORIENTED_EDGE('',*,*,#1995,.T.);
#1995 = EDGE_CURVE('',#1988,#1996,#1998,.T.);
#1996 = VERTEX_POINT('',#1997);
#1997 = CARTESIAN_POINT('',(-24.09407260816,14.334466877517,195.));
#1998 = LINE('',#1999,#2000);
#1999 = CARTESIAN_POINT('',(-24.53605304836,14.5974176075,192.));
#2000 = VECTOR('',#2001,1.);
#2001 = DIRECTION('',(0.145208586018,-8.639003046338E-02,0.985622254813)
  );
#2002 = ORIENTED_EDGE('',*,*,#2003,.T.);
#2003 = EDGE_CURVE('',#1996,#2004,#2006,.T.);
#2004 = VERTEX_POINT('',#2005);
#2005 = CARTESIAN_POINT('',(-24.48080549334,14.564548766252,195.));
#2006 = LINE('',#2007,#2008);
#2007 = CARTESIAN_POINT('',(-24.09407260816,14.334466877517,195.));
#2008 = VECTOR('',#2009,1.);
#2009 = DIRECTION('',(-0.859406411501,0.511293086077,0.));
#2010 = ORIENTED_EDGE('',*,*,#2011,.T.);
#2011 = EDGE_CURVE('',#2004,#2012,#2014,.T.);
#2012 = VERTEX_POINT('',#2013);
#2013 = CARTESIAN_POINT('',(-24.92278593354,14.827499496235,192.));
#2014 = LINE('',#2015,#2016);
#2015 = CARTESIAN_POINT('',(0.,0.,361.16666666666));
#2016 = VECTOR('',#2017,1.);
#2017 = DIRECTION('',(-0.145208586018,8.639003046338E-02,-0.985622254813
    ));
#2018 = ORIENTED_EDGE('',*,*,#2019,.T.);
#2019 = EDGE_CURVE('',#2012,#195,#2020,.T.);
#2020 = LINE('',#2021,#2022);
#2021 = CARTESIAN_POINT('',(0.,0.,332.73529411764));
#2022 = VECTOR('',#2023,1.);
#2023 = DIRECTION('',(-0.173445748769,0.103189376956,-0.979422546564));
#2024 = ORIENTED_EDGE('',*,*,#203,.T.);
#2025 = PLANE('',#2026);
#2026 = AXIS2_PLACEMENT_3D('',#2027,#2028,#2029);
#2027 = CARTESIAN_POINT('',(-28.7149132453,17.083578168768,174.034249751
    ));
#2028 = DIRECTION('',(-0.511293086077,-0.859406411501,0.));
#2029 = DIRECTION('',(0.,0.,1.));
#2030 = ADVANCED_FACE('',(#2031),#2050,.T.);
#2031 = FACE_BOUND('',#2032,.T.);
#2032 = EDGE_LOOP('',(#2033,#2042,#2043,#2044));
#2033 = ORIENTED_EDGE('',*,*,#2034,.F.);
#2034 = EDGE_CURVE('',#2012,#2035,#2037,.T.);
#2035 = VERTEX_POINT('',#2036);
#2036 = CARTESIAN_POINT('',(-24.92278593354,-14.82749949623,192.));
#2037 = CIRCLE('',#2038,29.);
#2038 = AXIS2_PLACEMENT_3D('',#2039,#2040,#2041);
#2039 = CARTESIAN_POINT('',(0.,0.,192.));
#2040 = DIRECTION('',(0.,0.,1.));
#2041 = DIRECTION('',(1.,0.,0.));
#2042 = ORIENTED_EDGE('',*,*,#2019,.T.);
#2043 = ORIENTED_EDGE('',*,*,#194,.T.);
#2044 = ORIENTED_EDGE('',*,*,#2045,.F.);
#2045 = EDGE_CURVE('',#2035,#187,#2046,.T.);
#2046 = LINE('',#2047,#2048);
#2047 = CARTESIAN_POINT('',(0.,0.,332.73529411764));
#2048 = VECTOR('',#2049,1.);
#2049 = DIRECTION('',(-0.173445748769,-0.103189376956,-0.979422546564));
#2050 = CONICAL_SURFACE('',#2051,35.8,0.203216215884);
#2051 = AXIS2_PLACEMENT_3D('',#2052,#2053,#2054);
#2052 = CARTESIAN_POINT('',(0.,0.,159.));
#2053 = DIRECTION('',(-0.,-0.,-1.));
#2054 = DIRECTION('',(1.,0.,0.));
#2055 = ADVANCED_FACE('',(#2056),#2106,.T.);
#2056 = FACE_BOUND('',#2057,.T.);
#2057 = EDGE_LOOP('',(#2058,#2066,#2074,#2082,#2090,#2098,#2104,#2105));
#2058 = ORIENTED_EDGE('',*,*,#2059,.T.);
#2059 = EDGE_CURVE('',#178,#2060,#2062,.T.);
#2060 = VERTEX_POINT('',#2061);
#2061 = CARTESIAN_POINT('',(-30.79253172409,-18.31963127414,153.));
#2062 = LINE('',#2063,#2064);
#2063 = CARTESIAN_POINT('',(-32.89807743227,-19.57229933503,153.));
#2064 = VECTOR('',#2065,1.);
#2065 = DIRECTION('',(0.859406411501,0.511293086077,0.));
#2066 = ORIENTED_EDGE('',*,*,#2067,.T.);
#2067 = EDGE_CURVE('',#2060,#2068,#2070,.T.);
#2068 = VERTEX_POINT('',#2069);
#2069 = CARTESIAN_POINT('',(-30.38001664657,-18.07421059282,159.));
#2070 = LINE('',#2071,#2072);
#2071 = CARTESIAN_POINT('',(-30.79253172409,-18.31963127414,153.));
#2072 = VECTOR('',#2073,1.);
#2073 = DIRECTION('',(6.853355531652E-02,4.077318080092E-02,
    0.996815278536));
#2074 = ORIENTED_EDGE('',*,*,#2075,.T.);
#2075 = EDGE_CURVE('',#2068,#2076,#2078,.T.);
#2076 = VERTEX_POINT('',#2077);
#2077 = CARTESIAN_POINT('',(-24.53605304836,-14.5974176075,192.));
#2078 = LINE('',#2079,#2080);
#2079 = CARTESIAN_POINT('',(-30.38001664657,-18.07421059282,159.));
#2080 = VECTOR('',#2081,1.);
#2081 = DIRECTION('',(0.173445748769,0.103189376956,0.979422546564));
#2082 = ORIENTED_EDGE('',*,*,#2083,.T.);
#2083 = EDGE_CURVE('',#2076,#2084,#2086,.T.);
#2084 = VERTEX_POINT('',#2085);
#2085 = CARTESIAN_POINT('',(-24.09407260816,-14.33446687751,195.));
#2086 = LINE('',#2087,#2088);
#2087 = CARTESIAN_POINT('',(-24.53605304836,-14.5974176075,192.));
#2088 = VECTOR('',#2089,1.);
#2089 = DIRECTION('',(0.145208586018,8.639003046338E-02,0.985622254813)
  );
#2090 = ORIENTED_EDGE('',*,*,#2091,.T.);
#2091 = EDGE_CURVE('',#2084,#2092,#2094,.T.);
#2092 = VERTEX_POINT('',#2093);
#2093 = CARTESIAN_POINT('',(-24.48080549334,-14.56454876625,195.));
#2094 = LINE('',#2095,#2096);
#2095 = CARTESIAN_POINT('',(-24.09407260816,-14.33446687751,195.));
#2096 = VECTOR('',#2097,1.);
#2097 = DIRECTION('',(-0.859406411501,-0.511293086077,0.));
#2098 = ORIENTED_EDGE('',*,*,#2099,.T.);
#2099 = EDGE_CURVE('',#2092,#2035,#2100,.T.);
#2100 = LINE('',#2101,#2102);
#2101 = CARTESIAN_POINT('',(0.,0.,361.16666666666));
#2102 = VECTOR('',#2103,1.);
#2103 = DIRECTION('',(-0.145208586018,-8.639003046338E-02,
    -0.985622254813));
#2104 = ORIENTED_EDGE('',*,*,#2045,.T.);
#2105 = ORIENTED_EDGE('',*,*,#186,.T.);
#2106 = PLANE('',#2107);
#2107 = AXIS2_PLACEMENT_3D('',#2108,#2109,#2110);
#2108 = CARTESIAN_POINT('',(-28.7149132453,-17.08357816876,174.034249751
    ));
#2109 = DIRECTION('',(0.511293086077,-0.859406411501,0.));
#2110 = DIRECTION('',(0.,0.,1.));
#2111 = ADVANCED_FACE('',(#2112),#2131,.T.);
#2112 = FACE_BOUND('',#2113,.T.);
#2113 = EDGE_LOOP('',(#2114,#2115,#2116,#2124));
#2114 = ORIENTED_EDGE('',*,*,#2059,.F.);
#2115 = ORIENTED_EDGE('',*,*,#177,.T.);
#2116 = ORIENTED_EDGE('',*,*,#2117,.T.);
#2117 = EDGE_CURVE('',#170,#2118,#2120,.T.);
#2118 = VERTEX_POINT('',#2119);
#2119 = CARTESIAN_POINT('',(-29.96413296402,-19.64534641369,153.));
#2120 = LINE('',#2121,#2122);
#2121 = CARTESIAN_POINT('',(-32.01303404585,-20.98866482602,153.));
#2122 = VECTOR('',#2123,1.);
#2123 = DIRECTION('',(0.836286155848,0.54829322952,0.));
#2124 = ORIENTED_EDGE('',*,*,#2125,.F.);
#2125 = EDGE_CURVE('',#2060,#2118,#2126,.T.);
#2126 = CIRCLE('',#2127,35.83);
#2127 = AXIS2_PLACEMENT_3D('',#2128,#2129,#2130);
#2128 = CARTESIAN_POINT('',(0.,0.,153.));
#2129 = DIRECTION('',(0.,0.,1.));
#2130 = DIRECTION('',(-0.859406411501,-0.511293086077,0.));
#2131 = PLANE('',#2132);
#2132 = AXIS2_PLACEMENT_3D('',#2133,#2134,#2135);
#2133 = CARTESIAN_POINT('',(0.,0.,153.));
#2134 = DIRECTION('',(0.,0.,1.));
#2135 = DIRECTION('',(-0.859406411501,-0.511293086077,0.));
#2136 = ADVANCED_FACE('',(#2137),#2187,.F.);
#2137 = FACE_BOUND('',#2138,.F.);
#2138 = EDGE_LOOP('',(#2139,#2140,#2148,#2156,#2164,#2172,#2180,#2186));
#2139 = ORIENTED_EDGE('',*,*,#2117,.T.);
#2140 = ORIENTED_EDGE('',*,*,#2141,.T.);
#2141 = EDGE_CURVE('',#2118,#2142,#2144,.T.);
#2142 = VERTEX_POINT('',#2143);
#2143 = CARTESIAN_POINT('',(-29.56271560921,-19.38216566352,159.));
#2144 = LINE('',#2145,#2146);
#2145 = CARTESIAN_POINT('',(-29.96413296402,-19.64534641369,153.));
#2146 = VECTOR('',#2147,1.);
#2147 = DIRECTION('',(6.668982539018E-02,4.372376546427E-02,
    0.996815278536));
#2148 = ORIENTED_EDGE('',*,*,#2149,.T.);
#2149 = EDGE_CURVE('',#2142,#2150,#2152,.T.);
#2150 = VERTEX_POINT('',#2151);
#2151 = CARTESIAN_POINT('',(-23.87596974945,-15.65377170279,192.));
#2152 = LINE('',#2153,#2154);
#2153 = CARTESIAN_POINT('',(-29.56271560921,-19.38216566352,159.));
#2154 = VECTOR('',#2155,1.);
#2155 = DIRECTION('',(0.168779609443,0.110656760837,0.979422546564));
#2156 = ORIENTED_EDGE('',*,*,#2157,.T.);
#2157 = EDGE_CURVE('',#2150,#2158,#2160,.T.);
#2158 = VERTEX_POINT('',#2159);
#2159 = CARTESIAN_POINT('',(-23.44587972644,-15.37179232761,195.));
#2160 = LINE('',#2161,#2162);
#2161 = CARTESIAN_POINT('',(-23.87596974945,-15.65377170279,192.));
#2162 = VECTOR('',#2163,1.);
#2163 = DIRECTION('',(0.141302099416,9.264171585913E-02,0.985622254813)
  );
#2164 = ORIENTED_EDGE('',*,*,#2165,.T.);
#2165 = EDGE_CURVE('',#2158,#2166,#2168,.T.);
#2166 = VERTEX_POINT('',#2167);
#2167 = CARTESIAN_POINT('',(-23.82220849657,-15.61852428089,195.));
#2168 = LINE('',#2169,#2170);
#2169 = CARTESIAN_POINT('',(-23.44587972644,-15.37179232761,195.));
#2170 = VECTOR('',#2171,1.);
#2171 = DIRECTION('',(-0.836286155848,-0.54829322952,0.));
#2172 = ORIENTED_EDGE('',*,*,#2173,.T.);
#2173 = EDGE_CURVE('',#2166,#2174,#2176,.T.);
#2174 = VERTEX_POINT('',#2175);
#2175 = CARTESIAN_POINT('',(-24.25229851958,-15.90050365607,192.));
#2176 = LINE('',#2177,#2178);
#2177 = CARTESIAN_POINT('',(0.,0.,361.16666666666));
#2178 = VECTOR('',#2179,1.);
#2179 = DIRECTION('',(-0.141302099416,-9.264171585913E-02,
    -0.985622254813));
#2180 = ORIENTED_EDGE('',*,*,#2181,.T.);
#2181 = EDGE_CURVE('',#2174,#161,#2182,.T.);
#2182 = LINE('',#2183,#2184);
#2183 = CARTESIAN_POINT('',(0.,0.,332.73529411764));
#2184 = VECTOR('',#2185,1.);
#2185 = DIRECTION('',(-0.168779609443,-0.110656760837,-0.979422546564));
#2186 = ORIENTED_EDGE('',*,*,#169,.T.);
#2187 = PLANE('',#2188);
#2188 = AXIS2_PLACEMENT_3D('',#2189,#2190,#2191);
#2189 = CARTESIAN_POINT('',(-27.94240779686,-18.31984531177,
    174.034249751));
#2190 = DIRECTION('',(0.54829322952,-0.836286155848,0.));
#2191 = DIRECTION('',(0.,0.,1.));
#2192 = ADVANCED_FACE('',(#2193),#2212,.T.);
#2193 = FACE_BOUND('',#2194,.T.);
#2194 = EDGE_LOOP('',(#2195,#2204,#2205,#2206));
#2195 = ORIENTED_EDGE('',*,*,#2196,.F.);
#2196 = EDGE_CURVE('',#2174,#2197,#2199,.T.);
#2197 = VERTEX_POINT('',#2198);
#2198 = CARTESIAN_POINT('',(-15.90050365607,-24.25229851958,192.));
#2199 = CIRCLE('',#2200,29.);
#2200 = AXIS2_PLACEMENT_3D('',#2201,#2202,#2203);
#2201 = CARTESIAN_POINT('',(0.,0.,192.));
#2202 = DIRECTION('',(0.,0.,1.));
#2203 = DIRECTION('',(1.,0.,0.));
#2204 = ORIENTED_EDGE('',*,*,#2181,.T.);
#2205 = ORIENTED_EDGE('',*,*,#160,.T.);
#2206 = ORIENTED_EDGE('',*,*,#2207,.F.);
#2207 = EDGE_CURVE('',#2197,#153,#2208,.T.);
#2208 = LINE('',#2209,#2210);
#2209 = CARTESIAN_POINT('',(0.,0.,332.73529411764));
#2210 = VECTOR('',#2211,1.);
#2211 = DIRECTION('',(-0.110656760837,-0.168779609443,-0.979422546564));
#2212 = CONICAL_SURFACE('',#2213,35.8,0.203216215884);
#2213 = AXIS2_PLACEMENT_3D('',#2214,#2215,#2216);
#2214 = CARTESIAN_POINT('',(0.,0.,159.));
#2215 = DIRECTION('',(-0.,-0.,-1.));
#2216 = DIRECTION('',(1.,0.,0.));
#2217 = ADVANCED_FACE('',(#2218),#2268,.T.);
#2218 = FACE_BOUND('',#2219,.T.);
#2219 = EDGE_LOOP('',(#2220,#2228,#2236,#2244,#2252,#2260,#2266,#2267));
#2220 = ORIENTED_EDGE('',*,*,#2221,.T.);
#2221 = EDGE_CURVE('',#144,#2222,#2224,.T.);
#2222 = VERTEX_POINT('',#2223);
#2223 = CARTESIAN_POINT('',(-19.64534641369,-29.96413296402,153.));
#2224 = LINE('',#2225,#2226);
#2225 = CARTESIAN_POINT('',(-20.98866482602,-32.01303404585,153.));
#2226 = VECTOR('',#2227,1.);
#2227 = DIRECTION('',(0.54829322952,0.836286155848,0.));
#2228 = ORIENTED_EDGE('',*,*,#2229,.T.);
#2229 = EDGE_CURVE('',#2222,#2230,#2232,.T.);
#2230 = VERTEX_POINT('',#2231);
#2231 = CARTESIAN_POINT('',(-19.38216566352,-29.56271560921,159.));
#2232 = LINE('',#2233,#2234);
#2233 = CARTESIAN_POINT('',(-19.64534641369,-29.96413296402,153.));
#2234 = VECTOR('',#2235,1.);
#2235 = DIRECTION('',(4.372376546427E-02,6.668982539018E-02,
    0.996815278536));
#2236 = ORIENTED_EDGE('',*,*,#2237,.T.);
#2237 = EDGE_CURVE('',#2230,#2238,#2240,.T.);
#2238 = VERTEX_POINT('',#2239);
#2239 = CARTESIAN_POINT('',(-15.65377170279,-23.87596974945,192.));
#2240 = LINE('',#2241,#2242);
#2241 = CARTESIAN_POINT('',(-19.38216566352,-29.56271560921,159.));
#2242 = VECTOR('',#2243,1.);
#2243 = DIRECTION('',(0.110656760837,0.168779609443,0.979422546564));
#2244 = ORIENTED_EDGE('',*,*,#2245,.T.);
#2245 = EDGE_CURVE('',#2238,#2246,#2248,.T.);
#2246 = VERTEX_POINT('',#2247);
#2247 = CARTESIAN_POINT('',(-15.37179232761,-23.44587972644,195.));
#2248 = LINE('',#2249,#2250);
#2249 = CARTESIAN_POINT('',(-15.65377170279,-23.87596974945,192.));
#2250 = VECTOR('',#2251,1.);
#2251 = DIRECTION('',(9.264171585913E-02,0.141302099416,0.985622254813)
  );
#2252 = ORIENTED_EDGE('',*,*,#2253,.T.);
#2253 = EDGE_CURVE('',#2246,#2254,#2256,.T.);
#2254 = VERTEX_POINT('',#2255);
#2255 = CARTESIAN_POINT('',(-15.61852428089,-23.82220849657,195.));
#2256 = LINE('',#2257,#2258);
#2257 = CARTESIAN_POINT('',(-15.37179232761,-23.44587972644,195.));
#2258 = VECTOR('',#2259,1.);
#2259 = DIRECTION('',(-0.54829322952,-0.836286155848,0.));
#2260 = ORIENTED_EDGE('',*,*,#2261,.T.);
#2261 = EDGE_CURVE('',#2254,#2197,#2262,.T.);
#2262 = LINE('',#2263,#2264);
#2263 = CARTESIAN_POINT('',(0.,0.,361.16666666666));
#2264 = VECTOR('',#2265,1.);
#2265 = DIRECTION('',(-9.264171585913E-02,-0.141302099416,
    -0.985622254813));
#2266 = ORIENTED_EDGE('',*,*,#2207,.T.);
#2267 = ORIENTED_EDGE('',*,*,#152,.T.);
#2268 = PLANE('',#2269);
#2269 = AXIS2_PLACEMENT_3D('',#2270,#2271,#2272);
#2270 = CARTESIAN_POINT('',(-18.31984531177,-27.94240779686,
    174.034249751));
#2271 = DIRECTION('',(0.836286155848,-0.54829322952,0.));
#2272 = DIRECTION('',(0.,0.,1.));
#2273 = ADVANCED_FACE('',(#2274),#2293,.T.);
#2274 = FACE_BOUND('',#2275,.T.);
#2275 = EDGE_LOOP('',(#2276,#2277,#2278,#2286));
#2276 = ORIENTED_EDGE('',*,*,#2221,.F.);
#2277 = ORIENTED_EDGE('',*,*,#143,.T.);
#2278 = ORIENTED_EDGE('',*,*,#2279,.T.);
#2279 = EDGE_CURVE('',#136,#2280,#2282,.T.);
#2280 = VERTEX_POINT('',#2281);
#2281 = CARTESIAN_POINT('',(-18.31963127414,-30.79253172409,153.));
#2282 = LINE('',#2283,#2284);
#2283 = CARTESIAN_POINT('',(-19.57229933503,-32.89807743227,153.));
#2284 = VECTOR('',#2285,1.);
#2285 = DIRECTION('',(0.511293086077,0.859406411501,0.));
#2286 = ORIENTED_EDGE('',*,*,#2287,.F.);
#2287 = EDGE_CURVE('',#2222,#2280,#2288,.T.);
#2288 = CIRCLE('',#2289,35.83);
#2289 = AXIS2_PLACEMENT_3D('',#2290,#2291,#2292);
#2290 = CARTESIAN_POINT('',(0.,0.,153.));
#2291 = DIRECTION('',(0.,0.,1.));
#2292 = DIRECTION('',(-0.54829322952,-0.836286155848,0.));
#2293 = PLANE('',#2294);
#2294 = AXIS2_PLACEMENT_3D('',#2295,#2296,#2297);
#2295 = CARTESIAN_POINT('',(0.,0.,153.));
#2296 = DIRECTION('',(0.,0.,1.));
#2297 = DIRECTION('',(-0.54829322952,-0.836286155848,0.));
#2298 = ADVANCED_FACE('',(#2299),#2349,.F.);
#2299 = FACE_BOUND('',#2300,.F.);
#2300 = EDGE_LOOP('',(#2301,#2302,#2310,#2318,#2326,#2334,#2342,#2348));
#2301 = ORIENTED_EDGE('',*,*,#2279,.T.);
#2302 = ORIENTED_EDGE('',*,*,#2303,.T.);
#2303 = EDGE_CURVE('',#2280,#2304,#2306,.T.);
#2304 = VERTEX_POINT('',#2305);
#2305 = CARTESIAN_POINT('',(-18.07421059282,-30.38001664657,159.));
#2306 = LINE('',#2307,#2308);
#2307 = CARTESIAN_POINT('',(-18.31963127414,-30.79253172409,153.));
#2308 = VECTOR('',#2309,1.);
#2309 = DIRECTION('',(4.077318080092E-02,6.853355531652E-02,
    0.996815278536));
#2310 = ORIENTED_EDGE('',*,*,#2311,.T.);
#2311 = EDGE_CURVE('',#2304,#2312,#2314,.T.);
#2312 = VERTEX_POINT('',#2313);
#2313 = CARTESIAN_POINT('',(-14.5974176075,-24.53605304836,192.));
#2314 = LINE('',#2315,#2316);
#2315 = CARTESIAN_POINT('',(-18.07421059282,-30.38001664657,159.));
#2316 = VECTOR('',#2317,1.);
#2317 = DIRECTION('',(0.103189376956,0.173445748769,0.979422546564));
#2318 = ORIENTED_EDGE('',*,*,#2319,.T.);
#2319 = EDGE_CURVE('',#2312,#2320,#2322,.T.);
#2320 = VERTEX_POINT('',#2321);
#2321 = CARTESIAN_POINT('',(-14.33446687751,-24.09407260816,195.));
#2322 = LINE('',#2323,#2324);
#2323 = CARTESIAN_POINT('',(-14.5974176075,-24.53605304836,192.));
#2324 = VECTOR('',#2325,1.);
#2325 = DIRECTION('',(8.639003046338E-02,0.145208586018,0.985622254813)
  );
#2326 = ORIENTED_EDGE('',*,*,#2327,.T.);
#2327 = EDGE_CURVE('',#2320,#2328,#2330,.T.);
#2328 = VERTEX_POINT('',#2329);
#2329 = CARTESIAN_POINT('',(-14.56454876625,-24.48080549334,195.));
#2330 = LINE('',#2331,#2332);
#2331 = CARTESIAN_POINT('',(-14.33446687751,-24.09407260816,195.));
#2332 = VECTOR('',#2333,1.);
#2333 = DIRECTION('',(-0.511293086077,-0.859406411501,0.));
#2334 = ORIENTED_EDGE('',*,*,#2335,.T.);
#2335 = EDGE_CURVE('',#2328,#2336,#2338,.T.);
#2336 = VERTEX_POINT('',#2337);
#2337 = CARTESIAN_POINT('',(-14.82749949623,-24.92278593354,192.));
#2338 = LINE('',#2339,#2340);
#2339 = CARTESIAN_POINT('',(0.,0.,361.16666666666));
#2340 = VECTOR('',#2341,1.);
#2341 = DIRECTION('',(-8.639003046338E-02,-0.145208586018,
    -0.985622254813));
#2342 = ORIENTED_EDGE('',*,*,#2343,.T.);
#2343 = EDGE_CURVE('',#2336,#127,#2344,.T.);
#2344 = LINE('',#2345,#2346);
#2345 = CARTESIAN_POINT('',(0.,0.,332.73529411764));
#2346 = VECTOR('',#2347,1.);
#2347 = DIRECTION('',(-0.103189376956,-0.173445748769,-0.979422546564));
#2348 = ORIENTED_EDGE('',*,*,#135,.T.);
#2349 = PLANE('',#2350);
#2350 = AXIS2_PLACEMENT_3D('',#2351,#2352,#2353);
#2351 = CARTESIAN_POINT('',(-17.08357816876,-28.7149132453,174.034249751
    ));
#2352 = DIRECTION('',(0.859406411501,-0.511293086077,0.));
#2353 = DIRECTION('',(0.,0.,1.));
#2354 = ADVANCED_FACE('',(#2355),#2374,.T.);
#2355 = FACE_BOUND('',#2356,.T.);
#2356 = EDGE_LOOP('',(#2357,#2366,#2367,#2368));
#2357 = ORIENTED_EDGE('',*,*,#2358,.F.);
#2358 = EDGE_CURVE('',#2336,#2359,#2361,.T.);
#2359 = VERTEX_POINT('',#2360);
#2360 = CARTESIAN_POINT('',(14.827499496234,-24.92278593354,192.));
#2361 = CIRCLE('',#2362,29.);
#2362 = AXIS2_PLACEMENT_3D('',#2363,#2364,#2365);
#2363 = CARTESIAN_POINT('',(0.,0.,192.));
#2364 = DIRECTION('',(0.,0.,1.));
#2365 = DIRECTION('',(1.,0.,0.));
#2366 = ORIENTED_EDGE('',*,*,#2343,.T.);
#2367 = ORIENTED_EDGE('',*,*,#126,.T.);
#2368 = ORIENTED_EDGE('',*,*,#2369,.F.);
#2369 = EDGE_CURVE('',#2359,#119,#2370,.T.);
#2370 = LINE('',#2371,#2372);
#2371 = CARTESIAN_POINT('',(0.,0.,332.73529411764));
#2372 = VECTOR('',#2373,1.);
#2373 = DIRECTION('',(0.103189376956,-0.173445748769,-0.979422546564));
#2374 = CONICAL_SURFACE('',#2375,35.8,0.203216215884);
#2375 = AXIS2_PLACEMENT_3D('',#2376,#2377,#2378);
#2376 = CARTESIAN_POINT('',(0.,0.,159.));
#2377 = DIRECTION('',(-0.,-0.,-1.));
#2378 = DIRECTION('',(1.,0.,0.));
#2379 = ADVANCED_FACE('',(#2380),#2430,.T.);
#2380 = FACE_BOUND('',#2381,.T.);
#2381 = EDGE_LOOP('',(#2382,#2390,#2398,#2406,#2414,#2422,#2428,#2429));
#2382 = ORIENTED_EDGE('',*,*,#2383,.T.);
#2383 = EDGE_CURVE('',#110,#2384,#2386,.T.);
#2384 = VERTEX_POINT('',#2385);
#2385 = CARTESIAN_POINT('',(18.319631274141,-30.79253172409,153.));
#2386 = LINE('',#2387,#2388);
#2387 = CARTESIAN_POINT('',(19.57229933503,-32.89807743227,153.));
#2388 = VECTOR('',#2389,1.);
#2389 = DIRECTION('',(-0.511293086077,0.859406411501,0.));
#2390 = ORIENTED_EDGE('',*,*,#2391,.T.);
#2391 = EDGE_CURVE('',#2384,#2392,#2394,.T.);
#2392 = VERTEX_POINT('',#2393);
#2393 = CARTESIAN_POINT('',(18.074210592824,-30.38001664657,159.));
#2394 = LINE('',#2395,#2396);
#2395 = CARTESIAN_POINT('',(18.319631274141,-30.79253172409,153.));
#2396 = VECTOR('',#2397,1.);
#2397 = DIRECTION('',(-4.077318080092E-02,6.853355531652E-02,
    0.996815278536));
#2398 = ORIENTED_EDGE('',*,*,#2399,.T.);
#2399 = EDGE_CURVE('',#2392,#2400,#2402,.T.);
#2400 = VERTEX_POINT('',#2401);
#2401 = CARTESIAN_POINT('',(14.5974176075,-24.53605304836,192.));
#2402 = LINE('',#2403,#2404);
#2403 = CARTESIAN_POINT('',(18.074210592824,-30.38001664657,159.));
#2404 = VECTOR('',#2405,1.);
#2405 = DIRECTION('',(-0.103189376956,0.173445748769,0.979422546564));
#2406 = ORIENTED_EDGE('',*,*,#2407,.T.);
#2407 = EDGE_CURVE('',#2400,#2408,#2410,.T.);
#2408 = VERTEX_POINT('',#2409);
#2409 = CARTESIAN_POINT('',(14.334466877517,-24.09407260816,195.));
#2410 = LINE('',#2411,#2412);
#2411 = CARTESIAN_POINT('',(14.5974176075,-24.53605304836,192.));
#2412 = VECTOR('',#2413,1.);
#2413 = DIRECTION('',(-8.639003046338E-02,0.145208586018,0.985622254813)
  );
#2414 = ORIENTED_EDGE('',*,*,#2415,.T.);
#2415 = EDGE_CURVE('',#2408,#2416,#2418,.T.);
#2416 = VERTEX_POINT('',#2417);
#2417 = CARTESIAN_POINT('',(14.564548766252,-24.48080549334,195.));
#2418 = LINE('',#2419,#2420);
#2419 = CARTESIAN_POINT('',(14.334466877517,-24.09407260816,195.));
#2420 = VECTOR('',#2421,1.);
#2421 = DIRECTION('',(0.511293086077,-0.859406411501,0.));
#2422 = ORIENTED_EDGE('',*,*,#2423,.T.);
#2423 = EDGE_CURVE('',#2416,#2359,#2424,.T.);
#2424 = LINE('',#2425,#2426);
#2425 = CARTESIAN_POINT('',(0.,0.,361.16666666666));
#2426 = VECTOR('',#2427,1.);
#2427 = DIRECTION('',(8.639003046338E-02,-0.145208586018,-0.985622254813
    ));
#2428 = ORIENTED_EDGE('',*,*,#2369,.T.);
#2429 = ORIENTED_EDGE('',*,*,#118,.T.);
#2430 = PLANE('',#2431);
#2431 = AXIS2_PLACEMENT_3D('',#2432,#2433,#2434);
#2432 = CARTESIAN_POINT('',(17.083578168768,-28.7149132453,174.034249751
    ));
#2433 = DIRECTION('',(0.859406411501,0.511293086077,0.));
#2434 = DIRECTION('',(0.,0.,1.));
#2435 = ADVANCED_FACE('',(#2436),#2455,.T.);
#2436 = FACE_BOUND('',#2437,.T.);
#2437 = EDGE_LOOP('',(#2438,#2439,#2440,#2448));
#2438 = ORIENTED_EDGE('',*,*,#2383,.F.);
#2439 = ORIENTED_EDGE('',*,*,#109,.T.);
#2440 = ORIENTED_EDGE('',*,*,#2441,.T.);
#2441 = EDGE_CURVE('',#102,#2442,#2444,.T.);
#2442 = VERTEX_POINT('',#2443);
#2443 = CARTESIAN_POINT('',(19.645346413699,-29.96413296402,153.));
#2444 = LINE('',#2445,#2446);
#2445 = CARTESIAN_POINT('',(20.988664826022,-32.01303404585,153.));
#2446 = VECTOR('',#2447,1.);
#2447 = DIRECTION('',(-0.54829322952,0.836286155848,0.));
#2448 = ORIENTED_EDGE('',*,*,#2449,.F.);
#2449 = EDGE_CURVE('',#2384,#2442,#2450,.T.);
#2450 = CIRCLE('',#2451,35.83);
#2451 = AXIS2_PLACEMENT_3D('',#2452,#2453,#2454);
#2452 = CARTESIAN_POINT('',(0.,0.,153.));
#2453 = DIRECTION('',(-0.,0.,1.));
#2454 = DIRECTION('',(0.511293086077,-0.859406411501,0.));
#2455 = PLANE('',#2456);
#2456 = AXIS2_PLACEMENT_3D('',#2457,#2458,#2459);
#2457 = CARTESIAN_POINT('',(0.,0.,153.));
#2458 = DIRECTION('',(0.,0.,1.));
#2459 = DIRECTION('',(0.511293086077,-0.859406411501,0.));
#2460 = ADVANCED_FACE('',(#2461),#2511,.F.);
#2461 = FACE_BOUND('',#2462,.F.);
#2462 = EDGE_LOOP('',(#2463,#2464,#2472,#2480,#2488,#2496,#2504,#2510));
#2463 = ORIENTED_EDGE('',*,*,#2441,.T.);
#2464 = ORIENTED_EDGE('',*,*,#2465,.T.);
#2465 = EDGE_CURVE('',#2442,#2466,#2468,.T.);
#2466 = VERTEX_POINT('',#2467);
#2467 = CARTESIAN_POINT('',(19.382165663529,-29.56271560921,159.));
#2468 = LINE('',#2469,#2470);
#2469 = CARTESIAN_POINT('',(19.645346413699,-29.96413296402,153.));
#2470 = VECTOR('',#2471,1.);
#2471 = DIRECTION('',(-4.372376546427E-02,6.668982539018E-02,
    0.996815278536));
#2472 = ORIENTED_EDGE('',*,*,#2473,.T.);
#2473 = EDGE_CURVE('',#2466,#2474,#2476,.T.);
#2474 = VERTEX_POINT('',#2475);
#2475 = CARTESIAN_POINT('',(15.653771702794,-23.87596974945,192.));
#2476 = LINE('',#2477,#2478);
#2477 = CARTESIAN_POINT('',(19.382165663529,-29.56271560921,159.));
#2478 = VECTOR('',#2479,1.);
#2479 = DIRECTION('',(-0.110656760837,0.168779609443,0.979422546564));
#2480 = ORIENTED_EDGE('',*,*,#2481,.T.);
#2481 = EDGE_CURVE('',#2474,#2482,#2484,.T.);
#2482 = VERTEX_POINT('',#2483);
#2483 = CARTESIAN_POINT('',(15.371792327612,-23.44587972644,195.));
#2484 = LINE('',#2485,#2486);
#2485 = CARTESIAN_POINT('',(15.653771702794,-23.87596974945,192.));
#2486 = VECTOR('',#2487,1.);
#2487 = DIRECTION('',(-9.264171585913E-02,0.141302099416,0.985622254813)
  );
#2488 = ORIENTED_EDGE('',*,*,#2489,.T.);
#2489 = EDGE_CURVE('',#2482,#2490,#2492,.T.);
#2490 = VERTEX_POINT('',#2491);
#2491 = CARTESIAN_POINT('',(15.618524280896,-23.82220849657,195.));
#2492 = LINE('',#2493,#2494);
#2493 = CARTESIAN_POINT('',(15.371792327612,-23.44587972644,195.));
#2494 = VECTOR('',#2495,1.);
#2495 = DIRECTION('',(0.54829322952,-0.836286155848,0.));
#2496 = ORIENTED_EDGE('',*,*,#2497,.T.);
#2497 = EDGE_CURVE('',#2490,#2498,#2500,.T.);
#2498 = VERTEX_POINT('',#2499);
#2499 = CARTESIAN_POINT('',(15.900503656078,-24.25229851958,192.));
#2500 = LINE('',#2501,#2502);
#2501 = CARTESIAN_POINT('',(0.,0.,361.16666666666));
#2502 = VECTOR('',#2503,1.);
#2503 = DIRECTION('',(9.264171585913E-02,-0.141302099416,-0.985622254813
    ));
#2504 = ORIENTED_EDGE('',*,*,#2505,.T.);
#2505 = EDGE_CURVE('',#2498,#93,#2506,.T.);
#2506 = LINE('',#2507,#2508);
#2507 = CARTESIAN_POINT('',(0.,0.,332.73529411764));
#2508 = VECTOR('',#2509,1.);
#2509 = DIRECTION('',(0.110656760837,-0.168779609443,-0.979422546564));
#2510 = ORIENTED_EDGE('',*,*,#101,.T.);
#2511 = PLANE('',#2512);
#2512 = AXIS2_PLACEMENT_3D('',#2513,#2514,#2515);
#2513 = CARTESIAN_POINT('',(18.319845311771,-27.94240779686,
    174.034249751));
#2514 = DIRECTION('',(0.836286155848,0.54829322952,0.));
#2515 = DIRECTION('',(0.,0.,1.));
#2516 = ADVANCED_FACE('',(#2517),#2536,.T.);
#2517 = FACE_BOUND('',#2518,.T.);
#2518 = EDGE_LOOP('',(#2519,#2528,#2529,#2530));
#2519 = ORIENTED_EDGE('',*,*,#2520,.F.);
#2520 = EDGE_CURVE('',#2498,#2521,#2523,.T.);
#2521 = VERTEX_POINT('',#2522);
#2522 = CARTESIAN_POINT('',(24.252298519585,-15.90050365607,192.));
#2523 = CIRCLE('',#2524,29.);
#2524 = AXIS2_PLACEMENT_3D('',#2525,#2526,#2527);
#2525 = CARTESIAN_POINT('',(0.,0.,192.));
#2526 = DIRECTION('',(0.,0.,1.));
#2527 = DIRECTION('',(1.,0.,0.));
#2528 = ORIENTED_EDGE('',*,*,#2505,.T.);
#2529 = ORIENTED_EDGE('',*,*,#92,.T.);
#2530 = ORIENTED_EDGE('',*,*,#2531,.F.);
#2531 = EDGE_CURVE('',#2521,#85,#2532,.T.);
#2532 = LINE('',#2533,#2534);
#2533 = CARTESIAN_POINT('',(0.,0.,332.73529411764));
#2534 = VECTOR('',#2535,1.);
#2535 = DIRECTION('',(0.168779609443,-0.110656760837,-0.979422546564));
#2536 = CONICAL_SURFACE('',#2537,35.8,0.203216215884);
#2537 = AXIS2_PLACEMENT_3D('',#2538,#2539,#2540);
#2538 = CARTESIAN_POINT('',(0.,0.,159.));
#2539 = DIRECTION('',(-0.,-0.,-1.));
#2540 = DIRECTION('',(1.,0.,0.));
#2541 = ADVANCED_FACE('',(#2542),#2592,.T.);
#2542 = FACE_BOUND('',#2543,.T.);
#2543 = EDGE_LOOP('',(#2544,#2552,#2560,#2568,#2576,#2584,#2590,#2591));
#2544 = ORIENTED_EDGE('',*,*,#2545,.T.);
#2545 = EDGE_CURVE('',#76,#2546,#2548,.T.);
#2546 = VERTEX_POINT('',#2547);
#2547 = CARTESIAN_POINT('',(29.964132964025,-19.64534641369,153.));
#2548 = LINE('',#2549,#2550);
#2549 = CARTESIAN_POINT('',(32.013034045852,-20.98866482602,153.));
#2550 = VECTOR('',#2551,1.);
#2551 = DIRECTION('',(-0.836286155848,0.54829322952,0.));
#2552 = ORIENTED_EDGE('',*,*,#2553,.T.);
#2553 = EDGE_CURVE('',#2546,#2554,#2556,.T.);
#2554 = VERTEX_POINT('',#2555);
#2555 = CARTESIAN_POINT('',(29.562715609218,-19.38216566352,159.));
#2556 = LINE('',#2557,#2558);
#2557 = CARTESIAN_POINT('',(29.964132964025,-19.64534641369,153.));
#2558 = VECTOR('',#2559,1.);
#2559 = DIRECTION('',(-6.668982539018E-02,4.372376546427E-02,
    0.996815278536));
#2560 = ORIENTED_EDGE('',*,*,#2561,.T.);
#2561 = EDGE_CURVE('',#2554,#2562,#2564,.T.);
#2562 = VERTEX_POINT('',#2563);
#2563 = CARTESIAN_POINT('',(23.875969749454,-15.65377170279,192.));
#2564 = LINE('',#2565,#2566);
#2565 = CARTESIAN_POINT('',(29.562715609218,-19.38216566352,159.));
#2566 = VECTOR('',#2567,1.);
#2567 = DIRECTION('',(-0.168779609443,0.110656760837,0.979422546564));
#2568 = ORIENTED_EDGE('',*,*,#2569,.T.);
#2569 = EDGE_CURVE('',#2562,#2570,#2572,.T.);
#2570 = VERTEX_POINT('',#2571);
#2571 = CARTESIAN_POINT('',(23.445879726446,-15.37179232761,195.));
#2572 = LINE('',#2573,#2574);
#2573 = CARTESIAN_POINT('',(23.875969749454,-15.65377170279,192.));
#2574 = VECTOR('',#2575,1.);
#2575 = DIRECTION('',(-0.141302099416,9.264171585913E-02,0.985622254813)
  );
#2576 = ORIENTED_EDGE('',*,*,#2577,.T.);
#2577 = EDGE_CURVE('',#2570,#2578,#2580,.T.);
#2578 = VERTEX_POINT('',#2579);
#2579 = CARTESIAN_POINT('',(23.822208496578,-15.61852428089,195.));
#2580 = LINE('',#2581,#2582);
#2581 = CARTESIAN_POINT('',(23.445879726446,-15.37179232761,195.));
#2582 = VECTOR('',#2583,1.);
#2583 = DIRECTION('',(0.836286155848,-0.54829322952,0.));
#2584 = ORIENTED_EDGE('',*,*,#2585,.T.);
#2585 = EDGE_CURVE('',#2578,#2521,#2586,.T.);
#2586 = LINE('',#2587,#2588);
#2587 = CARTESIAN_POINT('',(0.,0.,361.16666666666));
#2588 = VECTOR('',#2589,1.);
#2589 = DIRECTION('',(0.141302099416,-9.264171585913E-02,-0.985622254813
    ));
#2590 = ORIENTED_EDGE('',*,*,#2531,.T.);
#2591 = ORIENTED_EDGE('',*,*,#84,.T.);
#2592 = PLANE('',#2593);
#2593 = AXIS2_PLACEMENT_3D('',#2594,#2595,#2596);
#2594 = CARTESIAN_POINT('',(27.942407796867,-18.31984531177,
    174.034249751));
#2595 = DIRECTION('',(0.54829322952,0.836286155848,0.));
#2596 = DIRECTION('',(0.,0.,1.));
#2597 = ADVANCED_FACE('',(#2598),#2617,.T.);
#2598 = FACE_BOUND('',#2599,.T.);
#2599 = EDGE_LOOP('',(#2600,#2601,#2602,#2610));
#2600 = ORIENTED_EDGE('',*,*,#2545,.F.);
#2601 = ORIENTED_EDGE('',*,*,#75,.T.);
#2602 = ORIENTED_EDGE('',*,*,#2603,.T.);
#2603 = EDGE_CURVE('',#68,#2604,#2606,.T.);
#2604 = VERTEX_POINT('',#2605);
#2605 = CARTESIAN_POINT('',(30.792531724097,-18.31963127414,153.));
#2606 = LINE('',#2607,#2608);
#2607 = CARTESIAN_POINT('',(32.898077432276,-19.57229933503,153.));
#2608 = VECTOR('',#2609,1.);
#2609 = DIRECTION('',(-0.859406411501,0.511293086077,0.));
#2610 = ORIENTED_EDGE('',*,*,#2611,.F.);
#2611 = EDGE_CURVE('',#2546,#2604,#2612,.T.);
#2612 = CIRCLE('',#2613,35.83);
#2613 = AXIS2_PLACEMENT_3D('',#2614,#2615,#2616);
#2614 = CARTESIAN_POINT('',(0.,0.,153.));
#2615 = DIRECTION('',(-0.,0.,1.));
#2616 = DIRECTION('',(0.836286155848,-0.54829322952,0.));
#2617 = PLANE('',#2618);
#2618 = AXIS2_PLACEMENT_3D('',#2619,#2620,#2621);
#2619 = CARTESIAN_POINT('',(0.,0.,153.));
#2620 = DIRECTION('',(0.,0.,1.));
#2621 = DIRECTION('',(0.836286155848,-0.54829322952,0.));
#2622 = ADVANCED_FACE('',(#2623),#2673,.F.);
#2623 = FACE_BOUND('',#2624,.F.);
#2624 = EDGE_LOOP('',(#2625,#2626,#2634,#2642,#2650,#2658,#2666,#2672));
#2625 = ORIENTED_EDGE('',*,*,#2603,.T.);
#2626 = ORIENTED_EDGE('',*,*,#2627,.T.);
#2627 = EDGE_CURVE('',#2604,#2628,#2630,.T.);
#2628 = VERTEX_POINT('',#2629);
#2629 = CARTESIAN_POINT('',(30.380016646576,-18.07421059282,159.));
#2630 = LINE('',#2631,#2632);
#2631 = CARTESIAN_POINT('',(30.792531724097,-18.31963127414,153.));
#2632 = VECTOR('',#2633,1.);
#2633 = DIRECTION('',(-6.853355531652E-02,4.077318080092E-02,
    0.996815278536));
#2634 = ORIENTED_EDGE('',*,*,#2635,.T.);
#2635 = EDGE_CURVE('',#2628,#2636,#2638,.T.);
#2636 = VERTEX_POINT('',#2637);
#2637 = CARTESIAN_POINT('',(24.536053048366,-14.5974176075,192.));
#2638 = LINE('',#2639,#2640);
#2639 = CARTESIAN_POINT('',(30.380016646576,-18.07421059282,159.));
#2640 = VECTOR('',#2641,1.);
#2641 = DIRECTION('',(-0.173445748769,0.103189376956,0.979422546564));
#2642 = ORIENTED_EDGE('',*,*,#2643,.T.);
#2643 = EDGE_CURVE('',#2636,#2644,#2646,.T.);
#2644 = VERTEX_POINT('',#2645);
#2645 = CARTESIAN_POINT('',(24.094072608166,-14.33446687751,195.));
#2646 = LINE('',#2647,#2648);
#2647 = CARTESIAN_POINT('',(24.536053048366,-14.5974176075,192.));
#2648 = VECTOR('',#2649,1.);
#2649 = DIRECTION('',(-0.145208586018,8.639003046338E-02,0.985622254813)
  );
#2650 = ORIENTED_EDGE('',*,*,#2651,.T.);
#2651 = EDGE_CURVE('',#2644,#2652,#2654,.T.);
#2652 = VERTEX_POINT('',#2653);
#2653 = CARTESIAN_POINT('',(24.480805493341,-14.56454876625,195.));
#2654 = LINE('',#2655,#2656);
#2655 = CARTESIAN_POINT('',(24.094072608166,-14.33446687751,195.));
#2656 = VECTOR('',#2657,1.);
#2657 = DIRECTION('',(0.859406411501,-0.511293086077,0.));
#2658 = ORIENTED_EDGE('',*,*,#2659,.T.);
#2659 = EDGE_CURVE('',#2652,#2660,#2662,.T.);
#2660 = VERTEX_POINT('',#2661);
#2661 = CARTESIAN_POINT('',(24.922785933542,-14.82749949623,192.));
#2662 = LINE('',#2663,#2664);
#2663 = CARTESIAN_POINT('',(0.,0.,361.16666666666));
#2664 = VECTOR('',#2665,1.);
#2665 = DIRECTION('',(0.145208586018,-8.639003046338E-02,-0.985622254813
    ));
#2666 = ORIENTED_EDGE('',*,*,#2667,.T.);
#2667 = EDGE_CURVE('',#2660,#59,#2668,.T.);
#2668 = LINE('',#2669,#2670);
#2669 = CARTESIAN_POINT('',(0.,0.,332.73529411764));
#2670 = VECTOR('',#2671,1.);
#2671 = DIRECTION('',(0.173445748769,-0.103189376956,-0.979422546564));
#2672 = ORIENTED_EDGE('',*,*,#67,.T.);
#2673 = PLANE('',#2674);
#2674 = AXIS2_PLACEMENT_3D('',#2675,#2676,#2677);
#2675 = CARTESIAN_POINT('',(28.714913245302,-17.08357816876,
    174.034249751));
#2676 = DIRECTION('',(0.511293086077,0.859406411501,0.));
#2677 = DIRECTION('',(0.,0.,1.));
#2678 = ADVANCED_FACE('',(#2679),#2691,.T.);
#2679 = FACE_BOUND('',#2680,.T.);
#2680 = EDGE_LOOP('',(#2681,#2688,#2689,#2690));
#2681 = ORIENTED_EDGE('',*,*,#2682,.F.);
#2682 = EDGE_CURVE('',#2660,#1380,#2683,.T.);
#2683 = CIRCLE('',#2684,29.);
#2684 = AXIS2_PLACEMENT_3D('',#2685,#2686,#2687);
#2685 = CARTESIAN_POINT('',(0.,0.,192.));
#2686 = DIRECTION('',(0.,0.,1.));
#2687 = DIRECTION('',(1.,0.,0.));
#2688 = ORIENTED_EDGE('',*,*,#2667,.T.);
#2689 = ORIENTED_EDGE('',*,*,#58,.T.);
#2690 = ORIENTED_EDGE('',*,*,#1379,.T.);
#2691 = CONICAL_SURFACE('',#2692,35.8,0.203216215884);
#2692 = AXIS2_PLACEMENT_3D('',#2693,#2694,#2695);
#2693 = CARTESIAN_POINT('',(0.,0.,159.));
#2694 = DIRECTION('',(-0.,-0.,-1.));
#2695 = DIRECTION('',(1.,0.,0.));
#2696 = ADVANCED_FACE('',(#2697),#2708,.F.);
#2697 = FACE_BOUND('',#2698,.F.);
#2698 = EDGE_LOOP('',(#2699,#2700,#2706,#2707));
#2699 = ORIENTED_EDGE('',*,*,#340,.F.);
#2700 = ORIENTED_EDGE('',*,*,#2701,.F.);
#2701 = EDGE_CURVE('',#870,#341,#2702,.T.);
#2702 = LINE('',#2703,#2704);
#2703 = CARTESIAN_POINT('',(-17.88980156402,20.293964620054,147.2));
#2704 = VECTOR('',#2705,1.);
#2705 = DIRECTION('',(-0.707106781187,0.707106781187,-4.61999564536E-33)
  );
#2706 = ORIENTED_EDGE('',*,*,#869,.T.);
#2707 = ORIENTED_EDGE('',*,*,#2701,.T.);
#2708 = CYLINDRICAL_SURFACE('',#2709,1.7);
#2709 = AXIS2_PLACEMENT_3D('',#2710,#2711,#2712);
#2710 = CARTESIAN_POINT('',(-19.09188309203,19.091883092037,147.2));
#2711 = DIRECTION('',(-0.707106781187,0.707106781187,0.));
#2712 = DIRECTION('',(0.707106781187,0.707106781187,0.));
#2713 = ADVANCED_FACE('',(#2714),#2725,.F.);
#2714 = FACE_BOUND('',#2715,.F.);
#2715 = EDGE_LOOP('',(#2716,#2717,#2723,#2724));
#2716 = ORIENTED_EDGE('',*,*,#463,.F.);
#2717 = ORIENTED_EDGE('',*,*,#2718,.F.);
#2718 = EDGE_CURVE('',#993,#464,#2719,.T.);
#2719 = LINE('',#2720,#2721);
#2720 = CARTESIAN_POINT('',(17.88980156402,-20.29396462005,147.2));
#2721 = VECTOR('',#2722,1.);
#2722 = DIRECTION('',(0.707106781187,-0.707106781187,-2.823436590646E-33
    ));
#2723 = ORIENTED_EDGE('',*,*,#992,.T.);
#2724 = ORIENTED_EDGE('',*,*,#2718,.T.);
#2725 = CYLINDRICAL_SURFACE('',#2726,1.7);
#2726 = AXIS2_PLACEMENT_3D('',#2727,#2728,#2729);
#2727 = CARTESIAN_POINT('',(19.091883092037,-19.09188309203,147.2));
#2728 = DIRECTION('',(0.707106781187,-0.707106781187,0.));
#2729 = DIRECTION('',(-0.707106781187,-0.707106781187,0.));
#2730 = ADVANCED_FACE('',(#2731),#2742,.F.);
#2731 = FACE_BOUND('',#2732,.F.);
#2732 = EDGE_LOOP('',(#2733,#2734,#2740,#2741));
#2733 = ORIENTED_EDGE('',*,*,#586,.F.);
#2734 = ORIENTED_EDGE('',*,*,#2735,.F.);
#2735 = EDGE_CURVE('',#1116,#587,#2736,.T.);
#2736 = LINE('',#2737,#2738);
#2737 = CARTESIAN_POINT('',(17.88980156402,20.293964620054,147.2));
#2738 = VECTOR('',#2739,1.);
#2739 = DIRECTION('',(0.707106781187,0.707106781187,-1.101497328414E-32)
  );
#2740 = ORIENTED_EDGE('',*,*,#1115,.T.);
#2741 = ORIENTED_EDGE('',*,*,#2735,.T.);
#2742 = CYLINDRICAL_SURFACE('',#2743,1.7);
#2743 = AXIS2_PLACEMENT_3D('',#2744,#2745,#2746);
#2744 = CARTESIAN_POINT('',(19.091883092037,19.091883092037,147.2));
#2745 = DIRECTION('',(0.707106781187,0.707106781187,0.));
#2746 = DIRECTION('',(-0.707106781187,0.707106781187,0.));
#2747 = ADVANCED_FACE('',(#2748),#2759,.F.);
#2748 = FACE_BOUND('',#2749,.F.);
#2749 = EDGE_LOOP('',(#2750,#2751,#2757,#2758));
#2750 = ORIENTED_EDGE('',*,*,#715,.F.);
#2751 = ORIENTED_EDGE('',*,*,#2752,.F.);
#2752 = EDGE_CURVE('',#1245,#716,#2753,.T.);
#2753 = LINE('',#2754,#2755);
#2754 = CARTESIAN_POINT('',(-17.88980156402,-20.29396462005,147.2));
#2755 = VECTOR('',#2756,1.);
#2756 = DIRECTION('',(-0.707106781187,-0.707106781187,
    -1.643878953337E-32));
#2757 = ORIENTED_EDGE('',*,*,#1244,.T.);
#2758 = ORIENTED_EDGE('',*,*,#2752,.T.);
#2759 = CYLINDRICAL_SURFACE('',#2760,1.7);
#2760 = AXIS2_PLACEMENT_3D('',#2761,#2762,#2763);
#2761 = CARTESIAN_POINT('',(-19.09188309203,-19.09188309203,147.2));
#2762 = DIRECTION('',(-0.707106781187,-0.707106781187,0.));
#2763 = DIRECTION('',(0.707106781187,-0.707106781187,0.));
#2764 = ADVANCED_FACE('',(#2765),#2784,.F.);
#2765 = FACE_BOUND('',#2766,.F.);
#2766 = EDGE_LOOP('',(#2767,#2768,#2776,#2783));
#2767 = ORIENTED_EDGE('',*,*,#860,.T.);
#2768 = ORIENTED_EDGE('',*,*,#2769,.T.);
#2769 = EDGE_CURVE('',#851,#2770,#2772,.T.);
#2770 = VERTEX_POINT('',#2771);
#2771 = CARTESIAN_POINT('',(26.6,0.,192.));
#2772 = LINE('',#2773,#2774);
#2773 = CARTESIAN_POINT('',(33.4,0.,159.));
#2774 = VECTOR('',#2775,1.);
#2775 = DIRECTION('',(-0.201820403534,0.,0.979422546564));
#2776 = ORIENTED_EDGE('',*,*,#2777,.F.);
#2777 = EDGE_CURVE('',#2770,#2770,#2778,.T.);
#2778 = CIRCLE('',#2779,26.6);
#2779 = AXIS2_PLACEMENT_3D('',#2780,#2781,#2782);
#2780 = CARTESIAN_POINT('',(0.,0.,192.));
#2781 = DIRECTION('',(0.,0.,1.));
#2782 = DIRECTION('',(1.,0.,0.));
#2783 = ORIENTED_EDGE('',*,*,#2769,.F.);
#2784 = CONICAL_SURFACE('',#2785,33.4,0.203216215884);
#2785 = AXIS2_PLACEMENT_3D('',#2786,#2787,#2788);
#2786 = CARTESIAN_POINT('',(0.,0.,159.));
#2787 = DIRECTION('',(-0.,-0.,-1.));
#2788 = DIRECTION('',(1.,0.,0.));
#2789 = ADVANCED_FACE('',(#2790),#2889,.T.);
#2790 = FACE_BOUND('',#2791,.T.);
#2791 = EDGE_LOOP('',(#2792,#2793,#2800,#2801,#2802,#2803,#2810,#2811,
    #2812,#2813,#2820,#2821,#2822,#2823,#2830,#2831,#2832,#2833,#2840,
    #2841,#2842,#2843,#2850,#2851,#2852,#2853,#2860,#2861,#2862,#2870,
    #2877,#2878,#2879,#2880,#2887,#2888));
#2792 = ORIENTED_EDGE('',*,*,#1613,.F.);
#2793 = ORIENTED_EDGE('',*,*,#2794,.T.);
#2794 = EDGE_CURVE('',#1606,#1680,#2795,.T.);
#2795 = CIRCLE('',#2796,28.485714285714);
#2796 = AXIS2_PLACEMENT_3D('',#2797,#2798,#2799);
#2797 = CARTESIAN_POINT('',(0.,0.,195.));
#2798 = DIRECTION('',(0.,0.,1.));
#2799 = DIRECTION('',(1.,0.,0.));
#2800 = ORIENTED_EDGE('',*,*,#1687,.T.);
#2801 = ORIENTED_EDGE('',*,*,#1710,.T.);
#2802 = ORIENTED_EDGE('',*,*,#1775,.F.);
#2803 = ORIENTED_EDGE('',*,*,#2804,.T.);
#2804 = EDGE_CURVE('',#1768,#1842,#2805,.T.);
#2805 = CIRCLE('',#2806,28.485714285714);
#2806 = AXIS2_PLACEMENT_3D('',#2807,#2808,#2809);
#2807 = CARTESIAN_POINT('',(0.,0.,195.));
#2808 = DIRECTION('',(0.,0.,1.));
#2809 = DIRECTION('',(1.,0.,0.));
#2810 = ORIENTED_EDGE('',*,*,#1849,.T.);
#2811 = ORIENTED_EDGE('',*,*,#1872,.T.);
#2812 = ORIENTED_EDGE('',*,*,#1937,.F.);
#2813 = ORIENTED_EDGE('',*,*,#2814,.T.);
#2814 = EDGE_CURVE('',#1930,#2004,#2815,.T.);
#2815 = CIRCLE('',#2816,28.485714285714);
#2816 = AXIS2_PLACEMENT_3D('',#2817,#2818,#2819);
#2817 = CARTESIAN_POINT('',(0.,0.,195.));
#2818 = DIRECTION('',(0.,0.,1.));
#2819 = DIRECTION('',(1.,0.,0.));
#2820 = ORIENTED_EDGE('',*,*,#2011,.T.);
#2821 = ORIENTED_EDGE('',*,*,#2034,.T.);
#2822 = ORIENTED_EDGE('',*,*,#2099,.F.);
#2823 = ORIENTED_EDGE('',*,*,#2824,.T.);
#2824 = EDGE_CURVE('',#2092,#2166,#2825,.T.);
#2825 = CIRCLE('',#2826,28.485714285714);
#2826 = AXIS2_PLACEMENT_3D('',#2827,#2828,#2829);
#2827 = CARTESIAN_POINT('',(0.,0.,195.));
#2828 = DIRECTION('',(0.,0.,1.));
#2829 = DIRECTION('',(1.,0.,0.));
#2830 = ORIENTED_EDGE('',*,*,#2173,.T.);
#2831 = ORIENTED_EDGE('',*,*,#2196,.T.);
#2832 = ORIENTED_EDGE('',*,*,#2261,.F.);
#2833 = ORIENTED_EDGE('',*,*,#2834,.T.);
#2834 = EDGE_CURVE('',#2254,#2328,#2835,.T.);
#2835 = CIRCLE('',#2836,28.485714285714);
#2836 = AXIS2_PLACEMENT_3D('',#2837,#2838,#2839);
#2837 = CARTESIAN_POINT('',(0.,0.,195.));
#2838 = DIRECTION('',(0.,0.,1.));
#2839 = DIRECTION('',(1.,0.,0.));
#2840 = ORIENTED_EDGE('',*,*,#2335,.T.);
#2841 = ORIENTED_EDGE('',*,*,#2358,.T.);
#2842 = ORIENTED_EDGE('',*,*,#2423,.F.);
#2843 = ORIENTED_EDGE('',*,*,#2844,.T.);
#2844 = EDGE_CURVE('',#2416,#2490,#2845,.T.);
#2845 = CIRCLE('',#2846,28.485714285714);
#2846 = AXIS2_PLACEMENT_3D('',#2847,#2848,#2849);
#2847 = CARTESIAN_POINT('',(0.,0.,195.));
#2848 = DIRECTION('',(0.,0.,1.));
#2849 = DIRECTION('',(1.,0.,0.));
#2850 = ORIENTED_EDGE('',*,*,#2497,.T.);
#2851 = ORIENTED_EDGE('',*,*,#2520,.T.);
#2852 = ORIENTED_EDGE('',*,*,#2585,.F.);
#2853 = ORIENTED_EDGE('',*,*,#2854,.T.);
#2854 = EDGE_CURVE('',#2578,#2652,#2855,.T.);
#2855 = CIRCLE('',#2856,28.485714285714);
#2856 = AXIS2_PLACEMENT_3D('',#2857,#2858,#2859);
#2857 = CARTESIAN_POINT('',(0.,0.,195.));
#2858 = DIRECTION('',(0.,0.,1.));
#2859 = DIRECTION('',(1.,0.,0.));
#2860 = ORIENTED_EDGE('',*,*,#2659,.T.);
#2861 = ORIENTED_EDGE('',*,*,#2682,.T.);
#2862 = ORIENTED_EDGE('',*,*,#2863,.T.);
#2863 = EDGE_CURVE('',#1380,#2864,#2866,.T.);
#2864 = VERTEX_POINT('',#2865);
#2865 = CARTESIAN_POINT('',(27.8,0.,199.));
#2866 = LINE('',#2867,#2868);
#2867 = CARTESIAN_POINT('',(29.,0.,192.));
#2868 = VECTOR('',#2869,1.);
#2869 = DIRECTION('',(-0.168963815111,0.,0.985622254813));
#2870 = ORIENTED_EDGE('',*,*,#2871,.F.);
#2871 = EDGE_CURVE('',#2864,#2864,#2872,.T.);
#2872 = CIRCLE('',#2873,27.8);
#2873 = AXIS2_PLACEMENT_3D('',#2874,#2875,#2876);
#2874 = CARTESIAN_POINT('',(0.,0.,199.));
#2875 = DIRECTION('',(0.,0.,1.));
#2876 = DIRECTION('',(1.,0.,0.));
#2877 = ORIENTED_EDGE('',*,*,#2863,.F.);
#2878 = ORIENTED_EDGE('',*,*,#1396,.T.);
#2879 = ORIENTED_EDGE('',*,*,#1451,.F.);
#2880 = ORIENTED_EDGE('',*,*,#2881,.T.);
#2881 = EDGE_CURVE('',#1444,#1518,#2882,.T.);
#2882 = CIRCLE('',#2883,28.485714285714);
#2883 = AXIS2_PLACEMENT_3D('',#2884,#2885,#2886);
#2884 = CARTESIAN_POINT('',(0.,0.,195.));
#2885 = DIRECTION('',(0.,0.,1.));
#2886 = DIRECTION('',(1.,0.,0.));
#2887 = ORIENTED_EDGE('',*,*,#1525,.T.);
#2888 = ORIENTED_EDGE('',*,*,#1558,.T.);
#2889 = CONICAL_SURFACE('',#2890,29.,0.169778273968);
#2890 = AXIS2_PLACEMENT_3D('',#2891,#2892,#2893);
#2891 = CARTESIAN_POINT('',(0.,0.,192.));
#2892 = DIRECTION('',(-0.,-0.,-1.));
#2893 = DIRECTION('',(1.,0.,0.));
#2894 = ADVANCED_FACE('',(#2895),#2907,.F.);
#2895 = FACE_BOUND('',#2896,.T.);
#2896 = EDGE_LOOP('',(#2897,#2898,#2905,#2906));
#2897 = ORIENTED_EDGE('',*,*,#1443,.F.);
#2898 = ORIENTED_EDGE('',*,*,#2899,.T.);
#2899 = EDGE_CURVE('',#1436,#1510,#2900,.T.);
#2900 = CIRCLE('',#2901,28.035714285714);
#2901 = AXIS2_PLACEMENT_3D('',#2902,#2903,#2904);
#2902 = CARTESIAN_POINT('',(0.,0.,195.));
#2903 = DIRECTION('',(0.,-0.,1.));
#2904 = DIRECTION('',(0.859406411501,0.511293086077,0.));
#2905 = ORIENTED_EDGE('',*,*,#1517,.T.);
#2906 = ORIENTED_EDGE('',*,*,#2881,.F.);
#2907 = PLANE('',#2908);
#2908 = AXIS2_PLACEMENT_3D('',#2909,#2910,#2911);
#2909 = CARTESIAN_POINT('',(0.,0.,195.));
#2910 = DIRECTION('',(0.,0.,1.));
#2911 = DIRECTION('',(0.859406411501,0.511293086077,0.));
#2912 = ADVANCED_FACE('',(#2913),#2925,.T.);
#2913 = FACE_BOUND('',#2914,.T.);
#2914 = EDGE_LOOP('',(#2915,#2922,#2923,#2924));
#2915 = ORIENTED_EDGE('',*,*,#2916,.T.);
#2916 = EDGE_CURVE('',#1428,#1502,#2917,.T.);
#2917 = CIRCLE('',#2918,28.55);
#2918 = AXIS2_PLACEMENT_3D('',#2919,#2920,#2921);
#2919 = CARTESIAN_POINT('',(0.,0.,192.));
#2920 = DIRECTION('',(0.,-0.,1.));
#2921 = DIRECTION('',(0.859406411501,0.511293086077,0.));
#2922 = ORIENTED_EDGE('',*,*,#1509,.T.);
#2923 = ORIENTED_EDGE('',*,*,#2899,.F.);
#2924 = ORIENTED_EDGE('',*,*,#1435,.F.);
#2925 = CONICAL_SURFACE('',#2926,28.55,0.169778273968);
#2926 = AXIS2_PLACEMENT_3D('',#2927,#2928,#2929);
#2927 = CARTESIAN_POINT('',(0.,0.,192.));
#2928 = DIRECTION('',(0.,-0.,-1.));
#2929 = DIRECTION('',(0.859406411501,0.511293086077,0.));
#2930 = ADVANCED_FACE('',(#2931),#2943,.T.);
#2931 = FACE_BOUND('',#2932,.T.);
#2932 = EDGE_LOOP('',(#2933,#2940,#2941,#2942));
#2933 = ORIENTED_EDGE('',*,*,#2934,.T.);
#2934 = EDGE_CURVE('',#1420,#1494,#2935,.T.);
#2935 = CIRCLE('',#2936,35.35);
#2936 = AXIS2_PLACEMENT_3D('',#2937,#2938,#2939);
#2937 = CARTESIAN_POINT('',(0.,0.,159.));
#2938 = DIRECTION('',(0.,-0.,1.));
#2939 = DIRECTION('',(0.859406411501,0.511293086077,0.));
#2940 = ORIENTED_EDGE('',*,*,#1501,.T.);
#2941 = ORIENTED_EDGE('',*,*,#2916,.F.);
#2942 = ORIENTED_EDGE('',*,*,#1427,.F.);
#2943 = CONICAL_SURFACE('',#2944,35.35,0.203216215884);
#2944 = AXIS2_PLACEMENT_3D('',#2945,#2946,#2947);
#2945 = CARTESIAN_POINT('',(0.,0.,159.));
#2946 = DIRECTION('',(0.,-0.,-1.));
#2947 = DIRECTION('',(0.859406411501,0.511293086077,0.));
#2948 = ADVANCED_FACE('',(#2949),#2955,.T.);
#2949 = FACE_BOUND('',#2950,.T.);
#2950 = EDGE_LOOP('',(#2951,#2952,#2953,#2954));
#2951 = ORIENTED_EDGE('',*,*,#1477,.T.);
#2952 = ORIENTED_EDGE('',*,*,#1493,.T.);
#2953 = ORIENTED_EDGE('',*,*,#2934,.F.);
#2954 = ORIENTED_EDGE('',*,*,#1419,.F.);
#2955 = CONICAL_SURFACE('',#2956,35.83,7.982998571224E-02);
#2956 = AXIS2_PLACEMENT_3D('',#2957,#2958,#2959);
#2957 = CARTESIAN_POINT('',(0.,0.,153.));
#2958 = DIRECTION('',(0.,-0.,-1.));
#2959 = DIRECTION('',(0.859406411501,0.511293086077,0.));
#2960 = ADVANCED_FACE('',(#2961),#2973,.F.);
#2961 = FACE_BOUND('',#2962,.T.);
#2962 = EDGE_LOOP('',(#2963,#2964,#2971,#2972));
#2963 = ORIENTED_EDGE('',*,*,#1605,.F.);
#2964 = ORIENTED_EDGE('',*,*,#2965,.T.);
#2965 = EDGE_CURVE('',#1598,#1672,#2966,.T.);
#2966 = CIRCLE('',#2967,28.035714285714);
#2967 = AXIS2_PLACEMENT_3D('',#2968,#2969,#2970);
#2968 = CARTESIAN_POINT('',(0.,0.,195.));
#2969 = DIRECTION('',(0.,-0.,1.));
#2970 = DIRECTION('',(0.54829322952,0.836286155848,0.));
#2971 = ORIENTED_EDGE('',*,*,#1679,.T.);
#2972 = ORIENTED_EDGE('',*,*,#2794,.F.);
#2973 = PLANE('',#2974);
#2974 = AXIS2_PLACEMENT_3D('',#2975,#2976,#2977);
#2975 = CARTESIAN_POINT('',(0.,0.,195.));
#2976 = DIRECTION('',(0.,0.,1.));
#2977 = DIRECTION('',(0.54829322952,0.836286155848,0.));
#2978 = ADVANCED_FACE('',(#2979),#2991,.T.);
#2979 = FACE_BOUND('',#2980,.T.);
#2980 = EDGE_LOOP('',(#2981,#2988,#2989,#2990));
#2981 = ORIENTED_EDGE('',*,*,#2982,.T.);
#2982 = EDGE_CURVE('',#1590,#1664,#2983,.T.);
#2983 = CIRCLE('',#2984,28.55);
#2984 = AXIS2_PLACEMENT_3D('',#2985,#2986,#2987);
#2985 = CARTESIAN_POINT('',(0.,0.,192.));
#2986 = DIRECTION('',(0.,-0.,1.));
#2987 = DIRECTION('',(0.54829322952,0.836286155848,0.));
#2988 = ORIENTED_EDGE('',*,*,#1671,.T.);
#2989 = ORIENTED_EDGE('',*,*,#2965,.F.);
#2990 = ORIENTED_EDGE('',*,*,#1597,.F.);
#2991 = CONICAL_SURFACE('',#2992,28.55,0.169778273968);
#2992 = AXIS2_PLACEMENT_3D('',#2993,#2994,#2995);
#2993 = CARTESIAN_POINT('',(0.,0.,192.));
#2994 = DIRECTION('',(0.,-0.,-1.));
#2995 = DIRECTION('',(0.54829322952,0.836286155848,0.));
#2996 = ADVANCED_FACE('',(#2997),#3009,.T.);
#2997 = FACE_BOUND('',#2998,.T.);
#2998 = EDGE_LOOP('',(#2999,#3006,#3007,#3008));
#2999 = ORIENTED_EDGE('',*,*,#3000,.T.);
#3000 = EDGE_CURVE('',#1582,#1656,#3001,.T.);
#3001 = CIRCLE('',#3002,35.35);
#3002 = AXIS2_PLACEMENT_3D('',#3003,#3004,#3005);
#3003 = CARTESIAN_POINT('',(0.,0.,159.));
#3004 = DIRECTION('',(0.,-0.,1.));
#3005 = DIRECTION('',(0.54829322952,0.836286155848,0.));
#3006 = ORIENTED_EDGE('',*,*,#1663,.T.);
#3007 = ORIENTED_EDGE('',*,*,#2982,.F.);
#3008 = ORIENTED_EDGE('',*,*,#1589,.F.);
#3009 = CONICAL_SURFACE('',#3010,35.35,0.203216215884);
#3010 = AXIS2_PLACEMENT_3D('',#3011,#3012,#3013);
#3011 = CARTESIAN_POINT('',(0.,0.,159.));
#3012 = DIRECTION('',(0.,-0.,-1.));
#3013 = DIRECTION('',(0.54829322952,0.836286155848,0.));
#3014 = ADVANCED_FACE('',(#3015),#3021,.T.);
#3015 = FACE_BOUND('',#3016,.T.);
#3016 = EDGE_LOOP('',(#3017,#3018,#3019,#3020));
#3017 = ORIENTED_EDGE('',*,*,#1639,.T.);
#3018 = ORIENTED_EDGE('',*,*,#1655,.T.);
#3019 = ORIENTED_EDGE('',*,*,#3000,.F.);
#3020 = ORIENTED_EDGE('',*,*,#1581,.F.);
#3021 = CONICAL_SURFACE('',#3022,35.83,7.982998571224E-02);
#3022 = AXIS2_PLACEMENT_3D('',#3023,#3024,#3025);
#3023 = CARTESIAN_POINT('',(0.,0.,153.));
#3024 = DIRECTION('',(0.,-0.,-1.));
#3025 = DIRECTION('',(0.54829322952,0.836286155848,0.));
#3026 = ADVANCED_FACE('',(#3027),#3039,.F.);
#3027 = FACE_BOUND('',#3028,.T.);
#3028 = EDGE_LOOP('',(#3029,#3030,#3037,#3038));
#3029 = ORIENTED_EDGE('',*,*,#1767,.F.);
#3030 = ORIENTED_EDGE('',*,*,#3031,.T.);
#3031 = EDGE_CURVE('',#1760,#1834,#3032,.T.);
#3032 = CIRCLE('',#3033,28.035714285714);
#3033 = AXIS2_PLACEMENT_3D('',#3034,#3035,#3036);
#3034 = CARTESIAN_POINT('',(0.,0.,195.));
#3035 = DIRECTION('',(0.,0.,1.));
#3036 = DIRECTION('',(-0.511293086077,0.859406411501,0.));
#3037 = ORIENTED_EDGE('',*,*,#1841,.T.);
#3038 = ORIENTED_EDGE('',*,*,#2804,.F.);
#3039 = PLANE('',#3040);
#3040 = AXIS2_PLACEMENT_3D('',#3041,#3042,#3043);
#3041 = CARTESIAN_POINT('',(0.,0.,195.));
#3042 = DIRECTION('',(0.,0.,1.));
#3043 = DIRECTION('',(-0.511293086077,0.859406411501,0.));
#3044 = ADVANCED_FACE('',(#3045),#3057,.T.);
#3045 = FACE_BOUND('',#3046,.T.);
#3046 = EDGE_LOOP('',(#3047,#3054,#3055,#3056));
#3047 = ORIENTED_EDGE('',*,*,#3048,.T.);
#3048 = EDGE_CURVE('',#1752,#1826,#3049,.T.);
#3049 = CIRCLE('',#3050,28.55);
#3050 = AXIS2_PLACEMENT_3D('',#3051,#3052,#3053);
#3051 = CARTESIAN_POINT('',(0.,0.,192.));
#3052 = DIRECTION('',(0.,0.,1.));
#3053 = DIRECTION('',(-0.511293086077,0.859406411501,0.));
#3054 = ORIENTED_EDGE('',*,*,#1833,.T.);
#3055 = ORIENTED_EDGE('',*,*,#3031,.F.);
#3056 = ORIENTED_EDGE('',*,*,#1759,.F.);
#3057 = CONICAL_SURFACE('',#3058,28.55,0.169778273968);
#3058 = AXIS2_PLACEMENT_3D('',#3059,#3060,#3061);
#3059 = CARTESIAN_POINT('',(0.,0.,192.));
#3060 = DIRECTION('',(0.,0.,-1.));
#3061 = DIRECTION('',(-0.511293086077,0.859406411501,0.));
#3062 = ADVANCED_FACE('',(#3063),#3075,.T.);
#3063 = FACE_BOUND('',#3064,.T.);
#3064 = EDGE_LOOP('',(#3065,#3072,#3073,#3074));
#3065 = ORIENTED_EDGE('',*,*,#3066,.T.);
#3066 = EDGE_CURVE('',#1744,#1818,#3067,.T.);
#3067 = CIRCLE('',#3068,35.35);
#3068 = AXIS2_PLACEMENT_3D('',#3069,#3070,#3071);
#3069 = CARTESIAN_POINT('',(0.,0.,159.));
#3070 = DIRECTION('',(0.,0.,1.));
#3071 = DIRECTION('',(-0.511293086077,0.859406411501,0.));
#3072 = ORIENTED_EDGE('',*,*,#1825,.T.);
#3073 = ORIENTED_EDGE('',*,*,#3048,.F.);
#3074 = ORIENTED_EDGE('',*,*,#1751,.F.);
#3075 = CONICAL_SURFACE('',#3076,35.35,0.203216215884);
#3076 = AXIS2_PLACEMENT_3D('',#3077,#3078,#3079);
#3077 = CARTESIAN_POINT('',(0.,0.,159.));
#3078 = DIRECTION('',(0.,0.,-1.));
#3079 = DIRECTION('',(-0.511293086077,0.859406411501,0.));
#3080 = ADVANCED_FACE('',(#3081),#3087,.T.);
#3081 = FACE_BOUND('',#3082,.T.);
#3082 = EDGE_LOOP('',(#3083,#3084,#3085,#3086));
#3083 = ORIENTED_EDGE('',*,*,#1801,.T.);
#3084 = ORIENTED_EDGE('',*,*,#1817,.T.);
#3085 = ORIENTED_EDGE('',*,*,#3066,.F.);
#3086 = ORIENTED_EDGE('',*,*,#1743,.F.);
#3087 = CONICAL_SURFACE('',#3088,35.83,7.982998571224E-02);
#3088 = AXIS2_PLACEMENT_3D('',#3089,#3090,#3091);
#3089 = CARTESIAN_POINT('',(0.,0.,153.));
#3090 = DIRECTION('',(0.,0.,-1.));
#3091 = DIRECTION('',(-0.511293086077,0.859406411501,0.));
#3092 = ADVANCED_FACE('',(#3093),#3105,.F.);
#3093 = FACE_BOUND('',#3094,.T.);
#3094 = EDGE_LOOP('',(#3095,#3096,#3103,#3104));
#3095 = ORIENTED_EDGE('',*,*,#1929,.F.);
#3096 = ORIENTED_EDGE('',*,*,#3097,.T.);
#3097 = EDGE_CURVE('',#1922,#1996,#3098,.T.);
#3098 = CIRCLE('',#3099,28.035714285714);
#3099 = AXIS2_PLACEMENT_3D('',#3100,#3101,#3102);
#3100 = CARTESIAN_POINT('',(0.,0.,195.));
#3101 = DIRECTION('',(0.,0.,1.));
#3102 = DIRECTION('',(-0.836286155848,0.54829322952,0.));
#3103 = ORIENTED_EDGE('',*,*,#2003,.T.);
#3104 = ORIENTED_EDGE('',*,*,#2814,.F.);
#3105 = PLANE('',#3106);
#3106 = AXIS2_PLACEMENT_3D('',#3107,#3108,#3109);
#3107 = CARTESIAN_POINT('',(0.,0.,195.));
#3108 = DIRECTION('',(0.,0.,1.));
#3109 = DIRECTION('',(-0.836286155848,0.54829322952,0.));
#3110 = ADVANCED_FACE('',(#3111),#3123,.T.);
#3111 = FACE_BOUND('',#3112,.T.);
#3112 = EDGE_LOOP('',(#3113,#3120,#3121,#3122));
#3113 = ORIENTED_EDGE('',*,*,#3114,.T.);
#3114 = EDGE_CURVE('',#1914,#1988,#3115,.T.);
#3115 = CIRCLE('',#3116,28.55);
#3116 = AXIS2_PLACEMENT_3D('',#3117,#3118,#3119);
#3117 = CARTESIAN_POINT('',(0.,0.,192.));
#3118 = DIRECTION('',(0.,0.,1.));
#3119 = DIRECTION('',(-0.836286155848,0.54829322952,0.));
#3120 = ORIENTED_EDGE('',*,*,#1995,.T.);
#3121 = ORIENTED_EDGE('',*,*,#3097,.F.);
#3122 = ORIENTED_EDGE('',*,*,#1921,.F.);
#3123 = CONICAL_SURFACE('',#3124,28.55,0.169778273968);
#3124 = AXIS2_PLACEMENT_3D('',#3125,#3126,#3127);
#3125 = CARTESIAN_POINT('',(0.,0.,192.));
#3126 = DIRECTION('',(0.,0.,-1.));
#3127 = DIRECTION('',(-0.836286155848,0.54829322952,0.));
#3128 = ADVANCED_FACE('',(#3129),#3141,.T.);
#3129 = FACE_BOUND('',#3130,.T.);
#3130 = EDGE_LOOP('',(#3131,#3138,#3139,#3140));
#3131 = ORIENTED_EDGE('',*,*,#3132,.T.);
#3132 = EDGE_CURVE('',#1906,#1980,#3133,.T.);
#3133 = CIRCLE('',#3134,35.35);
#3134 = AXIS2_PLACEMENT_3D('',#3135,#3136,#3137);
#3135 = CARTESIAN_POINT('',(0.,0.,159.));
#3136 = DIRECTION('',(0.,0.,1.));
#3137 = DIRECTION('',(-0.836286155848,0.54829322952,0.));
#3138 = ORIENTED_EDGE('',*,*,#1987,.T.);
#3139 = ORIENTED_EDGE('',*,*,#3114,.F.);
#3140 = ORIENTED_EDGE('',*,*,#1913,.F.);
#3141 = CONICAL_SURFACE('',#3142,35.35,0.203216215884);
#3142 = AXIS2_PLACEMENT_3D('',#3143,#3144,#3145);
#3143 = CARTESIAN_POINT('',(0.,0.,159.));
#3144 = DIRECTION('',(0.,0.,-1.));
#3145 = DIRECTION('',(-0.836286155848,0.54829322952,0.));
#3146 = ADVANCED_FACE('',(#3147),#3153,.T.);
#3147 = FACE_BOUND('',#3148,.T.);
#3148 = EDGE_LOOP('',(#3149,#3150,#3151,#3152));
#3149 = ORIENTED_EDGE('',*,*,#1963,.T.);
#3150 = ORIENTED_EDGE('',*,*,#1979,.T.);
#3151 = ORIENTED_EDGE('',*,*,#3132,.F.);
#3152 = ORIENTED_EDGE('',*,*,#1905,.F.);
#3153 = CONICAL_SURFACE('',#3154,35.83,7.982998571224E-02);
#3154 = AXIS2_PLACEMENT_3D('',#3155,#3156,#3157);
#3155 = CARTESIAN_POINT('',(0.,0.,153.));
#3156 = DIRECTION('',(0.,0.,-1.));
#3157 = DIRECTION('',(-0.836286155848,0.54829322952,0.));
#3158 = ADVANCED_FACE('',(#3159),#3171,.F.);
#3159 = FACE_BOUND('',#3160,.T.);
#3160 = EDGE_LOOP('',(#3161,#3162,#3169,#3170));
#3161 = ORIENTED_EDGE('',*,*,#2091,.F.);
#3162 = ORIENTED_EDGE('',*,*,#3163,.T.);
#3163 = EDGE_CURVE('',#2084,#2158,#3164,.T.);
#3164 = CIRCLE('',#3165,28.035714285714);
#3165 = AXIS2_PLACEMENT_3D('',#3166,#3167,#3168);
#3166 = CARTESIAN_POINT('',(0.,0.,195.));
#3167 = DIRECTION('',(0.,0.,1.));
#3168 = DIRECTION('',(-0.859406411501,-0.511293086077,0.));
#3169 = ORIENTED_EDGE('',*,*,#2165,.T.);
#3170 = ORIENTED_EDGE('',*,*,#2824,.F.);
#3171 = PLANE('',#3172);
#3172 = AXIS2_PLACEMENT_3D('',#3173,#3174,#3175);
#3173 = CARTESIAN_POINT('',(0.,0.,195.));
#3174 = DIRECTION('',(0.,0.,1.));
#3175 = DIRECTION('',(-0.859406411501,-0.511293086077,0.));
#3176 = ADVANCED_FACE('',(#3177),#3189,.T.);
#3177 = FACE_BOUND('',#3178,.T.);
#3178 = EDGE_LOOP('',(#3179,#3186,#3187,#3188));
#3179 = ORIENTED_EDGE('',*,*,#3180,.T.);
#3180 = EDGE_CURVE('',#2076,#2150,#3181,.T.);
#3181 = CIRCLE('',#3182,28.55);
#3182 = AXIS2_PLACEMENT_3D('',#3183,#3184,#3185);
#3183 = CARTESIAN_POINT('',(0.,0.,192.));
#3184 = DIRECTION('',(0.,0.,1.));
#3185 = DIRECTION('',(-0.859406411501,-0.511293086077,0.));
#3186 = ORIENTED_EDGE('',*,*,#2157,.T.);
#3187 = ORIENTED_EDGE('',*,*,#3163,.F.);
#3188 = ORIENTED_EDGE('',*,*,#2083,.F.);
#3189 = CONICAL_SURFACE('',#3190,28.55,0.169778273968);
#3190 = AXIS2_PLACEMENT_3D('',#3191,#3192,#3193);
#3191 = CARTESIAN_POINT('',(0.,0.,192.));
#3192 = DIRECTION('',(0.,0.,-1.));
#3193 = DIRECTION('',(-0.859406411501,-0.511293086077,0.));
#3194 = ADVANCED_FACE('',(#3195),#3207,.T.);
#3195 = FACE_BOUND('',#3196,.T.);
#3196 = EDGE_LOOP('',(#3197,#3204,#3205,#3206));
#3197 = ORIENTED_EDGE('',*,*,#3198,.T.);
#3198 = EDGE_CURVE('',#2068,#2142,#3199,.T.);
#3199 = CIRCLE('',#3200,35.35);
#3200 = AXIS2_PLACEMENT_3D('',#3201,#3202,#3203);
#3201 = CARTESIAN_POINT('',(0.,0.,159.));
#3202 = DIRECTION('',(0.,0.,1.));
#3203 = DIRECTION('',(-0.859406411501,-0.511293086077,0.));
#3204 = ORIENTED_EDGE('',*,*,#2149,.T.);
#3205 = ORIENTED_EDGE('',*,*,#3180,.F.);
#3206 = ORIENTED_EDGE('',*,*,#2075,.F.);
#3207 = CONICAL_SURFACE('',#3208,35.35,0.203216215884);
#3208 = AXIS2_PLACEMENT_3D('',#3209,#3210,#3211);
#3209 = CARTESIAN_POINT('',(0.,0.,159.));
#3210 = DIRECTION('',(0.,0.,-1.));
#3211 = DIRECTION('',(-0.859406411501,-0.511293086077,0.));
#3212 = ADVANCED_FACE('',(#3213),#3219,.T.);
#3213 = FACE_BOUND('',#3214,.T.);
#3214 = EDGE_LOOP('',(#3215,#3216,#3217,#3218));
#3215 = ORIENTED_EDGE('',*,*,#2125,.T.);
#3216 = ORIENTED_EDGE('',*,*,#2141,.T.);
#3217 = ORIENTED_EDGE('',*,*,#3198,.F.);
#3218 = ORIENTED_EDGE('',*,*,#2067,.F.);
#3219 = CONICAL_SURFACE('',#3220,35.83,7.982998571224E-02);
#3220 = AXIS2_PLACEMENT_3D('',#3221,#3222,#3223);
#3221 = CARTESIAN_POINT('',(0.,0.,153.));
#3222 = DIRECTION('',(0.,0.,-1.));
#3223 = DIRECTION('',(-0.859406411501,-0.511293086077,0.));
#3224 = ADVANCED_FACE('',(#3225),#3237,.F.);
#3225 = FACE_BOUND('',#3226,.T.);
#3226 = EDGE_LOOP('',(#3227,#3228,#3235,#3236));
#3227 = ORIENTED_EDGE('',*,*,#2253,.F.);
#3228 = ORIENTED_EDGE('',*,*,#3229,.T.);
#3229 = EDGE_CURVE('',#2246,#2320,#3230,.T.);
#3230 = CIRCLE('',#3231,28.035714285714);
#3231 = AXIS2_PLACEMENT_3D('',#3232,#3233,#3234);
#3232 = CARTESIAN_POINT('',(0.,0.,195.));
#3233 = DIRECTION('',(0.,0.,1.));
#3234 = DIRECTION('',(-0.54829322952,-0.836286155848,0.));
#3235 = ORIENTED_EDGE('',*,*,#2327,.T.);
#3236 = ORIENTED_EDGE('',*,*,#2834,.F.);
#3237 = PLANE('',#3238);
#3238 = AXIS2_PLACEMENT_3D('',#3239,#3240,#3241);
#3239 = CARTESIAN_POINT('',(0.,0.,195.));
#3240 = DIRECTION('',(0.,0.,1.));
#3241 = DIRECTION('',(-0.54829322952,-0.836286155848,0.));
#3242 = ADVANCED_FACE('',(#3243),#3255,.T.);
#3243 = FACE_BOUND('',#3244,.T.);
#3244 = EDGE_LOOP('',(#3245,#3252,#3253,#3254));
#3245 = ORIENTED_EDGE('',*,*,#3246,.T.);
#3246 = EDGE_CURVE('',#2238,#2312,#3247,.T.);
#3247 = CIRCLE('',#3248,28.55);
#3248 = AXIS2_PLACEMENT_3D('',#3249,#3250,#3251);
#3249 = CARTESIAN_POINT('',(0.,0.,192.));
#3250 = DIRECTION('',(0.,0.,1.));
#3251 = DIRECTION('',(-0.54829322952,-0.836286155848,0.));
#3252 = ORIENTED_EDGE('',*,*,#2319,.T.);
#3253 = ORIENTED_EDGE('',*,*,#3229,.F.);
#3254 = ORIENTED_EDGE('',*,*,#2245,.F.);
#3255 = CONICAL_SURFACE('',#3256,28.55,0.169778273968);
#3256 = AXIS2_PLACEMENT_3D('',#3257,#3258,#3259);
#3257 = CARTESIAN_POINT('',(0.,0.,192.));
#3258 = DIRECTION('',(0.,0.,-1.));
#3259 = DIRECTION('',(-0.54829322952,-0.836286155848,0.));
#3260 = ADVANCED_FACE('',(#3261),#3273,.T.);
#3261 = FACE_BOUND('',#3262,.T.);
#3262 = EDGE_LOOP('',(#3263,#3270,#3271,#3272));
#3263 = ORIENTED_EDGE('',*,*,#3264,.T.);
#3264 = EDGE_CURVE('',#2230,#2304,#3265,.T.);
#3265 = CIRCLE('',#3266,35.35);
#3266 = AXIS2_PLACEMENT_3D('',#3267,#3268,#3269);
#3267 = CARTESIAN_POINT('',(0.,0.,159.));
#3268 = DIRECTION('',(0.,0.,1.));
#3269 = DIRECTION('',(-0.54829322952,-0.836286155848,0.));
#3270 = ORIENTED_EDGE('',*,*,#2311,.T.);
#3271 = ORIENTED_EDGE('',*,*,#3246,.F.);
#3272 = ORIENTED_EDGE('',*,*,#2237,.F.);
#3273 = CONICAL_SURFACE('',#3274,35.35,0.203216215884);
#3274 = AXIS2_PLACEMENT_3D('',#3275,#3276,#3277);
#3275 = CARTESIAN_POINT('',(0.,0.,159.));
#3276 = DIRECTION('',(0.,0.,-1.));
#3277 = DIRECTION('',(-0.54829322952,-0.836286155848,0.));
#3278 = ADVANCED_FACE('',(#3279),#3285,.T.);
#3279 = FACE_BOUND('',#3280,.T.);
#3280 = EDGE_LOOP('',(#3281,#3282,#3283,#3284));
#3281 = ORIENTED_EDGE('',*,*,#2287,.T.);
#3282 = ORIENTED_EDGE('',*,*,#2303,.T.);
#3283 = ORIENTED_EDGE('',*,*,#3264,.F.);
#3284 = ORIENTED_EDGE('',*,*,#2229,.F.);
#3285 = CONICAL_SURFACE('',#3286,35.83,7.982998571224E-02);
#3286 = AXIS2_PLACEMENT_3D('',#3287,#3288,#3289);
#3287 = CARTESIAN_POINT('',(0.,0.,153.));
#3288 = DIRECTION('',(0.,0.,-1.));
#3289 = DIRECTION('',(-0.54829322952,-0.836286155848,0.));
#3290 = ADVANCED_FACE('',(#3291),#3303,.F.);
#3291 = FACE_BOUND('',#3292,.T.);
#3292 = EDGE_LOOP('',(#3293,#3294,#3301,#3302));
#3293 = ORIENTED_EDGE('',*,*,#2415,.F.);
#3294 = ORIENTED_EDGE('',*,*,#3295,.T.);
#3295 = EDGE_CURVE('',#2408,#2482,#3296,.T.);
#3296 = CIRCLE('',#3297,28.035714285714);
#3297 = AXIS2_PLACEMENT_3D('',#3298,#3299,#3300);
#3298 = CARTESIAN_POINT('',(0.,0.,195.));
#3299 = DIRECTION('',(-0.,0.,1.));
#3300 = DIRECTION('',(0.511293086077,-0.859406411501,0.));
#3301 = ORIENTED_EDGE('',*,*,#2489,.T.);
#3302 = ORIENTED_EDGE('',*,*,#2844,.F.);
#3303 = PLANE('',#3304);
#3304 = AXIS2_PLACEMENT_3D('',#3305,#3306,#3307);
#3305 = CARTESIAN_POINT('',(0.,0.,195.));
#3306 = DIRECTION('',(0.,0.,1.));
#3307 = DIRECTION('',(0.511293086077,-0.859406411501,0.));
#3308 = ADVANCED_FACE('',(#3309),#3321,.T.);
#3309 = FACE_BOUND('',#3310,.T.);
#3310 = EDGE_LOOP('',(#3311,#3318,#3319,#3320));
#3311 = ORIENTED_EDGE('',*,*,#3312,.T.);
#3312 = EDGE_CURVE('',#2400,#2474,#3313,.T.);
#3313 = CIRCLE('',#3314,28.55);
#3314 = AXIS2_PLACEMENT_3D('',#3315,#3316,#3317);
#3315 = CARTESIAN_POINT('',(0.,0.,192.));
#3316 = DIRECTION('',(-0.,0.,1.));
#3317 = DIRECTION('',(0.511293086077,-0.859406411501,0.));
#3318 = ORIENTED_EDGE('',*,*,#2481,.T.);
#3319 = ORIENTED_EDGE('',*,*,#3295,.F.);
#3320 = ORIENTED_EDGE('',*,*,#2407,.F.);
#3321 = CONICAL_SURFACE('',#3322,28.55,0.169778273968);
#3322 = AXIS2_PLACEMENT_3D('',#3323,#3324,#3325);
#3323 = CARTESIAN_POINT('',(0.,0.,192.));
#3324 = DIRECTION('',(-0.,0.,-1.));
#3325 = DIRECTION('',(0.511293086077,-0.859406411501,0.));
#3326 = ADVANCED_FACE('',(#3327),#3339,.T.);
#3327 = FACE_BOUND('',#3328,.T.);
#3328 = EDGE_LOOP('',(#3329,#3336,#3337,#3338));
#3329 = ORIENTED_EDGE('',*,*,#3330,.T.);
#3330 = EDGE_CURVE('',#2392,#2466,#3331,.T.);
#3331 = CIRCLE('',#3332,35.35);
#3332 = AXIS2_PLACEMENT_3D('',#3333,#3334,#3335);
#3333 = CARTESIAN_POINT('',(0.,0.,159.));
#3334 = DIRECTION('',(-0.,0.,1.));
#3335 = DIRECTION('',(0.511293086077,-0.859406411501,0.));
#3336 = ORIENTED_EDGE('',*,*,#2473,.T.);
#3337 = ORIENTED_EDGE('',*,*,#3312,.F.);
#3338 = ORIENTED_EDGE('',*,*,#2399,.F.);
#3339 = CONICAL_SURFACE('',#3340,35.35,0.203216215884);
#3340 = AXIS2_PLACEMENT_3D('',#3341,#3342,#3343);
#3341 = CARTESIAN_POINT('',(0.,0.,159.));
#3342 = DIRECTION('',(-0.,0.,-1.));
#3343 = DIRECTION('',(0.511293086077,-0.859406411501,0.));
#3344 = ADVANCED_FACE('',(#3345),#3351,.T.);
#3345 = FACE_BOUND('',#3346,.T.);
#3346 = EDGE_LOOP('',(#3347,#3348,#3349,#3350));
#3347 = ORIENTED_EDGE('',*,*,#2449,.T.);
#3348 = ORIENTED_EDGE('',*,*,#2465,.T.);
#3349 = ORIENTED_EDGE('',*,*,#3330,.F.);
#3350 = ORIENTED_EDGE('',*,*,#2391,.F.);
#3351 = CONICAL_SURFACE('',#3352,35.83,7.982998571224E-02);
#3352 = AXIS2_PLACEMENT_3D('',#3353,#3354,#3355);
#3353 = CARTESIAN_POINT('',(0.,0.,153.));
#3354 = DIRECTION('',(-0.,0.,-1.));
#3355 = DIRECTION('',(0.511293086077,-0.859406411501,0.));
#3356 = ADVANCED_FACE('',(#3357),#3369,.F.);
#3357 = FACE_BOUND('',#3358,.T.);
#3358 = EDGE_LOOP('',(#3359,#3360,#3367,#3368));
#3359 = ORIENTED_EDGE('',*,*,#2577,.F.);
#3360 = ORIENTED_EDGE('',*,*,#3361,.T.);
#3361 = EDGE_CURVE('',#2570,#2644,#3362,.T.);
#3362 = CIRCLE('',#3363,28.035714285714);
#3363 = AXIS2_PLACEMENT_3D('',#3364,#3365,#3366);
#3364 = CARTESIAN_POINT('',(0.,0.,195.));
#3365 = DIRECTION('',(-0.,0.,1.));
#3366 = DIRECTION('',(0.836286155848,-0.54829322952,0.));
#3367 = ORIENTED_EDGE('',*,*,#2651,.T.);
#3368 = ORIENTED_EDGE('',*,*,#2854,.F.);
#3369 = PLANE('',#3370);
#3370 = AXIS2_PLACEMENT_3D('',#3371,#3372,#3373);
#3371 = CARTESIAN_POINT('',(0.,0.,195.));
#3372 = DIRECTION('',(0.,0.,1.));
#3373 = DIRECTION('',(0.836286155848,-0.54829322952,0.));
#3374 = ADVANCED_FACE('',(#3375),#3387,.T.);
#3375 = FACE_BOUND('',#3376,.T.);
#3376 = EDGE_LOOP('',(#3377,#3384,#3385,#3386));
#3377 = ORIENTED_EDGE('',*,*,#3378,.T.);
#3378 = EDGE_CURVE('',#2562,#2636,#3379,.T.);
#3379 = CIRCLE('',#3380,28.55);
#3380 = AXIS2_PLACEMENT_3D('',#3381,#3382,#3383);
#3381 = CARTESIAN_POINT('',(0.,0.,192.));
#3382 = DIRECTION('',(-0.,0.,1.));
#3383 = DIRECTION('',(0.836286155848,-0.54829322952,0.));
#3384 = ORIENTED_EDGE('',*,*,#2643,.T.);
#3385 = ORIENTED_EDGE('',*,*,#3361,.F.);
#3386 = ORIENTED_EDGE('',*,*,#2569,.F.);
#3387 = CONICAL_SURFACE('',#3388,28.55,0.169778273968);
#3388 = AXIS2_PLACEMENT_3D('',#3389,#3390,#3391);
#3389 = CARTESIAN_POINT('',(0.,0.,192.));
#3390 = DIRECTION('',(-0.,0.,-1.));
#3391 = DIRECTION('',(0.836286155848,-0.54829322952,0.));
#3392 = ADVANCED_FACE('',(#3393),#3405,.T.);
#3393 = FACE_BOUND('',#3394,.T.);
#3394 = EDGE_LOOP('',(#3395,#3402,#3403,#3404));
#3395 = ORIENTED_EDGE('',*,*,#3396,.T.);
#3396 = EDGE_CURVE('',#2554,#2628,#3397,.T.);
#3397 = CIRCLE('',#3398,35.35);
#3398 = AXIS2_PLACEMENT_3D('',#3399,#3400,#3401);
#3399 = CARTESIAN_POINT('',(0.,0.,159.));
#3400 = DIRECTION('',(-0.,0.,1.));
#3401 = DIRECTION('',(0.836286155848,-0.54829322952,0.));
#3402 = ORIENTED_EDGE('',*,*,#2635,.T.);
#3403 = ORIENTED_EDGE('',*,*,#3378,.F.);
#3404 = ORIENTED_EDGE('',*,*,#2561,.F.);
#3405 = CONICAL_SURFACE('',#3406,35.35,0.203216215884);
#3406 = AXIS2_PLACEMENT_3D('',#3407,#3408,#3409);
#3407 = CARTESIAN_POINT('',(0.,0.,159.));
#3408 = DIRECTION('',(-0.,0.,-1.));
#3409 = DIRECTION('',(0.836286155848,-0.54829322952,0.));
#3410 = ADVANCED_FACE('',(#3411),#3417,.T.);
#3411 = FACE_BOUND('',#3412,.T.);
#3412 = EDGE_LOOP('',(#3413,#3414,#3415,#3416));
#3413 = ORIENTED_EDGE('',*,*,#2611,.T.);
#3414 = ORIENTED_EDGE('',*,*,#2627,.T.);
#3415 = ORIENTED_EDGE('',*,*,#3396,.F.);
#3416 = ORIENTED_EDGE('',*,*,#2553,.F.);
#3417 = CONICAL_SURFACE('',#3418,35.83,7.982998571224E-02);
#3418 = AXIS2_PLACEMENT_3D('',#3419,#3420,#3421);
#3419 = CARTESIAN_POINT('',(0.,0.,153.));
#3420 = DIRECTION('',(-0.,0.,-1.));
#3421 = DIRECTION('',(0.836286155848,-0.54829322952,0.));
#3422 = ADVANCED_FACE('',(#3423),#3442,.F.);
#3423 = FACE_BOUND('',#3424,.F.);
#3424 = EDGE_LOOP('',(#3425,#3426,#3434,#3441));
#3425 = ORIENTED_EDGE('',*,*,#2777,.T.);
#3426 = ORIENTED_EDGE('',*,*,#3427,.T.);
#3427 = EDGE_CURVE('',#2770,#3428,#3430,.T.);
#3428 = VERTEX_POINT('',#3429);
#3429 = CARTESIAN_POINT('',(25.4,0.,199.));
#3430 = LINE('',#3431,#3432);
#3431 = CARTESIAN_POINT('',(26.6,0.,192.));
#3432 = VECTOR('',#3433,1.);
#3433 = DIRECTION('',(-0.168963815111,0.,0.985622254813));
#3434 = ORIENTED_EDGE('',*,*,#3435,.F.);
#3435 = EDGE_CURVE('',#3428,#3428,#3436,.T.);
#3436 = CIRCLE('',#3437,25.4);
#3437 = AXIS2_PLACEMENT_3D('',#3438,#3439,#3440);
#3438 = CARTESIAN_POINT('',(0.,0.,199.));
#3439 = DIRECTION('',(0.,0.,1.));
#3440 = DIRECTION('',(1.,0.,0.));
#3441 = ORIENTED_EDGE('',*,*,#3427,.F.);
#3442 = CONICAL_SURFACE('',#3443,26.6,0.169778273968);
#3443 = AXIS2_PLACEMENT_3D('',#3444,#3445,#3446);
#3444 = CARTESIAN_POINT('',(0.,0.,192.));
#3445 = DIRECTION('',(-0.,-0.,-1.));
#3446 = DIRECTION('',(1.,0.,0.));
#3447 = ADVANCED_FACE('',(#3448),#3467,.T.);
#3448 = FACE_BOUND('',#3449,.T.);
#3449 = EDGE_LOOP('',(#3450,#3451,#3459,#3466));
#3450 = ORIENTED_EDGE('',*,*,#2871,.T.);
#3451 = ORIENTED_EDGE('',*,*,#3452,.T.);
#3452 = EDGE_CURVE('',#2864,#3453,#3455,.T.);
#3453 = VERTEX_POINT('',#3454);
#3454 = CARTESIAN_POINT('',(25.,0.,204.));
#3455 = LINE('',#3456,#3457);
#3456 = CARTESIAN_POINT('',(27.8,0.,199.));
#3457 = VECTOR('',#3458,1.);
#3458 = DIRECTION('',(-0.488603368932,0.,0.87250601595));
#3459 = ORIENTED_EDGE('',*,*,#3460,.F.);
#3460 = EDGE_CURVE('',#3453,#3453,#3461,.T.);
#3461 = CIRCLE('',#3462,25.);
#3462 = AXIS2_PLACEMENT_3D('',#3463,#3464,#3465);
#3463 = CARTESIAN_POINT('',(0.,0.,204.));
#3464 = DIRECTION('',(0.,0.,1.));
#3465 = DIRECTION('',(1.,0.,0.));
#3466 = ORIENTED_EDGE('',*,*,#3452,.F.);
#3467 = CONICAL_SURFACE('',#3468,27.8,0.510488321917);
#3468 = AXIS2_PLACEMENT_3D('',#3469,#3470,#3471);
#3469 = CARTESIAN_POINT('',(0.,0.,199.));
#3470 = DIRECTION('',(-0.,-0.,-1.));
#3471 = DIRECTION('',(1.,0.,0.));
#3472 = ADVANCED_FACE('',(#3473),#3492,.F.);
#3473 = FACE_BOUND('',#3474,.F.);
#3474 = EDGE_LOOP('',(#3475,#3476,#3484,#3491));
#3475 = ORIENTED_EDGE('',*,*,#3435,.T.);
#3476 = ORIENTED_EDGE('',*,*,#3477,.T.);
#3477 = EDGE_CURVE('',#3428,#3478,#3480,.T.);
#3478 = VERTEX_POINT('',#3479);
#3479 = CARTESIAN_POINT('',(24.056,0.,201.4));
#3480 = LINE('',#3481,#3482);
#3481 = CARTESIAN_POINT('',(25.4,0.,199.));
#3482 = VECTOR('',#3483,1.);
#3483 = DIRECTION('',(-0.488603368932,0.,0.87250601595));
#3484 = ORIENTED_EDGE('',*,*,#3485,.F.);
#3485 = EDGE_CURVE('',#3478,#3478,#3486,.T.);
#3486 = CIRCLE('',#3487,24.056);
#3487 = AXIS2_PLACEMENT_3D('',#3488,#3489,#3490);
#3488 = CARTESIAN_POINT('',(0.,0.,201.4));
#3489 = DIRECTION('',(0.,0.,1.));
#3490 = DIRECTION('',(1.,0.,0.));
#3491 = ORIENTED_EDGE('',*,*,#3477,.F.);
#3492 = CONICAL_SURFACE('',#3493,25.4,0.510488321917);
#3493 = AXIS2_PLACEMENT_3D('',#3494,#3495,#3496);
#3494 = CARTESIAN_POINT('',(0.,0.,199.));
#3495 = DIRECTION('',(-0.,-0.,-1.));
#3496 = DIRECTION('',(1.,0.,0.));
#3497 = ADVANCED_FACE('',(#3498),#3501,.T.);
#3498 = FACE_BOUND('',#3499,.T.);
#3499 = EDGE_LOOP('',(#3500));
#3500 = ORIENTED_EDGE('',*,*,#3460,.T.);
#3501 = PLANE('',#3502);
#3502 = AXIS2_PLACEMENT_3D('',#3503,#3504,#3505);
#3503 = CARTESIAN_POINT('',(0.,0.,204.));
#3504 = DIRECTION('',(0.,0.,1.));
#3505 = DIRECTION('',(1.,0.,0.));
#3506 = ADVANCED_FACE('',(#3507),#3510,.F.);
#3507 = FACE_BOUND('',#3508,.F.);
#3508 = EDGE_LOOP('',(#3509));
#3509 = ORIENTED_EDGE('',*,*,#3485,.T.);
#3510 = PLANE('',#3511);
#3511 = AXIS2_PLACEMENT_3D('',#3512,#3513,#3514);
#3512 = CARTESIAN_POINT('',(0.,0.,201.4));
#3513 = DIRECTION('',(0.,0.,1.));
#3514 = DIRECTION('',(1.,0.,0.));
#3515 = ( GEOMETRIC_REPRESENTATION_CONTEXT(3) 
GLOBAL_UNCERTAINTY_ASSIGNED_CONTEXT((#3519)) 
GLOBAL_UNIT_ASSIGNED_CONTEXT((#3516,#3517,#3518)) REPRESENTATION_CONTEXT
('Context #1','3D Context with UNIT and UNCERTAINTY') );
#3516 = ( LENGTH_UNIT() NAMED_UNIT(*) SI_UNIT(.MILLI.,.METRE.) );
#3517 = ( NAMED_UNIT(*) PLANE_ANGLE_UNIT() SI_UNIT($,.RADIAN.) );
#3518 = ( NAMED_UNIT(*) SI_UNIT($,.STERADIAN.) SOLID_ANGLE_UNIT() );
#3519 = UNCERTAINTY_MEASURE_WITH_UNIT(LENGTH_MEASURE(1.E-07),#3516,
  'distance_accuracy_value','confusion accuracy');
#3520 = PRODUCT_RELATED_PRODUCT_CATEGORY('part',$,(#7));
ENDSEC;
END-ISO-10303-21;
