ISO-10303-21;
HEADER;
FILE_DESCRIPTION(('FreeCAD Model'),'2;1');
FILE_NAME('Open CASCADE Shape Model','2026-10-08T05:41:46',('FreeCAD'),(
    'FreeCAD'),'Open CASCADE STEP processor 7.8','FreeCAD','Unknown');
FILE_SCHEMA(('AUTOMOTIVE_DESIGN { 1 0 10303 214 1 1 1 1 }'));
ENDSEC;
DATA;
#1 = APPLICATION_PROTOCOL_DEFINITION('international standard',
  'automotive_design',2000,#2);
#2 = APPLICATION_CONTEXT(
  'core data for automotive mechanical design processes');
#3 = SHAPE_DEFINITION_REPRESENTATION(#4,#10);
#4 = PRODUCT_DEFINITION_SHAPE('','',#5);
#5 = PRODUCT_DEFINITION('design','',#6,#9);
#6 = PRODUCT_DEFINITION_FORMATION('','',#7);
#7 = PRODUCT('Open CASCADE STEP translator 7.8 1',
  'Open CASCADE STEP translator 7.8 1','',(#8));
#8 = PRODUCT_CONTEXT('',#2,'mechanical');
#9 = PRODUCT_DEFINITION_CONTEXT('part definition',#2,'design');
#10 = ADVANCED_BREP_SHAPE_REPRESENTATION('',(#11,#15),#2559);
#11 = AXIS2_PLACEMENT_3D('',#12,#13,#14);
#12 = CARTESIAN_POINT('',(0.,0.,0.));
#13 = DIRECTION('',(0.,0.,1.));
#14 = DIRECTION('',(1.,0.,-0.));
#15 = MANIFOLD_SOLID_BREP('',#16);
#16 = CLOSED_SHELL('',(#17,#56,#182,#207,#232,#348,#456,#481,#775,#855,
    #914,#945,#976,#1059,#1083,#1107,#1200,#1224,#1248,#1290,#1339,#1363
    ,#1394,#1494,#1594,#1618,#1642,#1718,#1794,#1811,#1828,#1845,#1869,
    #1893,#1925,#1957,#1974,#2005,#2029,#2053,#2077,#2101,#2118,#2142,
    #2166,#2178,#2195,#2207,#2219,#2237,#2249,#2266,#2278,#2295,#2386,
    #2398,#2424,#2470,#2495,#2504,#2523,#2541));
#17 = ADVANCED_FACE('',(#18,#29,#40),#51,.F.);
#18 = FACE_BOUND('',#19,.T.);
#19 = EDGE_LOOP('',(#20));
#20 = ORIENTED_EDGE('',*,*,#21,.F.);
#21 = EDGE_CURVE('',#22,#22,#24,.T.);
#22 = VERTEX_POINT('',#23);
#23 = CARTESIAN_POINT('',(22.,0.,0.));
#24 = CIRCLE('',#25,22.);
#25 = AXIS2_PLACEMENT_3D('',#26,#27,#28);
#26 = CARTESIAN_POINT('',(0.,0.,2.2E-16));
#27 = DIRECTION('',(0.,0.,1.));
#28 = DIRECTION('',(1.,0.,0.));
#29 = FACE_BOUND('',#30,.T.);
#30 = EDGE_LOOP('',(#31));
#31 = ORIENTED_EDGE('',*,*,#32,.T.);
#32 = EDGE_CURVE('',#33,#33,#35,.T.);
#33 = VERTEX_POINT('',#34);
#34 = CARTESIAN_POINT('',(8.9,-2.E-15,0.));
#35 = CIRCLE('',#36,8.9);
#36 = AXIS2_PLACEMENT_3D('',#37,#38,#39);
#37 = CARTESIAN_POINT('',(0.,0.,0.));
#38 = DIRECTION('',(0.,0.,1.));
#39 = DIRECTION('',(1.,0.,0.));
#40 = FACE_BOUND('',#41,.T.);
#41 = EDGE_LOOP('',(#42));
#42 = ORIENTED_EDGE('',*,*,#43,.T.);
#43 = EDGE_CURVE('',#44,#44,#46,.T.);
#44 = VERTEX_POINT('',#45);
#45 = CARTESIAN_POINT('',(0.75,19.2,0.));
#46 = CIRCLE('',#47,0.75);
#47 = AXIS2_PLACEMENT_3D('',#48,#49,#50);
#48 = CARTESIAN_POINT('',(0.,19.2,0.));
#49 = DIRECTION('',(0.,0.,1.));
#50 = DIRECTION('',(1.,0.,0.));
#51 = PLANE('',#52);
#52 = AXIS2_PLACEMENT_3D('',#53,#54,#55);
#53 = CARTESIAN_POINT('',(0.,0.,0.));
#54 = DIRECTION('',(0.,0.,1.));
#55 = DIRECTION('',(1.,0.,0.));
#56 = ADVANCED_FACE('',(#57),#177,.T.);
#57 = FACE_BOUND('',#58,.T.);
#58 = EDGE_LOOP('',(#59,#68,#69,#70,#79,#170));
#59 = ORIENTED_EDGE('',*,*,#60,.F.);
#60 = EDGE_CURVE('',#22,#61,#63,.T.);
#61 = VERTEX_POINT('',#62);
#62 = CARTESIAN_POINT('',(25.464101615138,0.,2.));
#63 = CIRCLE('',#64,4.);
#64 = AXIS2_PLACEMENT_3D('',#65,#66,#67);
#65 = CARTESIAN_POINT('',(22.,0.,4.));
#66 = DIRECTION('',(0.,-1.,0.));
#67 = DIRECTION('',(-8.9E-16,-0.,-1.));
#68 = ORIENTED_EDGE('',*,*,#21,.T.);
#69 = ORIENTED_EDGE('',*,*,#60,.T.);
#70 = ORIENTED_EDGE('',*,*,#71,.F.);
#71 = EDGE_CURVE('',#72,#61,#74,.T.);
#72 = VERTEX_POINT('',#73);
#73 = CARTESIAN_POINT('',(-12.59696674099,22.13,2.));
#74 = CIRCLE('',#75,25.464101615138);
#75 = AXIS2_PLACEMENT_3D('',#76,#77,#78);
#76 = CARTESIAN_POINT('',(0.,0.,2.));
#77 = DIRECTION('',(0.,0.,1.));
#78 = DIRECTION('',(1.,0.,0.));
#79 = ORIENTED_EDGE('',*,*,#80,.T.);
#80 = EDGE_CURVE('',#72,#81,#83,.T.);
#81 = VERTEX_POINT('',#82);
#82 = CARTESIAN_POINT('',(12.596966730817,22.13,2.));
#83 = B_SPLINE_CURVE_WITH_KNOTS('',8,(#84,#85,#86,#87,#88,#89,#90,#91,
    #92,#93,#94,#95,#96,#97,#98,#99,#100,#101,#102,#103,#104,#105,#106,
    #107,#108,#109,#110,#111,#112,#113,#114,#115,#116,#117,#118,#119,
    #120,#121,#122,#123,#124,#125,#126,#127,#128,#129,#130,#131,#132,
    #133,#134,#135,#136,#137,#138,#139,#140,#141,#142,#143,#144,#145,
    #146,#147,#148,#149,#150,#151,#152,#153,#154,#155,#156,#157,#158,
    #159,#160,#161,#162,#163,#164,#165,#166,#167,#168,#169),
  .UNSPECIFIED.,.F.,.F.,(9,7,7,7,7,7,7,7,7,7,7,7,9),(0.,
    4.376270732155E-02,7.78060757208E-02,0.139731373504,0.271536342131,
    0.40946667848,0.500181458898,0.709613797556,0.843087893304,
    0.895719453799,0.937902743249,0.962515397835,1.),.UNSPECIFIED.);
#84 = CARTESIAN_POINT('',(-13.64782400238,22.13,4.));
#85 = CARTESIAN_POINT('',(-13.64782400238,22.13,3.836097160863));
#86 = CARTESIAN_POINT('',(-13.6332016286,22.13,3.672109914508));
#87 = CARTESIAN_POINT('',(-13.60393114185,22.13,3.509730777106));
#88 = CARTESIAN_POINT('',(-13.56060947495,22.13,3.35031094443));
#89 = CARTESIAN_POINT('',(-13.50419541014,22.13,3.194922059395));
#90 = CARTESIAN_POINT('',(-13.43586320023,22.13,3.044392577279));
#91 = CARTESIAN_POINT('',(-13.35691227143,22.13,2.899331731756));
#92 = CARTESIAN_POINT('',(-13.2000338751,22.13,2.651886689291));
#93 = CARTESIAN_POINT('',(-13.12571669501,22.13,2.547090144253));
#94 = CARTESIAN_POINT('',(-13.04626625913,22.13,2.445861843895));
#95 = CARTESIAN_POINT('',(-12.96220308768,22.13,2.348237732991));
#96 = CARTESIAN_POINT('',(-12.87401087167,22.13,2.254204066708));
#97 = CARTESIAN_POINT('',(-12.78212494357,22.13,2.163707134974));
#98 = CARTESIAN_POINT('',(-12.6869234151,22.13,2.076660971528));
#99 = CARTESIAN_POINT('',(-12.4100895714,22.13,1.840687324275));
#100 = CARTESIAN_POINT('',(-12.22167861256,22.13,1.699594840411));
#101 = CARTESIAN_POINT('',(-12.02531660101,22.13,1.568890124941));
#102 = CARTESIAN_POINT('',(-11.82250001689,22.13,1.447878969457));
#103 = CARTESIAN_POINT('',(-11.61445128329,22.13,1.33587988627));
#104 = CARTESIAN_POINT('',(-11.4021259916,22.13,1.232216998795));
#105 = CARTESIAN_POINT('',(-11.18620210529,22.13,1.136239038789));
#106 = CARTESIAN_POINT('',(-10.50070136653,22.13,0.858057435913));
#107 = CARTESIAN_POINT('',(-10.02101795759,22.13,0.701245125257));
#108 = CARTESIAN_POINT('',(-9.532423696532,22.13,0.570734275837));
#109 = CARTESIAN_POINT('',(-9.037949112148,22.13,0.462610693676));
#110 = CARTESIAN_POINT('',(-8.53983231576,22.13,0.373277572361));
#111 = CARTESIAN_POINT('',(-8.039398087914,22.13,0.299846471371));
#112 = CARTESIAN_POINT('',(-7.537199129101,22.13,0.239744890789));
#113 = CARTESIAN_POINT('',(-6.505311056614,22.13,0.139592252547));
#114 = CARTESIAN_POINT('',(-5.976264685228,22.13,0.100682292236));
#115 = CARTESIAN_POINT('',(-5.44629638356,22.13,7.158929730478E-02));
#116 = CARTESIAN_POINT('',(-4.915753843558,22.13,5.027211427772E-02));
#117 = CARTESIAN_POINT('',(-4.384879510589,22.13,3.497869988856E-02));
#118 = CARTESIAN_POINT('',(-3.85381366636,22.13,2.421443687745E-02));
#119 = CARTESIAN_POINT('',(-3.32259444185,22.13,1.676076891133E-02));
#120 = CARTESIAN_POINT('',(-2.441642615178,22.13,8.321634155302E-03));
#121 = CARTESIAN_POINT('',(-2.092071679775,22.13,5.995976248339E-03));
#122 = CARTESIAN_POINT('',(-1.742457879647,22.13,4.42337998098E-03));
#123 = CARTESIAN_POINT('',(-1.392811373384,22.13,3.386111206354E-03));
#124 = CARTESIAN_POINT('',(-1.043141411656,22.13,2.719374309766E-03));
#125 = CARTESIAN_POINT('',(-0.693456357835,22.13,2.312483981894E-03));
#126 = CARTESIAN_POINT('',(-0.343763708616,22.13,2.110036991985E-03));
#127 = CARTESIAN_POINT('',(0.813264113169,22.13,2.120118469147E-03));
#128 = CARTESIAN_POINT('',(1.620270807255,22.13,3.222094608156E-03));
#129 = CARTESIAN_POINT('',(2.4272136057,22.13,5.422034141475E-03));
#130 = CARTESIAN_POINT('',(3.234140627316,22.13,1.031564884663E-02));
#131 = CARTESIAN_POINT('',(4.04088827053,22.13,2.104009415194E-02));
#132 = CARTESIAN_POINT('',(4.847071365911,22.13,4.222423059929E-02));
#133 = CARTESIAN_POINT('',(5.652086586916,22.13,7.956928677592E-02));
#134 = CARTESIAN_POINT('',(6.96681649837,22.13,0.179948042077));
#135 = CARTESIAN_POINT('',(7.47708342606,22.13,0.228703207504));
#136 = CARTESIAN_POINT('',(7.986065607109,22.13,0.289144715383));
#137 = CARTESIAN_POINT('',(8.493343422401,22.13,0.363630750609));
#138 = CARTESIAN_POINT('',(8.997899197961,22.13,0.454832770195));
#139 = CARTESIAN_POINT('',(9.498036150174,22.13,0.566010213398));
#140 = CARTESIAN_POINT('',(9.991431193524,22.13,0.70080517115));
#141 = CARTESIAN_POINT('',(10.665396193774,22.13,0.929226875184));
#142 = CARTESIAN_POINT('',(10.854332501365,22.13,0.99830415998));
#143 = CARTESIAN_POINT('',(11.041395815948,22.13,1.072178918781));
#144 = CARTESIAN_POINT('',(11.226289789697,22.13,1.151192112535));
#145 = CARTESIAN_POINT('',(11.408632775207,22.13,1.23570261349));
#146 = CARTESIAN_POINT('',(11.587955748545,22.13,1.326090807625));
#147 = CARTESIAN_POINT('',(11.76369591551,22.13,1.422769920854));
#148 = CARTESIAN_POINT('',(12.072632351737,22.13,1.609106559129));
#149 = CARTESIAN_POINT('',(12.20729910789,22.13,1.69631846737));
#150 = CARTESIAN_POINT('',(12.338861698685,22.13,1.788084859208));
#151 = CARTESIAN_POINT('',(12.466890154359,22.13,1.884639410039));
#152 = CARTESIAN_POINT('',(12.590855017697,22.13,1.98619806906));
#153 = CARTESIAN_POINT('',(12.710132112016,22.13,2.09295278324));
#154 = CARTESIAN_POINT('',(12.82400616571,22.13,2.20506628134));
#155 = CARTESIAN_POINT('',(12.994493757482,22.13,2.391284863247));
#156 = CARTESIAN_POINT('',(13.055189625054,22.13,2.461757942735));
#157 = CARTESIAN_POINT('',(13.113596958655,22.13,2.534104678255));
#158 = CARTESIAN_POINT('',(13.169533782001,22.13,2.608329546163));
#159 = CARTESIAN_POINT('',(13.222804101261,22.13,2.6844212913));
#160 = CARTESIAN_POINT('',(13.273201926396,22.13,2.762350240894));
#161 = CARTESIAN_POINT('',(13.3205152925,22.13,2.84206561847));
#162 = CARTESIAN_POINT('',(13.431564266954,22.13,3.047504985704));
#163 = CARTESIAN_POINT('',(13.490996793703,22.13,3.175576221766));
#164 = CARTESIAN_POINT('',(13.541988462446,22.13,3.307331595721));
#165 = CARTESIAN_POINT('',(13.583764904884,22.13,3.44228654296));
#166 = CARTESIAN_POINT('',(13.615646801974,22.13,3.57983836873));
#167 = CARTESIAN_POINT('',(13.637102611183,22.13,3.719254249287));
#168 = CARTESIAN_POINT('',(13.647824002382,22.13,3.859655769942));
#169 = CARTESIAN_POINT('',(13.647824002382,22.13,4.));
#170 = ORIENTED_EDGE('',*,*,#171,.F.);
#171 = EDGE_CURVE('',#61,#81,#172,.T.);
#172 = CIRCLE('',#173,25.464101615138);
#173 = AXIS2_PLACEMENT_3D('',#174,#175,#176);
#174 = CARTESIAN_POINT('',(0.,0.,2.));
#175 = DIRECTION('',(0.,0.,1.));
#176 = DIRECTION('',(1.,0.,0.));
#177 = TOROIDAL_SURFACE('',#178,22.,4.);
#178 = AXIS2_PLACEMENT_3D('',#179,#180,#181);
#179 = CARTESIAN_POINT('',(0.,0.,4.));
#180 = DIRECTION('',(0.,0.,1.));
#181 = DIRECTION('',(1.,0.,0.));
#182 = ADVANCED_FACE('',(#183),#202,.F.);
#183 = FACE_BOUND('',#184,.F.);
#184 = EDGE_LOOP('',(#185,#193,#200,#201));
#185 = ORIENTED_EDGE('',*,*,#186,.T.);
#186 = EDGE_CURVE('',#33,#187,#189,.T.);
#187 = VERTEX_POINT('',#188);
#188 = CARTESIAN_POINT('',(8.3,-2.E-15,0.6));
#189 = LINE('',#190,#191);
#190 = CARTESIAN_POINT('',(9.,-2.2E-15,-0.1));
#191 = VECTOR('',#192,1.);
#192 = DIRECTION('',(-0.707106781187,1.7E-16,0.707106781187));
#193 = ORIENTED_EDGE('',*,*,#194,.F.);
#194 = EDGE_CURVE('',#187,#187,#195,.T.);
#195 = CIRCLE('',#196,8.3);
#196 = AXIS2_PLACEMENT_3D('',#197,#198,#199);
#197 = CARTESIAN_POINT('',(0.,0.,0.6));
#198 = DIRECTION('',(0.,0.,1.));
#199 = DIRECTION('',(1.,0.,0.));
#200 = ORIENTED_EDGE('',*,*,#186,.F.);
#201 = ORIENTED_EDGE('',*,*,#32,.T.);
#202 = CONICAL_SURFACE('',#203,9.,0.785398163397);
#203 = AXIS2_PLACEMENT_3D('',#204,#205,#206);
#204 = CARTESIAN_POINT('',(0.,0.,-0.1));
#205 = DIRECTION('',(-0.,-0.,-1.));
#206 = DIRECTION('',(1.,0.,0.));
#207 = ADVANCED_FACE('',(#208),#227,.F.);
#208 = FACE_BOUND('',#209,.F.);
#209 = EDGE_LOOP('',(#210,#219,#225,#226));
#210 = ORIENTED_EDGE('',*,*,#211,.F.);
#211 = EDGE_CURVE('',#212,#212,#214,.T.);
#212 = VERTEX_POINT('',#213);
#213 = CARTESIAN_POINT('',(0.75,19.2,2.));
#214 = CIRCLE('',#215,0.75);
#215 = AXIS2_PLACEMENT_3D('',#216,#217,#218);
#216 = CARTESIAN_POINT('',(0.,19.2,2.));
#217 = DIRECTION('',(0.,0.,1.));
#218 = DIRECTION('',(1.,0.,0.));
#219 = ORIENTED_EDGE('',*,*,#220,.F.);
#220 = EDGE_CURVE('',#44,#212,#221,.T.);
#221 = LINE('',#222,#223);
#222 = CARTESIAN_POINT('',(0.75,19.2,-1.));
#223 = VECTOR('',#224,1.);
#224 = DIRECTION('',(0.,0.,1.));
#225 = ORIENTED_EDGE('',*,*,#43,.T.);
#226 = ORIENTED_EDGE('',*,*,#220,.T.);
#227 = CYLINDRICAL_SURFACE('',#228,0.75);
#228 = AXIS2_PLACEMENT_3D('',#229,#230,#231);
#229 = CARTESIAN_POINT('',(0.,19.2,-1.));
#230 = DIRECTION('',(0.,0.,1.));
#231 = DIRECTION('',(1.,0.,0.));
#232 = ADVANCED_FACE('',(#233),#343,.T.);
#233 = FACE_BOUND('',#234,.T.);
#234 = EDGE_LOOP('',(#235,#244,#245,#336));
#235 = ORIENTED_EDGE('',*,*,#236,.F.);
#236 = EDGE_CURVE('',#61,#237,#239,.T.);
#237 = VERTEX_POINT('',#238);
#238 = CARTESIAN_POINT('',(26.,0.,4.));
#239 = CIRCLE('',#240,4.);
#240 = AXIS2_PLACEMENT_3D('',#241,#242,#243);
#241 = CARTESIAN_POINT('',(22.,0.,4.));
#242 = DIRECTION('',(0.,-1.,0.));
#243 = DIRECTION('',(-8.9E-16,-0.,-1.));
#244 = ORIENTED_EDGE('',*,*,#171,.T.);
#245 = ORIENTED_EDGE('',*,*,#246,.T.);
#246 = EDGE_CURVE('',#81,#247,#249,.T.);
#247 = VERTEX_POINT('',#248);
#248 = CARTESIAN_POINT('',(13.647824002382,22.13,4.));
#249 = B_SPLINE_CURVE_WITH_KNOTS('',8,(#250,#251,#252,#253,#254,#255,
    #256,#257,#258,#259,#260,#261,#262,#263,#264,#265,#266,#267,#268,
    #269,#270,#271,#272,#273,#274,#275,#276,#277,#278,#279,#280,#281,
    #282,#283,#284,#285,#286,#287,#288,#289,#290,#291,#292,#293,#294,
    #295,#296,#297,#298,#299,#300,#301,#302,#303,#304,#305,#306,#307,
    #308,#309,#310,#311,#312,#313,#314,#315,#316,#317,#318,#319,#320,
    #321,#322,#323,#324,#325,#326,#327,#328,#329,#330,#331,#332,#333,
    #334,#335),.UNSPECIFIED.,.F.,.F.,(9,7,7,7,7,7,7,7,7,7,7,7,9),(0.,
    4.376270732155E-02,7.78060757208E-02,0.139731373504,0.271536342131,
    0.40946667848,0.500181458898,0.709613797556,0.843087893304,
    0.895719453799,0.937902743249,0.962515397835,1.),.UNSPECIFIED.);
#250 = CARTESIAN_POINT('',(-13.64782400238,22.13,4.));
#251 = CARTESIAN_POINT('',(-13.64782400238,22.13,3.836097160863));
#252 = CARTESIAN_POINT('',(-13.6332016286,22.13,3.672109914508));
#253 = CARTESIAN_POINT('',(-13.60393114185,22.13,3.509730777106));
#254 = CARTESIAN_POINT('',(-13.56060947495,22.13,3.35031094443));
#255 = CARTESIAN_POINT('',(-13.50419541014,22.13,3.194922059395));
#256 = CARTESIAN_POINT('',(-13.43586320023,22.13,3.044392577279));
#257 = CARTESIAN_POINT('',(-13.35691227143,22.13,2.899331731756));
#258 = CARTESIAN_POINT('',(-13.2000338751,22.13,2.651886689291));
#259 = CARTESIAN_POINT('',(-13.12571669501,22.13,2.547090144253));
#260 = CARTESIAN_POINT('',(-13.04626625913,22.13,2.445861843895));
#261 = CARTESIAN_POINT('',(-12.96220308768,22.13,2.348237732991));
#262 = CARTESIAN_POINT('',(-12.87401087167,22.13,2.254204066708));
#263 = CARTESIAN_POINT('',(-12.78212494357,22.13,2.163707134974));
#264 = CARTESIAN_POINT('',(-12.6869234151,22.13,2.076660971528));
#265 = CARTESIAN_POINT('',(-12.4100895714,22.13,1.840687324275));
#266 = CARTESIAN_POINT('',(-12.22167861256,22.13,1.699594840411));
#267 = CARTESIAN_POINT('',(-12.02531660101,22.13,1.568890124941));
#268 = CARTESIAN_POINT('',(-11.82250001689,22.13,1.447878969457));
#269 = CARTESIAN_POINT('',(-11.61445128329,22.13,1.33587988627));
#270 = CARTESIAN_POINT('',(-11.4021259916,22.13,1.232216998795));
#271 = CARTESIAN_POINT('',(-11.18620210529,22.13,1.136239038789));
#272 = CARTESIAN_POINT('',(-10.50070136653,22.13,0.858057435913));
#273 = CARTESIAN_POINT('',(-10.02101795759,22.13,0.701245125257));
#274 = CARTESIAN_POINT('',(-9.532423696532,22.13,0.570734275837));
#275 = CARTESIAN_POINT('',(-9.037949112148,22.13,0.462610693676));
#276 = CARTESIAN_POINT('',(-8.53983231576,22.13,0.373277572361));
#277 = CARTESIAN_POINT('',(-8.039398087914,22.13,0.299846471371));
#278 = CARTESIAN_POINT('',(-7.537199129101,22.13,0.239744890789));
#279 = CARTESIAN_POINT('',(-6.505311056614,22.13,0.139592252547));
#280 = CARTESIAN_POINT('',(-5.976264685228,22.13,0.100682292236));
#281 = CARTESIAN_POINT('',(-5.44629638356,22.13,7.158929730478E-02));
#282 = CARTESIAN_POINT('',(-4.915753843558,22.13,5.027211427772E-02));
#283 = CARTESIAN_POINT('',(-4.384879510589,22.13,3.497869988856E-02));
#284 = CARTESIAN_POINT('',(-3.85381366636,22.13,2.421443687745E-02));
#285 = CARTESIAN_POINT('',(-3.32259444185,22.13,1.676076891133E-02));
#286 = CARTESIAN_POINT('',(-2.441642615178,22.13,8.321634155302E-03));
#287 = CARTESIAN_POINT('',(-2.092071679775,22.13,5.995976248339E-03));
#288 = CARTESIAN_POINT('',(-1.742457879647,22.13,4.42337998098E-03));
#289 = CARTESIAN_POINT('',(-1.392811373384,22.13,3.386111206354E-03));
#290 = CARTESIAN_POINT('',(-1.043141411656,22.13,2.719374309766E-03));
#291 = CARTESIAN_POINT('',(-0.693456357835,22.13,2.312483981894E-03));
#292 = CARTESIAN_POINT('',(-0.343763708616,22.13,2.110036991985E-03));
#293 = CARTESIAN_POINT('',(0.813264113169,22.13,2.120118469147E-03));
#294 = CARTESIAN_POINT('',(1.620270807255,22.13,3.222094608156E-03));
#295 = CARTESIAN_POINT('',(2.4272136057,22.13,5.422034141475E-03));
#296 = CARTESIAN_POINT('',(3.234140627316,22.13,1.031564884663E-02));
#297 = CARTESIAN_POINT('',(4.04088827053,22.13,2.104009415194E-02));
#298 = CARTESIAN_POINT('',(4.847071365911,22.13,4.222423059929E-02));
#299 = CARTESIAN_POINT('',(5.652086586916,22.13,7.956928677592E-02));
#300 = CARTESIAN_POINT('',(6.96681649837,22.13,0.179948042077));
#301 = CARTESIAN_POINT('',(7.47708342606,22.13,0.228703207504));
#302 = CARTESIAN_POINT('',(7.986065607109,22.13,0.289144715383));
#303 = CARTESIAN_POINT('',(8.493343422401,22.13,0.363630750609));
#304 = CARTESIAN_POINT('',(8.997899197961,22.13,0.454832770195));
#305 = CARTESIAN_POINT('',(9.498036150174,22.13,0.566010213398));
#306 = CARTESIAN_POINT('',(9.991431193524,22.13,0.70080517115));
#307 = CARTESIAN_POINT('',(10.665396193774,22.13,0.929226875184));
#308 = CARTESIAN_POINT('',(10.854332501365,22.13,0.99830415998));
#309 = CARTESIAN_POINT('',(11.041395815948,22.13,1.072178918781));
#310 = CARTESIAN_POINT('',(11.226289789697,22.13,1.151192112535));
#311 = CARTESIAN_POINT('',(11.408632775207,22.13,1.23570261349));
#312 = CARTESIAN_POINT('',(11.587955748545,22.13,1.326090807625));
#313 = CARTESIAN_POINT('',(11.76369591551,22.13,1.422769920854));
#314 = CARTESIAN_POINT('',(12.072632351737,22.13,1.609106559129));
#315 = CARTESIAN_POINT('',(12.20729910789,22.13,1.69631846737));
#316 = CARTESIAN_POINT('',(12.338861698685,22.13,1.788084859208));
#317 = CARTESIAN_POINT('',(12.466890154359,22.13,1.884639410039));
#318 = CARTESIAN_POINT('',(12.590855017697,22.13,1.98619806906));
#319 = CARTESIAN_POINT('',(12.710132112016,22.13,2.09295278324));
#320 = CARTESIAN_POINT('',(12.82400616571,22.13,2.20506628134));
#321 = CARTESIAN_POINT('',(12.994493757482,22.13,2.391284863247));
#322 = CARTESIAN_POINT('',(13.055189625054,22.13,2.461757942735));
#323 = CARTESIAN_POINT('',(13.113596958655,22.13,2.534104678255));
#324 = CARTESIAN_POINT('',(13.169533782001,22.13,2.608329546163));
#325 = CARTESIAN_POINT('',(13.222804101261,22.13,2.6844212913));
#326 = CARTESIAN_POINT('',(13.273201926396,22.13,2.762350240894));
#327 = CARTESIAN_POINT('',(13.3205152925,22.13,2.84206561847));
#328 = CARTESIAN_POINT('',(13.431564266954,22.13,3.047504985704));
#329 = CARTESIAN_POINT('',(13.490996793703,22.13,3.175576221766));
#330 = CARTESIAN_POINT('',(13.541988462446,22.13,3.307331595721));
#331 = CARTESIAN_POINT('',(13.583764904884,22.13,3.44228654296));
#332 = CARTESIAN_POINT('',(13.615646801974,22.13,3.57983836873));
#333 = CARTESIAN_POINT('',(13.637102611183,22.13,3.719254249287));
#334 = CARTESIAN_POINT('',(13.647824002382,22.13,3.859655769942));
#335 = CARTESIAN_POINT('',(13.647824002382,22.13,4.));
#336 = ORIENTED_EDGE('',*,*,#337,.F.);
#337 = EDGE_CURVE('',#237,#247,#338,.T.);
#338 = CIRCLE('',#339,26.);
#339 = AXIS2_PLACEMENT_3D('',#340,#341,#342);
#340 = CARTESIAN_POINT('',(0.,0.,4.));
#341 = DIRECTION('',(0.,0.,1.));
#342 = DIRECTION('',(1.,0.,0.));
#343 = TOROIDAL_SURFACE('',#344,22.,4.);
#344 = AXIS2_PLACEMENT_3D('',#345,#346,#347);
#345 = CARTESIAN_POINT('',(0.,0.,4.));
#346 = DIRECTION('',(0.,0.,1.));
#347 = DIRECTION('',(1.,0.,0.));
#348 = ADVANCED_FACE('',(#349),#451,.T.);
#349 = FACE_BOUND('',#350,.T.);
#350 = EDGE_LOOP('',(#351,#352,#353,#362));
#351 = ORIENTED_EDGE('',*,*,#71,.T.);
#352 = ORIENTED_EDGE('',*,*,#236,.T.);
#353 = ORIENTED_EDGE('',*,*,#354,.F.);
#354 = EDGE_CURVE('',#355,#237,#357,.T.);
#355 = VERTEX_POINT('',#356);
#356 = CARTESIAN_POINT('',(-13.64782400238,22.13,4.));
#357 = CIRCLE('',#358,26.);
#358 = AXIS2_PLACEMENT_3D('',#359,#360,#361);
#359 = CARTESIAN_POINT('',(0.,0.,4.));
#360 = DIRECTION('',(0.,0.,1.));
#361 = DIRECTION('',(1.,0.,0.));
#362 = ORIENTED_EDGE('',*,*,#363,.T.);
#363 = EDGE_CURVE('',#355,#72,#364,.T.);
#364 = B_SPLINE_CURVE_WITH_KNOTS('',8,(#365,#366,#367,#368,#369,#370,
    #371,#372,#373,#374,#375,#376,#377,#378,#379,#380,#381,#382,#383,
    #384,#385,#386,#387,#388,#389,#390,#391,#392,#393,#394,#395,#396,
    #397,#398,#399,#400,#401,#402,#403,#404,#405,#406,#407,#408,#409,
    #410,#411,#412,#413,#414,#415,#416,#417,#418,#419,#420,#421,#422,
    #423,#424,#425,#426,#427,#428,#429,#430,#431,#432,#433,#434,#435,
    #436,#437,#438,#439,#440,#441,#442,#443,#444,#445,#446,#447,#448,
    #449,#450),.UNSPECIFIED.,.F.,.F.,(9,7,7,7,7,7,7,7,7,7,7,7,9),(0.,
    4.376270732155E-02,7.78060757208E-02,0.139731373504,0.271536342131,
    0.40946667848,0.500181458898,0.709613797556,0.843087893304,
    0.895719453799,0.937902743249,0.962515397835,1.),.UNSPECIFIED.);
#365 = CARTESIAN_POINT('',(-13.64782400238,22.13,4.));
#366 = CARTESIAN_POINT('',(-13.64782400238,22.13,3.836097160863));
#367 = CARTESIAN_POINT('',(-13.6332016286,22.13,3.672109914508));
#368 = CARTESIAN_POINT('',(-13.60393114185,22.13,3.509730777106));
#369 = CARTESIAN_POINT('',(-13.56060947495,22.13,3.35031094443));
#370 = CARTESIAN_POINT('',(-13.50419541014,22.13,3.194922059395));
#371 = CARTESIAN_POINT('',(-13.43586320023,22.13,3.044392577279));
#372 = CARTESIAN_POINT('',(-13.35691227143,22.13,2.899331731756));
#373 = CARTESIAN_POINT('',(-13.2000338751,22.13,2.651886689291));
#374 = CARTESIAN_POINT('',(-13.12571669501,22.13,2.547090144253));
#375 = CARTESIAN_POINT('',(-13.04626625913,22.13,2.445861843895));
#376 = CARTESIAN_POINT('',(-12.96220308768,22.13,2.348237732991));
#377 = CARTESIAN_POINT('',(-12.87401087167,22.13,2.254204066708));
#378 = CARTESIAN_POINT('',(-12.78212494357,22.13,2.163707134974));
#379 = CARTESIAN_POINT('',(-12.6869234151,22.13,2.076660971528));
#380 = CARTESIAN_POINT('',(-12.4100895714,22.13,1.840687324275));
#381 = CARTESIAN_POINT('',(-12.22167861256,22.13,1.699594840411));
#382 = CARTESIAN_POINT('',(-12.02531660101,22.13,1.568890124941));
#383 = CARTESIAN_POINT('',(-11.82250001689,22.13,1.447878969457));
#384 = CARTESIAN_POINT('',(-11.61445128329,22.13,1.33587988627));
#385 = CARTESIAN_POINT('',(-11.4021259916,22.13,1.232216998795));
#386 = CARTESIAN_POINT('',(-11.18620210529,22.13,1.136239038789));
#387 = CARTESIAN_POINT('',(-10.50070136653,22.13,0.858057435913));
#388 = CARTESIAN_POINT('',(-10.02101795759,22.13,0.701245125257));
#389 = CARTESIAN_POINT('',(-9.532423696532,22.13,0.570734275837));
#390 = CARTESIAN_POINT('',(-9.037949112148,22.13,0.462610693676));
#391 = CARTESIAN_POINT('',(-8.53983231576,22.13,0.373277572361));
#392 = CARTESIAN_POINT('',(-8.039398087914,22.13,0.299846471371));
#393 = CARTESIAN_POINT('',(-7.537199129101,22.13,0.239744890789));
#394 = CARTESIAN_POINT('',(-6.505311056614,22.13,0.139592252547));
#395 = CARTESIAN_POINT('',(-5.976264685228,22.13,0.100682292236));
#396 = CARTESIAN_POINT('',(-5.44629638356,22.13,7.158929730478E-02));
#397 = CARTESIAN_POINT('',(-4.915753843558,22.13,5.027211427772E-02));
#398 = CARTESIAN_POINT('',(-4.384879510589,22.13,3.497869988856E-02));
#399 = CARTESIAN_POINT('',(-3.85381366636,22.13,2.421443687745E-02));
#400 = CARTESIAN_POINT('',(-3.32259444185,22.13,1.676076891133E-02));
#401 = CARTESIAN_POINT('',(-2.441642615178,22.13,8.321634155302E-03));
#402 = CARTESIAN_POINT('',(-2.092071679775,22.13,5.995976248339E-03));
#403 = CARTESIAN_POINT('',(-1.742457879647,22.13,4.42337998098E-03));
#404 = CARTESIAN_POINT('',(-1.392811373384,22.13,3.386111206354E-03));
#405 = CARTESIAN_POINT('',(-1.043141411656,22.13,2.719374309766E-03));
#406 = CARTESIAN_POINT('',(-0.693456357835,22.13,2.312483981894E-03));
#407 = CARTESIAN_POINT('',(-0.343763708616,22.13,2.110036991985E-03));
#408 = CARTESIAN_POINT('',(0.813264113169,22.13,2.120118469147E-03));
#409 = CARTESIAN_POINT('',(1.620270807255,22.13,3.222094608156E-03));
#410 = CARTESIAN_POINT('',(2.4272136057,22.13,5.422034141475E-03));
#411 = CARTESIAN_POINT('',(3.234140627316,22.13,1.031564884663E-02));
#412 = CARTESIAN_POINT('',(4.04088827053,22.13,2.104009415194E-02));
#413 = CARTESIAN_POINT('',(4.847071365911,22.13,4.222423059929E-02));
#414 = CARTESIAN_POINT('',(5.652086586916,22.13,7.956928677592E-02));
#415 = CARTESIAN_POINT('',(6.96681649837,22.13,0.179948042077));
#416 = CARTESIAN_POINT('',(7.47708342606,22.13,0.228703207504));
#417 = CARTESIAN_POINT('',(7.986065607109,22.13,0.289144715383));
#418 = CARTESIAN_POINT('',(8.493343422401,22.13,0.363630750609));
#419 = CARTESIAN_POINT('',(8.997899197961,22.13,0.454832770195));
#420 = CARTESIAN_POINT('',(9.498036150174,22.13,0.566010213398));
#421 = CARTESIAN_POINT('',(9.991431193524,22.13,0.70080517115));
#422 = CARTESIAN_POINT('',(10.665396193774,22.13,0.929226875184));
#423 = CARTESIAN_POINT('',(10.854332501365,22.13,0.99830415998));
#424 = CARTESIAN_POINT('',(11.041395815948,22.13,1.072178918781));
#425 = CARTESIAN_POINT('',(11.226289789697,22.13,1.151192112535));
#426 = CARTESIAN_POINT('',(11.408632775207,22.13,1.23570261349));
#427 = CARTESIAN_POINT('',(11.587955748545,22.13,1.326090807625));
#428 = CARTESIAN_POINT('',(11.76369591551,22.13,1.422769920854));
#429 = CARTESIAN_POINT('',(12.072632351737,22.13,1.609106559129));
#430 = CARTESIAN_POINT('',(12.20729910789,22.13,1.69631846737));
#431 = CARTESIAN_POINT('',(12.338861698685,22.13,1.788084859208));
#432 = CARTESIAN_POINT('',(12.466890154359,22.13,1.884639410039));
#433 = CARTESIAN_POINT('',(12.590855017697,22.13,1.98619806906));
#434 = CARTESIAN_POINT('',(12.710132112016,22.13,2.09295278324));
#435 = CARTESIAN_POINT('',(12.82400616571,22.13,2.20506628134));
#436 = CARTESIAN_POINT('',(12.994493757482,22.13,2.391284863247));
#437 = CARTESIAN_POINT('',(13.055189625054,22.13,2.461757942735));
#438 = CARTESIAN_POINT('',(13.113596958655,22.13,2.534104678255));
#439 = CARTESIAN_POINT('',(13.169533782001,22.13,2.608329546163));
#440 = CARTESIAN_POINT('',(13.222804101261,22.13,2.6844212913));
#441 = CARTESIAN_POINT('',(13.273201926396,22.13,2.762350240894));
#442 = CARTESIAN_POINT('',(13.3205152925,22.13,2.84206561847));
#443 = CARTESIAN_POINT('',(13.431564266954,22.13,3.047504985704));
#444 = CARTESIAN_POINT('',(13.490996793703,22.13,3.175576221766));
#445 = CARTESIAN_POINT('',(13.541988462446,22.13,3.307331595721));
#446 = CARTESIAN_POINT('',(13.583764904884,22.13,3.44228654296));
#447 = CARTESIAN_POINT('',(13.615646801974,22.13,3.57983836873));
#448 = CARTESIAN_POINT('',(13.637102611183,22.13,3.719254249287));
#449 = CARTESIAN_POINT('',(13.647824002382,22.13,3.859655769942));
#450 = CARTESIAN_POINT('',(13.647824002382,22.13,4.));
#451 = TOROIDAL_SURFACE('',#452,22.,4.);
#452 = AXIS2_PLACEMENT_3D('',#453,#454,#455);
#453 = CARTESIAN_POINT('',(0.,0.,4.));
#454 = DIRECTION('',(0.,0.,1.));
#455 = DIRECTION('',(1.,0.,0.));
#456 = ADVANCED_FACE('',(#457),#476,.F.);
#457 = FACE_BOUND('',#458,.F.);
#458 = EDGE_LOOP('',(#459,#467,#474,#475));
#459 = ORIENTED_EDGE('',*,*,#460,.T.);
#460 = EDGE_CURVE('',#187,#461,#463,.T.);
#461 = VERTEX_POINT('',#462);
#462 = CARTESIAN_POINT('',(8.3,-2.E-15,2.));
#463 = LINE('',#464,#465);
#464 = CARTESIAN_POINT('',(8.3,-2.03E-15,-1.));
#465 = VECTOR('',#466,1.);
#466 = DIRECTION('',(0.,0.,1.));
#467 = ORIENTED_EDGE('',*,*,#468,.F.);
#468 = EDGE_CURVE('',#461,#461,#469,.T.);
#469 = CIRCLE('',#470,8.3);
#470 = AXIS2_PLACEMENT_3D('',#471,#472,#473);
#471 = CARTESIAN_POINT('',(0.,0.,2.));
#472 = DIRECTION('',(0.,0.,1.));
#473 = DIRECTION('',(1.,0.,0.));
#474 = ORIENTED_EDGE('',*,*,#460,.F.);
#475 = ORIENTED_EDGE('',*,*,#194,.T.);
#476 = CYLINDRICAL_SURFACE('',#477,8.3);
#477 = AXIS2_PLACEMENT_3D('',#478,#479,#480);
#478 = CARTESIAN_POINT('',(0.,0.,-1.));
#479 = DIRECTION('',(0.,0.,1.));
#480 = DIRECTION('',(1.,0.,0.));
#481 = ADVANCED_FACE('',(#482,#517,#767),#770,.T.);
#482 = FACE_BOUND('',#483,.T.);
#483 = EDGE_LOOP('',(#484,#494,#503,#511));
#484 = ORIENTED_EDGE('',*,*,#485,.F.);
#485 = EDGE_CURVE('',#486,#488,#490,.T.);
#486 = VERTEX_POINT('',#487);
#487 = CARTESIAN_POINT('',(-13.65,19.982930215561,2.));
#488 = VERTEX_POINT('',#489);
#489 = CARTESIAN_POINT('',(-13.65,20.33,2.));
#490 = LINE('',#491,#492);
#491 = CARTESIAN_POINT('',(-13.65,-20.,2.));
#492 = VECTOR('',#493,1.);
#493 = DIRECTION('',(0.,1.,0.));
#494 = ORIENTED_EDGE('',*,*,#495,.T.);
#495 = EDGE_CURVE('',#486,#496,#498,.T.);
#496 = VERTEX_POINT('',#497);
#497 = CARTESIAN_POINT('',(13.65,19.982930215561,2.));
#498 = CIRCLE('',#499,24.2);
#499 = AXIS2_PLACEMENT_3D('',#500,#501,#502);
#500 = CARTESIAN_POINT('',(0.,0.,2.));
#501 = DIRECTION('',(0.,0.,1.));
#502 = DIRECTION('',(1.,0.,0.));
#503 = ORIENTED_EDGE('',*,*,#504,.T.);
#504 = EDGE_CURVE('',#496,#505,#507,.T.);
#505 = VERTEX_POINT('',#506);
#506 = CARTESIAN_POINT('',(13.65,20.33,2.));
#507 = LINE('',#508,#509);
#508 = CARTESIAN_POINT('',(13.65,-20.,2.));
#509 = VECTOR('',#510,1.);
#510 = DIRECTION('',(0.,1.,0.));
#511 = ORIENTED_EDGE('',*,*,#512,.T.);
#512 = EDGE_CURVE('',#505,#488,#513,.T.);
#513 = LINE('',#514,#515);
#514 = CARTESIAN_POINT('',(-20.,20.33,2.));
#515 = VECTOR('',#516,1.);
#516 = DIRECTION('',(-1.,0.,0.));
#517 = FACE_BOUND('',#518,.T.);
#518 = EDGE_LOOP('',(#519,#530,#538,#547,#555,#564,#573,#581,#590,#598,
    #607,#615,#624,#632,#641,#649,#658,#667,#675,#684,#692,#701,#709,
    #718,#726,#735,#744,#752,#761));
#519 = ORIENTED_EDGE('',*,*,#520,.F.);
#520 = EDGE_CURVE('',#521,#523,#525,.T.);
#521 = VERTEX_POINT('',#522);
#522 = CARTESIAN_POINT('',(-3.710982329345,-23.61013786811,2.));
#523 = VERTEX_POINT('',#524);
#524 = CARTESIAN_POINT('',(3.710982329345,-23.61013786811,2.));
#525 = CIRCLE('',#526,23.9);
#526 = AXIS2_PLACEMENT_3D('',#527,#528,#529);
#527 = CARTESIAN_POINT('',(0.,0.,2.));
#528 = DIRECTION('',(0.,0.,1.));
#529 = DIRECTION('',(-0.155271227169,-0.987871877327,0.));
#530 = ORIENTED_EDGE('',*,*,#531,.F.);
#531 = EDGE_CURVE('',#532,#521,#534,.T.);
#532 = VERTEX_POINT('',#533);
#533 = CARTESIAN_POINT('',(-3.260695770554,-20.74530942386,2.));
#534 = LINE('',#535,#536);
#535 = CARTESIAN_POINT('',(0.,0.,2.));
#536 = VECTOR('',#537,1.);
#537 = DIRECTION('',(-0.155271227169,-0.987871877327,0.));
#538 = ORIENTED_EDGE('',*,*,#539,.T.);
#539 = EDGE_CURVE('',#532,#540,#542,.T.);
#540 = VERTEX_POINT('',#541);
#541 = CARTESIAN_POINT('',(-1.,-20.9761769634,2.));
#542 = CIRCLE('',#543,21.);
#543 = AXIS2_PLACEMENT_3D('',#544,#545,#546);
#544 = CARTESIAN_POINT('',(0.,0.,2.));
#545 = DIRECTION('',(0.,0.,1.));
#546 = DIRECTION('',(-0.155271227169,-0.987871877327,0.));
#547 = ORIENTED_EDGE('',*,*,#548,.T.);
#548 = EDGE_CURVE('',#540,#549,#551,.T.);
#549 = VERTEX_POINT('',#550);
#550 = CARTESIAN_POINT('',(-1.,-16.57123151772,2.));
#551 = LINE('',#552,#553);
#552 = CARTESIAN_POINT('',(-1.,-27.75,2.));
#553 = VECTOR('',#554,1.);
#554 = DIRECTION('',(2.2E-16,1.,0.));
#555 = ORIENTED_EDGE('',*,*,#556,.F.);
#556 = EDGE_CURVE('',#557,#549,#559,.T.);
#557 = VERTEX_POINT('',#558);
#558 = CARTESIAN_POINT('',(-1.828522336694,-15.89517241379,2.));
#559 = CIRCLE('',#560,2.3);
#560 = AXIS2_PLACEMENT_3D('',#561,#562,#563);
#561 = CARTESIAN_POINT('',(-2.66E-15,-14.5,2.));
#562 = DIRECTION('',(0.,0.,1.));
#563 = DIRECTION('',(1.,0.,0.));
#564 = ORIENTED_EDGE('',*,*,#565,.F.);
#565 = EDGE_CURVE('',#566,#557,#568,.T.);
#566 = VERTEX_POINT('',#567);
#567 = CARTESIAN_POINT('',(-13.32931668593,-8.85038511512,2.));
#568 = CIRCLE('',#569,16.);
#569 = AXIS2_PLACEMENT_3D('',#570,#571,#572);
#570 = CARTESIAN_POINT('',(0.,0.,2.));
#571 = DIRECTION('',(0.,0.,1.));
#572 = DIRECTION('',(1.,0.,0.));
#573 = ORIENTED_EDGE('',*,*,#574,.F.);
#574 = EDGE_CURVE('',#575,#566,#577,.T.);
#575 = VERTEX_POINT('',#576);
#576 = CARTESIAN_POINT('',(-17.66590212458,-11.35411388548,2.));
#577 = LINE('',#578,#579);
#578 = CARTESIAN_POINT('',(-29.87195091717,-18.40127944162,2.));
#579 = VECTOR('',#580,1.);
#580 = DIRECTION('',(0.866025403784,0.5,0.));
#581 = ORIENTED_EDGE('',*,*,#582,.T.);
#582 = EDGE_CURVE('',#575,#583,#585,.T.);
#583 = VERTEX_POINT('',#584);
#584 = CARTESIAN_POINT('',(-16.33561708515,-13.19650008324,2.));
#585 = CIRCLE('',#586,21.);
#586 = AXIS2_PLACEMENT_3D('',#587,#588,#589);
#587 = CARTESIAN_POINT('',(0.,0.,2.));
#588 = DIRECTION('',(0.,0.,1.));
#589 = DIRECTION('',(-0.933157755034,-0.359467111458,0.));
#590 = ORIENTED_EDGE('',*,*,#591,.T.);
#591 = EDGE_CURVE('',#583,#592,#594,.T.);
#592 = VERTEX_POINT('',#593);
#593 = CARTESIAN_POINT('',(-18.59148801596,-15.01887390426,2.));
#594 = LINE('',#595,#596);
#595 = CARTESIAN_POINT('',(0.,0.,2.));
#596 = VECTOR('',#597,1.);
#597 = DIRECTION('',(-0.777886527865,-0.628404765869,0.));
#598 = ORIENTED_EDGE('',*,*,#599,.F.);
#599 = EDGE_CURVE('',#600,#592,#602,.T.);
#600 = VERTEX_POINT('',#601);
#601 = CARTESIAN_POINT('',(-22.30247034531,-8.591263963848,2.));
#602 = CIRCLE('',#603,23.9);
#603 = AXIS2_PLACEMENT_3D('',#604,#605,#606);
#604 = CARTESIAN_POINT('',(0.,0.,2.));
#605 = DIRECTION('',(0.,0.,1.));
#606 = DIRECTION('',(-0.933157755034,-0.359467111458,0.));
#607 = ORIENTED_EDGE('',*,*,#608,.F.);
#608 = EDGE_CURVE('',#609,#600,#611,.T.);
#609 = VERTEX_POINT('',#610);
#610 = CARTESIAN_POINT('',(-19.59631285571,-7.54880934062,2.));
#611 = LINE('',#612,#613);
#612 = CARTESIAN_POINT('',(0.,0.,2.));
#613 = VECTOR('',#614,1.);
#614 = DIRECTION('',(-0.933157755034,-0.359467111458,0.));
#615 = ORIENTED_EDGE('',*,*,#616,.T.);
#616 = EDGE_CURVE('',#609,#617,#619,.T.);
#617 = VERTEX_POINT('',#618);
#618 = CARTESIAN_POINT('',(-18.66590212458,-9.622063077917,2.));
#619 = CIRCLE('',#620,21.);
#620 = AXIS2_PLACEMENT_3D('',#621,#622,#623);
#621 = CARTESIAN_POINT('',(0.,0.,2.));
#622 = DIRECTION('',(0.,0.,1.));
#623 = DIRECTION('',(-0.933157755034,-0.359467111458,0.));
#624 = ORIENTED_EDGE('',*,*,#625,.T.);
#625 = EDGE_CURVE('',#617,#626,#628,.T.);
#626 = VERTEX_POINT('',#627);
#627 = CARTESIAN_POINT('',(-14.32931668593,-7.118334307551,2.));
#628 = LINE('',#629,#630);
#629 = CARTESIAN_POINT('',(-30.87195091717,-16.66922863406,2.));
#630 = VECTOR('',#631,1.);
#631 = DIRECTION('',(0.866025403784,0.5,0.));
#632 = ORIENTED_EDGE('',*,*,#633,.F.);
#633 = EDGE_CURVE('',#634,#626,#636,.T.);
#634 = VERTEX_POINT('',#635);
#635 = CARTESIAN_POINT('',(-8.587782018659,13.5,2.));
#636 = CIRCLE('',#637,16.);
#637 = AXIS2_PLACEMENT_3D('',#638,#639,#640);
#638 = CARTESIAN_POINT('',(0.,0.,2.));
#639 = DIRECTION('',(0.,0.,1.));
#640 = DIRECTION('',(1.,0.,0.));
#641 = ORIENTED_EDGE('',*,*,#642,.F.);
#642 = EDGE_CURVE('',#643,#634,#645,.T.);
#643 = VERTEX_POINT('',#644);
#644 = CARTESIAN_POINT('',(8.587782018659,13.5,2.));
#645 = LINE('',#646,#647);
#646 = CARTESIAN_POINT('',(-35.,13.5,2.));
#647 = VECTOR('',#648,1.);
#648 = DIRECTION('',(-1.,0.,0.));
#649 = ORIENTED_EDGE('',*,*,#650,.F.);
#650 = EDGE_CURVE('',#651,#643,#653,.T.);
#651 = VERTEX_POINT('',#652);
#652 = CARTESIAN_POINT('',(16.,-4.E-15,2.));
#653 = CIRCLE('',#654,16.);
#654 = AXIS2_PLACEMENT_3D('',#655,#656,#657);
#655 = CARTESIAN_POINT('',(0.,0.,2.));
#656 = DIRECTION('',(0.,0.,1.));
#657 = DIRECTION('',(1.,0.,0.));
#658 = ORIENTED_EDGE('',*,*,#659,.F.);
#659 = EDGE_CURVE('',#660,#651,#662,.T.);
#660 = VERTEX_POINT('',#661);
#661 = CARTESIAN_POINT('',(14.329316685939,-7.118334307551,2.));
#662 = CIRCLE('',#663,16.);
#663 = AXIS2_PLACEMENT_3D('',#664,#665,#666);
#664 = CARTESIAN_POINT('',(0.,0.,2.));
#665 = DIRECTION('',(0.,0.,1.));
#666 = DIRECTION('',(1.,0.,0.));
#667 = ORIENTED_EDGE('',*,*,#668,.F.);
#668 = EDGE_CURVE('',#669,#660,#671,.T.);
#669 = VERTEX_POINT('',#670);
#670 = CARTESIAN_POINT('',(18.665902124585,-9.622063077917,2.));
#671 = LINE('',#672,#673);
#672 = CARTESIAN_POINT('',(0.871950917174,0.651279441629,2.));
#673 = VECTOR('',#674,1.);
#674 = DIRECTION('',(-0.866025403784,0.5,0.));
#675 = ORIENTED_EDGE('',*,*,#676,.T.);
#676 = EDGE_CURVE('',#669,#677,#679,.T.);
#677 = VERTEX_POINT('',#678);
#678 = CARTESIAN_POINT('',(19.596312855713,-7.54880934062,2.));
#679 = CIRCLE('',#680,21.);
#680 = AXIS2_PLACEMENT_3D('',#681,#682,#683);
#681 = CARTESIAN_POINT('',(0.,0.,2.));
#682 = DIRECTION('',(-0.,0.,1.));
#683 = DIRECTION('',(0.777886527865,-0.628404765869,0.));
#684 = ORIENTED_EDGE('',*,*,#685,.T.);
#685 = EDGE_CURVE('',#677,#686,#688,.T.);
#686 = VERTEX_POINT('',#687);
#687 = CARTESIAN_POINT('',(22.302470345311,-8.591263963848,2.));
#688 = LINE('',#689,#690);
#689 = CARTESIAN_POINT('',(0.,0.,2.));
#690 = VECTOR('',#691,1.);
#691 = DIRECTION('',(0.933157755034,-0.359467111458,0.));
#692 = ORIENTED_EDGE('',*,*,#693,.F.);
#693 = EDGE_CURVE('',#694,#686,#696,.T.);
#694 = VERTEX_POINT('',#695);
#695 = CARTESIAN_POINT('',(18.591488015966,-15.01887390426,2.));
#696 = CIRCLE('',#697,23.9);
#697 = AXIS2_PLACEMENT_3D('',#698,#699,#700);
#698 = CARTESIAN_POINT('',(0.,0.,2.));
#699 = DIRECTION('',(-0.,0.,1.));
#700 = DIRECTION('',(0.777886527865,-0.628404765869,0.));
#701 = ORIENTED_EDGE('',*,*,#702,.F.);
#702 = EDGE_CURVE('',#703,#694,#705,.T.);
#703 = VERTEX_POINT('',#704);
#704 = CARTESIAN_POINT('',(16.335617085158,-13.19650008324,2.));
#705 = LINE('',#706,#707);
#706 = CARTESIAN_POINT('',(0.,0.,2.));
#707 = VECTOR('',#708,1.);
#708 = DIRECTION('',(0.777886527865,-0.628404765869,0.));
#709 = ORIENTED_EDGE('',*,*,#710,.T.);
#710 = EDGE_CURVE('',#703,#711,#713,.T.);
#711 = VERTEX_POINT('',#712);
#712 = CARTESIAN_POINT('',(17.665902124585,-11.35411388548,2.));
#713 = CIRCLE('',#714,21.);
#714 = AXIS2_PLACEMENT_3D('',#715,#716,#717);
#715 = CARTESIAN_POINT('',(0.,0.,2.));
#716 = DIRECTION('',(-0.,0.,1.));
#717 = DIRECTION('',(0.777886527865,-0.628404765869,0.));
#718 = ORIENTED_EDGE('',*,*,#719,.T.);
#719 = EDGE_CURVE('',#711,#720,#722,.T.);
#720 = VERTEX_POINT('',#721);
#721 = CARTESIAN_POINT('',(13.329316685939,-8.85038511512,2.));
#722 = LINE('',#723,#724);
#723 = CARTESIAN_POINT('',(-0.128049082826,-1.08077136594,2.));
#724 = VECTOR('',#725,1.);
#725 = DIRECTION('',(-0.866025403784,0.5,0.));
#726 = ORIENTED_EDGE('',*,*,#727,.F.);
#727 = EDGE_CURVE('',#728,#720,#730,.T.);
#728 = VERTEX_POINT('',#729);
#729 = CARTESIAN_POINT('',(1.828522336694,-15.89517241379,2.));
#730 = CIRCLE('',#731,16.);
#731 = AXIS2_PLACEMENT_3D('',#732,#733,#734);
#732 = CARTESIAN_POINT('',(0.,0.,2.));
#733 = DIRECTION('',(0.,0.,1.));
#734 = DIRECTION('',(1.,0.,0.));
#735 = ORIENTED_EDGE('',*,*,#736,.F.);
#736 = EDGE_CURVE('',#737,#728,#739,.T.);
#737 = VERTEX_POINT('',#738);
#738 = CARTESIAN_POINT('',(1.,-16.57123151772,2.));
#739 = CIRCLE('',#740,2.3);
#740 = AXIS2_PLACEMENT_3D('',#741,#742,#743);
#741 = CARTESIAN_POINT('',(-2.66E-15,-14.5,2.));
#742 = DIRECTION('',(0.,0.,1.));
#743 = DIRECTION('',(1.,0.,0.));
#744 = ORIENTED_EDGE('',*,*,#745,.F.);
#745 = EDGE_CURVE('',#746,#737,#748,.T.);
#746 = VERTEX_POINT('',#747);
#747 = CARTESIAN_POINT('',(1.,-20.9761769634,2.));
#748 = LINE('',#749,#750);
#749 = CARTESIAN_POINT('',(1.,-27.75,2.));
#750 = VECTOR('',#751,1.);
#751 = DIRECTION('',(2.2E-16,1.,0.));
#752 = ORIENTED_EDGE('',*,*,#753,.T.);
#753 = EDGE_CURVE('',#746,#754,#756,.T.);
#754 = VERTEX_POINT('',#755);
#755 = CARTESIAN_POINT('',(3.260695770554,-20.74530942386,2.));
#756 = CIRCLE('',#757,21.);
#757 = AXIS2_PLACEMENT_3D('',#758,#759,#760);
#758 = CARTESIAN_POINT('',(0.,0.,2.));
#759 = DIRECTION('',(0.,0.,1.));
#760 = DIRECTION('',(-0.155271227169,-0.987871877327,0.));
#761 = ORIENTED_EDGE('',*,*,#762,.T.);
#762 = EDGE_CURVE('',#754,#523,#763,.T.);
#763 = LINE('',#764,#765);
#764 = CARTESIAN_POINT('',(0.,0.,2.));
#765 = VECTOR('',#766,1.);
#766 = DIRECTION('',(0.155271227169,-0.987871877327,0.));
#767 = FACE_BOUND('',#768,.T.);
#768 = EDGE_LOOP('',(#769));
#769 = ORIENTED_EDGE('',*,*,#211,.F.);
#770 = PLANE('',#771);
#771 = AXIS2_PLACEMENT_3D('',#772,#773,#774);
#772 = CARTESIAN_POINT('',(-40.,-40.,2.));
#773 = DIRECTION('',(0.,0.,1.));
#774 = DIRECTION('',(1.,0.,0.));
#775 = ADVANCED_FACE('',(#776,#786),#850,.T.);
#776 = FACE_BOUND('',#777,.T.);
#777 = EDGE_LOOP('',(#778,#779,#780));
#778 = ORIENTED_EDGE('',*,*,#354,.T.);
#779 = ORIENTED_EDGE('',*,*,#337,.T.);
#780 = ORIENTED_EDGE('',*,*,#781,.F.);
#781 = EDGE_CURVE('',#355,#247,#782,.T.);
#782 = LINE('',#783,#784);
#783 = CARTESIAN_POINT('',(-45.,22.13,4.));
#784 = VECTOR('',#785,1.);
#785 = DIRECTION('',(1.,0.,0.));
#786 = FACE_BOUND('',#787,.T.);
#787 = EDGE_LOOP('',(#788,#799,#807,#816,#825,#834,#843));
#788 = ORIENTED_EDGE('',*,*,#789,.T.);
#789 = EDGE_CURVE('',#790,#792,#794,.T.);
#790 = VERTEX_POINT('',#791);
#791 = CARTESIAN_POINT('',(-13.56146079416,21.002066115702,4.));
#792 = VERTEX_POINT('',#793);
#793 = CARTESIAN_POINT('',(-13.12749404875,21.13,4.));
#794 = CIRCLE('',#795,0.8);
#795 = AXIS2_PLACEMENT_3D('',#796,#797,#798);
#796 = CARTESIAN_POINT('',(-13.12749404875,20.33,4.));
#797 = DIRECTION('',(-0.,0.,-1.));
#798 = DIRECTION('',(-0.840082644628,-0.542458431767,0.));
#799 = ORIENTED_EDGE('',*,*,#800,.T.);
#800 = EDGE_CURVE('',#792,#801,#803,.T.);
#801 = VERTEX_POINT('',#802);
#802 = CARTESIAN_POINT('',(13.127494048751,21.13,4.));
#803 = LINE('',#804,#805);
#804 = CARTESIAN_POINT('',(-13.43625297562,21.13,4.));
#805 = VECTOR('',#806,1.);
#806 = DIRECTION('',(1.,0.,0.));
#807 = ORIENTED_EDGE('',*,*,#808,.T.);
#808 = EDGE_CURVE('',#801,#809,#811,.T.);
#809 = VERTEX_POINT('',#810);
#810 = CARTESIAN_POINT('',(13.561460794165,21.002066115702,4.));
#811 = CIRCLE('',#812,0.8);
#812 = AXIS2_PLACEMENT_3D('',#813,#814,#815);
#813 = CARTESIAN_POINT('',(13.127494048751,20.33,4.));
#814 = DIRECTION('',(0.,0.,-1.));
#815 = DIRECTION('',(-1.,0.,0.));
#816 = ORIENTED_EDGE('',*,*,#817,.T.);
#817 = EDGE_CURVE('',#809,#818,#820,.T.);
#818 = VERTEX_POINT('',#819);
#819 = CARTESIAN_POINT('',(14.101239669422,20.64352294996,4.));
#820 = CIRCLE('',#821,25.);
#821 = AXIS2_PLACEMENT_3D('',#822,#823,#824);
#822 = CARTESIAN_POINT('',(0.,0.,4.));
#823 = DIRECTION('',(0.,0.,-1.));
#824 = DIRECTION('',(1.,0.,0.));
#825 = ORIENTED_EDGE('',*,*,#826,.T.);
#826 = EDGE_CURVE('',#818,#827,#829,.T.);
#827 = VERTEX_POINT('',#828);
#828 = CARTESIAN_POINT('',(25.,-6.E-15,4.));
#829 = CIRCLE('',#830,25.);
#830 = AXIS2_PLACEMENT_3D('',#831,#832,#833);
#831 = CARTESIAN_POINT('',(0.,0.,4.));
#832 = DIRECTION('',(0.,0.,-1.));
#833 = DIRECTION('',(1.,0.,0.));
#834 = ORIENTED_EDGE('',*,*,#835,.T.);
#835 = EDGE_CURVE('',#827,#836,#838,.T.);
#836 = VERTEX_POINT('',#837);
#837 = CARTESIAN_POINT('',(-14.10123966942,20.64352294996,4.));
#838 = CIRCLE('',#839,25.);
#839 = AXIS2_PLACEMENT_3D('',#840,#841,#842);
#840 = CARTESIAN_POINT('',(0.,0.,4.));
#841 = DIRECTION('',(0.,0.,-1.));
#842 = DIRECTION('',(1.,0.,0.));
#843 = ORIENTED_EDGE('',*,*,#844,.T.);
#844 = EDGE_CURVE('',#836,#790,#845,.T.);
#845 = CIRCLE('',#846,25.);
#846 = AXIS2_PLACEMENT_3D('',#847,#848,#849);
#847 = CARTESIAN_POINT('',(0.,0.,4.));
#848 = DIRECTION('',(0.,0.,-1.));
#849 = DIRECTION('',(1.,0.,0.));
#850 = PLANE('',#851);
#851 = AXIS2_PLACEMENT_3D('',#852,#853,#854);
#852 = CARTESIAN_POINT('',(-40.,-40.,4.));
#853 = DIRECTION('',(0.,0.,1.));
#854 = DIRECTION('',(1.,0.,0.));
#855 = ADVANCED_FACE('',(#856,#906),#909,.T.);
#856 = FACE_BOUND('',#857,.T.);
#857 = EDGE_LOOP('',(#858,#868,#876,#884,#892,#900));
#858 = ORIENTED_EDGE('',*,*,#859,.T.);
#859 = EDGE_CURVE('',#860,#862,#864,.T.);
#860 = VERTEX_POINT('',#861);
#861 = CARTESIAN_POINT('',(13.921358365835,0.,2.));
#862 = VERTEX_POINT('',#863);
#863 = CARTESIAN_POINT('',(6.960679182917,12.05625,2.));
#864 = LINE('',#865,#866);
#865 = CARTESIAN_POINT('',(13.921358365835,0.,2.));
#866 = VECTOR('',#867,1.);
#867 = DIRECTION('',(-0.5,0.866025403784,0.));
#868 = ORIENTED_EDGE('',*,*,#869,.T.);
#869 = EDGE_CURVE('',#862,#870,#872,.T.);
#870 = VERTEX_POINT('',#871);
#871 = CARTESIAN_POINT('',(-6.960679182917,12.05625,2.));
#872 = LINE('',#873,#874);
#873 = CARTESIAN_POINT('',(6.960679182917,12.05625,2.));
#874 = VECTOR('',#875,1.);
#875 = DIRECTION('',(-1.,1.3E-16,0.));
#876 = ORIENTED_EDGE('',*,*,#877,.T.);
#877 = EDGE_CURVE('',#870,#878,#880,.T.);
#878 = VERTEX_POINT('',#879);
#879 = CARTESIAN_POINT('',(-13.92135836583,2.E-15,2.));
#880 = LINE('',#881,#882);
#881 = CARTESIAN_POINT('',(-6.960679182917,12.05625,2.));
#882 = VECTOR('',#883,1.);
#883 = DIRECTION('',(-0.5,-0.866025403784,0.));
#884 = ORIENTED_EDGE('',*,*,#885,.T.);
#885 = EDGE_CURVE('',#878,#886,#888,.T.);
#886 = VERTEX_POINT('',#887);
#887 = CARTESIAN_POINT('',(-6.960679182917,-12.05625,2.));
#888 = LINE('',#889,#890);
#889 = CARTESIAN_POINT('',(-13.92135836583,1.7E-15,2.));
#890 = VECTOR('',#891,1.);
#891 = DIRECTION('',(0.5,-0.866025403784,0.));
#892 = ORIENTED_EDGE('',*,*,#893,.T.);
#893 = EDGE_CURVE('',#886,#894,#896,.T.);
#894 = VERTEX_POINT('',#895);
#895 = CARTESIAN_POINT('',(6.960679182917,-12.05625,2.));
#896 = LINE('',#897,#898);
#897 = CARTESIAN_POINT('',(-6.960679182917,-12.05625,2.));
#898 = VECTOR('',#899,1.);
#899 = DIRECTION('',(1.,-2.6E-16,0.));
#900 = ORIENTED_EDGE('',*,*,#901,.T.);
#901 = EDGE_CURVE('',#894,#860,#902,.T.);
#902 = LINE('',#903,#904);
#903 = CARTESIAN_POINT('',(6.960679182917,-12.05625,2.));
#904 = VECTOR('',#905,1.);
#905 = DIRECTION('',(0.5,0.866025403784,0.));
#906 = FACE_BOUND('',#907,.T.);
#907 = EDGE_LOOP('',(#908));
#908 = ORIENTED_EDGE('',*,*,#468,.F.);
#909 = PLANE('',#910);
#910 = AXIS2_PLACEMENT_3D('',#911,#912,#913);
#911 = CARTESIAN_POINT('',(1.7E-16,-1.9E-16,2.));
#912 = DIRECTION('',(0.,0.,1.));
#913 = DIRECTION('',(1.,0.,0.));
#914 = ADVANCED_FACE('',(#915),#940,.T.);
#915 = FACE_BOUND('',#916,.T.);
#916 = EDGE_LOOP('',(#917,#925,#926,#934));
#917 = ORIENTED_EDGE('',*,*,#918,.F.);
#918 = EDGE_CURVE('',#486,#919,#921,.T.);
#919 = VERTEX_POINT('',#920);
#920 = CARTESIAN_POINT('',(-13.65,19.982930215562,3.99));
#921 = LINE('',#922,#923);
#922 = CARTESIAN_POINT('',(-13.65,19.982930215561,1.));
#923 = VECTOR('',#924,1.);
#924 = DIRECTION('',(0.,0.,1.));
#925 = ORIENTED_EDGE('',*,*,#485,.T.);
#926 = ORIENTED_EDGE('',*,*,#927,.T.);
#927 = EDGE_CURVE('',#488,#928,#930,.T.);
#928 = VERTEX_POINT('',#929);
#929 = CARTESIAN_POINT('',(-13.65,20.33,3.99));
#930 = LINE('',#931,#932);
#931 = CARTESIAN_POINT('',(-13.65,20.33,1.));
#932 = VECTOR('',#933,1.);
#933 = DIRECTION('',(0.,0.,1.));
#934 = ORIENTED_EDGE('',*,*,#935,.T.);
#935 = EDGE_CURVE('',#928,#919,#936,.T.);
#936 = LINE('',#937,#938);
#937 = CARTESIAN_POINT('',(-13.65,0.356969514816,3.99));
#938 = VECTOR('',#939,1.);
#939 = DIRECTION('',(0.,-1.,0.));
#940 = PLANE('',#941);
#941 = AXIS2_PLACEMENT_3D('',#942,#943,#944);
#942 = CARTESIAN_POINT('',(-13.65,0.,1.));
#943 = DIRECTION('',(1.,0.,0.));
#944 = DIRECTION('',(0.,0.,1.));
#945 = ADVANCED_FACE('',(#946),#971,.F.);
#946 = FACE_BOUND('',#947,.F.);
#947 = EDGE_LOOP('',(#948,#956,#957,#965));
#948 = ORIENTED_EDGE('',*,*,#949,.F.);
#949 = EDGE_CURVE('',#496,#950,#952,.T.);
#950 = VERTEX_POINT('',#951);
#951 = CARTESIAN_POINT('',(13.65,19.982930215561,3.99));
#952 = LINE('',#953,#954);
#953 = CARTESIAN_POINT('',(13.65,19.982930215561,1.));
#954 = VECTOR('',#955,1.);
#955 = DIRECTION('',(0.,0.,1.));
#956 = ORIENTED_EDGE('',*,*,#504,.T.);
#957 = ORIENTED_EDGE('',*,*,#958,.T.);
#958 = EDGE_CURVE('',#505,#959,#961,.T.);
#959 = VERTEX_POINT('',#960);
#960 = CARTESIAN_POINT('',(13.65,20.33,3.99));
#961 = LINE('',#962,#963);
#962 = CARTESIAN_POINT('',(13.65,20.33,1.));
#963 = VECTOR('',#964,1.);
#964 = DIRECTION('',(0.,0.,1.));
#965 = ORIENTED_EDGE('',*,*,#966,.T.);
#966 = EDGE_CURVE('',#959,#950,#967,.T.);
#967 = LINE('',#968,#969);
#968 = CARTESIAN_POINT('',(13.65,0.356969514816,3.99));
#969 = VECTOR('',#970,1.);
#970 = DIRECTION('',(0.,-1.,0.));
#971 = PLANE('',#972);
#972 = AXIS2_PLACEMENT_3D('',#973,#974,#975);
#973 = CARTESIAN_POINT('',(13.65,0.,1.));
#974 = DIRECTION('',(1.,0.,0.));
#975 = DIRECTION('',(0.,0.,1.));
#976 = ADVANCED_FACE('',(#977,#1003),#1054,.T.);
#977 = FACE_BOUND('',#978,.T.);
#978 = EDGE_LOOP('',(#979,#990,#996,#997));
#979 = ORIENTED_EDGE('',*,*,#980,.F.);
#980 = EDGE_CURVE('',#981,#983,#985,.T.);
#981 = VERTEX_POINT('',#982);
#982 = CARTESIAN_POINT('',(-3.710982329345,-23.61013786811,11.));
#983 = VERTEX_POINT('',#984);
#984 = CARTESIAN_POINT('',(3.710982329345,-23.61013786811,11.));
#985 = CIRCLE('',#986,23.9);
#986 = AXIS2_PLACEMENT_3D('',#987,#988,#989);
#987 = CARTESIAN_POINT('',(0.,0.,11.));
#988 = DIRECTION('',(0.,0.,1.));
#989 = DIRECTION('',(-0.155271227169,-0.987871877327,0.));
#990 = ORIENTED_EDGE('',*,*,#991,.F.);
#991 = EDGE_CURVE('',#521,#981,#992,.T.);
#992 = LINE('',#993,#994);
#993 = CARTESIAN_POINT('',(-3.710982329345,-23.61013786811,2.));
#994 = VECTOR('',#995,1.);
#995 = DIRECTION('',(0.,0.,1.));
#996 = ORIENTED_EDGE('',*,*,#520,.T.);
#997 = ORIENTED_EDGE('',*,*,#998,.T.);
#998 = EDGE_CURVE('',#523,#983,#999,.T.);
#999 = LINE('',#1000,#1001);
#1000 = CARTESIAN_POINT('',(3.710982329345,-23.61013786811,2.));
#1001 = VECTOR('',#1002,1.);
#1002 = DIRECTION('',(0.,0.,1.));
#1003 = FACE_BOUND('',#1004,.T.);
#1004 = EDGE_LOOP('',(#1005));
#1005 = ORIENTED_EDGE('',*,*,#1006,.T.);
#1006 = EDGE_CURVE('',#1007,#1007,#1009,.T.);
#1007 = VERTEX_POINT('',#1008);
#1008 = CARTESIAN_POINT('',(1.05,-23.87692400624,8.));
#1009 = B_SPLINE_CURVE_WITH_KNOTS('',7,(#1010,#1011,#1012,#1013,#1014,
    #1015,#1016,#1017,#1018,#1019,#1020,#1021,#1022,#1023,#1024,#1025,
    #1026,#1027,#1028,#1029,#1030,#1031,#1032,#1033,#1034,#1035,#1036,
    #1037,#1038,#1039,#1040,#1041,#1042,#1043,#1044,#1045,#1046,#1047,
    #1048,#1049,#1050,#1051,#1052,#1053),.UNSPECIFIED.,.T.,.F.,(8,6,6,6,
    6,6,6,8),(0.,0.149791415164,0.287130450507,0.424721597443,
    0.587332564162,0.71400231213,0.841170602002,1.),.UNSPECIFIED.);
#1010 = CARTESIAN_POINT('',(1.05,-23.87692400624,8.));
#1011 = CARTESIAN_POINT('',(1.05,-23.87692400624,7.87333288601));
#1012 = CARTESIAN_POINT('',(1.032172936486,-23.87770793345,7.74652353998
    ));
#1013 = CARTESIAN_POINT('',(0.996445153243,-23.87927922089,
    7.621572448862));
#1014 = CARTESIAN_POINT('',(0.942532424995,-23.8815656854,7.500647866203
    ));
#1015 = CARTESIAN_POINT('',(0.870116156025,-23.88441288481,
    7.386307105608));
#1016 = CARTESIAN_POINT('',(0.778962994295,-23.88755435619,
    7.281686193587));
#1017 = CARTESIAN_POINT('',(0.568744229499,-23.89344362857,
    7.107778106954));
#1018 = CARTESIAN_POINT('',(0.450584777183,-23.89625954838,
    7.034584776124));
#1019 = CARTESIAN_POINT('',(0.317286989605,-23.89869539637,
    6.978311455776));
#1020 = CARTESIAN_POINT('',(0.173522456983,-23.90029540171,
    6.943716076108));
#1021 = CARTESIAN_POINT('',(2.514582357843E-02,-23.9007507074,
    6.933289263952));
#1022 = CARTESIAN_POINT('',(-0.121600563684,-23.90009796052,
    6.947164053162));
#1023 = CARTESIAN_POINT('',(-0.400904321532,-23.89704618753,
    7.018877069464));
#1024 = CARTESIAN_POINT('',(-0.530033009237,-23.89468134206,
    7.075922640238));
#1025 = CARTESIAN_POINT('',(-0.64578353232,-23.89177022692,
    7.150412755942));
#1026 = CARTESIAN_POINT('',(-0.746391682764,-23.8886749975,
    7.238810063076));
#1027 = CARTESIAN_POINT('',(-0.83078037107,-23.88572486178,
    7.337633759316));
#1028 = CARTESIAN_POINT('',(-0.898552567456,-23.88315852992,
    7.443455016254));
#1029 = CARTESIAN_POINT('',(-1.010951974604,-23.87868691492,
    7.682315915043));
#1030 = CARTESIAN_POINT('',(-1.050451805543,-23.87693410306,
    7.819615264418));
#1031 = CARTESIAN_POINT('',(-1.068048473887,-23.87610057246,
    7.961120162527));
#1032 = CARTESIAN_POINT('',(-1.063723150512,-23.87630494775,
    8.103484528957));
#1033 = CARTESIAN_POINT('',(-1.037646824054,-23.87751561184,
    8.24370529779));
#1034 = CARTESIAN_POINT('',(-0.989881636264,-23.87959396586,
    8.37894907606));
#1035 = CARTESIAN_POINT('',(-0.865781068027,-23.88437523704,
    8.604687171667));
#1036 = CARTESIAN_POINT('',(-0.797448288061,-23.88686341882,
    8.699638456105));
#1037 = CARTESIAN_POINT('',(-0.714966699638,-23.88961854497,
    8.787865833613));
#1038 = CARTESIAN_POINT('',(-0.618799293422,-23.89243437767,
    8.866533202995));
#1039 = CARTESIAN_POINT('',(-0.50994971921,-23.89504410919,
    8.932822824174));
#1040 = CARTESIAN_POINT('',(-0.389979873625,-23.89716555197,
    8.98392785202));
#1041 = CARTESIAN_POINT('',(-0.13176174495,-23.89998693581,
    9.050226998919));
#1042 = CARTESIAN_POINT('',(4.135951697885E-03,-23.90065461665,
    9.06465709057));
#1043 = CARTESIAN_POINT('',(0.141978269353,-23.90037905705,
    9.058207529004));
#1044 = CARTESIAN_POINT('',(0.276623584765,-23.89911422129,
    9.030765212327));
#1045 = CARTESIAN_POINT('',(0.403157775571,-23.89707286102,
    8.984115397201));
#1046 = CARTESIAN_POINT('',(0.517504950759,-23.89460460599,
    8.921882021195));
#1047 = CARTESIAN_POINT('',(0.741658825331,-23.88881430441,
    8.759024698501));
#1048 = CARTESIAN_POINT('',(0.845390162057,-23.88537747076,
    8.651142991142));
#1049 = CARTESIAN_POINT('',(0.927825418672,-23.88218797304,
    8.531186064955));
#1050 = CARTESIAN_POINT('',(0.98916209077,-23.87959959312,8.40311769062)
  );
#1051 = CARTESIAN_POINT('',(1.02976303237,-23.87781388719,8.270146325945
    ));
#1052 = CARTESIAN_POINT('',(1.05,-23.87692400624,8.134957614372));
#1053 = CARTESIAN_POINT('',(1.05,-23.87692400624,8.));
#1054 = CYLINDRICAL_SURFACE('',#1055,23.9);
#1055 = AXIS2_PLACEMENT_3D('',#1056,#1057,#1058);
#1056 = CARTESIAN_POINT('',(0.,0.,2.));
#1057 = DIRECTION('',(0.,0.,1.));
#1058 = DIRECTION('',(-0.155271227169,-0.987871877327,0.));
#1059 = ADVANCED_FACE('',(#1060),#1078,.T.);
#1060 = FACE_BOUND('',#1061,.T.);
#1061 = EDGE_LOOP('',(#1062,#1070,#1071,#1072));
#1062 = ORIENTED_EDGE('',*,*,#1063,.F.);
#1063 = EDGE_CURVE('',#532,#1064,#1066,.T.);
#1064 = VERTEX_POINT('',#1065);
#1065 = CARTESIAN_POINT('',(-3.260695770554,-20.74530942386,11.));
#1066 = LINE('',#1067,#1068);
#1067 = CARTESIAN_POINT('',(-3.260695770554,-20.74530942386,1.));
#1068 = VECTOR('',#1069,1.);
#1069 = DIRECTION('',(0.,0.,1.));
#1070 = ORIENTED_EDGE('',*,*,#531,.T.);
#1071 = ORIENTED_EDGE('',*,*,#991,.T.);
#1072 = ORIENTED_EDGE('',*,*,#1073,.F.);
#1073 = EDGE_CURVE('',#1064,#981,#1074,.T.);
#1074 = LINE('',#1075,#1076);
#1075 = CARTESIAN_POINT('',(0.,0.,11.));
#1076 = VECTOR('',#1077,1.);
#1077 = DIRECTION('',(-0.155271227169,-0.987871877327,0.));
#1078 = PLANE('',#1079);
#1079 = AXIS2_PLACEMENT_3D('',#1080,#1081,#1082);
#1080 = CARTESIAN_POINT('',(0.,0.,2.));
#1081 = DIRECTION('',(-0.987871877327,0.155271227169,0.));
#1082 = DIRECTION('',(-0.155271227169,-0.987871877327,0.));
#1083 = ADVANCED_FACE('',(#1084),#1102,.F.);
#1084 = FACE_BOUND('',#1085,.F.);
#1085 = EDGE_LOOP('',(#1086,#1094,#1100,#1101));
#1086 = ORIENTED_EDGE('',*,*,#1087,.F.);
#1087 = EDGE_CURVE('',#1088,#983,#1090,.T.);
#1088 = VERTEX_POINT('',#1089);
#1089 = CARTESIAN_POINT('',(3.260695770554,-20.74530942386,11.));
#1090 = LINE('',#1091,#1092);
#1091 = CARTESIAN_POINT('',(0.,0.,11.));
#1092 = VECTOR('',#1093,1.);
#1093 = DIRECTION('',(0.155271227169,-0.987871877327,0.));
#1094 = ORIENTED_EDGE('',*,*,#1095,.F.);
#1095 = EDGE_CURVE('',#754,#1088,#1096,.T.);
#1096 = LINE('',#1097,#1098);
#1097 = CARTESIAN_POINT('',(3.260695770554,-20.74530942386,1.));
#1098 = VECTOR('',#1099,1.);
#1099 = DIRECTION('',(0.,0.,1.));
#1100 = ORIENTED_EDGE('',*,*,#762,.T.);
#1101 = ORIENTED_EDGE('',*,*,#998,.T.);
#1102 = PLANE('',#1103);
#1103 = AXIS2_PLACEMENT_3D('',#1104,#1105,#1106);
#1104 = CARTESIAN_POINT('',(0.,0.,2.));
#1105 = DIRECTION('',(-0.987871877327,-0.155271227169,0.));
#1106 = DIRECTION('',(0.155271227169,-0.987871877327,0.));
#1107 = ADVANCED_FACE('',(#1108,#1144),#1195,.F.);
#1108 = FACE_BOUND('',#1109,.F.);
#1109 = EDGE_LOOP('',(#1110,#1111,#1112,#1119,#1120,#1121,#1129,#1138));
#1110 = ORIENTED_EDGE('',*,*,#753,.T.);
#1111 = ORIENTED_EDGE('',*,*,#1095,.T.);
#1112 = ORIENTED_EDGE('',*,*,#1113,.F.);
#1113 = EDGE_CURVE('',#1064,#1088,#1114,.T.);
#1114 = CIRCLE('',#1115,21.);
#1115 = AXIS2_PLACEMENT_3D('',#1116,#1117,#1118);
#1116 = CARTESIAN_POINT('',(0.,0.,11.));
#1117 = DIRECTION('',(0.,0.,1.));
#1118 = DIRECTION('',(-0.155271227169,-0.987871877327,0.));
#1119 = ORIENTED_EDGE('',*,*,#1063,.F.);
#1120 = ORIENTED_EDGE('',*,*,#539,.T.);
#1121 = ORIENTED_EDGE('',*,*,#1122,.T.);
#1122 = EDGE_CURVE('',#540,#1123,#1125,.T.);
#1123 = VERTEX_POINT('',#1124);
#1124 = CARTESIAN_POINT('',(-1.,-20.9761769634,6.));
#1125 = LINE('',#1126,#1127);
#1126 = CARTESIAN_POINT('',(-1.,-20.9761769634,1.));
#1127 = VECTOR('',#1128,1.);
#1128 = DIRECTION('',(0.,0.,1.));
#1129 = ORIENTED_EDGE('',*,*,#1130,.T.);
#1130 = EDGE_CURVE('',#1123,#1131,#1133,.T.);
#1131 = VERTEX_POINT('',#1132);
#1132 = CARTESIAN_POINT('',(1.,-20.9761769634,6.));
#1133 = CIRCLE('',#1134,21.);
#1134 = AXIS2_PLACEMENT_3D('',#1135,#1136,#1137);
#1135 = CARTESIAN_POINT('',(0.,0.,6.));
#1136 = DIRECTION('',(0.,0.,1.));
#1137 = DIRECTION('',(-0.155271227169,-0.987871877327,0.));
#1138 = ORIENTED_EDGE('',*,*,#1139,.F.);
#1139 = EDGE_CURVE('',#746,#1131,#1140,.T.);
#1140 = LINE('',#1141,#1142);
#1141 = CARTESIAN_POINT('',(1.,-20.9761769634,1.));
#1142 = VECTOR('',#1143,1.);
#1143 = DIRECTION('',(0.,0.,1.));
#1144 = FACE_BOUND('',#1145,.F.);
#1145 = EDGE_LOOP('',(#1146));
#1146 = ORIENTED_EDGE('',*,*,#1147,.T.);
#1147 = EDGE_CURVE('',#1148,#1148,#1150,.T.);
#1148 = VERTEX_POINT('',#1149);
#1149 = CARTESIAN_POINT('',(1.05,-20.97373357321,8.));
#1150 = B_SPLINE_CURVE_WITH_KNOTS('',7,(#1151,#1152,#1153,#1154,#1155,
    #1156,#1157,#1158,#1159,#1160,#1161,#1162,#1163,#1164,#1165,#1166,
    #1167,#1168,#1169,#1170,#1171,#1172,#1173,#1174,#1175,#1176,#1177,
    #1178,#1179,#1180,#1181,#1182,#1183,#1184,#1185,#1186,#1187,#1188,
    #1189,#1190,#1191,#1192,#1193,#1194),.UNSPECIFIED.,.T.,.F.,(8,6,6,6,
    6,6,6,8),(0.,0.149787373209,0.287133469409,0.424726422877,
    0.587326167218,0.713999042009,0.841174291398,1.),.UNSPECIFIED.);
#1151 = CARTESIAN_POINT('',(1.05,-20.97373357321,8.));
#1152 = CARTESIAN_POINT('',(1.05,-20.97373357321,7.873325838952));
#1153 = CARTESIAN_POINT('',(1.032170951762,-20.97462611142,
    7.746510089967));
#1154 = CARTESIAN_POINT('',(0.996439528843,-20.97641507804,
    7.621555061283));
#1155 = CARTESIAN_POINT('',(0.942523011696,-20.97901815234,
    7.500630239791));
#1156 = CARTESIAN_POINT('',(0.870104943319,-20.98225925056,7.38629316327
    ));
#1157 = CARTESIAN_POINT('',(0.778954231372,-20.9858349283,7.281678944267
    ));
#1158 = CARTESIAN_POINT('',(0.568744381595,-20.99253797361,
    7.107778232779));
#1159 = CARTESIAN_POINT('',(0.450584191181,-20.99574302527,
    7.034584214522));
#1160 = CARTESIAN_POINT('',(0.317285958217,-20.99851531162,
    6.978311201915));
#1161 = CARTESIAN_POINT('',(0.173522236825,-21.00033615316,6.94371643185
    ));
#1162 = CARTESIAN_POINT('',(2.514677076517E-02,-21.00085436328,
    6.933289405313));
#1163 = CARTESIAN_POINT('',(-0.121599437126,-21.00011151869,
    6.947163763911));
#1164 = CARTESIAN_POINT('',(-0.400900099312,-20.99663828766,
    7.018875985382));
#1165 = CARTESIAN_POINT('',(-0.530025021206,-20.99394689459,
    7.075919145645));
#1166 = CARTESIAN_POINT('',(-0.645773393873,-20.99063369633,
    7.150405982466));
#1167 = CARTESIAN_POINT('',(-0.746381667468,-20.98711067632,
    7.238800385066));
#1168 = CARTESIAN_POINT('',(-0.83077272074,-20.98375250505,
    7.337623101505));
#1169 = CARTESIAN_POINT('',(-0.898548791659,-20.98083100793,
    7.443446992278));
#1170 = CARTESIAN_POINT('',(-1.010951435515,-20.97574054809,
    7.682314769421));
#1171 = CARTESIAN_POINT('',(-1.050451749865,-20.97374510048,
    7.819614204315));
#1172 = CARTESIAN_POINT('',(-1.068048992192,-20.97279610956,
    7.961120518528));
#1173 = CARTESIAN_POINT('',(-1.063723556779,-20.97302878851,
    8.103487226802));
#1174 = CARTESIAN_POINT('',(-1.037645931172,-20.97440716367,
    8.24370983144));
#1175 = CARTESIAN_POINT('',(-0.989879536336,-20.97677320217,
    8.378952895815));
#1176 = CARTESIAN_POINT('',(-0.865777611953,-20.98221599644,
    8.604693458242));
#1177 = CARTESIAN_POINT('',(-0.797441707417,-20.98504844861,
    8.699646696075));
#1178 = CARTESIAN_POINT('',(-0.714958427036,-20.98818456693,
    8.787873184228));
#1179 = CARTESIAN_POINT('',(-0.618791229833,-20.99138953331,
    8.866538234315));
#1180 = CARTESIAN_POINT('',(-0.509943607454,-20.9943597269,8.93282536797
    ));
#1181 = CARTESIAN_POINT('',(-0.389976779144,-20.99677412412,
    8.983928646547));
#1182 = CARTESIAN_POINT('',(-0.131760965489,-20.99998515545,
    9.050227199051));
#1183 = CARTESIAN_POINT('',(4.136789097499E-03,-21.00074501087,
    9.064657058936));
#1184 = CARTESIAN_POINT('',(0.141978523773,-21.00043137166,9.05820729488
    ));
#1185 = CARTESIAN_POINT('',(0.276623422425,-20.99899194116,
    9.030765248741));
#1186 = CARTESIAN_POINT('',(0.403157953957,-20.99666864849,
    8.984115507062));
#1187 = CARTESIAN_POINT('',(0.517505519848,-20.99385935299,
    8.921881607728));
#1188 = CARTESIAN_POINT('',(0.741648410905,-20.98726911199,
    8.759032265025));
#1189 = CARTESIAN_POINT('',(0.845376662534,-20.98335734809,
    8.651158236675));
#1190 = CARTESIAN_POINT('',(0.92781392844,-20.97972665785,8.531205873338
    ));
#1191 = CARTESIAN_POINT('',(0.989155116506,-20.97677986316,
    8.403137639063));
#1192 = CARTESIAN_POINT('',(1.029760524092,-20.97474675769,
    8.270162029197));
#1193 = CARTESIAN_POINT('',(1.05,-20.97373357321,8.134965972042));
#1194 = CARTESIAN_POINT('',(1.05,-20.97373357321,8.));
#1195 = CYLINDRICAL_SURFACE('',#1196,21.);
#1196 = AXIS2_PLACEMENT_3D('',#1197,#1198,#1199);
#1197 = CARTESIAN_POINT('',(0.,0.,1.));
#1198 = DIRECTION('',(0.,0.,1.));
#1199 = DIRECTION('',(-0.155271227169,-0.987871877327,0.));
#1200 = ADVANCED_FACE('',(#1201),#1219,.F.);
#1201 = FACE_BOUND('',#1202,.F.);
#1202 = EDGE_LOOP('',(#1203,#1211,#1212,#1213));
#1203 = ORIENTED_EDGE('',*,*,#1204,.T.);
#1204 = EDGE_CURVE('',#1205,#1123,#1207,.T.);
#1205 = VERTEX_POINT('',#1206);
#1206 = CARTESIAN_POINT('',(-1.,-16.57123151772,6.));
#1207 = LINE('',#1208,#1209);
#1208 = CARTESIAN_POINT('',(-1.,-15.5,6.));
#1209 = VECTOR('',#1210,1.);
#1210 = DIRECTION('',(0.,-1.,0.));
#1211 = ORIENTED_EDGE('',*,*,#1122,.F.);
#1212 = ORIENTED_EDGE('',*,*,#548,.T.);
#1213 = ORIENTED_EDGE('',*,*,#1214,.T.);
#1214 = EDGE_CURVE('',#549,#1205,#1215,.T.);
#1215 = LINE('',#1216,#1217);
#1216 = CARTESIAN_POINT('',(-1.,-16.57123151772,1.99));
#1217 = VECTOR('',#1218,1.);
#1218 = DIRECTION('',(0.,0.,1.));
#1219 = PLANE('',#1220);
#1220 = AXIS2_PLACEMENT_3D('',#1221,#1222,#1223);
#1221 = CARTESIAN_POINT('',(-1.,-15.5,1.99));
#1222 = DIRECTION('',(1.,0.,0.));
#1223 = DIRECTION('',(0.,0.,1.));
#1224 = ADVANCED_FACE('',(#1225),#1243,.T.);
#1225 = FACE_BOUND('',#1226,.T.);
#1226 = EDGE_LOOP('',(#1227,#1235,#1236,#1237));
#1227 = ORIENTED_EDGE('',*,*,#1228,.T.);
#1228 = EDGE_CURVE('',#1229,#1131,#1231,.T.);
#1229 = VERTEX_POINT('',#1230);
#1230 = CARTESIAN_POINT('',(1.,-16.57123151772,6.));
#1231 = LINE('',#1232,#1233);
#1232 = CARTESIAN_POINT('',(1.,-15.5,6.));
#1233 = VECTOR('',#1234,1.);
#1234 = DIRECTION('',(0.,-1.,0.));
#1235 = ORIENTED_EDGE('',*,*,#1139,.F.);
#1236 = ORIENTED_EDGE('',*,*,#745,.T.);
#1237 = ORIENTED_EDGE('',*,*,#1238,.T.);
#1238 = EDGE_CURVE('',#737,#1229,#1239,.T.);
#1239 = LINE('',#1240,#1241);
#1240 = CARTESIAN_POINT('',(1.,-16.57123151772,1.99));
#1241 = VECTOR('',#1242,1.);
#1242 = DIRECTION('',(0.,0.,1.));
#1243 = PLANE('',#1244);
#1244 = AXIS2_PLACEMENT_3D('',#1245,#1246,#1247);
#1245 = CARTESIAN_POINT('',(1.,-15.5,1.99));
#1246 = DIRECTION('',(1.,0.,0.));
#1247 = DIRECTION('',(0.,0.,1.));
#1248 = ADVANCED_FACE('',(#1249),#1285,.T.);
#1249 = FACE_BOUND('',#1250,.T.);
#1250 = EDGE_LOOP('',(#1251,#1262,#1268,#1269,#1270,#1277,#1278,#1279));
#1251 = ORIENTED_EDGE('',*,*,#1252,.F.);
#1252 = EDGE_CURVE('',#1253,#1255,#1257,.T.);
#1253 = VERTEX_POINT('',#1254);
#1254 = CARTESIAN_POINT('',(-1.828522336695,-15.89517241379,15.9));
#1255 = VERTEX_POINT('',#1256);
#1256 = CARTESIAN_POINT('',(1.828522336695,-15.89517241379,15.9));
#1257 = CIRCLE('',#1258,2.3);
#1258 = AXIS2_PLACEMENT_3D('',#1259,#1260,#1261);
#1259 = CARTESIAN_POINT('',(-2.66E-15,-14.5,15.9));
#1260 = DIRECTION('',(0.,0.,1.));
#1261 = DIRECTION('',(1.,0.,0.));
#1262 = ORIENTED_EDGE('',*,*,#1263,.F.);
#1263 = EDGE_CURVE('',#557,#1253,#1264,.T.);
#1264 = LINE('',#1265,#1266);
#1265 = CARTESIAN_POINT('',(-1.828522336694,-15.89517241379,1.99));
#1266 = VECTOR('',#1267,1.);
#1267 = DIRECTION('',(0.,0.,1.));
#1268 = ORIENTED_EDGE('',*,*,#556,.T.);
#1269 = ORIENTED_EDGE('',*,*,#1214,.T.);
#1270 = ORIENTED_EDGE('',*,*,#1271,.T.);
#1271 = EDGE_CURVE('',#1205,#1229,#1272,.T.);
#1272 = CIRCLE('',#1273,2.3);
#1273 = AXIS2_PLACEMENT_3D('',#1274,#1275,#1276);
#1274 = CARTESIAN_POINT('',(-2.66E-15,-14.5,6.));
#1275 = DIRECTION('',(0.,0.,1.));
#1276 = DIRECTION('',(1.,0.,0.));
#1277 = ORIENTED_EDGE('',*,*,#1238,.F.);
#1278 = ORIENTED_EDGE('',*,*,#736,.T.);
#1279 = ORIENTED_EDGE('',*,*,#1280,.T.);
#1280 = EDGE_CURVE('',#728,#1255,#1281,.T.);
#1281 = LINE('',#1282,#1283);
#1282 = CARTESIAN_POINT('',(1.828522336694,-15.89517241379,1.99));
#1283 = VECTOR('',#1284,1.);
#1284 = DIRECTION('',(0.,0.,1.));
#1285 = CYLINDRICAL_SURFACE('',#1286,2.3);
#1286 = AXIS2_PLACEMENT_3D('',#1287,#1288,#1289);
#1287 = CARTESIAN_POINT('',(-2.66E-15,-14.5,1.99));
#1288 = DIRECTION('',(0.,0.,1.));
#1289 = DIRECTION('',(1.,0.,0.));
#1290 = ADVANCED_FACE('',(#1291),#1334,.T.);
#1291 = FACE_BOUND('',#1292,.T.);
#1292 = EDGE_LOOP('',(#1293,#1301,#1302,#1310,#1319,#1325,#1326,#1327));
#1293 = ORIENTED_EDGE('',*,*,#1294,.F.);
#1294 = EDGE_CURVE('',#634,#1295,#1297,.T.);
#1295 = VERTEX_POINT('',#1296);
#1296 = CARTESIAN_POINT('',(-8.587782018659,13.5,15.9));
#1297 = LINE('',#1298,#1299);
#1298 = CARTESIAN_POINT('',(-8.587782018659,13.5,1.99));
#1299 = VECTOR('',#1300,1.);
#1300 = DIRECTION('',(0.,0.,1.));
#1301 = ORIENTED_EDGE('',*,*,#633,.T.);
#1302 = ORIENTED_EDGE('',*,*,#1303,.T.);
#1303 = EDGE_CURVE('',#626,#1304,#1306,.T.);
#1304 = VERTEX_POINT('',#1305);
#1305 = CARTESIAN_POINT('',(-14.32931668593,-7.118334307551,6.));
#1306 = LINE('',#1307,#1308);
#1307 = CARTESIAN_POINT('',(-14.32931668593,-7.118334307551,1.99));
#1308 = VECTOR('',#1309,1.);
#1309 = DIRECTION('',(0.,0.,1.));
#1310 = ORIENTED_EDGE('',*,*,#1311,.T.);
#1311 = EDGE_CURVE('',#1304,#1312,#1314,.T.);
#1312 = VERTEX_POINT('',#1313);
#1313 = CARTESIAN_POINT('',(-13.32931668593,-8.85038511512,6.));
#1314 = CIRCLE('',#1315,16.);
#1315 = AXIS2_PLACEMENT_3D('',#1316,#1317,#1318);
#1316 = CARTESIAN_POINT('',(0.,0.,6.));
#1317 = DIRECTION('',(0.,0.,1.));
#1318 = DIRECTION('',(1.,0.,0.));
#1319 = ORIENTED_EDGE('',*,*,#1320,.F.);
#1320 = EDGE_CURVE('',#566,#1312,#1321,.T.);
#1321 = LINE('',#1322,#1323);
#1322 = CARTESIAN_POINT('',(-13.32931668593,-8.85038511512,1.99));
#1323 = VECTOR('',#1324,1.);
#1324 = DIRECTION('',(0.,0.,1.));
#1325 = ORIENTED_EDGE('',*,*,#565,.T.);
#1326 = ORIENTED_EDGE('',*,*,#1263,.T.);
#1327 = ORIENTED_EDGE('',*,*,#1328,.F.);
#1328 = EDGE_CURVE('',#1295,#1253,#1329,.T.);
#1329 = CIRCLE('',#1330,16.);
#1330 = AXIS2_PLACEMENT_3D('',#1331,#1332,#1333);
#1331 = CARTESIAN_POINT('',(0.,0.,15.9));
#1332 = DIRECTION('',(0.,0.,1.));
#1333 = DIRECTION('',(1.,0.,0.));
#1334 = CYLINDRICAL_SURFACE('',#1335,16.);
#1335 = AXIS2_PLACEMENT_3D('',#1336,#1337,#1338);
#1336 = CARTESIAN_POINT('',(0.,0.,1.99));
#1337 = DIRECTION('',(0.,0.,1.));
#1338 = DIRECTION('',(1.,0.,0.));
#1339 = ADVANCED_FACE('',(#1340),#1358,.T.);
#1340 = FACE_BOUND('',#1341,.T.);
#1341 = EDGE_LOOP('',(#1342,#1350,#1356,#1357));
#1342 = ORIENTED_EDGE('',*,*,#1343,.T.);
#1343 = EDGE_CURVE('',#1312,#1344,#1346,.T.);
#1344 = VERTEX_POINT('',#1345);
#1345 = CARTESIAN_POINT('',(-17.66590212458,-11.35411388548,6.));
#1346 = LINE('',#1347,#1348);
#1347 = CARTESIAN_POINT('',(-12.92339375865,-8.616025403784,6.));
#1348 = VECTOR('',#1349,1.);
#1349 = DIRECTION('',(-0.866025403784,-0.5,0.));
#1350 = ORIENTED_EDGE('',*,*,#1351,.F.);
#1351 = EDGE_CURVE('',#575,#1344,#1352,.T.);
#1352 = LINE('',#1353,#1354);
#1353 = CARTESIAN_POINT('',(-17.66590212458,-11.35411388548,1.));
#1354 = VECTOR('',#1355,1.);
#1355 = DIRECTION('',(0.,0.,1.));
#1356 = ORIENTED_EDGE('',*,*,#574,.T.);
#1357 = ORIENTED_EDGE('',*,*,#1320,.T.);
#1358 = PLANE('',#1359);
#1359 = AXIS2_PLACEMENT_3D('',#1360,#1361,#1362);
#1360 = CARTESIAN_POINT('',(-12.92339375865,-8.616025403784,1.99));
#1361 = DIRECTION('',(0.5,-0.866025403784,0.));
#1362 = DIRECTION('',(0.,0.,1.));
#1363 = ADVANCED_FACE('',(#1364),#1389,.F.);
#1364 = FACE_BOUND('',#1365,.F.);
#1365 = EDGE_LOOP('',(#1366,#1376,#1382,#1383));
#1366 = ORIENTED_EDGE('',*,*,#1367,.T.);
#1367 = EDGE_CURVE('',#1368,#1370,#1372,.T.);
#1368 = VERTEX_POINT('',#1369);
#1369 = CARTESIAN_POINT('',(13.329316685939,-8.85038511512,6.));
#1370 = VERTEX_POINT('',#1371);
#1371 = CARTESIAN_POINT('',(17.665902124585,-11.35411388548,6.));
#1372 = LINE('',#1373,#1374);
#1373 = CARTESIAN_POINT('',(12.923393758659,-8.616025403784,6.));
#1374 = VECTOR('',#1375,1.);
#1375 = DIRECTION('',(0.866025403784,-0.5,0.));
#1376 = ORIENTED_EDGE('',*,*,#1377,.F.);
#1377 = EDGE_CURVE('',#711,#1370,#1378,.T.);
#1378 = LINE('',#1379,#1380);
#1379 = CARTESIAN_POINT('',(17.665902124585,-11.35411388548,1.));
#1380 = VECTOR('',#1381,1.);
#1381 = DIRECTION('',(0.,0.,1.));
#1382 = ORIENTED_EDGE('',*,*,#719,.T.);
#1383 = ORIENTED_EDGE('',*,*,#1384,.T.);
#1384 = EDGE_CURVE('',#720,#1368,#1385,.T.);
#1385 = LINE('',#1386,#1387);
#1386 = CARTESIAN_POINT('',(13.329316685939,-8.85038511512,1.99));
#1387 = VECTOR('',#1388,1.);
#1388 = DIRECTION('',(0.,0.,1.));
#1389 = PLANE('',#1390);
#1390 = AXIS2_PLACEMENT_3D('',#1391,#1392,#1393);
#1391 = CARTESIAN_POINT('',(12.923393758659,-8.616025403784,1.99));
#1392 = DIRECTION('',(0.5,0.866025403784,0.));
#1393 = DIRECTION('',(0.,0.,1.));
#1394 = ADVANCED_FACE('',(#1395,#1438),#1489,.F.);
#1395 = FACE_BOUND('',#1396,.F.);
#1396 = EDGE_LOOP('',(#1397,#1398,#1406,#1415,#1421,#1422,#1430,#1437));
#1397 = ORIENTED_EDGE('',*,*,#582,.T.);
#1398 = ORIENTED_EDGE('',*,*,#1399,.T.);
#1399 = EDGE_CURVE('',#583,#1400,#1402,.T.);
#1400 = VERTEX_POINT('',#1401);
#1401 = CARTESIAN_POINT('',(-16.33561708515,-13.19650008324,11.));
#1402 = LINE('',#1403,#1404);
#1403 = CARTESIAN_POINT('',(-16.33561708515,-13.19650008324,1.));
#1404 = VECTOR('',#1405,1.);
#1405 = DIRECTION('',(0.,0.,1.));
#1406 = ORIENTED_EDGE('',*,*,#1407,.F.);
#1407 = EDGE_CURVE('',#1408,#1400,#1410,.T.);
#1408 = VERTEX_POINT('',#1409);
#1409 = CARTESIAN_POINT('',(-19.59631285571,-7.54880934062,11.));
#1410 = CIRCLE('',#1411,21.);
#1411 = AXIS2_PLACEMENT_3D('',#1412,#1413,#1414);
#1412 = CARTESIAN_POINT('',(0.,0.,11.));
#1413 = DIRECTION('',(0.,0.,1.));
#1414 = DIRECTION('',(-0.933157755034,-0.359467111458,0.));
#1415 = ORIENTED_EDGE('',*,*,#1416,.F.);
#1416 = EDGE_CURVE('',#609,#1408,#1417,.T.);
#1417 = LINE('',#1418,#1419);
#1418 = CARTESIAN_POINT('',(-19.59631285571,-7.54880934062,1.));
#1419 = VECTOR('',#1420,1.);
#1420 = DIRECTION('',(0.,0.,1.));
#1421 = ORIENTED_EDGE('',*,*,#616,.T.);
#1422 = ORIENTED_EDGE('',*,*,#1423,.T.);
#1423 = EDGE_CURVE('',#617,#1424,#1426,.T.);
#1424 = VERTEX_POINT('',#1425);
#1425 = CARTESIAN_POINT('',(-18.66590212458,-9.622063077917,6.));
#1426 = LINE('',#1427,#1428);
#1427 = CARTESIAN_POINT('',(-18.66590212458,-9.622063077917,1.));
#1428 = VECTOR('',#1429,1.);
#1429 = DIRECTION('',(0.,0.,1.));
#1430 = ORIENTED_EDGE('',*,*,#1431,.T.);
#1431 = EDGE_CURVE('',#1424,#1344,#1432,.T.);
#1432 = CIRCLE('',#1433,21.);
#1433 = AXIS2_PLACEMENT_3D('',#1434,#1435,#1436);
#1434 = CARTESIAN_POINT('',(0.,0.,6.));
#1435 = DIRECTION('',(0.,0.,1.));
#1436 = DIRECTION('',(-0.933157755034,-0.359467111458,0.));
#1437 = ORIENTED_EDGE('',*,*,#1351,.F.);
#1438 = FACE_BOUND('',#1439,.F.);
#1439 = EDGE_LOOP('',(#1440));
#1440 = ORIENTED_EDGE('',*,*,#1441,.T.);
#1441 = EDGE_CURVE('',#1442,#1442,#1444,.T.);
#1442 = VERTEX_POINT('',#1443);
#1443 = CARTESIAN_POINT('',(-18.6887860866,-9.577540112631,8.));
#1444 = B_SPLINE_CURVE_WITH_KNOTS('',7,(#1445,#1446,#1447,#1448,#1449,
    #1450,#1451,#1452,#1453,#1454,#1455,#1456,#1457,#1458,#1459,#1460,
    #1461,#1462,#1463,#1464,#1465,#1466,#1467,#1468,#1469,#1470,#1471,
    #1472,#1473,#1474,#1475,#1476,#1477,#1478,#1479,#1480,#1481,#1482,
    #1483,#1484,#1485,#1486,#1487,#1488),.UNSPECIFIED.,.T.,.F.,(8,6,6,6,
    6,6,6,8),(0.,0.149787377055,0.287133476783,0.424726430936,
    0.587326172955,0.713999045967,0.841174293596,1.),.UNSPECIFIED.);
#1445 = CARTESIAN_POINT('',(-18.6887860866,-9.577540112631,8.));
#1446 = CARTESIAN_POINT('',(-18.6887860866,-9.577540112631,
    8.126674161048));
#1447 = CARTESIAN_POINT('',(-18.68064452325,-9.593426790436,
    8.253489910033));
#1448 = CARTESIAN_POINT('',(-18.66432810233,-9.625265593712,
    8.378444938717));
#1449 = CARTESIAN_POINT('',(-18.63962417223,-9.673260204392,
    8.499369760208));
#1450 = CARTESIAN_POINT('',(-18.60622201144,-9.73759664041,8.61370683673
    ));
#1451 = CARTESIAN_POINT('',(-18.56374328322,-9.8183233114,8.718321055733
    ));
#1452 = CARTESIAN_POINT('',(-18.46444336585,-10.00372190408,
    8.892221767221));
#1453 = CARTESIAN_POINT('',(-18.40813892681,-10.10765415653,
    8.965415785477));
#1454 = CARTESIAN_POINT('',(-18.34389068073,-10.22447995573,
    9.021688798085));
#1455 = CARTESIAN_POINT('',(-18.27358571506,-10.34989341136,
    9.05628356815));
#1456 = CARTESIAN_POINT('',(-18.19984676516,-10.47864943933,
    9.066710594687));
#1457 = CARTESIAN_POINT('',(-18.12583033892,-10.60536396098,
    9.052836236089));
#1458 = CARTESIAN_POINT('',(-17.98317210301,-10.84550881172,
    8.981124015361));
#1459 = CARTESIAN_POINT('',(-17.91627882224,-10.95598858634,
    8.924080853226));
#1460 = CARTESIAN_POINT('',(-17.85553532878,-11.0545730069,
    8.849594015891));
#1461 = CARTESIAN_POINT('',(-17.80218016357,-11.13994082405,
    8.76119962063));
#1462 = CARTESIAN_POINT('',(-17.75707637469,-11.211346535,8.662376892902
    ));
#1463 = CARTESIAN_POINT('',(-17.72065825008,-11.26858158324,
    8.55655300983));
#1464 = CARTESIAN_POINT('',(-17.66004846008,-11.36337989919,
    8.317685230581));
#1465 = CARTESIAN_POINT('',(-17.63857019458,-11.39659045107,
    8.180385795686));
#1466 = CARTESIAN_POINT('',(-17.62894972317,-11.4113556145,
    8.038879481473));
#1467 = CARTESIAN_POINT('',(-17.63131394676,-11.40772601703,
    7.896512773197));
#1468 = CARTESIAN_POINT('',(-17.64554646747,-11.38583131836,
    7.756290168559));
#1469 = CARTESIAN_POINT('',(-17.67147871433,-11.34564742623,
    7.621047104184));
#1470 = CARTESIAN_POINT('',(-17.73824327464,-11.24089340418,
    7.395306541735));
#1471 = CARTESIAN_POINT('',(-17.77486420244,-11.18312900096,
    7.300353303929));
#1472 = CARTESIAN_POINT('',(-17.81882180075,-11.11326444394,
    7.21212681579));
#1473 = CARTESIAN_POINT('',(-17.86968098166,-11.03158369134,
    7.133461765693));
#1474 = CARTESIAN_POINT('',(-17.92667705596,-10.938803982,7.067174632022
    ));
#1475 = CARTESIAN_POINT('',(-17.98875139945,-10.83611685966,
    7.016071353446));
#1476 = CARTESIAN_POINT('',(-18.12064014097,-10.61410092106,
    6.949772800949));
#1477 = CARTESIAN_POINT('',(-18.18924707236,-10.49678994098,
    6.935342941064));
#1478 = CARTESIAN_POINT('',(-18.25789632017,-10.37725867745,
    6.94179270512));
#1479 = CARTESIAN_POINT('',(-18.32397218612,-10.25993305948,
    6.969234751259));
#1480 = CARTESIAN_POINT('',(-18.38522742142,-10.14918929438,
    7.015884492938));
#1481 = CARTESIAN_POINT('',(-18.43996828309,-10.0487567497,
    7.078118392272));
#1482 = CARTESIAN_POINT('',(-18.5463324125,-9.851348191478,
    7.240967734975));
#1483 = CARTESIAN_POINT('',(-18.5948088514,-9.759561008525,
    7.348841763325));
#1484 = CARTESIAN_POINT('',(-18.63288321437,-9.686352896915,
    7.468794126662));
#1485 = CARTESIAN_POINT('',(-18.66100180934,-9.631756472403,
    7.596862360937));
#1486 = CARTESIAN_POINT('',(-18.67954379215,-9.59557460517,
    7.729837970803));
#1487 = CARTESIAN_POINT('',(-18.6887860866,-9.577540112631,
    7.865034027958));
#1488 = CARTESIAN_POINT('',(-18.6887860866,-9.577540112631,8.));
#1489 = CYLINDRICAL_SURFACE('',#1490,21.);
#1490 = AXIS2_PLACEMENT_3D('',#1491,#1492,#1493);
#1491 = CARTESIAN_POINT('',(0.,0.,1.));
#1492 = DIRECTION('',(0.,0.,1.));
#1493 = DIRECTION('',(-0.933157755034,-0.359467111458,0.));
#1494 = ADVANCED_FACE('',(#1495,#1538),#1589,.F.);
#1495 = FACE_BOUND('',#1496,.F.);
#1496 = EDGE_LOOP('',(#1497,#1498,#1506,#1515,#1521,#1522,#1523,#1532));
#1497 = ORIENTED_EDGE('',*,*,#676,.T.);
#1498 = ORIENTED_EDGE('',*,*,#1499,.T.);
#1499 = EDGE_CURVE('',#677,#1500,#1502,.T.);
#1500 = VERTEX_POINT('',#1501);
#1501 = CARTESIAN_POINT('',(19.596312855713,-7.54880934062,11.));
#1502 = LINE('',#1503,#1504);
#1503 = CARTESIAN_POINT('',(19.596312855713,-7.54880934062,1.));
#1504 = VECTOR('',#1505,1.);
#1505 = DIRECTION('',(0.,0.,1.));
#1506 = ORIENTED_EDGE('',*,*,#1507,.F.);
#1507 = EDGE_CURVE('',#1508,#1500,#1510,.T.);
#1508 = VERTEX_POINT('',#1509);
#1509 = CARTESIAN_POINT('',(16.335617085158,-13.19650008324,11.));
#1510 = CIRCLE('',#1511,21.);
#1511 = AXIS2_PLACEMENT_3D('',#1512,#1513,#1514);
#1512 = CARTESIAN_POINT('',(0.,0.,11.));
#1513 = DIRECTION('',(-0.,0.,1.));
#1514 = DIRECTION('',(0.777886527865,-0.628404765869,0.));
#1515 = ORIENTED_EDGE('',*,*,#1516,.F.);
#1516 = EDGE_CURVE('',#703,#1508,#1517,.T.);
#1517 = LINE('',#1518,#1519);
#1518 = CARTESIAN_POINT('',(16.335617085158,-13.19650008324,1.));
#1519 = VECTOR('',#1520,1.);
#1520 = DIRECTION('',(0.,0.,1.));
#1521 = ORIENTED_EDGE('',*,*,#710,.T.);
#1522 = ORIENTED_EDGE('',*,*,#1377,.T.);
#1523 = ORIENTED_EDGE('',*,*,#1524,.T.);
#1524 = EDGE_CURVE('',#1370,#1525,#1527,.T.);
#1525 = VERTEX_POINT('',#1526);
#1526 = CARTESIAN_POINT('',(18.665902124585,-9.622063077917,6.));
#1527 = CIRCLE('',#1528,21.);
#1528 = AXIS2_PLACEMENT_3D('',#1529,#1530,#1531);
#1529 = CARTESIAN_POINT('',(0.,0.,6.));
#1530 = DIRECTION('',(-0.,0.,1.));
#1531 = DIRECTION('',(0.777886527865,-0.628404765869,0.));
#1532 = ORIENTED_EDGE('',*,*,#1533,.F.);
#1533 = EDGE_CURVE('',#669,#1525,#1534,.T.);
#1534 = LINE('',#1535,#1536);
#1535 = CARTESIAN_POINT('',(18.665902124585,-9.622063077917,1.));
#1536 = VECTOR('',#1537,1.);
#1537 = DIRECTION('',(0.,0.,1.));
#1538 = FACE_BOUND('',#1539,.F.);
#1539 = EDGE_LOOP('',(#1540));
#1540 = ORIENTED_EDGE('',*,*,#1541,.T.);
#1541 = EDGE_CURVE('',#1542,#1542,#1544,.T.);
#1542 = VERTEX_POINT('',#1543);
#1543 = CARTESIAN_POINT('',(17.638786086606,-11.39619346057,8.));
#1544 = B_SPLINE_CURVE_WITH_KNOTS('',7,(#1545,#1546,#1547,#1548,#1549,
    #1550,#1551,#1552,#1553,#1554,#1555,#1556,#1557,#1558,#1559,#1560,
    #1561,#1562,#1563,#1564,#1565,#1566,#1567,#1568,#1569,#1570,#1571,
    #1572,#1573,#1574,#1575,#1576,#1577,#1578,#1579,#1580,#1581,#1582,
    #1583,#1584,#1585,#1586,#1587,#1588),.UNSPECIFIED.,.T.,.F.,(8,6,6,6,
    6,6,6,8),(0.,0.149787373251,0.287133469491,0.424726422971,
    0.587326167284,0.713999042055,0.841174291423,1.),.UNSPECIFIED.);
#1545 = CARTESIAN_POINT('',(17.638786086606,-11.39619346057,8.));
#1546 = CARTESIAN_POINT('',(17.638786086606,-11.39619346057,
    8.126674161048));
#1547 = CARTESIAN_POINT('',(17.648473571489,-11.38119932098,
    8.253489910033));
#1548 = CARTESIAN_POINT('',(17.667888573496,-11.35114948433,
    8.378444938717));
#1549 = CARTESIAN_POINT('',(17.697101160538,-11.30575794795,
    8.499369760208));
#1550 = CARTESIAN_POINT('',(17.736117068122,-11.24466261015,
    8.61370683673));
#1551 = CARTESIAN_POINT('',(17.784789051854,-11.1675116169,
    8.718321055733));
#1552 = CARTESIAN_POINT('',(17.895698984263,-10.98881606952,
    8.892221767221));
#1553 = CARTESIAN_POINT('',(17.95755473563,-10.88808886874,
    8.965415785477));
#1554 = CARTESIAN_POINT('',(18.026604722513,-10.77403535589,
    9.021688798085));
#1555 = CARTESIAN_POINT('',(18.100063478237,-10.65044274179,
    9.05628356815));
#1556 = CARTESIAN_POINT('',(18.174699994397,-10.52220492394,
    9.066710594687));
#1557 = CARTESIAN_POINT('',(18.247429776055,-10.3947475577,
    9.052836236089));
#1558 = CARTESIAN_POINT('',(18.384072200831,-10.15112947347,
    8.981124014625));
#1559 = CARTESIAN_POINT('',(18.446303847026,-10.03795831429,
    8.924080854365));
#1560 = CARTESIAN_POINT('',(18.501308719504,-9.936060683966,
    8.849594017525));
#1561 = CARTESIAN_POINT('',(18.548561831475,-9.847169853204,
    8.761199614913));
#1562 = CARTESIAN_POINT('',(18.587849096467,-9.772405971599,
    8.66237689849));
#1563 = CARTESIAN_POINT('',(18.619207041202,-9.712249423861,
    8.556553007749));
#1564 = CARTESIAN_POINT('',(18.670999895596,-9.612360648899,
    8.317685230582));
#1565 = CARTESIAN_POINT('',(18.689021944454,-9.577154649411,
    8.180385795688));
#1566 = CARTESIAN_POINT('',(18.696998715371,-9.561440495058,
    8.038879481473));
#1567 = CARTESIAN_POINT('',(18.695037503548,-9.565302771483,
    7.896512773198));
#1568 = CARTESIAN_POINT('',(18.683192398648,-9.588575845311,
    7.756290168557));
#1569 = CARTESIAN_POINT('',(18.661358250672,-9.631125775933,
    7.621047104183));
#1570 = CARTESIAN_POINT('',(18.604020886587,-9.741322592242,
    7.395306541758));
#1571 = CARTESIAN_POINT('',(18.572305909856,-9.801919447648,
    7.300353303925));
#1572 = CARTESIAN_POINT('',(18.5337802278,-9.874920123005,7.212126815772
    ));
#1573 = CARTESIAN_POINT('',(18.488472211504,-9.959805841984,
    7.133461765685));
#1574 = CARTESIAN_POINT('',(18.436620663417,-10.0555557449,7.06717463203
    ));
#1575 = CARTESIAN_POINT('',(18.37872817859,-10.16065726443,
    7.016071353453));
#1576 = CARTESIAN_POINT('',(18.252401106464,-10.38588423438,
    6.949772800949));
#1577 = CARTESIAN_POINT('',(18.185110283266,-10.50395506988,
    6.935342941064));
#1578 = CARTESIAN_POINT('',(18.115917796406,-10.62317269421,
    6.94179270512));
#1579 = CARTESIAN_POINT('',(18.047348763702,-10.73905888168,
    6.969234751259));
#1580 = CARTESIAN_POINT('',(17.982069467464,-10.84747935411,
    7.015884492938));
#1581 = CARTESIAN_POINT('',(17.922462763243,-10.94510260328,
    7.078118392272));
#1582 = CARTESIAN_POINT('',(17.804684001597,-11.13592092051,
    7.240967734975));
#1583 = CARTESIAN_POINT('',(17.749432188868,-11.22379633956,
    7.348841763325));
#1584 = CARTESIAN_POINT('',(17.705069285938,-11.29337376094,
    7.468794126663));
#1585 = CARTESIAN_POINT('',(17.671846692839,-11.34502339075,
    7.596862360937));
#1586 = CARTESIAN_POINT('',(17.649783268063,-11.37917215252,
    7.729837970803));
#1587 = CARTESIAN_POINT('',(17.638786086606,-11.39619346057,
    7.865034027958));
#1588 = CARTESIAN_POINT('',(17.638786086606,-11.39619346057,8.));
#1589 = CYLINDRICAL_SURFACE('',#1590,21.);
#1590 = AXIS2_PLACEMENT_3D('',#1591,#1592,#1593);
#1591 = CARTESIAN_POINT('',(0.,0.,1.));
#1592 = DIRECTION('',(0.,0.,1.));
#1593 = DIRECTION('',(0.777886527865,-0.628404765869,0.));
#1594 = ADVANCED_FACE('',(#1595),#1613,.F.);
#1595 = FACE_BOUND('',#1596,.F.);
#1596 = EDGE_LOOP('',(#1597,#1605,#1606,#1607));
#1597 = ORIENTED_EDGE('',*,*,#1598,.F.);
#1598 = EDGE_CURVE('',#1400,#1599,#1601,.T.);
#1599 = VERTEX_POINT('',#1600);
#1600 = CARTESIAN_POINT('',(-18.59148801596,-15.01887390426,11.));
#1601 = LINE('',#1602,#1603);
#1602 = CARTESIAN_POINT('',(0.,0.,11.));
#1603 = VECTOR('',#1604,1.);
#1604 = DIRECTION('',(-0.777886527865,-0.628404765869,0.));
#1605 = ORIENTED_EDGE('',*,*,#1399,.F.);
#1606 = ORIENTED_EDGE('',*,*,#591,.T.);
#1607 = ORIENTED_EDGE('',*,*,#1608,.T.);
#1608 = EDGE_CURVE('',#592,#1599,#1609,.T.);
#1609 = LINE('',#1610,#1611);
#1610 = CARTESIAN_POINT('',(-18.59148801596,-15.01887390426,2.));
#1611 = VECTOR('',#1612,1.);
#1612 = DIRECTION('',(0.,0.,1.));
#1613 = PLANE('',#1614);
#1614 = AXIS2_PLACEMENT_3D('',#1615,#1616,#1617);
#1615 = CARTESIAN_POINT('',(0.,0.,2.));
#1616 = DIRECTION('',(-0.628404765869,0.777886527865,0.));
#1617 = DIRECTION('',(-0.777886527865,-0.628404765869,0.));
#1618 = ADVANCED_FACE('',(#1619),#1637,.T.);
#1619 = FACE_BOUND('',#1620,.T.);
#1620 = EDGE_LOOP('',(#1621,#1622,#1623,#1631));
#1621 = ORIENTED_EDGE('',*,*,#1516,.F.);
#1622 = ORIENTED_EDGE('',*,*,#702,.T.);
#1623 = ORIENTED_EDGE('',*,*,#1624,.T.);
#1624 = EDGE_CURVE('',#694,#1625,#1627,.T.);
#1625 = VERTEX_POINT('',#1626);
#1626 = CARTESIAN_POINT('',(18.591488015966,-15.01887390426,11.));
#1627 = LINE('',#1628,#1629);
#1628 = CARTESIAN_POINT('',(18.591488015966,-15.01887390426,2.));
#1629 = VECTOR('',#1630,1.);
#1630 = DIRECTION('',(0.,0.,1.));
#1631 = ORIENTED_EDGE('',*,*,#1632,.F.);
#1632 = EDGE_CURVE('',#1508,#1625,#1633,.T.);
#1633 = LINE('',#1634,#1635);
#1634 = CARTESIAN_POINT('',(0.,0.,11.));
#1635 = VECTOR('',#1636,1.);
#1636 = DIRECTION('',(0.777886527865,-0.628404765869,0.));
#1637 = PLANE('',#1638);
#1638 = AXIS2_PLACEMENT_3D('',#1639,#1640,#1641);
#1639 = CARTESIAN_POINT('',(0.,0.,2.));
#1640 = DIRECTION('',(-0.628404765869,-0.777886527865,0.));
#1641 = DIRECTION('',(0.777886527865,-0.628404765869,0.));
#1642 = ADVANCED_FACE('',(#1643,#1662),#1713,.T.);
#1643 = FACE_BOUND('',#1644,.T.);
#1644 = EDGE_LOOP('',(#1645,#1654,#1660,#1661));
#1645 = ORIENTED_EDGE('',*,*,#1646,.F.);
#1646 = EDGE_CURVE('',#1647,#1599,#1649,.T.);
#1647 = VERTEX_POINT('',#1648);
#1648 = CARTESIAN_POINT('',(-22.30247034531,-8.591263963848,11.));
#1649 = CIRCLE('',#1650,23.9);
#1650 = AXIS2_PLACEMENT_3D('',#1651,#1652,#1653);
#1651 = CARTESIAN_POINT('',(0.,0.,11.));
#1652 = DIRECTION('',(0.,0.,1.));
#1653 = DIRECTION('',(-0.933157755034,-0.359467111458,0.));
#1654 = ORIENTED_EDGE('',*,*,#1655,.F.);
#1655 = EDGE_CURVE('',#600,#1647,#1656,.T.);
#1656 = LINE('',#1657,#1658);
#1657 = CARTESIAN_POINT('',(-22.30247034531,-8.591263963848,2.));
#1658 = VECTOR('',#1659,1.);
#1659 = DIRECTION('',(0.,0.,1.));
#1660 = ORIENTED_EDGE('',*,*,#599,.T.);
#1661 = ORIENTED_EDGE('',*,*,#1608,.T.);
#1662 = FACE_BOUND('',#1663,.T.);
#1663 = EDGE_LOOP('',(#1664));
#1664 = ORIENTED_EDGE('',*,*,#1665,.T.);
#1665 = EDGE_CURVE('',#1666,#1666,#1668,.T.);
#1666 = VERTEX_POINT('',#1667);
#1667 = CARTESIAN_POINT('',(-21.20302275363,-11.02913532914,8.));
#1668 = B_SPLINE_CURVE_WITH_KNOTS('',7,(#1669,#1670,#1671,#1672,#1673,
    #1674,#1675,#1676,#1677,#1678,#1679,#1680,#1681,#1682,#1683,#1684,
    #1685,#1686,#1687,#1688,#1689,#1690,#1691,#1692,#1693,#1694,#1695,
    #1696,#1697,#1698,#1699,#1700,#1701,#1702,#1703,#1704,#1705,#1706,
    #1707,#1708,#1709,#1710,#1711,#1712),.UNSPECIFIED.,.T.,.F.,(8,6,6,6,
    6,6,6,8),(0.,0.149791415168,0.287130450515,0.424721597454,
    0.587332564179,0.714002312145,0.84117060201,1.),.UNSPECIFIED.);
#1669 = CARTESIAN_POINT('',(-21.20302275363,-11.02913532914,8.));
#1670 = CARTESIAN_POINT('',(-21.20302275363,-11.02913532914,
    8.12666711399));
#1671 = CARTESIAN_POINT('',(-21.19478812275,-11.04496598263,
    8.25347646002));
#1672 = CARTESIAN_POINT('',(-21.17828500597,-11.07669279426,
    8.378427551138));
#1673 = CARTESIAN_POINT('',(-21.1533087782,-11.12452581876,
    8.499352133796));
#1674 = CARTESIAN_POINT('',(-21.11956639073,-11.18866374704,
    8.613692894392));
#1675 = CARTESIAN_POINT('',(-21.07671040389,-11.26917543643,
    8.718313806413));
#1676 = CARTESIAN_POINT('',(-20.97670128098,-11.45417486328,
    8.892221893045));
#1677 = CARTESIAN_POINT('',(-20.92006021291,-11.55791191059,
    8.965415223876));
#1678 = CARTESIAN_POINT('',(-20.85552082537,-11.6745691049,
    9.021688544224));
#1679 = CARTESIAN_POINT('',(-20.78502420433,-11.79987284498,
    9.056283923892));
#1680 = CARTESIAN_POINT('',(-20.71123019391,-11.92859843168,
    9.066710736048));
#1681 = CARTESIAN_POINT('',(-20.63729170491,-12.05535815752,
    9.052835946838));
#1682 = CARTESIAN_POINT('',(-20.49499691305,-12.2957164207,
    8.981122930536));
#1683 = CARTESIAN_POINT('',(-20.42838455294,-12.40636272187,
    8.924077359762));
#1684 = CARTESIAN_POINT('',(-20.36798819173,-12.50515005779,
    8.849587244058));
#1685 = CARTESIAN_POINT('',(-20.3150035692,-12.5907316572,8.761189936924
    ));
#1686 = CARTESIAN_POINT('',(-20.27025433257,-12.6623393372,
    8.662366240684));
#1687 = CARTESIAN_POINT('',(-20.23414572579,-12.71974861501,
    8.556544983746));
#1688 = CARTESIAN_POINT('',(-20.17407349003,-12.81485354947,
    8.317684084956));
#1689 = CARTESIAN_POINT('',(-20.15280559497,-12.84818500058,
    8.180384735581));
#1690 = CARTESIAN_POINT('',(-20.14328540211,-12.86300739709,
    8.038879837473));
#1691 = CARTESIAN_POINT('',(-20.145625058,-12.85936374481,7.896515471044
    ));
#1692 = CARTESIAN_POINT('',(-20.15971168709,-12.83738631571,
    7.756294702211));
#1693 = CARTESIAN_POINT('',(-20.18539418836,-12.79705962667,
    7.621050923941));
#1694 = CARTESIAN_POINT('',(-20.25158517478,-12.69197601755,
    7.395312828337));
#1695 = CARTESIAN_POINT('',(-20.2879063934,-12.63404218508,
    7.300361543894));
#1696 = CARTESIAN_POINT('',(-20.33153319685,-12.56398859723,
    7.212134166384));
#1697 = CARTESIAN_POINT('',(-20.3820554826,-12.48211309678,
    7.133466797003));
#1698 = CARTESIAN_POINT('',(-20.4387403635,-12.38915146608,
    7.067177175827));
#1699 = CARTESIAN_POINT('',(-20.50056250963,-12.28631525351,
    7.016072147982));
#1700 = CARTESIAN_POINT('',(-20.63211496405,-12.06410248628,
    6.949773001081));
#1701 = CARTESIAN_POINT('',(-20.70064204094,-11.94674546908,
    6.93534290943));
#1702 = CARTESIAN_POINT('',(-20.76932455816,-11.82723274048,
    6.941792470996));
#1703 = CARTESIAN_POINT('',(-20.83555183597,-11.70999405895,
    6.969234787673));
#1704 = CARTESIAN_POINT('',(-20.89705106151,-11.59939155513,
    7.015884602799));
#1705 = CARTESIAN_POINT('',(-20.95208707755,-11.49912986905,
    7.078117978805));
#1706 = CARTESIAN_POINT('',(-21.05914946657,-11.30211176853,
    7.240975301499));
#1707 = CARTESIAN_POINT('',(-21.10803874968,-11.21055937893,
    7.348857008859));
#1708 = CARTESIAN_POINT('',(-21.14649419194,-11.13757360367,
    7.468813935045));
#1709 = CARTESIAN_POINT('',(-21.17492092522,-11.08316029749,
    7.596882309381));
#1710 = CARTESIAN_POINT('',(-21.19367492933,-11.04710599768,
    7.729853674055));
#1711 = CARTESIAN_POINT('',(-21.20302275363,-11.02913532914,
    7.865042385628));
#1712 = CARTESIAN_POINT('',(-21.20302275363,-11.02913532914,8.));
#1713 = CYLINDRICAL_SURFACE('',#1714,23.9);
#1714 = AXIS2_PLACEMENT_3D('',#1715,#1716,#1717);
#1715 = CARTESIAN_POINT('',(0.,0.,2.));
#1716 = DIRECTION('',(0.,0.,1.));
#1717 = DIRECTION('',(-0.933157755034,-0.359467111458,0.));
#1718 = ADVANCED_FACE('',(#1719,#1738),#1789,.T.);
#1719 = FACE_BOUND('',#1720,.T.);
#1720 = EDGE_LOOP('',(#1721,#1730,#1731,#1732));
#1721 = ORIENTED_EDGE('',*,*,#1722,.F.);
#1722 = EDGE_CURVE('',#1625,#1723,#1725,.T.);
#1723 = VERTEX_POINT('',#1724);
#1724 = CARTESIAN_POINT('',(22.302470345311,-8.591263963848,11.));
#1725 = CIRCLE('',#1726,23.9);
#1726 = AXIS2_PLACEMENT_3D('',#1727,#1728,#1729);
#1727 = CARTESIAN_POINT('',(0.,0.,11.));
#1728 = DIRECTION('',(-0.,0.,1.));
#1729 = DIRECTION('',(0.777886527865,-0.628404765869,0.));
#1730 = ORIENTED_EDGE('',*,*,#1624,.F.);
#1731 = ORIENTED_EDGE('',*,*,#693,.T.);
#1732 = ORIENTED_EDGE('',*,*,#1733,.T.);
#1733 = EDGE_CURVE('',#686,#1723,#1734,.T.);
#1734 = LINE('',#1735,#1736);
#1735 = CARTESIAN_POINT('',(22.302470345311,-8.591263963848,2.));
#1736 = VECTOR('',#1737,1.);
#1737 = DIRECTION('',(0.,0.,1.));
#1738 = FACE_BOUND('',#1739,.T.);
#1739 = EDGE_LOOP('',(#1740));
#1740 = ORIENTED_EDGE('',*,*,#1741,.T.);
#1741 = EDGE_CURVE('',#1742,#1742,#1744,.T.);
#1742 = VERTEX_POINT('',#1743);
#1743 = CARTESIAN_POINT('',(20.153022753639,-12.84778867709,8.));
#1744 = B_SPLINE_CURVE_WITH_KNOTS('',7,(#1745,#1746,#1747,#1748,#1749,
    #1750,#1751,#1752,#1753,#1754,#1755,#1756,#1757,#1758,#1759,#1760,
    #1761,#1762,#1763,#1764,#1765,#1766,#1767,#1768,#1769,#1770,#1771,
    #1772,#1773,#1774,#1775,#1776,#1777,#1778,#1779,#1780,#1781,#1782,
    #1783,#1784,#1785,#1786,#1787,#1788),.UNSPECIFIED.,.T.,.F.,(8,6,6,6,
    6,6,6,8),(0.,0.149791415172,0.287130450523,0.424721597465,
    0.587332564195,0.714002312159,0.841170602018,1.),.UNSPECIFIED.);
#1745 = CARTESIAN_POINT('',(20.153022753639,-12.84778867709,8.));
#1746 = CARTESIAN_POINT('',(20.153022753639,-12.84778867709,
    8.12666711399));
#1747 = CARTESIAN_POINT('',(20.16261518627,-12.83274195082,
    8.253476460019));
#1748 = CARTESIAN_POINT('',(20.181839852732,-12.80258642663,
    8.378427551139));
#1749 = CARTESIAN_POINT('',(20.21077635321,-12.75703986664,
    8.499352133796));
#1750 = CARTESIAN_POINT('',(20.249450234713,-12.69574913776,
    8.613692894392));
#1751 = CARTESIAN_POINT('',(20.2977474096,-12.61837891976,8.718313806413
    ));
#1752 = CARTESIAN_POINT('',(20.40795705149,-12.43926876529,
    8.892221893046));
#1753 = CARTESIAN_POINT('',(20.469475435733,-12.33834763778,
    8.965415223876));
#1754 = CARTESIAN_POINT('',(20.538233835766,-12.22412629147,
    9.021688544225));
#1755 = CARTESIAN_POINT('',(20.611501747348,-12.10042255673,
    9.056283923892));
#1756 = CARTESIAN_POINT('',(20.686084370338,-11.97215227571,
    9.066710736048));
#1757 = CARTESIAN_POINT('',(20.758892268594,-11.84473980299,
    9.052835946838));
#1758 = CARTESIAN_POINT('',(20.895901234582,-11.60132976683,
    8.981122930536));
#1759 = CARTESIAN_POINT('',(20.95841756218,-11.48831862018,
    8.924077359762));
#1760 = CARTESIAN_POINT('',(21.013771724058,-11.38662016912,
    8.849587244058));
#1761 = CARTESIAN_POINT('',(21.061395251972,-11.2979433403,
    8.761189936924));
#1762 = CARTESIAN_POINT('',(21.101034703645,-11.22338552457,
    8.662366240684));
#1763 = CARTESIAN_POINT('',(21.132698293251,-11.1634099149,
    8.556544983746));
#1764 = CARTESIAN_POINT('',(21.18502546464,-11.06383336544,
    8.317684084956));
#1765 = CARTESIAN_POINT('',(21.203257400514,-11.02874910248,
    8.180384735581));
#1766 = CARTESIAN_POINT('',(21.211333876006,-11.01309317537,
    8.038879837473));
#1767 = CARTESIAN_POINT('',(21.209348208515,-11.01694120294,
    7.896515471044));
#1768 = CARTESIAN_POINT('',(21.197358511147,-11.04012929613,
    7.756294702212));
#1769 = CARTESIAN_POINT('',(21.175275824629,-11.08253433918,
    7.621050923941));
#1770 = CARTESIAN_POINT('',(21.117366242815,-11.19239921949,
    7.395312828342));
#1771 = CARTESIAN_POINT('',(21.085354681465,-11.25282123374,
    7.300361543894));
#1772 = CARTESIAN_POINT('',(21.046499896488,-11.32562994774,
    7.21213416638));
#1773 = CARTESIAN_POINT('',(21.000854776025,-11.41032128089,
    7.133466797002));
#1774 = CARTESIAN_POINT('',(20.948690082715,-11.5058926431,
    7.067177175828));
#1775 = CARTESIAN_POINT('',(20.890542383265,-11.61085029845,
    7.016072147983));
#1776 = CARTESIAN_POINT('',(20.763876709008,-11.83588444953,
    6.949773001081));
#1777 = CARTESIAN_POINT('',(20.696506089251,-11.95390914756,
    6.93534290943));
#1778 = CARTESIAN_POINT('',(20.627346288811,-12.07314631657,
    6.941792470996));
#1779 = CARTESIAN_POINT('',(20.558928251209,-12.18912016234,
    6.969234787673));
#1780 = CARTESIAN_POINT('',(20.493893285947,-12.29768130589,
    7.015884602799));
#1781 = CARTESIAN_POINT('',(20.434582126796,-12.39547473693,
    7.078117978805));
#1782 = CARTESIAN_POINT('',(20.317490641246,-12.58670253588,
    7.240975301499));
#1783 = CARTESIAN_POINT('',(20.262648587632,-12.67481809183,
    7.348857008859));
#1784 = CARTESIAN_POINT('',(20.218668773275,-12.74461436936,
    7.468813935044));
#1785 = CARTESIAN_POINT('',(20.185758834459,-12.79643929562,
    7.596882309381));
#1786 = CARTESIAN_POINT('',(20.163911896966,-12.83070788951,
    7.729853674055));
#1787 = CARTESIAN_POINT('',(20.153022753639,-12.84778867709,
    7.865042385628));
#1788 = CARTESIAN_POINT('',(20.153022753639,-12.84778867709,8.));
#1789 = CYLINDRICAL_SURFACE('',#1790,23.9);
#1790 = AXIS2_PLACEMENT_3D('',#1791,#1792,#1793);
#1791 = CARTESIAN_POINT('',(0.,0.,2.));
#1792 = DIRECTION('',(0.,0.,1.));
#1793 = DIRECTION('',(0.777886527865,-0.628404765869,0.));
#1794 = ADVANCED_FACE('',(#1795),#1806,.T.);
#1795 = FACE_BOUND('',#1796,.T.);
#1796 = EDGE_LOOP('',(#1797,#1798,#1799,#1800));
#1797 = ORIENTED_EDGE('',*,*,#1416,.F.);
#1798 = ORIENTED_EDGE('',*,*,#608,.T.);
#1799 = ORIENTED_EDGE('',*,*,#1655,.T.);
#1800 = ORIENTED_EDGE('',*,*,#1801,.F.);
#1801 = EDGE_CURVE('',#1408,#1647,#1802,.T.);
#1802 = LINE('',#1803,#1804);
#1803 = CARTESIAN_POINT('',(0.,0.,11.));
#1804 = VECTOR('',#1805,1.);
#1805 = DIRECTION('',(-0.933157755034,-0.359467111458,0.));
#1806 = PLANE('',#1807);
#1807 = AXIS2_PLACEMENT_3D('',#1808,#1809,#1810);
#1808 = CARTESIAN_POINT('',(0.,0.,2.));
#1809 = DIRECTION('',(-0.359467111458,0.933157755034,0.));
#1810 = DIRECTION('',(-0.933157755034,-0.359467111458,0.));
#1811 = ADVANCED_FACE('',(#1812),#1823,.F.);
#1812 = FACE_BOUND('',#1813,.F.);
#1813 = EDGE_LOOP('',(#1814,#1820,#1821,#1822));
#1814 = ORIENTED_EDGE('',*,*,#1815,.F.);
#1815 = EDGE_CURVE('',#1500,#1723,#1816,.T.);
#1816 = LINE('',#1817,#1818);
#1817 = CARTESIAN_POINT('',(0.,0.,11.));
#1818 = VECTOR('',#1819,1.);
#1819 = DIRECTION('',(0.933157755034,-0.359467111458,0.));
#1820 = ORIENTED_EDGE('',*,*,#1499,.F.);
#1821 = ORIENTED_EDGE('',*,*,#685,.T.);
#1822 = ORIENTED_EDGE('',*,*,#1733,.T.);
#1823 = PLANE('',#1824);
#1824 = AXIS2_PLACEMENT_3D('',#1825,#1826,#1827);
#1825 = CARTESIAN_POINT('',(0.,0.,2.));
#1826 = DIRECTION('',(-0.359467111458,-0.933157755034,0.));
#1827 = DIRECTION('',(0.933157755034,-0.359467111458,0.));
#1828 = ADVANCED_FACE('',(#1829),#1840,.F.);
#1829 = FACE_BOUND('',#1830,.F.);
#1830 = EDGE_LOOP('',(#1831,#1837,#1838,#1839));
#1831 = ORIENTED_EDGE('',*,*,#1832,.T.);
#1832 = EDGE_CURVE('',#1304,#1424,#1833,.T.);
#1833 = LINE('',#1834,#1835);
#1834 = CARTESIAN_POINT('',(-13.92339375865,-6.883974596216,6.));
#1835 = VECTOR('',#1836,1.);
#1836 = DIRECTION('',(-0.866025403784,-0.5,0.));
#1837 = ORIENTED_EDGE('',*,*,#1423,.F.);
#1838 = ORIENTED_EDGE('',*,*,#625,.T.);
#1839 = ORIENTED_EDGE('',*,*,#1303,.T.);
#1840 = PLANE('',#1841);
#1841 = AXIS2_PLACEMENT_3D('',#1842,#1843,#1844);
#1842 = CARTESIAN_POINT('',(-13.92339375865,-6.883974596216,1.99));
#1843 = DIRECTION('',(0.5,-0.866025403784,0.));
#1844 = DIRECTION('',(0.,0.,1.));
#1845 = ADVANCED_FACE('',(#1846),#1864,.T.);
#1846 = FACE_BOUND('',#1847,.T.);
#1847 = EDGE_LOOP('',(#1848,#1856,#1857,#1858));
#1848 = ORIENTED_EDGE('',*,*,#1849,.T.);
#1849 = EDGE_CURVE('',#1850,#1525,#1852,.T.);
#1850 = VERTEX_POINT('',#1851);
#1851 = CARTESIAN_POINT('',(14.329316685939,-7.118334307551,6.));
#1852 = LINE('',#1853,#1854);
#1853 = CARTESIAN_POINT('',(13.923393758659,-6.883974596216,6.));
#1854 = VECTOR('',#1855,1.);
#1855 = DIRECTION('',(0.866025403784,-0.5,0.));
#1856 = ORIENTED_EDGE('',*,*,#1533,.F.);
#1857 = ORIENTED_EDGE('',*,*,#668,.T.);
#1858 = ORIENTED_EDGE('',*,*,#1859,.T.);
#1859 = EDGE_CURVE('',#660,#1850,#1860,.T.);
#1860 = LINE('',#1861,#1862);
#1861 = CARTESIAN_POINT('',(14.329316685939,-7.118334307551,1.99));
#1862 = VECTOR('',#1863,1.);
#1863 = DIRECTION('',(0.,0.,1.));
#1864 = PLANE('',#1865);
#1865 = AXIS2_PLACEMENT_3D('',#1866,#1867,#1868);
#1866 = CARTESIAN_POINT('',(13.923393758659,-6.883974596216,1.99));
#1867 = DIRECTION('',(0.5,0.866025403784,0.));
#1868 = DIRECTION('',(0.,0.,1.));
#1869 = ADVANCED_FACE('',(#1870),#1888,.T.);
#1870 = FACE_BOUND('',#1871,.T.);
#1871 = EDGE_LOOP('',(#1872,#1880,#1881,#1882));
#1872 = ORIENTED_EDGE('',*,*,#1873,.F.);
#1873 = EDGE_CURVE('',#643,#1874,#1876,.T.);
#1874 = VERTEX_POINT('',#1875);
#1875 = CARTESIAN_POINT('',(8.587782018659,13.5,15.9));
#1876 = LINE('',#1877,#1878);
#1877 = CARTESIAN_POINT('',(8.587782018659,13.5,1.99));
#1878 = VECTOR('',#1879,1.);
#1879 = DIRECTION('',(0.,0.,1.));
#1880 = ORIENTED_EDGE('',*,*,#642,.T.);
#1881 = ORIENTED_EDGE('',*,*,#1294,.T.);
#1882 = ORIENTED_EDGE('',*,*,#1883,.F.);
#1883 = EDGE_CURVE('',#1874,#1295,#1884,.T.);
#1884 = LINE('',#1885,#1886);
#1885 = CARTESIAN_POINT('',(-15.,13.5,15.9));
#1886 = VECTOR('',#1887,1.);
#1887 = DIRECTION('',(-1.,0.,0.));
#1888 = PLANE('',#1889);
#1889 = AXIS2_PLACEMENT_3D('',#1890,#1891,#1892);
#1890 = CARTESIAN_POINT('',(-30.,13.5,0.));
#1891 = DIRECTION('',(0.,1.,0.));
#1892 = DIRECTION('',(0.,0.,1.));
#1893 = ADVANCED_FACE('',(#1894),#1920,.T.);
#1894 = FACE_BOUND('',#1895,.T.);
#1895 = EDGE_LOOP('',(#1896,#1897,#1905,#1914));
#1896 = ORIENTED_EDGE('',*,*,#789,.F.);
#1897 = ORIENTED_EDGE('',*,*,#1898,.T.);
#1898 = EDGE_CURVE('',#790,#1899,#1901,.T.);
#1899 = VERTEX_POINT('',#1900);
#1900 = CARTESIAN_POINT('',(-13.56146079416,21.002066115702,5.5));
#1901 = LINE('',#1902,#1903);
#1902 = CARTESIAN_POINT('',(-13.56146079416,21.002066115702,3.99));
#1903 = VECTOR('',#1904,1.);
#1904 = DIRECTION('',(0.,0.,1.));
#1905 = ORIENTED_EDGE('',*,*,#1906,.T.);
#1906 = EDGE_CURVE('',#1899,#1907,#1909,.T.);
#1907 = VERTEX_POINT('',#1908);
#1908 = CARTESIAN_POINT('',(-13.12749404875,21.13,5.5));
#1909 = CIRCLE('',#1910,0.8);
#1910 = AXIS2_PLACEMENT_3D('',#1911,#1912,#1913);
#1911 = CARTESIAN_POINT('',(-13.12749404875,20.33,5.5));
#1912 = DIRECTION('',(-0.,0.,-1.));
#1913 = DIRECTION('',(-0.840082644628,-0.542458431767,0.));
#1914 = ORIENTED_EDGE('',*,*,#1915,.F.);
#1915 = EDGE_CURVE('',#792,#1907,#1916,.T.);
#1916 = LINE('',#1917,#1918);
#1917 = CARTESIAN_POINT('',(-13.12749404875,21.13,3.99));
#1918 = VECTOR('',#1919,1.);
#1919 = DIRECTION('',(0.,0.,1.));
#1920 = CYLINDRICAL_SURFACE('',#1921,0.8);
#1921 = AXIS2_PLACEMENT_3D('',#1922,#1923,#1924);
#1922 = CARTESIAN_POINT('',(-13.12749404875,20.33,3.99));
#1923 = DIRECTION('',(0.,0.,-1.));
#1924 = DIRECTION('',(-0.840082644628,-0.542458431767,0.));
#1925 = ADVANCED_FACE('',(#1926),#1952,.T.);
#1926 = FACE_BOUND('',#1927,.T.);
#1927 = EDGE_LOOP('',(#1928,#1929,#1937,#1946));
#1928 = ORIENTED_EDGE('',*,*,#808,.F.);
#1929 = ORIENTED_EDGE('',*,*,#1930,.T.);
#1930 = EDGE_CURVE('',#801,#1931,#1933,.T.);
#1931 = VERTEX_POINT('',#1932);
#1932 = CARTESIAN_POINT('',(13.127494048751,21.13,5.5));
#1933 = LINE('',#1934,#1935);
#1934 = CARTESIAN_POINT('',(13.127494048751,21.13,3.99));
#1935 = VECTOR('',#1936,1.);
#1936 = DIRECTION('',(0.,0.,1.));
#1937 = ORIENTED_EDGE('',*,*,#1938,.T.);
#1938 = EDGE_CURVE('',#1931,#1939,#1941,.T.);
#1939 = VERTEX_POINT('',#1940);
#1940 = CARTESIAN_POINT('',(13.561460794165,21.002066115702,5.5));
#1941 = CIRCLE('',#1942,0.8);
#1942 = AXIS2_PLACEMENT_3D('',#1943,#1944,#1945);
#1943 = CARTESIAN_POINT('',(13.127494048751,20.33,5.5));
#1944 = DIRECTION('',(0.,0.,-1.));
#1945 = DIRECTION('',(-1.,0.,0.));
#1946 = ORIENTED_EDGE('',*,*,#1947,.F.);
#1947 = EDGE_CURVE('',#809,#1939,#1948,.T.);
#1948 = LINE('',#1949,#1950);
#1949 = CARTESIAN_POINT('',(13.561460794165,21.002066115702,3.99));
#1950 = VECTOR('',#1951,1.);
#1951 = DIRECTION('',(0.,0.,1.));
#1952 = CYLINDRICAL_SURFACE('',#1953,0.8);
#1953 = AXIS2_PLACEMENT_3D('',#1954,#1955,#1956);
#1954 = CARTESIAN_POINT('',(13.127494048751,20.33,3.99));
#1955 = DIRECTION('',(0.,0.,-1.));
#1956 = DIRECTION('',(-1.,0.,0.));
#1957 = ADVANCED_FACE('',(#1958),#1969,.F.);
#1958 = FACE_BOUND('',#1959,.F.);
#1959 = EDGE_LOOP('',(#1960,#1961,#1962,#1968));
#1960 = ORIENTED_EDGE('',*,*,#800,.T.);
#1961 = ORIENTED_EDGE('',*,*,#1930,.T.);
#1962 = ORIENTED_EDGE('',*,*,#1963,.T.);
#1963 = EDGE_CURVE('',#1931,#1907,#1964,.T.);
#1964 = LINE('',#1965,#1966);
#1965 = CARTESIAN_POINT('',(-6.825,21.13,5.5));
#1966 = VECTOR('',#1967,1.);
#1967 = DIRECTION('',(-1.,0.,0.));
#1968 = ORIENTED_EDGE('',*,*,#1915,.F.);
#1969 = PLANE('',#1970);
#1970 = AXIS2_PLACEMENT_3D('',#1971,#1972,#1973);
#1971 = CARTESIAN_POINT('',(13.127494048751,21.13,3.99));
#1972 = DIRECTION('',(0.,-1.,0.));
#1973 = DIRECTION('',(-1.,0.,0.));
#1974 = ADVANCED_FACE('',(#1975),#2000,.T.);
#1975 = FACE_BOUND('',#1976,.T.);
#1976 = EDGE_LOOP('',(#1977,#1978,#1986,#1994));
#1977 = ORIENTED_EDGE('',*,*,#859,.F.);
#1978 = ORIENTED_EDGE('',*,*,#1979,.T.);
#1979 = EDGE_CURVE('',#860,#1980,#1982,.T.);
#1980 = VERTEX_POINT('',#1981);
#1981 = CARTESIAN_POINT('',(13.921358365835,0.,15.9));
#1982 = LINE('',#1983,#1984);
#1983 = CARTESIAN_POINT('',(13.921358365835,0.,2.));
#1984 = VECTOR('',#1985,1.);
#1985 = DIRECTION('',(0.,0.,1.));
#1986 = ORIENTED_EDGE('',*,*,#1987,.F.);
#1987 = EDGE_CURVE('',#1988,#1980,#1990,.T.);
#1988 = VERTEX_POINT('',#1989);
#1989 = CARTESIAN_POINT('',(6.960679182917,12.05625,15.9));
#1990 = LINE('',#1991,#1992);
#1991 = CARTESIAN_POINT('',(12.181188570105,3.0140625,15.9));
#1992 = VECTOR('',#1993,1.);
#1993 = DIRECTION('',(0.5,-0.866025403784,0.));
#1994 = ORIENTED_EDGE('',*,*,#1995,.F.);
#1995 = EDGE_CURVE('',#862,#1988,#1996,.T.);
#1996 = LINE('',#1997,#1998);
#1997 = CARTESIAN_POINT('',(6.960679182917,12.05625,2.));
#1998 = VECTOR('',#1999,1.);
#1999 = DIRECTION('',(0.,0.,1.));
#2000 = PLANE('',#2001);
#2001 = AXIS2_PLACEMENT_3D('',#2002,#2003,#2004);
#2002 = CARTESIAN_POINT('',(13.921358365835,0.,2.));
#2003 = DIRECTION('',(-0.866025403784,-0.5,0.));
#2004 = DIRECTION('',(-0.5,0.866025403784,0.));
#2005 = ADVANCED_FACE('',(#2006),#2024,.T.);
#2006 = FACE_BOUND('',#2007,.T.);
#2007 = EDGE_LOOP('',(#2008,#2009,#2017,#2023));
#2008 = ORIENTED_EDGE('',*,*,#901,.F.);
#2009 = ORIENTED_EDGE('',*,*,#2010,.T.);
#2010 = EDGE_CURVE('',#894,#2011,#2013,.T.);
#2011 = VERTEX_POINT('',#2012);
#2012 = CARTESIAN_POINT('',(6.960679182917,-12.05625,15.9));
#2013 = LINE('',#2014,#2015);
#2014 = CARTESIAN_POINT('',(6.960679182917,-12.05625,2.));
#2015 = VECTOR('',#2016,1.);
#2016 = DIRECTION('',(0.,0.,1.));
#2017 = ORIENTED_EDGE('',*,*,#2018,.F.);
#2018 = EDGE_CURVE('',#1980,#2011,#2019,.T.);
#2019 = LINE('',#2020,#2021);
#2020 = CARTESIAN_POINT('',(8.700848978647,-9.0421875,15.9));
#2021 = VECTOR('',#2022,1.);
#2022 = DIRECTION('',(-0.5,-0.866025403784,0.));
#2023 = ORIENTED_EDGE('',*,*,#1979,.F.);
#2024 = PLANE('',#2025);
#2025 = AXIS2_PLACEMENT_3D('',#2026,#2027,#2028);
#2026 = CARTESIAN_POINT('',(6.960679182917,-12.05625,2.));
#2027 = DIRECTION('',(-0.866025403784,0.5,0.));
#2028 = DIRECTION('',(0.5,0.866025403784,0.));
#2029 = ADVANCED_FACE('',(#2030),#2048,.T.);
#2030 = FACE_BOUND('',#2031,.T.);
#2031 = EDGE_LOOP('',(#2032,#2033,#2034,#2042));
#2032 = ORIENTED_EDGE('',*,*,#869,.F.);
#2033 = ORIENTED_EDGE('',*,*,#1995,.T.);
#2034 = ORIENTED_EDGE('',*,*,#2035,.F.);
#2035 = EDGE_CURVE('',#2036,#1988,#2038,.T.);
#2036 = VERTEX_POINT('',#2037);
#2037 = CARTESIAN_POINT('',(-6.960679182917,12.05625,15.9));
#2038 = LINE('',#2039,#2040);
#2039 = CARTESIAN_POINT('',(3.480339591459,12.05625,15.9));
#2040 = VECTOR('',#2041,1.);
#2041 = DIRECTION('',(1.,-1.3E-16,0.));
#2042 = ORIENTED_EDGE('',*,*,#2043,.F.);
#2043 = EDGE_CURVE('',#870,#2036,#2044,.T.);
#2044 = LINE('',#2045,#2046);
#2045 = CARTESIAN_POINT('',(-6.960679182917,12.05625,2.));
#2046 = VECTOR('',#2047,1.);
#2047 = DIRECTION('',(0.,0.,1.));
#2048 = PLANE('',#2049);
#2049 = AXIS2_PLACEMENT_3D('',#2050,#2051,#2052);
#2050 = CARTESIAN_POINT('',(6.960679182917,12.05625,2.));
#2051 = DIRECTION('',(-1.3E-16,-1.,0.));
#2052 = DIRECTION('',(-1.,1.3E-16,0.));
#2053 = ADVANCED_FACE('',(#2054),#2072,.T.);
#2054 = FACE_BOUND('',#2055,.T.);
#2055 = EDGE_LOOP('',(#2056,#2057,#2065,#2071));
#2056 = ORIENTED_EDGE('',*,*,#893,.F.);
#2057 = ORIENTED_EDGE('',*,*,#2058,.T.);
#2058 = EDGE_CURVE('',#886,#2059,#2061,.T.);
#2059 = VERTEX_POINT('',#2060);
#2060 = CARTESIAN_POINT('',(-6.960679182917,-12.05625,15.9));
#2061 = LINE('',#2062,#2063);
#2062 = CARTESIAN_POINT('',(-6.960679182917,-12.05625,2.));
#2063 = VECTOR('',#2064,1.);
#2064 = DIRECTION('',(0.,0.,1.));
#2065 = ORIENTED_EDGE('',*,*,#2066,.F.);
#2066 = EDGE_CURVE('',#2011,#2059,#2067,.T.);
#2067 = LINE('',#2068,#2069);
#2068 = CARTESIAN_POINT('',(-3.480339591459,-12.05625,15.9));
#2069 = VECTOR('',#2070,1.);
#2070 = DIRECTION('',(-1.,2.6E-16,0.));
#2071 = ORIENTED_EDGE('',*,*,#2010,.F.);
#2072 = PLANE('',#2073);
#2073 = AXIS2_PLACEMENT_3D('',#2074,#2075,#2076);
#2074 = CARTESIAN_POINT('',(-6.960679182917,-12.05625,2.));
#2075 = DIRECTION('',(2.6E-16,1.,0.));
#2076 = DIRECTION('',(1.,-2.6E-16,0.));
#2077 = ADVANCED_FACE('',(#2078),#2096,.T.);
#2078 = FACE_BOUND('',#2079,.T.);
#2079 = EDGE_LOOP('',(#2080,#2081,#2082,#2090));
#2080 = ORIENTED_EDGE('',*,*,#877,.F.);
#2081 = ORIENTED_EDGE('',*,*,#2043,.T.);
#2082 = ORIENTED_EDGE('',*,*,#2083,.F.);
#2083 = EDGE_CURVE('',#2084,#2036,#2086,.T.);
#2084 = VERTEX_POINT('',#2085);
#2085 = CARTESIAN_POINT('',(-13.92135836583,2.E-15,15.9));
#2086 = LINE('',#2087,#2088);
#2087 = CARTESIAN_POINT('',(-8.700848978647,9.0421875,15.9));
#2088 = VECTOR('',#2089,1.);
#2089 = DIRECTION('',(0.5,0.866025403784,0.));
#2090 = ORIENTED_EDGE('',*,*,#2091,.F.);
#2091 = EDGE_CURVE('',#878,#2084,#2092,.T.);
#2092 = LINE('',#2093,#2094);
#2093 = CARTESIAN_POINT('',(-13.92135836583,1.7E-15,2.));
#2094 = VECTOR('',#2095,1.);
#2095 = DIRECTION('',(0.,0.,1.));
#2096 = PLANE('',#2097);
#2097 = AXIS2_PLACEMENT_3D('',#2098,#2099,#2100);
#2098 = CARTESIAN_POINT('',(-6.960679182917,12.05625,2.));
#2099 = DIRECTION('',(0.866025403784,-0.5,0.));
#2100 = DIRECTION('',(-0.5,-0.866025403784,0.));
#2101 = ADVANCED_FACE('',(#2102),#2113,.T.);
#2102 = FACE_BOUND('',#2103,.T.);
#2103 = EDGE_LOOP('',(#2104,#2105,#2106,#2112));
#2104 = ORIENTED_EDGE('',*,*,#885,.F.);
#2105 = ORIENTED_EDGE('',*,*,#2091,.T.);
#2106 = ORIENTED_EDGE('',*,*,#2107,.F.);
#2107 = EDGE_CURVE('',#2059,#2084,#2108,.T.);
#2108 = LINE('',#2109,#2110);
#2109 = CARTESIAN_POINT('',(-12.1811885701,-3.0140625,15.9));
#2110 = VECTOR('',#2111,1.);
#2111 = DIRECTION('',(-0.5,0.866025403784,0.));
#2112 = ORIENTED_EDGE('',*,*,#2058,.F.);
#2113 = PLANE('',#2114);
#2114 = AXIS2_PLACEMENT_3D('',#2115,#2116,#2117);
#2115 = CARTESIAN_POINT('',(-13.92135836583,1.7E-15,2.));
#2116 = DIRECTION('',(0.866025403784,0.5,0.));
#2117 = DIRECTION('',(0.5,-0.866025403784,0.));
#2118 = ADVANCED_FACE('',(#2119),#2137,.F.);
#2119 = FACE_BOUND('',#2120,.F.);
#2120 = EDGE_LOOP('',(#2121,#2122,#2131));
#2121 = ORIENTED_EDGE('',*,*,#935,.T.);
#2122 = ORIENTED_EDGE('',*,*,#2123,.T.);
#2123 = EDGE_CURVE('',#919,#2124,#2126,.T.);
#2124 = VERTEX_POINT('',#2125);
#2125 = CARTESIAN_POINT('',(-13.12749404875,20.33,3.99));
#2126 = CIRCLE('',#2127,24.2);
#2127 = AXIS2_PLACEMENT_3D('',#2128,#2129,#2130);
#2128 = CARTESIAN_POINT('',(0.,0.,3.99));
#2129 = DIRECTION('',(0.,0.,-1.));
#2130 = DIRECTION('',(1.,0.,0.));
#2131 = ORIENTED_EDGE('',*,*,#2132,.F.);
#2132 = EDGE_CURVE('',#928,#2124,#2133,.T.);
#2133 = LINE('',#2134,#2135);
#2134 = CARTESIAN_POINT('',(0.360266966353,20.33,3.99));
#2135 = VECTOR('',#2136,1.);
#2136 = DIRECTION('',(1.,0.,0.));
#2137 = PLANE('',#2138);
#2138 = AXIS2_PLACEMENT_3D('',#2139,#2140,#2141);
#2139 = CARTESIAN_POINT('',(0.720533932705,0.713939029633,3.99));
#2140 = DIRECTION('',(0.,0.,1.));
#2141 = DIRECTION('',(1.,0.,0.));
#2142 = ADVANCED_FACE('',(#2143),#2161,.F.);
#2143 = FACE_BOUND('',#2144,.F.);
#2144 = EDGE_LOOP('',(#2145,#2153,#2160));
#2145 = ORIENTED_EDGE('',*,*,#2146,.F.);
#2146 = EDGE_CURVE('',#2147,#959,#2149,.T.);
#2147 = VERTEX_POINT('',#2148);
#2148 = CARTESIAN_POINT('',(13.127494048751,20.33,3.99));
#2149 = LINE('',#2150,#2151);
#2150 = CARTESIAN_POINT('',(0.360266966353,20.33,3.99));
#2151 = VECTOR('',#2152,1.);
#2152 = DIRECTION('',(1.,0.,0.));
#2153 = ORIENTED_EDGE('',*,*,#2154,.T.);
#2154 = EDGE_CURVE('',#2147,#950,#2155,.T.);
#2155 = CIRCLE('',#2156,24.2);
#2156 = AXIS2_PLACEMENT_3D('',#2157,#2158,#2159);
#2157 = CARTESIAN_POINT('',(0.,0.,3.99));
#2158 = DIRECTION('',(0.,0.,-1.));
#2159 = DIRECTION('',(1.,0.,0.));
#2160 = ORIENTED_EDGE('',*,*,#966,.F.);
#2161 = PLANE('',#2162);
#2162 = AXIS2_PLACEMENT_3D('',#2163,#2164,#2165);
#2163 = CARTESIAN_POINT('',(0.720533932705,0.713939029633,3.99));
#2164 = DIRECTION('',(0.,0.,1.));
#2165 = DIRECTION('',(1.,0.,0.));
#2166 = ADVANCED_FACE('',(#2167),#2173,.T.);
#2167 = FACE_BOUND('',#2168,.T.);
#2168 = EDGE_LOOP('',(#2169,#2170,#2171,#2172));
#2169 = ORIENTED_EDGE('',*,*,#980,.T.);
#2170 = ORIENTED_EDGE('',*,*,#1087,.F.);
#2171 = ORIENTED_EDGE('',*,*,#1113,.F.);
#2172 = ORIENTED_EDGE('',*,*,#1073,.T.);
#2173 = PLANE('',#2174);
#2174 = AXIS2_PLACEMENT_3D('',#2175,#2176,#2177);
#2175 = CARTESIAN_POINT('',(0.,0.,11.));
#2176 = DIRECTION('',(0.,0.,1.));
#2177 = DIRECTION('',(-0.155271227169,-0.987871877327,0.));
#2178 = ADVANCED_FACE('',(#2179),#2190,.F.);
#2179 = FACE_BOUND('',#2180,.F.);
#2180 = EDGE_LOOP('',(#2181,#2182,#2188,#2189));
#2181 = ORIENTED_EDGE('',*,*,#1147,.F.);
#2182 = ORIENTED_EDGE('',*,*,#2183,.F.);
#2183 = EDGE_CURVE('',#1007,#1148,#2184,.T.);
#2184 = LINE('',#2185,#2186);
#2185 = CARTESIAN_POINT('',(1.05,-27.,8.));
#2186 = VECTOR('',#2187,1.);
#2187 = DIRECTION('',(1.8E-16,1.,0.));
#2188 = ORIENTED_EDGE('',*,*,#1006,.T.);
#2189 = ORIENTED_EDGE('',*,*,#2183,.T.);
#2190 = CYLINDRICAL_SURFACE('',#2191,1.05);
#2191 = AXIS2_PLACEMENT_3D('',#2192,#2193,#2194);
#2192 = CARTESIAN_POINT('',(-4.96E-15,-27.,8.));
#2193 = DIRECTION('',(1.8E-16,1.,0.));
#2194 = DIRECTION('',(1.,-1.8E-16,0.));
#2195 = ADVANCED_FACE('',(#2196),#2202,.T.);
#2196 = FACE_BOUND('',#2197,.T.);
#2197 = EDGE_LOOP('',(#2198,#2199,#2200,#2201));
#2198 = ORIENTED_EDGE('',*,*,#1228,.F.);
#2199 = ORIENTED_EDGE('',*,*,#1271,.F.);
#2200 = ORIENTED_EDGE('',*,*,#1204,.T.);
#2201 = ORIENTED_EDGE('',*,*,#1130,.T.);
#2202 = PLANE('',#2203);
#2203 = AXIS2_PLACEMENT_3D('',#2204,#2205,#2206);
#2204 = CARTESIAN_POINT('',(-1.,-15.5,6.));
#2205 = DIRECTION('',(0.,0.,1.));
#2206 = DIRECTION('',(0.,-1.,0.));
#2207 = ADVANCED_FACE('',(#2208),#2214,.T.);
#2208 = FACE_BOUND('',#2209,.T.);
#2209 = EDGE_LOOP('',(#2210,#2211,#2212,#2213));
#2210 = ORIENTED_EDGE('',*,*,#1343,.F.);
#2211 = ORIENTED_EDGE('',*,*,#1311,.F.);
#2212 = ORIENTED_EDGE('',*,*,#1832,.T.);
#2213 = ORIENTED_EDGE('',*,*,#1431,.T.);
#2214 = PLANE('',#2215);
#2215 = AXIS2_PLACEMENT_3D('',#2216,#2217,#2218);
#2216 = CARTESIAN_POINT('',(-13.92339375865,-6.883974596216,6.));
#2217 = DIRECTION('',(0.,0.,1.));
#2218 = DIRECTION('',(-0.866025403784,-0.5,0.));
#2219 = ADVANCED_FACE('',(#2220),#2232,.T.);
#2220 = FACE_BOUND('',#2221,.T.);
#2221 = EDGE_LOOP('',(#2222,#2223,#2230,#2231));
#2222 = ORIENTED_EDGE('',*,*,#1849,.F.);
#2223 = ORIENTED_EDGE('',*,*,#2224,.F.);
#2224 = EDGE_CURVE('',#1368,#1850,#2225,.T.);
#2225 = CIRCLE('',#2226,16.);
#2226 = AXIS2_PLACEMENT_3D('',#2227,#2228,#2229);
#2227 = CARTESIAN_POINT('',(0.,0.,6.));
#2228 = DIRECTION('',(0.,0.,1.));
#2229 = DIRECTION('',(1.,0.,0.));
#2230 = ORIENTED_EDGE('',*,*,#1367,.T.);
#2231 = ORIENTED_EDGE('',*,*,#1524,.T.);
#2232 = PLANE('',#2233);
#2233 = AXIS2_PLACEMENT_3D('',#2234,#2235,#2236);
#2234 = CARTESIAN_POINT('',(12.923393758659,-8.616025403784,6.));
#2235 = DIRECTION('',(0.,0.,1.));
#2236 = DIRECTION('',(0.866025403784,-0.5,0.));
#2237 = ADVANCED_FACE('',(#2238),#2244,.T.);
#2238 = FACE_BOUND('',#2239,.T.);
#2239 = EDGE_LOOP('',(#2240,#2241,#2242,#2243));
#2240 = ORIENTED_EDGE('',*,*,#1646,.T.);
#2241 = ORIENTED_EDGE('',*,*,#1598,.F.);
#2242 = ORIENTED_EDGE('',*,*,#1407,.F.);
#2243 = ORIENTED_EDGE('',*,*,#1801,.T.);
#2244 = PLANE('',#2245);
#2245 = AXIS2_PLACEMENT_3D('',#2246,#2247,#2248);
#2246 = CARTESIAN_POINT('',(0.,0.,11.));
#2247 = DIRECTION('',(0.,0.,1.));
#2248 = DIRECTION('',(-0.933157755034,-0.359467111458,0.));
#2249 = ADVANCED_FACE('',(#2250),#2261,.F.);
#2250 = FACE_BOUND('',#2251,.F.);
#2251 = EDGE_LOOP('',(#2252,#2253,#2259,#2260));
#2252 = ORIENTED_EDGE('',*,*,#1441,.F.);
#2253 = ORIENTED_EDGE('',*,*,#2254,.F.);
#2254 = EDGE_CURVE('',#1666,#1442,#2255,.T.);
#2255 = LINE('',#2256,#2257);
#2256 = CARTESIAN_POINT('',(-23.90768590218,-12.59067332602,8.));
#2257 = VECTOR('',#2258,1.);
#2258 = DIRECTION('',(0.866025403784,0.5,0.));
#2259 = ORIENTED_EDGE('',*,*,#1665,.T.);
#2260 = ORIENTED_EDGE('',*,*,#2254,.T.);
#2261 = CYLINDRICAL_SURFACE('',#2262,1.05);
#2262 = AXIS2_PLACEMENT_3D('',#2263,#2264,#2265);
#2263 = CARTESIAN_POINT('',(-23.38268590218,-13.5,8.));
#2264 = DIRECTION('',(0.866025403784,0.5,0.));
#2265 = DIRECTION('',(-0.5,0.866025403784,0.));
#2266 = ADVANCED_FACE('',(#2267),#2273,.T.);
#2267 = FACE_BOUND('',#2268,.T.);
#2268 = EDGE_LOOP('',(#2269,#2270,#2271,#2272));
#2269 = ORIENTED_EDGE('',*,*,#1722,.T.);
#2270 = ORIENTED_EDGE('',*,*,#1815,.F.);
#2271 = ORIENTED_EDGE('',*,*,#1507,.F.);
#2272 = ORIENTED_EDGE('',*,*,#1632,.T.);
#2273 = PLANE('',#2274);
#2274 = AXIS2_PLACEMENT_3D('',#2275,#2276,#2277);
#2275 = CARTESIAN_POINT('',(0.,0.,11.));
#2276 = DIRECTION('',(0.,0.,1.));
#2277 = DIRECTION('',(0.777886527865,-0.628404765869,0.));
#2278 = ADVANCED_FACE('',(#2279),#2290,.F.);
#2279 = FACE_BOUND('',#2280,.F.);
#2280 = EDGE_LOOP('',(#2281,#2282,#2288,#2289));
#2281 = ORIENTED_EDGE('',*,*,#1541,.F.);
#2282 = ORIENTED_EDGE('',*,*,#2283,.F.);
#2283 = EDGE_CURVE('',#1742,#1542,#2284,.T.);
#2284 = LINE('',#2285,#2286);
#2285 = CARTESIAN_POINT('',(22.85768590218,-14.40932667397,8.));
#2286 = VECTOR('',#2287,1.);
#2287 = DIRECTION('',(-0.866025403784,0.5,0.));
#2288 = ORIENTED_EDGE('',*,*,#1741,.T.);
#2289 = ORIENTED_EDGE('',*,*,#2283,.T.);
#2290 = CYLINDRICAL_SURFACE('',#2291,1.05);
#2291 = AXIS2_PLACEMENT_3D('',#2292,#2293,#2294);
#2292 = CARTESIAN_POINT('',(23.38268590218,-13.5,8.));
#2293 = DIRECTION('',(-0.866025403784,0.5,0.));
#2294 = DIRECTION('',(-0.5,-0.866025403784,0.));
#2295 = ADVANCED_FACE('',(#2296,#2335),#2381,.T.);
#2296 = FACE_BOUND('',#2297,.T.);
#2297 = EDGE_LOOP('',(#2298,#2299,#2300,#2309,#2318,#2327,#2334));
#2298 = ORIENTED_EDGE('',*,*,#1963,.T.);
#2299 = ORIENTED_EDGE('',*,*,#1906,.F.);
#2300 = ORIENTED_EDGE('',*,*,#2301,.T.);
#2301 = EDGE_CURVE('',#1899,#2302,#2304,.T.);
#2302 = VERTEX_POINT('',#2303);
#2303 = CARTESIAN_POINT('',(-14.10123966942,20.64352294996,5.5));
#2304 = CIRCLE('',#2305,25.);
#2305 = AXIS2_PLACEMENT_3D('',#2306,#2307,#2308);
#2306 = CARTESIAN_POINT('',(0.,0.,5.5));
#2307 = DIRECTION('',(0.,0.,1.));
#2308 = DIRECTION('',(1.,0.,0.));
#2309 = ORIENTED_EDGE('',*,*,#2310,.T.);
#2310 = EDGE_CURVE('',#2302,#2311,#2313,.T.);
#2311 = VERTEX_POINT('',#2312);
#2312 = CARTESIAN_POINT('',(25.,-6.E-15,5.5));
#2313 = CIRCLE('',#2314,25.);
#2314 = AXIS2_PLACEMENT_3D('',#2315,#2316,#2317);
#2315 = CARTESIAN_POINT('',(0.,0.,5.5));
#2316 = DIRECTION('',(0.,0.,1.));
#2317 = DIRECTION('',(1.,0.,0.));
#2318 = ORIENTED_EDGE('',*,*,#2319,.T.);
#2319 = EDGE_CURVE('',#2311,#2320,#2322,.T.);
#2320 = VERTEX_POINT('',#2321);
#2321 = CARTESIAN_POINT('',(14.101239669422,20.64352294996,5.5));
#2322 = CIRCLE('',#2323,25.);
#2323 = AXIS2_PLACEMENT_3D('',#2324,#2325,#2326);
#2324 = CARTESIAN_POINT('',(0.,0.,5.5));
#2325 = DIRECTION('',(0.,0.,1.));
#2326 = DIRECTION('',(1.,0.,0.));
#2327 = ORIENTED_EDGE('',*,*,#2328,.T.);
#2328 = EDGE_CURVE('',#2320,#1939,#2329,.T.);
#2329 = CIRCLE('',#2330,25.);
#2330 = AXIS2_PLACEMENT_3D('',#2331,#2332,#2333);
#2331 = CARTESIAN_POINT('',(0.,0.,5.5));
#2332 = DIRECTION('',(0.,0.,1.));
#2333 = DIRECTION('',(1.,0.,0.));
#2334 = ORIENTED_EDGE('',*,*,#1938,.F.);
#2335 = FACE_BOUND('',#2336,.T.);
#2336 = EDGE_LOOP('',(#2337,#2348,#2356,#2365,#2374));
#2337 = ORIENTED_EDGE('',*,*,#2338,.T.);
#2338 = EDGE_CURVE('',#2339,#2341,#2343,.T.);
#2339 = VERTEX_POINT('',#2340);
#2340 = CARTESIAN_POINT('',(-13.65,19.982930215562,5.5));
#2341 = VERTEX_POINT('',#2342);
#2342 = CARTESIAN_POINT('',(-13.12749404875,20.33,5.5));
#2343 = CIRCLE('',#2344,24.2);
#2344 = AXIS2_PLACEMENT_3D('',#2345,#2346,#2347);
#2345 = CARTESIAN_POINT('',(0.,0.,5.5));
#2346 = DIRECTION('',(0.,0.,-1.));
#2347 = DIRECTION('',(1.,0.,0.));
#2348 = ORIENTED_EDGE('',*,*,#2349,.T.);
#2349 = EDGE_CURVE('',#2341,#2350,#2352,.T.);
#2350 = VERTEX_POINT('',#2351);
#2351 = CARTESIAN_POINT('',(13.127494048751,20.33,5.5));
#2352 = LINE('',#2353,#2354);
#2353 = CARTESIAN_POINT('',(6.924013990728,20.33,5.5));
#2354 = VECTOR('',#2355,1.);
#2355 = DIRECTION('',(1.,0.,0.));
#2356 = ORIENTED_EDGE('',*,*,#2357,.T.);
#2357 = EDGE_CURVE('',#2350,#2358,#2360,.T.);
#2358 = VERTEX_POINT('',#2359);
#2359 = CARTESIAN_POINT('',(13.65,19.982930215561,5.5));
#2360 = CIRCLE('',#2361,24.2);
#2361 = AXIS2_PLACEMENT_3D('',#2362,#2363,#2364);
#2362 = CARTESIAN_POINT('',(0.,0.,5.5));
#2363 = DIRECTION('',(0.,0.,-1.));
#2364 = DIRECTION('',(1.,0.,0.));
#2365 = ORIENTED_EDGE('',*,*,#2366,.T.);
#2366 = EDGE_CURVE('',#2358,#2367,#2369,.T.);
#2367 = VERTEX_POINT('',#2368);
#2368 = CARTESIAN_POINT('',(24.2,0.,5.5));
#2369 = CIRCLE('',#2370,24.2);
#2370 = AXIS2_PLACEMENT_3D('',#2371,#2372,#2373);
#2371 = CARTESIAN_POINT('',(0.,0.,5.5));
#2372 = DIRECTION('',(0.,0.,-1.));
#2373 = DIRECTION('',(1.,0.,0.));
#2374 = ORIENTED_EDGE('',*,*,#2375,.T.);
#2375 = EDGE_CURVE('',#2367,#2339,#2376,.T.);
#2376 = CIRCLE('',#2377,24.2);
#2377 = AXIS2_PLACEMENT_3D('',#2378,#2379,#2380);
#2378 = CARTESIAN_POINT('',(0.,0.,5.5));
#2379 = DIRECTION('',(0.,0.,-1.));
#2380 = DIRECTION('',(1.,0.,0.));
#2381 = PLANE('',#2382);
#2382 = AXIS2_PLACEMENT_3D('',#2383,#2384,#2385);
#2383 = CARTESIAN_POINT('',(0.720533932705,0.713939029633,5.5));
#2384 = DIRECTION('',(0.,0.,1.));
#2385 = DIRECTION('',(1.,0.,0.));
#2386 = ADVANCED_FACE('',(#2387),#2393,.T.);
#2387 = FACE_BOUND('',#2388,.T.);
#2388 = EDGE_LOOP('',(#2389,#2390,#2391,#2392));
#2389 = ORIENTED_EDGE('',*,*,#80,.F.);
#2390 = ORIENTED_EDGE('',*,*,#363,.F.);
#2391 = ORIENTED_EDGE('',*,*,#781,.T.);
#2392 = ORIENTED_EDGE('',*,*,#246,.F.);
#2393 = PLANE('',#2394);
#2394 = AXIS2_PLACEMENT_3D('',#2395,#2396,#2397);
#2395 = CARTESIAN_POINT('',(-50.,22.13,-1.));
#2396 = DIRECTION('',(0.,1.,0.));
#2397 = DIRECTION('',(0.,0.,1.));
#2398 = ADVANCED_FACE('',(#2399),#2419,.T.);
#2399 = FACE_BOUND('',#2400,.T.);
#2400 = EDGE_LOOP('',(#2401,#2402,#2403,#2409,#2410,#2416,#2417,#2418));
#2401 = ORIENTED_EDGE('',*,*,#958,.T.);
#2402 = ORIENTED_EDGE('',*,*,#2146,.F.);
#2403 = ORIENTED_EDGE('',*,*,#2404,.T.);
#2404 = EDGE_CURVE('',#2147,#2350,#2405,.T.);
#2405 = LINE('',#2406,#2407);
#2406 = CARTESIAN_POINT('',(13.127494048751,20.33,2.99));
#2407 = VECTOR('',#2408,1.);
#2408 = DIRECTION('',(0.,0.,1.));
#2409 = ORIENTED_EDGE('',*,*,#2349,.F.);
#2410 = ORIENTED_EDGE('',*,*,#2411,.F.);
#2411 = EDGE_CURVE('',#2124,#2341,#2412,.T.);
#2412 = LINE('',#2413,#2414);
#2413 = CARTESIAN_POINT('',(-13.12749404875,20.33,2.99));
#2414 = VECTOR('',#2415,1.);
#2415 = DIRECTION('',(0.,0.,1.));
#2416 = ORIENTED_EDGE('',*,*,#2132,.F.);
#2417 = ORIENTED_EDGE('',*,*,#927,.F.);
#2418 = ORIENTED_EDGE('',*,*,#512,.F.);
#2419 = PLANE('',#2420);
#2420 = AXIS2_PLACEMENT_3D('',#2421,#2422,#2423);
#2421 = CARTESIAN_POINT('',(-9.2E-16,20.33,3.724383636806));
#2422 = DIRECTION('',(-0.,-1.,-0.));
#2423 = DIRECTION('',(0.,0.,-1.));
#2424 = ADVANCED_FACE('',(#2425,#2446,#2454),#2465,.T.);
#2425 = FACE_BOUND('',#2426,.T.);
#2426 = EDGE_LOOP('',(#2427,#2428,#2437,#2444,#2445));
#2427 = ORIENTED_EDGE('',*,*,#1252,.T.);
#2428 = ORIENTED_EDGE('',*,*,#2429,.T.);
#2429 = EDGE_CURVE('',#1255,#2430,#2432,.T.);
#2430 = VERTEX_POINT('',#2431);
#2431 = CARTESIAN_POINT('',(16.,-4.E-15,15.9));
#2432 = CIRCLE('',#2433,16.);
#2433 = AXIS2_PLACEMENT_3D('',#2434,#2435,#2436);
#2434 = CARTESIAN_POINT('',(0.,0.,15.9));
#2435 = DIRECTION('',(0.,0.,1.));
#2436 = DIRECTION('',(1.,0.,0.));
#2437 = ORIENTED_EDGE('',*,*,#2438,.T.);
#2438 = EDGE_CURVE('',#2430,#1874,#2439,.T.);
#2439 = CIRCLE('',#2440,16.);
#2440 = AXIS2_PLACEMENT_3D('',#2441,#2442,#2443);
#2441 = CARTESIAN_POINT('',(0.,0.,15.9));
#2442 = DIRECTION('',(0.,0.,1.));
#2443 = DIRECTION('',(1.,0.,0.));
#2444 = ORIENTED_EDGE('',*,*,#1883,.T.);
#2445 = ORIENTED_EDGE('',*,*,#1328,.T.);
#2446 = FACE_BOUND('',#2447,.T.);
#2447 = EDGE_LOOP('',(#2448,#2449,#2450,#2451,#2452,#2453));
#2448 = ORIENTED_EDGE('',*,*,#2035,.T.);
#2449 = ORIENTED_EDGE('',*,*,#1987,.T.);
#2450 = ORIENTED_EDGE('',*,*,#2018,.T.);
#2451 = ORIENTED_EDGE('',*,*,#2066,.T.);
#2452 = ORIENTED_EDGE('',*,*,#2107,.T.);
#2453 = ORIENTED_EDGE('',*,*,#2083,.T.);
#2454 = FACE_BOUND('',#2455,.T.);
#2455 = EDGE_LOOP('',(#2456));
#2456 = ORIENTED_EDGE('',*,*,#2457,.F.);
#2457 = EDGE_CURVE('',#2458,#2458,#2460,.T.);
#2458 = VERTEX_POINT('',#2459);
#2459 = CARTESIAN_POINT('',(0.8,-14.5,15.9));
#2460 = CIRCLE('',#2461,0.8);
#2461 = AXIS2_PLACEMENT_3D('',#2462,#2463,#2464);
#2462 = CARTESIAN_POINT('',(-2.66E-15,-14.5,15.9));
#2463 = DIRECTION('',(0.,0.,1.));
#2464 = DIRECTION('',(1.,0.,0.));
#2465 = PLANE('',#2466);
#2466 = AXIS2_PLACEMENT_3D('',#2467,#2468,#2469);
#2467 = CARTESIAN_POINT('',(0.289056050738,-0.393561252709,15.9));
#2468 = DIRECTION('',(0.,0.,1.));
#2469 = DIRECTION('',(1.,0.,0.));
#2470 = ADVANCED_FACE('',(#2471),#2490,.F.);
#2471 = FACE_BOUND('',#2472,.F.);
#2472 = EDGE_LOOP('',(#2473,#2474,#2482,#2489));
#2473 = ORIENTED_EDGE('',*,*,#2457,.F.);
#2474 = ORIENTED_EDGE('',*,*,#2475,.F.);
#2475 = EDGE_CURVE('',#2476,#2458,#2478,.T.);
#2476 = VERTEX_POINT('',#2477);
#2477 = CARTESIAN_POINT('',(0.8,-14.5,7.9));
#2478 = LINE('',#2479,#2480);
#2479 = CARTESIAN_POINT('',(0.8,-14.5,7.9));
#2480 = VECTOR('',#2481,1.);
#2481 = DIRECTION('',(0.,0.,1.));
#2482 = ORIENTED_EDGE('',*,*,#2483,.T.);
#2483 = EDGE_CURVE('',#2476,#2476,#2484,.T.);
#2484 = CIRCLE('',#2485,0.8);
#2485 = AXIS2_PLACEMENT_3D('',#2486,#2487,#2488);
#2486 = CARTESIAN_POINT('',(-2.66E-15,-14.5,7.9));
#2487 = DIRECTION('',(0.,0.,1.));
#2488 = DIRECTION('',(1.,0.,0.));
#2489 = ORIENTED_EDGE('',*,*,#2475,.T.);
#2490 = CYLINDRICAL_SURFACE('',#2491,0.8);
#2491 = AXIS2_PLACEMENT_3D('',#2492,#2493,#2494);
#2492 = CARTESIAN_POINT('',(-2.66E-15,-14.5,7.9));
#2493 = DIRECTION('',(0.,0.,1.));
#2494 = DIRECTION('',(1.,0.,0.));
#2495 = ADVANCED_FACE('',(#2496),#2499,.T.);
#2496 = FACE_BOUND('',#2497,.F.);
#2497 = EDGE_LOOP('',(#2498));
#2498 = ORIENTED_EDGE('',*,*,#2483,.F.);
#2499 = PLANE('',#2500);
#2500 = AXIS2_PLACEMENT_3D('',#2501,#2502,#2503);
#2501 = CARTESIAN_POINT('',(-2.66E-15,-14.5,7.9));
#2502 = DIRECTION('',(0.,0.,1.));
#2503 = DIRECTION('',(1.,0.,0.));
#2504 = ADVANCED_FACE('',(#2505),#2518,.F.);
#2505 = FACE_BOUND('',#2506,.F.);
#2506 = EDGE_LOOP('',(#2507,#2508,#2509,#2510,#2511,#2512,#2513,#2514,
    #2515,#2516,#2517));
#2507 = ORIENTED_EDGE('',*,*,#2366,.T.);
#2508 = ORIENTED_EDGE('',*,*,#2375,.T.);
#2509 = ORIENTED_EDGE('',*,*,#2338,.T.);
#2510 = ORIENTED_EDGE('',*,*,#2411,.F.);
#2511 = ORIENTED_EDGE('',*,*,#2123,.F.);
#2512 = ORIENTED_EDGE('',*,*,#918,.F.);
#2513 = ORIENTED_EDGE('',*,*,#495,.T.);
#2514 = ORIENTED_EDGE('',*,*,#949,.T.);
#2515 = ORIENTED_EDGE('',*,*,#2154,.F.);
#2516 = ORIENTED_EDGE('',*,*,#2404,.T.);
#2517 = ORIENTED_EDGE('',*,*,#2357,.T.);
#2518 = CYLINDRICAL_SURFACE('',#2519,24.2);
#2519 = AXIS2_PLACEMENT_3D('',#2520,#2521,#2522);
#2520 = CARTESIAN_POINT('',(0.,0.,1.));
#2521 = DIRECTION('',(0.,0.,1.));
#2522 = DIRECTION('',(1.,0.,0.));
#2523 = ADVANCED_FACE('',(#2524),#2536,.T.);
#2524 = FACE_BOUND('',#2525,.T.);
#2525 = EDGE_LOOP('',(#2526,#2527,#2528,#2529,#2530,#2531,#2532,#2533,
    #2534,#2535));
#2526 = ORIENTED_EDGE('',*,*,#650,.T.);
#2527 = ORIENTED_EDGE('',*,*,#1873,.T.);
#2528 = ORIENTED_EDGE('',*,*,#2438,.F.);
#2529 = ORIENTED_EDGE('',*,*,#2429,.F.);
#2530 = ORIENTED_EDGE('',*,*,#1280,.F.);
#2531 = ORIENTED_EDGE('',*,*,#727,.T.);
#2532 = ORIENTED_EDGE('',*,*,#1384,.T.);
#2533 = ORIENTED_EDGE('',*,*,#2224,.T.);
#2534 = ORIENTED_EDGE('',*,*,#1859,.F.);
#2535 = ORIENTED_EDGE('',*,*,#659,.T.);
#2536 = CYLINDRICAL_SURFACE('',#2537,16.);
#2537 = AXIS2_PLACEMENT_3D('',#2538,#2539,#2540);
#2538 = CARTESIAN_POINT('',(0.,0.,1.99));
#2539 = DIRECTION('',(0.,0.,1.));
#2540 = DIRECTION('',(1.,0.,0.));
#2541 = ADVANCED_FACE('',(#2542),#2554,.T.);
#2542 = FACE_BOUND('',#2543,.F.);
#2543 = EDGE_LOOP('',(#2544,#2545,#2546,#2547,#2548,#2549,#2550,#2551,
    #2552,#2553));
#2544 = ORIENTED_EDGE('',*,*,#1947,.F.);
#2545 = ORIENTED_EDGE('',*,*,#817,.T.);
#2546 = ORIENTED_EDGE('',*,*,#826,.T.);
#2547 = ORIENTED_EDGE('',*,*,#835,.T.);
#2548 = ORIENTED_EDGE('',*,*,#844,.T.);
#2549 = ORIENTED_EDGE('',*,*,#1898,.T.);
#2550 = ORIENTED_EDGE('',*,*,#2301,.T.);
#2551 = ORIENTED_EDGE('',*,*,#2310,.T.);
#2552 = ORIENTED_EDGE('',*,*,#2319,.T.);
#2553 = ORIENTED_EDGE('',*,*,#2328,.T.);
#2554 = CYLINDRICAL_SURFACE('',#2555,25.);
#2555 = AXIS2_PLACEMENT_3D('',#2556,#2557,#2558);
#2556 = CARTESIAN_POINT('',(0.,0.,3.99));
#2557 = DIRECTION('',(0.,0.,-1.));
#2558 = DIRECTION('',(1.,0.,0.));
#2559 = ( GEOMETRIC_REPRESENTATION_CONTEXT(3) 
GLOBAL_UNCERTAINTY_ASSIGNED_CONTEXT((#2563)) 
GLOBAL_UNIT_ASSIGNED_CONTEXT((#2560,#2561,#2562)) REPRESENTATION_CONTEXT
('Context #1','3D Context with UNIT and UNCERTAINTY') );
#2560 = ( LENGTH_UNIT() NAMED_UNIT(*) SI_UNIT(.MILLI.,.METRE.) );
#2561 = ( NAMED_UNIT(*) PLANE_ANGLE_UNIT() SI_UNIT($,.RADIAN.) );
#2562 = ( NAMED_UNIT(*) SI_UNIT($,.STERADIAN.) SOLID_ANGLE_UNIT() );
#2563 = UNCERTAINTY_MEASURE_WITH_UNIT(LENGTH_MEASURE(2.E-07),#2560,
  'distance_accuracy_value','confusion accuracy');
#2564 = PRODUCT_RELATED_PRODUCT_CATEGORY('part',$,(#7));
ENDSEC;
END-ISO-10303-21;
