ISO-10303-21;
HEADER;
FILE_DESCRIPTION(('FreeCAD Model'),'2;1');
FILE_NAME('Open CASCADE Shape Model','2026-10-08T05:41:46',('FreeCAD'),(
    'FreeCAD'),'Open CASCADE STEP processor 7.8','FreeCAD','Unknown');
FILE_SCHEMA(('AUTOMOTIVE_DESIGN { 1 0 10303 214 1 1 1 1 }'));
ENDSEC;
DATA;
#1 = APPLICATION_PROTOCOL_DEFINITION('international standard',
  'automotive_design',2000,#2);
#2 = APPLICATION_CONTEXT(
  'core data for automotive mechanical design processes');
#3 = SHAPE_DEFINITION_REPRESENTATION(#4,#10);
#4 = PRODUCT_DEFINITION_SHAPE('','',#5);
#5 = PRODUCT_DEFINITION('design','',#6,#9);
#6 = PRODUCT_DEFINITION_FORMATION('','',#7);
#7 = PRODUCT('Open CASCADE STEP translator 7.8 4',
  'Open CASCADE STEP translator 7.8 4','',(#8));
#8 = PRODUCT_CONTEXT('',#2,'mechanical');
#9 = PRODUCT_DEFINITION_CONTEXT('part definition',#2,'design');
#10 = ADVANCED_BREP_SHAPE_REPRESENTATION('',(#11,#15),#5397);
#11 = AXIS2_PLACEMENT_3D('',#12,#13,#14);
#12 = CARTESIAN_POINT('',(0.,0.,0.));
#13 = DIRECTION('',(0.,0.,1.));
#14 = DIRECTION('',(1.,0.,-0.));
#15 = MANIFOLD_SOLID_BREP('',#16);
#16 = CLOSED_SHELL('',(#17,#57,#88,#247,#287,#334,#365,#437,#515,#546,
    #620,#660,#756,#799,#830,#926,#957,#981,#1005,#1029,#1053,#1184,
    #1311,#1342,#1428,#1478,#1509,#1533,#1573,#1597,#1669,#1700,#1754,
    #1785,#1809,#1833,#1857,#1927,#1958,#2071,#2093,#2139,#2163,#2187,
    #2204,#2246,#2271,#2288,#2336,#2360,#2401,#2427,#2444,#2465,#2512,
    #2529,#2577,#2601,#2642,#2654,#2671,#2702,#2733,#2760,#2795,#2807,
    #2829,#2856,#2891,#2903,#2945,#2965,#2985,#3010,#3035,#3060,#3069,
    #3078,#3095,#3119,#3136,#3160,#3200,#3238,#3255,#3279,#3303,#3334,
    #3374,#3405,#3427,#3458,#3489,#3528,#3600,#3652,#3676,#3723,#3746,
    #3776,#3800,#3826,#3858,#3870,#3887,#3911,#3928,#3942,#3954,#3971,
    #4002,#4042,#4066,#4106,#4130,#4154,#4171,#4183,#4241,#4272,#4303,
    #4325,#4337,#4370,#4401,#4423,#4440,#4477,#4517,#4541,#4574,#4591,
    #4608,#4620,#4671,#4718,#4742,#4782,#4804,#4821,#4833,#4857,#4881,
    #4898,#4922,#4936,#4968,#4995,#5016,#5053,#5102,#5114,#5157,#5188,
    #5219,#5245,#5271,#5297,#5325,#5342,#5356,#5373,#5385));
#17 = ADVANCED_FACE('',(#18),#52,.T.);
#18 = FACE_BOUND('',#19,.T.);
#19 = EDGE_LOOP('',(#20,#30,#38,#46));
#20 = ORIENTED_EDGE('',*,*,#21,.T.);
#21 = EDGE_CURVE('',#22,#24,#26,.T.);
#22 = VERTEX_POINT('',#23);
#23 = CARTESIAN_POINT('',(-16.15,6.6,16.8));
#24 = VERTEX_POINT('',#25);
#25 = CARTESIAN_POINT('',(-16.15,5.5,16.8));
#26 = LINE('',#27,#28);
#27 = CARTESIAN_POINT('',(-16.15,5.5,16.8));
#28 = VECTOR('',#29,1.);
#29 = DIRECTION('',(0.,-1.,0.));
#30 = ORIENTED_EDGE('',*,*,#31,.T.);
#31 = EDGE_CURVE('',#24,#32,#34,.T.);
#32 = VERTEX_POINT('',#33);
#33 = CARTESIAN_POINT('',(-15.3,5.5,16.8));
#34 = LINE('',#35,#36);
#35 = CARTESIAN_POINT('',(-16.16,5.5,16.8));
#36 = VECTOR('',#37,1.);
#37 = DIRECTION('',(1.,0.,0.));
#38 = ORIENTED_EDGE('',*,*,#39,.T.);
#39 = EDGE_CURVE('',#32,#40,#42,.T.);
#40 = VERTEX_POINT('',#41);
#41 = CARTESIAN_POINT('',(-15.3,6.6,16.8));
#42 = LINE('',#43,#44);
#43 = CARTESIAN_POINT('',(-15.3,5.5,16.8));
#44 = VECTOR('',#45,1.);
#45 = DIRECTION('',(0.,1.,0.));
#46 = ORIENTED_EDGE('',*,*,#47,.F.);
#47 = EDGE_CURVE('',#22,#40,#48,.T.);
#48 = LINE('',#49,#50);
#49 = CARTESIAN_POINT('',(-16.16,6.6,16.8));
#50 = VECTOR('',#51,1.);
#51 = DIRECTION('',(1.,0.,0.));
#52 = PLANE('',#53);
#53 = AXIS2_PLACEMENT_3D('',#54,#55,#56);
#54 = CARTESIAN_POINT('',(-16.16,5.5,16.8));
#55 = DIRECTION('',(0.,0.,1.));
#56 = DIRECTION('',(1.,0.,0.));
#57 = ADVANCED_FACE('',(#58),#83,.F.);
#58 = FACE_BOUND('',#59,.F.);
#59 = EDGE_LOOP('',(#60,#61,#69,#77));
#60 = ORIENTED_EDGE('',*,*,#39,.T.);
#61 = ORIENTED_EDGE('',*,*,#62,.T.);
#62 = EDGE_CURVE('',#40,#63,#65,.T.);
#63 = VERTEX_POINT('',#64);
#64 = CARTESIAN_POINT('',(-16.15,6.6,16.));
#65 = LINE('',#66,#67);
#66 = CARTESIAN_POINT('',(-15.3,6.6,16.8));
#67 = VECTOR('',#68,1.);
#68 = DIRECTION('',(-0.728199992693,0.,-0.685364699005));
#69 = ORIENTED_EDGE('',*,*,#70,.F.);
#70 = EDGE_CURVE('',#71,#63,#73,.T.);
#71 = VERTEX_POINT('',#72);
#72 = CARTESIAN_POINT('',(-16.15,5.5,16.));
#73 = LINE('',#74,#75);
#74 = CARTESIAN_POINT('',(-16.15,5.5,16.));
#75 = VECTOR('',#76,1.);
#76 = DIRECTION('',(0.,1.,0.));
#77 = ORIENTED_EDGE('',*,*,#78,.F.);
#78 = EDGE_CURVE('',#32,#71,#79,.T.);
#79 = LINE('',#80,#81);
#80 = CARTESIAN_POINT('',(-15.3,5.5,16.8));
#81 = VECTOR('',#82,1.);
#82 = DIRECTION('',(-0.728199992693,0.,-0.685364699005));
#83 = PLANE('',#84);
#84 = AXIS2_PLACEMENT_3D('',#85,#86,#87);
#85 = CARTESIAN_POINT('',(-15.3,5.5,16.8));
#86 = DIRECTION('',(-0.685364699005,0.,0.728199992693));
#87 = DIRECTION('',(-0.728199992693,0.,-0.685364699005));
#88 = ADVANCED_FACE('',(#89),#242,.T.);
#89 = FACE_BOUND('',#90,.T.);
#90 = EDGE_LOOP('',(#91,#101,#107,#108,#116,#124,#132,#140,#148,#156,
    #164,#172,#180,#188,#196,#204,#212,#220,#228,#236));
#91 = ORIENTED_EDGE('',*,*,#92,.F.);
#92 = EDGE_CURVE('',#93,#95,#97,.T.);
#93 = VERTEX_POINT('',#94);
#94 = CARTESIAN_POINT('',(-16.15,5.5,26.6));
#95 = VERTEX_POINT('',#96);
#96 = CARTESIAN_POINT('',(-16.15,5.45,26.6));
#97 = LINE('',#98,#99);
#98 = CARTESIAN_POINT('',(-16.15,4.7,26.6));
#99 = VECTOR('',#100,1.);
#100 = DIRECTION('',(0.,-1.,0.));
#101 = ORIENTED_EDGE('',*,*,#102,.F.);
#102 = EDGE_CURVE('',#24,#93,#103,.T.);
#103 = LINE('',#104,#105);
#104 = CARTESIAN_POINT('',(-16.15,5.5,15.6));
#105 = VECTOR('',#106,1.);
#106 = DIRECTION('',(0.,0.,1.));
#107 = ORIENTED_EDGE('',*,*,#21,.F.);
#108 = ORIENTED_EDGE('',*,*,#109,.T.);
#109 = EDGE_CURVE('',#22,#110,#112,.T.);
#110 = VERTEX_POINT('',#111);
#111 = CARTESIAN_POINT('',(-16.15,6.6,26.6));
#112 = LINE('',#113,#114);
#113 = CARTESIAN_POINT('',(-16.15,6.6,15.6));
#114 = VECTOR('',#115,1.);
#115 = DIRECTION('',(0.,0.,1.));
#116 = ORIENTED_EDGE('',*,*,#117,.F.);
#117 = EDGE_CURVE('',#118,#110,#120,.T.);
#118 = VERTEX_POINT('',#119);
#119 = CARTESIAN_POINT('',(-16.15,7.2,26.6));
#120 = LINE('',#121,#122);
#121 = CARTESIAN_POINT('',(-16.15,5.55,26.6));
#122 = VECTOR('',#123,1.);
#123 = DIRECTION('',(0.,-1.,0.));
#124 = ORIENTED_EDGE('',*,*,#125,.F.);
#125 = EDGE_CURVE('',#126,#118,#128,.T.);
#126 = VERTEX_POINT('',#127);
#127 = CARTESIAN_POINT('',(-16.15,7.2,16.2));
#128 = LINE('',#129,#130);
#129 = CARTESIAN_POINT('',(-16.15,7.2,15.6));
#130 = VECTOR('',#131,1.);
#131 = DIRECTION('',(0.,0.,1.));
#132 = ORIENTED_EDGE('',*,*,#133,.T.);
#133 = EDGE_CURVE('',#126,#134,#136,.T.);
#134 = VERTEX_POINT('',#135);
#135 = CARTESIAN_POINT('',(-16.15,7.7,16.2));
#136 = LINE('',#137,#138);
#137 = CARTESIAN_POINT('',(-16.15,4.5,16.2));
#138 = VECTOR('',#139,1.);
#139 = DIRECTION('',(0.,1.,0.));
#140 = ORIENTED_EDGE('',*,*,#141,.T.);
#141 = EDGE_CURVE('',#134,#142,#144,.T.);
#142 = VERTEX_POINT('',#143);
#143 = CARTESIAN_POINT('',(-16.15,7.7,59.5));
#144 = LINE('',#145,#146);
#145 = CARTESIAN_POINT('',(-16.15,7.7,16.2));
#146 = VECTOR('',#147,1.);
#147 = DIRECTION('',(0.,0.,1.));
#148 = ORIENTED_EDGE('',*,*,#149,.T.);
#149 = EDGE_CURVE('',#142,#150,#152,.T.);
#150 = VERTEX_POINT('',#151);
#151 = CARTESIAN_POINT('',(-16.15,7.05,59.5));
#152 = LINE('',#153,#154);
#153 = CARTESIAN_POINT('',(-16.15,5.775,59.5));
#154 = VECTOR('',#155,1.);
#155 = DIRECTION('',(0.,-1.,0.));
#156 = ORIENTED_EDGE('',*,*,#157,.T.);
#157 = EDGE_CURVE('',#150,#158,#160,.T.);
#158 = VERTEX_POINT('',#159);
#159 = CARTESIAN_POINT('',(-16.15,7.05,69.));
#160 = LINE('',#161,#162);
#161 = CARTESIAN_POINT('',(-16.15,7.05,37.85));
#162 = VECTOR('',#163,1.);
#163 = DIRECTION('',(0.,0.,1.));
#164 = ORIENTED_EDGE('',*,*,#165,.F.);
#165 = EDGE_CURVE('',#166,#158,#168,.T.);
#166 = VERTEX_POINT('',#167);
#167 = CARTESIAN_POINT('',(-16.15,7.7,69.));
#168 = LINE('',#169,#170);
#169 = CARTESIAN_POINT('',(-16.15,5.775,69.));
#170 = VECTOR('',#171,1.);
#171 = DIRECTION('',(0.,-1.,0.));
#172 = ORIENTED_EDGE('',*,*,#173,.T.);
#173 = EDGE_CURVE('',#166,#174,#176,.T.);
#174 = VERTEX_POINT('',#175);
#175 = CARTESIAN_POINT('',(-16.15,7.7,70.));
#176 = LINE('',#177,#178);
#177 = CARTESIAN_POINT('',(-16.15,7.7,16.2));
#178 = VECTOR('',#179,1.);
#179 = DIRECTION('',(0.,0.,1.));
#180 = ORIENTED_EDGE('',*,*,#181,.F.);
#181 = EDGE_CURVE('',#182,#174,#184,.T.);
#182 = VERTEX_POINT('',#183);
#183 = CARTESIAN_POINT('',(-16.15,6.9,70.));
#184 = LINE('',#185,#186);
#185 = CARTESIAN_POINT('',(-16.15,4.5,70.));
#186 = VECTOR('',#187,1.);
#187 = DIRECTION('',(0.,1.,0.));
#188 = ORIENTED_EDGE('',*,*,#189,.F.);
#189 = EDGE_CURVE('',#190,#182,#192,.T.);
#190 = VERTEX_POINT('',#191);
#191 = CARTESIAN_POINT('',(-16.15,6.9,69.2));
#192 = LINE('',#193,#194);
#193 = CARTESIAN_POINT('',(-16.15,6.9,42.7));
#194 = VECTOR('',#195,1.);
#195 = DIRECTION('',(0.,0.,1.));
#196 = ORIENTED_EDGE('',*,*,#197,.T.);
#197 = EDGE_CURVE('',#190,#198,#200,.T.);
#198 = VERTEX_POINT('',#199);
#199 = CARTESIAN_POINT('',(-16.15,5.3,69.2));
#200 = LINE('',#201,#202);
#201 = CARTESIAN_POINT('',(-16.15,4.9,69.2));
#202 = VECTOR('',#203,1.);
#203 = DIRECTION('',(0.,-1.,0.));
#204 = ORIENTED_EDGE('',*,*,#205,.T.);
#205 = EDGE_CURVE('',#198,#206,#208,.T.);
#206 = VERTEX_POINT('',#207);
#207 = CARTESIAN_POINT('',(-16.15,5.3,70.));
#208 = LINE('',#209,#210);
#209 = CARTESIAN_POINT('',(-16.15,5.3,42.7));
#210 = VECTOR('',#211,1.);
#211 = DIRECTION('',(0.,0.,1.));
#212 = ORIENTED_EDGE('',*,*,#213,.F.);
#213 = EDGE_CURVE('',#214,#206,#216,.T.);
#214 = VERTEX_POINT('',#215);
#215 = CARTESIAN_POINT('',(-16.15,5.15,70.));
#216 = LINE('',#217,#218);
#217 = CARTESIAN_POINT('',(-16.15,4.5,70.));
#218 = VECTOR('',#219,1.);
#219 = DIRECTION('',(0.,1.,0.));
#220 = ORIENTED_EDGE('',*,*,#221,.F.);
#221 = EDGE_CURVE('',#222,#214,#224,.T.);
#222 = VERTEX_POINT('',#223);
#223 = CARTESIAN_POINT('',(-16.15,5.15,40.6));
#224 = LINE('',#225,#226);
#225 = CARTESIAN_POINT('',(-16.15,5.15,28.4));
#226 = VECTOR('',#227,1.);
#227 = DIRECTION('',(0.,0.,1.));
#228 = ORIENTED_EDGE('',*,*,#229,.F.);
#229 = EDGE_CURVE('',#230,#222,#232,.T.);
#230 = VERTEX_POINT('',#231);
#231 = CARTESIAN_POINT('',(-16.15,5.45,40.6));
#232 = LINE('',#233,#234);
#233 = CARTESIAN_POINT('',(-16.15,4.,40.6));
#234 = VECTOR('',#235,1.);
#235 = DIRECTION('',(0.,-1.,0.));
#236 = ORIENTED_EDGE('',*,*,#237,.F.);
#237 = EDGE_CURVE('',#95,#230,#238,.T.);
#238 = LINE('',#239,#240);
#239 = CARTESIAN_POINT('',(-16.15,5.45,8.1));
#240 = VECTOR('',#241,1.);
#241 = DIRECTION('',(0.,0.,1.));
#242 = PLANE('',#243);
#243 = AXIS2_PLACEMENT_3D('',#244,#245,#246);
#244 = CARTESIAN_POINT('',(-16.15,6.51900887574,40.614164201183));
#245 = DIRECTION('',(1.,0.,0.));
#246 = DIRECTION('',(0.,0.,1.));
#247 = ADVANCED_FACE('',(#248),#282,.F.);
#248 = FACE_BOUND('',#249,.F.);
#249 = EDGE_LOOP('',(#250,#260,#268,#276));
#250 = ORIENTED_EDGE('',*,*,#251,.T.);
#251 = EDGE_CURVE('',#252,#254,#256,.T.);
#252 = VERTEX_POINT('',#253);
#253 = CARTESIAN_POINT('',(18.25,7.2,16.2));
#254 = VERTEX_POINT('',#255);
#255 = CARTESIAN_POINT('',(17.6,7.2,16.2));
#256 = LINE('',#257,#258);
#257 = CARTESIAN_POINT('',(16.125,7.2,16.2));
#258 = VECTOR('',#259,1.);
#259 = DIRECTION('',(-1.,0.,0.));
#260 = ORIENTED_EDGE('',*,*,#261,.T.);
#261 = EDGE_CURVE('',#254,#262,#264,.T.);
#262 = VERTEX_POINT('',#263);
#263 = CARTESIAN_POINT('',(17.6,7.2,26.6));
#264 = LINE('',#265,#266);
#265 = CARTESIAN_POINT('',(17.6,7.2,7.5));
#266 = VECTOR('',#267,1.);
#267 = DIRECTION('',(0.,0.,1.));
#268 = ORIENTED_EDGE('',*,*,#269,.T.);
#269 = EDGE_CURVE('',#262,#270,#272,.T.);
#270 = VERTEX_POINT('',#271);
#271 = CARTESIAN_POINT('',(18.25,7.2,26.6));
#272 = LINE('',#273,#274);
#273 = CARTESIAN_POINT('',(16.1,7.2,26.6));
#274 = VECTOR('',#275,1.);
#275 = DIRECTION('',(1.,0.,0.));
#276 = ORIENTED_EDGE('',*,*,#277,.F.);
#277 = EDGE_CURVE('',#252,#270,#278,.T.);
#278 = LINE('',#279,#280);
#279 = CARTESIAN_POINT('',(18.25,7.2,15.));
#280 = VECTOR('',#281,1.);
#281 = DIRECTION('',(0.,0.,1.));
#282 = PLANE('',#283);
#283 = AXIS2_PLACEMENT_3D('',#284,#285,#286);
#284 = CARTESIAN_POINT('',(16.1,7.2,15.));
#285 = DIRECTION('',(0.,1.,0.));
#286 = DIRECTION('',(0.,0.,1.));
#287 = ADVANCED_FACE('',(#288),#329,.F.);
#288 = FACE_BOUND('',#289,.F.);
#289 = EDGE_LOOP('',(#290,#291,#299,#307,#315,#323));
#290 = ORIENTED_EDGE('',*,*,#261,.F.);
#291 = ORIENTED_EDGE('',*,*,#292,.T.);
#292 = EDGE_CURVE('',#254,#293,#295,.T.);
#293 = VERTEX_POINT('',#294);
#294 = CARTESIAN_POINT('',(17.6,7.7,16.2));
#295 = LINE('',#296,#297);
#296 = CARTESIAN_POINT('',(17.6,5.55,16.2));
#297 = VECTOR('',#298,1.);
#298 = DIRECTION('',(0.,1.,0.));
#299 = ORIENTED_EDGE('',*,*,#300,.F.);
#300 = EDGE_CURVE('',#301,#293,#303,.T.);
#301 = VERTEX_POINT('',#302);
#302 = CARTESIAN_POINT('',(17.6,7.7,30.7));
#303 = LINE('',#304,#305);
#304 = CARTESIAN_POINT('',(17.6,7.7,8.1));
#305 = VECTOR('',#306,1.);
#306 = DIRECTION('',(0.,0.,-1.));
#307 = ORIENTED_EDGE('',*,*,#308,.F.);
#308 = EDGE_CURVE('',#309,#301,#311,.T.);
#309 = VERTEX_POINT('',#310);
#310 = CARTESIAN_POINT('',(17.6,6.6,30.7));
#311 = LINE('',#312,#313);
#312 = CARTESIAN_POINT('',(17.6,6.6,30.7));
#313 = VECTOR('',#314,1.);
#314 = DIRECTION('',(0.,1.,0.));
#315 = ORIENTED_EDGE('',*,*,#316,.F.);
#316 = EDGE_CURVE('',#317,#309,#319,.T.);
#317 = VERTEX_POINT('',#318);
#318 = CARTESIAN_POINT('',(17.6,6.6,26.6));
#319 = LINE('',#320,#321);
#320 = CARTESIAN_POINT('',(17.6,6.6,0.));
#321 = VECTOR('',#322,1.);
#322 = DIRECTION('',(0.,0.,1.));
#323 = ORIENTED_EDGE('',*,*,#324,.F.);
#324 = EDGE_CURVE('',#262,#317,#325,.T.);
#325 = LINE('',#326,#327);
#326 = CARTESIAN_POINT('',(17.6,5.75,26.6));
#327 = VECTOR('',#328,1.);
#328 = DIRECTION('',(0.,-1.,0.));
#329 = PLANE('',#330);
#330 = AXIS2_PLACEMENT_3D('',#331,#332,#333);
#331 = CARTESIAN_POINT('',(17.6,6.6,0.));
#332 = DIRECTION('',(1.,0.,0.));
#333 = DIRECTION('',(0.,0.,1.));
#334 = ADVANCED_FACE('',(#335),#360,.F.);
#335 = FACE_BOUND('',#336,.F.);
#336 = EDGE_LOOP('',(#337,#347,#353,#354));
#337 = ORIENTED_EDGE('',*,*,#338,.T.);
#338 = EDGE_CURVE('',#339,#341,#343,.T.);
#339 = VERTEX_POINT('',#340);
#340 = CARTESIAN_POINT('',(16.15,7.7,30.7));
#341 = VERTEX_POINT('',#342);
#342 = CARTESIAN_POINT('',(16.15,6.6,30.7));
#343 = LINE('',#344,#345);
#344 = CARTESIAN_POINT('',(16.15,5.55,30.7));
#345 = VECTOR('',#346,1.);
#346 = DIRECTION('',(0.,-1.,0.));
#347 = ORIENTED_EDGE('',*,*,#348,.T.);
#348 = EDGE_CURVE('',#341,#309,#349,.T.);
#349 = LINE('',#350,#351);
#350 = CARTESIAN_POINT('',(15.85,6.6,30.7));
#351 = VECTOR('',#352,1.);
#352 = DIRECTION('',(1.,0.,0.));
#353 = ORIENTED_EDGE('',*,*,#308,.T.);
#354 = ORIENTED_EDGE('',*,*,#355,.F.);
#355 = EDGE_CURVE('',#339,#301,#356,.T.);
#356 = LINE('',#357,#358);
#357 = CARTESIAN_POINT('',(16.,7.7,30.7));
#358 = VECTOR('',#359,1.);
#359 = DIRECTION('',(1.,0.,0.));
#360 = PLANE('',#361);
#361 = AXIS2_PLACEMENT_3D('',#362,#363,#364);
#362 = CARTESIAN_POINT('',(15.85,6.6,30.7));
#363 = DIRECTION('',(0.,0.,1.));
#364 = DIRECTION('',(1.,0.,0.));
#365 = ADVANCED_FACE('',(#366),#432,.T.);
#366 = FACE_BOUND('',#367,.T.);
#367 = EDGE_LOOP('',(#368,#376,#377,#378,#386,#394,#402,#410,#418,#426)
  );
#368 = ORIENTED_EDGE('',*,*,#369,.T.);
#369 = EDGE_CURVE('',#370,#252,#372,.T.);
#370 = VERTEX_POINT('',#371);
#371 = CARTESIAN_POINT('',(18.25,4.9,16.2));
#372 = LINE('',#373,#374);
#373 = CARTESIAN_POINT('',(18.25,4.7,16.2));
#374 = VECTOR('',#375,1.);
#375 = DIRECTION('',(0.,1.,0.));
#376 = ORIENTED_EDGE('',*,*,#251,.T.);
#377 = ORIENTED_EDGE('',*,*,#292,.T.);
#378 = ORIENTED_EDGE('',*,*,#379,.T.);
#379 = EDGE_CURVE('',#293,#380,#382,.T.);
#380 = VERTEX_POINT('',#381);
#381 = CARTESIAN_POINT('',(19.,7.7,16.2));
#382 = LINE('',#383,#384);
#383 = CARTESIAN_POINT('',(16.15,7.7,16.2));
#384 = VECTOR('',#385,1.);
#385 = DIRECTION('',(1.,0.,0.));
#386 = ORIENTED_EDGE('',*,*,#387,.T.);
#387 = EDGE_CURVE('',#380,#388,#390,.T.);
#388 = VERTEX_POINT('',#389);
#389 = CARTESIAN_POINT('',(19.,4.5,16.2));
#390 = LINE('',#391,#392);
#391 = CARTESIAN_POINT('',(19.,4.4,16.2));
#392 = VECTOR('',#393,1.);
#393 = DIRECTION('',(0.,-1.,0.));
#394 = ORIENTED_EDGE('',*,*,#395,.F.);
#395 = EDGE_CURVE('',#396,#388,#398,.T.);
#396 = VERTEX_POINT('',#397);
#397 = CARTESIAN_POINT('',(14.6,4.5,16.2));
#398 = LINE('',#399,#400);
#399 = CARTESIAN_POINT('',(16.15,4.5,16.2));
#400 = VECTOR('',#401,1.);
#401 = DIRECTION('',(1.,0.,0.));
#402 = ORIENTED_EDGE('',*,*,#403,.T.);
#403 = EDGE_CURVE('',#396,#404,#406,.T.);
#404 = VERTEX_POINT('',#405);
#405 = CARTESIAN_POINT('',(14.6,5.15,16.2));
#406 = LINE('',#407,#408);
#407 = CARTESIAN_POINT('',(14.6,4.5,16.2));
#408 = VECTOR('',#409,1.);
#409 = DIRECTION('',(0.,1.,0.));
#410 = ORIENTED_EDGE('',*,*,#411,.T.);
#411 = EDGE_CURVE('',#404,#412,#414,.T.);
#412 = VERTEX_POINT('',#413);
#413 = CARTESIAN_POINT('',(16.1,5.15,16.2));
#414 = LINE('',#415,#416);
#415 = CARTESIAN_POINT('',(14.6,5.15,16.2));
#416 = VECTOR('',#417,1.);
#417 = DIRECTION('',(1.,0.,0.));
#418 = ORIENTED_EDGE('',*,*,#419,.F.);
#419 = EDGE_CURVE('',#420,#412,#422,.T.);
#420 = VERTEX_POINT('',#421);
#421 = CARTESIAN_POINT('',(16.1,4.9,16.2));
#422 = LINE('',#423,#424);
#423 = CARTESIAN_POINT('',(16.1,4.7,16.2));
#424 = VECTOR('',#425,1.);
#425 = DIRECTION('',(0.,1.,0.));
#426 = ORIENTED_EDGE('',*,*,#427,.F.);
#427 = EDGE_CURVE('',#370,#420,#428,.T.);
#428 = LINE('',#429,#430);
#429 = CARTESIAN_POINT('',(15.35,4.9,16.2));
#430 = VECTOR('',#431,1.);
#431 = DIRECTION('',(-1.,0.,0.));
#432 = PLANE('',#433);
#433 = AXIS2_PLACEMENT_3D('',#434,#435,#436);
#434 = CARTESIAN_POINT('',(17.425441176471,5.5925,16.2));
#435 = DIRECTION('',(-0.,-0.,-1.));
#436 = DIRECTION('',(-1.,0.,0.));
#437 = ADVANCED_FACE('',(#438),#510,.T.);
#438 = FACE_BOUND('',#439,.T.);
#439 = EDGE_LOOP('',(#440,#451,#459,#468,#477,#486,#494,#503));
#440 = ORIENTED_EDGE('',*,*,#441,.F.);
#441 = EDGE_CURVE('',#442,#444,#446,.T.);
#442 = VERTEX_POINT('',#443);
#443 = CARTESIAN_POINT('',(20.859709969221,12.85,81.));
#444 = VERTEX_POINT('',#445);
#445 = CARTESIAN_POINT('',(20.345208281067,13.65,81.));
#446 = CIRCLE('',#447,24.5);
#447 = AXIS2_PLACEMENT_3D('',#448,#449,#450);
#448 = CARTESIAN_POINT('',(0.,0.,81.));
#449 = DIRECTION('',(0.,-0.,1.));
#450 = DIRECTION('',(0.851726934143,0.52398590597,0.));
#451 = ORIENTED_EDGE('',*,*,#452,.F.);
#452 = EDGE_CURVE('',#453,#442,#455,.T.);
#453 = VERTEX_POINT('',#454);
#454 = CARTESIAN_POINT('',(20.859709969221,12.85,46.3));
#455 = LINE('',#456,#457);
#456 = CARTESIAN_POINT('',(20.859709969221,12.85,-10.));
#457 = VECTOR('',#458,1.);
#458 = DIRECTION('',(0.,0.,1.));
#459 = ORIENTED_EDGE('',*,*,#460,.T.);
#460 = EDGE_CURVE('',#453,#461,#463,.T.);
#461 = VERTEX_POINT('',#462);
#462 = CARTESIAN_POINT('',(20.345208281067,13.65,46.3));
#463 = CIRCLE('',#464,24.5);
#464 = AXIS2_PLACEMENT_3D('',#465,#466,#467);
#465 = CARTESIAN_POINT('',(0.,0.,46.3));
#466 = DIRECTION('',(0.,-0.,1.));
#467 = DIRECTION('',(0.851726934143,0.52398590597,0.));
#468 = ORIENTED_EDGE('',*,*,#469,.T.);
#469 = EDGE_CURVE('',#461,#470,#472,.T.);
#470 = VERTEX_POINT('',#471);
#471 = CARTESIAN_POINT('',(18.932709790202,15.55,46.3));
#472 = CIRCLE('',#473,24.5);
#473 = AXIS2_PLACEMENT_3D('',#474,#475,#476);
#474 = CARTESIAN_POINT('',(0.,0.,46.3));
#475 = DIRECTION('',(0.,-0.,1.));
#476 = DIRECTION('',(0.851726934143,0.52398590597,0.));
#477 = ORIENTED_EDGE('',*,*,#478,.T.);
#478 = EDGE_CURVE('',#470,#479,#481,.T.);
#479 = VERTEX_POINT('',#480);
#480 = CARTESIAN_POINT('',(18.246300994996,16.35,46.3));
#481 = CIRCLE('',#482,24.5);
#482 = AXIS2_PLACEMENT_3D('',#483,#484,#485);
#483 = CARTESIAN_POINT('',(0.,0.,46.3));
#484 = DIRECTION('',(0.,-0.,1.));
#485 = DIRECTION('',(0.851726934143,0.52398590597,0.));
#486 = ORIENTED_EDGE('',*,*,#487,.T.);
#487 = EDGE_CURVE('',#479,#488,#490,.T.);
#488 = VERTEX_POINT('',#489);
#489 = CARTESIAN_POINT('',(18.246300994996,16.35,81.));
#490 = LINE('',#491,#492);
#491 = CARTESIAN_POINT('',(18.246300994996,16.35,-10.));
#492 = VECTOR('',#493,1.);
#493 = DIRECTION('',(0.,0.,1.));
#494 = ORIENTED_EDGE('',*,*,#495,.F.);
#495 = EDGE_CURVE('',#496,#488,#498,.T.);
#496 = VERTEX_POINT('',#497);
#497 = CARTESIAN_POINT('',(18.932709790202,15.55,81.));
#498 = CIRCLE('',#499,24.5);
#499 = AXIS2_PLACEMENT_3D('',#500,#501,#502);
#500 = CARTESIAN_POINT('',(0.,0.,81.));
#501 = DIRECTION('',(0.,-0.,1.));
#502 = DIRECTION('',(0.851726934143,0.52398590597,0.));
#503 = ORIENTED_EDGE('',*,*,#504,.F.);
#504 = EDGE_CURVE('',#444,#496,#505,.T.);
#505 = CIRCLE('',#506,24.5);
#506 = AXIS2_PLACEMENT_3D('',#507,#508,#509);
#507 = CARTESIAN_POINT('',(0.,0.,81.));
#508 = DIRECTION('',(0.,-0.,1.));
#509 = DIRECTION('',(0.851726934143,0.52398590597,0.));
#510 = CYLINDRICAL_SURFACE('',#511,24.5);
#511 = AXIS2_PLACEMENT_3D('',#512,#513,#514);
#512 = CARTESIAN_POINT('',(0.,0.,-10.));
#513 = DIRECTION('',(0.,0.,1.));
#514 = DIRECTION('',(0.851726934143,0.52398590597,0.));
#515 = ADVANCED_FACE('',(#516),#541,.T.);
#516 = FACE_BOUND('',#517,.T.);
#517 = EDGE_LOOP('',(#518,#519,#527,#535));
#518 = ORIENTED_EDGE('',*,*,#452,.T.);
#519 = ORIENTED_EDGE('',*,*,#520,.F.);
#520 = EDGE_CURVE('',#521,#442,#523,.T.);
#521 = VERTEX_POINT('',#522);
#522 = CARTESIAN_POINT('',(20.,12.85,81.));
#523 = LINE('',#524,#525);
#524 = CARTESIAN_POINT('',(16.6,12.85,81.));
#525 = VECTOR('',#526,1.);
#526 = DIRECTION('',(1.,0.,0.));
#527 = ORIENTED_EDGE('',*,*,#528,.T.);
#528 = EDGE_CURVE('',#521,#529,#531,.T.);
#529 = VERTEX_POINT('',#530);
#530 = CARTESIAN_POINT('',(20.,12.85,46.3));
#531 = LINE('',#532,#533);
#532 = CARTESIAN_POINT('',(20.,12.85,44.75));
#533 = VECTOR('',#534,1.);
#534 = DIRECTION('',(0.,0.,-1.));
#535 = ORIENTED_EDGE('',*,*,#536,.T.);
#536 = EDGE_CURVE('',#529,#453,#537,.T.);
#537 = LINE('',#538,#539);
#538 = CARTESIAN_POINT('',(16.6,12.85,46.3));
#539 = VECTOR('',#540,1.);
#540 = DIRECTION('',(1.,0.,0.));
#541 = PLANE('',#542);
#542 = AXIS2_PLACEMENT_3D('',#543,#544,#545);
#543 = CARTESIAN_POINT('',(20.42985498461,12.85,63.65));
#544 = DIRECTION('',(-2.02E-15,-1.,-0.));
#545 = DIRECTION('',(-1.,2.02E-15,0.));
#546 = ADVANCED_FACE('',(#547),#615,.T.);
#547 = FACE_BOUND('',#548,.T.);
#548 = EDGE_LOOP('',(#549,#550,#551,#552,#560,#568,#576,#584,#592,#600,
    #608,#614));
#549 = ORIENTED_EDGE('',*,*,#441,.T.);
#550 = ORIENTED_EDGE('',*,*,#504,.T.);
#551 = ORIENTED_EDGE('',*,*,#495,.T.);
#552 = ORIENTED_EDGE('',*,*,#553,.F.);
#553 = EDGE_CURVE('',#554,#488,#556,.T.);
#554 = VERTEX_POINT('',#555);
#555 = CARTESIAN_POINT('',(17.1,16.35,81.));
#556 = LINE('',#557,#558);
#557 = CARTESIAN_POINT('',(18.15,16.35,81.));
#558 = VECTOR('',#559,1.);
#559 = DIRECTION('',(1.,0.,0.));
#560 = ORIENTED_EDGE('',*,*,#561,.F.);
#561 = EDGE_CURVE('',#562,#554,#564,.T.);
#562 = VERTEX_POINT('',#563);
#563 = CARTESIAN_POINT('',(17.1,13.65,81.));
#564 = LINE('',#565,#566);
#565 = CARTESIAN_POINT('',(17.1,15.55,81.));
#566 = VECTOR('',#567,1.);
#567 = DIRECTION('',(0.,1.,0.));
#568 = ORIENTED_EDGE('',*,*,#569,.F.);
#569 = EDGE_CURVE('',#570,#562,#572,.T.);
#570 = VERTEX_POINT('',#571);
#571 = CARTESIAN_POINT('',(16.6,13.65,81.));
#572 = LINE('',#573,#574);
#573 = CARTESIAN_POINT('',(16.6,13.65,81.));
#574 = VECTOR('',#575,1.);
#575 = DIRECTION('',(1.,0.,0.));
#576 = ORIENTED_EDGE('',*,*,#577,.F.);
#577 = EDGE_CURVE('',#578,#570,#580,.T.);
#578 = VERTEX_POINT('',#579);
#579 = CARTESIAN_POINT('',(16.6,12.85,81.));
#580 = LINE('',#581,#582);
#581 = CARTESIAN_POINT('',(16.6,12.85,81.));
#582 = VECTOR('',#583,1.);
#583 = DIRECTION('',(0.,1.,0.));
#584 = ORIENTED_EDGE('',*,*,#585,.T.);
#585 = EDGE_CURVE('',#578,#586,#588,.T.);
#586 = VERTEX_POINT('',#587);
#587 = CARTESIAN_POINT('',(19.,12.85,81.));
#588 = LINE('',#589,#590);
#589 = CARTESIAN_POINT('',(16.6,12.85,81.));
#590 = VECTOR('',#591,1.);
#591 = DIRECTION('',(1.,0.,0.));
#592 = ORIENTED_EDGE('',*,*,#593,.T.);
#593 = EDGE_CURVE('',#586,#594,#596,.T.);
#594 = VERTEX_POINT('',#595);
#595 = CARTESIAN_POINT('',(19.,12.86,81.));
#596 = LINE('',#597,#598);
#597 = CARTESIAN_POINT('',(19.,8.575,81.));
#598 = VECTOR('',#599,1.);
#599 = DIRECTION('',(0.,1.,0.));
#600 = ORIENTED_EDGE('',*,*,#601,.F.);
#601 = EDGE_CURVE('',#602,#594,#604,.T.);
#602 = VERTEX_POINT('',#603);
#603 = CARTESIAN_POINT('',(20.,12.86,81.));
#604 = LINE('',#605,#606);
#605 = CARTESIAN_POINT('',(18.05,12.86,81.));
#606 = VECTOR('',#607,1.);
#607 = DIRECTION('',(-1.,0.,0.));
#608 = ORIENTED_EDGE('',*,*,#609,.F.);
#609 = EDGE_CURVE('',#521,#602,#610,.T.);
#610 = LINE('',#611,#612);
#611 = CARTESIAN_POINT('',(20.,8.575,81.));
#612 = VECTOR('',#613,1.);
#613 = DIRECTION('',(0.,1.,0.));
#614 = ORIENTED_EDGE('',*,*,#520,.T.);
#615 = PLANE('',#616);
#616 = AXIS2_PLACEMENT_3D('',#617,#618,#619);
#617 = CARTESIAN_POINT('',(18.409787778605,14.181029987216,81.));
#618 = DIRECTION('',(0.,0.,1.));
#619 = DIRECTION('',(1.,0.,0.));
#620 = ADVANCED_FACE('',(#621),#655,.F.);
#621 = FACE_BOUND('',#622,.F.);
#622 = EDGE_LOOP('',(#623,#633,#641,#649));
#623 = ORIENTED_EDGE('',*,*,#624,.F.);
#624 = EDGE_CURVE('',#625,#627,#629,.T.);
#625 = VERTEX_POINT('',#626);
#626 = CARTESIAN_POINT('',(-20.85970996922,12.85,9.5));
#627 = VERTEX_POINT('',#628);
#628 = CARTESIAN_POINT('',(-20.,12.85,9.5));
#629 = LINE('',#630,#631);
#630 = CARTESIAN_POINT('',(-26.,12.85,9.5));
#631 = VECTOR('',#632,1.);
#632 = DIRECTION('',(1.,0.,0.));
#633 = ORIENTED_EDGE('',*,*,#634,.T.);
#634 = EDGE_CURVE('',#625,#635,#637,.T.);
#635 = VERTEX_POINT('',#636);
#636 = CARTESIAN_POINT('',(-20.85970996922,12.85,44.5));
#637 = LINE('',#638,#639);
#638 = CARTESIAN_POINT('',(-20.85970996922,12.85,-10.));
#639 = VECTOR('',#640,1.);
#640 = DIRECTION('',(0.,0.,1.));
#641 = ORIENTED_EDGE('',*,*,#642,.T.);
#642 = EDGE_CURVE('',#635,#643,#645,.T.);
#643 = VERTEX_POINT('',#644);
#644 = CARTESIAN_POINT('',(-20.,12.85,44.5));
#645 = LINE('',#646,#647);
#646 = CARTESIAN_POINT('',(-23.5,12.85,44.5));
#647 = VECTOR('',#648,1.);
#648 = DIRECTION('',(1.,0.,0.));
#649 = ORIENTED_EDGE('',*,*,#650,.T.);
#650 = EDGE_CURVE('',#643,#627,#651,.T.);
#651 = LINE('',#652,#653);
#652 = CARTESIAN_POINT('',(-20.,12.85,9.5));
#653 = VECTOR('',#654,1.);
#654 = DIRECTION('',(0.,0.,-1.));
#655 = PLANE('',#656);
#656 = AXIS2_PLACEMENT_3D('',#657,#658,#659);
#657 = CARTESIAN_POINT('',(-26.,12.85,9.5));
#658 = DIRECTION('',(0.,1.,0.));
#659 = DIRECTION('',(0.,0.,1.));
#660 = ADVANCED_FACE('',(#661),#751,.T.);
#661 = FACE_BOUND('',#662,.T.);
#662 = EDGE_LOOP('',(#663,#672,#673,#681,#689,#697,#705,#713,#721,#729,
    #737,#745));
#663 = ORIENTED_EDGE('',*,*,#664,.T.);
#664 = EDGE_CURVE('',#665,#635,#667,.T.);
#665 = VERTEX_POINT('',#666);
#666 = CARTESIAN_POINT('',(-18.24630099499,16.35,44.5));
#667 = CIRCLE('',#668,24.5);
#668 = AXIS2_PLACEMENT_3D('',#669,#670,#671);
#669 = CARTESIAN_POINT('',(0.,0.,44.5));
#670 = DIRECTION('',(0.,0.,1.));
#671 = DIRECTION('',(-0.689619543736,0.724171861437,0.));
#672 = ORIENTED_EDGE('',*,*,#642,.T.);
#673 = ORIENTED_EDGE('',*,*,#674,.T.);
#674 = EDGE_CURVE('',#643,#675,#677,.T.);
#675 = VERTEX_POINT('',#676);
#676 = CARTESIAN_POINT('',(-20.,11.5,44.5));
#677 = LINE('',#678,#679);
#678 = CARTESIAN_POINT('',(-20.,7.9,44.5));
#679 = VECTOR('',#680,1.);
#680 = DIRECTION('',(0.,-1.,0.));
#681 = ORIENTED_EDGE('',*,*,#682,.T.);
#682 = EDGE_CURVE('',#675,#683,#685,.T.);
#683 = VERTEX_POINT('',#684);
#684 = CARTESIAN_POINT('',(-19.,11.5,44.5));
#685 = LINE('',#686,#687);
#686 = CARTESIAN_POINT('',(-21.,11.5,44.5));
#687 = VECTOR('',#688,1.);
#688 = DIRECTION('',(1.,0.,0.));
#689 = ORIENTED_EDGE('',*,*,#690,.F.);
#690 = EDGE_CURVE('',#691,#683,#693,.T.);
#691 = VERTEX_POINT('',#692);
#692 = CARTESIAN_POINT('',(-19.,12.85,44.5));
#693 = LINE('',#694,#695);
#694 = CARTESIAN_POINT('',(-19.,7.9,44.5));
#695 = VECTOR('',#696,1.);
#696 = DIRECTION('',(0.,-1.,0.));
#697 = ORIENTED_EDGE('',*,*,#698,.T.);
#698 = EDGE_CURVE('',#691,#699,#701,.T.);
#699 = VERTEX_POINT('',#700);
#700 = CARTESIAN_POINT('',(-16.6,12.85,44.5));
#701 = LINE('',#702,#703);
#702 = CARTESIAN_POINT('',(-23.5,12.85,44.5));
#703 = VECTOR('',#704,1.);
#704 = DIRECTION('',(1.,0.,0.));
#705 = ORIENTED_EDGE('',*,*,#706,.F.);
#706 = EDGE_CURVE('',#707,#699,#709,.T.);
#707 = VERTEX_POINT('',#708);
#708 = CARTESIAN_POINT('',(-16.6,13.65,44.5));
#709 = LINE('',#710,#711);
#710 = CARTESIAN_POINT('',(-16.6,12.175,44.5));
#711 = VECTOR('',#712,1.);
#712 = DIRECTION('',(0.,-1.,0.));
#713 = ORIENTED_EDGE('',*,*,#714,.F.);
#714 = EDGE_CURVE('',#715,#707,#717,.T.);
#715 = VERTEX_POINT('',#716);
#716 = CARTESIAN_POINT('',(-18.15,13.65,44.5));
#717 = LINE('',#718,#719);
#718 = CARTESIAN_POINT('',(-23.5,13.65,44.5));
#719 = VECTOR('',#720,1.);
#720 = DIRECTION('',(1.,0.,0.));
#721 = ORIENTED_EDGE('',*,*,#722,.F.);
#722 = EDGE_CURVE('',#723,#715,#725,.T.);
#723 = VERTEX_POINT('',#724);
#724 = CARTESIAN_POINT('',(-18.15,15.55,44.5));
#725 = LINE('',#726,#727);
#726 = CARTESIAN_POINT('',(-18.15,12.175,44.5));
#727 = VECTOR('',#728,1.);
#728 = DIRECTION('',(0.,-1.,0.));
#729 = ORIENTED_EDGE('',*,*,#730,.T.);
#730 = EDGE_CURVE('',#723,#731,#733,.T.);
#731 = VERTEX_POINT('',#732);
#732 = CARTESIAN_POINT('',(-17.1,15.55,44.5));
#733 = LINE('',#734,#735);
#734 = CARTESIAN_POINT('',(-23.5,15.55,44.5));
#735 = VECTOR('',#736,1.);
#736 = DIRECTION('',(1.,0.,0.));
#737 = ORIENTED_EDGE('',*,*,#738,.F.);
#738 = EDGE_CURVE('',#739,#731,#741,.T.);
#739 = VERTEX_POINT('',#740);
#740 = CARTESIAN_POINT('',(-17.1,16.35,44.5));
#741 = LINE('',#742,#743);
#742 = CARTESIAN_POINT('',(-17.1,13.525,44.5));
#743 = VECTOR('',#744,1.);
#744 = DIRECTION('',(0.,-1.,0.));
#745 = ORIENTED_EDGE('',*,*,#746,.F.);
#746 = EDGE_CURVE('',#665,#739,#747,.T.);
#747 = LINE('',#748,#749);
#748 = CARTESIAN_POINT('',(-23.5,16.35,44.5));
#749 = VECTOR('',#750,1.);
#750 = DIRECTION('',(1.,0.,0.));
#751 = PLANE('',#752);
#752 = AXIS2_PLACEMENT_3D('',#753,#754,#755);
#753 = CARTESIAN_POINT('',(-21.,11.5,44.5));
#754 = DIRECTION('',(0.,0.,1.));
#755 = DIRECTION('',(1.,0.,0.));
#756 = ADVANCED_FACE('',(#757),#794,.T.);
#757 = FACE_BOUND('',#758,.T.);
#758 = EDGE_LOOP('',(#759,#768,#769,#770,#778,#787));
#759 = ORIENTED_EDGE('',*,*,#760,.T.);
#760 = EDGE_CURVE('',#761,#625,#763,.T.);
#761 = VERTEX_POINT('',#762);
#762 = CARTESIAN_POINT('',(-20.34520828106,13.65,9.5));
#763 = CIRCLE('',#764,24.5);
#764 = AXIS2_PLACEMENT_3D('',#765,#766,#767);
#765 = CARTESIAN_POINT('',(0.,0.,9.5));
#766 = DIRECTION('',(0.,0.,1.));
#767 = DIRECTION('',(-0.689619543736,0.724171861437,0.));
#768 = ORIENTED_EDGE('',*,*,#634,.T.);
#769 = ORIENTED_EDGE('',*,*,#664,.F.);
#770 = ORIENTED_EDGE('',*,*,#771,.F.);
#771 = EDGE_CURVE('',#772,#665,#774,.T.);
#772 = VERTEX_POINT('',#773);
#773 = CARTESIAN_POINT('',(-18.24630099499,16.35,9.5));
#774 = LINE('',#775,#776);
#775 = CARTESIAN_POINT('',(-18.24630099499,16.35,-10.));
#776 = VECTOR('',#777,1.);
#777 = DIRECTION('',(0.,0.,1.));
#778 = ORIENTED_EDGE('',*,*,#779,.T.);
#779 = EDGE_CURVE('',#772,#780,#782,.T.);
#780 = VERTEX_POINT('',#781);
#781 = CARTESIAN_POINT('',(-18.9327097902,15.55,9.5));
#782 = CIRCLE('',#783,24.5);
#783 = AXIS2_PLACEMENT_3D('',#784,#785,#786);
#784 = CARTESIAN_POINT('',(0.,0.,9.5));
#785 = DIRECTION('',(0.,0.,1.));
#786 = DIRECTION('',(-0.689619543736,0.724171861437,0.));
#787 = ORIENTED_EDGE('',*,*,#788,.T.);
#788 = EDGE_CURVE('',#780,#761,#789,.T.);
#789 = CIRCLE('',#790,24.5);
#790 = AXIS2_PLACEMENT_3D('',#791,#792,#793);
#791 = CARTESIAN_POINT('',(0.,0.,9.5));
#792 = DIRECTION('',(0.,0.,1.));
#793 = DIRECTION('',(-0.689619543736,0.724171861437,0.));
#794 = CYLINDRICAL_SURFACE('',#795,24.5);
#795 = AXIS2_PLACEMENT_3D('',#796,#797,#798);
#796 = CARTESIAN_POINT('',(0.,0.,-10.));
#797 = DIRECTION('',(0.,0.,1.));
#798 = DIRECTION('',(-0.689619543736,0.724171861437,0.));
#799 = ADVANCED_FACE('',(#800),#825,.T.);
#800 = FACE_BOUND('',#801,.T.);
#801 = EDGE_LOOP('',(#802,#803,#811,#819));
#802 = ORIENTED_EDGE('',*,*,#682,.F.);
#803 = ORIENTED_EDGE('',*,*,#804,.T.);
#804 = EDGE_CURVE('',#675,#805,#807,.T.);
#805 = VERTEX_POINT('',#806);
#806 = CARTESIAN_POINT('',(-20.,11.5,73.));
#807 = LINE('',#808,#809);
#808 = CARTESIAN_POINT('',(-20.,11.5,27.));
#809 = VECTOR('',#810,1.);
#810 = DIRECTION('',(0.,0.,1.));
#811 = ORIENTED_EDGE('',*,*,#812,.T.);
#812 = EDGE_CURVE('',#805,#813,#815,.T.);
#813 = VERTEX_POINT('',#814);
#814 = CARTESIAN_POINT('',(-19.,11.5,73.));
#815 = LINE('',#816,#817);
#816 = CARTESIAN_POINT('',(-21.,11.5,73.));
#817 = VECTOR('',#818,1.);
#818 = DIRECTION('',(1.,0.,0.));
#819 = ORIENTED_EDGE('',*,*,#820,.F.);
#820 = EDGE_CURVE('',#683,#813,#821,.T.);
#821 = LINE('',#822,#823);
#822 = CARTESIAN_POINT('',(-19.,11.5,27.));
#823 = VECTOR('',#824,1.);
#824 = DIRECTION('',(0.,0.,1.));
#825 = PLANE('',#826);
#826 = AXIS2_PLACEMENT_3D('',#827,#828,#829);
#827 = CARTESIAN_POINT('',(-21.,11.5,44.5));
#828 = DIRECTION('',(0.,1.,0.));
#829 = DIRECTION('',(0.,0.,1.));
#830 = ADVANCED_FACE('',(#831),#921,.F.);
#831 = FACE_BOUND('',#832,.F.);
#832 = EDGE_LOOP('',(#833,#844,#852,#858,#859,#867,#875,#883,#891,#899,
    #907,#915));
#833 = ORIENTED_EDGE('',*,*,#834,.T.);
#834 = EDGE_CURVE('',#835,#837,#839,.T.);
#835 = VERTEX_POINT('',#836);
#836 = CARTESIAN_POINT('',(-18.24630099499,16.35,73.));
#837 = VERTEX_POINT('',#838);
#838 = CARTESIAN_POINT('',(-20.85970996922,12.85,73.));
#839 = CIRCLE('',#840,24.5);
#840 = AXIS2_PLACEMENT_3D('',#841,#842,#843);
#841 = CARTESIAN_POINT('',(0.,0.,73.));
#842 = DIRECTION('',(0.,0.,1.));
#843 = DIRECTION('',(-0.689619543736,0.724171861437,0.));
#844 = ORIENTED_EDGE('',*,*,#845,.T.);
#845 = EDGE_CURVE('',#837,#846,#848,.T.);
#846 = VERTEX_POINT('',#847);
#847 = CARTESIAN_POINT('',(-20.,12.85,73.));
#848 = LINE('',#849,#850);
#849 = CARTESIAN_POINT('',(-23.5,12.85,73.));
#850 = VECTOR('',#851,1.);
#851 = DIRECTION('',(1.,0.,0.));
#852 = ORIENTED_EDGE('',*,*,#853,.T.);
#853 = EDGE_CURVE('',#846,#805,#854,.T.);
#854 = LINE('',#855,#856);
#855 = CARTESIAN_POINT('',(-20.,7.9,73.));
#856 = VECTOR('',#857,1.);
#857 = DIRECTION('',(0.,-1.,0.));
#858 = ORIENTED_EDGE('',*,*,#812,.T.);
#859 = ORIENTED_EDGE('',*,*,#860,.F.);
#860 = EDGE_CURVE('',#861,#813,#863,.T.);
#861 = VERTEX_POINT('',#862);
#862 = CARTESIAN_POINT('',(-19.,12.85,73.));
#863 = LINE('',#864,#865);
#864 = CARTESIAN_POINT('',(-19.,7.9,73.));
#865 = VECTOR('',#866,1.);
#866 = DIRECTION('',(0.,-1.,0.));
#867 = ORIENTED_EDGE('',*,*,#868,.T.);
#868 = EDGE_CURVE('',#861,#869,#871,.T.);
#869 = VERTEX_POINT('',#870);
#870 = CARTESIAN_POINT('',(-16.6,12.85,73.));
#871 = LINE('',#872,#873);
#872 = CARTESIAN_POINT('',(-23.5,12.85,73.));
#873 = VECTOR('',#874,1.);
#874 = DIRECTION('',(1.,0.,0.));
#875 = ORIENTED_EDGE('',*,*,#876,.F.);
#876 = EDGE_CURVE('',#877,#869,#879,.T.);
#877 = VERTEX_POINT('',#878);
#878 = CARTESIAN_POINT('',(-16.6,13.65,73.));
#879 = LINE('',#880,#881);
#880 = CARTESIAN_POINT('',(-16.6,12.175,73.));
#881 = VECTOR('',#882,1.);
#882 = DIRECTION('',(0.,-1.,0.));
#883 = ORIENTED_EDGE('',*,*,#884,.F.);
#884 = EDGE_CURVE('',#885,#877,#887,.T.);
#885 = VERTEX_POINT('',#886);
#886 = CARTESIAN_POINT('',(-18.15,13.65,73.));
#887 = LINE('',#888,#889);
#888 = CARTESIAN_POINT('',(-23.5,13.65,73.));
#889 = VECTOR('',#890,1.);
#890 = DIRECTION('',(1.,0.,0.));
#891 = ORIENTED_EDGE('',*,*,#892,.F.);
#892 = EDGE_CURVE('',#893,#885,#895,.T.);
#893 = VERTEX_POINT('',#894);
#894 = CARTESIAN_POINT('',(-18.15,15.55,73.));
#895 = LINE('',#896,#897);
#896 = CARTESIAN_POINT('',(-18.15,12.175,73.));
#897 = VECTOR('',#898,1.);
#898 = DIRECTION('',(0.,-1.,0.));
#899 = ORIENTED_EDGE('',*,*,#900,.T.);
#900 = EDGE_CURVE('',#893,#901,#903,.T.);
#901 = VERTEX_POINT('',#902);
#902 = CARTESIAN_POINT('',(-17.1,15.55,73.));
#903 = LINE('',#904,#905);
#904 = CARTESIAN_POINT('',(-23.5,15.55,73.));
#905 = VECTOR('',#906,1.);
#906 = DIRECTION('',(1.,0.,0.));
#907 = ORIENTED_EDGE('',*,*,#908,.F.);
#908 = EDGE_CURVE('',#909,#901,#911,.T.);
#909 = VERTEX_POINT('',#910);
#910 = CARTESIAN_POINT('',(-17.1,16.35,73.));
#911 = LINE('',#912,#913);
#912 = CARTESIAN_POINT('',(-17.1,13.525,73.));
#913 = VECTOR('',#914,1.);
#914 = DIRECTION('',(0.,-1.,0.));
#915 = ORIENTED_EDGE('',*,*,#916,.F.);
#916 = EDGE_CURVE('',#835,#909,#917,.T.);
#917 = LINE('',#918,#919);
#918 = CARTESIAN_POINT('',(-23.5,16.35,73.));
#919 = VECTOR('',#920,1.);
#920 = DIRECTION('',(1.,0.,0.));
#921 = PLANE('',#922);
#922 = AXIS2_PLACEMENT_3D('',#923,#924,#925);
#923 = CARTESIAN_POINT('',(-21.,11.5,73.));
#924 = DIRECTION('',(0.,0.,1.));
#925 = DIRECTION('',(1.,0.,0.));
#926 = ADVANCED_FACE('',(#927),#952,.T.);
#927 = FACE_BOUND('',#928,.T.);
#928 = EDGE_LOOP('',(#929,#937,#945,#951));
#929 = ORIENTED_EDGE('',*,*,#930,.F.);
#930 = EDGE_CURVE('',#931,#731,#933,.T.);
#931 = VERTEX_POINT('',#932);
#932 = CARTESIAN_POINT('',(-17.1,15.55,9.5));
#933 = LINE('',#934,#935);
#934 = CARTESIAN_POINT('',(-17.1,15.55,9.5));
#935 = VECTOR('',#936,1.);
#936 = DIRECTION('',(0.,0.,1.));
#937 = ORIENTED_EDGE('',*,*,#938,.T.);
#938 = EDGE_CURVE('',#931,#939,#941,.T.);
#939 = VERTEX_POINT('',#940);
#940 = CARTESIAN_POINT('',(-17.1,16.35,9.5));
#941 = LINE('',#942,#943);
#942 = CARTESIAN_POINT('',(-17.1,15.55,9.5));
#943 = VECTOR('',#944,1.);
#944 = DIRECTION('',(0.,1.,0.));
#945 = ORIENTED_EDGE('',*,*,#946,.T.);
#946 = EDGE_CURVE('',#939,#739,#947,.T.);
#947 = LINE('',#948,#949);
#948 = CARTESIAN_POINT('',(-17.1,16.35,9.5));
#949 = VECTOR('',#950,1.);
#950 = DIRECTION('',(0.,0.,1.));
#951 = ORIENTED_EDGE('',*,*,#738,.T.);
#952 = PLANE('',#953);
#953 = AXIS2_PLACEMENT_3D('',#954,#955,#956);
#954 = CARTESIAN_POINT('',(-17.1,15.55,9.5));
#955 = DIRECTION('',(1.,0.,0.));
#956 = DIRECTION('',(0.,0.,1.));
#957 = ADVANCED_FACE('',(#958),#976,.F.);
#958 = FACE_BOUND('',#959,.F.);
#959 = EDGE_LOOP('',(#960,#968,#974,#975));
#960 = ORIENTED_EDGE('',*,*,#961,.F.);
#961 = EDGE_CURVE('',#962,#931,#964,.T.);
#962 = VERTEX_POINT('',#963);
#963 = CARTESIAN_POINT('',(-18.15,15.55,9.5));
#964 = LINE('',#965,#966);
#965 = CARTESIAN_POINT('',(-26.,15.55,9.5));
#966 = VECTOR('',#967,1.);
#967 = DIRECTION('',(1.,0.,0.));
#968 = ORIENTED_EDGE('',*,*,#969,.T.);
#969 = EDGE_CURVE('',#962,#723,#970,.T.);
#970 = LINE('',#971,#972);
#971 = CARTESIAN_POINT('',(-18.15,15.55,9.5));
#972 = VECTOR('',#973,1.);
#973 = DIRECTION('',(0.,0.,1.));
#974 = ORIENTED_EDGE('',*,*,#730,.T.);
#975 = ORIENTED_EDGE('',*,*,#930,.F.);
#976 = PLANE('',#977);
#977 = AXIS2_PLACEMENT_3D('',#978,#979,#980);
#978 = CARTESIAN_POINT('',(-26.,15.55,9.5));
#979 = DIRECTION('',(0.,1.,0.));
#980 = DIRECTION('',(0.,0.,1.));
#981 = ADVANCED_FACE('',(#982),#1000,.T.);
#982 = FACE_BOUND('',#983,.T.);
#983 = EDGE_LOOP('',(#984,#985,#993,#999));
#984 = ORIENTED_EDGE('',*,*,#722,.T.);
#985 = ORIENTED_EDGE('',*,*,#986,.T.);
#986 = EDGE_CURVE('',#715,#987,#989,.T.);
#987 = VERTEX_POINT('',#988);
#988 = CARTESIAN_POINT('',(-18.15,13.65,9.5));
#989 = LINE('',#990,#991);
#990 = CARTESIAN_POINT('',(-18.15,13.65,9.5));
#991 = VECTOR('',#992,1.);
#992 = DIRECTION('',(0.,0.,-1.));
#993 = ORIENTED_EDGE('',*,*,#994,.T.);
#994 = EDGE_CURVE('',#987,#962,#995,.T.);
#995 = LINE('',#996,#997);
#996 = CARTESIAN_POINT('',(-18.15,12.85,9.5));
#997 = VECTOR('',#998,1.);
#998 = DIRECTION('',(0.,1.,0.));
#999 = ORIENTED_EDGE('',*,*,#969,.T.);
#1000 = PLANE('',#1001);
#1001 = AXIS2_PLACEMENT_3D('',#1002,#1003,#1004);
#1002 = CARTESIAN_POINT('',(-18.15,12.85,9.5));
#1003 = DIRECTION('',(1.,0.,0.));
#1004 = DIRECTION('',(0.,0.,1.));
#1005 = ADVANCED_FACE('',(#1006),#1024,.T.);
#1006 = FACE_BOUND('',#1007,.T.);
#1007 = EDGE_LOOP('',(#1008,#1016,#1017,#1018));
#1008 = ORIENTED_EDGE('',*,*,#1009,.F.);
#1009 = EDGE_CURVE('',#987,#1010,#1012,.T.);
#1010 = VERTEX_POINT('',#1011);
#1011 = CARTESIAN_POINT('',(-16.6,13.65,9.5));
#1012 = LINE('',#1013,#1014);
#1013 = CARTESIAN_POINT('',(-26.,13.65,9.5));
#1014 = VECTOR('',#1015,1.);
#1015 = DIRECTION('',(1.,0.,0.));
#1016 = ORIENTED_EDGE('',*,*,#986,.F.);
#1017 = ORIENTED_EDGE('',*,*,#714,.T.);
#1018 = ORIENTED_EDGE('',*,*,#1019,.F.);
#1019 = EDGE_CURVE('',#1010,#707,#1020,.T.);
#1020 = LINE('',#1021,#1022);
#1021 = CARTESIAN_POINT('',(-16.6,13.65,9.5));
#1022 = VECTOR('',#1023,1.);
#1023 = DIRECTION('',(0.,0.,1.));
#1024 = PLANE('',#1025);
#1025 = AXIS2_PLACEMENT_3D('',#1026,#1027,#1028);
#1026 = CARTESIAN_POINT('',(-26.,13.65,9.5));
#1027 = DIRECTION('',(0.,1.,0.));
#1028 = DIRECTION('',(0.,0.,1.));
#1029 = ADVANCED_FACE('',(#1030),#1048,.T.);
#1030 = FACE_BOUND('',#1031,.T.);
#1031 = EDGE_LOOP('',(#1032,#1040,#1046,#1047));
#1032 = ORIENTED_EDGE('',*,*,#1033,.F.);
#1033 = EDGE_CURVE('',#1034,#699,#1036,.T.);
#1034 = VERTEX_POINT('',#1035);
#1035 = CARTESIAN_POINT('',(-16.6,12.85,9.5));
#1036 = LINE('',#1037,#1038);
#1037 = CARTESIAN_POINT('',(-16.6,12.85,9.5));
#1038 = VECTOR('',#1039,1.);
#1039 = DIRECTION('',(0.,0.,1.));
#1040 = ORIENTED_EDGE('',*,*,#1041,.T.);
#1041 = EDGE_CURVE('',#1034,#1010,#1042,.T.);
#1042 = LINE('',#1043,#1044);
#1043 = CARTESIAN_POINT('',(-16.6,12.85,9.5));
#1044 = VECTOR('',#1045,1.);
#1045 = DIRECTION('',(0.,1.,0.));
#1046 = ORIENTED_EDGE('',*,*,#1019,.T.);
#1047 = ORIENTED_EDGE('',*,*,#706,.T.);
#1048 = PLANE('',#1049);
#1049 = AXIS2_PLACEMENT_3D('',#1050,#1051,#1052);
#1050 = CARTESIAN_POINT('',(-16.6,12.85,9.5));
#1051 = DIRECTION('',(1.,0.,0.));
#1052 = DIRECTION('',(0.,0.,1.));
#1053 = ADVANCED_FACE('',(#1054,#1145),#1179,.T.);
#1054 = FACE_BOUND('',#1055,.T.);
#1055 = EDGE_LOOP('',(#1056,#1066,#1074,#1082,#1090,#1098,#1106,#1114,
    #1122,#1128,#1129,#1130,#1131,#1139));
#1056 = ORIENTED_EDGE('',*,*,#1057,.T.);
#1057 = EDGE_CURVE('',#1058,#1060,#1062,.T.);
#1058 = VERTEX_POINT('',#1059);
#1059 = CARTESIAN_POINT('',(-19.,12.86,81.));
#1060 = VERTEX_POINT('',#1061);
#1061 = CARTESIAN_POINT('',(-19.,12.86,91.));
#1062 = LINE('',#1063,#1064);
#1063 = CARTESIAN_POINT('',(-19.,12.86,9.5));
#1064 = VECTOR('',#1065,1.);
#1065 = DIRECTION('',(0.,0.,1.));
#1066 = ORIENTED_EDGE('',*,*,#1067,.T.);
#1067 = EDGE_CURVE('',#1060,#1068,#1070,.T.);
#1068 = VERTEX_POINT('',#1069);
#1069 = CARTESIAN_POINT('',(-19.,4.3,91.));
#1070 = LINE('',#1071,#1072);
#1071 = CARTESIAN_POINT('',(-19.,4.3,91.));
#1072 = VECTOR('',#1073,1.);
#1073 = DIRECTION('',(0.,-1.,0.));
#1074 = ORIENTED_EDGE('',*,*,#1075,.F.);
#1075 = EDGE_CURVE('',#1076,#1068,#1078,.T.);
#1076 = VERTEX_POINT('',#1077);
#1077 = CARTESIAN_POINT('',(-19.,4.3,84.));
#1078 = LINE('',#1079,#1080);
#1079 = CARTESIAN_POINT('',(-19.,4.3,9.5));
#1080 = VECTOR('',#1081,1.);
#1081 = DIRECTION('',(0.,0.,1.));
#1082 = ORIENTED_EDGE('',*,*,#1083,.F.);
#1083 = EDGE_CURVE('',#1084,#1076,#1086,.T.);
#1084 = VERTEX_POINT('',#1085);
#1085 = CARTESIAN_POINT('',(-19.,5.9,84.));
#1086 = LINE('',#1087,#1088);
#1087 = CARTESIAN_POINT('',(-19.,3.15,84.));
#1088 = VECTOR('',#1089,1.);
#1089 = DIRECTION('',(0.,-1.,0.));
#1090 = ORIENTED_EDGE('',*,*,#1091,.F.);
#1091 = EDGE_CURVE('',#1092,#1084,#1094,.T.);
#1092 = VERTEX_POINT('',#1093);
#1093 = CARTESIAN_POINT('',(-19.,5.9,72.3));
#1094 = LINE('',#1095,#1096);
#1095 = CARTESIAN_POINT('',(-19.,5.9,40.9));
#1096 = VECTOR('',#1097,1.);
#1097 = DIRECTION('',(0.,0.,1.));
#1098 = ORIENTED_EDGE('',*,*,#1099,.T.);
#1099 = EDGE_CURVE('',#1092,#1100,#1102,.T.);
#1100 = VERTEX_POINT('',#1101);
#1101 = CARTESIAN_POINT('',(-19.,4.3,72.3));
#1102 = LINE('',#1103,#1104);
#1103 = CARTESIAN_POINT('',(-19.,3.15,72.3));
#1104 = VECTOR('',#1105,1.);
#1105 = DIRECTION('',(0.,-1.,0.));
#1106 = ORIENTED_EDGE('',*,*,#1107,.F.);
#1107 = EDGE_CURVE('',#1108,#1100,#1110,.T.);
#1108 = VERTEX_POINT('',#1109);
#1109 = CARTESIAN_POINT('',(-19.,4.3,9.5));
#1110 = LINE('',#1111,#1112);
#1111 = CARTESIAN_POINT('',(-19.,4.3,9.5));
#1112 = VECTOR('',#1113,1.);
#1113 = DIRECTION('',(0.,0.,1.));
#1114 = ORIENTED_EDGE('',*,*,#1115,.T.);
#1115 = EDGE_CURVE('',#1108,#1116,#1118,.T.);
#1116 = VERTEX_POINT('',#1117);
#1117 = CARTESIAN_POINT('',(-19.,12.85,9.5));
#1118 = LINE('',#1119,#1120);
#1119 = CARTESIAN_POINT('',(-19.,4.3,9.5));
#1120 = VECTOR('',#1121,1.);
#1121 = DIRECTION('',(0.,1.,0.));
#1122 = ORIENTED_EDGE('',*,*,#1123,.F.);
#1123 = EDGE_CURVE('',#691,#1116,#1124,.T.);
#1124 = LINE('',#1125,#1126);
#1125 = CARTESIAN_POINT('',(-19.,12.85,9.5));
#1126 = VECTOR('',#1127,1.);
#1127 = DIRECTION('',(0.,0.,-1.));
#1128 = ORIENTED_EDGE('',*,*,#690,.T.);
#1129 = ORIENTED_EDGE('',*,*,#820,.T.);
#1130 = ORIENTED_EDGE('',*,*,#860,.F.);
#1131 = ORIENTED_EDGE('',*,*,#1132,.F.);
#1132 = EDGE_CURVE('',#1133,#861,#1135,.T.);
#1133 = VERTEX_POINT('',#1134);
#1134 = CARTESIAN_POINT('',(-19.,12.85,81.));
#1135 = LINE('',#1136,#1137);
#1136 = CARTESIAN_POINT('',(-19.,12.85,9.5));
#1137 = VECTOR('',#1138,1.);
#1138 = DIRECTION('',(0.,0.,-1.));
#1139 = ORIENTED_EDGE('',*,*,#1140,.T.);
#1140 = EDGE_CURVE('',#1133,#1058,#1141,.T.);
#1141 = LINE('',#1142,#1143);
#1142 = CARTESIAN_POINT('',(-19.,8.575,81.));
#1143 = VECTOR('',#1144,1.);
#1144 = DIRECTION('',(0.,1.,0.));
#1145 = FACE_BOUND('',#1146,.T.);
#1146 = EDGE_LOOP('',(#1147,#1157,#1165,#1173));
#1147 = ORIENTED_EDGE('',*,*,#1148,.T.);
#1148 = EDGE_CURVE('',#1149,#1151,#1153,.T.);
#1149 = VERTEX_POINT('',#1150);
#1150 = CARTESIAN_POINT('',(-19.,7.7,16.2));
#1151 = VERTEX_POINT('',#1152);
#1152 = CARTESIAN_POINT('',(-19.,4.5,16.2));
#1153 = LINE('',#1154,#1155);
#1154 = CARTESIAN_POINT('',(-19.,4.4,16.2));
#1155 = VECTOR('',#1156,1.);
#1156 = DIRECTION('',(0.,-1.,0.));
#1157 = ORIENTED_EDGE('',*,*,#1158,.T.);
#1158 = EDGE_CURVE('',#1151,#1159,#1161,.T.);
#1159 = VERTEX_POINT('',#1160);
#1160 = CARTESIAN_POINT('',(-19.,4.5,70.));
#1161 = LINE('',#1162,#1163);
#1162 = CARTESIAN_POINT('',(-19.,4.5,12.85));
#1163 = VECTOR('',#1164,1.);
#1164 = DIRECTION('',(0.,0.,1.));
#1165 = ORIENTED_EDGE('',*,*,#1166,.F.);
#1166 = EDGE_CURVE('',#1167,#1159,#1169,.T.);
#1167 = VERTEX_POINT('',#1168);
#1168 = CARTESIAN_POINT('',(-19.,7.7,70.));
#1169 = LINE('',#1170,#1171);
#1170 = CARTESIAN_POINT('',(-19.,4.4,70.));
#1171 = VECTOR('',#1172,1.);
#1172 = DIRECTION('',(0.,-1.,0.));
#1173 = ORIENTED_EDGE('',*,*,#1174,.F.);
#1174 = EDGE_CURVE('',#1149,#1167,#1175,.T.);
#1175 = LINE('',#1176,#1177);
#1176 = CARTESIAN_POINT('',(-19.,7.7,12.85));
#1177 = VECTOR('',#1178,1.);
#1178 = DIRECTION('',(0.,0.,1.));
#1179 = PLANE('',#1180);
#1180 = AXIS2_PLACEMENT_3D('',#1181,#1182,#1183);
#1181 = CARTESIAN_POINT('',(-19.,4.3,9.5));
#1182 = DIRECTION('',(1.,0.,0.));
#1183 = DIRECTION('',(0.,0.,1.));
#1184 = ADVANCED_FACE('',(#1185),#1306,.F.);
#1185 = FACE_BOUND('',#1186,.F.);
#1186 = EDGE_LOOP('',(#1187,#1197,#1203,#1204,#1212,#1220,#1228,#1236,
    #1244,#1252,#1260,#1268,#1276,#1284,#1292,#1300));
#1187 = ORIENTED_EDGE('',*,*,#1188,.F.);
#1188 = EDGE_CURVE('',#1189,#1191,#1193,.T.);
#1189 = VERTEX_POINT('',#1190);
#1190 = CARTESIAN_POINT('',(-14.,5.9,72.3));
#1191 = VERTEX_POINT('',#1192);
#1192 = CARTESIAN_POINT('',(-9.5,5.9,72.3));
#1193 = LINE('',#1194,#1195);
#1194 = CARTESIAN_POINT('',(-19.5,5.9,72.3));
#1195 = VECTOR('',#1196,1.);
#1196 = DIRECTION('',(1.,0.,0.));
#1197 = ORIENTED_EDGE('',*,*,#1198,.F.);
#1198 = EDGE_CURVE('',#1092,#1189,#1199,.T.);
#1199 = LINE('',#1200,#1201);
#1200 = CARTESIAN_POINT('',(-19.5,5.9,72.3));
#1201 = VECTOR('',#1202,1.);
#1202 = DIRECTION('',(1.,0.,0.));
#1203 = ORIENTED_EDGE('',*,*,#1099,.T.);
#1204 = ORIENTED_EDGE('',*,*,#1205,.F.);
#1205 = EDGE_CURVE('',#1206,#1100,#1208,.T.);
#1206 = VERTEX_POINT('',#1207);
#1207 = CARTESIAN_POINT('',(-19.5,4.3,72.3));
#1208 = LINE('',#1209,#1210);
#1209 = CARTESIAN_POINT('',(-19.75,4.3,72.3));
#1210 = VECTOR('',#1211,1.);
#1211 = DIRECTION('',(1.,0.,0.));
#1212 = ORIENTED_EDGE('',*,*,#1213,.F.);
#1213 = EDGE_CURVE('',#1214,#1206,#1216,.T.);
#1214 = VERTEX_POINT('',#1215);
#1215 = CARTESIAN_POINT('',(-19.5,2.,72.3));
#1216 = LINE('',#1217,#1218);
#1217 = CARTESIAN_POINT('',(-19.5,2.,72.3));
#1218 = VECTOR('',#1219,1.);
#1219 = DIRECTION('',(0.,1.,0.));
#1220 = ORIENTED_EDGE('',*,*,#1221,.T.);
#1221 = EDGE_CURVE('',#1214,#1222,#1224,.T.);
#1222 = VERTEX_POINT('',#1223);
#1223 = CARTESIAN_POINT('',(19.5,2.,72.3));
#1224 = LINE('',#1225,#1226);
#1225 = CARTESIAN_POINT('',(-19.5,2.,72.3));
#1226 = VECTOR('',#1227,1.);
#1227 = DIRECTION('',(1.,0.,0.));
#1228 = ORIENTED_EDGE('',*,*,#1229,.T.);
#1229 = EDGE_CURVE('',#1222,#1230,#1232,.T.);
#1230 = VERTEX_POINT('',#1231);
#1231 = CARTESIAN_POINT('',(19.5,4.3,72.3));
#1232 = LINE('',#1233,#1234);
#1233 = CARTESIAN_POINT('',(19.5,2.,72.3));
#1234 = VECTOR('',#1235,1.);
#1235 = DIRECTION('',(0.,1.,0.));
#1236 = ORIENTED_EDGE('',*,*,#1237,.F.);
#1237 = EDGE_CURVE('',#1238,#1230,#1240,.T.);
#1238 = VERTEX_POINT('',#1239);
#1239 = CARTESIAN_POINT('',(19.,4.3,72.3));
#1240 = LINE('',#1241,#1242);
#1241 = CARTESIAN_POINT('',(-0.25,4.3,72.3));
#1242 = VECTOR('',#1243,1.);
#1243 = DIRECTION('',(1.,0.,0.));
#1244 = ORIENTED_EDGE('',*,*,#1245,.F.);
#1245 = EDGE_CURVE('',#1246,#1238,#1248,.T.);
#1246 = VERTEX_POINT('',#1247);
#1247 = CARTESIAN_POINT('',(19.,5.9,72.3));
#1248 = LINE('',#1249,#1250);
#1249 = CARTESIAN_POINT('',(19.,3.15,72.3));
#1250 = VECTOR('',#1251,1.);
#1251 = DIRECTION('',(0.,-1.,0.));
#1252 = ORIENTED_EDGE('',*,*,#1253,.F.);
#1253 = EDGE_CURVE('',#1254,#1246,#1256,.T.);
#1254 = VERTEX_POINT('',#1255);
#1255 = CARTESIAN_POINT('',(14.,5.9,72.3));
#1256 = LINE('',#1257,#1258);
#1257 = CARTESIAN_POINT('',(-19.5,5.9,72.3));
#1258 = VECTOR('',#1259,1.);
#1259 = DIRECTION('',(1.,0.,0.));
#1260 = ORIENTED_EDGE('',*,*,#1261,.F.);
#1261 = EDGE_CURVE('',#1262,#1254,#1264,.T.);
#1262 = VERTEX_POINT('',#1263);
#1263 = CARTESIAN_POINT('',(9.5,5.9,72.3));
#1264 = LINE('',#1265,#1266);
#1265 = CARTESIAN_POINT('',(-19.5,5.9,72.3));
#1266 = VECTOR('',#1267,1.);
#1267 = DIRECTION('',(1.,0.,0.));
#1268 = ORIENTED_EDGE('',*,*,#1269,.F.);
#1269 = EDGE_CURVE('',#1270,#1262,#1272,.T.);
#1270 = VERTEX_POINT('',#1271);
#1271 = CARTESIAN_POINT('',(4.1,5.9,72.3));
#1272 = LINE('',#1273,#1274);
#1273 = CARTESIAN_POINT('',(-19.5,5.9,72.3));
#1274 = VECTOR('',#1275,1.);
#1275 = DIRECTION('',(1.,0.,0.));
#1276 = ORIENTED_EDGE('',*,*,#1277,.F.);
#1277 = EDGE_CURVE('',#1278,#1270,#1280,.T.);
#1278 = VERTEX_POINT('',#1279);
#1279 = CARTESIAN_POINT('',(4.1,5.,72.3));
#1280 = LINE('',#1281,#1282);
#1281 = CARTESIAN_POINT('',(4.1,3.5,72.3));
#1282 = VECTOR('',#1283,1.);
#1283 = DIRECTION('',(0.,1.,0.));
#1284 = ORIENTED_EDGE('',*,*,#1285,.T.);
#1285 = EDGE_CURVE('',#1278,#1286,#1288,.T.);
#1286 = VERTEX_POINT('',#1287);
#1287 = CARTESIAN_POINT('',(-6.5,5.,72.3));
#1288 = LINE('',#1289,#1290);
#1289 = CARTESIAN_POINT('',(-13.,5.,72.3));
#1290 = VECTOR('',#1291,1.);
#1291 = DIRECTION('',(-1.,0.,0.));
#1292 = ORIENTED_EDGE('',*,*,#1293,.T.);
#1293 = EDGE_CURVE('',#1286,#1294,#1296,.T.);
#1294 = VERTEX_POINT('',#1295);
#1295 = CARTESIAN_POINT('',(-6.5,5.9,72.3));
#1296 = LINE('',#1297,#1298);
#1297 = CARTESIAN_POINT('',(-6.5,3.5,72.3));
#1298 = VECTOR('',#1299,1.);
#1299 = DIRECTION('',(0.,1.,0.));
#1300 = ORIENTED_EDGE('',*,*,#1301,.F.);
#1301 = EDGE_CURVE('',#1191,#1294,#1302,.T.);
#1302 = LINE('',#1303,#1304);
#1303 = CARTESIAN_POINT('',(-19.5,5.9,72.3));
#1304 = VECTOR('',#1305,1.);
#1305 = DIRECTION('',(1.,0.,0.));
#1306 = PLANE('',#1307);
#1307 = AXIS2_PLACEMENT_3D('',#1308,#1309,#1310);
#1308 = CARTESIAN_POINT('',(-19.5,2.,72.3));
#1309 = DIRECTION('',(0.,0.,1.));
#1310 = DIRECTION('',(1.,0.,0.));
#1311 = ADVANCED_FACE('',(#1312),#1337,.F.);
#1312 = FACE_BOUND('',#1313,.F.);
#1313 = EDGE_LOOP('',(#1314,#1324,#1330,#1331));
#1314 = ORIENTED_EDGE('',*,*,#1315,.F.);
#1315 = EDGE_CURVE('',#1316,#1318,#1320,.T.);
#1316 = VERTEX_POINT('',#1317);
#1317 = CARTESIAN_POINT('',(-19.5,2.,84.));
#1318 = VERTEX_POINT('',#1319);
#1319 = CARTESIAN_POINT('',(-19.5,4.3,84.));
#1320 = LINE('',#1321,#1322);
#1321 = CARTESIAN_POINT('',(-19.5,2.,84.));
#1322 = VECTOR('',#1323,1.);
#1323 = DIRECTION('',(0.,1.,0.));
#1324 = ORIENTED_EDGE('',*,*,#1325,.F.);
#1325 = EDGE_CURVE('',#1214,#1316,#1326,.T.);
#1326 = LINE('',#1327,#1328);
#1327 = CARTESIAN_POINT('',(-19.5,2.,72.3));
#1328 = VECTOR('',#1329,1.);
#1329 = DIRECTION('',(0.,0.,1.));
#1330 = ORIENTED_EDGE('',*,*,#1213,.T.);
#1331 = ORIENTED_EDGE('',*,*,#1332,.F.);
#1332 = EDGE_CURVE('',#1318,#1206,#1333,.T.);
#1333 = LINE('',#1334,#1335);
#1334 = CARTESIAN_POINT('',(-19.5,4.3,40.9));
#1335 = VECTOR('',#1336,1.);
#1336 = DIRECTION('',(0.,0.,-1.));
#1337 = PLANE('',#1338);
#1338 = AXIS2_PLACEMENT_3D('',#1339,#1340,#1341);
#1339 = CARTESIAN_POINT('',(-19.5,2.,72.3));
#1340 = DIRECTION('',(1.,0.,0.));
#1341 = DIRECTION('',(0.,0.,1.));
#1342 = ADVANCED_FACE('',(#1343),#1423,.T.);
#1343 = FACE_BOUND('',#1344,.T.);
#1344 = EDGE_LOOP('',(#1345,#1353,#1354,#1360,#1361,#1369,#1377,#1385,
    #1393,#1401,#1409,#1417));
#1345 = ORIENTED_EDGE('',*,*,#1346,.F.);
#1346 = EDGE_CURVE('',#1084,#1347,#1349,.T.);
#1347 = VERTEX_POINT('',#1348);
#1348 = CARTESIAN_POINT('',(-6.5,5.9,84.));
#1349 = LINE('',#1350,#1351);
#1350 = CARTESIAN_POINT('',(-19.5,5.9,84.));
#1351 = VECTOR('',#1352,1.);
#1352 = DIRECTION('',(1.,0.,0.));
#1353 = ORIENTED_EDGE('',*,*,#1083,.T.);
#1354 = ORIENTED_EDGE('',*,*,#1355,.F.);
#1355 = EDGE_CURVE('',#1318,#1076,#1356,.T.);
#1356 = LINE('',#1357,#1358);
#1357 = CARTESIAN_POINT('',(-19.75,4.3,84.));
#1358 = VECTOR('',#1359,1.);
#1359 = DIRECTION('',(1.,0.,0.));
#1360 = ORIENTED_EDGE('',*,*,#1315,.F.);
#1361 = ORIENTED_EDGE('',*,*,#1362,.T.);
#1362 = EDGE_CURVE('',#1316,#1363,#1365,.T.);
#1363 = VERTEX_POINT('',#1364);
#1364 = CARTESIAN_POINT('',(19.5,2.,84.));
#1365 = LINE('',#1366,#1367);
#1366 = CARTESIAN_POINT('',(-19.5,2.,84.));
#1367 = VECTOR('',#1368,1.);
#1368 = DIRECTION('',(1.,0.,0.));
#1369 = ORIENTED_EDGE('',*,*,#1370,.T.);
#1370 = EDGE_CURVE('',#1363,#1371,#1373,.T.);
#1371 = VERTEX_POINT('',#1372);
#1372 = CARTESIAN_POINT('',(19.5,4.3,84.));
#1373 = LINE('',#1374,#1375);
#1374 = CARTESIAN_POINT('',(19.5,2.,84.));
#1375 = VECTOR('',#1376,1.);
#1376 = DIRECTION('',(0.,1.,0.));
#1377 = ORIENTED_EDGE('',*,*,#1378,.F.);
#1378 = EDGE_CURVE('',#1379,#1371,#1381,.T.);
#1379 = VERTEX_POINT('',#1380);
#1380 = CARTESIAN_POINT('',(19.,4.3,84.));
#1381 = LINE('',#1382,#1383);
#1382 = CARTESIAN_POINT('',(-0.25,4.3,84.));
#1383 = VECTOR('',#1384,1.);
#1384 = DIRECTION('',(1.,0.,0.));
#1385 = ORIENTED_EDGE('',*,*,#1386,.F.);
#1386 = EDGE_CURVE('',#1387,#1379,#1389,.T.);
#1387 = VERTEX_POINT('',#1388);
#1388 = CARTESIAN_POINT('',(19.,5.9,84.));
#1389 = LINE('',#1390,#1391);
#1390 = CARTESIAN_POINT('',(19.,3.15,84.));
#1391 = VECTOR('',#1392,1.);
#1392 = DIRECTION('',(0.,-1.,0.));
#1393 = ORIENTED_EDGE('',*,*,#1394,.F.);
#1394 = EDGE_CURVE('',#1395,#1387,#1397,.T.);
#1395 = VERTEX_POINT('',#1396);
#1396 = CARTESIAN_POINT('',(4.1,5.9,84.));
#1397 = LINE('',#1398,#1399);
#1398 = CARTESIAN_POINT('',(-19.5,5.9,84.));
#1399 = VECTOR('',#1400,1.);
#1400 = DIRECTION('',(1.,0.,0.));
#1401 = ORIENTED_EDGE('',*,*,#1402,.F.);
#1402 = EDGE_CURVE('',#1403,#1395,#1405,.T.);
#1403 = VERTEX_POINT('',#1404);
#1404 = CARTESIAN_POINT('',(4.1,5.,84.));
#1405 = LINE('',#1406,#1407);
#1406 = CARTESIAN_POINT('',(4.1,3.5,84.));
#1407 = VECTOR('',#1408,1.);
#1408 = DIRECTION('',(0.,1.,0.));
#1409 = ORIENTED_EDGE('',*,*,#1410,.T.);
#1410 = EDGE_CURVE('',#1403,#1411,#1413,.T.);
#1411 = VERTEX_POINT('',#1412);
#1412 = CARTESIAN_POINT('',(-6.5,5.,84.));
#1413 = LINE('',#1414,#1415);
#1414 = CARTESIAN_POINT('',(-13.,5.,84.));
#1415 = VECTOR('',#1416,1.);
#1416 = DIRECTION('',(-1.,0.,0.));
#1417 = ORIENTED_EDGE('',*,*,#1418,.T.);
#1418 = EDGE_CURVE('',#1411,#1347,#1419,.T.);
#1419 = LINE('',#1420,#1421);
#1420 = CARTESIAN_POINT('',(-6.5,3.5,84.));
#1421 = VECTOR('',#1422,1.);
#1422 = DIRECTION('',(0.,1.,0.));
#1423 = PLANE('',#1424);
#1424 = AXIS2_PLACEMENT_3D('',#1425,#1426,#1427);
#1425 = CARTESIAN_POINT('',(-19.5,2.,84.));
#1426 = DIRECTION('',(0.,0.,1.));
#1427 = DIRECTION('',(1.,0.,0.));
#1428 = ADVANCED_FACE('',(#1429),#1473,.T.);
#1429 = FACE_BOUND('',#1430,.T.);
#1430 = EDGE_LOOP('',(#1431,#1432,#1440,#1449,#1458,#1467));
#1431 = ORIENTED_EDGE('',*,*,#834,.T.);
#1432 = ORIENTED_EDGE('',*,*,#1433,.T.);
#1433 = EDGE_CURVE('',#837,#1434,#1436,.T.);
#1434 = VERTEX_POINT('',#1435);
#1435 = CARTESIAN_POINT('',(-20.85970996922,12.85,81.));
#1436 = LINE('',#1437,#1438);
#1437 = CARTESIAN_POINT('',(-20.85970996922,12.85,-10.));
#1438 = VECTOR('',#1439,1.);
#1439 = DIRECTION('',(0.,0.,1.));
#1440 = ORIENTED_EDGE('',*,*,#1441,.F.);
#1441 = EDGE_CURVE('',#1442,#1434,#1444,.T.);
#1442 = VERTEX_POINT('',#1443);
#1443 = CARTESIAN_POINT('',(-20.34520828106,13.65,81.));
#1444 = CIRCLE('',#1445,24.5);
#1445 = AXIS2_PLACEMENT_3D('',#1446,#1447,#1448);
#1446 = CARTESIAN_POINT('',(0.,0.,81.));
#1447 = DIRECTION('',(0.,0.,1.));
#1448 = DIRECTION('',(-0.689619543736,0.724171861437,0.));
#1449 = ORIENTED_EDGE('',*,*,#1450,.F.);
#1450 = EDGE_CURVE('',#1451,#1442,#1453,.T.);
#1451 = VERTEX_POINT('',#1452);
#1452 = CARTESIAN_POINT('',(-18.9327097902,15.55,81.));
#1453 = CIRCLE('',#1454,24.5);
#1454 = AXIS2_PLACEMENT_3D('',#1455,#1456,#1457);
#1455 = CARTESIAN_POINT('',(0.,0.,81.));
#1456 = DIRECTION('',(0.,0.,1.));
#1457 = DIRECTION('',(-0.689619543736,0.724171861437,0.));
#1458 = ORIENTED_EDGE('',*,*,#1459,.F.);
#1459 = EDGE_CURVE('',#1460,#1451,#1462,.T.);
#1460 = VERTEX_POINT('',#1461);
#1461 = CARTESIAN_POINT('',(-18.24630099499,16.35,81.));
#1462 = CIRCLE('',#1463,24.5);
#1463 = AXIS2_PLACEMENT_3D('',#1464,#1465,#1466);
#1464 = CARTESIAN_POINT('',(0.,0.,81.));
#1465 = DIRECTION('',(0.,0.,1.));
#1466 = DIRECTION('',(-0.689619543736,0.724171861437,0.));
#1467 = ORIENTED_EDGE('',*,*,#1468,.F.);
#1468 = EDGE_CURVE('',#835,#1460,#1469,.T.);
#1469 = LINE('',#1470,#1471);
#1470 = CARTESIAN_POINT('',(-18.24630099499,16.35,-10.));
#1471 = VECTOR('',#1472,1.);
#1472 = DIRECTION('',(0.,0.,1.));
#1473 = CYLINDRICAL_SURFACE('',#1474,24.5);
#1474 = AXIS2_PLACEMENT_3D('',#1475,#1476,#1477);
#1475 = CARTESIAN_POINT('',(0.,0.,-10.));
#1476 = DIRECTION('',(0.,0.,1.));
#1477 = DIRECTION('',(-0.689619543736,0.724171861437,0.));
#1478 = ADVANCED_FACE('',(#1479),#1504,.F.);
#1479 = FACE_BOUND('',#1480,.F.);
#1480 = EDGE_LOOP('',(#1481,#1482,#1490,#1498));
#1481 = ORIENTED_EDGE('',*,*,#900,.F.);
#1482 = ORIENTED_EDGE('',*,*,#1483,.T.);
#1483 = EDGE_CURVE('',#893,#1484,#1486,.T.);
#1484 = VERTEX_POINT('',#1485);
#1485 = CARTESIAN_POINT('',(-18.15,15.55,80.));
#1486 = LINE('',#1487,#1488);
#1487 = CARTESIAN_POINT('',(-18.15,15.55,9.5));
#1488 = VECTOR('',#1489,1.);
#1489 = DIRECTION('',(0.,0.,1.));
#1490 = ORIENTED_EDGE('',*,*,#1491,.T.);
#1491 = EDGE_CURVE('',#1484,#1492,#1494,.T.);
#1492 = VERTEX_POINT('',#1493);
#1493 = CARTESIAN_POINT('',(-17.1,15.55,80.));
#1494 = LINE('',#1495,#1496);
#1495 = CARTESIAN_POINT('',(-26.,15.55,80.));
#1496 = VECTOR('',#1497,1.);
#1497 = DIRECTION('',(1.,0.,0.));
#1498 = ORIENTED_EDGE('',*,*,#1499,.F.);
#1499 = EDGE_CURVE('',#901,#1492,#1500,.T.);
#1500 = LINE('',#1501,#1502);
#1501 = CARTESIAN_POINT('',(-17.1,15.55,9.5));
#1502 = VECTOR('',#1503,1.);
#1503 = DIRECTION('',(0.,0.,1.));
#1504 = PLANE('',#1505);
#1505 = AXIS2_PLACEMENT_3D('',#1506,#1507,#1508);
#1506 = CARTESIAN_POINT('',(-26.,15.55,9.5));
#1507 = DIRECTION('',(0.,1.,0.));
#1508 = DIRECTION('',(0.,0.,1.));
#1509 = ADVANCED_FACE('',(#1510),#1528,.T.);
#1510 = FACE_BOUND('',#1511,.T.);
#1511 = EDGE_LOOP('',(#1512,#1520,#1526,#1527));
#1512 = ORIENTED_EDGE('',*,*,#1513,.T.);
#1513 = EDGE_CURVE('',#1484,#1514,#1516,.T.);
#1514 = VERTEX_POINT('',#1515);
#1515 = CARTESIAN_POINT('',(-18.15,13.65,80.));
#1516 = LINE('',#1517,#1518);
#1517 = CARTESIAN_POINT('',(-18.15,12.85,80.));
#1518 = VECTOR('',#1519,1.);
#1519 = DIRECTION('',(0.,-1.,0.));
#1520 = ORIENTED_EDGE('',*,*,#1521,.T.);
#1521 = EDGE_CURVE('',#1514,#885,#1522,.T.);
#1522 = LINE('',#1523,#1524);
#1523 = CARTESIAN_POINT('',(-18.15,13.65,9.5));
#1524 = VECTOR('',#1525,1.);
#1525 = DIRECTION('',(0.,0.,-1.));
#1526 = ORIENTED_EDGE('',*,*,#892,.F.);
#1527 = ORIENTED_EDGE('',*,*,#1483,.T.);
#1528 = PLANE('',#1529);
#1529 = AXIS2_PLACEMENT_3D('',#1530,#1531,#1532);
#1530 = CARTESIAN_POINT('',(-18.15,12.85,9.5));
#1531 = DIRECTION('',(1.,0.,0.));
#1532 = DIRECTION('',(0.,0.,1.));
#1533 = ADVANCED_FACE('',(#1534),#1568,.T.);
#1534 = FACE_BOUND('',#1535,.T.);
#1535 = EDGE_LOOP('',(#1536,#1537,#1538,#1546,#1554,#1562));
#1536 = ORIENTED_EDGE('',*,*,#884,.F.);
#1537 = ORIENTED_EDGE('',*,*,#1521,.F.);
#1538 = ORIENTED_EDGE('',*,*,#1539,.T.);
#1539 = EDGE_CURVE('',#1514,#1540,#1542,.T.);
#1540 = VERTEX_POINT('',#1541);
#1541 = CARTESIAN_POINT('',(-17.1,13.65,80.));
#1542 = LINE('',#1543,#1544);
#1543 = CARTESIAN_POINT('',(-26.,13.65,80.));
#1544 = VECTOR('',#1545,1.);
#1545 = DIRECTION('',(1.,0.,0.));
#1546 = ORIENTED_EDGE('',*,*,#1547,.F.);
#1547 = EDGE_CURVE('',#1548,#1540,#1550,.T.);
#1548 = VERTEX_POINT('',#1549);
#1549 = CARTESIAN_POINT('',(-17.1,13.65,81.));
#1550 = LINE('',#1551,#1552);
#1551 = CARTESIAN_POINT('',(-17.1,13.65,44.75));
#1552 = VECTOR('',#1553,1.);
#1553 = DIRECTION('',(0.,0.,-1.));
#1554 = ORIENTED_EDGE('',*,*,#1555,.T.);
#1555 = EDGE_CURVE('',#1548,#1556,#1558,.T.);
#1556 = VERTEX_POINT('',#1557);
#1557 = CARTESIAN_POINT('',(-16.6,13.65,81.));
#1558 = LINE('',#1559,#1560);
#1559 = CARTESIAN_POINT('',(-26.,13.65,81.));
#1560 = VECTOR('',#1561,1.);
#1561 = DIRECTION('',(1.,0.,0.));
#1562 = ORIENTED_EDGE('',*,*,#1563,.F.);
#1563 = EDGE_CURVE('',#877,#1556,#1564,.T.);
#1564 = LINE('',#1565,#1566);
#1565 = CARTESIAN_POINT('',(-16.6,13.65,9.5));
#1566 = VECTOR('',#1567,1.);
#1567 = DIRECTION('',(0.,0.,1.));
#1568 = PLANE('',#1569);
#1569 = AXIS2_PLACEMENT_3D('',#1570,#1571,#1572);
#1570 = CARTESIAN_POINT('',(-26.,13.65,9.5));
#1571 = DIRECTION('',(0.,1.,0.));
#1572 = DIRECTION('',(0.,0.,1.));
#1573 = ADVANCED_FACE('',(#1574),#1592,.T.);
#1574 = FACE_BOUND('',#1575,.T.);
#1575 = EDGE_LOOP('',(#1576,#1584,#1585,#1586));
#1576 = ORIENTED_EDGE('',*,*,#1577,.F.);
#1577 = EDGE_CURVE('',#869,#1578,#1580,.T.);
#1578 = VERTEX_POINT('',#1579);
#1579 = CARTESIAN_POINT('',(-16.6,12.85,81.));
#1580 = LINE('',#1581,#1582);
#1581 = CARTESIAN_POINT('',(-16.6,12.85,9.5));
#1582 = VECTOR('',#1583,1.);
#1583 = DIRECTION('',(0.,0.,1.));
#1584 = ORIENTED_EDGE('',*,*,#876,.F.);
#1585 = ORIENTED_EDGE('',*,*,#1563,.T.);
#1586 = ORIENTED_EDGE('',*,*,#1587,.F.);
#1587 = EDGE_CURVE('',#1578,#1556,#1588,.T.);
#1588 = LINE('',#1589,#1590);
#1589 = CARTESIAN_POINT('',(-16.6,12.85,81.));
#1590 = VECTOR('',#1591,1.);
#1591 = DIRECTION('',(0.,1.,0.));
#1592 = PLANE('',#1593);
#1593 = AXIS2_PLACEMENT_3D('',#1594,#1595,#1596);
#1594 = CARTESIAN_POINT('',(-16.6,12.85,9.5));
#1595 = DIRECTION('',(1.,0.,0.));
#1596 = DIRECTION('',(0.,0.,1.));
#1597 = ADVANCED_FACE('',(#1598),#1664,.T.);
#1598 = FACE_BOUND('',#1599,.T.);
#1599 = EDGE_LOOP('',(#1600,#1608,#1609,#1610,#1611,#1619,#1627,#1635,
    #1643,#1649,#1650,#1658));
#1600 = ORIENTED_EDGE('',*,*,#1601,.F.);
#1601 = EDGE_CURVE('',#1189,#1602,#1604,.T.);
#1602 = VERTEX_POINT('',#1603);
#1603 = CARTESIAN_POINT('',(-14.,5.9,74.));
#1604 = LINE('',#1605,#1606);
#1605 = CARTESIAN_POINT('',(-14.,5.9,70.));
#1606 = VECTOR('',#1607,1.);
#1607 = DIRECTION('',(0.,0.,1.));
#1608 = ORIENTED_EDGE('',*,*,#1198,.F.);
#1609 = ORIENTED_EDGE('',*,*,#1091,.T.);
#1610 = ORIENTED_EDGE('',*,*,#1346,.T.);
#1611 = ORIENTED_EDGE('',*,*,#1612,.T.);
#1612 = EDGE_CURVE('',#1347,#1613,#1615,.T.);
#1613 = VERTEX_POINT('',#1614);
#1614 = CARTESIAN_POINT('',(-6.5,5.9,80.));
#1615 = LINE('',#1616,#1617);
#1616 = CARTESIAN_POINT('',(-6.5,5.9,71.8));
#1617 = VECTOR('',#1618,1.);
#1618 = DIRECTION('',(0.,0.,-1.));
#1619 = ORIENTED_EDGE('',*,*,#1620,.F.);
#1620 = EDGE_CURVE('',#1621,#1613,#1623,.T.);
#1621 = VERTEX_POINT('',#1622);
#1622 = CARTESIAN_POINT('',(-10.5,5.9,80.));
#1623 = LINE('',#1624,#1625);
#1624 = CARTESIAN_POINT('',(-15.,5.9,80.));
#1625 = VECTOR('',#1626,1.);
#1626 = DIRECTION('',(1.,0.,0.));
#1627 = ORIENTED_EDGE('',*,*,#1628,.T.);
#1628 = EDGE_CURVE('',#1621,#1629,#1631,.T.);
#1629 = VERTEX_POINT('',#1630);
#1630 = CARTESIAN_POINT('',(-10.5,5.9,75.5));
#1631 = LINE('',#1632,#1633);
#1632 = CARTESIAN_POINT('',(-10.5,5.9,73.9));
#1633 = VECTOR('',#1634,1.);
#1634 = DIRECTION('',(0.,0.,-1.));
#1635 = ORIENTED_EDGE('',*,*,#1636,.T.);
#1636 = EDGE_CURVE('',#1629,#1637,#1639,.T.);
#1637 = VERTEX_POINT('',#1638);
#1638 = CARTESIAN_POINT('',(-6.5,5.9,75.5));
#1639 = LINE('',#1640,#1641);
#1640 = CARTESIAN_POINT('',(-15.,5.9,75.5));
#1641 = VECTOR('',#1642,1.);
#1642 = DIRECTION('',(1.,0.,0.));
#1643 = ORIENTED_EDGE('',*,*,#1644,.T.);
#1644 = EDGE_CURVE('',#1637,#1294,#1645,.T.);
#1645 = LINE('',#1646,#1647);
#1646 = CARTESIAN_POINT('',(-6.5,5.9,71.8));
#1647 = VECTOR('',#1648,1.);
#1648 = DIRECTION('',(0.,0.,-1.));
#1649 = ORIENTED_EDGE('',*,*,#1301,.F.);
#1650 = ORIENTED_EDGE('',*,*,#1651,.T.);
#1651 = EDGE_CURVE('',#1191,#1652,#1654,.T.);
#1652 = VERTEX_POINT('',#1653);
#1653 = CARTESIAN_POINT('',(-9.5,5.9,74.));
#1654 = LINE('',#1655,#1656);
#1655 = CARTESIAN_POINT('',(-9.5,5.9,70.));
#1656 = VECTOR('',#1657,1.);
#1657 = DIRECTION('',(0.,0.,1.));
#1658 = ORIENTED_EDGE('',*,*,#1659,.F.);
#1659 = EDGE_CURVE('',#1602,#1652,#1660,.T.);
#1660 = LINE('',#1661,#1662);
#1661 = CARTESIAN_POINT('',(-14.,5.9,74.));
#1662 = VECTOR('',#1663,1.);
#1663 = DIRECTION('',(1.,0.,0.));
#1664 = PLANE('',#1665);
#1665 = AXIS2_PLACEMENT_3D('',#1666,#1667,#1668);
#1666 = CARTESIAN_POINT('',(-19.5,5.9,72.3));
#1667 = DIRECTION('',(0.,1.,0.));
#1668 = DIRECTION('',(0.,0.,1.));
#1669 = ADVANCED_FACE('',(#1670),#1695,.F.);
#1670 = FACE_BOUND('',#1671,.F.);
#1671 = EDGE_LOOP('',(#1672,#1673,#1681,#1689));
#1672 = ORIENTED_EDGE('',*,*,#1067,.T.);
#1673 = ORIENTED_EDGE('',*,*,#1674,.T.);
#1674 = EDGE_CURVE('',#1068,#1675,#1677,.T.);
#1675 = VERTEX_POINT('',#1676);
#1676 = CARTESIAN_POINT('',(-18.,4.3,91.));
#1677 = LINE('',#1678,#1679);
#1678 = CARTESIAN_POINT('',(-20.,4.3,91.));
#1679 = VECTOR('',#1680,1.);
#1680 = DIRECTION('',(1.,0.,0.));
#1681 = ORIENTED_EDGE('',*,*,#1682,.T.);
#1682 = EDGE_CURVE('',#1675,#1683,#1685,.T.);
#1683 = VERTEX_POINT('',#1684);
#1684 = CARTESIAN_POINT('',(-18.,12.86,91.));
#1685 = LINE('',#1686,#1687);
#1686 = CARTESIAN_POINT('',(-18.,4.3,91.));
#1687 = VECTOR('',#1688,1.);
#1688 = DIRECTION('',(0.,1.,0.));
#1689 = ORIENTED_EDGE('',*,*,#1690,.F.);
#1690 = EDGE_CURVE('',#1060,#1683,#1691,.T.);
#1691 = LINE('',#1692,#1693);
#1692 = CARTESIAN_POINT('',(-20.,12.86,91.));
#1693 = VECTOR('',#1694,1.);
#1694 = DIRECTION('',(1.,0.,0.));
#1695 = PLANE('',#1696);
#1696 = AXIS2_PLACEMENT_3D('',#1697,#1698,#1699);
#1697 = CARTESIAN_POINT('',(-20.,4.3,91.));
#1698 = DIRECTION('',(0.,0.,1.));
#1699 = DIRECTION('',(1.,0.,0.));
#1700 = ADVANCED_FACE('',(#1701),#1749,.F.);
#1701 = FACE_BOUND('',#1702,.F.);
#1702 = EDGE_LOOP('',(#1703,#1709,#1710,#1718,#1726,#1734,#1742,#1748));
#1703 = ORIENTED_EDGE('',*,*,#1704,.F.);
#1704 = EDGE_CURVE('',#1149,#134,#1705,.T.);
#1705 = LINE('',#1706,#1707);
#1706 = CARTESIAN_POINT('',(-19.01,7.7,16.2));
#1707 = VECTOR('',#1708,1.);
#1708 = DIRECTION('',(1.,0.,0.));
#1709 = ORIENTED_EDGE('',*,*,#1148,.T.);
#1710 = ORIENTED_EDGE('',*,*,#1711,.T.);
#1711 = EDGE_CURVE('',#1151,#1712,#1714,.T.);
#1712 = VERTEX_POINT('',#1713);
#1713 = CARTESIAN_POINT('',(-16.5,4.5,16.2));
#1714 = LINE('',#1715,#1716);
#1715 = CARTESIAN_POINT('',(-19.01,4.5,16.2));
#1716 = VECTOR('',#1717,1.);
#1717 = DIRECTION('',(1.,0.,0.));
#1718 = ORIENTED_EDGE('',*,*,#1719,.T.);
#1719 = EDGE_CURVE('',#1712,#1720,#1722,.T.);
#1720 = VERTEX_POINT('',#1721);
#1721 = CARTESIAN_POINT('',(-16.5,4.9,16.2));
#1722 = LINE('',#1723,#1724);
#1723 = CARTESIAN_POINT('',(-16.5,4.,16.2));
#1724 = VECTOR('',#1725,1.);
#1725 = DIRECTION('',(0.,1.,0.));
#1726 = ORIENTED_EDGE('',*,*,#1727,.T.);
#1727 = EDGE_CURVE('',#1720,#1728,#1730,.T.);
#1728 = VERTEX_POINT('',#1729);
#1729 = CARTESIAN_POINT('',(-18.25,4.9,16.2));
#1730 = LINE('',#1731,#1732);
#1731 = CARTESIAN_POINT('',(-18.63,4.9,16.2));
#1732 = VECTOR('',#1733,1.);
#1733 = DIRECTION('',(-1.,0.,0.));
#1734 = ORIENTED_EDGE('',*,*,#1735,.T.);
#1735 = EDGE_CURVE('',#1728,#1736,#1738,.T.);
#1736 = VERTEX_POINT('',#1737);
#1737 = CARTESIAN_POINT('',(-18.25,7.2,16.2));
#1738 = LINE('',#1739,#1740);
#1739 = CARTESIAN_POINT('',(-18.25,5.55,16.2));
#1740 = VECTOR('',#1741,1.);
#1741 = DIRECTION('',(0.,1.,0.));
#1742 = ORIENTED_EDGE('',*,*,#1743,.F.);
#1743 = EDGE_CURVE('',#126,#1736,#1744,.T.);
#1744 = LINE('',#1745,#1746);
#1745 = CARTESIAN_POINT('',(-18.63,7.2,16.2));
#1746 = VECTOR('',#1747,1.);
#1747 = DIRECTION('',(-1.,0.,0.));
#1748 = ORIENTED_EDGE('',*,*,#133,.T.);
#1749 = PLANE('',#1750);
#1750 = AXIS2_PLACEMENT_3D('',#1751,#1752,#1753);
#1751 = CARTESIAN_POINT('',(-19.01,4.5,16.2));
#1752 = DIRECTION('',(0.,0.,1.));
#1753 = DIRECTION('',(1.,0.,0.));
#1754 = ADVANCED_FACE('',(#1755),#1780,.F.);
#1755 = FACE_BOUND('',#1756,.F.);
#1756 = EDGE_LOOP('',(#1757,#1765,#1773,#1779));
#1757 = ORIENTED_EDGE('',*,*,#1758,.F.);
#1758 = EDGE_CURVE('',#1759,#1191,#1761,.T.);
#1759 = VERTEX_POINT('',#1760);
#1760 = CARTESIAN_POINT('',(-9.5,5.9,70.));
#1761 = LINE('',#1762,#1763);
#1762 = CARTESIAN_POINT('',(-9.5,5.9,70.));
#1763 = VECTOR('',#1764,1.);
#1764 = DIRECTION('',(0.,0.,1.));
#1765 = ORIENTED_EDGE('',*,*,#1766,.F.);
#1766 = EDGE_CURVE('',#1767,#1759,#1769,.T.);
#1767 = VERTEX_POINT('',#1768);
#1768 = CARTESIAN_POINT('',(-14.,5.9,70.));
#1769 = LINE('',#1770,#1771);
#1770 = CARTESIAN_POINT('',(-14.,5.9,70.));
#1771 = VECTOR('',#1772,1.);
#1772 = DIRECTION('',(1.,0.,0.));
#1773 = ORIENTED_EDGE('',*,*,#1774,.T.);
#1774 = EDGE_CURVE('',#1767,#1189,#1775,.T.);
#1775 = LINE('',#1776,#1777);
#1776 = CARTESIAN_POINT('',(-14.,5.9,70.));
#1777 = VECTOR('',#1778,1.);
#1778 = DIRECTION('',(0.,0.,1.));
#1779 = ORIENTED_EDGE('',*,*,#1188,.T.);
#1780 = PLANE('',#1781);
#1781 = AXIS2_PLACEMENT_3D('',#1782,#1783,#1784);
#1782 = CARTESIAN_POINT('',(-14.,5.9,70.));
#1783 = DIRECTION('',(0.,1.,0.));
#1784 = DIRECTION('',(0.,0.,1.));
#1785 = ADVANCED_FACE('',(#1786),#1804,.T.);
#1786 = FACE_BOUND('',#1787,.T.);
#1787 = EDGE_LOOP('',(#1788,#1796,#1797,#1798));
#1788 = ORIENTED_EDGE('',*,*,#1789,.F.);
#1789 = EDGE_CURVE('',#1286,#1790,#1792,.T.);
#1790 = VERTEX_POINT('',#1791);
#1791 = CARTESIAN_POINT('',(-6.5,5.,75.5));
#1792 = LINE('',#1793,#1794);
#1793 = CARTESIAN_POINT('',(-6.5,5.,71.3));
#1794 = VECTOR('',#1795,1.);
#1795 = DIRECTION('',(0.,0.,1.));
#1796 = ORIENTED_EDGE('',*,*,#1293,.T.);
#1797 = ORIENTED_EDGE('',*,*,#1644,.F.);
#1798 = ORIENTED_EDGE('',*,*,#1799,.T.);
#1799 = EDGE_CURVE('',#1637,#1790,#1800,.T.);
#1800 = LINE('',#1801,#1802);
#1801 = CARTESIAN_POINT('',(-6.5,3.,75.5));
#1802 = VECTOR('',#1803,1.);
#1803 = DIRECTION('',(0.,-1.,0.));
#1804 = PLANE('',#1805);
#1805 = AXIS2_PLACEMENT_3D('',#1806,#1807,#1808);
#1806 = CARTESIAN_POINT('',(-6.5,5.,71.3));
#1807 = DIRECTION('',(1.,0.,0.));
#1808 = DIRECTION('',(0.,0.,1.));
#1809 = ADVANCED_FACE('',(#1810),#1828,.T.);
#1810 = FACE_BOUND('',#1811,.T.);
#1811 = EDGE_LOOP('',(#1812,#1820,#1821,#1822));
#1812 = ORIENTED_EDGE('',*,*,#1813,.F.);
#1813 = EDGE_CURVE('',#1278,#1814,#1816,.T.);
#1814 = VERTEX_POINT('',#1815);
#1815 = CARTESIAN_POINT('',(4.1,5.,75.5));
#1816 = LINE('',#1817,#1818);
#1817 = CARTESIAN_POINT('',(4.1,5.,71.3));
#1818 = VECTOR('',#1819,1.);
#1819 = DIRECTION('',(0.,0.,1.));
#1820 = ORIENTED_EDGE('',*,*,#1285,.T.);
#1821 = ORIENTED_EDGE('',*,*,#1789,.T.);
#1822 = ORIENTED_EDGE('',*,*,#1823,.T.);
#1823 = EDGE_CURVE('',#1790,#1814,#1824,.T.);
#1824 = LINE('',#1825,#1826);
#1825 = CARTESIAN_POINT('',(-8.5,5.,75.5));
#1826 = VECTOR('',#1827,1.);
#1827 = DIRECTION('',(1.,0.,0.));
#1828 = PLANE('',#1829);
#1829 = AXIS2_PLACEMENT_3D('',#1830,#1831,#1832);
#1830 = CARTESIAN_POINT('',(-6.5,5.,71.3));
#1831 = DIRECTION('',(0.,1.,0.));
#1832 = DIRECTION('',(0.,0.,1.));
#1833 = ADVANCED_FACE('',(#1834),#1852,.F.);
#1834 = FACE_BOUND('',#1835,.F.);
#1835 = EDGE_LOOP('',(#1836,#1837,#1838,#1846));
#1836 = ORIENTED_EDGE('',*,*,#1813,.F.);
#1837 = ORIENTED_EDGE('',*,*,#1277,.T.);
#1838 = ORIENTED_EDGE('',*,*,#1839,.F.);
#1839 = EDGE_CURVE('',#1840,#1270,#1842,.T.);
#1840 = VERTEX_POINT('',#1841);
#1841 = CARTESIAN_POINT('',(4.1,5.9,75.5));
#1842 = LINE('',#1843,#1844);
#1843 = CARTESIAN_POINT('',(4.1,5.9,71.8));
#1844 = VECTOR('',#1845,1.);
#1845 = DIRECTION('',(0.,0.,-1.));
#1846 = ORIENTED_EDGE('',*,*,#1847,.T.);
#1847 = EDGE_CURVE('',#1840,#1814,#1848,.T.);
#1848 = LINE('',#1849,#1850);
#1849 = CARTESIAN_POINT('',(4.1,3.,75.5));
#1850 = VECTOR('',#1851,1.);
#1851 = DIRECTION('',(0.,-1.,0.));
#1852 = PLANE('',#1853);
#1853 = AXIS2_PLACEMENT_3D('',#1854,#1855,#1856);
#1854 = CARTESIAN_POINT('',(4.1,5.,71.3));
#1855 = DIRECTION('',(1.,0.,0.));
#1856 = DIRECTION('',(0.,0.,1.));
#1857 = ADVANCED_FACE('',(#1858),#1922,.T.);
#1858 = FACE_BOUND('',#1859,.T.);
#1859 = EDGE_LOOP('',(#1860,#1861,#1862,#1870,#1878,#1886,#1892,#1893,
    #1899,#1900,#1908,#1916));
#1860 = ORIENTED_EDGE('',*,*,#1269,.F.);
#1861 = ORIENTED_EDGE('',*,*,#1839,.F.);
#1862 = ORIENTED_EDGE('',*,*,#1863,.T.);
#1863 = EDGE_CURVE('',#1840,#1864,#1866,.T.);
#1864 = VERTEX_POINT('',#1865);
#1865 = CARTESIAN_POINT('',(8.5,5.9,75.5));
#1866 = LINE('',#1867,#1868);
#1867 = CARTESIAN_POINT('',(-15.,5.9,75.5));
#1868 = VECTOR('',#1869,1.);
#1869 = DIRECTION('',(1.,0.,0.));
#1870 = ORIENTED_EDGE('',*,*,#1871,.F.);
#1871 = EDGE_CURVE('',#1872,#1864,#1874,.T.);
#1872 = VERTEX_POINT('',#1873);
#1873 = CARTESIAN_POINT('',(8.5,5.9,80.));
#1874 = LINE('',#1875,#1876);
#1875 = CARTESIAN_POINT('',(8.5,5.9,73.9));
#1876 = VECTOR('',#1877,1.);
#1877 = DIRECTION('',(0.,0.,-1.));
#1878 = ORIENTED_EDGE('',*,*,#1879,.F.);
#1879 = EDGE_CURVE('',#1880,#1872,#1882,.T.);
#1880 = VERTEX_POINT('',#1881);
#1881 = CARTESIAN_POINT('',(4.1,5.9,80.));
#1882 = LINE('',#1883,#1884);
#1883 = CARTESIAN_POINT('',(-15.,5.9,80.));
#1884 = VECTOR('',#1885,1.);
#1885 = DIRECTION('',(1.,0.,0.));
#1886 = ORIENTED_EDGE('',*,*,#1887,.F.);
#1887 = EDGE_CURVE('',#1395,#1880,#1888,.T.);
#1888 = LINE('',#1889,#1890);
#1889 = CARTESIAN_POINT('',(4.1,5.9,71.8));
#1890 = VECTOR('',#1891,1.);
#1891 = DIRECTION('',(0.,0.,-1.));
#1892 = ORIENTED_EDGE('',*,*,#1394,.T.);
#1893 = ORIENTED_EDGE('',*,*,#1894,.F.);
#1894 = EDGE_CURVE('',#1246,#1387,#1895,.T.);
#1895 = LINE('',#1896,#1897);
#1896 = CARTESIAN_POINT('',(19.,5.9,40.9));
#1897 = VECTOR('',#1898,1.);
#1898 = DIRECTION('',(0.,0.,1.));
#1899 = ORIENTED_EDGE('',*,*,#1253,.F.);
#1900 = ORIENTED_EDGE('',*,*,#1901,.T.);
#1901 = EDGE_CURVE('',#1254,#1902,#1904,.T.);
#1902 = VERTEX_POINT('',#1903);
#1903 = CARTESIAN_POINT('',(14.,5.9,74.));
#1904 = LINE('',#1905,#1906);
#1905 = CARTESIAN_POINT('',(14.,5.9,70.));
#1906 = VECTOR('',#1907,1.);
#1907 = DIRECTION('',(0.,0.,1.));
#1908 = ORIENTED_EDGE('',*,*,#1909,.F.);
#1909 = EDGE_CURVE('',#1910,#1902,#1912,.T.);
#1910 = VERTEX_POINT('',#1911);
#1911 = CARTESIAN_POINT('',(9.5,5.9,74.));
#1912 = LINE('',#1913,#1914);
#1913 = CARTESIAN_POINT('',(9.5,5.9,74.));
#1914 = VECTOR('',#1915,1.);
#1915 = DIRECTION('',(1.,0.,0.));
#1916 = ORIENTED_EDGE('',*,*,#1917,.F.);
#1917 = EDGE_CURVE('',#1262,#1910,#1918,.T.);
#1918 = LINE('',#1919,#1920);
#1919 = CARTESIAN_POINT('',(9.5,5.9,70.));
#1920 = VECTOR('',#1921,1.);
#1921 = DIRECTION('',(0.,0.,1.));
#1922 = PLANE('',#1923);
#1923 = AXIS2_PLACEMENT_3D('',#1924,#1925,#1926);
#1924 = CARTESIAN_POINT('',(-19.5,5.9,72.3));
#1925 = DIRECTION('',(0.,1.,0.));
#1926 = DIRECTION('',(0.,0.,1.));
#1927 = ADVANCED_FACE('',(#1928),#1953,.F.);
#1928 = FACE_BOUND('',#1929,.F.);
#1929 = EDGE_LOOP('',(#1930,#1938,#1946,#1952));
#1930 = ORIENTED_EDGE('',*,*,#1931,.F.);
#1931 = EDGE_CURVE('',#1932,#1254,#1934,.T.);
#1932 = VERTEX_POINT('',#1933);
#1933 = CARTESIAN_POINT('',(14.,5.9,70.));
#1934 = LINE('',#1935,#1936);
#1935 = CARTESIAN_POINT('',(14.,5.9,70.));
#1936 = VECTOR('',#1937,1.);
#1937 = DIRECTION('',(0.,0.,1.));
#1938 = ORIENTED_EDGE('',*,*,#1939,.F.);
#1939 = EDGE_CURVE('',#1940,#1932,#1942,.T.);
#1940 = VERTEX_POINT('',#1941);
#1941 = CARTESIAN_POINT('',(9.5,5.9,70.));
#1942 = LINE('',#1943,#1944);
#1943 = CARTESIAN_POINT('',(9.5,5.9,70.));
#1944 = VECTOR('',#1945,1.);
#1945 = DIRECTION('',(1.,0.,0.));
#1946 = ORIENTED_EDGE('',*,*,#1947,.T.);
#1947 = EDGE_CURVE('',#1940,#1262,#1948,.T.);
#1948 = LINE('',#1949,#1950);
#1949 = CARTESIAN_POINT('',(9.5,5.9,70.));
#1950 = VECTOR('',#1951,1.);
#1951 = DIRECTION('',(0.,0.,1.));
#1952 = ORIENTED_EDGE('',*,*,#1261,.T.);
#1953 = PLANE('',#1954);
#1954 = AXIS2_PLACEMENT_3D('',#1955,#1956,#1957);
#1955 = CARTESIAN_POINT('',(9.5,5.9,70.));
#1956 = DIRECTION('',(0.,1.,0.));
#1957 = DIRECTION('',(0.,0.,1.));
#1958 = ADVANCED_FACE('',(#1959,#2041),#2066,.F.);
#1959 = FACE_BOUND('',#1960,.F.);
#1960 = EDGE_LOOP('',(#1961,#1971,#1977,#1978,#1979,#1980,#1988,#1996,
    #2004,#2012,#2020,#2028,#2034,#2035));
#1961 = ORIENTED_EDGE('',*,*,#1962,.T.);
#1962 = EDGE_CURVE('',#1963,#1965,#1967,.T.);
#1963 = VERTEX_POINT('',#1964);
#1964 = CARTESIAN_POINT('',(19.,12.86,91.));
#1965 = VERTEX_POINT('',#1966);
#1966 = CARTESIAN_POINT('',(19.,4.3,91.));
#1967 = LINE('',#1968,#1969);
#1968 = CARTESIAN_POINT('',(19.,4.3,91.));
#1969 = VECTOR('',#1970,1.);
#1970 = DIRECTION('',(0.,-1.,0.));
#1971 = ORIENTED_EDGE('',*,*,#1972,.F.);
#1972 = EDGE_CURVE('',#1379,#1965,#1973,.T.);
#1973 = LINE('',#1974,#1975);
#1974 = CARTESIAN_POINT('',(19.,4.3,9.5));
#1975 = VECTOR('',#1976,1.);
#1976 = DIRECTION('',(0.,0.,1.));
#1977 = ORIENTED_EDGE('',*,*,#1386,.F.);
#1978 = ORIENTED_EDGE('',*,*,#1894,.F.);
#1979 = ORIENTED_EDGE('',*,*,#1245,.T.);
#1980 = ORIENTED_EDGE('',*,*,#1981,.F.);
#1981 = EDGE_CURVE('',#1982,#1238,#1984,.T.);
#1982 = VERTEX_POINT('',#1983);
#1983 = CARTESIAN_POINT('',(19.,4.3,9.5));
#1984 = LINE('',#1985,#1986);
#1985 = CARTESIAN_POINT('',(19.,4.3,9.5));
#1986 = VECTOR('',#1987,1.);
#1987 = DIRECTION('',(0.,0.,1.));
#1988 = ORIENTED_EDGE('',*,*,#1989,.T.);
#1989 = EDGE_CURVE('',#1982,#1990,#1992,.T.);
#1990 = VERTEX_POINT('',#1991);
#1991 = CARTESIAN_POINT('',(19.,12.85,9.5));
#1992 = LINE('',#1993,#1994);
#1993 = CARTESIAN_POINT('',(19.,4.3,9.5));
#1994 = VECTOR('',#1995,1.);
#1995 = DIRECTION('',(0.,1.,0.));
#1996 = ORIENTED_EDGE('',*,*,#1997,.F.);
#1997 = EDGE_CURVE('',#1998,#1990,#2000,.T.);
#1998 = VERTEX_POINT('',#1999);
#1999 = CARTESIAN_POINT('',(19.,12.85,18.2));
#2000 = LINE('',#2001,#2002);
#2001 = CARTESIAN_POINT('',(19.,12.85,9.5));
#2002 = VECTOR('',#2003,1.);
#2003 = DIRECTION('',(0.,0.,-1.));
#2004 = ORIENTED_EDGE('',*,*,#2005,.T.);
#2005 = EDGE_CURVE('',#1998,#2006,#2008,.T.);
#2006 = VERTEX_POINT('',#2007);
#2007 = CARTESIAN_POINT('',(19.,12.86,18.2));
#2008 = LINE('',#2009,#2010);
#2009 = CARTESIAN_POINT('',(19.,8.575,18.2));
#2010 = VECTOR('',#2011,1.);
#2011 = DIRECTION('',(0.,1.,0.));
#2012 = ORIENTED_EDGE('',*,*,#2013,.T.);
#2013 = EDGE_CURVE('',#2006,#2014,#2016,.T.);
#2014 = VERTEX_POINT('',#2015);
#2015 = CARTESIAN_POINT('',(19.,12.86,46.3));
#2016 = LINE('',#2017,#2018);
#2017 = CARTESIAN_POINT('',(19.,12.86,9.5));
#2018 = VECTOR('',#2019,1.);
#2019 = DIRECTION('',(0.,0.,1.));
#2020 = ORIENTED_EDGE('',*,*,#2021,.F.);
#2021 = EDGE_CURVE('',#2022,#2014,#2024,.T.);
#2022 = VERTEX_POINT('',#2023);
#2023 = CARTESIAN_POINT('',(19.,12.85,46.3));
#2024 = LINE('',#2025,#2026);
#2025 = CARTESIAN_POINT('',(19.,8.575,46.3));
#2026 = VECTOR('',#2027,1.);
#2027 = DIRECTION('',(0.,1.,0.));
#2028 = ORIENTED_EDGE('',*,*,#2029,.F.);
#2029 = EDGE_CURVE('',#586,#2022,#2030,.T.);
#2030 = LINE('',#2031,#2032);
#2031 = CARTESIAN_POINT('',(19.,12.85,44.75));
#2032 = VECTOR('',#2033,1.);
#2033 = DIRECTION('',(0.,0.,-1.));
#2034 = ORIENTED_EDGE('',*,*,#593,.T.);
#2035 = ORIENTED_EDGE('',*,*,#2036,.T.);
#2036 = EDGE_CURVE('',#594,#1963,#2037,.T.);
#2037 = LINE('',#2038,#2039);
#2038 = CARTESIAN_POINT('',(19.,12.86,9.5));
#2039 = VECTOR('',#2040,1.);
#2040 = DIRECTION('',(0.,0.,1.));
#2041 = FACE_BOUND('',#2042,.F.);
#2042 = EDGE_LOOP('',(#2043,#2044,#2052,#2060));
#2043 = ORIENTED_EDGE('',*,*,#387,.T.);
#2044 = ORIENTED_EDGE('',*,*,#2045,.T.);
#2045 = EDGE_CURVE('',#388,#2046,#2048,.T.);
#2046 = VERTEX_POINT('',#2047);
#2047 = CARTESIAN_POINT('',(19.,4.5,70.));
#2048 = LINE('',#2049,#2050);
#2049 = CARTESIAN_POINT('',(19.,4.5,12.85));
#2050 = VECTOR('',#2051,1.);
#2051 = DIRECTION('',(0.,0.,1.));
#2052 = ORIENTED_EDGE('',*,*,#2053,.F.);
#2053 = EDGE_CURVE('',#2054,#2046,#2056,.T.);
#2054 = VERTEX_POINT('',#2055);
#2055 = CARTESIAN_POINT('',(19.,7.7,70.));
#2056 = LINE('',#2057,#2058);
#2057 = CARTESIAN_POINT('',(19.,4.4,70.));
#2058 = VECTOR('',#2059,1.);
#2059 = DIRECTION('',(0.,-1.,0.));
#2060 = ORIENTED_EDGE('',*,*,#2061,.F.);
#2061 = EDGE_CURVE('',#380,#2054,#2062,.T.);
#2062 = LINE('',#2063,#2064);
#2063 = CARTESIAN_POINT('',(19.,7.7,12.85));
#2064 = VECTOR('',#2065,1.);
#2065 = DIRECTION('',(0.,0.,1.));
#2066 = PLANE('',#2067);
#2067 = AXIS2_PLACEMENT_3D('',#2068,#2069,#2070);
#2068 = CARTESIAN_POINT('',(19.,4.3,9.5));
#2069 = DIRECTION('',(1.,0.,0.));
#2070 = DIRECTION('',(0.,0.,1.));
#2071 = ADVANCED_FACE('',(#2072),#2088,.T.);
#2072 = FACE_BOUND('',#2073,.T.);
#2073 = EDGE_LOOP('',(#2074,#2075,#2081,#2082));
#2074 = ORIENTED_EDGE('',*,*,#1370,.F.);
#2075 = ORIENTED_EDGE('',*,*,#2076,.F.);
#2076 = EDGE_CURVE('',#1222,#1363,#2077,.T.);
#2077 = LINE('',#2078,#2079);
#2078 = CARTESIAN_POINT('',(19.5,2.,72.3));
#2079 = VECTOR('',#2080,1.);
#2080 = DIRECTION('',(0.,0.,1.));
#2081 = ORIENTED_EDGE('',*,*,#1229,.T.);
#2082 = ORIENTED_EDGE('',*,*,#2083,.F.);
#2083 = EDGE_CURVE('',#1371,#1230,#2084,.T.);
#2084 = LINE('',#2085,#2086);
#2085 = CARTESIAN_POINT('',(19.5,4.3,40.9));
#2086 = VECTOR('',#2087,1.);
#2087 = DIRECTION('',(0.,0.,-1.));
#2088 = PLANE('',#2089);
#2089 = AXIS2_PLACEMENT_3D('',#2090,#2091,#2092);
#2090 = CARTESIAN_POINT('',(19.5,2.,72.3));
#2091 = DIRECTION('',(1.,0.,0.));
#2092 = DIRECTION('',(0.,0.,1.));
#2093 = ADVANCED_FACE('',(#2094,#2100),#2134,.F.);
#2094 = FACE_BOUND('',#2095,.F.);
#2095 = EDGE_LOOP('',(#2096,#2097,#2098,#2099));
#2096 = ORIENTED_EDGE('',*,*,#1221,.F.);
#2097 = ORIENTED_EDGE('',*,*,#1325,.T.);
#2098 = ORIENTED_EDGE('',*,*,#1362,.T.);
#2099 = ORIENTED_EDGE('',*,*,#2076,.F.);
#2100 = FACE_BOUND('',#2101,.F.);
#2101 = EDGE_LOOP('',(#2102,#2112,#2120,#2128));
#2102 = ORIENTED_EDGE('',*,*,#2103,.F.);
#2103 = EDGE_CURVE('',#2104,#2106,#2108,.T.);
#2104 = VERTEX_POINT('',#2105);
#2105 = CARTESIAN_POINT('',(-10.5,2.,80.));
#2106 = VERTEX_POINT('',#2107);
#2107 = CARTESIAN_POINT('',(8.5,2.,80.));
#2108 = LINE('',#2109,#2110);
#2109 = CARTESIAN_POINT('',(-15.,2.,80.));
#2110 = VECTOR('',#2111,1.);
#2111 = DIRECTION('',(1.,0.,0.));
#2112 = ORIENTED_EDGE('',*,*,#2113,.T.);
#2113 = EDGE_CURVE('',#2104,#2114,#2116,.T.);
#2114 = VERTEX_POINT('',#2115);
#2115 = CARTESIAN_POINT('',(-10.5,2.,75.5));
#2116 = LINE('',#2117,#2118);
#2117 = CARTESIAN_POINT('',(-10.5,2.,73.9));
#2118 = VECTOR('',#2119,1.);
#2119 = DIRECTION('',(0.,0.,-1.));
#2120 = ORIENTED_EDGE('',*,*,#2121,.T.);
#2121 = EDGE_CURVE('',#2114,#2122,#2124,.T.);
#2122 = VERTEX_POINT('',#2123);
#2123 = CARTESIAN_POINT('',(8.5,2.,75.5));
#2124 = LINE('',#2125,#2126);
#2125 = CARTESIAN_POINT('',(-15.,2.,75.5));
#2126 = VECTOR('',#2127,1.);
#2127 = DIRECTION('',(1.,0.,0.));
#2128 = ORIENTED_EDGE('',*,*,#2129,.F.);
#2129 = EDGE_CURVE('',#2106,#2122,#2130,.T.);
#2130 = LINE('',#2131,#2132);
#2131 = CARTESIAN_POINT('',(8.5,2.,73.9));
#2132 = VECTOR('',#2133,1.);
#2133 = DIRECTION('',(0.,0.,-1.));
#2134 = PLANE('',#2135);
#2135 = AXIS2_PLACEMENT_3D('',#2136,#2137,#2138);
#2136 = CARTESIAN_POINT('',(-19.5,2.,72.3));
#2137 = DIRECTION('',(0.,1.,0.));
#2138 = DIRECTION('',(0.,0.,1.));
#2139 = ADVANCED_FACE('',(#2140),#2158,.T.);
#2140 = FACE_BOUND('',#2141,.T.);
#2141 = EDGE_LOOP('',(#2142,#2150,#2156,#2157));
#2142 = ORIENTED_EDGE('',*,*,#2143,.F.);
#2143 = EDGE_CURVE('',#2144,#1411,#2146,.T.);
#2144 = VERTEX_POINT('',#2145);
#2145 = CARTESIAN_POINT('',(-6.5,5.,80.));
#2146 = LINE('',#2147,#2148);
#2147 = CARTESIAN_POINT('',(-6.5,5.,71.3));
#2148 = VECTOR('',#2149,1.);
#2149 = DIRECTION('',(0.,0.,1.));
#2150 = ORIENTED_EDGE('',*,*,#2151,.F.);
#2151 = EDGE_CURVE('',#1613,#2144,#2152,.T.);
#2152 = LINE('',#2153,#2154);
#2153 = CARTESIAN_POINT('',(-6.5,3.,80.));
#2154 = VECTOR('',#2155,1.);
#2155 = DIRECTION('',(0.,-1.,0.));
#2156 = ORIENTED_EDGE('',*,*,#1612,.F.);
#2157 = ORIENTED_EDGE('',*,*,#1418,.F.);
#2158 = PLANE('',#2159);
#2159 = AXIS2_PLACEMENT_3D('',#2160,#2161,#2162);
#2160 = CARTESIAN_POINT('',(-6.5,5.,71.3));
#2161 = DIRECTION('',(1.,0.,0.));
#2162 = DIRECTION('',(0.,0.,1.));
#2163 = ADVANCED_FACE('',(#2164),#2182,.T.);
#2164 = FACE_BOUND('',#2165,.T.);
#2165 = EDGE_LOOP('',(#2166,#2174,#2180,#2181));
#2166 = ORIENTED_EDGE('',*,*,#2167,.F.);
#2167 = EDGE_CURVE('',#2168,#1403,#2170,.T.);
#2168 = VERTEX_POINT('',#2169);
#2169 = CARTESIAN_POINT('',(4.1,5.,80.));
#2170 = LINE('',#2171,#2172);
#2171 = CARTESIAN_POINT('',(4.1,5.,71.3));
#2172 = VECTOR('',#2173,1.);
#2173 = DIRECTION('',(0.,0.,1.));
#2174 = ORIENTED_EDGE('',*,*,#2175,.F.);
#2175 = EDGE_CURVE('',#2144,#2168,#2176,.T.);
#2176 = LINE('',#2177,#2178);
#2177 = CARTESIAN_POINT('',(-8.5,5.,80.));
#2178 = VECTOR('',#2179,1.);
#2179 = DIRECTION('',(1.,0.,0.));
#2180 = ORIENTED_EDGE('',*,*,#2143,.T.);
#2181 = ORIENTED_EDGE('',*,*,#1410,.F.);
#2182 = PLANE('',#2183);
#2183 = AXIS2_PLACEMENT_3D('',#2184,#2185,#2186);
#2184 = CARTESIAN_POINT('',(-6.5,5.,71.3));
#2185 = DIRECTION('',(0.,1.,0.));
#2186 = DIRECTION('',(0.,0.,1.));
#2187 = ADVANCED_FACE('',(#2188),#2199,.F.);
#2188 = FACE_BOUND('',#2189,.F.);
#2189 = EDGE_LOOP('',(#2190,#2191,#2197,#2198));
#2190 = ORIENTED_EDGE('',*,*,#2167,.F.);
#2191 = ORIENTED_EDGE('',*,*,#2192,.F.);
#2192 = EDGE_CURVE('',#1880,#2168,#2193,.T.);
#2193 = LINE('',#2194,#2195);
#2194 = CARTESIAN_POINT('',(4.1,3.,80.));
#2195 = VECTOR('',#2196,1.);
#2196 = DIRECTION('',(0.,-1.,0.));
#2197 = ORIENTED_EDGE('',*,*,#1887,.F.);
#2198 = ORIENTED_EDGE('',*,*,#1402,.F.);
#2199 = PLANE('',#2200);
#2200 = AXIS2_PLACEMENT_3D('',#2201,#2202,#2203);
#2201 = CARTESIAN_POINT('',(4.1,5.,71.3));
#2202 = DIRECTION('',(1.,0.,0.));
#2203 = DIRECTION('',(0.,0.,1.));
#2204 = ADVANCED_FACE('',(#2205,#2230),#2241,.T.);
#2205 = FACE_BOUND('',#2206,.T.);
#2206 = EDGE_LOOP('',(#2207,#2215,#2216,#2224));
#2207 = ORIENTED_EDGE('',*,*,#2208,.F.);
#2208 = EDGE_CURVE('',#1675,#2209,#2211,.T.);
#2209 = VERTEX_POINT('',#2210);
#2210 = CARTESIAN_POINT('',(-18.,4.3,95.7));
#2211 = LINE('',#2212,#2213);
#2212 = CARTESIAN_POINT('',(-18.,4.3,91.));
#2213 = VECTOR('',#2214,1.);
#2214 = DIRECTION('',(0.,0.,1.));
#2215 = ORIENTED_EDGE('',*,*,#1682,.T.);
#2216 = ORIENTED_EDGE('',*,*,#2217,.T.);
#2217 = EDGE_CURVE('',#1683,#2218,#2220,.T.);
#2218 = VERTEX_POINT('',#2219);
#2219 = CARTESIAN_POINT('',(-18.,12.86,95.7));
#2220 = LINE('',#2221,#2222);
#2221 = CARTESIAN_POINT('',(-18.,12.86,91.));
#2222 = VECTOR('',#2223,1.);
#2223 = DIRECTION('',(0.,0.,1.));
#2224 = ORIENTED_EDGE('',*,*,#2225,.F.);
#2225 = EDGE_CURVE('',#2209,#2218,#2226,.T.);
#2226 = LINE('',#2227,#2228);
#2227 = CARTESIAN_POINT('',(-18.,4.3,95.7));
#2228 = VECTOR('',#2229,1.);
#2229 = DIRECTION('',(0.,1.,0.));
#2230 = FACE_BOUND('',#2231,.T.);
#2231 = EDGE_LOOP('',(#2232));
#2232 = ORIENTED_EDGE('',*,*,#2233,.F.);
#2233 = EDGE_CURVE('',#2234,#2234,#2236,.T.);
#2234 = VERTEX_POINT('',#2235);
#2235 = CARTESIAN_POINT('',(-18.,8.5,94.75));
#2236 = CIRCLE('',#2237,1.25);
#2237 = AXIS2_PLACEMENT_3D('',#2238,#2239,#2240);
#2238 = CARTESIAN_POINT('',(-18.,8.5,93.5));
#2239 = DIRECTION('',(1.,0.,-0.));
#2240 = DIRECTION('',(0.,0.,1.));
#2241 = PLANE('',#2242);
#2242 = AXIS2_PLACEMENT_3D('',#2243,#2244,#2245);
#2243 = CARTESIAN_POINT('',(-18.,4.3,91.));
#2244 = DIRECTION('',(1.,0.,0.));
#2245 = DIRECTION('',(0.,0.,1.));
#2246 = ADVANCED_FACE('',(#2247),#2266,.F.);
#2247 = FACE_BOUND('',#2248,.F.);
#2248 = EDGE_LOOP('',(#2249,#2250,#2258,#2265));
#2249 = ORIENTED_EDGE('',*,*,#2233,.F.);
#2250 = ORIENTED_EDGE('',*,*,#2251,.F.);
#2251 = EDGE_CURVE('',#2252,#2234,#2254,.T.);
#2252 = VERTEX_POINT('',#2253);
#2253 = CARTESIAN_POINT('',(-20.,8.5,94.75));
#2254 = LINE('',#2255,#2256);
#2255 = CARTESIAN_POINT('',(-30.,8.5,94.75));
#2256 = VECTOR('',#2257,1.);
#2257 = DIRECTION('',(1.,0.,0.));
#2258 = ORIENTED_EDGE('',*,*,#2259,.T.);
#2259 = EDGE_CURVE('',#2252,#2252,#2260,.T.);
#2260 = CIRCLE('',#2261,1.25);
#2261 = AXIS2_PLACEMENT_3D('',#2262,#2263,#2264);
#2262 = CARTESIAN_POINT('',(-20.,8.5,93.5));
#2263 = DIRECTION('',(1.,0.,-0.));
#2264 = DIRECTION('',(0.,0.,1.));
#2265 = ORIENTED_EDGE('',*,*,#2251,.T.);
#2266 = CYLINDRICAL_SURFACE('',#2267,1.25);
#2267 = AXIS2_PLACEMENT_3D('',#2268,#2269,#2270);
#2268 = CARTESIAN_POINT('',(-30.,8.5,93.5));
#2269 = DIRECTION('',(1.,0.,0.));
#2270 = DIRECTION('',(0.,0.,1.));
#2271 = ADVANCED_FACE('',(#2272),#2283,.F.);
#2272 = FACE_BOUND('',#2273,.F.);
#2273 = EDGE_LOOP('',(#2274,#2275,#2276,#2282));
#2274 = ORIENTED_EDGE('',*,*,#1513,.T.);
#2275 = ORIENTED_EDGE('',*,*,#1539,.T.);
#2276 = ORIENTED_EDGE('',*,*,#2277,.T.);
#2277 = EDGE_CURVE('',#1540,#1492,#2278,.T.);
#2278 = LINE('',#2279,#2280);
#2279 = CARTESIAN_POINT('',(-17.1,12.85,80.));
#2280 = VECTOR('',#2281,1.);
#2281 = DIRECTION('',(0.,1.,0.));
#2282 = ORIENTED_EDGE('',*,*,#1491,.F.);
#2283 = PLANE('',#2284);
#2284 = AXIS2_PLACEMENT_3D('',#2285,#2286,#2287);
#2285 = CARTESIAN_POINT('',(-26.,12.85,80.));
#2286 = DIRECTION('',(0.,0.,1.));
#2287 = DIRECTION('',(1.,0.,0.));
#2288 = ADVANCED_FACE('',(#2289),#2331,.F.);
#2289 = FACE_BOUND('',#2290,.F.);
#2290 = EDGE_LOOP('',(#2291,#2292,#2300,#2308,#2316,#2324,#2330));
#2291 = ORIENTED_EDGE('',*,*,#1774,.F.);
#2292 = ORIENTED_EDGE('',*,*,#2293,.T.);
#2293 = EDGE_CURVE('',#1767,#2294,#2296,.T.);
#2294 = VERTEX_POINT('',#2295);
#2295 = CARTESIAN_POINT('',(-14.,8.,70.));
#2296 = LINE('',#2297,#2298);
#2297 = CARTESIAN_POINT('',(-14.,5.9,70.));
#2298 = VECTOR('',#2299,1.);
#2299 = DIRECTION('',(0.,1.,0.));
#2300 = ORIENTED_EDGE('',*,*,#2301,.F.);
#2301 = EDGE_CURVE('',#2302,#2294,#2304,.T.);
#2302 = VERTEX_POINT('',#2303);
#2303 = CARTESIAN_POINT('',(-14.,8.,71.289724735885));
#2304 = LINE('',#2305,#2306);
#2305 = CARTESIAN_POINT('',(-14.,8.,70.1));
#2306 = VECTOR('',#2307,1.);
#2307 = DIRECTION('',(0.,0.,-1.));
#2308 = ORIENTED_EDGE('',*,*,#2309,.T.);
#2309 = EDGE_CURVE('',#2302,#2310,#2312,.T.);
#2310 = VERTEX_POINT('',#2311);
#2311 = CARTESIAN_POINT('',(-14.,8.2,71.289724735885));
#2312 = LINE('',#2313,#2314);
#2313 = CARTESIAN_POINT('',(-14.,8.,71.289724735885));
#2314 = VECTOR('',#2315,1.);
#2315 = DIRECTION('',(0.,1.,0.));
#2316 = ORIENTED_EDGE('',*,*,#2317,.T.);
#2317 = EDGE_CURVE('',#2310,#2318,#2320,.T.);
#2318 = VERTEX_POINT('',#2319);
#2319 = CARTESIAN_POINT('',(-14.,8.2,74.));
#2320 = LINE('',#2321,#2322);
#2321 = CARTESIAN_POINT('',(-14.,8.2,70.));
#2322 = VECTOR('',#2323,1.);
#2323 = DIRECTION('',(0.,0.,1.));
#2324 = ORIENTED_EDGE('',*,*,#2325,.F.);
#2325 = EDGE_CURVE('',#1602,#2318,#2326,.T.);
#2326 = LINE('',#2327,#2328);
#2327 = CARTESIAN_POINT('',(-14.,5.9,74.));
#2328 = VECTOR('',#2329,1.);
#2329 = DIRECTION('',(0.,1.,0.));
#2330 = ORIENTED_EDGE('',*,*,#1601,.F.);
#2331 = PLANE('',#2332);
#2332 = AXIS2_PLACEMENT_3D('',#2333,#2334,#2335);
#2333 = CARTESIAN_POINT('',(-14.,5.9,70.));
#2334 = DIRECTION('',(1.,0.,0.));
#2335 = DIRECTION('',(0.,0.,1.));
#2336 = ADVANCED_FACE('',(#2337),#2355,.T.);
#2337 = FACE_BOUND('',#2338,.T.);
#2338 = EDGE_LOOP('',(#2339,#2340,#2341,#2349));
#2339 = ORIENTED_EDGE('',*,*,#2325,.F.);
#2340 = ORIENTED_EDGE('',*,*,#1659,.T.);
#2341 = ORIENTED_EDGE('',*,*,#2342,.T.);
#2342 = EDGE_CURVE('',#1652,#2343,#2345,.T.);
#2343 = VERTEX_POINT('',#2344);
#2344 = CARTESIAN_POINT('',(-9.5,8.2,74.));
#2345 = LINE('',#2346,#2347);
#2346 = CARTESIAN_POINT('',(-9.5,5.9,74.));
#2347 = VECTOR('',#2348,1.);
#2348 = DIRECTION('',(0.,1.,0.));
#2349 = ORIENTED_EDGE('',*,*,#2350,.F.);
#2350 = EDGE_CURVE('',#2318,#2343,#2351,.T.);
#2351 = LINE('',#2352,#2353);
#2352 = CARTESIAN_POINT('',(-14.,8.2,74.));
#2353 = VECTOR('',#2354,1.);
#2354 = DIRECTION('',(1.,0.,0.));
#2355 = PLANE('',#2356);
#2356 = AXIS2_PLACEMENT_3D('',#2357,#2358,#2359);
#2357 = CARTESIAN_POINT('',(-14.,5.9,74.));
#2358 = DIRECTION('',(0.,0.,1.));
#2359 = DIRECTION('',(1.,0.,0.));
#2360 = ADVANCED_FACE('',(#2361),#2396,.T.);
#2361 = FACE_BOUND('',#2362,.T.);
#2362 = EDGE_LOOP('',(#2363,#2364,#2372,#2380,#2388,#2394,#2395));
#2363 = ORIENTED_EDGE('',*,*,#1758,.F.);
#2364 = ORIENTED_EDGE('',*,*,#2365,.T.);
#2365 = EDGE_CURVE('',#1759,#2366,#2368,.T.);
#2366 = VERTEX_POINT('',#2367);
#2367 = CARTESIAN_POINT('',(-9.5,8.,70.));
#2368 = LINE('',#2369,#2370);
#2369 = CARTESIAN_POINT('',(-9.5,5.9,70.));
#2370 = VECTOR('',#2371,1.);
#2371 = DIRECTION('',(0.,1.,0.));
#2372 = ORIENTED_EDGE('',*,*,#2373,.F.);
#2373 = EDGE_CURVE('',#2374,#2366,#2376,.T.);
#2374 = VERTEX_POINT('',#2375);
#2375 = CARTESIAN_POINT('',(-9.5,8.,71.289724735885));
#2376 = LINE('',#2377,#2378);
#2377 = CARTESIAN_POINT('',(-9.5,8.,70.1));
#2378 = VECTOR('',#2379,1.);
#2379 = DIRECTION('',(0.,0.,-1.));
#2380 = ORIENTED_EDGE('',*,*,#2381,.T.);
#2381 = EDGE_CURVE('',#2374,#2382,#2384,.T.);
#2382 = VERTEX_POINT('',#2383);
#2383 = CARTESIAN_POINT('',(-9.5,8.2,71.289724735885));
#2384 = LINE('',#2385,#2386);
#2385 = CARTESIAN_POINT('',(-9.5,8.,71.289724735885));
#2386 = VECTOR('',#2387,1.);
#2387 = DIRECTION('',(0.,1.,0.));
#2388 = ORIENTED_EDGE('',*,*,#2389,.T.);
#2389 = EDGE_CURVE('',#2382,#2343,#2390,.T.);
#2390 = LINE('',#2391,#2392);
#2391 = CARTESIAN_POINT('',(-9.5,8.2,70.));
#2392 = VECTOR('',#2393,1.);
#2393 = DIRECTION('',(0.,0.,1.));
#2394 = ORIENTED_EDGE('',*,*,#2342,.F.);
#2395 = ORIENTED_EDGE('',*,*,#1651,.F.);
#2396 = PLANE('',#2397);
#2397 = AXIS2_PLACEMENT_3D('',#2398,#2399,#2400);
#2398 = CARTESIAN_POINT('',(-9.5,5.9,70.));
#2399 = DIRECTION('',(1.,0.,0.));
#2400 = DIRECTION('',(0.,0.,1.));
#2401 = ADVANCED_FACE('',(#2402),#2422,.T.);
#2402 = FACE_BOUND('',#2403,.T.);
#2403 = EDGE_LOOP('',(#2404,#2410,#2411,#2417,#2418,#2419,#2420,#2421));
#2404 = ORIENTED_EDGE('',*,*,#2405,.F.);
#2405 = EDGE_CURVE('',#2114,#1629,#2406,.T.);
#2406 = LINE('',#2407,#2408);
#2407 = CARTESIAN_POINT('',(-10.5,1.,75.5));
#2408 = VECTOR('',#2409,1.);
#2409 = DIRECTION('',(0.,1.,0.));
#2410 = ORIENTED_EDGE('',*,*,#2121,.T.);
#2411 = ORIENTED_EDGE('',*,*,#2412,.T.);
#2412 = EDGE_CURVE('',#2122,#1864,#2413,.T.);
#2413 = LINE('',#2414,#2415);
#2414 = CARTESIAN_POINT('',(8.5,1.,75.5));
#2415 = VECTOR('',#2416,1.);
#2416 = DIRECTION('',(0.,1.,0.));
#2417 = ORIENTED_EDGE('',*,*,#1863,.F.);
#2418 = ORIENTED_EDGE('',*,*,#1847,.T.);
#2419 = ORIENTED_EDGE('',*,*,#1823,.F.);
#2420 = ORIENTED_EDGE('',*,*,#1799,.F.);
#2421 = ORIENTED_EDGE('',*,*,#1636,.F.);
#2422 = PLANE('',#2423);
#2423 = AXIS2_PLACEMENT_3D('',#2424,#2425,#2426);
#2424 = CARTESIAN_POINT('',(-10.5,1.,75.5));
#2425 = DIRECTION('',(0.,0.,1.));
#2426 = DIRECTION('',(1.,0.,0.));
#2427 = ADVANCED_FACE('',(#2428),#2439,.T.);
#2428 = FACE_BOUND('',#2429,.T.);
#2429 = EDGE_LOOP('',(#2430,#2436,#2437,#2438));
#2430 = ORIENTED_EDGE('',*,*,#2431,.F.);
#2431 = EDGE_CURVE('',#2104,#1621,#2432,.T.);
#2432 = LINE('',#2433,#2434);
#2433 = CARTESIAN_POINT('',(-10.5,1.,80.));
#2434 = VECTOR('',#2435,1.);
#2435 = DIRECTION('',(0.,1.,0.));
#2436 = ORIENTED_EDGE('',*,*,#2113,.T.);
#2437 = ORIENTED_EDGE('',*,*,#2405,.T.);
#2438 = ORIENTED_EDGE('',*,*,#1628,.F.);
#2439 = PLANE('',#2440);
#2440 = AXIS2_PLACEMENT_3D('',#2441,#2442,#2443);
#2441 = CARTESIAN_POINT('',(-10.5,1.,75.5));
#2442 = DIRECTION('',(1.,0.,0.));
#2443 = DIRECTION('',(0.,0.,1.));
#2444 = ADVANCED_FACE('',(#2445),#2460,.F.);
#2445 = FACE_BOUND('',#2446,.F.);
#2446 = EDGE_LOOP('',(#2447,#2448,#2449,#2455,#2456,#2457,#2458,#2459));
#2447 = ORIENTED_EDGE('',*,*,#2431,.F.);
#2448 = ORIENTED_EDGE('',*,*,#2103,.T.);
#2449 = ORIENTED_EDGE('',*,*,#2450,.T.);
#2450 = EDGE_CURVE('',#2106,#1872,#2451,.T.);
#2451 = LINE('',#2452,#2453);
#2452 = CARTESIAN_POINT('',(8.5,1.,80.));
#2453 = VECTOR('',#2454,1.);
#2454 = DIRECTION('',(0.,1.,0.));
#2455 = ORIENTED_EDGE('',*,*,#1879,.F.);
#2456 = ORIENTED_EDGE('',*,*,#2192,.T.);
#2457 = ORIENTED_EDGE('',*,*,#2175,.F.);
#2458 = ORIENTED_EDGE('',*,*,#2151,.F.);
#2459 = ORIENTED_EDGE('',*,*,#1620,.F.);
#2460 = PLANE('',#2461);
#2461 = AXIS2_PLACEMENT_3D('',#2462,#2463,#2464);
#2462 = CARTESIAN_POINT('',(-10.5,1.,80.));
#2463 = DIRECTION('',(0.,0.,1.));
#2464 = DIRECTION('',(1.,0.,0.));
#2465 = ADVANCED_FACE('',(#2466),#2507,.T.);
#2466 = FACE_BOUND('',#2467,.T.);
#2467 = EDGE_LOOP('',(#2468,#2478,#2484,#2485,#2493,#2501));
#2468 = ORIENTED_EDGE('',*,*,#2469,.F.);
#2469 = EDGE_CURVE('',#2470,#2472,#2474,.T.);
#2470 = VERTEX_POINT('',#2471);
#2471 = CARTESIAN_POINT('',(-16.5,4.5,40.6));
#2472 = VERTEX_POINT('',#2473);
#2473 = CARTESIAN_POINT('',(-16.5,5.45,40.6));
#2474 = LINE('',#2475,#2476);
#2475 = CARTESIAN_POINT('',(-16.5,3.5,40.6));
#2476 = VECTOR('',#2477,1.);
#2477 = DIRECTION('',(0.,1.,0.));
#2478 = ORIENTED_EDGE('',*,*,#2479,.T.);
#2479 = EDGE_CURVE('',#2470,#1712,#2480,.T.);
#2480 = LINE('',#2481,#2482);
#2481 = CARTESIAN_POINT('',(-16.5,4.5,8.1));
#2482 = VECTOR('',#2483,1.);
#2483 = DIRECTION('',(0.,0.,-1.));
#2484 = ORIENTED_EDGE('',*,*,#1719,.T.);
#2485 = ORIENTED_EDGE('',*,*,#2486,.T.);
#2486 = EDGE_CURVE('',#1720,#2487,#2489,.T.);
#2487 = VERTEX_POINT('',#2488);
#2488 = CARTESIAN_POINT('',(-16.5,4.9,26.6));
#2489 = LINE('',#2490,#2491);
#2490 = CARTESIAN_POINT('',(-16.5,4.9,7.5));
#2491 = VECTOR('',#2492,1.);
#2492 = DIRECTION('',(0.,0.,1.));
#2493 = ORIENTED_EDGE('',*,*,#2494,.F.);
#2494 = EDGE_CURVE('',#2495,#2487,#2497,.T.);
#2495 = VERTEX_POINT('',#2496);
#2496 = CARTESIAN_POINT('',(-16.5,5.45,26.6));
#2497 = LINE('',#2498,#2499);
#2498 = CARTESIAN_POINT('',(-16.5,4.2,26.6));
#2499 = VECTOR('',#2500,1.);
#2500 = DIRECTION('',(0.,-1.,0.));
#2501 = ORIENTED_EDGE('',*,*,#2502,.T.);
#2502 = EDGE_CURVE('',#2495,#2472,#2503,.T.);
#2503 = LINE('',#2504,#2505);
#2504 = CARTESIAN_POINT('',(-16.5,5.45,0.));
#2505 = VECTOR('',#2506,1.);
#2506 = DIRECTION('',(0.,0.,1.));
#2507 = PLANE('',#2508);
#2508 = AXIS2_PLACEMENT_3D('',#2509,#2510,#2511);
#2509 = CARTESIAN_POINT('',(-16.5,3.5,0.));
#2510 = DIRECTION('',(1.,0.,0.));
#2511 = DIRECTION('',(0.,0.,1.));
#2512 = ADVANCED_FACE('',(#2513),#2524,.F.);
#2513 = FACE_BOUND('',#2514,.F.);
#2514 = EDGE_LOOP('',(#2515,#2516,#2517,#2518));
#2515 = ORIENTED_EDGE('',*,*,#2293,.F.);
#2516 = ORIENTED_EDGE('',*,*,#1766,.T.);
#2517 = ORIENTED_EDGE('',*,*,#2365,.T.);
#2518 = ORIENTED_EDGE('',*,*,#2519,.F.);
#2519 = EDGE_CURVE('',#2294,#2366,#2520,.T.);
#2520 = LINE('',#2521,#2522);
#2521 = CARTESIAN_POINT('',(-12.875,8.,70.));
#2522 = VECTOR('',#2523,1.);
#2523 = DIRECTION('',(1.,0.,0.));
#2524 = PLANE('',#2525);
#2525 = AXIS2_PLACEMENT_3D('',#2526,#2527,#2528);
#2526 = CARTESIAN_POINT('',(-14.,5.9,70.));
#2527 = DIRECTION('',(0.,0.,1.));
#2528 = DIRECTION('',(1.,0.,0.));
#2529 = ADVANCED_FACE('',(#2530),#2572,.F.);
#2530 = FACE_BOUND('',#2531,.F.);
#2531 = EDGE_LOOP('',(#2532,#2533,#2541,#2549,#2557,#2565,#2571));
#2532 = ORIENTED_EDGE('',*,*,#1947,.F.);
#2533 = ORIENTED_EDGE('',*,*,#2534,.T.);
#2534 = EDGE_CURVE('',#1940,#2535,#2537,.T.);
#2535 = VERTEX_POINT('',#2536);
#2536 = CARTESIAN_POINT('',(9.5,8.,70.));
#2537 = LINE('',#2538,#2539);
#2538 = CARTESIAN_POINT('',(9.5,5.9,70.));
#2539 = VECTOR('',#2540,1.);
#2540 = DIRECTION('',(0.,1.,0.));
#2541 = ORIENTED_EDGE('',*,*,#2542,.F.);
#2542 = EDGE_CURVE('',#2543,#2535,#2545,.T.);
#2543 = VERTEX_POINT('',#2544);
#2544 = CARTESIAN_POINT('',(9.5,8.,71.289724735885));
#2545 = LINE('',#2546,#2547);
#2546 = CARTESIAN_POINT('',(9.5,8.,70.1));
#2547 = VECTOR('',#2548,1.);
#2548 = DIRECTION('',(0.,0.,-1.));
#2549 = ORIENTED_EDGE('',*,*,#2550,.T.);
#2550 = EDGE_CURVE('',#2543,#2551,#2553,.T.);
#2551 = VERTEX_POINT('',#2552);
#2552 = CARTESIAN_POINT('',(9.5,8.2,71.289724735885));
#2553 = LINE('',#2554,#2555);
#2554 = CARTESIAN_POINT('',(9.5,8.,71.289724735885));
#2555 = VECTOR('',#2556,1.);
#2556 = DIRECTION('',(0.,1.,0.));
#2557 = ORIENTED_EDGE('',*,*,#2558,.T.);
#2558 = EDGE_CURVE('',#2551,#2559,#2561,.T.);
#2559 = VERTEX_POINT('',#2560);
#2560 = CARTESIAN_POINT('',(9.5,8.2,74.));
#2561 = LINE('',#2562,#2563);
#2562 = CARTESIAN_POINT('',(9.5,8.2,70.));
#2563 = VECTOR('',#2564,1.);
#2564 = DIRECTION('',(0.,0.,1.));
#2565 = ORIENTED_EDGE('',*,*,#2566,.F.);
#2566 = EDGE_CURVE('',#1910,#2559,#2567,.T.);
#2567 = LINE('',#2568,#2569);
#2568 = CARTESIAN_POINT('',(9.5,5.9,74.));
#2569 = VECTOR('',#2570,1.);
#2570 = DIRECTION('',(0.,1.,0.));
#2571 = ORIENTED_EDGE('',*,*,#1917,.F.);
#2572 = PLANE('',#2573);
#2573 = AXIS2_PLACEMENT_3D('',#2574,#2575,#2576);
#2574 = CARTESIAN_POINT('',(9.5,5.9,70.));
#2575 = DIRECTION('',(1.,0.,0.));
#2576 = DIRECTION('',(0.,0.,1.));
#2577 = ADVANCED_FACE('',(#2578),#2596,.T.);
#2578 = FACE_BOUND('',#2579,.T.);
#2579 = EDGE_LOOP('',(#2580,#2581,#2582,#2590));
#2580 = ORIENTED_EDGE('',*,*,#2566,.F.);
#2581 = ORIENTED_EDGE('',*,*,#1909,.T.);
#2582 = ORIENTED_EDGE('',*,*,#2583,.T.);
#2583 = EDGE_CURVE('',#1902,#2584,#2586,.T.);
#2584 = VERTEX_POINT('',#2585);
#2585 = CARTESIAN_POINT('',(14.,8.2,74.));
#2586 = LINE('',#2587,#2588);
#2587 = CARTESIAN_POINT('',(14.,5.9,74.));
#2588 = VECTOR('',#2589,1.);
#2589 = DIRECTION('',(0.,1.,0.));
#2590 = ORIENTED_EDGE('',*,*,#2591,.F.);
#2591 = EDGE_CURVE('',#2559,#2584,#2592,.T.);
#2592 = LINE('',#2593,#2594);
#2593 = CARTESIAN_POINT('',(9.5,8.2,74.));
#2594 = VECTOR('',#2595,1.);
#2595 = DIRECTION('',(1.,0.,0.));
#2596 = PLANE('',#2597);
#2597 = AXIS2_PLACEMENT_3D('',#2598,#2599,#2600);
#2598 = CARTESIAN_POINT('',(9.5,5.9,74.));
#2599 = DIRECTION('',(0.,0.,1.));
#2600 = DIRECTION('',(1.,0.,0.));
#2601 = ADVANCED_FACE('',(#2602),#2637,.T.);
#2602 = FACE_BOUND('',#2603,.T.);
#2603 = EDGE_LOOP('',(#2604,#2605,#2613,#2621,#2629,#2635,#2636));
#2604 = ORIENTED_EDGE('',*,*,#1931,.F.);
#2605 = ORIENTED_EDGE('',*,*,#2606,.T.);
#2606 = EDGE_CURVE('',#1932,#2607,#2609,.T.);
#2607 = VERTEX_POINT('',#2608);
#2608 = CARTESIAN_POINT('',(14.,8.,70.));
#2609 = LINE('',#2610,#2611);
#2610 = CARTESIAN_POINT('',(14.,5.9,70.));
#2611 = VECTOR('',#2612,1.);
#2612 = DIRECTION('',(0.,1.,0.));
#2613 = ORIENTED_EDGE('',*,*,#2614,.F.);
#2614 = EDGE_CURVE('',#2615,#2607,#2617,.T.);
#2615 = VERTEX_POINT('',#2616);
#2616 = CARTESIAN_POINT('',(14.,8.,71.289724735885));
#2617 = LINE('',#2618,#2619);
#2618 = CARTESIAN_POINT('',(14.,8.,70.1));
#2619 = VECTOR('',#2620,1.);
#2620 = DIRECTION('',(0.,0.,-1.));
#2621 = ORIENTED_EDGE('',*,*,#2622,.T.);
#2622 = EDGE_CURVE('',#2615,#2623,#2625,.T.);
#2623 = VERTEX_POINT('',#2624);
#2624 = CARTESIAN_POINT('',(14.,8.2,71.289724735885));
#2625 = LINE('',#2626,#2627);
#2626 = CARTESIAN_POINT('',(14.,8.,71.289724735885));
#2627 = VECTOR('',#2628,1.);
#2628 = DIRECTION('',(0.,1.,0.));
#2629 = ORIENTED_EDGE('',*,*,#2630,.T.);
#2630 = EDGE_CURVE('',#2623,#2584,#2631,.T.);
#2631 = LINE('',#2632,#2633);
#2632 = CARTESIAN_POINT('',(14.,8.2,70.));
#2633 = VECTOR('',#2634,1.);
#2634 = DIRECTION('',(0.,0.,1.));
#2635 = ORIENTED_EDGE('',*,*,#2583,.F.);
#2636 = ORIENTED_EDGE('',*,*,#1901,.F.);
#2637 = PLANE('',#2638);
#2638 = AXIS2_PLACEMENT_3D('',#2639,#2640,#2641);
#2639 = CARTESIAN_POINT('',(14.,5.9,70.));
#2640 = DIRECTION('',(1.,0.,0.));
#2641 = DIRECTION('',(0.,0.,1.));
#2642 = ADVANCED_FACE('',(#2643),#2649,.F.);
#2643 = FACE_BOUND('',#2644,.F.);
#2644 = EDGE_LOOP('',(#2645,#2646,#2647,#2648));
#2645 = ORIENTED_EDGE('',*,*,#2450,.F.);
#2646 = ORIENTED_EDGE('',*,*,#2129,.T.);
#2647 = ORIENTED_EDGE('',*,*,#2412,.T.);
#2648 = ORIENTED_EDGE('',*,*,#1871,.F.);
#2649 = PLANE('',#2650);
#2650 = AXIS2_PLACEMENT_3D('',#2651,#2652,#2653);
#2651 = CARTESIAN_POINT('',(8.5,1.,75.5));
#2652 = DIRECTION('',(1.,0.,0.));
#2653 = DIRECTION('',(0.,0.,1.));
#2654 = ADVANCED_FACE('',(#2655),#2666,.F.);
#2655 = FACE_BOUND('',#2656,.F.);
#2656 = EDGE_LOOP('',(#2657,#2658,#2659,#2660));
#2657 = ORIENTED_EDGE('',*,*,#2534,.F.);
#2658 = ORIENTED_EDGE('',*,*,#1939,.T.);
#2659 = ORIENTED_EDGE('',*,*,#2606,.T.);
#2660 = ORIENTED_EDGE('',*,*,#2661,.F.);
#2661 = EDGE_CURVE('',#2535,#2607,#2662,.T.);
#2662 = LINE('',#2663,#2664);
#2663 = CARTESIAN_POINT('',(10.625,8.,70.));
#2664 = VECTOR('',#2665,1.);
#2665 = DIRECTION('',(1.,0.,0.));
#2666 = PLANE('',#2667);
#2667 = AXIS2_PLACEMENT_3D('',#2668,#2669,#2670);
#2668 = CARTESIAN_POINT('',(9.5,5.9,70.));
#2669 = DIRECTION('',(0.,0.,1.));
#2670 = DIRECTION('',(1.,0.,0.));
#2671 = ADVANCED_FACE('',(#2672),#2697,.F.);
#2672 = FACE_BOUND('',#2673,.F.);
#2673 = EDGE_LOOP('',(#2674,#2682,#2690,#2696));
#2674 = ORIENTED_EDGE('',*,*,#2675,.F.);
#2675 = EDGE_CURVE('',#2676,#1963,#2678,.T.);
#2676 = VERTEX_POINT('',#2677);
#2677 = CARTESIAN_POINT('',(18.,12.86,91.));
#2678 = LINE('',#2679,#2680);
#2679 = CARTESIAN_POINT('',(18.,12.86,91.));
#2680 = VECTOR('',#2681,1.);
#2681 = DIRECTION('',(1.,0.,0.));
#2682 = ORIENTED_EDGE('',*,*,#2683,.F.);
#2683 = EDGE_CURVE('',#2684,#2676,#2686,.T.);
#2684 = VERTEX_POINT('',#2685);
#2685 = CARTESIAN_POINT('',(18.,4.3,91.));
#2686 = LINE('',#2687,#2688);
#2687 = CARTESIAN_POINT('',(18.,4.3,91.));
#2688 = VECTOR('',#2689,1.);
#2689 = DIRECTION('',(0.,1.,0.));
#2690 = ORIENTED_EDGE('',*,*,#2691,.T.);
#2691 = EDGE_CURVE('',#2684,#1965,#2692,.T.);
#2692 = LINE('',#2693,#2694);
#2693 = CARTESIAN_POINT('',(18.,4.3,91.));
#2694 = VECTOR('',#2695,1.);
#2695 = DIRECTION('',(1.,0.,0.));
#2696 = ORIENTED_EDGE('',*,*,#1962,.F.);
#2697 = PLANE('',#2698);
#2698 = AXIS2_PLACEMENT_3D('',#2699,#2700,#2701);
#2699 = CARTESIAN_POINT('',(18.,4.3,91.));
#2700 = DIRECTION('',(0.,0.,1.));
#2701 = DIRECTION('',(1.,0.,0.));
#2702 = ADVANCED_FACE('',(#2703),#2728,.T.);
#2703 = FACE_BOUND('',#2704,.T.);
#2704 = EDGE_LOOP('',(#2705,#2713,#2714,#2722));
#2705 = ORIENTED_EDGE('',*,*,#2706,.T.);
#2706 = EDGE_CURVE('',#2707,#2006,#2709,.T.);
#2707 = VERTEX_POINT('',#2708);
#2708 = CARTESIAN_POINT('',(20.,12.86,18.2));
#2709 = LINE('',#2710,#2711);
#2710 = CARTESIAN_POINT('',(18.575,12.86,18.2));
#2711 = VECTOR('',#2712,1.);
#2712 = DIRECTION('',(-1.,0.,0.));
#2713 = ORIENTED_EDGE('',*,*,#2013,.T.);
#2714 = ORIENTED_EDGE('',*,*,#2715,.F.);
#2715 = EDGE_CURVE('',#2716,#2014,#2718,.T.);
#2716 = VERTEX_POINT('',#2717);
#2717 = CARTESIAN_POINT('',(20.,12.86,46.3));
#2718 = LINE('',#2719,#2720);
#2719 = CARTESIAN_POINT('',(18.575,12.86,46.3));
#2720 = VECTOR('',#2721,1.);
#2721 = DIRECTION('',(-1.,0.,0.));
#2722 = ORIENTED_EDGE('',*,*,#2723,.F.);
#2723 = EDGE_CURVE('',#2707,#2716,#2724,.T.);
#2724 = LINE('',#2725,#2726);
#2725 = CARTESIAN_POINT('',(20.,12.86,9.5));
#2726 = VECTOR('',#2727,1.);
#2727 = DIRECTION('',(0.,0.,1.));
#2728 = PLANE('',#2729);
#2729 = AXIS2_PLACEMENT_3D('',#2730,#2731,#2732);
#2730 = CARTESIAN_POINT('',(19.,12.86,9.5));
#2731 = DIRECTION('',(0.,1.,0.));
#2732 = DIRECTION('',(0.,0.,1.));
#2733 = ADVANCED_FACE('',(#2734),#2755,.T.);
#2734 = FACE_BOUND('',#2735,.T.);
#2735 = EDGE_LOOP('',(#2736,#2737,#2746,#2753,#2754));
#2736 = ORIENTED_EDGE('',*,*,#2389,.F.);
#2737 = ORIENTED_EDGE('',*,*,#2738,.F.);
#2738 = EDGE_CURVE('',#2739,#2382,#2741,.T.);
#2739 = VERTEX_POINT('',#2740);
#2740 = CARTESIAN_POINT('',(-11.75,8.2,72.7));
#2741 = CIRCLE('',#2742,2.5);
#2742 = AXIS2_PLACEMENT_3D('',#2743,#2744,#2745);
#2743 = CARTESIAN_POINT('',(-11.75,8.2,70.2));
#2744 = DIRECTION('',(0.,1.,0.));
#2745 = DIRECTION('',(0.,0.,1.));
#2746 = ORIENTED_EDGE('',*,*,#2747,.F.);
#2747 = EDGE_CURVE('',#2310,#2739,#2748,.T.);
#2748 = CIRCLE('',#2749,2.5);
#2749 = AXIS2_PLACEMENT_3D('',#2750,#2751,#2752);
#2750 = CARTESIAN_POINT('',(-11.75,8.2,70.2));
#2751 = DIRECTION('',(0.,1.,0.));
#2752 = DIRECTION('',(0.,0.,1.));
#2753 = ORIENTED_EDGE('',*,*,#2317,.T.);
#2754 = ORIENTED_EDGE('',*,*,#2350,.T.);
#2755 = PLANE('',#2756);
#2756 = AXIS2_PLACEMENT_3D('',#2757,#2758,#2759);
#2757 = CARTESIAN_POINT('',(-14.,8.2,70.));
#2758 = DIRECTION('',(0.,1.,0.));
#2759 = DIRECTION('',(0.,0.,1.));
#2760 = ADVANCED_FACE('',(#2761),#2790,.T.);
#2761 = FACE_BOUND('',#2762,.T.);
#2762 = EDGE_LOOP('',(#2763,#2771,#2778,#2779,#2780,#2781,#2788,#2789));
#2763 = ORIENTED_EDGE('',*,*,#2764,.T.);
#2764 = EDGE_CURVE('',#2739,#2765,#2767,.T.);
#2765 = VERTEX_POINT('',#2766);
#2766 = CARTESIAN_POINT('',(-11.75,13.8,72.7));
#2767 = LINE('',#2768,#2769);
#2768 = CARTESIAN_POINT('',(-11.75,8.,72.7));
#2769 = VECTOR('',#2770,1.);
#2770 = DIRECTION('',(0.,1.,0.));
#2771 = ORIENTED_EDGE('',*,*,#2772,.F.);
#2772 = EDGE_CURVE('',#2765,#2765,#2773,.T.);
#2773 = CIRCLE('',#2774,2.5);
#2774 = AXIS2_PLACEMENT_3D('',#2775,#2776,#2777);
#2775 = CARTESIAN_POINT('',(-11.75,13.8,70.2));
#2776 = DIRECTION('',(0.,1.,0.));
#2777 = DIRECTION('',(0.,0.,1.));
#2778 = ORIENTED_EDGE('',*,*,#2764,.F.);
#2779 = ORIENTED_EDGE('',*,*,#2738,.T.);
#2780 = ORIENTED_EDGE('',*,*,#2381,.F.);
#2781 = ORIENTED_EDGE('',*,*,#2782,.T.);
#2782 = EDGE_CURVE('',#2374,#2302,#2783,.T.);
#2783 = CIRCLE('',#2784,2.5);
#2784 = AXIS2_PLACEMENT_3D('',#2785,#2786,#2787);
#2785 = CARTESIAN_POINT('',(-11.75,8.,70.2));
#2786 = DIRECTION('',(0.,1.,0.));
#2787 = DIRECTION('',(0.,0.,1.));
#2788 = ORIENTED_EDGE('',*,*,#2309,.T.);
#2789 = ORIENTED_EDGE('',*,*,#2747,.T.);
#2790 = CYLINDRICAL_SURFACE('',#2791,2.5);
#2791 = AXIS2_PLACEMENT_3D('',#2792,#2793,#2794);
#2792 = CARTESIAN_POINT('',(-11.75,8.,70.2));
#2793 = DIRECTION('',(0.,1.,0.));
#2794 = DIRECTION('',(0.,0.,1.));
#2795 = ADVANCED_FACE('',(#2796),#2802,.F.);
#2796 = FACE_BOUND('',#2797,.F.);
#2797 = EDGE_LOOP('',(#2798,#2799,#2800,#2801));
#2798 = ORIENTED_EDGE('',*,*,#2373,.F.);
#2799 = ORIENTED_EDGE('',*,*,#2782,.T.);
#2800 = ORIENTED_EDGE('',*,*,#2301,.T.);
#2801 = ORIENTED_EDGE('',*,*,#2519,.T.);
#2802 = PLANE('',#2803);
#2803 = AXIS2_PLACEMENT_3D('',#2804,#2805,#2806);
#2804 = CARTESIAN_POINT('',(-11.75,8.,70.2));
#2805 = DIRECTION('',(0.,1.,0.));
#2806 = DIRECTION('',(0.,0.,1.));
#2807 = ADVANCED_FACE('',(#2808),#2824,.F.);
#2808 = FACE_BOUND('',#2809,.F.);
#2809 = EDGE_LOOP('',(#2810,#2816,#2817,#2823));
#2810 = ORIENTED_EDGE('',*,*,#2811,.T.);
#2811 = EDGE_CURVE('',#2472,#230,#2812,.T.);
#2812 = LINE('',#2813,#2814);
#2813 = CARTESIAN_POINT('',(-16.5,5.45,40.6));
#2814 = VECTOR('',#2815,1.);
#2815 = DIRECTION('',(1.,0.,0.));
#2816 = ORIENTED_EDGE('',*,*,#237,.F.);
#2817 = ORIENTED_EDGE('',*,*,#2818,.F.);
#2818 = EDGE_CURVE('',#2495,#95,#2819,.T.);
#2819 = LINE('',#2820,#2821);
#2820 = CARTESIAN_POINT('',(-17.375,5.45,26.6));
#2821 = VECTOR('',#2822,1.);
#2822 = DIRECTION('',(1.,0.,0.));
#2823 = ORIENTED_EDGE('',*,*,#2502,.T.);
#2824 = PLANE('',#2825);
#2825 = AXIS2_PLACEMENT_3D('',#2826,#2827,#2828);
#2826 = CARTESIAN_POINT('',(-16.5,5.45,0.));
#2827 = DIRECTION('',(0.,1.,0.));
#2828 = DIRECTION('',(0.,0.,1.));
#2829 = ADVANCED_FACE('',(#2830),#2851,.T.);
#2830 = FACE_BOUND('',#2831,.T.);
#2831 = EDGE_LOOP('',(#2832,#2833,#2842,#2849,#2850));
#2832 = ORIENTED_EDGE('',*,*,#2630,.F.);
#2833 = ORIENTED_EDGE('',*,*,#2834,.F.);
#2834 = EDGE_CURVE('',#2835,#2623,#2837,.T.);
#2835 = VERTEX_POINT('',#2836);
#2836 = CARTESIAN_POINT('',(11.75,8.2,72.7));
#2837 = CIRCLE('',#2838,2.5);
#2838 = AXIS2_PLACEMENT_3D('',#2839,#2840,#2841);
#2839 = CARTESIAN_POINT('',(11.75,8.2,70.2));
#2840 = DIRECTION('',(0.,1.,0.));
#2841 = DIRECTION('',(0.,0.,1.));
#2842 = ORIENTED_EDGE('',*,*,#2843,.F.);
#2843 = EDGE_CURVE('',#2551,#2835,#2844,.T.);
#2844 = CIRCLE('',#2845,2.5);
#2845 = AXIS2_PLACEMENT_3D('',#2846,#2847,#2848);
#2846 = CARTESIAN_POINT('',(11.75,8.2,70.2));
#2847 = DIRECTION('',(0.,1.,0.));
#2848 = DIRECTION('',(0.,0.,1.));
#2849 = ORIENTED_EDGE('',*,*,#2558,.T.);
#2850 = ORIENTED_EDGE('',*,*,#2591,.T.);
#2851 = PLANE('',#2852);
#2852 = AXIS2_PLACEMENT_3D('',#2853,#2854,#2855);
#2853 = CARTESIAN_POINT('',(9.5,8.2,70.));
#2854 = DIRECTION('',(0.,1.,0.));
#2855 = DIRECTION('',(0.,0.,1.));
#2856 = ADVANCED_FACE('',(#2857),#2886,.T.);
#2857 = FACE_BOUND('',#2858,.T.);
#2858 = EDGE_LOOP('',(#2859,#2867,#2874,#2875,#2876,#2877,#2884,#2885));
#2859 = ORIENTED_EDGE('',*,*,#2860,.T.);
#2860 = EDGE_CURVE('',#2835,#2861,#2863,.T.);
#2861 = VERTEX_POINT('',#2862);
#2862 = CARTESIAN_POINT('',(11.75,13.8,72.7));
#2863 = LINE('',#2864,#2865);
#2864 = CARTESIAN_POINT('',(11.75,8.,72.7));
#2865 = VECTOR('',#2866,1.);
#2866 = DIRECTION('',(0.,1.,0.));
#2867 = ORIENTED_EDGE('',*,*,#2868,.F.);
#2868 = EDGE_CURVE('',#2861,#2861,#2869,.T.);
#2869 = CIRCLE('',#2870,2.5);
#2870 = AXIS2_PLACEMENT_3D('',#2871,#2872,#2873);
#2871 = CARTESIAN_POINT('',(11.75,13.8,70.2));
#2872 = DIRECTION('',(0.,1.,0.));
#2873 = DIRECTION('',(0.,0.,1.));
#2874 = ORIENTED_EDGE('',*,*,#2860,.F.);
#2875 = ORIENTED_EDGE('',*,*,#2834,.T.);
#2876 = ORIENTED_EDGE('',*,*,#2622,.F.);
#2877 = ORIENTED_EDGE('',*,*,#2878,.T.);
#2878 = EDGE_CURVE('',#2615,#2543,#2879,.T.);
#2879 = CIRCLE('',#2880,2.5);
#2880 = AXIS2_PLACEMENT_3D('',#2881,#2882,#2883);
#2881 = CARTESIAN_POINT('',(11.75,8.,70.2));
#2882 = DIRECTION('',(0.,1.,0.));
#2883 = DIRECTION('',(0.,0.,1.));
#2884 = ORIENTED_EDGE('',*,*,#2550,.T.);
#2885 = ORIENTED_EDGE('',*,*,#2843,.T.);
#2886 = CYLINDRICAL_SURFACE('',#2887,2.5);
#2887 = AXIS2_PLACEMENT_3D('',#2888,#2889,#2890);
#2888 = CARTESIAN_POINT('',(11.75,8.,70.2));
#2889 = DIRECTION('',(0.,1.,0.));
#2890 = DIRECTION('',(0.,0.,1.));
#2891 = ADVANCED_FACE('',(#2892),#2898,.F.);
#2892 = FACE_BOUND('',#2893,.F.);
#2893 = EDGE_LOOP('',(#2894,#2895,#2896,#2897));
#2894 = ORIENTED_EDGE('',*,*,#2614,.F.);
#2895 = ORIENTED_EDGE('',*,*,#2878,.T.);
#2896 = ORIENTED_EDGE('',*,*,#2542,.T.);
#2897 = ORIENTED_EDGE('',*,*,#2661,.T.);
#2898 = PLANE('',#2899);
#2899 = AXIS2_PLACEMENT_3D('',#2900,#2901,#2902);
#2900 = CARTESIAN_POINT('',(11.75,8.,70.2));
#2901 = DIRECTION('',(0.,1.,0.));
#2902 = DIRECTION('',(0.,0.,1.));
#2903 = ADVANCED_FACE('',(#2904,#2929),#2940,.F.);
#2904 = FACE_BOUND('',#2905,.F.);
#2905 = EDGE_LOOP('',(#2906,#2914,#2915,#2923));
#2906 = ORIENTED_EDGE('',*,*,#2907,.F.);
#2907 = EDGE_CURVE('',#2684,#2908,#2910,.T.);
#2908 = VERTEX_POINT('',#2909);
#2909 = CARTESIAN_POINT('',(18.,4.3,95.7));
#2910 = LINE('',#2911,#2912);
#2911 = CARTESIAN_POINT('',(18.,4.3,91.));
#2912 = VECTOR('',#2913,1.);
#2913 = DIRECTION('',(0.,0.,1.));
#2914 = ORIENTED_EDGE('',*,*,#2683,.T.);
#2915 = ORIENTED_EDGE('',*,*,#2916,.T.);
#2916 = EDGE_CURVE('',#2676,#2917,#2919,.T.);
#2917 = VERTEX_POINT('',#2918);
#2918 = CARTESIAN_POINT('',(18.,12.86,95.7));
#2919 = LINE('',#2920,#2921);
#2920 = CARTESIAN_POINT('',(18.,12.86,91.));
#2921 = VECTOR('',#2922,1.);
#2922 = DIRECTION('',(0.,0.,1.));
#2923 = ORIENTED_EDGE('',*,*,#2924,.F.);
#2924 = EDGE_CURVE('',#2908,#2917,#2925,.T.);
#2925 = LINE('',#2926,#2927);
#2926 = CARTESIAN_POINT('',(18.,4.3,95.7));
#2927 = VECTOR('',#2928,1.);
#2928 = DIRECTION('',(0.,1.,0.));
#2929 = FACE_BOUND('',#2930,.F.);
#2930 = EDGE_LOOP('',(#2931));
#2931 = ORIENTED_EDGE('',*,*,#2932,.F.);
#2932 = EDGE_CURVE('',#2933,#2933,#2935,.T.);
#2933 = VERTEX_POINT('',#2934);
#2934 = CARTESIAN_POINT('',(18.,8.5,94.75));
#2935 = CIRCLE('',#2936,1.25);
#2936 = AXIS2_PLACEMENT_3D('',#2937,#2938,#2939);
#2937 = CARTESIAN_POINT('',(18.,8.5,93.5));
#2938 = DIRECTION('',(1.,0.,-0.));
#2939 = DIRECTION('',(0.,0.,1.));
#2940 = PLANE('',#2941);
#2941 = AXIS2_PLACEMENT_3D('',#2942,#2943,#2944);
#2942 = CARTESIAN_POINT('',(18.,4.3,91.));
#2943 = DIRECTION('',(1.,0.,0.));
#2944 = DIRECTION('',(0.,0.,1.));
#2945 = ADVANCED_FACE('',(#2946,#2949),#2960,.T.);
#2946 = FACE_BOUND('',#2947,.T.);
#2947 = EDGE_LOOP('',(#2948));
#2948 = ORIENTED_EDGE('',*,*,#2772,.T.);
#2949 = FACE_BOUND('',#2950,.T.);
#2950 = EDGE_LOOP('',(#2951));
#2951 = ORIENTED_EDGE('',*,*,#2952,.F.);
#2952 = EDGE_CURVE('',#2953,#2953,#2955,.T.);
#2953 = VERTEX_POINT('',#2954);
#2954 = CARTESIAN_POINT('',(-11.75,13.8,71.));
#2955 = CIRCLE('',#2956,0.8);
#2956 = AXIS2_PLACEMENT_3D('',#2957,#2958,#2959);
#2957 = CARTESIAN_POINT('',(-11.75,13.8,70.2));
#2958 = DIRECTION('',(0.,1.,0.));
#2959 = DIRECTION('',(0.,0.,1.));
#2960 = PLANE('',#2961);
#2961 = AXIS2_PLACEMENT_3D('',#2962,#2963,#2964);
#2962 = CARTESIAN_POINT('',(-11.75,13.8,70.2));
#2963 = DIRECTION('',(0.,1.,0.));
#2964 = DIRECTION('',(0.,0.,1.));
#2965 = ADVANCED_FACE('',(#2966,#2969),#2980,.T.);
#2966 = FACE_BOUND('',#2967,.T.);
#2967 = EDGE_LOOP('',(#2968));
#2968 = ORIENTED_EDGE('',*,*,#2868,.T.);
#2969 = FACE_BOUND('',#2970,.T.);
#2970 = EDGE_LOOP('',(#2971));
#2971 = ORIENTED_EDGE('',*,*,#2972,.F.);
#2972 = EDGE_CURVE('',#2973,#2973,#2975,.T.);
#2973 = VERTEX_POINT('',#2974);
#2974 = CARTESIAN_POINT('',(11.75,13.8,71.));
#2975 = CIRCLE('',#2976,0.8);
#2976 = AXIS2_PLACEMENT_3D('',#2977,#2978,#2979);
#2977 = CARTESIAN_POINT('',(11.75,13.8,70.2));
#2978 = DIRECTION('',(0.,1.,0.));
#2979 = DIRECTION('',(0.,0.,1.));
#2980 = PLANE('',#2981);
#2981 = AXIS2_PLACEMENT_3D('',#2982,#2983,#2984);
#2982 = CARTESIAN_POINT('',(11.75,13.8,70.2));
#2983 = DIRECTION('',(0.,1.,0.));
#2984 = DIRECTION('',(0.,0.,1.));
#2985 = ADVANCED_FACE('',(#2986),#3005,.F.);
#2986 = FACE_BOUND('',#2987,.F.);
#2987 = EDGE_LOOP('',(#2988,#2997,#3003,#3004));
#2988 = ORIENTED_EDGE('',*,*,#2989,.F.);
#2989 = EDGE_CURVE('',#2990,#2990,#2992,.T.);
#2990 = VERTEX_POINT('',#2991);
#2991 = CARTESIAN_POINT('',(20.,8.5,94.75));
#2992 = CIRCLE('',#2993,1.25);
#2993 = AXIS2_PLACEMENT_3D('',#2994,#2995,#2996);
#2994 = CARTESIAN_POINT('',(20.,8.5,93.5));
#2995 = DIRECTION('',(1.,0.,-0.));
#2996 = DIRECTION('',(0.,0.,1.));
#2997 = ORIENTED_EDGE('',*,*,#2998,.F.);
#2998 = EDGE_CURVE('',#2933,#2990,#2999,.T.);
#2999 = LINE('',#3000,#3001);
#3000 = CARTESIAN_POINT('',(-30.,8.5,94.75));
#3001 = VECTOR('',#3002,1.);
#3002 = DIRECTION('',(1.,0.,0.));
#3003 = ORIENTED_EDGE('',*,*,#2932,.T.);
#3004 = ORIENTED_EDGE('',*,*,#2998,.T.);
#3005 = CYLINDRICAL_SURFACE('',#3006,1.25);
#3006 = AXIS2_PLACEMENT_3D('',#3007,#3008,#3009);
#3007 = CARTESIAN_POINT('',(-30.,8.5,93.5));
#3008 = DIRECTION('',(1.,0.,0.));
#3009 = DIRECTION('',(0.,0.,1.));
#3010 = ADVANCED_FACE('',(#3011),#3030,.F.);
#3011 = FACE_BOUND('',#3012,.F.);
#3012 = EDGE_LOOP('',(#3013,#3014,#3022,#3029));
#3013 = ORIENTED_EDGE('',*,*,#2952,.F.);
#3014 = ORIENTED_EDGE('',*,*,#3015,.F.);
#3015 = EDGE_CURVE('',#3016,#2953,#3018,.T.);
#3016 = VERTEX_POINT('',#3017);
#3017 = CARTESIAN_POINT('',(-11.75,8.8,71.));
#3018 = LINE('',#3019,#3020);
#3019 = CARTESIAN_POINT('',(-11.75,8.8,71.));
#3020 = VECTOR('',#3021,1.);
#3021 = DIRECTION('',(0.,1.,0.));
#3022 = ORIENTED_EDGE('',*,*,#3023,.T.);
#3023 = EDGE_CURVE('',#3016,#3016,#3024,.T.);
#3024 = CIRCLE('',#3025,0.8);
#3025 = AXIS2_PLACEMENT_3D('',#3026,#3027,#3028);
#3026 = CARTESIAN_POINT('',(-11.75,8.8,70.2));
#3027 = DIRECTION('',(0.,1.,0.));
#3028 = DIRECTION('',(0.,0.,1.));
#3029 = ORIENTED_EDGE('',*,*,#3015,.T.);
#3030 = CYLINDRICAL_SURFACE('',#3031,0.8);
#3031 = AXIS2_PLACEMENT_3D('',#3032,#3033,#3034);
#3032 = CARTESIAN_POINT('',(-11.75,8.8,70.2));
#3033 = DIRECTION('',(0.,1.,0.));
#3034 = DIRECTION('',(0.,0.,1.));
#3035 = ADVANCED_FACE('',(#3036),#3055,.F.);
#3036 = FACE_BOUND('',#3037,.F.);
#3037 = EDGE_LOOP('',(#3038,#3039,#3047,#3054));
#3038 = ORIENTED_EDGE('',*,*,#2972,.F.);
#3039 = ORIENTED_EDGE('',*,*,#3040,.F.);
#3040 = EDGE_CURVE('',#3041,#2973,#3043,.T.);
#3041 = VERTEX_POINT('',#3042);
#3042 = CARTESIAN_POINT('',(11.75,8.8,71.));
#3043 = LINE('',#3044,#3045);
#3044 = CARTESIAN_POINT('',(11.75,8.8,71.));
#3045 = VECTOR('',#3046,1.);
#3046 = DIRECTION('',(0.,1.,0.));
#3047 = ORIENTED_EDGE('',*,*,#3048,.T.);
#3048 = EDGE_CURVE('',#3041,#3041,#3049,.T.);
#3049 = CIRCLE('',#3050,0.8);
#3050 = AXIS2_PLACEMENT_3D('',#3051,#3052,#3053);
#3051 = CARTESIAN_POINT('',(11.75,8.8,70.2));
#3052 = DIRECTION('',(0.,1.,0.));
#3053 = DIRECTION('',(0.,0.,1.));
#3054 = ORIENTED_EDGE('',*,*,#3040,.T.);
#3055 = CYLINDRICAL_SURFACE('',#3056,0.8);
#3056 = AXIS2_PLACEMENT_3D('',#3057,#3058,#3059);
#3057 = CARTESIAN_POINT('',(11.75,8.8,70.2));
#3058 = DIRECTION('',(0.,1.,0.));
#3059 = DIRECTION('',(0.,0.,1.));
#3060 = ADVANCED_FACE('',(#3061),#3064,.T.);
#3061 = FACE_BOUND('',#3062,.F.);
#3062 = EDGE_LOOP('',(#3063));
#3063 = ORIENTED_EDGE('',*,*,#3023,.F.);
#3064 = PLANE('',#3065);
#3065 = AXIS2_PLACEMENT_3D('',#3066,#3067,#3068);
#3066 = CARTESIAN_POINT('',(-11.75,8.8,70.2));
#3067 = DIRECTION('',(0.,1.,0.));
#3068 = DIRECTION('',(0.,0.,1.));
#3069 = ADVANCED_FACE('',(#3070),#3073,.T.);
#3070 = FACE_BOUND('',#3071,.F.);
#3071 = EDGE_LOOP('',(#3072));
#3072 = ORIENTED_EDGE('',*,*,#3048,.F.);
#3073 = PLANE('',#3074);
#3074 = AXIS2_PLACEMENT_3D('',#3075,#3076,#3077);
#3075 = CARTESIAN_POINT('',(11.75,8.8,70.2));
#3076 = DIRECTION('',(0.,1.,0.));
#3077 = DIRECTION('',(0.,0.,1.));
#3078 = ADVANCED_FACE('',(#3079),#3090,.T.);
#3079 = FACE_BOUND('',#3080,.T.);
#3080 = EDGE_LOOP('',(#3081,#3082,#3083,#3089));
#3081 = ORIENTED_EDGE('',*,*,#698,.F.);
#3082 = ORIENTED_EDGE('',*,*,#1123,.T.);
#3083 = ORIENTED_EDGE('',*,*,#3084,.T.);
#3084 = EDGE_CURVE('',#1116,#1034,#3085,.T.);
#3085 = LINE('',#3086,#3087);
#3086 = CARTESIAN_POINT('',(-26.,12.85,9.5));
#3087 = VECTOR('',#3088,1.);
#3088 = DIRECTION('',(1.,0.,0.));
#3089 = ORIENTED_EDGE('',*,*,#1033,.T.);
#3090 = PLANE('',#3091);
#3091 = AXIS2_PLACEMENT_3D('',#3092,#3093,#3094);
#3092 = CARTESIAN_POINT('',(-17.8,12.85,27.));
#3093 = DIRECTION('',(-7.1E-16,-1.,-0.));
#3094 = DIRECTION('',(-1.,7.1E-16,0.));
#3095 = ADVANCED_FACE('',(#3096),#3114,.T.);
#3096 = FACE_BOUND('',#3097,.T.);
#3097 = EDGE_LOOP('',(#3098,#3106,#3107,#3108));
#3098 = ORIENTED_EDGE('',*,*,#3099,.F.);
#3099 = EDGE_CURVE('',#1434,#3100,#3102,.T.);
#3100 = VERTEX_POINT('',#3101);
#3101 = CARTESIAN_POINT('',(-20.,12.85,81.));
#3102 = LINE('',#3103,#3104);
#3103 = CARTESIAN_POINT('',(-26.,12.85,81.));
#3104 = VECTOR('',#3105,1.);
#3105 = DIRECTION('',(1.,0.,0.));
#3106 = ORIENTED_EDGE('',*,*,#1433,.F.);
#3107 = ORIENTED_EDGE('',*,*,#845,.T.);
#3108 = ORIENTED_EDGE('',*,*,#3109,.F.);
#3109 = EDGE_CURVE('',#3100,#846,#3110,.T.);
#3110 = LINE('',#3111,#3112);
#3111 = CARTESIAN_POINT('',(-20.,12.85,9.5));
#3112 = VECTOR('',#3113,1.);
#3113 = DIRECTION('',(0.,0.,-1.));
#3114 = PLANE('',#3115);
#3115 = AXIS2_PLACEMENT_3D('',#3116,#3117,#3118);
#3116 = CARTESIAN_POINT('',(-20.42985498461,12.85,77.));
#3117 = DIRECTION('',(1.87E-15,-1.,0.));
#3118 = DIRECTION('',(-1.,-1.87E-15,0.));
#3119 = ADVANCED_FACE('',(#3120),#3131,.T.);
#3120 = FACE_BOUND('',#3121,.T.);
#3121 = EDGE_LOOP('',(#3122,#3123,#3124,#3125));
#3122 = ORIENTED_EDGE('',*,*,#1132,.T.);
#3123 = ORIENTED_EDGE('',*,*,#868,.T.);
#3124 = ORIENTED_EDGE('',*,*,#1577,.T.);
#3125 = ORIENTED_EDGE('',*,*,#3126,.F.);
#3126 = EDGE_CURVE('',#1133,#1578,#3127,.T.);
#3127 = LINE('',#3128,#3129);
#3128 = CARTESIAN_POINT('',(-26.,12.85,81.));
#3129 = VECTOR('',#3130,1.);
#3130 = DIRECTION('',(1.,0.,0.));
#3131 = PLANE('',#3132);
#3132 = AXIS2_PLACEMENT_3D('',#3133,#3134,#3135);
#3133 = CARTESIAN_POINT('',(-17.8,12.85,77.));
#3134 = DIRECTION('',(-6.5E-16,-1.,-0.));
#3135 = DIRECTION('',(-1.,6.5E-16,0.));
#3136 = ADVANCED_FACE('',(#3137),#3155,.T.);
#3137 = FACE_BOUND('',#3138,.T.);
#3138 = EDGE_LOOP('',(#3139,#3140,#3141,#3149));
#3139 = ORIENTED_EDGE('',*,*,#2029,.F.);
#3140 = ORIENTED_EDGE('',*,*,#585,.F.);
#3141 = ORIENTED_EDGE('',*,*,#3142,.F.);
#3142 = EDGE_CURVE('',#3143,#578,#3145,.T.);
#3143 = VERTEX_POINT('',#3144);
#3144 = CARTESIAN_POINT('',(16.6,12.85,46.3));
#3145 = LINE('',#3146,#3147);
#3146 = CARTESIAN_POINT('',(16.6,12.85,46.3));
#3147 = VECTOR('',#3148,1.);
#3148 = DIRECTION('',(0.,0.,1.));
#3149 = ORIENTED_EDGE('',*,*,#3150,.T.);
#3150 = EDGE_CURVE('',#3143,#2022,#3151,.T.);
#3151 = LINE('',#3152,#3153);
#3152 = CARTESIAN_POINT('',(16.6,12.85,46.3));
#3153 = VECTOR('',#3154,1.);
#3154 = DIRECTION('',(1.,0.,0.));
#3155 = PLANE('',#3156);
#3156 = AXIS2_PLACEMENT_3D('',#3157,#3158,#3159);
#3157 = CARTESIAN_POINT('',(17.8,12.85,63.65));
#3158 = DIRECTION('',(7.2E-16,-1.,0.));
#3159 = DIRECTION('',(-1.,-7.2E-16,0.));
#3160 = ADVANCED_FACE('',(#3161),#3195,.F.);
#3161 = FACE_BOUND('',#3162,.F.);
#3162 = EDGE_LOOP('',(#3163,#3173,#3181,#3189));
#3163 = ORIENTED_EDGE('',*,*,#3164,.T.);
#3164 = EDGE_CURVE('',#3165,#3167,#3169,.T.);
#3165 = VERTEX_POINT('',#3166);
#3166 = CARTESIAN_POINT('',(18.15,13.65,80.));
#3167 = VERTEX_POINT('',#3168);
#3168 = CARTESIAN_POINT('',(18.15,13.65,46.3));
#3169 = LINE('',#3170,#3171);
#3170 = CARTESIAN_POINT('',(18.15,13.65,46.3));
#3171 = VECTOR('',#3172,1.);
#3172 = DIRECTION('',(0.,0.,-1.));
#3173 = ORIENTED_EDGE('',*,*,#3174,.T.);
#3174 = EDGE_CURVE('',#3167,#3175,#3177,.T.);
#3175 = VERTEX_POINT('',#3176);
#3176 = CARTESIAN_POINT('',(18.15,15.55,46.3));
#3177 = LINE('',#3178,#3179);
#3178 = CARTESIAN_POINT('',(18.15,12.85,46.3));
#3179 = VECTOR('',#3180,1.);
#3180 = DIRECTION('',(0.,1.,0.));
#3181 = ORIENTED_EDGE('',*,*,#3182,.T.);
#3182 = EDGE_CURVE('',#3175,#3183,#3185,.T.);
#3183 = VERTEX_POINT('',#3184);
#3184 = CARTESIAN_POINT('',(18.15,15.55,80.));
#3185 = LINE('',#3186,#3187);
#3186 = CARTESIAN_POINT('',(18.15,15.55,46.3));
#3187 = VECTOR('',#3188,1.);
#3188 = DIRECTION('',(0.,0.,1.));
#3189 = ORIENTED_EDGE('',*,*,#3190,.T.);
#3190 = EDGE_CURVE('',#3183,#3165,#3191,.T.);
#3191 = LINE('',#3192,#3193);
#3192 = CARTESIAN_POINT('',(18.15,12.85,80.));
#3193 = VECTOR('',#3194,1.);
#3194 = DIRECTION('',(0.,-1.,0.));
#3195 = PLANE('',#3196);
#3196 = AXIS2_PLACEMENT_3D('',#3197,#3198,#3199);
#3197 = CARTESIAN_POINT('',(18.15,12.85,46.3));
#3198 = DIRECTION('',(1.,0.,0.));
#3199 = DIRECTION('',(0.,0.,1.));
#3200 = ADVANCED_FACE('',(#3201),#3233,.T.);
#3201 = FACE_BOUND('',#3202,.T.);
#3202 = EDGE_LOOP('',(#3203,#3211,#3217,#3218,#3226,#3232));
#3203 = ORIENTED_EDGE('',*,*,#3204,.F.);
#3204 = EDGE_CURVE('',#3205,#3167,#3207,.T.);
#3205 = VERTEX_POINT('',#3206);
#3206 = CARTESIAN_POINT('',(16.6,13.65,46.3));
#3207 = LINE('',#3208,#3209);
#3208 = CARTESIAN_POINT('',(16.6,13.65,46.3));
#3209 = VECTOR('',#3210,1.);
#3210 = DIRECTION('',(1.,0.,0.));
#3211 = ORIENTED_EDGE('',*,*,#3212,.T.);
#3212 = EDGE_CURVE('',#3205,#570,#3213,.T.);
#3213 = LINE('',#3214,#3215);
#3214 = CARTESIAN_POINT('',(16.6,13.65,46.3));
#3215 = VECTOR('',#3216,1.);
#3216 = DIRECTION('',(0.,0.,1.));
#3217 = ORIENTED_EDGE('',*,*,#569,.T.);
#3218 = ORIENTED_EDGE('',*,*,#3219,.T.);
#3219 = EDGE_CURVE('',#562,#3220,#3222,.T.);
#3220 = VERTEX_POINT('',#3221);
#3221 = CARTESIAN_POINT('',(17.1,13.65,80.));
#3222 = LINE('',#3223,#3224);
#3223 = CARTESIAN_POINT('',(17.1,13.65,63.15));
#3224 = VECTOR('',#3225,1.);
#3225 = DIRECTION('',(0.,0.,-1.));
#3226 = ORIENTED_EDGE('',*,*,#3227,.T.);
#3227 = EDGE_CURVE('',#3220,#3165,#3228,.T.);
#3228 = LINE('',#3229,#3230);
#3229 = CARTESIAN_POINT('',(16.85,13.65,80.));
#3230 = VECTOR('',#3231,1.);
#3231 = DIRECTION('',(1.,0.,0.));
#3232 = ORIENTED_EDGE('',*,*,#3164,.T.);
#3233 = PLANE('',#3234);
#3234 = AXIS2_PLACEMENT_3D('',#3235,#3236,#3237);
#3235 = CARTESIAN_POINT('',(16.6,13.65,46.3));
#3236 = DIRECTION('',(0.,1.,0.));
#3237 = DIRECTION('',(0.,0.,1.));
#3238 = ADVANCED_FACE('',(#3239),#3250,.F.);
#3239 = FACE_BOUND('',#3240,.F.);
#3240 = EDGE_LOOP('',(#3241,#3242,#3248,#3249));
#3241 = ORIENTED_EDGE('',*,*,#3142,.F.);
#3242 = ORIENTED_EDGE('',*,*,#3243,.T.);
#3243 = EDGE_CURVE('',#3143,#3205,#3244,.T.);
#3244 = LINE('',#3245,#3246);
#3245 = CARTESIAN_POINT('',(16.6,12.85,46.3));
#3246 = VECTOR('',#3247,1.);
#3247 = DIRECTION('',(0.,1.,0.));
#3248 = ORIENTED_EDGE('',*,*,#3212,.T.);
#3249 = ORIENTED_EDGE('',*,*,#577,.F.);
#3250 = PLANE('',#3251);
#3251 = AXIS2_PLACEMENT_3D('',#3252,#3253,#3254);
#3252 = CARTESIAN_POINT('',(16.6,12.85,46.3));
#3253 = DIRECTION('',(1.,0.,0.));
#3254 = DIRECTION('',(0.,0.,1.));
#3255 = ADVANCED_FACE('',(#3256),#3274,.F.);
#3256 = FACE_BOUND('',#3257,.F.);
#3257 = EDGE_LOOP('',(#3258,#3266,#3272,#3273));
#3258 = ORIENTED_EDGE('',*,*,#3259,.F.);
#3259 = EDGE_CURVE('',#3260,#3183,#3262,.T.);
#3260 = VERTEX_POINT('',#3261);
#3261 = CARTESIAN_POINT('',(17.1,15.55,80.));
#3262 = LINE('',#3263,#3264);
#3263 = CARTESIAN_POINT('',(17.1,15.55,80.));
#3264 = VECTOR('',#3265,1.);
#3265 = DIRECTION('',(1.,0.,0.));
#3266 = ORIENTED_EDGE('',*,*,#3267,.F.);
#3267 = EDGE_CURVE('',#3220,#3260,#3268,.T.);
#3268 = LINE('',#3269,#3270);
#3269 = CARTESIAN_POINT('',(17.1,12.85,80.));
#3270 = VECTOR('',#3271,1.);
#3271 = DIRECTION('',(0.,1.,0.));
#3272 = ORIENTED_EDGE('',*,*,#3227,.T.);
#3273 = ORIENTED_EDGE('',*,*,#3190,.F.);
#3274 = PLANE('',#3275);
#3275 = AXIS2_PLACEMENT_3D('',#3276,#3277,#3278);
#3276 = CARTESIAN_POINT('',(17.1,12.85,80.));
#3277 = DIRECTION('',(0.,0.,1.));
#3278 = DIRECTION('',(1.,0.,0.));
#3279 = ADVANCED_FACE('',(#3280),#3298,.F.);
#3280 = FACE_BOUND('',#3281,.F.);
#3281 = EDGE_LOOP('',(#3282,#3290,#3296,#3297));
#3282 = ORIENTED_EDGE('',*,*,#3283,.F.);
#3283 = EDGE_CURVE('',#3284,#3175,#3286,.T.);
#3284 = VERTEX_POINT('',#3285);
#3285 = CARTESIAN_POINT('',(17.1,15.55,46.3));
#3286 = LINE('',#3287,#3288);
#3287 = CARTESIAN_POINT('',(17.1,15.55,46.3));
#3288 = VECTOR('',#3289,1.);
#3289 = DIRECTION('',(1.,0.,0.));
#3290 = ORIENTED_EDGE('',*,*,#3291,.T.);
#3291 = EDGE_CURVE('',#3284,#3260,#3292,.T.);
#3292 = LINE('',#3293,#3294);
#3293 = CARTESIAN_POINT('',(17.1,15.55,46.3));
#3294 = VECTOR('',#3295,1.);
#3295 = DIRECTION('',(0.,0.,1.));
#3296 = ORIENTED_EDGE('',*,*,#3259,.T.);
#3297 = ORIENTED_EDGE('',*,*,#3182,.F.);
#3298 = PLANE('',#3299);
#3299 = AXIS2_PLACEMENT_3D('',#3300,#3301,#3302);
#3300 = CARTESIAN_POINT('',(17.1,15.55,46.3));
#3301 = DIRECTION('',(0.,1.,0.));
#3302 = DIRECTION('',(0.,0.,1.));
#3303 = ADVANCED_FACE('',(#3304),#3329,.T.);
#3304 = FACE_BOUND('',#3305,.T.);
#3305 = EDGE_LOOP('',(#3306,#3307,#3315,#3323));
#3306 = ORIENTED_EDGE('',*,*,#1997,.F.);
#3307 = ORIENTED_EDGE('',*,*,#3308,.F.);
#3308 = EDGE_CURVE('',#3309,#1998,#3311,.T.);
#3309 = VERTEX_POINT('',#3310);
#3310 = CARTESIAN_POINT('',(16.6,12.85,18.2));
#3311 = LINE('',#3312,#3313);
#3312 = CARTESIAN_POINT('',(16.6,12.85,18.2));
#3313 = VECTOR('',#3314,1.);
#3314 = DIRECTION('',(1.,0.,0.));
#3315 = ORIENTED_EDGE('',*,*,#3316,.F.);
#3316 = EDGE_CURVE('',#3317,#3309,#3319,.T.);
#3317 = VERTEX_POINT('',#3318);
#3318 = CARTESIAN_POINT('',(16.6,12.85,9.5));
#3319 = LINE('',#3320,#3321);
#3320 = CARTESIAN_POINT('',(16.6,12.85,9.5));
#3321 = VECTOR('',#3322,1.);
#3322 = DIRECTION('',(0.,0.,1.));
#3323 = ORIENTED_EDGE('',*,*,#3324,.T.);
#3324 = EDGE_CURVE('',#3317,#1990,#3325,.T.);
#3325 = LINE('',#3326,#3327);
#3326 = CARTESIAN_POINT('',(16.6,12.85,9.5));
#3327 = VECTOR('',#3328,1.);
#3328 = DIRECTION('',(1.,0.,0.));
#3329 = PLANE('',#3330);
#3330 = AXIS2_PLACEMENT_3D('',#3331,#3332,#3333);
#3331 = CARTESIAN_POINT('',(17.8,12.85,13.85));
#3332 = DIRECTION('',(6.4E-16,-1.,0.));
#3333 = DIRECTION('',(-1.,-6.4E-16,0.));
#3334 = ADVANCED_FACE('',(#3335),#3369,.F.);
#3335 = FACE_BOUND('',#3336,.F.);
#3336 = EDGE_LOOP('',(#3337,#3347,#3355,#3363));
#3337 = ORIENTED_EDGE('',*,*,#3338,.T.);
#3338 = EDGE_CURVE('',#3339,#3341,#3343,.T.);
#3339 = VERTEX_POINT('',#3340);
#3340 = CARTESIAN_POINT('',(18.15,13.65,18.2));
#3341 = VERTEX_POINT('',#3342);
#3342 = CARTESIAN_POINT('',(18.15,13.65,9.5));
#3343 = LINE('',#3344,#3345);
#3344 = CARTESIAN_POINT('',(18.15,13.65,9.5));
#3345 = VECTOR('',#3346,1.);
#3346 = DIRECTION('',(0.,0.,-1.));
#3347 = ORIENTED_EDGE('',*,*,#3348,.T.);
#3348 = EDGE_CURVE('',#3341,#3349,#3351,.T.);
#3349 = VERTEX_POINT('',#3350);
#3350 = CARTESIAN_POINT('',(18.15,15.55,9.5));
#3351 = LINE('',#3352,#3353);
#3352 = CARTESIAN_POINT('',(18.15,12.85,9.5));
#3353 = VECTOR('',#3354,1.);
#3354 = DIRECTION('',(0.,1.,0.));
#3355 = ORIENTED_EDGE('',*,*,#3356,.T.);
#3356 = EDGE_CURVE('',#3349,#3357,#3359,.T.);
#3357 = VERTEX_POINT('',#3358);
#3358 = CARTESIAN_POINT('',(18.15,15.55,18.2));
#3359 = LINE('',#3360,#3361);
#3360 = CARTESIAN_POINT('',(18.15,15.55,9.5));
#3361 = VECTOR('',#3362,1.);
#3362 = DIRECTION('',(0.,0.,1.));
#3363 = ORIENTED_EDGE('',*,*,#3364,.F.);
#3364 = EDGE_CURVE('',#3339,#3357,#3365,.T.);
#3365 = LINE('',#3366,#3367);
#3366 = CARTESIAN_POINT('',(18.15,12.85,18.2));
#3367 = VECTOR('',#3368,1.);
#3368 = DIRECTION('',(0.,1.,0.));
#3369 = PLANE('',#3370);
#3370 = AXIS2_PLACEMENT_3D('',#3371,#3372,#3373);
#3371 = CARTESIAN_POINT('',(18.15,12.85,9.5));
#3372 = DIRECTION('',(1.,0.,0.));
#3373 = DIRECTION('',(0.,0.,1.));
#3374 = ADVANCED_FACE('',(#3375),#3400,.T.);
#3375 = FACE_BOUND('',#3376,.T.);
#3376 = EDGE_LOOP('',(#3377,#3385,#3393,#3399));
#3377 = ORIENTED_EDGE('',*,*,#3378,.F.);
#3378 = EDGE_CURVE('',#3379,#3341,#3381,.T.);
#3379 = VERTEX_POINT('',#3380);
#3380 = CARTESIAN_POINT('',(16.6,13.65,9.5));
#3381 = LINE('',#3382,#3383);
#3382 = CARTESIAN_POINT('',(16.6,13.65,9.5));
#3383 = VECTOR('',#3384,1.);
#3384 = DIRECTION('',(1.,0.,0.));
#3385 = ORIENTED_EDGE('',*,*,#3386,.T.);
#3386 = EDGE_CURVE('',#3379,#3387,#3389,.T.);
#3387 = VERTEX_POINT('',#3388);
#3388 = CARTESIAN_POINT('',(16.6,13.65,18.2));
#3389 = LINE('',#3390,#3391);
#3390 = CARTESIAN_POINT('',(16.6,13.65,9.5));
#3391 = VECTOR('',#3392,1.);
#3392 = DIRECTION('',(0.,0.,1.));
#3393 = ORIENTED_EDGE('',*,*,#3394,.T.);
#3394 = EDGE_CURVE('',#3387,#3339,#3395,.T.);
#3395 = LINE('',#3396,#3397);
#3396 = CARTESIAN_POINT('',(16.6,13.65,18.2));
#3397 = VECTOR('',#3398,1.);
#3398 = DIRECTION('',(1.,0.,0.));
#3399 = ORIENTED_EDGE('',*,*,#3338,.T.);
#3400 = PLANE('',#3401);
#3401 = AXIS2_PLACEMENT_3D('',#3402,#3403,#3404);
#3402 = CARTESIAN_POINT('',(16.6,13.65,9.5));
#3403 = DIRECTION('',(0.,1.,0.));
#3404 = DIRECTION('',(0.,0.,1.));
#3405 = ADVANCED_FACE('',(#3406),#3422,.F.);
#3406 = FACE_BOUND('',#3407,.F.);
#3407 = EDGE_LOOP('',(#3408,#3409,#3415,#3416));
#3408 = ORIENTED_EDGE('',*,*,#3316,.F.);
#3409 = ORIENTED_EDGE('',*,*,#3410,.T.);
#3410 = EDGE_CURVE('',#3317,#3379,#3411,.T.);
#3411 = LINE('',#3412,#3413);
#3412 = CARTESIAN_POINT('',(16.6,12.85,9.5));
#3413 = VECTOR('',#3414,1.);
#3414 = DIRECTION('',(0.,1.,0.));
#3415 = ORIENTED_EDGE('',*,*,#3386,.T.);
#3416 = ORIENTED_EDGE('',*,*,#3417,.F.);
#3417 = EDGE_CURVE('',#3309,#3387,#3418,.T.);
#3418 = LINE('',#3419,#3420);
#3419 = CARTESIAN_POINT('',(16.6,12.85,18.2));
#3420 = VECTOR('',#3421,1.);
#3421 = DIRECTION('',(0.,1.,0.));
#3422 = PLANE('',#3423);
#3423 = AXIS2_PLACEMENT_3D('',#3424,#3425,#3426);
#3424 = CARTESIAN_POINT('',(16.6,12.85,9.5));
#3425 = DIRECTION('',(1.,0.,0.));
#3426 = DIRECTION('',(0.,0.,1.));
#3427 = ADVANCED_FACE('',(#3428),#3453,.F.);
#3428 = FACE_BOUND('',#3429,.F.);
#3429 = EDGE_LOOP('',(#3430,#3438,#3446,#3452));
#3430 = ORIENTED_EDGE('',*,*,#3431,.F.);
#3431 = EDGE_CURVE('',#3432,#3349,#3434,.T.);
#3432 = VERTEX_POINT('',#3433);
#3433 = CARTESIAN_POINT('',(17.1,15.55,9.5));
#3434 = LINE('',#3435,#3436);
#3435 = CARTESIAN_POINT('',(17.1,15.55,9.5));
#3436 = VECTOR('',#3437,1.);
#3437 = DIRECTION('',(1.,0.,0.));
#3438 = ORIENTED_EDGE('',*,*,#3439,.T.);
#3439 = EDGE_CURVE('',#3432,#3440,#3442,.T.);
#3440 = VERTEX_POINT('',#3441);
#3441 = CARTESIAN_POINT('',(17.1,15.55,18.2));
#3442 = LINE('',#3443,#3444);
#3443 = CARTESIAN_POINT('',(17.1,15.55,9.5));
#3444 = VECTOR('',#3445,1.);
#3445 = DIRECTION('',(0.,0.,1.));
#3446 = ORIENTED_EDGE('',*,*,#3447,.T.);
#3447 = EDGE_CURVE('',#3440,#3357,#3448,.T.);
#3448 = LINE('',#3449,#3450);
#3449 = CARTESIAN_POINT('',(17.1,15.55,18.2));
#3450 = VECTOR('',#3451,1.);
#3451 = DIRECTION('',(1.,0.,0.));
#3452 = ORIENTED_EDGE('',*,*,#3356,.F.);
#3453 = PLANE('',#3454);
#3454 = AXIS2_PLACEMENT_3D('',#3455,#3456,#3457);
#3455 = CARTESIAN_POINT('',(17.1,15.55,9.5));
#3456 = DIRECTION('',(0.,1.,0.));
#3457 = DIRECTION('',(0.,0.,1.));
#3458 = ADVANCED_FACE('',(#3459),#3484,.F.);
#3459 = FACE_BOUND('',#3460,.F.);
#3460 = EDGE_LOOP('',(#3461,#3462,#3470,#3478));
#3461 = ORIENTED_EDGE('',*,*,#3439,.F.);
#3462 = ORIENTED_EDGE('',*,*,#3463,.T.);
#3463 = EDGE_CURVE('',#3432,#3464,#3466,.T.);
#3464 = VERTEX_POINT('',#3465);
#3465 = CARTESIAN_POINT('',(17.1,16.35,9.5));
#3466 = LINE('',#3467,#3468);
#3467 = CARTESIAN_POINT('',(17.1,15.55,9.5));
#3468 = VECTOR('',#3469,1.);
#3469 = DIRECTION('',(0.,1.,0.));
#3470 = ORIENTED_EDGE('',*,*,#3471,.T.);
#3471 = EDGE_CURVE('',#3464,#3472,#3474,.T.);
#3472 = VERTEX_POINT('',#3473);
#3473 = CARTESIAN_POINT('',(17.1,16.35,18.2));
#3474 = LINE('',#3475,#3476);
#3475 = CARTESIAN_POINT('',(17.1,16.35,9.5));
#3476 = VECTOR('',#3477,1.);
#3477 = DIRECTION('',(0.,0.,1.));
#3478 = ORIENTED_EDGE('',*,*,#3479,.F.);
#3479 = EDGE_CURVE('',#3440,#3472,#3480,.T.);
#3480 = LINE('',#3481,#3482);
#3481 = CARTESIAN_POINT('',(17.1,15.55,18.2));
#3482 = VECTOR('',#3483,1.);
#3483 = DIRECTION('',(0.,1.,0.));
#3484 = PLANE('',#3485);
#3485 = AXIS2_PLACEMENT_3D('',#3486,#3487,#3488);
#3486 = CARTESIAN_POINT('',(17.1,15.55,9.5));
#3487 = DIRECTION('',(1.,0.,0.));
#3488 = DIRECTION('',(0.,0.,1.));
#3489 = ADVANCED_FACE('',(#3490),#3523,.T.);
#3490 = FACE_BOUND('',#3491,.T.);
#3491 = EDGE_LOOP('',(#3492,#3493,#3494,#3495,#3501,#3502,#3503,#3504,
    #3505,#3506,#3507,#3508,#3516,#3522));
#3492 = ORIENTED_EDGE('',*,*,#760,.F.);
#3493 = ORIENTED_EDGE('',*,*,#788,.F.);
#3494 = ORIENTED_EDGE('',*,*,#779,.F.);
#3495 = ORIENTED_EDGE('',*,*,#3496,.T.);
#3496 = EDGE_CURVE('',#772,#939,#3497,.T.);
#3497 = LINE('',#3498,#3499);
#3498 = CARTESIAN_POINT('',(-26.,16.35,9.5));
#3499 = VECTOR('',#3500,1.);
#3500 = DIRECTION('',(1.,0.,0.));
#3501 = ORIENTED_EDGE('',*,*,#938,.F.);
#3502 = ORIENTED_EDGE('',*,*,#961,.F.);
#3503 = ORIENTED_EDGE('',*,*,#994,.F.);
#3504 = ORIENTED_EDGE('',*,*,#1009,.T.);
#3505 = ORIENTED_EDGE('',*,*,#1041,.F.);
#3506 = ORIENTED_EDGE('',*,*,#3084,.F.);
#3507 = ORIENTED_EDGE('',*,*,#1115,.F.);
#3508 = ORIENTED_EDGE('',*,*,#3509,.F.);
#3509 = EDGE_CURVE('',#3510,#1108,#3512,.T.);
#3510 = VERTEX_POINT('',#3511);
#3511 = CARTESIAN_POINT('',(-20.,4.3,9.5));
#3512 = LINE('',#3513,#3514);
#3513 = CARTESIAN_POINT('',(-20.,4.3,9.5));
#3514 = VECTOR('',#3515,1.);
#3515 = DIRECTION('',(1.,0.,0.));
#3516 = ORIENTED_EDGE('',*,*,#3517,.T.);
#3517 = EDGE_CURVE('',#3510,#627,#3518,.T.);
#3518 = LINE('',#3519,#3520);
#3519 = CARTESIAN_POINT('',(-20.,4.3,9.5));
#3520 = VECTOR('',#3521,1.);
#3521 = DIRECTION('',(0.,1.,0.));
#3522 = ORIENTED_EDGE('',*,*,#624,.F.);
#3523 = PLANE('',#3524);
#3524 = AXIS2_PLACEMENT_3D('',#3525,#3526,#3527);
#3525 = CARTESIAN_POINT('',(-18.98492155211,11.042232925754,9.5));
#3526 = DIRECTION('',(-0.,-0.,-1.));
#3527 = DIRECTION('',(-1.,0.,0.));
#3528 = ADVANCED_FACE('',(#3529),#3595,.T.);
#3529 = FACE_BOUND('',#3530,.T.);
#3530 = EDGE_LOOP('',(#3531,#3532,#3533,#3534,#3535,#3536,#3537,#3538,
    #3546,#3555,#3564,#3573,#3581,#3589));
#3531 = ORIENTED_EDGE('',*,*,#1989,.T.);
#3532 = ORIENTED_EDGE('',*,*,#3324,.F.);
#3533 = ORIENTED_EDGE('',*,*,#3410,.T.);
#3534 = ORIENTED_EDGE('',*,*,#3378,.T.);
#3535 = ORIENTED_EDGE('',*,*,#3348,.T.);
#3536 = ORIENTED_EDGE('',*,*,#3431,.F.);
#3537 = ORIENTED_EDGE('',*,*,#3463,.T.);
#3538 = ORIENTED_EDGE('',*,*,#3539,.T.);
#3539 = EDGE_CURVE('',#3464,#3540,#3542,.T.);
#3540 = VERTEX_POINT('',#3541);
#3541 = CARTESIAN_POINT('',(18.246300994996,16.35,9.5));
#3542 = LINE('',#3543,#3544);
#3543 = CARTESIAN_POINT('',(17.1,16.35,9.5));
#3544 = VECTOR('',#3545,1.);
#3545 = DIRECTION('',(1.,0.,0.));
#3546 = ORIENTED_EDGE('',*,*,#3547,.F.);
#3547 = EDGE_CURVE('',#3548,#3540,#3550,.T.);
#3548 = VERTEX_POINT('',#3549);
#3549 = CARTESIAN_POINT('',(18.932709790202,15.55,9.5));
#3550 = CIRCLE('',#3551,24.5);
#3551 = AXIS2_PLACEMENT_3D('',#3552,#3553,#3554);
#3552 = CARTESIAN_POINT('',(0.,0.,9.5));
#3553 = DIRECTION('',(0.,-0.,1.));
#3554 = DIRECTION('',(0.851726934143,0.52398590597,0.));
#3555 = ORIENTED_EDGE('',*,*,#3556,.F.);
#3556 = EDGE_CURVE('',#3557,#3548,#3559,.T.);
#3557 = VERTEX_POINT('',#3558);
#3558 = CARTESIAN_POINT('',(20.345208281067,13.65,9.5));
#3559 = CIRCLE('',#3560,24.5);
#3560 = AXIS2_PLACEMENT_3D('',#3561,#3562,#3563);
#3561 = CARTESIAN_POINT('',(0.,0.,9.5));
#3562 = DIRECTION('',(0.,-0.,1.));
#3563 = DIRECTION('',(0.851726934143,0.52398590597,0.));
#3564 = ORIENTED_EDGE('',*,*,#3565,.F.);
#3565 = EDGE_CURVE('',#3566,#3557,#3568,.T.);
#3566 = VERTEX_POINT('',#3567);
#3567 = CARTESIAN_POINT('',(20.859709969221,12.85,9.5));
#3568 = CIRCLE('',#3569,24.5);
#3569 = AXIS2_PLACEMENT_3D('',#3570,#3571,#3572);
#3570 = CARTESIAN_POINT('',(0.,0.,9.5));
#3571 = DIRECTION('',(0.,-0.,1.));
#3572 = DIRECTION('',(0.851726934143,0.52398590597,0.));
#3573 = ORIENTED_EDGE('',*,*,#3574,.F.);
#3574 = EDGE_CURVE('',#3575,#3566,#3577,.T.);
#3575 = VERTEX_POINT('',#3576);
#3576 = CARTESIAN_POINT('',(20.,12.85,9.5));
#3577 = LINE('',#3578,#3579);
#3578 = CARTESIAN_POINT('',(16.6,12.85,9.5));
#3579 = VECTOR('',#3580,1.);
#3580 = DIRECTION('',(1.,0.,0.));
#3581 = ORIENTED_EDGE('',*,*,#3582,.F.);
#3582 = EDGE_CURVE('',#3583,#3575,#3585,.T.);
#3583 = VERTEX_POINT('',#3584);
#3584 = CARTESIAN_POINT('',(20.,4.3,9.5));
#3585 = LINE('',#3586,#3587);
#3586 = CARTESIAN_POINT('',(20.,4.3,9.5));
#3587 = VECTOR('',#3588,1.);
#3588 = DIRECTION('',(0.,1.,0.));
#3589 = ORIENTED_EDGE('',*,*,#3590,.F.);
#3590 = EDGE_CURVE('',#1982,#3583,#3591,.T.);
#3591 = LINE('',#3592,#3593);
#3592 = CARTESIAN_POINT('',(19.,4.3,9.5));
#3593 = VECTOR('',#3594,1.);
#3594 = DIRECTION('',(1.,0.,0.));
#3595 = PLANE('',#3596);
#3596 = AXIS2_PLACEMENT_3D('',#3597,#3598,#3599);
#3597 = CARTESIAN_POINT('',(18.984921552118,11.042232925754,9.5));
#3598 = DIRECTION('',(-0.,-0.,-1.));
#3599 = DIRECTION('',(-1.,0.,0.));
#3600 = ADVANCED_FACE('',(#3601),#3647,.T.);
#3601 = FACE_BOUND('',#3602,.T.);
#3602 = EDGE_LOOP('',(#3603,#3614,#3620,#3621,#3622,#3623,#3631,#3640));
#3603 = ORIENTED_EDGE('',*,*,#3604,.F.);
#3604 = EDGE_CURVE('',#3605,#3607,#3609,.T.);
#3605 = VERTEX_POINT('',#3606);
#3606 = CARTESIAN_POINT('',(20.859709969221,12.85,18.2));
#3607 = VERTEX_POINT('',#3608);
#3608 = CARTESIAN_POINT('',(20.345208281067,13.65,18.2));
#3609 = CIRCLE('',#3610,24.5);
#3610 = AXIS2_PLACEMENT_3D('',#3611,#3612,#3613);
#3611 = CARTESIAN_POINT('',(0.,0.,18.2));
#3612 = DIRECTION('',(0.,-0.,1.));
#3613 = DIRECTION('',(0.851726934143,0.52398590597,0.));
#3614 = ORIENTED_EDGE('',*,*,#3615,.F.);
#3615 = EDGE_CURVE('',#3566,#3605,#3616,.T.);
#3616 = LINE('',#3617,#3618);
#3617 = CARTESIAN_POINT('',(20.859709969221,12.85,-10.));
#3618 = VECTOR('',#3619,1.);
#3619 = DIRECTION('',(0.,0.,1.));
#3620 = ORIENTED_EDGE('',*,*,#3565,.T.);
#3621 = ORIENTED_EDGE('',*,*,#3556,.T.);
#3622 = ORIENTED_EDGE('',*,*,#3547,.T.);
#3623 = ORIENTED_EDGE('',*,*,#3624,.T.);
#3624 = EDGE_CURVE('',#3540,#3625,#3627,.T.);
#3625 = VERTEX_POINT('',#3626);
#3626 = CARTESIAN_POINT('',(18.246300994996,16.35,18.2));
#3627 = LINE('',#3628,#3629);
#3628 = CARTESIAN_POINT('',(18.246300994996,16.35,-10.));
#3629 = VECTOR('',#3630,1.);
#3630 = DIRECTION('',(0.,0.,1.));
#3631 = ORIENTED_EDGE('',*,*,#3632,.F.);
#3632 = EDGE_CURVE('',#3633,#3625,#3635,.T.);
#3633 = VERTEX_POINT('',#3634);
#3634 = CARTESIAN_POINT('',(18.932709790202,15.55,18.2));
#3635 = CIRCLE('',#3636,24.5);
#3636 = AXIS2_PLACEMENT_3D('',#3637,#3638,#3639);
#3637 = CARTESIAN_POINT('',(0.,0.,18.2));
#3638 = DIRECTION('',(0.,-0.,1.));
#3639 = DIRECTION('',(0.851726934143,0.52398590597,0.));
#3640 = ORIENTED_EDGE('',*,*,#3641,.F.);
#3641 = EDGE_CURVE('',#3607,#3633,#3642,.T.);
#3642 = CIRCLE('',#3643,24.5);
#3643 = AXIS2_PLACEMENT_3D('',#3644,#3645,#3646);
#3644 = CARTESIAN_POINT('',(0.,0.,18.2));
#3645 = DIRECTION('',(0.,-0.,1.));
#3646 = DIRECTION('',(0.851726934143,0.52398590597,0.));
#3647 = CYLINDRICAL_SURFACE('',#3648,24.5);
#3648 = AXIS2_PLACEMENT_3D('',#3649,#3650,#3651);
#3649 = CARTESIAN_POINT('',(0.,0.,-10.));
#3650 = DIRECTION('',(0.,0.,1.));
#3651 = DIRECTION('',(0.851726934143,0.52398590597,0.));
#3652 = ADVANCED_FACE('',(#3653),#3671,.F.);
#3653 = FACE_BOUND('',#3654,.F.);
#3654 = EDGE_LOOP('',(#3655,#3656,#3664,#3670));
#3655 = ORIENTED_EDGE('',*,*,#3574,.F.);
#3656 = ORIENTED_EDGE('',*,*,#3657,.F.);
#3657 = EDGE_CURVE('',#3658,#3575,#3660,.T.);
#3658 = VERTEX_POINT('',#3659);
#3659 = CARTESIAN_POINT('',(20.,12.85,18.2));
#3660 = LINE('',#3661,#3662);
#3661 = CARTESIAN_POINT('',(20.,12.85,9.5));
#3662 = VECTOR('',#3663,1.);
#3663 = DIRECTION('',(0.,0.,-1.));
#3664 = ORIENTED_EDGE('',*,*,#3665,.T.);
#3665 = EDGE_CURVE('',#3658,#3605,#3666,.T.);
#3666 = LINE('',#3667,#3668);
#3667 = CARTESIAN_POINT('',(16.6,12.85,18.2));
#3668 = VECTOR('',#3669,1.);
#3669 = DIRECTION('',(1.,0.,0.));
#3670 = ORIENTED_EDGE('',*,*,#3615,.F.);
#3671 = PLANE('',#3672);
#3672 = AXIS2_PLACEMENT_3D('',#3673,#3674,#3675);
#3673 = CARTESIAN_POINT('',(16.6,12.85,9.5));
#3674 = DIRECTION('',(0.,1.,0.));
#3675 = DIRECTION('',(0.,0.,1.));
#3676 = ADVANCED_FACE('',(#3677,#3715),#3718,.F.);
#3677 = FACE_BOUND('',#3678,.T.);
#3678 = EDGE_LOOP('',(#3679,#3687,#3695,#3703,#3709,#3710,#3711,#3712,
    #3713,#3714));
#3679 = ORIENTED_EDGE('',*,*,#3680,.T.);
#3680 = EDGE_CURVE('',#3510,#3681,#3683,.T.);
#3681 = VERTEX_POINT('',#3682);
#3682 = CARTESIAN_POINT('',(-20.,4.3,95.7));
#3683 = LINE('',#3684,#3685);
#3684 = CARTESIAN_POINT('',(-20.,4.3,9.5));
#3685 = VECTOR('',#3686,1.);
#3686 = DIRECTION('',(0.,0.,1.));
#3687 = ORIENTED_EDGE('',*,*,#3688,.T.);
#3688 = EDGE_CURVE('',#3681,#3689,#3691,.T.);
#3689 = VERTEX_POINT('',#3690);
#3690 = CARTESIAN_POINT('',(-20.,12.86,95.7));
#3691 = LINE('',#3692,#3693);
#3692 = CARTESIAN_POINT('',(-20.,4.3,95.7));
#3693 = VECTOR('',#3694,1.);
#3694 = DIRECTION('',(0.,1.,0.));
#3695 = ORIENTED_EDGE('',*,*,#3696,.F.);
#3696 = EDGE_CURVE('',#3697,#3689,#3699,.T.);
#3697 = VERTEX_POINT('',#3698);
#3698 = CARTESIAN_POINT('',(-20.,12.86,81.));
#3699 = LINE('',#3700,#3701);
#3700 = CARTESIAN_POINT('',(-20.,12.86,9.5));
#3701 = VECTOR('',#3702,1.);
#3702 = DIRECTION('',(0.,0.,1.));
#3703 = ORIENTED_EDGE('',*,*,#3704,.F.);
#3704 = EDGE_CURVE('',#3100,#3697,#3705,.T.);
#3705 = LINE('',#3706,#3707);
#3706 = CARTESIAN_POINT('',(-20.,8.575,81.));
#3707 = VECTOR('',#3708,1.);
#3708 = DIRECTION('',(0.,1.,0.));
#3709 = ORIENTED_EDGE('',*,*,#3109,.T.);
#3710 = ORIENTED_EDGE('',*,*,#853,.T.);
#3711 = ORIENTED_EDGE('',*,*,#804,.F.);
#3712 = ORIENTED_EDGE('',*,*,#674,.F.);
#3713 = ORIENTED_EDGE('',*,*,#650,.T.);
#3714 = ORIENTED_EDGE('',*,*,#3517,.F.);
#3715 = FACE_BOUND('',#3716,.F.);
#3716 = EDGE_LOOP('',(#3717));
#3717 = ORIENTED_EDGE('',*,*,#2259,.F.);
#3718 = PLANE('',#3719);
#3719 = AXIS2_PLACEMENT_3D('',#3720,#3721,#3722);
#3720 = CARTESIAN_POINT('',(-20.,4.3,9.5));
#3721 = DIRECTION('',(1.,0.,0.));
#3722 = DIRECTION('',(0.,0.,1.));
#3723 = ADVANCED_FACE('',(#3724),#3741,.T.);
#3724 = FACE_BOUND('',#3725,.T.);
#3725 = EDGE_LOOP('',(#3726,#3727,#3728,#3729,#3730,#3731,#3732,#3733,
    #3739,#3740));
#3726 = ORIENTED_EDGE('',*,*,#1107,.T.);
#3727 = ORIENTED_EDGE('',*,*,#1205,.F.);
#3728 = ORIENTED_EDGE('',*,*,#1332,.F.);
#3729 = ORIENTED_EDGE('',*,*,#1355,.T.);
#3730 = ORIENTED_EDGE('',*,*,#1075,.T.);
#3731 = ORIENTED_EDGE('',*,*,#1674,.T.);
#3732 = ORIENTED_EDGE('',*,*,#2208,.T.);
#3733 = ORIENTED_EDGE('',*,*,#3734,.F.);
#3734 = EDGE_CURVE('',#3681,#2209,#3735,.T.);
#3735 = LINE('',#3736,#3737);
#3736 = CARTESIAN_POINT('',(-20.,4.3,95.7));
#3737 = VECTOR('',#3738,1.);
#3738 = DIRECTION('',(1.,0.,0.));
#3739 = ORIENTED_EDGE('',*,*,#3680,.F.);
#3740 = ORIENTED_EDGE('',*,*,#3509,.T.);
#3741 = PLANE('',#3742);
#3742 = AXIS2_PLACEMENT_3D('',#3743,#3744,#3745);
#3743 = CARTESIAN_POINT('',(-19.49379932356,4.3,53.203438556934));
#3744 = DIRECTION('',(-0.,-1.,-0.));
#3745 = DIRECTION('',(0.,0.,-1.));
#3746 = ADVANCED_FACE('',(#3747),#3771,.T.);
#3747 = FACE_BOUND('',#3748,.T.);
#3748 = EDGE_LOOP('',(#3749,#3757,#3763,#3764,#3765,#3766,#3767,#3768,
    #3769,#3770));
#3749 = ORIENTED_EDGE('',*,*,#3750,.T.);
#3750 = EDGE_CURVE('',#3583,#3751,#3753,.T.);
#3751 = VERTEX_POINT('',#3752);
#3752 = CARTESIAN_POINT('',(20.,4.3,95.7));
#3753 = LINE('',#3754,#3755);
#3754 = CARTESIAN_POINT('',(20.,4.3,9.5));
#3755 = VECTOR('',#3756,1.);
#3756 = DIRECTION('',(0.,0.,1.));
#3757 = ORIENTED_EDGE('',*,*,#3758,.F.);
#3758 = EDGE_CURVE('',#2908,#3751,#3759,.T.);
#3759 = LINE('',#3760,#3761);
#3760 = CARTESIAN_POINT('',(19.,4.3,95.7));
#3761 = VECTOR('',#3762,1.);
#3762 = DIRECTION('',(1.,0.,0.));
#3763 = ORIENTED_EDGE('',*,*,#2907,.F.);
#3764 = ORIENTED_EDGE('',*,*,#2691,.T.);
#3765 = ORIENTED_EDGE('',*,*,#1972,.F.);
#3766 = ORIENTED_EDGE('',*,*,#1378,.T.);
#3767 = ORIENTED_EDGE('',*,*,#2083,.T.);
#3768 = ORIENTED_EDGE('',*,*,#1237,.F.);
#3769 = ORIENTED_EDGE('',*,*,#1981,.F.);
#3770 = ORIENTED_EDGE('',*,*,#3590,.T.);
#3771 = PLANE('',#3772);
#3772 = AXIS2_PLACEMENT_3D('',#3773,#3774,#3775);
#3773 = CARTESIAN_POINT('',(19.493799323563,4.3,53.203438556934));
#3774 = DIRECTION('',(-0.,-1.,-0.));
#3775 = DIRECTION('',(0.,0.,-1.));
#3776 = ADVANCED_FACE('',(#3777),#3795,.T.);
#3777 = FACE_BOUND('',#3778,.T.);
#3778 = EDGE_LOOP('',(#3779,#3785,#3786,#3792,#3793,#3794));
#3779 = ORIENTED_EDGE('',*,*,#3780,.T.);
#3780 = EDGE_CURVE('',#1058,#3697,#3781,.T.);
#3781 = LINE('',#3782,#3783);
#3782 = CARTESIAN_POINT('',(-23.,12.86,81.));
#3783 = VECTOR('',#3784,1.);
#3784 = DIRECTION('',(-1.,0.,0.));
#3785 = ORIENTED_EDGE('',*,*,#3696,.T.);
#3786 = ORIENTED_EDGE('',*,*,#3787,.T.);
#3787 = EDGE_CURVE('',#3689,#2218,#3788,.T.);
#3788 = LINE('',#3789,#3790);
#3789 = CARTESIAN_POINT('',(-20.,12.86,95.7));
#3790 = VECTOR('',#3791,1.);
#3791 = DIRECTION('',(1.,0.,0.));
#3792 = ORIENTED_EDGE('',*,*,#2217,.F.);
#3793 = ORIENTED_EDGE('',*,*,#1690,.F.);
#3794 = ORIENTED_EDGE('',*,*,#1057,.F.);
#3795 = PLANE('',#3796);
#3796 = AXIS2_PLACEMENT_3D('',#3797,#3798,#3799);
#3797 = CARTESIAN_POINT('',(-19.2994011976,12.86,88.649401197605));
#3798 = DIRECTION('',(0.,1.,0.));
#3799 = DIRECTION('',(0.,0.,1.));
#3800 = ADVANCED_FACE('',(#3801),#3821,.T.);
#3801 = FACE_BOUND('',#3802,.T.);
#3802 = EDGE_LOOP('',(#3803,#3804,#3805,#3806,#3807,#3815));
#3803 = ORIENTED_EDGE('',*,*,#601,.T.);
#3804 = ORIENTED_EDGE('',*,*,#2036,.T.);
#3805 = ORIENTED_EDGE('',*,*,#2675,.F.);
#3806 = ORIENTED_EDGE('',*,*,#2916,.T.);
#3807 = ORIENTED_EDGE('',*,*,#3808,.T.);
#3808 = EDGE_CURVE('',#2917,#3809,#3811,.T.);
#3809 = VERTEX_POINT('',#3810);
#3810 = CARTESIAN_POINT('',(20.,12.86,95.7));
#3811 = LINE('',#3812,#3813);
#3812 = CARTESIAN_POINT('',(18.,12.86,95.7));
#3813 = VECTOR('',#3814,1.);
#3814 = DIRECTION('',(1.,0.,0.));
#3815 = ORIENTED_EDGE('',*,*,#3816,.F.);
#3816 = EDGE_CURVE('',#602,#3809,#3817,.T.);
#3817 = LINE('',#3818,#3819);
#3818 = CARTESIAN_POINT('',(20.,12.86,9.5));
#3819 = VECTOR('',#3820,1.);
#3820 = DIRECTION('',(0.,0.,1.));
#3821 = PLANE('',#3822);
#3822 = AXIS2_PLACEMENT_3D('',#3823,#3824,#3825);
#3823 = CARTESIAN_POINT('',(19.299401197605,12.86,88.649401197605));
#3824 = DIRECTION('',(0.,1.,0.));
#3825 = DIRECTION('',(0.,0.,1.));
#3826 = ADVANCED_FACE('',(#3827),#3853,.T.);
#3827 = FACE_BOUND('',#3828,.T.);
#3828 = EDGE_LOOP('',(#3829,#3830,#3831,#3832,#3833,#3834,#3835,#3836,
    #3837,#3845,#3851,#3852));
#3829 = ORIENTED_EDGE('',*,*,#1441,.T.);
#3830 = ORIENTED_EDGE('',*,*,#3099,.T.);
#3831 = ORIENTED_EDGE('',*,*,#3704,.T.);
#3832 = ORIENTED_EDGE('',*,*,#3780,.F.);
#3833 = ORIENTED_EDGE('',*,*,#1140,.F.);
#3834 = ORIENTED_EDGE('',*,*,#3126,.T.);
#3835 = ORIENTED_EDGE('',*,*,#1587,.T.);
#3836 = ORIENTED_EDGE('',*,*,#1555,.F.);
#3837 = ORIENTED_EDGE('',*,*,#3838,.T.);
#3838 = EDGE_CURVE('',#1548,#3839,#3841,.T.);
#3839 = VERTEX_POINT('',#3840);
#3840 = CARTESIAN_POINT('',(-17.1,16.35,81.));
#3841 = LINE('',#3842,#3843);
#3842 = CARTESIAN_POINT('',(-17.1,12.85,81.));
#3843 = VECTOR('',#3844,1.);
#3844 = DIRECTION('',(0.,1.,0.));
#3845 = ORIENTED_EDGE('',*,*,#3846,.F.);
#3846 = EDGE_CURVE('',#1460,#3839,#3847,.T.);
#3847 = LINE('',#3848,#3849);
#3848 = CARTESIAN_POINT('',(-26.,16.35,81.));
#3849 = VECTOR('',#3850,1.);
#3850 = DIRECTION('',(1.,0.,0.));
#3851 = ORIENTED_EDGE('',*,*,#1459,.T.);
#3852 = ORIENTED_EDGE('',*,*,#1450,.T.);
#3853 = PLANE('',#3854);
#3854 = AXIS2_PLACEMENT_3D('',#3855,#3856,#3857);
#3855 = CARTESIAN_POINT('',(-18.4097877786,14.181029987216,81.));
#3856 = DIRECTION('',(0.,0.,1.));
#3857 = DIRECTION('',(1.,0.,0.));
#3858 = ADVANCED_FACE('',(#3859),#3865,.T.);
#3859 = FACE_BOUND('',#3860,.T.);
#3860 = EDGE_LOOP('',(#3861,#3862,#3863,#3864));
#3861 = ORIENTED_EDGE('',*,*,#3496,.F.);
#3862 = ORIENTED_EDGE('',*,*,#771,.T.);
#3863 = ORIENTED_EDGE('',*,*,#746,.T.);
#3864 = ORIENTED_EDGE('',*,*,#946,.F.);
#3865 = PLANE('',#3866);
#3866 = AXIS2_PLACEMENT_3D('',#3867,#3868,#3869);
#3867 = CARTESIAN_POINT('',(-17.67315049749,16.35,27.));
#3868 = DIRECTION('',(0.,1.,0.));
#3869 = DIRECTION('',(0.,0.,1.));
#3870 = ADVANCED_FACE('',(#3871),#3882,.T.);
#3871 = FACE_BOUND('',#3872,.T.);
#3872 = EDGE_LOOP('',(#3873,#3874,#3875,#3881));
#3873 = ORIENTED_EDGE('',*,*,#1468,.T.);
#3874 = ORIENTED_EDGE('',*,*,#3846,.T.);
#3875 = ORIENTED_EDGE('',*,*,#3876,.F.);
#3876 = EDGE_CURVE('',#909,#3839,#3877,.T.);
#3877 = LINE('',#3878,#3879);
#3878 = CARTESIAN_POINT('',(-17.1,16.35,9.5));
#3879 = VECTOR('',#3880,1.);
#3880 = DIRECTION('',(0.,0.,1.));
#3881 = ORIENTED_EDGE('',*,*,#916,.F.);
#3882 = PLANE('',#3883);
#3883 = AXIS2_PLACEMENT_3D('',#3884,#3885,#3886);
#3884 = CARTESIAN_POINT('',(-17.67315049749,16.35,77.));
#3885 = DIRECTION('',(0.,1.,0.));
#3886 = DIRECTION('',(0.,0.,1.));
#3887 = ADVANCED_FACE('',(#3888),#3906,.T.);
#3888 = FACE_BOUND('',#3889,.T.);
#3889 = EDGE_LOOP('',(#3890,#3891,#3899,#3905));
#3890 = ORIENTED_EDGE('',*,*,#487,.F.);
#3891 = ORIENTED_EDGE('',*,*,#3892,.F.);
#3892 = EDGE_CURVE('',#3893,#479,#3895,.T.);
#3893 = VERTEX_POINT('',#3894);
#3894 = CARTESIAN_POINT('',(17.1,16.35,46.3));
#3895 = LINE('',#3896,#3897);
#3896 = CARTESIAN_POINT('',(18.15,16.35,46.3));
#3897 = VECTOR('',#3898,1.);
#3898 = DIRECTION('',(1.,0.,0.));
#3899 = ORIENTED_EDGE('',*,*,#3900,.T.);
#3900 = EDGE_CURVE('',#3893,#554,#3901,.T.);
#3901 = LINE('',#3902,#3903);
#3902 = CARTESIAN_POINT('',(17.1,16.35,46.3));
#3903 = VECTOR('',#3904,1.);
#3904 = DIRECTION('',(0.,0.,1.));
#3905 = ORIENTED_EDGE('',*,*,#553,.T.);
#3906 = PLANE('',#3907);
#3907 = AXIS2_PLACEMENT_3D('',#3908,#3909,#3910);
#3908 = CARTESIAN_POINT('',(17.673150497498,16.35,63.65));
#3909 = DIRECTION('',(0.,1.,0.));
#3910 = DIRECTION('',(0.,0.,1.));
#3911 = ADVANCED_FACE('',(#3912),#3923,.T.);
#3912 = FACE_BOUND('',#3913,.T.);
#3913 = EDGE_LOOP('',(#3914,#3915,#3916,#3922));
#3914 = ORIENTED_EDGE('',*,*,#3539,.F.);
#3915 = ORIENTED_EDGE('',*,*,#3471,.T.);
#3916 = ORIENTED_EDGE('',*,*,#3917,.T.);
#3917 = EDGE_CURVE('',#3472,#3625,#3918,.T.);
#3918 = LINE('',#3919,#3920);
#3919 = CARTESIAN_POINT('',(17.1,16.35,18.2));
#3920 = VECTOR('',#3921,1.);
#3921 = DIRECTION('',(1.,0.,0.));
#3922 = ORIENTED_EDGE('',*,*,#3624,.F.);
#3923 = PLANE('',#3924);
#3924 = AXIS2_PLACEMENT_3D('',#3925,#3926,#3927);
#3925 = CARTESIAN_POINT('',(17.673150497498,16.35,13.85));
#3926 = DIRECTION('',(0.,1.,0.));
#3927 = DIRECTION('',(0.,0.,1.));
#3928 = ADVANCED_FACE('',(#3929),#3937,.T.);
#3929 = FACE_BOUND('',#3930,.T.);
#3930 = EDGE_LOOP('',(#3931,#3932,#3933,#3934,#3935,#3936));
#3931 = ORIENTED_EDGE('',*,*,#1499,.F.);
#3932 = ORIENTED_EDGE('',*,*,#908,.F.);
#3933 = ORIENTED_EDGE('',*,*,#3876,.T.);
#3934 = ORIENTED_EDGE('',*,*,#3838,.F.);
#3935 = ORIENTED_EDGE('',*,*,#1547,.T.);
#3936 = ORIENTED_EDGE('',*,*,#2277,.T.);
#3937 = PLANE('',#3938);
#3938 = AXIS2_PLACEMENT_3D('',#3939,#3940,#3941);
#3939 = CARTESIAN_POINT('',(-17.1,15.621495327103,77.621495327103));
#3940 = DIRECTION('',(1.,0.,0.));
#3941 = DIRECTION('',(0.,0.,1.));
#3942 = ADVANCED_FACE('',(#3943),#3949,.T.);
#3943 = FACE_BOUND('',#3944,.T.);
#3944 = EDGE_LOOP('',(#3945,#3946,#3947,#3948));
#3945 = ORIENTED_EDGE('',*,*,#3688,.F.);
#3946 = ORIENTED_EDGE('',*,*,#3734,.T.);
#3947 = ORIENTED_EDGE('',*,*,#2225,.T.);
#3948 = ORIENTED_EDGE('',*,*,#3787,.F.);
#3949 = PLANE('',#3950);
#3950 = AXIS2_PLACEMENT_3D('',#3951,#3952,#3953);
#3951 = CARTESIAN_POINT('',(-19.,8.58,95.7));
#3952 = DIRECTION('',(0.,0.,1.));
#3953 = DIRECTION('',(1.,0.,0.));
#3954 = ADVANCED_FACE('',(#3955),#3966,.T.);
#3955 = FACE_BOUND('',#3956,.T.);
#3956 = EDGE_LOOP('',(#3957,#3958,#3959,#3960));
#3957 = ORIENTED_EDGE('',*,*,#3808,.F.);
#3958 = ORIENTED_EDGE('',*,*,#2924,.F.);
#3959 = ORIENTED_EDGE('',*,*,#3758,.T.);
#3960 = ORIENTED_EDGE('',*,*,#3961,.T.);
#3961 = EDGE_CURVE('',#3751,#3809,#3962,.T.);
#3962 = LINE('',#3963,#3964);
#3963 = CARTESIAN_POINT('',(20.,4.3,95.7));
#3964 = VECTOR('',#3965,1.);
#3965 = DIRECTION('',(0.,1.,0.));
#3966 = PLANE('',#3967);
#3967 = AXIS2_PLACEMENT_3D('',#3968,#3969,#3970);
#3968 = CARTESIAN_POINT('',(19.,8.58,95.7));
#3969 = DIRECTION('',(0.,0.,1.));
#3970 = DIRECTION('',(1.,0.,0.));
#3971 = ADVANCED_FACE('',(#3972),#3997,.T.);
#3972 = FACE_BOUND('',#3973,.T.);
#3973 = EDGE_LOOP('',(#3974,#3982,#3983,#3991));
#3974 = ORIENTED_EDGE('',*,*,#3975,.F.);
#3975 = EDGE_CURVE('',#420,#3976,#3978,.T.);
#3976 = VERTEX_POINT('',#3977);
#3977 = CARTESIAN_POINT('',(16.1,4.9,26.6));
#3978 = LINE('',#3979,#3980);
#3979 = CARTESIAN_POINT('',(16.1,4.9,15.));
#3980 = VECTOR('',#3981,1.);
#3981 = DIRECTION('',(0.,0.,1.));
#3982 = ORIENTED_EDGE('',*,*,#419,.T.);
#3983 = ORIENTED_EDGE('',*,*,#3984,.F.);
#3984 = EDGE_CURVE('',#3985,#412,#3987,.T.);
#3985 = VERTEX_POINT('',#3986);
#3986 = CARTESIAN_POINT('',(16.1,5.15,26.6));
#3987 = LINE('',#3988,#3989);
#3988 = CARTESIAN_POINT('',(16.1,5.15,15.6));
#3989 = VECTOR('',#3990,1.);
#3990 = DIRECTION('',(0.,0.,-1.));
#3991 = ORIENTED_EDGE('',*,*,#3992,.F.);
#3992 = EDGE_CURVE('',#3976,#3985,#3993,.T.);
#3993 = LINE('',#3994,#3995);
#3994 = CARTESIAN_POINT('',(16.1,4.9,26.6));
#3995 = VECTOR('',#3996,1.);
#3996 = DIRECTION('',(0.,1.,0.));
#3997 = PLANE('',#3998);
#3998 = AXIS2_PLACEMENT_3D('',#3999,#4000,#4001);
#3999 = CARTESIAN_POINT('',(16.1,4.9,15.));
#4000 = DIRECTION('',(1.,0.,0.));
#4001 = DIRECTION('',(0.,0.,1.));
#4002 = ADVANCED_FACE('',(#4003),#4037,.T.);
#4003 = FACE_BOUND('',#4004,.T.);
#4004 = EDGE_LOOP('',(#4005,#4006,#4014,#4022,#4030,#4036));
#4005 = ORIENTED_EDGE('',*,*,#411,.F.);
#4006 = ORIENTED_EDGE('',*,*,#4007,.T.);
#4007 = EDGE_CURVE('',#404,#4008,#4010,.T.);
#4008 = VERTEX_POINT('',#4009);
#4009 = CARTESIAN_POINT('',(14.6,5.15,70.));
#4010 = LINE('',#4011,#4012);
#4011 = CARTESIAN_POINT('',(14.6,5.15,16.2));
#4012 = VECTOR('',#4013,1.);
#4013 = DIRECTION('',(0.,0.,1.));
#4014 = ORIENTED_EDGE('',*,*,#4015,.T.);
#4015 = EDGE_CURVE('',#4008,#4016,#4018,.T.);
#4016 = VERTEX_POINT('',#4017);
#4017 = CARTESIAN_POINT('',(16.15,5.15,70.));
#4018 = LINE('',#4019,#4020);
#4019 = CARTESIAN_POINT('',(14.6,5.15,70.));
#4020 = VECTOR('',#4021,1.);
#4021 = DIRECTION('',(1.,0.,0.));
#4022 = ORIENTED_EDGE('',*,*,#4023,.F.);
#4023 = EDGE_CURVE('',#4024,#4016,#4026,.T.);
#4024 = VERTEX_POINT('',#4025);
#4025 = CARTESIAN_POINT('',(16.15,5.15,26.6));
#4026 = LINE('',#4027,#4028);
#4027 = CARTESIAN_POINT('',(16.15,5.15,16.2));
#4028 = VECTOR('',#4029,1.);
#4029 = DIRECTION('',(0.,0.,1.));
#4030 = ORIENTED_EDGE('',*,*,#4031,.F.);
#4031 = EDGE_CURVE('',#3985,#4024,#4032,.T.);
#4032 = LINE('',#4033,#4034);
#4033 = CARTESIAN_POINT('',(15.35,5.15,26.6));
#4034 = VECTOR('',#4035,1.);
#4035 = DIRECTION('',(1.,0.,0.));
#4036 = ORIENTED_EDGE('',*,*,#3984,.T.);
#4037 = PLANE('',#4038);
#4038 = AXIS2_PLACEMENT_3D('',#4039,#4040,#4041);
#4039 = CARTESIAN_POINT('',(14.6,5.15,16.2));
#4040 = DIRECTION('',(0.,1.,0.));
#4041 = DIRECTION('',(0.,0.,1.));
#4042 = ADVANCED_FACE('',(#4043),#4061,.F.);
#4043 = FACE_BOUND('',#4044,.F.);
#4044 = EDGE_LOOP('',(#4045,#4053,#4054,#4055));
#4045 = ORIENTED_EDGE('',*,*,#4046,.F.);
#4046 = EDGE_CURVE('',#396,#4047,#4049,.T.);
#4047 = VERTEX_POINT('',#4048);
#4048 = CARTESIAN_POINT('',(14.6,4.5,70.));
#4049 = LINE('',#4050,#4051);
#4050 = CARTESIAN_POINT('',(14.6,4.5,16.2));
#4051 = VECTOR('',#4052,1.);
#4052 = DIRECTION('',(0.,0.,1.));
#4053 = ORIENTED_EDGE('',*,*,#403,.T.);
#4054 = ORIENTED_EDGE('',*,*,#4007,.T.);
#4055 = ORIENTED_EDGE('',*,*,#4056,.F.);
#4056 = EDGE_CURVE('',#4047,#4008,#4057,.T.);
#4057 = LINE('',#4058,#4059);
#4058 = CARTESIAN_POINT('',(14.6,4.5,70.));
#4059 = VECTOR('',#4060,1.);
#4060 = DIRECTION('',(0.,1.,0.));
#4061 = PLANE('',#4062);
#4062 = AXIS2_PLACEMENT_3D('',#4063,#4064,#4065);
#4063 = CARTESIAN_POINT('',(14.6,4.5,16.2));
#4064 = DIRECTION('',(1.,0.,0.));
#4065 = DIRECTION('',(0.,0.,1.));
#4066 = ADVANCED_FACE('',(#4067),#4101,.T.);
#4067 = FACE_BOUND('',#4068,.T.);
#4068 = EDGE_LOOP('',(#4069,#4070,#4071,#4077,#4078,#4086,#4094,#4100));
#4069 = ORIENTED_EDGE('',*,*,#1704,.F.);
#4070 = ORIENTED_EDGE('',*,*,#1174,.T.);
#4071 = ORIENTED_EDGE('',*,*,#4072,.T.);
#4072 = EDGE_CURVE('',#1167,#174,#4073,.T.);
#4073 = LINE('',#4074,#4075);
#4074 = CARTESIAN_POINT('',(-19.01,7.7,70.));
#4075 = VECTOR('',#4076,1.);
#4076 = DIRECTION('',(1.,0.,0.));
#4077 = ORIENTED_EDGE('',*,*,#173,.F.);
#4078 = ORIENTED_EDGE('',*,*,#4079,.T.);
#4079 = EDGE_CURVE('',#166,#4080,#4082,.T.);
#4080 = VERTEX_POINT('',#4081);
#4081 = CARTESIAN_POINT('',(-15.,7.7,69.));
#4082 = LINE('',#4083,#4084);
#4083 = CARTESIAN_POINT('',(-16.16,7.7,69.));
#4084 = VECTOR('',#4085,1.);
#4085 = DIRECTION('',(1.,0.,0.));
#4086 = ORIENTED_EDGE('',*,*,#4087,.F.);
#4087 = EDGE_CURVE('',#4088,#4080,#4090,.T.);
#4088 = VERTEX_POINT('',#4089);
#4089 = CARTESIAN_POINT('',(-15.,7.7,59.5));
#4090 = LINE('',#4091,#4092);
#4091 = CARTESIAN_POINT('',(-15.,7.7,59.5));
#4092 = VECTOR('',#4093,1.);
#4093 = DIRECTION('',(0.,0.,1.));
#4094 = ORIENTED_EDGE('',*,*,#4095,.F.);
#4095 = EDGE_CURVE('',#142,#4088,#4096,.T.);
#4096 = LINE('',#4097,#4098);
#4097 = CARTESIAN_POINT('',(-16.16,7.7,59.5));
#4098 = VECTOR('',#4099,1.);
#4099 = DIRECTION('',(1.,0.,0.));
#4100 = ORIENTED_EDGE('',*,*,#141,.F.);
#4101 = PLANE('',#4102);
#4102 = AXIS2_PLACEMENT_3D('',#4103,#4104,#4105);
#4103 = CARTESIAN_POINT('',(-17.44070069204,7.7,43.52080449827));
#4104 = DIRECTION('',(0.,1.,0.));
#4105 = DIRECTION('',(0.,0.,1.));
#4106 = ADVANCED_FACE('',(#4107),#4125,.T.);
#4107 = FACE_BOUND('',#4108,.T.);
#4108 = EDGE_LOOP('',(#4109,#4110,#4118,#4124));
#4109 = ORIENTED_EDGE('',*,*,#165,.T.);
#4110 = ORIENTED_EDGE('',*,*,#4111,.T.);
#4111 = EDGE_CURVE('',#158,#4112,#4114,.T.);
#4112 = VERTEX_POINT('',#4113);
#4113 = CARTESIAN_POINT('',(-15.,7.05,69.));
#4114 = LINE('',#4115,#4116);
#4115 = CARTESIAN_POINT('',(-16.16,7.05,69.));
#4116 = VECTOR('',#4117,1.);
#4117 = DIRECTION('',(1.,0.,0.));
#4118 = ORIENTED_EDGE('',*,*,#4119,.T.);
#4119 = EDGE_CURVE('',#4112,#4080,#4120,.T.);
#4120 = LINE('',#4121,#4122);
#4121 = CARTESIAN_POINT('',(-15.,7.05,69.));
#4122 = VECTOR('',#4123,1.);
#4123 = DIRECTION('',(0.,1.,0.));
#4124 = ORIENTED_EDGE('',*,*,#4079,.F.);
#4125 = PLANE('',#4126);
#4126 = AXIS2_PLACEMENT_3D('',#4127,#4128,#4129);
#4127 = CARTESIAN_POINT('',(-16.16,7.05,69.));
#4128 = DIRECTION('',(0.,0.,1.));
#4129 = DIRECTION('',(1.,0.,0.));
#4130 = ADVANCED_FACE('',(#4131),#4149,.F.);
#4131 = FACE_BOUND('',#4132,.F.);
#4132 = EDGE_LOOP('',(#4133,#4141,#4142,#4143));
#4133 = ORIENTED_EDGE('',*,*,#4134,.F.);
#4134 = EDGE_CURVE('',#150,#4135,#4137,.T.);
#4135 = VERTEX_POINT('',#4136);
#4136 = CARTESIAN_POINT('',(-15.,7.05,59.5));
#4137 = LINE('',#4138,#4139);
#4138 = CARTESIAN_POINT('',(-16.16,7.05,59.5));
#4139 = VECTOR('',#4140,1.);
#4140 = DIRECTION('',(1.,0.,0.));
#4141 = ORIENTED_EDGE('',*,*,#157,.T.);
#4142 = ORIENTED_EDGE('',*,*,#4111,.T.);
#4143 = ORIENTED_EDGE('',*,*,#4144,.F.);
#4144 = EDGE_CURVE('',#4135,#4112,#4145,.T.);
#4145 = LINE('',#4146,#4147);
#4146 = CARTESIAN_POINT('',(-15.,7.05,59.5));
#4147 = VECTOR('',#4148,1.);
#4148 = DIRECTION('',(0.,0.,1.));
#4149 = PLANE('',#4150);
#4150 = AXIS2_PLACEMENT_3D('',#4151,#4152,#4153);
#4151 = CARTESIAN_POINT('',(-16.16,7.05,59.5));
#4152 = DIRECTION('',(0.,1.,0.));
#4153 = DIRECTION('',(0.,0.,1.));
#4154 = ADVANCED_FACE('',(#4155),#4166,.F.);
#4155 = FACE_BOUND('',#4156,.F.);
#4156 = EDGE_LOOP('',(#4157,#4158,#4159,#4165));
#4157 = ORIENTED_EDGE('',*,*,#149,.T.);
#4158 = ORIENTED_EDGE('',*,*,#4134,.T.);
#4159 = ORIENTED_EDGE('',*,*,#4160,.T.);
#4160 = EDGE_CURVE('',#4135,#4088,#4161,.T.);
#4161 = LINE('',#4162,#4163);
#4162 = CARTESIAN_POINT('',(-15.,7.05,59.5));
#4163 = VECTOR('',#4164,1.);
#4164 = DIRECTION('',(0.,1.,0.));
#4165 = ORIENTED_EDGE('',*,*,#4095,.F.);
#4166 = PLANE('',#4167);
#4167 = AXIS2_PLACEMENT_3D('',#4168,#4169,#4170);
#4168 = CARTESIAN_POINT('',(-16.16,7.05,59.5));
#4169 = DIRECTION('',(0.,0.,1.));
#4170 = DIRECTION('',(1.,0.,0.));
#4171 = ADVANCED_FACE('',(#4172),#4178,.T.);
#4172 = FACE_BOUND('',#4173,.T.);
#4173 = EDGE_LOOP('',(#4174,#4175,#4176,#4177));
#4174 = ORIENTED_EDGE('',*,*,#4144,.F.);
#4175 = ORIENTED_EDGE('',*,*,#4160,.T.);
#4176 = ORIENTED_EDGE('',*,*,#4087,.T.);
#4177 = ORIENTED_EDGE('',*,*,#4119,.F.);
#4178 = PLANE('',#4179);
#4179 = AXIS2_PLACEMENT_3D('',#4180,#4181,#4182);
#4180 = CARTESIAN_POINT('',(-15.,7.05,59.5));
#4181 = DIRECTION('',(1.,0.,0.));
#4182 = DIRECTION('',(0.,0.,1.));
#4183 = ADVANCED_FACE('',(#4184),#4236,.T.);
#4184 = FACE_BOUND('',#4185,.T.);
#4185 = EDGE_LOOP('',(#4186,#4187,#4188,#4189,#4197,#4205,#4213,#4221,
    #4229,#4235));
#4186 = ORIENTED_EDGE('',*,*,#379,.F.);
#4187 = ORIENTED_EDGE('',*,*,#300,.F.);
#4188 = ORIENTED_EDGE('',*,*,#355,.F.);
#4189 = ORIENTED_EDGE('',*,*,#4190,.T.);
#4190 = EDGE_CURVE('',#339,#4191,#4193,.T.);
#4191 = VERTEX_POINT('',#4192);
#4192 = CARTESIAN_POINT('',(16.15,7.7,59.5));
#4193 = LINE('',#4194,#4195);
#4194 = CARTESIAN_POINT('',(16.15,7.7,16.2));
#4195 = VECTOR('',#4196,1.);
#4196 = DIRECTION('',(0.,0.,1.));
#4197 = ORIENTED_EDGE('',*,*,#4198,.F.);
#4198 = EDGE_CURVE('',#4199,#4191,#4201,.T.);
#4199 = VERTEX_POINT('',#4200);
#4200 = CARTESIAN_POINT('',(15.,7.7,59.5));
#4201 = LINE('',#4202,#4203);
#4202 = CARTESIAN_POINT('',(15.,7.7,59.5));
#4203 = VECTOR('',#4204,1.);
#4204 = DIRECTION('',(1.,0.,0.));
#4205 = ORIENTED_EDGE('',*,*,#4206,.T.);
#4206 = EDGE_CURVE('',#4199,#4207,#4209,.T.);
#4207 = VERTEX_POINT('',#4208);
#4208 = CARTESIAN_POINT('',(15.,7.7,69.));
#4209 = LINE('',#4210,#4211);
#4210 = CARTESIAN_POINT('',(15.,7.7,59.5));
#4211 = VECTOR('',#4212,1.);
#4212 = DIRECTION('',(0.,0.,1.));
#4213 = ORIENTED_EDGE('',*,*,#4214,.T.);
#4214 = EDGE_CURVE('',#4207,#4215,#4217,.T.);
#4215 = VERTEX_POINT('',#4216);
#4216 = CARTESIAN_POINT('',(16.15,7.7,69.));
#4217 = LINE('',#4218,#4219);
#4218 = CARTESIAN_POINT('',(15.,7.7,69.));
#4219 = VECTOR('',#4220,1.);
#4220 = DIRECTION('',(1.,0.,0.));
#4221 = ORIENTED_EDGE('',*,*,#4222,.T.);
#4222 = EDGE_CURVE('',#4215,#4223,#4225,.T.);
#4223 = VERTEX_POINT('',#4224);
#4224 = CARTESIAN_POINT('',(16.15,7.7,70.));
#4225 = LINE('',#4226,#4227);
#4226 = CARTESIAN_POINT('',(16.15,7.7,16.2));
#4227 = VECTOR('',#4228,1.);
#4228 = DIRECTION('',(0.,0.,1.));
#4229 = ORIENTED_EDGE('',*,*,#4230,.T.);
#4230 = EDGE_CURVE('',#4223,#2054,#4231,.T.);
#4231 = LINE('',#4232,#4233);
#4232 = CARTESIAN_POINT('',(16.15,7.7,70.));
#4233 = VECTOR('',#4234,1.);
#4234 = DIRECTION('',(1.,0.,0.));
#4235 = ORIENTED_EDGE('',*,*,#2061,.F.);
#4236 = PLANE('',#4237);
#4237 = AXIS2_PLACEMENT_3D('',#4238,#4239,#4240);
#4238 = CARTESIAN_POINT('',(17.622577854671,7.7,43.7026816609));
#4239 = DIRECTION('',(0.,1.,0.));
#4240 = DIRECTION('',(0.,0.,1.));
#4241 = ADVANCED_FACE('',(#4242),#4267,.T.);
#4242 = FACE_BOUND('',#4243,.T.);
#4243 = EDGE_LOOP('',(#4244,#4245,#4253,#4261));
#4244 = ORIENTED_EDGE('',*,*,#4214,.F.);
#4245 = ORIENTED_EDGE('',*,*,#4246,.F.);
#4246 = EDGE_CURVE('',#4247,#4207,#4249,.T.);
#4247 = VERTEX_POINT('',#4248);
#4248 = CARTESIAN_POINT('',(15.,7.05,69.));
#4249 = LINE('',#4250,#4251);
#4250 = CARTESIAN_POINT('',(15.,7.05,69.));
#4251 = VECTOR('',#4252,1.);
#4252 = DIRECTION('',(0.,1.,0.));
#4253 = ORIENTED_EDGE('',*,*,#4254,.T.);
#4254 = EDGE_CURVE('',#4247,#4255,#4257,.T.);
#4255 = VERTEX_POINT('',#4256);
#4256 = CARTESIAN_POINT('',(16.15,7.05,69.));
#4257 = LINE('',#4258,#4259);
#4258 = CARTESIAN_POINT('',(15.,7.05,69.));
#4259 = VECTOR('',#4260,1.);
#4260 = DIRECTION('',(1.,0.,0.));
#4261 = ORIENTED_EDGE('',*,*,#4262,.F.);
#4262 = EDGE_CURVE('',#4215,#4255,#4263,.T.);
#4263 = LINE('',#4264,#4265);
#4264 = CARTESIAN_POINT('',(16.15,5.775,69.));
#4265 = VECTOR('',#4266,1.);
#4266 = DIRECTION('',(0.,-1.,0.));
#4267 = PLANE('',#4268);
#4268 = AXIS2_PLACEMENT_3D('',#4269,#4270,#4271);
#4269 = CARTESIAN_POINT('',(15.,7.05,69.));
#4270 = DIRECTION('',(0.,0.,1.));
#4271 = DIRECTION('',(1.,0.,0.));
#4272 = ADVANCED_FACE('',(#4273),#4298,.F.);
#4273 = FACE_BOUND('',#4274,.F.);
#4274 = EDGE_LOOP('',(#4275,#4285,#4291,#4292));
#4275 = ORIENTED_EDGE('',*,*,#4276,.F.);
#4276 = EDGE_CURVE('',#4277,#4279,#4281,.T.);
#4277 = VERTEX_POINT('',#4278);
#4278 = CARTESIAN_POINT('',(15.,7.05,59.5));
#4279 = VERTEX_POINT('',#4280);
#4280 = CARTESIAN_POINT('',(16.15,7.05,59.5));
#4281 = LINE('',#4282,#4283);
#4282 = CARTESIAN_POINT('',(15.,7.05,59.5));
#4283 = VECTOR('',#4284,1.);
#4284 = DIRECTION('',(1.,0.,0.));
#4285 = ORIENTED_EDGE('',*,*,#4286,.T.);
#4286 = EDGE_CURVE('',#4277,#4247,#4287,.T.);
#4287 = LINE('',#4288,#4289);
#4288 = CARTESIAN_POINT('',(15.,7.05,59.5));
#4289 = VECTOR('',#4290,1.);
#4290 = DIRECTION('',(0.,0.,1.));
#4291 = ORIENTED_EDGE('',*,*,#4254,.T.);
#4292 = ORIENTED_EDGE('',*,*,#4293,.F.);
#4293 = EDGE_CURVE('',#4279,#4255,#4294,.T.);
#4294 = LINE('',#4295,#4296);
#4295 = CARTESIAN_POINT('',(16.15,7.05,37.85));
#4296 = VECTOR('',#4297,1.);
#4297 = DIRECTION('',(0.,0.,1.));
#4298 = PLANE('',#4299);
#4299 = AXIS2_PLACEMENT_3D('',#4300,#4301,#4302);
#4300 = CARTESIAN_POINT('',(15.,7.05,59.5));
#4301 = DIRECTION('',(0.,1.,0.));
#4302 = DIRECTION('',(0.,0.,1.));
#4303 = ADVANCED_FACE('',(#4304),#4320,.F.);
#4304 = FACE_BOUND('',#4305,.F.);
#4305 = EDGE_LOOP('',(#4306,#4307,#4313,#4314));
#4306 = ORIENTED_EDGE('',*,*,#4198,.F.);
#4307 = ORIENTED_EDGE('',*,*,#4308,.F.);
#4308 = EDGE_CURVE('',#4277,#4199,#4309,.T.);
#4309 = LINE('',#4310,#4311);
#4310 = CARTESIAN_POINT('',(15.,7.05,59.5));
#4311 = VECTOR('',#4312,1.);
#4312 = DIRECTION('',(0.,1.,0.));
#4313 = ORIENTED_EDGE('',*,*,#4276,.T.);
#4314 = ORIENTED_EDGE('',*,*,#4315,.F.);
#4315 = EDGE_CURVE('',#4191,#4279,#4316,.T.);
#4316 = LINE('',#4317,#4318);
#4317 = CARTESIAN_POINT('',(16.15,5.775,59.5));
#4318 = VECTOR('',#4319,1.);
#4319 = DIRECTION('',(0.,-1.,0.));
#4320 = PLANE('',#4321);
#4321 = AXIS2_PLACEMENT_3D('',#4322,#4323,#4324);
#4322 = CARTESIAN_POINT('',(15.,7.05,59.5));
#4323 = DIRECTION('',(0.,0.,1.));
#4324 = DIRECTION('',(1.,0.,0.));
#4325 = ADVANCED_FACE('',(#4326),#4332,.F.);
#4326 = FACE_BOUND('',#4327,.F.);
#4327 = EDGE_LOOP('',(#4328,#4329,#4330,#4331));
#4328 = ORIENTED_EDGE('',*,*,#4286,.F.);
#4329 = ORIENTED_EDGE('',*,*,#4308,.T.);
#4330 = ORIENTED_EDGE('',*,*,#4206,.T.);
#4331 = ORIENTED_EDGE('',*,*,#4246,.F.);
#4332 = PLANE('',#4333);
#4333 = AXIS2_PLACEMENT_3D('',#4334,#4335,#4336);
#4334 = CARTESIAN_POINT('',(15.,7.05,59.5));
#4335 = DIRECTION('',(1.,0.,0.));
#4336 = DIRECTION('',(0.,0.,1.));
#4337 = ADVANCED_FACE('',(#4338),#4365,.T.);
#4338 = FACE_BOUND('',#4339,.T.);
#4339 = EDGE_LOOP('',(#4340,#4341,#4342,#4350,#4358,#4364));
#4340 = ORIENTED_EDGE('',*,*,#1711,.T.);
#4341 = ORIENTED_EDGE('',*,*,#2479,.F.);
#4342 = ORIENTED_EDGE('',*,*,#4343,.T.);
#4343 = EDGE_CURVE('',#2470,#4344,#4346,.T.);
#4344 = VERTEX_POINT('',#4345);
#4345 = CARTESIAN_POINT('',(-14.6,4.5,40.6));
#4346 = LINE('',#4347,#4348);
#4347 = CARTESIAN_POINT('',(-17.755,4.5,40.6));
#4348 = VECTOR('',#4349,1.);
#4349 = DIRECTION('',(1.,0.,0.));
#4350 = ORIENTED_EDGE('',*,*,#4351,.T.);
#4351 = EDGE_CURVE('',#4344,#4352,#4354,.T.);
#4352 = VERTEX_POINT('',#4353);
#4353 = CARTESIAN_POINT('',(-14.6,4.5,70.));
#4354 = LINE('',#4355,#4356);
#4355 = CARTESIAN_POINT('',(-14.6,4.5,40.6));
#4356 = VECTOR('',#4357,1.);
#4357 = DIRECTION('',(0.,0.,1.));
#4358 = ORIENTED_EDGE('',*,*,#4359,.F.);
#4359 = EDGE_CURVE('',#1159,#4352,#4360,.T.);
#4360 = LINE('',#4361,#4362);
#4361 = CARTESIAN_POINT('',(-16.16,4.5,70.));
#4362 = VECTOR('',#4363,1.);
#4363 = DIRECTION('',(1.,0.,0.));
#4364 = ORIENTED_EDGE('',*,*,#1158,.F.);
#4365 = PLANE('',#4366);
#4366 = AXIS2_PLACEMENT_3D('',#4367,#4368,#4369);
#4367 = CARTESIAN_POINT('',(-17.19828178694,4.5,43.498281786942));
#4368 = DIRECTION('',(-0.,-1.,-0.));
#4369 = DIRECTION('',(0.,0.,-1.));
#4370 = ADVANCED_FACE('',(#4371),#4396,.T.);
#4371 = FACE_BOUND('',#4372,.T.);
#4372 = EDGE_LOOP('',(#4373,#4381,#4382,#4390));
#4373 = ORIENTED_EDGE('',*,*,#4374,.F.);
#4374 = EDGE_CURVE('',#222,#4375,#4377,.T.);
#4375 = VERTEX_POINT('',#4376);
#4376 = CARTESIAN_POINT('',(-14.6,5.15,40.6));
#4377 = LINE('',#4378,#4379);
#4378 = CARTESIAN_POINT('',(-16.16,5.15,40.6));
#4379 = VECTOR('',#4380,1.);
#4380 = DIRECTION('',(1.,0.,0.));
#4381 = ORIENTED_EDGE('',*,*,#221,.T.);
#4382 = ORIENTED_EDGE('',*,*,#4383,.T.);
#4383 = EDGE_CURVE('',#214,#4384,#4386,.T.);
#4384 = VERTEX_POINT('',#4385);
#4385 = CARTESIAN_POINT('',(-14.6,5.15,70.));
#4386 = LINE('',#4387,#4388);
#4387 = CARTESIAN_POINT('',(-16.16,5.15,70.));
#4388 = VECTOR('',#4389,1.);
#4389 = DIRECTION('',(1.,0.,0.));
#4390 = ORIENTED_EDGE('',*,*,#4391,.F.);
#4391 = EDGE_CURVE('',#4375,#4384,#4392,.T.);
#4392 = LINE('',#4393,#4394);
#4393 = CARTESIAN_POINT('',(-14.6,5.15,40.6));
#4394 = VECTOR('',#4395,1.);
#4395 = DIRECTION('',(0.,0.,1.));
#4396 = PLANE('',#4397);
#4397 = AXIS2_PLACEMENT_3D('',#4398,#4399,#4400);
#4398 = CARTESIAN_POINT('',(-16.16,5.15,40.6));
#4399 = DIRECTION('',(0.,1.,0.));
#4400 = DIRECTION('',(0.,0.,1.));
#4401 = ADVANCED_FACE('',(#4402),#4418,.T.);
#4402 = FACE_BOUND('',#4403,.T.);
#4403 = EDGE_LOOP('',(#4404,#4405,#4411,#4412));
#4404 = ORIENTED_EDGE('',*,*,#4351,.F.);
#4405 = ORIENTED_EDGE('',*,*,#4406,.T.);
#4406 = EDGE_CURVE('',#4344,#4375,#4407,.T.);
#4407 = LINE('',#4408,#4409);
#4408 = CARTESIAN_POINT('',(-14.6,4.5,40.6));
#4409 = VECTOR('',#4410,1.);
#4410 = DIRECTION('',(0.,1.,0.));
#4411 = ORIENTED_EDGE('',*,*,#4391,.T.);
#4412 = ORIENTED_EDGE('',*,*,#4413,.F.);
#4413 = EDGE_CURVE('',#4352,#4384,#4414,.T.);
#4414 = LINE('',#4415,#4416);
#4415 = CARTESIAN_POINT('',(-14.6,4.5,70.));
#4416 = VECTOR('',#4417,1.);
#4417 = DIRECTION('',(0.,1.,0.));
#4418 = PLANE('',#4419);
#4419 = AXIS2_PLACEMENT_3D('',#4420,#4421,#4422);
#4420 = CARTESIAN_POINT('',(-14.6,4.5,40.6));
#4421 = DIRECTION('',(1.,0.,0.));
#4422 = DIRECTION('',(0.,0.,1.));
#4423 = ADVANCED_FACE('',(#4424),#4435,.T.);
#4424 = FACE_BOUND('',#4425,.T.);
#4425 = EDGE_LOOP('',(#4426,#4427,#4428,#4434));
#4426 = ORIENTED_EDGE('',*,*,#395,.T.);
#4427 = ORIENTED_EDGE('',*,*,#2045,.T.);
#4428 = ORIENTED_EDGE('',*,*,#4429,.F.);
#4429 = EDGE_CURVE('',#4047,#2046,#4430,.T.);
#4430 = LINE('',#4431,#4432);
#4431 = CARTESIAN_POINT('',(16.15,4.5,70.));
#4432 = VECTOR('',#4433,1.);
#4433 = DIRECTION('',(1.,0.,0.));
#4434 = ORIENTED_EDGE('',*,*,#4046,.F.);
#4435 = PLANE('',#4436);
#4436 = AXIS2_PLACEMENT_3D('',#4437,#4438,#4439);
#4437 = CARTESIAN_POINT('',(16.8,4.5,43.1));
#4438 = DIRECTION('',(-0.,-1.,-0.));
#4439 = DIRECTION('',(0.,0.,-1.));
#4440 = ADVANCED_FACE('',(#4441),#4472,.T.);
#4441 = FACE_BOUND('',#4442,.T.);
#4442 = EDGE_LOOP('',(#4443,#4444,#4445,#4446,#4447,#4448,#4449,#4457,
    #4465,#4471));
#4443 = ORIENTED_EDGE('',*,*,#4072,.F.);
#4444 = ORIENTED_EDGE('',*,*,#1166,.T.);
#4445 = ORIENTED_EDGE('',*,*,#4359,.T.);
#4446 = ORIENTED_EDGE('',*,*,#4413,.T.);
#4447 = ORIENTED_EDGE('',*,*,#4383,.F.);
#4448 = ORIENTED_EDGE('',*,*,#213,.T.);
#4449 = ORIENTED_EDGE('',*,*,#4450,.T.);
#4450 = EDGE_CURVE('',#206,#4451,#4453,.T.);
#4451 = VERTEX_POINT('',#4452);
#4452 = CARTESIAN_POINT('',(-16.16,5.3,70.));
#4453 = LINE('',#4454,#4455);
#4454 = CARTESIAN_POINT('',(-17.585,5.3,70.));
#4455 = VECTOR('',#4456,1.);
#4456 = DIRECTION('',(-1.,0.,0.));
#4457 = ORIENTED_EDGE('',*,*,#4458,.T.);
#4458 = EDGE_CURVE('',#4451,#4459,#4461,.T.);
#4459 = VERTEX_POINT('',#4460);
#4460 = CARTESIAN_POINT('',(-16.16,6.9,70.));
#4461 = LINE('',#4462,#4463);
#4462 = CARTESIAN_POINT('',(-16.16,4.9,70.));
#4463 = VECTOR('',#4464,1.);
#4464 = DIRECTION('',(0.,1.,0.));
#4465 = ORIENTED_EDGE('',*,*,#4466,.F.);
#4466 = EDGE_CURVE('',#182,#4459,#4467,.T.);
#4467 = LINE('',#4468,#4469);
#4468 = CARTESIAN_POINT('',(-17.585,6.9,70.));
#4469 = VECTOR('',#4470,1.);
#4470 = DIRECTION('',(-1.,0.,0.));
#4471 = ORIENTED_EDGE('',*,*,#181,.T.);
#4472 = PLANE('',#4473);
#4473 = AXIS2_PLACEMENT_3D('',#4474,#4475,#4476);
#4474 = CARTESIAN_POINT('',(-17.05989487516,5.840308804205,70.));
#4475 = DIRECTION('',(0.,0.,1.));
#4476 = DIRECTION('',(1.,0.,0.));
#4477 = ADVANCED_FACE('',(#4478),#4512,.T.);
#4478 = FACE_BOUND('',#4479,.T.);
#4479 = EDGE_LOOP('',(#4480,#4488,#4489,#4490,#4498,#4506));
#4480 = ORIENTED_EDGE('',*,*,#4481,.F.);
#4481 = EDGE_CURVE('',#190,#4482,#4484,.T.);
#4482 = VERTEX_POINT('',#4483);
#4483 = CARTESIAN_POINT('',(-15.,6.9,69.2));
#4484 = LINE('',#4485,#4486);
#4485 = CARTESIAN_POINT('',(-16.16,6.9,69.2));
#4486 = VECTOR('',#4487,1.);
#4487 = DIRECTION('',(1.,0.,0.));
#4488 = ORIENTED_EDGE('',*,*,#189,.T.);
#4489 = ORIENTED_EDGE('',*,*,#4466,.T.);
#4490 = ORIENTED_EDGE('',*,*,#4491,.T.);
#4491 = EDGE_CURVE('',#4459,#4492,#4494,.T.);
#4492 = VERTEX_POINT('',#4493);
#4493 = CARTESIAN_POINT('',(-16.16,6.9,70.2));
#4494 = LINE('',#4495,#4496);
#4495 = CARTESIAN_POINT('',(-16.16,6.9,69.2));
#4496 = VECTOR('',#4497,1.);
#4497 = DIRECTION('',(0.,0.,1.));
#4498 = ORIENTED_EDGE('',*,*,#4499,.T.);
#4499 = EDGE_CURVE('',#4492,#4500,#4502,.T.);
#4500 = VERTEX_POINT('',#4501);
#4501 = CARTESIAN_POINT('',(-15.,6.9,70.2));
#4502 = LINE('',#4503,#4504);
#4503 = CARTESIAN_POINT('',(-16.16,6.9,70.2));
#4504 = VECTOR('',#4505,1.);
#4505 = DIRECTION('',(1.,0.,0.));
#4506 = ORIENTED_EDGE('',*,*,#4507,.F.);
#4507 = EDGE_CURVE('',#4482,#4500,#4508,.T.);
#4508 = LINE('',#4509,#4510);
#4509 = CARTESIAN_POINT('',(-15.,6.9,69.2));
#4510 = VECTOR('',#4511,1.);
#4511 = DIRECTION('',(0.,0.,1.));
#4512 = PLANE('',#4513);
#4513 = AXIS2_PLACEMENT_3D('',#4514,#4515,#4516);
#4514 = CARTESIAN_POINT('',(-16.16,6.9,69.2));
#4515 = DIRECTION('',(0.,1.,0.));
#4516 = DIRECTION('',(0.,0.,1.));
#4517 = ADVANCED_FACE('',(#4518),#4536,.F.);
#4518 = FACE_BOUND('',#4519,.F.);
#4519 = EDGE_LOOP('',(#4520,#4528,#4529,#4530));
#4520 = ORIENTED_EDGE('',*,*,#4521,.F.);
#4521 = EDGE_CURVE('',#4451,#4522,#4524,.T.);
#4522 = VERTEX_POINT('',#4523);
#4523 = CARTESIAN_POINT('',(-16.16,5.3,70.2));
#4524 = LINE('',#4525,#4526);
#4525 = CARTESIAN_POINT('',(-16.16,5.3,69.2));
#4526 = VECTOR('',#4527,1.);
#4527 = DIRECTION('',(0.,0.,1.));
#4528 = ORIENTED_EDGE('',*,*,#4458,.T.);
#4529 = ORIENTED_EDGE('',*,*,#4491,.T.);
#4530 = ORIENTED_EDGE('',*,*,#4531,.F.);
#4531 = EDGE_CURVE('',#4522,#4492,#4532,.T.);
#4532 = LINE('',#4533,#4534);
#4533 = CARTESIAN_POINT('',(-16.16,5.3,70.2));
#4534 = VECTOR('',#4535,1.);
#4535 = DIRECTION('',(0.,1.,0.));
#4536 = PLANE('',#4537);
#4537 = AXIS2_PLACEMENT_3D('',#4538,#4539,#4540);
#4538 = CARTESIAN_POINT('',(-16.16,5.3,69.2));
#4539 = DIRECTION('',(1.,0.,0.));
#4540 = DIRECTION('',(0.,0.,1.));
#4541 = ADVANCED_FACE('',(#4542),#4569,.F.);
#4542 = FACE_BOUND('',#4543,.F.);
#4543 = EDGE_LOOP('',(#4544,#4552,#4553,#4554,#4555,#4563));
#4544 = ORIENTED_EDGE('',*,*,#4545,.F.);
#4545 = EDGE_CURVE('',#198,#4546,#4548,.T.);
#4546 = VERTEX_POINT('',#4547);
#4547 = CARTESIAN_POINT('',(-15.,5.3,69.2));
#4548 = LINE('',#4549,#4550);
#4549 = CARTESIAN_POINT('',(-16.16,5.3,69.2));
#4550 = VECTOR('',#4551,1.);
#4551 = DIRECTION('',(1.,0.,0.));
#4552 = ORIENTED_EDGE('',*,*,#205,.T.);
#4553 = ORIENTED_EDGE('',*,*,#4450,.T.);
#4554 = ORIENTED_EDGE('',*,*,#4521,.T.);
#4555 = ORIENTED_EDGE('',*,*,#4556,.T.);
#4556 = EDGE_CURVE('',#4522,#4557,#4559,.T.);
#4557 = VERTEX_POINT('',#4558);
#4558 = CARTESIAN_POINT('',(-15.,5.3,70.2));
#4559 = LINE('',#4560,#4561);
#4560 = CARTESIAN_POINT('',(-16.16,5.3,70.2));
#4561 = VECTOR('',#4562,1.);
#4562 = DIRECTION('',(1.,0.,0.));
#4563 = ORIENTED_EDGE('',*,*,#4564,.F.);
#4564 = EDGE_CURVE('',#4546,#4557,#4565,.T.);
#4565 = LINE('',#4566,#4567);
#4566 = CARTESIAN_POINT('',(-15.,5.3,69.2));
#4567 = VECTOR('',#4568,1.);
#4568 = DIRECTION('',(0.,0.,1.));
#4569 = PLANE('',#4570);
#4570 = AXIS2_PLACEMENT_3D('',#4571,#4572,#4573);
#4571 = CARTESIAN_POINT('',(-16.16,5.3,69.2));
#4572 = DIRECTION('',(0.,1.,0.));
#4573 = DIRECTION('',(0.,0.,1.));
#4574 = ADVANCED_FACE('',(#4575),#4586,.F.);
#4575 = FACE_BOUND('',#4576,.F.);
#4576 = EDGE_LOOP('',(#4577,#4578,#4579,#4580));
#4577 = ORIENTED_EDGE('',*,*,#4481,.F.);
#4578 = ORIENTED_EDGE('',*,*,#197,.T.);
#4579 = ORIENTED_EDGE('',*,*,#4545,.T.);
#4580 = ORIENTED_EDGE('',*,*,#4581,.T.);
#4581 = EDGE_CURVE('',#4546,#4482,#4582,.T.);
#4582 = LINE('',#4583,#4584);
#4583 = CARTESIAN_POINT('',(-15.,5.3,69.2));
#4584 = VECTOR('',#4585,1.);
#4585 = DIRECTION('',(0.,1.,0.));
#4586 = PLANE('',#4587);
#4587 = AXIS2_PLACEMENT_3D('',#4588,#4589,#4590);
#4588 = CARTESIAN_POINT('',(-16.16,5.3,69.2));
#4589 = DIRECTION('',(0.,0.,1.));
#4590 = DIRECTION('',(1.,0.,0.));
#4591 = ADVANCED_FACE('',(#4592),#4603,.T.);
#4592 = FACE_BOUND('',#4593,.T.);
#4593 = EDGE_LOOP('',(#4594,#4595,#4596,#4597));
#4594 = ORIENTED_EDGE('',*,*,#4564,.F.);
#4595 = ORIENTED_EDGE('',*,*,#4581,.T.);
#4596 = ORIENTED_EDGE('',*,*,#4507,.T.);
#4597 = ORIENTED_EDGE('',*,*,#4598,.F.);
#4598 = EDGE_CURVE('',#4557,#4500,#4599,.T.);
#4599 = LINE('',#4600,#4601);
#4600 = CARTESIAN_POINT('',(-15.,5.3,70.2));
#4601 = VECTOR('',#4602,1.);
#4602 = DIRECTION('',(0.,1.,0.));
#4603 = PLANE('',#4604);
#4604 = AXIS2_PLACEMENT_3D('',#4605,#4606,#4607);
#4605 = CARTESIAN_POINT('',(-15.,5.3,69.2));
#4606 = DIRECTION('',(1.,0.,0.));
#4607 = DIRECTION('',(0.,0.,1.));
#4608 = ADVANCED_FACE('',(#4609),#4615,.T.);
#4609 = FACE_BOUND('',#4610,.T.);
#4610 = EDGE_LOOP('',(#4611,#4612,#4613,#4614));
#4611 = ORIENTED_EDGE('',*,*,#4531,.F.);
#4612 = ORIENTED_EDGE('',*,*,#4556,.T.);
#4613 = ORIENTED_EDGE('',*,*,#4598,.T.);
#4614 = ORIENTED_EDGE('',*,*,#4499,.F.);
#4615 = PLANE('',#4616);
#4616 = AXIS2_PLACEMENT_3D('',#4617,#4618,#4619);
#4617 = CARTESIAN_POINT('',(-16.16,5.3,70.2));
#4618 = DIRECTION('',(0.,0.,1.));
#4619 = DIRECTION('',(1.,0.,0.));
#4620 = ADVANCED_FACE('',(#4621),#4666,.T.);
#4621 = FACE_BOUND('',#4622,.T.);
#4622 = EDGE_LOOP('',(#4623,#4631,#4632,#4633,#4634,#4635,#4636,#4644,
    #4652,#4660));
#4623 = ORIENTED_EDGE('',*,*,#4624,.F.);
#4624 = EDGE_CURVE('',#4016,#4625,#4627,.T.);
#4625 = VERTEX_POINT('',#4626);
#4626 = CARTESIAN_POINT('',(16.15,5.3,70.));
#4627 = LINE('',#4628,#4629);
#4628 = CARTESIAN_POINT('',(16.15,4.5,70.));
#4629 = VECTOR('',#4630,1.);
#4630 = DIRECTION('',(0.,1.,0.));
#4631 = ORIENTED_EDGE('',*,*,#4015,.F.);
#4632 = ORIENTED_EDGE('',*,*,#4056,.F.);
#4633 = ORIENTED_EDGE('',*,*,#4429,.T.);
#4634 = ORIENTED_EDGE('',*,*,#2053,.F.);
#4635 = ORIENTED_EDGE('',*,*,#4230,.F.);
#4636 = ORIENTED_EDGE('',*,*,#4637,.F.);
#4637 = EDGE_CURVE('',#4638,#4223,#4640,.T.);
#4638 = VERTEX_POINT('',#4639);
#4639 = CARTESIAN_POINT('',(16.15,6.9,70.));
#4640 = LINE('',#4641,#4642);
#4641 = CARTESIAN_POINT('',(16.15,4.5,70.));
#4642 = VECTOR('',#4643,1.);
#4643 = DIRECTION('',(0.,1.,0.));
#4644 = ORIENTED_EDGE('',*,*,#4645,.F.);
#4645 = EDGE_CURVE('',#4646,#4638,#4648,.T.);
#4646 = VERTEX_POINT('',#4647);
#4647 = CARTESIAN_POINT('',(16.16,6.9,70.));
#4648 = LINE('',#4649,#4650);
#4649 = CARTESIAN_POINT('',(15.575,6.9,70.));
#4650 = VECTOR('',#4651,1.);
#4651 = DIRECTION('',(-1.,0.,0.));
#4652 = ORIENTED_EDGE('',*,*,#4653,.F.);
#4653 = EDGE_CURVE('',#4654,#4646,#4656,.T.);
#4654 = VERTEX_POINT('',#4655);
#4655 = CARTESIAN_POINT('',(16.16,5.3,70.));
#4656 = LINE('',#4657,#4658);
#4657 = CARTESIAN_POINT('',(16.16,4.9,70.));
#4658 = VECTOR('',#4659,1.);
#4659 = DIRECTION('',(0.,1.,0.));
#4660 = ORIENTED_EDGE('',*,*,#4661,.T.);
#4661 = EDGE_CURVE('',#4654,#4625,#4662,.T.);
#4662 = LINE('',#4663,#4664);
#4663 = CARTESIAN_POINT('',(15.575,5.3,70.));
#4664 = VECTOR('',#4665,1.);
#4665 = DIRECTION('',(-1.,0.,0.));
#4666 = PLANE('',#4667);
#4667 = AXIS2_PLACEMENT_3D('',#4668,#4669,#4670);
#4668 = CARTESIAN_POINT('',(17.059894875164,5.840308804205,70.));
#4669 = DIRECTION('',(0.,0.,1.));
#4670 = DIRECTION('',(1.,0.,0.));
#4671 = ADVANCED_FACE('',(#4672),#4713,.F.);
#4672 = FACE_BOUND('',#4673,.F.);
#4673 = EDGE_LOOP('',(#4674,#4684,#4692,#4700,#4706,#4707));
#4674 = ORIENTED_EDGE('',*,*,#4675,.F.);
#4675 = EDGE_CURVE('',#4676,#4678,#4680,.T.);
#4676 = VERTEX_POINT('',#4677);
#4677 = CARTESIAN_POINT('',(15.,5.3,69.2));
#4678 = VERTEX_POINT('',#4679);
#4679 = CARTESIAN_POINT('',(16.15,5.3,69.2));
#4680 = LINE('',#4681,#4682);
#4681 = CARTESIAN_POINT('',(15.,5.3,69.2));
#4682 = VECTOR('',#4683,1.);
#4683 = DIRECTION('',(1.,0.,0.));
#4684 = ORIENTED_EDGE('',*,*,#4685,.T.);
#4685 = EDGE_CURVE('',#4676,#4686,#4688,.T.);
#4686 = VERTEX_POINT('',#4687);
#4687 = CARTESIAN_POINT('',(15.,5.3,70.2));
#4688 = LINE('',#4689,#4690);
#4689 = CARTESIAN_POINT('',(15.,5.3,69.2));
#4690 = VECTOR('',#4691,1.);
#4691 = DIRECTION('',(0.,0.,1.));
#4692 = ORIENTED_EDGE('',*,*,#4693,.T.);
#4693 = EDGE_CURVE('',#4686,#4694,#4696,.T.);
#4694 = VERTEX_POINT('',#4695);
#4695 = CARTESIAN_POINT('',(16.16,5.3,70.2));
#4696 = LINE('',#4697,#4698);
#4697 = CARTESIAN_POINT('',(15.,5.3,70.2));
#4698 = VECTOR('',#4699,1.);
#4699 = DIRECTION('',(1.,0.,0.));
#4700 = ORIENTED_EDGE('',*,*,#4701,.F.);
#4701 = EDGE_CURVE('',#4654,#4694,#4702,.T.);
#4702 = LINE('',#4703,#4704);
#4703 = CARTESIAN_POINT('',(16.16,5.3,69.2));
#4704 = VECTOR('',#4705,1.);
#4705 = DIRECTION('',(0.,0.,1.));
#4706 = ORIENTED_EDGE('',*,*,#4661,.T.);
#4707 = ORIENTED_EDGE('',*,*,#4708,.F.);
#4708 = EDGE_CURVE('',#4678,#4625,#4709,.T.);
#4709 = LINE('',#4710,#4711);
#4710 = CARTESIAN_POINT('',(16.15,5.3,42.7));
#4711 = VECTOR('',#4712,1.);
#4712 = DIRECTION('',(0.,0.,1.));
#4713 = PLANE('',#4714);
#4714 = AXIS2_PLACEMENT_3D('',#4715,#4716,#4717);
#4715 = CARTESIAN_POINT('',(15.,5.3,69.2));
#4716 = DIRECTION('',(0.,1.,0.));
#4717 = DIRECTION('',(0.,0.,1.));
#4718 = ADVANCED_FACE('',(#4719),#4737,.T.);
#4719 = FACE_BOUND('',#4720,.T.);
#4720 = EDGE_LOOP('',(#4721,#4722,#4723,#4731));
#4721 = ORIENTED_EDGE('',*,*,#4701,.F.);
#4722 = ORIENTED_EDGE('',*,*,#4653,.T.);
#4723 = ORIENTED_EDGE('',*,*,#4724,.T.);
#4724 = EDGE_CURVE('',#4646,#4725,#4727,.T.);
#4725 = VERTEX_POINT('',#4726);
#4726 = CARTESIAN_POINT('',(16.16,6.9,70.2));
#4727 = LINE('',#4728,#4729);
#4728 = CARTESIAN_POINT('',(16.16,6.9,69.2));
#4729 = VECTOR('',#4730,1.);
#4730 = DIRECTION('',(0.,0.,1.));
#4731 = ORIENTED_EDGE('',*,*,#4732,.F.);
#4732 = EDGE_CURVE('',#4694,#4725,#4733,.T.);
#4733 = LINE('',#4734,#4735);
#4734 = CARTESIAN_POINT('',(16.16,5.3,70.2));
#4735 = VECTOR('',#4736,1.);
#4736 = DIRECTION('',(0.,1.,0.));
#4737 = PLANE('',#4738);
#4738 = AXIS2_PLACEMENT_3D('',#4739,#4740,#4741);
#4739 = CARTESIAN_POINT('',(16.16,5.3,69.2));
#4740 = DIRECTION('',(1.,0.,0.));
#4741 = DIRECTION('',(0.,0.,1.));
#4742 = ADVANCED_FACE('',(#4743),#4777,.T.);
#4743 = FACE_BOUND('',#4744,.T.);
#4744 = EDGE_LOOP('',(#4745,#4755,#4763,#4769,#4770,#4771));
#4745 = ORIENTED_EDGE('',*,*,#4746,.F.);
#4746 = EDGE_CURVE('',#4747,#4749,#4751,.T.);
#4747 = VERTEX_POINT('',#4748);
#4748 = CARTESIAN_POINT('',(15.,6.9,69.2));
#4749 = VERTEX_POINT('',#4750);
#4750 = CARTESIAN_POINT('',(16.15,6.9,69.2));
#4751 = LINE('',#4752,#4753);
#4752 = CARTESIAN_POINT('',(15.,6.9,69.2));
#4753 = VECTOR('',#4754,1.);
#4754 = DIRECTION('',(1.,0.,0.));
#4755 = ORIENTED_EDGE('',*,*,#4756,.T.);
#4756 = EDGE_CURVE('',#4747,#4757,#4759,.T.);
#4757 = VERTEX_POINT('',#4758);
#4758 = CARTESIAN_POINT('',(15.,6.9,70.2));
#4759 = LINE('',#4760,#4761);
#4760 = CARTESIAN_POINT('',(15.,6.9,69.2));
#4761 = VECTOR('',#4762,1.);
#4762 = DIRECTION('',(0.,0.,1.));
#4763 = ORIENTED_EDGE('',*,*,#4764,.T.);
#4764 = EDGE_CURVE('',#4757,#4725,#4765,.T.);
#4765 = LINE('',#4766,#4767);
#4766 = CARTESIAN_POINT('',(15.,6.9,70.2));
#4767 = VECTOR('',#4768,1.);
#4768 = DIRECTION('',(1.,0.,0.));
#4769 = ORIENTED_EDGE('',*,*,#4724,.F.);
#4770 = ORIENTED_EDGE('',*,*,#4645,.T.);
#4771 = ORIENTED_EDGE('',*,*,#4772,.F.);
#4772 = EDGE_CURVE('',#4749,#4638,#4773,.T.);
#4773 = LINE('',#4774,#4775);
#4774 = CARTESIAN_POINT('',(16.15,6.9,42.7));
#4775 = VECTOR('',#4776,1.);
#4776 = DIRECTION('',(0.,0.,1.));
#4777 = PLANE('',#4778);
#4778 = AXIS2_PLACEMENT_3D('',#4779,#4780,#4781);
#4779 = CARTESIAN_POINT('',(15.,6.9,69.2));
#4780 = DIRECTION('',(0.,1.,0.));
#4781 = DIRECTION('',(0.,0.,1.));
#4782 = ADVANCED_FACE('',(#4783),#4799,.F.);
#4783 = FACE_BOUND('',#4784,.F.);
#4784 = EDGE_LOOP('',(#4785,#4786,#4792,#4793));
#4785 = ORIENTED_EDGE('',*,*,#4746,.F.);
#4786 = ORIENTED_EDGE('',*,*,#4787,.F.);
#4787 = EDGE_CURVE('',#4676,#4747,#4788,.T.);
#4788 = LINE('',#4789,#4790);
#4789 = CARTESIAN_POINT('',(15.,5.3,69.2));
#4790 = VECTOR('',#4791,1.);
#4791 = DIRECTION('',(0.,1.,0.));
#4792 = ORIENTED_EDGE('',*,*,#4675,.T.);
#4793 = ORIENTED_EDGE('',*,*,#4794,.F.);
#4794 = EDGE_CURVE('',#4749,#4678,#4795,.T.);
#4795 = LINE('',#4796,#4797);
#4796 = CARTESIAN_POINT('',(16.15,4.9,69.2));
#4797 = VECTOR('',#4798,1.);
#4798 = DIRECTION('',(0.,-1.,0.));
#4799 = PLANE('',#4800);
#4800 = AXIS2_PLACEMENT_3D('',#4801,#4802,#4803);
#4801 = CARTESIAN_POINT('',(15.,5.3,69.2));
#4802 = DIRECTION('',(0.,0.,1.));
#4803 = DIRECTION('',(1.,0.,0.));
#4804 = ADVANCED_FACE('',(#4805),#4816,.T.);
#4805 = FACE_BOUND('',#4806,.T.);
#4806 = EDGE_LOOP('',(#4807,#4813,#4814,#4815));
#4807 = ORIENTED_EDGE('',*,*,#4808,.F.);
#4808 = EDGE_CURVE('',#4686,#4757,#4809,.T.);
#4809 = LINE('',#4810,#4811);
#4810 = CARTESIAN_POINT('',(15.,5.3,70.2));
#4811 = VECTOR('',#4812,1.);
#4812 = DIRECTION('',(0.,1.,0.));
#4813 = ORIENTED_EDGE('',*,*,#4693,.T.);
#4814 = ORIENTED_EDGE('',*,*,#4732,.T.);
#4815 = ORIENTED_EDGE('',*,*,#4764,.F.);
#4816 = PLANE('',#4817);
#4817 = AXIS2_PLACEMENT_3D('',#4818,#4819,#4820);
#4818 = CARTESIAN_POINT('',(15.,5.3,70.2));
#4819 = DIRECTION('',(0.,0.,1.));
#4820 = DIRECTION('',(1.,0.,0.));
#4821 = ADVANCED_FACE('',(#4822),#4828,.F.);
#4822 = FACE_BOUND('',#4823,.F.);
#4823 = EDGE_LOOP('',(#4824,#4825,#4826,#4827));
#4824 = ORIENTED_EDGE('',*,*,#4685,.F.);
#4825 = ORIENTED_EDGE('',*,*,#4787,.T.);
#4826 = ORIENTED_EDGE('',*,*,#4756,.T.);
#4827 = ORIENTED_EDGE('',*,*,#4808,.F.);
#4828 = PLANE('',#4829);
#4829 = AXIS2_PLACEMENT_3D('',#4830,#4831,#4832);
#4830 = CARTESIAN_POINT('',(15.,5.3,69.2));
#4831 = DIRECTION('',(1.,0.,0.));
#4832 = DIRECTION('',(0.,0.,1.));
#4833 = ADVANCED_FACE('',(#4834),#4852,.F.);
#4834 = FACE_BOUND('',#4835,.T.);
#4835 = EDGE_LOOP('',(#4836,#4837,#4838,#4846));
#4836 = ORIENTED_EDGE('',*,*,#1743,.F.);
#4837 = ORIENTED_EDGE('',*,*,#125,.T.);
#4838 = ORIENTED_EDGE('',*,*,#4839,.F.);
#4839 = EDGE_CURVE('',#4840,#118,#4842,.T.);
#4840 = VERTEX_POINT('',#4841);
#4841 = CARTESIAN_POINT('',(-18.25,7.2,26.6));
#4842 = LINE('',#4843,#4844);
#4843 = CARTESIAN_POINT('',(-18.25,7.2,26.6));
#4844 = VECTOR('',#4845,1.);
#4845 = DIRECTION('',(1.,0.,0.));
#4846 = ORIENTED_EDGE('',*,*,#4847,.F.);
#4847 = EDGE_CURVE('',#1736,#4840,#4848,.T.);
#4848 = LINE('',#4849,#4850);
#4849 = CARTESIAN_POINT('',(-18.25,7.2,15.));
#4850 = VECTOR('',#4851,1.);
#4851 = DIRECTION('',(0.,0.,1.));
#4852 = PLANE('',#4853);
#4853 = AXIS2_PLACEMENT_3D('',#4854,#4855,#4856);
#4854 = CARTESIAN_POINT('',(-18.25,7.2,15.));
#4855 = DIRECTION('',(0.,1.,0.));
#4856 = DIRECTION('',(0.,0.,1.));
#4857 = ADVANCED_FACE('',(#4858),#4876,.T.);
#4858 = FACE_BOUND('',#4859,.T.);
#4859 = EDGE_LOOP('',(#4860,#4868,#4874,#4875));
#4860 = ORIENTED_EDGE('',*,*,#4861,.F.);
#4861 = EDGE_CURVE('',#4862,#4840,#4864,.T.);
#4862 = VERTEX_POINT('',#4863);
#4863 = CARTESIAN_POINT('',(-18.25,4.9,26.6));
#4864 = LINE('',#4865,#4866);
#4865 = CARTESIAN_POINT('',(-18.25,6.6,26.6));
#4866 = VECTOR('',#4867,1.);
#4867 = DIRECTION('',(0.,1.,0.));
#4868 = ORIENTED_EDGE('',*,*,#4869,.F.);
#4869 = EDGE_CURVE('',#1728,#4862,#4870,.T.);
#4870 = LINE('',#4871,#4872);
#4871 = CARTESIAN_POINT('',(-18.25,4.9,15.));
#4872 = VECTOR('',#4873,1.);
#4873 = DIRECTION('',(0.,0.,1.));
#4874 = ORIENTED_EDGE('',*,*,#1735,.T.);
#4875 = ORIENTED_EDGE('',*,*,#4847,.T.);
#4876 = PLANE('',#4877);
#4877 = AXIS2_PLACEMENT_3D('',#4878,#4879,#4880);
#4878 = CARTESIAN_POINT('',(-18.25,6.05,21.4));
#4879 = DIRECTION('',(1.,0.,0.));
#4880 = DIRECTION('',(0.,0.,1.));
#4881 = ADVANCED_FACE('',(#4882),#4893,.T.);
#4882 = FACE_BOUND('',#4883,.T.);
#4883 = EDGE_LOOP('',(#4884,#4885,#4886,#4892));
#4884 = ORIENTED_EDGE('',*,*,#1727,.T.);
#4885 = ORIENTED_EDGE('',*,*,#4869,.T.);
#4886 = ORIENTED_EDGE('',*,*,#4887,.T.);
#4887 = EDGE_CURVE('',#4862,#2487,#4888,.T.);
#4888 = LINE('',#4889,#4890);
#4889 = CARTESIAN_POINT('',(-18.25,4.9,26.6));
#4890 = VECTOR('',#4891,1.);
#4891 = DIRECTION('',(1.,0.,0.));
#4892 = ORIENTED_EDGE('',*,*,#2486,.F.);
#4893 = PLANE('',#4894);
#4894 = AXIS2_PLACEMENT_3D('',#4895,#4896,#4897);
#4895 = CARTESIAN_POINT('',(-18.25,4.9,15.));
#4896 = DIRECTION('',(0.,1.,0.));
#4897 = DIRECTION('',(0.,0.,1.));
#4898 = ADVANCED_FACE('',(#4899),#4917,.T.);
#4899 = FACE_BOUND('',#4900,.T.);
#4900 = EDGE_LOOP('',(#4901,#4902,#4903,#4911));
#4901 = ORIENTED_EDGE('',*,*,#427,.T.);
#4902 = ORIENTED_EDGE('',*,*,#3975,.T.);
#4903 = ORIENTED_EDGE('',*,*,#4904,.T.);
#4904 = EDGE_CURVE('',#3976,#4905,#4907,.T.);
#4905 = VERTEX_POINT('',#4906);
#4906 = CARTESIAN_POINT('',(18.25,4.9,26.6));
#4907 = LINE('',#4908,#4909);
#4908 = CARTESIAN_POINT('',(16.1,4.9,26.6));
#4909 = VECTOR('',#4910,1.);
#4910 = DIRECTION('',(1.,0.,0.));
#4911 = ORIENTED_EDGE('',*,*,#4912,.F.);
#4912 = EDGE_CURVE('',#370,#4905,#4913,.T.);
#4913 = LINE('',#4914,#4915);
#4914 = CARTESIAN_POINT('',(18.25,4.9,15.));
#4915 = VECTOR('',#4916,1.);
#4916 = DIRECTION('',(0.,0.,1.));
#4917 = PLANE('',#4918);
#4918 = AXIS2_PLACEMENT_3D('',#4919,#4920,#4921);
#4919 = CARTESIAN_POINT('',(16.1,4.9,15.));
#4920 = DIRECTION('',(0.,1.,0.));
#4921 = DIRECTION('',(0.,0.,1.));
#4922 = ADVANCED_FACE('',(#4923),#4931,.T.);
#4923 = FACE_BOUND('',#4924,.T.);
#4924 = EDGE_LOOP('',(#4925,#4926,#4927,#4928,#4929,#4930));
#4925 = ORIENTED_EDGE('',*,*,#2469,.T.);
#4926 = ORIENTED_EDGE('',*,*,#2811,.T.);
#4927 = ORIENTED_EDGE('',*,*,#229,.T.);
#4928 = ORIENTED_EDGE('',*,*,#4374,.T.);
#4929 = ORIENTED_EDGE('',*,*,#4406,.F.);
#4930 = ORIENTED_EDGE('',*,*,#4343,.F.);
#4931 = PLANE('',#4932);
#4932 = AXIS2_PLACEMENT_3D('',#4933,#4934,#4935);
#4933 = CARTESIAN_POINT('',(-15.63157894736,4.893421052632,40.6));
#4934 = DIRECTION('',(-0.,-0.,-1.));
#4935 = DIRECTION('',(-1.,0.,0.));
#4936 = ADVANCED_FACE('',(#4937),#4963,.T.);
#4937 = FACE_BOUND('',#4938,.T.);
#4938 = EDGE_LOOP('',(#4939,#4940,#4941,#4947,#4948,#4949,#4950,#4951,
    #4952,#4953,#4954,#4960,#4961,#4962));
#4939 = ORIENTED_EDGE('',*,*,#460,.F.);
#4940 = ORIENTED_EDGE('',*,*,#536,.F.);
#4941 = ORIENTED_EDGE('',*,*,#4942,.T.);
#4942 = EDGE_CURVE('',#529,#2716,#4943,.T.);
#4943 = LINE('',#4944,#4945);
#4944 = CARTESIAN_POINT('',(20.,8.575,46.3));
#4945 = VECTOR('',#4946,1.);
#4946 = DIRECTION('',(0.,1.,0.));
#4947 = ORIENTED_EDGE('',*,*,#2715,.T.);
#4948 = ORIENTED_EDGE('',*,*,#2021,.F.);
#4949 = ORIENTED_EDGE('',*,*,#3150,.F.);
#4950 = ORIENTED_EDGE('',*,*,#3243,.T.);
#4951 = ORIENTED_EDGE('',*,*,#3204,.T.);
#4952 = ORIENTED_EDGE('',*,*,#3174,.T.);
#4953 = ORIENTED_EDGE('',*,*,#3283,.F.);
#4954 = ORIENTED_EDGE('',*,*,#4955,.T.);
#4955 = EDGE_CURVE('',#3284,#3893,#4956,.T.);
#4956 = LINE('',#4957,#4958);
#4957 = CARTESIAN_POINT('',(17.1,15.55,46.3));
#4958 = VECTOR('',#4959,1.);
#4959 = DIRECTION('',(0.,1.,0.));
#4960 = ORIENTED_EDGE('',*,*,#3892,.T.);
#4961 = ORIENTED_EDGE('',*,*,#478,.F.);
#4962 = ORIENTED_EDGE('',*,*,#469,.F.);
#4963 = PLANE('',#4964);
#4964 = AXIS2_PLACEMENT_3D('',#4965,#4966,#4967);
#4965 = CARTESIAN_POINT('',(18.431608598189,14.236366505197,46.3));
#4966 = DIRECTION('',(-0.,-0.,-1.));
#4967 = DIRECTION('',(-1.,0.,0.));
#4968 = ADVANCED_FACE('',(#4969),#4990,.T.);
#4969 = FACE_BOUND('',#4970,.T.);
#4970 = EDGE_LOOP('',(#4971,#4972,#4973,#4974,#4975,#4976,#4977,#4978,
    #4979,#4980,#4981,#4982,#4983,#4989));
#4971 = ORIENTED_EDGE('',*,*,#3604,.T.);
#4972 = ORIENTED_EDGE('',*,*,#3641,.T.);
#4973 = ORIENTED_EDGE('',*,*,#3632,.T.);
#4974 = ORIENTED_EDGE('',*,*,#3917,.F.);
#4975 = ORIENTED_EDGE('',*,*,#3479,.F.);
#4976 = ORIENTED_EDGE('',*,*,#3447,.T.);
#4977 = ORIENTED_EDGE('',*,*,#3364,.F.);
#4978 = ORIENTED_EDGE('',*,*,#3394,.F.);
#4979 = ORIENTED_EDGE('',*,*,#3417,.F.);
#4980 = ORIENTED_EDGE('',*,*,#3308,.T.);
#4981 = ORIENTED_EDGE('',*,*,#2005,.T.);
#4982 = ORIENTED_EDGE('',*,*,#2706,.F.);
#4983 = ORIENTED_EDGE('',*,*,#4984,.F.);
#4984 = EDGE_CURVE('',#3658,#2707,#4985,.T.);
#4985 = LINE('',#4986,#4987);
#4986 = CARTESIAN_POINT('',(20.,8.575,18.2));
#4987 = VECTOR('',#4988,1.);
#4988 = DIRECTION('',(0.,1.,0.));
#4989 = ORIENTED_EDGE('',*,*,#3665,.T.);
#4990 = PLANE('',#4991);
#4991 = AXIS2_PLACEMENT_3D('',#4992,#4993,#4994);
#4992 = CARTESIAN_POINT('',(18.431608598189,14.236366505197,18.2));
#4993 = DIRECTION('',(0.,0.,1.));
#4994 = DIRECTION('',(1.,0.,0.));
#4995 = ADVANCED_FACE('',(#4996,#5008),#5011,.T.);
#4996 = FACE_BOUND('',#4997,.T.);
#4997 = EDGE_LOOP('',(#4998,#4999,#5000,#5001,#5002,#5003,#5004,#5005,
    #5006,#5007));
#4998 = ORIENTED_EDGE('',*,*,#3750,.F.);
#4999 = ORIENTED_EDGE('',*,*,#3582,.T.);
#5000 = ORIENTED_EDGE('',*,*,#3657,.F.);
#5001 = ORIENTED_EDGE('',*,*,#4984,.T.);
#5002 = ORIENTED_EDGE('',*,*,#2723,.T.);
#5003 = ORIENTED_EDGE('',*,*,#4942,.F.);
#5004 = ORIENTED_EDGE('',*,*,#528,.F.);
#5005 = ORIENTED_EDGE('',*,*,#609,.T.);
#5006 = ORIENTED_EDGE('',*,*,#3816,.T.);
#5007 = ORIENTED_EDGE('',*,*,#3961,.F.);
#5008 = FACE_BOUND('',#5009,.T.);
#5009 = EDGE_LOOP('',(#5010));
#5010 = ORIENTED_EDGE('',*,*,#2989,.F.);
#5011 = PLANE('',#5012);
#5012 = AXIS2_PLACEMENT_3D('',#5013,#5014,#5015);
#5013 = CARTESIAN_POINT('',(20.,4.3,9.5));
#5014 = DIRECTION('',(1.,0.,0.));
#5015 = DIRECTION('',(0.,0.,1.));
#5016 = ADVANCED_FACE('',(#5017),#5048,.T.);
#5017 = FACE_BOUND('',#5018,.T.);
#5018 = EDGE_LOOP('',(#5019,#5027,#5028,#5029,#5030,#5031,#5032,#5033,
    #5034,#5042));
#5019 = ORIENTED_EDGE('',*,*,#5020,.T.);
#5020 = EDGE_CURVE('',#5021,#93,#5023,.T.);
#5021 = VERTEX_POINT('',#5022);
#5022 = CARTESIAN_POINT('',(-16.95,5.5,26.6));
#5023 = LINE('',#5024,#5025);
#5024 = CARTESIAN_POINT('',(-18.25,5.5,26.6));
#5025 = VECTOR('',#5026,1.);
#5026 = DIRECTION('',(1.,0.,0.));
#5027 = ORIENTED_EDGE('',*,*,#92,.T.);
#5028 = ORIENTED_EDGE('',*,*,#2818,.F.);
#5029 = ORIENTED_EDGE('',*,*,#2494,.T.);
#5030 = ORIENTED_EDGE('',*,*,#4887,.F.);
#5031 = ORIENTED_EDGE('',*,*,#4861,.T.);
#5032 = ORIENTED_EDGE('',*,*,#4839,.T.);
#5033 = ORIENTED_EDGE('',*,*,#117,.T.);
#5034 = ORIENTED_EDGE('',*,*,#5035,.F.);
#5035 = EDGE_CURVE('',#5036,#110,#5038,.T.);
#5036 = VERTEX_POINT('',#5037);
#5037 = CARTESIAN_POINT('',(-16.95,6.6,26.6));
#5038 = LINE('',#5039,#5040);
#5039 = CARTESIAN_POINT('',(-18.25,6.6,26.6));
#5040 = VECTOR('',#5041,1.);
#5041 = DIRECTION('',(1.,0.,0.));
#5042 = ORIENTED_EDGE('',*,*,#5043,.F.);
#5043 = EDGE_CURVE('',#5021,#5036,#5044,.T.);
#5044 = LINE('',#5045,#5046);
#5045 = CARTESIAN_POINT('',(-16.95,4.9,26.6));
#5046 = VECTOR('',#5047,1.);
#5047 = DIRECTION('',(0.,1.,0.));
#5048 = PLANE('',#5049);
#5049 = AXIS2_PLACEMENT_3D('',#5050,#5051,#5052);
#5050 = CARTESIAN_POINT('',(-17.203125,6.068509615385,26.6));
#5051 = DIRECTION('',(-0.,-0.,-1.));
#5052 = DIRECTION('',(-1.,0.,0.));
#5053 = ADVANCED_FACE('',(#5054),#5097,.T.);
#5054 = FACE_BOUND('',#5055,.T.);
#5055 = EDGE_LOOP('',(#5056,#5066,#5074,#5080,#5081,#5082,#5088,#5089,
    #5090,#5091));
#5056 = ORIENTED_EDGE('',*,*,#5057,.T.);
#5057 = EDGE_CURVE('',#5058,#5060,#5062,.T.);
#5058 = VERTEX_POINT('',#5059);
#5059 = CARTESIAN_POINT('',(16.15,5.5,26.6));
#5060 = VERTEX_POINT('',#5061);
#5061 = CARTESIAN_POINT('',(16.95,5.5,26.6));
#5062 = LINE('',#5063,#5064);
#5063 = CARTESIAN_POINT('',(16.1,5.5,26.6));
#5064 = VECTOR('',#5065,1.);
#5065 = DIRECTION('',(1.,0.,0.));
#5066 = ORIENTED_EDGE('',*,*,#5067,.T.);
#5067 = EDGE_CURVE('',#5060,#5068,#5070,.T.);
#5068 = VERTEX_POINT('',#5069);
#5069 = CARTESIAN_POINT('',(16.95,6.6,26.6));
#5070 = LINE('',#5071,#5072);
#5071 = CARTESIAN_POINT('',(16.95,4.9,26.6));
#5072 = VECTOR('',#5073,1.);
#5073 = DIRECTION('',(0.,1.,0.));
#5074 = ORIENTED_EDGE('',*,*,#5075,.T.);
#5075 = EDGE_CURVE('',#5068,#317,#5076,.T.);
#5076 = LINE('',#5077,#5078);
#5077 = CARTESIAN_POINT('',(16.1,6.6,26.6));
#5078 = VECTOR('',#5079,1.);
#5079 = DIRECTION('',(1.,0.,0.));
#5080 = ORIENTED_EDGE('',*,*,#324,.F.);
#5081 = ORIENTED_EDGE('',*,*,#269,.T.);
#5082 = ORIENTED_EDGE('',*,*,#5083,.F.);
#5083 = EDGE_CURVE('',#4905,#270,#5084,.T.);
#5084 = LINE('',#5085,#5086);
#5085 = CARTESIAN_POINT('',(18.25,6.6,26.6));
#5086 = VECTOR('',#5087,1.);
#5087 = DIRECTION('',(0.,1.,0.));
#5088 = ORIENTED_EDGE('',*,*,#4904,.F.);
#5089 = ORIENTED_EDGE('',*,*,#3992,.T.);
#5090 = ORIENTED_EDGE('',*,*,#4031,.T.);
#5091 = ORIENTED_EDGE('',*,*,#5092,.F.);
#5092 = EDGE_CURVE('',#5058,#4024,#5093,.T.);
#5093 = LINE('',#5094,#5095);
#5094 = CARTESIAN_POINT('',(16.15,4.7,26.6));
#5095 = VECTOR('',#5096,1.);
#5096 = DIRECTION('',(0.,-1.,0.));
#5097 = PLANE('',#5098);
#5098 = AXIS2_PLACEMENT_3D('',#5099,#5100,#5101);
#5099 = CARTESIAN_POINT('',(17.383146067416,5.841853932584,26.6));
#5100 = DIRECTION('',(-0.,-0.,-1.));
#5101 = DIRECTION('',(-1.,0.,0.));
#5102 = ADVANCED_FACE('',(#5103),#5109,.T.);
#5103 = FACE_BOUND('',#5104,.T.);
#5104 = EDGE_LOOP('',(#5105,#5106,#5107,#5108));
#5105 = ORIENTED_EDGE('',*,*,#4912,.T.);
#5106 = ORIENTED_EDGE('',*,*,#5083,.T.);
#5107 = ORIENTED_EDGE('',*,*,#277,.F.);
#5108 = ORIENTED_EDGE('',*,*,#369,.F.);
#5109 = PLANE('',#5110);
#5110 = AXIS2_PLACEMENT_3D('',#5111,#5112,#5113);
#5111 = CARTESIAN_POINT('',(18.25,6.05,21.4));
#5112 = DIRECTION('',(-1.,-0.,-0.));
#5113 = DIRECTION('',(0.,0.,-1.));
#5114 = ADVANCED_FACE('',(#5115),#5152,.T.);
#5115 = FACE_BOUND('',#5116,.T.);
#5116 = EDGE_LOOP('',(#5117,#5118,#5119,#5120,#5121,#5122,#5123,#5124,
    #5125,#5126,#5127,#5128,#5129,#5137,#5145,#5151));
#5117 = ORIENTED_EDGE('',*,*,#4023,.T.);
#5118 = ORIENTED_EDGE('',*,*,#4624,.T.);
#5119 = ORIENTED_EDGE('',*,*,#4708,.F.);
#5120 = ORIENTED_EDGE('',*,*,#4794,.F.);
#5121 = ORIENTED_EDGE('',*,*,#4772,.T.);
#5122 = ORIENTED_EDGE('',*,*,#4637,.T.);
#5123 = ORIENTED_EDGE('',*,*,#4222,.F.);
#5124 = ORIENTED_EDGE('',*,*,#4262,.T.);
#5125 = ORIENTED_EDGE('',*,*,#4293,.F.);
#5126 = ORIENTED_EDGE('',*,*,#4315,.F.);
#5127 = ORIENTED_EDGE('',*,*,#4190,.F.);
#5128 = ORIENTED_EDGE('',*,*,#338,.T.);
#5129 = ORIENTED_EDGE('',*,*,#5130,.F.);
#5130 = EDGE_CURVE('',#5131,#341,#5133,.T.);
#5131 = VERTEX_POINT('',#5132);
#5132 = CARTESIAN_POINT('',(16.15,6.6,16.8));
#5133 = LINE('',#5134,#5135);
#5134 = CARTESIAN_POINT('',(16.15,6.6,8.1));
#5135 = VECTOR('',#5136,1.);
#5136 = DIRECTION('',(0.,0.,1.));
#5137 = ORIENTED_EDGE('',*,*,#5138,.T.);
#5138 = EDGE_CURVE('',#5131,#5139,#5141,.T.);
#5139 = VERTEX_POINT('',#5140);
#5140 = CARTESIAN_POINT('',(16.15,5.5,16.8));
#5141 = LINE('',#5142,#5143);
#5142 = CARTESIAN_POINT('',(16.15,5.5,16.8));
#5143 = VECTOR('',#5144,1.);
#5144 = DIRECTION('',(0.,-1.,0.));
#5145 = ORIENTED_EDGE('',*,*,#5146,.T.);
#5146 = EDGE_CURVE('',#5139,#5058,#5147,.T.);
#5147 = LINE('',#5148,#5149);
#5148 = CARTESIAN_POINT('',(16.15,5.5,15.6));
#5149 = VECTOR('',#5150,1.);
#5150 = DIRECTION('',(0.,0.,1.));
#5151 = ORIENTED_EDGE('',*,*,#5092,.T.);
#5152 = PLANE('',#5153);
#5153 = AXIS2_PLACEMENT_3D('',#5154,#5155,#5156);
#5154 = CARTESIAN_POINT('',(16.15,6.273601398601,44.155812937063));
#5155 = DIRECTION('',(-1.,-0.,-0.));
#5156 = DIRECTION('',(0.,0.,-1.));
#5157 = ADVANCED_FACE('',(#5158),#5183,.T.);
#5158 = FACE_BOUND('',#5159,.T.);
#5159 = EDGE_LOOP('',(#5160,#5170,#5176,#5177));
#5160 = ORIENTED_EDGE('',*,*,#5161,.F.);
#5161 = EDGE_CURVE('',#5162,#5164,#5166,.T.);
#5162 = VERTEX_POINT('',#5163);
#5163 = CARTESIAN_POINT('',(15.3,5.5,16.8));
#5164 = VERTEX_POINT('',#5165);
#5165 = CARTESIAN_POINT('',(15.3,6.6,16.8));
#5166 = LINE('',#5167,#5168);
#5167 = CARTESIAN_POINT('',(15.3,5.5,16.8));
#5168 = VECTOR('',#5169,1.);
#5169 = DIRECTION('',(0.,1.,0.));
#5170 = ORIENTED_EDGE('',*,*,#5171,.T.);
#5171 = EDGE_CURVE('',#5162,#5139,#5172,.T.);
#5172 = LINE('',#5173,#5174);
#5173 = CARTESIAN_POINT('',(15.3,5.5,16.8));
#5174 = VECTOR('',#5175,1.);
#5175 = DIRECTION('',(1.,0.,0.));
#5176 = ORIENTED_EDGE('',*,*,#5138,.F.);
#5177 = ORIENTED_EDGE('',*,*,#5178,.F.);
#5178 = EDGE_CURVE('',#5164,#5131,#5179,.T.);
#5179 = LINE('',#5180,#5181);
#5180 = CARTESIAN_POINT('',(15.3,6.6,16.8));
#5181 = VECTOR('',#5182,1.);
#5182 = DIRECTION('',(1.,0.,0.));
#5183 = PLANE('',#5184);
#5184 = AXIS2_PLACEMENT_3D('',#5185,#5186,#5187);
#5185 = CARTESIAN_POINT('',(15.3,5.5,16.8));
#5186 = DIRECTION('',(0.,0.,1.));
#5187 = DIRECTION('',(1.,0.,0.));
#5188 = ADVANCED_FACE('',(#5189),#5214,.T.);
#5189 = FACE_BOUND('',#5190,.T.);
#5190 = EDGE_LOOP('',(#5191,#5192,#5200,#5208));
#5191 = ORIENTED_EDGE('',*,*,#5161,.T.);
#5192 = ORIENTED_EDGE('',*,*,#5193,.T.);
#5193 = EDGE_CURVE('',#5164,#5194,#5196,.T.);
#5194 = VERTEX_POINT('',#5195);
#5195 = CARTESIAN_POINT('',(16.15,6.6,16.));
#5196 = LINE('',#5197,#5198);
#5197 = CARTESIAN_POINT('',(15.3,6.6,16.8));
#5198 = VECTOR('',#5199,1.);
#5199 = DIRECTION('',(0.728199992693,0.,-0.685364699005));
#5200 = ORIENTED_EDGE('',*,*,#5201,.F.);
#5201 = EDGE_CURVE('',#5202,#5194,#5204,.T.);
#5202 = VERTEX_POINT('',#5203);
#5203 = CARTESIAN_POINT('',(16.15,5.5,16.));
#5204 = LINE('',#5205,#5206);
#5205 = CARTESIAN_POINT('',(16.15,5.5,16.));
#5206 = VECTOR('',#5207,1.);
#5207 = DIRECTION('',(0.,1.,0.));
#5208 = ORIENTED_EDGE('',*,*,#5209,.F.);
#5209 = EDGE_CURVE('',#5162,#5202,#5210,.T.);
#5210 = LINE('',#5211,#5212);
#5211 = CARTESIAN_POINT('',(15.3,5.5,16.8));
#5212 = VECTOR('',#5213,1.);
#5213 = DIRECTION('',(0.728199992693,0.,-0.685364699005));
#5214 = PLANE('',#5215);
#5215 = AXIS2_PLACEMENT_3D('',#5216,#5217,#5218);
#5216 = CARTESIAN_POINT('',(15.3,5.5,16.8));
#5217 = DIRECTION('',(-0.685364699005,0.,-0.728199992693));
#5218 = DIRECTION('',(0.728199992693,0.,-0.685364699005));
#5219 = ADVANCED_FACE('',(#5220),#5240,.T.);
#5220 = FACE_BOUND('',#5221,.T.);
#5221 = EDGE_LOOP('',(#5222,#5223,#5224,#5232,#5238,#5239));
#5222 = ORIENTED_EDGE('',*,*,#102,.T.);
#5223 = ORIENTED_EDGE('',*,*,#5020,.F.);
#5224 = ORIENTED_EDGE('',*,*,#5225,.T.);
#5225 = EDGE_CURVE('',#5021,#5226,#5228,.T.);
#5226 = VERTEX_POINT('',#5227);
#5227 = CARTESIAN_POINT('',(-16.95,5.5,16.));
#5228 = LINE('',#5229,#5230);
#5229 = CARTESIAN_POINT('',(-16.95,5.5,15.));
#5230 = VECTOR('',#5231,1.);
#5231 = DIRECTION('',(0.,0.,-1.));
#5232 = ORIENTED_EDGE('',*,*,#5233,.T.);
#5233 = EDGE_CURVE('',#5226,#71,#5234,.T.);
#5234 = LINE('',#5235,#5236);
#5235 = CARTESIAN_POINT('',(-16.95,5.5,16.));
#5236 = VECTOR('',#5237,1.);
#5237 = DIRECTION('',(1.,0.,0.));
#5238 = ORIENTED_EDGE('',*,*,#78,.F.);
#5239 = ORIENTED_EDGE('',*,*,#31,.F.);
#5240 = PLANE('',#5241);
#5241 = AXIS2_PLACEMENT_3D('',#5242,#5243,#5244);
#5242 = CARTESIAN_POINT('',(-16.49403021626,5.5,21.065810830247));
#5243 = DIRECTION('',(-0.,-1.,-0.));
#5244 = DIRECTION('',(0.,0.,-1.));
#5245 = ADVANCED_FACE('',(#5246),#5266,.T.);
#5246 = FACE_BOUND('',#5247,.T.);
#5247 = EDGE_LOOP('',(#5248,#5249,#5250,#5251,#5252,#5260));
#5248 = ORIENTED_EDGE('',*,*,#5057,.F.);
#5249 = ORIENTED_EDGE('',*,*,#5146,.F.);
#5250 = ORIENTED_EDGE('',*,*,#5171,.F.);
#5251 = ORIENTED_EDGE('',*,*,#5209,.T.);
#5252 = ORIENTED_EDGE('',*,*,#5253,.T.);
#5253 = EDGE_CURVE('',#5202,#5254,#5256,.T.);
#5254 = VERTEX_POINT('',#5255);
#5255 = CARTESIAN_POINT('',(16.95,5.5,16.));
#5256 = LINE('',#5257,#5258);
#5257 = CARTESIAN_POINT('',(16.15,5.5,16.));
#5258 = VECTOR('',#5259,1.);
#5259 = DIRECTION('',(1.,0.,0.));
#5260 = ORIENTED_EDGE('',*,*,#5261,.T.);
#5261 = EDGE_CURVE('',#5254,#5060,#5262,.T.);
#5262 = LINE('',#5263,#5264);
#5263 = CARTESIAN_POINT('',(16.95,5.5,16.));
#5264 = VECTOR('',#5265,1.);
#5265 = DIRECTION('',(0.,0.,1.));
#5266 = PLANE('',#5267);
#5267 = AXIS2_PLACEMENT_3D('',#5268,#5269,#5270);
#5268 = CARTESIAN_POINT('',(16.494030216265,5.5,21.065810830247));
#5269 = DIRECTION('',(-0.,-1.,-0.));
#5270 = DIRECTION('',(0.,0.,-1.));
#5271 = ADVANCED_FACE('',(#5272),#5292,.T.);
#5272 = FACE_BOUND('',#5273,.T.);
#5273 = EDGE_LOOP('',(#5274,#5275,#5276,#5277,#5285,#5291));
#5274 = ORIENTED_EDGE('',*,*,#109,.F.);
#5275 = ORIENTED_EDGE('',*,*,#47,.T.);
#5276 = ORIENTED_EDGE('',*,*,#62,.T.);
#5277 = ORIENTED_EDGE('',*,*,#5278,.F.);
#5278 = EDGE_CURVE('',#5279,#63,#5281,.T.);
#5279 = VERTEX_POINT('',#5280);
#5280 = CARTESIAN_POINT('',(-16.95,6.6,16.));
#5281 = LINE('',#5282,#5283);
#5282 = CARTESIAN_POINT('',(-16.95,6.6,16.));
#5283 = VECTOR('',#5284,1.);
#5284 = DIRECTION('',(1.,0.,0.));
#5285 = ORIENTED_EDGE('',*,*,#5286,.T.);
#5286 = EDGE_CURVE('',#5279,#5036,#5287,.T.);
#5287 = LINE('',#5288,#5289);
#5288 = CARTESIAN_POINT('',(-16.95,6.6,16.));
#5289 = VECTOR('',#5290,1.);
#5290 = DIRECTION('',(0.,0.,1.));
#5291 = ORIENTED_EDGE('',*,*,#5035,.T.);
#5292 = PLANE('',#5293);
#5293 = AXIS2_PLACEMENT_3D('',#5294,#5295,#5296);
#5294 = CARTESIAN_POINT('',(-16.49403021626,6.6,21.065810830247));
#5295 = DIRECTION('',(0.,1.,0.));
#5296 = DIRECTION('',(0.,0.,1.));
#5297 = ADVANCED_FACE('',(#5298),#5320,.T.);
#5298 = FACE_BOUND('',#5299,.T.);
#5299 = EDGE_LOOP('',(#5300,#5301,#5309,#5315,#5316,#5317,#5318,#5319));
#5300 = ORIENTED_EDGE('',*,*,#5075,.F.);
#5301 = ORIENTED_EDGE('',*,*,#5302,.T.);
#5302 = EDGE_CURVE('',#5068,#5303,#5305,.T.);
#5303 = VERTEX_POINT('',#5304);
#5304 = CARTESIAN_POINT('',(16.95,6.6,16.));
#5305 = LINE('',#5306,#5307);
#5306 = CARTESIAN_POINT('',(16.95,6.6,15.));
#5307 = VECTOR('',#5308,1.);
#5308 = DIRECTION('',(0.,0.,-1.));
#5309 = ORIENTED_EDGE('',*,*,#5310,.F.);
#5310 = EDGE_CURVE('',#5194,#5303,#5311,.T.);
#5311 = LINE('',#5312,#5313);
#5312 = CARTESIAN_POINT('',(16.15,6.6,16.));
#5313 = VECTOR('',#5314,1.);
#5314 = DIRECTION('',(1.,0.,0.));
#5315 = ORIENTED_EDGE('',*,*,#5193,.F.);
#5316 = ORIENTED_EDGE('',*,*,#5178,.T.);
#5317 = ORIENTED_EDGE('',*,*,#5130,.T.);
#5318 = ORIENTED_EDGE('',*,*,#348,.T.);
#5319 = ORIENTED_EDGE('',*,*,#316,.F.);
#5320 = PLANE('',#5321);
#5321 = AXIS2_PLACEMENT_3D('',#5322,#5323,#5324);
#5322 = CARTESIAN_POINT('',(16.617525177637,6.6,23.31330341087));
#5323 = DIRECTION('',(0.,1.,0.));
#5324 = DIRECTION('',(0.,0.,1.));
#5325 = ADVANCED_FACE('',(#5326),#5337,.T.);
#5326 = FACE_BOUND('',#5327,.T.);
#5327 = EDGE_LOOP('',(#5328,#5329,#5330,#5336));
#5328 = ORIENTED_EDGE('',*,*,#5043,.T.);
#5329 = ORIENTED_EDGE('',*,*,#5286,.F.);
#5330 = ORIENTED_EDGE('',*,*,#5331,.F.);
#5331 = EDGE_CURVE('',#5226,#5279,#5332,.T.);
#5332 = LINE('',#5333,#5334);
#5333 = CARTESIAN_POINT('',(-16.95,5.5,16.));
#5334 = VECTOR('',#5335,1.);
#5335 = DIRECTION('',(0.,1.,0.));
#5336 = ORIENTED_EDGE('',*,*,#5225,.F.);
#5337 = PLANE('',#5338);
#5338 = AXIS2_PLACEMENT_3D('',#5339,#5340,#5341);
#5339 = CARTESIAN_POINT('',(-16.95,6.05,21.3));
#5340 = DIRECTION('',(-1.,-0.,-0.));
#5341 = DIRECTION('',(0.,0.,-1.));
#5342 = ADVANCED_FACE('',(#5343),#5351,.T.);
#5343 = FACE_BOUND('',#5344,.T.);
#5344 = EDGE_LOOP('',(#5345,#5346,#5347,#5348,#5349,#5350));
#5345 = ORIENTED_EDGE('',*,*,#3219,.F.);
#5346 = ORIENTED_EDGE('',*,*,#561,.T.);
#5347 = ORIENTED_EDGE('',*,*,#3900,.F.);
#5348 = ORIENTED_EDGE('',*,*,#4955,.F.);
#5349 = ORIENTED_EDGE('',*,*,#3291,.T.);
#5350 = ORIENTED_EDGE('',*,*,#3267,.F.);
#5351 = PLANE('',#5352);
#5352 = AXIS2_PLACEMENT_3D('',#5353,#5354,#5355);
#5353 = CARTESIAN_POINT('',(17.1,15.856016042781,64.506016042781));
#5354 = DIRECTION('',(-1.,-0.,-0.));
#5355 = DIRECTION('',(0.,0.,-1.));
#5356 = ADVANCED_FACE('',(#5357),#5368,.T.);
#5357 = FACE_BOUND('',#5358,.T.);
#5358 = EDGE_LOOP('',(#5359,#5360,#5361,#5367));
#5359 = ORIENTED_EDGE('',*,*,#5067,.F.);
#5360 = ORIENTED_EDGE('',*,*,#5261,.F.);
#5361 = ORIENTED_EDGE('',*,*,#5362,.T.);
#5362 = EDGE_CURVE('',#5254,#5303,#5363,.T.);
#5363 = LINE('',#5364,#5365);
#5364 = CARTESIAN_POINT('',(16.95,5.5,16.));
#5365 = VECTOR('',#5366,1.);
#5366 = DIRECTION('',(0.,1.,0.));
#5367 = ORIENTED_EDGE('',*,*,#5302,.F.);
#5368 = PLANE('',#5369);
#5369 = AXIS2_PLACEMENT_3D('',#5370,#5371,#5372);
#5370 = CARTESIAN_POINT('',(16.95,6.05,21.3));
#5371 = DIRECTION('',(1.,0.,0.));
#5372 = DIRECTION('',(0.,0.,1.));
#5373 = ADVANCED_FACE('',(#5374),#5380,.F.);
#5374 = FACE_BOUND('',#5375,.T.);
#5375 = EDGE_LOOP('',(#5376,#5377,#5378,#5379));
#5376 = ORIENTED_EDGE('',*,*,#5278,.T.);
#5377 = ORIENTED_EDGE('',*,*,#70,.F.);
#5378 = ORIENTED_EDGE('',*,*,#5233,.F.);
#5379 = ORIENTED_EDGE('',*,*,#5331,.T.);
#5380 = PLANE('',#5381);
#5381 = AXIS2_PLACEMENT_3D('',#5382,#5383,#5384);
#5382 = CARTESIAN_POINT('',(-16.95,5.5,16.));
#5383 = DIRECTION('',(0.,0.,1.));
#5384 = DIRECTION('',(1.,0.,0.));
#5385 = ADVANCED_FACE('',(#5386),#5392,.F.);
#5386 = FACE_BOUND('',#5387,.T.);
#5387 = EDGE_LOOP('',(#5388,#5389,#5390,#5391));
#5388 = ORIENTED_EDGE('',*,*,#5310,.T.);
#5389 = ORIENTED_EDGE('',*,*,#5362,.F.);
#5390 = ORIENTED_EDGE('',*,*,#5253,.F.);
#5391 = ORIENTED_EDGE('',*,*,#5201,.T.);
#5392 = PLANE('',#5393);
#5393 = AXIS2_PLACEMENT_3D('',#5394,#5395,#5396);
#5394 = CARTESIAN_POINT('',(16.15,5.5,16.));
#5395 = DIRECTION('',(0.,0.,1.));
#5396 = DIRECTION('',(1.,0.,0.));
#5397 = ( GEOMETRIC_REPRESENTATION_CONTEXT(3) 
GLOBAL_UNCERTAINTY_ASSIGNED_CONTEXT((#5401)) 
GLOBAL_UNIT_ASSIGNED_CONTEXT((#5398,#5399,#5400)) REPRESENTATION_CONTEXT
('Context #1','3D Context with UNIT and UNCERTAINTY') );
#5398 = ( LENGTH_UNIT() NAMED_UNIT(*) SI_UNIT(.MILLI.,.METRE.) );
#5399 = ( NAMED_UNIT(*) PLANE_ANGLE_UNIT() SI_UNIT($,.RADIAN.) );
#5400 = ( NAMED_UNIT(*) SI_UNIT($,.STERADIAN.) SOLID_ANGLE_UNIT() );
#5401 = UNCERTAINTY_MEASURE_WITH_UNIT(LENGTH_MEASURE(2.E-07),#5398,
  'distance_accuracy_value','confusion accuracy');
#5402 = PRODUCT_RELATED_PRODUCT_CATEGORY('part',$,(#7));
ENDSEC;
END-ISO-10303-21;
