ISO-10303-21;
HEADER;
FILE_DESCRIPTION(('FreeCAD Model'),'2;1');
FILE_NAME('Open CASCADE Shape Model','2026-10-09T15:22:00',('FreeCAD'),(
    'FreeCAD'),'Open CASCADE STEP processor 7.8','FreeCAD','Unknown');
FILE_SCHEMA(('AUTOMOTIVE_DESIGN { 1 0 10303 214 1 1 1 1 }'));
ENDSEC;
DATA;
#1 = APPLICATION_PROTOCOL_DEFINITION('international standard',
  'automotive_design',2000,#2);
#2 = APPLICATION_CONTEXT(
  'core data for automotive mechanical design processes');
#3 = SHAPE_DEFINITION_REPRESENTATION(#4,#10);
#4 = PRODUCT_DEFINITION_SHAPE('','',#5);
#5 = PRODUCT_DEFINITION('design','',#6,#9);
#6 = PRODUCT_DEFINITION_FORMATION('','',#7);
#7 = PRODUCT('Open CASCADE STEP translator 7.8 9',
  'Open CASCADE STEP translator 7.8 9','',(#8));
#8 = PRODUCT_CONTEXT('',#2,'mechanical');
#9 = PRODUCT_DEFINITION_CONTEXT('part definition',#2,'design');
#10 = ADVANCED_BREP_SHAPE_REPRESENTATION('',(#11,#15),#2655);
#11 = AXIS2_PLACEMENT_3D('',#12,#13,#14);
#12 = CARTESIAN_POINT('',(0.,0.,0.));
#13 = DIRECTION('',(0.,0.,1.));
#14 = DIRECTION('',(1.,0.,-0.));
#15 = MANIFOLD_SOLID_BREP('',#16);
#16 = CLOSED_SHELL('',(#17,#111,#151,#194,#227,#253,#289,#329,#355,#387,
    #429,#455,#480,#565,#590,#675,#925,#950,#1226,#1264,#1328,#1346,
    #1403,#1439,#1471,#1495,#1520,#1537,#1561,#1585,#1603,#1627,#1645,
    #1663,#1675,#1754,#1840,#1926,#1954,#1978,#1996,#2008,#2195,#2403,
    #2611,#2633));
#17 = ADVANCED_FACE('',(#18),#106,.T.);
#18 = FACE_BOUND('',#19,.T.);
#19 = EDGE_LOOP('',(#20,#30,#38,#47,#56,#65,#74,#82,#91,#100));
#20 = ORIENTED_EDGE('',*,*,#21,.T.);
#21 = EDGE_CURVE('',#22,#24,#26,.T.);
#22 = VERTEX_POINT('',#23);
#23 = CARTESIAN_POINT('',(9.1,23.1,40.));
#24 = VERTEX_POINT('',#25);
#25 = CARTESIAN_POINT('',(9.1,23.6,40.));
#26 = LINE('',#27,#28);
#27 = CARTESIAN_POINT('',(9.1,-2.170706338178,40.));
#28 = VECTOR('',#29,1.);
#29 = DIRECTION('',(0.,1.,0.));
#30 = ORIENTED_EDGE('',*,*,#31,.F.);
#31 = EDGE_CURVE('',#32,#24,#34,.T.);
#32 = VERTEX_POINT('',#33);
#33 = CARTESIAN_POINT('',(-16.11179692026,23.6,40.));
#34 = LINE('',#35,#36);
#35 = CARTESIAN_POINT('',(-16.11179692026,23.6,40.));
#36 = VECTOR('',#37,1.);
#37 = DIRECTION('',(1.,0.,0.));
#38 = ORIENTED_EDGE('',*,*,#39,.F.);
#39 = EDGE_CURVE('',#40,#32,#42,.T.);
#40 = VERTEX_POINT('',#41);
#41 = CARTESIAN_POINT('',(-16.51459184327,23.4725,40.));
#42 = CIRCLE('',#43,0.7);
#43 = AXIS2_PLACEMENT_3D('',#44,#45,#46);
#44 = CARTESIAN_POINT('',(-16.11179692026,22.9,40.));
#45 = DIRECTION('',(0.,0.,-1.));
#46 = DIRECTION('',(-0.575421318581,0.817857142857,0.));
#47 = ORIENTED_EDGE('',*,*,#48,.F.);
#48 = EDGE_CURVE('',#49,#40,#51,.T.);
#49 = VERTEX_POINT('',#50);
#50 = CARTESIAN_POINT('',(28.7,-5.E-15,40.));
#51 = CIRCLE('',#52,28.7);
#52 = AXIS2_PLACEMENT_3D('',#53,#54,#55);
#53 = CARTESIAN_POINT('',(0.,0.,40.));
#54 = DIRECTION('',(0.,-0.,-1.));
#55 = DIRECTION('',(1.,-2.4E-16,0.));
#56 = ORIENTED_EDGE('',*,*,#57,.F.);
#57 = EDGE_CURVE('',#58,#49,#60,.T.);
#58 = VERTEX_POINT('',#59);
#59 = CARTESIAN_POINT('',(27.770488513058,7.244996048731,40.));
#60 = CIRCLE('',#61,28.7);
#61 = AXIS2_PLACEMENT_3D('',#62,#63,#64);
#62 = CARTESIAN_POINT('',(0.,0.,40.));
#63 = DIRECTION('',(0.,0.,-1.));
#64 = DIRECTION('',(0.967322783396,0.253548087593,0.));
#65 = ORIENTED_EDGE('',*,*,#66,.T.);
#66 = EDGE_CURVE('',#58,#67,#69,.T.);
#67 = VERTEX_POINT('',#68);
#68 = CARTESIAN_POINT('',(27.722016376462,7.231951905727,40.));
#69 = CIRCLE('',#70,1.);
#70 = AXIS2_PLACEMENT_3D('',#71,#72,#73);
#71 = CARTESIAN_POINT('',(28.006031721166,6.273132170859,40.));
#72 = DIRECTION('',(0.,-0.,1.));
#73 = DIRECTION('',(0.,1.,0.));
#74 = ORIENTED_EDGE('',*,*,#75,.T.);
#75 = EDGE_CURVE('',#67,#76,#78,.T.);
#76 = VERTEX_POINT('',#77);
#77 = CARTESIAN_POINT('',(27.290498868083,7.104130596432,40.));
#78 = LINE('',#79,#80);
#79 = CARTESIAN_POINT('',(-28.0298589059,-9.282505922352,40.));
#80 = VECTOR('',#81,1.);
#81 = DIRECTION('',(-0.958819734868,-0.284015344704,0.));
#82 = ORIENTED_EDGE('',*,*,#83,.T.);
#83 = EDGE_CURVE('',#76,#84,#86,.T.);
#84 = VERTEX_POINT('',#85);
#85 = CARTESIAN_POINT('',(28.2,9.E-15,40.));
#86 = CIRCLE('',#87,28.2);
#87 = AXIS2_PLACEMENT_3D('',#88,#89,#90);
#88 = CARTESIAN_POINT('',(0.,0.,40.));
#89 = DIRECTION('',(0.,0.,-1.));
#90 = DIRECTION('',(0.967899566981,0.251337279842,0.));
#91 = ORIENTED_EDGE('',*,*,#92,.T.);
#92 = EDGE_CURVE('',#84,#93,#95,.T.);
#93 = VERTEX_POINT('',#94);
#94 = CARTESIAN_POINT('',(-16.17498068005,23.1,40.));
#95 = CIRCLE('',#96,28.2);
#96 = AXIS2_PLACEMENT_3D('',#97,#98,#99);
#97 = CARTESIAN_POINT('',(0.,0.,40.));
#98 = DIRECTION('',(0.,-0.,-1.));
#99 = DIRECTION('',(1.,-2.4E-16,0.));
#100 = ORIENTED_EDGE('',*,*,#101,.T.);
#101 = EDGE_CURVE('',#93,#22,#102,.T.);
#102 = LINE('',#103,#104);
#103 = CARTESIAN_POINT('',(-16.01655393647,23.1,40.));
#104 = VECTOR('',#105,1.);
#105 = DIRECTION('',(1.,0.,0.));
#106 = PLANE('',#107);
#107 = AXIS2_PLACEMENT_3D('',#108,#109,#110);
#108 = CARTESIAN_POINT('',(0.822927457538,0.658587323643,40.));
#109 = DIRECTION('',(0.,0.,1.));
#110 = DIRECTION('',(1.,0.,0.));
#111 = ADVANCED_FACE('',(#112),#146,.T.);
#112 = FACE_BOUND('',#113,.T.);
#113 = EDGE_LOOP('',(#114,#115,#124,#132,#140));
#114 = ORIENTED_EDGE('',*,*,#21,.F.);
#115 = ORIENTED_EDGE('',*,*,#116,.T.);
#116 = EDGE_CURVE('',#22,#117,#119,.T.);
#117 = VERTEX_POINT('',#118);
#118 = CARTESIAN_POINT('',(9.1,22.6,39.5));
#119 = CIRCLE('',#120,0.5);
#120 = AXIS2_PLACEMENT_3D('',#121,#122,#123);
#121 = CARTESIAN_POINT('',(9.1,23.1,39.5));
#122 = DIRECTION('',(1.,0.,-0.));
#123 = DIRECTION('',(0.,0.,1.));
#124 = ORIENTED_EDGE('',*,*,#125,.F.);
#125 = EDGE_CURVE('',#126,#117,#128,.T.);
#126 = VERTEX_POINT('',#127);
#127 = CARTESIAN_POINT('',(9.1,22.6,17.86066017178));
#128 = LINE('',#129,#130);
#129 = CARTESIAN_POINT('',(9.1,22.6,8.43033008589));
#130 = VECTOR('',#131,1.);
#131 = DIRECTION('',(0.,0.,1.));
#132 = ORIENTED_EDGE('',*,*,#133,.T.);
#133 = EDGE_CURVE('',#126,#134,#136,.T.);
#134 = VERTEX_POINT('',#135);
#135 = CARTESIAN_POINT('',(9.1,23.6,17.86066017178));
#136 = LINE('',#137,#138);
#137 = CARTESIAN_POINT('',(9.1,-5.,17.86066017178));
#138 = VECTOR('',#139,1.);
#139 = DIRECTION('',(0.,1.,0.));
#140 = ORIENTED_EDGE('',*,*,#141,.T.);
#141 = EDGE_CURVE('',#134,#24,#142,.T.);
#142 = LINE('',#143,#144);
#143 = CARTESIAN_POINT('',(9.1,23.6,17.86066017178));
#144 = VECTOR('',#145,1.);
#145 = DIRECTION('',(0.,0.,1.));
#146 = PLANE('',#147);
#147 = AXIS2_PLACEMENT_3D('',#148,#149,#150);
#148 = CARTESIAN_POINT('',(9.1,-5.,17.86066017178));
#149 = DIRECTION('',(1.,0.,0.));
#150 = DIRECTION('',(0.,0.,1.));
#151 = ADVANCED_FACE('',(#152),#189,.T.);
#152 = FACE_BOUND('',#153,.T.);
#153 = EDGE_LOOP('',(#154,#181,#187,#188));
#154 = ORIENTED_EDGE('',*,*,#155,.T.);
#155 = EDGE_CURVE('',#93,#156,#158,.T.);
#156 = VERTEX_POINT('',#157);
#157 = CARTESIAN_POINT('',(-16.01655393647,22.6,39.5));
#158 = B_SPLINE_CURVE_WITH_KNOTS('',5,(#159,#160,#161,#162,#163,#164,
    #165,#166,#167,#168,#169,#170,#171,#172,#173,#174,#175,#176,#177,
    #178,#179,#180),.UNSPECIFIED.,.F.,.F.,(6,4,4,4,4,6),(0.,
    3.053042934833E-02,0.255610799986,0.50411346526,0.751605633141,1.),
  .UNSPECIFIED.);
#159 = CARTESIAN_POINT('',(-16.17498067987,23.1,40.));
#160 = CARTESIAN_POINT('',(-16.17347672957,23.09523012301,
    39.999999999999));
#161 = CARTESIAN_POINT('',(-16.1719726078,23.090460258145,
    39.999943120685));
#162 = CARTESIAN_POINT('',(-16.17046859399,23.085691290184,
    39.999829362631));
#163 = CARTESIAN_POINT('',(-16.16896496736,23.080924103616,
    39.99965874611));
#164 = CARTESIAN_POINT('',(-16.15638168743,23.041033966325,
    39.997754585316));
#165 = CARTESIAN_POINT('',(-16.14533756239,23.006053177115,
    39.99298970216));
#166 = CARTESIAN_POINT('',(-16.13444151186,22.971571517019,
    39.985152660778));
#167 = CARTESIAN_POINT('',(-16.12380544949,22.937940854308,
    39.974317724653));
#168 = CARTESIAN_POINT('',(-16.10219813937,22.869672193132,
    39.945489816288));
#169 = CARTESIAN_POINT('',(-16.09130710893,22.83529330121,
    39.926869204176));
#170 = CARTESIAN_POINT('',(-16.08100671766,22.802807108653,
    39.904932032428));
#171 = CARTESIAN_POINT('',(-16.07143250815,22.772633983578,
    39.879941050671));
#172 = CARTESIAN_POINT('',(-16.05400586131,22.717747900197,
    39.824645462342));
#173 = CARTESIAN_POINT('',(-16.04614642689,22.693012758175,
    39.794362428784));
#174 = CARTESIAN_POINT('',(-16.03923878938,22.67128674461,
    39.761724196988));
#175 = CARTESIAN_POINT('',(-16.03337902851,22.652864760034,
    39.727141431144));
#176 = CARTESIAN_POINT('',(-16.02387073656,22.622981440974,
    39.654879217579));
#177 = CARTESIAN_POINT('',(-16.02023020012,22.611545278786,
    39.617187919536));
#178 = CARTESIAN_POINT('',(-16.01777930437,22.603848277507,
    39.57846908139));
#179 = CARTESIAN_POINT('',(-16.01655393647,22.6,39.539234208151));
#180 = CARTESIAN_POINT('',(-16.01655393647,22.6,39.5));
#181 = ORIENTED_EDGE('',*,*,#182,.T.);
#182 = EDGE_CURVE('',#156,#117,#183,.T.);
#183 = LINE('',#184,#185);
#184 = CARTESIAN_POINT('',(-16.01655393647,22.6,39.5));
#185 = VECTOR('',#186,1.);
#186 = DIRECTION('',(1.,0.,0.));
#187 = ORIENTED_EDGE('',*,*,#116,.F.);
#188 = ORIENTED_EDGE('',*,*,#101,.F.);
#189 = CYLINDRICAL_SURFACE('',#190,0.5);
#190 = AXIS2_PLACEMENT_3D('',#191,#192,#193);
#191 = CARTESIAN_POINT('',(-16.01655393647,23.1,39.5));
#192 = DIRECTION('',(1.,0.,0.));
#193 = DIRECTION('',(0.,0.,1.));
#194 = ADVANCED_FACE('',(#195),#222,.T.);
#195 = FACE_BOUND('',#196,.T.);
#196 = EDGE_LOOP('',(#197,#206,#207,#216));
#197 = ORIENTED_EDGE('',*,*,#198,.T.);
#198 = EDGE_CURVE('',#199,#32,#201,.T.);
#199 = VERTEX_POINT('',#200);
#200 = CARTESIAN_POINT('',(-16.11179692026,24.6,39.));
#201 = CIRCLE('',#202,1.);
#202 = AXIS2_PLACEMENT_3D('',#203,#204,#205);
#203 = CARTESIAN_POINT('',(-16.11179692026,23.6,39.));
#204 = DIRECTION('',(1.,-1.78E-15,0.));
#205 = DIRECTION('',(1.78E-15,1.,0.));
#206 = ORIENTED_EDGE('',*,*,#31,.T.);
#207 = ORIENTED_EDGE('',*,*,#208,.F.);
#208 = EDGE_CURVE('',#209,#24,#211,.T.);
#209 = VERTEX_POINT('',#210);
#210 = CARTESIAN_POINT('',(8.1,24.6,39.));
#211 = ELLIPSE('',#212,1.414213562373,1.);
#212 = AXIS2_PLACEMENT_3D('',#213,#214,#215);
#213 = CARTESIAN_POINT('',(8.1,23.6,39.));
#214 = DIRECTION('',(0.707106781187,0.,-0.707106781187));
#215 = DIRECTION('',(0.707106781187,0.,0.707106781187));
#216 = ORIENTED_EDGE('',*,*,#217,.F.);
#217 = EDGE_CURVE('',#199,#209,#218,.T.);
#218 = LINE('',#219,#220);
#219 = CARTESIAN_POINT('',(-16.11179692026,24.6,39.));
#220 = VECTOR('',#221,1.);
#221 = DIRECTION('',(1.,0.,0.));
#222 = CYLINDRICAL_SURFACE('',#223,1.);
#223 = AXIS2_PLACEMENT_3D('',#224,#225,#226);
#224 = CARTESIAN_POINT('',(-16.11179692026,23.6,39.));
#225 = DIRECTION('',(1.,0.,0.));
#226 = DIRECTION('',(0.,1.,0.));
#227 = ADVANCED_FACE('',(#228),#248,.T.);
#228 = FACE_BOUND('',#229,.F.);
#229 = EDGE_LOOP('',(#230,#239,#240,#241));
#230 = ORIENTED_EDGE('',*,*,#231,.F.);
#231 = EDGE_CURVE('',#84,#232,#234,.T.);
#232 = VERTEX_POINT('',#233);
#233 = CARTESIAN_POINT('',(27.7,1.E-14,39.5));
#234 = CIRCLE('',#235,0.5);
#235 = AXIS2_PLACEMENT_3D('',#236,#237,#238);
#236 = CARTESIAN_POINT('',(28.2,9.39E-15,39.5));
#237 = DIRECTION('',(3.3E-16,-1.,0.));
#238 = DIRECTION('',(1.,3.3E-16,0.));
#239 = ORIENTED_EDGE('',*,*,#92,.T.);
#240 = ORIENTED_EDGE('',*,*,#155,.T.);
#241 = ORIENTED_EDGE('',*,*,#242,.F.);
#242 = EDGE_CURVE('',#232,#156,#243,.T.);
#243 = CIRCLE('',#244,27.7);
#244 = AXIS2_PLACEMENT_3D('',#245,#246,#247);
#245 = CARTESIAN_POINT('',(0.,0.,39.5));
#246 = DIRECTION('',(0.,-0.,-1.));
#247 = DIRECTION('',(1.,-2.4E-16,0.));
#248 = TOROIDAL_SURFACE('',#249,28.2,0.5);
#249 = AXIS2_PLACEMENT_3D('',#250,#251,#252);
#250 = CARTESIAN_POINT('',(0.,0.,39.5));
#251 = DIRECTION('',(0.,0.,1.));
#252 = DIRECTION('',(1.,-2.4E-16,0.));
#253 = ADVANCED_FACE('',(#254),#274,.T.);
#254 = FACE_BOUND('',#255,.F.);
#255 = EDGE_LOOP('',(#256,#265,#272,#273));
#256 = ORIENTED_EDGE('',*,*,#257,.F.);
#257 = EDGE_CURVE('',#258,#40,#260,.T.);
#258 = VERTEX_POINT('',#259);
#259 = CARTESIAN_POINT('',(-17.09001316185,24.290357142857,39.));
#260 = CIRCLE('',#261,1.);
#261 = AXIS2_PLACEMENT_3D('',#262,#263,#264);
#262 = CARTESIAN_POINT('',(-16.51459184327,23.4725,39.));
#263 = DIRECTION('',(0.817857142857,0.575421318581,-0.));
#264 = DIRECTION('',(-0.575421318581,0.817857142857,0.));
#265 = ORIENTED_EDGE('',*,*,#266,.T.);
#266 = EDGE_CURVE('',#258,#199,#267,.T.);
#267 = CIRCLE('',#268,1.7);
#268 = AXIS2_PLACEMENT_3D('',#269,#270,#271);
#269 = CARTESIAN_POINT('',(-16.11179692026,22.9,39.));
#270 = DIRECTION('',(0.,0.,-1.));
#271 = DIRECTION('',(-0.575421318581,0.817857142857,0.));
#272 = ORIENTED_EDGE('',*,*,#198,.T.);
#273 = ORIENTED_EDGE('',*,*,#39,.F.);
#274 = SURFACE_OF_REVOLUTION('',#275,#286);
#275 = B_SPLINE_CURVE_WITH_KNOTS('',5,(#276,#277,#278,#279,#280,#281,
    #282,#283,#284,#285),.UNSPECIFIED.,.F.,.F.,(6,4,6),(0.,
    0.785398163397,1.570796326795),.UNSPECIFIED.);
#276 = CARTESIAN_POINT('',(-17.09001316185,24.290357142857,39.));
#277 = CARTESIAN_POINT('',(-17.09001316185,24.290357142857,
    39.157079632679));
#278 = CARTESIAN_POINT('',(-17.0722697043,24.265138032912,
    39.314161753982));
#279 = CARTESIAN_POINT('',(-17.03675713103,24.214663344592,
    39.463156817683));
#280 = CARTESIAN_POINT('',(-16.98538939864,24.141653420402,
    39.596034707733));
#281 = CARTESIAN_POINT('',(-16.85756292072,23.95997124311,39.81817885464
    ));
#282 = CARTESIAN_POINT('',(-16.78110215001,23.851296111605,
    39.907448630943));
#283 = CARTESIAN_POINT('',(-16.695367214,23.729439434506,39.969164407054
    ));
#284 = CARTESIAN_POINT('',(-16.60497881263,23.600968699584,40.));
#285 = CARTESIAN_POINT('',(-16.51459184327,23.4725,40.));
#286 = AXIS1_PLACEMENT('',#287,#288);
#287 = CARTESIAN_POINT('',(-16.11179692026,22.9,39.));
#288 = DIRECTION('',(0.,0.,1.));
#289 = ADVANCED_FACE('',(#290),#324,.T.);
#290 = FACE_BOUND('',#291,.F.);
#291 = EDGE_LOOP('',(#292,#315,#316,#317));
#292 = ORIENTED_EDGE('',*,*,#293,.F.);
#293 = EDGE_CURVE('',#76,#294,#296,.T.);
#294 = VERTEX_POINT('',#295);
#295 = CARTESIAN_POINT('',(26.810818005369,6.962042651621,39.5));
#296 = B_SPLINE_CURVE_WITH_KNOTS('',5,(#297,#298,#299,#300,#301,#302,
    #303,#304,#305,#306,#307,#308,#309,#310,#311,#312,#313,#314),
  .UNSPECIFIED.,.F.,.F.,(6,4,4,4,6),(0.,0.262537829608,0.511039704252,
    0.754521464143,1.),.UNSPECIFIED.);
#297 = CARTESIAN_POINT('',(27.290498868083,7.104130596432,40.));
#298 = CARTESIAN_POINT('',(27.251017227766,7.092435601767,40.));
#299 = CARTESIAN_POINT('',(27.211534819102,7.080740379507,
    39.995765755698));
#300 = CARTESIAN_POINT('',(27.172610831856,7.069210569208,
    39.987297073622));
#301 = CARTESIAN_POINT('',(27.134799611472,7.058010375469,
    39.974714474348));
#302 = CARTESIAN_POINT('',(27.064362398633,7.037145922478,
    39.942668116417));
#303 = CARTESIAN_POINT('',(27.031566192613,7.027431243672,
    39.923607722229));
#304 = CARTESIAN_POINT('',(27.000659704855,7.018276324916,39.90126746997
    ));
#305 = CARTESIAN_POINT('',(26.972037094612,7.009797921501,
    39.875932040646));
#306 = CARTESIAN_POINT('',(26.920545144229,6.994545310916,
    39.820545906302));
#307 = CARTESIAN_POINT('',(26.897570561521,6.987739929476,
    39.790600046365));
#308 = CARTESIAN_POINT('',(26.877415257183,6.981769656336,
    39.758452473816));
#309 = CARTESIAN_POINT('',(26.860326064907,6.976707606966,
    39.724496554064));
#310 = CARTESIAN_POINT('',(26.832503843099,6.968466289407,
    39.653539195694));
#311 = CARTESIAN_POINT('',(26.821823709208,6.96530268962,39.616514094791
    ));
#312 = CARTESIAN_POINT('',(26.814604577284,6.963164285322,
    39.578528531538));
#313 = CARTESIAN_POINT('',(26.810936363191,6.962077710806,
    39.540055214451));
#314 = CARTESIAN_POINT('',(26.810820372521,6.962043352804,
    39.501570793675));
#315 = ORIENTED_EDGE('',*,*,#83,.T.);
#316 = ORIENTED_EDGE('',*,*,#231,.T.);
#317 = ORIENTED_EDGE('',*,*,#318,.F.);
#318 = EDGE_CURVE('',#294,#232,#319,.T.);
#319 = CIRCLE('',#320,27.7);
#320 = AXIS2_PLACEMENT_3D('',#321,#322,#323);
#321 = CARTESIAN_POINT('',(0.,0.,39.5));
#322 = DIRECTION('',(0.,0.,-1.));
#323 = DIRECTION('',(0.967899566981,0.251337279842,0.));
#324 = TOROIDAL_SURFACE('',#325,28.2,0.5);
#325 = AXIS2_PLACEMENT_3D('',#326,#327,#328);
#326 = CARTESIAN_POINT('',(0.,0.,39.5));
#327 = DIRECTION('',(0.,0.,1.));
#328 = DIRECTION('',(0.967899566981,0.251337279842,0.));
#329 = ADVANCED_FACE('',(#330),#350,.T.);
#330 = FACE_BOUND('',#331,.F.);
#331 = EDGE_LOOP('',(#332,#341,#348,#349));
#332 = ORIENTED_EDGE('',*,*,#333,.F.);
#333 = EDGE_CURVE('',#334,#49,#336,.T.);
#334 = VERTEX_POINT('',#335);
#335 = CARTESIAN_POINT('',(29.7,-5.E-15,39.));
#336 = CIRCLE('',#337,1.);
#337 = AXIS2_PLACEMENT_3D('',#338,#339,#340);
#338 = CARTESIAN_POINT('',(28.7,-3.98E-15,39.));
#339 = DIRECTION('',(-1.4E-16,-1.,0.));
#340 = DIRECTION('',(1.,-1.4E-16,0.));
#341 = ORIENTED_EDGE('',*,*,#342,.T.);
#342 = EDGE_CURVE('',#334,#258,#343,.T.);
#343 = CIRCLE('',#344,29.7);
#344 = AXIS2_PLACEMENT_3D('',#345,#346,#347);
#345 = CARTESIAN_POINT('',(0.,0.,39.));
#346 = DIRECTION('',(0.,-0.,-1.));
#347 = DIRECTION('',(1.,-2.4E-16,0.));
#348 = ORIENTED_EDGE('',*,*,#257,.T.);
#349 = ORIENTED_EDGE('',*,*,#48,.F.);
#350 = TOROIDAL_SURFACE('',#351,28.7,1.);
#351 = AXIS2_PLACEMENT_3D('',#352,#353,#354);
#352 = CARTESIAN_POINT('',(0.,0.,39.));
#353 = DIRECTION('',(0.,0.,1.));
#354 = DIRECTION('',(1.,-2.4E-16,0.));
#355 = ADVANCED_FACE('',(#356),#382,.T.);
#356 = FACE_BOUND('',#357,.T.);
#357 = EDGE_LOOP('',(#358,#366,#367,#368,#376));
#358 = ORIENTED_EDGE('',*,*,#359,.F.);
#359 = EDGE_CURVE('',#294,#360,#362,.T.);
#360 = VERTEX_POINT('',#361);
#361 = CARTESIAN_POINT('',(26.810818005369,6.962042651621,17.86066017178
    ));
#362 = LINE('',#363,#364);
#363 = CARTESIAN_POINT('',(26.810818005369,6.962042651621,-1.));
#364 = VECTOR('',#365,1.);
#365 = DIRECTION('',(0.,0.,-1.));
#366 = ORIENTED_EDGE('',*,*,#293,.F.);
#367 = ORIENTED_EDGE('',*,*,#75,.F.);
#368 = ORIENTED_EDGE('',*,*,#369,.T.);
#369 = EDGE_CURVE('',#67,#370,#372,.T.);
#370 = VERTEX_POINT('',#371);
#371 = CARTESIAN_POINT('',(27.722016376462,7.231951905727,17.86066017178
    ));
#372 = LINE('',#373,#374);
#373 = CARTESIAN_POINT('',(27.722016376462,7.231951905727,40.));
#374 = VECTOR('',#375,1.);
#375 = DIRECTION('',(0.,0.,-1.));
#376 = ORIENTED_EDGE('',*,*,#377,.F.);
#377 = EDGE_CURVE('',#360,#370,#378,.T.);
#378 = LINE('',#379,#380);
#379 = CARTESIAN_POINT('',(-57.26239716698,-17.94157824728,
    17.86066017178));
#380 = VECTOR('',#381,1.);
#381 = DIRECTION('',(0.958819734868,0.284015344704,0.));
#382 = PLANE('',#383);
#383 = AXIS2_PLACEMENT_3D('',#384,#385,#386);
#384 = CARTESIAN_POINT('',(-57.26239716698,-17.94157824728,
    17.86066017178));
#385 = DIRECTION('',(-0.284015344704,0.958819734868,0.));
#386 = DIRECTION('',(0.,0.,1.));
#387 = ADVANCED_FACE('',(#388),#424,.T.);
#388 = FACE_BOUND('',#389,.F.);
#389 = EDGE_LOOP('',(#390,#415,#422,#423));
#390 = ORIENTED_EDGE('',*,*,#391,.F.);
#391 = EDGE_CURVE('',#392,#58,#394,.T.);
#392 = VERTEX_POINT('',#393);
#393 = CARTESIAN_POINT('',(28.981851641764,6.491708204686,39.));
#394 = B_SPLINE_CURVE_WITH_KNOTS('',7,(#395,#396,#397,#398,#399,#400,
    #401,#402,#403,#404,#405,#406,#407,#408,#409,#410,#411,#412,#413,
    #414),.UNSPECIFIED.,.F.,.F.,(8,6,6,8),(0.,0.33469372785,
    0.644427281898,1.),.UNSPECIFIED.);
#395 = CARTESIAN_POINT('',(28.981851641357,6.491708206502,39.));
#396 = CARTESIAN_POINT('',(28.967002204891,6.558002695058,
    39.066783702435));
#397 = CARTESIAN_POINT('',(28.946900621655,6.623109466785,
    39.133556573112));
#398 = CARTESIAN_POINT('',(28.921616252338,6.686733660459,
    39.200045889437));
#399 = CARTESIAN_POINT('',(28.891185467331,6.748551174895,
    39.265957887999));
#400 = CARTESIAN_POINT('',(28.855628995765,6.808204831191,
    39.330970133583));
#401 = CARTESIAN_POINT('',(28.814958864243,6.865294555251,
    39.394719785714));
#402 = CARTESIAN_POINT('',(28.726805376789,6.969396494679,
    39.514226948222));
#403 = CARTESIAN_POINT('',(28.68007586498,7.016819720206,39.570199497403
    ));
#404 = CARTESIAN_POINT('',(28.628983148479,7.06128301988,39.624388556996
    ));
#405 = CARTESIAN_POINT('',(28.573549493896,7.102345946171,
    39.676381308055));
#406 = CARTESIAN_POINT('',(28.513856266815,7.139482710116,39.7256663325)
  );
#407 = CARTESIAN_POINT('',(28.45007882266,7.172098100876,39.771638095701
    ));
#408 = CARTESIAN_POINT('',(28.304968571392,7.231069931518,
    39.861790431047));
#409 = CARTESIAN_POINT('',(28.222325419557,7.255830260785,
    39.904767015041));
#410 = CARTESIAN_POINT('',(28.135248084913,7.272743033886,
    39.941335642322));
#411 = CARTESIAN_POINT('',(28.044787045976,7.28071625545,39.970182265864
    ));
#412 = CARTESIAN_POINT('',(27.952452226349,7.278855286476,
    39.990049284368));
#413 = CARTESIAN_POINT('',(27.860257464625,7.266752662309,40.));
#414 = CARTESIAN_POINT('',(27.770488513058,7.244996048731,40.));
#415 = ORIENTED_EDGE('',*,*,#416,.T.);
#416 = EDGE_CURVE('',#392,#334,#417,.T.);
#417 = CIRCLE('',#418,29.7);
#418 = AXIS2_PLACEMENT_3D('',#419,#420,#421);
#419 = CARTESIAN_POINT('',(0.,0.,39.));
#420 = DIRECTION('',(0.,0.,-1.));
#421 = DIRECTION('',(0.967322783396,0.253548087593,0.));
#422 = ORIENTED_EDGE('',*,*,#333,.T.);
#423 = ORIENTED_EDGE('',*,*,#57,.F.);
#424 = TOROIDAL_SURFACE('',#425,28.7,1.);
#425 = AXIS2_PLACEMENT_3D('',#426,#427,#428);
#426 = CARTESIAN_POINT('',(0.,0.,39.));
#427 = DIRECTION('',(0.,0.,1.));
#428 = DIRECTION('',(0.967322783396,0.253548087593,0.));
#429 = ADVANCED_FACE('',(#430),#450,.T.);
#430 = FACE_BOUND('',#431,.F.);
#431 = EDGE_LOOP('',(#432,#433,#434,#435,#444));
#432 = ORIENTED_EDGE('',*,*,#391,.T.);
#433 = ORIENTED_EDGE('',*,*,#66,.T.);
#434 = ORIENTED_EDGE('',*,*,#369,.T.);
#435 = ORIENTED_EDGE('',*,*,#436,.F.);
#436 = EDGE_CURVE('',#437,#370,#439,.T.);
#437 = VERTEX_POINT('',#438);
#438 = CARTESIAN_POINT('',(28.981851641764,6.491708204686,17.86066017178
    ));
#439 = CIRCLE('',#440,1.);
#440 = AXIS2_PLACEMENT_3D('',#441,#442,#443);
#441 = CARTESIAN_POINT('',(28.006031721166,6.273132170859,17.86066017178
    ));
#442 = DIRECTION('',(0.,-0.,1.));
#443 = DIRECTION('',(0.975819920598,0.218576033828,0.));
#444 = ORIENTED_EDGE('',*,*,#445,.F.);
#445 = EDGE_CURVE('',#392,#437,#446,.T.);
#446 = LINE('',#447,#448);
#447 = CARTESIAN_POINT('',(28.981851641764,6.491708204686,40.));
#448 = VECTOR('',#449,1.);
#449 = DIRECTION('',(0.,0.,-1.));
#450 = CYLINDRICAL_SURFACE('',#451,1.);
#451 = AXIS2_PLACEMENT_3D('',#452,#453,#454);
#452 = CARTESIAN_POINT('',(28.006031721166,6.273132170859,40.));
#453 = DIRECTION('',(0.,0.,-1.));
#454 = DIRECTION('',(0.975819920598,0.218576033828,0.));
#455 = ADVANCED_FACE('',(#456),#475,.T.);
#456 = FACE_BOUND('',#457,.F.);
#457 = EDGE_LOOP('',(#458,#467,#468,#469));
#458 = ORIENTED_EDGE('',*,*,#459,.T.);
#459 = EDGE_CURVE('',#460,#134,#462,.T.);
#460 = VERTEX_POINT('',#461);
#461 = CARTESIAN_POINT('',(8.1,24.6,17.86066017178));
#462 = CIRCLE('',#463,1.);
#463 = AXIS2_PLACEMENT_3D('',#464,#465,#466);
#464 = CARTESIAN_POINT('',(8.1,23.6,17.86066017178));
#465 = DIRECTION('',(6.E-17,0.,-1.));
#466 = DIRECTION('',(-1.,0.,-6.E-17));
#467 = ORIENTED_EDGE('',*,*,#141,.T.);
#468 = ORIENTED_EDGE('',*,*,#208,.F.);
#469 = ORIENTED_EDGE('',*,*,#470,.F.);
#470 = EDGE_CURVE('',#460,#209,#471,.T.);
#471 = LINE('',#472,#473);
#472 = CARTESIAN_POINT('',(8.1,24.6,17.86066017178));
#473 = VECTOR('',#474,1.);
#474 = DIRECTION('',(0.,0.,1.));
#475 = CYLINDRICAL_SURFACE('',#476,1.);
#476 = AXIS2_PLACEMENT_3D('',#477,#478,#479);
#477 = CARTESIAN_POINT('',(8.1,23.6,17.86066017178));
#478 = DIRECTION('',(0.,0.,1.));
#479 = DIRECTION('',(0.,1.,0.));
#480 = ADVANCED_FACE('',(#481,#524),#560,.T.);
#481 = FACE_BOUND('',#482,.T.);
#482 = EDGE_LOOP('',(#483,#491,#499,#507,#515,#522,#523));
#483 = ORIENTED_EDGE('',*,*,#484,.F.);
#484 = EDGE_CURVE('',#485,#156,#487,.T.);
#485 = VERTEX_POINT('',#486);
#486 = CARTESIAN_POINT('',(-16.01655393647,22.6,0.));
#487 = LINE('',#488,#489);
#488 = CARTESIAN_POINT('',(-16.01655393647,22.6,-1.));
#489 = VECTOR('',#490,1.);
#490 = DIRECTION('',(0.,0.,1.));
#491 = ORIENTED_EDGE('',*,*,#492,.T.);
#492 = EDGE_CURVE('',#485,#493,#495,.T.);
#493 = VERTEX_POINT('',#494);
#494 = CARTESIAN_POINT('',(16.016553936475,22.6,0.));
#495 = LINE('',#496,#497);
#496 = CARTESIAN_POINT('',(8.419740697007,22.6,0.));
#497 = VECTOR('',#498,1.);
#498 = DIRECTION('',(1.,0.,0.));
#499 = ORIENTED_EDGE('',*,*,#500,.T.);
#500 = EDGE_CURVE('',#493,#501,#503,.T.);
#501 = VERTEX_POINT('',#502);
#502 = CARTESIAN_POINT('',(16.016553936475,22.6,15.86066017178));
#503 = LINE('',#504,#505);
#504 = CARTESIAN_POINT('',(16.016553936475,22.6,-1.));
#505 = VECTOR('',#506,1.);
#506 = DIRECTION('',(0.,0.,1.));
#507 = ORIENTED_EDGE('',*,*,#508,.T.);
#508 = EDGE_CURVE('',#501,#509,#511,.T.);
#509 = VERTEX_POINT('',#510);
#510 = CARTESIAN_POINT('',(11.1,22.6,15.86066017178));
#511 = LINE('',#512,#513);
#512 = CARTESIAN_POINT('',(-20.90693695995,22.6,15.86066017178));
#513 = VECTOR('',#514,1.);
#514 = DIRECTION('',(-1.,0.,0.));
#515 = ORIENTED_EDGE('',*,*,#516,.T.);
#516 = EDGE_CURVE('',#509,#126,#517,.T.);
#517 = CIRCLE('',#518,2.);
#518 = AXIS2_PLACEMENT_3D('',#519,#520,#521);
#519 = CARTESIAN_POINT('',(11.1,22.6,17.86066017178));
#520 = DIRECTION('',(0.,1.,0.));
#521 = DIRECTION('',(0.,0.,1.));
#522 = ORIENTED_EDGE('',*,*,#125,.T.);
#523 = ORIENTED_EDGE('',*,*,#182,.F.);
#524 = FACE_BOUND('',#525,.T.);
#525 = EDGE_LOOP('',(#526,#537,#545,#554));
#526 = ORIENTED_EDGE('',*,*,#527,.T.);
#527 = EDGE_CURVE('',#528,#530,#532,.T.);
#528 = VERTEX_POINT('',#529);
#529 = CARTESIAN_POINT('',(-7.25,22.6,19.834936490539));
#530 = VERTEX_POINT('',#531);
#531 = CARTESIAN_POINT('',(-7.25,22.6,24.165063509461));
#532 = CIRCLE('',#533,2.5);
#533 = AXIS2_PLACEMENT_3D('',#534,#535,#536);
#534 = CARTESIAN_POINT('',(-6.,22.6,22.));
#535 = DIRECTION('',(0.,1.,0.));
#536 = DIRECTION('',(0.,0.,1.));
#537 = ORIENTED_EDGE('',*,*,#538,.T.);
#538 = EDGE_CURVE('',#530,#539,#541,.T.);
#539 = VERTEX_POINT('',#540);
#540 = CARTESIAN_POINT('',(-2.75,22.6,26.763139720814));
#541 = LINE('',#542,#543);
#542 = CARTESIAN_POINT('',(-3.973438345583,22.6,26.056787262655));
#543 = VECTOR('',#544,1.);
#544 = DIRECTION('',(0.866025403784,0.,0.5));
#545 = ORIENTED_EDGE('',*,*,#546,.T.);
#546 = EDGE_CURVE('',#539,#547,#549,.T.);
#547 = VERTEX_POINT('',#548);
#548 = CARTESIAN_POINT('',(-2.75,22.6,17.236860279186));
#549 = CIRCLE('',#550,5.5);
#550 = AXIS2_PLACEMENT_3D('',#551,#552,#553);
#551 = CARTESIAN_POINT('',(0.,22.6,22.));
#552 = DIRECTION('',(0.,1.,0.));
#553 = DIRECTION('',(0.,0.,1.));
#554 = ORIENTED_EDGE('',*,*,#555,.T.);
#555 = EDGE_CURVE('',#547,#528,#556,.T.);
#556 = LINE('',#557,#558);
#557 = CARTESIAN_POINT('',(8.235853797938,22.6,10.894174631668));
#558 = VECTOR('',#559,1.);
#559 = DIRECTION('',(-0.866025403784,0.,0.5));
#560 = PLANE('',#561);
#561 = AXIS2_PLACEMENT_3D('',#562,#563,#564);
#562 = CARTESIAN_POINT('',(16.016553936475,22.6,-1.));
#563 = DIRECTION('',(0.,-1.,0.));
#564 = DIRECTION('',(-1.,0.,0.));
#565 = ADVANCED_FACE('',(#566),#585,.F.);
#566 = FACE_BOUND('',#567,.F.);
#567 = EDGE_LOOP('',(#568,#569,#578,#584));
#568 = ORIENTED_EDGE('',*,*,#133,.T.);
#569 = ORIENTED_EDGE('',*,*,#570,.F.);
#570 = EDGE_CURVE('',#571,#134,#573,.T.);
#571 = VERTEX_POINT('',#572);
#572 = CARTESIAN_POINT('',(11.1,23.6,15.86066017178));
#573 = CIRCLE('',#574,2.);
#574 = AXIS2_PLACEMENT_3D('',#575,#576,#577);
#575 = CARTESIAN_POINT('',(11.1,23.6,17.86066017178));
#576 = DIRECTION('',(-0.,1.,0.));
#577 = DIRECTION('',(0.,0.,-1.));
#578 = ORIENTED_EDGE('',*,*,#579,.F.);
#579 = EDGE_CURVE('',#509,#571,#580,.T.);
#580 = LINE('',#581,#582);
#581 = CARTESIAN_POINT('',(11.1,-5.,15.86066017178));
#582 = VECTOR('',#583,1.);
#583 = DIRECTION('',(0.,1.,0.));
#584 = ORIENTED_EDGE('',*,*,#516,.T.);
#585 = CYLINDRICAL_SURFACE('',#586,2.);
#586 = AXIS2_PLACEMENT_3D('',#587,#588,#589);
#587 = CARTESIAN_POINT('',(11.1,15.,17.86066017178));
#588 = DIRECTION('',(0.,1.,0.));
#589 = DIRECTION('',(0.,0.,1.));
#590 = ADVANCED_FACE('',(#591,#634),#670,.F.);
#591 = FACE_BOUND('',#592,.F.);
#592 = EDGE_LOOP('',(#593,#601,#609,#617,#625,#632,#633));
#593 = ORIENTED_EDGE('',*,*,#594,.F.);
#594 = EDGE_CURVE('',#595,#199,#597,.T.);
#595 = VERTEX_POINT('',#596);
#596 = CARTESIAN_POINT('',(-16.11179692026,24.6,1.));
#597 = LINE('',#598,#599);
#598 = CARTESIAN_POINT('',(-16.11179692026,24.6,0.));
#599 = VECTOR('',#600,1.);
#600 = DIRECTION('',(0.,0.,1.));
#601 = ORIENTED_EDGE('',*,*,#602,.T.);
#602 = EDGE_CURVE('',#595,#603,#605,.T.);
#603 = VERTEX_POINT('',#604);
#604 = CARTESIAN_POINT('',(16.111796920269,24.6,1.));
#605 = LINE('',#606,#607);
#606 = CARTESIAN_POINT('',(-16.11179692026,24.6,1.));
#607 = VECTOR('',#608,1.);
#608 = DIRECTION('',(1.,0.,0.));
#609 = ORIENTED_EDGE('',*,*,#610,.T.);
#610 = EDGE_CURVE('',#603,#611,#613,.T.);
#611 = VERTEX_POINT('',#612);
#612 = CARTESIAN_POINT('',(16.111796920269,24.6,14.86066017178));
#613 = LINE('',#614,#615);
#614 = CARTESIAN_POINT('',(16.111796920269,24.6,0.));
#615 = VECTOR('',#616,1.);
#616 = DIRECTION('',(0.,0.,1.));
#617 = ORIENTED_EDGE('',*,*,#618,.T.);
#618 = EDGE_CURVE('',#611,#619,#621,.T.);
#619 = VERTEX_POINT('',#620);
#620 = CARTESIAN_POINT('',(11.1,24.6,14.86066017178));
#621 = LINE('',#622,#623);
#622 = CARTESIAN_POINT('',(16.111796920269,24.6,14.86066017178));
#623 = VECTOR('',#624,1.);
#624 = DIRECTION('',(-1.,0.,0.));
#625 = ORIENTED_EDGE('',*,*,#626,.T.);
#626 = EDGE_CURVE('',#619,#460,#627,.T.);
#627 = CIRCLE('',#628,3.);
#628 = AXIS2_PLACEMENT_3D('',#629,#630,#631);
#629 = CARTESIAN_POINT('',(11.1,24.6,17.86066017178));
#630 = DIRECTION('',(-0.,1.,0.));
#631 = DIRECTION('',(0.,0.,-1.));
#632 = ORIENTED_EDGE('',*,*,#470,.T.);
#633 = ORIENTED_EDGE('',*,*,#217,.F.);
#634 = FACE_BOUND('',#635,.F.);
#635 = EDGE_LOOP('',(#636,#647,#655,#664));
#636 = ORIENTED_EDGE('',*,*,#637,.T.);
#637 = EDGE_CURVE('',#638,#640,#642,.T.);
#638 = VERTEX_POINT('',#639);
#639 = CARTESIAN_POINT('',(-7.75,24.6,18.968911086754));
#640 = VERTEX_POINT('',#641);
#641 = CARTESIAN_POINT('',(-7.75,24.6,25.031088913246));
#642 = CIRCLE('',#643,3.5);
#643 = AXIS2_PLACEMENT_3D('',#644,#645,#646);
#644 = CARTESIAN_POINT('',(-6.,24.6,22.));
#645 = DIRECTION('',(0.,1.,-0.));
#646 = DIRECTION('',(-0.5,-0.,-0.866025403784));
#647 = ORIENTED_EDGE('',*,*,#648,.T.);
#648 = EDGE_CURVE('',#640,#649,#651,.T.);
#649 = VERTEX_POINT('',#650);
#650 = CARTESIAN_POINT('',(-3.25,24.6,27.629165124599));
#651 = LINE('',#652,#653);
#652 = CARTESIAN_POINT('',(-7.75,24.6,25.031088913246));
#653 = VECTOR('',#654,1.);
#654 = DIRECTION('',(0.866025403784,0.,0.5));
#655 = ORIENTED_EDGE('',*,*,#656,.T.);
#656 = EDGE_CURVE('',#649,#657,#659,.T.);
#657 = VERTEX_POINT('',#658);
#658 = CARTESIAN_POINT('',(-3.25,24.6,16.370834875401));
#659 = CIRCLE('',#660,6.5);
#660 = AXIS2_PLACEMENT_3D('',#661,#662,#663);
#661 = CARTESIAN_POINT('',(0.,24.6,22.));
#662 = DIRECTION('',(0.,1.,-0.));
#663 = DIRECTION('',(-0.5,0.,0.866025403784));
#664 = ORIENTED_EDGE('',*,*,#665,.T.);
#665 = EDGE_CURVE('',#657,#638,#666,.T.);
#666 = LINE('',#667,#668);
#667 = CARTESIAN_POINT('',(-3.25,24.6,16.370834875401));
#668 = VECTOR('',#669,1.);
#669 = DIRECTION('',(-0.866025403784,0.,0.5));
#670 = PLANE('',#671);
#671 = AXIS2_PLACEMENT_3D('',#672,#673,#674);
#672 = CARTESIAN_POINT('',(16.111796920269,24.6,0.));
#673 = DIRECTION('',(0.,-1.,0.));
#674 = DIRECTION('',(-1.,0.,0.));
#675 = ADVANCED_FACE('',(#676,#725,#790,#855),#920,.F.);
#676 = FACE_BOUND('',#677,.T.);
#677 = EDGE_LOOP('',(#678,#679,#698,#705,#706,#715,#722,#723,#724));
#678 = ORIENTED_EDGE('',*,*,#359,.T.);
#679 = ORIENTED_EDGE('',*,*,#680,.T.);
#680 = EDGE_CURVE('',#360,#681,#683,.T.);
#681 = VERTEX_POINT('',#682);
#682 = CARTESIAN_POINT('',(26.238585132,8.87843737776,15.86066017178));
#683 = B_SPLINE_CURVE_WITH_KNOTS('',7,(#684,#685,#686,#687,#688,#689,
    #690,#691,#692,#693,#694,#695,#696,#697),.UNSPECIFIED.,.F.,.F.,(8,6,
    8),(0.,0.488499576623,1.),.UNSPECIFIED.);
#684 = CARTESIAN_POINT('',(26.810818005369,6.962042651621,17.86066017178
    ));
#685 = CARTESIAN_POINT('',(26.810818005369,6.962042651621,
    17.669661842558));
#686 = CARTESIAN_POINT('',(26.805466489728,6.98265129508,17.478785525883
    ));
#687 = CARTESIAN_POINT('',(26.794775238601,7.023823480931,
    17.289452626015));
#688 = CARTESIAN_POINT('',(26.77853973434,7.085935664601,17.103212331182
    ));
#689 = CARTESIAN_POINT('',(26.756370856336,7.169672796292,
    16.921980633373));
#690 = CARTESIAN_POINT('',(26.727689301172,7.275898714242,
    16.748312928318));
#691 = CARTESIAN_POINT('',(26.654106407363,7.541116066389,
    16.415660160921));
#692 = CARTESIAN_POINT('',(26.607466300432,7.706100169206,
    16.253055289437));
#693 = CARTESIAN_POINT('',(26.55121157034,7.90016745314,16.108071888429)
  );
#694 = CARTESIAN_POINT('',(26.48527452119,8.120324199245,15.989586011284
    ));
#695 = CARTESIAN_POINT('',(26.410138133547,8.361415810192,
    15.905111866507));
#696 = CARTESIAN_POINT('',(26.327129991763,8.61675936596,15.86066017178)
  );
#697 = CARTESIAN_POINT('',(26.238585132,8.87843737776,15.86066017178));
#698 = ORIENTED_EDGE('',*,*,#699,.F.);
#699 = EDGE_CURVE('',#501,#681,#700,.T.);
#700 = CIRCLE('',#701,27.7);
#701 = AXIS2_PLACEMENT_3D('',#702,#703,#704);
#702 = CARTESIAN_POINT('',(0.,0.,15.86066017178));
#703 = DIRECTION('',(0.,0.,-1.));
#704 = DIRECTION('',(1.,0.,0.));
#705 = ORIENTED_EDGE('',*,*,#500,.F.);
#706 = ORIENTED_EDGE('',*,*,#707,.T.);
#707 = EDGE_CURVE('',#493,#708,#710,.T.);
#708 = VERTEX_POINT('',#709);
#709 = CARTESIAN_POINT('',(27.7,-7.E-15,0.));
#710 = CIRCLE('',#711,27.7);
#711 = AXIS2_PLACEMENT_3D('',#712,#713,#714);
#712 = CARTESIAN_POINT('',(0.,0.,0.));
#713 = DIRECTION('',(0.,0.,-1.));
#714 = DIRECTION('',(1.,0.,0.));
#715 = ORIENTED_EDGE('',*,*,#716,.T.);
#716 = EDGE_CURVE('',#708,#485,#717,.T.);
#717 = CIRCLE('',#718,27.7);
#718 = AXIS2_PLACEMENT_3D('',#719,#720,#721);
#719 = CARTESIAN_POINT('',(0.,0.,0.));
#720 = DIRECTION('',(0.,0.,-1.));
#721 = DIRECTION('',(1.,0.,0.));
#722 = ORIENTED_EDGE('',*,*,#484,.T.);
#723 = ORIENTED_EDGE('',*,*,#242,.F.);
#724 = ORIENTED_EDGE('',*,*,#318,.F.);
#725 = FACE_BOUND('',#726,.T.);
#726 = EDGE_LOOP('',(#727));
#727 = ORIENTED_EDGE('',*,*,#728,.T.);
#728 = EDGE_CURVE('',#729,#729,#731,.T.);
#729 = VERTEX_POINT('',#730);
#730 = CARTESIAN_POINT('',(25.428292007611,-10.98598951281,8.5));
#731 = B_SPLINE_CURVE_WITH_KNOTS('',8,(#732,#733,#734,#735,#736,#737,
    #738,#739,#740,#741,#742,#743,#744,#745,#746,#747,#748,#749,#750,
    #751,#752,#753,#754,#755,#756,#757,#758,#759,#760,#761,#762,#763,
    #764,#765,#766,#767,#768,#769,#770,#771,#772,#773,#774,#775,#776,
    #777,#778,#779,#780,#781,#782,#783,#784,#785,#786,#787,#788,#789),
  .UNSPECIFIED.,.T.,.F.,(9,7,7,7,7,7,7,7,9),(0.,0.12280729679,
    0.231813500984,0.31848794011,0.430677214355,0.556308400367,
    0.671563640634,0.818553801911,1.),.UNSPECIFIED.);
#732 = CARTESIAN_POINT('',(25.428292007611,-10.98598951281,8.5));
#733 = CARTESIAN_POINT('',(25.428292007611,-10.98598951281,
    8.765540128681));
#734 = CARTESIAN_POINT('',(25.41823725805,-11.00926231234,9.030864511158
    ));
#735 = CARTESIAN_POINT('',(25.398155244296,-11.05574449837,
    9.294680921651));
#736 = CARTESIAN_POINT('',(25.367795063944,-11.12568867678,
    9.555599715123));
#737 = CARTESIAN_POINT('',(25.326655176003,-11.21960555087,9.81198780853
    ));
#738 = CARTESIAN_POINT('',(25.273989206653,-11.33818864717,
    10.061796718603));
#739 = CARTESIAN_POINT('',(25.208805674678,-11.48221756944,
    10.302347885209));
#740 = CARTESIAN_POINT('',(25.059819278468,-11.80352463301,
    10.732178997588));
#741 = CARTESIAN_POINT('',(24.978071276391,-11.97710368522,
    10.926666084888));
#742 = CARTESIAN_POINT('',(24.88394446648,-12.17321132285,
    11.108741006785));
#743 = CARTESIAN_POINT('',(24.776950766865,-12.39111378848,
    11.273616213944));
#744 = CARTESIAN_POINT('',(24.656822037297,-12.62935601917,
    11.416511912788));
#745 = CARTESIAN_POINT('',(24.523582220378,-12.88580344868,
    11.53265325651));
#746 = CARTESIAN_POINT('',(24.377684560043,-13.15765138314,
    11.617238049955));
#747 = CARTESIAN_POINT('',(24.095025184301,-13.66697963567,
    11.703632028344));
#748 = CARTESIAN_POINT('',(23.964861901151,-13.89586237441,
    11.718131736684));
#749 = CARTESIAN_POINT('',(23.831619648246,-14.12422905382,
    11.707649305095));
#750 = CARTESIAN_POINT('',(23.697471990416,-14.34825886339,
    11.672200129613));
#751 = CARTESIAN_POINT('',(23.564799424619,-14.56435197395,
    11.612988883267));
#752 = CARTESIAN_POINT('',(23.43603412579,-14.76931252095,
    11.532381349223));
#753 = CARTESIAN_POINT('',(23.313469503179,-14.96048030338,
    11.433886697638));
#754 = CARTESIAN_POINT('',(23.050997905752,-15.36277743986,
    11.177516267869));
#755 = CARTESIAN_POINT('',(22.914794660337,-15.56599474187,
    11.008925342365));
#756 = CARTESIAN_POINT('',(22.791364729212,-15.74597836457,
    10.821627498552));
#757 = CARTESIAN_POINT('',(22.681185449809,-15.9036297704,
    10.619795489904));
#758 = CARTESIAN_POINT('',(22.584415597151,-16.0399943729,10.40676629204
    ));
#759 = CARTESIAN_POINT('',(22.501010026331,-16.15611168658,
    10.185213284484));
#760 = CARTESIAN_POINT('',(22.430822030487,-16.25292647018,
    9.957264807312));
#761 = CARTESIAN_POINT('',(22.309677499725,-16.41889375258,
    9.464030962036));
#762 = CARTESIAN_POINT('',(22.261955671266,-16.4834478834,9.19722999394)
  );
#763 = CARTESIAN_POINT('',(22.230316833068,-16.5258953095,8.926439261678
    ));
#764 = CARTESIAN_POINT('',(22.214606071426,-16.54688660683,
    8.653463839307));
#765 = CARTESIAN_POINT('',(22.214740948767,-16.54672445523,
    8.379864153585));
#766 = CARTESIAN_POINT('',(22.230730678666,-16.52536547518,
    8.107140088182));
#767 = CARTESIAN_POINT('',(22.262677949062,-16.48240738057,
    7.836908514526));
#768 = CARTESIAN_POINT('',(22.354877044338,-16.35710892694,
    7.327223721886));
#769 = CARTESIAN_POINT('',(22.412561577292,-16.27832992955,7.08713572075
    ));
#770 = CARTESIAN_POINT('',(22.483965548724,-16.18010029678,
    6.852201883875));
#771 = CARTESIAN_POINT('',(22.569286439344,-16.06152793287,
    6.624214531728));
#772 = CARTESIAN_POINT('',(22.668698601681,-15.92152168315,
    6.405488296512));
#773 = CARTESIAN_POINT('',(22.78224661399,-15.75887289537,6.199004371443
    ));
#774 = CARTESIAN_POINT('',(22.909720834822,-15.5723847305,6.008610774874
    ));
#775 = CARTESIAN_POINT('',(23.230115131429,-15.09160759201,
    5.623364119961));
#776 = CARTESIAN_POINT('',(23.439099299261,-14.7702083577,5.432447731481
    ));
#777 = CARTESIAN_POINT('',(23.668648229405,-14.40512676414,
    5.295163230254));
#778 = CARTESIAN_POINT('',(23.906290442183,-14.01036408299,
    5.229460599516));
#779 = CARTESIAN_POINT('',(24.138252717862,-13.60476774306,
    5.242900208112));
#780 = CARTESIAN_POINT('',(24.353658832111,-13.20945415429,
    5.332768430931));
#781 = CARTESIAN_POINT('',(24.544854259083,-12.84405004067,
    5.485793523497));
#782 = CARTESIAN_POINT('',(24.908363723282,-12.12685996585,
    5.914930896911));
#783 = CARTESIAN_POINT('',(25.069608943765,-11.79072107264,
    6.216051997757));
#784 = CARTESIAN_POINT('',(25.195598350382,-11.51628406362,
    6.557998652165));
#785 = CARTESIAN_POINT('',(25.291305724975,-11.30140691816,
    6.926056441903));
#786 = CARTESIAN_POINT('',(25.360413494201,-11.1430955567,7.310010514531
    ));
#787 = CARTESIAN_POINT('',(25.405600940734,-11.03851181851,
    7.703189615278));
#788 = CARTESIAN_POINT('',(25.428292007611,-10.98598951281,
    8.101089411907));
#789 = CARTESIAN_POINT('',(25.428292007611,-10.98598951281,8.5));
#790 = FACE_BOUND('',#791,.T.);
#791 = EDGE_LOOP('',(#792));
#792 = ORIENTED_EDGE('',*,*,#793,.T.);
#793 = EDGE_CURVE('',#794,#794,#796,.T.);
#794 = VERTEX_POINT('',#795);
#795 = CARTESIAN_POINT('',(-3.2,-27.51454160984,8.5));
#796 = B_SPLINE_CURVE_WITH_KNOTS('',8,(#797,#798,#799,#800,#801,#802,
    #803,#804,#805,#806,#807,#808,#809,#810,#811,#812,#813,#814,#815,
    #816,#817,#818,#819,#820,#821,#822,#823,#824,#825,#826,#827,#828,
    #829,#830,#831,#832,#833,#834,#835,#836,#837,#838,#839,#840,#841,
    #842,#843,#844,#845,#846,#847,#848,#849,#850,#851,#852,#853,#854),
  .UNSPECIFIED.,.T.,.F.,(9,7,7,7,7,7,7,7,9),(0.,0.114104741484,
    0.217898497537,0.310694336221,0.430087798635,0.555849049696,
    0.671223612871,0.818365951988,1.),.UNSPECIFIED.);
#797 = CARTESIAN_POINT('',(-3.2,-27.51454160984,8.5));
#798 = CARTESIAN_POINT('',(-3.2,-27.51454160984,8.252303519847));
#799 = CARTESIAN_POINT('',(-3.178088295875,-27.51708998282,
    8.004759714423));
#800 = CARTESIAN_POINT('',(-3.134310484502,-27.52218145576,
    7.758441590741));
#801 = CARTESIAN_POINT('',(-3.068409556147,-27.52974680515,
    7.514487818379));
#802 = CARTESIAN_POINT('',(-2.979867113156,-27.53964934963,
    7.274206692488));
#803 = CARTESIAN_POINT('',(-2.867946893354,-27.55166428962,
    7.039197141086));
#804 = CARTESIAN_POINT('',(-2.731746607572,-27.56544691344,
    6.811496180849));
#805 = CARTESIAN_POINT('',(-2.423373833925,-27.59418459381,
    6.395703628417));
#806 = CARTESIAN_POINT('',(-2.254471033579,-27.60902300727,
    6.204418288542));
#807 = CARTESIAN_POINT('',(-2.062995830957,-27.62459203926,
    6.023123608794));
#808 = CARTESIAN_POINT('',(-1.848786490099,-27.64031868032,
    5.855260866242));
#809 = CARTESIAN_POINT('',(-1.612099214854,-27.65548568832,
    5.704502943754));
#810 = CARTESIAN_POINT('',(-1.353662252421,-27.66925721605,
    5.574783365218));
#811 = CARTESIAN_POINT('',(-1.074784219318,-27.68073815338,
    5.470356648454));
#812 = CARTESIAN_POINT('',(-0.511785094714,-27.69654771909,
    5.329332709141));
#813 = CARTESIAN_POINT('',(-0.234339774976,-27.70142108527,
    5.287469387271));
#814 = CARTESIAN_POINT('',(4.955624167375E-02,-27.70311373105,
    5.273511279315));
#815 = CARTESIAN_POINT('',(0.334149681967,-27.7013068643,5.288814087228)
  );
#816 = CARTESIAN_POINT('',(0.613570108223,-27.69609471541,5.332933572983
    ));
#817 = CARTESIAN_POINT('',(0.882214735014,-27.68797290478,5.403653551136
    ));
#818 = CARTESIAN_POINT('',(1.135102688191,-27.67771663357,5.496998653913
    ));
#819 = CARTESIAN_POINT('',(1.668054674816,-27.65136055545,5.749066170828
    ));
#820 = CARTESIAN_POINT('',(1.938318371453,-27.63427120003,5.920365580773
    ));
#821 = CARTESIAN_POINT('',(2.178589090383,-27.61622110331,6.114459931407
    ));
#822 = CARTESIAN_POINT('',(2.38932329675,-27.59831657695,6.326075568558)
  );
#823 = CARTESIAN_POINT('',(2.57141567213,-27.58140078701,6.551006350015)
  );
#824 = CARTESIAN_POINT('',(2.725935540801,-27.56607891302,6.785888128095
    ));
#825 = CARTESIAN_POINT('',(2.853953377423,-27.55277788841,7.028049974946
    ));
#826 = CARTESIAN_POINT('',(3.064340341913,-27.53019434129,7.535969037964
    ));
#827 = CARTESIAN_POINT('',(3.144106773348,-27.52114309093,7.80277000606)
  );
#828 = CARTESIAN_POINT('',(3.196686741775,-27.51496676636,8.073560738322
    ));
#829 = CARTESIAN_POINT('',(3.222721119347,-27.51185649633,8.346536160693
    ));
#830 = CARTESIAN_POINT('',(3.222513253269,-27.51189222773,8.620135846415
    ));
#831 = CARTESIAN_POINT('',(3.196020968995,-27.51506025,8.892859911818));
#832 = CARTESIAN_POINT('',(3.142844532567,-27.52124835044,9.163091485474
    ));
#833 = CARTESIAN_POINT('',(2.988233341035,-27.53844588234,9.672776278114
    ));
#834 = CARTESIAN_POINT('',(2.891166461534,-27.54901265459,9.912864279249
    ));
#835 = CARTESIAN_POINT('',(2.770395118429,-27.56173549139,
    10.147798116125));
#836 = CARTESIAN_POINT('',(2.625047993789,-27.57633936819,
    10.375785468272));
#837 = CARTESIAN_POINT('',(2.454092943674,-27.59242970136,
    10.594511703488));
#838 = CARTESIAN_POINT('',(2.256460955412,-27.60944077068,
    10.800995628557));
#839 = CARTESIAN_POINT('',(2.031220356707,-27.62659260181,
    10.991389225126));
#840 = CARTESIAN_POINT('',(1.454657992916,-27.66367363266,
    11.376635880039));
#841 = CARTESIAN_POINT('',(1.071826007335,-27.68395961384,
    11.567552268517));
#842 = CARTESIAN_POINT('',(0.640881607778,-27.70021402197,11.70483676975
    ));
#843 = CARTESIAN_POINT('',(0.180185991048,-27.70863687467,11.77053940048
    ));
#844 = CARTESIAN_POINT('',(-0.287051880849,-27.70672392816,
    11.757099791891));
#845 = CARTESIAN_POINT('',(-0.737106548313,-27.69561430085,
    11.667231569068));
#846 = CARTESIAN_POINT('',(-1.149153506837,-27.67849234089,
    11.514206476503));
#847 = CARTESIAN_POINT('',(-1.952013063078,-27.63470573399,
    11.085069103088));
#848 = CARTESIAN_POINT('',(-2.323740494038,-27.60627874456,
    10.783948002242));
#849 = CARTESIAN_POINT('',(-2.624404618895,-27.57817026679,
    10.442001347841));
#850 = CARTESIAN_POINT('',(-2.858347372855,-27.55361671178,
    10.073943558087));
#851 = CARTESIAN_POINT('',(-3.030002918195,-27.53431011481,
    9.689989485478));
#852 = CARTESIAN_POINT('',(-3.143168815561,-27.52115172234,
    9.296810384717));
#853 = CARTESIAN_POINT('',(-3.2,-27.51454160984,8.898910588093));
#854 = CARTESIAN_POINT('',(-3.2,-27.51454160984,8.5));
#855 = FACE_BOUND('',#856,.T.);
#856 = EDGE_LOOP('',(#857));
#857 = ORIENTED_EDGE('',*,*,#858,.T.);
#858 = EDGE_CURVE('',#859,#859,#861,.T.);
#859 = VERTEX_POINT('',#860);
#860 = CARTESIAN_POINT('',(-22.22829200761,-16.52855209703,8.5));
#861 = B_SPLINE_CURVE_WITH_KNOTS('',8,(#862,#863,#864,#865,#866,#867,
    #868,#869,#870,#871,#872,#873,#874,#875,#876,#877,#878,#879,#880,
    #881,#882,#883,#884,#885,#886,#887,#888,#889,#890,#891,#892,#893,
    #894,#895,#896,#897,#898,#899,#900,#901,#902,#903,#904,#905,#906,
    #907,#908,#909,#910,#911,#912,#913,#914,#915,#916,#917,#918,#919),
  .UNSPECIFIED.,.T.,.F.,(9,7,7,7,7,7,7,7,9),(0.,0.114104743648,
    0.217898499448,0.310694337905,0.430087800027,0.555849050782,
    0.671223613675,0.818365952432,1.),.UNSPECIFIED.);
#862 = CARTESIAN_POINT('',(-22.22829200761,-16.52855209703,8.5));
#863 = CARTESIAN_POINT('',(-22.22829200761,-16.52855209703,
    8.747696474901));
#864 = CARTESIAN_POINT('',(-22.24145481483,-16.51085019193,
    8.995240294791));
#865 = CARTESIAN_POINT('',(-22.26775306797,-16.475483228,9.241558408516)
  );
#866 = CARTESIAN_POINT('',(-22.30725531337,-16.42219402962,
    9.485512173735));
#867 = CARTESIAN_POINT('',(-22.36010238955,-16.35046529748,
    9.725793308269));
#868 = CARTESIAN_POINT('',(-22.42646774864,-16.25954700558,
    9.960802866612));
#869 = CARTESIAN_POINT('',(-22.50650398791,-16.14848541841,
    10.18850381449));
#870 = CARTESIAN_POINT('',(-22.685577938,-15.89579559995,10.604296371583
    ));
#871 = CARTESIAN_POINT('',(-22.78287978118,-15.75694069081,
    10.795581711458));
#872 = CARTESIAN_POINT('',(-22.8921005597,-15.59890281714,
    10.976876391206));
#873 = CARTESIAN_POINT('',(-23.0128249008,-15.42125540676,
    11.144739133758));
#874 = CARTESIAN_POINT('',(-23.14430355266,-15.22386171764,
    11.295497056246));
#875 = CARTESIAN_POINT('',(-23.28544852674,-15.00693450677,
    11.425216634782));
#876 = CARTESIAN_POINT('',(-23.43483032667,-14.7711595142,
    11.529643351546));
#877 = CARTESIAN_POINT('',(-23.73002137451,-14.29149275285,
    11.670667290859));
#878 = CARTESIAN_POINT('',(-23.87296449328,-14.05365474088,
    11.712530612729));
#879 = CARTESIAN_POINT('',(-24.01637837586,-13.80863990132,
    11.726488720685));
#880 = CARTESIAN_POINT('',(-24.1571103035,-13.5612713189,11.711185912772
    ));
#881 = CARTESIAN_POINT('',(-24.29230666327,-13.31668005698,
    11.667066427017));
#882 = CARTESIAN_POINT('',(-24.41959528234,-13.07996608027,
    11.596346448864));
#883 = CARTESIAN_POINT('',(-24.53715706751,-12.8558305529,
    11.503001346087));
#884 = CARTESIAN_POINT('',(-24.78080802763,-12.38110255443,
    11.250933829172));
#885 = CARTESIAN_POINT('',(-24.90114006002,-12.13850264971,
    11.079634419228));
#886 = CARTESIAN_POINT('',(-25.00564357718,-11.92139705497,
    10.885540068593));
#887 = CARTESIAN_POINT('',(-25.0955049057,-11.72994361563,
    10.673924431442));
#888 = CARTESIAN_POINT('',(-25.17190158957,-11.56378909775,
    10.448993649985));
#889 = CARTESIAN_POINT('',(-25.2358923918,-11.42231002909,
    10.214111871905));
#890 = CARTESIAN_POINT('',(-25.28838228491,-11.30479281814,
    9.971950025054));
#891 = CARTESIAN_POINT('',(-25.37401784163,-11.1113005887,9.464030962036
    ));
#892 = CARTESIAN_POINT('',(-25.40606244461,-11.03769520753,
    9.197229993939));
#893 = CARTESIAN_POINT('',(-25.42700357484,-10.98907145686,
    8.926439261679));
#894 = CARTESIAN_POINT('',(-25.43732719077,-10.9649698895,8.653463839307
    ));
#895 = CARTESIAN_POINT('',(-25.43725420203,-10.9651677725,8.379864153585
    ));
#896 = CARTESIAN_POINT('',(-25.42675164766,-10.98969477482,
    8.107140088182));
#897 = CARTESIAN_POINT('',(-25.40552248163,-11.03884096987,
    7.836908514526));
#898 = CARTESIAN_POINT('',(-25.34311038537,-11.1813369554,7.327223721886
    ));
#899 = CARTESIAN_POINT('',(-25.30372803882,-11.27068272504,7.08713572075
    ));
#900 = CARTESIAN_POINT('',(-25.25436066715,-11.38163519461,
    6.852201883876));
#901 = CARTESIAN_POINT('',(-25.19433443313,-11.51481143532,
    6.624214531728));
#902 = CARTESIAN_POINT('',(-25.12279154535,-11.67090801821,
    6.405488296512));
#903 = CARTESIAN_POINT('',(-25.0387075694,-11.8505678753,6.199004371443)
  );
#904 = CARTESIAN_POINT('',(-24.94094119152,-12.05420787131,
    6.008610774874));
#905 = CARTESIAN_POINT('',(-24.68477312434,-12.57206604064,
    5.623364119961));
#906 = CARTESIAN_POINT('',(-24.51092530659,-12.91375125613,
    5.432447731482));
#907 = CARTESIAN_POINT('',(-24.30952983718,-13.29508725783,
    5.295163230253));
#908 = CARTESIAN_POINT('',(-24.08647643323,-13.69827279168,
    5.229460599518));
#909 = CARTESIAN_POINT('',(-23.85120083701,-14.1019561851,5.242900208111
    ));
#910 = CARTESIAN_POINT('',(-23.6165522838,-14.48616014656,5.332768430932
    ));
#911 = CARTESIAN_POINT('',(-23.39570075224,-14.83444230021,
    5.485793523497));
#912 = CARTESIAN_POINT('',(-22.9563506602,-15.50784576814,5.914930896912
    ));
#913 = CARTESIAN_POINT('',(-22.74586844972,-15.81555767192,
    6.216051997756));
#914 = CARTESIAN_POINT('',(-22.57119373148,-16.06188620316,
    6.557998652165));
#915 = CARTESIAN_POINT('',(-22.43295835212,-16.25220979362,
    6.926056441904));
#916 = CARTESIAN_POINT('',(-22.330410576,-16.3912145581,7.310010514529)
  );
#917 = CARTESIAN_POINT('',(-22.26243212517,-16.48263990383,
    7.703189615279));
#918 = CARTESIAN_POINT('',(-22.22829200761,-16.52855209703,
    8.101089411907));
#919 = CARTESIAN_POINT('',(-22.22829200761,-16.52855209703,8.5));
#920 = CYLINDRICAL_SURFACE('',#921,27.7);
#921 = AXIS2_PLACEMENT_3D('',#922,#923,#924);
#922 = CARTESIAN_POINT('',(0.,0.,-1.));
#923 = DIRECTION('',(0.,0.,-1.));
#924 = DIRECTION('',(1.,0.,0.));
#925 = ADVANCED_FACE('',(#926),#945,.T.);
#926 = FACE_BOUND('',#927,.T.);
#927 = EDGE_LOOP('',(#928,#936,#937,#938));
#928 = ORIENTED_EDGE('',*,*,#929,.T.);
#929 = EDGE_CURVE('',#930,#258,#932,.T.);
#930 = VERTEX_POINT('',#931);
#931 = CARTESIAN_POINT('',(-17.09001316185,24.290357142857,1.));
#932 = LINE('',#933,#934);
#933 = CARTESIAN_POINT('',(-17.09001316185,24.290357142857,0.));
#934 = VECTOR('',#935,1.);
#935 = DIRECTION('',(0.,0.,1.));
#936 = ORIENTED_EDGE('',*,*,#266,.T.);
#937 = ORIENTED_EDGE('',*,*,#594,.F.);
#938 = ORIENTED_EDGE('',*,*,#939,.F.);
#939 = EDGE_CURVE('',#930,#595,#940,.T.);
#940 = CIRCLE('',#941,1.7);
#941 = AXIS2_PLACEMENT_3D('',#942,#943,#944);
#942 = CARTESIAN_POINT('',(-16.11179692026,22.9,1.));
#943 = DIRECTION('',(0.,0.,-1.));
#944 = DIRECTION('',(-0.575421318581,0.817857142857,0.));
#945 = CYLINDRICAL_SURFACE('',#946,1.7);
#946 = AXIS2_PLACEMENT_3D('',#947,#948,#949);
#947 = CARTESIAN_POINT('',(-16.11179692026,22.9,0.));
#948 = DIRECTION('',(0.,0.,-1.));
#949 = DIRECTION('',(-0.817857142857,-0.575421318581,0.));
#950 = ADVANCED_FACE('',(#951,#1012,#1077,#1149),#1221,.T.);
#951 = FACE_BOUND('',#952,.F.);
#952 = EDGE_LOOP('',(#953,#963,#972,#979,#980,#981,#982,#983,#1005));
#953 = ORIENTED_EDGE('',*,*,#954,.F.);
#954 = EDGE_CURVE('',#955,#957,#959,.T.);
#955 = VERTEX_POINT('',#956);
#956 = CARTESIAN_POINT('',(17.090013161857,24.290357142857,1.));
#957 = VERTEX_POINT('',#958);
#958 = CARTESIAN_POINT('',(17.090013161857,24.290357142857,
    14.86066017178));
#959 = LINE('',#960,#961);
#960 = CARTESIAN_POINT('',(17.090013161857,24.290357142857,0.));
#961 = VECTOR('',#962,1.);
#962 = DIRECTION('',(0.,0.,1.));
#963 = ORIENTED_EDGE('',*,*,#964,.T.);
#964 = EDGE_CURVE('',#955,#965,#967,.T.);
#965 = VERTEX_POINT('',#966);
#966 = CARTESIAN_POINT('',(29.7,-1.5E-14,1.));
#967 = CIRCLE('',#968,29.7);
#968 = AXIS2_PLACEMENT_3D('',#969,#970,#971);
#969 = CARTESIAN_POINT('',(0.,0.,1.));
#970 = DIRECTION('',(0.,0.,-1.));
#971 = DIRECTION('',(0.575421318581,0.817857142857,0.));
#972 = ORIENTED_EDGE('',*,*,#973,.T.);
#973 = EDGE_CURVE('',#965,#930,#974,.T.);
#974 = CIRCLE('',#975,29.7);
#975 = AXIS2_PLACEMENT_3D('',#976,#977,#978);
#976 = CARTESIAN_POINT('',(0.,0.,1.));
#977 = DIRECTION('',(0.,-0.,-1.));
#978 = DIRECTION('',(1.,-2.4E-16,0.));
#979 = ORIENTED_EDGE('',*,*,#929,.T.);
#980 = ORIENTED_EDGE('',*,*,#342,.F.);
#981 = ORIENTED_EDGE('',*,*,#416,.F.);
#982 = ORIENTED_EDGE('',*,*,#445,.T.);
#983 = ORIENTED_EDGE('',*,*,#984,.T.);
#984 = EDGE_CURVE('',#437,#985,#987,.T.);
#985 = VERTEX_POINT('',#986);
#986 = CARTESIAN_POINT('',(28.145752439062,9.481910126078,14.86066017178
    ));
#987 = ( BOUNDED_CURVE() B_SPLINE_CURVE(6,(#988,#989,#990,#991,#992,#993
    ,#994,#995,#996,#997,#998,#999,#1000,#1001,#1002,#1003,#1004),
.UNSPECIFIED.,.F.,.F.) B_SPLINE_CURVE_WITH_KNOTS((7,5,5,7),(
    22.13933982822,23.677197025202,25.287409946792,25.318202680611),
.UNSPECIFIED.) CURVE() GEOMETRIC_REPRESENTATION_ITEM() 
RATIONAL_B_SPLINE_CURVE((1.,1.,1.,1.,1.,1.,1.,1.,1.,1.,1.,1.,1.,1.,1.,1.
,1.)) REPRESENTATION_ITEM('') );
#988 = CARTESIAN_POINT('',(28.981851641764,6.491708204686,17.86066017178
    ));
#989 = CARTESIAN_POINT('',(28.981851641764,6.491708204686,
    17.518703430235));
#990 = CARTESIAN_POINT('',(28.971287599038,6.538883427962,
    17.177099268673));
#991 = CARTESIAN_POINT('',(28.949962209818,6.634044366478,
    16.840325861501));
#992 = CARTESIAN_POINT('',(28.917805407169,6.774944474538,
    16.517123726046));
#993 = CARTESIAN_POINT('',(28.872785577529,6.96511211145,16.208928299973
    ));
#994 = CARTESIAN_POINT('',(28.750624635465,7.453720345691,
    15.632035236687));
#995 = CARTESIAN_POINT('',(28.670016676672,7.765054577689,
    15.356275998005));
#996 = CARTESIAN_POINT('',(28.570332001383,8.131447913142,15.1275377227)
  );
#997 = CARTESIAN_POINT('',(28.450205939793,8.545108068732,14.9581972718)
  );
#998 = CARTESIAN_POINT('',(28.310724078683,8.990187058922,
    14.866755090915));
#999 = CARTESIAN_POINT('',(28.155097072076,9.454131011319,
    14.860869452937));
#1000 = CARTESIAN_POINT('',(28.153563371215,9.458694532498,
    14.86078964989));
#1001 = CARTESIAN_POINT('',(28.151742679943,9.464112399454,
    14.860725238267));
#1002 = CARTESIAN_POINT('',(28.149635786746,9.470379696765,
    14.860679846616));
#1003 = CARTESIAN_POINT('',(28.147720186684,9.476069136586,
    14.86066017178));
#1004 = CARTESIAN_POINT('',(28.145752439062,9.481910126078,
    14.86066017178));
#1005 = ORIENTED_EDGE('',*,*,#1006,.T.);
#1006 = EDGE_CURVE('',#985,#957,#1007,.T.);
#1007 = CIRCLE('',#1008,29.7);
#1008 = AXIS2_PLACEMENT_3D('',#1009,#1010,#1011);
#1009 = CARTESIAN_POINT('',(0.,0.,14.86066017178));
#1010 = DIRECTION('',(0.,-0.,1.));
#1011 = DIRECTION('',(0.948065222318,0.318075988138,0.));
#1012 = FACE_BOUND('',#1013,.F.);
#1013 = EDGE_LOOP('',(#1014));
#1014 = ORIENTED_EDGE('',*,*,#1015,.T.);
#1015 = EDGE_CURVE('',#1016,#1016,#1018,.T.);
#1016 = VERTEX_POINT('',#1017);
#1017 = CARTESIAN_POINT('',(27.617216929444,-10.92608480069,8.5));
#1018 = ( BOUNDED_CURVE() B_SPLINE_CURVE(9,(#1019,#1020,#1021,#1022,
    #1023,#1024,#1025,#1026,#1027,#1028,#1029,#1030,#1031,#1032,#1033,
    #1034,#1035,#1036,#1037,#1038,#1039,#1040,#1041,#1042,#1043,#1044,
    #1045,#1046,#1047,#1048,#1049,#1050,#1051,#1052,#1053,#1054,#1055,
    #1056,#1057,#1058,#1059,#1060,#1061,#1062,#1063,#1064,#1065,#1066,
    #1067,#1068,#1069,#1070,#1071,#1072,#1073,#1074,#1075,#1076),
.UNSPECIFIED.,.T.,.F.) B_SPLINE_CURVE_WITH_KNOTS((10,8,8,8,8,8,8,10),(
    4.3E-16,2.471124497652,4.664194837271,6.408148028363,11.193248856259
    ,13.512043391384,16.469751191212,20.120858319332),.UNSPECIFIED.) 
CURVE() GEOMETRIC_REPRESENTATION_ITEM() RATIONAL_B_SPLINE_CURVE((1.,1.,
    1.,1.,1.,1.,1.,1.,1.,1.,1.,1.,1.,1.,1.,1.,1.,1.,1.,1.,1.,1.,1.,1.,1.
    ,1.,1.,1.,1.,1.,1.,1.,1.,1.,1.,1.,1.,1.,1.,1.,1.,1.,1.,1.,1.,1.,1.,
1.,1.,1.,1.,1.,1.,1.,1.,1.,1.,1.)) REPRESENTATION_ITEM('') );
#1019 = CARTESIAN_POINT('',(27.617216929444,-10.92608480069,8.5));
#1020 = CARTESIAN_POINT('',(27.617216929444,-10.92608480069,
    8.821728522047));
#1021 = CARTESIAN_POINT('',(27.606558231632,-10.95302413106,
    9.143192190687));
#1022 = CARTESIAN_POINT('',(27.585243842952,-11.0069033372,
    9.462706180533));
#1023 = CARTESIAN_POINT('',(27.553144579036,-11.08764379839,
    9.778235382529));
#1024 = CARTESIAN_POINT('',(27.509997799012,-11.19511854134,
    10.087674224986));
#1025 = CARTESIAN_POINT('',(27.455392116563,-11.32919487843,
    10.388966125111));
#1026 = CARTESIAN_POINT('',(27.388738087253,-11.48978887085,
    10.680062571072));
#1027 = CARTESIAN_POINT('',(27.309224872102,-11.67693161647,
    10.958721834552));
#1028 = CARTESIAN_POINT('',(27.132817348525,-12.08069302935,
    11.455931813914));
#1029 = CARTESIAN_POINT('',(27.038219637315,-12.29314095608,
    11.679553190195));
#1030 = CARTESIAN_POINT('',(26.93155884972,-12.52744920645,
    11.889138506416));
#1031 = CARTESIAN_POINT('',(26.812353712842,-12.78276590356,
    12.08121084522));
#1032 = CARTESIAN_POINT('',(26.680212488144,-13.05785517712,
    12.252374666397));
#1033 = CARTESIAN_POINT('',(26.534959582737,-13.35094590703,
    12.399147128946));
#1034 = CARTESIAN_POINT('',(26.376728858764,-13.65970326351,
    12.517935376955));
#1035 = CARTESIAN_POINT('',(26.206023640883,-13.98132304348,
    12.605159789318));
#1036 = CARTESIAN_POINT('',(25.878792225393,-14.5763021431,
    12.699163136918));
#1037 = CARTESIAN_POINT('',(25.72816170974,-14.84307771154,
    12.718285076463));
#1038 = CARTESIAN_POINT('',(25.573457403532,-15.10967653537,
    12.713708635004));
#1039 = CARTESIAN_POINT('',(25.41654607122,-15.37274917862,
    12.685314771832));
#1040 = CARTESIAN_POINT('',(25.259381806571,-15.62925571571,
    12.633781833131));
#1041 = CARTESIAN_POINT('',(25.103898885075,-15.87659134148,
    12.560432751735));
#1042 = CARTESIAN_POINT('',(24.951971375231,-16.11257761847,
    12.467193395892));
#1043 = CARTESIAN_POINT('',(24.80543950873,-16.33531936126,
    12.356662067071));
#1044 = CARTESIAN_POINT('',(24.284161796065,-17.11256643838,
    11.89103547222));
#1045 = CARTESIAN_POINT('',(23.950903334561,-17.57746512787,
    11.439948111125));
#1046 = CARTESIAN_POINT('',(23.674197283417,-17.94443020956,
    10.917910542229));
#1047 = CARTESIAN_POINT('',(23.458064615807,-18.22044452188,
    10.33447942188));
#1048 = CARTESIAN_POINT('',(23.313583652439,-18.40115396807,
    9.735867954303));
#1049 = CARTESIAN_POINT('',(23.229106632816,-18.50599699465,
    9.103007298677));
#1050 = CARTESIAN_POINT('',(23.218219485963,-18.52021119782,
    8.468074584075));
#1051 = CARTESIAN_POINT('',(23.274071331103,-18.45120571515,
    7.841421802981));
#1052 = CARTESIAN_POINT('',(23.455565982095,-18.21910189502,
    6.945998569491));
#1053 = CARTESIAN_POINT('',(23.530310337854,-18.12294543535,
    6.659328129107));
#1054 = CARTESIAN_POINT('',(23.620492519633,-18.00596299127,
    6.379618125967));
#1055 = CARTESIAN_POINT('',(23.725740743103,-17.86790621282,
    6.108970800759));
#1056 = CARTESIAN_POINT('',(23.845554015611,-17.70851814527,
    5.849635079774));
#1057 = CARTESIAN_POINT('',(23.979432859263,-17.52736627095,
    5.60374530101));
#1058 = CARTESIAN_POINT('',(24.126962733925,-17.32369977391,
    5.373399960326));
#1059 = CARTESIAN_POINT('',(24.287850160145,-17.09633102763,
    5.161080477635));
#1060 = CARTESIAN_POINT('',(24.68393324291,-16.52109870813,
    4.727202747565));
#1061 = CARTESIAN_POINT('',(24.933238157945,-16.1487541091,
    4.512894416828));
#1062 = CARTESIAN_POINT('',(25.200446529292,-15.73527652894,
    4.349327771117));
#1063 = CARTESIAN_POINT('',(25.476028997325,-15.28975659202,
    4.24981240304));
#1064 = CARTESIAN_POINT('',(25.749486296549,-14.82526089826,
    4.221584291814));
#1065 = CARTESIAN_POINT('',(26.010832811663,-14.35778553474,
    4.266522230325));
#1066 = CARTESIAN_POINT('',(26.252550050884,-13.90335065514,4.3807519687
    ));
#1067 = CARTESIAN_POINT('',(26.470176093674,-13.47607805408,
    4.553768937858));
#1068 = CARTESIAN_POINT('',(26.893648979543,-12.6136198361,
    5.031807924347));
#1069 = CARTESIAN_POINT('',(27.08758879774,-12.1944279949,5.361135940687
    ));
#1070 = CARTESIAN_POINT('',(27.246288961875,-11.83357196164,
    5.738859454946));
#1071 = CARTESIAN_POINT('',(27.373584949452,-11.53187378256,
    6.153410835776));
#1072 = CARTESIAN_POINT('',(27.472474357956,-11.28993569191,
    6.595962508568));
#1073 = CARTESIAN_POINT('',(27.545181176433,-11.10816730581,
    7.058804483466));
#1074 = CARTESIAN_POINT('',(27.593185248879,-10.98682804704,
    7.534626734018));
#1075 = CARTESIAN_POINT('',(27.617216929444,-10.92608480069,
    8.016706426519));
#1076 = CARTESIAN_POINT('',(27.617216929444,-10.92608480069,8.5));
#1077 = FACE_BOUND('',#1078,.F.);
#1078 = EDGE_LOOP('',(#1079));
#1079 = ORIENTED_EDGE('',*,*,#1080,.T.);
#1080 = EDGE_CURVE('',#1081,#1081,#1083,.T.);
#1081 = VERTEX_POINT('',#1082);
#1082 = CARTESIAN_POINT('',(-4.346341463415,-29.38025384307,8.5));
#1083 = ( BOUNDED_CURVE() B_SPLINE_CURVE(10,(#1084,#1085,#1086,#1087,
    #1088,#1089,#1090,#1091,#1092,#1093,#1094,#1095,#1096,#1097,#1098,
    #1099,#1100,#1101,#1102,#1103,#1104,#1105,#1106,#1107,#1108,#1109,
    #1110,#1111,#1112,#1113,#1114,#1115,#1116,#1117,#1118,#1119,#1120,
    #1121,#1122,#1123,#1124,#1125,#1126,#1127,#1128,#1129,#1130,#1131,
    #1132,#1133,#1134,#1135,#1136,#1137,#1138,#1139,#1140,#1141,#1142,
    #1143,#1144,#1145,#1146,#1147,#1148),.UNSPECIFIED.,.T.,.F.) 
B_SPLINE_CURVE_WITH_KNOTS((11,9,9,9,9,9,9,11),(8.E-16,2.296050453447,
    4.38421424511,6.251345132148,11.183990574494,13.505189779612,
16.465964837734,20.120858320823),.UNSPECIFIED.) CURVE() 
GEOMETRIC_REPRESENTATION_ITEM() RATIONAL_B_SPLINE_CURVE((1.,1.,1.,1.,1.,
    1.,1.,1.,1.,1.,1.,1.,1.,1.,1.,1.,1.,1.,1.,1.,1.,1.,1.,1.,1.,1.,1.,1.
    ,1.,1.,1.,1.,1.000000000001,1.,1.,1.,1.,1.,1.,1.,1.,1.,1.,1.,1.,1.,
    1.,1.,1.,1.,1.,1.,1.,1.,1.,1.,1.,1.,1.,1.,1.,1.,1.,1.,1.)) 
REPRESENTATION_ITEM('') );
#1084 = CARTESIAN_POINT('',(-4.346341463415,-29.38025384307,8.5));
#1085 = CARTESIAN_POINT('',(-4.346341463415,-29.38025384307,
    8.229898063792));
#1086 = CARTESIAN_POINT('',(-4.32638553302,-29.3832056984,7.959942005565
    ));
#1087 = CARTESIAN_POINT('',(-4.286479970408,-29.38910954924,
    7.691129132854));
#1088 = CARTESIAN_POINT('',(-4.22662411197,-29.39789774579,
    7.424579894342));
#1089 = CARTESIAN_POINT('',(-4.146804522434,-29.40943833104,
    7.161460116495));
#1090 = CARTESIAN_POINT('',(-4.046984543571,-29.42353737163,
    6.902939701867));
#1091 = CARTESIAN_POINT('',(-3.927089201506,-29.43994013687,
    6.650187789064));
#1092 = CARTESIAN_POINT('',(-3.786985472631,-29.45833112582,
    6.404404374394));
#1093 = CARTESIAN_POINT('',(-3.626457908102,-29.47833294258,
    6.166888395174));
#1094 = CARTESIAN_POINT('',(-3.280314440209,-29.51875824666,
    5.732016511543));
#1095 = CARTESIAN_POINT('',(-3.097571708677,-29.53906192859,
    5.532087590005));
#1096 = CARTESIAN_POINT('',(-2.897017479183,-29.56003223615,
    5.341220125678));
#1097 = CARTESIAN_POINT('',(-2.678745434183,-29.58123077317,
    5.161212761806));
#1098 = CARTESIAN_POINT('',(-2.442962241017,-29.60215966914,
    4.993884358054));
#1099 = CARTESIAN_POINT('',(-2.19004941048,-29.62226586502,
    4.841133735633));
#1100 = CARTESIAN_POINT('',(-1.920601654692,-29.64095359259,
    4.70497297883));
#1101 = CARTESIAN_POINT('',(-1.63544174427,-29.65760504715,
    4.587534292883));
#1102 = CARTESIAN_POINT('',(-1.335611864808,-29.67160925373,
    4.491050418276));
#1103 = CARTESIAN_POINT('',(-0.742230866625,-29.69204688753,
    4.352319457717));
#1104 = CARTESIAN_POINT('',(-0.453073479218,-29.69906813968,
    4.305809702796));
#1105 = CARTESIAN_POINT('',(-0.158012227115,-29.70302918353,
    4.280082779842));
#1106 = CARTESIAN_POINT('',(0.139654134309,-29.70366284449,4.27610636164
    ));
#1107 = CARTESIAN_POINT('',(0.436627317372,-29.7008856016,4.294133735826
    ));
#1108 = CARTESIAN_POINT('',(0.729720382871,-29.69480101346,
    4.333782814212));
#1109 = CARTESIAN_POINT('',(1.015923195294,-29.68568944142,
    4.394072766106));
#1110 = CARTESIAN_POINT('',(1.292422452428,-29.67398407,4.473418275691)
  );
#1111 = CARTESIAN_POINT('',(1.556576289376,-29.66023322459,
    4.569581423386));
#1112 = CARTESIAN_POINT('',(2.464365345733,-29.60493478577,
    4.970182057775));
#1113 = CARTESIAN_POINT('',(3.027089263682,-29.55432195246,
    5.360868975972));
#1114 = CARTESIAN_POINT('',(3.491672249312,-29.50146973889,
    5.821084974509));
#1115 = CARTESIAN_POINT('',(3.867654395324,-29.45168657127,
    6.335134361195));
#1116 = CARTESIAN_POINT('',(4.136657756843,-29.41224783246,
    6.885966406508));
#1117 = CARTESIAN_POINT('',(4.323282090914,-29.38395276704,
    7.447633457436));
#1118 = CARTESIAN_POINT('',(4.416912935304,-29.36929213588,
    8.036849877429));
#1119 = CARTESIAN_POINT('',(4.417776603137,-29.36961481236,
    8.623768003003));
#1120 = CARTESIAN_POINT('',(4.327789706231,-29.38356800532,
    9.202734777664));
#1121 = CARTESIAN_POINT('',(4.05994531287,-29.42132451253,
    10.024773768862));
#1122 = CARTESIAN_POINT('',(3.953905192407,-29.43598877299,
    10.283337782883));
#1123 = CARTESIAN_POINT('',(3.827295367991,-29.45304541603,
    10.536468873079));
#1124 = CARTESIAN_POINT('',(3.680064236843,-29.47219961512,
    10.782770269053));
#1125 = CARTESIAN_POINT('',(3.51221994534,-29.49308096549,
    11.020697059719));
#1126 = CARTESIAN_POINT('',(3.32372095048,-29.51526123448,
    11.248720832074));
#1127 = CARTESIAN_POINT('',(3.114384432515,-29.53826057125,
    11.465358302024));
#1128 = CARTESIAN_POINT('',(2.883812558799,-29.56154217585,
    11.669063937322));
#1129 = CARTESIAN_POINT('',(2.631336598812,-29.58449542765,
    11.857986572545));
#1130 = CARTESIAN_POINT('',(2.004749993957,-29.6343570941,
    12.248476527375));
#1131 = CARTESIAN_POINT('',(1.608034686466,-29.66124828009,
    12.444243918541));
#1132 = CARTESIAN_POINT('',(1.174431826391,-29.68446401124,
    12.601602235021));
#1133 = CARTESIAN_POINT('',(0.712752255362,-29.70140601517,
    12.710381448243));
#1134 = CARTESIAN_POINT('',(0.233806269197,-29.71005315578,
    12.764301652455));
#1135 = CARTESIAN_POINT('',(-0.249898111065,-29.70937773233,
    12.760440534161));
#1136 = CARTESIAN_POINT('',(-0.725532622222,-29.69956950486,
    12.699208848447));
#1137 = CARTESIAN_POINT('',(-1.181388550153,-29.68201726178,
    12.584644636065));
#1138 = CARTESIAN_POINT('',(-1.607365383315,-29.65899774549,
    12.424836915513));
#1139 = CARTESIAN_POINT('',(-2.470147840969,-29.60095599637,
    11.994601825453));
#1140 = CARTESIAN_POINT('',(-2.891109834238,-29.56408184559,
    11.704729660783));
#1141 = CARTESIAN_POINT('',(-3.257412373385,-29.52566127337,
    11.374457597815));
#1142 = CARTESIAN_POINT('',(-3.569926313445,-29.48839986231,
    11.012409715878));
#1143 = CARTESIAN_POINT('',(-3.829381444098,-29.45449269748,
    10.625313327856));
#1144 = CARTESIAN_POINT('',(-4.036373842303,-29.4256612483,
    10.218900701708));
#1145 = CARTESIAN_POINT('',(-4.191360986968,-29.40318123859,
    9.798448841403));
#1146 = CARTESIAN_POINT('',(-4.294644635673,-29.38790150489,
    9.368957327329));
#1147 = CARTESIAN_POINT('',(-4.346341463415,-29.38025384307,
    8.934964216131));
#1148 = CARTESIAN_POINT('',(-4.346341463415,-29.38025384307,8.5));
#1149 = FACE_BOUND('',#1150,.F.);
#1150 = EDGE_LOOP('',(#1151));
#1151 = ORIENTED_EDGE('',*,*,#1152,.T.);
#1152 = EDGE_CURVE('',#1153,#1153,#1155,.T.);
#1153 = VERTEX_POINT('',#1154);
#1154 = CARTESIAN_POINT('',(-23.27087546602,-18.45416904237,8.5));
#1155 = ( BOUNDED_CURVE() B_SPLINE_CURVE(10,(#1156,#1157,#1158,#1159,
    #1160,#1161,#1162,#1163,#1164,#1165,#1166,#1167,#1168,#1169,#1170,
    #1171,#1172,#1173,#1174,#1175,#1176,#1177,#1178,#1179,#1180,#1181,
    #1182,#1183,#1184,#1185,#1186,#1187,#1188,#1189,#1190,#1191,#1192,
    #1193,#1194,#1195,#1196,#1197,#1198,#1199,#1200,#1201,#1202,#1203,
    #1204,#1205,#1206,#1207,#1208,#1209,#1210,#1211,#1212,#1213,#1214,
    #1215,#1216,#1217,#1218,#1219,#1220),.UNSPECIFIED.,.T.,.F.) 
B_SPLINE_CURVE_WITH_KNOTS((11,9,9,9,9,9,9,11),(4.1E-16,2.296050381844,
    4.384214108928,6.251344977369,11.183990474758,13.505189705781,
16.465964796943,20.120858320824),.UNSPECIFIED.) CURVE() 
GEOMETRIC_REPRESENTATION_ITEM() RATIONAL_B_SPLINE_CURVE((1.,1.,1.,
    1.000000000001,0.999999999999,1.000000000001,0.999999999999,1.,1.,1.
    ,1.,1.,1.,1.,1.,1.,1.,1.,1.,1.,1.,1.,1.,1.,1.,1.,1.,1.,1.,1.,1.,1.,
    1.,1.,1.,1.,1.,1.,1.,1.,1.000000000001,0.999999999999,1.000000000001
    ,1.,1.,1.,1.,1.,1.,1.,1.,1.,1.,1.,1.,1.,1.,1.,0.999999999999,
1.000000000001,0.999999999999,1.,1.,1.,1.)) REPRESENTATION_ITEM('') );
#1156 = CARTESIAN_POINT('',(-23.27087546602,-18.45416904237,8.5));
#1157 = CARTESIAN_POINT('',(-23.27087546602,-18.45416904237,
    8.770101936208));
#1158 = CARTESIAN_POINT('',(-23.28340981293,-18.43836262736,
    9.040057994436));
#1159 = CARTESIAN_POINT('',(-23.30847547904,-18.4067553218,
    9.308870867146));
#1160 = CARTESIAN_POINT('',(-23.34601420973,-18.35931272611,
    9.575420105657));
#1161 = CARTESIAN_POINT('',(-23.39591844449,-18.29595722647,
    9.838539883504));
#1162 = CARTESIAN_POINT('',(-23.45803856125,-18.21656010927,
    10.097060298139));
#1163 = CARTESIAN_POINT('',(-23.53219144367,-18.12092907986,
    10.349812210948));
#1164 = CARTESIAN_POINT('',(-23.61817037174,-18.00879118596,
    10.595595625623));
#1165 = CARTESIAN_POINT('',(-23.71575623545,-17.87977114545,
    10.833111604839));
#1166 = CARTESIAN_POINT('',(-23.92383730969,-17.60021476092,
    11.267983488498));
#1167 = CARTESIAN_POINT('',(-24.0327921799,-17.4521067539,11.46791241012
    ));
#1168 = CARTESIAN_POINT('',(-24.15123011359,-17.28890685025,
    11.658779874266));
#1169 = CARTESIAN_POINT('',(-24.27872460751,-17.1104769831,
    11.838787237989));
#1170 = CARTESIAN_POINT('',(-24.41474115975,-16.91674719594,
    12.00611564196));
#1171 = CARTESIAN_POINT('',(-24.55861005191,-16.70777135702,
    12.15886626499));
#1172 = CARTESIAN_POINT('',(-24.70951797744,-16.48376661805,
    12.295027022456));
#1173 = CARTESIAN_POINT('',(-24.86651851607,-16.24513661754,
    12.412465708568));
#1174 = CARTESIAN_POINT('',(-25.02856145436,-15.99247842839,
    12.508949582537));
#1175 = CARTESIAN_POINT('',(-25.34295146296,-15.48881422764,
    12.647680542871));
#1176 = CARTESIAN_POINT('',(-25.49361073396,-15.24190721987,
    12.694190297589));
#1177 = CARTESIAN_POINT('',(-25.64457172506,-14.98835720071,
    12.7199172195));
#1178 = CARTESIAN_POINT('',(-25.79395367658,-14.7308873927,
    12.723893637074));
#1179 = CARTESIAN_POINT('',(-25.94003510767,-14.47231244641,
    12.705866263528));
#1180 = CARTESIAN_POINT('',(-26.08131223037,-14.21544411612,
    12.66621718673));
#1181 = CARTESIAN_POINT('',(-26.21652277947,-13.96302943159,
    12.60592723597));
#1182 = CARTESIAN_POINT('',(-26.3446352583,-13.71772136611,
    12.526581725604));
#1183 = CARTESIAN_POINT('',(-26.46480360042,-13.48208200063,
    12.430418575562));
#1184 = CARTESIAN_POINT('',(-26.87080827818,-12.66826439233,
    12.02981793881));
#1185 = CARTESIAN_POINT('',(-27.10833823418,-12.15562477356,
    11.639131019637));
#1186 = CARTESIAN_POINT('',(-27.29485836286,-11.72685801073,
    11.178915035359));
#1187 = CARTESIAN_POINT('',(-27.4397359597,-11.3763563109,
    10.664865629715));
#1188 = CARTESIAN_POINT('',(-27.5400826777,-11.12367322474,
    10.114033598518));
#1189 = CARTESIAN_POINT('',(-27.6088906087,-10.94790425814,
    9.552366540903));
#1190 = CARTESIAN_POINT('',(-27.6430095473,-10.85948726202,
    8.963150122834));
#1191 = CARTESIAN_POINT('',(-27.64372082864,-10.85890063921,
    8.376231996995));
#1192 = CARTESIAN_POINT('',(-27.61081119955,-10.94380817482,
    7.797265222336));
#1193 = CARTESIAN_POINT('',(-27.50958709727,-11.19464647734,
    6.975226231138));
#1194 = CARTESIAN_POINT('',(-27.46926665912,-11.29381204571,
    6.716662217117));
#1195 = CARTESIAN_POINT('',(-27.42073323309,-11.41198769155,
    6.46353112692));
#1196 = CARTESIAN_POINT('',(-27.36370569052,-11.5490706909,
    6.217229730946));
#1197 = CARTESIAN_POINT('',(-27.29786732466,-11.7048687864,
    5.979302940279));
#1198 = CARTESIAN_POINT('',(-27.22282650363,-11.87920383903,
    5.751279167927));
#1199 = CARTESIAN_POINT('',(-27.13807625456,-12.07199424991,
    5.534641697975));
#1200 = CARTESIAN_POINT('',(-27.04295277873,-12.28331615225,
    5.330936062679));
#1201 = CARTESIAN_POINT('',(-26.9365928979,-12.51344337335,
    5.142013427454));
#1202 = CARTESIAN_POINT('',(-26.66648106529,-13.08101412404,
    4.751523472626));
#1203 = CARTESIAN_POINT('',(-26.49141186175,-13.4380252514,
    4.555756081459));
#1204 = CARTESIAN_POINT('',(-26.29471584465,-13.82514420895,
    4.39839776498));
#1205 = CARTESIAN_POINT('',(-26.07854826493,-14.23344144783,
    4.289618551756));
#1206 = CARTESIAN_POINT('',(-25.84656391529,-14.6525444092,
    4.235698347546));
#1207 = CARTESIAN_POINT('',(-25.60412679129,-15.0711069787,
    4.239559465838));
#1208 = CARTESIAN_POINT('',(-25.35781536156,-15.47811443455,
    4.300791151554));
#1209 = CARTESIAN_POINT('',(-25.1146867092,-15.86412112706,
    4.415355363935));
#1210 = CARTESIAN_POINT('',(-24.88176280672,-16.22151812785,
    4.575163084487));
#1211 = CARTESIAN_POINT('',(-24.40010594867,-16.93968877956,
    5.005398174547));
#1212 = CARTESIAN_POINT('',(-24.15769100073,-17.28581548438,
    5.295270339217));
#1213 = CARTESIAN_POINT('',(-23.94126653958,-17.58383250264,
    5.625542402185));
#1214 = CARTESIAN_POINT('',(-23.75274024099,-17.83584680823,
    5.987590284121));
#1215 = CARTESIAN_POINT('',(-23.59364820955,-18.04358796011,
    6.374686672144));
#1216 = CARTESIAN_POINT('',(-23.46518324303,-18.20843291076,
    6.781099298292));
#1217 = CARTESIAN_POINT('',(-23.36822141121,-18.33141571044,
    7.201551158598));
#1218 = CARTESIAN_POINT('',(-23.30334694932,-18.41322210716,
    7.631042672671));
#1219 = CARTESIAN_POINT('',(-23.27087546602,-18.45416904237,
    8.065035783868));
#1220 = CARTESIAN_POINT('',(-23.27087546602,-18.45416904237,8.5));
#1221 = CYLINDRICAL_SURFACE('',#1222,29.7);
#1222 = AXIS2_PLACEMENT_3D('',#1223,#1224,#1225);
#1223 = CARTESIAN_POINT('',(0.,0.,0.));
#1224 = DIRECTION('',(0.,0.,-1.));
#1225 = DIRECTION('',(1.,0.,0.));
#1226 = ADVANCED_FACE('',(#1227),#1259,.F.);
#1227 = FACE_BOUND('',#1228,.F.);
#1228 = EDGE_LOOP('',(#1229,#1237,#1257,#1258));
#1229 = ORIENTED_EDGE('',*,*,#1230,.T.);
#1230 = EDGE_CURVE('',#681,#1231,#1233,.T.);
#1231 = VERTEX_POINT('',#1232);
#1232 = CARTESIAN_POINT('',(27.198084006773,9.162653892869,
    15.86066017178));
#1233 = LINE('',#1234,#1235);
#1234 = CARTESIAN_POINT('',(-57.83042785639,-16.02393877754,
    15.86066017178));
#1235 = VECTOR('',#1236,1.);
#1236 = DIRECTION('',(0.958819734868,0.284015344704,0.));
#1237 = ORIENTED_EDGE('',*,*,#1238,.F.);
#1238 = EDGE_CURVE('',#370,#1231,#1239,.T.);
#1239 = ( BOUNDED_CURVE() B_SPLINE_CURVE(6,(#1240,#1241,#1242,#1243,
    #1244,#1245,#1246,#1247,#1248,#1249,#1250,#1251,#1252,#1253,#1254,
#1255,#1256),.UNSPECIFIED.,.F.,.F.) B_SPLINE_CURVE_WITH_KNOTS((7,5,5,7),
  (22.13933982822,23.677197025202,25.287409946792,25.318202680611),
.UNSPECIFIED.) CURVE() GEOMETRIC_REPRESENTATION_ITEM() 
RATIONAL_B_SPLINE_CURVE((1.,1.,1.,1.,1.,1.,1.,1.,1.,1.,1.,1.,1.,1.,1.,1.
,1.)) REPRESENTATION_ITEM('') );
#1240 = CARTESIAN_POINT('',(27.722016376462,7.231951905727,
    17.86066017178));
#1241 = CARTESIAN_POINT('',(27.722016376462,7.231951905727,
    17.634127167886));
#1242 = CARTESIAN_POINT('',(27.716237363691,7.262461188247,
    17.407765989003));
#1243 = CARTESIAN_POINT('',(27.704919208102,7.322748003082,
    17.184971738348));
#1244 = CARTESIAN_POINT('',(27.686766894644,7.415099745861,
    16.968970205079));
#1245 = CARTESIAN_POINT('',(27.6619369134,7.535451301818,16.76623997704)
  );
#1246 = CARTESIAN_POINT('',(27.590354723827,7.850832262036,
    16.380295955314));
#1247 = CARTESIAN_POINT('',(27.542864854361,8.049035647147,
    16.198566484948));
#1248 = CARTESIAN_POINT('',(27.481500892093,8.285834596442,
    16.042763014224));
#1249 = CARTESIAN_POINT('',(27.405562825938,8.550675774529,
    15.930047413824));
#1250 = CARTESIAN_POINT('',(27.314170062633,8.835541552786,
    15.866527806665));
#1251 = CARTESIAN_POINT('',(27.208085317111,9.134595648726,
    15.860872508138));
#1252 = CARTESIAN_POINT('',(27.206089664366,9.140211392333,
    15.860787526189));
#1253 = CARTESIAN_POINT('',(27.204092316096,9.145823818155,
    15.860723838729));
#1254 = CARTESIAN_POINT('',(27.202092749218,9.15143395963,
    15.860681410812));
#1255 = CARTESIAN_POINT('',(27.200089655942,9.157044658308,
    15.86066017178));
#1256 = CARTESIAN_POINT('',(27.198084006773,9.162653892869,
    15.86066017178));
#1257 = ORIENTED_EDGE('',*,*,#377,.F.);
#1258 = ORIENTED_EDGE('',*,*,#680,.T.);
#1259 = CYLINDRICAL_SURFACE('',#1260,2.);
#1260 = AXIS2_PLACEMENT_3D('',#1261,#1262,#1263);
#1261 = CARTESIAN_POINT('',(18.875150933062,6.69728879877,17.86066017178
    ));
#1262 = DIRECTION('',(0.958819734868,0.284015344704,0.));
#1263 = DIRECTION('',(-0.284015344704,0.958819734868,0.));
#1264 = ADVANCED_FACE('',(#1265),#1276,.F.);
#1265 = FACE_BOUND('',#1266,.F.);
#1266 = EDGE_LOOP('',(#1267,#1268,#1269,#1275));
#1267 = ORIENTED_EDGE('',*,*,#436,.T.);
#1268 = ORIENTED_EDGE('',*,*,#1238,.T.);
#1269 = ORIENTED_EDGE('',*,*,#1270,.F.);
#1270 = EDGE_CURVE('',#985,#1231,#1271,.T.);
#1271 = ( BOUNDED_CURVE() B_SPLINE_CURVE(2,(#1272,#1273,#1274),
.UNSPECIFIED.,.F.,.F.) B_SPLINE_CURVE_WITH_KNOTS((3,3),(0.,
3.178862852391),.PIECEWISE_BEZIER_KNOTS.) CURVE() 
GEOMETRIC_REPRESENTATION_ITEM() RATIONAL_B_SPLINE_CURVE((1.,
0.707106781187,1.)) REPRESENTATION_ITEM('') );
#1272 = CARTESIAN_POINT('',(28.145752439062,9.481910126078,
    14.86066017178));
#1273 = CARTESIAN_POINT('',(28.145752439062,9.481910126078,
    15.86066017178));
#1274 = CARTESIAN_POINT('',(27.198084006773,9.162653892869,
    15.86066017178));
#1275 = ORIENTED_EDGE('',*,*,#984,.F.);
#1276 = ( BOUNDED_SURFACE() B_SPLINE_SURFACE(2,6,(
    (#1277,#1278,#1279,#1280,#1281,#1282,#1283,#1284,#1285,#1286,#1287
      ,#1288,#1289,#1290,#1291,#1292,#1293)
    ,(#1294,#1295,#1296,#1297,#1298,#1299,#1300,#1301,#1302,#1303,#1304
      ,#1305,#1306,#1307,#1308,#1309,#1310)
    ,(#1311,#1312,#1313,#1314,#1315,#1316,#1317,#1318,#1319,#1320,#1321
      ,#1322,#1323,#1324,#1325,#1326,#1327
)),.UNSPECIFIED.,.F.,.F.,.F.) B_SPLINE_SURFACE_WITH_KNOTS((3,3),(7,5,5,7
    ),(0.,3.178862852391),(22.13933982822,23.677197025202,
    25.287409946792,25.318202680611),.UNSPECIFIED.) 
GEOMETRIC_REPRESENTATION_ITEM() RATIONAL_B_SPLINE_SURFACE((
    (1.,1.,1.,1.,1.,1.,1.,1.,1.,1.,1.,1.,1.,1.,1.,1.,1.)
    ,(0.68279835372,0.68279835372,0.683765015077,0.68571919012
      ,0.688461913846,0.691824400323,0.698980434008,0.702941386675
      ,0.706509669416,0.708889018416,0.709220479124,0.707295945913
      ,0.70725901552,0.707221741629,0.707184018059,0.707145639287
      ,0.707106781187)
    ,(1.,1.,1.,1.,1.,1.,1.,1.,1.,1.,1.,1.,1.,1.,1.,1.,1.
))) REPRESENTATION_ITEM('') SURFACE() );
#1277 = CARTESIAN_POINT('',(28.981851641764,6.491708204686,
    17.86066017178));
#1278 = CARTESIAN_POINT('',(28.981851641764,6.491708204686,
    17.518703430235));
#1279 = CARTESIAN_POINT('',(28.971287599038,6.538883427962,
    17.177099268673));
#1280 = CARTESIAN_POINT('',(28.949962209818,6.634044366478,
    16.840325861501));
#1281 = CARTESIAN_POINT('',(28.917805407169,6.774944474538,
    16.517123726046));
#1282 = CARTESIAN_POINT('',(28.872785577529,6.96511211145,
    16.208928299973));
#1283 = CARTESIAN_POINT('',(28.750624635465,7.453720345691,
    15.632035236687));
#1284 = CARTESIAN_POINT('',(28.670016676672,7.765054577689,
    15.356275998005));
#1285 = CARTESIAN_POINT('',(28.570332001383,8.131447913142,15.1275377227
    ));
#1286 = CARTESIAN_POINT('',(28.450205939793,8.545108068732,14.9581972718
    ));
#1287 = CARTESIAN_POINT('',(28.310724078683,8.990187058922,
    14.866755090915));
#1288 = CARTESIAN_POINT('',(28.155097072076,9.454131011319,
    14.860869452937));
#1289 = CARTESIAN_POINT('',(28.153563371215,9.458694532498,
    14.86078964989));
#1290 = CARTESIAN_POINT('',(28.151742679943,9.464112399454,
    14.860725238267));
#1291 = CARTESIAN_POINT('',(28.149635786746,9.470379696765,
    14.860679846616));
#1292 = CARTESIAN_POINT('',(28.147720186684,9.476069136586,
    14.86066017178));
#1293 = CARTESIAN_POINT('',(28.145752439062,9.481910126078,
    14.86066017178));
#1294 = CARTESIAN_POINT('',(28.747971239874,7.535853581491,
    17.86066017178));
#1295 = CARTESIAN_POINT('',(28.747971239874,7.535853581491,
    17.637899446317));
#1296 = CARTESIAN_POINT('',(28.739760658475,7.56452283196,
    17.415948779706));
#1297 = CARTESIAN_POINT('',(28.72357763205,7.620905815607,
    17.196777375358));
#1298 = CARTESIAN_POINT('',(28.698548972241,7.708132817047,
    16.982108308688));
#1299 = CARTESIAN_POINT('',(28.664815197427,7.824273824281,
    16.777744287212));
#1300 = CARTESIAN_POINT('',(28.573388004397,8.134281336407,
    16.387043068178));
#1301 = CARTESIAN_POINT('',(28.514693062868,8.330577697576,
    16.201860144979));
#1302 = CARTESIAN_POINT('',(28.442230776676,8.569542148706,
    16.040335225676));
#1303 = CARTESIAN_POINT('',(28.356377928589,8.844232872922,
    15.922864059268));
#1304 = CARTESIAN_POINT('',(28.259778021479,9.14214028284,
    15.860538286597));
#1305 = CARTESIAN_POINT('',(28.15557678262,9.452699465505,
    15.860337903999));
#1306 = CARTESIAN_POINT('',(28.153614528436,9.458543976503,
    15.860356924925));
#1307 = CARTESIAN_POINT('',(28.151651076414,9.464386560821,
    15.860398653735));
#1308 = CARTESIAN_POINT('',(28.149686336376,9.470227903495,
    15.860463093454));
#1309 = CARTESIAN_POINT('',(28.147720078554,9.476069457553,
    15.860550270513));
#1310 = CARTESIAN_POINT('',(28.145752439062,9.481910126078,
    15.86066017178));
#1311 = CARTESIAN_POINT('',(27.722016376462,7.231951905727,
    17.86066017178));
#1312 = CARTESIAN_POINT('',(27.722016376462,7.231951905727,
    17.634127167886));
#1313 = CARTESIAN_POINT('',(27.716237363691,7.262461188247,
    17.407765989003));
#1314 = CARTESIAN_POINT('',(27.704919208102,7.322748003082,
    17.184971738348));
#1315 = CARTESIAN_POINT('',(27.686766894644,7.415099745861,
    16.968970205079));
#1316 = CARTESIAN_POINT('',(27.6619369134,7.535451301818,16.76623997704)
  );
#1317 = CARTESIAN_POINT('',(27.590354723827,7.850832262036,
    16.380295955314));
#1318 = CARTESIAN_POINT('',(27.542864854361,8.049035647147,
    16.198566484948));
#1319 = CARTESIAN_POINT('',(27.481500892093,8.285834596442,
    16.042763014224));
#1320 = CARTESIAN_POINT('',(27.405562825938,8.550675774529,
    15.930047413824));
#1321 = CARTESIAN_POINT('',(27.314170062633,8.835541552786,
    15.866527806665));
#1322 = CARTESIAN_POINT('',(27.208085317111,9.134595648726,
    15.860872508138));
#1323 = CARTESIAN_POINT('',(27.206089664366,9.140211392333,
    15.860787526189));
#1324 = CARTESIAN_POINT('',(27.204092316096,9.145823818155,
    15.860723838729));
#1325 = CARTESIAN_POINT('',(27.202092749218,9.15143395963,
    15.860681410812));
#1326 = CARTESIAN_POINT('',(27.200089655942,9.157044658308,
    15.86066017178));
#1327 = CARTESIAN_POINT('',(27.198084006773,9.162653892869,
    15.86066017178));
#1328 = ADVANCED_FACE('',(#1329),#1341,.T.);
#1329 = FACE_BOUND('',#1330,.T.);
#1330 = EDGE_LOOP('',(#1331,#1338,#1339,#1340));
#1331 = ORIENTED_EDGE('',*,*,#1332,.F.);
#1332 = EDGE_CURVE('',#619,#571,#1333,.T.);
#1333 = CIRCLE('',#1334,1.);
#1334 = AXIS2_PLACEMENT_3D('',#1335,#1336,#1337);
#1335 = CARTESIAN_POINT('',(11.1,23.6,14.86066017178));
#1336 = DIRECTION('',(1.,0.,0.));
#1337 = DIRECTION('',(0.,1.,0.));
#1338 = ORIENTED_EDGE('',*,*,#626,.T.);
#1339 = ORIENTED_EDGE('',*,*,#459,.T.);
#1340 = ORIENTED_EDGE('',*,*,#570,.F.);
#1341 = TOROIDAL_SURFACE('',#1342,3.,1.);
#1342 = AXIS2_PLACEMENT_3D('',#1343,#1344,#1345);
#1343 = CARTESIAN_POINT('',(11.1,23.6,17.86066017178));
#1344 = DIRECTION('',(0.,1.,0.));
#1345 = DIRECTION('',(0.,0.,-1.));
#1346 = ADVANCED_FACE('',(#1347,#1393),#1398,.F.);
#1347 = FACE_BOUND('',#1348,.F.);
#1348 = EDGE_LOOP('',(#1349,#1360,#1369,#1378,#1387));
#1349 = ORIENTED_EDGE('',*,*,#1350,.F.);
#1350 = EDGE_CURVE('',#1351,#1353,#1355,.T.);
#1351 = VERTEX_POINT('',#1352);
#1352 = CARTESIAN_POINT('',(-16.51459184327,23.4725,0.));
#1353 = VERTEX_POINT('',#1354);
#1354 = CARTESIAN_POINT('',(-16.11179692026,23.6,0.));
#1355 = CIRCLE('',#1356,0.7);
#1356 = AXIS2_PLACEMENT_3D('',#1357,#1358,#1359);
#1357 = CARTESIAN_POINT('',(-16.11179692026,22.9,0.));
#1358 = DIRECTION('',(0.,0.,-1.));
#1359 = DIRECTION('',(-0.575421318581,0.817857142857,0.));
#1360 = ORIENTED_EDGE('',*,*,#1361,.F.);
#1361 = EDGE_CURVE('',#1362,#1351,#1364,.T.);
#1362 = VERTEX_POINT('',#1363);
#1363 = CARTESIAN_POINT('',(28.7,-1.3E-14,0.));
#1364 = CIRCLE('',#1365,28.7);
#1365 = AXIS2_PLACEMENT_3D('',#1366,#1367,#1368);
#1366 = CARTESIAN_POINT('',(0.,0.,0.));
#1367 = DIRECTION('',(0.,-0.,-1.));
#1368 = DIRECTION('',(1.,-2.4E-16,0.));
#1369 = ORIENTED_EDGE('',*,*,#1370,.F.);
#1370 = EDGE_CURVE('',#1371,#1362,#1373,.T.);
#1371 = VERTEX_POINT('',#1372);
#1372 = CARTESIAN_POINT('',(16.514591843276,23.4725,0.));
#1373 = CIRCLE('',#1374,28.7);
#1374 = AXIS2_PLACEMENT_3D('',#1375,#1376,#1377);
#1375 = CARTESIAN_POINT('',(0.,0.,0.));
#1376 = DIRECTION('',(0.,0.,-1.));
#1377 = DIRECTION('',(0.575421318581,0.817857142857,0.));
#1378 = ORIENTED_EDGE('',*,*,#1379,.F.);
#1379 = EDGE_CURVE('',#1380,#1371,#1382,.T.);
#1380 = VERTEX_POINT('',#1381);
#1381 = CARTESIAN_POINT('',(16.111796920269,23.6,0.));
#1382 = CIRCLE('',#1383,0.7);
#1383 = AXIS2_PLACEMENT_3D('',#1384,#1385,#1386);
#1384 = CARTESIAN_POINT('',(16.111796920269,22.9,0.));
#1385 = DIRECTION('',(0.,0.,-1.));
#1386 = DIRECTION('',(-4.18E-15,1.,0.));
#1387 = ORIENTED_EDGE('',*,*,#1388,.F.);
#1388 = EDGE_CURVE('',#1353,#1380,#1389,.T.);
#1389 = LINE('',#1390,#1391);
#1390 = CARTESIAN_POINT('',(-16.11179692026,23.6,-2.2E-16));
#1391 = VECTOR('',#1392,1.);
#1392 = DIRECTION('',(1.,0.,0.));
#1393 = FACE_BOUND('',#1394,.F.);
#1394 = EDGE_LOOP('',(#1395,#1396,#1397));
#1395 = ORIENTED_EDGE('',*,*,#707,.T.);
#1396 = ORIENTED_EDGE('',*,*,#716,.T.);
#1397 = ORIENTED_EDGE('',*,*,#492,.T.);
#1398 = PLANE('',#1399);
#1399 = AXIS2_PLACEMENT_3D('',#1400,#1401,#1402);
#1400 = CARTESIAN_POINT('',(0.822927457538,0.658587323643,0.));
#1401 = DIRECTION('',(0.,0.,1.));
#1402 = DIRECTION('',(1.,0.,0.));
#1403 = ADVANCED_FACE('',(#1404),#1434,.T.);
#1404 = FACE_BOUND('',#1405,.T.);
#1405 = EDGE_LOOP('',(#1406,#1407,#1408,#1409,#1410,#1419,#1428));
#1406 = ORIENTED_EDGE('',*,*,#579,.F.);
#1407 = ORIENTED_EDGE('',*,*,#508,.F.);
#1408 = ORIENTED_EDGE('',*,*,#699,.T.);
#1409 = ORIENTED_EDGE('',*,*,#1230,.T.);
#1410 = ORIENTED_EDGE('',*,*,#1411,.T.);
#1411 = EDGE_CURVE('',#1231,#1412,#1414,.T.);
#1412 = VERTEX_POINT('',#1413);
#1413 = CARTESIAN_POINT('',(16.514591843276,23.4725,15.86066017178));
#1414 = CIRCLE('',#1415,28.7);
#1415 = AXIS2_PLACEMENT_3D('',#1416,#1417,#1418);
#1416 = CARTESIAN_POINT('',(0.,0.,15.86066017178));
#1417 = DIRECTION('',(0.,-0.,1.));
#1418 = DIRECTION('',(0.948065222318,0.318075988138,0.));
#1419 = ORIENTED_EDGE('',*,*,#1420,.T.);
#1420 = EDGE_CURVE('',#1412,#1421,#1423,.T.);
#1421 = VERTEX_POINT('',#1422);
#1422 = CARTESIAN_POINT('',(16.111796920269,23.6,15.86066017178));
#1423 = CIRCLE('',#1424,0.7);
#1424 = AXIS2_PLACEMENT_3D('',#1425,#1426,#1427);
#1425 = CARTESIAN_POINT('',(16.111796920269,22.9,15.86066017178));
#1426 = DIRECTION('',(0.,-0.,1.));
#1427 = DIRECTION('',(0.575421318581,0.817857142857,0.));
#1428 = ORIENTED_EDGE('',*,*,#1429,.T.);
#1429 = EDGE_CURVE('',#1421,#571,#1430,.T.);
#1430 = LINE('',#1431,#1432);
#1431 = CARTESIAN_POINT('',(16.111796920269,23.6,15.86066017178));
#1432 = VECTOR('',#1433,1.);
#1433 = DIRECTION('',(-1.,0.,0.));
#1434 = PLANE('',#1435);
#1435 = AXIS2_PLACEMENT_3D('',#1436,#1437,#1438);
#1436 = CARTESIAN_POINT('',(-57.83042785639,-16.02393877754,
    15.86066017178));
#1437 = DIRECTION('',(0.,0.,1.));
#1438 = DIRECTION('',(0.958819734868,0.284015344704,0.));
#1439 = ADVANCED_FACE('',(#1440),#1466,.F.);
#1440 = FACE_BOUND('',#1441,.F.);
#1441 = EDGE_LOOP('',(#1442,#1450,#1459,#1465));
#1442 = ORIENTED_EDGE('',*,*,#1443,.T.);
#1443 = EDGE_CURVE('',#530,#1444,#1446,.T.);
#1444 = VERTEX_POINT('',#1445);
#1445 = CARTESIAN_POINT('',(-7.25,23.6,24.165063509461));
#1446 = LINE('',#1447,#1448);
#1447 = CARTESIAN_POINT('',(-7.25,19.9,24.165063509461));
#1448 = VECTOR('',#1449,1.);
#1449 = DIRECTION('',(0.,1.,0.));
#1450 = ORIENTED_EDGE('',*,*,#1451,.F.);
#1451 = EDGE_CURVE('',#1452,#1444,#1454,.T.);
#1452 = VERTEX_POINT('',#1453);
#1453 = CARTESIAN_POINT('',(-7.25,23.6,19.834936490539));
#1454 = CIRCLE('',#1455,2.5);
#1455 = AXIS2_PLACEMENT_3D('',#1456,#1457,#1458);
#1456 = CARTESIAN_POINT('',(-6.,23.6,22.));
#1457 = DIRECTION('',(0.,1.,-0.));
#1458 = DIRECTION('',(-0.5,-0.,-0.866025403784));
#1459 = ORIENTED_EDGE('',*,*,#1460,.F.);
#1460 = EDGE_CURVE('',#528,#1452,#1461,.T.);
#1461 = LINE('',#1462,#1463);
#1462 = CARTESIAN_POINT('',(-7.25,19.9,19.834936490539));
#1463 = VECTOR('',#1464,1.);
#1464 = DIRECTION('',(0.,1.,0.));
#1465 = ORIENTED_EDGE('',*,*,#527,.T.);
#1466 = CYLINDRICAL_SURFACE('',#1467,2.5);
#1467 = AXIS2_PLACEMENT_3D('',#1468,#1469,#1470);
#1468 = CARTESIAN_POINT('',(-6.,19.9,22.));
#1469 = DIRECTION('',(0.,1.,0.));
#1470 = DIRECTION('',(0.,0.,1.));
#1471 = ADVANCED_FACE('',(#1472),#1490,.T.);
#1472 = FACE_BOUND('',#1473,.T.);
#1473 = EDGE_LOOP('',(#1474,#1475,#1476,#1484));
#1474 = ORIENTED_EDGE('',*,*,#1460,.F.);
#1475 = ORIENTED_EDGE('',*,*,#555,.F.);
#1476 = ORIENTED_EDGE('',*,*,#1477,.T.);
#1477 = EDGE_CURVE('',#547,#1478,#1480,.T.);
#1478 = VERTEX_POINT('',#1479);
#1479 = CARTESIAN_POINT('',(-2.75,23.6,17.236860279186));
#1480 = LINE('',#1481,#1482);
#1481 = CARTESIAN_POINT('',(-2.75,19.9,17.236860279186));
#1482 = VECTOR('',#1483,1.);
#1483 = DIRECTION('',(0.,1.,0.));
#1484 = ORIENTED_EDGE('',*,*,#1485,.T.);
#1485 = EDGE_CURVE('',#1478,#1452,#1486,.T.);
#1486 = LINE('',#1487,#1488);
#1487 = CARTESIAN_POINT('',(-2.75,23.6,17.236860279186));
#1488 = VECTOR('',#1489,1.);
#1489 = DIRECTION('',(-0.866025403784,0.,0.5));
#1490 = PLANE('',#1491);
#1491 = AXIS2_PLACEMENT_3D('',#1492,#1493,#1494);
#1492 = CARTESIAN_POINT('',(-2.75,19.9,17.236860279186));
#1493 = DIRECTION('',(0.5,0.,0.866025403784));
#1494 = DIRECTION('',(-0.866025403784,0.,0.5));
#1495 = ADVANCED_FACE('',(#1496),#1515,.F.);
#1496 = FACE_BOUND('',#1497,.F.);
#1497 = EDGE_LOOP('',(#1498,#1506,#1507,#1508));
#1498 = ORIENTED_EDGE('',*,*,#1499,.F.);
#1499 = EDGE_CURVE('',#539,#1500,#1502,.T.);
#1500 = VERTEX_POINT('',#1501);
#1501 = CARTESIAN_POINT('',(-2.75,23.6,26.763139720814));
#1502 = LINE('',#1503,#1504);
#1503 = CARTESIAN_POINT('',(-2.75,19.9,26.763139720814));
#1504 = VECTOR('',#1505,1.);
#1505 = DIRECTION('',(0.,1.,0.));
#1506 = ORIENTED_EDGE('',*,*,#546,.T.);
#1507 = ORIENTED_EDGE('',*,*,#1477,.T.);
#1508 = ORIENTED_EDGE('',*,*,#1509,.F.);
#1509 = EDGE_CURVE('',#1500,#1478,#1510,.T.);
#1510 = CIRCLE('',#1511,5.5);
#1511 = AXIS2_PLACEMENT_3D('',#1512,#1513,#1514);
#1512 = CARTESIAN_POINT('',(0.,23.6,22.));
#1513 = DIRECTION('',(0.,1.,-0.));
#1514 = DIRECTION('',(-0.5,0.,0.866025403784));
#1515 = CYLINDRICAL_SURFACE('',#1516,5.5);
#1516 = AXIS2_PLACEMENT_3D('',#1517,#1518,#1519);
#1517 = CARTESIAN_POINT('',(0.,19.9,22.));
#1518 = DIRECTION('',(0.,1.,0.));
#1519 = DIRECTION('',(0.,0.,1.));
#1520 = ADVANCED_FACE('',(#1521),#1532,.T.);
#1521 = FACE_BOUND('',#1522,.T.);
#1522 = EDGE_LOOP('',(#1523,#1524,#1525,#1526));
#1523 = ORIENTED_EDGE('',*,*,#1499,.F.);
#1524 = ORIENTED_EDGE('',*,*,#538,.F.);
#1525 = ORIENTED_EDGE('',*,*,#1443,.T.);
#1526 = ORIENTED_EDGE('',*,*,#1527,.T.);
#1527 = EDGE_CURVE('',#1444,#1500,#1528,.T.);
#1528 = LINE('',#1529,#1530);
#1529 = CARTESIAN_POINT('',(-7.25,23.6,24.165063509461));
#1530 = VECTOR('',#1531,1.);
#1531 = DIRECTION('',(0.866025403784,0.,0.5));
#1532 = PLANE('',#1533);
#1533 = AXIS2_PLACEMENT_3D('',#1534,#1535,#1536);
#1534 = CARTESIAN_POINT('',(-7.25,19.9,24.165063509461));
#1535 = DIRECTION('',(0.5,0.,-0.866025403784));
#1536 = DIRECTION('',(0.866025403784,0.,0.5));
#1537 = ADVANCED_FACE('',(#1538),#1556,.T.);
#1538 = FACE_BOUND('',#1539,.F.);
#1539 = EDGE_LOOP('',(#1540,#1547,#1548,#1555));
#1540 = ORIENTED_EDGE('',*,*,#1541,.T.);
#1541 = EDGE_CURVE('',#595,#1353,#1542,.T.);
#1542 = CIRCLE('',#1543,1.);
#1543 = AXIS2_PLACEMENT_3D('',#1544,#1545,#1546);
#1544 = CARTESIAN_POINT('',(-16.11179692026,23.6,1.));
#1545 = DIRECTION('',(-1.,1.78E-15,0.));
#1546 = DIRECTION('',(1.78E-15,1.,0.));
#1547 = ORIENTED_EDGE('',*,*,#1388,.T.);
#1548 = ORIENTED_EDGE('',*,*,#1549,.F.);
#1549 = EDGE_CURVE('',#603,#1380,#1550,.T.);
#1550 = CIRCLE('',#1551,1.);
#1551 = AXIS2_PLACEMENT_3D('',#1552,#1553,#1554);
#1552 = CARTESIAN_POINT('',(16.111796920269,23.6,1.));
#1553 = DIRECTION('',(-1.,0.,0.));
#1554 = DIRECTION('',(0.,1.,0.));
#1555 = ORIENTED_EDGE('',*,*,#602,.F.);
#1556 = CYLINDRICAL_SURFACE('',#1557,1.);
#1557 = AXIS2_PLACEMENT_3D('',#1558,#1559,#1560);
#1558 = CARTESIAN_POINT('',(-16.11179692026,23.6,1.));
#1559 = DIRECTION('',(1.,0.,0.));
#1560 = DIRECTION('',(0.,1.,0.));
#1561 = ADVANCED_FACE('',(#1562),#1580,.T.);
#1562 = FACE_BOUND('',#1563,.T.);
#1563 = EDGE_LOOP('',(#1564,#1565,#1572,#1573));
#1564 = ORIENTED_EDGE('',*,*,#954,.F.);
#1565 = ORIENTED_EDGE('',*,*,#1566,.F.);
#1566 = EDGE_CURVE('',#603,#955,#1567,.T.);
#1567 = CIRCLE('',#1568,1.7);
#1568 = AXIS2_PLACEMENT_3D('',#1569,#1570,#1571);
#1569 = CARTESIAN_POINT('',(16.111796920269,22.9,1.));
#1570 = DIRECTION('',(0.,0.,-1.));
#1571 = DIRECTION('',(-4.18E-15,1.,0.));
#1572 = ORIENTED_EDGE('',*,*,#610,.T.);
#1573 = ORIENTED_EDGE('',*,*,#1574,.F.);
#1574 = EDGE_CURVE('',#957,#611,#1575,.T.);
#1575 = CIRCLE('',#1576,1.7);
#1576 = AXIS2_PLACEMENT_3D('',#1577,#1578,#1579);
#1577 = CARTESIAN_POINT('',(16.111796920269,22.9,14.86066017178));
#1578 = DIRECTION('',(0.,-0.,1.));
#1579 = DIRECTION('',(0.575421318581,0.817857142857,0.));
#1580 = CYLINDRICAL_SURFACE('',#1581,1.7);
#1581 = AXIS2_PLACEMENT_3D('',#1582,#1583,#1584);
#1582 = CARTESIAN_POINT('',(16.111796920269,22.9,0.));
#1583 = DIRECTION('',(0.,0.,-1.));
#1584 = DIRECTION('',(-1.,0.,0.));
#1585 = ADVANCED_FACE('',(#1586),#1598,.T.);
#1586 = FACE_BOUND('',#1587,.F.);
#1587 = EDGE_LOOP('',(#1588,#1595,#1596,#1597));
#1588 = ORIENTED_EDGE('',*,*,#1589,.T.);
#1589 = EDGE_CURVE('',#611,#1421,#1590,.T.);
#1590 = CIRCLE('',#1591,1.);
#1591 = AXIS2_PLACEMENT_3D('',#1592,#1593,#1594);
#1592 = CARTESIAN_POINT('',(16.111796920269,23.6,14.86066017178));
#1593 = DIRECTION('',(1.,3.33E-15,-0.));
#1594 = DIRECTION('',(-3.33E-15,1.,0.));
#1595 = ORIENTED_EDGE('',*,*,#1429,.T.);
#1596 = ORIENTED_EDGE('',*,*,#1332,.F.);
#1597 = ORIENTED_EDGE('',*,*,#618,.F.);
#1598 = CYLINDRICAL_SURFACE('',#1599,1.);
#1599 = AXIS2_PLACEMENT_3D('',#1600,#1601,#1602);
#1600 = CARTESIAN_POINT('',(16.111796920269,23.6,14.86066017178));
#1601 = DIRECTION('',(-1.,0.,0.));
#1602 = DIRECTION('',(0.,1.,0.));
#1603 = ADVANCED_FACE('',(#1604),#1622,.T.);
#1604 = FACE_BOUND('',#1605,.T.);
#1605 = EDGE_LOOP('',(#1606,#1613,#1614,#1621));
#1606 = ORIENTED_EDGE('',*,*,#1607,.F.);
#1607 = EDGE_CURVE('',#638,#1452,#1608,.T.);
#1608 = CIRCLE('',#1609,1.);
#1609 = AXIS2_PLACEMENT_3D('',#1610,#1611,#1612);
#1610 = CARTESIAN_POINT('',(-7.75,23.6,18.968911086754));
#1611 = DIRECTION('',(0.866025403784,0.,-0.5));
#1612 = DIRECTION('',(-0.5,0.,-0.866025403784));
#1613 = ORIENTED_EDGE('',*,*,#637,.T.);
#1614 = ORIENTED_EDGE('',*,*,#1615,.T.);
#1615 = EDGE_CURVE('',#640,#1444,#1616,.T.);
#1616 = CIRCLE('',#1617,1.);
#1617 = AXIS2_PLACEMENT_3D('',#1618,#1619,#1620);
#1618 = CARTESIAN_POINT('',(-7.75,23.6,25.031088913246));
#1619 = DIRECTION('',(-0.866025403784,0.,-0.5));
#1620 = DIRECTION('',(-0.5,0.,0.866025403784));
#1621 = ORIENTED_EDGE('',*,*,#1451,.F.);
#1622 = TOROIDAL_SURFACE('',#1623,3.5,1.);
#1623 = AXIS2_PLACEMENT_3D('',#1624,#1625,#1626);
#1624 = CARTESIAN_POINT('',(-6.,23.6,22.));
#1625 = DIRECTION('',(0.,1.,0.));
#1626 = DIRECTION('',(-0.5,-0.,-0.866025403784));
#1627 = ADVANCED_FACE('',(#1628),#1640,.T.);
#1628 = FACE_BOUND('',#1629,.F.);
#1629 = EDGE_LOOP('',(#1630,#1637,#1638,#1639));
#1630 = ORIENTED_EDGE('',*,*,#1631,.T.);
#1631 = EDGE_CURVE('',#657,#1478,#1632,.T.);
#1632 = CIRCLE('',#1633,1.);
#1633 = AXIS2_PLACEMENT_3D('',#1634,#1635,#1636);
#1634 = CARTESIAN_POINT('',(-3.25,23.6,16.370834875401));
#1635 = DIRECTION('',(0.866025403784,0.,-0.5));
#1636 = DIRECTION('',(-0.5,-0.,-0.866025403784));
#1637 = ORIENTED_EDGE('',*,*,#1485,.T.);
#1638 = ORIENTED_EDGE('',*,*,#1607,.F.);
#1639 = ORIENTED_EDGE('',*,*,#665,.F.);
#1640 = CYLINDRICAL_SURFACE('',#1641,1.);
#1641 = AXIS2_PLACEMENT_3D('',#1642,#1643,#1644);
#1642 = CARTESIAN_POINT('',(-3.25,23.6,16.370834875401));
#1643 = DIRECTION('',(-0.866025403784,0.,0.5));
#1644 = DIRECTION('',(0.,1.,0.));
#1645 = ADVANCED_FACE('',(#1646),#1658,.T.);
#1646 = FACE_BOUND('',#1647,.F.);
#1647 = EDGE_LOOP('',(#1648,#1649,#1650,#1657));
#1648 = ORIENTED_EDGE('',*,*,#1615,.T.);
#1649 = ORIENTED_EDGE('',*,*,#1527,.T.);
#1650 = ORIENTED_EDGE('',*,*,#1651,.F.);
#1651 = EDGE_CURVE('',#649,#1500,#1652,.T.);
#1652 = CIRCLE('',#1653,1.);
#1653 = AXIS2_PLACEMENT_3D('',#1654,#1655,#1656);
#1654 = CARTESIAN_POINT('',(-3.25,23.6,27.629165124599));
#1655 = DIRECTION('',(-0.866025403784,0.,-0.5));
#1656 = DIRECTION('',(0.,1.,0.));
#1657 = ORIENTED_EDGE('',*,*,#648,.F.);
#1658 = CYLINDRICAL_SURFACE('',#1659,1.);
#1659 = AXIS2_PLACEMENT_3D('',#1660,#1661,#1662);
#1660 = CARTESIAN_POINT('',(-7.75,23.6,25.031088913246));
#1661 = DIRECTION('',(0.866025403784,0.,0.5));
#1662 = DIRECTION('',(0.,1.,0.));
#1663 = ADVANCED_FACE('',(#1664),#1670,.T.);
#1664 = FACE_BOUND('',#1665,.T.);
#1665 = EDGE_LOOP('',(#1666,#1667,#1668,#1669));
#1666 = ORIENTED_EDGE('',*,*,#1651,.F.);
#1667 = ORIENTED_EDGE('',*,*,#656,.T.);
#1668 = ORIENTED_EDGE('',*,*,#1631,.T.);
#1669 = ORIENTED_EDGE('',*,*,#1509,.F.);
#1670 = TOROIDAL_SURFACE('',#1671,6.5,1.);
#1671 = AXIS2_PLACEMENT_3D('',#1672,#1673,#1674);
#1672 = CARTESIAN_POINT('',(0.,23.6,22.));
#1673 = DIRECTION('',(0.,1.,0.));
#1674 = DIRECTION('',(-0.5,0.,0.866025403784));
#1675 = ADVANCED_FACE('',(#1676),#1749,.F.);
#1676 = FACE_BOUND('',#1677,.F.);
#1677 = EDGE_LOOP('',(#1678,#1686,#1747,#1748));
#1678 = ORIENTED_EDGE('',*,*,#1679,.T.);
#1679 = EDGE_CURVE('',#729,#1680,#1682,.T.);
#1680 = VERTEX_POINT('',#1681);
#1681 = CARTESIAN_POINT('',(26.187344305557,-11.42422856136,8.5));
#1682 = LINE('',#1683,#1684);
#1683 = CARTESIAN_POINT('',(22.384609690827,-9.22871870789,8.5));
#1684 = VECTOR('',#1685,1.);
#1685 = DIRECTION('',(0.866025403784,-0.5,0.));
#1686 = ORIENTED_EDGE('',*,*,#1687,.F.);
#1687 = EDGE_CURVE('',#1680,#1680,#1688,.T.);
#1688 = ( BOUNDED_CURVE() B_SPLINE_CURVE(9,(#1689,#1690,#1691,#1692,
    #1693,#1694,#1695,#1696,#1697,#1698,#1699,#1700,#1701,#1702,#1703,
    #1704,#1705,#1706,#1707,#1708,#1709,#1710,#1711,#1712,#1713,#1714,
    #1715,#1716,#1717,#1718,#1719,#1720,#1721,#1722,#1723,#1724,#1725,
    #1726,#1727,#1728,#1729,#1730,#1731,#1732,#1733,#1734,#1735,#1736,
    #1737,#1738,#1739,#1740,#1741,#1742,#1743,#1744,#1745,#1746),
.UNSPECIFIED.,.T.,.F.) B_SPLINE_CURVE_WITH_KNOTS((10,8,8,8,8,8,8,10),(
    4.3E-16,2.471124497652,4.664194837271,6.408148028363,11.193248856259
    ,13.512043391384,16.469751191212,20.120858319332),.UNSPECIFIED.) 
CURVE() GEOMETRIC_REPRESENTATION_ITEM() RATIONAL_B_SPLINE_CURVE((1.,1.,
    1.,1.,1.,1.,1.,1.,1.,1.,1.,1.,1.,1.,1.,1.,1.,1.,1.,1.,1.,1.,1.,1.,1.
    ,1.,1.,1.,1.,1.,1.,1.,1.,1.,1.,1.,1.,1.,1.,1.,1.,1.,1.,1.,1.,1.,1.,
1.,1.,1.,1.,1.,1.,1.,1.,1.,1.,1.)) REPRESENTATION_ITEM('') );
#1689 = CARTESIAN_POINT('',(26.187344305557,-11.42422856136,8.5));
#1690 = CARTESIAN_POINT('',(26.187344305557,-11.42422856136,
    8.745090620988));
#1691 = CARTESIAN_POINT('',(26.180303011043,-11.4446108658,
    8.990030438772));
#1692 = CARTESIAN_POINT('',(26.166323940162,-11.48515097594,
    9.233338946843));
#1693 = CARTESIAN_POINT('',(26.145196417382,-11.54597160427,
    9.473677623237));
#1694 = CARTESIAN_POINT('',(26.116613125032,-11.62708073291,
    9.709560979297));
#1695 = CARTESIAN_POINT('',(26.080245791149,-11.72821066387,
    9.939261914004));
#1696 = CARTESIAN_POINT('',(26.035679013631,-11.8489580609,
    10.160911373867));
#1697 = CARTESIAN_POINT('',(25.982202220712,-11.9892249832,
    10.372792318377));
#1698 = CARTESIAN_POINT('',(25.86188969887,-12.29261062172,
    10.752242867048));
#1699 = CARTESIAN_POINT('',(25.797299708673,-12.45138498672,
    10.922259962318));
#1700 = CARTESIAN_POINT('',(25.723628312508,-12.6268932501,
    11.081875978104));
#1701 = CARTESIAN_POINT('',(25.640631827821,-12.81791304762,
    11.228373130942));
#1702 = CARTESIAN_POINT('',(25.548097166718,-13.02290823388,
    11.35887587338));
#1703 = CARTESIAN_POINT('',(25.445545932948,-13.24068682111,
    11.470652150519));
#1704 = CARTESIAN_POINT('',(25.332429823289,-13.4701990291,
    11.561159192345));
#1705 = CARTESIAN_POINT('',(25.208817333339,-13.70947544644,
    11.62783384186));
#1706 = CARTESIAN_POINT('',(24.971408667354,-14.1479195197,
    11.699271700799));
#1707 = CARTESIAN_POINT('',(24.860664866391,-14.34545474396,
    11.713947164368));
#1708 = CARTESIAN_POINT('',(24.746559899668,-14.54179173946,
    11.710517233502));
#1709 = CARTESIAN_POINT('',(24.630340205933,-14.7346451766,
    11.688831655159));
#1710 = CARTESIAN_POINT('',(24.513121598858,-14.92243721003,
    11.649465981829));
#1711 = CARTESIAN_POINT('',(24.396323988109,-15.10346085473,
    11.593532852563));
#1712 = CARTESIAN_POINT('',(24.281698350502,-15.27573316093,
    11.522565072663));
#1713 = CARTESIAN_POINT('',(24.170945951212,-15.43753818777,
    11.438470492023));
#1714 = CARTESIAN_POINT('',(23.774040183675,-16.0033108334,
    11.083137368994));
#1715 = CARTESIAN_POINT('',(23.519157079089,-16.33656110766,
    10.740783940364));
#1716 = CARTESIAN_POINT('',(23.300813317949,-16.60544140569,
    10.341058958489));
#1717 = CARTESIAN_POINT('',(23.136158677283,-16.79663364537,
    9.897092769812));
#1718 = CARTESIAN_POINT('',(23.019612591328,-16.93090082206,
    9.443035401171));
#1719 = CARTESIAN_POINT('',(22.955017259423,-17.00306463356,
    8.958295014297));
#1720 = CARTESIAN_POINT('',(22.946017695706,-17.01411771853,
    8.475851193041));
#1721 = CARTESIAN_POINT('',(22.989946346403,-16.96475026278,
    7.998306646022));
#1722 = CARTESIAN_POINT('',(23.13170564585,-16.79854598932,
    7.316156011017));
#1723 = CARTESIAN_POINT('',(23.190169724586,-16.72944184072,
    7.097670553148));
#1724 = CARTESIAN_POINT('',(23.260231540917,-16.64587947625,
    6.884756564986));
#1725 = CARTESIAN_POINT('',(23.341988614584,-16.54695336106,
    6.678591085245));
#1726 = CARTESIAN_POINT('',(23.435256725063,-16.43197176495,
    6.480675366871));
#1727 = CARTESIAN_POINT('',(23.539236997599,-16.30098257546,
    6.292992109785));
#1728 = CARTESIAN_POINT('',(23.652823783036,-16.15431067079,
    6.117777769091));
#1729 = CARTESIAN_POINT('',(23.775553331436,-15.99110685244,
    5.956909938771));
#1730 = CARTESIAN_POINT('',(24.079655907921,-15.57195635052,
    5.624681272461));
#1731 = CARTESIAN_POINT('',(24.267956334983,-15.30297444689,
    5.462947889994));
#1732 = CARTESIAN_POINT('',(24.469687808591,-15.00140719151,
    5.337924213014));
#1733 = CARTESIAN_POINT('',(24.676160201745,-14.67476668461,
    5.261349981096));
#1734 = CARTESIAN_POINT('',(24.87849677479,-14.33314392486,
    5.240003544299));
#1735 = CARTESIAN_POINT('',(25.069459222061,-13.98790606449,
    5.274802357138));
#1736 = CARTESIAN_POINT('',(25.243879523836,-13.65117255487,
    5.361756137721));
#1737 = CARTESIAN_POINT('',(25.398577144509,-13.33466318087,
    5.493038283665));
#1738 = CARTESIAN_POINT('',(25.698132556988,-12.69080493604,
    5.858151839814));
#1739 = CARTESIAN_POINT('',(25.83205110993,-12.37846192725,
    6.108528801805));
#1740 = CARTESIAN_POINT('',(25.940203674745,-12.10807586762,
    6.396124738786));
#1741 = CARTESIAN_POINT('',(26.02609562807,-11.8808078948,6.712165226095
    ));
#1742 = CARTESIAN_POINT('',(26.092075460555,-11.69829266977,
    7.049549107133));
#1743 = CARTESIAN_POINT('',(26.140002273419,-11.56145479481,
    7.402169346178));
#1744 = CARTESIAN_POINT('',(26.17143513618,-11.47023535186,7.76455432489
    ));
#1745 = CARTESIAN_POINT('',(26.187344305557,-11.42422856136,
    8.131829582549));
#1746 = CARTESIAN_POINT('',(26.187344305557,-11.42422856136,8.5));
#1747 = ORIENTED_EDGE('',*,*,#1679,.F.);
#1748 = ORIENTED_EDGE('',*,*,#728,.T.);
#1749 = CYLINDRICAL_SURFACE('',#1750,3.2);
#1750 = AXIS2_PLACEMENT_3D('',#1751,#1752,#1753);
#1751 = CARTESIAN_POINT('',(20.784609690827,-12.,8.5));
#1752 = DIRECTION('',(0.866025403784,-0.5,0.));
#1753 = DIRECTION('',(0.5,0.866025403784,0.));
#1754 = ADVANCED_FACE('',(#1755),#1835,.F.);
#1755 = FACE_BOUND('',#1756,.F.);
#1756 = EDGE_LOOP('',(#1757,#1765,#1833,#1834));
#1757 = ORIENTED_EDGE('',*,*,#1758,.T.);
#1758 = EDGE_CURVE('',#794,#1759,#1761,.T.);
#1759 = VERTEX_POINT('',#1760);
#1760 = CARTESIAN_POINT('',(-3.2,-28.39101970694,8.5));
#1761 = LINE('',#1762,#1763);
#1762 = CARTESIAN_POINT('',(-3.2,-24.,8.5));
#1763 = VECTOR('',#1764,1.);
#1764 = DIRECTION('',(-1.8E-16,-1.,-0.));
#1765 = ORIENTED_EDGE('',*,*,#1766,.F.);
#1766 = EDGE_CURVE('',#1759,#1759,#1767,.T.);
#1767 = ( BOUNDED_CURVE() B_SPLINE_CURVE(10,(#1768,#1769,#1770,#1771,
    #1772,#1773,#1774,#1775,#1776,#1777,#1778,#1779,#1780,#1781,#1782,
    #1783,#1784,#1785,#1786,#1787,#1788,#1789,#1790,#1791,#1792,#1793,
    #1794,#1795,#1796,#1797,#1798,#1799,#1800,#1801,#1802,#1803,#1804,
    #1805,#1806,#1807,#1808,#1809,#1810,#1811,#1812,#1813,#1814,#1815,
    #1816,#1817,#1818,#1819,#1820,#1821,#1822,#1823,#1824,#1825,#1826,
    #1827,#1828,#1829,#1830,#1831,#1832),.UNSPECIFIED.,.T.,.F.) 
B_SPLINE_CURVE_WITH_KNOTS((11,9,9,9,9,9,9,11),(8.E-16,2.296050453447,
    4.38421424511,6.251345132148,11.183990574494,13.505189779612,
16.465964837734,20.120858320823),.UNSPECIFIED.) CURVE() 
GEOMETRIC_REPRESENTATION_ITEM() RATIONAL_B_SPLINE_CURVE((1.,1.,1.,1.,1.,
    1.,1.,1.,1.,1.,1.,1.,1.,1.,1.,1.,1.,1.,1.,1.,1.,1.,1.,1.,1.,1.,1.,1.
    ,1.,1.,1.,1.,1.000000000001,1.,1.,1.,1.,1.,1.,1.,1.,1.,1.,1.,1.,1.,
    1.,1.,1.,1.,1.,1.,1.,1.,1.,1.,1.,1.,1.,1.,1.,1.,1.,1.,1.)) 
REPRESENTATION_ITEM('') );
#1768 = CARTESIAN_POINT('',(-3.2,-28.39101970694,8.5));
#1769 = CARTESIAN_POINT('',(-3.2,-28.39101970694,8.294238468364));
#1770 = CARTESIAN_POINT('',(-3.185277181303,-28.39386822293,
    8.088564016303));
#1771 = CARTESIAN_POINT('',(-3.155925213157,-28.39955572332,
    7.883817006892));
#1772 = CARTESIAN_POINT('',(-3.111889914736,-28.40802382376,
    7.680788778707));
#1773 = CARTESIAN_POINT('',(-3.053101888315,-28.41915339034,
    7.480307904047));
#1774 = CARTESIAN_POINT('',(-2.979539694381,-28.43275877193,
    7.283281085413));
#1775 = CARTESIAN_POINT('',(-2.891223568701,-28.44858816167,
    7.090688690246));
#1776 = CARTESIAN_POINT('',(-2.788139681312,-28.46633008754,
    6.903534923935));
#1777 = CARTESIAN_POINT('',(-2.670094937475,-28.48562603209,
    6.722752641078));
#1778 = CARTESIAN_POINT('',(-2.415005310301,-28.52469957693,
    6.39109899809));
#1779 = CARTESIAN_POINT('',(-2.28065419917,-28.54430176502,
    6.238931635808));
#1780 = CARTESIAN_POINT('',(-2.13298748369,-28.56456364123,6.093568872)
  );
#1781 = CARTESIAN_POINT('',(-1.972179934683,-28.58506220528,
    5.956362645039));
#1782 = CARTESIAN_POINT('',(-1.79859591527,-28.60530573984,
    5.828806775206));
#1783 = CARTESIAN_POINT('',(-1.612551886586,-28.62475354821,
    5.712417093404));
#1784 = CARTESIAN_POINT('',(-1.414288101194,-28.64283325053,
    5.608693591256));
#1785 = CARTESIAN_POINT('',(-1.204149484214,-28.65895563881,
    5.519164592523));
#1786 = CARTESIAN_POINT('',(-0.982975702144,-28.67252709058,
    5.445512945912));
#1787 = CARTESIAN_POINT('',(-0.546799859932,-28.69228771314,
    5.339954436595));
#1788 = CARTESIAN_POINT('',(-0.333513296916,-28.69909616674,
    5.304439080635));
#1789 = CARTESIAN_POINT('',(-0.116126558192,-28.70294055808,
    5.284768765852));
#1790 = CARTESIAN_POINT('',(0.102908893171,-28.70355343319,
    5.281740725115));
#1791 = CARTESIAN_POINT('',(0.321436392427,-28.70085605386,
    5.295536123821));
#1792 = CARTESIAN_POINT('',(0.537273229076,-28.69495664629,
    5.325810786321));
#1793 = CARTESIAN_POINT('',(0.748108525193,-28.68613507259,
    5.371759354573));
#1794 = CARTESIAN_POINT('',(0.951619836124,-28.6748139251,5.432152879049
    ));
#1795 = CARTESIAN_POINT('',(1.145808473587,-28.66151604361,
    5.505349841869));
#1796 = CARTESIAN_POINT('',(1.814977109672,-28.60795348358,
    5.811011576268));
#1797 = CARTESIAN_POINT('',(2.226991981991,-28.55911571479,
    6.107884522476));
#1798 = CARTESIAN_POINT('',(2.572940326069,-28.5078941656,6.459343435635
    ));
#1799 = CARTESIAN_POINT('',(2.845957657116,-28.45979040984,
    6.851144344513));
#1800 = CARTESIAN_POINT('',(3.046212474485,-28.42200050321,
    7.270879785053));
#1801 = CARTESIAN_POINT('',(3.1827678764,-28.3944845657,7.696394678958)
  );
#1802 = CARTESIAN_POINT('',(3.25211088301,-28.38048720549,8.148730765339
    ));
#1803 = CARTESIAN_POINT('',(3.252547570039,-28.38076262809,
    8.593978952377));
#1804 = CARTESIAN_POINT('',(3.186338125835,-28.3942087255,9.035332686085
    ));
#1805 = CARTESIAN_POINT('',(2.989126621187,-28.43062300425,
    9.661577794399));
#1806 = CARTESIAN_POINT('',(2.910852360537,-28.4447811593,9.858632355257
    ));
#1807 = CARTESIAN_POINT('',(2.817858135872,-28.4612229113,
    10.051369238579));
#1808 = CARTESIAN_POINT('',(2.70970808475,-28.47969553755,
    10.238942722887));
#1809 = CARTESIAN_POINT('',(2.58598213935,-28.4998726731,10.420366773925
    ));
#1810 = CARTESIAN_POINT('',(2.446704579555,-28.52133553569,
    10.594397935924));
#1811 = CARTESIAN_POINT('',(2.292302021861,-28.54357844019,
    10.759572192539));
#1812 = CARTESIAN_POINT('',(2.123090844116,-28.56603860233,
    10.914395797492));
#1813 = CARTESIAN_POINT('',(1.938294046094,-28.58815023193,
    11.05769007488));
#1814 = CARTESIAN_POINT('',(1.474752403953,-28.6365570068,
    11.356695873456));
#1815 = CARTESIAN_POINT('',(1.184205533954,-28.66243750698,
    11.504705431916));
#1816 = CARTESIAN_POINT('',(0.865365009665,-28.68489857473,
    11.624568684075));
#1817 = CARTESIAN_POINT('',(0.525086711589,-28.70136891132,
    11.708020327388));
#1818 = CARTESIAN_POINT('',(0.172129503831,-28.70977356112,
    11.749323237404));
#1819 = CARTESIAN_POINT('',(-0.184168025232,-28.70908593737,
    11.746076929362));
#1820 = CARTESIAN_POINT('',(-0.534496589447,-28.69954727488,
    11.699111508285));
#1821 = CARTESIAN_POINT('',(-0.869968329556,-28.68257071179,
    11.611987434477));
#1822 = CARTESIAN_POINT('',(-1.182789366992,-28.66034720178,
    11.490621431489));
#1823 = CARTESIAN_POINT('',(-1.819427142877,-28.60409132864,
    11.162019229142));
#1824 = CARTESIAN_POINT('',(-2.128471815733,-28.56848238363,
    10.941546589626));
#1825 = CARTESIAN_POINT('',(-2.39772930101,-28.53137234379,
    10.69015404199));
#1826 = CARTESIAN_POINT('',(-2.628060033432,-28.49536367177,
    10.414250968866));
#1827 = CARTESIAN_POINT('',(-2.819492728652,-28.46260522192,
    10.119142833476));
#1828 = CARTESIAN_POINT('',(-2.972006490644,-28.43478128118,
    9.809402797264));
#1829 = CARTESIAN_POINT('',(-3.085902015622,-28.41311700202,
    9.489115160177));
#1830 = CARTESIAN_POINT('',(-3.161761892522,-28.39840022727,
    9.161990623562));
#1831 = CARTESIAN_POINT('',(-3.2,-28.39101970694,8.831353375705));
#1832 = CARTESIAN_POINT('',(-3.2,-28.39101970694,8.5));
#1833 = ORIENTED_EDGE('',*,*,#1758,.F.);
#1834 = ORIENTED_EDGE('',*,*,#793,.T.);
#1835 = CYLINDRICAL_SURFACE('',#1836,3.2);
#1836 = AXIS2_PLACEMENT_3D('',#1837,#1838,#1839);
#1837 = CARTESIAN_POINT('',(-4.41E-15,-24.,8.5));
#1838 = DIRECTION('',(-1.8E-16,-1.,0.));
#1839 = DIRECTION('',(-1.,1.8E-16,0.));
#1840 = ADVANCED_FACE('',(#1841),#1921,.F.);
#1841 = FACE_BOUND('',#1842,.F.);
#1842 = EDGE_LOOP('',(#1843,#1851,#1919,#1920));
#1843 = ORIENTED_EDGE('',*,*,#1844,.T.);
#1844 = EDGE_CURVE('',#859,#1845,#1847,.T.);
#1845 = VERTEX_POINT('',#1846);
#1846 = CARTESIAN_POINT('',(-22.98734430555,-16.96679114558,8.5));
#1847 = LINE('',#1848,#1849);
#1848 = CARTESIAN_POINT('',(-19.18460969082,-14.77128129211,8.5));
#1849 = VECTOR('',#1850,1.);
#1850 = DIRECTION('',(-0.866025403784,-0.5,0.));
#1851 = ORIENTED_EDGE('',*,*,#1852,.F.);
#1852 = EDGE_CURVE('',#1845,#1845,#1853,.T.);
#1853 = ( BOUNDED_CURVE() B_SPLINE_CURVE(10,(#1854,#1855,#1856,#1857,
    #1858,#1859,#1860,#1861,#1862,#1863,#1864,#1865,#1866,#1867,#1868,
    #1869,#1870,#1871,#1872,#1873,#1874,#1875,#1876,#1877,#1878,#1879,
    #1880,#1881,#1882,#1883,#1884,#1885,#1886,#1887,#1888,#1889,#1890,
    #1891,#1892,#1893,#1894,#1895,#1896,#1897,#1898,#1899,#1900,#1901,
    #1902,#1903,#1904,#1905,#1906,#1907,#1908,#1909,#1910,#1911,#1912,
    #1913,#1914,#1915,#1916,#1917,#1918),.UNSPECIFIED.,.T.,.F.) 
B_SPLINE_CURVE_WITH_KNOTS((11,9,9,9,9,9,9,11),(4.1E-16,2.296050381844,
    4.384214108928,6.251344977369,11.183990474758,13.505189705781,
16.465964796943,20.120858320824),.UNSPECIFIED.) CURVE() 
GEOMETRIC_REPRESENTATION_ITEM() RATIONAL_B_SPLINE_CURVE((1.,1.,1.,
    1.000000000001,0.999999999999,1.000000000001,0.999999999999,1.,1.,1.
    ,1.,1.,1.,1.,1.,1.,1.,1.,1.,1.,1.,1.,1.,1.,1.,1.,1.,1.,1.,1.,1.,1.,
    1.,1.,1.,1.,1.,1.,1.,1.,1.000000000001,0.999999999999,1.000000000001
    ,1.,1.,1.,1.,1.,1.,1.,1.,1.,1.,1.,1.,1.,1.,1.,0.999999999999,
1.000000000001,0.999999999999,1.,1.,1.,1.)) REPRESENTATION_ITEM('') );
#1854 = CARTESIAN_POINT('',(-22.98734430555,-16.96679114558,8.5));
#1855 = CARTESIAN_POINT('',(-22.98734430555,-16.96679114558,
    8.705761531636));
#1856 = CARTESIAN_POINT('',(-22.99717260211,-16.95546506857,
    8.911435983696));
#1857 = CARTESIAN_POINT('',(-23.01677410601,-16.9328892687,
    9.116182993109));
#1858 = CARTESIAN_POINT('',(-23.04612534532,-16.89898763182,
    9.319211221294));
#1859 = CARTESIAN_POINT('',(-23.08515784592,-16.85364049079,
    9.519692095952));
#1860 = CARTESIAN_POINT('',(-23.13372154898,-16.79673645288,
    9.716718914587));
#1861 = CARTESIAN_POINT('',(-23.19158826546,-16.72816713935,
    9.909311309756));
#1862 = CARTESIAN_POINT('',(-23.25849516767,-16.64776483708,
    10.096465076077));
#1863 = CARTESIAN_POINT('',(-23.33422831777,-16.5551830624,
    10.277247358942));
#1864 = CARTESIAN_POINT('',(-23.4956118138,-16.35380573744,
    10.608901001932));
#1865 = CARTESIAN_POINT('',(-23.57976336205,-16.24725535655,
    10.761068364274));
#1866 = CARTESIAN_POINT('',(-23.67114401952,-16.12950316737,
    10.906431128021));
#1867 = CARTESIAN_POINT('',(-23.7693000714,-16.00048902649,
    11.043637354847));
#1868 = CARTESIAN_POINT('',(-23.87362349612,-15.86028262359,
    11.171193224635));
#1869 = CARTESIAN_POINT('',(-23.98348780624,-15.70888767334,
    11.287582906628));
#1870 = CARTESIAN_POINT('',(-24.0982771807,-15.54622604941,
    11.391306409257));
#1871 = CARTESIAN_POINT('',(-24.21730888836,-15.37230186078,
    11.48083540857));
#1872 = CARTESIAN_POINT('',(-24.33964900283,-15.18754547026,
    11.554487055343));
#1873 = CARTESIAN_POINT('',(-24.57485012217,-14.81968642631,
    11.660045563334));
#1874 = CARTESIAN_POINT('',(-24.68738969477,-14.63837907592,
    11.695560919448));
#1875 = CARTESIAN_POINT('',(-24.79941240545,-14.45203883196,
    11.715231233963));
#1876 = CARTESIAN_POINT('',(-24.90946089928,-14.26265499943,
    11.718259274376));
#1877 = CARTESIAN_POINT('',(-25.0163886514,-14.07205594144,
    11.704463875771));
#1878 = CARTESIAN_POINT('',(-25.11919803166,-13.88218605648,
    11.674189213881));
#1879 = CARTESIAN_POINT('',(-25.21697597013,-13.69518655206,
    11.628240646314));
#1880 = CARTESIAN_POINT('',(-25.30892722332,-13.51328001471,
    11.567847121933));
#1881 = CARTESIAN_POINT('',(-25.39450524125,-13.33845877631,
    11.494650158392));
#1882 = CARTESIAN_POINT('',(-25.68270302702,-12.732160447,
    11.188988418406));
#1883 = CARTESIAN_POINT('',(-25.84641570143,-12.35092624209,
    10.892115480724));
#1884 = CARTESIAN_POINT('',(-25.97503072769,-12.02571538349,
    10.540656567145));
#1885 = CARTESIAN_POINT('',(-26.06988030255,-11.76522358627,
    10.148855647842));
#1886 = CARTESIAN_POINT('',(-26.13728070401,-11.57290285764,
    9.729120223107));
#1887 = CARTESIAN_POINT('',(-26.18172889733,-11.44088444979,
    9.303605315826));
#1888 = CARTESIAN_POINT('',(-26.20427833389,-11.37383296155,
    8.851269236665));
#1889 = CARTESIAN_POINT('',(-26.20473519962,-11.37359249145,
    8.406021047248));
#1890 = CARTESIAN_POINT('',(-26.18327513956,-11.43765460073,
    7.964667313915));
#1891 = CARTESIAN_POINT('',(-26.11620507769,-11.62665191305,
    7.338422205601));
#1892 = CARTESIAN_POINT('',(-26.08932926931,-11.70151848876,
    7.141367644743));
#1893 = CARTESIAN_POINT('',(-26.0570711319,-11.79027472572,6.94863076142
    ));
#1894 = CARTESIAN_POINT('',(-26.01899386994,-11.89317173054,
    6.761057277112));
#1895 = CARTESIAN_POINT('',(-25.9746048092,-12.01041011014,
    6.579633226074));
#1896 = CARTESIAN_POINT('',(-25.92355341355,-12.14175944639,
    6.405602064076));
#1897 = CARTESIAN_POINT('',(-25.86561505505,-12.28659743602,
    6.240427807461));
#1898 = CARTESIAN_POINT('',(-25.80046053716,-12.44436869562,
    6.085604202508));
#1899 = CARTESIAN_POINT('',(-25.7272113711,-12.61546323204,5.94230992512
    ));
#1900 = CARTESIAN_POINT('',(-25.53736204678,-13.04110545728,
    5.643304126544));
#1901 = CARTESIAN_POINT('',(-25.41450178241,-13.30566667778,
    5.495294568084));
#1902 = CARTESIAN_POINT('',(-25.27453337553,-13.59302120544,
    5.375431315925));
#1903 = CARTESIAN_POINT('',(-25.11865795638,-13.89594602423,
    5.291979672612));
#1904 = CARTESIAN_POINT('',(-24.94945799275,-14.2058182575,
    5.250676762597));
#1905 = CARTESIAN_POINT('',(-24.77071372857,-14.5140371571,
    5.253923070637));
#1906 = CARTESIAN_POINT('',(-24.58728872243,-14.81266126213,
    5.300888491715));
#1907 = CARTESIAN_POINT('',(-24.40485071747,-15.09470002977,
    5.388012565523));
#1908 = CARTESIAN_POINT('',(-24.22919407453,-15.35449924003,
    5.509378568511));
#1909 = CARTESIAN_POINT('',(-23.86215617134,-15.87771579039,
    5.837980770858));
#1910 = CARTESIAN_POINT('',(-23.67679558393,-16.12755185548,
    6.058453410374));
#1911 = CARTESIAN_POINT('',(-23.51002860405,-16.34218065796,
    6.309845958011));
#1912 = CARTESIAN_POINT('',(-23.36367881312,-16.52364858751,
    6.585749031133));
#1913 = CARTESIAN_POINT('',(-23.23959281574,-16.67305493976,
    6.880857166525));
#1914 = CARTESIAN_POINT('',(-23.13923969523,-16.7912237617,
    7.190597202736));
#1915 = CARTESIAN_POINT('',(-23.06353011664,-16.87902804013,
    7.510884839824));
#1916 = CARTESIAN_POINT('',(-23.01285507739,-16.93736623328,
    7.838009376438));
#1917 = CARTESIAN_POINT('',(-22.98734430555,-16.96679114558,
    8.168646624294));
#1918 = CARTESIAN_POINT('',(-22.98734430555,-16.96679114558,8.5));
#1919 = ORIENTED_EDGE('',*,*,#1844,.F.);
#1920 = ORIENTED_EDGE('',*,*,#858,.T.);
#1921 = CYLINDRICAL_SURFACE('',#1922,3.2);
#1922 = AXIS2_PLACEMENT_3D('',#1923,#1924,#1925);
#1923 = CARTESIAN_POINT('',(-20.78460969082,-12.,8.5));
#1924 = DIRECTION('',(-0.866025403784,-0.5,0.));
#1925 = DIRECTION('',(0.5,-0.866025403784,0.));
#1926 = ADVANCED_FACE('',(#1927),#1939,.T.);
#1927 = FACE_BOUND('',#1928,.T.);
#1928 = EDGE_LOOP('',(#1929,#1936,#1937,#1938));
#1929 = ORIENTED_EDGE('',*,*,#1930,.F.);
#1930 = EDGE_CURVE('',#930,#1351,#1931,.T.);
#1931 = CIRCLE('',#1932,1.);
#1932 = AXIS2_PLACEMENT_3D('',#1933,#1934,#1935);
#1933 = CARTESIAN_POINT('',(-16.51459184327,23.4725,1.));
#1934 = DIRECTION('',(-0.817857142857,-0.575421318581,-0.));
#1935 = DIRECTION('',(-0.575421318581,0.817857142857,0.));
#1936 = ORIENTED_EDGE('',*,*,#939,.T.);
#1937 = ORIENTED_EDGE('',*,*,#1541,.T.);
#1938 = ORIENTED_EDGE('',*,*,#1350,.F.);
#1939 = SURFACE_OF_REVOLUTION('',#1940,#1951);
#1940 = B_SPLINE_CURVE_WITH_KNOTS('',5,(#1941,#1942,#1943,#1944,#1945,
    #1946,#1947,#1948,#1949,#1950),.UNSPECIFIED.,.F.,.F.,(6,4,6),(0.,
    0.785398163397,1.570796326795),.UNSPECIFIED.);
#1941 = CARTESIAN_POINT('',(-17.09001316185,24.290357142857,1.));
#1942 = CARTESIAN_POINT('',(-17.09001316185,24.290357142857,
    0.842920367321));
#1943 = CARTESIAN_POINT('',(-17.0722697043,24.265138032912,
    0.685838246018));
#1944 = CARTESIAN_POINT('',(-17.03675713103,24.214663344592,
    0.536843182317));
#1945 = CARTESIAN_POINT('',(-16.98538939864,24.141653420402,
    0.403965292267));
#1946 = CARTESIAN_POINT('',(-16.85756292072,23.95997124311,
    0.181821145359));
#1947 = CARTESIAN_POINT('',(-16.78110215001,23.851296111605,
    9.255136905742E-02));
#1948 = CARTESIAN_POINT('',(-16.695367214,23.729439434506,
    3.08355929458E-02));
#1949 = CARTESIAN_POINT('',(-16.60497881263,23.600968699584,
    -6.586410372696E-17));
#1950 = CARTESIAN_POINT('',(-16.51459184327,23.4725,1.387778780781E-17)
  );
#1951 = AXIS1_PLACEMENT('',#1952,#1953);
#1952 = CARTESIAN_POINT('',(-16.11179692026,22.9,1.));
#1953 = DIRECTION('',(-0.,-0.,-1.));
#1954 = ADVANCED_FACE('',(#1955),#1973,.T.);
#1955 = FACE_BOUND('',#1956,.T.);
#1956 = EDGE_LOOP('',(#1957,#1964,#1965,#1972));
#1957 = ORIENTED_EDGE('',*,*,#1958,.F.);
#1958 = EDGE_CURVE('',#955,#1371,#1959,.T.);
#1959 = CIRCLE('',#1960,1.);
#1960 = AXIS2_PLACEMENT_3D('',#1961,#1962,#1963);
#1961 = CARTESIAN_POINT('',(16.514591843276,23.4725,1.));
#1962 = DIRECTION('',(-0.817857142857,0.575421318581,0.));
#1963 = DIRECTION('',(0.575421318581,0.817857142857,0.));
#1964 = ORIENTED_EDGE('',*,*,#964,.T.);
#1965 = ORIENTED_EDGE('',*,*,#1966,.T.);
#1966 = EDGE_CURVE('',#965,#1362,#1967,.T.);
#1967 = CIRCLE('',#1968,1.);
#1968 = AXIS2_PLACEMENT_3D('',#1969,#1970,#1971);
#1969 = CARTESIAN_POINT('',(28.7,-1.434E-14,1.));
#1970 = DIRECTION('',(5.E-16,1.,0.));
#1971 = DIRECTION('',(1.,-5.E-16,0.));
#1972 = ORIENTED_EDGE('',*,*,#1370,.F.);
#1973 = TOROIDAL_SURFACE('',#1974,28.7,1.);
#1974 = AXIS2_PLACEMENT_3D('',#1975,#1976,#1977);
#1975 = CARTESIAN_POINT('',(0.,0.,1.));
#1976 = DIRECTION('',(-0.,-0.,-1.));
#1977 = DIRECTION('',(0.575421318581,0.817857142857,0.));
#1978 = ADVANCED_FACE('',(#1979),#1991,.T.);
#1979 = FACE_BOUND('',#1980,.T.);
#1980 = EDGE_LOOP('',(#1981,#1982,#1983,#1990));
#1981 = ORIENTED_EDGE('',*,*,#1270,.F.);
#1982 = ORIENTED_EDGE('',*,*,#1006,.T.);
#1983 = ORIENTED_EDGE('',*,*,#1984,.T.);
#1984 = EDGE_CURVE('',#957,#1412,#1985,.T.);
#1985 = CIRCLE('',#1986,1.);
#1986 = AXIS2_PLACEMENT_3D('',#1987,#1988,#1989);
#1987 = CARTESIAN_POINT('',(16.514591843276,23.4725,14.86066017178));
#1988 = DIRECTION('',(0.817857142857,-0.575421318581,0.));
#1989 = DIRECTION('',(0.575421318581,0.817857142857,0.));
#1990 = ORIENTED_EDGE('',*,*,#1411,.F.);
#1991 = TOROIDAL_SURFACE('',#1992,28.7,1.);
#1992 = AXIS2_PLACEMENT_3D('',#1993,#1994,#1995);
#1993 = CARTESIAN_POINT('',(0.,0.,14.86066017178));
#1994 = DIRECTION('',(0.,0.,1.));
#1995 = DIRECTION('',(0.948065222318,0.318075988138,0.));
#1996 = ADVANCED_FACE('',(#1997),#2003,.T.);
#1997 = FACE_BOUND('',#1998,.T.);
#1998 = EDGE_LOOP('',(#1999,#2000,#2001,#2002));
#1999 = ORIENTED_EDGE('',*,*,#1966,.F.);
#2000 = ORIENTED_EDGE('',*,*,#973,.T.);
#2001 = ORIENTED_EDGE('',*,*,#1930,.T.);
#2002 = ORIENTED_EDGE('',*,*,#1361,.F.);
#2003 = TOROIDAL_SURFACE('',#2004,28.7,1.);
#2004 = AXIS2_PLACEMENT_3D('',#2005,#2006,#2007);
#2005 = CARTESIAN_POINT('',(0.,0.,1.));
#2006 = DIRECTION('',(-0.,-0.,-1.));
#2007 = DIRECTION('',(1.,-2.4E-16,0.));
#2008 = ADVANCED_FACE('',(#2009),#2020,.F.);
#2009 = FACE_BOUND('',#2010,.F.);
#2010 = EDGE_LOOP('',(#2011,#2017,#2018,#2019));
#2011 = ORIENTED_EDGE('',*,*,#2012,.T.);
#2012 = EDGE_CURVE('',#1016,#1680,#2013,.T.);
#2013 = ( BOUNDED_CURVE() B_SPLINE_CURVE(2,(#2014,#2015,#2016),
.UNSPECIFIED.,.F.,.F.) B_SPLINE_CURVE_WITH_KNOTS((3,3),(0.,
20.120858319332),.PIECEWISE_BEZIER_KNOTS.) CURVE() 
GEOMETRIC_REPRESENTATION_ITEM() RATIONAL_B_SPLINE_CURVE((1.,
0.653321718828,1.)) REPRESENTATION_ITEM('') );
#2014 = CARTESIAN_POINT('',(27.617216929444,-10.92608480069,8.5));
#2015 = CARTESIAN_POINT('',(27.190909379253,-12.0036371268,8.5));
#2016 = CARTESIAN_POINT('',(26.187344305557,-11.42422856136,8.5));
#2017 = ORIENTED_EDGE('',*,*,#1687,.T.);
#2018 = ORIENTED_EDGE('',*,*,#2012,.F.);
#2019 = ORIENTED_EDGE('',*,*,#1015,.F.);
#2020 = ( BOUNDED_SURFACE() B_SPLINE_SURFACE(2,9,(
    (#2021,#2022,#2023,#2024,#2025,#2026,#2027,#2028,#2029,#2030,#2031
      ,#2032,#2033,#2034,#2035,#2036,#2037,#2038,#2039,#2040,#2041,#2042
      ,#2043,#2044,#2045,#2046,#2047,#2048,#2049,#2050,#2051,#2052,#2053
      ,#2054,#2055,#2056,#2057,#2058,#2059,#2060,#2061,#2062,#2063,#2064
      ,#2065,#2066,#2067,#2068,#2069,#2070,#2071,#2072,#2073,#2074,#2075
      ,#2076,#2077,#2078)
    ,(#2079,#2080,#2081,#2082,#2083,#2084,#2085,#2086,#2087,#2088,#2089
      ,#2090,#2091,#2092,#2093,#2094,#2095,#2096,#2097,#2098,#2099,#2100
      ,#2101,#2102,#2103,#2104,#2105,#2106,#2107,#2108,#2109,#2110,#2111
      ,#2112,#2113,#2114,#2115,#2116,#2117,#2118,#2119,#2120,#2121,#2122
      ,#2123,#2124,#2125,#2126,#2127,#2128,#2129,#2130,#2131,#2132,#2133
      ,#2134,#2135,#2136)
    ,(#2137,#2138,#2139,#2140,#2141,#2142,#2143,#2144,#2145,#2146,#2147
      ,#2148,#2149,#2150,#2151,#2152,#2153,#2154,#2155,#2156,#2157,#2158
      ,#2159,#2160,#2161,#2162,#2163,#2164,#2165,#2166,#2167,#2168,#2169
      ,#2170,#2171,#2172,#2173,#2174,#2175,#2176,#2177,#2178,#2179,#2180
      ,#2181,#2182,#2183,#2184,#2185,#2186,#2187,#2188,#2189,#2190,#2191
      ,#2192,#2193,#2194
)),.UNSPECIFIED.,.F.,.T.,.F.) B_SPLINE_SURFACE_WITH_KNOTS((3,3),(10,8,8,
    8,8,8,8,10),(0.,20.120858319332),(4.3E-16,2.471124497652,
    4.664194837271,6.408148028363,11.193248856259,13.512043391384,
    16.469751191212,20.120858319332),.UNSPECIFIED.) 
GEOMETRIC_REPRESENTATION_ITEM() RATIONAL_B_SPLINE_SURFACE((
    (1.,1.,1.,1.,1.,1.,1.,1.,1.,1.,1.,1.,1.,1.,1.,1.,1.,1.,1.,1.,1.,1.
      ,1.,1.,1.,1.,1.,1.,1.,1.,1.,1.,1.,1.,1.,1.,1.,1.,1.,1.,1.,1.,1.,1.
      ,1.,1.,1.,1.,1.,1.,1.,1.,1.,1.,1.,1.,1.,1.)
    ,(0.653321718828,0.653321718828,0.654052030275,0.655513242204
      ,0.657676894258,0.660488289098,0.663868675837,0.667716804502
      ,0.671909851521,0.68020317756,0.684291764632,0.688443582112
      ,0.69251546669,0.696349180204,0.699777450225,0.702633858137
      ,0.704766574679,0.707081262566,0.707562743919,0.707451324955
      ,0.706738074874,0.705450151931,0.703645914315,0.701409184125
      ,0.698842664476,0.688426766303,0.679054058813,0.669568451939
      ,0.661147946263,0.655132284198,0.65154604781,0.651151783904
      ,0.653552803692,0.660609039349,0.663461218514,0.666810987841
      ,0.670577160658,0.674658805544,0.67894108581,0.683296847703
      ,0.687583957333,0.696809959774,0.701731934401,0.705783951459
      ,0.708379032998,0.709123008295,0.707918446535,0.704994801586
      ,0.700846474706,0.690152512859,0.683213186021,0.675985723435
      ,0.669097341937,0.663058327035,0.658259487744,0.654968011448
      ,0.653321718828,0.653321718828)
    ,(1.,1.,1.,1.,1.,1.,1.,1.,1.,1.,1.,1.,1.,1.,1.,1.,1.,1.,1.,1.,1.,1.
      ,1.,1.,1.,1.,1.,1.,1.,1.,1.,1.,1.,1.,1.,1.,1.,1.,1.,1.,1.,1.,1.,1.
,1.,1.,1.,1.,1.,1.,1.,1.,1.,1.,1.,1.,1.,1.
))) REPRESENTATION_ITEM('') SURFACE() );
#2021 = CARTESIAN_POINT('',(27.617216929444,-10.92608480069,8.5));
#2022 = CARTESIAN_POINT('',(27.617216929444,-10.92608480069,
    8.821728522047));
#2023 = CARTESIAN_POINT('',(27.606558231632,-10.95302413106,
    9.143192190687));
#2024 = CARTESIAN_POINT('',(27.585243842952,-11.0069033372,
    9.462706180533));
#2025 = CARTESIAN_POINT('',(27.553144579036,-11.08764379839,
    9.778235382529));
#2026 = CARTESIAN_POINT('',(27.509997799012,-11.19511854134,
    10.087674224986));
#2027 = CARTESIAN_POINT('',(27.455392116563,-11.32919487843,
    10.388966125111));
#2028 = CARTESIAN_POINT('',(27.388738087253,-11.48978887085,
    10.680062571072));
#2029 = CARTESIAN_POINT('',(27.309224872102,-11.67693161647,
    10.958721834552));
#2030 = CARTESIAN_POINT('',(27.132817348525,-12.08069302935,
    11.455931813914));
#2031 = CARTESIAN_POINT('',(27.038219637315,-12.29314095608,
    11.679553190195));
#2032 = CARTESIAN_POINT('',(26.93155884972,-12.52744920645,
    11.889138506416));
#2033 = CARTESIAN_POINT('',(26.812353712842,-12.78276590356,
    12.08121084522));
#2034 = CARTESIAN_POINT('',(26.680212488144,-13.05785517712,
    12.252374666397));
#2035 = CARTESIAN_POINT('',(26.534959582737,-13.35094590703,
    12.399147128946));
#2036 = CARTESIAN_POINT('',(26.376728858764,-13.65970326351,
    12.517935376955));
#2037 = CARTESIAN_POINT('',(26.206023640883,-13.98132304348,
    12.605159789318));
#2038 = CARTESIAN_POINT('',(25.878792225393,-14.5763021431,
    12.699163136918));
#2039 = CARTESIAN_POINT('',(25.72816170974,-14.84307771154,
    12.718285076463));
#2040 = CARTESIAN_POINT('',(25.573457403532,-15.10967653537,
    12.713708635004));
#2041 = CARTESIAN_POINT('',(25.41654607122,-15.37274917862,
    12.685314771832));
#2042 = CARTESIAN_POINT('',(25.259381806571,-15.62925571571,
    12.633781833131));
#2043 = CARTESIAN_POINT('',(25.103898885075,-15.87659134148,
    12.560432751735));
#2044 = CARTESIAN_POINT('',(24.951971375231,-16.11257761847,
    12.467193395892));
#2045 = CARTESIAN_POINT('',(24.80543950873,-16.33531936126,
    12.356662067071));
#2046 = CARTESIAN_POINT('',(24.284161796065,-17.11256643838,
    11.89103547222));
#2047 = CARTESIAN_POINT('',(23.950903334561,-17.57746512787,
    11.439948111125));
#2048 = CARTESIAN_POINT('',(23.674197283417,-17.94443020956,
    10.917910542229));
#2049 = CARTESIAN_POINT('',(23.458064615807,-18.22044452188,
    10.33447942188));
#2050 = CARTESIAN_POINT('',(23.313583652439,-18.40115396807,
    9.735867954303));
#2051 = CARTESIAN_POINT('',(23.229106632816,-18.50599699465,
    9.103007298677));
#2052 = CARTESIAN_POINT('',(23.218219485963,-18.52021119782,
    8.468074584075));
#2053 = CARTESIAN_POINT('',(23.274071331103,-18.45120571515,
    7.841421802981));
#2054 = CARTESIAN_POINT('',(23.455565982095,-18.21910189502,
    6.945998569491));
#2055 = CARTESIAN_POINT('',(23.530310337854,-18.12294543535,
    6.659328129107));
#2056 = CARTESIAN_POINT('',(23.620492519633,-18.00596299127,
    6.379618125967));
#2057 = CARTESIAN_POINT('',(23.725740743103,-17.86790621282,
    6.108970800759));
#2058 = CARTESIAN_POINT('',(23.845554015611,-17.70851814527,
    5.849635079774));
#2059 = CARTESIAN_POINT('',(23.979432859263,-17.52736627095,
    5.60374530101));
#2060 = CARTESIAN_POINT('',(24.126962733925,-17.32369977391,
    5.373399960326));
#2061 = CARTESIAN_POINT('',(24.287850160145,-17.09633102763,
    5.161080477635));
#2062 = CARTESIAN_POINT('',(24.68393324291,-16.52109870813,
    4.727202747565));
#2063 = CARTESIAN_POINT('',(24.933238157945,-16.1487541091,
    4.512894416828));
#2064 = CARTESIAN_POINT('',(25.200446529292,-15.73527652894,
    4.349327771117));
#2065 = CARTESIAN_POINT('',(25.476028997325,-15.28975659202,
    4.24981240304));
#2066 = CARTESIAN_POINT('',(25.749486296549,-14.82526089826,
    4.221584291814));
#2067 = CARTESIAN_POINT('',(26.010832811663,-14.35778553474,
    4.266522230325));
#2068 = CARTESIAN_POINT('',(26.252550050884,-13.90335065514,4.3807519687
    ));
#2069 = CARTESIAN_POINT('',(26.470176093674,-13.47607805408,
    4.553768937858));
#2070 = CARTESIAN_POINT('',(26.893648979543,-12.6136198361,
    5.031807924347));
#2071 = CARTESIAN_POINT('',(27.08758879774,-12.1944279949,5.361135940687
    ));
#2072 = CARTESIAN_POINT('',(27.246288961875,-11.83357196164,
    5.738859454946));
#2073 = CARTESIAN_POINT('',(27.373584949452,-11.53187378256,
    6.153410835776));
#2074 = CARTESIAN_POINT('',(27.472474357956,-11.28993569191,
    6.595962508568));
#2075 = CARTESIAN_POINT('',(27.545181176433,-11.10816730581,
    7.058804483466));
#2076 = CARTESIAN_POINT('',(27.593185248879,-10.98682804704,
    7.534626734018));
#2077 = CARTESIAN_POINT('',(27.617216929444,-10.92608480069,
    8.016706426519));
#2078 = CARTESIAN_POINT('',(27.617216929444,-10.92608480069,8.5));
#2079 = CARTESIAN_POINT('',(27.190909379253,-12.0036371268,8.5));
#2080 = CARTESIAN_POINT('',(27.190909379253,-12.0036371268,
    8.735828422774));
#2081 = CARTESIAN_POINT('',(27.182645143692,-12.02144931145,
    8.970989794039));
#2082 = CARTESIAN_POINT('',(27.166274972676,-12.05671947469,
    9.204781391371));
#2083 = CARTESIAN_POINT('',(27.141612754192,-12.10976892651,
    9.436734230377));
#2084 = CARTESIAN_POINT('',(27.108339911185,-12.18110417483,
    9.666137214722));
#2085 = CARTESIAN_POINT('',(27.06608675447,-12.27120134143,
    9.891812511133));
#2086 = CARTESIAN_POINT('',(27.014384154829,-12.38056373821,
    10.112141013981));
#2087 = CARTESIAN_POINT('',(26.952489445859,-12.51004415299,
    10.325328900679));
#2088 = CARTESIAN_POINT('',(26.814747184626,-12.79412458167,
    10.709241610359));
#2089 = CARTESIAN_POINT('',(26.741610682987,-12.94348350287,
    10.881905816074));
#2090 = CARTESIAN_POINT('',(26.658710167783,-13.11078266643,
    11.04595389856));
#2091 = CARTESIAN_POINT('',(26.565830397715,-13.29563939447,
    11.198415033831));
#2092 = CARTESIAN_POINT('',(26.462872536353,-13.49719381391,
    11.33583990995));
#2093 = CARTESIAN_POINT('',(26.349650642965,-13.71456148203,
    11.454673632497));
#2094 = CARTESIAN_POINT('',(26.226113149805,-13.94656459262,
    11.551450524766));
#2095 = CARTESIAN_POINT('',(26.09298375971,-14.1907504337,
    11.622818109558));
#2096 = CARTESIAN_POINT('',(25.841743028917,-14.64057787306,
    11.699154349541));
#2097 = CARTESIAN_POINT('',(25.72592982668,-14.84430677154,
    11.714936662357));
#2098 = CARTESIAN_POINT('',(25.607796675964,-15.04823144849,
    11.711300393179));
#2099 = CARTESIAN_POINT('',(25.488939645125,-15.24948464052,
    11.6879725781));
#2100 = CARTESIAN_POINT('',(25.370796576403,-15.44580719617,
    11.645632308225));
#2101 = CARTESIAN_POINT('',(25.254963156785,-15.63493985456,
    11.58571260927));
#2102 = CARTESIAN_POINT('',(25.143172576092,-15.81457013659,
    11.510219541811));
#2103 = CARTESIAN_POINT('',(25.036931119412,-15.9828439422,11.4215586552
    ));
#2104 = CARTESIAN_POINT('',(24.657889737233,-16.57568772982,
    11.046053127308));
#2105 = CARTESIAN_POINT('',(24.424768843886,-16.92415661472,
    10.685084566871));
#2106 = CARTESIAN_POINT('',(24.236915740756,-17.1963922763,
    10.273363858362));
#2107 = CARTESIAN_POINT('',(24.105644577888,-17.38325378225,
    9.83275157265));
#2108 = CARTESIAN_POINT('',(24.015353668287,-17.51188484058,
    9.396356176224));
#2109 = CARTESIAN_POINT('',(23.966238915389,-17.58099317009,
    8.936965163776));
#2110 = CARTESIAN_POINT('',(23.958115085667,-17.59272068069,
    8.48085311631));
#2111 = CARTESIAN_POINT('',(23.991698665749,-17.54542243219,
    8.022022551123));
#2112 = CARTESIAN_POINT('',(24.107673721012,-17.37942620615,
    7.35569641527));
#2113 = CARTESIAN_POINT('',(24.155486512634,-17.31079805782,
    7.142725717227));
#2114 = CARTESIAN_POINT('',(24.213312098413,-17.22749933875,
    6.933562437874));
#2115 = CARTESIAN_POINT('',(24.2818066388,-17.12830943596,6.728965898514
    ));
#2116 = CARTESIAN_POINT('',(24.361449556954,-17.01215225863,
    6.530243607737));
#2117 = CARTESIAN_POINT('',(24.452150899662,-16.8786507894,
    6.339456679575));
#2118 = CARTESIAN_POINT('',(24.553496363586,-16.72773494234,
    6.159198357712));
#2119 = CARTESIAN_POINT('',(24.665603437915,-16.5583411602,5.99196034571
    ));
#2120 = CARTESIAN_POINT('',(24.947849575356,-16.12444303859,
    5.646707007559));
#2121 = CARTESIAN_POINT('',(25.125778936474,-15.84579966997,
    5.476848372105));
#2122 = CARTESIAN_POINT('',(25.322355962188,-15.53126561087,
    5.342369846236));
#2123 = CARTESIAN_POINT('',(25.530597799661,-15.18799295879,
    5.258401239269));
#2124 = CARTESIAN_POINT('',(25.740832336541,-14.82886618665,5.2348161573
    ));
#2125 = CARTESIAN_POINT('',(25.943367167524,-14.4697702974,
    5.273398714731));
#2126 = CARTESIAN_POINT('',(26.130718069492,-14.12607511141,
    5.368111474711));
#2127 = CARTESIAN_POINT('',(26.29870301401,-13.80945601584,
    5.507354941668));
#2128 = CARTESIAN_POINT('',(26.629701494207,-13.17105200621,
    5.891106532559));
#2129 = CARTESIAN_POINT('',(26.781841798316,-12.86629323312,
    6.154430041072));
#2130 = CARTESIAN_POINT('',(26.905680588631,-12.61098546966,
    6.451758091652));
#2131 = CARTESIAN_POINT('',(27.004253959813,-12.40357975166,
    6.771238731688));
#2132 = CARTESIAN_POINT('',(27.080171202291,-12.24175926639,
    7.104571922801));
#2133 = CARTESIAN_POINT('',(27.13563701678,-12.12270602316,
    7.446496263839));
#2134 = CARTESIAN_POINT('',(27.172294961585,-12.04378489402,
    7.794080262202));
#2135 = CARTESIAN_POINT('',(27.190909379253,-12.0036371268,8.14574427765
    ));
#2136 = CARTESIAN_POINT('',(27.190909379253,-12.0036371268,8.5));
#2137 = CARTESIAN_POINT('',(26.187344305557,-11.42422856136,8.5));
#2138 = CARTESIAN_POINT('',(26.187344305557,-11.42422856136,
    8.745090620988));
#2139 = CARTESIAN_POINT('',(26.180303011043,-11.4446108658,
    8.990030438772));
#2140 = CARTESIAN_POINT('',(26.166323940162,-11.48515097594,
    9.233338946843));
#2141 = CARTESIAN_POINT('',(26.145196417382,-11.54597160427,
    9.473677623237));
#2142 = CARTESIAN_POINT('',(26.116613125032,-11.62708073291,
    9.709560979297));
#2143 = CARTESIAN_POINT('',(26.080245791149,-11.72821066387,
    9.939261914004));
#2144 = CARTESIAN_POINT('',(26.035679013631,-11.8489580609,
    10.160911373867));
#2145 = CARTESIAN_POINT('',(25.982202220712,-11.9892249832,
    10.372792318377));
#2146 = CARTESIAN_POINT('',(25.86188969887,-12.29261062172,
    10.752242867048));
#2147 = CARTESIAN_POINT('',(25.797299708673,-12.45138498672,
    10.922259962318));
#2148 = CARTESIAN_POINT('',(25.723628312508,-12.6268932501,
    11.081875978104));
#2149 = CARTESIAN_POINT('',(25.640631827821,-12.81791304762,
    11.228373130942));
#2150 = CARTESIAN_POINT('',(25.548097166718,-13.02290823388,
    11.35887587338));
#2151 = CARTESIAN_POINT('',(25.445545932948,-13.24068682111,
    11.470652150519));
#2152 = CARTESIAN_POINT('',(25.332429823289,-13.4701990291,
    11.561159192345));
#2153 = CARTESIAN_POINT('',(25.208817333339,-13.70947544644,
    11.62783384186));
#2154 = CARTESIAN_POINT('',(24.971408667354,-14.1479195197,
    11.699271700799));
#2155 = CARTESIAN_POINT('',(24.860664866391,-14.34545474396,
    11.713947164368));
#2156 = CARTESIAN_POINT('',(24.746559899668,-14.54179173946,
    11.710517233502));
#2157 = CARTESIAN_POINT('',(24.630340205933,-14.7346451766,
    11.688831655159));
#2158 = CARTESIAN_POINT('',(24.513121598858,-14.92243721003,
    11.649465981829));
#2159 = CARTESIAN_POINT('',(24.396323988109,-15.10346085473,
    11.593532852563));
#2160 = CARTESIAN_POINT('',(24.281698350502,-15.27573316093,
    11.522565072663));
#2161 = CARTESIAN_POINT('',(24.170945951212,-15.43753818777,
    11.438470492023));
#2162 = CARTESIAN_POINT('',(23.774040183675,-16.0033108334,
    11.083137368994));
#2163 = CARTESIAN_POINT('',(23.519157079089,-16.33656110766,
    10.740783940364));
#2164 = CARTESIAN_POINT('',(23.300813317949,-16.60544140569,
    10.341058958489));
#2165 = CARTESIAN_POINT('',(23.136158677283,-16.79663364537,
    9.897092769812));
#2166 = CARTESIAN_POINT('',(23.019612591328,-16.93090082206,
    9.443035401171));
#2167 = CARTESIAN_POINT('',(22.955017259423,-17.00306463356,
    8.958295014297));
#2168 = CARTESIAN_POINT('',(22.946017695706,-17.01411771853,
    8.475851193041));
#2169 = CARTESIAN_POINT('',(22.989946346403,-16.96475026278,
    7.998306646022));
#2170 = CARTESIAN_POINT('',(23.13170564585,-16.79854598932,
    7.316156011017));
#2171 = CARTESIAN_POINT('',(23.190169724586,-16.72944184072,
    7.097670553148));
#2172 = CARTESIAN_POINT('',(23.260231540917,-16.64587947625,
    6.884756564986));
#2173 = CARTESIAN_POINT('',(23.341988614584,-16.54695336106,
    6.678591085245));
#2174 = CARTESIAN_POINT('',(23.435256725063,-16.43197176495,
    6.480675366871));
#2175 = CARTESIAN_POINT('',(23.539236997599,-16.30098257546,
    6.292992109785));
#2176 = CARTESIAN_POINT('',(23.652823783036,-16.15431067079,
    6.117777769091));
#2177 = CARTESIAN_POINT('',(23.775553331436,-15.99110685244,
    5.956909938771));
#2178 = CARTESIAN_POINT('',(24.079655907921,-15.57195635052,
    5.624681272461));
#2179 = CARTESIAN_POINT('',(24.267956334983,-15.30297444689,
    5.462947889994));
#2180 = CARTESIAN_POINT('',(24.469687808591,-15.00140719151,
    5.337924213014));
#2181 = CARTESIAN_POINT('',(24.676160201745,-14.67476668461,
    5.261349981096));
#2182 = CARTESIAN_POINT('',(24.87849677479,-14.33314392486,
    5.240003544299));
#2183 = CARTESIAN_POINT('',(25.069459222061,-13.98790606449,
    5.274802357138));
#2184 = CARTESIAN_POINT('',(25.243879523836,-13.65117255487,
    5.361756137721));
#2185 = CARTESIAN_POINT('',(25.398577144509,-13.33466318087,
    5.493038283665));
#2186 = CARTESIAN_POINT('',(25.698132556988,-12.69080493604,
    5.858151839814));
#2187 = CARTESIAN_POINT('',(25.83205110993,-12.37846192725,
    6.108528801805));
#2188 = CARTESIAN_POINT('',(25.940203674745,-12.10807586762,
    6.396124738786));
#2189 = CARTESIAN_POINT('',(26.02609562807,-11.8808078948,6.712165226095
    ));
#2190 = CARTESIAN_POINT('',(26.092075460555,-11.69829266977,
    7.049549107133));
#2191 = CARTESIAN_POINT('',(26.140002273419,-11.56145479481,
    7.402169346178));
#2192 = CARTESIAN_POINT('',(26.17143513618,-11.47023535186,7.76455432489
    ));
#2193 = CARTESIAN_POINT('',(26.187344305557,-11.42422856136,
    8.131829582549));
#2194 = CARTESIAN_POINT('',(26.187344305557,-11.42422856136,8.5));
#2195 = ADVANCED_FACE('',(#2196),#2207,.F.);
#2196 = FACE_BOUND('',#2197,.F.);
#2197 = EDGE_LOOP('',(#2198,#2204,#2205,#2206));
#2198 = ORIENTED_EDGE('',*,*,#2199,.T.);
#2199 = EDGE_CURVE('',#1081,#1759,#2200,.T.);
#2200 = ( BOUNDED_CURVE() B_SPLINE_CURVE(2,(#2201,#2202,#2203),
.UNSPECIFIED.,.F.,.F.) B_SPLINE_CURVE_WITH_KNOTS((3,3),(0.,
20.120858320823),.PIECEWISE_BEZIER_KNOTS.) CURVE() 
GEOMETRIC_REPRESENTATION_ITEM() RATIONAL_B_SPLINE_CURVE((1.,
0.653321718828,1.)) REPRESENTATION_ITEM('') );
#2201 = CARTESIAN_POINT('',(-4.346341463415,-29.38025384307,8.5));
#2202 = CARTESIAN_POINT('',(-3.2,-29.54983683783,8.5));
#2203 = CARTESIAN_POINT('',(-3.2,-28.39101970694,8.5));
#2204 = ORIENTED_EDGE('',*,*,#1766,.T.);
#2205 = ORIENTED_EDGE('',*,*,#2199,.F.);
#2206 = ORIENTED_EDGE('',*,*,#1080,.F.);
#2207 = ( BOUNDED_SURFACE() B_SPLINE_SURFACE(2,10,(
    (#2208,#2209,#2210,#2211,#2212,#2213,#2214,#2215,#2216,#2217,#2218
      ,#2219,#2220,#2221,#2222,#2223,#2224,#2225,#2226,#2227,#2228,#2229
      ,#2230,#2231,#2232,#2233,#2234,#2235,#2236,#2237,#2238,#2239,#2240
      ,#2241,#2242,#2243,#2244,#2245,#2246,#2247,#2248,#2249,#2250,#2251
      ,#2252,#2253,#2254,#2255,#2256,#2257,#2258,#2259,#2260,#2261,#2262
      ,#2263,#2264,#2265,#2266,#2267,#2268,#2269,#2270,#2271,#2272)
    ,(#2273,#2274,#2275,#2276,#2277,#2278,#2279,#2280,#2281,#2282,#2283
      ,#2284,#2285,#2286,#2287,#2288,#2289,#2290,#2291,#2292,#2293,#2294
      ,#2295,#2296,#2297,#2298,#2299,#2300,#2301,#2302,#2303,#2304,#2305
      ,#2306,#2307,#2308,#2309,#2310,#2311,#2312,#2313,#2314,#2315,#2316
      ,#2317,#2318,#2319,#2320,#2321,#2322,#2323,#2324,#2325,#2326,#2327
      ,#2328,#2329,#2330,#2331,#2332,#2333,#2334,#2335,#2336,#2337)
    ,(#2338,#2339,#2340,#2341,#2342,#2343,#2344,#2345,#2346,#2347,#2348
      ,#2349,#2350,#2351,#2352,#2353,#2354,#2355,#2356,#2357,#2358,#2359
      ,#2360,#2361,#2362,#2363,#2364,#2365,#2366,#2367,#2368,#2369,#2370
      ,#2371,#2372,#2373,#2374,#2375,#2376,#2377,#2378,#2379,#2380,#2381
      ,#2382,#2383,#2384,#2385,#2386,#2387,#2388,#2389,#2390,#2391,#2392
      ,#2393,#2394,#2395,#2396,#2397,#2398,#2399,#2400,#2401,#2402
)),.UNSPECIFIED.,.F.,.T.,.F.) B_SPLINE_SURFACE_WITH_KNOTS((3,3),(11,9,9,
    9,9,9,9,11),(0.,20.120858320823),(8.E-16,2.296050453447,
    4.38421424511,6.251345132148,11.183990574494,13.505189779612,
    16.465964837734,20.120858320823),.UNSPECIFIED.) 
GEOMETRIC_REPRESENTATION_ITEM() RATIONAL_B_SPLINE_SURFACE((
    (1.,1.,1.,1.,1.,1.,1.,1.,1.,1.,1.,1.,1.,1.,1.,1.,1.,1.,1.,1.,1.,1.
      ,1.,1.,1.,1.,1.,1.,1.,1.,1.,1.,1.000000000001,1.,1.,1.,1.,1.,1.,1.
      ,1.,1.,1.,1.,1.,1.,1.,1.,1.,1.,1.,1.,1.,1.,1.,1.,1.,1.,1.,1.,1.,1.
      ,1.,1.,1.)
    ,(0.653321718828,0.653321718828,0.653830278223,0.654847479371
      ,0.656360580458,0.658344742853,0.660763674573,0.663570189834
      ,0.66670668472,0.67010552894,0.676948733614,0.680375271605
      ,0.683902159931,0.687453863505,0.690946391923,0.694288474455
      ,0.697383657969,0.700133327805,0.702440651572,0.705802377595
      ,0.706954792952,0.707603612196,0.707706989514,0.707252100861
      ,0.706255223025,0.704760103974,0.702834624451,0.700565750862
      ,0.691413931919,0.682992569636,0.674107562092,0.665642706415
      ,0.658847372958,0.653964911164,0.651423853751,0.651488629611
      ,0.65390077237,0.660378715564,0.662890782682,0.665806057043
      ,0.669070691529,0.6726179831,0.676371717655,0.680247814392
      ,0.68415426965,0.687989400248,0.696292802398,0.700747539502
      ,0.704568346338,0.707341000355,0.708751020645,0.708641183617
      ,0.707041353056,0.704165136185,0.700367877365,0.690743311651
      ,0.684601051354,0.678153962186,0.671852694528,0.66607783449
      ,0.661138791324,0.657272044856,0.654638752921,0.653321718828
      ,0.653321718828)
    ,(1.,1.,1.,1.,1.,1.,1.,1.,1.,1.,1.,1.,1.,1.,1.,1.,1.,1.,1.,1.,1.,1.
      ,1.,1.,1.,1.,1.,1.,1.,1.,1.,1.,1.000000000001,1.,1.,1.,1.,1.,1.,1.
      ,1.,1.,1.,1.,1.,1.,1.,1.,1.,1.,1.,1.,1.,1.,1.,1.,1.,1.,1.,1.,1.,1.
,1.,1.,1.))) REPRESENTATION_ITEM('') SURFACE() );
#2208 = CARTESIAN_POINT('',(-4.346341463415,-29.38025384307,8.5));
#2209 = CARTESIAN_POINT('',(-4.346341463415,-29.38025384307,
    8.229898063792));
#2210 = CARTESIAN_POINT('',(-4.32638553302,-29.3832056984,7.959942005565
    ));
#2211 = CARTESIAN_POINT('',(-4.286479970408,-29.38910954924,
    7.691129132854));
#2212 = CARTESIAN_POINT('',(-4.22662411197,-29.39789774579,
    7.424579894342));
#2213 = CARTESIAN_POINT('',(-4.146804522434,-29.40943833104,
    7.161460116495));
#2214 = CARTESIAN_POINT('',(-4.046984543571,-29.42353737163,
    6.902939701867));
#2215 = CARTESIAN_POINT('',(-3.927089201506,-29.43994013687,
    6.650187789064));
#2216 = CARTESIAN_POINT('',(-3.786985472631,-29.45833112582,
    6.404404374394));
#2217 = CARTESIAN_POINT('',(-3.626457908102,-29.47833294258,
    6.166888395174));
#2218 = CARTESIAN_POINT('',(-3.280314440209,-29.51875824666,
    5.732016511543));
#2219 = CARTESIAN_POINT('',(-3.097571708677,-29.53906192859,
    5.532087590005));
#2220 = CARTESIAN_POINT('',(-2.897017479183,-29.56003223615,
    5.341220125678));
#2221 = CARTESIAN_POINT('',(-2.678745434183,-29.58123077317,
    5.161212761806));
#2222 = CARTESIAN_POINT('',(-2.442962241017,-29.60215966914,
    4.993884358054));
#2223 = CARTESIAN_POINT('',(-2.19004941048,-29.62226586502,
    4.841133735633));
#2224 = CARTESIAN_POINT('',(-1.920601654692,-29.64095359259,
    4.70497297883));
#2225 = CARTESIAN_POINT('',(-1.63544174427,-29.65760504715,
    4.587534292883));
#2226 = CARTESIAN_POINT('',(-1.335611864808,-29.67160925373,
    4.491050418276));
#2227 = CARTESIAN_POINT('',(-0.742230866625,-29.69204688753,
    4.352319457717));
#2228 = CARTESIAN_POINT('',(-0.453073479218,-29.69906813968,
    4.305809702796));
#2229 = CARTESIAN_POINT('',(-0.158012227115,-29.70302918353,
    4.280082779842));
#2230 = CARTESIAN_POINT('',(0.139654134309,-29.70366284449,4.27610636164
    ));
#2231 = CARTESIAN_POINT('',(0.436627317372,-29.7008856016,4.294133735826
    ));
#2232 = CARTESIAN_POINT('',(0.729720382871,-29.69480101346,
    4.333782814212));
#2233 = CARTESIAN_POINT('',(1.015923195294,-29.68568944142,
    4.394072766106));
#2234 = CARTESIAN_POINT('',(1.292422452428,-29.67398407,4.473418275691)
  );
#2235 = CARTESIAN_POINT('',(1.556576289376,-29.66023322459,
    4.569581423386));
#2236 = CARTESIAN_POINT('',(2.464365345733,-29.60493478577,
    4.970182057775));
#2237 = CARTESIAN_POINT('',(3.027089263682,-29.55432195246,
    5.360868975972));
#2238 = CARTESIAN_POINT('',(3.491672249312,-29.50146973889,
    5.821084974509));
#2239 = CARTESIAN_POINT('',(3.867654395324,-29.45168657127,
    6.335134361195));
#2240 = CARTESIAN_POINT('',(4.136657756843,-29.41224783246,
    6.885966406508));
#2241 = CARTESIAN_POINT('',(4.323282090914,-29.38395276704,
    7.447633457436));
#2242 = CARTESIAN_POINT('',(4.416912935304,-29.36929213588,
    8.036849877429));
#2243 = CARTESIAN_POINT('',(4.417776603137,-29.36961481236,
    8.623768003003));
#2244 = CARTESIAN_POINT('',(4.327789706231,-29.38356800532,
    9.202734777664));
#2245 = CARTESIAN_POINT('',(4.05994531287,-29.42132451253,
    10.024773768862));
#2246 = CARTESIAN_POINT('',(3.953905192407,-29.43598877299,
    10.283337782883));
#2247 = CARTESIAN_POINT('',(3.827295367991,-29.45304541603,
    10.536468873079));
#2248 = CARTESIAN_POINT('',(3.680064236843,-29.47219961512,
    10.782770269053));
#2249 = CARTESIAN_POINT('',(3.51221994534,-29.49308096549,
    11.020697059719));
#2250 = CARTESIAN_POINT('',(3.32372095048,-29.51526123448,
    11.248720832074));
#2251 = CARTESIAN_POINT('',(3.114384432515,-29.53826057125,
    11.465358302024));
#2252 = CARTESIAN_POINT('',(2.883812558799,-29.56154217585,
    11.669063937322));
#2253 = CARTESIAN_POINT('',(2.631336598812,-29.58449542765,
    11.857986572545));
#2254 = CARTESIAN_POINT('',(2.004749993957,-29.6343570941,
    12.248476527375));
#2255 = CARTESIAN_POINT('',(1.608034686466,-29.66124828009,
    12.444243918541));
#2256 = CARTESIAN_POINT('',(1.174431826391,-29.68446401124,
    12.601602235021));
#2257 = CARTESIAN_POINT('',(0.712752255362,-29.70140601517,
    12.710381448243));
#2258 = CARTESIAN_POINT('',(0.233806269197,-29.71005315578,
    12.764301652455));
#2259 = CARTESIAN_POINT('',(-0.249898111065,-29.70937773233,
    12.760440534161));
#2260 = CARTESIAN_POINT('',(-0.725532622222,-29.69956950486,
    12.699208848447));
#2261 = CARTESIAN_POINT('',(-1.181388550153,-29.68201726178,
    12.584644636065));
#2262 = CARTESIAN_POINT('',(-1.607365383315,-29.65899774549,
    12.424836915513));
#2263 = CARTESIAN_POINT('',(-2.470147840969,-29.60095599637,
    11.994601825453));
#2264 = CARTESIAN_POINT('',(-2.891109834238,-29.56408184559,
    11.704729660783));
#2265 = CARTESIAN_POINT('',(-3.257412373385,-29.52566127337,
    11.374457597815));
#2266 = CARTESIAN_POINT('',(-3.569926313445,-29.48839986231,
    11.012409715878));
#2267 = CARTESIAN_POINT('',(-3.829381444098,-29.45449269748,
    10.625313327856));
#2268 = CARTESIAN_POINT('',(-4.036373842303,-29.4256612483,
    10.218900701708));
#2269 = CARTESIAN_POINT('',(-4.191360986968,-29.40318123859,
    9.798448841403));
#2270 = CARTESIAN_POINT('',(-4.294644635673,-29.38790150489,
    9.368957327329));
#2271 = CARTESIAN_POINT('',(-4.346341463415,-29.38025384307,
    8.934964216131));
#2272 = CARTESIAN_POINT('',(-4.346341463415,-29.38025384307,8.5));
#2273 = CARTESIAN_POINT('',(-3.2,-29.54983683783,8.5));
#2274 = CARTESIAN_POINT('',(-3.2,-29.54983683783,8.302014456053));
#2275 = CARTESIAN_POINT('',(-3.186397120205,-29.55105316917,
    8.104418024378));
#2276 = CARTESIAN_POINT('',(-3.159352032802,-29.55346876322,
    7.907620993858));
#2277 = CARTESIAN_POINT('',(-3.118748434138,-29.55707792963,
    7.711948537082));
#2278 = CARTESIAN_POINT('',(-3.064331553492,-29.56186924392,
    7.517789347634));
#2279 = CARTESIAN_POINT('',(-2.995785509765,-29.56781313285,
    7.325684738302));
#2280 = CARTESIAN_POINT('',(-2.912749271453,-29.57485422536,
    7.136357981501));
#2281 = CARTESIAN_POINT('',(-2.814772144865,-29.58290840394,6.9506851177
    ));
#2282 = CARTESIAN_POINT('',(-2.701210599842,-29.59186436963,
    6.769609625097));
#2283 = CARTESIAN_POINT('',(-2.453906319355,-29.61034458986,
    6.435912388025));
#2284 = CARTESIAN_POINT('',(-2.323426564543,-29.61969901014,
    6.282346676087));
#2285 = CARTESIAN_POINT('',(-2.178844623067,-29.6295459451,
    6.134270735674));
#2286 = CARTESIAN_POINT('',(-2.019955306257,-29.6397074566,
    5.993112882329));
#2287 = CARTESIAN_POINT('',(-1.846776541424,-29.64994294747,
    5.860581303929));
#2288 = CARTESIAN_POINT('',(-1.659384100396,-29.65995951872,
    5.738538286992));
#2289 = CARTESIAN_POINT('',(-1.457933433762,-29.66942367863,
    5.628933747531));
#2290 = CARTESIAN_POINT('',(-1.242865313735,-29.67797401466,
    5.533797586293));
#2291 = CARTESIAN_POINT('',(-1.015294642236,-29.68523460244,
    5.455289774886));
#2292 = CARTESIAN_POINT('',(-0.566051872162,-29.69580768793,
    5.342873548024));
#2293 = CARTESIAN_POINT('',(-0.345994742453,-29.69949217119,
    5.30488147471));
#2294 = CARTESIAN_POINT('',(-0.120791969304,-29.70159621929,
    5.283695670331));
#2295 = CARTESIAN_POINT('',(0.106657563164,-29.70193814607,
    5.280380155794));
#2296 = CARTESIAN_POINT('',(0.333606393542,-29.70046083167,
    5.295234473986));
#2297 = CARTESIAN_POINT('',(0.557291579538,-29.69723583043,
    5.327845838809));
#2298 = CARTESIAN_POINT('',(0.77493271546,-29.69245196123,5.377156692588
    ));
#2299 = CARTESIAN_POINT('',(0.983903117526,-29.68638783785,5.4415509732)
  );
#2300 = CARTESIAN_POINT('',(1.182084954299,-29.67936712256,
    5.518965361736));
#2301 = CARTESIAN_POINT('',(1.867200920925,-29.65115779929,
    5.842775664831));
#2302 = CARTESIAN_POINT('',(2.284498069968,-29.62586704254,
    6.157186151314));
#2303 = CARTESIAN_POINT('',(2.623259565287,-29.60044180274,
    6.522438003156));
#2304 = CARTESIAN_POINT('',(2.880364124687,-29.57834488642,
    6.918561248146));
#2305 = CARTESIAN_POINT('',(3.061848948373,-29.56261524944,
    7.327759707545));
#2306 = CARTESIAN_POINT('',(3.184868602412,-29.55114997814,
    7.735692767932));
#2307 = CARTESIAN_POINT('',(3.246800094094,-29.54557004965,
    8.163898521153));
#2308 = CARTESIAN_POINT('',(3.248602478132,-29.54544809481,
    8.586401032491));
#2309 = CARTESIAN_POINT('',(3.188881395949,-29.55100055509,
    9.011173512379));
#2310 = CARTESIAN_POINT('',(3.003704846147,-29.56700761855,
    9.622778732659));
#2311 = CARTESIAN_POINT('',(2.930458271617,-29.573250269,9.814826756882)
  );
#2312 = CARTESIAN_POINT('',(2.843004736541,-29.580573242,10.003909567968
    ));
#2313 = CARTESIAN_POINT('',(2.740544759845,-29.5889400281,
    10.189471885591));
#2314 = CARTESIAN_POINT('',(2.622226490978,-29.59827974511,
    10.370696723259));
#2315 = CARTESIAN_POINT('',(2.487600128207,-29.60844782005,
    10.546361064346));
#2316 = CARTESIAN_POINT('',(2.336610126014,-29.61921875047,
    10.714863205385));
#2317 = CARTESIAN_POINT('',(2.169141373015,-29.63030963342,
    10.874416919171));
#2318 = CARTESIAN_POINT('',(1.984136070363,-29.64143301223,
    11.023406567821));
#2319 = CARTESIAN_POINT('',(1.51886402925,-29.66617173392,
    11.334182104964));
#2320 = CARTESIAN_POINT('',(1.225659801582,-29.67952534959,
    11.48937079036));
#2321 = CARTESIAN_POINT('',(0.900049809074,-29.69155992043,
    11.617449009002));
#2322 = CARTESIAN_POINT('',(0.548096897704,-29.70066785581,
    11.708085254078));
#2323 = CARTESIAN_POINT('',(0.17971454289,-29.70539593692,
    11.753397491115));
#2324 = CARTESIAN_POINT('',(-0.192974591264,-29.70499044886,
    11.749766558691));
#2325 = CARTESIAN_POINT('',(-0.557552372279,-29.69962942328,
    11.698269701553));
#2326 = CARTESIAN_POINT('',(-0.903120035632,-29.69034925315,
    11.604171081293));
#2327 = CARTESIAN_POINT('',(-1.221692918869,-29.67863745815,
    11.475721148336));
#2328 = CARTESIAN_POINT('',(-1.868117365261,-29.64934849131,
    11.130404306487));
#2329 = CARTESIAN_POINT('',(-2.179832895864,-29.63105982261,
    10.898661720092));
#2330 = CARTESIAN_POINT('',(-2.445866360625,-29.61266320488,
    10.638105769029));
#2331 = CARTESIAN_POINT('',(-2.668186432474,-29.59553925996,
    10.357339662603));
#2332 = CARTESIAN_POINT('',(-2.848957767794,-29.58061219542,
    10.062850216753));
#2333 = CARTESIAN_POINT('',(-2.990517586035,-29.56841912536,
    9.759253982155));
#2334 = CARTESIAN_POINT('',(-3.095158980116,-29.5591979722,
    9.449594067972));
#2335 = CARTESIAN_POINT('',(-3.164721308683,-29.55300108856,
    9.135728433625));
#2336 = CARTESIAN_POINT('',(-3.2,-29.54983683783,8.818830150115));
#2337 = CARTESIAN_POINT('',(-3.2,-29.54983683783,8.5));
#2338 = CARTESIAN_POINT('',(-3.2,-28.39101970694,8.5));
#2339 = CARTESIAN_POINT('',(-3.2,-28.39101970694,8.294238468364));
#2340 = CARTESIAN_POINT('',(-3.185277181303,-28.39386822293,
    8.088564016303));
#2341 = CARTESIAN_POINT('',(-3.155925213157,-28.39955572332,
    7.883817006892));
#2342 = CARTESIAN_POINT('',(-3.111889914736,-28.40802382376,
    7.680788778707));
#2343 = CARTESIAN_POINT('',(-3.053101888315,-28.41915339034,
    7.480307904047));
#2344 = CARTESIAN_POINT('',(-2.979539694381,-28.43275877193,
    7.283281085413));
#2345 = CARTESIAN_POINT('',(-2.891223568701,-28.44858816167,
    7.090688690246));
#2346 = CARTESIAN_POINT('',(-2.788139681312,-28.46633008754,
    6.903534923935));
#2347 = CARTESIAN_POINT('',(-2.670094937475,-28.48562603209,
    6.722752641078));
#2348 = CARTESIAN_POINT('',(-2.415005310301,-28.52469957693,
    6.39109899809));
#2349 = CARTESIAN_POINT('',(-2.28065419917,-28.54430176502,
    6.238931635808));
#2350 = CARTESIAN_POINT('',(-2.13298748369,-28.56456364123,6.093568872)
  );
#2351 = CARTESIAN_POINT('',(-1.972179934683,-28.58506220528,
    5.956362645039));
#2352 = CARTESIAN_POINT('',(-1.79859591527,-28.60530573984,
    5.828806775206));
#2353 = CARTESIAN_POINT('',(-1.612551886586,-28.62475354821,
    5.712417093404));
#2354 = CARTESIAN_POINT('',(-1.414288101194,-28.64283325053,
    5.608693591256));
#2355 = CARTESIAN_POINT('',(-1.204149484214,-28.65895563881,
    5.519164592523));
#2356 = CARTESIAN_POINT('',(-0.982975702144,-28.67252709058,
    5.445512945912));
#2357 = CARTESIAN_POINT('',(-0.546799859932,-28.69228771314,
    5.339954436595));
#2358 = CARTESIAN_POINT('',(-0.333513296916,-28.69909616674,
    5.304439080635));
#2359 = CARTESIAN_POINT('',(-0.116126558192,-28.70294055808,
    5.284768765852));
#2360 = CARTESIAN_POINT('',(0.102908893171,-28.70355343319,
    5.281740725115));
#2361 = CARTESIAN_POINT('',(0.321436392427,-28.70085605386,
    5.295536123821));
#2362 = CARTESIAN_POINT('',(0.537273229076,-28.69495664629,
    5.325810786321));
#2363 = CARTESIAN_POINT('',(0.748108525193,-28.68613507259,
    5.371759354573));
#2364 = CARTESIAN_POINT('',(0.951619836124,-28.6748139251,5.432152879049
    ));
#2365 = CARTESIAN_POINT('',(1.145808473587,-28.66151604361,
    5.505349841869));
#2366 = CARTESIAN_POINT('',(1.814977109672,-28.60795348358,
    5.811011576268));
#2367 = CARTESIAN_POINT('',(2.226991981991,-28.55911571479,
    6.107884522476));
#2368 = CARTESIAN_POINT('',(2.572940326069,-28.5078941656,6.459343435635
    ));
#2369 = CARTESIAN_POINT('',(2.845957657116,-28.45979040984,
    6.851144344513));
#2370 = CARTESIAN_POINT('',(3.046212474485,-28.42200050321,
    7.270879785053));
#2371 = CARTESIAN_POINT('',(3.1827678764,-28.3944845657,7.696394678958)
  );
#2372 = CARTESIAN_POINT('',(3.25211088301,-28.38048720549,8.148730765339
    ));
#2373 = CARTESIAN_POINT('',(3.252547570039,-28.38076262809,
    8.593978952377));
#2374 = CARTESIAN_POINT('',(3.186338125835,-28.3942087255,9.035332686085
    ));
#2375 = CARTESIAN_POINT('',(2.989126621187,-28.43062300425,
    9.661577794399));
#2376 = CARTESIAN_POINT('',(2.910852360537,-28.4447811593,9.858632355257
    ));
#2377 = CARTESIAN_POINT('',(2.817858135872,-28.4612229113,
    10.051369238579));
#2378 = CARTESIAN_POINT('',(2.70970808475,-28.47969553755,
    10.238942722887));
#2379 = CARTESIAN_POINT('',(2.58598213935,-28.4998726731,10.420366773925
    ));
#2380 = CARTESIAN_POINT('',(2.446704579555,-28.52133553569,
    10.594397935924));
#2381 = CARTESIAN_POINT('',(2.292302021861,-28.54357844019,
    10.759572192539));
#2382 = CARTESIAN_POINT('',(2.123090844116,-28.56603860233,
    10.914395797492));
#2383 = CARTESIAN_POINT('',(1.938294046094,-28.58815023193,
    11.05769007488));
#2384 = CARTESIAN_POINT('',(1.474752403953,-28.6365570068,
    11.356695873456));
#2385 = CARTESIAN_POINT('',(1.184205533954,-28.66243750698,
    11.504705431916));
#2386 = CARTESIAN_POINT('',(0.865365009665,-28.68489857473,
    11.624568684075));
#2387 = CARTESIAN_POINT('',(0.525086711589,-28.70136891132,
    11.708020327388));
#2388 = CARTESIAN_POINT('',(0.172129503831,-28.70977356112,
    11.749323237404));
#2389 = CARTESIAN_POINT('',(-0.184168025232,-28.70908593737,
    11.746076929362));
#2390 = CARTESIAN_POINT('',(-0.534496589447,-28.69954727488,
    11.699111508285));
#2391 = CARTESIAN_POINT('',(-0.869968329556,-28.68257071179,
    11.611987434477));
#2392 = CARTESIAN_POINT('',(-1.182789366992,-28.66034720178,
    11.490621431489));
#2393 = CARTESIAN_POINT('',(-1.819427142877,-28.60409132864,
    11.162019229142));
#2394 = CARTESIAN_POINT('',(-2.128471815733,-28.56848238363,
    10.941546589626));
#2395 = CARTESIAN_POINT('',(-2.39772930101,-28.53137234379,
    10.69015404199));
#2396 = CARTESIAN_POINT('',(-2.628060033432,-28.49536367177,
    10.414250968866));
#2397 = CARTESIAN_POINT('',(-2.819492728652,-28.46260522192,
    10.119142833476));
#2398 = CARTESIAN_POINT('',(-2.972006490644,-28.43478128118,
    9.809402797264));
#2399 = CARTESIAN_POINT('',(-3.085902015622,-28.41311700202,
    9.489115160177));
#2400 = CARTESIAN_POINT('',(-3.161761892522,-28.39840022727,
    9.161990623562));
#2401 = CARTESIAN_POINT('',(-3.2,-28.39101970694,8.831353375705));
#2402 = CARTESIAN_POINT('',(-3.2,-28.39101970694,8.5));
#2403 = ADVANCED_FACE('',(#2404),#2415,.F.);
#2404 = FACE_BOUND('',#2405,.F.);
#2405 = EDGE_LOOP('',(#2406,#2412,#2413,#2414));
#2406 = ORIENTED_EDGE('',*,*,#2407,.T.);
#2407 = EDGE_CURVE('',#1153,#1845,#2408,.T.);
#2408 = ( BOUNDED_CURVE() B_SPLINE_CURVE(2,(#2409,#2410,#2411),
.UNSPECIFIED.,.F.,.F.) B_SPLINE_CURVE_WITH_KNOTS((3,3),(0.,
20.120858320824),.PIECEWISE_BEZIER_KNOTS.) CURVE() 
GEOMETRIC_REPRESENTATION_ITEM() RATIONAL_B_SPLINE_CURVE((1.,
0.653321718828,1.)) REPRESENTATION_ITEM('') );
#2409 = CARTESIAN_POINT('',(-23.27087546602,-18.45416904237,8.5));
#2410 = CARTESIAN_POINT('',(-23.99090937925,-17.54619971102,8.5));
#2411 = CARTESIAN_POINT('',(-22.98734430555,-16.96679114558,8.5));
#2412 = ORIENTED_EDGE('',*,*,#1852,.T.);
#2413 = ORIENTED_EDGE('',*,*,#2407,.F.);
#2414 = ORIENTED_EDGE('',*,*,#1152,.F.);
#2415 = ( BOUNDED_SURFACE() B_SPLINE_SURFACE(2,10,(
    (#2416,#2417,#2418,#2419,#2420,#2421,#2422,#2423,#2424,#2425,#2426
      ,#2427,#2428,#2429,#2430,#2431,#2432,#2433,#2434,#2435,#2436,#2437
      ,#2438,#2439,#2440,#2441,#2442,#2443,#2444,#2445,#2446,#2447,#2448
      ,#2449,#2450,#2451,#2452,#2453,#2454,#2455,#2456,#2457,#2458,#2459
      ,#2460,#2461,#2462,#2463,#2464,#2465,#2466,#2467,#2468,#2469,#2470
      ,#2471,#2472,#2473,#2474,#2475,#2476,#2477,#2478,#2479,#2480)
    ,(#2481,#2482,#2483,#2484,#2485,#2486,#2487,#2488,#2489,#2490,#2491
      ,#2492,#2493,#2494,#2495,#2496,#2497,#2498,#2499,#2500,#2501,#2502
      ,#2503,#2504,#2505,#2506,#2507,#2508,#2509,#2510,#2511,#2512,#2513
      ,#2514,#2515,#2516,#2517,#2518,#2519,#2520,#2521,#2522,#2523,#2524
      ,#2525,#2526,#2527,#2528,#2529,#2530,#2531,#2532,#2533,#2534,#2535
      ,#2536,#2537,#2538,#2539,#2540,#2541,#2542,#2543,#2544,#2545)
    ,(#2546,#2547,#2548,#2549,#2550,#2551,#2552,#2553,#2554,#2555,#2556
      ,#2557,#2558,#2559,#2560,#2561,#2562,#2563,#2564,#2565,#2566,#2567
      ,#2568,#2569,#2570,#2571,#2572,#2573,#2574,#2575,#2576,#2577,#2578
      ,#2579,#2580,#2581,#2582,#2583,#2584,#2585,#2586,#2587,#2588,#2589
      ,#2590,#2591,#2592,#2593,#2594,#2595,#2596,#2597,#2598,#2599,#2600
      ,#2601,#2602,#2603,#2604,#2605,#2606,#2607,#2608,#2609,#2610
)),.UNSPECIFIED.,.F.,.T.,.F.) B_SPLINE_SURFACE_WITH_KNOTS((3,3),(11,9,9,
    9,9,9,9,11),(0.,20.120858320824),(4.1E-16,2.296050381844,
    4.384214108928,6.251344977369,11.183990474758,13.505189705781,
    16.465964796943,20.120858320824),.UNSPECIFIED.) 
GEOMETRIC_REPRESENTATION_ITEM() RATIONAL_B_SPLINE_SURFACE((
    (1.,1.,1.,1.000000000001,0.999999999999,1.000000000001
      ,0.999999999999,1.,1.,1.,1.,1.,1.,1.,1.,1.,1.,1.,1.,1.,1.,1.,1.,1.
      ,1.,1.,1.,1.,1.,1.,1.,1.,1.,1.,1.,1.,1.,1.,1.,1.,1.000000000001
      ,0.999999999999,1.000000000001,1.,1.,1.,1.,1.,1.,1.,1.,1.,1.,1.,1.
      ,1.,1.,1.,0.999999999999,1.000000000001,0.999999999999,1.,1.,1.,1.
      )
    ,(0.653321718828,0.653321718828,0.653830278223,0.654847479371
      ,0.656360580457,0.658344742854,0.660763674573,0.663570189834
      ,0.66670668472,0.67010552894,0.676948733615,0.680375271608
      ,0.683902159931,0.6874538635,0.690946391922,0.694288474467
      ,0.697383657998,0.700133327839,0.702440651593,0.705802377608
      ,0.70695479296,0.70760361218,0.707706989485,0.707252100847
      ,0.706255223047,0.704760104021,0.702834624482,0.70056575084
      ,0.691413931837,0.682992569564,0.67410756231,0.665642706172
      ,0.65884737313,0.653964911083,0.651423853775,0.651488629607
      ,0.65390077237,0.660378715564,0.662890782683,0.665806057042
      ,0.669070691529,0.672617983099,0.676371717656,0.680247814392
      ,0.68415426965,0.687989400248,0.696292802398,0.700747539502
      ,0.704568346338,0.707341000355,0.708751020645,0.708641183617
      ,0.707041353056,0.704165136185,0.700367877365,0.690743311651
      ,0.684601051354,0.678153962186,0.671852694528,0.66607783449
      ,0.661138791324,0.657272044856,0.654638752921,0.653321718828
      ,0.653321718828)
    ,(1.,1.,1.,1.000000000001,0.999999999999,1.000000000001
      ,0.999999999999,1.,1.,1.,1.,1.,1.,1.,1.,1.,1.,1.,1.,1.,1.,1.,1.,1.
      ,1.,1.,1.,1.,1.,1.,1.,1.,1.,1.,1.,1.,1.,1.,1.,1.,1.000000000001
      ,0.999999999999,1.000000000001,1.,1.,1.,1.,1.,1.,1.,1.,1.,1.,1.,1.
      ,1.,1.,1.,0.999999999999,1.000000000001,0.999999999999,1.,1.,1.,1.
))) REPRESENTATION_ITEM('') SURFACE() );
#2416 = CARTESIAN_POINT('',(-23.27087546602,-18.45416904237,8.5));
#2417 = CARTESIAN_POINT('',(-23.27087546602,-18.45416904237,
    8.770101936208));
#2418 = CARTESIAN_POINT('',(-23.28340981293,-18.43836262736,
    9.040057994436));
#2419 = CARTESIAN_POINT('',(-23.30847547904,-18.4067553218,
    9.308870867146));
#2420 = CARTESIAN_POINT('',(-23.34601420973,-18.35931272611,
    9.575420105657));
#2421 = CARTESIAN_POINT('',(-23.39591844449,-18.29595722647,
    9.838539883504));
#2422 = CARTESIAN_POINT('',(-23.45803856125,-18.21656010927,
    10.097060298139));
#2423 = CARTESIAN_POINT('',(-23.53219144367,-18.12092907986,
    10.349812210948));
#2424 = CARTESIAN_POINT('',(-23.61817037174,-18.00879118596,
    10.595595625623));
#2425 = CARTESIAN_POINT('',(-23.71575623545,-17.87977114545,
    10.833111604839));
#2426 = CARTESIAN_POINT('',(-23.92383730969,-17.60021476092,
    11.267983488498));
#2427 = CARTESIAN_POINT('',(-24.0327921799,-17.4521067539,11.46791241012
    ));
#2428 = CARTESIAN_POINT('',(-24.15123011359,-17.28890685025,
    11.658779874266));
#2429 = CARTESIAN_POINT('',(-24.27872460751,-17.1104769831,
    11.838787237989));
#2430 = CARTESIAN_POINT('',(-24.41474115975,-16.91674719594,
    12.00611564196));
#2431 = CARTESIAN_POINT('',(-24.55861005191,-16.70777135702,
    12.15886626499));
#2432 = CARTESIAN_POINT('',(-24.70951797744,-16.48376661805,
    12.295027022456));
#2433 = CARTESIAN_POINT('',(-24.86651851607,-16.24513661754,
    12.412465708568));
#2434 = CARTESIAN_POINT('',(-25.02856145436,-15.99247842839,
    12.508949582537));
#2435 = CARTESIAN_POINT('',(-25.34295146296,-15.48881422764,
    12.647680542871));
#2436 = CARTESIAN_POINT('',(-25.49361073396,-15.24190721987,
    12.694190297589));
#2437 = CARTESIAN_POINT('',(-25.64457172506,-14.98835720071,
    12.7199172195));
#2438 = CARTESIAN_POINT('',(-25.79395367658,-14.7308873927,
    12.723893637074));
#2439 = CARTESIAN_POINT('',(-25.94003510767,-14.47231244641,
    12.705866263528));
#2440 = CARTESIAN_POINT('',(-26.08131223037,-14.21544411612,
    12.66621718673));
#2441 = CARTESIAN_POINT('',(-26.21652277947,-13.96302943159,
    12.60592723597));
#2442 = CARTESIAN_POINT('',(-26.3446352583,-13.71772136611,
    12.526581725604));
#2443 = CARTESIAN_POINT('',(-26.46480360042,-13.48208200063,
    12.430418575562));
#2444 = CARTESIAN_POINT('',(-26.87080827818,-12.66826439233,
    12.02981793881));
#2445 = CARTESIAN_POINT('',(-27.10833823418,-12.15562477356,
    11.639131019637));
#2446 = CARTESIAN_POINT('',(-27.29485836286,-11.72685801073,
    11.178915035359));
#2447 = CARTESIAN_POINT('',(-27.4397359597,-11.3763563109,
    10.664865629715));
#2448 = CARTESIAN_POINT('',(-27.5400826777,-11.12367322474,
    10.114033598518));
#2449 = CARTESIAN_POINT('',(-27.6088906087,-10.94790425814,
    9.552366540903));
#2450 = CARTESIAN_POINT('',(-27.6430095473,-10.85948726202,
    8.963150122834));
#2451 = CARTESIAN_POINT('',(-27.64372082864,-10.85890063921,
    8.376231996995));
#2452 = CARTESIAN_POINT('',(-27.61081119955,-10.94380817482,
    7.797265222336));
#2453 = CARTESIAN_POINT('',(-27.50958709727,-11.19464647734,
    6.975226231138));
#2454 = CARTESIAN_POINT('',(-27.46926665912,-11.29381204571,
    6.716662217117));
#2455 = CARTESIAN_POINT('',(-27.42073323309,-11.41198769155,
    6.46353112692));
#2456 = CARTESIAN_POINT('',(-27.36370569052,-11.5490706909,
    6.217229730946));
#2457 = CARTESIAN_POINT('',(-27.29786732466,-11.7048687864,
    5.979302940279));
#2458 = CARTESIAN_POINT('',(-27.22282650363,-11.87920383903,
    5.751279167927));
#2459 = CARTESIAN_POINT('',(-27.13807625456,-12.07199424991,
    5.534641697975));
#2460 = CARTESIAN_POINT('',(-27.04295277873,-12.28331615225,
    5.330936062679));
#2461 = CARTESIAN_POINT('',(-26.9365928979,-12.51344337335,
    5.142013427454));
#2462 = CARTESIAN_POINT('',(-26.66648106529,-13.08101412404,
    4.751523472626));
#2463 = CARTESIAN_POINT('',(-26.49141186175,-13.4380252514,
    4.555756081459));
#2464 = CARTESIAN_POINT('',(-26.29471584465,-13.82514420895,
    4.39839776498));
#2465 = CARTESIAN_POINT('',(-26.07854826493,-14.23344144783,
    4.289618551756));
#2466 = CARTESIAN_POINT('',(-25.84656391529,-14.6525444092,
    4.235698347546));
#2467 = CARTESIAN_POINT('',(-25.60412679129,-15.0711069787,
    4.239559465838));
#2468 = CARTESIAN_POINT('',(-25.35781536156,-15.47811443455,
    4.300791151554));
#2469 = CARTESIAN_POINT('',(-25.1146867092,-15.86412112706,
    4.415355363935));
#2470 = CARTESIAN_POINT('',(-24.88176280672,-16.22151812785,
    4.575163084487));
#2471 = CARTESIAN_POINT('',(-24.40010594867,-16.93968877956,
    5.005398174547));
#2472 = CARTESIAN_POINT('',(-24.15769100073,-17.28581548438,
    5.295270339217));
#2473 = CARTESIAN_POINT('',(-23.94126653958,-17.58383250264,
    5.625542402185));
#2474 = CARTESIAN_POINT('',(-23.75274024099,-17.83584680823,
    5.987590284121));
#2475 = CARTESIAN_POINT('',(-23.59364820955,-18.04358796011,
    6.374686672144));
#2476 = CARTESIAN_POINT('',(-23.46518324303,-18.20843291076,
    6.781099298292));
#2477 = CARTESIAN_POINT('',(-23.36822141121,-18.33141571044,
    7.201551158598));
#2478 = CARTESIAN_POINT('',(-23.30334694932,-18.41322210716,
    7.631042672671));
#2479 = CARTESIAN_POINT('',(-23.27087546602,-18.45416904237,
    8.065035783868));
#2480 = CARTESIAN_POINT('',(-23.27087546602,-18.45416904237,8.5));
#2481 = CARTESIAN_POINT('',(-23.99090937925,-17.54619971102,8.5));
#2482 = CARTESIAN_POINT('',(-23.99090937925,-17.54619971102,
    8.697985543947));
#2483 = CARTESIAN_POINT('',(-23.99876419298,-17.53502743723,
    8.895581975621));
#2484 = CARTESIAN_POINT('',(-24.01437870249,-17.51281350151,
    9.092379006142));
#2485 = CARTESIAN_POINT('',(-24.03780613163,-17.47945433679,
    9.28805146292));
#2486 = CARTESIAN_POINT('',(-24.06916397185,-17.4347235929,
    9.482210652365));
#2487 = CARTESIAN_POINT('',(-24.10858455251,-17.37833292217,
    9.674315261697));
#2488 = CARTESIAN_POINT('',(-24.15620043666,-17.30994197661,9.8636420185
    ));
#2489 = CARTESIAN_POINT('',(-24.21216412321,-17.22911838528,
    10.049314882312));
#2490 = CARTESIAN_POINT('',(-24.27670098953,-17.13524918523,
    10.230390374924));
#2491 = CARTESIAN_POINT('',(-24.41635746996,-16.93031750598,
    10.564087611997));
#2492 = CARTESIAN_POINT('',(-24.48969851281,-16.82199593406,
    10.717653324011));
#2493 = CARTESIAN_POINT('',(-24.57051717957,-16.70170776695,
    10.865729264346));
#2494 = CARTESIAN_POINT('',(-24.65876196523,-16.56918633766,
    11.006887117538));
#2495 = CARTESIAN_POINT('',(-24.75421554257,-16.42432687365,
    11.139418695902));
#2496 = CARTESIAN_POINT('',(-24.85658636795,-16.26704854539,
    11.261461713076));
#2497 = CARTESIAN_POINT('',(-24.96550790444,-16.09731923005,
    11.371066253053));
#2498 = CARTESIAN_POINT('',(-25.08044677397,-15.91533994048,
    11.466202414867));
#2499 = CARTESIAN_POINT('',(-25.20051996454,-15.72188824942,
    11.544710226379));
#2500 = CARTESIAN_POINT('',(-25.43429790752,-15.33811914515,
    11.657126451961));
#2501 = CARTESIAN_POINT('',(-25.5475173256,-15.14938632719,
    11.695118525392));
#2502 = CARTESIAN_POINT('',(-25.66194087205,-14.95540702734,
    11.716304329435));
#2503 = CARTESIAN_POINT('',(-25.77596175843,-14.75860091252,
    11.719619843622));
#2504 = CARTESIAN_POINT('',(-25.88815678337,-14.56131880017,
    11.704765525584));
#2505 = CARTESIAN_POINT('',(-25.99720644199,-14.3659892485,
    11.672154161462));
#2506 = CARTESIAN_POINT('',(-26.10188405485,-14.17511456632,
    11.622843308426));
#2507 = CARTESIAN_POINT('',(-26.20111757008,-13.99110882941,
    11.558449027843));
#2508 = CARTESIAN_POINT('',(-26.29412837341,-13.81596796174,
    11.481034638425));
#2509 = CARTESIAN_POINT('',(-26.6122563715,-13.20853545792,
    11.157224329737));
#2510 = CARTESIAN_POINT('',(-26.79900249521,-12.83450017253,
    10.842813851725));
#2511 = CARTESIAN_POINT('',(-26.94636435477,-12.52841146345,
    10.477562000606));
#2512 = CARTESIAN_POINT('',(-27.05578013001,-12.29470394823,
    10.081438742472));
#2513 = CARTESIAN_POINT('',(-27.13290028594,-12.12966864849,
    9.672240302365));
#2514 = CARTESIAN_POINT('',(-27.18448089185,-12.01739787306,
    9.26430722575));
#2515 = CARTESIAN_POINT('',(-27.21061427975,-11.96097366208,
    8.836101481266));
#2516 = CARTESIAN_POINT('',(-27.2114098553,-11.95935177456,
    8.413598967059));
#2517 = CARTESIAN_POINT('',(-27.18635788593,-12.013847979,7.988826487621
    ));
#2518 = CARTESIAN_POINT('',(-27.10763213463,-12.18221910704,
    7.377221267341));
#2519 = CARTESIAN_POINT('',(-27.07641514124,-12.24877382655,
    7.185173243117));
#2520 = CARTESIAN_POINT('',(-27.03903025434,-12.32817229607,
    6.996090432031));
#2521 = CARTESIAN_POINT('',(-26.99504611531,-12.42108863182,
    6.810528114409));
#2522 = CARTESIAN_POINT('',(-26.94397541308,-12.52822511689,
    6.62930327674));
#2523 = CARTESIAN_POINT('',(-26.88546804289,-12.64989900454,
    6.453638935654));
#2524 = CARTESIAN_POINT('',(-26.81930094116,-12.78604564736,
    6.285136794615));
#2525 = CARTESIAN_POINT('',(-26.74517155104,-12.93662328327,
    6.125583080829));
#2526 = CARTESIAN_POINT('',(-26.66230202835,-13.10240426462,
    5.976593432179));
#2527 = CARTESIAN_POINT('',(-26.45109036923,-13.51771103273,
    5.665817895036));
#2528 = CARTESIAN_POINT('',(-26.3160528258,-13.77831015023,5.51062920964
    ));
#2529 = CARTESIAN_POINT('',(-26.16367007362,-14.06631396088,
    5.382550990998));
#2530 = CARTESIAN_POINT('',(-25.99558132134,-14.37566809075,
    5.291914745922));
#2531 = CARTESIAN_POINT('',(-25.81548478229,-14.69706060888,
    5.246602508885));
#2532 = CARTESIAN_POINT('',(-25.62878905225,-15.01961612275,
    5.250233441309));
#2533 = CARTESIAN_POINT('',(-25.44185737741,-15.33266922997,
    5.301730298446));
#2534 = CARTESIAN_POINT('',(-25.26103668264,-15.6272995201,
    5.395828918707));
#2535 = CARTESIAN_POINT('',(-25.09160752903,-15.89733583244,
    5.524278851665));
#2536 = CARTESIAN_POINT('',(-24.7430303165,-16.44251134122,
    5.869595693513));
#2537 = CARTESIAN_POINT('',(-24.5713340995,-16.70332057512,
    6.101338279907));
#2538 = CARTESIAN_POINT('',(-24.42238542882,-16.924514005,6.361894230971
    ));
#2539 = CARTESIAN_POINT('',(-24.29639562159,-17.10848686253,
    6.642660337396));
#2540 = CARTESIAN_POINT('',(-24.19308273683,-17.25757589893,
    6.937149783248));
#2541 = CARTESIAN_POINT('',(-24.11174331929,-17.37407376265,
    7.240746017845));
#2542 = CARTESIAN_POINT('',(-24.05143686936,-17.46008529163,
    7.550405932029));
#2543 = CARTESIAN_POINT('',(-24.01128904642,-17.5172295935,
    7.864271566375));
#2544 = CARTESIAN_POINT('',(-23.99090937925,-17.54619971102,
    8.181169849885));
#2545 = CARTESIAN_POINT('',(-23.99090937925,-17.54619971102,8.5));
#2546 = CARTESIAN_POINT('',(-22.98734430555,-16.96679114558,8.5));
#2547 = CARTESIAN_POINT('',(-22.98734430555,-16.96679114558,
    8.705761531636));
#2548 = CARTESIAN_POINT('',(-22.99717260211,-16.95546506857,
    8.911435983696));
#2549 = CARTESIAN_POINT('',(-23.01677410601,-16.9328892687,
    9.116182993109));
#2550 = CARTESIAN_POINT('',(-23.04612534532,-16.89898763182,
    9.319211221294));
#2551 = CARTESIAN_POINT('',(-23.08515784592,-16.85364049079,
    9.519692095952));
#2552 = CARTESIAN_POINT('',(-23.13372154898,-16.79673645288,
    9.716718914587));
#2553 = CARTESIAN_POINT('',(-23.19158826546,-16.72816713935,
    9.909311309756));
#2554 = CARTESIAN_POINT('',(-23.25849516767,-16.64776483708,
    10.096465076077));
#2555 = CARTESIAN_POINT('',(-23.33422831777,-16.5551830624,
    10.277247358942));
#2556 = CARTESIAN_POINT('',(-23.4956118138,-16.35380573744,
    10.608901001932));
#2557 = CARTESIAN_POINT('',(-23.57976336205,-16.24725535655,
    10.761068364274));
#2558 = CARTESIAN_POINT('',(-23.67114401952,-16.12950316737,
    10.906431128021));
#2559 = CARTESIAN_POINT('',(-23.7693000714,-16.00048902649,
    11.043637354847));
#2560 = CARTESIAN_POINT('',(-23.87362349612,-15.86028262359,
    11.171193224635));
#2561 = CARTESIAN_POINT('',(-23.98348780624,-15.70888767334,
    11.287582906628));
#2562 = CARTESIAN_POINT('',(-24.0982771807,-15.54622604941,
    11.391306409257));
#2563 = CARTESIAN_POINT('',(-24.21730888836,-15.37230186078,
    11.48083540857));
#2564 = CARTESIAN_POINT('',(-24.33964900283,-15.18754547026,
    11.554487055343));
#2565 = CARTESIAN_POINT('',(-24.57485012217,-14.81968642631,
    11.660045563334));
#2566 = CARTESIAN_POINT('',(-24.68738969477,-14.63837907592,
    11.695560919448));
#2567 = CARTESIAN_POINT('',(-24.79941240545,-14.45203883196,
    11.715231233963));
#2568 = CARTESIAN_POINT('',(-24.90946089928,-14.26265499943,
    11.718259274376));
#2569 = CARTESIAN_POINT('',(-25.0163886514,-14.07205594144,
    11.704463875771));
#2570 = CARTESIAN_POINT('',(-25.11919803166,-13.88218605648,
    11.674189213881));
#2571 = CARTESIAN_POINT('',(-25.21697597013,-13.69518655206,
    11.628240646314));
#2572 = CARTESIAN_POINT('',(-25.30892722332,-13.51328001471,
    11.567847121933));
#2573 = CARTESIAN_POINT('',(-25.39450524125,-13.33845877631,
    11.494650158392));
#2574 = CARTESIAN_POINT('',(-25.68270302702,-12.732160447,
    11.188988418406));
#2575 = CARTESIAN_POINT('',(-25.84641570143,-12.35092624209,
    10.892115480724));
#2576 = CARTESIAN_POINT('',(-25.97503072769,-12.02571538349,
    10.540656567145));
#2577 = CARTESIAN_POINT('',(-26.06988030255,-11.76522358627,
    10.148855647842));
#2578 = CARTESIAN_POINT('',(-26.13728070401,-11.57290285764,
    9.729120223107));
#2579 = CARTESIAN_POINT('',(-26.18172889733,-11.44088444979,
    9.303605315826));
#2580 = CARTESIAN_POINT('',(-26.20427833389,-11.37383296155,
    8.851269236665));
#2581 = CARTESIAN_POINT('',(-26.20473519962,-11.37359249145,
    8.406021047248));
#2582 = CARTESIAN_POINT('',(-26.18327513956,-11.43765460073,
    7.964667313915));
#2583 = CARTESIAN_POINT('',(-26.11620507769,-11.62665191305,
    7.338422205601));
#2584 = CARTESIAN_POINT('',(-26.08932926931,-11.70151848876,
    7.141367644743));
#2585 = CARTESIAN_POINT('',(-26.0570711319,-11.79027472572,6.94863076142
    ));
#2586 = CARTESIAN_POINT('',(-26.01899386994,-11.89317173054,
    6.761057277112));
#2587 = CARTESIAN_POINT('',(-25.9746048092,-12.01041011014,
    6.579633226074));
#2588 = CARTESIAN_POINT('',(-25.92355341355,-12.14175944639,
    6.405602064076));
#2589 = CARTESIAN_POINT('',(-25.86561505505,-12.28659743602,
    6.240427807461));
#2590 = CARTESIAN_POINT('',(-25.80046053716,-12.44436869562,
    6.085604202508));
#2591 = CARTESIAN_POINT('',(-25.7272113711,-12.61546323204,5.94230992512
    ));
#2592 = CARTESIAN_POINT('',(-25.53736204678,-13.04110545728,
    5.643304126544));
#2593 = CARTESIAN_POINT('',(-25.41450178241,-13.30566667778,
    5.495294568084));
#2594 = CARTESIAN_POINT('',(-25.27453337553,-13.59302120544,
    5.375431315925));
#2595 = CARTESIAN_POINT('',(-25.11865795638,-13.89594602423,
    5.291979672612));
#2596 = CARTESIAN_POINT('',(-24.94945799275,-14.2058182575,
    5.250676762597));
#2597 = CARTESIAN_POINT('',(-24.77071372857,-14.5140371571,
    5.253923070637));
#2598 = CARTESIAN_POINT('',(-24.58728872243,-14.81266126213,
    5.300888491715));
#2599 = CARTESIAN_POINT('',(-24.40485071747,-15.09470002977,
    5.388012565523));
#2600 = CARTESIAN_POINT('',(-24.22919407453,-15.35449924003,
    5.509378568511));
#2601 = CARTESIAN_POINT('',(-23.86215617134,-15.87771579039,
    5.837980770858));
#2602 = CARTESIAN_POINT('',(-23.67679558393,-16.12755185548,
    6.058453410374));
#2603 = CARTESIAN_POINT('',(-23.51002860405,-16.34218065796,
    6.309845958011));
#2604 = CARTESIAN_POINT('',(-23.36367881312,-16.52364858751,
    6.585749031133));
#2605 = CARTESIAN_POINT('',(-23.23959281574,-16.67305493976,
    6.880857166525));
#2606 = CARTESIAN_POINT('',(-23.13923969523,-16.7912237617,
    7.190597202736));
#2607 = CARTESIAN_POINT('',(-23.06353011664,-16.87902804013,
    7.510884839824));
#2608 = CARTESIAN_POINT('',(-23.01285507739,-16.93736623328,
    7.838009376438));
#2609 = CARTESIAN_POINT('',(-22.98734430555,-16.96679114558,
    8.168646624294));
#2610 = CARTESIAN_POINT('',(-22.98734430555,-16.96679114558,8.5));
#2611 = ADVANCED_FACE('',(#2612),#2618,.T.);
#2612 = FACE_BOUND('',#2613,.T.);
#2613 = EDGE_LOOP('',(#2614,#2615,#2616,#2617));
#2614 = ORIENTED_EDGE('',*,*,#1549,.F.);
#2615 = ORIENTED_EDGE('',*,*,#1566,.T.);
#2616 = ORIENTED_EDGE('',*,*,#1958,.T.);
#2617 = ORIENTED_EDGE('',*,*,#1379,.F.);
#2618 = SURFACE_OF_REVOLUTION('',#2619,#2630);
#2619 = B_SPLINE_CURVE_WITH_KNOTS('',5,(#2620,#2621,#2622,#2623,#2624,
    #2625,#2626,#2627,#2628,#2629),.UNSPECIFIED.,.F.,.F.,(6,4,6),(0.,
    0.785398163397,1.570796326795),.UNSPECIFIED.);
#2620 = CARTESIAN_POINT('',(16.111796920269,24.6,1.));
#2621 = CARTESIAN_POINT('',(16.111796920269,24.6,0.842920367321));
#2622 = CARTESIAN_POINT('',(16.111796920269,24.569164407054,
    0.685838246018));
#2623 = CARTESIAN_POINT('',(16.111796920269,24.507448630943,
    0.536843182317));
#2624 = CARTESIAN_POINT('',(16.111796920269,24.418178854641,
    0.403965292267));
#2625 = CARTESIAN_POINT('',(16.111796920269,24.196034707733,
    0.181821145359));
#2626 = CARTESIAN_POINT('',(16.111796920269,24.063156817683,
    9.255136905742E-02));
#2627 = CARTESIAN_POINT('',(16.111796920269,23.914161753982,
    3.08355929458E-02));
#2628 = CARTESIAN_POINT('',(16.111796920269,23.757079632679,
    -6.586410372696E-17));
#2629 = CARTESIAN_POINT('',(16.111796920269,23.6,1.387778780781E-17));
#2630 = AXIS1_PLACEMENT('',#2631,#2632);
#2631 = CARTESIAN_POINT('',(16.111796920269,22.9,1.));
#2632 = DIRECTION('',(-0.,-0.,-1.));
#2633 = ADVANCED_FACE('',(#2634),#2640,.T.);
#2634 = FACE_BOUND('',#2635,.T.);
#2635 = EDGE_LOOP('',(#2636,#2637,#2638,#2639));
#2636 = ORIENTED_EDGE('',*,*,#1984,.F.);
#2637 = ORIENTED_EDGE('',*,*,#1574,.T.);
#2638 = ORIENTED_EDGE('',*,*,#1589,.T.);
#2639 = ORIENTED_EDGE('',*,*,#1420,.F.);
#2640 = SURFACE_OF_REVOLUTION('',#2641,#2652);
#2641 = B_SPLINE_CURVE_WITH_KNOTS('',5,(#2642,#2643,#2644,#2645,#2646,
    #2647,#2648,#2649,#2650,#2651),.UNSPECIFIED.,.F.,.F.,(6,4,6),(0.,
    0.785398163397,1.570796326795),.UNSPECIFIED.);
#2642 = CARTESIAN_POINT('',(17.090013161857,24.290357142857,
    14.86066017178));
#2643 = CARTESIAN_POINT('',(17.090013161857,24.290357142857,
    15.017739804459));
#2644 = CARTESIAN_POINT('',(17.072269704305,24.265138032912,
    15.174821925762));
#2645 = CARTESIAN_POINT('',(17.036757131038,24.214663344592,
    15.323816989463));
#2646 = CARTESIAN_POINT('',(16.985389398648,24.141653420402,
    15.456694879512));
#2647 = CARTESIAN_POINT('',(16.85756292072,23.95997124311,15.67883902642
    ));
#2648 = CARTESIAN_POINT('',(16.781102150017,23.851296111605,
    15.768108802722));
#2649 = CARTESIAN_POINT('',(16.695367214,23.729439434506,15.829824578834
    ));
#2650 = CARTESIAN_POINT('',(16.604978812635,23.600968699584,
    15.86066017178));
#2651 = CARTESIAN_POINT('',(16.514591843276,23.4725,15.86066017178));
#2652 = AXIS1_PLACEMENT('',#2653,#2654);
#2653 = CARTESIAN_POINT('',(16.111796920269,22.9,14.86066017178));
#2654 = DIRECTION('',(0.,0.,1.));
#2655 = ( GEOMETRIC_REPRESENTATION_CONTEXT(3) 
GLOBAL_UNCERTAINTY_ASSIGNED_CONTEXT((#2659)) 
GLOBAL_UNIT_ASSIGNED_CONTEXT((#2656,#2657,#2658)) REPRESENTATION_CONTEXT
('Context #1','3D Context with UNIT and UNCERTAINTY') );
#2656 = ( LENGTH_UNIT() NAMED_UNIT(*) SI_UNIT(.MILLI.,.METRE.) );
#2657 = ( NAMED_UNIT(*) PLANE_ANGLE_UNIT() SI_UNIT($,.RADIAN.) );
#2658 = ( NAMED_UNIT(*) SI_UNIT($,.STERADIAN.) SOLID_ANGLE_UNIT() );
#2659 = UNCERTAINTY_MEASURE_WITH_UNIT(LENGTH_MEASURE(2.E-05),#2656,
  'distance_accuracy_value','confusion accuracy');
#2660 = PRODUCT_RELATED_PRODUCT_CATEGORY('part',$,(#7));
ENDSEC;
END-ISO-10303-21;
