ISO-10303-21;
HEADER;
FILE_DESCRIPTION(('FreeCAD Model'),'2;1');
FILE_NAME('Open CASCADE Shape Model','2026-09-25T18:51:14',('FreeCAD'),(
    'FreeCAD'),'Open CASCADE STEP processor 7.8','FreeCAD','Unknown');
FILE_SCHEMA(('AUTOMOTIVE_DESIGN { 1 0 10303 214 1 1 1 1 }'));
ENDSEC;
DATA;
#1 = APPLICATION_PROTOCOL_DEFINITION('international standard',
  'automotive_design',2000,#2);
#2 = APPLICATION_CONTEXT(
  'core data for automotive mechanical design processes');
#3 = SHAPE_DEFINITION_REPRESENTATION(#4,#10);
#4 = PRODUCT_DEFINITION_SHAPE('','',#5);
#5 = PRODUCT_DEFINITION('design','',#6,#9);
#6 = PRODUCT_DEFINITION_FORMATION('','',#7);
#7 = PRODUCT('Open CASCADE STEP translator 7.8 2',
  'Open CASCADE STEP translator 7.8 2','',(#8));
#8 = PRODUCT_CONTEXT('',#2,'mechanical');
#9 = PRODUCT_DEFINITION_CONTEXT('part definition',#2,'design');
#10 = ADVANCED_BREP_SHAPE_REPRESENTATION('',(#11,#15),#11751);
#11 = AXIS2_PLACEMENT_3D('',#12,#13,#14);
#12 = CARTESIAN_POINT('',(0.,0.,0.));
#13 = DIRECTION('',(0.,0.,1.));
#14 = DIRECTION('',(1.,0.,-0.));
#15 = MANIFOLD_SOLID_BREP('',#16);
#16 = CLOSED_SHELL('',(#17,#171,#233,#331,#351,#376,#401,#421,#441,#506,
    #695,#726,#757,#788,#813,#846,#871,#895,#920,#945,#969,#994,#1019,
    #1036,#1056,#1076,#1400,#1425,#1457,#1481,#1507,#1532,#1556,#1574,
    #1639,#1704,#1735,#1760,#1785,#1802,#1867,#1932,#1952,#2117,#2346,
    #2983,#3133,#3158,#3230,#3261,#3286,#3311,#3328,#3400,#3433,#3464,
    #3489,#3513,#3538,#3569,#3594,#3618,#3643,#3674,#3699,#3716,#3741,
    #3761,#3794,#3818,#3844,#3864,#3881,#3912,#3937,#3962,#3979,#4011,
    #4036,#4061,#4086,#4111,#4136,#4154,#4185,#4210,#4235,#4252,#4283,
    #4308,#4333,#4350,#4381,#4406,#4431,#4448,#4479,#4504,#4529,#4546,
    #4577,#4602,#4627,#4644,#4675,#4700,#4725,#4742,#4773,#4798,#4823,
    #4840,#4871,#4896,#4921,#4938,#4969,#4994,#5019,#5036,#5067,#5092,
    #5117,#5134,#5165,#5190,#5215,#5232,#5263,#5288,#5313,#5330,#5395,
    #5460,#5491,#5516,#5541,#5558,#5578,#5602,#5614,#5631,#5656,#5680,
    #5760,#5772,#5784,#5796,#5808,#5820,#5832,#5844,#5856,#5868,#5880,
    #5892,#5904,#5924,#5956,#5981,#6006,#6031,#6056,#6081,#6099,#6127,
    #6154,#6179,#7491,#7511,#7531,#7563,#7588,#7613,#7638,#7663,#7688,
    #7713,#7738,#7763,#7781,#7813,#7838,#7863,#7888,#7913,#7938,#7963,
    #7988,#8013,#8038,#8063,#8088,#8113,#8138,#8163,#8188,#8206,#8238,
    #8263,#8288,#8313,#8338,#8363,#8388,#8413,#8438,#8463,#8488,#8513,
    #8538,#8563,#8588,#8613,#8638,#8663,#8688,#8713,#8738,#8763,#8788,
    #8813,#8838,#8863,#8888,#8913,#8938,#8963,#8988,#9013,#9038,#9063,
    #9088,#9113,#9138,#9163,#9188,#9213,#9238,#9263,#9288,#9313,#9338,
    #9363,#9388,#9413,#9438,#9463,#9488,#9513,#9538,#9563,#9588,#9613,
    #9638,#9663,#9688,#9713,#9738,#9763,#9788,#9813,#9838,#9863,#9888,
    #9913,#9938,#9963,#9988,#10013,#10038,#10063,#10088,#10113,#10138,
    #10163,#10188,#10213,#10238,#10263,#10288,#10313,#10338,#10363,
    #10388,#10413,#10431,#10463,#10488,#10513,#10538,#10563,#10588,
    #10613,#10638,#10663,#10688,#10713,#10738,#10763,#10781,#10813,
    #10838,#10863,#10888,#10913,#10938,#10963,#10988,#11013,#11038,
    #11063,#11088,#11106,#11131,#11156,#11174,#11199,#11296,#11318,
    #11339,#11359,#11379,#11404,#11429,#11441,#11503,#11520,#11544,
    #11561,#11585,#11602,#11626,#11667,#11681,#11695,#11709,#11723,
    #11737));
#17 = ADVANCED_FACE('',(#18),#166,.T.);
#18 = FACE_BOUND('',#19,.T.);
#19 = EDGE_LOOP('',(#20,#31,#39,#46,#47,#56,#112));
#20 = ORIENTED_EDGE('',*,*,#21,.T.);
#21 = EDGE_CURVE('',#22,#24,#26,.T.);
#22 = VERTEX_POINT('',#23);
#23 = CARTESIAN_POINT('',(-33.30084770448,-9.016847687445,124.2));
#24 = VERTEX_POINT('',#25);
#25 = CARTESIAN_POINT('',(34.5,-8.E-15,124.2));
#26 = CIRCLE('',#27,34.5);
#27 = AXIS2_PLACEMENT_3D('',#28,#29,#30);
#28 = CARTESIAN_POINT('',(0.,0.,124.2));
#29 = DIRECTION('',(0.,0.,1.));
#30 = DIRECTION('',(1.,0.,0.));
#31 = ORIENTED_EDGE('',*,*,#32,.T.);
#32 = EDGE_CURVE('',#24,#33,#35,.T.);
#33 = VERTEX_POINT('',#34);
#34 = CARTESIAN_POINT('',(34.5,-8.E-15,131.90625));
#35 = LINE('',#36,#37);
#36 = CARTESIAN_POINT('',(34.5,-8.45E-15,8.));
#37 = VECTOR('',#38,1.);
#38 = DIRECTION('',(0.,0.,1.));
#39 = ORIENTED_EDGE('',*,*,#40,.F.);
#40 = EDGE_CURVE('',#33,#33,#41,.T.);
#41 = CIRCLE('',#42,34.5);
#42 = AXIS2_PLACEMENT_3D('',#43,#44,#45);
#43 = CARTESIAN_POINT('',(0.,0.,131.90625));
#44 = DIRECTION('',(0.,0.,1.));
#45 = DIRECTION('',(1.,0.,0.));
#46 = ORIENTED_EDGE('',*,*,#32,.F.);
#47 = ORIENTED_EDGE('',*,*,#48,.T.);
#48 = EDGE_CURVE('',#24,#49,#51,.T.);
#49 = VERTEX_POINT('',#50);
#50 = CARTESIAN_POINT('',(-33.8833295192,-6.49384175598,124.2));
#51 = CIRCLE('',#52,34.5);
#52 = AXIS2_PLACEMENT_3D('',#53,#54,#55);
#53 = CARTESIAN_POINT('',(0.,0.,124.2));
#54 = DIRECTION('',(0.,0.,1.));
#55 = DIRECTION('',(1.,0.,0.));
#56 = ORIENTED_EDGE('',*,*,#57,.T.);
#57 = EDGE_CURVE('',#49,#58,#60,.T.);
#58 = VERTEX_POINT('',#59);
#59 = CARTESIAN_POINT('',(-34.16328748886,-4.808304062076,126.90625));
#60 = B_SPLINE_CURVE_WITH_KNOTS('',8,(#61,#62,#63,#64,#65,#66,#67,#68,
    #69,#70,#71,#72,#73,#74,#75,#76,#77,#78,#79,#80,#81,#82,#83,#84,#85,
    #86,#87,#88,#89,#90,#91,#92,#93,#94,#95,#96,#97,#98,#99,#100,#101,
    #102,#103,#104,#105,#106,#107,#108,#109,#110,#111),.UNSPECIFIED.,.T.
  ,.F.,(9,7,7,7,7,7,7,9),(0.,0.11629921323,0.220365173097,0.395454932178
    ,0.531197006382,0.666438670996,0.811956270723,1.),.UNSPECIFIED.);
#61 = CARTESIAN_POINT('',(-34.16328748886,-4.808304062076,126.90625));
#62 = CARTESIAN_POINT('',(-34.16328748886,-4.808304062076,
    127.15294247203));
#63 = CARTESIAN_POINT('',(-34.16004411512,-4.831348357159,
    127.39944934823));
#64 = CARTESIAN_POINT('',(-34.15356561465,-4.877378763736,
    127.64459144706));
#65 = CARTESIAN_POINT('',(-34.143721778,-4.946688667358,127.88710146994)
  );
#66 = CARTESIAN_POINT('',(-34.13025365518,-5.039865649311,
    128.12549046734));
#67 = CARTESIAN_POINT('',(-34.1127659583,-5.157725708948,128.35789359044
    ));
#68 = CARTESIAN_POINT('',(-34.09071199878,-5.30123148497,128.58187992112
    ));
#69 = CARTESIAN_POINT('',(-34.03892490075,-5.623644008608,
    128.98420777706));
#70 = CARTESIAN_POINT('',(-34.00995692505,-5.799023606821,
    129.16709881809));
#71 = CARTESIAN_POINT('',(-33.9760082056,-5.997790342484,129.33851574108
    ));
#72 = CARTESIAN_POINT('',(-33.93662335948,-6.219496079421,
    129.49406766449));
#73 = CARTESIAN_POINT('',(-33.89138039164,-6.463013362289,
    129.62935623044));
#74 = CARTESIAN_POINT('',(-33.8399457238,-6.72654495881,129.73997372882)
  );
#75 = CARTESIAN_POINT('',(-33.78216961441,-7.007586358227,129.8214751752
    ));
#76 = CARTESIAN_POINT('',(-33.61064491228,-7.799542118585,
    129.94980500355));
#77 = CARTESIAN_POINT('',(-33.49521696154,-8.292066149178,
    129.92781694316));
#78 = CARTESIAN_POINT('',(-33.37678261426,-8.75872900877,129.81255842938
    ));
#79 = CARTESIAN_POINT('',(-33.26132266821,-9.182420143334,129.6168579596
    ));
#80 = CARTESIAN_POINT('',(-33.15533057416,-9.550334311072,129.3571444539
    ));
#81 = CARTESIAN_POINT('',(-33.06437501351,-9.854309428269,
    129.05325026786));
#82 = CARTESIAN_POINT('',(-32.99130061913,-10.09250967147,
    128.72783081025));
#83 = CARTESIAN_POINT('',(-32.89290140699,-10.40806774035,
    128.15693761053));
#84 = CARTESIAN_POINT('',(-32.85849223644,-10.51609639546,
    127.89807366774));
#85 = CARTESIAN_POINT('',(-32.83274847151,-10.59575848102,127.6328335095
    ));
#86 = CARTESIAN_POINT('',(-32.81567920133,-10.64812492067,
    127.36360086467));
#87 = CARTESIAN_POINT('',(-32.80725990079,-10.67388546851,
    127.09227244006));
#88 = CARTESIAN_POINT('',(-32.80747298859,-10.67331233019,
    126.82051069704));
#89 = CARTESIAN_POINT('',(-32.81632572426,-10.64622098857,
    126.54996920111));
#90 = CARTESIAN_POINT('',(-32.85129487661,-10.5378202846,126.01604661712
    ));
#91 = CARTESIAN_POINT('',(-32.87733133313,-10.45676075551,
    125.75289174686));
#92 = CARTESIAN_POINT('',(-32.91195808663,-10.34811903886,
    125.49476124501));
#93 = CARTESIAN_POINT('',(-32.95520404549,-10.21074564814,
    125.24387488169));
#94 = CARTESIAN_POINT('',(-33.00703899154,-10.04317957215,
    125.00324390808));
#95 = CARTESIAN_POINT('',(-33.0672634115,-9.843803501649,124.77688332197
    ));
#96 = CARTESIAN_POINT('',(-33.1353848112,-9.611096678532,124.57012942));
#97 = CARTESIAN_POINT('',(-33.2913127481,-9.056905232826,124.19667868102
    ));
#98 = CARTESIAN_POINT('',(-33.38322158069,-8.719357974481,124.0270335491
    ));
#99 = CARTESIAN_POINT('',(-33.48173648122,-8.340868027052,
    123.90495600587));
#100 = CARTESIAN_POINT('',(-33.58101053542,-7.936170010221,
    123.84542545787));
#101 = CARTESIAN_POINT('',(-33.67511413845,-7.524011065488,
    123.85490285515));
#102 = CARTESIAN_POINT('',(-33.76015070548,-7.124119964544,
    123.93133567026));
#103 = CARTESIAN_POINT('',(-33.83400504546,-6.754303057094,
    124.06398283706));
#104 = CARTESIAN_POINT('',(-33.97597347778,-6.005644062214,
    124.45193901061));
#105 = CARTESIAN_POINT('',(-34.03718384012,-5.650043152848,
    124.73472436272));
#106 = CARTESIAN_POINT('',(-34.08294207801,-5.361525927805,
    125.05833059881));
#107 = CARTESIAN_POINT('',(-34.11657324177,-5.136707324734,
    125.40796121284));
#108 = CARTESIAN_POINT('',(-34.14029041319,-4.971684836868,
    125.77330182938));
#109 = CARTESIAN_POINT('',(-34.15560184839,-4.862914077982,
    126.14763651535));
#110 = CARTESIAN_POINT('',(-34.16328748886,-4.808304062076,
    126.52648965778));
#111 = CARTESIAN_POINT('',(-34.16328748886,-4.808304062076,126.90625));
#112 = ORIENTED_EDGE('',*,*,#113,.T.);
#113 = EDGE_CURVE('',#58,#22,#114,.T.);
#114 = B_SPLINE_CURVE_WITH_KNOTS('',8,(#115,#116,#117,#118,#119,#120,
    #121,#122,#123,#124,#125,#126,#127,#128,#129,#130,#131,#132,#133,
    #134,#135,#136,#137,#138,#139,#140,#141,#142,#143,#144,#145,#146,
    #147,#148,#149,#150,#151,#152,#153,#154,#155,#156,#157,#158,#159,
    #160,#161,#162,#163,#164,#165),.UNSPECIFIED.,.T.,.F.,(9,7,7,7,7,7,7,
    9),(0.,0.11629921323,0.220365173097,0.395454932178,0.531197006382,
    0.666438670996,0.811956270723,1.),.UNSPECIFIED.);
#115 = CARTESIAN_POINT('',(-34.16328748886,-4.808304062076,126.90625));
#116 = CARTESIAN_POINT('',(-34.16328748886,-4.808304062076,
    127.15294247203));
#117 = CARTESIAN_POINT('',(-34.16004411512,-4.831348357159,
    127.39944934823));
#118 = CARTESIAN_POINT('',(-34.15356561465,-4.877378763736,
    127.64459144706));
#119 = CARTESIAN_POINT('',(-34.143721778,-4.946688667358,127.88710146994
    ));
#120 = CARTESIAN_POINT('',(-34.13025365518,-5.039865649311,
    128.12549046734));
#121 = CARTESIAN_POINT('',(-34.1127659583,-5.157725708948,
    128.35789359044));
#122 = CARTESIAN_POINT('',(-34.09071199878,-5.30123148497,
    128.58187992112));
#123 = CARTESIAN_POINT('',(-34.03892490075,-5.623644008608,
    128.98420777706));
#124 = CARTESIAN_POINT('',(-34.00995692505,-5.799023606821,
    129.16709881809));
#125 = CARTESIAN_POINT('',(-33.9760082056,-5.997790342484,
    129.33851574108));
#126 = CARTESIAN_POINT('',(-33.93662335948,-6.219496079421,
    129.49406766449));
#127 = CARTESIAN_POINT('',(-33.89138039164,-6.463013362289,
    129.62935623044));
#128 = CARTESIAN_POINT('',(-33.8399457238,-6.72654495881,129.73997372882
    ));
#129 = CARTESIAN_POINT('',(-33.78216961441,-7.007586358227,
    129.8214751752));
#130 = CARTESIAN_POINT('',(-33.61064491228,-7.799542118585,
    129.94980500355));
#131 = CARTESIAN_POINT('',(-33.49521696154,-8.292066149178,
    129.92781694316));
#132 = CARTESIAN_POINT('',(-33.37678261426,-8.75872900877,
    129.81255842938));
#133 = CARTESIAN_POINT('',(-33.26132266821,-9.182420143334,
    129.6168579596));
#134 = CARTESIAN_POINT('',(-33.15533057416,-9.550334311072,
    129.3571444539));
#135 = CARTESIAN_POINT('',(-33.06437501351,-9.854309428269,
    129.05325026786));
#136 = CARTESIAN_POINT('',(-32.99130061913,-10.09250967147,
    128.72783081025));
#137 = CARTESIAN_POINT('',(-32.89290140699,-10.40806774035,
    128.15693761053));
#138 = CARTESIAN_POINT('',(-32.85849223644,-10.51609639546,
    127.89807366774));
#139 = CARTESIAN_POINT('',(-32.83274847151,-10.59575848102,
    127.6328335095));
#140 = CARTESIAN_POINT('',(-32.81567920133,-10.64812492067,
    127.36360086467));
#141 = CARTESIAN_POINT('',(-32.80725990079,-10.67388546851,
    127.09227244006));
#142 = CARTESIAN_POINT('',(-32.80747298859,-10.67331233019,
    126.82051069704));
#143 = CARTESIAN_POINT('',(-32.81632572426,-10.64622098857,
    126.54996920111));
#144 = CARTESIAN_POINT('',(-32.85129487661,-10.5378202846,
    126.01604661712));
#145 = CARTESIAN_POINT('',(-32.87733133313,-10.45676075551,
    125.75289174686));
#146 = CARTESIAN_POINT('',(-32.91195808663,-10.34811903886,
    125.49476124501));
#147 = CARTESIAN_POINT('',(-32.95520404549,-10.21074564814,
    125.24387488169));
#148 = CARTESIAN_POINT('',(-33.00703899154,-10.04317957215,
    125.00324390808));
#149 = CARTESIAN_POINT('',(-33.0672634115,-9.843803501649,
    124.77688332197));
#150 = CARTESIAN_POINT('',(-33.1353848112,-9.611096678532,124.57012942)
  );
#151 = CARTESIAN_POINT('',(-33.2913127481,-9.056905232826,
    124.19667868102));
#152 = CARTESIAN_POINT('',(-33.38322158069,-8.719357974481,
    124.0270335491));
#153 = CARTESIAN_POINT('',(-33.48173648122,-8.340868027052,
    123.90495600587));
#154 = CARTESIAN_POINT('',(-33.58101053542,-7.936170010221,
    123.84542545787));
#155 = CARTESIAN_POINT('',(-33.67511413845,-7.524011065488,
    123.85490285515));
#156 = CARTESIAN_POINT('',(-33.76015070548,-7.124119964544,
    123.93133567026));
#157 = CARTESIAN_POINT('',(-33.83400504546,-6.754303057094,
    124.06398283706));
#158 = CARTESIAN_POINT('',(-33.97597347778,-6.005644062214,
    124.45193901061));
#159 = CARTESIAN_POINT('',(-34.03718384012,-5.650043152848,
    124.73472436272));
#160 = CARTESIAN_POINT('',(-34.08294207801,-5.361525927805,
    125.05833059881));
#161 = CARTESIAN_POINT('',(-34.11657324177,-5.136707324734,
    125.40796121284));
#162 = CARTESIAN_POINT('',(-34.14029041319,-4.971684836868,
    125.77330182938));
#163 = CARTESIAN_POINT('',(-34.15560184839,-4.862914077982,
    126.14763651535));
#164 = CARTESIAN_POINT('',(-34.16328748886,-4.808304062076,
    126.52648965778));
#165 = CARTESIAN_POINT('',(-34.16328748886,-4.808304062076,126.90625));
#166 = CYLINDRICAL_SURFACE('',#167,34.5);
#167 = AXIS2_PLACEMENT_3D('',#168,#169,#170);
#168 = CARTESIAN_POINT('',(0.,0.,8.));
#169 = DIRECTION('',(0.,0.,1.));
#170 = DIRECTION('',(1.,0.,0.));
#171 = ADVANCED_FACE('',(#172),#228,.F.);
#172 = FACE_BOUND('',#173,.F.);
#173 = EDGE_LOOP('',(#174,#175,#183,#190,#191,#192,#200,#222));
#174 = ORIENTED_EDGE('',*,*,#57,.T.);
#175 = ORIENTED_EDGE('',*,*,#176,.T.);
#176 = EDGE_CURVE('',#58,#177,#179,.T.);
#177 = VERTEX_POINT('',#178);
#178 = CARTESIAN_POINT('',(-32.5367542815,-4.432789282689,126.90625));
#179 = LINE('',#180,#181);
#180 = CARTESIAN_POINT('',(-36.23936052769,-5.287603289195,126.90625));
#181 = VECTOR('',#182,1.);
#182 = DIRECTION('',(0.974370064785,0.224951054344,0.));
#183 = ORIENTED_EDGE('',*,*,#184,.F.);
#184 = EDGE_CURVE('',#177,#177,#185,.T.);
#185 = CIRCLE('',#186,3.);
#186 = AXIS2_PLACEMENT_3D('',#187,#188,#189);
#187 = CARTESIAN_POINT('',(-31.86190111847,-7.355899477044,126.90625));
#188 = DIRECTION('',(0.974370064785,0.224951054344,-0.));
#189 = DIRECTION('',(-0.224951054344,0.974370064785,0.));
#190 = ORIENTED_EDGE('',*,*,#176,.F.);
#191 = ORIENTED_EDGE('',*,*,#113,.T.);
#192 = ORIENTED_EDGE('',*,*,#193,.T.);
#193 = EDGE_CURVE('',#22,#194,#196,.T.);
#194 = VERTEX_POINT('',#195);
#195 = CARTESIAN_POINT('',(-32.81331420837,-8.904291699075,124.2));
#196 = LINE('',#197,#198);
#197 = CARTESIAN_POINT('',(-35.27326646219,-9.472216426169,124.2));
#198 = VECTOR('',#199,1.);
#199 = DIRECTION('',(0.974370064785,0.224951054344,0.));
#200 = ORIENTED_EDGE('',*,*,#201,.T.);
#201 = EDGE_CURVE('',#194,#202,#204,.T.);
#202 = VERTEX_POINT('',#203);
#203 = CARTESIAN_POINT('',(-33.3957960133,-6.381285813838,124.2));
#204 = B_SPLINE_CURVE_WITH_KNOTS('',6,(#205,#206,#207,#208,#209,#210,
    #211,#212,#213,#214,#215,#216,#217,#218,#219,#220,#221),
  .UNSPECIFIED.,.F.,.F.,(7,5,5,7),(0.,0.284645742255,0.49957473047,1.),
  .UNSPECIFIED.);
#205 = CARTESIAN_POINT('',(-32.81331387968,-8.904292910344,124.2000006)
  );
#206 = CARTESIAN_POINT('',(-32.84187172949,-8.799054044239,
    124.14787070765));
#207 = CARTESIAN_POINT('',(-32.87112962032,-8.689632982488,
    124.10018609522));
#208 = CARTESIAN_POINT('',(-32.90093491306,-8.576359641816,
    124.05749764777));
#209 = CARTESIAN_POINT('',(-32.93112676216,-8.459614223016,
    124.02028802018));
#210 = CARTESIAN_POINT('',(-32.96154120351,-8.339826166531,
    123.98897154809));
#211 = CARTESIAN_POINT('',(-33.01502719303,-8.125087327507,
    123.94495883986));
#212 = CARTESIAN_POINT('',(-33.03806240547,-8.031280477189,
    123.92958912288));
#213 = CARTESIAN_POINT('',(-33.06102480161,-7.936369880563,
    123.9179495556));
#214 = CARTESIAN_POINT('',(-33.08382210684,-7.840683122851,
    123.91015087662));
#215 = CARTESIAN_POINT('',(-33.10636782317,-7.744556896669,123.90625));
#216 = CARTESIAN_POINT('',(-33.18030457367,-7.424301645655,123.90625));
#217 = CARTESIAN_POINT('',(-33.22998084087,-7.200835954678,
    123.92739680714));
#218 = CARTESIAN_POINT('',(-33.27681777206,-6.981508775636,
    123.96933931052));
#219 = CARTESIAN_POINT('',(-33.3202435421,-6.769819443068,
    124.03061039749));
#220 = CARTESIAN_POINT('',(-33.35994430271,-6.56891205223,
    124.10868070925));
#221 = CARTESIAN_POINT('',(-33.39579624886,-6.381284581067,124.2000006)
  );
#222 = ORIENTED_EDGE('',*,*,#223,.F.);
#223 = EDGE_CURVE('',#49,#202,#224,.T.);
#224 = LINE('',#225,#226);
#225 = CARTESIAN_POINT('',(-35.85574826712,-6.949210540933,124.2));
#226 = VECTOR('',#227,1.);
#227 = DIRECTION('',(0.974370064785,0.224951054344,0.));
#228 = CYLINDRICAL_SURFACE('',#229,3.);
#229 = AXIS2_PLACEMENT_3D('',#230,#231,#232);
#230 = CARTESIAN_POINT('',(-35.56450736466,-8.210713483551,126.90625));
#231 = DIRECTION('',(0.974370064785,0.224951054344,0.));
#232 = DIRECTION('',(-0.224951054344,0.974370064785,0.));
#233 = ADVANCED_FACE('',(#234,#261),#326,.T.);
#234 = FACE_BOUND('',#235,.T.);
#235 = EDGE_LOOP('',(#236,#246,#253,#254));
#236 = ORIENTED_EDGE('',*,*,#237,.F.);
#237 = EDGE_CURVE('',#238,#240,#242,.T.);
#238 = VERTEX_POINT('',#239);
#239 = CARTESIAN_POINT('',(34.5,-8.E-15,8.));
#240 = VERTEX_POINT('',#241);
#241 = CARTESIAN_POINT('',(34.5,-8.E-15,17.3));
#242 = LINE('',#243,#244);
#243 = CARTESIAN_POINT('',(34.5,-8.45E-15,8.));
#244 = VECTOR('',#245,1.);
#245 = DIRECTION('',(0.,0.,1.));
#246 = ORIENTED_EDGE('',*,*,#247,.T.);
#247 = EDGE_CURVE('',#238,#238,#248,.T.);
#248 = CIRCLE('',#249,34.5);
#249 = AXIS2_PLACEMENT_3D('',#250,#251,#252);
#250 = CARTESIAN_POINT('',(0.,0.,8.));
#251 = DIRECTION('',(0.,0.,1.));
#252 = DIRECTION('',(1.,0.,0.));
#253 = ORIENTED_EDGE('',*,*,#237,.T.);
#254 = ORIENTED_EDGE('',*,*,#255,.F.);
#255 = EDGE_CURVE('',#240,#240,#256,.T.);
#256 = CIRCLE('',#257,34.5);
#257 = AXIS2_PLACEMENT_3D('',#258,#259,#260);
#258 = CARTESIAN_POINT('',(0.,0.,17.3));
#259 = DIRECTION('',(0.,0.,1.));
#260 = DIRECTION('',(1.,0.,0.));
#261 = FACE_BOUND('',#262,.T.);
#262 = EDGE_LOOP('',(#263));
#263 = ORIENTED_EDGE('',*,*,#264,.T.);
#264 = EDGE_CURVE('',#265,#265,#267,.T.);
#265 = VERTEX_POINT('',#266);
#266 = CARTESIAN_POINT('',(-34.16328748886,-4.808304062076,13.70625));
#267 = B_SPLINE_CURVE_WITH_KNOTS('',8,(#268,#269,#270,#271,#272,#273,
    #274,#275,#276,#277,#278,#279,#280,#281,#282,#283,#284,#285,#286,
    #287,#288,#289,#290,#291,#292,#293,#294,#295,#296,#297,#298,#299,
    #300,#301,#302,#303,#304,#305,#306,#307,#308,#309,#310,#311,#312,
    #313,#314,#315,#316,#317,#318,#319,#320,#321,#322,#323,#324,#325),
  .UNSPECIFIED.,.T.,.F.,(9,7,7,7,7,7,7,7,9),(0.,0.12133893558,
    0.229914500702,0.322748658488,0.434764736834,0.55921527796,
    0.672836620865,0.815563087362,1.),.UNSPECIFIED.);
#268 = CARTESIAN_POINT('',(-34.16328748886,-4.808304062076,13.70625));
#269 = CARTESIAN_POINT('',(-34.16328748886,-4.808304062076,
    13.952942472036));
#270 = CARTESIAN_POINT('',(-34.16004411512,-4.831348357159,
    14.199449348237));
#271 = CARTESIAN_POINT('',(-34.15356561465,-4.877378763736,
    14.444591447061));
#272 = CARTESIAN_POINT('',(-34.143721778,-4.946688667358,14.687101469942
    ));
#273 = CARTESIAN_POINT('',(-34.13025365518,-5.039865649312,
    14.925490467345));
#274 = CARTESIAN_POINT('',(-34.1127659583,-5.157725708947,
    15.157893590439));
#275 = CARTESIAN_POINT('',(-34.09071199878,-5.30123148497,
    15.381879921126));
#276 = CARTESIAN_POINT('',(-34.03892490075,-5.623644008598,
    15.784207777052));
#277 = CARTESIAN_POINT('',(-34.00995692505,-5.799023606815,
    15.967098818094));
#278 = CARTESIAN_POINT('',(-33.9760082056,-5.99779034249,16.138515741087
    ));
#279 = CARTESIAN_POINT('',(-33.93662335948,-6.219496079434,
    16.294067664505));
#280 = CARTESIAN_POINT('',(-33.89138039164,-6.463013362296,
    16.429356230445));
#281 = CARTESIAN_POINT('',(-33.8399457238,-6.726544958804,
    16.539973728819));
#282 = CARTESIAN_POINT('',(-33.78216961442,-7.007586358213,
    16.621475175202));
#283 = CARTESIAN_POINT('',(-33.66355528111,-7.555246860518,
    16.710218993699));
#284 = CARTESIAN_POINT('',(-33.6054846951,-7.812927274805,
    16.725684329535));
#285 = CARTESIAN_POINT('',(-33.544844398,-8.071208359505,16.714316648208
    ));
#286 = CARTESIAN_POINT('',(-33.48271779881,-8.325286744482,
    16.676159697416));
#287 = CARTESIAN_POINT('',(-33.42042132651,-8.57052982144,16.61264467383
    ));
#288 = CARTESIAN_POINT('',(-33.35939276895,-8.802755852427,
    16.526551024131));
#289 = CARTESIAN_POINT('',(-33.30103400048,-9.018466553349,
    16.421977996398));
#290 = CARTESIAN_POINT('',(-33.18081413511,-9.452203297651,
    16.162364546753));
#291 = CARTESIAN_POINT('',(-33.11974699286,-9.665012511363,
    15.999257304412));
#292 = CARTESIAN_POINT('',(-33.06400485165,-9.853740378284,
    15.819689044804));
#293 = CARTESIAN_POINT('',(-33.01401677154,-10.01908598073,
    15.627368701878));
#294 = CARTESIAN_POINT('',(-32.97002445194,-10.16193190445,
    15.425251123126));
#295 = CARTESIAN_POINT('',(-32.93213822357,-10.28319077166,
    15.21569510469));
#296 = CARTESIAN_POINT('',(-32.90039292961,-10.38370229693,
    15.000573858528));
#297 = CARTESIAN_POINT('',(-32.8463339369,-10.55353711463,
    14.537799090609));
#298 = CARTESIAN_POINT('',(-32.82543366193,-10.61823768167,
    14.288972708342));
#299 = CARTESIAN_POINT('',(-32.81210140721,-10.65912641444,
    14.036847979784));
#300 = CARTESIAN_POINT('',(-32.80632891044,-10.67675149571,
    13.783021069647));
#301 = CARTESIAN_POINT('',(-32.80810758239,-10.67134072799,
    13.52889168592));
#302 = CARTESIAN_POINT('',(-32.81743963908,-10.64279882752,
    13.275827994354));
#303 = CARTESIAN_POINT('',(-32.83433461884,-10.59069921144,
    13.025329176509));
#304 = CARTESIAN_POINT('',(-32.88111916773,-10.44448993396,
    12.554486138859));
#305 = CARTESIAN_POINT('',(-32.9097515347,-10.35442555143,
    12.333399222122));
#306 = CARTESIAN_POINT('',(-32.94469482829,-10.24346383376,
    12.117262894196));
#307 = CARTESIAN_POINT('',(-32.98593750015,-10.11077974431,
    11.907786615929));
#308 = CARTESIAN_POINT('',(-33.03341223885,-9.955415791411,
    11.707155184756));
#309 = CARTESIAN_POINT('',(-33.08693789409,-9.776382802605,
    11.518151323036));
#310 = CARTESIAN_POINT('',(-33.14615826418,-9.572806198974,
    11.34432677004));
#311 = CARTESIAN_POINT('',(-33.2913127481,-9.056905232825,
    10.996678681025));
#312 = CARTESIAN_POINT('',(-33.38322158068,-8.719357974482,
    10.827033549101));
#313 = CARTESIAN_POINT('',(-33.48173648122,-8.340868027049,
    10.704956005868));
#314 = CARTESIAN_POINT('',(-33.58101053542,-7.936170010224,
    10.645425457872));
#315 = CARTESIAN_POINT('',(-33.67511413845,-7.524011065486,
    10.654902855151));
#316 = CARTESIAN_POINT('',(-33.76015070547,-7.124119964544,
    10.731335670269));
#317 = CARTESIAN_POINT('',(-33.83400504546,-6.754303057094,
    10.863982837068));
#318 = CARTESIAN_POINT('',(-33.97597347719,-6.005644065335,
    11.251939008996));
#319 = CARTESIAN_POINT('',(-34.03718384229,-5.650043141194,
    11.534724371525));
#320 = CARTESIAN_POINT('',(-34.08294207423,-5.361525948469,
    11.858330577554));
#321 = CARTESIAN_POINT('',(-34.11657324551,-5.136707304069,
    12.207961241913));
#322 = CARTESIAN_POINT('',(-34.14029041112,-4.971684848422,
    12.57330180556));
#323 = CARTESIAN_POINT('',(-34.15560184892,-4.862914075033,
    12.947636526669));
#324 = CARTESIAN_POINT('',(-34.16328748886,-4.808304062076,
    13.326489655214));
#325 = CARTESIAN_POINT('',(-34.16328748886,-4.808304062076,13.70625));
#326 = CYLINDRICAL_SURFACE('',#327,34.5);
#327 = AXIS2_PLACEMENT_3D('',#328,#329,#330);
#328 = CARTESIAN_POINT('',(0.,0.,8.));
#329 = DIRECTION('',(0.,0.,1.));
#330 = DIRECTION('',(1.,0.,0.));
#331 = ADVANCED_FACE('',(#332,#335),#346,.T.);
#332 = FACE_BOUND('',#333,.T.);
#333 = EDGE_LOOP('',(#334));
#334 = ORIENTED_EDGE('',*,*,#255,.T.);
#335 = FACE_BOUND('',#336,.T.);
#336 = EDGE_LOOP('',(#337));
#337 = ORIENTED_EDGE('',*,*,#338,.F.);
#338 = EDGE_CURVE('',#339,#339,#341,.T.);
#339 = VERTEX_POINT('',#340);
#340 = CARTESIAN_POINT('',(34.,-8.E-15,17.3));
#341 = CIRCLE('',#342,34.);
#342 = AXIS2_PLACEMENT_3D('',#343,#344,#345);
#343 = CARTESIAN_POINT('',(0.,0.,17.3));
#344 = DIRECTION('',(0.,0.,1.));
#345 = DIRECTION('',(1.,0.,0.));
#346 = PLANE('',#347);
#347 = AXIS2_PLACEMENT_3D('',#348,#349,#350);
#348 = CARTESIAN_POINT('',(0.,0.,17.3));
#349 = DIRECTION('',(0.,0.,1.));
#350 = DIRECTION('',(1.,0.,0.));
#351 = ADVANCED_FACE('',(#352),#371,.F.);
#352 = FACE_BOUND('',#353,.F.);
#353 = EDGE_LOOP('',(#354,#362,#369,#370));
#354 = ORIENTED_EDGE('',*,*,#355,.T.);
#355 = EDGE_CURVE('',#265,#356,#358,.T.);
#356 = VERTEX_POINT('',#357);
#357 = CARTESIAN_POINT('',(-32.5367542815,-4.432789282689,13.70625));
#358 = LINE('',#359,#360);
#359 = CARTESIAN_POINT('',(-36.23936052769,-5.287603289195,13.70625));
#360 = VECTOR('',#361,1.);
#361 = DIRECTION('',(0.974370064785,0.224951054344,0.));
#362 = ORIENTED_EDGE('',*,*,#363,.F.);
#363 = EDGE_CURVE('',#356,#356,#364,.T.);
#364 = CIRCLE('',#365,3.);
#365 = AXIS2_PLACEMENT_3D('',#366,#367,#368);
#366 = CARTESIAN_POINT('',(-31.86190111847,-7.355899477044,13.70625));
#367 = DIRECTION('',(0.974370064785,0.224951054344,-0.));
#368 = DIRECTION('',(-0.224951054344,0.974370064785,0.));
#369 = ORIENTED_EDGE('',*,*,#355,.F.);
#370 = ORIENTED_EDGE('',*,*,#264,.T.);
#371 = CYLINDRICAL_SURFACE('',#372,3.);
#372 = AXIS2_PLACEMENT_3D('',#373,#374,#375);
#373 = CARTESIAN_POINT('',(-35.56450736466,-8.210713483551,13.70625));
#374 = DIRECTION('',(0.974370064785,0.224951054344,0.));
#375 = DIRECTION('',(-0.224951054344,0.974370064785,0.));
#376 = ADVANCED_FACE('',(#377),#396,.T.);
#377 = FACE_BOUND('',#378,.T.);
#378 = EDGE_LOOP('',(#379,#388,#394,#395));
#379 = ORIENTED_EDGE('',*,*,#380,.F.);
#380 = EDGE_CURVE('',#381,#381,#383,.T.);
#381 = VERTEX_POINT('',#382);
#382 = CARTESIAN_POINT('',(34.,-8.E-15,18.7));
#383 = CIRCLE('',#384,34.);
#384 = AXIS2_PLACEMENT_3D('',#385,#386,#387);
#385 = CARTESIAN_POINT('',(0.,0.,18.7));
#386 = DIRECTION('',(0.,0.,1.));
#387 = DIRECTION('',(1.,0.,0.));
#388 = ORIENTED_EDGE('',*,*,#389,.F.);
#389 = EDGE_CURVE('',#339,#381,#390,.T.);
#390 = LINE('',#391,#392);
#391 = CARTESIAN_POINT('',(34.,-8.33E-15,16.3));
#392 = VECTOR('',#393,1.);
#393 = DIRECTION('',(0.,0.,1.));
#394 = ORIENTED_EDGE('',*,*,#338,.T.);
#395 = ORIENTED_EDGE('',*,*,#389,.T.);
#396 = CYLINDRICAL_SURFACE('',#397,34.);
#397 = AXIS2_PLACEMENT_3D('',#398,#399,#400);
#398 = CARTESIAN_POINT('',(0.,0.,16.3));
#399 = DIRECTION('',(0.,0.,1.));
#400 = DIRECTION('',(1.,0.,0.));
#401 = ADVANCED_FACE('',(#402,#405),#416,.F.);
#402 = FACE_BOUND('',#403,.F.);
#403 = EDGE_LOOP('',(#404));
#404 = ORIENTED_EDGE('',*,*,#363,.T.);
#405 = FACE_BOUND('',#406,.F.);
#406 = EDGE_LOOP('',(#407));
#407 = ORIENTED_EDGE('',*,*,#408,.F.);
#408 = EDGE_CURVE('',#409,#409,#411,.T.);
#409 = VERTEX_POINT('',#410);
#410 = CARTESIAN_POINT('',(-32.23307035814,-5.748188870149,13.70625));
#411 = CIRCLE('',#412,1.65);
#412 = AXIS2_PLACEMENT_3D('',#413,#414,#415);
#413 = CARTESIAN_POINT('',(-31.86190111847,-7.355899477044,13.70625));
#414 = DIRECTION('',(0.974370064785,0.224951054344,-0.));
#415 = DIRECTION('',(-0.224951054344,0.974370064785,0.));
#416 = PLANE('',#417);
#417 = AXIS2_PLACEMENT_3D('',#418,#419,#420);
#418 = CARTESIAN_POINT('',(-31.86190111847,-7.355899477044,13.70625));
#419 = DIRECTION('',(0.974370064785,0.224951054344,0.));
#420 = DIRECTION('',(-0.224951054344,0.974370064785,0.));
#421 = ADVANCED_FACE('',(#422,#433),#436,.F.);
#422 = FACE_BOUND('',#423,.F.);
#423 = EDGE_LOOP('',(#424));
#424 = ORIENTED_EDGE('',*,*,#425,.T.);
#425 = EDGE_CURVE('',#426,#426,#428,.T.);
#426 = VERTEX_POINT('',#427);
#427 = CARTESIAN_POINT('',(34.5,-8.E-15,18.7));
#428 = CIRCLE('',#429,34.5);
#429 = AXIS2_PLACEMENT_3D('',#430,#431,#432);
#430 = CARTESIAN_POINT('',(0.,0.,18.7));
#431 = DIRECTION('',(0.,0.,1.));
#432 = DIRECTION('',(1.,0.,0.));
#433 = FACE_BOUND('',#434,.F.);
#434 = EDGE_LOOP('',(#435));
#435 = ORIENTED_EDGE('',*,*,#380,.F.);
#436 = PLANE('',#437);
#437 = AXIS2_PLACEMENT_3D('',#438,#439,#440);
#438 = CARTESIAN_POINT('',(0.,0.,18.7));
#439 = DIRECTION('',(0.,0.,1.));
#440 = DIRECTION('',(1.,0.,0.));
#441 = ADVANCED_FACE('',(#442),#501,.F.);
#442 = FACE_BOUND('',#443,.F.);
#443 = EDGE_LOOP('',(#444,#452,#499,#500));
#444 = ORIENTED_EDGE('',*,*,#445,.T.);
#445 = EDGE_CURVE('',#409,#446,#448,.T.);
#446 = VERTEX_POINT('',#447);
#447 = CARTESIAN_POINT('',(-28.09413803194,-4.792641050808,13.70625));
#448 = LINE('',#449,#450);
#449 = CARTESIAN_POINT('',(-35.93567660432,-6.603002876655,13.70625));
#450 = VECTOR('',#451,1.);
#451 = DIRECTION('',(0.974370064785,0.224951054344,0.));
#452 = ORIENTED_EDGE('',*,*,#453,.F.);
#453 = EDGE_CURVE('',#446,#446,#454,.T.);
#454 = B_SPLINE_CURVE_WITH_KNOTS('',7,(#455,#456,#457,#458,#459,#460,
    #461,#462,#463,#464,#465,#466,#467,#468,#469,#470,#471,#472,#473,
    #474,#475,#476,#477,#478,#479,#480,#481,#482,#483,#484,#485,#486,
    #487,#488,#489,#490,#491,#492,#493,#494,#495,#496,#497,#498),
  .UNSPECIFIED.,.T.,.F.,(8,6,6,6,6,6,6,8),(0.,0.152560758648,
    0.285746327028,0.421999664274,0.588492229873,0.714359683796,
    0.837998651216,1.),.UNSPECIFIED.);
#455 = CARTESIAN_POINT('',(-28.09413803194,-4.792641050808,13.70625));
#456 = CARTESIAN_POINT('',(-28.09413803194,-4.792641050808,
    13.90353714553));
#457 = CARTESIAN_POINT('',(-28.08950240131,-4.819814327727,
    14.100747374997));
#458 = CARTESIAN_POINT('',(-28.08023683847,-4.874130903718,
    14.295452251246));
#459 = CARTESIAN_POINT('',(-28.06604195238,-4.956335105939,
    14.484896645515));
#460 = CARTESIAN_POINT('',(-28.04638051668,-5.067611392612,
    14.665483307095));
#461 = CARTESIAN_POINT('',(-28.02043080956,-5.209259093625,
    14.832220558202));
#462 = CARTESIAN_POINT('',(-27.95823324092,-5.532699288302,
    15.104510378677));
#463 = CARTESIAN_POINT('',(-27.92271615733,-5.712283565073,
    15.219500484057));
#464 = CARTESIAN_POINT('',(-27.88071809184,-5.916941128687,
    15.309535419105));
#465 = CARTESIAN_POINT('',(-27.83294565897,-6.139097665401,
    15.365639276846));
#466 = CARTESIAN_POINT('',(-27.78094123183,-6.368789870456,
    15.382991201469));
#467 = CARTESIAN_POINT('',(-27.72718913253,-6.595593674049,
    15.361168134271));
#468 = CARTESIAN_POINT('',(-27.62031882635,-7.029874709493,
    15.246348993354));
#469 = CARTESIAN_POINT('',(-27.56909922318,-7.229249199402,
    15.15371945976));
#470 = CARTESIAN_POINT('',(-27.52223955092,-7.404980788088,
    15.034278841374));
#471 = CARTESIAN_POINT('',(-27.48090736361,-7.555620982648,
    14.894570524969));
#472 = CARTESIAN_POINT('',(-27.44585140515,-7.68076658856,
    14.740393881959));
#473 = CARTESIAN_POINT('',(-27.41741787782,-7.780840232944,
    14.576932664307));
#474 = CARTESIAN_POINT('',(-27.36888371815,-7.950067771566,
    14.203321523003));
#475 = CARTESIAN_POINT('',(-27.35165587374,-8.00874553571,
    13.987956984944));
#476 = CARTESIAN_POINT('',(-27.34391946885,-8.034782284597,
    13.767519956213));
#477 = CARTESIAN_POINT('',(-27.34573028382,-8.028667277964,
    13.545478645957));
#478 = CARTESIAN_POINT('',(-27.35717732106,-7.990041432922,
    13.325589366286));
#479 = CARTESIAN_POINT('',(-27.3782189157,-7.918039944048,
    13.112238521399));
#480 = CARTESIAN_POINT('',(-27.43144118544,-7.731301499277,
    12.759490699349));
#481 = CARTESIAN_POINT('',(-27.45997027088,-7.630159040477,
    12.612634848324));
#482 = CARTESIAN_POINT('',(-27.49407210816,-7.507454738691,
    12.474820911363));
#483 = CARTESIAN_POINT('',(-27.53338616065,-7.363054263992,
    12.350444752949));
#484 = CARTESIAN_POINT('',(-27.57723440943,-7.197535371271,
    12.244271854008));
#485 = CARTESIAN_POINT('',(-27.62463710856,-7.012326822369,
    12.161511537823));
#486 = CARTESIAN_POINT('',(-27.72320726363,-6.611774503049,
    12.055609899383));
#487 = CARTESIAN_POINT('',(-27.77303504508,-6.402133176767,
    12.032791020027));
#488 = CARTESIAN_POINT('',(-27.82162838622,-6.188968164204,
    12.043531342615));
#489 = CARTESIAN_POINT('',(-27.86688196861,-5.980935836693,
    12.08795083606));
#490 = CARTESIAN_POINT('',(-27.9073739066,-5.78646497394,12.162570367678
    ));
#491 = CARTESIAN_POINT('',(-27.94235901274,-5.612298846023,
    12.260473571679));
#492 = CARTESIAN_POINT('',(-28.00998581229,-5.2659985473,12.516679613853
    ));
#493 = CARTESIAN_POINT('',(-28.03980855004,-5.104729305506,
    12.689131939163));
#494 = CARTESIAN_POINT('',(-28.06225652934,-4.978237321214,
    12.878836341509));
#495 = CARTESIAN_POINT('',(-28.07839196591,-4.884947938453,
    13.079456701062));
#496 = CARTESIAN_POINT('',(-28.08888706907,-4.823420725464,
    13.286373684784));
#497 = CARTESIAN_POINT('',(-28.09413803194,-4.792641050808,
    13.496284653213));
#498 = CARTESIAN_POINT('',(-28.09413803194,-4.792641050808,13.70625));
#499 = ORIENTED_EDGE('',*,*,#445,.F.);
#500 = ORIENTED_EDGE('',*,*,#408,.T.);
#501 = CYLINDRICAL_SURFACE('',#502,1.65);
#502 = AXIS2_PLACEMENT_3D('',#503,#504,#505);
#503 = CARTESIAN_POINT('',(-35.56450736466,-8.210713483551,13.70625));
#504 = DIRECTION('',(0.974370064785,0.224951054344,0.));
#505 = DIRECTION('',(-0.224951054344,0.974370064785,0.));
#506 = ADVANCED_FACE('',(#507,#687),#690,.F.);
#507 = FACE_BOUND('',#508,.F.);
#508 = EDGE_LOOP('',(#509,#520,#528,#535,#536,#545,#553,#562,#570,#579,
    #587,#596,#604,#613,#621,#630,#638,#647,#655,#664,#672,#681));
#509 = ORIENTED_EDGE('',*,*,#510,.T.);
#510 = EDGE_CURVE('',#511,#513,#515,.T.);
#511 = VERTEX_POINT('',#512);
#512 = CARTESIAN_POINT('',(27.769546846379,-6.4111050488,14.85));
#513 = VERTEX_POINT('',#514);
#514 = CARTESIAN_POINT('',(28.5,-7.E-15,14.85));
#515 = CIRCLE('',#516,28.5);
#516 = AXIS2_PLACEMENT_3D('',#517,#518,#519);
#517 = CARTESIAN_POINT('',(0.,0.,14.85));
#518 = DIRECTION('',(0.,0.,1.));
#519 = DIRECTION('',(1.,0.,0.));
#520 = ORIENTED_EDGE('',*,*,#521,.T.);
#521 = EDGE_CURVE('',#513,#522,#524,.T.);
#522 = VERTEX_POINT('',#523);
#523 = CARTESIAN_POINT('',(28.5,-7.E-15,21.));
#524 = LINE('',#525,#526);
#525 = CARTESIAN_POINT('',(28.5,-6.98E-15,7.));
#526 = VECTOR('',#527,1.);
#527 = DIRECTION('',(0.,0.,1.));
#528 = ORIENTED_EDGE('',*,*,#529,.F.);
#529 = EDGE_CURVE('',#522,#522,#530,.T.);
#530 = CIRCLE('',#531,28.5);
#531 = AXIS2_PLACEMENT_3D('',#532,#533,#534);
#532 = CARTESIAN_POINT('',(0.,0.,21.));
#533 = DIRECTION('',(0.,0.,1.));
#534 = DIRECTION('',(1.,0.,0.));
#535 = ORIENTED_EDGE('',*,*,#521,.F.);
#536 = ORIENTED_EDGE('',*,*,#537,.T.);
#537 = EDGE_CURVE('',#513,#538,#540,.T.);
#538 = VERTEX_POINT('',#539);
#539 = CARTESIAN_POINT('',(21.927887318837,18.204882799195,14.85));
#540 = CIRCLE('',#541,28.5);
#541 = AXIS2_PLACEMENT_3D('',#542,#543,#544);
#542 = CARTESIAN_POINT('',(0.,0.,14.85));
#543 = DIRECTION('',(0.,0.,1.));
#544 = DIRECTION('',(1.,0.,0.));
#545 = ORIENTED_EDGE('',*,*,#546,.F.);
#546 = EDGE_CURVE('',#547,#538,#549,.T.);
#547 = VERTEX_POINT('',#548);
#548 = CARTESIAN_POINT('',(21.927887318837,18.204882799195,11.65));
#549 = LINE('',#550,#551);
#550 = CARTESIAN_POINT('',(21.927887318837,18.204882799195,7.));
#551 = VECTOR('',#552,1.);
#552 = DIRECTION('',(0.,0.,1.));
#553 = ORIENTED_EDGE('',*,*,#554,.F.);
#554 = EDGE_CURVE('',#555,#547,#557,.T.);
#555 = VERTEX_POINT('',#556);
#556 = CARTESIAN_POINT('',(27.769546846379,6.4111050488,11.65));
#557 = CIRCLE('',#558,28.5);
#558 = AXIS2_PLACEMENT_3D('',#559,#560,#561);
#559 = CARTESIAN_POINT('',(0.,0.,11.65));
#560 = DIRECTION('',(0.,0.,1.));
#561 = DIRECTION('',(1.,0.,0.));
#562 = ORIENTED_EDGE('',*,*,#563,.F.);
#563 = EDGE_CURVE('',#564,#555,#566,.T.);
#564 = VERTEX_POINT('',#565);
#565 = CARTESIAN_POINT('',(27.769546846379,6.4111050488,8.));
#566 = LINE('',#567,#568);
#567 = CARTESIAN_POINT('',(27.769546846379,6.4111050488,7.));
#568 = VECTOR('',#569,1.);
#569 = DIRECTION('',(0.,0.,1.));
#570 = ORIENTED_EDGE('',*,*,#571,.T.);
#571 = EDGE_CURVE('',#564,#572,#574,.T.);
#572 = VERTEX_POINT('',#573);
#573 = CARTESIAN_POINT('',(-8.332593584598,27.254685544947,8.));
#574 = CIRCLE('',#575,28.5);
#575 = AXIS2_PLACEMENT_3D('',#576,#577,#578);
#576 = CARTESIAN_POINT('',(0.,0.,8.));
#577 = DIRECTION('',(0.,0.,1.));
#578 = DIRECTION('',(1.,0.,0.));
#579 = ORIENTED_EDGE('',*,*,#580,.T.);
#580 = EDGE_CURVE('',#572,#581,#583,.T.);
#581 = VERTEX_POINT('',#582);
#582 = CARTESIAN_POINT('',(-8.332593584598,27.254685544947,14.85));
#583 = LINE('',#584,#585);
#584 = CARTESIAN_POINT('',(-8.332593584598,27.254685544947,7.));
#585 = VECTOR('',#586,1.);
#586 = DIRECTION('',(0.,0.,1.));
#587 = ORIENTED_EDGE('',*,*,#588,.T.);
#588 = EDGE_CURVE('',#581,#589,#591,.T.);
#589 = VERTEX_POINT('',#590);
#590 = CARTESIAN_POINT('',(-26.72983463643,9.887666069838,14.85));
#591 = CIRCLE('',#592,28.5);
#592 = AXIS2_PLACEMENT_3D('',#593,#594,#595);
#593 = CARTESIAN_POINT('',(0.,0.,14.85));
#594 = DIRECTION('',(0.,0.,1.));
#595 = DIRECTION('',(1.,0.,0.));
#596 = ORIENTED_EDGE('',*,*,#597,.F.);
#597 = EDGE_CURVE('',#598,#589,#600,.T.);
#598 = VERTEX_POINT('',#599);
#599 = CARTESIAN_POINT('',(-26.72983463643,9.887666069838,11.65));
#600 = LINE('',#601,#602);
#601 = CARTESIAN_POINT('',(-26.72983463643,9.887666069838,7.));
#602 = VECTOR('',#603,1.);
#603 = DIRECTION('',(0.,0.,1.));
#604 = ORIENTED_EDGE('',*,*,#605,.F.);
#605 = EDGE_CURVE('',#606,#598,#608,.T.);
#606 = VERTEX_POINT('',#607);
#607 = CARTESIAN_POINT('',(-19.43695326178,20.843580496146,11.65));
#608 = CIRCLE('',#609,28.5);
#609 = AXIS2_PLACEMENT_3D('',#610,#611,#612);
#610 = CARTESIAN_POINT('',(0.,0.,11.65));
#611 = DIRECTION('',(0.,0.,1.));
#612 = DIRECTION('',(1.,0.,0.));
#613 = ORIENTED_EDGE('',*,*,#614,.F.);
#614 = EDGE_CURVE('',#615,#606,#617,.T.);
#615 = VERTEX_POINT('',#616);
#616 = CARTESIAN_POINT('',(-19.43695326178,20.843580496146,8.));
#617 = LINE('',#618,#619);
#618 = CARTESIAN_POINT('',(-19.43695326178,20.843580496146,7.));
#619 = VECTOR('',#620,1.);
#620 = DIRECTION('',(0.,0.,1.));
#621 = ORIENTED_EDGE('',*,*,#622,.T.);
#622 = EDGE_CURVE('',#615,#623,#625,.T.);
#623 = VERTEX_POINT('',#624);
#624 = CARTESIAN_POINT('',(-19.43695326178,-20.84358049614,8.));
#625 = CIRCLE('',#626,28.5);
#626 = AXIS2_PLACEMENT_3D('',#627,#628,#629);
#627 = CARTESIAN_POINT('',(0.,0.,8.));
#628 = DIRECTION('',(0.,0.,1.));
#629 = DIRECTION('',(1.,0.,0.));
#630 = ORIENTED_EDGE('',*,*,#631,.T.);
#631 = EDGE_CURVE('',#623,#632,#634,.T.);
#632 = VERTEX_POINT('',#633);
#633 = CARTESIAN_POINT('',(-19.43695326178,-20.84358049614,14.85));
#634 = LINE('',#635,#636);
#635 = CARTESIAN_POINT('',(-19.43695326178,-20.84358049614,7.));
#636 = VECTOR('',#637,1.);
#637 = DIRECTION('',(0.,0.,1.));
#638 = ORIENTED_EDGE('',*,*,#639,.T.);
#639 = EDGE_CURVE('',#632,#640,#642,.T.);
#640 = VERTEX_POINT('',#641);
#641 = CARTESIAN_POINT('',(4.801947317603,-28.09254886903,14.85));
#642 = CIRCLE('',#643,28.5);
#643 = AXIS2_PLACEMENT_3D('',#644,#645,#646);
#644 = CARTESIAN_POINT('',(0.,0.,14.85));
#645 = DIRECTION('',(0.,0.,1.));
#646 = DIRECTION('',(1.,0.,0.));
#647 = ORIENTED_EDGE('',*,*,#648,.F.);
#648 = EDGE_CURVE('',#649,#640,#651,.T.);
#649 = VERTEX_POINT('',#650);
#650 = CARTESIAN_POINT('',(4.801947317603,-28.09254886903,11.65));
#651 = LINE('',#652,#653);
#652 = CARTESIAN_POINT('',(4.801947317603,-28.09254886903,7.));
#653 = VECTOR('',#654,1.);
#654 = DIRECTION('',(0.,0.,1.));
#655 = ORIENTED_EDGE('',*,*,#656,.F.);
#656 = EDGE_CURVE('',#657,#649,#659,.T.);
#657 = VERTEX_POINT('',#658);
#658 = CARTESIAN_POINT('',(-8.332593584598,-27.25468554494,11.65));
#659 = CIRCLE('',#660,28.5);
#660 = AXIS2_PLACEMENT_3D('',#661,#662,#663);
#661 = CARTESIAN_POINT('',(0.,0.,11.65));
#662 = DIRECTION('',(0.,0.,1.));
#663 = DIRECTION('',(1.,0.,0.));
#664 = ORIENTED_EDGE('',*,*,#665,.F.);
#665 = EDGE_CURVE('',#666,#657,#668,.T.);
#666 = VERTEX_POINT('',#667);
#667 = CARTESIAN_POINT('',(-8.332593584598,-27.25468554494,8.));
#668 = LINE('',#669,#670);
#669 = CARTESIAN_POINT('',(-8.332593584598,-27.25468554494,7.));
#670 = VECTOR('',#671,1.);
#671 = DIRECTION('',(0.,0.,1.));
#672 = ORIENTED_EDGE('',*,*,#673,.T.);
#673 = EDGE_CURVE('',#666,#674,#676,.T.);
#674 = VERTEX_POINT('',#675);
#675 = CARTESIAN_POINT('',(27.769546846379,-6.4111050488,8.));
#676 = CIRCLE('',#677,28.5);
#677 = AXIS2_PLACEMENT_3D('',#678,#679,#680);
#678 = CARTESIAN_POINT('',(0.,0.,8.));
#679 = DIRECTION('',(0.,0.,1.));
#680 = DIRECTION('',(1.,0.,0.));
#681 = ORIENTED_EDGE('',*,*,#682,.T.);
#682 = EDGE_CURVE('',#674,#511,#683,.T.);
#683 = LINE('',#684,#685);
#684 = CARTESIAN_POINT('',(27.769546846379,-6.4111050488,7.));
#685 = VECTOR('',#686,1.);
#686 = DIRECTION('',(0.,0.,1.));
#687 = FACE_BOUND('',#688,.F.);
#688 = EDGE_LOOP('',(#689));
#689 = ORIENTED_EDGE('',*,*,#453,.T.);
#690 = CYLINDRICAL_SURFACE('',#691,28.5);
#691 = AXIS2_PLACEMENT_3D('',#692,#693,#694);
#692 = CARTESIAN_POINT('',(0.,0.,7.));
#693 = DIRECTION('',(0.,0.,1.));
#694 = DIRECTION('',(1.,0.,0.));
#695 = ADVANCED_FACE('',(#696),#721,.T.);
#696 = FACE_BOUND('',#697,.T.);
#697 = EDGE_LOOP('',(#698,#706,#707,#715));
#698 = ORIENTED_EDGE('',*,*,#699,.F.);
#699 = EDGE_CURVE('',#606,#700,#702,.T.);
#700 = VERTEX_POINT('',#701);
#701 = CARTESIAN_POINT('',(-21.14194916193,22.671964750194,11.65));
#702 = LINE('',#703,#704);
#703 = CARTESIAN_POINT('',(0.,0.,11.65));
#704 = VECTOR('',#705,1.);
#705 = DIRECTION('',(-0.681998360062,0.731353701619,0.));
#706 = ORIENTED_EDGE('',*,*,#614,.F.);
#707 = ORIENTED_EDGE('',*,*,#708,.T.);
#708 = EDGE_CURVE('',#615,#709,#711,.T.);
#709 = VERTEX_POINT('',#710);
#710 = CARTESIAN_POINT('',(-21.14194916193,22.671964750194,8.));
#711 = LINE('',#712,#713);
#712 = CARTESIAN_POINT('',(0.,0.,8.));
#713 = VECTOR('',#714,1.);
#714 = DIRECTION('',(-0.681998360062,0.731353701619,0.));
#715 = ORIENTED_EDGE('',*,*,#716,.T.);
#716 = EDGE_CURVE('',#709,#700,#717,.T.);
#717 = LINE('',#718,#719);
#718 = CARTESIAN_POINT('',(-21.14194916193,22.671964750194,7.));
#719 = VECTOR('',#720,1.);
#720 = DIRECTION('',(0.,0.,1.));
#721 = PLANE('',#722);
#722 = AXIS2_PLACEMENT_3D('',#723,#724,#725);
#723 = CARTESIAN_POINT('',(0.,0.,7.));
#724 = DIRECTION('',(0.731353701619,0.681998360062,0.));
#725 = DIRECTION('',(-0.681998360062,0.731353701619,0.));
#726 = ADVANCED_FACE('',(#727),#752,.T.);
#727 = FACE_BOUND('',#728,.T.);
#728 = EDGE_LOOP('',(#729,#737,#738,#746));
#729 = ORIENTED_EDGE('',*,*,#730,.F.);
#730 = EDGE_CURVE('',#657,#731,#733,.T.);
#731 = VERTEX_POINT('',#732);
#732 = CARTESIAN_POINT('',(-9.063522846405,-29.64544743485,11.65));
#733 = LINE('',#734,#735);
#734 = CARTESIAN_POINT('',(0.,0.,11.65));
#735 = VECTOR('',#736,1.);
#736 = DIRECTION('',(-0.292371704723,-0.956304755963,0.));
#737 = ORIENTED_EDGE('',*,*,#665,.F.);
#738 = ORIENTED_EDGE('',*,*,#739,.T.);
#739 = EDGE_CURVE('',#666,#740,#742,.T.);
#740 = VERTEX_POINT('',#741);
#741 = CARTESIAN_POINT('',(-9.063522846405,-29.64544743485,8.));
#742 = LINE('',#743,#744);
#743 = CARTESIAN_POINT('',(0.,0.,8.));
#744 = VECTOR('',#745,1.);
#745 = DIRECTION('',(-0.292371704723,-0.956304755963,0.));
#746 = ORIENTED_EDGE('',*,*,#747,.T.);
#747 = EDGE_CURVE('',#740,#731,#748,.T.);
#748 = LINE('',#749,#750);
#749 = CARTESIAN_POINT('',(-9.063522846405,-29.64544743485,7.));
#750 = VECTOR('',#751,1.);
#751 = DIRECTION('',(0.,0.,1.));
#752 = PLANE('',#753);
#753 = AXIS2_PLACEMENT_3D('',#754,#755,#756);
#754 = CARTESIAN_POINT('',(0.,0.,7.));
#755 = DIRECTION('',(-0.956304755963,0.292371704723,0.));
#756 = DIRECTION('',(-0.292371704723,-0.956304755963,0.));
#757 = ADVANCED_FACE('',(#758),#783,.T.);
#758 = FACE_BOUND('',#759,.T.);
#759 = EDGE_LOOP('',(#760,#768,#769,#777));
#760 = ORIENTED_EDGE('',*,*,#761,.F.);
#761 = EDGE_CURVE('',#555,#762,#764,.T.);
#762 = VERTEX_POINT('',#763);
#763 = CARTESIAN_POINT('',(30.205472008342,6.97348268466,11.65));
#764 = LINE('',#765,#766);
#765 = CARTESIAN_POINT('',(0.,0.,11.65));
#766 = VECTOR('',#767,1.);
#767 = DIRECTION('',(0.974370064785,0.224951054344,0.));
#768 = ORIENTED_EDGE('',*,*,#563,.F.);
#769 = ORIENTED_EDGE('',*,*,#770,.T.);
#770 = EDGE_CURVE('',#564,#771,#773,.T.);
#771 = VERTEX_POINT('',#772);
#772 = CARTESIAN_POINT('',(30.205472008342,6.97348268466,8.));
#773 = LINE('',#774,#775);
#774 = CARTESIAN_POINT('',(0.,0.,8.));
#775 = VECTOR('',#776,1.);
#776 = DIRECTION('',(0.974370064785,0.224951054344,0.));
#777 = ORIENTED_EDGE('',*,*,#778,.T.);
#778 = EDGE_CURVE('',#771,#762,#779,.T.);
#779 = LINE('',#780,#781);
#780 = CARTESIAN_POINT('',(30.205472008342,6.97348268466,7.));
#781 = VECTOR('',#782,1.);
#782 = DIRECTION('',(0.,0.,1.));
#783 = PLANE('',#784);
#784 = AXIS2_PLACEMENT_3D('',#785,#786,#787);
#785 = CARTESIAN_POINT('',(0.,0.,7.));
#786 = DIRECTION('',(0.224951054344,-0.974370064785,0.));
#787 = DIRECTION('',(0.974370064785,0.224951054344,0.));
#788 = ADVANCED_FACE('',(#789),#808,.T.);
#789 = FACE_BOUND('',#790,.T.);
#790 = EDGE_LOOP('',(#791,#799,#800,#801));
#791 = ORIENTED_EDGE('',*,*,#792,.F.);
#792 = EDGE_CURVE('',#426,#793,#795,.T.);
#793 = VERTEX_POINT('',#794);
#794 = CARTESIAN_POINT('',(34.5,-8.E-15,19.8));
#795 = LINE('',#796,#797);
#796 = CARTESIAN_POINT('',(34.5,-8.45E-15,8.));
#797 = VECTOR('',#798,1.);
#798 = DIRECTION('',(0.,0.,1.));
#799 = ORIENTED_EDGE('',*,*,#425,.T.);
#800 = ORIENTED_EDGE('',*,*,#792,.T.);
#801 = ORIENTED_EDGE('',*,*,#802,.F.);
#802 = EDGE_CURVE('',#793,#793,#803,.T.);
#803 = CIRCLE('',#804,34.5);
#804 = AXIS2_PLACEMENT_3D('',#805,#806,#807);
#805 = CARTESIAN_POINT('',(0.,0.,19.8));
#806 = DIRECTION('',(0.,0.,1.));
#807 = DIRECTION('',(1.,0.,0.));
#808 = CYLINDRICAL_SURFACE('',#809,34.5);
#809 = AXIS2_PLACEMENT_3D('',#810,#811,#812);
#810 = CARTESIAN_POINT('',(0.,0.,8.));
#811 = DIRECTION('',(0.,0.,1.));
#812 = DIRECTION('',(1.,0.,0.));
#813 = ADVANCED_FACE('',(#814),#841,.F.);
#814 = FACE_BOUND('',#815,.F.);
#815 = EDGE_LOOP('',(#816,#827,#833,#834,#835));
#816 = ORIENTED_EDGE('',*,*,#817,.T.);
#817 = EDGE_CURVE('',#818,#820,#822,.T.);
#818 = VERTEX_POINT('',#819);
#819 = CARTESIAN_POINT('',(30.205472008342,-6.97348268466,14.85));
#820 = VERTEX_POINT('',#821);
#821 = CARTESIAN_POINT('',(23.851386206454,19.801802342984,14.85));
#822 = CIRCLE('',#823,31.);
#823 = AXIS2_PLACEMENT_3D('',#824,#825,#826);
#824 = CARTESIAN_POINT('',(0.,0.,14.85));
#825 = DIRECTION('',(-0.,0.,1.));
#826 = DIRECTION('',(0.974370064785,-0.224951054344,0.));
#827 = ORIENTED_EDGE('',*,*,#828,.F.);
#828 = EDGE_CURVE('',#538,#820,#829,.T.);
#829 = LINE('',#830,#831);
#830 = CARTESIAN_POINT('',(0.,0.,14.85));
#831 = VECTOR('',#832,1.);
#832 = DIRECTION('',(0.769399555047,0.638767817516,0.));
#833 = ORIENTED_EDGE('',*,*,#537,.F.);
#834 = ORIENTED_EDGE('',*,*,#510,.F.);
#835 = ORIENTED_EDGE('',*,*,#836,.T.);
#836 = EDGE_CURVE('',#511,#818,#837,.T.);
#837 = LINE('',#838,#839);
#838 = CARTESIAN_POINT('',(0.,0.,14.85));
#839 = VECTOR('',#840,1.);
#840 = DIRECTION('',(0.974370064785,-0.224951054344,0.));
#841 = PLANE('',#842);
#842 = AXIS2_PLACEMENT_3D('',#843,#844,#845);
#843 = CARTESIAN_POINT('',(0.,0.,14.85));
#844 = DIRECTION('',(0.,0.,1.));
#845 = DIRECTION('',(0.974370064785,-0.224951054344,0.));
#846 = ADVANCED_FACE('',(#847),#866,.T.);
#847 = FACE_BOUND('',#848,.T.);
#848 = EDGE_LOOP('',(#849,#850,#851,#860));
#849 = ORIENTED_EDGE('',*,*,#656,.F.);
#850 = ORIENTED_EDGE('',*,*,#730,.T.);
#851 = ORIENTED_EDGE('',*,*,#852,.T.);
#852 = EDGE_CURVE('',#731,#853,#855,.T.);
#853 = VERTEX_POINT('',#854);
#854 = CARTESIAN_POINT('',(5.223170766515,-30.55680754175,11.65));
#855 = CIRCLE('',#856,31.);
#856 = AXIS2_PLACEMENT_3D('',#857,#858,#859);
#857 = CARTESIAN_POINT('',(0.,0.,11.65));
#858 = DIRECTION('',(0.,0.,1.));
#859 = DIRECTION('',(-0.681998360062,-0.731353701619,0.));
#860 = ORIENTED_EDGE('',*,*,#861,.F.);
#861 = EDGE_CURVE('',#649,#853,#862,.T.);
#862 = LINE('',#863,#864);
#863 = CARTESIAN_POINT('',(0.,0.,11.65));
#864 = VECTOR('',#865,1.);
#865 = DIRECTION('',(0.168489379565,-0.985703469089,0.));
#866 = PLANE('',#867);
#867 = AXIS2_PLACEMENT_3D('',#868,#869,#870);
#868 = CARTESIAN_POINT('',(0.,0.,11.65));
#869 = DIRECTION('',(0.,0.,1.));
#870 = DIRECTION('',(-0.681998360062,-0.731353701619,0.));
#871 = ADVANCED_FACE('',(#872),#890,.T.);
#872 = FACE_BOUND('',#873,.T.);
#873 = EDGE_LOOP('',(#874,#882,#883,#884));
#874 = ORIENTED_EDGE('',*,*,#875,.F.);
#875 = EDGE_CURVE('',#640,#876,#878,.T.);
#876 = VERTEX_POINT('',#877);
#877 = CARTESIAN_POINT('',(5.223170766515,-30.55680754175,14.85));
#878 = LINE('',#879,#880);
#879 = CARTESIAN_POINT('',(0.,0.,14.85));
#880 = VECTOR('',#881,1.);
#881 = DIRECTION('',(0.168489379565,-0.985703469089,0.));
#882 = ORIENTED_EDGE('',*,*,#648,.F.);
#883 = ORIENTED_EDGE('',*,*,#861,.T.);
#884 = ORIENTED_EDGE('',*,*,#885,.T.);
#885 = EDGE_CURVE('',#853,#876,#886,.T.);
#886 = LINE('',#887,#888);
#887 = CARTESIAN_POINT('',(5.223170766515,-30.55680754175,11.65));
#888 = VECTOR('',#889,1.);
#889 = DIRECTION('',(0.,0.,1.));
#890 = PLANE('',#891);
#891 = AXIS2_PLACEMENT_3D('',#892,#893,#894);
#892 = CARTESIAN_POINT('',(0.,0.,11.65));
#893 = DIRECTION('',(-0.985703469089,-0.168489379565,0.));
#894 = DIRECTION('',(0.168489379565,-0.985703469089,0.));
#895 = ADVANCED_FACE('',(#896),#915,.F.);
#896 = FACE_BOUND('',#897,.F.);
#897 = EDGE_LOOP('',(#898,#907,#908,#909));
#898 = ORIENTED_EDGE('',*,*,#899,.T.);
#899 = EDGE_CURVE('',#900,#876,#902,.T.);
#900 = VERTEX_POINT('',#901);
#901 = CARTESIAN_POINT('',(-21.14194916193,-22.67196475019,14.85));
#902 = CIRCLE('',#903,31.);
#903 = AXIS2_PLACEMENT_3D('',#904,#905,#906);
#904 = CARTESIAN_POINT('',(0.,0.,14.85));
#905 = DIRECTION('',(0.,0.,1.));
#906 = DIRECTION('',(-0.681998360062,-0.731353701619,0.));
#907 = ORIENTED_EDGE('',*,*,#875,.F.);
#908 = ORIENTED_EDGE('',*,*,#639,.F.);
#909 = ORIENTED_EDGE('',*,*,#910,.T.);
#910 = EDGE_CURVE('',#632,#900,#911,.T.);
#911 = LINE('',#912,#913);
#912 = CARTESIAN_POINT('',(0.,0.,14.85));
#913 = VECTOR('',#914,1.);
#914 = DIRECTION('',(-0.681998360062,-0.731353701619,0.));
#915 = PLANE('',#916);
#916 = AXIS2_PLACEMENT_3D('',#917,#918,#919);
#917 = CARTESIAN_POINT('',(0.,0.,14.85));
#918 = DIRECTION('',(0.,0.,1.));
#919 = DIRECTION('',(-0.681998360062,-0.731353701619,0.));
#920 = ADVANCED_FACE('',(#921),#940,.T.);
#921 = FACE_BOUND('',#922,.T.);
#922 = EDGE_LOOP('',(#923,#924,#925,#934));
#923 = ORIENTED_EDGE('',*,*,#605,.F.);
#924 = ORIENTED_EDGE('',*,*,#699,.T.);
#925 = ORIENTED_EDGE('',*,*,#926,.T.);
#926 = EDGE_CURVE('',#700,#927,#929,.T.);
#927 = VERTEX_POINT('',#928);
#928 = CARTESIAN_POINT('',(-29.07455697296,10.755005198771,11.65));
#929 = CIRCLE('',#930,31.);
#930 = AXIS2_PLACEMENT_3D('',#931,#932,#933);
#931 = CARTESIAN_POINT('',(0.,0.,11.65));
#932 = DIRECTION('',(0.,0.,1.));
#933 = DIRECTION('',(-0.292371704723,0.956304755963,0.));
#934 = ORIENTED_EDGE('',*,*,#935,.F.);
#935 = EDGE_CURVE('',#598,#927,#936,.T.);
#936 = LINE('',#937,#938);
#937 = CARTESIAN_POINT('',(0.,0.,11.65));
#938 = VECTOR('',#939,1.);
#939 = DIRECTION('',(-0.937888934612,0.346935651573,0.));
#940 = PLANE('',#941);
#941 = AXIS2_PLACEMENT_3D('',#942,#943,#944);
#942 = CARTESIAN_POINT('',(0.,0.,11.65));
#943 = DIRECTION('',(0.,0.,1.));
#944 = DIRECTION('',(-0.292371704723,0.956304755963,0.));
#945 = ADVANCED_FACE('',(#946),#964,.T.);
#946 = FACE_BOUND('',#947,.T.);
#947 = EDGE_LOOP('',(#948,#956,#957,#958));
#948 = ORIENTED_EDGE('',*,*,#949,.F.);
#949 = EDGE_CURVE('',#589,#950,#952,.T.);
#950 = VERTEX_POINT('',#951);
#951 = CARTESIAN_POINT('',(-29.07455697296,10.755005198771,14.85));
#952 = LINE('',#953,#954);
#953 = CARTESIAN_POINT('',(0.,0.,14.85));
#954 = VECTOR('',#955,1.);
#955 = DIRECTION('',(-0.937888934612,0.346935651573,0.));
#956 = ORIENTED_EDGE('',*,*,#597,.F.);
#957 = ORIENTED_EDGE('',*,*,#935,.T.);
#958 = ORIENTED_EDGE('',*,*,#959,.T.);
#959 = EDGE_CURVE('',#927,#950,#960,.T.);
#960 = LINE('',#961,#962);
#961 = CARTESIAN_POINT('',(-29.07455697296,10.755005198771,11.65));
#962 = VECTOR('',#963,1.);
#963 = DIRECTION('',(0.,0.,1.));
#964 = PLANE('',#965);
#965 = AXIS2_PLACEMENT_3D('',#966,#967,#968);
#966 = CARTESIAN_POINT('',(0.,0.,11.65));
#967 = DIRECTION('',(0.346935651573,0.937888934612,0.));
#968 = DIRECTION('',(-0.937888934612,0.346935651573,0.));
#969 = ADVANCED_FACE('',(#970),#989,.F.);
#970 = FACE_BOUND('',#971,.F.);
#971 = EDGE_LOOP('',(#972,#981,#982,#983));
#972 = ORIENTED_EDGE('',*,*,#973,.T.);
#973 = EDGE_CURVE('',#974,#950,#976,.T.);
#974 = VERTEX_POINT('',#975);
#975 = CARTESIAN_POINT('',(-9.063522846405,29.645447434854,14.85));
#976 = CIRCLE('',#977,31.);
#977 = AXIS2_PLACEMENT_3D('',#978,#979,#980);
#978 = CARTESIAN_POINT('',(0.,0.,14.85));
#979 = DIRECTION('',(0.,0.,1.));
#980 = DIRECTION('',(-0.292371704723,0.956304755963,0.));
#981 = ORIENTED_EDGE('',*,*,#949,.F.);
#982 = ORIENTED_EDGE('',*,*,#588,.F.);
#983 = ORIENTED_EDGE('',*,*,#984,.T.);
#984 = EDGE_CURVE('',#581,#974,#985,.T.);
#985 = LINE('',#986,#987);
#986 = CARTESIAN_POINT('',(0.,0.,14.85));
#987 = VECTOR('',#988,1.);
#988 = DIRECTION('',(-0.292371704723,0.956304755963,0.));
#989 = PLANE('',#990);
#990 = AXIS2_PLACEMENT_3D('',#991,#992,#993);
#991 = CARTESIAN_POINT('',(0.,0.,14.85));
#992 = DIRECTION('',(0.,0.,1.));
#993 = DIRECTION('',(-0.292371704723,0.956304755963,0.));
#994 = ADVANCED_FACE('',(#995),#1014,.T.);
#995 = FACE_BOUND('',#996,.T.);
#996 = EDGE_LOOP('',(#997,#998,#999,#1008));
#997 = ORIENTED_EDGE('',*,*,#554,.F.);
#998 = ORIENTED_EDGE('',*,*,#761,.T.);
#999 = ORIENTED_EDGE('',*,*,#1000,.T.);
#1000 = EDGE_CURVE('',#762,#1001,#1003,.T.);
#1001 = VERTEX_POINT('',#1002);
#1002 = CARTESIAN_POINT('',(23.851386206454,19.801802342984,11.65));
#1003 = CIRCLE('',#1004,31.);
#1004 = AXIS2_PLACEMENT_3D('',#1005,#1006,#1007);
#1005 = CARTESIAN_POINT('',(0.,0.,11.65));
#1006 = DIRECTION('',(-0.,0.,1.));
#1007 = DIRECTION('',(0.974370064785,-0.224951054344,0.));
#1008 = ORIENTED_EDGE('',*,*,#1009,.F.);
#1009 = EDGE_CURVE('',#547,#1001,#1010,.T.);
#1010 = LINE('',#1011,#1012);
#1011 = CARTESIAN_POINT('',(0.,0.,11.65));
#1012 = VECTOR('',#1013,1.);
#1013 = DIRECTION('',(0.769399555047,0.638767817516,0.));
#1014 = PLANE('',#1015);
#1015 = AXIS2_PLACEMENT_3D('',#1016,#1017,#1018);
#1016 = CARTESIAN_POINT('',(0.,0.,11.65));
#1017 = DIRECTION('',(0.,0.,1.));
#1018 = DIRECTION('',(0.974370064785,-0.224951054344,0.));
#1019 = ADVANCED_FACE('',(#1020),#1031,.T.);
#1020 = FACE_BOUND('',#1021,.T.);
#1021 = EDGE_LOOP('',(#1022,#1023,#1024,#1025));
#1022 = ORIENTED_EDGE('',*,*,#828,.F.);
#1023 = ORIENTED_EDGE('',*,*,#546,.F.);
#1024 = ORIENTED_EDGE('',*,*,#1009,.T.);
#1025 = ORIENTED_EDGE('',*,*,#1026,.T.);
#1026 = EDGE_CURVE('',#1001,#820,#1027,.T.);
#1027 = LINE('',#1028,#1029);
#1028 = CARTESIAN_POINT('',(23.851386206454,19.801802342984,11.65));
#1029 = VECTOR('',#1030,1.);
#1030 = DIRECTION('',(0.,0.,1.));
#1031 = PLANE('',#1032);
#1032 = AXIS2_PLACEMENT_3D('',#1033,#1034,#1035);
#1033 = CARTESIAN_POINT('',(0.,0.,11.65));
#1034 = DIRECTION('',(0.638767817516,-0.769399555047,0.));
#1035 = DIRECTION('',(0.769399555047,0.638767817516,0.));
#1036 = ADVANCED_FACE('',(#1037,#1048),#1051,.T.);
#1037 = FACE_BOUND('',#1038,.T.);
#1038 = EDGE_LOOP('',(#1039));
#1039 = ORIENTED_EDGE('',*,*,#1040,.T.);
#1040 = EDGE_CURVE('',#1041,#1041,#1043,.T.);
#1041 = VERTEX_POINT('',#1042);
#1042 = CARTESIAN_POINT('',(32.,-8.E-15,21.));
#1043 = CIRCLE('',#1044,32.);
#1044 = AXIS2_PLACEMENT_3D('',#1045,#1046,#1047);
#1045 = CARTESIAN_POINT('',(0.,0.,21.));
#1046 = DIRECTION('',(0.,0.,1.));
#1047 = DIRECTION('',(1.,0.,0.));
#1048 = FACE_BOUND('',#1049,.T.);
#1049 = EDGE_LOOP('',(#1050));
#1050 = ORIENTED_EDGE('',*,*,#529,.F.);
#1051 = PLANE('',#1052);
#1052 = AXIS2_PLACEMENT_3D('',#1053,#1054,#1055);
#1053 = CARTESIAN_POINT('',(0.,0.,21.));
#1054 = DIRECTION('',(0.,0.,1.));
#1055 = DIRECTION('',(1.,0.,0.));
#1056 = ADVANCED_FACE('',(#1057,#1060),#1071,.T.);
#1057 = FACE_BOUND('',#1058,.T.);
#1058 = EDGE_LOOP('',(#1059));
#1059 = ORIENTED_EDGE('',*,*,#802,.T.);
#1060 = FACE_BOUND('',#1061,.T.);
#1061 = EDGE_LOOP('',(#1062));
#1062 = ORIENTED_EDGE('',*,*,#1063,.F.);
#1063 = EDGE_CURVE('',#1064,#1064,#1066,.T.);
#1064 = VERTEX_POINT('',#1065);
#1065 = CARTESIAN_POINT('',(34.,-8.E-15,19.8));
#1066 = CIRCLE('',#1067,34.);
#1067 = AXIS2_PLACEMENT_3D('',#1068,#1069,#1070);
#1068 = CARTESIAN_POINT('',(0.,0.,19.8));
#1069 = DIRECTION('',(0.,0.,1.));
#1070 = DIRECTION('',(1.,0.,0.));
#1071 = PLANE('',#1072);
#1072 = AXIS2_PLACEMENT_3D('',#1073,#1074,#1075);
#1073 = CARTESIAN_POINT('',(0.,0.,19.8));
#1074 = DIRECTION('',(0.,0.,1.));
#1075 = DIRECTION('',(1.,0.,0.));
#1076 = ADVANCED_FACE('',(#1077,#1155,#1206,#1257,#1293,#1344),#1395,.F.
  );
#1077 = FACE_BOUND('',#1078,.F.);
#1078 = EDGE_LOOP('',(#1079,#1080,#1088,#1097,#1105,#1114,#1122,#1129,
    #1130,#1139,#1147,#1154));
#1079 = ORIENTED_EDGE('',*,*,#1040,.T.);
#1080 = ORIENTED_EDGE('',*,*,#1081,.T.);
#1081 = EDGE_CURVE('',#1041,#1082,#1084,.T.);
#1082 = VERTEX_POINT('',#1083);
#1083 = CARTESIAN_POINT('',(32.,-8.E-15,41.));
#1084 = LINE('',#1085,#1086);
#1085 = CARTESIAN_POINT('',(32.,-7.84E-15,7.));
#1086 = VECTOR('',#1087,1.);
#1087 = DIRECTION('',(0.,0.,1.));
#1088 = ORIENTED_EDGE('',*,*,#1089,.F.);
#1089 = EDGE_CURVE('',#1090,#1082,#1092,.T.);
#1090 = VERTEX_POINT('',#1091);
#1091 = CARTESIAN_POINT('',(27.352332577615,-16.60872970951,41.));
#1092 = CIRCLE('',#1093,32.);
#1093 = AXIS2_PLACEMENT_3D('',#1094,#1095,#1096);
#1094 = CARTESIAN_POINT('',(0.,0.,41.));
#1095 = DIRECTION('',(-0.,0.,1.));
#1096 = DIRECTION('',(0.85476039305,-0.519022803422,0.));
#1097 = ORIENTED_EDGE('',*,*,#1098,.T.);
#1098 = EDGE_CURVE('',#1090,#1099,#1101,.T.);
#1099 = VERTEX_POINT('',#1100);
#1100 = CARTESIAN_POINT('',(27.352332577615,-16.60872970951,97.));
#1101 = LINE('',#1102,#1103);
#1102 = CARTESIAN_POINT('',(27.352332577615,-16.60872970951,41.));
#1103 = VECTOR('',#1104,1.);
#1104 = DIRECTION('',(0.,0.,1.));
#1105 = ORIENTED_EDGE('',*,*,#1106,.T.);
#1106 = EDGE_CURVE('',#1099,#1107,#1109,.T.);
#1107 = VERTEX_POINT('',#1108);
#1108 = CARTESIAN_POINT('',(32.,-1.454E-12,97.));
#1109 = CIRCLE('',#1110,32.);
#1110 = AXIS2_PLACEMENT_3D('',#1111,#1112,#1113);
#1111 = CARTESIAN_POINT('',(0.,0.,97.));
#1112 = DIRECTION('',(-0.,0.,1.));
#1113 = DIRECTION('',(0.85476039305,-0.519022803422,0.));
#1114 = ORIENTED_EDGE('',*,*,#1115,.T.);
#1115 = EDGE_CURVE('',#1107,#1116,#1118,.T.);
#1116 = VERTEX_POINT('',#1117);
#1117 = CARTESIAN_POINT('',(32.,-8.E-15,118.90625));
#1118 = LINE('',#1119,#1120);
#1119 = CARTESIAN_POINT('',(32.,-7.84E-15,7.));
#1120 = VECTOR('',#1121,1.);
#1121 = DIRECTION('',(0.,0.,1.));
#1122 = ORIENTED_EDGE('',*,*,#1123,.F.);
#1123 = EDGE_CURVE('',#1116,#1116,#1124,.T.);
#1124 = CIRCLE('',#1125,32.);
#1125 = AXIS2_PLACEMENT_3D('',#1126,#1127,#1128);
#1126 = CARTESIAN_POINT('',(0.,0.,118.90625));
#1127 = DIRECTION('',(0.,0.,1.));
#1128 = DIRECTION('',(1.,0.,0.));
#1129 = ORIENTED_EDGE('',*,*,#1115,.F.);
#1130 = ORIENTED_EDGE('',*,*,#1131,.T.);
#1131 = EDGE_CURVE('',#1107,#1132,#1134,.T.);
#1132 = VERTEX_POINT('',#1133);
#1133 = CARTESIAN_POINT('',(27.352332577615,16.60872970951,97.));
#1134 = CIRCLE('',#1135,32.);
#1135 = AXIS2_PLACEMENT_3D('',#1136,#1137,#1138);
#1136 = CARTESIAN_POINT('',(0.,0.,97.));
#1137 = DIRECTION('',(-0.,0.,1.));
#1138 = DIRECTION('',(0.85476039305,-0.519022803422,0.));
#1139 = ORIENTED_EDGE('',*,*,#1140,.F.);
#1140 = EDGE_CURVE('',#1141,#1132,#1143,.T.);
#1141 = VERTEX_POINT('',#1142);
#1142 = CARTESIAN_POINT('',(27.352332577615,16.60872970951,41.));
#1143 = LINE('',#1144,#1145);
#1144 = CARTESIAN_POINT('',(27.352332577615,16.60872970951,41.));
#1145 = VECTOR('',#1146,1.);
#1146 = DIRECTION('',(0.,0.,1.));
#1147 = ORIENTED_EDGE('',*,*,#1148,.F.);
#1148 = EDGE_CURVE('',#1082,#1141,#1149,.T.);
#1149 = CIRCLE('',#1150,32.);
#1150 = AXIS2_PLACEMENT_3D('',#1151,#1152,#1153);
#1151 = CARTESIAN_POINT('',(0.,0.,41.));
#1152 = DIRECTION('',(-0.,0.,1.));
#1153 = DIRECTION('',(0.85476039305,-0.519022803422,0.));
#1154 = ORIENTED_EDGE('',*,*,#1081,.F.);
#1155 = FACE_BOUND('',#1156,.F.);
#1156 = EDGE_LOOP('',(#1157));
#1157 = ORIENTED_EDGE('',*,*,#1158,.T.);
#1158 = EDGE_CURVE('',#1159,#1159,#1161,.T.);
#1159 = VERTEX_POINT('',#1160);
#1160 = CARTESIAN_POINT('',(25.201077959465,19.72069140981,47.));
#1161 = B_SPLINE_CURVE_WITH_KNOTS('',7,(#1162,#1163,#1164,#1165,#1166,
    #1167,#1168,#1169,#1170,#1171,#1172,#1173,#1174,#1175,#1176,#1177,
    #1178,#1179,#1180,#1181,#1182,#1183,#1184,#1185,#1186,#1187,#1188,
    #1189,#1190,#1191,#1192,#1193,#1194,#1195,#1196,#1197,#1198,#1199,
    #1200,#1201,#1202,#1203,#1204,#1205),.UNSPECIFIED.,.T.,.F.,(8,6,6,6,
    6,6,6,8),(0.,0.152558832591,0.285738539079,0.421989693413,
    0.588494358638,0.714360728314,0.837997007162,1.),.UNSPECIFIED.);
#1162 = CARTESIAN_POINT('',(25.201077959465,19.72069140981,47.));
#1163 = CARTESIAN_POINT('',(25.201077959465,19.72069140981,
    47.197275024825));
#1164 = CARTESIAN_POINT('',(25.184097844708,19.742390187478,
    47.394473450534));
#1165 = CARTESIAN_POINT('',(25.150156707792,19.785764181658,
    47.589170922862));
#1166 = CARTESIAN_POINT('',(25.098649348527,19.851341368008,
    47.778615104727));
#1167 = CARTESIAN_POINT('',(25.02856419744,19.939937434172,
    47.959208952728));
#1168 = CARTESIAN_POINT('',(24.93860554476,20.05235330458,
    48.125958265064));
#1169 = CARTESIAN_POINT('',(24.730823365256,20.307878739703,
    48.398267126626));
#1170 = CARTESIAN_POINT('',(24.614673588807,20.449354396012,
    48.513255826436));
#1171 = CARTESIAN_POINT('',(24.481087961271,20.609972252445,
    48.603288762955));
#1172 = CARTESIAN_POINT('',(24.33432851636,20.783451172027,
    48.659391093105));
#1173 = CARTESIAN_POINT('',(24.180495633903,20.961770172809,
    48.676740749797));
#1174 = CARTESIAN_POINT('',(24.026671697667,21.136885186428,
    48.654916533062));
#1175 = CARTESIAN_POINT('',(23.72896403596,21.470617458868,
    48.540099006114));
#1176 = CARTESIAN_POINT('',(23.590554061539,21.622974573388,
    48.4474684495));
#1177 = CARTESIAN_POINT('',(23.467181251719,21.756580612152,
    48.328024026236));
#1178 = CARTESIAN_POINT('',(23.360491707629,21.870644444697,
    48.188310434536));
#1179 = CARTESIAN_POINT('',(23.271284143681,21.965114558989,
    48.034129940944));
#1180 = CARTESIAN_POINT('',(23.199629911603,22.040495577473,
    47.870670445835));
#1181 = CARTESIAN_POINT('',(23.07809521059,22.167789469649,
    47.497068230615));
#1182 = CARTESIAN_POINT('',(23.035634617281,22.211767554926,
    47.281705062494));
#1183 = CARTESIAN_POINT('',(23.016720250829,22.23124490506,
    47.061272726821));
#1184 = CARTESIAN_POINT('',(23.021156700932,22.226668845483,
    46.83923534829));
#1185 = CARTESIAN_POINT('',(23.049191995263,22.197762405118,
    46.619346590723));
#1186 = CARTESIAN_POINT('',(23.101216737556,22.143757739074,
    46.405992894914));
#1187 = CARTESIAN_POINT('',(23.235060887419,22.003157259416,
    46.05324973721));
#1188 = CARTESIAN_POINT('',(23.30731449507,21.926887032639,
    45.906394696165));
#1189 = CARTESIAN_POINT('',(23.394565694336,21.83415122807,
    45.768577458327));
#1190 = CARTESIAN_POINT('',(23.496590617261,21.724689632335,
    45.644197224621));
#1191 = CARTESIAN_POINT('',(23.612562062337,21.598733321776,
    45.53802173801));
#1192 = CARTESIAN_POINT('',(23.740994535813,21.457131188372,
    45.455261166234));
#1193 = CARTESIAN_POINT('',(24.015580703521,21.149318264766,
    45.349360953489));
#1194 = CARTESIAN_POINT('',(24.157879529423,20.987511504991,
    45.326541670203));
#1195 = CARTESIAN_POINT('',(24.300908383749,20.822156127073,
    45.337280390427));
#1196 = CARTESIAN_POINT('',(24.438752582944,20.659914561583,
    45.381698277156));
#1197 = CARTESIAN_POINT('',(24.56615764129,20.507525119172,
    45.456315697356));
#1198 = CARTESIAN_POINT('',(24.67923600265,20.370533444042,
    45.554217565411));
#1199 = CARTESIAN_POINT('',(24.902533305746,20.097359979716,
    45.810442118488));
#1200 = CARTESIAN_POINT('',(25.005176892656,19.969482611224,
    45.982907956349));
#1201 = CARTESIAN_POINT('',(25.08492410655,19.868811013311,
    46.172621069646));
#1202 = CARTESIAN_POINT('',(25.143398253966,19.794401426293,
    46.373242117154));
#1203 = CARTESIAN_POINT('',(25.181844459951,19.745269632804,
    46.580151346019));
#1204 = CARTESIAN_POINT('',(25.201077959465,19.72069140981,
    46.790049037061));
#1205 = CARTESIAN_POINT('',(25.201077959465,19.72069140981,47.));
#1206 = FACE_BOUND('',#1207,.F.);
#1207 = EDGE_LOOP('',(#1208));
#1208 = ORIENTED_EDGE('',*,*,#1209,.T.);
#1209 = EDGE_CURVE('',#1210,#1210,#1212,.T.);
#1210 = VERTEX_POINT('',#1211);
#1211 = CARTESIAN_POINT('',(23.036083163796,-22.21123302454,47.));
#1212 = B_SPLINE_CURVE_WITH_KNOTS('',7,(#1213,#1214,#1215,#1216,#1217,
    #1218,#1219,#1220,#1221,#1222,#1223,#1224,#1225,#1226,#1227,#1228,
    #1229,#1230,#1231,#1232,#1233,#1234,#1235,#1236,#1237,#1238,#1239,
    #1240,#1241,#1242,#1243,#1244,#1245,#1246,#1247,#1248,#1249,#1250,
    #1251,#1252,#1253,#1254,#1255,#1256),.UNSPECIFIED.,.T.,.F.,(8,6,6,6,
    6,6,6,8),(0.,0.152558832199,0.285738538212,0.421989692178,
    0.588494359642,0.714360729025,0.837997007515,1.),.UNSPECIFIED.);
#1213 = CARTESIAN_POINT('',(23.036083163796,-22.21123302454,47.));
#1214 = CARTESIAN_POINT('',(23.036083163796,-22.21123302454,
    47.197275024825));
#1215 = CARTESIAN_POINT('',(23.055207595226,-22.19139827292,
    47.394473450533));
#1216 = CARTESIAN_POINT('',(23.093435783402,-22.15175095554,
    47.589170922863));
#1217 = CARTESIAN_POINT('',(23.151206338171,-22.09161828198,
    47.778615104726));
#1218 = CARTESIAN_POINT('',(23.229186225702,-22.0098850055,
    47.959208952729));
#1219 = CARTESIAN_POINT('',(23.327988247934,-21.90515655897,
    48.125958265064));
#1220 = CARTESIAN_POINT('',(23.552109236739,-21.66383423428,
    48.3982671265));
#1221 = CARTESIAN_POINT('',(23.676043137321,-21.52912521346,
    48.513255826625));
#1222 = CARTESIAN_POINT('',(23.816506345814,-21.37448594688,
    48.603288762919));
#1223 = CARTESIAN_POINT('',(23.96787201319,-21.20501115588,
    48.659391092994));
#1224 = CARTESIAN_POINT('',(24.123046226441,-21.02785815617,
    48.676740749908));
#1225 = CARTESIAN_POINT('',(24.275048878812,-20.85115992416,
    48.654916533014));
#1226 = CARTESIAN_POINT('',(24.564100393137,-20.50990297785,
    48.540099006114));
#1227 = CARTESIAN_POINT('',(24.695711833347,-20.3516359877,48.4474684495
    ));
#1228 = CARTESIAN_POINT('',(24.81084745081,-20.21086946686,
    48.328024026236));
#1229 = CARTESIAN_POINT('',(24.908952907285,-20.0893436008,
    48.188310434536));
#1230 = CARTESIAN_POINT('',(24.990088351617,-19.98785649998,
    48.034129940943));
#1231 = CARTESIAN_POINT('',(25.054763425535,-19.90640859186,
    47.870670445835));
#1232 = CARTESIAN_POINT('',(25.163904142058,-19.76834077127,
    47.497068227296));
#1233 = CARTESIAN_POINT('',(25.201544860287,-19.72017283872,
    47.281705075502));
#1234 = CARTESIAN_POINT('',(25.218200289897,-19.69873181888,
    47.06127270342));
#1235 = CARTESIAN_POINT('',(25.214286199638,-19.70376195704,
    46.839235371523));
#1236 = CARTESIAN_POINT('',(25.189562829478,-19.73554741796,
    46.619346578003));
#1237 = CARTESIAN_POINT('',(25.14332418136,-19.79458185145,
    46.405992898102));
#1238 = CARTESIAN_POINT('',(25.022719520192,-19.94669124537,
    46.053249737196));
#1239 = CARTESIAN_POINT('',(24.957247308654,-20.02885644985,
    45.906394696167));
#1240 = CARTESIAN_POINT('',(24.877557022533,-20.12816485593,
    45.768577458339));
#1241 = CARTESIAN_POINT('',(24.783359824423,-20.24443098903,
    45.644197224625));
#1242 = CARTESIAN_POINT('',(24.674769417647,-20.37680353831,
    45.538021738005));
#1243 = CARTESIAN_POINT('',(24.552419692059,-20.5236933238,
    45.45526116623));
#1244 = CARTESIAN_POINT('',(24.285817391201,-20.83844651678,
    45.349360953523));
#1245 = CARTESIAN_POINT('',(24.145389492389,-21.001879649,
    45.326541670129));
#1246 = CARTESIAN_POINT('',(24.001549110823,-21.16652957704,
    45.337280390496));
#1247 = CARTESIAN_POINT('',(23.860070673911,-21.32561194756,
    45.381698277181));
#1248 = CARTESIAN_POINT('',(23.726895632115,-21.47298561991,
    45.456315697236));
#1249 = CARTESIAN_POINT('',(23.606974616607,-21.60402906682,
    45.554217565491));
#1250 = CARTESIAN_POINT('',(23.36753663584,-21.86317165396,
    45.810442118487));
#1251 = CARTESIAN_POINT('',(23.25518898739,-21.98261341045,
    45.982907956349));
#1252 = CARTESIAN_POINT('',(23.1665957856,-22.07559530841,
    46.172621069646));
#1253 = CARTESIAN_POINT('',(23.101048375989,-22.1438562024,
    46.373242117154));
#1254 = CARTESIAN_POINT('',(23.057745407443,-22.18876607661,
    46.580151346019));
#1255 = CARTESIAN_POINT('',(23.036083163796,-22.21123302454,
    46.790049037061));
#1256 = CARTESIAN_POINT('',(23.036083163796,-22.21123302454,47.));
#1257 = FACE_BOUND('',#1258,.F.);
#1258 = EDGE_LOOP('',(#1259,#1269,#1278,#1286));
#1259 = ORIENTED_EDGE('',*,*,#1260,.T.);
#1260 = EDGE_CURVE('',#1261,#1263,#1265,.T.);
#1261 = VERTEX_POINT('',#1262);
#1262 = CARTESIAN_POINT('',(20.253803637004,24.774653140532,31.));
#1263 = VERTEX_POINT('',#1264);
#1264 = CARTESIAN_POINT('',(20.253803637004,24.774653140532,107.));
#1265 = LINE('',#1266,#1267);
#1266 = CARTESIAN_POINT('',(20.253803637004,24.774653140532,31.));
#1267 = VECTOR('',#1268,1.);
#1268 = DIRECTION('',(0.,0.,1.));
#1269 = ORIENTED_EDGE('',*,*,#1270,.T.);
#1270 = EDGE_CURVE('',#1263,#1271,#1273,.T.);
#1271 = VERTEX_POINT('',#1272);
#1272 = CARTESIAN_POINT('',(-20.253803637,24.774653140532,107.));
#1273 = CIRCLE('',#1274,32.);
#1274 = AXIS2_PLACEMENT_3D('',#1275,#1276,#1277);
#1275 = CARTESIAN_POINT('',(0.,0.,107.));
#1276 = DIRECTION('',(0.,-0.,1.));
#1277 = DIRECTION('',(0.632931363656,0.774207910642,0.));
#1278 = ORIENTED_EDGE('',*,*,#1279,.F.);
#1279 = EDGE_CURVE('',#1280,#1271,#1282,.T.);
#1280 = VERTEX_POINT('',#1281);
#1281 = CARTESIAN_POINT('',(-20.253803637,24.774653140532,31.));
#1282 = LINE('',#1283,#1284);
#1283 = CARTESIAN_POINT('',(-20.253803637,24.774653140532,31.));
#1284 = VECTOR('',#1285,1.);
#1285 = DIRECTION('',(0.,0.,1.));
#1286 = ORIENTED_EDGE('',*,*,#1287,.F.);
#1287 = EDGE_CURVE('',#1261,#1280,#1288,.T.);
#1288 = CIRCLE('',#1289,32.);
#1289 = AXIS2_PLACEMENT_3D('',#1290,#1291,#1292);
#1290 = CARTESIAN_POINT('',(0.,0.,31.));
#1291 = DIRECTION('',(0.,-0.,1.));
#1292 = DIRECTION('',(0.632931363656,0.774207910642,0.));
#1293 = FACE_BOUND('',#1294,.F.);
#1294 = EDGE_LOOP('',(#1295));
#1295 = ORIENTED_EDGE('',*,*,#1296,.T.);
#1296 = EDGE_CURVE('',#1297,#1297,#1299,.T.);
#1297 = VERTEX_POINT('',#1298);
#1298 = CARTESIAN_POINT('',(25.201077959465,19.72069140981,91.));
#1299 = B_SPLINE_CURVE_WITH_KNOTS('',7,(#1300,#1301,#1302,#1303,#1304,
    #1305,#1306,#1307,#1308,#1309,#1310,#1311,#1312,#1313,#1314,#1315,
    #1316,#1317,#1318,#1319,#1320,#1321,#1322,#1323,#1324,#1325,#1326,
    #1327,#1328,#1329,#1330,#1331,#1332,#1333,#1334,#1335,#1336,#1337,
    #1338,#1339,#1340,#1341,#1342,#1343),.UNSPECIFIED.,.T.,.F.,(8,6,6,6,
    6,6,6,8),(0.,0.152558832636,0.285738539031,0.421989693387,
    0.588494358638,0.714360728334,0.837997007123,1.),.UNSPECIFIED.);
#1300 = CARTESIAN_POINT('',(25.201077959465,19.72069140981,91.));
#1301 = CARTESIAN_POINT('',(25.201077959465,19.72069140981,
    91.197275024825));
#1302 = CARTESIAN_POINT('',(25.184097844708,19.742390187477,
    91.394473450533));
#1303 = CARTESIAN_POINT('',(25.150156707792,19.785764181658,
    91.589170922863));
#1304 = CARTESIAN_POINT('',(25.098649348527,19.851341368008,
    91.778615104725));
#1305 = CARTESIAN_POINT('',(25.02856419744,19.939937434173,
    91.959208952729));
#1306 = CARTESIAN_POINT('',(24.93860554476,20.05235330458,
    92.125958265063));
#1307 = CARTESIAN_POINT('',(24.730823365353,20.307878739585,
    92.3982671265));
#1308 = CARTESIAN_POINT('',(24.61467358872,20.449354396122,
    92.513255826625));
#1309 = CARTESIAN_POINT('',(24.48108796115,20.609972252585,
    92.603288762919));
#1310 = CARTESIAN_POINT('',(24.33432851647,20.783451171889,
    92.659391092995));
#1311 = CARTESIAN_POINT('',(24.180495634025,20.961770172678,
    92.676740749907));
#1312 = CARTESIAN_POINT('',(24.026671697541,21.136885186569,
    92.654916533014));
#1313 = CARTESIAN_POINT('',(23.72896403596,21.470617458868,
    92.540099006114));
#1314 = CARTESIAN_POINT('',(23.590554061539,21.622974573388,
    92.4474684495));
#1315 = CARTESIAN_POINT('',(23.467181251719,21.756580612152,
    92.328024026236));
#1316 = CARTESIAN_POINT('',(23.360491707629,21.870644444697,
    92.188310434536));
#1317 = CARTESIAN_POINT('',(23.271284143681,21.965114558989,
    92.034129940944));
#1318 = CARTESIAN_POINT('',(23.199629911603,22.040495577473,
    91.870670445835));
#1319 = CARTESIAN_POINT('',(23.07809521059,22.167789469649,
    91.497068230615));
#1320 = CARTESIAN_POINT('',(23.035634617281,22.211767554926,
    91.281705062496));
#1321 = CARTESIAN_POINT('',(23.016720250829,22.231244905061,
    91.061272726821));
#1322 = CARTESIAN_POINT('',(23.021156700932,22.226668845482,
    90.83923534829));
#1323 = CARTESIAN_POINT('',(23.049191995263,22.197762405118,
    90.619346590722));
#1324 = CARTESIAN_POINT('',(23.101216737556,22.143757739073,
    90.405992894913));
#1325 = CARTESIAN_POINT('',(23.235060887419,22.003157259416,
    90.05324973721));
#1326 = CARTESIAN_POINT('',(23.30731449507,21.926887032639,
    89.906394696165));
#1327 = CARTESIAN_POINT('',(23.394565694336,21.834151228071,
    89.768577458327));
#1328 = CARTESIAN_POINT('',(23.496590617262,21.724689632335,
    89.644197224621));
#1329 = CARTESIAN_POINT('',(23.612562062337,21.598733321777,
    89.53802173801));
#1330 = CARTESIAN_POINT('',(23.740994535813,21.457131188372,
    89.455261166234));
#1331 = CARTESIAN_POINT('',(24.015580703434,21.149318264864,
    89.349360953523));
#1332 = CARTESIAN_POINT('',(24.157879529507,20.987511504899,
    89.326541670129));
#1333 = CARTESIAN_POINT('',(24.300908383824,20.822156126981,
    89.337280390496));
#1334 = CARTESIAN_POINT('',(24.438752582864,20.659914561677,
    89.381698277181));
#1335 = CARTESIAN_POINT('',(24.566157641226,20.507525119253,
    89.456315697236));
#1336 = CARTESIAN_POINT('',(24.679236002719,20.370533443957,
    89.554217565491));
#1337 = CARTESIAN_POINT('',(24.902533305746,20.097359979716,
    89.810442118487));
#1338 = CARTESIAN_POINT('',(25.005176892656,19.969482611223,
    89.982907956349));
#1339 = CARTESIAN_POINT('',(25.084924106549,19.868811013312,
    90.172621069645));
#1340 = CARTESIAN_POINT('',(25.143398253966,19.794401426293,
    90.373242117154));
#1341 = CARTESIAN_POINT('',(25.181844459951,19.745269632804,
    90.580151346019));
#1342 = CARTESIAN_POINT('',(25.201077959465,19.72069140981,
    90.790049037061));
#1343 = CARTESIAN_POINT('',(25.201077959465,19.72069140981,91.));
#1344 = FACE_BOUND('',#1345,.F.);
#1345 = EDGE_LOOP('',(#1346));
#1346 = ORIENTED_EDGE('',*,*,#1347,.T.);
#1347 = EDGE_CURVE('',#1348,#1348,#1350,.T.);
#1348 = VERTEX_POINT('',#1349);
#1349 = CARTESIAN_POINT('',(23.036083163796,-22.21123302454,91.));
#1350 = B_SPLINE_CURVE_WITH_KNOTS('',7,(#1351,#1352,#1353,#1354,#1355,
    #1356,#1357,#1358,#1359,#1360,#1361,#1362,#1363,#1364,#1365,#1366,
    #1367,#1368,#1369,#1370,#1371,#1372,#1373,#1374,#1375,#1376,#1377,
    #1378,#1379,#1380,#1381,#1382,#1383,#1384,#1385,#1386,#1387,#1388,
    #1389,#1390,#1391,#1392,#1393,#1394),.UNSPECIFIED.,.T.,.F.,(8,6,6,6,
    6,6,6,8),(0.,0.152558832602,0.285738539096,0.42198969344,
    0.588494358676,0.714360728361,0.837997007138,1.),.UNSPECIFIED.);
#1351 = CARTESIAN_POINT('',(23.036083163796,-22.21123302454,91.));
#1352 = CARTESIAN_POINT('',(23.036083163796,-22.21123302454,
    91.197275024826));
#1353 = CARTESIAN_POINT('',(23.055207595226,-22.19139827292,
    91.394473450533));
#1354 = CARTESIAN_POINT('',(23.093435783402,-22.15175095554,
    91.589170922863));
#1355 = CARTESIAN_POINT('',(23.151206338171,-22.09161828198,
    91.778615104725));
#1356 = CARTESIAN_POINT('',(23.229186225702,-22.0098850055,
    91.959208952729));
#1357 = CARTESIAN_POINT('',(23.327988247934,-21.90515655897,
    92.125958265063));
#1358 = CARTESIAN_POINT('',(23.552109236841,-21.66383423417,
    92.398267126624));
#1359 = CARTESIAN_POINT('',(23.676043137225,-21.52912521356,
    92.513255826438));
#1360 = CARTESIAN_POINT('',(23.816506345695,-21.37448594702,
    92.603288762955));
#1361 = CARTESIAN_POINT('',(23.967872013309,-21.20501115575,
    92.659391093103));
#1362 = CARTESIAN_POINT('',(24.123046226552,-21.02785815604,
    92.676740749799));
#1363 = CARTESIAN_POINT('',(24.275048878692,-20.8511599243,
    92.654916533062));
#1364 = CARTESIAN_POINT('',(24.564100393137,-20.50990297785,
    92.540099006114));
#1365 = CARTESIAN_POINT('',(24.695711833347,-20.3516359877,92.4474684495
    ));
#1366 = CARTESIAN_POINT('',(24.81084745081,-20.21086946686,
    92.328024026236));
#1367 = CARTESIAN_POINT('',(24.908952907286,-20.0893436008,
    92.188310434536));
#1368 = CARTESIAN_POINT('',(24.990088351617,-19.98785649998,
    92.034129940944));
#1369 = CARTESIAN_POINT('',(25.054763425535,-19.90640859186,
    91.870670445835));
#1370 = CARTESIAN_POINT('',(25.163904141088,-19.7683407725,
    91.497068230616));
#1371 = CARTESIAN_POINT('',(25.201544862223,-19.72017283626,
    91.281705062495));
#1372 = CARTESIAN_POINT('',(25.218200289093,-19.69873181991,
    91.061272726822));
#1373 = CARTESIAN_POINT('',(25.214286197931,-19.70376195919,
    90.839235348289));
#1374 = CARTESIAN_POINT('',(25.189562831905,-19.7355474149,
    90.619346590722));
#1375 = CARTESIAN_POINT('',(25.14332418027,-19.79458185282,
    90.405992894913));
#1376 = CARTESIAN_POINT('',(25.022719520197,-19.94669124537,
    90.05324973721));
#1377 = CARTESIAN_POINT('',(24.957247308656,-20.02885644985,
    89.906394696164));
#1378 = CARTESIAN_POINT('',(24.877557022528,-20.12816485593,
    89.768577458328));
#1379 = CARTESIAN_POINT('',(24.783359824416,-20.24443098904,
    89.644197224621));
#1380 = CARTESIAN_POINT('',(24.674769417647,-20.37680353831,
    89.53802173801));
#1381 = CARTESIAN_POINT('',(24.552419692069,-20.52369332379,
    89.455261166234));
#1382 = CARTESIAN_POINT('',(24.285817391201,-20.83844651678,
    89.349360953523));
#1383 = CARTESIAN_POINT('',(24.145389492389,-21.001879649,
    89.326541670129));
#1384 = CARTESIAN_POINT('',(24.001549110823,-21.16652957704,
    89.337280390496));
#1385 = CARTESIAN_POINT('',(23.860070673911,-21.32561194756,
    89.381698277181));
#1386 = CARTESIAN_POINT('',(23.726895632114,-21.47298561991,
    89.456315697236));
#1387 = CARTESIAN_POINT('',(23.606974616607,-21.60402906682,
    89.554217565491));
#1388 = CARTESIAN_POINT('',(23.36753663584,-21.86317165396,
    89.810442118487));
#1389 = CARTESIAN_POINT('',(23.25518898739,-21.98261341046,
    89.982907956349));
#1390 = CARTESIAN_POINT('',(23.1665957856,-22.0755953084,90.172621069646
    ));
#1391 = CARTESIAN_POINT('',(23.101048375989,-22.1438562024,
    90.373242117153));
#1392 = CARTESIAN_POINT('',(23.057745407444,-22.18876607661,
    90.58015134602));
#1393 = CARTESIAN_POINT('',(23.036083163796,-22.21123302454,
    90.79004903706));
#1394 = CARTESIAN_POINT('',(23.036083163796,-22.21123302454,91.));
#1395 = CYLINDRICAL_SURFACE('',#1396,32.);
#1396 = AXIS2_PLACEMENT_3D('',#1397,#1398,#1399);
#1397 = CARTESIAN_POINT('',(0.,0.,7.));
#1398 = DIRECTION('',(0.,0.,1.));
#1399 = DIRECTION('',(1.,0.,0.));
#1400 = ADVANCED_FACE('',(#1401),#1420,.T.);
#1401 = FACE_BOUND('',#1402,.T.);
#1402 = EDGE_LOOP('',(#1403,#1412,#1418,#1419));
#1403 = ORIENTED_EDGE('',*,*,#1404,.F.);
#1404 = EDGE_CURVE('',#1405,#1405,#1407,.T.);
#1405 = VERTEX_POINT('',#1406);
#1406 = CARTESIAN_POINT('',(34.,-8.E-15,21.2));
#1407 = CIRCLE('',#1408,34.);
#1408 = AXIS2_PLACEMENT_3D('',#1409,#1410,#1411);
#1409 = CARTESIAN_POINT('',(0.,0.,21.2));
#1410 = DIRECTION('',(0.,0.,1.));
#1411 = DIRECTION('',(1.,0.,0.));
#1412 = ORIENTED_EDGE('',*,*,#1413,.F.);
#1413 = EDGE_CURVE('',#1064,#1405,#1414,.T.);
#1414 = LINE('',#1415,#1416);
#1415 = CARTESIAN_POINT('',(34.,-8.33E-15,18.8));
#1416 = VECTOR('',#1417,1.);
#1417 = DIRECTION('',(0.,0.,1.));
#1418 = ORIENTED_EDGE('',*,*,#1063,.T.);
#1419 = ORIENTED_EDGE('',*,*,#1413,.T.);
#1420 = CYLINDRICAL_SURFACE('',#1421,34.);
#1421 = AXIS2_PLACEMENT_3D('',#1422,#1423,#1424);
#1422 = CARTESIAN_POINT('',(0.,0.,18.8));
#1423 = DIRECTION('',(0.,0.,1.));
#1424 = DIRECTION('',(1.,0.,0.));
#1425 = ADVANCED_FACE('',(#1426),#1452,.F.);
#1426 = FACE_BOUND('',#1427,.F.);
#1427 = EDGE_LOOP('',(#1428,#1439,#1445,#1446));
#1428 = ORIENTED_EDGE('',*,*,#1429,.F.);
#1429 = EDGE_CURVE('',#1430,#1432,#1434,.T.);
#1430 = VERTEX_POINT('',#1431);
#1431 = CARTESIAN_POINT('',(28.7,-7.E-15,44.3));
#1432 = VERTEX_POINT('',#1433);
#1433 = CARTESIAN_POINT('',(24.531623280548,14.895954458216,44.3));
#1434 = CIRCLE('',#1435,28.7);
#1435 = AXIS2_PLACEMENT_3D('',#1436,#1437,#1438);
#1436 = CARTESIAN_POINT('',(0.,0.,44.3));
#1437 = DIRECTION('',(0.,0.,1.));
#1438 = DIRECTION('',(1.,0.,0.));
#1439 = ORIENTED_EDGE('',*,*,#1440,.F.);
#1440 = EDGE_CURVE('',#1082,#1430,#1441,.T.);
#1441 = LINE('',#1442,#1443);
#1442 = CARTESIAN_POINT('',(32.,-7.84E-15,41.));
#1443 = VECTOR('',#1444,1.);
#1444 = DIRECTION('',(-0.707106781187,1.7E-16,0.707106781187));
#1445 = ORIENTED_EDGE('',*,*,#1148,.T.);
#1446 = ORIENTED_EDGE('',*,*,#1447,.F.);
#1447 = EDGE_CURVE('',#1432,#1141,#1448,.T.);
#1448 = LINE('',#1449,#1450);
#1449 = CARTESIAN_POINT('',(0.,0.,73.));
#1450 = VECTOR('',#1451,1.);
#1451 = DIRECTION('',(0.604406870216,0.36700454389,-0.707106781187));
#1452 = CONICAL_SURFACE('',#1453,32.,0.785398163397);
#1453 = AXIS2_PLACEMENT_3D('',#1454,#1455,#1456);
#1454 = CARTESIAN_POINT('',(0.,0.,41.));
#1455 = DIRECTION('',(-0.,-0.,-1.));
#1456 = DIRECTION('',(1.,0.,0.));
#1457 = ADVANCED_FACE('',(#1458),#1476,.F.);
#1458 = FACE_BOUND('',#1459,.F.);
#1459 = EDGE_LOOP('',(#1460,#1468,#1474,#1475));
#1460 = ORIENTED_EDGE('',*,*,#1461,.F.);
#1461 = EDGE_CURVE('',#1462,#1132,#1464,.T.);
#1462 = VERTEX_POINT('',#1463);
#1463 = CARTESIAN_POINT('',(24.531623280548,14.895954458216,97.));
#1464 = LINE('',#1465,#1466);
#1465 = CARTESIAN_POINT('',(0.,0.,97.));
#1466 = VECTOR('',#1467,1.);
#1467 = DIRECTION('',(0.85476039305,0.519022803422,0.));
#1468 = ORIENTED_EDGE('',*,*,#1469,.F.);
#1469 = EDGE_CURVE('',#1432,#1462,#1470,.T.);
#1470 = LINE('',#1471,#1472);
#1471 = CARTESIAN_POINT('',(24.531623280548,14.895954458216,40.));
#1472 = VECTOR('',#1473,1.);
#1473 = DIRECTION('',(0.,0.,1.));
#1474 = ORIENTED_EDGE('',*,*,#1447,.T.);
#1475 = ORIENTED_EDGE('',*,*,#1140,.T.);
#1476 = PLANE('',#1477);
#1477 = AXIS2_PLACEMENT_3D('',#1478,#1479,#1480);
#1478 = CARTESIAN_POINT('',(0.,0.,41.));
#1479 = DIRECTION('',(0.519022803422,-0.85476039305,0.));
#1480 = DIRECTION('',(0.85476039305,0.519022803422,0.));
#1481 = ADVANCED_FACE('',(#1482),#1502,.T.);
#1482 = FACE_BOUND('',#1483,.T.);
#1483 = EDGE_LOOP('',(#1484,#1485,#1486,#1487,#1496));
#1484 = ORIENTED_EDGE('',*,*,#1106,.T.);
#1485 = ORIENTED_EDGE('',*,*,#1131,.T.);
#1486 = ORIENTED_EDGE('',*,*,#1461,.F.);
#1487 = ORIENTED_EDGE('',*,*,#1488,.F.);
#1488 = EDGE_CURVE('',#1489,#1462,#1491,.T.);
#1489 = VERTEX_POINT('',#1490);
#1490 = CARTESIAN_POINT('',(24.531623280548,-14.89595445821,97.));
#1491 = CIRCLE('',#1492,28.7);
#1492 = AXIS2_PLACEMENT_3D('',#1493,#1494,#1495);
#1493 = CARTESIAN_POINT('',(0.,0.,97.));
#1494 = DIRECTION('',(-0.,0.,1.));
#1495 = DIRECTION('',(0.85476039305,-0.519022803422,0.));
#1496 = ORIENTED_EDGE('',*,*,#1497,.T.);
#1497 = EDGE_CURVE('',#1489,#1099,#1498,.T.);
#1498 = LINE('',#1499,#1500);
#1499 = CARTESIAN_POINT('',(0.,0.,97.));
#1500 = VECTOR('',#1501,1.);
#1501 = DIRECTION('',(0.85476039305,-0.519022803422,0.));
#1502 = PLANE('',#1503);
#1503 = AXIS2_PLACEMENT_3D('',#1504,#1505,#1506);
#1504 = CARTESIAN_POINT('',(0.,0.,97.));
#1505 = DIRECTION('',(0.,0.,1.));
#1506 = DIRECTION('',(0.85476039305,-0.519022803422,0.));
#1507 = ADVANCED_FACE('',(#1508),#1527,.F.);
#1508 = FACE_BOUND('',#1509,.F.);
#1509 = EDGE_LOOP('',(#1510,#1519,#1525,#1526));
#1510 = ORIENTED_EDGE('',*,*,#1511,.F.);
#1511 = EDGE_CURVE('',#1512,#1512,#1514,.T.);
#1512 = VERTEX_POINT('',#1513);
#1513 = CARTESIAN_POINT('',(28.5,-7.E-15,122.40625));
#1514 = CIRCLE('',#1515,28.5);
#1515 = AXIS2_PLACEMENT_3D('',#1516,#1517,#1518);
#1516 = CARTESIAN_POINT('',(0.,0.,122.40625));
#1517 = DIRECTION('',(0.,0.,1.));
#1518 = DIRECTION('',(1.,0.,0.));
#1519 = ORIENTED_EDGE('',*,*,#1520,.F.);
#1520 = EDGE_CURVE('',#1116,#1512,#1521,.T.);
#1521 = LINE('',#1522,#1523);
#1522 = CARTESIAN_POINT('',(32.,-7.84E-15,118.90625));
#1523 = VECTOR('',#1524,1.);
#1524 = DIRECTION('',(-0.707106781187,1.7E-16,0.707106781187));
#1525 = ORIENTED_EDGE('',*,*,#1123,.T.);
#1526 = ORIENTED_EDGE('',*,*,#1520,.T.);
#1527 = CONICAL_SURFACE('',#1528,32.,0.785398163397);
#1528 = AXIS2_PLACEMENT_3D('',#1529,#1530,#1531);
#1529 = CARTESIAN_POINT('',(0.,0.,118.90625));
#1530 = DIRECTION('',(-0.,-0.,-1.));
#1531 = DIRECTION('',(1.,0.,0.));
#1532 = ADVANCED_FACE('',(#1533),#1551,.T.);
#1533 = FACE_BOUND('',#1534,.T.);
#1534 = EDGE_LOOP('',(#1535,#1543,#1549,#1550));
#1535 = ORIENTED_EDGE('',*,*,#1536,.F.);
#1536 = EDGE_CURVE('',#1537,#1489,#1539,.T.);
#1537 = VERTEX_POINT('',#1538);
#1538 = CARTESIAN_POINT('',(24.531623280548,-14.89595445821,44.3));
#1539 = LINE('',#1540,#1541);
#1540 = CARTESIAN_POINT('',(24.531623280548,-14.89595445821,40.));
#1541 = VECTOR('',#1542,1.);
#1542 = DIRECTION('',(0.,0.,1.));
#1543 = ORIENTED_EDGE('',*,*,#1544,.T.);
#1544 = EDGE_CURVE('',#1537,#1090,#1545,.T.);
#1545 = LINE('',#1546,#1547);
#1546 = CARTESIAN_POINT('',(0.,0.,73.));
#1547 = VECTOR('',#1548,1.);
#1548 = DIRECTION('',(0.604406870216,-0.36700454389,-0.707106781187));
#1549 = ORIENTED_EDGE('',*,*,#1098,.T.);
#1550 = ORIENTED_EDGE('',*,*,#1497,.F.);
#1551 = PLANE('',#1552);
#1552 = AXIS2_PLACEMENT_3D('',#1553,#1554,#1555);
#1553 = CARTESIAN_POINT('',(0.,0.,41.));
#1554 = DIRECTION('',(-0.519022803422,-0.85476039305,0.));
#1555 = DIRECTION('',(0.85476039305,-0.519022803422,0.));
#1556 = ADVANCED_FACE('',(#1557),#1569,.F.);
#1557 = FACE_BOUND('',#1558,.F.);
#1558 = EDGE_LOOP('',(#1559,#1560,#1567,#1568));
#1559 = ORIENTED_EDGE('',*,*,#1440,.T.);
#1560 = ORIENTED_EDGE('',*,*,#1561,.F.);
#1561 = EDGE_CURVE('',#1537,#1430,#1562,.T.);
#1562 = CIRCLE('',#1563,28.7);
#1563 = AXIS2_PLACEMENT_3D('',#1564,#1565,#1566);
#1564 = CARTESIAN_POINT('',(0.,0.,44.3));
#1565 = DIRECTION('',(0.,0.,1.));
#1566 = DIRECTION('',(1.,0.,0.));
#1567 = ORIENTED_EDGE('',*,*,#1544,.T.);
#1568 = ORIENTED_EDGE('',*,*,#1089,.T.);
#1569 = CONICAL_SURFACE('',#1570,32.,0.785398163397);
#1570 = AXIS2_PLACEMENT_3D('',#1571,#1572,#1573);
#1571 = CARTESIAN_POINT('',(0.,0.,41.));
#1572 = DIRECTION('',(-0.,-0.,-1.));
#1573 = DIRECTION('',(1.,0.,0.));
#1574 = ADVANCED_FACE('',(#1575),#1634,.F.);
#1575 = FACE_BOUND('',#1576,.F.);
#1576 = EDGE_LOOP('',(#1577,#1578,#1586,#1633));
#1577 = ORIENTED_EDGE('',*,*,#1158,.F.);
#1578 = ORIENTED_EDGE('',*,*,#1579,.F.);
#1579 = EDGE_CURVE('',#1580,#1159,#1582,.T.);
#1580 = VERTEX_POINT('',#1581);
#1581 = CARTESIAN_POINT('',(27.090182652873,21.362865066137,47.));
#1582 = LINE('',#1583,#1584);
#1583 = CARTESIAN_POINT('',(28.629397075966,22.700883750786,47.));
#1584 = VECTOR('',#1585,1.);
#1585 = DIRECTION('',(-0.754709580223,-0.656059028991,0.));
#1586 = ORIENTED_EDGE('',*,*,#1587,.T.);
#1587 = EDGE_CURVE('',#1580,#1580,#1588,.T.);
#1588 = B_SPLINE_CURVE_WITH_KNOTS('',7,(#1589,#1590,#1591,#1592,#1593,
    #1594,#1595,#1596,#1597,#1598,#1599,#1600,#1601,#1602,#1603,#1604,
    #1605,#1606,#1607,#1608,#1609,#1610,#1611,#1612,#1613,#1614,#1615,
    #1616,#1617,#1618,#1619,#1620,#1621,#1622,#1623,#1624,#1625,#1626,
    #1627,#1628,#1629,#1630,#1631,#1632),.UNSPECIFIED.,.T.,.F.,(8,6,6,6,
    6,6,6,8),(0.,0.152557793234,0.285734352067,0.421984333705,
    0.588495572781,0.714361341321,0.837996155707,1.),.UNSPECIFIED.);
#1589 = CARTESIAN_POINT('',(27.090182652873,21.362865066137,47.));
#1590 = CARTESIAN_POINT('',(27.090182652873,21.362865066137,
    47.197268534434));
#1591 = CARTESIAN_POINT('',(27.073125783729,21.384494720904,
    47.394460638816));
#1592 = CARTESIAN_POINT('',(27.039031135804,21.427730597256,
    47.589154144441));
#1593 = CARTESIAN_POINT('',(26.987298640664,21.493107199896,
    47.778598210781));
#1594 = CARTESIAN_POINT('',(26.916927925278,21.581453006769,
    47.959195907035));
#1595 = CARTESIAN_POINT('',(26.826646867201,21.693592039178,
    48.125951679764));
#1596 = CARTESIAN_POINT('',(26.618264325249,21.948611922492,
    48.398270740274));
#1597 = CARTESIAN_POINT('',(26.501831284858,22.089843464158,
    48.513258686348));
#1598 = CARTESIAN_POINT('',(26.367996317108,22.250244696999,
    48.603290552126));
#1599 = CARTESIAN_POINT('',(26.221070039219,22.423578537877,
    48.659392066475));
#1600 = CARTESIAN_POINT('',(26.067188901076,22.601854779298,
    48.676740508372));
#1601 = CARTESIAN_POINT('',(25.913432274258,22.777025561275,
    48.654915674985));
#1602 = CARTESIAN_POINT('',(25.616040523453,23.111027995343,
    48.540099011413));
#1603 = CARTESIAN_POINT('',(25.477875494881,23.263600916077,
    48.447467903887));
#1604 = CARTESIAN_POINT('',(25.354799515849,23.39746844333,
    48.32802143986));
#1605 = CARTESIAN_POINT('',(25.248420298,23.511803945114,48.188305021609
    ));
#1606 = CARTESIAN_POINT('',(25.159506003126,23.606528224841,
    48.034122466677));
#1607 = CARTESIAN_POINT('',(25.088106818365,23.682127590375,
    47.870663897067));
#1608 = CARTESIAN_POINT('',(24.967023564272,23.809811006773,
    47.497066353187));
#1609 = CARTESIAN_POINT('',(24.924738754089,23.853940471977,
    47.281703915918));
#1610 = CARTESIAN_POINT('',(24.905906891046,23.873488739572,
    47.061274103741));
#1611 = CARTESIAN_POINT('',(24.910323818029,23.868896739051,
    46.839239020516));
#1612 = CARTESIAN_POINT('',(24.938237979827,23.839886552492,
    46.619350582647));
#1613 = CARTESIAN_POINT('',(24.990052470489,23.785699398904,
    46.405995375967));
#1614 = CARTESIAN_POINT('',(25.123415157821,23.644682112302,
    46.053254582311));
#1615 = CARTESIAN_POINT('',(25.195421447717,23.568199261841,
    45.906399977469));
#1616 = CARTESIAN_POINT('',(25.282398316891,23.475225063807,
    45.768580972186));
#1617 = CARTESIAN_POINT('',(25.384140422875,23.365515598604,
    45.644198554477));
#1618 = CARTESIAN_POINT('',(25.499845822564,23.239325048,45.53802167945)
  );
#1619 = CARTESIAN_POINT('',(25.628058846185,23.097530146009,
    45.455260968431));
#1620 = CARTESIAN_POINT('',(25.902353724407,22.78946794613,
    45.349361518743));
#1621 = CARTESIAN_POINT('',(26.044583557233,22.62760368734,
    45.326542017902));
#1622 = CARTESIAN_POINT('',(26.187641120732,22.462274754671,
    45.337279878875));
#1623 = CARTESIAN_POINT('',(26.325616604901,22.300148078452,
    45.38169691019));
#1624 = CARTESIAN_POINT('',(26.453230675806,22.1479405492,
    45.456313194486));
#1625 = CARTESIAN_POINT('',(26.566558081009,22.011163362157,
    45.55421434924));
#1626 = CARTESIAN_POINT('',(26.790449335835,21.738488128943,
    45.810448817879));
#1627 = CARTESIAN_POINT('',(26.893446867785,21.610914217795,
    45.982921894992));
#1628 = CARTESIAN_POINT('',(26.973514076787,21.510522918969,
    46.172639674114));
#1629 = CARTESIAN_POINT('',(27.032242407132,21.436339931364,
    46.373261087133));
#1630 = CARTESIAN_POINT('',(27.070862362895,21.387364813672,
    46.58016615813));
#1631 = CARTESIAN_POINT('',(27.090182652873,21.362865066137,
    46.790056736408));
#1632 = CARTESIAN_POINT('',(27.090182652873,21.362865066137,47.));
#1633 = ORIENTED_EDGE('',*,*,#1579,.T.);
#1634 = CYLINDRICAL_SURFACE('',#1635,1.65);
#1635 = AXIS2_PLACEMENT_3D('',#1636,#1637,#1638);
#1636 = CARTESIAN_POINT('',(27.546899678131,23.946154558154,47.));
#1637 = DIRECTION('',(-0.754709580223,-0.656059028991,0.));
#1638 = DIRECTION('',(0.656059028991,-0.754709580223,0.));
#1639 = ADVANCED_FACE('',(#1640),#1699,.F.);
#1640 = FACE_BOUND('',#1641,.F.);
#1641 = EDGE_LOOP('',(#1642,#1643,#1651,#1698));
#1642 = ORIENTED_EDGE('',*,*,#1209,.F.);
#1643 = ORIENTED_EDGE('',*,*,#1644,.F.);
#1644 = EDGE_CURVE('',#1645,#1210,#1647,.T.);
#1645 = VERTEX_POINT('',#1646);
#1646 = CARTESIAN_POINT('',(24.925187857205,-23.85340668087,47.));
#1647 = LINE('',#1648,#1649);
#1648 = CARTESIAN_POINT('',(26.464402280297,-25.19142536552,47.));
#1649 = VECTOR('',#1650,1.);
#1650 = DIRECTION('',(-0.754709580223,0.656059028991,0.));
#1651 = ORIENTED_EDGE('',*,*,#1652,.T.);
#1652 = EDGE_CURVE('',#1645,#1645,#1653,.T.);
#1653 = B_SPLINE_CURVE_WITH_KNOTS('',7,(#1654,#1655,#1656,#1657,#1658,
    #1659,#1660,#1661,#1662,#1663,#1664,#1665,#1666,#1667,#1668,#1669,
    #1670,#1671,#1672,#1673,#1674,#1675,#1676,#1677,#1678,#1679,#1680,
    #1681,#1682,#1683,#1684,#1685,#1686,#1687,#1688,#1689,#1690,#1691,
    #1692,#1693,#1694,#1695,#1696,#1697),.UNSPECIFIED.,.T.,.F.,(8,6,6,6,
    6,6,6,8),(0.,0.152557793674,0.285734352892,0.421984334923,
    0.588495571791,0.714361340658,0.837996155271,1.),.UNSPECIFIED.);
#1654 = CARTESIAN_POINT('',(24.925187857205,-23.85340668087,47.));
#1655 = CARTESIAN_POINT('',(24.925187857205,-23.85340668087,
    47.197268534434));
#1656 = CARTESIAN_POINT('',(24.944233156287,-23.83350554187,
    47.394460638817));
#1657 = CARTESIAN_POINT('',(24.982303206185,-23.79372542973,
    47.58915414444));
#1658 = CARTESIAN_POINT('',(25.039843796453,-23.73339772716,
    47.778598210782));
#1659 = CARTESIAN_POINT('',(25.117536117329,-23.65141649484,
    47.959195907035));
#1660 = CARTESIAN_POINT('',(25.216019125574,-23.54640730894,
    48.125951679764));
#1661 = CARTESIAN_POINT('',(25.439555928363,-23.30456082359,
    48.398270740274));
#1662 = CARTESIAN_POINT('',(25.563208667089,-23.16960526994,
    48.513258686348));
#1663 = CARTESIAN_POINT('',(25.70342265868,-23.01474923792,
    48.603290552125));
#1664 = CARTESIAN_POINT('',(25.854621440828,-22.84512942833,
    48.659392066475));
#1665 = CARTESIAN_POINT('',(26.009746594947,-22.6679345935,
    48.676740508372));
#1666 = CARTESIAN_POINT('',(26.161813840368,-22.49129525468,
    48.654915674985));
#1667 = CARTESIAN_POINT('',(26.451176853548,-22.15031354547,
    48.540099011413));
#1668 = CARTESIAN_POINT('',(26.583036089636,-21.99225908296,
    48.447467903886));
#1669 = CARTESIAN_POINT('',(26.698471961659,-21.85175011201,
    48.32802143986));
#1670 = CARTESIAN_POINT('',(26.796889632575,-21.73049374306,
    48.188305021609));
#1671 = CARTESIAN_POINT('',(26.878317583985,-21.62926168425,
    48.034122466678));
#1672 = CARTESIAN_POINT('',(26.943244375741,-21.54803595332,
    47.870663897067));
#1673 = CARTESIAN_POINT('',(27.052833652989,-21.41036097735,
    47.497066356503));
#1674 = CARTESIAN_POINT('',(27.090648748031,-21.36234604185,
    47.281703902913));
#1675 = CARTESIAN_POINT('',(27.107385881701,-21.34097685965,
    47.061274127132));
#1676 = CARTESIAN_POINT('',(27.103453286734,-21.34598988547,
    46.839238997292));
#1677 = CARTESIAN_POINT('',(27.078610329924,-21.377669821,
    46.619350595365));
#1678 = CARTESIAN_POINT('',(27.032161701799,-21.43652145522,
    46.405995372783));
#1679 = CARTESIAN_POINT('',(26.911077285579,-21.58821207774,
    46.053254582311));
#1680 = CARTESIAN_POINT('',(26.845360099614,-21.67016196284,
    45.906399977469));
#1681 = CARTESIAN_POINT('',(26.765395560679,-21.76923188655,
    45.768580972186));
#1682 = CARTESIAN_POINT('',(26.670913544839,-21.88525245183,
    45.644198554477));
#1683 = CARTESIAN_POINT('',(26.56205415127,-22.01739414476,
    45.53802167945));
#1684 = CARTESIAN_POINT('',(26.439482991599,-22.16409344426,
    45.455260968431));
#1685 = CARTESIAN_POINT('',(26.172593300753,-22.47859287511,
    45.349361518783));
#1686 = CARTESIAN_POINT('',(26.03209886049,-22.64196568805,
    45.326542017815));
#1687 = CARTESIAN_POINT('',(25.888288662354,-22.8066403654,
    45.337279878958));
#1688 = CARTESIAN_POINT('',(25.746942267987,-22.9658367537,
    45.38169691022));
#1689 = CARTESIAN_POINT('',(25.613976457908,-23.1133920871,
    45.456313194343));
#1690 = CARTESIAN_POINT('',(25.494302503279,-23.24465230323,
    45.554214349335));
#1691 = CARTESIAN_POINT('',(25.255440566991,-23.50431372142,
    45.810448817879));
#1692 = CARTESIAN_POINT('',(25.143442682289,-23.62406374529,
    45.982921894992));
#1693 = CARTESIAN_POINT('',(25.055171586445,-23.71732351408,
    46.172639674114));
#1694 = CARTESIAN_POINT('',(24.989883946424,-23.78580458078,
    46.373261087133));
#1695 = CARTESIAN_POINT('',(24.946760310214,-23.83086470878,
    46.58016615813));
#1696 = CARTESIAN_POINT('',(24.925187857205,-23.85340668087,
    46.790056736408));
#1697 = CARTESIAN_POINT('',(24.925187857205,-23.85340668087,47.));
#1698 = ORIENTED_EDGE('',*,*,#1644,.T.);
#1699 = CYLINDRICAL_SURFACE('',#1700,1.65);
#1700 = AXIS2_PLACEMENT_3D('',#1701,#1702,#1703);
#1701 = CARTESIAN_POINT('',(27.546899678131,-23.94615455815,47.));
#1702 = DIRECTION('',(-0.754709580223,0.656059028991,0.));
#1703 = DIRECTION('',(-0.656059028991,-0.754709580223,0.));
#1704 = ADVANCED_FACE('',(#1705),#1730,.T.);
#1705 = FACE_BOUND('',#1706,.T.);
#1706 = EDGE_LOOP('',(#1707,#1717,#1723,#1724));
#1707 = ORIENTED_EDGE('',*,*,#1708,.F.);
#1708 = EDGE_CURVE('',#1709,#1711,#1713,.T.);
#1709 = VERTEX_POINT('',#1710);
#1710 = CARTESIAN_POINT('',(18.165130136938,22.219767035414,34.3));
#1711 = VERTEX_POINT('',#1712);
#1712 = CARTESIAN_POINT('',(18.165130136938,22.219767035415,107.));
#1713 = LINE('',#1714,#1715);
#1714 = CARTESIAN_POINT('',(18.165130136938,22.219767035415,30.));
#1715 = VECTOR('',#1716,1.);
#1716 = DIRECTION('',(0.,0.,1.));
#1717 = ORIENTED_EDGE('',*,*,#1718,.T.);
#1718 = EDGE_CURVE('',#1709,#1261,#1719,.T.);
#1719 = LINE('',#1720,#1721);
#1720 = CARTESIAN_POINT('',(0.,0.,63.));
#1721 = VECTOR('',#1722,1.);
#1722 = DIRECTION('',(0.447550059267,0.547447663663,-0.707106781187));
#1723 = ORIENTED_EDGE('',*,*,#1260,.T.);
#1724 = ORIENTED_EDGE('',*,*,#1725,.F.);
#1725 = EDGE_CURVE('',#1711,#1263,#1726,.T.);
#1726 = LINE('',#1727,#1728);
#1727 = CARTESIAN_POINT('',(0.,0.,107.));
#1728 = VECTOR('',#1729,1.);
#1729 = DIRECTION('',(0.632931363656,0.774207910642,0.));
#1730 = PLANE('',#1731);
#1731 = AXIS2_PLACEMENT_3D('',#1732,#1733,#1734);
#1732 = CARTESIAN_POINT('',(0.,0.,31.));
#1733 = DIRECTION('',(0.774207910642,-0.632931363656,0.));
#1734 = DIRECTION('',(0.632931363656,0.774207910642,0.));
#1735 = ADVANCED_FACE('',(#1736),#1755,.F.);
#1736 = FACE_BOUND('',#1737,.F.);
#1737 = EDGE_LOOP('',(#1738,#1747,#1748,#1749));
#1738 = ORIENTED_EDGE('',*,*,#1739,.F.);
#1739 = EDGE_CURVE('',#1709,#1740,#1742,.T.);
#1740 = VERTEX_POINT('',#1741);
#1741 = CARTESIAN_POINT('',(-18.16513013693,22.219767035414,34.3));
#1742 = CIRCLE('',#1743,28.7);
#1743 = AXIS2_PLACEMENT_3D('',#1744,#1745,#1746);
#1744 = CARTESIAN_POINT('',(0.,0.,34.3));
#1745 = DIRECTION('',(0.,0.,1.));
#1746 = DIRECTION('',(1.,0.,0.));
#1747 = ORIENTED_EDGE('',*,*,#1718,.T.);
#1748 = ORIENTED_EDGE('',*,*,#1287,.T.);
#1749 = ORIENTED_EDGE('',*,*,#1750,.F.);
#1750 = EDGE_CURVE('',#1740,#1280,#1751,.T.);
#1751 = LINE('',#1752,#1753);
#1752 = CARTESIAN_POINT('',(0.,0.,63.));
#1753 = VECTOR('',#1754,1.);
#1754 = DIRECTION('',(-0.447550059267,0.547447663663,-0.707106781187));
#1755 = CONICAL_SURFACE('',#1756,32.,0.785398163397);
#1756 = AXIS2_PLACEMENT_3D('',#1757,#1758,#1759);
#1757 = CARTESIAN_POINT('',(0.,0.,31.));
#1758 = DIRECTION('',(-0.,-0.,-1.));
#1759 = DIRECTION('',(1.,0.,0.));
#1760 = ADVANCED_FACE('',(#1761),#1780,.T.);
#1761 = FACE_BOUND('',#1762,.T.);
#1762 = EDGE_LOOP('',(#1763,#1764,#1772,#1779));
#1763 = ORIENTED_EDGE('',*,*,#1270,.T.);
#1764 = ORIENTED_EDGE('',*,*,#1765,.F.);
#1765 = EDGE_CURVE('',#1766,#1271,#1768,.T.);
#1766 = VERTEX_POINT('',#1767);
#1767 = CARTESIAN_POINT('',(-18.16513013693,22.219767035415,107.));
#1768 = LINE('',#1769,#1770);
#1769 = CARTESIAN_POINT('',(0.,0.,107.));
#1770 = VECTOR('',#1771,1.);
#1771 = DIRECTION('',(-0.632931363656,0.774207910642,0.));
#1772 = ORIENTED_EDGE('',*,*,#1773,.F.);
#1773 = EDGE_CURVE('',#1711,#1766,#1774,.T.);
#1774 = CIRCLE('',#1775,28.7);
#1775 = AXIS2_PLACEMENT_3D('',#1776,#1777,#1778);
#1776 = CARTESIAN_POINT('',(0.,0.,107.));
#1777 = DIRECTION('',(0.,-0.,1.));
#1778 = DIRECTION('',(0.632931363656,0.774207910642,0.));
#1779 = ORIENTED_EDGE('',*,*,#1725,.T.);
#1780 = PLANE('',#1781);
#1781 = AXIS2_PLACEMENT_3D('',#1782,#1783,#1784);
#1782 = CARTESIAN_POINT('',(0.,0.,107.));
#1783 = DIRECTION('',(0.,0.,1.));
#1784 = DIRECTION('',(0.632931363656,0.774207910642,0.));
#1785 = ADVANCED_FACE('',(#1786),#1797,.F.);
#1786 = FACE_BOUND('',#1787,.F.);
#1787 = EDGE_LOOP('',(#1788,#1789,#1795,#1796));
#1788 = ORIENTED_EDGE('',*,*,#1765,.F.);
#1789 = ORIENTED_EDGE('',*,*,#1790,.F.);
#1790 = EDGE_CURVE('',#1740,#1766,#1791,.T.);
#1791 = LINE('',#1792,#1793);
#1792 = CARTESIAN_POINT('',(-18.16513013693,22.219767035415,30.));
#1793 = VECTOR('',#1794,1.);
#1794 = DIRECTION('',(0.,0.,1.));
#1795 = ORIENTED_EDGE('',*,*,#1750,.T.);
#1796 = ORIENTED_EDGE('',*,*,#1279,.T.);
#1797 = PLANE('',#1798);
#1798 = AXIS2_PLACEMENT_3D('',#1799,#1800,#1801);
#1799 = CARTESIAN_POINT('',(0.,0.,31.));
#1800 = DIRECTION('',(0.774207910642,0.632931363656,0.));
#1801 = DIRECTION('',(-0.632931363656,0.774207910642,0.));
#1802 = ADVANCED_FACE('',(#1803),#1862,.F.);
#1803 = FACE_BOUND('',#1804,.F.);
#1804 = EDGE_LOOP('',(#1805,#1806,#1814,#1861));
#1805 = ORIENTED_EDGE('',*,*,#1296,.F.);
#1806 = ORIENTED_EDGE('',*,*,#1807,.F.);
#1807 = EDGE_CURVE('',#1808,#1297,#1810,.T.);
#1808 = VERTEX_POINT('',#1809);
#1809 = CARTESIAN_POINT('',(27.090182652873,21.362865066137,91.));
#1810 = LINE('',#1811,#1812);
#1811 = CARTESIAN_POINT('',(28.629397075966,22.700883750786,91.));
#1812 = VECTOR('',#1813,1.);
#1813 = DIRECTION('',(-0.754709580223,-0.656059028991,0.));
#1814 = ORIENTED_EDGE('',*,*,#1815,.T.);
#1815 = EDGE_CURVE('',#1808,#1808,#1816,.T.);
#1816 = B_SPLINE_CURVE_WITH_KNOTS('',7,(#1817,#1818,#1819,#1820,#1821,
    #1822,#1823,#1824,#1825,#1826,#1827,#1828,#1829,#1830,#1831,#1832,
    #1833,#1834,#1835,#1836,#1837,#1838,#1839,#1840,#1841,#1842,#1843,
    #1844,#1845,#1846,#1847,#1848,#1849,#1850,#1851,#1852,#1853,#1854,
    #1855,#1856,#1857,#1858,#1859,#1860),.UNSPECIFIED.,.T.,.F.,(8,6,6,6,
    6,6,6,8),(0.,0.152557793246,0.28573435209,0.421984333738,
    0.588495572828,0.714361341378,0.837996155679,1.),.UNSPECIFIED.);
#1817 = CARTESIAN_POINT('',(27.090182652873,21.362865066137,91.));
#1818 = CARTESIAN_POINT('',(27.090182652873,21.362865066137,
    91.197268534434));
#1819 = CARTESIAN_POINT('',(27.073125783729,21.384494720904,
    91.394460638817));
#1820 = CARTESIAN_POINT('',(27.039031135804,21.427730597256,
    91.589154144441));
#1821 = CARTESIAN_POINT('',(26.987298640664,21.493107199896,
    91.778598210782));
#1822 = CARTESIAN_POINT('',(26.916927925278,21.581453006769,
    91.959195907035));
#1823 = CARTESIAN_POINT('',(26.826646867201,21.693592039178,
    92.125951679764));
#1824 = CARTESIAN_POINT('',(26.618264325249,21.948611922492,
    92.398270740274));
#1825 = CARTESIAN_POINT('',(26.501831284858,22.089843464157,
    92.513258686348));
#1826 = CARTESIAN_POINT('',(26.367996317108,22.250244696999,
    92.603290552126));
#1827 = CARTESIAN_POINT('',(26.221070039219,22.423578537877,
    92.659392066475));
#1828 = CARTESIAN_POINT('',(26.067188901077,22.601854779298,
    92.676740508372));
#1829 = CARTESIAN_POINT('',(25.913432274258,22.777025561275,
    92.654915674985));
#1830 = CARTESIAN_POINT('',(25.616040523454,23.111027995343,
    92.540099011413));
#1831 = CARTESIAN_POINT('',(25.477875494881,23.263600916077,
    92.447467903886));
#1832 = CARTESIAN_POINT('',(25.354799515849,23.397468443329,
    92.32802143986));
#1833 = CARTESIAN_POINT('',(25.248420297999,23.511803945115,
    92.188305021609));
#1834 = CARTESIAN_POINT('',(25.159506003126,23.606528224841,
    92.034122466678));
#1835 = CARTESIAN_POINT('',(25.088106818365,23.682127590375,
    91.870663897067));
#1836 = CARTESIAN_POINT('',(24.967023564272,23.809811006774,
    91.497066353185));
#1837 = CARTESIAN_POINT('',(24.924738754089,23.853940471977,
    91.281703915916));
#1838 = CARTESIAN_POINT('',(24.905906891047,23.873488739572,
    91.06127410374));
#1839 = CARTESIAN_POINT('',(24.910323818029,23.868896739051,
    90.839239020516));
#1840 = CARTESIAN_POINT('',(24.938237979826,23.839886552493,
    90.619350582648));
#1841 = CARTESIAN_POINT('',(24.990052470488,23.785699398904,
    90.405995375969));
#1842 = CARTESIAN_POINT('',(25.123415157822,23.644682112302,
    90.053254582311));
#1843 = CARTESIAN_POINT('',(25.195421447717,23.568199261841,
    89.906399977469));
#1844 = CARTESIAN_POINT('',(25.282398316891,23.475225063807,
    89.768580972186));
#1845 = CARTESIAN_POINT('',(25.384140422875,23.365515598605,
    89.644198554477));
#1846 = CARTESIAN_POINT('',(25.499845822564,23.239325048,89.53802167945)
  );
#1847 = CARTESIAN_POINT('',(25.628058846185,23.097530146009,
    89.455260968431));
#1848 = CARTESIAN_POINT('',(25.902353724303,22.789467946247,
    89.349361518783));
#1849 = CARTESIAN_POINT('',(26.044583557334,22.62760368723,
    89.326542017815));
#1850 = CARTESIAN_POINT('',(26.187641120822,22.462274754559,
    89.337279878957));
#1851 = CARTESIAN_POINT('',(26.325616604804,22.300148078564,
    89.381696910221));
#1852 = CARTESIAN_POINT('',(26.453230675728,22.147940549297,
    89.456313194342));
#1853 = CARTESIAN_POINT('',(26.566558081093,22.011163362055,
    89.554214349335));
#1854 = CARTESIAN_POINT('',(26.790449335835,21.738488128943,
    89.810448817879));
#1855 = CARTESIAN_POINT('',(26.893446867785,21.610914217794,
    89.982921894992));
#1856 = CARTESIAN_POINT('',(26.973514076786,21.51052291897,
    90.172639674114));
#1857 = CARTESIAN_POINT('',(27.032242407133,21.436339931364,
    90.373261087133));
#1858 = CARTESIAN_POINT('',(27.070862362894,21.387364813672,
    90.58016615813));
#1859 = CARTESIAN_POINT('',(27.090182652873,21.362865066137,
    90.790056736408));
#1860 = CARTESIAN_POINT('',(27.090182652873,21.362865066137,91.));
#1861 = ORIENTED_EDGE('',*,*,#1807,.T.);
#1862 = CYLINDRICAL_SURFACE('',#1863,1.65);
#1863 = AXIS2_PLACEMENT_3D('',#1864,#1865,#1866);
#1864 = CARTESIAN_POINT('',(27.546899678131,23.946154558154,91.));
#1865 = DIRECTION('',(-0.754709580223,-0.656059028991,0.));
#1866 = DIRECTION('',(0.656059028991,-0.754709580223,0.));
#1867 = ADVANCED_FACE('',(#1868),#1927,.F.);
#1868 = FACE_BOUND('',#1869,.F.);
#1869 = EDGE_LOOP('',(#1870,#1871,#1879,#1926));
#1870 = ORIENTED_EDGE('',*,*,#1347,.F.);
#1871 = ORIENTED_EDGE('',*,*,#1872,.F.);
#1872 = EDGE_CURVE('',#1873,#1348,#1875,.T.);
#1873 = VERTEX_POINT('',#1874);
#1874 = CARTESIAN_POINT('',(24.925187857205,-23.85340668087,91.));
#1875 = LINE('',#1876,#1877);
#1876 = CARTESIAN_POINT('',(26.464402280297,-25.19142536552,91.));
#1877 = VECTOR('',#1878,1.);
#1878 = DIRECTION('',(-0.754709580223,0.656059028991,0.));
#1879 = ORIENTED_EDGE('',*,*,#1880,.T.);
#1880 = EDGE_CURVE('',#1873,#1873,#1881,.T.);
#1881 = B_SPLINE_CURVE_WITH_KNOTS('',7,(#1882,#1883,#1884,#1885,#1886,
    #1887,#1888,#1889,#1890,#1891,#1892,#1893,#1894,#1895,#1896,#1897,
    #1898,#1899,#1900,#1901,#1902,#1903,#1904,#1905,#1906,#1907,#1908,
    #1909,#1910,#1911,#1912,#1913,#1914,#1915,#1916,#1917,#1918,#1919,
    #1920,#1921,#1922,#1923,#1924,#1925),.UNSPECIFIED.,.T.,.F.,(8,6,6,6,
    6,6,6,8),(0.,0.152557793661,0.285734352869,0.421984334889,
    0.588495571744,0.714361340601,0.8379961553,1.),.UNSPECIFIED.);
#1882 = CARTESIAN_POINT('',(24.925187857205,-23.85340668087,91.));
#1883 = CARTESIAN_POINT('',(24.925187857205,-23.85340668087,
    91.197268534434));
#1884 = CARTESIAN_POINT('',(24.944233156287,-23.83350554187,
    91.394460638817));
#1885 = CARTESIAN_POINT('',(24.982303206185,-23.79372542973,
    91.58915414444));
#1886 = CARTESIAN_POINT('',(25.039843796453,-23.73339772716,
    91.778598210782));
#1887 = CARTESIAN_POINT('',(25.117536117329,-23.65141649484,
    91.959195907035));
#1888 = CARTESIAN_POINT('',(25.216019125574,-23.54640730894,
    92.125951679764));
#1889 = CARTESIAN_POINT('',(25.439555928364,-23.30456082359,
    92.398270740274));
#1890 = CARTESIAN_POINT('',(25.563208667089,-23.16960526994,
    92.513258686348));
#1891 = CARTESIAN_POINT('',(25.70342265868,-23.01474923792,
    92.603290552126));
#1892 = CARTESIAN_POINT('',(25.854621440828,-22.84512942833,
    92.659392066475));
#1893 = CARTESIAN_POINT('',(26.009746594948,-22.6679345935,
    92.676740508372));
#1894 = CARTESIAN_POINT('',(26.161813840368,-22.49129525468,
    92.654915674985));
#1895 = CARTESIAN_POINT('',(26.451176853548,-22.15031354547,
    92.540099011413));
#1896 = CARTESIAN_POINT('',(26.583036089635,-21.99225908296,
    92.447467903886));
#1897 = CARTESIAN_POINT('',(26.698471961659,-21.85175011201,
    92.32802143986));
#1898 = CARTESIAN_POINT('',(26.796889632575,-21.73049374306,
    92.188305021609));
#1899 = CARTESIAN_POINT('',(26.878317583985,-21.62926168425,
    92.034122466677));
#1900 = CARTESIAN_POINT('',(26.943244375741,-21.54803595332,
    91.870663897067));
#1901 = CARTESIAN_POINT('',(27.052833652989,-21.41036097735,
    91.497066356503));
#1902 = CARTESIAN_POINT('',(27.090648748031,-21.36234604185,
    91.281703902913));
#1903 = CARTESIAN_POINT('',(27.107385881701,-21.34097685965,
    91.061274127131));
#1904 = CARTESIAN_POINT('',(27.103453286734,-21.34598988547,
    90.839238997293));
#1905 = CARTESIAN_POINT('',(27.078610329924,-21.377669821,
    90.619350595365));
#1906 = CARTESIAN_POINT('',(27.032161701799,-21.43652145522,
    90.405995372783));
#1907 = CARTESIAN_POINT('',(26.911077285579,-21.58821207774,
    90.053254582311));
#1908 = CARTESIAN_POINT('',(26.845360099614,-21.67016196284,
    89.906399977469));
#1909 = CARTESIAN_POINT('',(26.765395560679,-21.76923188655,
    89.768580972187));
#1910 = CARTESIAN_POINT('',(26.670913544838,-21.88525245183,
    89.644198554477));
#1911 = CARTESIAN_POINT('',(26.562054151271,-22.01739414476,
    89.53802167945));
#1912 = CARTESIAN_POINT('',(26.439482991598,-22.16409344426,
    89.455260968431));
#1913 = CARTESIAN_POINT('',(26.172593300651,-22.47859287523,
    89.349361518742));
#1914 = CARTESIAN_POINT('',(26.032098860585,-22.64196568793,
    89.326542017903));
#1915 = CARTESIAN_POINT('',(25.888288662453,-22.80664036529,
    89.337279878874));
#1916 = CARTESIAN_POINT('',(25.746942267889,-22.96583675382,
    89.38169691019));
#1917 = CARTESIAN_POINT('',(25.613976457823,-23.11339208719,
    89.456313194487));
#1918 = CARTESIAN_POINT('',(25.494302503369,-23.24465230314,
    89.554214349239));
#1919 = CARTESIAN_POINT('',(25.255440566991,-23.50431372142,
    89.810448817879));
#1920 = CARTESIAN_POINT('',(25.143442682289,-23.62406374529,
    89.982921894992));
#1921 = CARTESIAN_POINT('',(25.055171586445,-23.71732351408,
    90.172639674114));
#1922 = CARTESIAN_POINT('',(24.989883946424,-23.78580458078,
    90.373261087133));
#1923 = CARTESIAN_POINT('',(24.946760310214,-23.83086470878,
    90.58016615813));
#1924 = CARTESIAN_POINT('',(24.925187857205,-23.85340668087,
    90.790056736408));
#1925 = CARTESIAN_POINT('',(24.925187857205,-23.85340668087,91.));
#1926 = ORIENTED_EDGE('',*,*,#1872,.T.);
#1927 = CYLINDRICAL_SURFACE('',#1928,1.65);
#1928 = AXIS2_PLACEMENT_3D('',#1929,#1930,#1931);
#1929 = CARTESIAN_POINT('',(27.546899678131,-23.94615455815,91.));
#1930 = DIRECTION('',(-0.754709580223,0.656059028991,0.));
#1931 = DIRECTION('',(-0.656059028991,-0.754709580223,0.));
#1932 = ADVANCED_FACE('',(#1933,#1944),#1947,.F.);
#1933 = FACE_BOUND('',#1934,.F.);
#1934 = EDGE_LOOP('',(#1935));
#1935 = ORIENTED_EDGE('',*,*,#1936,.T.);
#1936 = EDGE_CURVE('',#1937,#1937,#1939,.T.);
#1937 = VERTEX_POINT('',#1938);
#1938 = CARTESIAN_POINT('',(34.5,-8.E-15,21.2));
#1939 = CIRCLE('',#1940,34.5);
#1940 = AXIS2_PLACEMENT_3D('',#1941,#1942,#1943);
#1941 = CARTESIAN_POINT('',(0.,0.,21.2));
#1942 = DIRECTION('',(0.,0.,1.));
#1943 = DIRECTION('',(1.,0.,0.));
#1944 = FACE_BOUND('',#1945,.F.);
#1945 = EDGE_LOOP('',(#1946));
#1946 = ORIENTED_EDGE('',*,*,#1404,.F.);
#1947 = PLANE('',#1948);
#1948 = AXIS2_PLACEMENT_3D('',#1949,#1950,#1951);
#1949 = CARTESIAN_POINT('',(0.,0.,21.2));
#1950 = DIRECTION('',(0.,0.,1.));
#1951 = DIRECTION('',(1.,0.,0.));
#1952 = ADVANCED_FACE('',(#1953,#1960,#2018,#2054),#2112,.F.);
#1953 = FACE_BOUND('',#1954,.F.);
#1954 = EDGE_LOOP('',(#1955,#1956,#1957,#1958,#1959));
#1955 = ORIENTED_EDGE('',*,*,#1429,.T.);
#1956 = ORIENTED_EDGE('',*,*,#1469,.T.);
#1957 = ORIENTED_EDGE('',*,*,#1488,.F.);
#1958 = ORIENTED_EDGE('',*,*,#1536,.F.);
#1959 = ORIENTED_EDGE('',*,*,#1561,.T.);
#1960 = FACE_BOUND('',#1961,.F.);
#1961 = EDGE_LOOP('',(#1962));
#1962 = ORIENTED_EDGE('',*,*,#1963,.T.);
#1963 = EDGE_CURVE('',#1964,#1964,#1966,.T.);
#1964 = VERTEX_POINT('',#1965);
#1965 = CARTESIAN_POINT('',(28.7,0.,52.75));
#1966 = B_SPLINE_CURVE_WITH_KNOTS('',8,(#1967,#1968,#1969,#1970,#1971,
    #1972,#1973,#1974,#1975,#1976,#1977,#1978,#1979,#1980,#1981,#1982,
    #1983,#1984,#1985,#1986,#1987,#1988,#1989,#1990,#1991,#1992,#1993,
    #1994,#1995,#1996,#1997,#1998,#1999,#2000,#2001,#2002,#2003,#2004,
    #2005,#2006,#2007,#2008,#2009,#2010,#2011,#2012,#2013,#2014,#2015,
    #2016,#2017),.UNSPECIFIED.,.T.,.F.,(9,7,7,7,7,7,7,9),(0.,
    0.135264227927,0.250096153399,0.400357409906,0.535281061108,
    0.749838852916,0.864720282582,1.),.UNSPECIFIED.);
#1967 = CARTESIAN_POINT('',(28.7,-5.77E-15,52.75));
#1968 = CARTESIAN_POINT('',(28.7,-0.153904674003,52.75));
#1969 = CARTESIAN_POINT('',(28.699056763014,-0.304808282994,
    52.771656218763));
#1970 = CARTESIAN_POINT('',(28.697234763919,-0.449240991154,
    52.81349150833));
#1971 = CARTESIAN_POINT('',(28.694715223565,-0.584144015323,
    52.873432930526));
#1972 = CARTESIAN_POINT('',(28.691765259402,-0.706960548127,
    52.948842546932));
#1973 = CARTESIAN_POINT('',(28.688675457371,-0.815759575427,
    53.036555092585));
#1974 = CARTESIAN_POINT('',(28.685695753337,-0.909393910261,
    53.132922617849));
#1975 = CARTESIAN_POINT('',(28.680710551344,-1.054166056596,
    53.319561744283));
#1976 = CARTESIAN_POINT('',(28.67858798001,-1.110686514094,
    53.409972899997));
#1977 = CARTESIAN_POINT('',(28.676718073793,-1.157435058834,
    53.503990842027));
#1978 = CARTESIAN_POINT('',(28.675164556519,-1.194595635633,
    53.600694461111));
#1979 = CARTESIAN_POINT('',(28.673971879304,-1.2223340895,
    53.699303816875));
#1980 = CARTESIAN_POINT('',(28.673167880126,-1.240778218038,
    53.79913691843));
#1981 = CARTESIAN_POINT('',(28.672765824036,-1.25,53.899569815494));
#1982 = CARTESIAN_POINT('',(28.672765824036,-1.25,54.13141611667));
#1983 = CARTESIAN_POINT('',(28.673454145599,-1.234210470564,
    54.262891660605));
#1984 = CARTESIAN_POINT('',(28.674832145405,-1.202604257076,
    54.393087541189));
#1985 = CARTESIAN_POINT('',(28.676860859099,-1.154945974705,
    54.52055260291));
#1986 = CARTESIAN_POINT('',(28.679458320371,-1.090881249848,
    54.643602854357));
#1987 = CARTESIAN_POINT('',(28.682486171048,-1.010011974455,
    54.760205546722));
#1988 = CARTESIAN_POINT('',(28.685737471177,-0.912004786159,
    54.867819309799));
#1989 = CARTESIAN_POINT('',(28.691811116574,-0.69331651997,
    55.048733977331));
#1990 = CARTESIAN_POINT('',(28.69470672265,-0.573683972234,
    55.126308702782));
#1991 = CARTESIAN_POINT('',(28.697342788629,-0.439666896968,
    55.19028332423));
#1992 = CARTESIAN_POINT('',(28.699385089868,-0.294443688483,
    55.236466512317));
#1993 = CARTESIAN_POINT('',(28.700549080408,-0.142137851368,
    55.262101820294));
#1994 = CARTESIAN_POINT('',(28.700700087912,1.260278603812E-02,
    55.265915020342));
#1995 = CARTESIAN_POINT('',(28.699895926597,0.165043628881,
    55.248168837818));
#1996 = CARTESIAN_POINT('',(28.69580462905,0.542745682972,
    55.151191433107));
#1997 = CARTESIAN_POINT('',(28.691453679724,0.746702936891,
    55.044724068826));
#1998 = CARTESIAN_POINT('',(28.6862276449,0.917093350214,54.90492328937)
  );
#1999 = CARTESIAN_POINT('',(28.681180438523,1.052378453554,
    54.741821855201));
#2000 = CARTESIAN_POINT('',(28.677021830126,1.152359661611,
    54.563633099534));
#2001 = CARTESIAN_POINT('',(28.674168213795,1.217834839141,
    54.377035119746));
#2002 = CARTESIAN_POINT('',(28.672765824036,1.25,54.187565619433));
#2003 = CARTESIAN_POINT('',(28.672765824036,1.25,53.899571083692));
#2004 = CARTESIAN_POINT('',(28.67316787423,1.240778439751,
    53.799138860654));
#2005 = CARTESIAN_POINT('',(28.673971857318,1.222334581931,
    53.699305536995));
#2006 = CARTESIAN_POINT('',(28.675164532419,1.194596142767,
    53.600695169072));
#2007 = CARTESIAN_POINT('',(28.676718074454,1.157435097028,
    53.50399017777));
#2008 = CARTESIAN_POINT('',(28.678588016986,1.110685694253,
    53.409971157165));
#2009 = CARTESIAN_POINT('',(28.680710598533,1.05416468619,
    53.319559977566));
#2010 = CARTESIAN_POINT('',(28.685694844537,0.909420302146,
    53.132956642062));
#2011 = CARTESIAN_POINT('',(28.688674572542,0.815790049546,
    53.036577945434));
#2012 = CARTESIAN_POINT('',(28.691765192294,0.706971433142,
    52.948839068186));
#2013 = CARTESIAN_POINT('',(28.694716135049,0.584119913909,
    52.873408523976));
#2014 = CARTESIAN_POINT('',(28.697236038371,0.449181184182,
    52.81346230168));
#2015 = CARTESIAN_POINT('',(28.699057524163,0.304730002774,52.7716387327
    ));
#2016 = CARTESIAN_POINT('',(28.7,0.153842527097,52.75));
#2017 = CARTESIAN_POINT('',(28.7,-5.77E-15,52.75));
#2018 = FACE_BOUND('',#2019,.F.);
#2019 = EDGE_LOOP('',(#2020,#2030,#2039,#2047));
#2020 = ORIENTED_EDGE('',*,*,#2021,.T.);
#2021 = EDGE_CURVE('',#2022,#2024,#2026,.T.);
#2022 = VERTEX_POINT('',#2023);
#2023 = CARTESIAN_POINT('',(27.179586627904,-9.217378734556,57.));
#2024 = VERTEX_POINT('',#2025);
#2025 = CARTESIAN_POINT('',(27.179586627904,-9.217378734556,81.));
#2026 = LINE('',#2027,#2028);
#2027 = CARTESIAN_POINT('',(27.179586627904,-9.217378734556,40.));
#2028 = VECTOR('',#2029,1.);
#2029 = DIRECTION('',(0.,0.,1.));
#2030 = ORIENTED_EDGE('',*,*,#2031,.T.);
#2031 = EDGE_CURVE('',#2024,#2032,#2034,.T.);
#2032 = VERTEX_POINT('',#2033);
#2033 = CARTESIAN_POINT('',(27.179586627904,9.217378734556,81.));
#2034 = CIRCLE('',#2035,28.7);
#2035 = AXIS2_PLACEMENT_3D('',#2036,#2037,#2038);
#2036 = CARTESIAN_POINT('',(0.,0.,81.));
#2037 = DIRECTION('',(-0.,0.,1.));
#2038 = DIRECTION('',(0.85476039305,-0.519022803422,0.));
#2039 = ORIENTED_EDGE('',*,*,#2040,.F.);
#2040 = EDGE_CURVE('',#2041,#2032,#2043,.T.);
#2041 = VERTEX_POINT('',#2042);
#2042 = CARTESIAN_POINT('',(27.179586627904,9.217378734556,57.));
#2043 = LINE('',#2044,#2045);
#2044 = CARTESIAN_POINT('',(27.179586627904,9.217378734556,40.));
#2045 = VECTOR('',#2046,1.);
#2046 = DIRECTION('',(0.,0.,1.));
#2047 = ORIENTED_EDGE('',*,*,#2048,.F.);
#2048 = EDGE_CURVE('',#2022,#2041,#2049,.T.);
#2049 = CIRCLE('',#2050,28.7);
#2050 = AXIS2_PLACEMENT_3D('',#2051,#2052,#2053);
#2051 = CARTESIAN_POINT('',(0.,0.,57.));
#2052 = DIRECTION('',(-0.,0.,1.));
#2053 = DIRECTION('',(0.85476039305,-0.519022803422,0.));
#2054 = FACE_BOUND('',#2055,.F.);
#2055 = EDGE_LOOP('',(#2056));
#2056 = ORIENTED_EDGE('',*,*,#2057,.T.);
#2057 = EDGE_CURVE('',#2058,#2058,#2060,.T.);
#2058 = VERTEX_POINT('',#2059);
#2059 = CARTESIAN_POINT('',(28.7,0.,82.75));
#2060 = B_SPLINE_CURVE_WITH_KNOTS('',8,(#2061,#2062,#2063,#2064,#2065,
    #2066,#2067,#2068,#2069,#2070,#2071,#2072,#2073,#2074,#2075,#2076,
    #2077,#2078,#2079,#2080,#2081,#2082,#2083,#2084,#2085,#2086,#2087,
    #2088,#2089,#2090,#2091,#2092,#2093,#2094,#2095,#2096,#2097,#2098,
    #2099,#2100,#2101,#2102,#2103,#2104,#2105,#2106,#2107,#2108,#2109,
    #2110,#2111),.UNSPECIFIED.,.T.,.F.,(9,7,7,7,7,7,7,9),(0.,
    0.135264227912,0.25009615337,0.40035740986,0.535281061047,
    0.749838852829,0.864720282604,1.),.UNSPECIFIED.);
#2061 = CARTESIAN_POINT('',(28.7,-5.77E-15,82.75));
#2062 = CARTESIAN_POINT('',(28.7,-0.153904674003,82.75));
#2063 = CARTESIAN_POINT('',(28.699056763014,-0.304808282994,
    82.771656218763));
#2064 = CARTESIAN_POINT('',(28.697234763919,-0.449240991154,
    82.81349150833));
#2065 = CARTESIAN_POINT('',(28.694715223565,-0.584144015323,
    82.873432930526));
#2066 = CARTESIAN_POINT('',(28.691765259402,-0.706960548127,
    82.948842546932));
#2067 = CARTESIAN_POINT('',(28.688675457371,-0.815759575427,
    83.036555092585));
#2068 = CARTESIAN_POINT('',(28.685695753337,-0.909393910261,
    83.132922617849));
#2069 = CARTESIAN_POINT('',(28.680710551344,-1.054166056596,
    83.319561744283));
#2070 = CARTESIAN_POINT('',(28.67858798001,-1.110686514094,
    83.409972899997));
#2071 = CARTESIAN_POINT('',(28.676718073793,-1.157435058834,
    83.503990842027));
#2072 = CARTESIAN_POINT('',(28.675164556519,-1.194595635633,
    83.600694461111));
#2073 = CARTESIAN_POINT('',(28.673971879304,-1.2223340895,
    83.699303816875));
#2074 = CARTESIAN_POINT('',(28.673167880126,-1.240778218038,
    83.79913691843));
#2075 = CARTESIAN_POINT('',(28.672765824036,-1.25,83.899569815494));
#2076 = CARTESIAN_POINT('',(28.672765824036,-1.25,84.13141611667));
#2077 = CARTESIAN_POINT('',(28.673454145599,-1.234210470564,
    84.262891660605));
#2078 = CARTESIAN_POINT('',(28.674832145405,-1.202604257076,
    84.393087541189));
#2079 = CARTESIAN_POINT('',(28.676860859099,-1.154945974704,
    84.52055260291));
#2080 = CARTESIAN_POINT('',(28.679458320371,-1.090881249848,
    84.643602854357));
#2081 = CARTESIAN_POINT('',(28.682486171048,-1.010011974455,
    84.760205546721));
#2082 = CARTESIAN_POINT('',(28.685737471177,-0.912004786159,
    84.867819309799));
#2083 = CARTESIAN_POINT('',(28.691811116574,-0.69331651997,
    85.048733977331));
#2084 = CARTESIAN_POINT('',(28.69470672265,-0.573683972234,
    85.126308702782));
#2085 = CARTESIAN_POINT('',(28.697342788629,-0.439666896967,
    85.19028332423));
#2086 = CARTESIAN_POINT('',(28.699385089868,-0.294443688483,
    85.236466512317));
#2087 = CARTESIAN_POINT('',(28.700549080408,-0.142137851368,
    85.262101820294));
#2088 = CARTESIAN_POINT('',(28.700700087912,1.260278603828E-02,
    85.265915020342));
#2089 = CARTESIAN_POINT('',(28.699895926597,0.165043628881,
    85.248168837818));
#2090 = CARTESIAN_POINT('',(28.69580462905,0.542745682971,
    85.151191433107));
#2091 = CARTESIAN_POINT('',(28.691453679724,0.746702936892,
    85.044724068825));
#2092 = CARTESIAN_POINT('',(28.6862276449,0.917093350212,84.904923289372
    ));
#2093 = CARTESIAN_POINT('',(28.681180438523,1.052378453556,
    84.741821855198));
#2094 = CARTESIAN_POINT('',(28.677021830126,1.15235966161,
    84.563633099537));
#2095 = CARTESIAN_POINT('',(28.674168213795,1.217834839141,
    84.377035119744));
#2096 = CARTESIAN_POINT('',(28.672765824036,1.25,84.187565619433));
#2097 = CARTESIAN_POINT('',(28.672765824036,1.25,83.899571083586));
#2098 = CARTESIAN_POINT('',(28.673167874231,1.24077843973,
    83.799138860722));
#2099 = CARTESIAN_POINT('',(28.673971857317,1.222334581962,
    83.699305537096));
#2100 = CARTESIAN_POINT('',(28.675164532418,1.194596142799,
    83.600695169062));
#2101 = CARTESIAN_POINT('',(28.676718074455,1.157435096987,
    83.503990177669));
#2102 = CARTESIAN_POINT('',(28.678588016988,1.110685694192,
    83.409971157118));
#2103 = CARTESIAN_POINT('',(28.680710598531,1.054164686262,
    83.319559977659));
#2104 = CARTESIAN_POINT('',(28.685694844537,0.909420302147,
    83.132956642063));
#2105 = CARTESIAN_POINT('',(28.688674572542,0.815790049547,
    83.036577945435));
#2106 = CARTESIAN_POINT('',(28.691765192294,0.706971433141,
    82.948839068186));
#2107 = CARTESIAN_POINT('',(28.694716135049,0.584119913908,
    82.873408523975));
#2108 = CARTESIAN_POINT('',(28.697236038371,0.449181184182,
    82.81346230168));
#2109 = CARTESIAN_POINT('',(28.699057524163,0.304730002774,82.7716387327
    ));
#2110 = CARTESIAN_POINT('',(28.7,0.153842527098,82.75));
#2111 = CARTESIAN_POINT('',(28.7,-5.77E-15,82.75));
#2112 = CYLINDRICAL_SURFACE('',#2113,28.7);
#2113 = AXIS2_PLACEMENT_3D('',#2114,#2115,#2116);
#2114 = CARTESIAN_POINT('',(0.,0.,40.));
#2115 = DIRECTION('',(0.,0.,1.));
#2116 = DIRECTION('',(0.85476039305,-0.519022803422,0.));
#2117 = ADVANCED_FACE('',(#2118,#2290),#2341,.F.);
#2118 = FACE_BOUND('',#2119,.F.);
#2119 = EDGE_LOOP('',(#2120,#2128,#2129,#2130,#2139,#2147,#2156,#2164,
    #2173,#2181,#2190,#2198,#2207,#2215,#2224,#2232,#2241,#2249,#2258,
    #2266,#2275,#2283));
#2120 = ORIENTED_EDGE('',*,*,#2121,.F.);
#2121 = EDGE_CURVE('',#1512,#2122,#2124,.T.);
#2122 = VERTEX_POINT('',#2123);
#2123 = CARTESIAN_POINT('',(28.5,-7.E-15,123.55625));
#2124 = LINE('',#2125,#2126);
#2125 = CARTESIAN_POINT('',(28.5,-6.98E-15,117.90625));
#2126 = VECTOR('',#2127,1.);
#2127 = DIRECTION('',(0.,0.,1.));
#2128 = ORIENTED_EDGE('',*,*,#1511,.T.);
#2129 = ORIENTED_EDGE('',*,*,#2121,.T.);
#2130 = ORIENTED_EDGE('',*,*,#2131,.F.);
#2131 = EDGE_CURVE('',#2132,#2122,#2134,.T.);
#2132 = VERTEX_POINT('',#2133);
#2133 = CARTESIAN_POINT('',(21.927887318837,-18.20488279919,123.55625));
#2134 = CIRCLE('',#2135,28.5);
#2135 = AXIS2_PLACEMENT_3D('',#2136,#2137,#2138);
#2136 = CARTESIAN_POINT('',(0.,0.,123.55625));
#2137 = DIRECTION('',(0.,0.,1.));
#2138 = DIRECTION('',(1.,0.,0.));
#2139 = ORIENTED_EDGE('',*,*,#2140,.T.);
#2140 = EDGE_CURVE('',#2132,#2141,#2143,.T.);
#2141 = VERTEX_POINT('',#2142);
#2142 = CARTESIAN_POINT('',(21.927887318837,-18.20488279919,126.75625));
#2143 = LINE('',#2144,#2145);
#2144 = CARTESIAN_POINT('',(21.927887318837,-18.20488279919,117.90625));
#2145 = VECTOR('',#2146,1.);
#2146 = DIRECTION('',(0.,0.,1.));
#2147 = ORIENTED_EDGE('',*,*,#2148,.T.);
#2148 = EDGE_CURVE('',#2141,#2149,#2151,.T.);
#2149 = VERTEX_POINT('',#2150);
#2150 = CARTESIAN_POINT('',(27.769546846379,-6.4111050488,126.75625));
#2151 = CIRCLE('',#2152,28.5);
#2152 = AXIS2_PLACEMENT_3D('',#2153,#2154,#2155);
#2153 = CARTESIAN_POINT('',(0.,0.,126.75625));
#2154 = DIRECTION('',(0.,0.,1.));
#2155 = DIRECTION('',(1.,0.,0.));
#2156 = ORIENTED_EDGE('',*,*,#2157,.T.);
#2157 = EDGE_CURVE('',#2149,#2158,#2160,.T.);
#2158 = VERTEX_POINT('',#2159);
#2159 = CARTESIAN_POINT('',(27.769546846379,-6.4111050488,131.90625));
#2160 = LINE('',#2161,#2162);
#2161 = CARTESIAN_POINT('',(27.769546846379,-6.4111050488,117.90625));
#2162 = VECTOR('',#2163,1.);
#2163 = DIRECTION('',(0.,0.,1.));
#2164 = ORIENTED_EDGE('',*,*,#2165,.F.);
#2165 = EDGE_CURVE('',#2166,#2158,#2168,.T.);
#2166 = VERTEX_POINT('',#2167);
#2167 = CARTESIAN_POINT('',(-8.332593584598,-27.25468554494,131.90625));
#2168 = CIRCLE('',#2169,28.5);
#2169 = AXIS2_PLACEMENT_3D('',#2170,#2171,#2172);
#2170 = CARTESIAN_POINT('',(0.,0.,131.90625));
#2171 = DIRECTION('',(0.,0.,1.));
#2172 = DIRECTION('',(1.,0.,0.));
#2173 = ORIENTED_EDGE('',*,*,#2174,.F.);
#2174 = EDGE_CURVE('',#2175,#2166,#2177,.T.);
#2175 = VERTEX_POINT('',#2176);
#2176 = CARTESIAN_POINT('',(-8.332593584598,-27.25468554494,123.55625));
#2177 = LINE('',#2178,#2179);
#2178 = CARTESIAN_POINT('',(-8.332593584598,-27.25468554494,117.90625));
#2179 = VECTOR('',#2180,1.);
#2180 = DIRECTION('',(0.,0.,1.));
#2181 = ORIENTED_EDGE('',*,*,#2182,.F.);
#2182 = EDGE_CURVE('',#2183,#2175,#2185,.T.);
#2183 = VERTEX_POINT('',#2184);
#2184 = CARTESIAN_POINT('',(-26.72983463643,-9.887666069838,123.55625));
#2185 = CIRCLE('',#2186,28.5);
#2186 = AXIS2_PLACEMENT_3D('',#2187,#2188,#2189);
#2187 = CARTESIAN_POINT('',(0.,0.,123.55625));
#2188 = DIRECTION('',(0.,0.,1.));
#2189 = DIRECTION('',(1.,0.,0.));
#2190 = ORIENTED_EDGE('',*,*,#2191,.T.);
#2191 = EDGE_CURVE('',#2183,#2192,#2194,.T.);
#2192 = VERTEX_POINT('',#2193);
#2193 = CARTESIAN_POINT('',(-26.72983463643,-9.887666069838,126.75625));
#2194 = LINE('',#2195,#2196);
#2195 = CARTESIAN_POINT('',(-26.72983463643,-9.887666069838,117.90625));
#2196 = VECTOR('',#2197,1.);
#2197 = DIRECTION('',(0.,0.,1.));
#2198 = ORIENTED_EDGE('',*,*,#2199,.T.);
#2199 = EDGE_CURVE('',#2192,#2200,#2202,.T.);
#2200 = VERTEX_POINT('',#2201);
#2201 = CARTESIAN_POINT('',(-19.43695326178,-20.84358049614,126.75625));
#2202 = CIRCLE('',#2203,28.5);
#2203 = AXIS2_PLACEMENT_3D('',#2204,#2205,#2206);
#2204 = CARTESIAN_POINT('',(0.,0.,126.75625));
#2205 = DIRECTION('',(0.,0.,1.));
#2206 = DIRECTION('',(1.,0.,0.));
#2207 = ORIENTED_EDGE('',*,*,#2208,.T.);
#2208 = EDGE_CURVE('',#2200,#2209,#2211,.T.);
#2209 = VERTEX_POINT('',#2210);
#2210 = CARTESIAN_POINT('',(-19.43695326178,-20.84358049614,131.90625));
#2211 = LINE('',#2212,#2213);
#2212 = CARTESIAN_POINT('',(-19.43695326178,-20.84358049614,117.90625));
#2213 = VECTOR('',#2214,1.);
#2214 = DIRECTION('',(0.,0.,1.));
#2215 = ORIENTED_EDGE('',*,*,#2216,.F.);
#2216 = EDGE_CURVE('',#2217,#2209,#2219,.T.);
#2217 = VERTEX_POINT('',#2218);
#2218 = CARTESIAN_POINT('',(-19.43695326178,20.843580496146,131.90625));
#2219 = CIRCLE('',#2220,28.5);
#2220 = AXIS2_PLACEMENT_3D('',#2221,#2222,#2223);
#2221 = CARTESIAN_POINT('',(0.,0.,131.90625));
#2222 = DIRECTION('',(0.,0.,1.));
#2223 = DIRECTION('',(1.,0.,0.));
#2224 = ORIENTED_EDGE('',*,*,#2225,.F.);
#2225 = EDGE_CURVE('',#2226,#2217,#2228,.T.);
#2226 = VERTEX_POINT('',#2227);
#2227 = CARTESIAN_POINT('',(-19.43695326178,20.843580496146,123.55625));
#2228 = LINE('',#2229,#2230);
#2229 = CARTESIAN_POINT('',(-19.43695326178,20.843580496146,117.90625));
#2230 = VECTOR('',#2231,1.);
#2231 = DIRECTION('',(0.,0.,1.));
#2232 = ORIENTED_EDGE('',*,*,#2233,.F.);
#2233 = EDGE_CURVE('',#2234,#2226,#2236,.T.);
#2234 = VERTEX_POINT('',#2235);
#2235 = CARTESIAN_POINT('',(4.801947317603,28.092548869032,123.55625));
#2236 = CIRCLE('',#2237,28.5);
#2237 = AXIS2_PLACEMENT_3D('',#2238,#2239,#2240);
#2238 = CARTESIAN_POINT('',(0.,0.,123.55625));
#2239 = DIRECTION('',(0.,0.,1.));
#2240 = DIRECTION('',(1.,0.,0.));
#2241 = ORIENTED_EDGE('',*,*,#2242,.T.);
#2242 = EDGE_CURVE('',#2234,#2243,#2245,.T.);
#2243 = VERTEX_POINT('',#2244);
#2244 = CARTESIAN_POINT('',(4.801947317603,28.092548869032,126.75625));
#2245 = LINE('',#2246,#2247);
#2246 = CARTESIAN_POINT('',(4.801947317603,28.092548869032,117.90625));
#2247 = VECTOR('',#2248,1.);
#2248 = DIRECTION('',(0.,0.,1.));
#2249 = ORIENTED_EDGE('',*,*,#2250,.T.);
#2250 = EDGE_CURVE('',#2243,#2251,#2253,.T.);
#2251 = VERTEX_POINT('',#2252);
#2252 = CARTESIAN_POINT('',(-8.332593584598,27.254685544947,126.75625));
#2253 = CIRCLE('',#2254,28.5);
#2254 = AXIS2_PLACEMENT_3D('',#2255,#2256,#2257);
#2255 = CARTESIAN_POINT('',(0.,0.,126.75625));
#2256 = DIRECTION('',(0.,0.,1.));
#2257 = DIRECTION('',(1.,0.,0.));
#2258 = ORIENTED_EDGE('',*,*,#2259,.T.);
#2259 = EDGE_CURVE('',#2251,#2260,#2262,.T.);
#2260 = VERTEX_POINT('',#2261);
#2261 = CARTESIAN_POINT('',(-8.332593584598,27.254685544947,131.90625));
#2262 = LINE('',#2263,#2264);
#2263 = CARTESIAN_POINT('',(-8.332593584598,27.254685544947,117.90625));
#2264 = VECTOR('',#2265,1.);
#2265 = DIRECTION('',(0.,0.,1.));
#2266 = ORIENTED_EDGE('',*,*,#2267,.F.);
#2267 = EDGE_CURVE('',#2268,#2260,#2270,.T.);
#2268 = VERTEX_POINT('',#2269);
#2269 = CARTESIAN_POINT('',(27.769546846379,6.4111050488,131.90625));
#2270 = CIRCLE('',#2271,28.5);
#2271 = AXIS2_PLACEMENT_3D('',#2272,#2273,#2274);
#2272 = CARTESIAN_POINT('',(0.,0.,131.90625));
#2273 = DIRECTION('',(0.,0.,1.));
#2274 = DIRECTION('',(1.,0.,0.));
#2275 = ORIENTED_EDGE('',*,*,#2276,.F.);
#2276 = EDGE_CURVE('',#2277,#2268,#2279,.T.);
#2277 = VERTEX_POINT('',#2278);
#2278 = CARTESIAN_POINT('',(27.769546846379,6.4111050488,123.55625));
#2279 = LINE('',#2280,#2281);
#2280 = CARTESIAN_POINT('',(27.769546846379,6.4111050488,117.90625));
#2281 = VECTOR('',#2282,1.);
#2282 = DIRECTION('',(0.,0.,1.));
#2283 = ORIENTED_EDGE('',*,*,#2284,.F.);
#2284 = EDGE_CURVE('',#2122,#2277,#2285,.T.);
#2285 = CIRCLE('',#2286,28.5);
#2286 = AXIS2_PLACEMENT_3D('',#2287,#2288,#2289);
#2287 = CARTESIAN_POINT('',(0.,0.,123.55625));
#2288 = DIRECTION('',(0.,0.,1.));
#2289 = DIRECTION('',(1.,0.,0.));
#2290 = FACE_BOUND('',#2291,.F.);
#2291 = EDGE_LOOP('',(#2292));
#2292 = ORIENTED_EDGE('',*,*,#2293,.T.);
#2293 = EDGE_CURVE('',#2294,#2294,#2296,.T.);
#2294 = VERTEX_POINT('',#2295);
#2295 = CARTESIAN_POINT('',(-28.09413803194,-4.792641050808,126.90625));
#2296 = B_SPLINE_CURVE_WITH_KNOTS('',7,(#2297,#2298,#2299,#2300,#2301,
    #2302,#2303,#2304,#2305,#2306,#2307,#2308,#2309,#2310,#2311,#2312,
    #2313,#2314,#2315,#2316,#2317,#2318,#2319,#2320,#2321,#2322,#2323,
    #2324,#2325,#2326,#2327,#2328,#2329,#2330,#2331,#2332,#2333,#2334,
    #2335,#2336,#2337,#2338,#2339,#2340),.UNSPECIFIED.,.T.,.F.,(8,6,6,6,
    6,6,6,8),(0.,0.152560758981,0.285746326397,0.421999663786,
    0.588492229453,0.714359683478,0.837998651036,1.),.UNSPECIFIED.);
#2297 = CARTESIAN_POINT('',(-28.09413803194,-4.792641050808,126.90625));
#2298 = CARTESIAN_POINT('',(-28.09413803194,-4.792641050808,
    127.10353714553));
#2299 = CARTESIAN_POINT('',(-28.08950240131,-4.819814327727,
    127.30074737499));
#2300 = CARTESIAN_POINT('',(-28.08023683847,-4.874130903717,
    127.49545225124));
#2301 = CARTESIAN_POINT('',(-28.06604195238,-4.95633510594,
    127.68489664551));
#2302 = CARTESIAN_POINT('',(-28.04638051668,-5.067611392612,
    127.86548330709));
#2303 = CARTESIAN_POINT('',(-28.02043080956,-5.209259093625,
    128.0322205582));
#2304 = CARTESIAN_POINT('',(-27.95823324119,-5.532699286882,
    128.30451037748));
#2305 = CARTESIAN_POINT('',(-27.92271615595,-5.712283571732,
    128.41950048741));
#2306 = CARTESIAN_POINT('',(-27.88071809471,-5.916941115468,
    128.50953541516));
#2307 = CARTESIAN_POINT('',(-27.83294565586,-6.139097679206,
    128.56563927864));
#2308 = CARTESIAN_POINT('',(-27.78094123362,-6.368789862795,
    128.58299120178));
#2309 = CARTESIAN_POINT('',(-27.72718913207,-6.595593675927,
    128.56116813377));
#2310 = CARTESIAN_POINT('',(-27.62031882637,-7.029874709389,
    128.44634899338));
#2311 = CARTESIAN_POINT('',(-27.56909922319,-7.229249199394,
    128.3537194598));
#2312 = CARTESIAN_POINT('',(-27.5222395509,-7.404980788168,
    128.23427884133));
#2313 = CARTESIAN_POINT('',(-27.48090736359,-7.555620982706,
    128.09457052488));
#2314 = CARTESIAN_POINT('',(-27.44585140516,-7.680766588534,
    127.94039388194));
#2315 = CARTESIAN_POINT('',(-27.41741787783,-7.780840232897,
    127.77693266441));
#2316 = CARTESIAN_POINT('',(-27.36888371815,-7.950067771566,
    127.403321523));
#2317 = CARTESIAN_POINT('',(-27.35165587374,-8.00874553571,
    127.18795698494));
#2318 = CARTESIAN_POINT('',(-27.34391946885,-8.034782284597,
    126.96751995621));
#2319 = CARTESIAN_POINT('',(-27.34573028382,-8.028667277964,
    126.74547864595));
#2320 = CARTESIAN_POINT('',(-27.35717732106,-7.990041432922,
    126.52558936628));
#2321 = CARTESIAN_POINT('',(-27.3782189157,-7.918039944048,
    126.31223852139));
#2322 = CARTESIAN_POINT('',(-27.43144118545,-7.731301499245,
    125.95949069929));
#2323 = CARTESIAN_POINT('',(-27.45997027088,-7.630159040463,
    125.81263484833));
#2324 = CARTESIAN_POINT('',(-27.49407210815,-7.507454738728,
    125.67482091141));
#2325 = CARTESIAN_POINT('',(-27.53338616064,-7.363054264038,
    125.55044475296));
#2326 = CARTESIAN_POINT('',(-27.57723440943,-7.197535371267,
    125.44427185398));
#2327 = CARTESIAN_POINT('',(-27.62463710857,-7.012326822307,
    125.3615115378));
#2328 = CARTESIAN_POINT('',(-27.72320726363,-6.611774503049,
    125.25560989938));
#2329 = CARTESIAN_POINT('',(-27.77303504508,-6.402133176766,
    125.23279102002));
#2330 = CARTESIAN_POINT('',(-27.82162838622,-6.188968164204,
    125.24353134261));
#2331 = CARTESIAN_POINT('',(-27.86688196861,-5.980935836693,
    125.28795083606));
#2332 = CARTESIAN_POINT('',(-27.9073739066,-5.78646497394,
    125.36257036767));
#2333 = CARTESIAN_POINT('',(-27.94235901274,-5.612298846024,
    125.46047357167));
#2334 = CARTESIAN_POINT('',(-28.00998581229,-5.2659985473,
    125.71667961385));
#2335 = CARTESIAN_POINT('',(-28.03980855004,-5.104729305506,
    125.88913193916));
#2336 = CARTESIAN_POINT('',(-28.06225652934,-4.978237321214,
    126.0788363415));
#2337 = CARTESIAN_POINT('',(-28.07839196591,-4.884947938453,
    126.27945670106));
#2338 = CARTESIAN_POINT('',(-28.08888706907,-4.823420725464,
    126.48637368478));
#2339 = CARTESIAN_POINT('',(-28.09413803194,-4.792641050808,
    126.69628465321));
#2340 = CARTESIAN_POINT('',(-28.09413803194,-4.792641050808,126.90625));
#2341 = CYLINDRICAL_SURFACE('',#2342,28.5);
#2342 = AXIS2_PLACEMENT_3D('',#2343,#2344,#2345);
#2343 = CARTESIAN_POINT('',(0.,0.,117.90625));
#2344 = DIRECTION('',(0.,0.,1.));
#2345 = DIRECTION('',(1.,0.,0.));
#2346 = ADVANCED_FACE('',(#2347,#2433,#2436,#2472,#2475,#2540,#2576,
    #2612,#2648,#2684,#2720,#2756,#2792,#2795,#2831,#2867,#2903,#2939,
    #2975),#2978,.T.);
#2347 = FACE_BOUND('',#2348,.T.);
#2348 = EDGE_LOOP('',(#2349,#2358,#2366,#2375,#2383,#2392,#2400,#2407,
    #2408,#2417,#2425,#2432));
#2349 = ORIENTED_EDGE('',*,*,#2350,.T.);
#2350 = EDGE_CURVE('',#2351,#2351,#2353,.T.);
#2351 = VERTEX_POINT('',#2352);
#2352 = CARTESIAN_POINT('',(34.5,-8.E-15,23.7));
#2353 = CIRCLE('',#2354,34.5);
#2354 = AXIS2_PLACEMENT_3D('',#2355,#2356,#2357);
#2355 = CARTESIAN_POINT('',(0.,0.,23.7));
#2356 = DIRECTION('',(0.,0.,1.));
#2357 = DIRECTION('',(1.,0.,0.));
#2358 = ORIENTED_EDGE('',*,*,#2359,.T.);
#2359 = EDGE_CURVE('',#2351,#2360,#2362,.T.);
#2360 = VERTEX_POINT('',#2361);
#2361 = CARTESIAN_POINT('',(34.5,-8.E-15,49.));
#2362 = LINE('',#2363,#2364);
#2363 = CARTESIAN_POINT('',(34.5,-8.45E-15,8.));
#2364 = VECTOR('',#2365,1.);
#2365 = DIRECTION('',(0.,0.,1.));
#2366 = ORIENTED_EDGE('',*,*,#2367,.F.);
#2367 = EDGE_CURVE('',#2368,#2360,#2370,.T.);
#2368 = VERTEX_POINT('',#2369);
#2369 = CARTESIAN_POINT('',(31.267618652764,-14.58033003005,49.));
#2370 = CIRCLE('',#2371,34.5);
#2371 = AXIS2_PLACEMENT_3D('',#2372,#2373,#2374);
#2372 = CARTESIAN_POINT('',(0.,0.,49.));
#2373 = DIRECTION('',(0.,0.,1.));
#2374 = DIRECTION('',(1.,0.,0.));
#2375 = ORIENTED_EDGE('',*,*,#2376,.T.);
#2376 = EDGE_CURVE('',#2368,#2377,#2379,.T.);
#2377 = VERTEX_POINT('',#2378);
#2378 = CARTESIAN_POINT('',(31.267618652764,-14.58033003005,89.));
#2379 = LINE('',#2380,#2381);
#2380 = CARTESIAN_POINT('',(31.267618652764,-14.58033003005,8.));
#2381 = VECTOR('',#2382,1.);
#2382 = DIRECTION('',(0.,0.,1.));
#2383 = ORIENTED_EDGE('',*,*,#2384,.T.);
#2384 = EDGE_CURVE('',#2377,#2385,#2387,.T.);
#2385 = VERTEX_POINT('',#2386);
#2386 = CARTESIAN_POINT('',(34.5,-8.E-15,89.));
#2387 = CIRCLE('',#2388,34.5);
#2388 = AXIS2_PLACEMENT_3D('',#2389,#2390,#2391);
#2389 = CARTESIAN_POINT('',(0.,0.,89.));
#2390 = DIRECTION('',(0.,0.,1.));
#2391 = DIRECTION('',(1.,0.,0.));
#2392 = ORIENTED_EDGE('',*,*,#2393,.T.);
#2393 = EDGE_CURVE('',#2385,#2394,#2396,.T.);
#2394 = VERTEX_POINT('',#2395);
#2395 = CARTESIAN_POINT('',(34.5,-8.E-15,115.3));
#2396 = LINE('',#2397,#2398);
#2397 = CARTESIAN_POINT('',(34.5,-8.45E-15,8.));
#2398 = VECTOR('',#2399,1.);
#2399 = DIRECTION('',(0.,0.,1.));
#2400 = ORIENTED_EDGE('',*,*,#2401,.F.);
#2401 = EDGE_CURVE('',#2394,#2394,#2402,.T.);
#2402 = CIRCLE('',#2403,34.5);
#2403 = AXIS2_PLACEMENT_3D('',#2404,#2405,#2406);
#2404 = CARTESIAN_POINT('',(0.,0.,115.3));
#2405 = DIRECTION('',(0.,0.,1.));
#2406 = DIRECTION('',(1.,0.,0.));
#2407 = ORIENTED_EDGE('',*,*,#2393,.F.);
#2408 = ORIENTED_EDGE('',*,*,#2409,.T.);
#2409 = EDGE_CURVE('',#2385,#2410,#2412,.T.);
#2410 = VERTEX_POINT('',#2411);
#2411 = CARTESIAN_POINT('',(31.267618652764,14.580330030054,89.));
#2412 = CIRCLE('',#2413,34.5);
#2413 = AXIS2_PLACEMENT_3D('',#2414,#2415,#2416);
#2414 = CARTESIAN_POINT('',(0.,0.,89.));
#2415 = DIRECTION('',(0.,0.,1.));
#2416 = DIRECTION('',(1.,0.,0.));
#2417 = ORIENTED_EDGE('',*,*,#2418,.F.);
#2418 = EDGE_CURVE('',#2419,#2410,#2421,.T.);
#2419 = VERTEX_POINT('',#2420);
#2420 = CARTESIAN_POINT('',(31.267618652764,14.580330030054,49.));
#2421 = LINE('',#2422,#2423);
#2422 = CARTESIAN_POINT('',(31.267618652764,14.580330030054,8.));
#2423 = VECTOR('',#2424,1.);
#2424 = DIRECTION('',(0.,0.,1.));
#2425 = ORIENTED_EDGE('',*,*,#2426,.F.);
#2426 = EDGE_CURVE('',#2360,#2419,#2427,.T.);
#2427 = CIRCLE('',#2428,34.5);
#2428 = AXIS2_PLACEMENT_3D('',#2429,#2430,#2431);
#2429 = CARTESIAN_POINT('',(0.,0.,49.));
#2430 = DIRECTION('',(0.,0.,1.));
#2431 = DIRECTION('',(1.,0.,0.));
#2432 = ORIENTED_EDGE('',*,*,#2359,.F.);
#2433 = FACE_BOUND('',#2434,.T.);
#2434 = EDGE_LOOP('',(#2435));
#2435 = ORIENTED_EDGE('',*,*,#1587,.T.);
#2436 = FACE_BOUND('',#2437,.T.);
#2437 = EDGE_LOOP('',(#2438,#2448,#2457,#2465));
#2438 = ORIENTED_EDGE('',*,*,#2439,.T.);
#2439 = EDGE_CURVE('',#2440,#2442,#2444,.T.);
#2440 = VERTEX_POINT('',#2441);
#2441 = CARTESIAN_POINT('',(18.790046708018,28.934134594117,40.));
#2442 = VERTEX_POINT('',#2443);
#2443 = CARTESIAN_POINT('',(18.790046708018,28.934134594117,98.));
#2444 = LINE('',#2445,#2446);
#2445 = CARTESIAN_POINT('',(18.790046708018,28.934134594117,8.));
#2446 = VECTOR('',#2447,1.);
#2447 = DIRECTION('',(0.,0.,1.));
#2448 = ORIENTED_EDGE('',*,*,#2449,.T.);
#2449 = EDGE_CURVE('',#2442,#2450,#2452,.T.);
#2450 = VERTEX_POINT('',#2451);
#2451 = CARTESIAN_POINT('',(-18.79004670801,28.934134594117,98.));
#2452 = CIRCLE('',#2453,34.5);
#2453 = AXIS2_PLACEMENT_3D('',#2454,#2455,#2456);
#2454 = CARTESIAN_POINT('',(0.,0.,98.));
#2455 = DIRECTION('',(0.,0.,1.));
#2456 = DIRECTION('',(1.,0.,0.));
#2457 = ORIENTED_EDGE('',*,*,#2458,.F.);
#2458 = EDGE_CURVE('',#2459,#2450,#2461,.T.);
#2459 = VERTEX_POINT('',#2460);
#2460 = CARTESIAN_POINT('',(-18.79004670801,28.934134594117,40.));
#2461 = LINE('',#2462,#2463);
#2462 = CARTESIAN_POINT('',(-18.79004670801,28.934134594117,8.));
#2463 = VECTOR('',#2464,1.);
#2464 = DIRECTION('',(0.,0.,1.));
#2465 = ORIENTED_EDGE('',*,*,#2466,.F.);
#2466 = EDGE_CURVE('',#2440,#2459,#2467,.T.);
#2467 = CIRCLE('',#2468,34.5);
#2468 = AXIS2_PLACEMENT_3D('',#2469,#2470,#2471);
#2469 = CARTESIAN_POINT('',(0.,0.,40.));
#2470 = DIRECTION('',(0.,0.,1.));
#2471 = DIRECTION('',(1.,0.,0.));
#2472 = FACE_BOUND('',#2473,.T.);
#2473 = EDGE_LOOP('',(#2474));
#2474 = ORIENTED_EDGE('',*,*,#1652,.T.);
#2475 = FACE_BOUND('',#2476,.T.);
#2476 = EDGE_LOOP('',(#2477,#2488,#2497,#2506,#2515,#2524,#2533));
#2477 = ORIENTED_EDGE('',*,*,#2478,.T.);
#2478 = EDGE_CURVE('',#2479,#2481,#2483,.T.);
#2479 = VERTEX_POINT('',#2480);
#2480 = CARTESIAN_POINT('',(-14.28694545754,-31.40275767338,79.744732));
#2481 = VERTEX_POINT('',#2482);
#2482 = CARTESIAN_POINT('',(-5.093377509729,-34.12195049441,84.8406505)
  );
#2483 = ELLIPSE('',#2484,39.836876063769,34.5);
#2484 = AXIS2_PLACEMENT_3D('',#2485,#2486,#2487);
#2485 = CARTESIAN_POINT('',(0.,0.,89.992398285926));
#2486 = DIRECTION('',(-0.496774984424,-5.660036003942E-02,0.866031762751
    ));
#2487 = DIRECTION('',(0.860464785591,9.80375787685E-02,0.499988985785));
#2488 = ORIENTED_EDGE('',*,*,#2489,.T.);
#2489 = EDGE_CURVE('',#2481,#2490,#2492,.T.);
#2490 = VERTEX_POINT('',#2491);
#2491 = CARTESIAN_POINT('',(3.903253471268,-34.27848614421,89.93522));
#2492 = ELLIPSE('',#2493,39.729294144822,34.5);
#2493 = AXIS2_PLACEMENT_3D('',#2494,#2495,#2496);
#2494 = CARTESIAN_POINT('',(0.,0.,89.936517473311));
#2495 = DIRECTION('',(-0.492717097672,-5.613802224392E-02,0.868376867564
    ));
#2496 = DIRECTION('',(0.862794815732,9.830305216992E-02,0.495904845591)
  );
#2497 = ORIENTED_EDGE('',*,*,#2498,.T.);
#2498 = EDGE_CURVE('',#2490,#2499,#2501,.T.);
#2499 = VERTEX_POINT('',#2500);
#2500 = CARTESIAN_POINT('',(20.984855418979,-27.38404358462,79.7374545)
  );
#2501 = ELLIPSE('',#2502,39.787207011192,34.5);
#2502 = AXIS2_PLACEMENT_3D('',#2503,#2504,#2505);
#2503 = CARTESIAN_POINT('',(0.,0.,89.933914853075));
#2504 = DIRECTION('',(0.494909738957,5.638784216252E-02,0.86711288858));
#2505 = DIRECTION('',(-0.861538961787,-9.815996568681E-02,0.498111672679
    ));
#2506 = ORIENTED_EDGE('',*,*,#2507,.T.);
#2507 = EDGE_CURVE('',#2499,#2508,#2510,.T.);
#2508 = VERTEX_POINT('',#2509);
#2509 = CARTESIAN_POINT('',(20.941473729813,-27.41723323064,59.260948));
#2510 = ELLIPSE('',#2511,1.507557243071E+04,34.5);
#2511 = AXIS2_PLACEMENT_3D('',#2512,#2513,#2514);
#2512 = CARTESIAN_POINT('',(0.,0.,-7.676515007621E+03));
#2513 = DIRECTION('',(0.993569253957,0.113202917339,-2.288470315709E-03)
  );
#2514 = DIRECTION('',(2.27375969824E-03,2.590621943507E-04,
    0.999997381448));
#2515 = ORIENTED_EDGE('',*,*,#2516,.T.);
#2516 = EDGE_CURVE('',#2508,#2517,#2519,.T.);
#2517 = VERTEX_POINT('',#2518);
#2518 = CARTESIAN_POINT('',(3.87609275493,-34.28156800607,49.06478));
#2519 = ELLIPSE('',#2520,39.796531736617,34.5);
#2520 = AXIS2_PLACEMENT_3D('',#2521,#2522,#2523);
#2521 = CARTESIAN_POINT('',(0.,0.,49.081803755314));
#2522 = DIRECTION('',(0.495260983597,5.642786143414E-02,-0.866909715357)
  );
#2523 = DIRECTION('',(0.861337094592,9.813696582507E-02,0.498465189777)
  );
#2524 = ORIENTED_EDGE('',*,*,#2525,.T.);
#2525 = EDGE_CURVE('',#2517,#2526,#2528,.T.);
#2526 = VERTEX_POINT('',#2527);
#2527 = CARTESIAN_POINT('',(-14.23717191802,-31.4253549825,59.2528895));
#2528 = ELLIPSE('',#2529,39.821864313011,34.5);
#2529 = AXIS2_PLACEMENT_3D('',#2530,#2531,#2532);
#2530 = CARTESIAN_POINT('',(0.,0.,49.047712673175));
#2531 = DIRECTION('',(-0.496212715686,-5.653629760872E-02,
    -0.866358232975));
#2532 = DIRECTION('',(-0.860789157218,-9.807453624708E-02,0.499423079319
    ));
#2533 = ORIENTED_EDGE('',*,*,#2534,.T.);
#2534 = EDGE_CURVE('',#2526,#2479,#2535,.T.);
#2535 = ELLIPSE('',#2536,1.507544258021E+04,34.5);
#2536 = AXIS2_PLACEMENT_3D('',#2537,#2538,#2539);
#2537 = CARTESIAN_POINT('',(0.,0.,-7.676440922807E+03));
#2538 = DIRECTION('',(-0.993569253913,-0.113202917334,
    -2.288490027171E-03));
#2539 = DIRECTION('',(-2.273779282993E-03,-2.590644257515E-04,
    0.999997381403));
#2540 = FACE_BOUND('',#2541,.T.);
#2541 = EDGE_LOOP('',(#2542,#2552,#2561,#2569));
#2542 = ORIENTED_EDGE('',*,*,#2543,.T.);
#2543 = EDGE_CURVE('',#2544,#2546,#2548,.T.);
#2544 = VERTEX_POINT('',#2545);
#2545 = CARTESIAN_POINT('',(-19.7491622544,28.288170500212,30.));
#2546 = VERTEX_POINT('',#2547);
#2547 = CARTESIAN_POINT('',(-19.7491622544,28.288170500212,110.));
#2548 = LINE('',#2549,#2550);
#2549 = CARTESIAN_POINT('',(-19.7491622544,28.288170500212,8.));
#2550 = VECTOR('',#2551,1.);
#2551 = DIRECTION('',(0.,0.,1.));
#2552 = ORIENTED_EDGE('',*,*,#2553,.T.);
#2553 = EDGE_CURVE('',#2546,#2554,#2556,.T.);
#2554 = VERTEX_POINT('',#2555);
#2555 = CARTESIAN_POINT('',(-20.80082212701,27.524094877766,110.));
#2556 = CIRCLE('',#2557,34.5);
#2557 = AXIS2_PLACEMENT_3D('',#2558,#2559,#2560);
#2558 = CARTESIAN_POINT('',(0.,0.,110.));
#2559 = DIRECTION('',(0.,0.,1.));
#2560 = DIRECTION('',(1.,0.,0.));
#2561 = ORIENTED_EDGE('',*,*,#2562,.F.);
#2562 = EDGE_CURVE('',#2563,#2554,#2565,.T.);
#2563 = VERTEX_POINT('',#2564);
#2564 = CARTESIAN_POINT('',(-20.80082212701,27.524094877766,30.));
#2565 = LINE('',#2566,#2567);
#2566 = CARTESIAN_POINT('',(-20.80082212701,27.524094877766,8.));
#2567 = VECTOR('',#2568,1.);
#2568 = DIRECTION('',(0.,0.,1.));
#2569 = ORIENTED_EDGE('',*,*,#2570,.F.);
#2570 = EDGE_CURVE('',#2544,#2563,#2571,.T.);
#2571 = CIRCLE('',#2572,34.5);
#2572 = AXIS2_PLACEMENT_3D('',#2573,#2574,#2575);
#2573 = CARTESIAN_POINT('',(0.,0.,30.));
#2574 = DIRECTION('',(0.,0.,1.));
#2575 = DIRECTION('',(1.,0.,0.));
#2576 = FACE_BOUND('',#2577,.T.);
#2577 = EDGE_LOOP('',(#2578,#2588,#2597,#2605));
#2578 = ORIENTED_EDGE('',*,*,#2579,.T.);
#2579 = EDGE_CURVE('',#2580,#2582,#2584,.T.);
#2580 = VERTEX_POINT('',#2581);
#2581 = CARTESIAN_POINT('',(-23.93126211436,24.850446547566,30.));
#2582 = VERTEX_POINT('',#2583);
#2583 = CARTESIAN_POINT('',(-23.93126211436,24.850446547566,110.));
#2584 = LINE('',#2585,#2586);
#2585 = CARTESIAN_POINT('',(-23.93126211436,24.850446547566,8.));
#2586 = VECTOR('',#2587,1.);
#2587 = DIRECTION('',(0.,0.,1.));
#2588 = ORIENTED_EDGE('',*,*,#2589,.T.);
#2589 = EDGE_CURVE('',#2582,#2590,#2592,.T.);
#2590 = VERTEX_POINT('',#2591);
#2591 = CARTESIAN_POINT('',(-24.85044654756,23.931262114367,110.));
#2592 = CIRCLE('',#2593,34.5);
#2593 = AXIS2_PLACEMENT_3D('',#2594,#2595,#2596);
#2594 = CARTESIAN_POINT('',(0.,0.,110.));
#2595 = DIRECTION('',(0.,0.,1.));
#2596 = DIRECTION('',(1.,0.,0.));
#2597 = ORIENTED_EDGE('',*,*,#2598,.F.);
#2598 = EDGE_CURVE('',#2599,#2590,#2601,.T.);
#2599 = VERTEX_POINT('',#2600);
#2600 = CARTESIAN_POINT('',(-24.85044654756,23.931262114367,30.));
#2601 = LINE('',#2602,#2603);
#2602 = CARTESIAN_POINT('',(-24.85044654756,23.931262114367,8.));
#2603 = VECTOR('',#2604,1.);
#2604 = DIRECTION('',(0.,0.,1.));
#2605 = ORIENTED_EDGE('',*,*,#2606,.F.);
#2606 = EDGE_CURVE('',#2580,#2599,#2607,.T.);
#2607 = CIRCLE('',#2608,34.5);
#2608 = AXIS2_PLACEMENT_3D('',#2609,#2610,#2611);
#2609 = CARTESIAN_POINT('',(0.,0.,30.));
#2610 = DIRECTION('',(0.,0.,1.));
#2611 = DIRECTION('',(1.,0.,0.));
#2612 = FACE_BOUND('',#2613,.T.);
#2613 = EDGE_LOOP('',(#2614,#2624,#2633,#2641));
#2614 = ORIENTED_EDGE('',*,*,#2615,.T.);
#2615 = EDGE_CURVE('',#2616,#2618,#2620,.T.);
#2616 = VERTEX_POINT('',#2617);
#2617 = CARTESIAN_POINT('',(-27.52409487776,20.800822127015,30.));
#2618 = VERTEX_POINT('',#2619);
#2619 = CARTESIAN_POINT('',(-27.52409487776,20.800822127015,110.));
#2620 = LINE('',#2621,#2622);
#2621 = CARTESIAN_POINT('',(-27.52409487776,20.800822127015,8.));
#2622 = VECTOR('',#2623,1.);
#2623 = DIRECTION('',(0.,0.,1.));
#2624 = ORIENTED_EDGE('',*,*,#2625,.T.);
#2625 = EDGE_CURVE('',#2618,#2626,#2628,.T.);
#2626 = VERTEX_POINT('',#2627);
#2627 = CARTESIAN_POINT('',(-28.28817050021,19.749162254407,110.));
#2628 = CIRCLE('',#2629,34.5);
#2629 = AXIS2_PLACEMENT_3D('',#2630,#2631,#2632);
#2630 = CARTESIAN_POINT('',(0.,0.,110.));
#2631 = DIRECTION('',(0.,0.,1.));
#2632 = DIRECTION('',(1.,0.,0.));
#2633 = ORIENTED_EDGE('',*,*,#2634,.F.);
#2634 = EDGE_CURVE('',#2635,#2626,#2637,.T.);
#2635 = VERTEX_POINT('',#2636);
#2636 = CARTESIAN_POINT('',(-28.28817050021,19.749162254407,30.));
#2637 = LINE('',#2638,#2639);
#2638 = CARTESIAN_POINT('',(-28.28817050021,19.749162254407,8.));
#2639 = VECTOR('',#2640,1.);
#2640 = DIRECTION('',(0.,0.,1.));
#2641 = ORIENTED_EDGE('',*,*,#2642,.F.);
#2642 = EDGE_CURVE('',#2616,#2635,#2643,.T.);
#2643 = CIRCLE('',#2644,34.5);
#2644 = AXIS2_PLACEMENT_3D('',#2645,#2646,#2647);
#2645 = CARTESIAN_POINT('',(0.,0.,30.));
#2646 = DIRECTION('',(0.,0.,1.));
#2647 = DIRECTION('',(1.,0.,0.));
#2648 = FACE_BOUND('',#2649,.T.);
#2649 = EDGE_LOOP('',(#2650,#2660,#2669,#2677));
#2650 = ORIENTED_EDGE('',*,*,#2651,.T.);
#2651 = EDGE_CURVE('',#2652,#2654,#2656,.T.);
#2652 = VERTEX_POINT('',#2653);
#2653 = CARTESIAN_POINT('',(-30.43919307804,16.239012431726,30.));
#2654 = VERTEX_POINT('',#2655);
#2655 = CARTESIAN_POINT('',(-30.43919307804,16.239012431726,110.));
#2656 = LINE('',#2657,#2658);
#2657 = CARTESIAN_POINT('',(-30.43919307804,16.239012431726,8.));
#2658 = VECTOR('',#2659,1.);
#2659 = DIRECTION('',(0.,0.,1.));
#2660 = ORIENTED_EDGE('',*,*,#2661,.T.);
#2661 = EDGE_CURVE('',#2654,#2662,#2664,.T.);
#2662 = VERTEX_POINT('',#2663);
#2663 = CARTESIAN_POINT('',(-31.02934581208,15.080772476032,110.));
#2664 = CIRCLE('',#2665,34.5);
#2665 = AXIS2_PLACEMENT_3D('',#2666,#2667,#2668);
#2666 = CARTESIAN_POINT('',(0.,0.,110.));
#2667 = DIRECTION('',(0.,0.,1.));
#2668 = DIRECTION('',(1.,0.,0.));
#2669 = ORIENTED_EDGE('',*,*,#2670,.F.);
#2670 = EDGE_CURVE('',#2671,#2662,#2673,.T.);
#2671 = VERTEX_POINT('',#2672);
#2672 = CARTESIAN_POINT('',(-31.02934581208,15.080772476032,30.));
#2673 = LINE('',#2674,#2675);
#2674 = CARTESIAN_POINT('',(-31.02934581208,15.080772476032,8.));
#2675 = VECTOR('',#2676,1.);
#2676 = DIRECTION('',(0.,0.,1.));
#2677 = ORIENTED_EDGE('',*,*,#2678,.F.);
#2678 = EDGE_CURVE('',#2652,#2671,#2679,.T.);
#2679 = CIRCLE('',#2680,34.5);
#2680 = AXIS2_PLACEMENT_3D('',#2681,#2682,#2683);
#2681 = CARTESIAN_POINT('',(0.,0.,30.));
#2682 = DIRECTION('',(0.,0.,1.));
#2683 = DIRECTION('',(1.,0.,0.));
#2684 = FACE_BOUND('',#2685,.T.);
#2685 = EDGE_LOOP('',(#2686,#2696,#2705,#2713));
#2686 = ORIENTED_EDGE('',*,*,#2687,.T.);
#2687 = EDGE_CURVE('',#2688,#2690,#2692,.T.);
#2688 = VERTEX_POINT('',#2689);
#2689 = CARTESIAN_POINT('',(-32.60477732284,11.277344356176,30.));
#2690 = VERTEX_POINT('',#2691);
#2691 = CARTESIAN_POINT('',(-32.60477732284,11.277344356176,110.));
#2692 = LINE('',#2693,#2694);
#2693 = CARTESIAN_POINT('',(-32.60477732284,11.277344356176,8.));
#2694 = VECTOR('',#2695,1.);
#2695 = DIRECTION('',(0.,0.,1.));
#2696 = ORIENTED_EDGE('',*,*,#2697,.T.);
#2697 = EDGE_CURVE('',#2690,#2698,#2700,.T.);
#2698 = VERTEX_POINT('',#2699);
#2699 = CARTESIAN_POINT('',(-33.00647564957,10.041044029083,110.));
#2700 = CIRCLE('',#2701,34.5);
#2701 = AXIS2_PLACEMENT_3D('',#2702,#2703,#2704);
#2702 = CARTESIAN_POINT('',(0.,0.,110.));
#2703 = DIRECTION('',(0.,0.,1.));
#2704 = DIRECTION('',(1.,0.,0.));
#2705 = ORIENTED_EDGE('',*,*,#2706,.F.);
#2706 = EDGE_CURVE('',#2707,#2698,#2709,.T.);
#2707 = VERTEX_POINT('',#2708);
#2708 = CARTESIAN_POINT('',(-33.00647564957,10.041044029083,30.));
#2709 = LINE('',#2710,#2711);
#2710 = CARTESIAN_POINT('',(-33.00647564957,10.041044029083,8.));
#2711 = VECTOR('',#2712,1.);
#2712 = DIRECTION('',(0.,0.,1.));
#2713 = ORIENTED_EDGE('',*,*,#2714,.F.);
#2714 = EDGE_CURVE('',#2688,#2707,#2715,.T.);
#2715 = CIRCLE('',#2716,34.5);
#2716 = AXIS2_PLACEMENT_3D('',#2717,#2718,#2719);
#2717 = CARTESIAN_POINT('',(0.,0.,30.));
#2718 = DIRECTION('',(0.,0.,1.));
#2719 = DIRECTION('',(1.,0.,0.));
#2720 = FACE_BOUND('',#2721,.T.);
#2721 = EDGE_LOOP('',(#2722,#2732,#2741,#2749));
#2722 = ORIENTED_EDGE('',*,*,#2723,.T.);
#2723 = EDGE_CURVE('',#2724,#2726,#2728,.T.);
#2724 = VERTEX_POINT('',#2725);
#2725 = CARTESIAN_POINT('',(-33.9675237409,6.037990635217,30.));
#2726 = VERTEX_POINT('',#2727);
#2727 = CARTESIAN_POINT('',(-33.9675237409,6.037990635217,110.));
#2728 = LINE('',#2729,#2730);
#2729 = CARTESIAN_POINT('',(-33.9675237409,6.037990635217,8.));
#2730 = VECTOR('',#2731,1.);
#2731 = DIRECTION('',(0.,0.,1.));
#2732 = ORIENTED_EDGE('',*,*,#2733,.T.);
#2733 = EDGE_CURVE('',#2726,#2734,#2736,.T.);
#2734 = VERTEX_POINT('',#2735);
#2735 = CARTESIAN_POINT('',(-34.17087651435,4.754071753823,110.));
#2736 = CIRCLE('',#2737,34.5);
#2737 = AXIS2_PLACEMENT_3D('',#2738,#2739,#2740);
#2738 = CARTESIAN_POINT('',(0.,0.,110.));
#2739 = DIRECTION('',(0.,0.,1.));
#2740 = DIRECTION('',(1.,0.,0.));
#2741 = ORIENTED_EDGE('',*,*,#2742,.F.);
#2742 = EDGE_CURVE('',#2743,#2734,#2745,.T.);
#2743 = VERTEX_POINT('',#2744);
#2744 = CARTESIAN_POINT('',(-34.17087651435,4.754071753823,30.));
#2745 = LINE('',#2746,#2747);
#2746 = CARTESIAN_POINT('',(-34.17087651435,4.754071753823,8.));
#2747 = VECTOR('',#2748,1.);
#2748 = DIRECTION('',(0.,0.,1.));
#2749 = ORIENTED_EDGE('',*,*,#2750,.F.);
#2750 = EDGE_CURVE('',#2724,#2743,#2751,.T.);
#2751 = CIRCLE('',#2752,34.5);
#2752 = AXIS2_PLACEMENT_3D('',#2753,#2754,#2755);
#2753 = CARTESIAN_POINT('',(0.,0.,30.));
#2754 = DIRECTION('',(0.,0.,1.));
#2755 = DIRECTION('',(1.,0.,0.));
#2756 = FACE_BOUND('',#2757,.T.);
#2757 = EDGE_LOOP('',(#2758,#2768,#2777,#2785));
#2758 = ORIENTED_EDGE('',*,*,#2759,.T.);
#2759 = EDGE_CURVE('',#2760,#2762,#2764,.T.);
#2760 = VERTEX_POINT('',#2761);
#2761 = CARTESIAN_POINT('',(-34.49387699272,0.649961545876,30.));
#2762 = VERTEX_POINT('',#2763);
#2763 = CARTESIAN_POINT('',(-34.49387699272,0.649961545876,110.));
#2764 = LINE('',#2765,#2766);
#2765 = CARTESIAN_POINT('',(-34.49387699272,0.649961545876,8.));
#2766 = VECTOR('',#2767,1.);
#2767 = DIRECTION('',(0.,0.,1.));
#2768 = ORIENTED_EDGE('',*,*,#2769,.T.);
#2769 = EDGE_CURVE('',#2762,#2770,#2772,.T.);
#2770 = VERTEX_POINT('',#2771);
#2771 = CARTESIAN_POINT('',(-34.49387699272,-0.649961545876,110.));
#2772 = CIRCLE('',#2773,34.5);
#2773 = AXIS2_PLACEMENT_3D('',#2774,#2775,#2776);
#2774 = CARTESIAN_POINT('',(0.,0.,110.));
#2775 = DIRECTION('',(0.,0.,1.));
#2776 = DIRECTION('',(1.,0.,0.));
#2777 = ORIENTED_EDGE('',*,*,#2778,.F.);
#2778 = EDGE_CURVE('',#2779,#2770,#2781,.T.);
#2779 = VERTEX_POINT('',#2780);
#2780 = CARTESIAN_POINT('',(-34.49387699272,-0.649961545876,30.));
#2781 = LINE('',#2782,#2783);
#2782 = CARTESIAN_POINT('',(-34.49387699272,-0.649961545876,8.));
#2783 = VECTOR('',#2784,1.);
#2784 = DIRECTION('',(0.,0.,1.));
#2785 = ORIENTED_EDGE('',*,*,#2786,.F.);
#2786 = EDGE_CURVE('',#2760,#2779,#2787,.T.);
#2787 = CIRCLE('',#2788,34.5);
#2788 = AXIS2_PLACEMENT_3D('',#2789,#2790,#2791);
#2789 = CARTESIAN_POINT('',(0.,0.,30.));
#2790 = DIRECTION('',(0.,0.,1.));
#2791 = DIRECTION('',(1.,0.,0.));
#2792 = FACE_BOUND('',#2793,.T.);
#2793 = EDGE_LOOP('',(#2794));
#2794 = ORIENTED_EDGE('',*,*,#1815,.T.);
#2795 = FACE_BOUND('',#2796,.T.);
#2796 = EDGE_LOOP('',(#2797,#2807,#2816,#2824));
#2797 = ORIENTED_EDGE('',*,*,#2798,.T.);
#2798 = EDGE_CURVE('',#2799,#2801,#2803,.T.);
#2799 = VERTEX_POINT('',#2800);
#2800 = CARTESIAN_POINT('',(-31.5367549423,-13.98867712505,30.));
#2801 = VERTEX_POINT('',#2802);
#2802 = CARTESIAN_POINT('',(-31.5367549423,-13.98867712505,110.));
#2803 = LINE('',#2804,#2805);
#2804 = CARTESIAN_POINT('',(-31.5367549423,-13.98867712505,8.));
#2805 = VECTOR('',#2806,1.);
#2806 = DIRECTION('',(0.,0.,1.));
#2807 = ORIENTED_EDGE('',*,*,#2808,.T.);
#2808 = EDGE_CURVE('',#2801,#2809,#2811,.T.);
#2809 = VERTEX_POINT('',#2810);
#2810 = CARTESIAN_POINT('',(-30.98738370487,-15.16680754566,110.));
#2811 = CIRCLE('',#2812,34.5);
#2812 = AXIS2_PLACEMENT_3D('',#2813,#2814,#2815);
#2813 = CARTESIAN_POINT('',(0.,0.,110.));
#2814 = DIRECTION('',(0.,0.,1.));
#2815 = DIRECTION('',(1.,0.,0.));
#2816 = ORIENTED_EDGE('',*,*,#2817,.F.);
#2817 = EDGE_CURVE('',#2818,#2809,#2820,.T.);
#2818 = VERTEX_POINT('',#2819);
#2819 = CARTESIAN_POINT('',(-30.98738370487,-15.16680754566,30.));
#2820 = LINE('',#2821,#2822);
#2821 = CARTESIAN_POINT('',(-30.98738370487,-15.16680754566,8.));
#2822 = VECTOR('',#2823,1.);
#2823 = DIRECTION('',(0.,0.,1.));
#2824 = ORIENTED_EDGE('',*,*,#2825,.F.);
#2825 = EDGE_CURVE('',#2799,#2818,#2826,.T.);
#2826 = CIRCLE('',#2827,34.5);
#2827 = AXIS2_PLACEMENT_3D('',#2828,#2829,#2830);
#2828 = CARTESIAN_POINT('',(0.,0.,30.));
#2829 = DIRECTION('',(0.,0.,1.));
#2830 = DIRECTION('',(1.,0.,0.));
#2831 = FACE_BOUND('',#2832,.T.);
#2832 = EDGE_LOOP('',(#2833,#2843,#2852,#2860));
#2833 = ORIENTED_EDGE('',*,*,#2834,.T.);
#2834 = EDGE_CURVE('',#2835,#2837,#2839,.T.);
#2835 = VERTEX_POINT('',#2836);
#2836 = CARTESIAN_POINT('',(-28.96017393403,-18.74988868527,30.));
#2837 = VERTEX_POINT('',#2838);
#2838 = CARTESIAN_POINT('',(-28.96017393403,-18.74988868527,110.));
#2839 = LINE('',#2840,#2841);
#2840 = CARTESIAN_POINT('',(-28.96017393403,-18.74988868527,8.));
#2841 = VECTOR('',#2842,1.);
#2842 = DIRECTION('',(0.,0.,1.));
#2843 = ORIENTED_EDGE('',*,*,#2844,.T.);
#2844 = EDGE_CURVE('',#2837,#2845,#2847,.T.);
#2845 = VERTEX_POINT('',#2846);
#2846 = CARTESIAN_POINT('',(-28.23326616607,-19.82757376976,110.));
#2847 = CIRCLE('',#2848,34.5);
#2848 = AXIS2_PLACEMENT_3D('',#2849,#2850,#2851);
#2849 = CARTESIAN_POINT('',(0.,0.,110.));
#2850 = DIRECTION('',(0.,0.,1.));
#2851 = DIRECTION('',(1.,0.,0.));
#2852 = ORIENTED_EDGE('',*,*,#2853,.F.);
#2853 = EDGE_CURVE('',#2854,#2845,#2856,.T.);
#2854 = VERTEX_POINT('',#2855);
#2855 = CARTESIAN_POINT('',(-28.23326616607,-19.82757376976,30.));
#2856 = LINE('',#2857,#2858);
#2857 = CARTESIAN_POINT('',(-28.23326616607,-19.82757376976,8.));
#2858 = VECTOR('',#2859,1.);
#2859 = DIRECTION('',(0.,0.,1.));
#2860 = ORIENTED_EDGE('',*,*,#2861,.F.);
#2861 = EDGE_CURVE('',#2835,#2854,#2862,.T.);
#2862 = CIRCLE('',#2863,34.5);
#2863 = AXIS2_PLACEMENT_3D('',#2864,#2865,#2866);
#2864 = CARTESIAN_POINT('',(0.,0.,30.));
#2865 = DIRECTION('',(0.,0.,1.));
#2866 = DIRECTION('',(1.,0.,0.));
#2867 = FACE_BOUND('',#2868,.T.);
#2868 = EDGE_LOOP('',(#2869,#2879,#2888,#2896));
#2869 = ORIENTED_EDGE('',*,*,#2870,.T.);
#2870 = EDGE_CURVE('',#2871,#2873,#2875,.T.);
#2871 = VERTEX_POINT('',#2872);
#2872 = CARTESIAN_POINT('',(-25.67049733021,-23.04941575874,30.));
#2873 = VERTEX_POINT('',#2874);
#2874 = CARTESIAN_POINT('',(-25.67049733021,-23.04941575874,110.));
#2875 = LINE('',#2876,#2877);
#2876 = CARTESIAN_POINT('',(-25.67049733021,-23.04941575874,8.));
#2877 = VECTOR('',#2878,1.);
#2878 = DIRECTION('',(0.,0.,1.));
#2879 = ORIENTED_EDGE('',*,*,#2880,.T.);
#2880 = EDGE_CURVE('',#2873,#2881,#2883,.T.);
#2881 = VERTEX_POINT('',#2882);
#2882 = CARTESIAN_POINT('',(-24.78395191343,-24.00011932371,110.));
#2883 = CIRCLE('',#2884,34.5);
#2884 = AXIS2_PLACEMENT_3D('',#2885,#2886,#2887);
#2885 = CARTESIAN_POINT('',(0.,0.,110.));
#2886 = DIRECTION('',(0.,0.,1.));
#2887 = DIRECTION('',(1.,0.,0.));
#2888 = ORIENTED_EDGE('',*,*,#2889,.F.);
#2889 = EDGE_CURVE('',#2890,#2881,#2892,.T.);
#2890 = VERTEX_POINT('',#2891);
#2891 = CARTESIAN_POINT('',(-24.78395191343,-24.00011932371,30.));
#2892 = LINE('',#2893,#2894);
#2893 = CARTESIAN_POINT('',(-24.78395191343,-24.00011932371,8.));
#2894 = VECTOR('',#2895,1.);
#2895 = DIRECTION('',(0.,0.,1.));
#2896 = ORIENTED_EDGE('',*,*,#2897,.F.);
#2897 = EDGE_CURVE('',#2871,#2890,#2898,.T.);
#2898 = CIRCLE('',#2899,34.5);
#2899 = AXIS2_PLACEMENT_3D('',#2900,#2901,#2902);
#2900 = CARTESIAN_POINT('',(0.,0.,30.));
#2901 = DIRECTION('',(0.,0.,1.));
#2902 = DIRECTION('',(1.,0.,0.));
#2903 = FACE_BOUND('',#2904,.T.);
#2904 = EDGE_LOOP('',(#2905,#2915,#2924,#2932));
#2905 = ORIENTED_EDGE('',*,*,#2906,.T.);
#2906 = EDGE_CURVE('',#2907,#2909,#2911,.T.);
#2907 = VERTEX_POINT('',#2908);
#2908 = CARTESIAN_POINT('',(-21.74872788662,-26.78138971961,30.));
#2909 = VERTEX_POINT('',#2910);
#2910 = CARTESIAN_POINT('',(-21.74872788662,-26.78138971961,110.));
#2911 = LINE('',#2912,#2913);
#2912 = CARTESIAN_POINT('',(-21.74872788662,-26.78138971961,8.));
#2913 = VECTOR('',#2914,1.);
#2914 = DIRECTION('',(0.,0.,1.));
#2915 = ORIENTED_EDGE('',*,*,#2916,.T.);
#2916 = EDGE_CURVE('',#2909,#2917,#2919,.T.);
#2917 = VERTEX_POINT('',#2918);
#2918 = CARTESIAN_POINT('',(-20.72437451145,-27.58170228809,110.));
#2919 = CIRCLE('',#2920,34.5);
#2920 = AXIS2_PLACEMENT_3D('',#2921,#2922,#2923);
#2921 = CARTESIAN_POINT('',(0.,0.,110.));
#2922 = DIRECTION('',(0.,0.,1.));
#2923 = DIRECTION('',(1.,0.,0.));
#2924 = ORIENTED_EDGE('',*,*,#2925,.F.);
#2925 = EDGE_CURVE('',#2926,#2917,#2928,.T.);
#2926 = VERTEX_POINT('',#2927);
#2927 = CARTESIAN_POINT('',(-20.72437451145,-27.58170228809,30.));
#2928 = LINE('',#2929,#2930);
#2929 = CARTESIAN_POINT('',(-20.72437451145,-27.58170228809,8.));
#2930 = VECTOR('',#2931,1.);
#2931 = DIRECTION('',(0.,0.,1.));
#2932 = ORIENTED_EDGE('',*,*,#2933,.F.);
#2933 = EDGE_CURVE('',#2907,#2926,#2934,.T.);
#2934 = CIRCLE('',#2935,34.5);
#2935 = AXIS2_PLACEMENT_3D('',#2936,#2937,#2938);
#2936 = CARTESIAN_POINT('',(0.,0.,30.));
#2937 = DIRECTION('',(0.,0.,1.));
#2938 = DIRECTION('',(1.,0.,0.));
#2939 = FACE_BOUND('',#2940,.T.);
#2940 = EDGE_LOOP('',(#2941,#2951,#2960,#2968));
#2941 = ORIENTED_EDGE('',*,*,#2942,.T.);
#2942 = EDGE_CURVE('',#2943,#2945,#2947,.T.);
#2943 = VERTEX_POINT('',#2944);
#2944 = CARTESIAN_POINT('',(-17.29143258257,-29.85391698324,30.));
#2945 = VERTEX_POINT('',#2946);
#2946 = CARTESIAN_POINT('',(-17.29143258257,-29.85391698324,110.));
#2947 = LINE('',#2948,#2949);
#2948 = CARTESIAN_POINT('',(-17.29143258257,-29.85391698324,8.));
#2949 = VECTOR('',#2950,1.);
#2950 = DIRECTION('',(0.,0.,1.));
#2951 = ORIENTED_EDGE('',*,*,#2952,.T.);
#2952 = EDGE_CURVE('',#2945,#2953,#2955,.T.);
#2953 = VERTEX_POINT('',#2954);
#2954 = CARTESIAN_POINT('',(-16.15449422875,-30.4841322037,110.));
#2955 = CIRCLE('',#2956,34.5);
#2956 = AXIS2_PLACEMENT_3D('',#2957,#2958,#2959);
#2957 = CARTESIAN_POINT('',(0.,0.,110.));
#2958 = DIRECTION('',(0.,0.,1.));
#2959 = DIRECTION('',(1.,0.,0.));
#2960 = ORIENTED_EDGE('',*,*,#2961,.F.);
#2961 = EDGE_CURVE('',#2962,#2953,#2964,.T.);
#2962 = VERTEX_POINT('',#2963);
#2963 = CARTESIAN_POINT('',(-16.15449422875,-30.4841322037,30.));
#2964 = LINE('',#2965,#2966);
#2965 = CARTESIAN_POINT('',(-16.15449422875,-30.4841322037,8.));
#2966 = VECTOR('',#2967,1.);
#2967 = DIRECTION('',(0.,0.,1.));
#2968 = ORIENTED_EDGE('',*,*,#2969,.F.);
#2969 = EDGE_CURVE('',#2943,#2962,#2970,.T.);
#2970 = CIRCLE('',#2971,34.5);
#2971 = AXIS2_PLACEMENT_3D('',#2972,#2973,#2974);
#2972 = CARTESIAN_POINT('',(0.,0.,30.));
#2973 = DIRECTION('',(0.,0.,1.));
#2974 = DIRECTION('',(1.,0.,0.));
#2975 = FACE_BOUND('',#2976,.T.);
#2976 = EDGE_LOOP('',(#2977));
#2977 = ORIENTED_EDGE('',*,*,#1880,.T.);
#2978 = CYLINDRICAL_SURFACE('',#2979,34.5);
#2979 = AXIS2_PLACEMENT_3D('',#2980,#2981,#2982);
#2980 = CARTESIAN_POINT('',(0.,0.,8.));
#2981 = DIRECTION('',(0.,0.,1.));
#2982 = DIRECTION('',(1.,0.,0.));
#2983 = ADVANCED_FACE('',(#2984,#2990,#3041,#3092),#3128,.F.);
#2984 = FACE_BOUND('',#2985,.F.);
#2985 = EDGE_LOOP('',(#2986,#2987,#2988,#2989));
#2986 = ORIENTED_EDGE('',*,*,#1739,.T.);
#2987 = ORIENTED_EDGE('',*,*,#1790,.T.);
#2988 = ORIENTED_EDGE('',*,*,#1773,.F.);
#2989 = ORIENTED_EDGE('',*,*,#1708,.F.);
#2990 = FACE_BOUND('',#2991,.F.);
#2991 = EDGE_LOOP('',(#2992));
#2992 = ORIENTED_EDGE('',*,*,#2993,.T.);
#2993 = EDGE_CURVE('',#2994,#2994,#2996,.T.);
#2994 = VERTEX_POINT('',#2995);
#2995 = CARTESIAN_POINT('',(-1.25,28.672765824036,45.));
#2996 = B_SPLINE_CURVE_WITH_KNOTS('',7,(#2997,#2998,#2999,#3000,#3001,
    #3002,#3003,#3004,#3005,#3006,#3007,#3008,#3009,#3010,#3011,#3012,
    #3013,#3014,#3015,#3016,#3017,#3018,#3019,#3020,#3021,#3022,#3023,
    #3024,#3025,#3026,#3027,#3028,#3029,#3030,#3031,#3032,#3033,#3034,
    #3035,#3036,#3037,#3038,#3039,#3040),.UNSPECIFIED.,.T.,.F.,(8,6,6,6,
    6,6,6,8),(0.,0.151254720919,0.28707043072,0.424376511038,
    0.587308080243,0.713806871711,0.839620282335,1.),.UNSPECIFIED.);
#2997 = CARTESIAN_POINT('',(-1.25,28.672765824036,45.));
#2998 = CARTESIAN_POINT('',(-1.25,28.672765824036,44.849810152377));
#2999 = CARTESIAN_POINT('',(-1.228947294085,28.67368358612,44.6995410684
    ));
#3000 = CARTESIAN_POINT('',(-1.186798434871,28.675521280976,
    44.551335293058));
#3001 = CARTESIAN_POINT('',(-1.123093514538,28.678200437222,
    44.407559501122));
#3002 = CARTESIAN_POINT('',(-1.037194142031,28.681554792285,
    44.271126553177));
#3003 = CARTESIAN_POINT('',(-0.928465471726,28.685280307338,
    44.145798153582));
#3004 = CARTESIAN_POINT('',(-0.678536024653,28.692221616364,
    43.939038533546));
#3005 = CARTESIAN_POINT('',(-0.538733288094,28.695535091412,
    43.851908885109));
#3006 = CARTESIAN_POINT('',(-0.380227062292,28.69842740696,
    43.784401350166));
#3007 = CARTESIAN_POINT('',(-0.208660314674,28.700342772775,
    43.742665625199));
#3008 = CARTESIAN_POINT('',(-3.126707919139E-02,28.700892926462,
    43.729952437217));
#3009 = CARTESIAN_POINT('',(0.144212381727,28.70012157226,
    43.746482606981));
#3010 = CARTESIAN_POINT('',(0.479341065815,28.696491432714,
    43.832529028162));
#3011 = CARTESIAN_POINT('',(0.634004086484,28.693662024189,
    43.901394596903));
#3012 = CARTESIAN_POINT('',(0.7717891492,28.690201872854,43.990852572483
    ));
#3013 = CARTESIAN_POINT('',(0.890930101996,28.686553904917,44.096372296)
  );
#3014 = CARTESIAN_POINT('',(0.990494905668,28.683097541037,
    44.213686318061));
#3015 = CARTESIAN_POINT('',(1.070320434398,28.680099477094,
    44.338753382969));
#3016 = CARTESIAN_POINT('',(1.203078159469,28.674863581248,
    44.620877909566));
#3017 = CARTESIAN_POINT('',(1.250336982067,28.672788241685,
    44.784067713975));
#3018 = CARTESIAN_POINT('',(1.271655171054,28.671786287587,
    44.952989218782));
#3019 = CARTESIAN_POINT('',(1.266576654061,28.672023234245,
    45.123374211832));
#3020 = CARTESIAN_POINT('',(1.235173998117,28.673472278186,
    45.291093159708));
#3021 = CARTESIAN_POINT('',(1.177887310826,28.675937618787,
    45.45211794511));
#3022 = CARTESIAN_POINT('',(1.031327922492,28.681535380795,
    45.718708482816));
#3023 = CARTESIAN_POINT('',(0.950771445915,28.684445028279,
    45.83098923618));
#3024 = CARTESIAN_POINT('',(0.853343574318,28.687677009758,
    45.935777630057));
#3025 = CARTESIAN_POINT('',(0.739345822274,28.690999048814,
    46.029695190445));
#3026 = CARTESIAN_POINT('',(0.609712951163,28.694100153038,
    46.109263007419));
#3027 = CARTESIAN_POINT('',(0.46604283497,28.696635480168,
    46.170885377189));
#3028 = CARTESIAN_POINT('',(0.156522663508,28.699988226346,
    46.250356649874));
#3029 = CARTESIAN_POINT('',(-5.864597603577E-03,28.700778523078,
    46.267583905033));
#3030 = CARTESIAN_POINT('',(-0.170610011496,28.700445626406,
    46.259718398549));
#3031 = CARTESIAN_POINT('',(-0.331315861682,28.698932841239,
    46.22664033479));
#3032 = CARTESIAN_POINT('',(-0.481881840382,28.696507972038,
    46.170686528407));
#3033 = CARTESIAN_POINT('',(-0.617337112689,28.693600077105,
    46.09656330539));
#3034 = CARTESIAN_POINT('',(-0.884379278452,28.686761448731,
    45.902545815193));
#3035 = CARTESIAN_POINT('',(-1.008155654819,28.682680355967,
    45.773145160516));
#3036 = CARTESIAN_POINT('',(-1.105893750976,28.678922050664,
    45.629921834643));
#3037 = CARTESIAN_POINT('',(-1.1782922672,28.675892253244,45.47766063332
    ));
#3038 = CARTESIAN_POINT('',(-1.22612604872,28.673806545177,
    45.320025218508));
#3039 = CARTESIAN_POINT('',(-1.25,28.672765824036,45.159937556853));
#3040 = CARTESIAN_POINT('',(-1.25,28.672765824036,45.));
#3041 = FACE_BOUND('',#3042,.F.);
#3042 = EDGE_LOOP('',(#3043));
#3043 = ORIENTED_EDGE('',*,*,#3044,.T.);
#3044 = EDGE_CURVE('',#3045,#3045,#3047,.T.);
#3045 = VERTEX_POINT('',#3046);
#3046 = CARTESIAN_POINT('',(-1.25,28.672765824036,93.));
#3047 = B_SPLINE_CURVE_WITH_KNOTS('',7,(#3048,#3049,#3050,#3051,#3052,
    #3053,#3054,#3055,#3056,#3057,#3058,#3059,#3060,#3061,#3062,#3063,
    #3064,#3065,#3066,#3067,#3068,#3069,#3070,#3071,#3072,#3073,#3074,
    #3075,#3076,#3077,#3078,#3079,#3080,#3081,#3082,#3083,#3084,#3085,
    #3086,#3087,#3088,#3089,#3090,#3091),.UNSPECIFIED.,.T.,.F.,(8,6,6,6,
    6,6,6,8),(0.,0.151254720974,0.287070430823,0.424376511138,
    0.587308080259,0.7138068717,0.839620282329,1.),.UNSPECIFIED.);
#3048 = CARTESIAN_POINT('',(-1.25,28.672765824036,93.));
#3049 = CARTESIAN_POINT('',(-1.25,28.672765824036,92.849810152377));
#3050 = CARTESIAN_POINT('',(-1.228947294085,28.67368358612,92.6995410684
    ));
#3051 = CARTESIAN_POINT('',(-1.186798434871,28.675521280976,
    92.551335293058));
#3052 = CARTESIAN_POINT('',(-1.123093514538,28.678200437222,
    92.407559501122));
#3053 = CARTESIAN_POINT('',(-1.037194142032,28.681554792285,
    92.271126553177));
#3054 = CARTESIAN_POINT('',(-0.928465471726,28.685280307338,
    92.145798153582));
#3055 = CARTESIAN_POINT('',(-0.678536024653,28.692221616364,
    91.939038533546));
#3056 = CARTESIAN_POINT('',(-0.538733288094,28.695535091412,
    91.851908885109));
#3057 = CARTESIAN_POINT('',(-0.380227062292,28.69842740696,
    91.784401350166));
#3058 = CARTESIAN_POINT('',(-0.208660314674,28.700342772775,
    91.742665625199));
#3059 = CARTESIAN_POINT('',(-3.126707919148E-02,28.700892926462,
    91.729952437217));
#3060 = CARTESIAN_POINT('',(0.144212381727,28.70012157226,
    91.746482606981));
#3061 = CARTESIAN_POINT('',(0.479341065751,28.696491432715,
    91.832529028145));
#3062 = CARTESIAN_POINT('',(0.634004086478,28.69366202419,
    91.901394596879));
#3063 = CARTESIAN_POINT('',(0.77178914925,28.690201872853,
    91.990852572504));
#3064 = CARTESIAN_POINT('',(0.890930102032,28.686553904916,
    92.09637229605));
#3065 = CARTESIAN_POINT('',(0.990494905652,28.683097541038,
    92.213686318071));
#3066 = CARTESIAN_POINT('',(1.070320434368,28.680099477095,
    92.338753382905));
#3067 = CARTESIAN_POINT('',(1.203078159469,28.674863581248,
    92.620877909566));
#3068 = CARTESIAN_POINT('',(1.250336982068,28.672788241685,
    92.784067713976));
#3069 = CARTESIAN_POINT('',(1.271655171054,28.671786287587,
    92.952989218783));
#3070 = CARTESIAN_POINT('',(1.266576654061,28.672023234245,
    93.123374211833));
#3071 = CARTESIAN_POINT('',(1.235173998117,28.673472278186,
    93.291093159707));
#3072 = CARTESIAN_POINT('',(1.177887310827,28.675937618787,
    93.452117945109));
#3073 = CARTESIAN_POINT('',(1.031327922472,28.681535380795,
    93.718708482852));
#3074 = CARTESIAN_POINT('',(0.950771445906,28.684445028279,
    93.830989236174));
#3075 = CARTESIAN_POINT('',(0.85334357434,28.687677009757,
    93.935777630029));
#3076 = CARTESIAN_POINT('',(0.739345822304,28.690999048813,
    94.029695190433));
#3077 = CARTESIAN_POINT('',(0.60971295116,28.694100153038,
    94.109263007432));
#3078 = CARTESIAN_POINT('',(0.466042834932,28.696635480168,
    94.170885377199));
#3079 = CARTESIAN_POINT('',(0.156522663508,28.699988226346,
    94.250356649874));
#3080 = CARTESIAN_POINT('',(-5.86459760392E-03,28.700778523078,
    94.267583905033));
#3081 = CARTESIAN_POINT('',(-0.170610011497,28.700445626406,
    94.259718398549));
#3082 = CARTESIAN_POINT('',(-0.331315861682,28.698932841239,
    94.22664033479));
#3083 = CARTESIAN_POINT('',(-0.481881840381,28.696507972038,
    94.170686528407));
#3084 = CARTESIAN_POINT('',(-0.61733711269,28.693600077105,
    94.09656330539));
#3085 = CARTESIAN_POINT('',(-0.884379278452,28.686761448731,
    93.902545815192));
#3086 = CARTESIAN_POINT('',(-1.008155654819,28.682680355967,
    93.773145160516));
#3087 = CARTESIAN_POINT('',(-1.105893750977,28.678922050664,
    93.629921834643));
#3088 = CARTESIAN_POINT('',(-1.178292267199,28.675892253244,
    93.477660633321));
#3089 = CARTESIAN_POINT('',(-1.22612604872,28.673806545177,
    93.320025218508));
#3090 = CARTESIAN_POINT('',(-1.25,28.672765824036,93.159937556853));
#3091 = CARTESIAN_POINT('',(-1.25,28.672765824036,93.));
#3092 = FACE_BOUND('',#3093,.F.);
#3093 = EDGE_LOOP('',(#3094,#3104,#3113,#3121));
#3094 = ORIENTED_EDGE('',*,*,#3095,.T.);
#3095 = EDGE_CURVE('',#3096,#3098,#3100,.T.);
#3096 = VERTEX_POINT('',#3097);
#3097 = CARTESIAN_POINT('',(12.910343192146,25.632265577998,49.));
#3098 = VERTEX_POINT('',#3099);
#3099 = CARTESIAN_POINT('',(12.910343192146,25.632265577998,89.));
#3100 = LINE('',#3101,#3102);
#3101 = CARTESIAN_POINT('',(12.910343192146,25.632265577998,30.));
#3102 = VECTOR('',#3103,1.);
#3103 = DIRECTION('',(0.,0.,1.));
#3104 = ORIENTED_EDGE('',*,*,#3105,.T.);
#3105 = EDGE_CURVE('',#3098,#3106,#3108,.T.);
#3106 = VERTEX_POINT('',#3107);
#3107 = CARTESIAN_POINT('',(-12.91034319214,25.632265577998,89.));
#3108 = CIRCLE('',#3109,28.7);
#3109 = AXIS2_PLACEMENT_3D('',#3110,#3111,#3112);
#3110 = CARTESIAN_POINT('',(0.,0.,89.));
#3111 = DIRECTION('',(0.,-0.,1.));
#3112 = DIRECTION('',(0.632931363656,0.774207910642,0.));
#3113 = ORIENTED_EDGE('',*,*,#3114,.F.);
#3114 = EDGE_CURVE('',#3115,#3106,#3117,.T.);
#3115 = VERTEX_POINT('',#3116);
#3116 = CARTESIAN_POINT('',(-12.91034319214,25.632265577998,49.));
#3117 = LINE('',#3118,#3119);
#3118 = CARTESIAN_POINT('',(-12.91034319214,25.632265577998,30.));
#3119 = VECTOR('',#3120,1.);
#3120 = DIRECTION('',(0.,0.,1.));
#3121 = ORIENTED_EDGE('',*,*,#3122,.F.);
#3122 = EDGE_CURVE('',#3096,#3115,#3123,.T.);
#3123 = CIRCLE('',#3124,28.7);
#3124 = AXIS2_PLACEMENT_3D('',#3125,#3126,#3127);
#3125 = CARTESIAN_POINT('',(0.,0.,49.));
#3126 = DIRECTION('',(0.,-0.,1.));
#3127 = DIRECTION('',(0.632931363656,0.774207910642,0.));
#3128 = CYLINDRICAL_SURFACE('',#3129,28.7);
#3129 = AXIS2_PLACEMENT_3D('',#3130,#3131,#3132);
#3130 = CARTESIAN_POINT('',(0.,0.,30.));
#3131 = DIRECTION('',(0.,0.,1.));
#3132 = DIRECTION('',(0.632931363656,0.774207910642,0.));
#3133 = ADVANCED_FACE('',(#3134),#3153,.T.);
#3134 = FACE_BOUND('',#3135,.T.);
#3135 = EDGE_LOOP('',(#3136,#3144,#3145,#3146));
#3136 = ORIENTED_EDGE('',*,*,#3137,.F.);
#3137 = EDGE_CURVE('',#1937,#3138,#3140,.T.);
#3138 = VERTEX_POINT('',#3139);
#3139 = CARTESIAN_POINT('',(34.5,-8.E-15,22.3));
#3140 = LINE('',#3141,#3142);
#3141 = CARTESIAN_POINT('',(34.5,-8.45E-15,8.));
#3142 = VECTOR('',#3143,1.);
#3143 = DIRECTION('',(0.,0.,1.));
#3144 = ORIENTED_EDGE('',*,*,#1936,.T.);
#3145 = ORIENTED_EDGE('',*,*,#3137,.T.);
#3146 = ORIENTED_EDGE('',*,*,#3147,.F.);
#3147 = EDGE_CURVE('',#3138,#3138,#3148,.T.);
#3148 = CIRCLE('',#3149,34.5);
#3149 = AXIS2_PLACEMENT_3D('',#3150,#3151,#3152);
#3150 = CARTESIAN_POINT('',(0.,0.,22.3));
#3151 = DIRECTION('',(0.,0.,1.));
#3152 = DIRECTION('',(1.,0.,0.));
#3153 = CYLINDRICAL_SURFACE('',#3154,34.5);
#3154 = AXIS2_PLACEMENT_3D('',#3155,#3156,#3157);
#3155 = CARTESIAN_POINT('',(0.,0.,8.));
#3156 = DIRECTION('',(0.,0.,1.));
#3157 = DIRECTION('',(1.,0.,0.));
#3158 = ADVANCED_FACE('',(#3159),#3225,.F.);
#3159 = FACE_BOUND('',#3160,.F.);
#3160 = EDGE_LOOP('',(#3161,#3162,#3170,#3224));
#3161 = ORIENTED_EDGE('',*,*,#1963,.F.);
#3162 = ORIENTED_EDGE('',*,*,#3163,.F.);
#3163 = EDGE_CURVE('',#3164,#1964,#3166,.T.);
#3164 = VERTEX_POINT('',#3165);
#3165 = CARTESIAN_POINT('',(32.,0.,52.75));
#3166 = LINE('',#3167,#3168);
#3167 = CARTESIAN_POINT('',(36.5,3.1E-16,52.75));
#3168 = VECTOR('',#3169,1.);
#3169 = DIRECTION('',(-1.,0.,0.));
#3170 = ORIENTED_EDGE('',*,*,#3171,.T.);
#3171 = EDGE_CURVE('',#3164,#3164,#3172,.T.);
#3172 = B_SPLINE_CURVE_WITH_KNOTS('',8,(#3173,#3174,#3175,#3176,#3177,
    #3178,#3179,#3180,#3181,#3182,#3183,#3184,#3185,#3186,#3187,#3188,
    #3189,#3190,#3191,#3192,#3193,#3194,#3195,#3196,#3197,#3198,#3199,
    #3200,#3201,#3202,#3203,#3204,#3205,#3206,#3207,#3208,#3209,#3210,
    #3211,#3212,#3213,#3214,#3215,#3216,#3217,#3218,#3219,#3220,#3221,
    #3222,#3223),.UNSPECIFIED.,.T.,.F.,(9,7,7,7,7,7,7,9),(0.,
    0.135258487206,0.250091758852,0.400352843202,0.535271340931,
    0.749832179021,0.864720026508,1.),.UNSPECIFIED.);
#3173 = CARTESIAN_POINT('',(32.,-7.55E-15,52.75));
#3174 = CARTESIAN_POINT('',(32.,-0.153902766508,52.75));
#3175 = CARTESIAN_POINT('',(31.999154055697,-0.304806622136,
    52.77165568245));
#3176 = CARTESIAN_POINT('',(31.997519948462,-0.449240761326,
    52.81349097544));
#3177 = CARTESIAN_POINT('',(31.995260235796,-0.584145326424,
    52.87343313667));
#3178 = CARTESIAN_POINT('',(31.992614560861,-0.706962751844,
    52.948843809832));
#3179 = CARTESIAN_POINT('',(31.989843586291,-0.815761739057,
    53.036557060544));
#3180 = CARTESIAN_POINT('',(31.987171441341,-0.909395232371,
    53.132924322303));
#3181 = CARTESIAN_POINT('',(31.982700821057,-1.05416853468,
    53.31956493901));
#3182 = CARTESIAN_POINT('',(31.980797358719,-1.110689855922,
    53.409978517132));
#3183 = CARTESIAN_POINT('',(31.979120546103,-1.157438148266,
    53.503997792995));
#3184 = CARTESIAN_POINT('',(31.977727500258,-1.194597864587,
    53.600701565628));
#3185 = CARTESIAN_POINT('',(31.976658049228,-1.222335307186,
    53.699309994639));
#3186 = CARTESIAN_POINT('',(31.975937128337,-1.240778626083,
    53.799141344359));
#3187 = CARTESIAN_POINT('',(31.975576617162,-1.25,53.899572034884));
#3188 = CARTESIAN_POINT('',(31.975576617162,-1.25,54.131411521426));
#3189 = CARTESIAN_POINT('',(31.976193797546,-1.234211575575,
    54.262882763286));
#3190 = CARTESIAN_POINT('',(31.977429380401,-1.202607445137,
    54.39307555115));
#3191 = CARTESIAN_POINT('',(31.979248470514,-1.154951621041,
    54.520539414284));
#3192 = CARTESIAN_POINT('',(31.981577649088,-1.090888811987,
    54.643590665764));
#3193 = CARTESIAN_POINT('',(31.984292923459,-1.010019871613,
    54.760196407212));
#3194 = CARTESIAN_POINT('',(31.987208744112,-0.912010447793,
    54.867814626088));
#3195 = CARTESIAN_POINT('',(31.992655806067,-0.693315269724,
    55.048735011624));
#3196 = CARTESIAN_POINT('',(31.995252662429,-0.573682431144,
    55.126309458542));
#3197 = CARTESIAN_POINT('',(31.997616812403,-0.439665440001,
    55.190283816135));
#3198 = CARTESIAN_POINT('',(31.999448508356,-0.294442135149,
    55.236466947819));
#3199 = CARTESIAN_POINT('',(32.000492477938,-0.142135999584,
    55.262102098204));
#3200 = CARTESIAN_POINT('',(32.000627887423,1.260471465821E-02,
    55.26591491383));
#3201 = CARTESIAN_POINT('',(31.999906638709,0.16504495303,
    55.248168497835));
#3202 = CARTESIAN_POINT('',(31.996237213621,0.542755726805,
    55.151188854288));
#3203 = CARTESIAN_POINT('',(31.992334819974,0.746719046954,
    55.044715246785));
#3204 = CARTESIAN_POINT('',(31.987647775746,0.917110846837,
    54.904907583244));
#3205 = CARTESIAN_POINT('',(31.983121600805,1.052393372391,54.7418010178
    ));
#3206 = CARTESIAN_POINT('',(31.979392630294,1.152369483237,
    54.563610590666));
#3207 = CARTESIAN_POINT('',(31.976833991082,1.217838942726,
    54.377015464513));
#3208 = CARTESIAN_POINT('',(31.975576617162,1.25,54.187553651979));
#3209 = CARTESIAN_POINT('',(31.975576617162,1.25,53.899573307245));
#3210 = CARTESIAN_POINT('',(31.975937123029,1.24077884862,53.79914329407
    ));
#3211 = CARTESIAN_POINT('',(31.976658029434,1.222335801601,
    53.699311722339));
#3212 = CARTESIAN_POINT('',(31.977727478553,1.194598374012,
    53.600702278124));
#3213 = CARTESIAN_POINT('',(31.979120546662,1.157438187458,
    53.503997128796));
#3214 = CARTESIAN_POINT('',(31.98079739194,1.110689034648,
    53.409976770845));
#3215 = CARTESIAN_POINT('',(31.982700863466,1.054167161313,
    53.319563168475));
#3216 = CARTESIAN_POINT('',(31.987170626733,0.909421612024,
    53.132958330746));
#3217 = CARTESIAN_POINT('',(31.98984279309,0.815792200633,
    53.036579905127));
#3218 = CARTESIAN_POINT('',(31.992614500549,0.706973635325,
    52.948840335263));
#3219 = CARTESIAN_POINT('',(31.995261052805,0.584121239603,
    52.873408742514));
#3220 = CARTESIAN_POINT('',(31.997521090956,0.449180984009,
    52.813461782669));
#3221 = CARTESIAN_POINT('',(31.999154737995,0.30472837955,
    52.771638205275));
#3222 = CARTESIAN_POINT('',(32.,0.15384065049,52.75));
#3223 = CARTESIAN_POINT('',(32.,-7.55E-15,52.75));
#3224 = ORIENTED_EDGE('',*,*,#3163,.T.);
#3225 = CYLINDRICAL_SURFACE('',#3226,1.25);
#3226 = AXIS2_PLACEMENT_3D('',#3227,#3228,#3229);
#3227 = CARTESIAN_POINT('',(36.5,0.,54.));
#3228 = DIRECTION('',(-1.,0.,0.));
#3229 = DIRECTION('',(0.,0.,-1.));
#3230 = ADVANCED_FACE('',(#3231),#3256,.F.);
#3231 = FACE_BOUND('',#3232,.F.);
#3232 = EDGE_LOOP('',(#3233,#3234,#3242,#3250));
#3233 = ORIENTED_EDGE('',*,*,#2021,.F.);
#3234 = ORIENTED_EDGE('',*,*,#3235,.T.);
#3235 = EDGE_CURVE('',#2022,#3236,#3238,.T.);
#3236 = VERTEX_POINT('',#3237);
#3237 = CARTESIAN_POINT('',(30.304765578151,-10.27721670751,57.));
#3238 = LINE('',#3239,#3240);
#3239 = CARTESIAN_POINT('',(0.,0.,57.));
#3240 = VECTOR('',#3241,1.);
#3241 = DIRECTION('',(0.947023924317,-0.32116302211,0.));
#3242 = ORIENTED_EDGE('',*,*,#3243,.T.);
#3243 = EDGE_CURVE('',#3236,#3244,#3246,.T.);
#3244 = VERTEX_POINT('',#3245);
#3245 = CARTESIAN_POINT('',(30.304765578151,-10.27721670751,81.));
#3246 = LINE('',#3247,#3248);
#3247 = CARTESIAN_POINT('',(30.304765578151,-10.27721670751,48.));
#3248 = VECTOR('',#3249,1.);
#3249 = DIRECTION('',(0.,0.,1.));
#3250 = ORIENTED_EDGE('',*,*,#3251,.F.);
#3251 = EDGE_CURVE('',#2024,#3244,#3252,.T.);
#3252 = LINE('',#3253,#3254);
#3253 = CARTESIAN_POINT('',(0.,0.,81.));
#3254 = VECTOR('',#3255,1.);
#3255 = DIRECTION('',(0.947023924317,-0.32116302211,0.));
#3256 = PLANE('',#3257);
#3257 = AXIS2_PLACEMENT_3D('',#3258,#3259,#3260);
#3258 = CARTESIAN_POINT('',(0.,0.,57.));
#3259 = DIRECTION('',(-0.32116302211,-0.947023924317,0.));
#3260 = DIRECTION('',(0.947023924317,-0.32116302211,0.));
#3261 = ADVANCED_FACE('',(#3262),#3281,.T.);
#3262 = FACE_BOUND('',#3263,.T.);
#3263 = EDGE_LOOP('',(#3264,#3273,#3279,#3280));
#3264 = ORIENTED_EDGE('',*,*,#3265,.T.);
#3265 = EDGE_CURVE('',#3236,#3266,#3268,.T.);
#3266 = VERTEX_POINT('',#3267);
#3267 = CARTESIAN_POINT('',(30.304765578151,10.277216707519,57.));
#3268 = CIRCLE('',#3269,32.);
#3269 = AXIS2_PLACEMENT_3D('',#3270,#3271,#3272);
#3270 = CARTESIAN_POINT('',(0.,0.,57.));
#3271 = DIRECTION('',(-0.,0.,1.));
#3272 = DIRECTION('',(0.906307787037,-0.422618261741,0.));
#3273 = ORIENTED_EDGE('',*,*,#3274,.F.);
#3274 = EDGE_CURVE('',#2041,#3266,#3275,.T.);
#3275 = LINE('',#3276,#3277);
#3276 = CARTESIAN_POINT('',(0.,0.,57.));
#3277 = VECTOR('',#3278,1.);
#3278 = DIRECTION('',(0.947023924317,0.32116302211,0.));
#3279 = ORIENTED_EDGE('',*,*,#2048,.F.);
#3280 = ORIENTED_EDGE('',*,*,#3235,.T.);
#3281 = PLANE('',#3282);
#3282 = AXIS2_PLACEMENT_3D('',#3283,#3284,#3285);
#3283 = CARTESIAN_POINT('',(0.,0.,57.));
#3284 = DIRECTION('',(0.,0.,1.));
#3285 = DIRECTION('',(0.947023924317,-0.32116302211,0.));
#3286 = ADVANCED_FACE('',(#3287),#3306,.F.);
#3287 = FACE_BOUND('',#3288,.F.);
#3288 = EDGE_LOOP('',(#3289,#3298,#3304,#3305));
#3289 = ORIENTED_EDGE('',*,*,#3290,.T.);
#3290 = EDGE_CURVE('',#3244,#3291,#3293,.T.);
#3291 = VERTEX_POINT('',#3292);
#3292 = CARTESIAN_POINT('',(30.304765578151,10.277216707519,81.));
#3293 = CIRCLE('',#3294,32.);
#3294 = AXIS2_PLACEMENT_3D('',#3295,#3296,#3297);
#3295 = CARTESIAN_POINT('',(0.,0.,81.));
#3296 = DIRECTION('',(-0.,0.,1.));
#3297 = DIRECTION('',(0.906307787037,-0.422618261741,0.));
#3298 = ORIENTED_EDGE('',*,*,#3299,.F.);
#3299 = EDGE_CURVE('',#2032,#3291,#3300,.T.);
#3300 = LINE('',#3301,#3302);
#3301 = CARTESIAN_POINT('',(0.,0.,81.));
#3302 = VECTOR('',#3303,1.);
#3303 = DIRECTION('',(0.947023924317,0.32116302211,0.));
#3304 = ORIENTED_EDGE('',*,*,#2031,.F.);
#3305 = ORIENTED_EDGE('',*,*,#3251,.T.);
#3306 = PLANE('',#3307);
#3307 = AXIS2_PLACEMENT_3D('',#3308,#3309,#3310);
#3308 = CARTESIAN_POINT('',(0.,0.,81.));
#3309 = DIRECTION('',(0.,0.,1.));
#3310 = DIRECTION('',(0.947023924317,-0.32116302211,0.));
#3311 = ADVANCED_FACE('',(#3312),#3323,.T.);
#3312 = FACE_BOUND('',#3313,.T.);
#3313 = EDGE_LOOP('',(#3314,#3315,#3316,#3317));
#3314 = ORIENTED_EDGE('',*,*,#3299,.F.);
#3315 = ORIENTED_EDGE('',*,*,#2040,.F.);
#3316 = ORIENTED_EDGE('',*,*,#3274,.T.);
#3317 = ORIENTED_EDGE('',*,*,#3318,.T.);
#3318 = EDGE_CURVE('',#3266,#3291,#3319,.T.);
#3319 = LINE('',#3320,#3321);
#3320 = CARTESIAN_POINT('',(30.304765578151,10.277216707519,48.));
#3321 = VECTOR('',#3322,1.);
#3322 = DIRECTION('',(0.,0.,1.));
#3323 = PLANE('',#3324);
#3324 = AXIS2_PLACEMENT_3D('',#3325,#3326,#3327);
#3325 = CARTESIAN_POINT('',(0.,0.,57.));
#3326 = DIRECTION('',(0.32116302211,-0.947023924317,0.));
#3327 = DIRECTION('',(0.947023924317,0.32116302211,0.));
#3328 = ADVANCED_FACE('',(#3329),#3395,.F.);
#3329 = FACE_BOUND('',#3330,.F.);
#3330 = EDGE_LOOP('',(#3331,#3332,#3340,#3394));
#3331 = ORIENTED_EDGE('',*,*,#2057,.F.);
#3332 = ORIENTED_EDGE('',*,*,#3333,.F.);
#3333 = EDGE_CURVE('',#3334,#2058,#3336,.T.);
#3334 = VERTEX_POINT('',#3335);
#3335 = CARTESIAN_POINT('',(32.,0.,82.75));
#3336 = LINE('',#3337,#3338);
#3337 = CARTESIAN_POINT('',(36.5,3.1E-16,82.75));
#3338 = VECTOR('',#3339,1.);
#3339 = DIRECTION('',(-1.,0.,0.));
#3340 = ORIENTED_EDGE('',*,*,#3341,.T.);
#3341 = EDGE_CURVE('',#3334,#3334,#3342,.T.);
#3342 = B_SPLINE_CURVE_WITH_KNOTS('',8,(#3343,#3344,#3345,#3346,#3347,
    #3348,#3349,#3350,#3351,#3352,#3353,#3354,#3355,#3356,#3357,#3358,
    #3359,#3360,#3361,#3362,#3363,#3364,#3365,#3366,#3367,#3368,#3369,
    #3370,#3371,#3372,#3373,#3374,#3375,#3376,#3377,#3378,#3379,#3380,
    #3381,#3382,#3383,#3384,#3385,#3386,#3387,#3388,#3389,#3390,#3391,
    #3392,#3393),.UNSPECIFIED.,.T.,.F.,(9,7,7,7,7,7,7,9),(0.,
    0.13525848719,0.250091758822,0.400352843154,0.535271340867,
    0.749832178931,0.864720026527,1.),.UNSPECIFIED.);
#3343 = CARTESIAN_POINT('',(32.,-7.55E-15,82.75));
#3344 = CARTESIAN_POINT('',(32.,-0.153902766508,82.75));
#3345 = CARTESIAN_POINT('',(31.999154055697,-0.304806622136,
    82.77165568245));
#3346 = CARTESIAN_POINT('',(31.997519948462,-0.449240761326,
    82.81349097544));
#3347 = CARTESIAN_POINT('',(31.995260235796,-0.584145326424,
    82.87343313667));
#3348 = CARTESIAN_POINT('',(31.992614560861,-0.706962751844,
    82.948843809832));
#3349 = CARTESIAN_POINT('',(31.989843586291,-0.815761739057,
    83.036557060544));
#3350 = CARTESIAN_POINT('',(31.987171441341,-0.909395232371,
    83.132924322303));
#3351 = CARTESIAN_POINT('',(31.982700821057,-1.05416853468,
    83.31956493901));
#3352 = CARTESIAN_POINT('',(31.980797358719,-1.110689855922,
    83.409978517132));
#3353 = CARTESIAN_POINT('',(31.979120546103,-1.157438148266,
    83.503997792995));
#3354 = CARTESIAN_POINT('',(31.977727500258,-1.194597864587,
    83.600701565628));
#3355 = CARTESIAN_POINT('',(31.976658049228,-1.222335307186,
    83.699309994639));
#3356 = CARTESIAN_POINT('',(31.975937128337,-1.240778626083,
    83.799141344359));
#3357 = CARTESIAN_POINT('',(31.975576617162,-1.25,83.899572034884));
#3358 = CARTESIAN_POINT('',(31.975576617162,-1.25,84.131411521426));
#3359 = CARTESIAN_POINT('',(31.976193797546,-1.234211575575,
    84.262882763286));
#3360 = CARTESIAN_POINT('',(31.977429380401,-1.202607445137,
    84.39307555115));
#3361 = CARTESIAN_POINT('',(31.979248470514,-1.154951621041,
    84.520539414284));
#3362 = CARTESIAN_POINT('',(31.981577649088,-1.090888811987,
    84.643590665764));
#3363 = CARTESIAN_POINT('',(31.984292923459,-1.010019871613,
    84.760196407212));
#3364 = CARTESIAN_POINT('',(31.987208744112,-0.912010447793,
    84.867814626088));
#3365 = CARTESIAN_POINT('',(31.992655806067,-0.693315269724,
    85.048735011624));
#3366 = CARTESIAN_POINT('',(31.995252662429,-0.573682431144,
    85.126309458542));
#3367 = CARTESIAN_POINT('',(31.997616812403,-0.439665440001,
    85.190283816135));
#3368 = CARTESIAN_POINT('',(31.999448508356,-0.294442135149,
    85.236466947819));
#3369 = CARTESIAN_POINT('',(32.000492477938,-0.142135999584,
    85.262102098204));
#3370 = CARTESIAN_POINT('',(32.000627887423,1.260471465823E-02,
    85.26591491383));
#3371 = CARTESIAN_POINT('',(31.999906638709,0.16504495303,
    85.248168497835));
#3372 = CARTESIAN_POINT('',(31.996237213621,0.542755726805,
    85.151188854289));
#3373 = CARTESIAN_POINT('',(31.992334819974,0.746719046955,
    85.044715246785));
#3374 = CARTESIAN_POINT('',(31.987647775746,0.917110846836,
    84.904907583246));
#3375 = CARTESIAN_POINT('',(31.983121600805,1.052393372393,
    84.741801017797));
#3376 = CARTESIAN_POINT('',(31.979392630294,1.152369483236,
    84.563610590668));
#3377 = CARTESIAN_POINT('',(31.976833991082,1.217838942726,
    84.377015464512));
#3378 = CARTESIAN_POINT('',(31.975576617162,1.25,84.187553651979));
#3379 = CARTESIAN_POINT('',(31.975576617162,1.25,83.899573307138));
#3380 = CARTESIAN_POINT('',(31.97593712303,1.2407788486,83.799143294138)
  );
#3381 = CARTESIAN_POINT('',(31.976658029433,1.222335801632,
    83.699311722439));
#3382 = CARTESIAN_POINT('',(31.977727478552,1.194598374044,
    83.600702278115));
#3383 = CARTESIAN_POINT('',(31.979120546664,1.157438187417,
    83.503997128695));
#3384 = CARTESIAN_POINT('',(31.980797391942,1.110689034587,
    83.409976770798));
#3385 = CARTESIAN_POINT('',(31.982700863464,1.054167161385,
    83.319563168568));
#3386 = CARTESIAN_POINT('',(31.987170626733,0.909421612023,
    83.132958330745));
#3387 = CARTESIAN_POINT('',(31.98984279309,0.815792200633,
    83.036579905127));
#3388 = CARTESIAN_POINT('',(31.992614500549,0.706973635325,
    82.948840335263));
#3389 = CARTESIAN_POINT('',(31.995261052805,0.584121239604,
    82.873408742514));
#3390 = CARTESIAN_POINT('',(31.997521090956,0.44918098401,
    82.813461782669));
#3391 = CARTESIAN_POINT('',(31.999154737995,0.304728379549,
    82.771638205275));
#3392 = CARTESIAN_POINT('',(32.,0.153840650489,82.75));
#3393 = CARTESIAN_POINT('',(32.,-7.55E-15,82.75));
#3394 = ORIENTED_EDGE('',*,*,#3333,.T.);
#3395 = CYLINDRICAL_SURFACE('',#3396,1.25);
#3396 = AXIS2_PLACEMENT_3D('',#3397,#3398,#3399);
#3397 = CARTESIAN_POINT('',(36.5,0.,84.));
#3398 = DIRECTION('',(-1.,0.,0.));
#3399 = DIRECTION('',(0.,0.,-1.));
#3400 = ADVANCED_FACE('',(#3401),#3428,.T.);
#3401 = FACE_BOUND('',#3402,.T.);
#3402 = EDGE_LOOP('',(#3403,#3414,#3420,#3421,#3422));
#3403 = ORIENTED_EDGE('',*,*,#3404,.T.);
#3404 = EDGE_CURVE('',#3405,#3407,#3409,.T.);
#3405 = VERTEX_POINT('',#3406);
#3406 = CARTESIAN_POINT('',(23.851386206454,-19.80180234298,123.55625));
#3407 = VERTEX_POINT('',#3408);
#3408 = CARTESIAN_POINT('',(30.205472008342,6.97348268466,123.55625));
#3409 = CIRCLE('',#3410,31.);
#3410 = AXIS2_PLACEMENT_3D('',#3411,#3412,#3413);
#3411 = CARTESIAN_POINT('',(0.,0.,123.55625));
#3412 = DIRECTION('',(-0.,0.,1.));
#3413 = DIRECTION('',(0.769399555047,-0.638767817516,0.));
#3414 = ORIENTED_EDGE('',*,*,#3415,.F.);
#3415 = EDGE_CURVE('',#2277,#3407,#3416,.T.);
#3416 = LINE('',#3417,#3418);
#3417 = CARTESIAN_POINT('',(0.,0.,123.55625));
#3418 = VECTOR('',#3419,1.);
#3419 = DIRECTION('',(0.974370064785,0.224951054344,0.));
#3420 = ORIENTED_EDGE('',*,*,#2284,.F.);
#3421 = ORIENTED_EDGE('',*,*,#2131,.F.);
#3422 = ORIENTED_EDGE('',*,*,#3423,.T.);
#3423 = EDGE_CURVE('',#2132,#3405,#3424,.T.);
#3424 = LINE('',#3425,#3426);
#3425 = CARTESIAN_POINT('',(0.,0.,123.55625));
#3426 = VECTOR('',#3427,1.);
#3427 = DIRECTION('',(0.769399555047,-0.638767817516,0.));
#3428 = PLANE('',#3429);
#3429 = AXIS2_PLACEMENT_3D('',#3430,#3431,#3432);
#3430 = CARTESIAN_POINT('',(0.,0.,123.55625));
#3431 = DIRECTION('',(0.,0.,1.));
#3432 = DIRECTION('',(0.769399555047,-0.638767817516,0.));
#3433 = ADVANCED_FACE('',(#3434),#3459,.F.);
#3434 = FACE_BOUND('',#3435,.F.);
#3435 = EDGE_LOOP('',(#3436,#3437,#3445,#3453));
#3436 = ORIENTED_EDGE('',*,*,#2259,.F.);
#3437 = ORIENTED_EDGE('',*,*,#3438,.T.);
#3438 = EDGE_CURVE('',#2251,#3439,#3441,.T.);
#3439 = VERTEX_POINT('',#3440);
#3440 = CARTESIAN_POINT('',(-9.063522846405,29.645447434854,126.75625));
#3441 = LINE('',#3442,#3443);
#3442 = CARTESIAN_POINT('',(0.,0.,126.75625));
#3443 = VECTOR('',#3444,1.);
#3444 = DIRECTION('',(-0.292371704723,0.956304755963,0.));
#3445 = ORIENTED_EDGE('',*,*,#3446,.T.);
#3446 = EDGE_CURVE('',#3439,#3447,#3449,.T.);
#3447 = VERTEX_POINT('',#3448);
#3448 = CARTESIAN_POINT('',(-9.063522846405,29.645447434854,131.90625));
#3449 = LINE('',#3450,#3451);
#3450 = CARTESIAN_POINT('',(-9.063522846405,29.645447434854,125.90625));
#3451 = VECTOR('',#3452,1.);
#3452 = DIRECTION('',(0.,0.,1.));
#3453 = ORIENTED_EDGE('',*,*,#3454,.F.);
#3454 = EDGE_CURVE('',#2260,#3447,#3455,.T.);
#3455 = LINE('',#3456,#3457);
#3456 = CARTESIAN_POINT('',(0.,0.,131.90625));
#3457 = VECTOR('',#3458,1.);
#3458 = DIRECTION('',(-0.292371704723,0.956304755963,0.));
#3459 = PLANE('',#3460);
#3460 = AXIS2_PLACEMENT_3D('',#3461,#3462,#3463);
#3461 = CARTESIAN_POINT('',(0.,0.,125.90625));
#3462 = DIRECTION('',(0.956304755963,0.292371704723,0.));
#3463 = DIRECTION('',(-0.292371704723,0.956304755963,0.));
#3464 = ADVANCED_FACE('',(#3465),#3484,.F.);
#3465 = FACE_BOUND('',#3466,.F.);
#3466 = EDGE_LOOP('',(#3467,#3468,#3476,#3483));
#3467 = ORIENTED_EDGE('',*,*,#2250,.F.);
#3468 = ORIENTED_EDGE('',*,*,#3469,.T.);
#3469 = EDGE_CURVE('',#2243,#3470,#3472,.T.);
#3470 = VERTEX_POINT('',#3471);
#3471 = CARTESIAN_POINT('',(5.223170766515,30.556807541754,126.75625));
#3472 = LINE('',#3473,#3474);
#3473 = CARTESIAN_POINT('',(0.,0.,126.75625));
#3474 = VECTOR('',#3475,1.);
#3475 = DIRECTION('',(0.168489379565,0.985703469089,0.));
#3476 = ORIENTED_EDGE('',*,*,#3477,.T.);
#3477 = EDGE_CURVE('',#3470,#3439,#3478,.T.);
#3478 = CIRCLE('',#3479,31.);
#3479 = AXIS2_PLACEMENT_3D('',#3480,#3481,#3482);
#3480 = CARTESIAN_POINT('',(0.,0.,126.75625));
#3481 = DIRECTION('',(0.,-0.,1.));
#3482 = DIRECTION('',(0.168489379565,0.985703469089,0.));
#3483 = ORIENTED_EDGE('',*,*,#3438,.F.);
#3484 = PLANE('',#3485);
#3485 = AXIS2_PLACEMENT_3D('',#3486,#3487,#3488);
#3486 = CARTESIAN_POINT('',(0.,0.,126.75625));
#3487 = DIRECTION('',(0.,0.,1.));
#3488 = DIRECTION('',(0.168489379565,0.985703469089,0.));
#3489 = ADVANCED_FACE('',(#3490),#3508,.F.);
#3490 = FACE_BOUND('',#3491,.F.);
#3491 = EDGE_LOOP('',(#3492,#3493,#3501,#3507));
#3492 = ORIENTED_EDGE('',*,*,#2242,.F.);
#3493 = ORIENTED_EDGE('',*,*,#3494,.T.);
#3494 = EDGE_CURVE('',#2234,#3495,#3497,.T.);
#3495 = VERTEX_POINT('',#3496);
#3496 = CARTESIAN_POINT('',(5.223170766515,30.556807541754,123.55625));
#3497 = LINE('',#3498,#3499);
#3498 = CARTESIAN_POINT('',(0.,0.,123.55625));
#3499 = VECTOR('',#3500,1.);
#3500 = DIRECTION('',(0.168489379565,0.985703469089,0.));
#3501 = ORIENTED_EDGE('',*,*,#3502,.T.);
#3502 = EDGE_CURVE('',#3495,#3470,#3503,.T.);
#3503 = LINE('',#3504,#3505);
#3504 = CARTESIAN_POINT('',(5.223170766515,30.556807541754,123.55625));
#3505 = VECTOR('',#3506,1.);
#3506 = DIRECTION('',(0.,0.,1.));
#3507 = ORIENTED_EDGE('',*,*,#3469,.F.);
#3508 = PLANE('',#3509);
#3509 = AXIS2_PLACEMENT_3D('',#3510,#3511,#3512);
#3510 = CARTESIAN_POINT('',(0.,0.,123.55625));
#3511 = DIRECTION('',(0.985703469089,-0.168489379565,0.));
#3512 = DIRECTION('',(0.168489379565,0.985703469089,0.));
#3513 = ADVANCED_FACE('',(#3514),#3533,.T.);
#3514 = FACE_BOUND('',#3515,.T.);
#3515 = EDGE_LOOP('',(#3516,#3525,#3531,#3532));
#3516 = ORIENTED_EDGE('',*,*,#3517,.T.);
#3517 = EDGE_CURVE('',#3495,#3518,#3520,.T.);
#3518 = VERTEX_POINT('',#3519);
#3519 = CARTESIAN_POINT('',(-21.14194916193,22.671964750194,123.55625));
#3520 = CIRCLE('',#3521,31.);
#3521 = AXIS2_PLACEMENT_3D('',#3522,#3523,#3524);
#3522 = CARTESIAN_POINT('',(0.,0.,123.55625));
#3523 = DIRECTION('',(0.,-0.,1.));
#3524 = DIRECTION('',(0.168489379565,0.985703469089,0.));
#3525 = ORIENTED_EDGE('',*,*,#3526,.F.);
#3526 = EDGE_CURVE('',#2226,#3518,#3527,.T.);
#3527 = LINE('',#3528,#3529);
#3528 = CARTESIAN_POINT('',(0.,0.,123.55625));
#3529 = VECTOR('',#3530,1.);
#3530 = DIRECTION('',(-0.681998360062,0.731353701619,0.));
#3531 = ORIENTED_EDGE('',*,*,#2233,.F.);
#3532 = ORIENTED_EDGE('',*,*,#3494,.T.);
#3533 = PLANE('',#3534);
#3534 = AXIS2_PLACEMENT_3D('',#3535,#3536,#3537);
#3535 = CARTESIAN_POINT('',(0.,0.,123.55625));
#3536 = DIRECTION('',(0.,0.,1.));
#3537 = DIRECTION('',(0.168489379565,0.985703469089,0.));
#3538 = ADVANCED_FACE('',(#3539),#3564,.F.);
#3539 = FACE_BOUND('',#3540,.F.);
#3540 = EDGE_LOOP('',(#3541,#3542,#3550,#3558));
#3541 = ORIENTED_EDGE('',*,*,#2208,.F.);
#3542 = ORIENTED_EDGE('',*,*,#3543,.T.);
#3543 = EDGE_CURVE('',#2200,#3544,#3546,.T.);
#3544 = VERTEX_POINT('',#3545);
#3545 = CARTESIAN_POINT('',(-21.14194916193,-22.67196475019,126.75625));
#3546 = LINE('',#3547,#3548);
#3547 = CARTESIAN_POINT('',(0.,0.,126.75625));
#3548 = VECTOR('',#3549,1.);
#3549 = DIRECTION('',(-0.681998360062,-0.731353701619,0.));
#3550 = ORIENTED_EDGE('',*,*,#3551,.T.);
#3551 = EDGE_CURVE('',#3544,#3552,#3554,.T.);
#3552 = VERTEX_POINT('',#3553);
#3553 = CARTESIAN_POINT('',(-21.14194916193,-22.67196475019,131.90625));
#3554 = LINE('',#3555,#3556);
#3555 = CARTESIAN_POINT('',(-21.14194916193,-22.67196475019,125.90625));
#3556 = VECTOR('',#3557,1.);
#3557 = DIRECTION('',(0.,0.,1.));
#3558 = ORIENTED_EDGE('',*,*,#3559,.F.);
#3559 = EDGE_CURVE('',#2209,#3552,#3560,.T.);
#3560 = LINE('',#3561,#3562);
#3561 = CARTESIAN_POINT('',(0.,0.,131.90625));
#3562 = VECTOR('',#3563,1.);
#3563 = DIRECTION('',(-0.681998360062,-0.731353701619,0.));
#3564 = PLANE('',#3565);
#3565 = AXIS2_PLACEMENT_3D('',#3566,#3567,#3568);
#3566 = CARTESIAN_POINT('',(0.,0.,125.90625));
#3567 = DIRECTION('',(-0.731353701619,0.681998360062,0.));
#3568 = DIRECTION('',(-0.681998360062,-0.731353701619,0.));
#3569 = ADVANCED_FACE('',(#3570),#3589,.F.);
#3570 = FACE_BOUND('',#3571,.F.);
#3571 = EDGE_LOOP('',(#3572,#3573,#3581,#3588));
#3572 = ORIENTED_EDGE('',*,*,#2199,.F.);
#3573 = ORIENTED_EDGE('',*,*,#3574,.T.);
#3574 = EDGE_CURVE('',#2192,#3575,#3577,.T.);
#3575 = VERTEX_POINT('',#3576);
#3576 = CARTESIAN_POINT('',(-29.07455697296,-10.75500519877,126.75625));
#3577 = LINE('',#3578,#3579);
#3578 = CARTESIAN_POINT('',(0.,0.,126.75625));
#3579 = VECTOR('',#3580,1.);
#3580 = DIRECTION('',(-0.937888934612,-0.346935651573,0.));
#3581 = ORIENTED_EDGE('',*,*,#3582,.T.);
#3582 = EDGE_CURVE('',#3575,#3544,#3583,.T.);
#3583 = CIRCLE('',#3584,31.);
#3584 = AXIS2_PLACEMENT_3D('',#3585,#3586,#3587);
#3585 = CARTESIAN_POINT('',(0.,0.,126.75625));
#3586 = DIRECTION('',(0.,0.,1.));
#3587 = DIRECTION('',(-0.937888934612,-0.346935651573,0.));
#3588 = ORIENTED_EDGE('',*,*,#3543,.F.);
#3589 = PLANE('',#3590);
#3590 = AXIS2_PLACEMENT_3D('',#3591,#3592,#3593);
#3591 = CARTESIAN_POINT('',(0.,0.,126.75625));
#3592 = DIRECTION('',(0.,0.,1.));
#3593 = DIRECTION('',(-0.937888934612,-0.346935651573,0.));
#3594 = ADVANCED_FACE('',(#3595),#3613,.F.);
#3595 = FACE_BOUND('',#3596,.F.);
#3596 = EDGE_LOOP('',(#3597,#3598,#3606,#3612));
#3597 = ORIENTED_EDGE('',*,*,#2191,.F.);
#3598 = ORIENTED_EDGE('',*,*,#3599,.T.);
#3599 = EDGE_CURVE('',#2183,#3600,#3602,.T.);
#3600 = VERTEX_POINT('',#3601);
#3601 = CARTESIAN_POINT('',(-29.07455697296,-10.75500519877,123.55625));
#3602 = LINE('',#3603,#3604);
#3603 = CARTESIAN_POINT('',(0.,0.,123.55625));
#3604 = VECTOR('',#3605,1.);
#3605 = DIRECTION('',(-0.937888934612,-0.346935651573,0.));
#3606 = ORIENTED_EDGE('',*,*,#3607,.T.);
#3607 = EDGE_CURVE('',#3600,#3575,#3608,.T.);
#3608 = LINE('',#3609,#3610);
#3609 = CARTESIAN_POINT('',(-29.07455697296,-10.75500519877,123.55625));
#3610 = VECTOR('',#3611,1.);
#3611 = DIRECTION('',(0.,0.,1.));
#3612 = ORIENTED_EDGE('',*,*,#3574,.F.);
#3613 = PLANE('',#3614);
#3614 = AXIS2_PLACEMENT_3D('',#3615,#3616,#3617);
#3615 = CARTESIAN_POINT('',(0.,0.,123.55625));
#3616 = DIRECTION('',(-0.346935651573,0.937888934612,0.));
#3617 = DIRECTION('',(-0.937888934612,-0.346935651573,0.));
#3618 = ADVANCED_FACE('',(#3619),#3638,.T.);
#3619 = FACE_BOUND('',#3620,.T.);
#3620 = EDGE_LOOP('',(#3621,#3630,#3636,#3637));
#3621 = ORIENTED_EDGE('',*,*,#3622,.T.);
#3622 = EDGE_CURVE('',#3600,#3623,#3625,.T.);
#3623 = VERTEX_POINT('',#3624);
#3624 = CARTESIAN_POINT('',(-9.063522846405,-29.64544743485,123.55625));
#3625 = CIRCLE('',#3626,31.);
#3626 = AXIS2_PLACEMENT_3D('',#3627,#3628,#3629);
#3627 = CARTESIAN_POINT('',(0.,0.,123.55625));
#3628 = DIRECTION('',(0.,0.,1.));
#3629 = DIRECTION('',(-0.937888934612,-0.346935651573,0.));
#3630 = ORIENTED_EDGE('',*,*,#3631,.F.);
#3631 = EDGE_CURVE('',#2175,#3623,#3632,.T.);
#3632 = LINE('',#3633,#3634);
#3633 = CARTESIAN_POINT('',(0.,0.,123.55625));
#3634 = VECTOR('',#3635,1.);
#3635 = DIRECTION('',(-0.292371704723,-0.956304755963,0.));
#3636 = ORIENTED_EDGE('',*,*,#2182,.F.);
#3637 = ORIENTED_EDGE('',*,*,#3599,.T.);
#3638 = PLANE('',#3639);
#3639 = AXIS2_PLACEMENT_3D('',#3640,#3641,#3642);
#3640 = CARTESIAN_POINT('',(0.,0.,123.55625));
#3641 = DIRECTION('',(0.,0.,1.));
#3642 = DIRECTION('',(-0.937888934612,-0.346935651573,0.));
#3643 = ADVANCED_FACE('',(#3644),#3669,.F.);
#3644 = FACE_BOUND('',#3645,.F.);
#3645 = EDGE_LOOP('',(#3646,#3647,#3655,#3663));
#3646 = ORIENTED_EDGE('',*,*,#2157,.F.);
#3647 = ORIENTED_EDGE('',*,*,#3648,.T.);
#3648 = EDGE_CURVE('',#2149,#3649,#3651,.T.);
#3649 = VERTEX_POINT('',#3650);
#3650 = CARTESIAN_POINT('',(30.205472008342,-6.97348268466,126.75625));
#3651 = LINE('',#3652,#3653);
#3652 = CARTESIAN_POINT('',(0.,0.,126.75625));
#3653 = VECTOR('',#3654,1.);
#3654 = DIRECTION('',(0.974370064785,-0.224951054344,0.));
#3655 = ORIENTED_EDGE('',*,*,#3656,.T.);
#3656 = EDGE_CURVE('',#3649,#3657,#3659,.T.);
#3657 = VERTEX_POINT('',#3658);
#3658 = CARTESIAN_POINT('',(30.205472008342,-6.97348268466,131.90625));
#3659 = LINE('',#3660,#3661);
#3660 = CARTESIAN_POINT('',(30.205472008342,-6.97348268466,125.90625));
#3661 = VECTOR('',#3662,1.);
#3662 = DIRECTION('',(0.,0.,1.));
#3663 = ORIENTED_EDGE('',*,*,#3664,.F.);
#3664 = EDGE_CURVE('',#2158,#3657,#3665,.T.);
#3665 = LINE('',#3666,#3667);
#3666 = CARTESIAN_POINT('',(0.,0.,131.90625));
#3667 = VECTOR('',#3668,1.);
#3668 = DIRECTION('',(0.974370064785,-0.224951054344,0.));
#3669 = PLANE('',#3670);
#3670 = AXIS2_PLACEMENT_3D('',#3671,#3672,#3673);
#3671 = CARTESIAN_POINT('',(0.,0.,125.90625));
#3672 = DIRECTION('',(-0.224951054344,-0.974370064785,0.));
#3673 = DIRECTION('',(0.974370064785,-0.224951054344,0.));
#3674 = ADVANCED_FACE('',(#3675),#3694,.F.);
#3675 = FACE_BOUND('',#3676,.F.);
#3676 = EDGE_LOOP('',(#3677,#3678,#3686,#3693));
#3677 = ORIENTED_EDGE('',*,*,#2148,.F.);
#3678 = ORIENTED_EDGE('',*,*,#3679,.T.);
#3679 = EDGE_CURVE('',#2141,#3680,#3682,.T.);
#3680 = VERTEX_POINT('',#3681);
#3681 = CARTESIAN_POINT('',(23.851386206454,-19.80180234298,126.75625));
#3682 = LINE('',#3683,#3684);
#3683 = CARTESIAN_POINT('',(0.,0.,126.75625));
#3684 = VECTOR('',#3685,1.);
#3685 = DIRECTION('',(0.769399555047,-0.638767817516,0.));
#3686 = ORIENTED_EDGE('',*,*,#3687,.T.);
#3687 = EDGE_CURVE('',#3680,#3649,#3688,.T.);
#3688 = CIRCLE('',#3689,31.);
#3689 = AXIS2_PLACEMENT_3D('',#3690,#3691,#3692);
#3690 = CARTESIAN_POINT('',(0.,0.,126.75625));
#3691 = DIRECTION('',(-0.,0.,1.));
#3692 = DIRECTION('',(0.769399555047,-0.638767817516,0.));
#3693 = ORIENTED_EDGE('',*,*,#3648,.F.);
#3694 = PLANE('',#3695);
#3695 = AXIS2_PLACEMENT_3D('',#3696,#3697,#3698);
#3696 = CARTESIAN_POINT('',(0.,0.,126.75625));
#3697 = DIRECTION('',(0.,0.,1.));
#3698 = DIRECTION('',(0.769399555047,-0.638767817516,0.));
#3699 = ADVANCED_FACE('',(#3700),#3711,.F.);
#3700 = FACE_BOUND('',#3701,.F.);
#3701 = EDGE_LOOP('',(#3702,#3703,#3704,#3710));
#3702 = ORIENTED_EDGE('',*,*,#2140,.F.);
#3703 = ORIENTED_EDGE('',*,*,#3423,.T.);
#3704 = ORIENTED_EDGE('',*,*,#3705,.T.);
#3705 = EDGE_CURVE('',#3405,#3680,#3706,.T.);
#3706 = LINE('',#3707,#3708);
#3707 = CARTESIAN_POINT('',(23.851386206454,-19.80180234298,123.55625));
#3708 = VECTOR('',#3709,1.);
#3709 = DIRECTION('',(0.,0.,1.));
#3710 = ORIENTED_EDGE('',*,*,#3679,.F.);
#3711 = PLANE('',#3712);
#3712 = AXIS2_PLACEMENT_3D('',#3713,#3714,#3715);
#3713 = CARTESIAN_POINT('',(0.,0.,123.55625));
#3714 = DIRECTION('',(-0.638767817516,-0.769399555047,0.));
#3715 = DIRECTION('',(0.769399555047,-0.638767817516,0.));
#3716 = ADVANCED_FACE('',(#3717),#3736,.F.);
#3717 = FACE_BOUND('',#3718,.F.);
#3718 = EDGE_LOOP('',(#3719,#3727,#3728,#3729));
#3719 = ORIENTED_EDGE('',*,*,#3720,.T.);
#3720 = EDGE_CURVE('',#3721,#2294,#3723,.T.);
#3721 = VERTEX_POINT('',#3722);
#3722 = CARTESIAN_POINT('',(-32.23307035814,-5.748188870149,126.90625));
#3723 = LINE('',#3724,#3725);
#3724 = CARTESIAN_POINT('',(-35.93567660432,-6.603002876655,126.90625));
#3725 = VECTOR('',#3726,1.);
#3726 = DIRECTION('',(0.974370064785,0.224951054344,0.));
#3727 = ORIENTED_EDGE('',*,*,#2293,.F.);
#3728 = ORIENTED_EDGE('',*,*,#3720,.F.);
#3729 = ORIENTED_EDGE('',*,*,#3730,.T.);
#3730 = EDGE_CURVE('',#3721,#3721,#3731,.T.);
#3731 = CIRCLE('',#3732,1.65);
#3732 = AXIS2_PLACEMENT_3D('',#3733,#3734,#3735);
#3733 = CARTESIAN_POINT('',(-31.86190111847,-7.355899477044,126.90625));
#3734 = DIRECTION('',(0.974370064785,0.224951054344,-0.));
#3735 = DIRECTION('',(-0.224951054344,0.974370064785,0.));
#3736 = CYLINDRICAL_SURFACE('',#3737,1.65);
#3737 = AXIS2_PLACEMENT_3D('',#3738,#3739,#3740);
#3738 = CARTESIAN_POINT('',(-35.56450736466,-8.210713483551,126.90625));
#3739 = DIRECTION('',(0.974370064785,0.224951054344,0.));
#3740 = DIRECTION('',(-0.224951054344,0.974370064785,0.));
#3741 = ADVANCED_FACE('',(#3742,#3745),#3756,.F.);
#3742 = FACE_BOUND('',#3743,.F.);
#3743 = EDGE_LOOP('',(#3744));
#3744 = ORIENTED_EDGE('',*,*,#2350,.T.);
#3745 = FACE_BOUND('',#3746,.F.);
#3746 = EDGE_LOOP('',(#3747));
#3747 = ORIENTED_EDGE('',*,*,#3748,.F.);
#3748 = EDGE_CURVE('',#3749,#3749,#3751,.T.);
#3749 = VERTEX_POINT('',#3750);
#3750 = CARTESIAN_POINT('',(34.,-8.E-15,23.7));
#3751 = CIRCLE('',#3752,34.);
#3752 = AXIS2_PLACEMENT_3D('',#3753,#3754,#3755);
#3753 = CARTESIAN_POINT('',(0.,0.,23.7));
#3754 = DIRECTION('',(0.,0.,1.));
#3755 = DIRECTION('',(1.,0.,0.));
#3756 = PLANE('',#3757);
#3757 = AXIS2_PLACEMENT_3D('',#3758,#3759,#3760);
#3758 = CARTESIAN_POINT('',(0.,0.,23.7));
#3759 = DIRECTION('',(0.,0.,1.));
#3760 = DIRECTION('',(1.,0.,0.));
#3761 = ADVANCED_FACE('',(#3762),#3789,.T.);
#3762 = FACE_BOUND('',#3763,.T.);
#3763 = EDGE_LOOP('',(#3764,#3765,#3773,#3782,#3788));
#3764 = ORIENTED_EDGE('',*,*,#2426,.T.);
#3765 = ORIENTED_EDGE('',*,*,#3766,.F.);
#3766 = EDGE_CURVE('',#3767,#2419,#3769,.T.);
#3767 = VERTEX_POINT('',#3768);
#3768 = CARTESIAN_POINT('',(29.001849185173,13.523784375702,49.));
#3769 = LINE('',#3770,#3771);
#3770 = CARTESIAN_POINT('',(0.,0.,49.));
#3771 = VECTOR('',#3772,1.);
#3772 = DIRECTION('',(0.906307787037,0.422618261741,0.));
#3773 = ORIENTED_EDGE('',*,*,#3774,.F.);
#3774 = EDGE_CURVE('',#3775,#3767,#3777,.T.);
#3775 = VERTEX_POINT('',#3776);
#3776 = CARTESIAN_POINT('',(29.001849185173,-13.5237843757,49.));
#3777 = CIRCLE('',#3778,32.);
#3778 = AXIS2_PLACEMENT_3D('',#3779,#3780,#3781);
#3779 = CARTESIAN_POINT('',(0.,0.,49.));
#3780 = DIRECTION('',(-0.,0.,1.));
#3781 = DIRECTION('',(0.906307787037,-0.422618261741,0.));
#3782 = ORIENTED_EDGE('',*,*,#3783,.T.);
#3783 = EDGE_CURVE('',#3775,#2368,#3784,.T.);
#3784 = LINE('',#3785,#3786);
#3785 = CARTESIAN_POINT('',(0.,0.,49.));
#3786 = VECTOR('',#3787,1.);
#3787 = DIRECTION('',(0.906307787037,-0.422618261741,0.));
#3788 = ORIENTED_EDGE('',*,*,#2367,.T.);
#3789 = PLANE('',#3790);
#3790 = AXIS2_PLACEMENT_3D('',#3791,#3792,#3793);
#3791 = CARTESIAN_POINT('',(0.,0.,49.));
#3792 = DIRECTION('',(0.,0.,1.));
#3793 = DIRECTION('',(0.906307787037,-0.422618261741,0.));
#3794 = ADVANCED_FACE('',(#3795),#3813,.T.);
#3795 = FACE_BOUND('',#3796,.T.);
#3796 = EDGE_LOOP('',(#3797,#3805,#3811,#3812));
#3797 = ORIENTED_EDGE('',*,*,#3798,.F.);
#3798 = EDGE_CURVE('',#3799,#2410,#3801,.T.);
#3799 = VERTEX_POINT('',#3800);
#3800 = CARTESIAN_POINT('',(29.001849185173,13.523784375702,89.));
#3801 = LINE('',#3802,#3803);
#3802 = CARTESIAN_POINT('',(0.,0.,89.));
#3803 = VECTOR('',#3804,1.);
#3804 = DIRECTION('',(0.906307787037,0.422618261741,0.));
#3805 = ORIENTED_EDGE('',*,*,#3806,.F.);
#3806 = EDGE_CURVE('',#3767,#3799,#3807,.T.);
#3807 = LINE('',#3808,#3809);
#3808 = CARTESIAN_POINT('',(29.001849185173,13.523784375702,48.));
#3809 = VECTOR('',#3810,1.);
#3810 = DIRECTION('',(0.,0.,1.));
#3811 = ORIENTED_EDGE('',*,*,#3766,.T.);
#3812 = ORIENTED_EDGE('',*,*,#2418,.T.);
#3813 = PLANE('',#3814);
#3814 = AXIS2_PLACEMENT_3D('',#3815,#3816,#3817);
#3815 = CARTESIAN_POINT('',(0.,0.,49.));
#3816 = DIRECTION('',(0.422618261741,-0.906307787037,0.));
#3817 = DIRECTION('',(0.906307787037,0.422618261741,0.));
#3818 = ADVANCED_FACE('',(#3819),#3839,.F.);
#3819 = FACE_BOUND('',#3820,.F.);
#3820 = EDGE_LOOP('',(#3821,#3822,#3823,#3832,#3838));
#3821 = ORIENTED_EDGE('',*,*,#2409,.T.);
#3822 = ORIENTED_EDGE('',*,*,#3798,.F.);
#3823 = ORIENTED_EDGE('',*,*,#3824,.F.);
#3824 = EDGE_CURVE('',#3825,#3799,#3827,.T.);
#3825 = VERTEX_POINT('',#3826);
#3826 = CARTESIAN_POINT('',(29.001849185173,-13.5237843757,89.));
#3827 = CIRCLE('',#3828,32.);
#3828 = AXIS2_PLACEMENT_3D('',#3829,#3830,#3831);
#3829 = CARTESIAN_POINT('',(0.,0.,89.));
#3830 = DIRECTION('',(-0.,0.,1.));
#3831 = DIRECTION('',(0.906307787037,-0.422618261741,0.));
#3832 = ORIENTED_EDGE('',*,*,#3833,.T.);
#3833 = EDGE_CURVE('',#3825,#2377,#3834,.T.);
#3834 = LINE('',#3835,#3836);
#3835 = CARTESIAN_POINT('',(0.,0.,89.));
#3836 = VECTOR('',#3837,1.);
#3837 = DIRECTION('',(0.906307787037,-0.422618261741,0.));
#3838 = ORIENTED_EDGE('',*,*,#2384,.T.);
#3839 = PLANE('',#3840);
#3840 = AXIS2_PLACEMENT_3D('',#3841,#3842,#3843);
#3841 = CARTESIAN_POINT('',(0.,0.,89.));
#3842 = DIRECTION('',(0.,0.,1.));
#3843 = DIRECTION('',(0.906307787037,-0.422618261741,0.));
#3844 = ADVANCED_FACE('',(#3845,#3848),#3859,.T.);
#3845 = FACE_BOUND('',#3846,.T.);
#3846 = EDGE_LOOP('',(#3847));
#3847 = ORIENTED_EDGE('',*,*,#2401,.T.);
#3848 = FACE_BOUND('',#3849,.T.);
#3849 = EDGE_LOOP('',(#3850));
#3850 = ORIENTED_EDGE('',*,*,#3851,.F.);
#3851 = EDGE_CURVE('',#3852,#3852,#3854,.T.);
#3852 = VERTEX_POINT('',#3853);
#3853 = CARTESIAN_POINT('',(34.,-8.E-15,115.3));
#3854 = CIRCLE('',#3855,34.);
#3855 = AXIS2_PLACEMENT_3D('',#3856,#3857,#3858);
#3856 = CARTESIAN_POINT('',(0.,0.,115.3));
#3857 = DIRECTION('',(0.,0.,1.));
#3858 = DIRECTION('',(1.,0.,0.));
#3859 = PLANE('',#3860);
#3860 = AXIS2_PLACEMENT_3D('',#3861,#3862,#3863);
#3861 = CARTESIAN_POINT('',(0.,0.,115.3));
#3862 = DIRECTION('',(0.,0.,1.));
#3863 = DIRECTION('',(1.,0.,0.));
#3864 = ADVANCED_FACE('',(#3865),#3876,.F.);
#3865 = FACE_BOUND('',#3866,.F.);
#3866 = EDGE_LOOP('',(#3867,#3873,#3874,#3875));
#3867 = ORIENTED_EDGE('',*,*,#3868,.F.);
#3868 = EDGE_CURVE('',#3775,#3825,#3869,.T.);
#3869 = LINE('',#3870,#3871);
#3870 = CARTESIAN_POINT('',(29.001849185173,-13.5237843757,48.));
#3871 = VECTOR('',#3872,1.);
#3872 = DIRECTION('',(0.,0.,1.));
#3873 = ORIENTED_EDGE('',*,*,#3783,.T.);
#3874 = ORIENTED_EDGE('',*,*,#2376,.T.);
#3875 = ORIENTED_EDGE('',*,*,#3833,.F.);
#3876 = PLANE('',#3877);
#3877 = AXIS2_PLACEMENT_3D('',#3878,#3879,#3880);
#3878 = CARTESIAN_POINT('',(0.,0.,49.));
#3879 = DIRECTION('',(-0.422618261741,-0.906307787037,0.));
#3880 = DIRECTION('',(0.906307787037,-0.422618261741,0.));
#3881 = ADVANCED_FACE('',(#3882),#3907,.F.);
#3882 = FACE_BOUND('',#3883,.F.);
#3883 = EDGE_LOOP('',(#3884,#3894,#3900,#3901));
#3884 = ORIENTED_EDGE('',*,*,#3885,.F.);
#3885 = EDGE_CURVE('',#3886,#3888,#3890,.T.);
#3886 = VERTEX_POINT('',#3887);
#3887 = CARTESIAN_POINT('',(17.428449120481,26.837458174254,40.));
#3888 = VERTEX_POINT('',#3889);
#3889 = CARTESIAN_POINT('',(17.428449120481,26.837458174254,98.));
#3890 = LINE('',#3891,#3892);
#3891 = CARTESIAN_POINT('',(17.428449120481,26.837458174254,39.));
#3892 = VECTOR('',#3893,1.);
#3893 = DIRECTION('',(0.,0.,1.));
#3894 = ORIENTED_EDGE('',*,*,#3895,.T.);
#3895 = EDGE_CURVE('',#3886,#2440,#3896,.T.);
#3896 = LINE('',#3897,#3898);
#3897 = CARTESIAN_POINT('',(0.,0.,40.));
#3898 = VECTOR('',#3899,1.);
#3899 = DIRECTION('',(0.544639035015,0.838670567945,0.));
#3900 = ORIENTED_EDGE('',*,*,#2439,.T.);
#3901 = ORIENTED_EDGE('',*,*,#3902,.F.);
#3902 = EDGE_CURVE('',#3888,#2442,#3903,.T.);
#3903 = LINE('',#3904,#3905);
#3904 = CARTESIAN_POINT('',(0.,0.,98.));
#3905 = VECTOR('',#3906,1.);
#3906 = DIRECTION('',(0.544639035015,0.838670567945,0.));
#3907 = PLANE('',#3908);
#3908 = AXIS2_PLACEMENT_3D('',#3909,#3910,#3911);
#3909 = CARTESIAN_POINT('',(0.,0.,40.));
#3910 = DIRECTION('',(0.838670567945,-0.544639035015,0.));
#3911 = DIRECTION('',(0.544639035015,0.838670567945,0.));
#3912 = ADVANCED_FACE('',(#3913),#3932,.T.);
#3913 = FACE_BOUND('',#3914,.T.);
#3914 = EDGE_LOOP('',(#3915,#3916,#3924,#3931));
#3915 = ORIENTED_EDGE('',*,*,#2466,.T.);
#3916 = ORIENTED_EDGE('',*,*,#3917,.F.);
#3917 = EDGE_CURVE('',#3918,#2459,#3920,.T.);
#3918 = VERTEX_POINT('',#3919);
#3919 = CARTESIAN_POINT('',(-17.42844912048,26.837458174254,40.));
#3920 = LINE('',#3921,#3922);
#3921 = CARTESIAN_POINT('',(0.,0.,40.));
#3922 = VECTOR('',#3923,1.);
#3923 = DIRECTION('',(-0.544639035015,0.838670567945,0.));
#3924 = ORIENTED_EDGE('',*,*,#3925,.F.);
#3925 = EDGE_CURVE('',#3886,#3918,#3926,.T.);
#3926 = CIRCLE('',#3927,32.);
#3927 = AXIS2_PLACEMENT_3D('',#3928,#3929,#3930);
#3928 = CARTESIAN_POINT('',(0.,0.,40.));
#3929 = DIRECTION('',(0.,-0.,1.));
#3930 = DIRECTION('',(0.544639035015,0.838670567945,0.));
#3931 = ORIENTED_EDGE('',*,*,#3895,.T.);
#3932 = PLANE('',#3933);
#3933 = AXIS2_PLACEMENT_3D('',#3934,#3935,#3936);
#3934 = CARTESIAN_POINT('',(0.,0.,40.));
#3935 = DIRECTION('',(0.,0.,1.));
#3936 = DIRECTION('',(0.544639035015,0.838670567945,0.));
#3937 = ADVANCED_FACE('',(#3938),#3957,.F.);
#3938 = FACE_BOUND('',#3939,.F.);
#3939 = EDGE_LOOP('',(#3940,#3941,#3949,#3956));
#3940 = ORIENTED_EDGE('',*,*,#2449,.T.);
#3941 = ORIENTED_EDGE('',*,*,#3942,.F.);
#3942 = EDGE_CURVE('',#3943,#2450,#3945,.T.);
#3943 = VERTEX_POINT('',#3944);
#3944 = CARTESIAN_POINT('',(-17.42844912048,26.837458174254,98.));
#3945 = LINE('',#3946,#3947);
#3946 = CARTESIAN_POINT('',(0.,0.,98.));
#3947 = VECTOR('',#3948,1.);
#3948 = DIRECTION('',(-0.544639035015,0.838670567945,0.));
#3949 = ORIENTED_EDGE('',*,*,#3950,.F.);
#3950 = EDGE_CURVE('',#3888,#3943,#3951,.T.);
#3951 = CIRCLE('',#3952,32.);
#3952 = AXIS2_PLACEMENT_3D('',#3953,#3954,#3955);
#3953 = CARTESIAN_POINT('',(0.,0.,98.));
#3954 = DIRECTION('',(0.,-0.,1.));
#3955 = DIRECTION('',(0.544639035015,0.838670567945,0.));
#3956 = ORIENTED_EDGE('',*,*,#3902,.T.);
#3957 = PLANE('',#3958);
#3958 = AXIS2_PLACEMENT_3D('',#3959,#3960,#3961);
#3959 = CARTESIAN_POINT('',(0.,0.,98.));
#3960 = DIRECTION('',(0.,0.,1.));
#3961 = DIRECTION('',(0.544639035015,0.838670567945,0.));
#3962 = ADVANCED_FACE('',(#3963),#3974,.T.);
#3963 = FACE_BOUND('',#3964,.T.);
#3964 = EDGE_LOOP('',(#3965,#3966,#3972,#3973));
#3965 = ORIENTED_EDGE('',*,*,#3942,.F.);
#3966 = ORIENTED_EDGE('',*,*,#3967,.F.);
#3967 = EDGE_CURVE('',#3918,#3943,#3968,.T.);
#3968 = LINE('',#3969,#3970);
#3969 = CARTESIAN_POINT('',(-17.42844912048,26.837458174254,39.));
#3970 = VECTOR('',#3971,1.);
#3971 = DIRECTION('',(0.,0.,1.));
#3972 = ORIENTED_EDGE('',*,*,#3917,.T.);
#3973 = ORIENTED_EDGE('',*,*,#2458,.T.);
#3974 = PLANE('',#3975);
#3975 = AXIS2_PLACEMENT_3D('',#3976,#3977,#3978);
#3976 = CARTESIAN_POINT('',(0.,0.,40.));
#3977 = DIRECTION('',(0.838670567945,0.544639035015,0.));
#3978 = DIRECTION('',(-0.544639035015,0.838670567945,0.));
#3979 = ADVANCED_FACE('',(#3980),#4006,.F.);
#3980 = FACE_BOUND('',#3981,.F.);
#3981 = EDGE_LOOP('',(#3982,#3993,#3999,#4000));
#3982 = ORIENTED_EDGE('',*,*,#3983,.F.);
#3983 = EDGE_CURVE('',#3984,#3986,#3988,.T.);
#3984 = VERTEX_POINT('',#3985);
#3985 = CARTESIAN_POINT('',(-14.39301363323,-30.47180924319,79.744732));
#3986 = VERTEX_POINT('',#3987);
#3987 = CARTESIAN_POINT('',(-5.187210250355,-33.29839109955,84.8406505)
  );
#3988 = ELLIPSE('',#3989,38.913122415914,33.7);
#3989 = AXIS2_PLACEMENT_3D('',#3990,#3991,#3992);
#3990 = CARTESIAN_POINT('',(0.,0.,89.992398285926));
#3991 = DIRECTION('',(-0.496774984424,-5.660036003942E-02,0.866031762751
    ));
#3992 = DIRECTION('',(0.860464785591,9.80375787685E-02,0.499988985785));
#3993 = ORIENTED_EDGE('',*,*,#3994,.T.);
#3994 = EDGE_CURVE('',#3984,#2479,#3995,.T.);
#3995 = LINE('',#3996,#3997);
#3996 = CARTESIAN_POINT('',(-17.63590043825,-2.00935704438,79.744732));
#3997 = VECTOR('',#3998,1.);
#3998 = DIRECTION('',(0.113203213768,-0.993571855677,0.));
#3999 = ORIENTED_EDGE('',*,*,#2478,.T.);
#4000 = ORIENTED_EDGE('',*,*,#4001,.F.);
#4001 = EDGE_CURVE('',#3986,#2481,#4002,.T.);
#4002 = LINE('',#4003,#4004);
#4003 = CARTESIAN_POINT('',(-8.865990411924,-1.010152010779,84.8406505)
  );
#4004 = VECTOR('',#4005,1.);
#4005 = DIRECTION('',(0.113203213768,-0.993571855677,0.));
#4006 = PLANE('',#4007);
#4007 = AXIS2_PLACEMENT_3D('',#4008,#4009,#4010);
#4008 = CARTESIAN_POINT('',(-17.63590043825,-2.00935704438,79.744732));
#4009 = DIRECTION('',(-0.496774984424,-5.660036003942E-02,0.866031762751
    ));
#4010 = DIRECTION('',(0.860464785591,9.80375787685E-02,0.499988985785));
#4011 = ADVANCED_FACE('',(#4012),#4031,.F.);
#4012 = FACE_BOUND('',#4013,.F.);
#4013 = EDGE_LOOP('',(#4014,#4023,#4029,#4030));
#4014 = ORIENTED_EDGE('',*,*,#4015,.F.);
#4015 = EDGE_CURVE('',#4016,#3984,#4018,.T.);
#4016 = VERTEX_POINT('',#4017);
#4017 = CARTESIAN_POINT('',(-14.34313620263,-30.49531839271,59.2528895)
  );
#4018 = ELLIPSE('',#4019,1.472586710009E+04,33.7);
#4019 = AXIS2_PLACEMENT_3D('',#4020,#4021,#4022);
#4020 = CARTESIAN_POINT('',(0.,0.,-7.676440922807E+03));
#4021 = DIRECTION('',(-0.993569253913,-0.113202917334,
    -2.288490027171E-03));
#4022 = DIRECTION('',(-2.273779282993E-03,-2.590644257515E-04,
    0.999997381403));
#4023 = ORIENTED_EDGE('',*,*,#4024,.T.);
#4024 = EDGE_CURVE('',#4016,#2526,#4025,.T.);
#4025 = LINE('',#4026,#4027);
#4026 = CARTESIAN_POINT('',(-17.5893063893,-2.004048323069,59.2528895));
#4027 = VECTOR('',#4028,1.);
#4028 = DIRECTION('',(0.113203213768,-0.993571855677,0.));
#4029 = ORIENTED_EDGE('',*,*,#2534,.T.);
#4030 = ORIENTED_EDGE('',*,*,#3994,.F.);
#4031 = PLANE('',#4032);
#4032 = AXIS2_PLACEMENT_3D('',#4033,#4034,#4035);
#4033 = CARTESIAN_POINT('',(-17.5893063893,-2.004048323069,59.2528895));
#4034 = DIRECTION('',(-0.993569253913,-0.113202917334,
    -2.288490027171E-03));
#4035 = DIRECTION('',(-2.273779282993E-03,-2.590644257515E-04,
    0.999997381403));
#4036 = ADVANCED_FACE('',(#4037),#4056,.F.);
#4037 = FACE_BOUND('',#4038,.F.);
#4038 = EDGE_LOOP('',(#4039,#4048,#4054,#4055));
#4039 = ORIENTED_EDGE('',*,*,#4040,.F.);
#4040 = EDGE_CURVE('',#4041,#4016,#4043,.T.);
#4041 = VERTEX_POINT('',#4042);
#4042 = CARTESIAN_POINT('',(3.785530149776,-33.48671022189,49.06478));
#4043 = ELLIPSE('',#4044,38.898458763723,33.7);
#4044 = AXIS2_PLACEMENT_3D('',#4045,#4046,#4047);
#4045 = CARTESIAN_POINT('',(0.,0.,49.047712673175));
#4046 = DIRECTION('',(-0.496212715686,-5.653629760872E-02,
    -0.866358232975));
#4047 = DIRECTION('',(-0.860789157218,-9.807453624708E-02,0.499423079319
    ));
#4048 = ORIENTED_EDGE('',*,*,#4049,.T.);
#4049 = EDGE_CURVE('',#4041,#2517,#4050,.T.);
#4050 = LINE('',#4051,#4052);
#4051 = CARTESIAN_POINT('',(-2.941668193102E-02,-3.351607550026E-03,
    49.06478));
#4052 = VECTOR('',#4053,1.);
#4053 = DIRECTION('',(0.113203213768,-0.993571855677,0.));
#4054 = ORIENTED_EDGE('',*,*,#2525,.T.);
#4055 = ORIENTED_EDGE('',*,*,#4024,.F.);
#4056 = PLANE('',#4057);
#4057 = AXIS2_PLACEMENT_3D('',#4058,#4059,#4060);
#4058 = CARTESIAN_POINT('',(-2.941668193102E-02,-3.351607550026E-03,
    49.06478));
#4059 = DIRECTION('',(-0.496212715686,-5.653629760872E-02,
    -0.866358232975));
#4060 = DIRECTION('',(-0.860789157218,-9.807453624708E-02,0.499423079319
    ));
#4061 = ADVANCED_FACE('',(#4062),#4081,.F.);
#4062 = FACE_BOUND('',#4063,.F.);
#4063 = EDGE_LOOP('',(#4064,#4073,#4079,#4080));
#4064 = ORIENTED_EDGE('',*,*,#4065,.F.);
#4065 = EDGE_CURVE('',#4066,#4041,#4068,.T.);
#4066 = VERTEX_POINT('',#4067);
#4067 = CARTESIAN_POINT('',(20.835509366786,-26.4871959525,59.260948));
#4068 = ELLIPSE('',#4069,38.873713609391,33.7);
#4069 = AXIS2_PLACEMENT_3D('',#4070,#4071,#4072);
#4070 = CARTESIAN_POINT('',(0.,0.,49.081803755314));
#4071 = DIRECTION('',(0.495260983597,5.642786143414E-02,-0.866909715357)
  );
#4072 = DIRECTION('',(0.861337094592,9.813696582507E-02,0.498465189777)
  );
#4073 = ORIENTED_EDGE('',*,*,#4074,.T.);
#4074 = EDGE_CURVE('',#4066,#2508,#4075,.T.);
#4075 = LINE('',#4076,#4077);
#4076 = CARTESIAN_POINT('',(17.589341661102,2.004052341783,59.260948));
#4077 = VECTOR('',#4078,1.);
#4078 = DIRECTION('',(0.113203213768,-0.993571855677,0.));
#4079 = ORIENTED_EDGE('',*,*,#2516,.T.);
#4080 = ORIENTED_EDGE('',*,*,#4049,.F.);
#4081 = PLANE('',#4082);
#4082 = AXIS2_PLACEMENT_3D('',#4083,#4084,#4085);
#4083 = CARTESIAN_POINT('',(17.589341661102,2.004052341783,59.260948));
#4084 = DIRECTION('',(0.495260983597,5.642786143414E-02,-0.866909715357)
  );
#4085 = DIRECTION('',(-0.861337094592,-9.813696582507E-02,
    -0.498465189777));
#4086 = ADVANCED_FACE('',(#4087),#4106,.F.);
#4087 = FACE_BOUND('',#4088,.F.);
#4088 = EDGE_LOOP('',(#4089,#4098,#4104,#4105));
#4089 = ORIENTED_EDGE('',*,*,#4090,.F.);
#4090 = EDGE_CURVE('',#4091,#4066,#4093,.T.);
#4091 = VERTEX_POINT('',#4092);
#4092 = CARTESIAN_POINT('',(20.878787243288,-26.45309515443,79.7374545)
  );
#4093 = ELLIPSE('',#4094,1.472599393956E+04,33.7);
#4094 = AXIS2_PLACEMENT_3D('',#4095,#4096,#4097);
#4095 = CARTESIAN_POINT('',(0.,0.,-7.676515007621E+03));
#4096 = DIRECTION('',(0.993569253957,0.113202917339,-2.288470315709E-03)
  );
#4097 = DIRECTION('',(2.27375969824E-03,2.590621943507E-04,
    0.999997381448));
#4098 = ORIENTED_EDGE('',*,*,#4099,.T.);
#4099 = EDGE_CURVE('',#4091,#2499,#4100,.T.);
#4100 = LINE('',#4101,#4102);
#4101 = CARTESIAN_POINT('',(17.635900438259,2.00935704438,79.7374545));
#4102 = VECTOR('',#4103,1.);
#4103 = DIRECTION('',(0.113203213768,-0.993571855677,0.));
#4104 = ORIENTED_EDGE('',*,*,#2507,.T.);
#4105 = ORIENTED_EDGE('',*,*,#4074,.F.);
#4106 = PLANE('',#4107);
#4107 = AXIS2_PLACEMENT_3D('',#4108,#4109,#4110);
#4108 = CARTESIAN_POINT('',(17.635900438259,2.00935704438,79.7374545));
#4109 = DIRECTION('',(0.993569253957,0.113202917339,-2.288470315709E-03)
  );
#4110 = DIRECTION('',(-2.27375969824E-03,-2.590621943507E-04,
    -0.999997381448));
#4111 = ADVANCED_FACE('',(#4112),#4131,.F.);
#4112 = FACE_BOUND('',#4113,.F.);
#4113 = EDGE_LOOP('',(#4114,#4123,#4129,#4130));
#4114 = ORIENTED_EDGE('',*,*,#4115,.F.);
#4115 = EDGE_CURVE('',#4116,#4091,#4118,.T.);
#4116 = VERTEX_POINT('',#4117);
#4117 = CARTESIAN_POINT('',(3.812690900052,-33.4836286579,89.93522));
#4118 = ELLIPSE('',#4119,38.864605109483,33.7);
#4119 = AXIS2_PLACEMENT_3D('',#4120,#4121,#4122);
#4120 = CARTESIAN_POINT('',(0.,0.,89.933914853075));
#4121 = DIRECTION('',(0.494909738957,5.638784216252E-02,0.86711288858));
#4122 = DIRECTION('',(-0.861538961787,-9.815996568682E-02,0.498111672679
    ));
#4123 = ORIENTED_EDGE('',*,*,#4124,.T.);
#4124 = EDGE_CURVE('',#4116,#2490,#4125,.T.);
#4125 = LINE('',#4126,#4127);
#4126 = CARTESIAN_POINT('',(-2.257395256097E-03,-2.571977016807E-04,
    89.93522));
#4127 = VECTOR('',#4128,1.);
#4128 = DIRECTION('',(0.113203213768,-0.993571855677,0.));
#4129 = ORIENTED_EDGE('',*,*,#2498,.T.);
#4130 = ORIENTED_EDGE('',*,*,#4099,.F.);
#4131 = PLANE('',#4132);
#4132 = AXIS2_PLACEMENT_3D('',#4133,#4134,#4135);
#4133 = CARTESIAN_POINT('',(-2.257395256097E-03,-2.571977016807E-04,
    89.93522));
#4134 = DIRECTION('',(0.494909738957,5.638784216252E-02,0.86711288858));
#4135 = DIRECTION('',(0.861538961787,9.815996568682E-02,-0.498111672679)
  );
#4136 = ADVANCED_FACE('',(#4137),#4149,.F.);
#4137 = FACE_BOUND('',#4138,.F.);
#4138 = EDGE_LOOP('',(#4139,#4146,#4147,#4148));
#4139 = ORIENTED_EDGE('',*,*,#4140,.F.);
#4140 = EDGE_CURVE('',#3986,#4116,#4141,.T.);
#4141 = ELLIPSE('',#4142,38.80803515016,33.7);
#4142 = AXIS2_PLACEMENT_3D('',#4143,#4144,#4145);
#4143 = CARTESIAN_POINT('',(0.,0.,89.936517473311));
#4144 = DIRECTION('',(-0.492717097672,-5.613802224392E-02,0.868376867564
    ));
#4145 = DIRECTION('',(0.862794815732,9.830305216993E-02,0.495904845591)
  );
#4146 = ORIENTED_EDGE('',*,*,#4001,.T.);
#4147 = ORIENTED_EDGE('',*,*,#2489,.T.);
#4148 = ORIENTED_EDGE('',*,*,#4124,.F.);
#4149 = PLANE('',#4150);
#4150 = AXIS2_PLACEMENT_3D('',#4151,#4152,#4153);
#4151 = CARTESIAN_POINT('',(-8.865990411924,-1.010152010779,84.8406505)
  );
#4152 = DIRECTION('',(-0.492717097672,-5.613802224392E-02,0.868376867564
    ));
#4153 = DIRECTION('',(0.862794815732,9.830305216993E-02,0.495904845591)
  );
#4154 = ADVANCED_FACE('',(#4155),#4180,.F.);
#4155 = FACE_BOUND('',#4156,.F.);
#4156 = EDGE_LOOP('',(#4157,#4167,#4173,#4174));
#4157 = ORIENTED_EDGE('',*,*,#4158,.F.);
#4158 = EDGE_CURVE('',#4159,#4161,#4163,.T.);
#4159 = VERTEX_POINT('',#4160);
#4160 = CARTESIAN_POINT('',(-19.46294251159,27.878197014702,30.));
#4161 = VERTEX_POINT('',#4162);
#4162 = CARTESIAN_POINT('',(-19.46294251159,27.878197014702,110.));
#4163 = LINE('',#4164,#4165);
#4164 = CARTESIAN_POINT('',(-19.46294251159,27.878197014702,29.));
#4165 = VECTOR('',#4166,1.);
#4166 = DIRECTION('',(0.,0.,1.));
#4167 = ORIENTED_EDGE('',*,*,#4168,.T.);
#4168 = EDGE_CURVE('',#4159,#2544,#4169,.T.);
#4169 = LINE('',#4170,#4171);
#4170 = CARTESIAN_POINT('',(0.,0.,30.));
#4171 = VECTOR('',#4172,1.);
#4172 = DIRECTION('',(-0.572439485635,0.819946971021,0.));
#4173 = ORIENTED_EDGE('',*,*,#2543,.T.);
#4174 = ORIENTED_EDGE('',*,*,#4175,.F.);
#4175 = EDGE_CURVE('',#4161,#2546,#4176,.T.);
#4176 = LINE('',#4177,#4178);
#4177 = CARTESIAN_POINT('',(0.,0.,110.));
#4178 = VECTOR('',#4179,1.);
#4179 = DIRECTION('',(-0.572439485635,0.819946971021,0.));
#4180 = PLANE('',#4181);
#4181 = AXIS2_PLACEMENT_3D('',#4182,#4183,#4184);
#4182 = CARTESIAN_POINT('',(0.,0.,30.));
#4183 = DIRECTION('',(0.819946971021,0.572439485635,0.));
#4184 = DIRECTION('',(-0.572439485635,0.819946971021,0.));
#4185 = ADVANCED_FACE('',(#4186),#4205,.T.);
#4186 = FACE_BOUND('',#4187,.T.);
#4187 = EDGE_LOOP('',(#4188,#4189,#4197,#4204));
#4188 = ORIENTED_EDGE('',*,*,#2570,.T.);
#4189 = ORIENTED_EDGE('',*,*,#4190,.F.);
#4190 = EDGE_CURVE('',#4191,#2563,#4193,.T.);
#4191 = VERTEX_POINT('',#4192);
#4192 = CARTESIAN_POINT('',(-20.49936093676,27.125194952001,30.));
#4193 = LINE('',#4194,#4195);
#4194 = CARTESIAN_POINT('',(0.,0.,30.));
#4195 = VECTOR('',#4196,1.);
#4196 = DIRECTION('',(-0.602922380493,0.797799851529,0.));
#4197 = ORIENTED_EDGE('',*,*,#4198,.F.);
#4198 = EDGE_CURVE('',#4159,#4191,#4199,.T.);
#4199 = CIRCLE('',#4200,34.);
#4200 = AXIS2_PLACEMENT_3D('',#4201,#4202,#4203);
#4201 = CARTESIAN_POINT('',(0.,0.,30.));
#4202 = DIRECTION('',(0.,0.,1.));
#4203 = DIRECTION('',(-0.572439485635,0.819946971021,0.));
#4204 = ORIENTED_EDGE('',*,*,#4168,.T.);
#4205 = PLANE('',#4206);
#4206 = AXIS2_PLACEMENT_3D('',#4207,#4208,#4209);
#4207 = CARTESIAN_POINT('',(0.,0.,30.));
#4208 = DIRECTION('',(0.,0.,1.));
#4209 = DIRECTION('',(-0.572439485635,0.819946971021,0.));
#4210 = ADVANCED_FACE('',(#4211),#4230,.F.);
#4211 = FACE_BOUND('',#4212,.F.);
#4212 = EDGE_LOOP('',(#4213,#4214,#4222,#4229));
#4213 = ORIENTED_EDGE('',*,*,#2553,.T.);
#4214 = ORIENTED_EDGE('',*,*,#4215,.F.);
#4215 = EDGE_CURVE('',#4216,#2554,#4218,.T.);
#4216 = VERTEX_POINT('',#4217);
#4217 = CARTESIAN_POINT('',(-20.49936093676,27.125194952001,110.));
#4218 = LINE('',#4219,#4220);
#4219 = CARTESIAN_POINT('',(0.,0.,110.));
#4220 = VECTOR('',#4221,1.);
#4221 = DIRECTION('',(-0.602922380493,0.797799851529,0.));
#4222 = ORIENTED_EDGE('',*,*,#4223,.F.);
#4223 = EDGE_CURVE('',#4161,#4216,#4224,.T.);
#4224 = CIRCLE('',#4225,34.);
#4225 = AXIS2_PLACEMENT_3D('',#4226,#4227,#4228);
#4226 = CARTESIAN_POINT('',(0.,0.,110.));
#4227 = DIRECTION('',(0.,0.,1.));
#4228 = DIRECTION('',(-0.572439485635,0.819946971021,0.));
#4229 = ORIENTED_EDGE('',*,*,#4175,.T.);
#4230 = PLANE('',#4231);
#4231 = AXIS2_PLACEMENT_3D('',#4232,#4233,#4234);
#4232 = CARTESIAN_POINT('',(0.,0.,110.));
#4233 = DIRECTION('',(0.,0.,1.));
#4234 = DIRECTION('',(-0.572439485635,0.819946971021,0.));
#4235 = ADVANCED_FACE('',(#4236),#4247,.T.);
#4236 = FACE_BOUND('',#4237,.T.);
#4237 = EDGE_LOOP('',(#4238,#4239,#4245,#4246));
#4238 = ORIENTED_EDGE('',*,*,#4215,.F.);
#4239 = ORIENTED_EDGE('',*,*,#4240,.F.);
#4240 = EDGE_CURVE('',#4191,#4216,#4241,.T.);
#4241 = LINE('',#4242,#4243);
#4242 = CARTESIAN_POINT('',(-20.49936093676,27.125194952001,29.));
#4243 = VECTOR('',#4244,1.);
#4244 = DIRECTION('',(0.,0.,1.));
#4245 = ORIENTED_EDGE('',*,*,#4190,.T.);
#4246 = ORIENTED_EDGE('',*,*,#2562,.T.);
#4247 = PLANE('',#4248);
#4248 = AXIS2_PLACEMENT_3D('',#4249,#4250,#4251);
#4249 = CARTESIAN_POINT('',(0.,0.,30.));
#4250 = DIRECTION('',(0.797799851529,0.602922380493,0.));
#4251 = DIRECTION('',(-0.602922380493,0.797799851529,0.));
#4252 = ADVANCED_FACE('',(#4253),#4278,.F.);
#4253 = FACE_BOUND('',#4254,.F.);
#4254 = EDGE_LOOP('',(#4255,#4265,#4271,#4272));
#4255 = ORIENTED_EDGE('',*,*,#4256,.F.);
#4256 = EDGE_CURVE('',#4257,#4259,#4261,.T.);
#4257 = VERTEX_POINT('',#4258);
#4258 = CARTESIAN_POINT('',(-23.58443222865,24.490295148326,30.));
#4259 = VERTEX_POINT('',#4260);
#4260 = CARTESIAN_POINT('',(-23.58443222865,24.490295148326,110.));
#4261 = LINE('',#4262,#4263);
#4262 = CARTESIAN_POINT('',(-23.58443222865,24.490295148326,29.));
#4263 = VECTOR('',#4264,1.);
#4264 = DIRECTION('',(0.,0.,1.));
#4265 = ORIENTED_EDGE('',*,*,#4266,.T.);
#4266 = EDGE_CURVE('',#4257,#2580,#4267,.T.);
#4267 = LINE('',#4268,#4269);
#4268 = CARTESIAN_POINT('',(0.,0.,30.));
#4269 = VECTOR('',#4270,1.);
#4270 = DIRECTION('',(-0.693659771431,0.72030279848,0.));
#4271 = ORIENTED_EDGE('',*,*,#2579,.T.);
#4272 = ORIENTED_EDGE('',*,*,#4273,.F.);
#4273 = EDGE_CURVE('',#4259,#2582,#4274,.T.);
#4274 = LINE('',#4275,#4276);
#4275 = CARTESIAN_POINT('',(0.,0.,110.));
#4276 = VECTOR('',#4277,1.);
#4277 = DIRECTION('',(-0.693659771431,0.72030279848,0.));
#4278 = PLANE('',#4279);
#4279 = AXIS2_PLACEMENT_3D('',#4280,#4281,#4282);
#4280 = CARTESIAN_POINT('',(0.,0.,30.));
#4281 = DIRECTION('',(0.72030279848,0.693659771431,0.));
#4282 = DIRECTION('',(-0.693659771431,0.72030279848,0.));
#4283 = ADVANCED_FACE('',(#4284),#4303,.T.);
#4284 = FACE_BOUND('',#4285,.T.);
#4285 = EDGE_LOOP('',(#4286,#4287,#4295,#4302));
#4286 = ORIENTED_EDGE('',*,*,#2606,.T.);
#4287 = ORIENTED_EDGE('',*,*,#4288,.F.);
#4288 = EDGE_CURVE('',#4289,#2599,#4291,.T.);
#4289 = VERTEX_POINT('',#4290);
#4290 = CARTESIAN_POINT('',(-24.49029514832,23.584432228652,30.));
#4291 = LINE('',#4292,#4293);
#4292 = CARTESIAN_POINT('',(0.,0.,30.));
#4293 = VECTOR('',#4294,1.);
#4294 = DIRECTION('',(-0.72030279848,0.693659771431,0.));
#4295 = ORIENTED_EDGE('',*,*,#4296,.F.);
#4296 = EDGE_CURVE('',#4257,#4289,#4297,.T.);
#4297 = CIRCLE('',#4298,34.);
#4298 = AXIS2_PLACEMENT_3D('',#4299,#4300,#4301);
#4299 = CARTESIAN_POINT('',(0.,0.,30.));
#4300 = DIRECTION('',(0.,0.,1.));
#4301 = DIRECTION('',(-0.693659771431,0.72030279848,0.));
#4302 = ORIENTED_EDGE('',*,*,#4266,.T.);
#4303 = PLANE('',#4304);
#4304 = AXIS2_PLACEMENT_3D('',#4305,#4306,#4307);
#4305 = CARTESIAN_POINT('',(0.,0.,30.));
#4306 = DIRECTION('',(0.,0.,1.));
#4307 = DIRECTION('',(-0.693659771431,0.72030279848,0.));
#4308 = ADVANCED_FACE('',(#4309),#4328,.F.);
#4309 = FACE_BOUND('',#4310,.F.);
#4310 = EDGE_LOOP('',(#4311,#4312,#4320,#4327));
#4311 = ORIENTED_EDGE('',*,*,#2589,.T.);
#4312 = ORIENTED_EDGE('',*,*,#4313,.F.);
#4313 = EDGE_CURVE('',#4314,#2590,#4316,.T.);
#4314 = VERTEX_POINT('',#4315);
#4315 = CARTESIAN_POINT('',(-24.49029514832,23.584432228652,110.));
#4316 = LINE('',#4317,#4318);
#4317 = CARTESIAN_POINT('',(0.,0.,110.));
#4318 = VECTOR('',#4319,1.);
#4319 = DIRECTION('',(-0.72030279848,0.693659771431,0.));
#4320 = ORIENTED_EDGE('',*,*,#4321,.F.);
#4321 = EDGE_CURVE('',#4259,#4314,#4322,.T.);
#4322 = CIRCLE('',#4323,34.);
#4323 = AXIS2_PLACEMENT_3D('',#4324,#4325,#4326);
#4324 = CARTESIAN_POINT('',(0.,0.,110.));
#4325 = DIRECTION('',(0.,0.,1.));
#4326 = DIRECTION('',(-0.693659771431,0.72030279848,0.));
#4327 = ORIENTED_EDGE('',*,*,#4273,.T.);
#4328 = PLANE('',#4329);
#4329 = AXIS2_PLACEMENT_3D('',#4330,#4331,#4332);
#4330 = CARTESIAN_POINT('',(0.,0.,110.));
#4331 = DIRECTION('',(0.,0.,1.));
#4332 = DIRECTION('',(-0.693659771431,0.72030279848,0.));
#4333 = ADVANCED_FACE('',(#4334),#4345,.T.);
#4334 = FACE_BOUND('',#4335,.T.);
#4335 = EDGE_LOOP('',(#4336,#4337,#4343,#4344));
#4336 = ORIENTED_EDGE('',*,*,#4313,.F.);
#4337 = ORIENTED_EDGE('',*,*,#4338,.F.);
#4338 = EDGE_CURVE('',#4289,#4314,#4339,.T.);
#4339 = LINE('',#4340,#4341);
#4340 = CARTESIAN_POINT('',(-24.49029514832,23.584432228652,29.));
#4341 = VECTOR('',#4342,1.);
#4342 = DIRECTION('',(0.,0.,1.));
#4343 = ORIENTED_EDGE('',*,*,#4288,.T.);
#4344 = ORIENTED_EDGE('',*,*,#2598,.T.);
#4345 = PLANE('',#4346);
#4346 = AXIS2_PLACEMENT_3D('',#4347,#4348,#4349);
#4347 = CARTESIAN_POINT('',(0.,0.,30.));
#4348 = DIRECTION('',(0.693659771431,0.72030279848,0.));
#4349 = DIRECTION('',(-0.72030279848,0.693659771431,0.));
#4350 = ADVANCED_FACE('',(#4351),#4376,.F.);
#4351 = FACE_BOUND('',#4352,.F.);
#4352 = EDGE_LOOP('',(#4353,#4363,#4369,#4370));
#4353 = ORIENTED_EDGE('',*,*,#4354,.F.);
#4354 = EDGE_CURVE('',#4355,#4357,#4359,.T.);
#4355 = VERTEX_POINT('',#4356);
#4356 = CARTESIAN_POINT('',(-27.125194952,20.499360936769,30.));
#4357 = VERTEX_POINT('',#4358);
#4358 = CARTESIAN_POINT('',(-27.125194952,20.499360936769,110.));
#4359 = LINE('',#4360,#4361);
#4360 = CARTESIAN_POINT('',(-27.125194952,20.499360936769,29.));
#4361 = VECTOR('',#4362,1.);
#4362 = DIRECTION('',(0.,0.,1.));
#4363 = ORIENTED_EDGE('',*,*,#4364,.T.);
#4364 = EDGE_CURVE('',#4355,#2616,#4365,.T.);
#4365 = LINE('',#4366,#4367);
#4366 = CARTESIAN_POINT('',(0.,0.,30.));
#4367 = VECTOR('',#4368,1.);
#4368 = DIRECTION('',(-0.797799851529,0.602922380493,0.));
#4369 = ORIENTED_EDGE('',*,*,#2615,.T.);
#4370 = ORIENTED_EDGE('',*,*,#4371,.F.);
#4371 = EDGE_CURVE('',#4357,#2618,#4372,.T.);
#4372 = LINE('',#4373,#4374);
#4373 = CARTESIAN_POINT('',(0.,0.,110.));
#4374 = VECTOR('',#4375,1.);
#4375 = DIRECTION('',(-0.797799851529,0.602922380493,0.));
#4376 = PLANE('',#4377);
#4377 = AXIS2_PLACEMENT_3D('',#4378,#4379,#4380);
#4378 = CARTESIAN_POINT('',(0.,0.,30.));
#4379 = DIRECTION('',(0.602922380493,0.797799851529,0.));
#4380 = DIRECTION('',(-0.797799851529,0.602922380493,0.));
#4381 = ADVANCED_FACE('',(#4382),#4401,.T.);
#4382 = FACE_BOUND('',#4383,.T.);
#4383 = EDGE_LOOP('',(#4384,#4385,#4393,#4400));
#4384 = ORIENTED_EDGE('',*,*,#2642,.T.);
#4385 = ORIENTED_EDGE('',*,*,#4386,.F.);
#4386 = EDGE_CURVE('',#4387,#2635,#4389,.T.);
#4387 = VERTEX_POINT('',#4388);
#4388 = CARTESIAN_POINT('',(-27.8781970147,19.46294251159,30.));
#4389 = LINE('',#4390,#4391);
#4390 = CARTESIAN_POINT('',(0.,0.,30.));
#4391 = VECTOR('',#4392,1.);
#4392 = DIRECTION('',(-0.819946971021,0.572439485635,0.));
#4393 = ORIENTED_EDGE('',*,*,#4394,.F.);
#4394 = EDGE_CURVE('',#4355,#4387,#4395,.T.);
#4395 = CIRCLE('',#4396,34.);
#4396 = AXIS2_PLACEMENT_3D('',#4397,#4398,#4399);
#4397 = CARTESIAN_POINT('',(0.,0.,30.));
#4398 = DIRECTION('',(0.,0.,1.));
#4399 = DIRECTION('',(-0.797799851529,0.602922380493,0.));
#4400 = ORIENTED_EDGE('',*,*,#4364,.T.);
#4401 = PLANE('',#4402);
#4402 = AXIS2_PLACEMENT_3D('',#4403,#4404,#4405);
#4403 = CARTESIAN_POINT('',(0.,0.,30.));
#4404 = DIRECTION('',(0.,0.,1.));
#4405 = DIRECTION('',(-0.797799851529,0.602922380493,0.));
#4406 = ADVANCED_FACE('',(#4407),#4426,.F.);
#4407 = FACE_BOUND('',#4408,.F.);
#4408 = EDGE_LOOP('',(#4409,#4410,#4418,#4425));
#4409 = ORIENTED_EDGE('',*,*,#2625,.T.);
#4410 = ORIENTED_EDGE('',*,*,#4411,.F.);
#4411 = EDGE_CURVE('',#4412,#2626,#4414,.T.);
#4412 = VERTEX_POINT('',#4413);
#4413 = CARTESIAN_POINT('',(-27.8781970147,19.46294251159,110.));
#4414 = LINE('',#4415,#4416);
#4415 = CARTESIAN_POINT('',(0.,0.,110.));
#4416 = VECTOR('',#4417,1.);
#4417 = DIRECTION('',(-0.819946971021,0.572439485635,0.));
#4418 = ORIENTED_EDGE('',*,*,#4419,.F.);
#4419 = EDGE_CURVE('',#4357,#4412,#4420,.T.);
#4420 = CIRCLE('',#4421,34.);
#4421 = AXIS2_PLACEMENT_3D('',#4422,#4423,#4424);
#4422 = CARTESIAN_POINT('',(0.,0.,110.));
#4423 = DIRECTION('',(0.,0.,1.));
#4424 = DIRECTION('',(-0.797799851529,0.602922380493,0.));
#4425 = ORIENTED_EDGE('',*,*,#4371,.T.);
#4426 = PLANE('',#4427);
#4427 = AXIS2_PLACEMENT_3D('',#4428,#4429,#4430);
#4428 = CARTESIAN_POINT('',(0.,0.,110.));
#4429 = DIRECTION('',(0.,0.,1.));
#4430 = DIRECTION('',(-0.797799851529,0.602922380493,0.));
#4431 = ADVANCED_FACE('',(#4432),#4443,.T.);
#4432 = FACE_BOUND('',#4433,.T.);
#4433 = EDGE_LOOP('',(#4434,#4435,#4441,#4442));
#4434 = ORIENTED_EDGE('',*,*,#4411,.F.);
#4435 = ORIENTED_EDGE('',*,*,#4436,.F.);
#4436 = EDGE_CURVE('',#4387,#4412,#4437,.T.);
#4437 = LINE('',#4438,#4439);
#4438 = CARTESIAN_POINT('',(-27.8781970147,19.46294251159,29.));
#4439 = VECTOR('',#4440,1.);
#4440 = DIRECTION('',(0.,0.,1.));
#4441 = ORIENTED_EDGE('',*,*,#4386,.T.);
#4442 = ORIENTED_EDGE('',*,*,#2634,.T.);
#4443 = PLANE('',#4444);
#4444 = AXIS2_PLACEMENT_3D('',#4445,#4446,#4447);
#4445 = CARTESIAN_POINT('',(0.,0.,30.));
#4446 = DIRECTION('',(0.572439485635,0.819946971021,0.));
#4447 = DIRECTION('',(-0.819946971021,0.572439485635,0.));
#4448 = ADVANCED_FACE('',(#4449),#4474,.F.);
#4449 = FACE_BOUND('',#4450,.F.);
#4450 = EDGE_LOOP('',(#4451,#4461,#4467,#4468));
#4451 = ORIENTED_EDGE('',*,*,#4452,.F.);
#4452 = EDGE_CURVE('',#4453,#4455,#4457,.T.);
#4453 = VERTEX_POINT('',#4454);
#4454 = CARTESIAN_POINT('',(-29.99804535227,16.00366442547,30.));
#4455 = VERTEX_POINT('',#4456);
#4456 = CARTESIAN_POINT('',(-29.99804535227,16.00366442547,110.));
#4457 = LINE('',#4458,#4459);
#4458 = CARTESIAN_POINT('',(-29.99804535227,16.00366442547,29.));
#4459 = VECTOR('',#4460,1.);
#4460 = DIRECTION('',(0.,0.,1.));
#4461 = ORIENTED_EDGE('',*,*,#4462,.T.);
#4462 = EDGE_CURVE('',#4453,#2652,#4463,.T.);
#4463 = LINE('',#4464,#4465);
#4464 = CARTESIAN_POINT('',(0.,0.,30.));
#4465 = VECTOR('',#4466,1.);
#4466 = DIRECTION('',(-0.882295451537,0.470696012514,0.));
#4467 = ORIENTED_EDGE('',*,*,#2651,.T.);
#4468 = ORIENTED_EDGE('',*,*,#4469,.F.);
#4469 = EDGE_CURVE('',#4455,#2654,#4470,.T.);
#4470 = LINE('',#4471,#4472);
#4471 = CARTESIAN_POINT('',(0.,0.,110.));
#4472 = VECTOR('',#4473,1.);
#4473 = DIRECTION('',(-0.882295451537,0.470696012514,0.));
#4474 = PLANE('',#4475);
#4475 = AXIS2_PLACEMENT_3D('',#4476,#4477,#4478);
#4476 = CARTESIAN_POINT('',(0.,0.,30.));
#4477 = DIRECTION('',(0.470696012514,0.882295451537,0.));
#4478 = DIRECTION('',(-0.882295451537,0.470696012514,0.));
#4479 = ADVANCED_FACE('',(#4480),#4499,.T.);
#4480 = FACE_BOUND('',#4481,.T.);
#4481 = EDGE_LOOP('',(#4482,#4483,#4491,#4498));
#4482 = ORIENTED_EDGE('',*,*,#2678,.T.);
#4483 = ORIENTED_EDGE('',*,*,#4484,.F.);
#4484 = EDGE_CURVE('',#4485,#2671,#4487,.T.);
#4485 = VERTEX_POINT('',#4486);
#4486 = CARTESIAN_POINT('',(-30.57964514814,14.86221055609,30.));
#4487 = LINE('',#4488,#4489);
#4488 = CARTESIAN_POINT('',(0.,0.,30.));
#4489 = VECTOR('',#4490,1.);
#4490 = DIRECTION('',(-0.899401327887,0.437123839885,0.));
#4491 = ORIENTED_EDGE('',*,*,#4492,.F.);
#4492 = EDGE_CURVE('',#4453,#4485,#4493,.T.);
#4493 = CIRCLE('',#4494,34.);
#4494 = AXIS2_PLACEMENT_3D('',#4495,#4496,#4497);
#4495 = CARTESIAN_POINT('',(0.,0.,30.));
#4496 = DIRECTION('',(0.,0.,1.));
#4497 = DIRECTION('',(-0.882295451537,0.470696012514,0.));
#4498 = ORIENTED_EDGE('',*,*,#4462,.T.);
#4499 = PLANE('',#4500);
#4500 = AXIS2_PLACEMENT_3D('',#4501,#4502,#4503);
#4501 = CARTESIAN_POINT('',(0.,0.,30.));
#4502 = DIRECTION('',(0.,0.,1.));
#4503 = DIRECTION('',(-0.882295451537,0.470696012514,0.));
#4504 = ADVANCED_FACE('',(#4505),#4524,.F.);
#4505 = FACE_BOUND('',#4506,.F.);
#4506 = EDGE_LOOP('',(#4507,#4508,#4516,#4523));
#4507 = ORIENTED_EDGE('',*,*,#2661,.T.);
#4508 = ORIENTED_EDGE('',*,*,#4509,.F.);
#4509 = EDGE_CURVE('',#4510,#2662,#4512,.T.);
#4510 = VERTEX_POINT('',#4511);
#4511 = CARTESIAN_POINT('',(-30.57964514814,14.86221055609,110.));
#4512 = LINE('',#4513,#4514);
#4513 = CARTESIAN_POINT('',(0.,0.,110.));
#4514 = VECTOR('',#4515,1.);
#4515 = DIRECTION('',(-0.899401327887,0.437123839885,0.));
#4516 = ORIENTED_EDGE('',*,*,#4517,.F.);
#4517 = EDGE_CURVE('',#4455,#4510,#4518,.T.);
#4518 = CIRCLE('',#4519,34.);
#4519 = AXIS2_PLACEMENT_3D('',#4520,#4521,#4522);
#4520 = CARTESIAN_POINT('',(0.,0.,110.));
#4521 = DIRECTION('',(0.,0.,1.));
#4522 = DIRECTION('',(-0.882295451537,0.470696012514,0.));
#4523 = ORIENTED_EDGE('',*,*,#4469,.T.);
#4524 = PLANE('',#4525);
#4525 = AXIS2_PLACEMENT_3D('',#4526,#4527,#4528);
#4526 = CARTESIAN_POINT('',(0.,0.,110.));
#4527 = DIRECTION('',(0.,0.,1.));
#4528 = DIRECTION('',(-0.882295451537,0.470696012514,0.));
#4529 = ADVANCED_FACE('',(#4530),#4541,.T.);
#4530 = FACE_BOUND('',#4531,.T.);
#4531 = EDGE_LOOP('',(#4532,#4533,#4539,#4540));
#4532 = ORIENTED_EDGE('',*,*,#4509,.F.);
#4533 = ORIENTED_EDGE('',*,*,#4534,.F.);
#4534 = EDGE_CURVE('',#4485,#4510,#4535,.T.);
#4535 = LINE('',#4536,#4537);
#4536 = CARTESIAN_POINT('',(-30.57964514814,14.86221055609,29.));
#4537 = VECTOR('',#4538,1.);
#4538 = DIRECTION('',(0.,0.,1.));
#4539 = ORIENTED_EDGE('',*,*,#4484,.T.);
#4540 = ORIENTED_EDGE('',*,*,#2670,.T.);
#4541 = PLANE('',#4542);
#4542 = AXIS2_PLACEMENT_3D('',#4543,#4544,#4545);
#4543 = CARTESIAN_POINT('',(0.,0.,30.));
#4544 = DIRECTION('',(0.437123839885,0.899401327887,0.));
#4545 = DIRECTION('',(-0.899401327887,0.437123839885,0.));
#4546 = ADVANCED_FACE('',(#4547),#4572,.F.);
#4547 = FACE_BOUND('',#4548,.F.);
#4548 = EDGE_LOOP('',(#4549,#4559,#4565,#4566));
#4549 = ORIENTED_EDGE('',*,*,#4550,.F.);
#4550 = EDGE_CURVE('',#4551,#4553,#4555,.T.);
#4551 = VERTEX_POINT('',#4552);
#4552 = CARTESIAN_POINT('',(-32.13224431816,11.113904582898,30.));
#4553 = VERTEX_POINT('',#4554);
#4554 = CARTESIAN_POINT('',(-32.13224431816,11.113904582898,110.));
#4555 = LINE('',#4556,#4557);
#4556 = CARTESIAN_POINT('',(-32.13224431816,11.113904582898,29.));
#4557 = VECTOR('',#4558,1.);
#4558 = DIRECTION('',(0.,0.,1.));
#4559 = ORIENTED_EDGE('',*,*,#4560,.T.);
#4560 = EDGE_CURVE('',#4551,#2688,#4561,.T.);
#4561 = LINE('',#4562,#4563);
#4562 = CARTESIAN_POINT('',(0.,0.,30.));
#4563 = VECTOR('',#4564,1.);
#4564 = DIRECTION('',(-0.945066009358,0.326879546556,0.));
#4565 = ORIENTED_EDGE('',*,*,#2687,.T.);
#4566 = ORIENTED_EDGE('',*,*,#4567,.F.);
#4567 = EDGE_CURVE('',#4553,#2690,#4568,.T.);
#4568 = LINE('',#4569,#4570);
#4569 = CARTESIAN_POINT('',(0.,0.,110.));
#4570 = VECTOR('',#4571,1.);
#4571 = DIRECTION('',(-0.945066009358,0.326879546556,0.));
#4572 = PLANE('',#4573);
#4573 = AXIS2_PLACEMENT_3D('',#4574,#4575,#4576);
#4574 = CARTESIAN_POINT('',(0.,0.,30.));
#4575 = DIRECTION('',(0.326879546556,0.945066009358,0.));
#4576 = DIRECTION('',(-0.945066009358,0.326879546556,0.));
#4577 = ADVANCED_FACE('',(#4578),#4597,.T.);
#4578 = FACE_BOUND('',#4579,.T.);
#4579 = EDGE_LOOP('',(#4580,#4581,#4589,#4596));
#4580 = ORIENTED_EDGE('',*,*,#2714,.T.);
#4581 = ORIENTED_EDGE('',*,*,#4582,.F.);
#4582 = EDGE_CURVE('',#4583,#2707,#4585,.T.);
#4583 = VERTEX_POINT('',#4584);
#4584 = CARTESIAN_POINT('',(-32.52812093001,9.89552165185,30.));
#4585 = LINE('',#4586,#4587);
#4586 = CARTESIAN_POINT('',(0.,0.,30.));
#4587 = VECTOR('',#4588,1.);
#4588 = DIRECTION('',(-0.956709439118,0.291044754466,0.));
#4589 = ORIENTED_EDGE('',*,*,#4590,.F.);
#4590 = EDGE_CURVE('',#4551,#4583,#4591,.T.);
#4591 = CIRCLE('',#4592,34.);
#4592 = AXIS2_PLACEMENT_3D('',#4593,#4594,#4595);
#4593 = CARTESIAN_POINT('',(0.,0.,30.));
#4594 = DIRECTION('',(0.,0.,1.));
#4595 = DIRECTION('',(-0.945066009358,0.326879546556,0.));
#4596 = ORIENTED_EDGE('',*,*,#4560,.T.);
#4597 = PLANE('',#4598);
#4598 = AXIS2_PLACEMENT_3D('',#4599,#4600,#4601);
#4599 = CARTESIAN_POINT('',(0.,0.,30.));
#4600 = DIRECTION('',(0.,0.,1.));
#4601 = DIRECTION('',(-0.945066009358,0.326879546556,0.));
#4602 = ADVANCED_FACE('',(#4603),#4622,.F.);
#4603 = FACE_BOUND('',#4604,.F.);
#4604 = EDGE_LOOP('',(#4605,#4606,#4614,#4621));
#4605 = ORIENTED_EDGE('',*,*,#2697,.T.);
#4606 = ORIENTED_EDGE('',*,*,#4607,.F.);
#4607 = EDGE_CURVE('',#4608,#2698,#4610,.T.);
#4608 = VERTEX_POINT('',#4609);
#4609 = CARTESIAN_POINT('',(-32.52812093001,9.89552165185,110.));
#4610 = LINE('',#4611,#4612);
#4611 = CARTESIAN_POINT('',(0.,0.,110.));
#4612 = VECTOR('',#4613,1.);
#4613 = DIRECTION('',(-0.956709439118,0.291044754466,0.));
#4614 = ORIENTED_EDGE('',*,*,#4615,.F.);
#4615 = EDGE_CURVE('',#4553,#4608,#4616,.T.);
#4616 = CIRCLE('',#4617,34.);
#4617 = AXIS2_PLACEMENT_3D('',#4618,#4619,#4620);
#4618 = CARTESIAN_POINT('',(0.,0.,110.));
#4619 = DIRECTION('',(0.,0.,1.));
#4620 = DIRECTION('',(-0.945066009358,0.326879546556,0.));
#4621 = ORIENTED_EDGE('',*,*,#4567,.T.);
#4622 = PLANE('',#4623);
#4623 = AXIS2_PLACEMENT_3D('',#4624,#4625,#4626);
#4624 = CARTESIAN_POINT('',(0.,0.,110.));
#4625 = DIRECTION('',(0.,0.,1.));
#4626 = DIRECTION('',(-0.945066009358,0.326879546556,0.));
#4627 = ADVANCED_FACE('',(#4628),#4639,.T.);
#4628 = FACE_BOUND('',#4629,.T.);
#4629 = EDGE_LOOP('',(#4630,#4631,#4637,#4638));
#4630 = ORIENTED_EDGE('',*,*,#4607,.F.);
#4631 = ORIENTED_EDGE('',*,*,#4632,.F.);
#4632 = EDGE_CURVE('',#4583,#4608,#4633,.T.);
#4633 = LINE('',#4634,#4635);
#4634 = CARTESIAN_POINT('',(-32.52812093001,9.89552165185,29.));
#4635 = VECTOR('',#4636,1.);
#4636 = DIRECTION('',(0.,0.,1.));
#4637 = ORIENTED_EDGE('',*,*,#4582,.T.);
#4638 = ORIENTED_EDGE('',*,*,#2706,.T.);
#4639 = PLANE('',#4640);
#4640 = AXIS2_PLACEMENT_3D('',#4641,#4642,#4643);
#4641 = CARTESIAN_POINT('',(0.,0.,30.));
#4642 = DIRECTION('',(0.291044754466,0.956709439118,0.));
#4643 = DIRECTION('',(-0.956709439118,0.291044754466,0.));
#4644 = ADVANCED_FACE('',(#4645),#4670,.F.);
#4645 = FACE_BOUND('',#4646,.F.);
#4646 = EDGE_LOOP('',(#4647,#4657,#4663,#4664));
#4647 = ORIENTED_EDGE('',*,*,#4648,.F.);
#4648 = EDGE_CURVE('',#4649,#4651,#4653,.T.);
#4649 = VERTEX_POINT('',#4650);
#4650 = CARTESIAN_POINT('',(-33.47524078814,5.950483524561,30.));
#4651 = VERTEX_POINT('',#4652);
#4652 = CARTESIAN_POINT('',(-33.47524078814,5.950483524561,110.));
#4653 = LINE('',#4654,#4655);
#4654 = CARTESIAN_POINT('',(-33.47524078814,5.950483524561,29.));
#4655 = VECTOR('',#4656,1.);
#4656 = DIRECTION('',(0.,0.,1.));
#4657 = ORIENTED_EDGE('',*,*,#4658,.T.);
#4658 = EDGE_CURVE('',#4649,#2724,#4659,.T.);
#4659 = LINE('',#4660,#4661);
#4660 = CARTESIAN_POINT('',(0.,0.,30.));
#4661 = VECTOR('',#4662,1.);
#4662 = DIRECTION('',(-0.984565905534,0.175014221311,0.));
#4663 = ORIENTED_EDGE('',*,*,#2723,.T.);
#4664 = ORIENTED_EDGE('',*,*,#4665,.F.);
#4665 = EDGE_CURVE('',#4651,#2726,#4666,.T.);
#4666 = LINE('',#4667,#4668);
#4667 = CARTESIAN_POINT('',(0.,0.,110.));
#4668 = VECTOR('',#4669,1.);
#4669 = DIRECTION('',(-0.984565905534,0.175014221311,0.));
#4670 = PLANE('',#4671);
#4671 = AXIS2_PLACEMENT_3D('',#4672,#4673,#4674);
#4672 = CARTESIAN_POINT('',(0.,0.,30.));
#4673 = DIRECTION('',(0.175014221311,0.984565905534,0.));
#4674 = DIRECTION('',(-0.984565905534,0.175014221311,0.));
#4675 = ADVANCED_FACE('',(#4676),#4695,.T.);
#4676 = FACE_BOUND('',#4677,.T.);
#4677 = EDGE_LOOP('',(#4678,#4679,#4687,#4694));
#4678 = ORIENTED_EDGE('',*,*,#2750,.T.);
#4679 = ORIENTED_EDGE('',*,*,#4680,.F.);
#4680 = EDGE_CURVE('',#4681,#2743,#4683,.T.);
#4681 = VERTEX_POINT('',#4682);
#4682 = CARTESIAN_POINT('',(-33.67564641994,4.685172163188,30.));
#4683 = LINE('',#4684,#4685);
#4684 = CARTESIAN_POINT('',(0.,0.,30.));
#4685 = VECTOR('',#4686,1.);
#4686 = DIRECTION('',(-0.990460188822,0.13779918127,0.));
#4687 = ORIENTED_EDGE('',*,*,#4688,.F.);
#4688 = EDGE_CURVE('',#4649,#4681,#4689,.T.);
#4689 = CIRCLE('',#4690,34.);
#4690 = AXIS2_PLACEMENT_3D('',#4691,#4692,#4693);
#4691 = CARTESIAN_POINT('',(0.,0.,30.));
#4692 = DIRECTION('',(0.,0.,1.));
#4693 = DIRECTION('',(-0.984565905534,0.175014221311,0.));
#4694 = ORIENTED_EDGE('',*,*,#4658,.T.);
#4695 = PLANE('',#4696);
#4696 = AXIS2_PLACEMENT_3D('',#4697,#4698,#4699);
#4697 = CARTESIAN_POINT('',(0.,0.,30.));
#4698 = DIRECTION('',(0.,0.,1.));
#4699 = DIRECTION('',(-0.984565905534,0.175014221311,0.));
#4700 = ADVANCED_FACE('',(#4701),#4720,.F.);
#4701 = FACE_BOUND('',#4702,.F.);
#4702 = EDGE_LOOP('',(#4703,#4704,#4712,#4719));
#4703 = ORIENTED_EDGE('',*,*,#2733,.T.);
#4704 = ORIENTED_EDGE('',*,*,#4705,.F.);
#4705 = EDGE_CURVE('',#4706,#2734,#4708,.T.);
#4706 = VERTEX_POINT('',#4707);
#4707 = CARTESIAN_POINT('',(-33.67564641994,4.685172163188,110.));
#4708 = LINE('',#4709,#4710);
#4709 = CARTESIAN_POINT('',(0.,0.,110.));
#4710 = VECTOR('',#4711,1.);
#4711 = DIRECTION('',(-0.990460188822,0.13779918127,0.));
#4712 = ORIENTED_EDGE('',*,*,#4713,.F.);
#4713 = EDGE_CURVE('',#4651,#4706,#4714,.T.);
#4714 = CIRCLE('',#4715,34.);
#4715 = AXIS2_PLACEMENT_3D('',#4716,#4717,#4718);
#4716 = CARTESIAN_POINT('',(0.,0.,110.));
#4717 = DIRECTION('',(0.,0.,1.));
#4718 = DIRECTION('',(-0.984565905534,0.175014221311,0.));
#4719 = ORIENTED_EDGE('',*,*,#4665,.T.);
#4720 = PLANE('',#4721);
#4721 = AXIS2_PLACEMENT_3D('',#4722,#4723,#4724);
#4722 = CARTESIAN_POINT('',(0.,0.,110.));
#4723 = DIRECTION('',(0.,0.,1.));
#4724 = DIRECTION('',(-0.984565905534,0.175014221311,0.));
#4725 = ADVANCED_FACE('',(#4726),#4737,.T.);
#4726 = FACE_BOUND('',#4727,.T.);
#4727 = EDGE_LOOP('',(#4728,#4729,#4735,#4736));
#4728 = ORIENTED_EDGE('',*,*,#4705,.F.);
#4729 = ORIENTED_EDGE('',*,*,#4730,.F.);
#4730 = EDGE_CURVE('',#4681,#4706,#4731,.T.);
#4731 = LINE('',#4732,#4733);
#4732 = CARTESIAN_POINT('',(-33.67564641994,4.685172163188,29.));
#4733 = VECTOR('',#4734,1.);
#4734 = DIRECTION('',(0.,0.,1.));
#4735 = ORIENTED_EDGE('',*,*,#4680,.T.);
#4736 = ORIENTED_EDGE('',*,*,#2742,.T.);
#4737 = PLANE('',#4738);
#4738 = AXIS2_PLACEMENT_3D('',#4739,#4740,#4741);
#4739 = CARTESIAN_POINT('',(0.,0.,30.));
#4740 = DIRECTION('',(0.13779918127,0.990460188822,0.));
#4741 = DIRECTION('',(-0.990460188822,0.13779918127,0.));
#4742 = ADVANCED_FACE('',(#4743),#4768,.F.);
#4743 = FACE_BOUND('',#4744,.F.);
#4744 = EDGE_LOOP('',(#4745,#4755,#4761,#4762));
#4745 = ORIENTED_EDGE('',*,*,#4746,.F.);
#4746 = EDGE_CURVE('',#4747,#4749,#4751,.T.);
#4747 = VERTEX_POINT('',#4748);
#4748 = CARTESIAN_POINT('',(-33.99396573195,0.640541813327,30.));
#4749 = VERTEX_POINT('',#4750);
#4750 = CARTESIAN_POINT('',(-33.99396573195,0.640541813327,110.));
#4751 = LINE('',#4752,#4753);
#4752 = CARTESIAN_POINT('',(-33.99396573195,0.640541813327,29.));
#4753 = VECTOR('',#4754,1.);
#4754 = DIRECTION('',(0.,0.,1.));
#4755 = ORIENTED_EDGE('',*,*,#4756,.T.);
#4756 = EDGE_CURVE('',#4747,#2760,#4757,.T.);
#4757 = LINE('',#4758,#4759);
#4758 = CARTESIAN_POINT('',(0.,0.,30.));
#4759 = VECTOR('',#4760,1.);
#4760 = DIRECTION('',(-0.999822521528,1.883946509786E-02,0.));
#4761 = ORIENTED_EDGE('',*,*,#2759,.T.);
#4762 = ORIENTED_EDGE('',*,*,#4763,.F.);
#4763 = EDGE_CURVE('',#4749,#2762,#4764,.T.);
#4764 = LINE('',#4765,#4766);
#4765 = CARTESIAN_POINT('',(0.,0.,110.));
#4766 = VECTOR('',#4767,1.);
#4767 = DIRECTION('',(-0.999822521528,1.883946509786E-02,0.));
#4768 = PLANE('',#4769);
#4769 = AXIS2_PLACEMENT_3D('',#4770,#4771,#4772);
#4770 = CARTESIAN_POINT('',(0.,0.,30.));
#4771 = DIRECTION('',(1.883946509786E-02,0.999822521528,0.));
#4772 = DIRECTION('',(-0.999822521528,1.883946509786E-02,0.));
#4773 = ADVANCED_FACE('',(#4774),#4793,.T.);
#4774 = FACE_BOUND('',#4775,.T.);
#4775 = EDGE_LOOP('',(#4776,#4777,#4785,#4792));
#4776 = ORIENTED_EDGE('',*,*,#2786,.T.);
#4777 = ORIENTED_EDGE('',*,*,#4778,.F.);
#4778 = EDGE_CURVE('',#4779,#2779,#4781,.T.);
#4779 = VERTEX_POINT('',#4780);
#4780 = CARTESIAN_POINT('',(-33.99396573195,-0.640541813327,30.));
#4781 = LINE('',#4782,#4783);
#4782 = CARTESIAN_POINT('',(0.,0.,30.));
#4783 = VECTOR('',#4784,1.);
#4784 = DIRECTION('',(-0.999822521528,-1.883946509786E-02,0.));
#4785 = ORIENTED_EDGE('',*,*,#4786,.F.);
#4786 = EDGE_CURVE('',#4747,#4779,#4787,.T.);
#4787 = CIRCLE('',#4788,34.);
#4788 = AXIS2_PLACEMENT_3D('',#4789,#4790,#4791);
#4789 = CARTESIAN_POINT('',(0.,0.,30.));
#4790 = DIRECTION('',(0.,0.,1.));
#4791 = DIRECTION('',(-0.999822521528,1.883946509786E-02,0.));
#4792 = ORIENTED_EDGE('',*,*,#4756,.T.);
#4793 = PLANE('',#4794);
#4794 = AXIS2_PLACEMENT_3D('',#4795,#4796,#4797);
#4795 = CARTESIAN_POINT('',(0.,0.,30.));
#4796 = DIRECTION('',(0.,0.,1.));
#4797 = DIRECTION('',(-0.999822521528,1.883946509786E-02,0.));
#4798 = ADVANCED_FACE('',(#4799),#4818,.F.);
#4799 = FACE_BOUND('',#4800,.F.);
#4800 = EDGE_LOOP('',(#4801,#4802,#4810,#4817));
#4801 = ORIENTED_EDGE('',*,*,#2769,.T.);
#4802 = ORIENTED_EDGE('',*,*,#4803,.F.);
#4803 = EDGE_CURVE('',#4804,#2770,#4806,.T.);
#4804 = VERTEX_POINT('',#4805);
#4805 = CARTESIAN_POINT('',(-33.99396573195,-0.640541813327,110.));
#4806 = LINE('',#4807,#4808);
#4807 = CARTESIAN_POINT('',(0.,0.,110.));
#4808 = VECTOR('',#4809,1.);
#4809 = DIRECTION('',(-0.999822521528,-1.883946509786E-02,0.));
#4810 = ORIENTED_EDGE('',*,*,#4811,.F.);
#4811 = EDGE_CURVE('',#4749,#4804,#4812,.T.);
#4812 = CIRCLE('',#4813,34.);
#4813 = AXIS2_PLACEMENT_3D('',#4814,#4815,#4816);
#4814 = CARTESIAN_POINT('',(0.,0.,110.));
#4815 = DIRECTION('',(0.,0.,1.));
#4816 = DIRECTION('',(-0.999822521528,1.883946509786E-02,0.));
#4817 = ORIENTED_EDGE('',*,*,#4763,.T.);
#4818 = PLANE('',#4819);
#4819 = AXIS2_PLACEMENT_3D('',#4820,#4821,#4822);
#4820 = CARTESIAN_POINT('',(0.,0.,110.));
#4821 = DIRECTION('',(0.,0.,1.));
#4822 = DIRECTION('',(-0.999822521528,1.883946509786E-02,0.));
#4823 = ADVANCED_FACE('',(#4824),#4835,.T.);
#4824 = FACE_BOUND('',#4825,.T.);
#4825 = EDGE_LOOP('',(#4826,#4827,#4833,#4834));
#4826 = ORIENTED_EDGE('',*,*,#4803,.F.);
#4827 = ORIENTED_EDGE('',*,*,#4828,.F.);
#4828 = EDGE_CURVE('',#4779,#4804,#4829,.T.);
#4829 = LINE('',#4830,#4831);
#4830 = CARTESIAN_POINT('',(-33.99396573195,-0.640541813327,29.));
#4831 = VECTOR('',#4832,1.);
#4832 = DIRECTION('',(0.,0.,1.));
#4833 = ORIENTED_EDGE('',*,*,#4778,.T.);
#4834 = ORIENTED_EDGE('',*,*,#2778,.T.);
#4835 = PLANE('',#4836);
#4836 = AXIS2_PLACEMENT_3D('',#4837,#4838,#4839);
#4837 = CARTESIAN_POINT('',(0.,0.,30.));
#4838 = DIRECTION('',(-1.883946509786E-02,0.999822521528,0.));
#4839 = DIRECTION('',(-0.999822521528,-1.883946509786E-02,0.));
#4840 = ADVANCED_FACE('',(#4841),#4866,.F.);
#4841 = FACE_BOUND('',#4842,.F.);
#4842 = EDGE_LOOP('',(#4843,#4853,#4859,#4860));
#4843 = ORIENTED_EDGE('',*,*,#4844,.F.);
#4844 = EDGE_CURVE('',#4845,#4847,#4849,.T.);
#4845 = VERTEX_POINT('',#4846);
#4846 = CARTESIAN_POINT('',(-31.07970052284,-13.78594267397,30.));
#4847 = VERTEX_POINT('',#4848);
#4848 = CARTESIAN_POINT('',(-31.07970052284,-13.78594267397,110.));
#4849 = LINE('',#4850,#4851);
#4850 = CARTESIAN_POINT('',(-31.07970052284,-13.78594267397,29.));
#4851 = VECTOR('',#4852,1.);
#4852 = DIRECTION('',(0.,0.,1.));
#4853 = ORIENTED_EDGE('',*,*,#4854,.T.);
#4854 = EDGE_CURVE('',#4845,#2799,#4855,.T.);
#4855 = LINE('',#4856,#4857);
#4856 = CARTESIAN_POINT('',(0.,0.,30.));
#4857 = VECTOR('',#4858,1.);
#4858 = DIRECTION('',(-0.914108838907,-0.405468902176,0.));
#4859 = ORIENTED_EDGE('',*,*,#2798,.T.);
#4860 = ORIENTED_EDGE('',*,*,#4861,.F.);
#4861 = EDGE_CURVE('',#4847,#2801,#4862,.T.);
#4862 = LINE('',#4863,#4864);
#4863 = CARTESIAN_POINT('',(0.,0.,110.));
#4864 = VECTOR('',#4865,1.);
#4865 = DIRECTION('',(-0.914108838907,-0.405468902176,0.));
#4866 = PLANE('',#4867);
#4867 = AXIS2_PLACEMENT_3D('',#4868,#4869,#4870);
#4868 = CARTESIAN_POINT('',(0.,0.,30.));
#4869 = DIRECTION('',(-0.405468902176,0.914108838907,0.));
#4870 = DIRECTION('',(-0.914108838907,-0.405468902176,0.));
#4871 = ADVANCED_FACE('',(#4872),#4891,.T.);
#4872 = FACE_BOUND('',#4873,.T.);
#4873 = EDGE_LOOP('',(#4874,#4875,#4883,#4890));
#4874 = ORIENTED_EDGE('',*,*,#2825,.T.);
#4875 = ORIENTED_EDGE('',*,*,#4876,.F.);
#4876 = EDGE_CURVE('',#4877,#2818,#4879,.T.);
#4877 = VERTEX_POINT('',#4878);
#4878 = CARTESIAN_POINT('',(-30.5382911874,-14.94699874065,30.));
#4879 = LINE('',#4880,#4881);
#4880 = CARTESIAN_POINT('',(0.,0.,30.));
#4881 = VECTOR('',#4882,1.);
#4882 = DIRECTION('',(-0.898185034924,-0.439617610019,0.));
#4883 = ORIENTED_EDGE('',*,*,#4884,.F.);
#4884 = EDGE_CURVE('',#4845,#4877,#4885,.T.);
#4885 = CIRCLE('',#4886,34.);
#4886 = AXIS2_PLACEMENT_3D('',#4887,#4888,#4889);
#4887 = CARTESIAN_POINT('',(0.,0.,30.));
#4888 = DIRECTION('',(0.,0.,1.));
#4889 = DIRECTION('',(-0.914108838907,-0.405468902176,0.));
#4890 = ORIENTED_EDGE('',*,*,#4854,.T.);
#4891 = PLANE('',#4892);
#4892 = AXIS2_PLACEMENT_3D('',#4893,#4894,#4895);
#4893 = CARTESIAN_POINT('',(0.,0.,30.));
#4894 = DIRECTION('',(0.,0.,1.));
#4895 = DIRECTION('',(-0.914108838907,-0.405468902176,0.));
#4896 = ADVANCED_FACE('',(#4897),#4916,.F.);
#4897 = FACE_BOUND('',#4898,.F.);
#4898 = EDGE_LOOP('',(#4899,#4900,#4908,#4915));
#4899 = ORIENTED_EDGE('',*,*,#2808,.T.);
#4900 = ORIENTED_EDGE('',*,*,#4901,.F.);
#4901 = EDGE_CURVE('',#4902,#2809,#4904,.T.);
#4902 = VERTEX_POINT('',#4903);
#4903 = CARTESIAN_POINT('',(-30.5382911874,-14.94699874065,110.));
#4904 = LINE('',#4905,#4906);
#4905 = CARTESIAN_POINT('',(0.,0.,110.));
#4906 = VECTOR('',#4907,1.);
#4907 = DIRECTION('',(-0.898185034924,-0.439617610019,0.));
#4908 = ORIENTED_EDGE('',*,*,#4909,.F.);
#4909 = EDGE_CURVE('',#4847,#4902,#4910,.T.);
#4910 = CIRCLE('',#4911,34.);
#4911 = AXIS2_PLACEMENT_3D('',#4912,#4913,#4914);
#4912 = CARTESIAN_POINT('',(0.,0.,110.));
#4913 = DIRECTION('',(0.,0.,1.));
#4914 = DIRECTION('',(-0.914108838907,-0.405468902176,0.));
#4915 = ORIENTED_EDGE('',*,*,#4861,.T.);
#4916 = PLANE('',#4917);
#4917 = AXIS2_PLACEMENT_3D('',#4918,#4919,#4920);
#4918 = CARTESIAN_POINT('',(0.,0.,110.));
#4919 = DIRECTION('',(0.,0.,1.));
#4920 = DIRECTION('',(-0.914108838907,-0.405468902176,0.));
#4921 = ADVANCED_FACE('',(#4922),#4933,.T.);
#4922 = FACE_BOUND('',#4923,.T.);
#4923 = EDGE_LOOP('',(#4924,#4925,#4931,#4932));
#4924 = ORIENTED_EDGE('',*,*,#4901,.F.);
#4925 = ORIENTED_EDGE('',*,*,#4926,.F.);
#4926 = EDGE_CURVE('',#4877,#4902,#4927,.T.);
#4927 = LINE('',#4928,#4929);
#4928 = CARTESIAN_POINT('',(-30.5382911874,-14.94699874065,29.));
#4929 = VECTOR('',#4930,1.);
#4930 = DIRECTION('',(0.,0.,1.));
#4931 = ORIENTED_EDGE('',*,*,#4876,.T.);
#4932 = ORIENTED_EDGE('',*,*,#2817,.T.);
#4933 = PLANE('',#4934);
#4934 = AXIS2_PLACEMENT_3D('',#4935,#4936,#4937);
#4935 = CARTESIAN_POINT('',(0.,0.,30.));
#4936 = DIRECTION('',(-0.439617610019,0.898185034924,0.));
#4937 = DIRECTION('',(-0.898185034924,-0.439617610019,0.));
#4938 = ADVANCED_FACE('',(#4939),#4964,.F.);
#4939 = FACE_BOUND('',#4940,.F.);
#4940 = EDGE_LOOP('',(#4941,#4951,#4957,#4958));
#4941 = ORIENTED_EDGE('',*,*,#4942,.F.);
#4942 = EDGE_CURVE('',#4943,#4945,#4947,.T.);
#4943 = VERTEX_POINT('',#4944);
#4944 = CARTESIAN_POINT('',(-28.54046126832,-18.47815116809,30.));
#4945 = VERTEX_POINT('',#4946);
#4946 = CARTESIAN_POINT('',(-28.54046126832,-18.47815116809,110.));
#4947 = LINE('',#4948,#4949);
#4948 = CARTESIAN_POINT('',(-28.54046126832,-18.47815116809,29.));
#4949 = VECTOR('',#4950,1.);
#4950 = DIRECTION('',(0.,0.,1.));
#4951 = ORIENTED_EDGE('',*,*,#4952,.T.);
#4952 = EDGE_CURVE('',#4943,#2835,#4953,.T.);
#4953 = LINE('',#4954,#4955);
#4954 = CARTESIAN_POINT('',(0.,0.,30.));
#4955 = VECTOR('',#4956,1.);
#4956 = DIRECTION('',(-0.839425331421,-0.543475034356,0.));
#4957 = ORIENTED_EDGE('',*,*,#2834,.T.);
#4958 = ORIENTED_EDGE('',*,*,#4959,.F.);
#4959 = EDGE_CURVE('',#4945,#2837,#4960,.T.);
#4960 = LINE('',#4961,#4962);
#4961 = CARTESIAN_POINT('',(0.,0.,110.));
#4962 = VECTOR('',#4963,1.);
#4963 = DIRECTION('',(-0.839425331421,-0.543475034356,0.));
#4964 = PLANE('',#4965);
#4965 = AXIS2_PLACEMENT_3D('',#4966,#4967,#4968);
#4966 = CARTESIAN_POINT('',(0.,0.,30.));
#4967 = DIRECTION('',(-0.543475034356,0.839425331421,0.));
#4968 = DIRECTION('',(-0.839425331421,-0.543475034356,0.));
#4969 = ADVANCED_FACE('',(#4970),#4989,.T.);
#4970 = FACE_BOUND('',#4971,.T.);
#4971 = EDGE_LOOP('',(#4972,#4973,#4981,#4988));
#4972 = ORIENTED_EDGE('',*,*,#2861,.T.);
#4973 = ORIENTED_EDGE('',*,*,#4974,.F.);
#4974 = EDGE_CURVE('',#4975,#2854,#4977,.T.);
#4975 = VERTEX_POINT('',#4976);
#4976 = CARTESIAN_POINT('',(-27.82408839555,-19.54021762817,30.));
#4977 = LINE('',#4978,#4979);
#4978 = CARTESIAN_POINT('',(0.,0.,30.));
#4979 = VECTOR('',#4980,1.);
#4980 = DIRECTION('',(-0.818355541046,-0.574712283182,0.));
#4981 = ORIENTED_EDGE('',*,*,#4982,.F.);
#4982 = EDGE_CURVE('',#4943,#4975,#4983,.T.);
#4983 = CIRCLE('',#4984,34.);
#4984 = AXIS2_PLACEMENT_3D('',#4985,#4986,#4987);
#4985 = CARTESIAN_POINT('',(0.,0.,30.));
#4986 = DIRECTION('',(0.,0.,1.));
#4987 = DIRECTION('',(-0.839425331421,-0.543475034356,0.));
#4988 = ORIENTED_EDGE('',*,*,#4952,.T.);
#4989 = PLANE('',#4990);
#4990 = AXIS2_PLACEMENT_3D('',#4991,#4992,#4993);
#4991 = CARTESIAN_POINT('',(0.,0.,30.));
#4992 = DIRECTION('',(0.,0.,1.));
#4993 = DIRECTION('',(-0.839425331421,-0.543475034356,0.));
#4994 = ADVANCED_FACE('',(#4995),#5014,.F.);
#4995 = FACE_BOUND('',#4996,.F.);
#4996 = EDGE_LOOP('',(#4997,#4998,#5006,#5013));
#4997 = ORIENTED_EDGE('',*,*,#2844,.T.);
#4998 = ORIENTED_EDGE('',*,*,#4999,.F.);
#4999 = EDGE_CURVE('',#5000,#2845,#5002,.T.);
#5000 = VERTEX_POINT('',#5001);
#5001 = CARTESIAN_POINT('',(-27.82408839555,-19.54021762817,110.));
#5002 = LINE('',#5003,#5004);
#5003 = CARTESIAN_POINT('',(0.,0.,110.));
#5004 = VECTOR('',#5005,1.);
#5005 = DIRECTION('',(-0.818355541046,-0.574712283182,0.));
#5006 = ORIENTED_EDGE('',*,*,#5007,.F.);
#5007 = EDGE_CURVE('',#4945,#5000,#5008,.T.);
#5008 = CIRCLE('',#5009,34.);
#5009 = AXIS2_PLACEMENT_3D('',#5010,#5011,#5012);
#5010 = CARTESIAN_POINT('',(0.,0.,110.));
#5011 = DIRECTION('',(0.,0.,1.));
#5012 = DIRECTION('',(-0.839425331421,-0.543475034356,0.));
#5013 = ORIENTED_EDGE('',*,*,#4959,.T.);
#5014 = PLANE('',#5015);
#5015 = AXIS2_PLACEMENT_3D('',#5016,#5017,#5018);
#5016 = CARTESIAN_POINT('',(0.,0.,110.));
#5017 = DIRECTION('',(0.,0.,1.));
#5018 = DIRECTION('',(-0.839425331421,-0.543475034356,0.));
#5019 = ADVANCED_FACE('',(#5020),#5031,.T.);
#5020 = FACE_BOUND('',#5021,.T.);
#5021 = EDGE_LOOP('',(#5022,#5023,#5029,#5030));
#5022 = ORIENTED_EDGE('',*,*,#4999,.F.);
#5023 = ORIENTED_EDGE('',*,*,#5024,.F.);
#5024 = EDGE_CURVE('',#4975,#5000,#5025,.T.);
#5025 = LINE('',#5026,#5027);
#5026 = CARTESIAN_POINT('',(-27.82408839555,-19.54021762817,29.));
#5027 = VECTOR('',#5028,1.);
#5028 = DIRECTION('',(0.,0.,1.));
#5029 = ORIENTED_EDGE('',*,*,#4974,.T.);
#5030 = ORIENTED_EDGE('',*,*,#2853,.T.);
#5031 = PLANE('',#5032);
#5032 = AXIS2_PLACEMENT_3D('',#5033,#5034,#5035);
#5033 = CARTESIAN_POINT('',(0.,0.,30.));
#5034 = DIRECTION('',(-0.574712283182,0.818355541046,0.));
#5035 = DIRECTION('',(-0.818355541046,-0.574712283182,0.));
#5036 = ADVANCED_FACE('',(#5037),#5062,.F.);
#5037 = FACE_BOUND('',#5038,.F.);
#5038 = EDGE_LOOP('',(#5039,#5049,#5055,#5056));
#5039 = ORIENTED_EDGE('',*,*,#5040,.F.);
#5040 = EDGE_CURVE('',#5041,#5043,#5045,.T.);
#5041 = VERTEX_POINT('',#5042);
#5042 = CARTESIAN_POINT('',(-25.29846113702,-22.71536625499,30.));
#5043 = VERTEX_POINT('',#5044);
#5044 = CARTESIAN_POINT('',(-25.29846113702,-22.71536625499,110.));
#5045 = LINE('',#5046,#5047);
#5046 = CARTESIAN_POINT('',(-25.29846113702,-22.71536625499,29.));
#5047 = VECTOR('',#5048,1.);
#5048 = DIRECTION('',(0.,0.,1.));
#5049 = ORIENTED_EDGE('',*,*,#5050,.T.);
#5050 = EDGE_CURVE('',#5041,#2871,#5051,.T.);
#5051 = LINE('',#5052,#5053);
#5052 = CARTESIAN_POINT('',(0.,0.,30.));
#5053 = VECTOR('',#5054,1.);
#5054 = DIRECTION('',(-0.744072386383,-0.6680990075,0.));
#5055 = ORIENTED_EDGE('',*,*,#2870,.T.);
#5056 = ORIENTED_EDGE('',*,*,#5057,.F.);
#5057 = EDGE_CURVE('',#5043,#2873,#5058,.T.);
#5058 = LINE('',#5059,#5060);
#5059 = CARTESIAN_POINT('',(0.,0.,110.));
#5060 = VECTOR('',#5061,1.);
#5061 = DIRECTION('',(-0.744072386383,-0.6680990075,0.));
#5062 = PLANE('',#5063);
#5063 = AXIS2_PLACEMENT_3D('',#5064,#5065,#5066);
#5064 = CARTESIAN_POINT('',(0.,0.,30.));
#5065 = DIRECTION('',(-0.6680990075,0.744072386383,0.));
#5066 = DIRECTION('',(-0.744072386383,-0.6680990075,0.));
#5067 = ADVANCED_FACE('',(#5068),#5087,.T.);
#5068 = FACE_BOUND('',#5069,.T.);
#5069 = EDGE_LOOP('',(#5070,#5071,#5079,#5086));
#5070 = ORIENTED_EDGE('',*,*,#2897,.T.);
#5071 = ORIENTED_EDGE('',*,*,#5072,.F.);
#5072 = EDGE_CURVE('',#5073,#2890,#5075,.T.);
#5073 = VERTEX_POINT('',#5074);
#5074 = CARTESIAN_POINT('',(-24.42476420454,-23.65229150743,30.));
#5075 = LINE('',#5076,#5077);
#5076 = CARTESIAN_POINT('',(0.,0.,30.));
#5077 = VECTOR('',#5078,1.);
#5078 = DIRECTION('',(-0.718375417781,-0.695655632572,0.));
#5079 = ORIENTED_EDGE('',*,*,#5080,.F.);
#5080 = EDGE_CURVE('',#5041,#5073,#5081,.T.);
#5081 = CIRCLE('',#5082,34.);
#5082 = AXIS2_PLACEMENT_3D('',#5083,#5084,#5085);
#5083 = CARTESIAN_POINT('',(0.,0.,30.));
#5084 = DIRECTION('',(0.,0.,1.));
#5085 = DIRECTION('',(-0.744072386383,-0.6680990075,0.));
#5086 = ORIENTED_EDGE('',*,*,#5050,.T.);
#5087 = PLANE('',#5088);
#5088 = AXIS2_PLACEMENT_3D('',#5089,#5090,#5091);
#5089 = CARTESIAN_POINT('',(0.,0.,30.));
#5090 = DIRECTION('',(0.,0.,1.));
#5091 = DIRECTION('',(-0.744072386383,-0.6680990075,0.));
#5092 = ADVANCED_FACE('',(#5093),#5112,.F.);
#5093 = FACE_BOUND('',#5094,.F.);
#5094 = EDGE_LOOP('',(#5095,#5096,#5104,#5111));
#5095 = ORIENTED_EDGE('',*,*,#2880,.T.);
#5096 = ORIENTED_EDGE('',*,*,#5097,.F.);
#5097 = EDGE_CURVE('',#5098,#2881,#5100,.T.);
#5098 = VERTEX_POINT('',#5099);
#5099 = CARTESIAN_POINT('',(-24.42476420454,-23.65229150743,110.));
#5100 = LINE('',#5101,#5102);
#5101 = CARTESIAN_POINT('',(0.,0.,110.));
#5102 = VECTOR('',#5103,1.);
#5103 = DIRECTION('',(-0.718375417781,-0.695655632572,0.));
#5104 = ORIENTED_EDGE('',*,*,#5105,.F.);
#5105 = EDGE_CURVE('',#5043,#5098,#5106,.T.);
#5106 = CIRCLE('',#5107,34.);
#5107 = AXIS2_PLACEMENT_3D('',#5108,#5109,#5110);
#5108 = CARTESIAN_POINT('',(0.,0.,110.));
#5109 = DIRECTION('',(0.,0.,1.));
#5110 = DIRECTION('',(-0.744072386383,-0.6680990075,0.));
#5111 = ORIENTED_EDGE('',*,*,#5057,.T.);
#5112 = PLANE('',#5113);
#5113 = AXIS2_PLACEMENT_3D('',#5114,#5115,#5116);
#5114 = CARTESIAN_POINT('',(0.,0.,110.));
#5115 = DIRECTION('',(0.,0.,1.));
#5116 = DIRECTION('',(-0.744072386383,-0.6680990075,0.));
#5117 = ADVANCED_FACE('',(#5118),#5129,.T.);
#5118 = FACE_BOUND('',#5119,.T.);
#5119 = EDGE_LOOP('',(#5120,#5121,#5127,#5128));
#5120 = ORIENTED_EDGE('',*,*,#5097,.F.);
#5121 = ORIENTED_EDGE('',*,*,#5122,.F.);
#5122 = EDGE_CURVE('',#5073,#5098,#5123,.T.);
#5123 = LINE('',#5124,#5125);
#5124 = CARTESIAN_POINT('',(-24.42476420454,-23.65229150743,29.));
#5125 = VECTOR('',#5126,1.);
#5126 = DIRECTION('',(0.,0.,1.));
#5127 = ORIENTED_EDGE('',*,*,#5072,.T.);
#5128 = ORIENTED_EDGE('',*,*,#2889,.T.);
#5129 = PLANE('',#5130);
#5130 = AXIS2_PLACEMENT_3D('',#5131,#5132,#5133);
#5131 = CARTESIAN_POINT('',(0.,0.,30.));
#5132 = DIRECTION('',(-0.695655632572,0.718375417781,0.));
#5133 = DIRECTION('',(-0.718375417781,-0.695655632572,0.));
#5134 = ADVANCED_FACE('',(#5135),#5160,.F.);
#5135 = FACE_BOUND('',#5136,.F.);
#5136 = EDGE_LOOP('',(#5137,#5147,#5153,#5154));
#5137 = ORIENTED_EDGE('',*,*,#5138,.F.);
#5138 = EDGE_CURVE('',#5139,#5141,#5143,.T.);
#5139 = VERTEX_POINT('',#5140);
#5140 = CARTESIAN_POINT('',(-21.43352893174,-26.39325363671,30.));
#5141 = VERTEX_POINT('',#5142);
#5142 = CARTESIAN_POINT('',(-21.43352893174,-26.39325363671,110.));
#5143 = LINE('',#5144,#5145);
#5144 = CARTESIAN_POINT('',(-21.43352893174,-26.39325363671,29.));
#5145 = VECTOR('',#5146,1.);
#5146 = DIRECTION('',(0.,0.,1.));
#5147 = ORIENTED_EDGE('',*,*,#5148,.T.);
#5148 = EDGE_CURVE('',#5139,#2907,#5149,.T.);
#5149 = LINE('',#5150,#5151);
#5150 = CARTESIAN_POINT('',(0.,0.,30.));
#5151 = VECTOR('',#5152,1.);
#5152 = DIRECTION('',(-0.630397909757,-0.776272165786,0.));
#5153 = ORIENTED_EDGE('',*,*,#2906,.T.);
#5154 = ORIENTED_EDGE('',*,*,#5155,.F.);
#5155 = EDGE_CURVE('',#5141,#2909,#5156,.T.);
#5156 = LINE('',#5157,#5158);
#5157 = CARTESIAN_POINT('',(0.,0.,110.));
#5158 = VECTOR('',#5159,1.);
#5159 = DIRECTION('',(-0.630397909757,-0.776272165786,0.));
#5160 = PLANE('',#5161);
#5161 = AXIS2_PLACEMENT_3D('',#5162,#5163,#5164);
#5162 = CARTESIAN_POINT('',(0.,0.,30.));
#5163 = DIRECTION('',(-0.776272165786,0.630397909757,0.));
#5164 = DIRECTION('',(-0.630397909757,-0.776272165786,0.));
#5165 = ADVANCED_FACE('',(#5166),#5185,.T.);
#5166 = FACE_BOUND('',#5167,.T.);
#5167 = EDGE_LOOP('',(#5168,#5169,#5177,#5184));
#5168 = ORIENTED_EDGE('',*,*,#2933,.T.);
#5169 = ORIENTED_EDGE('',*,*,#5170,.F.);
#5170 = EDGE_CURVE('',#5171,#2926,#5173,.T.);
#5171 = VERTEX_POINT('',#5172);
#5172 = CARTESIAN_POINT('',(-20.42402125766,-27.18196747232,30.));
#5173 = LINE('',#5174,#5175);
#5174 = CARTESIAN_POINT('',(0.,0.,30.));
#5175 = VECTOR('',#5176,1.);
#5176 = DIRECTION('',(-0.600706507579,-0.799469631539,0.));
#5177 = ORIENTED_EDGE('',*,*,#5178,.F.);
#5178 = EDGE_CURVE('',#5139,#5171,#5179,.T.);
#5179 = CIRCLE('',#5180,34.);
#5180 = AXIS2_PLACEMENT_3D('',#5181,#5182,#5183);
#5181 = CARTESIAN_POINT('',(0.,0.,30.));
#5182 = DIRECTION('',(0.,0.,1.));
#5183 = DIRECTION('',(-0.630397909757,-0.776272165786,0.));
#5184 = ORIENTED_EDGE('',*,*,#5148,.T.);
#5185 = PLANE('',#5186);
#5186 = AXIS2_PLACEMENT_3D('',#5187,#5188,#5189);
#5187 = CARTESIAN_POINT('',(0.,0.,30.));
#5188 = DIRECTION('',(0.,0.,1.));
#5189 = DIRECTION('',(-0.630397909757,-0.776272165786,0.));
#5190 = ADVANCED_FACE('',(#5191),#5210,.F.);
#5191 = FACE_BOUND('',#5192,.F.);
#5192 = EDGE_LOOP('',(#5193,#5194,#5202,#5209));
#5193 = ORIENTED_EDGE('',*,*,#2916,.T.);
#5194 = ORIENTED_EDGE('',*,*,#5195,.F.);
#5195 = EDGE_CURVE('',#5196,#2917,#5198,.T.);
#5196 = VERTEX_POINT('',#5197);
#5197 = CARTESIAN_POINT('',(-20.42402125766,-27.18196747232,110.));
#5198 = LINE('',#5199,#5200);
#5199 = CARTESIAN_POINT('',(0.,0.,110.));
#5200 = VECTOR('',#5201,1.);
#5201 = DIRECTION('',(-0.600706507579,-0.799469631539,0.));
#5202 = ORIENTED_EDGE('',*,*,#5203,.F.);
#5203 = EDGE_CURVE('',#5141,#5196,#5204,.T.);
#5204 = CIRCLE('',#5205,34.);
#5205 = AXIS2_PLACEMENT_3D('',#5206,#5207,#5208);
#5206 = CARTESIAN_POINT('',(0.,0.,110.));
#5207 = DIRECTION('',(0.,0.,1.));
#5208 = DIRECTION('',(-0.630397909757,-0.776272165786,0.));
#5209 = ORIENTED_EDGE('',*,*,#5155,.T.);
#5210 = PLANE('',#5211);
#5211 = AXIS2_PLACEMENT_3D('',#5212,#5213,#5214);
#5212 = CARTESIAN_POINT('',(0.,0.,110.));
#5213 = DIRECTION('',(0.,0.,1.));
#5214 = DIRECTION('',(-0.630397909757,-0.776272165786,0.));
#5215 = ADVANCED_FACE('',(#5216),#5227,.T.);
#5216 = FACE_BOUND('',#5217,.T.);
#5217 = EDGE_LOOP('',(#5218,#5219,#5225,#5226));
#5218 = ORIENTED_EDGE('',*,*,#5195,.F.);
#5219 = ORIENTED_EDGE('',*,*,#5220,.F.);
#5220 = EDGE_CURVE('',#5171,#5196,#5221,.T.);
#5221 = LINE('',#5222,#5223);
#5222 = CARTESIAN_POINT('',(-20.42402125766,-27.18196747232,29.));
#5223 = VECTOR('',#5224,1.);
#5224 = DIRECTION('',(0.,0.,1.));
#5225 = ORIENTED_EDGE('',*,*,#5170,.T.);
#5226 = ORIENTED_EDGE('',*,*,#2925,.T.);
#5227 = PLANE('',#5228);
#5228 = AXIS2_PLACEMENT_3D('',#5229,#5230,#5231);
#5229 = CARTESIAN_POINT('',(0.,0.,30.));
#5230 = DIRECTION('',(-0.799469631539,0.600706507579,0.));
#5231 = DIRECTION('',(-0.600706507579,-0.799469631539,0.));
#5232 = ADVANCED_FACE('',(#5233),#5258,.F.);
#5233 = FACE_BOUND('',#5234,.F.);
#5234 = EDGE_LOOP('',(#5235,#5245,#5251,#5252));
#5235 = ORIENTED_EDGE('',*,*,#5236,.F.);
#5236 = EDGE_CURVE('',#5237,#5239,#5241,.T.);
#5237 = VERTEX_POINT('',#5238);
#5238 = CARTESIAN_POINT('',(-17.04083211035,-29.42125151971,30.));
#5239 = VERTEX_POINT('',#5240);
#5240 = CARTESIAN_POINT('',(-17.04083211035,-29.42125151971,110.));
#5241 = LINE('',#5242,#5243);
#5242 = CARTESIAN_POINT('',(-17.04083211035,-29.42125151971,29.));
#5243 = VECTOR('',#5244,1.);
#5244 = DIRECTION('',(0.,0.,1.));
#5245 = ORIENTED_EDGE('',*,*,#5246,.T.);
#5246 = EDGE_CURVE('',#5237,#2943,#5247,.T.);
#5247 = LINE('',#5248,#5249);
#5248 = CARTESIAN_POINT('',(0.,0.,30.));
#5249 = VECTOR('',#5250,1.);
#5250 = DIRECTION('',(-0.501200944422,-0.865330927051,0.));
#5251 = ORIENTED_EDGE('',*,*,#2942,.T.);
#5252 = ORIENTED_EDGE('',*,*,#5253,.F.);
#5253 = EDGE_CURVE('',#5239,#2945,#5254,.T.);
#5254 = LINE('',#5255,#5256);
#5255 = CARTESIAN_POINT('',(0.,0.,110.));
#5256 = VECTOR('',#5257,1.);
#5257 = DIRECTION('',(-0.501200944422,-0.865330927051,0.));
#5258 = PLANE('',#5259);
#5259 = AXIS2_PLACEMENT_3D('',#5260,#5261,#5262);
#5260 = CARTESIAN_POINT('',(0.,0.,30.));
#5261 = DIRECTION('',(-0.865330927051,0.501200944422,0.));
#5262 = DIRECTION('',(-0.501200944422,-0.865330927051,0.));
#5263 = ADVANCED_FACE('',(#5264),#5283,.T.);
#5264 = FACE_BOUND('',#5265,.T.);
#5265 = EDGE_LOOP('',(#5266,#5267,#5275,#5282));
#5266 = ORIENTED_EDGE('',*,*,#2969,.T.);
#5267 = ORIENTED_EDGE('',*,*,#5268,.F.);
#5268 = EDGE_CURVE('',#5269,#2962,#5271,.T.);
#5269 = VERTEX_POINT('',#5270);
#5270 = CARTESIAN_POINT('',(-15.92037112399,-30.04233318626,30.));
#5271 = LINE('',#5272,#5273);
#5272 = CARTESIAN_POINT('',(0.,0.,30.));
#5273 = VECTOR('',#5274,1.);
#5274 = DIRECTION('',(-0.468246209529,-0.88359803489,0.));
#5275 = ORIENTED_EDGE('',*,*,#5276,.F.);
#5276 = EDGE_CURVE('',#5237,#5269,#5277,.T.);
#5277 = CIRCLE('',#5278,34.);
#5278 = AXIS2_PLACEMENT_3D('',#5279,#5280,#5281);
#5279 = CARTESIAN_POINT('',(0.,0.,30.));
#5280 = DIRECTION('',(0.,0.,1.));
#5281 = DIRECTION('',(-0.501200944422,-0.865330927051,0.));
#5282 = ORIENTED_EDGE('',*,*,#5246,.T.);
#5283 = PLANE('',#5284);
#5284 = AXIS2_PLACEMENT_3D('',#5285,#5286,#5287);
#5285 = CARTESIAN_POINT('',(0.,0.,30.));
#5286 = DIRECTION('',(0.,0.,1.));
#5287 = DIRECTION('',(-0.501200944422,-0.865330927051,0.));
#5288 = ADVANCED_FACE('',(#5289),#5308,.F.);
#5289 = FACE_BOUND('',#5290,.F.);
#5290 = EDGE_LOOP('',(#5291,#5292,#5300,#5307));
#5291 = ORIENTED_EDGE('',*,*,#2952,.T.);
#5292 = ORIENTED_EDGE('',*,*,#5293,.F.);
#5293 = EDGE_CURVE('',#5294,#2953,#5296,.T.);
#5294 = VERTEX_POINT('',#5295);
#5295 = CARTESIAN_POINT('',(-15.92037112399,-30.04233318626,110.));
#5296 = LINE('',#5297,#5298);
#5297 = CARTESIAN_POINT('',(0.,0.,110.));
#5298 = VECTOR('',#5299,1.);
#5299 = DIRECTION('',(-0.468246209529,-0.88359803489,0.));
#5300 = ORIENTED_EDGE('',*,*,#5301,.F.);
#5301 = EDGE_CURVE('',#5239,#5294,#5302,.T.);
#5302 = CIRCLE('',#5303,34.);
#5303 = AXIS2_PLACEMENT_3D('',#5304,#5305,#5306);
#5304 = CARTESIAN_POINT('',(0.,0.,110.));
#5305 = DIRECTION('',(0.,0.,1.));
#5306 = DIRECTION('',(-0.501200944422,-0.865330927051,0.));
#5307 = ORIENTED_EDGE('',*,*,#5253,.T.);
#5308 = PLANE('',#5309);
#5309 = AXIS2_PLACEMENT_3D('',#5310,#5311,#5312);
#5310 = CARTESIAN_POINT('',(0.,0.,110.));
#5311 = DIRECTION('',(0.,0.,1.));
#5312 = DIRECTION('',(-0.501200944422,-0.865330927051,0.));
#5313 = ADVANCED_FACE('',(#5314),#5325,.T.);
#5314 = FACE_BOUND('',#5315,.T.);
#5315 = EDGE_LOOP('',(#5316,#5317,#5323,#5324));
#5316 = ORIENTED_EDGE('',*,*,#5293,.F.);
#5317 = ORIENTED_EDGE('',*,*,#5318,.F.);
#5318 = EDGE_CURVE('',#5269,#5294,#5319,.T.);
#5319 = LINE('',#5320,#5321);
#5320 = CARTESIAN_POINT('',(-15.92037112399,-30.04233318626,29.));
#5321 = VECTOR('',#5322,1.);
#5322 = DIRECTION('',(0.,0.,1.));
#5323 = ORIENTED_EDGE('',*,*,#5268,.T.);
#5324 = ORIENTED_EDGE('',*,*,#2961,.T.);
#5325 = PLANE('',#5326);
#5326 = AXIS2_PLACEMENT_3D('',#5327,#5328,#5329);
#5327 = CARTESIAN_POINT('',(0.,0.,30.));
#5328 = DIRECTION('',(-0.88359803489,0.468246209529,0.));
#5329 = DIRECTION('',(-0.468246209529,-0.88359803489,0.));
#5330 = ADVANCED_FACE('',(#5331),#5390,.F.);
#5331 = FACE_BOUND('',#5332,.F.);
#5332 = EDGE_LOOP('',(#5333,#5334,#5342,#5389));
#5333 = ORIENTED_EDGE('',*,*,#2993,.F.);
#5334 = ORIENTED_EDGE('',*,*,#5335,.F.);
#5335 = EDGE_CURVE('',#5336,#2994,#5338,.T.);
#5336 = VERTEX_POINT('',#5337);
#5337 = CARTESIAN_POINT('',(-1.25,31.975576617162,45.));
#5338 = LINE('',#5339,#5340);
#5339 = CARTESIAN_POINT('',(-1.25,36.5,45.));
#5340 = VECTOR('',#5341,1.);
#5341 = DIRECTION('',(-6.E-17,-1.,0.));
#5342 = ORIENTED_EDGE('',*,*,#5343,.T.);
#5343 = EDGE_CURVE('',#5336,#5336,#5344,.T.);
#5344 = B_SPLINE_CURVE_WITH_KNOTS('',7,(#5345,#5346,#5347,#5348,#5349,
    #5350,#5351,#5352,#5353,#5354,#5355,#5356,#5357,#5358,#5359,#5360,
    #5361,#5362,#5363,#5364,#5365,#5366,#5367,#5368,#5369,#5370,#5371,
    #5372,#5373,#5374,#5375,#5376,#5377,#5378,#5379,#5380,#5381,#5382,
    #5383,#5384,#5385,#5386,#5387,#5388),.UNSPECIFIED.,.T.,.F.,(8,6,6,6,
    6,6,6,8),(0.,0.151256289564,0.287068375924,0.424373612185,
    0.587311937817,0.713808969371,0.839618848637,1.),.UNSPECIFIED.);
#5345 = CARTESIAN_POINT('',(-1.25,31.975576617162,45.));
#5346 = CARTESIAN_POINT('',(-1.25,31.975576617162,44.849815404085));
#5347 = CARTESIAN_POINT('',(-1.228948767433,31.976399524341,
    44.699551180924));
#5348 = CARTESIAN_POINT('',(-1.18680265176,31.978047294038,
    44.551348409606));
#5349 = CARTESIAN_POINT('',(-1.123100590321,31.980449646991,
    44.407572761827));
#5350 = CARTESIAN_POINT('',(-1.037202514762,31.983457652585,
    44.271136954919));
#5351 = CARTESIAN_POINT('',(-0.928471942166,31.986798736079,
    44.145803506395));
#5352 = CARTESIAN_POINT('',(-0.678534595776,31.993023949743,
    43.939037351477));
#5353 = CARTESIAN_POINT('',(-0.538731709614,31.995995566657,
    43.851908271476));
#5354 = CARTESIAN_POINT('',(-0.380225678274,31.99858955985,
    43.784400931311));
#5355 = CARTESIAN_POINT('',(-0.208658592026,32.000307456863,
    43.742665173027));
#5356 = CARTESIAN_POINT('',(-3.1265012107E-02,32.000800846396,
    43.729952449733));
#5357 = CARTESIAN_POINT('',(0.144213895011,32.000109010503,
    43.746482995526));
#5358 = CARTESIAN_POINT('',(0.479342995164,31.996853262419,
    43.832529523534));
#5359 = CARTESIAN_POINT('',(0.634008402738,31.994315642851,
    43.901396373157));
#5360 = CARTESIAN_POINT('',(0.771795239164,31.991212377269,
    43.990856474672));
#5361 = CARTESIAN_POINT('',(0.890936567186,31.987940818516,
    44.096378382292));
#5362 = CARTESIAN_POINT('',(0.990500108705,31.984841260622,
    44.213693468122));
#5363 = CARTESIAN_POINT('',(1.070323095426,31.982152817989,
    44.338759037942));
#5364 = CARTESIAN_POINT('',(1.203078432085,31.977457672637,
    44.620878488904));
#5365 = CARTESIAN_POINT('',(1.250336955077,31.975596702277,
    44.784068127238));
#5366 = CARTESIAN_POINT('',(1.271654853674,31.974698285277,
    44.952988755265));
#5367 = CARTESIAN_POINT('',(1.266576422933,31.97491074956,
    45.123372331879));
#5368 = CARTESIAN_POINT('',(1.235174570848,31.97621004756,
    45.291090061547));
#5369 = CARTESIAN_POINT('',(1.177888806819,31.978420741099,
    45.45211522391));
#5370 = CARTESIAN_POINT('',(1.031330308347,31.983440487232,
    45.718704142962));
#5371 = CARTESIAN_POINT('',(0.950775800361,31.986049691674,
    45.830983866811));
#5372 = CARTESIAN_POINT('',(0.853348721267,31.988948072441,
    45.935773192147));
#5373 = CARTESIAN_POINT('',(0.739350422031,31.991927355907,
    46.029692470517));
#5374 = CARTESIAN_POINT('',(0.609715979402,31.994708604375,
    46.109261854267));
#5375 = CARTESIAN_POINT('',(0.466044012584,31.9969824608,46.170885074829
    ));
#5376 = CARTESIAN_POINT('',(0.156523677111,31.999989422113,
    46.250356389625));
#5377 = CARTESIAN_POINT('',(-5.862984893432E-03,32.000698236335,
    46.267583812365));
#5378 = CARTESIAN_POINT('',(-0.170608326534,32.000399693128,
    46.2597186562));
#5379 = CARTESIAN_POINT('',(-0.331314167845,31.999042883606,
    46.226640728575));
#5380 = CARTESIAN_POINT('',(-0.48187993182,31.996868111827,
    46.170687239713));
#5381 = CARTESIAN_POINT('',(-0.617335484629,31.994260204113,
    46.096564488245));
#5382 = CARTESIAN_POINT('',(-0.884386892147,31.988126990418,
    45.90254028352));
#5383 = CARTESIAN_POINT('',(-1.00816564821,31.984466961869,
    45.773133886175));
#5384 = CARTESIAN_POINT('',(-1.105902330587,31.981096678481,
    45.629907037216));
#5385 = CARTESIAN_POINT('',(-1.178297467138,31.978379909978,
    45.477645670105));
#5386 = CARTESIAN_POINT('',(-1.226127902916,31.976509767757,
    45.320013466468));
#5387 = CARTESIAN_POINT('',(-1.25,31.975576617162,45.159931351924));
#5388 = CARTESIAN_POINT('',(-1.25,31.975576617162,45.));
#5389 = ORIENTED_EDGE('',*,*,#5335,.T.);
#5390 = CYLINDRICAL_SURFACE('',#5391,1.25);
#5391 = AXIS2_PLACEMENT_3D('',#5392,#5393,#5394);
#5392 = CARTESIAN_POINT('',(2.23E-15,36.5,45.));
#5393 = DIRECTION('',(-6.E-17,-1.,0.));
#5394 = DIRECTION('',(-1.,6.E-17,0.));
#5395 = ADVANCED_FACE('',(#5396),#5455,.F.);
#5396 = FACE_BOUND('',#5397,.F.);
#5397 = EDGE_LOOP('',(#5398,#5399,#5407,#5454));
#5398 = ORIENTED_EDGE('',*,*,#3044,.F.);
#5399 = ORIENTED_EDGE('',*,*,#5400,.F.);
#5400 = EDGE_CURVE('',#5401,#3045,#5403,.T.);
#5401 = VERTEX_POINT('',#5402);
#5402 = CARTESIAN_POINT('',(-1.25,31.975576617162,93.));
#5403 = LINE('',#5404,#5405);
#5404 = CARTESIAN_POINT('',(-1.25,36.5,93.));
#5405 = VECTOR('',#5406,1.);
#5406 = DIRECTION('',(-6.E-17,-1.,0.));
#5407 = ORIENTED_EDGE('',*,*,#5408,.T.);
#5408 = EDGE_CURVE('',#5401,#5401,#5409,.T.);
#5409 = B_SPLINE_CURVE_WITH_KNOTS('',7,(#5410,#5411,#5412,#5413,#5414,
    #5415,#5416,#5417,#5418,#5419,#5420,#5421,#5422,#5423,#5424,#5425,
    #5426,#5427,#5428,#5429,#5430,#5431,#5432,#5433,#5434,#5435,#5436,
    #5437,#5438,#5439,#5440,#5441,#5442,#5443,#5444,#5445,#5446,#5447,
    #5448,#5449,#5450,#5451,#5452,#5453),.UNSPECIFIED.,.T.,.F.,(8,6,6,6,
    6,6,6,8),(0.,0.151256289635,0.287068376031,0.424373612312,
    0.587311937902,0.713808969426,0.839618848677,1.),.UNSPECIFIED.);
#5410 = CARTESIAN_POINT('',(-1.25,31.975576617162,93.));
#5411 = CARTESIAN_POINT('',(-1.25,31.975576617162,92.849815404085));
#5412 = CARTESIAN_POINT('',(-1.228948767433,31.976399524341,
    92.699551180924));
#5413 = CARTESIAN_POINT('',(-1.18680265176,31.978047294038,
    92.551348409606));
#5414 = CARTESIAN_POINT('',(-1.123100590321,31.980449646991,
    92.407572761827));
#5415 = CARTESIAN_POINT('',(-1.037202514762,31.983457652585,
    92.271136954919));
#5416 = CARTESIAN_POINT('',(-0.928471942166,31.986798736079,
    92.145803506395));
#5417 = CARTESIAN_POINT('',(-0.6785345958,31.993023949742,
    91.939037351496));
#5418 = CARTESIAN_POINT('',(-0.538731709592,31.995995566658,
    91.851908271446));
#5419 = CARTESIAN_POINT('',(-0.380225678246,31.99858955985,
    91.784400931317));
#5420 = CARTESIAN_POINT('',(-0.208658592053,32.000307456863,
    91.742665173045));
#5421 = CARTESIAN_POINT('',(-3.126501213573E-02,32.000800846397,
    91.729952449716));
#5422 = CARTESIAN_POINT('',(0.144213895041,32.000109010503,
    91.746482995533));
#5423 = CARTESIAN_POINT('',(0.479342995112,31.99685326242,
    91.832529523521));
#5424 = CARTESIAN_POINT('',(0.634008402733,31.994315642852,
    91.901396373138));
#5425 = CARTESIAN_POINT('',(0.771795239205,31.991212377268,
    91.990856474689));
#5426 = CARTESIAN_POINT('',(0.890936567213,31.987940818515,
    92.096378382331));
#5427 = CARTESIAN_POINT('',(0.990500108693,31.984841260622,
    92.21369346813));
#5428 = CARTESIAN_POINT('',(1.070323095402,31.98215281799,
    92.338759037891));
#5429 = CARTESIAN_POINT('',(1.203078432084,31.977457672637,
    92.620878488902));
#5430 = CARTESIAN_POINT('',(1.250336955076,31.975596702277,
    92.784068127236));
#5431 = CARTESIAN_POINT('',(1.271654853674,31.974698285277,
    92.952988755262));
#5432 = CARTESIAN_POINT('',(1.266576422934,31.97491074956,93.12337233188
    ));
#5433 = CARTESIAN_POINT('',(1.235174570848,31.97621004756,
    93.291090061549));
#5434 = CARTESIAN_POINT('',(1.177888806817,31.978420741099,
    93.452115223913));
#5435 = CARTESIAN_POINT('',(1.031330308346,31.983440487232,
    93.718704142963));
#5436 = CARTESIAN_POINT('',(0.950775800361,31.986049691674,
    93.830983866811));
#5437 = CARTESIAN_POINT('',(0.853348721267,31.988948072441,
    93.935773192147));
#5438 = CARTESIAN_POINT('',(0.73935042203,31.991927355907,
    94.029692470517));
#5439 = CARTESIAN_POINT('',(0.609715979402,31.994708604375,
    94.109261854267));
#5440 = CARTESIAN_POINT('',(0.466044012584,31.9969824608,94.170885074829
    ));
#5441 = CARTESIAN_POINT('',(0.156523677093,31.999989422114,
    94.25035638963));
#5442 = CARTESIAN_POINT('',(-5.862984876111E-03,32.000698236334,
    94.267583812355));
#5443 = CARTESIAN_POINT('',(-0.170608326516,32.000399693129,
    94.25971865621));
#5444 = CARTESIAN_POINT('',(-0.331314167863,31.999042883606,
    94.226640728578));
#5445 = CARTESIAN_POINT('',(-0.481879931834,31.996868111826,
    94.170687239697));
#5446 = CARTESIAN_POINT('',(-0.617335484614,31.994260204114,
    94.096564488256));
#5447 = CARTESIAN_POINT('',(-0.884386892147,31.988126990418,
    93.902540283519));
#5448 = CARTESIAN_POINT('',(-1.00816564821,31.984466961869,
    93.773133886175));
#5449 = CARTESIAN_POINT('',(-1.105902330587,31.981096678481,
    93.629907037215));
#5450 = CARTESIAN_POINT('',(-1.178297467138,31.978379909978,
    93.477645670106));
#5451 = CARTESIAN_POINT('',(-1.226127902916,31.976509767757,
    93.320013466468));
#5452 = CARTESIAN_POINT('',(-1.25,31.975576617162,93.159931351924));
#5453 = CARTESIAN_POINT('',(-1.25,31.975576617162,93.));
#5454 = ORIENTED_EDGE('',*,*,#5400,.T.);
#5455 = CYLINDRICAL_SURFACE('',#5456,1.25);
#5456 = AXIS2_PLACEMENT_3D('',#5457,#5458,#5459);
#5457 = CARTESIAN_POINT('',(2.23E-15,36.5,93.));
#5458 = DIRECTION('',(-6.E-17,-1.,0.));
#5459 = DIRECTION('',(-1.,6.E-17,0.));
#5460 = ADVANCED_FACE('',(#5461),#5486,.F.);
#5461 = FACE_BOUND('',#5462,.F.);
#5462 = EDGE_LOOP('',(#5463,#5464,#5472,#5480));
#5463 = ORIENTED_EDGE('',*,*,#3095,.F.);
#5464 = ORIENTED_EDGE('',*,*,#5465,.T.);
#5465 = EDGE_CURVE('',#3096,#5466,#5468,.T.);
#5466 = VERTEX_POINT('',#5467);
#5467 = CARTESIAN_POINT('',(14.394807740372,28.579529564318,49.));
#5468 = LINE('',#5469,#5470);
#5469 = CARTESIAN_POINT('',(0.,0.,49.));
#5470 = VECTOR('',#5471,1.);
#5471 = DIRECTION('',(0.449837741887,0.893110298885,0.));
#5472 = ORIENTED_EDGE('',*,*,#5473,.T.);
#5473 = EDGE_CURVE('',#5466,#5474,#5476,.T.);
#5474 = VERTEX_POINT('',#5475);
#5475 = CARTESIAN_POINT('',(14.394807740372,28.579529564318,89.));
#5476 = LINE('',#5477,#5478);
#5477 = CARTESIAN_POINT('',(14.394807740372,28.579529564318,39.));
#5478 = VECTOR('',#5479,1.);
#5479 = DIRECTION('',(0.,0.,1.));
#5480 = ORIENTED_EDGE('',*,*,#5481,.F.);
#5481 = EDGE_CURVE('',#3098,#5474,#5482,.T.);
#5482 = LINE('',#5483,#5484);
#5483 = CARTESIAN_POINT('',(0.,0.,89.));
#5484 = VECTOR('',#5485,1.);
#5485 = DIRECTION('',(0.449837741887,0.893110298885,0.));
#5486 = PLANE('',#5487);
#5487 = AXIS2_PLACEMENT_3D('',#5488,#5489,#5490);
#5488 = CARTESIAN_POINT('',(0.,0.,49.));
#5489 = DIRECTION('',(0.893110298885,-0.449837741887,0.));
#5490 = DIRECTION('',(0.449837741887,0.893110298885,0.));
#5491 = ADVANCED_FACE('',(#5492),#5511,.T.);
#5492 = FACE_BOUND('',#5493,.T.);
#5493 = EDGE_LOOP('',(#5494,#5503,#5509,#5510));
#5494 = ORIENTED_EDGE('',*,*,#5495,.T.);
#5495 = EDGE_CURVE('',#5466,#5496,#5498,.T.);
#5496 = VERTEX_POINT('',#5497);
#5497 = CARTESIAN_POINT('',(-14.39480774037,28.579529564318,49.));
#5498 = CIRCLE('',#5499,32.);
#5499 = AXIS2_PLACEMENT_3D('',#5500,#5501,#5502);
#5500 = CARTESIAN_POINT('',(0.,0.,49.));
#5501 = DIRECTION('',(0.,-0.,1.));
#5502 = DIRECTION('',(0.544639035015,0.838670567945,0.));
#5503 = ORIENTED_EDGE('',*,*,#5504,.F.);
#5504 = EDGE_CURVE('',#3115,#5496,#5505,.T.);
#5505 = LINE('',#5506,#5507);
#5506 = CARTESIAN_POINT('',(0.,0.,49.));
#5507 = VECTOR('',#5508,1.);
#5508 = DIRECTION('',(-0.449837741887,0.893110298885,0.));
#5509 = ORIENTED_EDGE('',*,*,#3122,.F.);
#5510 = ORIENTED_EDGE('',*,*,#5465,.T.);
#5511 = PLANE('',#5512);
#5512 = AXIS2_PLACEMENT_3D('',#5513,#5514,#5515);
#5513 = CARTESIAN_POINT('',(0.,0.,49.));
#5514 = DIRECTION('',(0.,0.,1.));
#5515 = DIRECTION('',(0.449837741887,0.893110298885,0.));
#5516 = ADVANCED_FACE('',(#5517),#5536,.F.);
#5517 = FACE_BOUND('',#5518,.F.);
#5518 = EDGE_LOOP('',(#5519,#5528,#5534,#5535));
#5519 = ORIENTED_EDGE('',*,*,#5520,.T.);
#5520 = EDGE_CURVE('',#5474,#5521,#5523,.T.);
#5521 = VERTEX_POINT('',#5522);
#5522 = CARTESIAN_POINT('',(-14.39480774037,28.579529564318,89.));
#5523 = CIRCLE('',#5524,32.);
#5524 = AXIS2_PLACEMENT_3D('',#5525,#5526,#5527);
#5525 = CARTESIAN_POINT('',(0.,0.,89.));
#5526 = DIRECTION('',(0.,-0.,1.));
#5527 = DIRECTION('',(0.544639035015,0.838670567945,0.));
#5528 = ORIENTED_EDGE('',*,*,#5529,.F.);
#5529 = EDGE_CURVE('',#3106,#5521,#5530,.T.);
#5530 = LINE('',#5531,#5532);
#5531 = CARTESIAN_POINT('',(0.,0.,89.));
#5532 = VECTOR('',#5533,1.);
#5533 = DIRECTION('',(-0.449837741887,0.893110298885,0.));
#5534 = ORIENTED_EDGE('',*,*,#3105,.F.);
#5535 = ORIENTED_EDGE('',*,*,#5481,.T.);
#5536 = PLANE('',#5537);
#5537 = AXIS2_PLACEMENT_3D('',#5538,#5539,#5540);
#5538 = CARTESIAN_POINT('',(0.,0.,89.));
#5539 = DIRECTION('',(0.,0.,1.));
#5540 = DIRECTION('',(0.449837741887,0.893110298885,0.));
#5541 = ADVANCED_FACE('',(#5542),#5553,.T.);
#5542 = FACE_BOUND('',#5543,.T.);
#5543 = EDGE_LOOP('',(#5544,#5545,#5546,#5547));
#5544 = ORIENTED_EDGE('',*,*,#5529,.F.);
#5545 = ORIENTED_EDGE('',*,*,#3114,.F.);
#5546 = ORIENTED_EDGE('',*,*,#5504,.T.);
#5547 = ORIENTED_EDGE('',*,*,#5548,.T.);
#5548 = EDGE_CURVE('',#5496,#5521,#5549,.T.);
#5549 = LINE('',#5550,#5551);
#5550 = CARTESIAN_POINT('',(-14.39480774037,28.579529564318,39.));
#5551 = VECTOR('',#5552,1.);
#5552 = DIRECTION('',(0.,0.,1.));
#5553 = PLANE('',#5554);
#5554 = AXIS2_PLACEMENT_3D('',#5555,#5556,#5557);
#5555 = CARTESIAN_POINT('',(0.,0.,49.));
#5556 = DIRECTION('',(0.893110298885,0.449837741887,0.));
#5557 = DIRECTION('',(-0.449837741887,0.893110298885,0.));
#5558 = ADVANCED_FACE('',(#5559,#5562),#5573,.T.);
#5559 = FACE_BOUND('',#5560,.T.);
#5560 = EDGE_LOOP('',(#5561));
#5561 = ORIENTED_EDGE('',*,*,#3147,.T.);
#5562 = FACE_BOUND('',#5563,.T.);
#5563 = EDGE_LOOP('',(#5564));
#5564 = ORIENTED_EDGE('',*,*,#5565,.F.);
#5565 = EDGE_CURVE('',#5566,#5566,#5568,.T.);
#5566 = VERTEX_POINT('',#5567);
#5567 = CARTESIAN_POINT('',(34.,-8.E-15,22.3));
#5568 = CIRCLE('',#5569,34.);
#5569 = AXIS2_PLACEMENT_3D('',#5570,#5571,#5572);
#5570 = CARTESIAN_POINT('',(0.,0.,22.3));
#5571 = DIRECTION('',(0.,0.,1.));
#5572 = DIRECTION('',(1.,0.,0.));
#5573 = PLANE('',#5574);
#5574 = AXIS2_PLACEMENT_3D('',#5575,#5576,#5577);
#5575 = CARTESIAN_POINT('',(0.,0.,22.3));
#5576 = DIRECTION('',(0.,0.,1.));
#5577 = DIRECTION('',(1.,0.,0.));
#5578 = ADVANCED_FACE('',(#5579,#5585,#5588,#5594),#5597,.T.);
#5579 = FACE_BOUND('',#5580,.T.);
#5580 = EDGE_LOOP('',(#5581,#5582,#5583,#5584));
#5581 = ORIENTED_EDGE('',*,*,#3806,.T.);
#5582 = ORIENTED_EDGE('',*,*,#3824,.F.);
#5583 = ORIENTED_EDGE('',*,*,#3868,.F.);
#5584 = ORIENTED_EDGE('',*,*,#3774,.T.);
#5585 = FACE_BOUND('',#5586,.T.);
#5586 = EDGE_LOOP('',(#5587));
#5587 = ORIENTED_EDGE('',*,*,#3171,.T.);
#5588 = FACE_BOUND('',#5589,.T.);
#5589 = EDGE_LOOP('',(#5590,#5591,#5592,#5593));
#5590 = ORIENTED_EDGE('',*,*,#3243,.T.);
#5591 = ORIENTED_EDGE('',*,*,#3290,.T.);
#5592 = ORIENTED_EDGE('',*,*,#3318,.F.);
#5593 = ORIENTED_EDGE('',*,*,#3265,.F.);
#5594 = FACE_BOUND('',#5595,.T.);
#5595 = EDGE_LOOP('',(#5596));
#5596 = ORIENTED_EDGE('',*,*,#3341,.T.);
#5597 = CYLINDRICAL_SURFACE('',#5598,32.);
#5598 = AXIS2_PLACEMENT_3D('',#5599,#5600,#5601);
#5599 = CARTESIAN_POINT('',(0.,0.,48.));
#5600 = DIRECTION('',(0.,0.,1.));
#5601 = DIRECTION('',(0.906307787037,-0.422618261741,0.));
#5602 = ADVANCED_FACE('',(#5603,#5606),#5609,.F.);
#5603 = FACE_BOUND('',#5604,.F.);
#5604 = EDGE_LOOP('',(#5605));
#5605 = ORIENTED_EDGE('',*,*,#184,.T.);
#5606 = FACE_BOUND('',#5607,.F.);
#5607 = EDGE_LOOP('',(#5608));
#5608 = ORIENTED_EDGE('',*,*,#3730,.F.);
#5609 = PLANE('',#5610);
#5610 = AXIS2_PLACEMENT_3D('',#5611,#5612,#5613);
#5611 = CARTESIAN_POINT('',(-31.86190111847,-7.355899477044,126.90625));
#5612 = DIRECTION('',(0.974370064785,0.224951054344,0.));
#5613 = DIRECTION('',(-0.224951054344,0.974370064785,0.));
#5614 = ADVANCED_FACE('',(#5615),#5626,.T.);
#5615 = FACE_BOUND('',#5616,.T.);
#5616 = EDGE_LOOP('',(#5617,#5618,#5624,#5625));
#5617 = ORIENTED_EDGE('',*,*,#3748,.F.);
#5618 = ORIENTED_EDGE('',*,*,#5619,.F.);
#5619 = EDGE_CURVE('',#5566,#3749,#5620,.T.);
#5620 = LINE('',#5621,#5622);
#5621 = CARTESIAN_POINT('',(34.,-8.33E-15,21.3));
#5622 = VECTOR('',#5623,1.);
#5623 = DIRECTION('',(0.,0.,1.));
#5624 = ORIENTED_EDGE('',*,*,#5565,.T.);
#5625 = ORIENTED_EDGE('',*,*,#5619,.T.);
#5626 = CYLINDRICAL_SURFACE('',#5627,34.);
#5627 = AXIS2_PLACEMENT_3D('',#5628,#5629,#5630);
#5628 = CARTESIAN_POINT('',(0.,0.,21.3));
#5629 = DIRECTION('',(0.,0.,1.));
#5630 = DIRECTION('',(1.,0.,0.));
#5631 = ADVANCED_FACE('',(#5632),#5651,.T.);
#5632 = FACE_BOUND('',#5633,.T.);
#5633 = EDGE_LOOP('',(#5634,#5643,#5649,#5650));
#5634 = ORIENTED_EDGE('',*,*,#5635,.F.);
#5635 = EDGE_CURVE('',#5636,#5636,#5638,.T.);
#5636 = VERTEX_POINT('',#5637);
#5637 = CARTESIAN_POINT('',(34.,-8.E-15,116.7));
#5638 = CIRCLE('',#5639,34.);
#5639 = AXIS2_PLACEMENT_3D('',#5640,#5641,#5642);
#5640 = CARTESIAN_POINT('',(0.,0.,116.7));
#5641 = DIRECTION('',(0.,0.,1.));
#5642 = DIRECTION('',(1.,0.,0.));
#5643 = ORIENTED_EDGE('',*,*,#5644,.F.);
#5644 = EDGE_CURVE('',#3852,#5636,#5645,.T.);
#5645 = LINE('',#5646,#5647);
#5646 = CARTESIAN_POINT('',(34.,-8.33E-15,114.3));
#5647 = VECTOR('',#5648,1.);
#5648 = DIRECTION('',(0.,0.,1.));
#5649 = ORIENTED_EDGE('',*,*,#3851,.T.);
#5650 = ORIENTED_EDGE('',*,*,#5644,.T.);
#5651 = CYLINDRICAL_SURFACE('',#5652,34.);
#5652 = AXIS2_PLACEMENT_3D('',#5653,#5654,#5655);
#5653 = CARTESIAN_POINT('',(0.,0.,114.3));
#5654 = DIRECTION('',(0.,0.,1.));
#5655 = DIRECTION('',(1.,0.,0.));
#5656 = ADVANCED_FACE('',(#5657,#5663,#5666,#5669),#5675,.T.);
#5657 = FACE_BOUND('',#5658,.T.);
#5658 = EDGE_LOOP('',(#5659,#5660,#5661,#5662));
#5659 = ORIENTED_EDGE('',*,*,#3967,.T.);
#5660 = ORIENTED_EDGE('',*,*,#3950,.F.);
#5661 = ORIENTED_EDGE('',*,*,#3885,.F.);
#5662 = ORIENTED_EDGE('',*,*,#3925,.T.);
#5663 = FACE_BOUND('',#5664,.T.);
#5664 = EDGE_LOOP('',(#5665));
#5665 = ORIENTED_EDGE('',*,*,#5343,.T.);
#5666 = FACE_BOUND('',#5667,.T.);
#5667 = EDGE_LOOP('',(#5668));
#5668 = ORIENTED_EDGE('',*,*,#5408,.T.);
#5669 = FACE_BOUND('',#5670,.T.);
#5670 = EDGE_LOOP('',(#5671,#5672,#5673,#5674));
#5671 = ORIENTED_EDGE('',*,*,#5473,.T.);
#5672 = ORIENTED_EDGE('',*,*,#5520,.T.);
#5673 = ORIENTED_EDGE('',*,*,#5548,.F.);
#5674 = ORIENTED_EDGE('',*,*,#5495,.F.);
#5675 = CYLINDRICAL_SURFACE('',#5676,32.);
#5676 = AXIS2_PLACEMENT_3D('',#5677,#5678,#5679);
#5677 = CARTESIAN_POINT('',(0.,0.,39.));
#5678 = DIRECTION('',(0.,0.,1.));
#5679 = DIRECTION('',(0.544639035015,0.838670567945,0.));
#5680 = ADVANCED_FACE('',(#5681,#5690),#5755,.T.);
#5681 = FACE_BOUND('',#5682,.T.);
#5682 = EDGE_LOOP('',(#5683,#5684,#5685,#5686,#5687,#5688,#5689));
#5683 = ORIENTED_EDGE('',*,*,#4140,.F.);
#5684 = ORIENTED_EDGE('',*,*,#3983,.F.);
#5685 = ORIENTED_EDGE('',*,*,#4015,.F.);
#5686 = ORIENTED_EDGE('',*,*,#4040,.F.);
#5687 = ORIENTED_EDGE('',*,*,#4065,.F.);
#5688 = ORIENTED_EDGE('',*,*,#4090,.F.);
#5689 = ORIENTED_EDGE('',*,*,#4115,.F.);
#5690 = FACE_BOUND('',#5691,.T.);
#5691 = EDGE_LOOP('',(#5692,#5703,#5712,#5721,#5730,#5739,#5748));
#5692 = ORIENTED_EDGE('',*,*,#5693,.F.);
#5693 = EDGE_CURVE('',#5694,#5696,#5698,.T.);
#5694 = VERTEX_POINT('',#5695);
#5695 = CARTESIAN_POINT('',(18.951044290402,-27.86660941527,78.586438));
#5696 = VERTEX_POINT('',#5697);
#5697 = CARTESIAN_POINT('',(11.541835631302,-31.6619018737,83.0901455));
#5698 = ELLIPSE('',#5699,38.925187707935,33.7);
#5699 = AXIS2_PLACEMENT_3D('',#5700,#5701,#5702);
#5700 = CARTESIAN_POINT('',(0.,0.,87.647145363809));
#5701 = DIRECTION('',(-0.497236668115,-5.665296225157E-02,
    -0.865763326637));
#5702 = DIRECTION('',(-0.860198075024,-9.800719093773E-02,0.500453656446
    ));
#5703 = ORIENTED_EDGE('',*,*,#5704,.F.);
#5704 = EDGE_CURVE('',#5705,#5694,#5707,.T.);
#5705 = VERTEX_POINT('',#5706);
#5706 = CARTESIAN_POINT('',(18.989638746678,-27.84032363803,60.44679));
#5707 = ELLIPSE('',#5708,1.479375934634E+04,33.7);
#5708 = AXIS2_PLACEMENT_3D('',#5709,#5710,#5711);
#5709 = CARTESIAN_POINT('',(0.,0.,6.959481659883E+03));
#5710 = DIRECTION('',(-0.993569277738,-0.113202920049,
    -2.277987576453E-03));
#5711 = DIRECTION('',(-2.263344343545E-03,-2.578755145779E-04,
    0.999997405383));
#5712 = ORIENTED_EDGE('',*,*,#5713,.F.);
#5713 = EDGE_CURVE('',#5714,#5705,#5716,.T.);
#5714 = VERTEX_POINT('',#5715);
#5715 = CARTESIAN_POINT('',(3.80602440287,-33.48438708181,51.38222));
#5716 = ELLIPSE('',#5717,38.89817201505,33.7);
#5717 = AXIS2_PLACEMENT_3D('',#5718,#5719,#5720);
#5718 = CARTESIAN_POINT('',(0.,0.,51.387397345402));
#5719 = DIRECTION('',(-0.49620170779,-5.653504341736E-02,0.866364619575)
  );
#5720 = DIRECTION('',(0.860795502764,9.807525923075E-02,0.499412000204)
  );
#5721 = ORIENTED_EDGE('',*,*,#5722,.F.);
#5722 = EDGE_CURVE('',#5723,#5714,#5725,.T.);
#5723 = VERTEX_POINT('',#5724);
#5724 = CARTESIAN_POINT('',(-12.24306706895,-31.39740926804,60.44679));
#5725 = ELLIPSE('',#5726,38.907602523544,33.7);
#5726 = AXIS2_PLACEMENT_3D('',#5727,#5728,#5729);
#5727 = CARTESIAN_POINT('',(0.,0.,51.377037623801));
#5728 = DIRECTION('',(0.496563476866,5.657626179706E-02,0.866154628253)
  );
#5729 = DIRECTION('',(-0.860586861296,-9.80514875382E-02,0.499776109829)
  );
#5730 = ORIENTED_EDGE('',*,*,#5731,.F.);
#5731 = EDGE_CURVE('',#5732,#5723,#5734,.T.);
#5732 = VERTEX_POINT('',#5733);
#5733 = CARTESIAN_POINT('',(-12.19670708403,-31.41544741534,78.5957035)
  );
#5734 = ELLIPSE('',#5735,1.389414320815E+04,33.7);
#5735 = AXIS2_PLACEMENT_3D('',#5736,#5737,#5738);
#5736 = CARTESIAN_POINT('',(0.,0.,6.541057895336E+03));
#5737 = DIRECTION('',(0.993568933098,0.113202880782,-2.425482413355E-03)
  );
#5738 = DIRECTION('',(2.409891062348E-03,2.745724041293E-04,
    0.999997058513));
#5739 = ORIENTED_EDGE('',*,*,#5740,.F.);
#5740 = EDGE_CURVE('',#5741,#5732,#5743,.T.);
#5741 = VERTEX_POINT('',#5742);
#5742 = CARTESIAN_POINT('',(3.814948303978,-33.4833715363,87.595841));
#5743 = ELLIPSE('',#5744,38.860180471497,33.7);
#5744 = AXIS2_PLACEMENT_3D('',#5745,#5746,#5747);
#5745 = CARTESIAN_POINT('',(0.,0.,87.595841));
#5746 = DIRECTION('',(0.494738935583,5.636838157611E-02,-0.867211618451)
  );
#5747 = DIRECTION('',(0.861637057009,9.817114222556E-02,0.497939764252)
  );
#5748 = ORIENTED_EDGE('',*,*,#5749,.F.);
#5749 = EDGE_CURVE('',#5696,#5741,#5750,.T.);
#5750 = ELLIPSE('',#5751,38.815894735354,33.7);
#5751 = AXIS2_PLACEMENT_3D('',#5752,#5753,#5754);
#5752 = CARTESIAN_POINT('',(0.,0.,87.595841));
#5753 = DIRECTION('',(-0.493022891509,-5.61728630507E-02,-0.86820103542)
  );
#5754 = DIRECTION('',(-0.862620113863,-9.82831474062E-02,0.496212617831)
  );
#5755 = CYLINDRICAL_SURFACE('',#5756,33.7);
#5756 = AXIS2_PLACEMENT_3D('',#5757,#5758,#5759);
#5757 = CARTESIAN_POINT('',(0.,0.,-100.));
#5758 = DIRECTION('',(0.,0.,1.));
#5759 = DIRECTION('',(-0.993571855677,-0.113203213768,0.));
#5760 = ADVANCED_FACE('',(#5761),#5767,.T.);
#5761 = FACE_BOUND('',#5762,.T.);
#5762 = EDGE_LOOP('',(#5763,#5764,#5765,#5766));
#5763 = ORIENTED_EDGE('',*,*,#4240,.T.);
#5764 = ORIENTED_EDGE('',*,*,#4223,.F.);
#5765 = ORIENTED_EDGE('',*,*,#4158,.F.);
#5766 = ORIENTED_EDGE('',*,*,#4198,.T.);
#5767 = CYLINDRICAL_SURFACE('',#5768,34.);
#5768 = AXIS2_PLACEMENT_3D('',#5769,#5770,#5771);
#5769 = CARTESIAN_POINT('',(0.,0.,29.));
#5770 = DIRECTION('',(0.,0.,1.));
#5771 = DIRECTION('',(-0.572439485635,0.819946971021,0.));
#5772 = ADVANCED_FACE('',(#5773),#5779,.T.);
#5773 = FACE_BOUND('',#5774,.T.);
#5774 = EDGE_LOOP('',(#5775,#5776,#5777,#5778));
#5775 = ORIENTED_EDGE('',*,*,#4338,.T.);
#5776 = ORIENTED_EDGE('',*,*,#4321,.F.);
#5777 = ORIENTED_EDGE('',*,*,#4256,.F.);
#5778 = ORIENTED_EDGE('',*,*,#4296,.T.);
#5779 = CYLINDRICAL_SURFACE('',#5780,34.);
#5780 = AXIS2_PLACEMENT_3D('',#5781,#5782,#5783);
#5781 = CARTESIAN_POINT('',(0.,0.,29.));
#5782 = DIRECTION('',(0.,0.,1.));
#5783 = DIRECTION('',(-0.693659771431,0.72030279848,0.));
#5784 = ADVANCED_FACE('',(#5785),#5791,.T.);
#5785 = FACE_BOUND('',#5786,.T.);
#5786 = EDGE_LOOP('',(#5787,#5788,#5789,#5790));
#5787 = ORIENTED_EDGE('',*,*,#4436,.T.);
#5788 = ORIENTED_EDGE('',*,*,#4419,.F.);
#5789 = ORIENTED_EDGE('',*,*,#4354,.F.);
#5790 = ORIENTED_EDGE('',*,*,#4394,.T.);
#5791 = CYLINDRICAL_SURFACE('',#5792,34.);
#5792 = AXIS2_PLACEMENT_3D('',#5793,#5794,#5795);
#5793 = CARTESIAN_POINT('',(0.,0.,29.));
#5794 = DIRECTION('',(0.,0.,1.));
#5795 = DIRECTION('',(-0.797799851529,0.602922380493,0.));
#5796 = ADVANCED_FACE('',(#5797),#5803,.T.);
#5797 = FACE_BOUND('',#5798,.T.);
#5798 = EDGE_LOOP('',(#5799,#5800,#5801,#5802));
#5799 = ORIENTED_EDGE('',*,*,#4534,.T.);
#5800 = ORIENTED_EDGE('',*,*,#4517,.F.);
#5801 = ORIENTED_EDGE('',*,*,#4452,.F.);
#5802 = ORIENTED_EDGE('',*,*,#4492,.T.);
#5803 = CYLINDRICAL_SURFACE('',#5804,34.);
#5804 = AXIS2_PLACEMENT_3D('',#5805,#5806,#5807);
#5805 = CARTESIAN_POINT('',(0.,0.,29.));
#5806 = DIRECTION('',(0.,0.,1.));
#5807 = DIRECTION('',(-0.882295451537,0.470696012514,0.));
#5808 = ADVANCED_FACE('',(#5809),#5815,.T.);
#5809 = FACE_BOUND('',#5810,.T.);
#5810 = EDGE_LOOP('',(#5811,#5812,#5813,#5814));
#5811 = ORIENTED_EDGE('',*,*,#4632,.T.);
#5812 = ORIENTED_EDGE('',*,*,#4615,.F.);
#5813 = ORIENTED_EDGE('',*,*,#4550,.F.);
#5814 = ORIENTED_EDGE('',*,*,#4590,.T.);
#5815 = CYLINDRICAL_SURFACE('',#5816,34.);
#5816 = AXIS2_PLACEMENT_3D('',#5817,#5818,#5819);
#5817 = CARTESIAN_POINT('',(0.,0.,29.));
#5818 = DIRECTION('',(0.,0.,1.));
#5819 = DIRECTION('',(-0.945066009358,0.326879546556,0.));
#5820 = ADVANCED_FACE('',(#5821),#5827,.T.);
#5821 = FACE_BOUND('',#5822,.T.);
#5822 = EDGE_LOOP('',(#5823,#5824,#5825,#5826));
#5823 = ORIENTED_EDGE('',*,*,#4730,.T.);
#5824 = ORIENTED_EDGE('',*,*,#4713,.F.);
#5825 = ORIENTED_EDGE('',*,*,#4648,.F.);
#5826 = ORIENTED_EDGE('',*,*,#4688,.T.);
#5827 = CYLINDRICAL_SURFACE('',#5828,34.);
#5828 = AXIS2_PLACEMENT_3D('',#5829,#5830,#5831);
#5829 = CARTESIAN_POINT('',(0.,0.,29.));
#5830 = DIRECTION('',(0.,0.,1.));
#5831 = DIRECTION('',(-0.984565905534,0.175014221311,0.));
#5832 = ADVANCED_FACE('',(#5833),#5839,.T.);
#5833 = FACE_BOUND('',#5834,.T.);
#5834 = EDGE_LOOP('',(#5835,#5836,#5837,#5838));
#5835 = ORIENTED_EDGE('',*,*,#4828,.T.);
#5836 = ORIENTED_EDGE('',*,*,#4811,.F.);
#5837 = ORIENTED_EDGE('',*,*,#4746,.F.);
#5838 = ORIENTED_EDGE('',*,*,#4786,.T.);
#5839 = CYLINDRICAL_SURFACE('',#5840,34.);
#5840 = AXIS2_PLACEMENT_3D('',#5841,#5842,#5843);
#5841 = CARTESIAN_POINT('',(0.,0.,29.));
#5842 = DIRECTION('',(0.,0.,1.));
#5843 = DIRECTION('',(-0.999822521528,1.883946509786E-02,0.));
#5844 = ADVANCED_FACE('',(#5845),#5851,.T.);
#5845 = FACE_BOUND('',#5846,.T.);
#5846 = EDGE_LOOP('',(#5847,#5848,#5849,#5850));
#5847 = ORIENTED_EDGE('',*,*,#4926,.T.);
#5848 = ORIENTED_EDGE('',*,*,#4909,.F.);
#5849 = ORIENTED_EDGE('',*,*,#4844,.F.);
#5850 = ORIENTED_EDGE('',*,*,#4884,.T.);
#5851 = CYLINDRICAL_SURFACE('',#5852,34.);
#5852 = AXIS2_PLACEMENT_3D('',#5853,#5854,#5855);
#5853 = CARTESIAN_POINT('',(0.,0.,29.));
#5854 = DIRECTION('',(0.,0.,1.));
#5855 = DIRECTION('',(-0.914108838907,-0.405468902176,0.));
#5856 = ADVANCED_FACE('',(#5857),#5863,.T.);
#5857 = FACE_BOUND('',#5858,.T.);
#5858 = EDGE_LOOP('',(#5859,#5860,#5861,#5862));
#5859 = ORIENTED_EDGE('',*,*,#5024,.T.);
#5860 = ORIENTED_EDGE('',*,*,#5007,.F.);
#5861 = ORIENTED_EDGE('',*,*,#4942,.F.);
#5862 = ORIENTED_EDGE('',*,*,#4982,.T.);
#5863 = CYLINDRICAL_SURFACE('',#5864,34.);
#5864 = AXIS2_PLACEMENT_3D('',#5865,#5866,#5867);
#5865 = CARTESIAN_POINT('',(0.,0.,29.));
#5866 = DIRECTION('',(0.,0.,1.));
#5867 = DIRECTION('',(-0.839425331421,-0.543475034356,0.));
#5868 = ADVANCED_FACE('',(#5869),#5875,.T.);
#5869 = FACE_BOUND('',#5870,.T.);
#5870 = EDGE_LOOP('',(#5871,#5872,#5873,#5874));
#5871 = ORIENTED_EDGE('',*,*,#5122,.T.);
#5872 = ORIENTED_EDGE('',*,*,#5105,.F.);
#5873 = ORIENTED_EDGE('',*,*,#5040,.F.);
#5874 = ORIENTED_EDGE('',*,*,#5080,.T.);
#5875 = CYLINDRICAL_SURFACE('',#5876,34.);
#5876 = AXIS2_PLACEMENT_3D('',#5877,#5878,#5879);
#5877 = CARTESIAN_POINT('',(0.,0.,29.));
#5878 = DIRECTION('',(0.,0.,1.));
#5879 = DIRECTION('',(-0.744072386383,-0.6680990075,0.));
#5880 = ADVANCED_FACE('',(#5881),#5887,.T.);
#5881 = FACE_BOUND('',#5882,.T.);
#5882 = EDGE_LOOP('',(#5883,#5884,#5885,#5886));
#5883 = ORIENTED_EDGE('',*,*,#5220,.T.);
#5884 = ORIENTED_EDGE('',*,*,#5203,.F.);
#5885 = ORIENTED_EDGE('',*,*,#5138,.F.);
#5886 = ORIENTED_EDGE('',*,*,#5178,.T.);
#5887 = CYLINDRICAL_SURFACE('',#5888,34.);
#5888 = AXIS2_PLACEMENT_3D('',#5889,#5890,#5891);
#5889 = CARTESIAN_POINT('',(0.,0.,29.));
#5890 = DIRECTION('',(0.,0.,1.));
#5891 = DIRECTION('',(-0.630397909757,-0.776272165786,0.));
#5892 = ADVANCED_FACE('',(#5893),#5899,.T.);
#5893 = FACE_BOUND('',#5894,.T.);
#5894 = EDGE_LOOP('',(#5895,#5896,#5897,#5898));
#5895 = ORIENTED_EDGE('',*,*,#5318,.T.);
#5896 = ORIENTED_EDGE('',*,*,#5301,.F.);
#5897 = ORIENTED_EDGE('',*,*,#5236,.F.);
#5898 = ORIENTED_EDGE('',*,*,#5276,.T.);
#5899 = CYLINDRICAL_SURFACE('',#5900,34.);
#5900 = AXIS2_PLACEMENT_3D('',#5901,#5902,#5903);
#5901 = CARTESIAN_POINT('',(0.,0.,29.));
#5902 = DIRECTION('',(0.,0.,1.));
#5903 = DIRECTION('',(-0.501200944422,-0.865330927051,0.));
#5904 = ADVANCED_FACE('',(#5905,#5916),#5919,.F.);
#5905 = FACE_BOUND('',#5906,.F.);
#5906 = EDGE_LOOP('',(#5907));
#5907 = ORIENTED_EDGE('',*,*,#5908,.T.);
#5908 = EDGE_CURVE('',#5909,#5909,#5911,.T.);
#5909 = VERTEX_POINT('',#5910);
#5910 = CARTESIAN_POINT('',(34.5,-8.E-15,116.7));
#5911 = CIRCLE('',#5912,34.5);
#5912 = AXIS2_PLACEMENT_3D('',#5913,#5914,#5915);
#5913 = CARTESIAN_POINT('',(0.,0.,116.7));
#5914 = DIRECTION('',(0.,0.,1.));
#5915 = DIRECTION('',(1.,0.,0.));
#5916 = FACE_BOUND('',#5917,.F.);
#5917 = EDGE_LOOP('',(#5918));
#5918 = ORIENTED_EDGE('',*,*,#5635,.F.);
#5919 = PLANE('',#5920);
#5920 = AXIS2_PLACEMENT_3D('',#5921,#5922,#5923);
#5921 = CARTESIAN_POINT('',(0.,0.,116.7));
#5922 = DIRECTION('',(0.,0.,1.));
#5923 = DIRECTION('',(1.,0.,0.));
#5924 = ADVANCED_FACE('',(#5925),#5951,.F.);
#5925 = FACE_BOUND('',#5926,.F.);
#5926 = EDGE_LOOP('',(#5927,#5928,#5936,#5945));
#5927 = ORIENTED_EDGE('',*,*,#5693,.F.);
#5928 = ORIENTED_EDGE('',*,*,#5929,.T.);
#5929 = EDGE_CURVE('',#5694,#5930,#5932,.T.);
#5930 = VERTEX_POINT('',#5931);
#5931 = CARTESIAN_POINT('',(19.053021043047,-28.76164788626,78.586438));
#5932 = LINE('',#5933,#5934);
#5933 = CARTESIAN_POINT('',(15.573875687217,1.774419000037,78.586438));
#5934 = VECTOR('',#5935,1.);
#5935 = DIRECTION('',(0.113203213768,-0.993571855677,0.));
#5936 = ORIENTED_EDGE('',*,*,#5937,.T.);
#5937 = EDGE_CURVE('',#5930,#5938,#5940,.T.);
#5938 = VERTEX_POINT('',#5939);
#5939 = CARTESIAN_POINT('',(11.634920257963,-32.47889515656,83.0901455)
  );
#5940 = ELLIPSE('',#5941,39.849227772218,34.5);
#5941 = AXIS2_PLACEMENT_3D('',#5942,#5943,#5944);
#5942 = CARTESIAN_POINT('',(0.,0.,87.647145363809));
#5943 = DIRECTION('',(-0.497236668115,-5.665296225157E-02,
    -0.865763326637));
#5944 = DIRECTION('',(-0.860198075024,-9.800719093773E-02,0.500453656446
    ));
#5945 = ORIENTED_EDGE('',*,*,#5946,.F.);
#5946 = EDGE_CURVE('',#5696,#5938,#5947,.T.);
#5947 = LINE('',#5948,#5949);
#5948 = CARTESIAN_POINT('',(7.832738277047,0.892427800263,83.0901455));
#5949 = VECTOR('',#5950,1.);
#5950 = DIRECTION('',(0.113203213768,-0.993571855677,0.));
#5951 = PLANE('',#5952);
#5952 = AXIS2_PLACEMENT_3D('',#5953,#5954,#5955);
#5953 = CARTESIAN_POINT('',(15.573875687217,1.774419000037,78.586438));
#5954 = DIRECTION('',(-0.497236668115,-5.665296225157E-02,
    -0.865763326637));
#5955 = DIRECTION('',(-0.860198075024,-9.800719093773E-02,0.500453656446
    ));
#5956 = ADVANCED_FACE('',(#5957),#5976,.F.);
#5957 = FACE_BOUND('',#5958,.F.);
#5958 = EDGE_LOOP('',(#5959,#5960,#5961,#5970));
#5959 = ORIENTED_EDGE('',*,*,#5749,.F.);
#5960 = ORIENTED_EDGE('',*,*,#5946,.T.);
#5961 = ORIENTED_EDGE('',*,*,#5962,.T.);
#5962 = EDGE_CURVE('',#5938,#5963,#5965,.T.);
#5963 = VERTEX_POINT('',#5964);
#5964 = CARTESIAN_POINT('',(3.905510874993,-34.27822902084,87.595841));
#5965 = ELLIPSE('',#5966,39.737340307706,34.5);
#5966 = AXIS2_PLACEMENT_3D('',#5967,#5968,#5969);
#5967 = CARTESIAN_POINT('',(0.,0.,87.595841));
#5968 = DIRECTION('',(-0.493022891509,-5.61728630507E-02,-0.86820103542)
  );
#5969 = DIRECTION('',(-0.862620113863,-9.82831474062E-02,0.496212617831)
  );
#5970 = ORIENTED_EDGE('',*,*,#5971,.F.);
#5971 = EDGE_CURVE('',#5741,#5963,#5972,.T.);
#5972 = LINE('',#5973,#5974);
#5973 = CARTESIAN_POINT('',(0.,0.,87.595841));
#5974 = VECTOR('',#5975,1.);
#5975 = DIRECTION('',(0.113203213768,-0.993571855677,0.));
#5976 = PLANE('',#5977);
#5977 = AXIS2_PLACEMENT_3D('',#5978,#5979,#5980);
#5978 = CARTESIAN_POINT('',(7.832738277047,0.892427800263,83.0901455));
#5979 = DIRECTION('',(-0.493022891509,-5.61728630507E-02,-0.86820103542)
  );
#5980 = DIRECTION('',(-0.862620113863,-9.82831474062E-02,0.496212617831)
  );
#5981 = ADVANCED_FACE('',(#5982),#6001,.F.);
#5982 = FACE_BOUND('',#5983,.F.);
#5983 = EDGE_LOOP('',(#5984,#5985,#5986,#5995));
#5984 = ORIENTED_EDGE('',*,*,#5740,.F.);
#5985 = ORIENTED_EDGE('',*,*,#5971,.T.);
#5986 = ORIENTED_EDGE('',*,*,#5987,.T.);
#5987 = EDGE_CURVE('',#5963,#5988,#5990,.T.);
#5988 = VERTEX_POINT('',#5989);
#5989 = CARTESIAN_POINT('',(-12.09473033138,-32.31048588633,78.5957035)
  );
#5990 = ELLIPSE('',#5991,39.78267733729,34.5);
#5991 = AXIS2_PLACEMENT_3D('',#5992,#5993,#5994);
#5992 = CARTESIAN_POINT('',(0.,0.,87.595841));
#5993 = DIRECTION('',(0.494738935583,5.636838157611E-02,-0.867211618451)
  );
#5994 = DIRECTION('',(0.861637057009,9.817114222556E-02,0.497939764252)
  );
#5995 = ORIENTED_EDGE('',*,*,#5996,.F.);
#5996 = EDGE_CURVE('',#5732,#5988,#5997,.T.);
#5997 = LINE('',#5998,#5999);
#5998 = CARTESIAN_POINT('',(-15.57387568721,-1.774419000037,78.5957035)
  );
#5999 = VECTOR('',#6000,1.);
#6000 = DIRECTION('',(0.113203213768,-0.993571855677,0.));
#6001 = PLANE('',#6002);
#6002 = AXIS2_PLACEMENT_3D('',#6003,#6004,#6005);
#6003 = CARTESIAN_POINT('',(0.,0.,87.595841));
#6004 = DIRECTION('',(0.494738935583,5.636838157611E-02,-0.867211618451)
  );
#6005 = DIRECTION('',(-0.861637057009,-9.817114222556E-02,
    -0.497939764252));
#6006 = ADVANCED_FACE('',(#6007),#6026,.F.);
#6007 = FACE_BOUND('',#6008,.F.);
#6008 = EDGE_LOOP('',(#6009,#6010,#6011,#6020));
#6009 = ORIENTED_EDGE('',*,*,#5731,.F.);
#6010 = ORIENTED_EDGE('',*,*,#5996,.T.);
#6011 = ORIENTED_EDGE('',*,*,#6012,.T.);
#6012 = EDGE_CURVE('',#5988,#6013,#6015,.T.);
#6013 = VERTEX_POINT('',#6014);
#6014 = CARTESIAN_POINT('',(-12.14101337817,-32.29312301638,60.44679));
#6015 = ELLIPSE('',#6016,1.422397450092E+04,34.5);
#6016 = AXIS2_PLACEMENT_3D('',#6017,#6018,#6019);
#6017 = CARTESIAN_POINT('',(0.,0.,6.541057895336E+03));
#6018 = DIRECTION('',(0.993568933098,0.113202880782,-2.425482413355E-03)
  );
#6019 = DIRECTION('',(2.409891062348E-03,2.745724041293E-04,
    0.999997058513));
#6020 = ORIENTED_EDGE('',*,*,#6021,.F.);
#6021 = EDGE_CURVE('',#5723,#6013,#6022,.T.);
#6022 = LINE('',#6023,#6024);
#6023 = CARTESIAN_POINT('',(-15.6176127203,-1.779402205507,60.44679));
#6024 = VECTOR('',#6025,1.);
#6025 = DIRECTION('',(0.113203213768,-0.993571855677,0.));
#6026 = PLANE('',#6027);
#6027 = AXIS2_PLACEMENT_3D('',#6028,#6029,#6030);
#6028 = CARTESIAN_POINT('',(-15.57387568721,-1.774419000037,78.5957035)
  );
#6029 = DIRECTION('',(0.993568933098,0.113202880782,-2.425482413355E-03)
  );
#6030 = DIRECTION('',(-2.409891062348E-03,-2.745724041293E-04,
    -0.999997058513));
#6031 = ADVANCED_FACE('',(#6032),#6051,.F.);
#6032 = FACE_BOUND('',#6033,.F.);
#6033 = EDGE_LOOP('',(#6034,#6035,#6036,#6045));
#6034 = ORIENTED_EDGE('',*,*,#5722,.F.);
#6035 = ORIENTED_EDGE('',*,*,#6021,.T.);
#6036 = ORIENTED_EDGE('',*,*,#6037,.T.);
#6037 = EDGE_CURVE('',#6013,#6038,#6040,.T.);
#6038 = VERTEX_POINT('',#6039);
#6039 = CARTESIAN_POINT('',(3.896586977026,-34.27924459393,51.38222));
#6040 = ELLIPSE('',#6041,39.831225135379,34.5);
#6041 = AXIS2_PLACEMENT_3D('',#6042,#6043,#6044);
#6042 = CARTESIAN_POINT('',(0.,0.,51.377037623801));
#6043 = DIRECTION('',(0.496563476866,5.657626179705E-02,0.866154628253)
  );
#6044 = DIRECTION('',(-0.860586861296,-9.80514875382E-02,0.499776109829)
  );
#6045 = ORIENTED_EDGE('',*,*,#6046,.F.);
#6046 = EDGE_CURVE('',#5714,#6038,#6047,.T.);
#6047 = LINE('',#6048,#6049);
#6048 = CARTESIAN_POINT('',(-8.923765621759E-03,-1.016734664456E-03,
    51.38222));
#6049 = VECTOR('',#6050,1.);
#6050 = DIRECTION('',(0.113203213768,-0.993571855677,0.));
#6051 = PLANE('',#6052);
#6052 = AXIS2_PLACEMENT_3D('',#6053,#6054,#6055);
#6053 = CARTESIAN_POINT('',(-15.6176127203,-1.779402205507,60.44679));
#6054 = DIRECTION('',(0.496563476866,5.657626179706E-02,0.866154628253)
  );
#6055 = DIRECTION('',(0.860586861296,9.80514875382E-02,-0.499776109829)
  );
#6056 = ADVANCED_FACE('',(#6057),#6076,.F.);
#6057 = FACE_BOUND('',#6058,.F.);
#6058 = EDGE_LOOP('',(#6059,#6060,#6061,#6070));
#6059 = ORIENTED_EDGE('',*,*,#5713,.F.);
#6060 = ORIENTED_EDGE('',*,*,#6046,.T.);
#6061 = ORIENTED_EDGE('',*,*,#6062,.T.);
#6062 = EDGE_CURVE('',#6038,#6063,#6065,.T.);
#6063 = VERTEX_POINT('',#6064);
#6064 = CARTESIAN_POINT('',(19.09168771067,-28.73599589988,60.44679));
#6065 = ELLIPSE('',#6066,39.821570757247,34.5);
#6066 = AXIS2_PLACEMENT_3D('',#6067,#6068,#6069);
#6067 = CARTESIAN_POINT('',(0.,0.,51.387397345402));
#6068 = DIRECTION('',(-0.49620170779,-5.653504341736E-02,0.866364619575)
  );
#6069 = DIRECTION('',(0.860795502764,9.807525923075E-02,0.499412000204)
  );
#6070 = ORIENTED_EDGE('',*,*,#6071,.F.);
#6071 = EDGE_CURVE('',#5705,#6063,#6072,.T.);
#6072 = LINE('',#6073,#6074);
#6073 = CARTESIAN_POINT('',(15.614932063438,1.779096783237,60.44679));
#6074 = VECTOR('',#6075,1.);
#6075 = DIRECTION('',(0.113203213768,-0.993571855677,0.));
#6076 = PLANE('',#6077);
#6077 = AXIS2_PLACEMENT_3D('',#6078,#6079,#6080);
#6078 = CARTESIAN_POINT('',(-8.923765621759E-03,-1.016734664456E-03,
    51.38222));
#6079 = DIRECTION('',(-0.49620170779,-5.653504341736E-02,0.866364619575)
  );
#6080 = DIRECTION('',(0.860795502764,9.807525923075E-02,0.499412000204)
  );
#6081 = ADVANCED_FACE('',(#6082),#6094,.F.);
#6082 = FACE_BOUND('',#6083,.F.);
#6083 = EDGE_LOOP('',(#6084,#6085,#6086,#6093));
#6084 = ORIENTED_EDGE('',*,*,#5704,.F.);
#6085 = ORIENTED_EDGE('',*,*,#6071,.T.);
#6086 = ORIENTED_EDGE('',*,*,#6087,.T.);
#6087 = EDGE_CURVE('',#6063,#5930,#6088,.T.);
#6088 = ELLIPSE('',#6089,1.514494651183E+04,34.5);
#6089 = AXIS2_PLACEMENT_3D('',#6090,#6091,#6092);
#6090 = CARTESIAN_POINT('',(0.,0.,6.959481659883E+03));
#6091 = DIRECTION('',(-0.993569277738,-0.113202920049,
    -2.277987576453E-03));
#6092 = DIRECTION('',(-2.263344343545E-03,-2.578755145779E-04,
    0.999997405383));
#6093 = ORIENTED_EDGE('',*,*,#5929,.F.);
#6094 = PLANE('',#6095);
#6095 = AXIS2_PLACEMENT_3D('',#6096,#6097,#6098);
#6096 = CARTESIAN_POINT('',(15.614932063438,1.779096783237,60.44679));
#6097 = DIRECTION('',(-0.993569277738,-0.113202920049,
    -2.277987576453E-03));
#6098 = DIRECTION('',(-2.263344343545E-03,-2.578755145779E-04,
    0.999997405383));
#6099 = ADVANCED_FACE('',(#6100),#6122,.F.);
#6100 = FACE_BOUND('',#6101,.F.);
#6101 = EDGE_LOOP('',(#6102,#6111,#6118,#6119,#6120,#6121));
#6102 = ORIENTED_EDGE('',*,*,#6103,.F.);
#6103 = EDGE_CURVE('',#6104,#202,#6106,.T.);
#6104 = VERTEX_POINT('',#6105);
#6105 = CARTESIAN_POINT('',(34.,-8.E-15,124.2));
#6106 = CIRCLE('',#6107,34.);
#6107 = AXIS2_PLACEMENT_3D('',#6108,#6109,#6110);
#6108 = CARTESIAN_POINT('',(0.,0.,124.2));
#6109 = DIRECTION('',(0.,0.,1.));
#6110 = DIRECTION('',(1.,0.,0.));
#6111 = ORIENTED_EDGE('',*,*,#6112,.F.);
#6112 = EDGE_CURVE('',#194,#6104,#6113,.T.);
#6113 = CIRCLE('',#6114,34.);
#6114 = AXIS2_PLACEMENT_3D('',#6115,#6116,#6117);
#6115 = CARTESIAN_POINT('',(0.,0.,124.2));
#6116 = DIRECTION('',(0.,0.,1.));
#6117 = DIRECTION('',(1.,0.,0.));
#6118 = ORIENTED_EDGE('',*,*,#193,.F.);
#6119 = ORIENTED_EDGE('',*,*,#21,.T.);
#6120 = ORIENTED_EDGE('',*,*,#48,.T.);
#6121 = ORIENTED_EDGE('',*,*,#223,.T.);
#6122 = PLANE('',#6123);
#6123 = AXIS2_PLACEMENT_3D('',#6124,#6125,#6126);
#6124 = CARTESIAN_POINT('',(0.,0.,124.2));
#6125 = DIRECTION('',(0.,0.,1.));
#6126 = DIRECTION('',(1.,0.,0.));
#6127 = ADVANCED_FACE('',(#6128),#6149,.T.);
#6128 = FACE_BOUND('',#6129,.T.);
#6129 = EDGE_LOOP('',(#6130,#6138,#6139,#6140,#6141,#6142));
#6130 = ORIENTED_EDGE('',*,*,#6131,.T.);
#6131 = EDGE_CURVE('',#6132,#6104,#6134,.T.);
#6132 = VERTEX_POINT('',#6133);
#6133 = CARTESIAN_POINT('',(34.,-8.E-15,122.8));
#6134 = LINE('',#6135,#6136);
#6135 = CARTESIAN_POINT('',(34.,-8.33E-15,121.8));
#6136 = VECTOR('',#6137,1.);
#6137 = DIRECTION('',(0.,0.,1.));
#6138 = ORIENTED_EDGE('',*,*,#6112,.F.);
#6139 = ORIENTED_EDGE('',*,*,#201,.T.);
#6140 = ORIENTED_EDGE('',*,*,#6103,.F.);
#6141 = ORIENTED_EDGE('',*,*,#6131,.F.);
#6142 = ORIENTED_EDGE('',*,*,#6143,.T.);
#6143 = EDGE_CURVE('',#6132,#6132,#6144,.T.);
#6144 = CIRCLE('',#6145,34.);
#6145 = AXIS2_PLACEMENT_3D('',#6146,#6147,#6148);
#6146 = CARTESIAN_POINT('',(0.,0.,122.8));
#6147 = DIRECTION('',(0.,0.,1.));
#6148 = DIRECTION('',(1.,0.,0.));
#6149 = CYLINDRICAL_SURFACE('',#6150,34.);
#6150 = AXIS2_PLACEMENT_3D('',#6151,#6152,#6153);
#6151 = CARTESIAN_POINT('',(0.,0.,121.8));
#6152 = DIRECTION('',(0.,0.,1.));
#6153 = DIRECTION('',(1.,0.,0.));
#6154 = ADVANCED_FACE('',(#6155),#6174,.T.);
#6155 = FACE_BOUND('',#6156,.T.);
#6156 = EDGE_LOOP('',(#6157,#6165,#6166,#6167));
#6157 = ORIENTED_EDGE('',*,*,#6158,.F.);
#6158 = EDGE_CURVE('',#5909,#6159,#6161,.T.);
#6159 = VERTEX_POINT('',#6160);
#6160 = CARTESIAN_POINT('',(34.5,-8.E-15,117.8));
#6161 = LINE('',#6162,#6163);
#6162 = CARTESIAN_POINT('',(34.5,-8.45E-15,8.));
#6163 = VECTOR('',#6164,1.);
#6164 = DIRECTION('',(0.,0.,1.));
#6165 = ORIENTED_EDGE('',*,*,#5908,.T.);
#6166 = ORIENTED_EDGE('',*,*,#6158,.T.);
#6167 = ORIENTED_EDGE('',*,*,#6168,.F.);
#6168 = EDGE_CURVE('',#6159,#6159,#6169,.T.);
#6169 = CIRCLE('',#6170,34.5);
#6170 = AXIS2_PLACEMENT_3D('',#6171,#6172,#6173);
#6171 = CARTESIAN_POINT('',(0.,0.,117.8));
#6172 = DIRECTION('',(0.,0.,1.));
#6173 = DIRECTION('',(1.,0.,0.));
#6174 = CYLINDRICAL_SURFACE('',#6175,34.5);
#6175 = AXIS2_PLACEMENT_3D('',#6176,#6177,#6178);
#6176 = CARTESIAN_POINT('',(0.,0.,8.));
#6177 = DIRECTION('',(0.,0.,1.));
#6178 = DIRECTION('',(1.,0.,0.));
#6179 = ADVANCED_FACE('',(#6180,#6189,#6281,#6436,#7239,#7367),#7486,.T.
  );
#6180 = FACE_BOUND('',#6181,.T.);
#6181 = EDGE_LOOP('',(#6182,#6183,#6184,#6185,#6186,#6187,#6188));
#6182 = ORIENTED_EDGE('',*,*,#6087,.T.);
#6183 = ORIENTED_EDGE('',*,*,#5937,.T.);
#6184 = ORIENTED_EDGE('',*,*,#5962,.T.);
#6185 = ORIENTED_EDGE('',*,*,#5987,.T.);
#6186 = ORIENTED_EDGE('',*,*,#6012,.T.);
#6187 = ORIENTED_EDGE('',*,*,#6037,.T.);
#6188 = ORIENTED_EDGE('',*,*,#6062,.T.);
#6189 = FACE_BOUND('',#6190,.T.);
#6190 = EDGE_LOOP('',(#6191,#6202,#6211,#6220,#6229,#6238,#6247,#6256,
    #6265,#6274));
#6191 = ORIENTED_EDGE('',*,*,#6192,.T.);
#6192 = EDGE_CURVE('',#6193,#6195,#6197,.T.);
#6193 = VERTEX_POINT('',#6194);
#6194 = CARTESIAN_POINT('',(-3.463759145541,-34.32568094855,64.181035));
#6195 = VERTEX_POINT('',#6196);
#6196 = CARTESIAN_POINT('',(-3.770502805913,-34.29334204463,64.4500895)
  );
#6197 = ELLIPSE('',#6198,46.266190346427,34.5);
#6198 = AXIS2_PLACEMENT_3D('',#6199,#6200,#6201);
#6199 = CARTESIAN_POINT('',(0.,0.,57.633830695708));
#6200 = DIRECTION('',(-0.662015678201,-7.542715900109E-02,
    -0.745684910335));
#6201 = DIRECTION('',(-0.740891540111,-8.441392830811E-02,0.666298742682
    ));
#6202 = ORIENTED_EDGE('',*,*,#6203,.T.);
#6203 = EDGE_CURVE('',#6195,#6204,#6206,.T.);
#6204 = VERTEX_POINT('',#6205);
#6205 = CARTESIAN_POINT('',(-4.046636220978,-34.26185539773,64.816485));
#6206 = ELLIPSE('',#6207,58.045376998351,34.5);
#6207 = AXIS2_PLACEMENT_3D('',#6208,#6209,#6210);
#6208 = CARTESIAN_POINT('',(0.,0.,54.128572638175));
#6209 = DIRECTION('',(-0.799027696685,-9.10377066717E-02,-0.594362579486
    ));
#6210 = DIRECTION('',(-0.590541931045,-6.728375414124E-02,0.804197192302
    ));
#6211 = ORIENTED_EDGE('',*,*,#6212,.T.);
#6212 = EDGE_CURVE('',#6204,#6213,#6215,.T.);
#6213 = VERTEX_POINT('',#6214);
#6214 = CARTESIAN_POINT('',(-4.059819521318,-34.26029575841,65.6027035)
  );
#6215 = ELLIPSE('',#6216,2.099381023026E+03,34.5);
#6216 = AXIS2_PLACEMENT_3D('',#6217,#6218,#6219);
#6217 = CARTESIAN_POINT('',(0.,0.,-415.7962921208));
#6218 = DIRECTION('',(-0.993437686033,-0.113187927068,
    -1.643341519315E-02));
#6219 = DIRECTION('',(-1.632777882856E-02,-1.860315413047E-03,
    0.999864962315));
#6220 = ORIENTED_EDGE('',*,*,#6221,.T.);
#6221 = EDGE_CURVE('',#6213,#6222,#6224,.T.);
#6222 = VERTEX_POINT('',#6223);
#6223 = CARTESIAN_POINT('',(-3.935869248449,-34.27475650182,65.872752));
#6224 = ELLIPSE('',#6225,84.074627157826,34.5);
#6225 = AXIS2_PLACEMENT_3D('',#6226,#6227,#6228);
#6226 = CARTESIAN_POINT('',(0.,0.,83.185913983786));
#6227 = DIRECTION('',(-0.906066227989,-0.103233206847,0.41034972341));
#6228 = DIRECTION('',(0.407711936165,4.645290745877E-02,0.911928234291)
  );
#6229 = ORIENTED_EDGE('',*,*,#6230,.T.);
#6230 = EDGE_CURVE('',#6222,#6231,#6233,.T.);
#6231 = VERTEX_POINT('',#6232);
#6232 = CARTESIAN_POINT('',(-3.463759145541,-34.32568094855,66.301734));
#6233 = ELLIPSE('',#6234,47.017589744369,34.5);
#6234 = AXIS2_PLACEMENT_3D('',#6235,#6236,#6237);
#6235 = CARTESIAN_POINT('',(0.,0.,73.086098628304));
#6236 = DIRECTION('',(-0.675032901043,-7.691028420398E-02,0.733767940628
    ));
#6237 = DIRECTION('',(0.729051174405,8.306488903891E-02,0.679400183476)
  );
#6238 = ORIENTED_EDGE('',*,*,#6239,.T.);
#6239 = EDGE_CURVE('',#6231,#6240,#6242,.T.);
#6240 = VERTEX_POINT('',#6241);
#6241 = CARTESIAN_POINT('',(-0.924079460786,-34.48762208604,66.301734));
#6242 = CIRCLE('',#6243,34.5);
#6243 = AXIS2_PLACEMENT_3D('',#6244,#6245,#6246);
#6244 = CARTESIAN_POINT('',(0.,0.,66.301734));
#6245 = DIRECTION('',(0.,0.,1.));
#6246 = DIRECTION('',(1.,0.,0.));
#6247 = ORIENTED_EDGE('',*,*,#6248,.T.);
#6248 = EDGE_CURVE('',#6240,#6249,#6251,.T.);
#6249 = VERTEX_POINT('',#6250);
#6250 = CARTESIAN_POINT('',(-0.345510474962,-34.49826984809,65.6468655)
  );
#6251 = ELLIPSE('',#6252,52.358616670073,34.5);
#6252 = AXIS2_PLACEMENT_3D('',#6253,#6254,#6255);
#6253 = CARTESIAN_POINT('',(0.,0.,60.796688681416));
#6254 = DIRECTION('',(0.74738001233,8.515319633732E-02,0.658917331934));
#6255 = DIRECTION('',(-0.654681716227,-7.45915595823E-02,0.752215361234)
  );
#6256 = ORIENTED_EDGE('',*,*,#6257,.T.);
#6257 = EDGE_CURVE('',#6249,#6258,#6260,.T.);
#6258 = VERTEX_POINT('',#6259);
#6259 = CARTESIAN_POINT('',(-0.341218046242,-34.49831257097,64.7579455)
  );
#6260 = ELLIPSE('',#6261,7.199082667256E+03,34.5);
#6261 = AXIS2_PLACEMENT_3D('',#6262,#6263,#6264);
#6262 = CARTESIAN_POINT('',(0.,0.,-820.8952734999));
#6263 = DIRECTION('',(0.993560446465,0.113201913852,4.792277237893E-03)
  );
#6264 = DIRECTION('',(-4.76147178817E-03,-5.425011845962E-04,
    0.999988516974));
#6265 = ORIENTED_EDGE('',*,*,#6266,.T.);
#6266 = EDGE_CURVE('',#6258,#6267,#6269,.T.);
#6267 = VERTEX_POINT('',#6268);
#6268 = CARTESIAN_POINT('',(-0.835319104718,-34.48988608263,64.181035));
#6269 = ELLIPSE('',#6270,53.295078827827,34.5);
#6270 = AXIS2_PLACEMENT_3D('',#6271,#6272,#6273);
#6271 = CARTESIAN_POINT('',(0.,0.,69.755398222033));
#6272 = DIRECTION('',(0.757302402166,8.62837098591E-02,-0.647339318353)
  );
#6273 = DIRECTION('',(0.643178127789,7.328089123594E-02,0.76220194628));
#6274 = ORIENTED_EDGE('',*,*,#6275,.F.);
#6275 = EDGE_CURVE('',#6193,#6267,#6276,.T.);
#6276 = CIRCLE('',#6277,34.5);
#6277 = AXIS2_PLACEMENT_3D('',#6278,#6279,#6280);
#6278 = CARTESIAN_POINT('',(0.,0.,64.181035));
#6279 = DIRECTION('',(0.,0.,1.));
#6280 = DIRECTION('',(1.,0.,0.));
#6281 = FACE_BOUND('',#6282,.T.);
#6282 = EDGE_LOOP('',(#6283,#6294,#6303,#6312,#6321,#6330,#6339,#6348,
    #6357,#6366,#6375,#6384,#6393,#6402,#6411,#6420,#6429));
#6283 = ORIENTED_EDGE('',*,*,#6284,.T.);
#6284 = EDGE_CURVE('',#6285,#6287,#6289,.T.);
#6285 = VERTEX_POINT('',#6286);
#6286 = CARTESIAN_POINT('',(-3.655499745863,-34.30579137125,68.434574));
#6287 = VERTEX_POINT('',#6288);
#6288 = CARTESIAN_POINT('',(-4.847480142018,-34.15775074961,68.486546));
#6289 = ELLIPSE('',#6290,34.534162916763,34.5);
#6290 = AXIS2_PLACEMENT_3D('',#6291,#6292,#6293);
#6291 = CARTESIAN_POINT('',(0.,0.,68.100032595275));
#6292 = DIRECTION('',(-4.418347303087E-02,-5.034070876651E-03,
    -0.999010750113));
#6293 = DIRECTION('',(-0.992588964831,-0.113091227501,4.446932829109E-02
    ));
#6294 = ORIENTED_EDGE('',*,*,#6295,.T.);
#6295 = EDGE_CURVE('',#6287,#6296,#6298,.T.);
#6296 = VERTEX_POINT('',#6297);
#6297 = CARTESIAN_POINT('',(-5.221132204229,-34.10263594659,68.675761));
#6298 = ELLIPSE('',#6299,38.859920375152,34.5);
#6299 = AXIS2_PLACEMENT_3D('',#6300,#6301,#6302);
#6300 = CARTESIAN_POINT('',(0.,0.,63.985393139662));
#6301 = DIRECTION('',(-0.457263018803,-5.209854020113E-02,-0.8878041866)
  );
#6302 = DIRECTION('',(-0.882097253158,-0.10050228712,0.460221388307));
#6303 = ORIENTED_EDGE('',*,*,#6304,.T.);
#6304 = EDGE_CURVE('',#6296,#6305,#6307,.T.);
#6305 = VERTEX_POINT('',#6306);
#6306 = CARTESIAN_POINT('',(-5.478632065411,-34.06221646769,69.031684));
#6307 = ELLIPSE('',#6308,59.820228926355,34.5);
#6308 = AXIS2_PLACEMENT_3D('',#6309,#6310,#6311);
#6309 = CARTESIAN_POINT('',(0.,0.,55.859113564566));
#6310 = DIRECTION('',(-0.811684863758,-9.24798087015E-02,-0.57672798348)
  );
#6311 = DIRECTION('',(-0.573020692767,-6.52874611998E-02,0.816936247862)
  );
#6312 = ORIENTED_EDGE('',*,*,#6313,.T.);
#6313 = EDGE_CURVE('',#6305,#6314,#6316,.T.);
#6314 = VERTEX_POINT('',#6315);
#6315 = CARTESIAN_POINT('',(-5.584383938978,-34.04503864033,69.4766055)
  );
#6316 = ELLIPSE('',#6317,152.78889397613,34.5);
#6317 = AXIS2_PLACEMENT_3D('',#6318,#6319,#6320);
#6318 = CARTESIAN_POINT('',(0.,0.,28.911557799999));
#6319 = DIRECTION('',(-0.967911148036,-0.110279545433,-0.225801752354));
#6320 = DIRECTION('',(-0.224350266101,-2.556148404087E-02,0.97417327444)
  );
#6321 = ORIENTED_EDGE('',*,*,#6322,.T.);
#6322 = EDGE_CURVE('',#6314,#6323,#6325,.T.);
#6323 = VERTEX_POINT('',#6324);
#6324 = CARTESIAN_POINT('',(-5.50294607234,-34.05829685296,69.9327805));
#6325 = ELLIPSE('',#6326,201.15892699612,34.5);
#6326 = AXIS2_PLACEMENT_3D('',#6327,#6328,#6329);
#6327 = CARTESIAN_POINT('',(0.,0.,123.4873584392));
#6328 = DIRECTION('',(-0.978850144489,-0.111525886649,0.171506184265));
#6329 = DIRECTION('',(0.17040371776,1.94150512399E-02,0.985183043276));
#6330 = ORIENTED_EDGE('',*,*,#6331,.T.);
#6331 = EDGE_CURVE('',#6323,#6332,#6334,.T.);
#6332 = VERTEX_POINT('',#6333);
#6333 = CARTESIAN_POINT('',(-5.298488836612,-34.0907027802,70.2534875));
#6334 = ELLIPSE('',#6335,65.321632090064,34.5);
#6335 = AXIS2_PLACEMENT_3D('',#6336,#6337,#6338);
#6336 = CARTESIAN_POINT('',(0.,0.,84.92205150089));
#6337 = DIRECTION('',(-0.843689031363,-9.612622300578E-02,0.528155817547
    ));
#6338 = DIRECTION('',(0.524760755726,5.978893591648E-02,0.849147473877)
  );
#6339 = ORIENTED_EDGE('',*,*,#6340,.T.);
#6340 = EDGE_CURVE('',#6332,#6341,#6343,.T.);
#6341 = VERTEX_POINT('',#6342);
#6342 = CARTESIAN_POINT('',(-4.980139865745,-34.13866146933,70.45282));
#6343 = ELLIPSE('',#6344,40.983025265149,34.5);
#6344 = AXIS2_PLACEMENT_3D('',#6345,#6346,#6347);
#6345 = CARTESIAN_POINT('',(0.,0.,76.103556073427));
#6346 = DIRECTION('',(-0.536301205506,-6.110380408222E-02,0.841811939865
    ));
#6347 = DIRECTION('',(0.836400651223,9.529581698094E-02,0.539770930952)
  );
#6348 = ORIENTED_EDGE('',*,*,#6349,.T.);
#6349 = EDGE_CURVE('',#6341,#6350,#6352,.T.);
#6350 = VERTEX_POINT('',#6351);
#6351 = CARTESIAN_POINT('',(-4.044390772985,-34.26212053092,70.572171));
#6352 = ELLIPSE('',#6353,34.791774402961,34.5);
#6353 = AXIS2_PLACEMENT_3D('',#6354,#6355,#6356);
#6354 = CARTESIAN_POINT('',(0.,0.,71.601385992634));
#6355 = DIRECTION('',(-0.128406538382,-1.463007706044E-02,0.991613695824
    ));
#6356 = DIRECTION('',(0.985239459874,0.112253857184,0.129237294362));
#6357 = ORIENTED_EDGE('',*,*,#6358,.T.);
#6358 = EDGE_CURVE('',#6350,#6359,#6361,.T.);
#6359 = VERTEX_POINT('',#6360);
#6360 = CARTESIAN_POINT('',(-2.946756551497,-34.37392363152,70.51956));
#6361 = ELLIPSE('',#6362,34.541068527131,34.5);
#6362 = AXIS2_PLACEMENT_3D('',#6363,#6364,#6365);
#6363 = CARTESIAN_POINT('',(0.,0.,70.18673703379));
#6364 = DIRECTION('',(4.84363968311E-02,5.518630336891E-03,
    0.998811023258));
#6365 = DIRECTION('',(-0.992390521848,-0.11306861778,4.874976737149E-02)
  );
#6366 = ORIENTED_EDGE('',*,*,#6367,.T.);
#6367 = EDGE_CURVE('',#6359,#6368,#6370,.T.);
#6368 = VERTEX_POINT('',#6369);
#6369 = CARTESIAN_POINT('',(-2.525400149113,-34.40744620117,70.3832755)
  );
#6370 = ELLIPSE('',#6371,36.313943966704,34.5);
#6371 = AXIS2_PLACEMENT_3D('',#6372,#6373,#6374);
#6372 = CARTESIAN_POINT('',(0.,0.,68.279414144532));
#6373 = DIRECTION('',(0.310096730373,3.533105960743E-02,0.950048279846)
  );
#6374 = DIRECTION('',(-0.943941232389,-0.107548518513,0.31210297333));
#6375 = ORIENTED_EDGE('',*,*,#6376,.T.);
#6376 = EDGE_CURVE('',#6368,#6377,#6379,.T.);
#6377 = VERTEX_POINT('',#6378);
#6378 = CARTESIAN_POINT('',(-2.351313251408,-34.41978102768,70.1729735)
  );
#6379 = ELLIPSE('',#6380,54.575879507073,34.5);
#6380 = AXIS2_PLACEMENT_3D('',#6381,#6382,#6383);
#6381 = CARTESIAN_POINT('',(0.,0.,62.53339327364));
#6382 = DIRECTION('',(0.769867325054,8.771530199164E-02,0.632147393896)
  );
#6383 = DIRECTION('',(-0.628083859215,-7.156111656408E-02,0.774848160861
    ));
#6384 = ORIENTED_EDGE('',*,*,#6385,.T.);
#6385 = EDGE_CURVE('',#6377,#6386,#6388,.T.);
#6386 = VERTEX_POINT('',#6387);
#6387 = CARTESIAN_POINT('',(-2.190104231992,-34.43041451178,69.747648));
#6388 = ELLIPSE('',#6389,98.542248542487,34.5);
#6389 = AXIS2_PLACEMENT_3D('',#6390,#6391,#6392);
#6390 = CARTESIAN_POINT('',(0.,0.,53.497421454779));
#6391 = DIRECTION('',(0.930689656319,0.106038692133,0.350103640928));
#6392 = DIRECTION('',(-0.347853124196,-3.963285730494E-02,0.936710969621
    ));
#6393 = ORIENTED_EDGE('',*,*,#6394,.T.);
#6394 = EDGE_CURVE('',#6386,#6395,#6397,.T.);
#6395 = VERTEX_POINT('',#6396);
#6396 = CARTESIAN_POINT('',(-2.168222801262,-34.43179939945,69.285651));
#6397 = ELLIPSE('',#6398,739.26434364361,34.5);
#6398 = AXIS2_PLACEMENT_3D('',#6399,#6400,#6401);
#6399 = CARTESIAN_POINT('',(0.,0.,-60.25663610032));
#6400 = DIRECTION('',(0.992489314032,0.113079873727,4.666801570594E-02)
  );
#6401 = DIRECTION('',(-4.636802696569E-02,-5.282969358083E-03,
    0.9989104546));
#6402 = ORIENTED_EDGE('',*,*,#6403,.T.);
#6403 = EDGE_CURVE('',#6395,#6404,#6406,.T.);
#6404 = VERTEX_POINT('',#6405);
#6405 = CARTESIAN_POINT('',(-2.241935066657,-34.42707839995,69.010242));
#6406 = ELLIPSE('',#6407,135.1660295042,34.5);
#6407 = AXIS2_PLACEMENT_3D('',#6408,#6409,#6410);
#6408 = CARTESIAN_POINT('',(0.,0.,92.211433094238));
#6409 = DIRECTION('',(0.960662067182,0.109453616997,-0.255241647081));
#6410 = DIRECTION('',(0.253600916936,2.889417473694E-02,0.96687729397));
#6411 = ORIENTED_EDGE('',*,*,#6412,.T.);
#6412 = EDGE_CURVE('',#6404,#6413,#6415,.T.);
#6413 = VERTEX_POINT('',#6414);
#6414 = CARTESIAN_POINT('',(-2.531201194252,-34.40701993073,68.67711));
#6415 = ELLIPSE('',#6416,53.055877042255,34.5);
#6416 = AXIS2_PLACEMENT_3D('',#6417,#6418,#6419);
#6417 = CARTESIAN_POINT('',(0.,0.,76.16598537998));
#6418 = DIRECTION('',(0.754830043234,8.600202014018E-02,-0.650257839909)
  );
#6419 = DIRECTION('',(0.646077888667,7.361127725553E-02,0.759713591846)
  );
#6420 = ORIENTED_EDGE('',*,*,#6421,.T.);
#6421 = EDGE_CURVE('',#6413,#6422,#6424,.T.);
#6422 = VERTEX_POINT('',#6423);
#6423 = CARTESIAN_POINT('',(-2.983995617192,-34.37071093469,68.498545));
#6424 = ELLIPSE('',#6425,37.164988481927,34.5);
#6425 = AXIS2_PLACEMENT_3D('',#6426,#6427,#6428);
#6426 = CARTESIAN_POINT('',(0.,0.,71.244751551724));
#6427 = DIRECTION('',(0.369459181988,4.20945566424E-02,-0.928293036248)
  );
#6428 = DIRECTION('',(0.922325834636,0.105085755022,0.371849484138));
#6429 = ORIENTED_EDGE('',*,*,#6430,.T.);
#6430 = EDGE_CURVE('',#6422,#6285,#6431,.T.);
#6431 = ELLIPSE('',#6432,34.661757023839,34.5);
#6432 = AXIS2_PLACEMENT_3D('',#6433,#6434,#6435);
#6433 = CARTESIAN_POINT('',(0.,0.,69.163200489213));
#6434 = DIRECTION('',(9.587674694944E-02,1.092377548567E-02,
    -0.995333271082));
#6435 = DIRECTION('',(0.988935125166,0.112674925057,9.649704387425E-02)
  );
#6436 = FACE_BOUND('',#6437,.T.);
#6437 = EDGE_LOOP('',(#6438,#6449,#6458,#6467,#6476,#6485,#6494,#6503,
    #6512,#6521,#6530,#6539,#6548,#6557,#6566,#6575,#6584,#6593,#6602,
    #6611,#6620,#6629,#6638,#6647,#6656,#6665,#6674,#6683,#6692,#6701,
    #6710,#6719,#6728,#6737,#6746,#6755,#6764,#6773,#6782,#6791,#6800,
    #6809,#6818,#6827,#6836,#6845,#6854,#6863,#6872,#6881,#6890,#6899,
    #6908,#6917,#6926,#6935,#6944,#6953,#6962,#6971,#6980,#6989,#6998,
    #7007,#7016,#7025,#7034,#7043,#7052,#7061,#7070,#7079,#7088,#7097,
    #7106,#7115,#7124,#7133,#7142,#7151,#7160,#7169,#7178,#7187,#7196,
    #7205,#7214,#7223,#7232));
#6438 = ORIENTED_EDGE('',*,*,#6439,.T.);
#6439 = EDGE_CURVE('',#6440,#6442,#6444,.T.);
#6440 = VERTEX_POINT('',#6441);
#6441 = CARTESIAN_POINT('',(-1.797130128643,-34.45316129618,59.985787));
#6442 = VERTEX_POINT('',#6443);
#6443 = CARTESIAN_POINT('',(-2.080245387905,-34.43722664684,60.2986485)
  );
#6444 = ELLIPSE('',#6445,51.785017911526,34.5);
#6445 = AXIS2_PLACEMENT_3D('',#6446,#6447,#6448);
#6446 = CARTESIAN_POINT('',(0.,0.,53.621143735107));
#6447 = DIRECTION('',(-0.740965118916,-8.442231155397E-02,
    -0.666215855307));
#6448 = DIRECTION('',(-0.661933323638,-7.541777588385E-02,0.745758965174
    ));
#6449 = ORIENTED_EDGE('',*,*,#6450,.T.);
#6450 = EDGE_CURVE('',#6442,#6451,#6453,.T.);
#6451 = VERTEX_POINT('',#6452);
#6452 = CARTESIAN_POINT('',(-2.321354476608,-34.42181449886,60.682226));
#6453 = ELLIPSE('',#6454,65.473096909233,34.5);
#6454 = AXIS2_PLACEMENT_3D('',#6455,#6456,#6457);
#6455 = CARTESIAN_POINT('',(0.,0.,50.677088746305));
#6456 = DIRECTION('',(-0.844442894591,-9.621211487126E-02,
    -0.526933987067));
#6457 = DIRECTION('',(-0.523546779349,-5.965062077951E-02,0.849906214399
    ));
#6458 = ORIENTED_EDGE('',*,*,#6459,.T.);
#6459 = EDGE_CURVE('',#6451,#6460,#6462,.T.);
#6460 = VERTEX_POINT('',#6461);
#6461 = CARTESIAN_POINT('',(-2.257990052364,-34.4260291193,61.315901));
#6462 = ELLIPSE('',#6463,351.59729466245,34.5);
#6463 = AXIS2_PLACEMENT_3D('',#6464,#6465,#6466);
#6464 = CARTESIAN_POINT('',(0.,0.,123.59427209374));
#6465 = DIRECTION('',(-0.988777109802,-0.11265692148,9.812362189283E-02)
  );
#6466 = DIRECTION('',(9.749286908977E-02,1.110790934482E-02,
    0.995174233402));
#6467 = ORIENTED_EDGE('',*,*,#6468,.T.);
#6468 = EDGE_CURVE('',#6460,#6469,#6471,.T.);
#6469 = VERTEX_POINT('',#6470);
#6470 = CARTESIAN_POINT('',(-1.994739593008,-34.44228526036,61.6993365)
  );
#6471 = ELLIPSE('',#6472,61.518625122652,34.5);
#6472 = AXIS2_PLACEMENT_3D('',#6473,#6474,#6475);
#6473 = CARTESIAN_POINT('',(0.,0.,70.381613904935));
#6474 = DIRECTION('',(-0.822625228569,-9.37263058213E-02,0.560805771118)
  );
#6475 = DIRECTION('',(0.557200830683,6.34850155901E-02,0.827947393909));
#6476 = ORIENTED_EDGE('',*,*,#6477,.T.);
#6477 = EDGE_CURVE('',#6469,#6478,#6480,.T.);
#6478 = VERTEX_POINT('',#6479);
#6479 = CARTESIAN_POINT('',(-1.562332657353,-34.4646067244,62.0047785));
#6480 = ELLIPSE('',#6481,42.414563374612,34.5);
#6481 = AXIS2_PLACEMENT_3D('',#6482,#6483,#6484);
#6482 = CARTESIAN_POINT('',(0.,0.,65.905073037112));
#6483 = DIRECTION('',(-0.577965679847,-6.585087131085E-02,0.813399862101
    ));
#6484 = DIRECTION('',(0.808171210395,9.207947846825E-02,0.581704963305)
  );
#6485 = ORIENTED_EDGE('',*,*,#6486,.T.);
#6486 = EDGE_CURVE('',#6478,#6487,#6489,.T.);
#6487 = VERTEX_POINT('',#6488);
#6488 = CARTESIAN_POINT('',(-0.329092264266,-34.49843037417,62.0791155)
  );
#6489 = ELLIPSE('',#6490,34.563829586272,34.5);
#6490 = AXIS2_PLACEMENT_3D('',#6491,#6492,#6493);
#6491 = CARTESIAN_POINT('',(0.,0.,62.3366851681));
#6492 = DIRECTION('',(-6.035507148674E-02,-6.876591783931E-03,
    0.998153283735));
#6493 = DIRECTION('',(0.99173701037,0.112994159552,6.074555266628E-02));
#6494 = ORIENTED_EDGE('',*,*,#6495,.T.);
#6495 = EDGE_CURVE('',#6487,#6496,#6498,.T.);
#6496 = VERTEX_POINT('',#6497);
#6497 = CARTESIAN_POINT('',(6.454281427809,-33.89088743675,62.081636));
#6498 = ELLIPSE('',#6499,34.500002364035,34.5);
#6499 = AXIS2_PLACEMENT_3D('',#6500,#6501,#6502);
#6500 = CARTESIAN_POINT('',(0.,0.,62.080682286642));
#6501 = DIRECTION('',(-3.678168669862E-04,-4.190743848367E-05,
    0.999999931477));
#6502 = DIRECTION('',(0.993571787594,0.113203206011,3.701965437977E-04)
  );
#6503 = ORIENTED_EDGE('',*,*,#6504,.T.);
#6504 = EDGE_CURVE('',#6496,#6505,#6507,.T.);
#6505 = VERTEX_POINT('',#6506);
#6506 = CARTESIAN_POINT('',(7.029475888478,-33.77627079375,62.166552));
#6507 = ELLIPSE('',#6508,34.862215366127,34.5);
#6508 = AXIS2_PLACEMENT_3D('',#6509,#6510,#6511);
#6509 = CARTESIAN_POINT('',(0.,0.,61.707343354227));
#6510 = DIRECTION('',(-0.142852949751,-1.62760377276E-02,0.989610087531)
  );
#6511 = DIRECTION('',(0.983248731065,0.112027042286,0.143777170151));
#6512 = ORIENTED_EDGE('',*,*,#6513,.T.);
#6513 = EDGE_CURVE('',#6505,#6514,#6516,.T.);
#6514 = VERTEX_POINT('',#6515);
#6515 = CARTESIAN_POINT('',(7.499679373964,-33.67498788845,62.419099));
#6516 = ELLIPSE('',#6517,39.007748935255,34.5);
#6517 = AXIS2_PLACEMENT_3D('',#6518,#6519,#6520);
#6518 = CARTESIAN_POINT('',(0.,0.,60.49887643833));
#6519 = DIRECTION('',(-0.463654857128,-5.282679818889E-02,0.884439654728
    ));
#6520 = DIRECTION('',(0.878754348982,0.100121411299,0.466654580118));
#6521 = ORIENTED_EDGE('',*,*,#6522,.T.);
#6522 = EDGE_CURVE('',#6514,#6523,#6525,.T.);
#6523 = VERTEX_POINT('',#6524);
#6524 = CARTESIAN_POINT('',(7.74871708123,-33.61855713136,62.6982355));
#6525 = ELLIPSE('',#6526,51.280796908695,34.5);
#6526 = AXIS2_PLACEMENT_3D('',#6527,#6528,#6529);
#6527 = CARTESIAN_POINT('',(0.,0.,58.416828150979));
#6528 = DIRECTION('',(-0.735099021067,-8.375395412721E-02,0.672766456056
    ));
#6529 = DIRECTION('',(0.668441816181,7.615932494081E-02,0.739854915241)
  );
#6530 = ORIENTED_EDGE('',*,*,#6531,.T.);
#6531 = EDGE_CURVE('',#6523,#6532,#6534,.T.);
#6532 = VERTEX_POINT('',#6533);
#6533 = CARTESIAN_POINT('',(7.870023108527,-33.59036671832,63.18384));
#6534 = ELLIPSE('',#6535,139.74190697185,34.5);
#6535 = AXIS2_PLACEMENT_3D('',#6536,#6537,#6538);
#6536 = CARTESIAN_POINT('',(0.,0.,47.417090965854));
#6537 = DIRECTION('',(-0.962815953335,-0.109699021326,0.246883706882));
#6538 = DIRECTION('',(0.245296702783,2.7948029046E-02,0.969045115191));
#6539 = ORIENTED_EDGE('',*,*,#6540,.T.);
#6540 = EDGE_CURVE('',#6532,#6541,#6543,.T.);
#6541 = VERTEX_POINT('',#6542);
#6542 = CARTESIAN_POINT('',(7.680122583455,-33.63429376548,63.6881885));
#6543 = ELLIPSE('',#6544,96.247564593495,34.5);
#6544 = AXIS2_PLACEMENT_3D('',#6545,#6546,#6547);
#6545 = CARTESIAN_POINT('',(0.,0.,73.645442469661));
#6546 = DIRECTION('',(-0.92754769922,-0.105680711339,-0.358450628291));
#6547 = DIRECTION('',(-0.356146455919,-4.057776309965E-02,0.9335486849)
  );
#6548 = ORIENTED_EDGE('',*,*,#6549,.T.);
#6549 = EDGE_CURVE('',#6541,#6550,#6552,.T.);
#6550 = VERTEX_POINT('',#6551);
#6551 = CARTESIAN_POINT('',(7.332198255003,-33.71185056844,64.0260065));
#6552 = ELLIPSE('',#6553,47.658291912454,34.5);
#6553 = AXIS2_PLACEMENT_3D('',#6554,#6555,#6556);
#6554 = CARTESIAN_POINT('',(0.,0.,67.331852510616));
#6555 = DIRECTION('',(-0.685466550998,-7.809904845844E-02,
    -0.723903409366));
#6556 = DIRECTION('',(-0.719250053775,-8.194819239781E-02,0.689901336357
    ));
#6557 = ORIENTED_EDGE('',*,*,#6558,.T.);
#6558 = EDGE_CURVE('',#6550,#6559,#6561,.T.);
#6559 = VERTEX_POINT('',#6560);
#6560 = CARTESIAN_POINT('',(6.736465281371,-33.83592817572,64.1173125));
#6561 = ELLIPSE('',#6562,34.889466772607,34.5);
#6562 = AXIS2_PLACEMENT_3D('',#6563,#6564,#6565);
#6563 = CARTESIAN_POINT('',(0.,0.,64.548690422432));
#6564 = DIRECTION('',(-0.148042677076,-1.686733246729E-02,
    -0.988837124535));
#6565 = DIRECTION('',(-0.982480736787,-0.11193954039,0.149000473625));
#6566 = ORIENTED_EDGE('',*,*,#6567,.T.);
#6567 = EDGE_CURVE('',#6559,#6568,#6570,.T.);
#6568 = VERTEX_POINT('',#6569);
#6569 = CARTESIAN_POINT('',(3.096666848106,-34.36074292607,64.220582));
#6570 = ELLIPSE('',#6571,34.513612597226,34.5);
#6571 = AXIS2_PLACEMENT_3D('',#6572,#6573,#6574);
#6572 = CARTESIAN_POINT('',(0.,0.,64.197741711625));
#6573 = DIRECTION('',(-2.790273272964E-02,-3.17911482683E-03,
    -0.999605587587));
#6574 = DIRECTION('',(-0.993179978603,-0.113158565015,2.808325595197E-02
    ));
#6575 = ORIENTED_EDGE('',*,*,#6576,.T.);
#6576 = EDGE_CURVE('',#6568,#6577,#6579,.T.);
#6577 = VERTEX_POINT('',#6578);
#6578 = CARTESIAN_POINT('',(2.045518599779,-34.43930681151,64.3349985));
#6579 = ELLIPSE('',#6580,34.702954680371,34.5);
#6580 = AXIS2_PLACEMENT_3D('',#6581,#6582,#6583);
#6581 = CARTESIAN_POINT('',(0.,0.,64.132268812723));
#6582 = DIRECTION('',(-0.107298754843,-1.222514890301E-02,
    -0.994151659931));
#6583 = DIRECTION('',(-0.987761109582,-0.112541162877,0.107992949105));
#6584 = ORIENTED_EDGE('',*,*,#6585,.T.);
#6585 = EDGE_CURVE('',#6577,#6586,#6588,.T.);
#6586 = VERTEX_POINT('',#6587);
#6587 = CARTESIAN_POINT('',(1.811126296372,-34.45242838376,64.4497345));
#6588 = ELLIPSE('',#6589,38.412273552362,34.5);
#6589 = AXIS2_PLACEMENT_3D('',#6590,#6591,#6592);
#6590 = CARTESIAN_POINT('',(0.,0.,63.421368349137));
#6591 = DIRECTION('',(-0.436861925035,-4.977412917272E-02,
    -0.898150429783));
#6592 = DIRECTION('',(-0.892376989196,-0.101673515098,0.439688304917));
#6593 = ORIENTED_EDGE('',*,*,#6594,.T.);
#6594 = EDGE_CURVE('',#6586,#6595,#6597,.T.);
#6595 = VERTEX_POINT('',#6596);
#6596 = CARTESIAN_POINT('',(1.607474813979,-34.46253073589,64.732421));
#6597 = ELLIPSE('',#6598,59.053760214611,34.5);
#6598 = AXIS2_PLACEMENT_3D('',#6599,#6600,#6601);
#6599 = CARTESIAN_POINT('',(0.,0.,61.531484628315));
#6600 = DIRECTION('',(-0.806382981993,-9.187573557748E-02,
    -0.584213433228));
#6601 = DIRECTION('',(-0.580458024964,-6.613483816779E-02,0.81160006434)
  );
#6602 = ORIENTED_EDGE('',*,*,#6603,.T.);
#6603 = EDGE_CURVE('',#6595,#6604,#6606,.T.);
#6604 = VERTEX_POINT('',#6605);
#6605 = CARTESIAN_POINT('',(1.489385311697,-34.4678361867,65.058453));
#6606 = ELLIPSE('',#6607,101.42654502841,34.5);
#6607 = AXIS2_PLACEMENT_3D('',#6608,#6609,#6610);
#6608 = CARTESIAN_POINT('',(0.,0.,58.362430945816));
#6609 = DIRECTION('',(-0.934327197503,-0.1064531376,-0.340147640742));
#6610 = DIRECTION('',(-0.337961122616,-3.850580608754E-02,0.940372044724
    ));
#6611 = ORIENTED_EDGE('',*,*,#6612,.T.);
#6612 = EDGE_CURVE('',#6604,#6613,#6615,.T.);
#6613 = VERTEX_POINT('',#6614);
#6614 = CARTESIAN_POINT('',(1.488958655826,-34.46785462022,65.4804415));
#6615 = ELLIPSE('',#6616,3.417514241397E+04,34.5);
#6616 = AXIS2_PLACEMENT_3D('',#6617,#6618,#6619);
#6617 = CARTESIAN_POINT('',(0.,0.,-2.334192329458E+03));
#6618 = DIRECTION('',(-0.993571349401,-0.113203156085,
    -1.009505668831E-03));
#6619 = DIRECTION('',(-1.003016420696E-03,-1.142792860285E-04,
    0.999999490449));
#6620 = ORIENTED_EDGE('',*,*,#6621,.T.);
#6621 = EDGE_CURVE('',#6613,#6622,#6624,.T.);
#6622 = VERTEX_POINT('',#6623);
#6623 = CARTESIAN_POINT('',(1.665649520549,-34.45976801539,65.8663975));
#6624 = ELLIPSE('',#6625,82.967595306319,34.5);
#6625 = AXIS2_PLACEMENT_3D('',#6626,#6627,#6628);
#6626 = CARTESIAN_POINT('',(0.,0.,70.778621239288));
#6627 = DIRECTION('',(-0.903598609165,-0.102952057196,0.415824996164));
#6628 = DIRECTION('',(0.413152013076,4.707272593081E-02,0.909444650633)
  );
#6629 = ORIENTED_EDGE('',*,*,#6630,.T.);
#6630 = EDGE_CURVE('',#6622,#6631,#6633,.T.);
#6631 = VERTEX_POINT('',#6632);
#6632 = CARTESIAN_POINT('',(2.006158177628,-34.441622049,66.2556195));
#6633 = ELLIPSE('',#6634,52.408456497281,34.5);
#6634 = AXIS2_PLACEMENT_3D('',#6635,#6636,#6637);
#6635 = CARTESIAN_POINT('',(0.,0.,68.434743087818));
#6636 = DIRECTION('',(-0.74792492795,-8.521528162994E-02,0.658290709283)
  );
#6637 = DIRECTION('',(0.654059121597,7.452062388434E-02,0.752763802313)
  );
#6638 = ORIENTED_EDGE('',*,*,#6639,.T.);
#6639 = EDGE_CURVE('',#6631,#6640,#6642,.T.);
#6640 = VERTEX_POINT('',#6641);
#6641 = CARTESIAN_POINT('',(6.521347883843,-33.87804630993,66.342204));
#6642 = ELLIPSE('',#6643,34.50624617536,34.5);
#6643 = AXIS2_PLACEMENT_3D('',#6644,#6645,#6646);
#6644 = CARTESIAN_POINT('',(0.,0.,66.291883278478));
#6645 = DIRECTION('',(-1.890396274028E-02,-2.153834494126E-03,
    0.999818984211));
#6646 = DIRECTION('',(0.993392003484,0.113182722199,1.902626632616E-02)
  );
#6647 = ORIENTED_EDGE('',*,*,#6648,.T.);
#6648 = EDGE_CURVE('',#6640,#6649,#6651,.T.);
#6649 = VERTEX_POINT('',#6650);
#6650 = CARTESIAN_POINT('',(7.602908107623,-33.65183187149,66.448704));
#6651 = ELLIPSE('',#6652,34.661257014412,34.5);
#6652 = AXIS2_PLACEMENT_3D('',#6653,#6654,#6655);
#6653 = CARTESIAN_POINT('',(0.,0.,66.086235621063));
#6654 = DIRECTION('',(-9.572948417158E-02,-1.090699701149E-02,
    0.995347629362));
#6655 = DIRECTION('',(0.988949391148,0.11267655046,9.634882834558E-02));
#6656 = ORIENTED_EDGE('',*,*,#6657,.T.);
#6657 = EDGE_CURVE('',#6649,#6658,#6660,.T.);
#6658 = VERTEX_POINT('',#6659);
#6659 = CARTESIAN_POINT('',(8.08434999813,-33.53942881308,66.793764));
#6660 = ELLIPSE('',#6661,42.165459976751,34.5);
#6661 = AXIS2_PLACEMENT_3D('',#6662,#6663,#6664);
#6662 = CARTESIAN_POINT('',(0.,0.,63.817537311646));
#6663 = DIRECTION('',(-0.571230544494,-6.50834995674E-02,0.818205232885)
  );
#6664 = DIRECTION('',(0.812945691562,9.262346188435E-02,0.574926253426)
  );
#6665 = ORIENTED_EDGE('',*,*,#6666,.T.);
#6666 = EDGE_CURVE('',#6658,#6667,#6669,.T.);
#6667 = VERTEX_POINT('',#6668);
#6668 = CARTESIAN_POINT('',(8.293581967055,-33.48830390085,67.284587));
#6669 = ELLIPSE('',#6670,86.432529096003,34.5);
#6670 = AXIS2_PLACEMENT_3D('',#6671,#6672,#6673);
#6671 = CARTESIAN_POINT('',(0.,0.,57.064313161156));
#6672 = DIRECTION('',(-0.910989485103,-0.103794141142,0.399155275923));
#6673 = DIRECTION('',(0.396589448201,4.518566002685E-02,0.916883343563)
  );
#6674 = ORIENTED_EDGE('',*,*,#6675,.T.);
#6675 = EDGE_CURVE('',#6667,#6676,#6678,.T.);
#6676 = VERTEX_POINT('',#6677);
#6677 = CARTESIAN_POINT('',(8.254521228737,-33.49795335963,67.6694425));
#6678 = ELLIPSE('',#6679,334.53682128605,34.5);
#6679 = AXIS2_PLACEMENT_3D('',#6680,#6681,#6682);
#6680 = CARTESIAN_POINT('',(0.,0.,110.19802963879));
#6681 = DIRECTION('',(-0.988274258026,-0.112599628757,-0.103127661306));
#6682 = DIRECTION('',(-0.102464741815,-1.167438268822E-02,0.994668128309
    ));
#6683 = ORIENTED_EDGE('',*,*,#6684,.T.);
#6684 = EDGE_CURVE('',#6676,#6685,#6687,.T.);
#6685 = VERTEX_POINT('',#6686);
#6686 = CARTESIAN_POINT('',(8.12715439507,-33.52908232324,67.904701));
#6687 = ELLIPSE('',#6688,71.301742418711,34.5);
#6688 = AXIS2_PLACEMENT_3D('',#6689,#6690,#6691);
#6689 = CARTESIAN_POINT('',(0.,0.,75.644602917031));
#6690 = DIRECTION('',(-0.86952032631,-9.906932730874E-02,-0.483859143265
    ));
#6691 = DIRECTION('',(-0.48074882686,-5.477441002855E-02,0.875145890397)
  );
#6692 = ORIENTED_EDGE('',*,*,#6693,.T.);
#6693 = EDGE_CURVE('',#6685,#6694,#6696,.T.);
#6694 = VERTEX_POINT('',#6695);
#6695 = CARTESIAN_POINT('',(7.835637966315,-33.59840439159,68.2039305));
#6696 = ELLIPSE('',#6697,48.933220684175,34.5);
#6697 = AXIS2_PLACEMENT_3D('',#6698,#6699,#6700);
#6698 = CARTESIAN_POINT('',(0.,0.,72.209035230072));
#6699 = DIRECTION('',(-0.704606443179,-8.027976371683E-02,
    -0.705042495009));
#6700 = DIRECTION('',(-0.700510380097,-7.981307627797E-02,0.709165058524
    ));
#6701 = ORIENTED_EDGE('',*,*,#6702,.T.);
#6702 = EDGE_CURVE('',#6694,#6703,#6705,.T.);
#6703 = VERTEX_POINT('',#6704);
#6704 = CARTESIAN_POINT('',(7.52567294238,-33.66918838885,68.319554));
#6705 = ELLIPSE('',#6706,36.737122354434,34.5);
#6706 = AXIS2_PLACEMENT_3D('',#6707,#6708,#6709);
#6707 = CARTESIAN_POINT('',(0.,0.,69.660934685372));
#6708 = DIRECTION('',(-0.341422547838,-3.890018567583E-02,
    -0.939104583836));
#6709 = DIRECTION('',(-0.933067884037,-0.106309656954,0.34363146046));
#6710 = ORIENTED_EDGE('',*,*,#6711,.T.);
#6711 = EDGE_CURVE('',#6703,#6712,#6714,.T.);
#6712 = VERTEX_POINT('',#6713);
#6713 = CARTESIAN_POINT('',(6.08937864731,-33.95834901301,68.4143035));
#6714 = ELLIPSE('',#6715,34.572594252056,34.5);
#6715 = AXIS2_PLACEMENT_3D('',#6716,#6717,#6718);
#6716 = CARTESIAN_POINT('',(0.,0.,68.55748881721));
#6717 = DIRECTION('',(-6.435337274289E-02,-7.332140669723E-03,
    -0.997900237063));
#6718 = DIRECTION('',(-0.991485590319,-0.112965513855,6.476972186281E-02
    ));
#6719 = ORIENTED_EDGE('',*,*,#6720,.T.);
#6720 = EDGE_CURVE('',#6712,#6721,#6723,.T.);
#6721 = VERTEX_POINT('',#6722);
#6722 = CARTESIAN_POINT('',(0.472456162109,-34.49676485085,68.469435));
#6723 = ELLIPSE('',#6724,34.501647206828,34.5);
#6724 = AXIS2_PLACEMENT_3D('',#6725,#6726,#6727);
#6725 = CARTESIAN_POINT('',(0.,0.,68.43586099434));
#6726 = DIRECTION('',(-9.708748411737E-03,-1.106172156139E-03,
    -0.999952257154));
#6727 = DIRECTION('',(-0.993524419729,-0.113197809124,9.771561418802E-03
    ));
#6728 = ORIENTED_EDGE('',*,*,#6729,.T.);
#6729 = EDGE_CURVE('',#6721,#6730,#6732,.T.);
#6730 = VERTEX_POINT('',#6731);
#6731 = CARTESIAN_POINT('',(-0.278162135526,-34.49887861694,68.6075655)
  );
#6732 = ELLIPSE('',#6733,35.086377950887,34.5);
#6733 = AXIS2_PLACEMENT_3D('',#6734,#6735,#6736);
#6734 = CARTESIAN_POINT('',(0.,0.,67.833298529836));
#6735 = DIRECTION('',(-0.180888798978,-2.060967534652E-02,
    -0.983287589511));
#6736 = DIRECTION('',(-0.976966874974,-0.111311315191,0.182059101156));
#6737 = ORIENTED_EDGE('',*,*,#6738,.T.);
#6738 = EDGE_CURVE('',#6730,#6739,#6741,.T.);
#6739 = VERTEX_POINT('',#6740);
#6740 = CARTESIAN_POINT('',(-0.496857535117,-34.49642202591,68.7791725)
  );
#6741 = ELLIPSE('',#6742,43.983415833378,34.5);
#6742 = AXIS2_PLACEMENT_3D('',#6743,#6744,#6745);
#6743 = CARTESIAN_POINT('',(0.,0.,65.300740999428));
#6744 = DIRECTION('',(-0.61628510574,-7.021681840968E-02,-0.784386554484
    ));
#6745 = DIRECTION('',(-0.779344404507,-8.879507880397E-02,0.62027230564)
  );
#6746 = ORIENTED_EDGE('',*,*,#6747,.T.);
#6747 = EDGE_CURVE('',#6739,#6748,#6750,.T.);
#6748 = VERTEX_POINT('',#6749);
#6749 = CARTESIAN_POINT('',(-0.669227868095,-34.49350857858,69.1452485)
  );
#6750 = ELLIPSE('',#6751,81.544345628949,34.5);
#6751 = AXIS2_PLACEMENT_3D('',#6752,#6753,#6754);
#6752 = CARTESIAN_POINT('',(0.,0.,59.358588681932));
#6753 = DIRECTION('',(-0.900266597748,-0.102572422448,-0.423082676474));
#6754 = DIRECTION('',(-0.420363039969,-4.789431866636E-02,0.906091081993
    ));
#6755 = ORIENTED_EDGE('',*,*,#6756,.T.);
#6756 = EDGE_CURVE('',#6748,#6757,#6759,.T.);
#6757 = VERTEX_POINT('',#6758);
#6758 = CARTESIAN_POINT('',(-0.724450136592,-34.49239295844,69.479978));
#6759 = ELLIPSE('',#6760,213.76253378779,34.5);
#6760 = AXIS2_PLACEMENT_3D('',#6761,#6762,#6763);
#6761 = CARTESIAN_POINT('',(0.,0.,41.202498721789));
#6762 = DIRECTION('',(-0.980546174021,-0.111719124805,-0.161394045012));
#6763 = DIRECTION('',(-0.160356580798,-1.827032457835E-02,0.986890045666
    ));
#6764 = ORIENTED_EDGE('',*,*,#6765,.T.);
#6765 = EDGE_CURVE('',#6757,#6766,#6768,.T.);
#6766 = VERTEX_POINT('',#6767);
#6767 = CARTESIAN_POINT('',(-0.641405687384,-34.49403714766,69.9059425)
  );
#6768 = ELLIPSE('',#6769,181.81362656054,34.5);
#6769 = AXIS2_PLACEMENT_3D('',#6770,#6771,#6772);
#6770 = CARTESIAN_POINT('',(0.,0.,93.407831194049));
#6771 = DIRECTION('',(-0.975520165101,-0.111146483421,0.1897547541));
#6772 = DIRECTION('',(0.188534983154,2.148084799184E-02,0.981831519812)
  );
#6773 = ORIENTED_EDGE('',*,*,#6774,.T.);
#6774 = EDGE_CURVE('',#6766,#6775,#6777,.T.);
#6775 = VERTEX_POINT('',#6776);
#6776 = CARTESIAN_POINT('',(-0.120347498211,-34.49979009327,70.5430965)
  );
#6777 = ELLIPSE('',#6778,54.750611181029,34.5);
#6778 = AXIS2_PLACEMENT_3D('',#6779,#6780,#6781);
#6779 = CARTESIAN_POINT('',(0.,0.,75.503054950258));
#6780 = DIRECTION('',(-0.771498305286,-8.790112871641E-02,0.630129952083
    ));
#6781 = DIRECTION('',(0.626079385808,7.133273566718E-02,0.776489693099)
  );
#6782 = ORIENTED_EDGE('',*,*,#6783,.T.);
#6783 = EDGE_CURVE('',#6775,#6784,#6786,.T.);
#6784 = VERTEX_POINT('',#6785);
#6785 = CARTESIAN_POINT('',(5.055527767434,-34.12757886215,70.588927));
#6786 = ELLIPSE('',#6787,34.501347832503,34.5);
#6787 = AXIS2_PLACEMENT_3D('',#6788,#6789,#6790);
#6788 = CARTESIAN_POINT('',(0.,0.,70.578676022975));
#6789 = DIRECTION('',(-8.782334391641E-03,-1.00062061122E-03,
    0.999960933917));
#6790 = DIRECTION('',(0.993533040716,0.113198791362,8.839153747627E-03)
  );
#6791 = ORIENTED_EDGE('',*,*,#6792,.T.);
#6792 = EDGE_CURVE('',#6784,#6793,#6795,.T.);
#6793 = VERTEX_POINT('',#6794);
#6794 = CARTESIAN_POINT('',(6.584833574534,-33.86576393344,70.7385595));
#6795 = ELLIPSE('',#6796,34.660570223349,34.5);
#6796 = AXIS2_PLACEMENT_3D('',#6797,#6798,#6799);
#6797 = CARTESIAN_POINT('',(0.,0.,70.476910938458));
#6798 = DIRECTION('',(-9.552682998345E-02,-1.088390748329E-02,
    0.995367351942));
#6799 = DIRECTION('',(0.988968986948,0.112678783119,9.614486303902E-02)
  );
#6800 = ORIENTED_EDGE('',*,*,#6801,.T.);
#6801 = EDGE_CURVE('',#6793,#6802,#6804,.T.);
#6802 = VERTEX_POINT('',#6803);
#6803 = CARTESIAN_POINT('',(6.913298606474,-33.80024115857,71.05987));
#6804 = ELLIPSE('',#6805,47.888296001296,34.5);
#6805 = AXIS2_PLACEMENT_3D('',#6806,#6807,#6808);
#6806 = CARTESIAN_POINT('',(0.,0.,68.130893429802));
#6807 = DIRECTION('',(-0.689073122096,-7.850996533036E-02,0.72042655264)
  );
#6808 = DIRECTION('',(0.715795546785,8.155460104254E-02,0.693531241006)
  );
#6809 = ORIENTED_EDGE('',*,*,#6810,.T.);
#6810 = EDGE_CURVE('',#6802,#6811,#6813,.T.);
#6811 = VERTEX_POINT('',#6812);
#6812 = CARTESIAN_POINT('',(7.043052477905,-33.77344240366,71.6616305));
#6813 = ELLIPSE('',#6814,161.07189314733,34.5);
#6814 = AXIS2_PLACEMENT_3D('',#6815,#6816,#6817);
#6815 = CARTESIAN_POINT('',(0.,0.,57.184571260963));
#6816 = DIRECTION('',(-0.97051304149,-0.110575993747,0.214190069576));
#6817 = DIRECTION('',(0.212813224896,2.42470042332E-02,0.976792001449));
#6818 = ORIENTED_EDGE('',*,*,#6819,.T.);
#6819 = EDGE_CURVE('',#6811,#6820,#6822,.T.);
#6820 = VERTEX_POINT('',#6821);
#6821 = CARTESIAN_POINT('',(6.885434303821,-33.80592839204,72.2688225));
#6822 = ELLIPSE('',#6823,135.17188082965,34.5);
#6823 = AXIS2_PLACEMENT_3D('',#6824,#6825,#6826);
#6824 = CARTESIAN_POINT('',(0.,0.,83.687528665227));
#6825 = DIRECTION('',(-0.960664965118,-0.109453947175,-0.255230598171));
#6826 = DIRECTION('',(-0.25358993905,-2.889292396482E-02,0.966880210656)
  );
#6827 = ORIENTED_EDGE('',*,*,#6828,.T.);
#6828 = EDGE_CURVE('',#6820,#6829,#6831,.T.);
#6829 = VERTEX_POINT('',#6830);
#6830 = CARTESIAN_POINT('',(6.600912567064,-33.86263358455,72.568833));
#6831 = ELLIPSE('',#6832,49.718485544085,34.5);
#6832 = AXIS2_PLACEMENT_3D('',#6833,#6834,#6835);
#6833 = CARTESIAN_POINT('',(0.,0.,75.396682462426));
#6834 = DIRECTION('',(-0.715436052527,-8.151364184554E-02,
    -0.693906896448));
#6835 = DIRECTION('',(-0.689446362771,-7.855249073365E-02,0.72006473255)
  );
#6836 = ORIENTED_EDGE('',*,*,#6837,.T.);
#6837 = EDGE_CURVE('',#6829,#6838,#6840,.T.);
#6838 = VERTEX_POINT('',#6839);
#6839 = CARTESIAN_POINT('',(-2.558550500541,-34.40499701113,72.7337305)
  );
#6840 = ELLIPSE('',#6841,34.505587315661,34.5);
#6841 = AXIS2_PLACEMENT_3D('',#6842,#6843,#6844);
#6842 = CARTESIAN_POINT('',(0.,0.,72.617879789766));
#6843 = DIRECTION('',(-1.787942671021E-02,-2.037103358312E-03,
    -0.999838075045));
#6844 = DIRECTION('',(-0.993410971599,-0.113184883343,1.799510182183E-02
    ));
#6845 = ORIENTED_EDGE('',*,*,#6846,.T.);
#6846 = EDGE_CURVE('',#6838,#6847,#6849,.T.);
#6847 = VERTEX_POINT('',#6848);
#6848 = CARTESIAN_POINT('',(-3.394549132035,-34.33259437022,72.838136));
#6849 = ELLIPSE('',#6850,34.776885546967,34.5);
#6850 = AXIS2_PLACEMENT_3D('',#6851,#6852,#6853);
#6851 = CARTESIAN_POINT('',(0.,0.,71.916585195904));
#6852 = DIRECTION('',(-0.125127542714,-1.425648269436E-02,
    -0.992038230491));
#6853 = DIRECTION('',(-0.985661265571,-0.112301915872,0.125937084468));
#6854 = ORIENTED_EDGE('',*,*,#6855,.T.);
#6855 = EDGE_CURVE('',#6847,#6856,#6858,.T.);
#6856 = VERTEX_POINT('',#6857);
#6857 = CARTESIAN_POINT('',(-3.789065241414,-34.29129604719,73.1656235)
  );
#6858 = ELLIPSE('',#6859,45.180018660501,34.5);
#6859 = AXIS2_PLACEMENT_3D('',#6860,#6861,#6862);
#6860 = CARTESIAN_POINT('',(0.,0.,66.700011672548));
#6861 = DIRECTION('',(-0.641525013322,-7.309254263359E-02,
    -0.763611902404));
#6862 = DIRECTION('',(-0.758703294888,-8.644332142357E-02,0.645675508678
    ));
#6863 = ORIENTED_EDGE('',*,*,#6864,.T.);
#6864 = EDGE_CURVE('',#6856,#6865,#6867,.T.);
#6865 = VERTEX_POINT('',#6866);
#6866 = CARTESIAN_POINT('',(-3.931524879379,-34.27525509931,73.5260905)
  );
#6867 = ELLIPSE('',#6868,95.454999960314,34.5);
#6868 = AXIS2_PLACEMENT_3D('',#6869,#6870,#6871);
#6869 = CARTESIAN_POINT('',(0.,0.,53.439121874238));
#6870 = DIRECTION('',(-0.926406862698,-0.105550729436,-0.361426850499));
#6871 = DIRECTION('',(-0.359103546541,-4.091468101845E-02,0.93240046747)
  );
#6872 = ORIENTED_EDGE('',*,*,#6873,.T.);
#6873 = EDGE_CURVE('',#6865,#6874,#6876,.T.);
#6874 = VERTEX_POINT('',#6875);
#6875 = CARTESIAN_POINT('',(-3.913713639481,-34.27729343965,74.0564605)
  );
#6876 = ELLIPSE('',#6877,1.048189869574E+03,34.5);
#6877 = AXIS2_PLACEMENT_3D('',#6878,#6879,#6880);
#6878 = CARTESIAN_POINT('',(0.,0.,309.96438970732));
#6879 = DIRECTION('',(-0.993033529836,-0.113141879286,3.291388421263E-02
    ));
#6880 = DIRECTION('',(3.270230901467E-02,3.725957470454E-03,
    0.999458191335));
#6881 = ORIENTED_EDGE('',*,*,#6882,.T.);
#6882 = EDGE_CURVE('',#6874,#6883,#6885,.T.);
#6883 = VERTEX_POINT('',#6884);
#6884 = CARTESIAN_POINT('',(-3.74680393563,-34.29593941369,74.4233885));
#6885 = ELLIPSE('',#6886,84.666224247345,34.5);
#6886 = AXIS2_PLACEMENT_3D('',#6887,#6888,#6889);
#6887 = CARTESIAN_POINT('',(0.,0.,91.467321395056));
#6888 = DIRECTION('',(-0.907342775444,-0.103378651058,0.40748244423));
#6889 = DIRECTION('',(0.404863088269,4.612832224079E-02,0.913213040667)
  );
#6890 = ORIENTED_EDGE('',*,*,#6891,.T.);
#6891 = EDGE_CURVE('',#6883,#6892,#6894,.T.);
#6892 = VERTEX_POINT('',#6893);
#6893 = CARTESIAN_POINT('',(-3.388405946849,-34.33320120727,74.8305735)
  );
#6894 = ELLIPSE('',#6895,52.764397300499,34.5);
#6895 = AXIS2_PLACEMENT_3D('',#6896,#6897,#6898);
#6896 = CARTESIAN_POINT('',(0.,0.,83.223916684524));
#6897 = DIRECTION('',(-0.751760527905,-8.565229304398E-02,0.653849977733
    ));
#6898 = DIRECTION('',(0.64964693571,7.401791880139E-02,0.756624217574));
#6899 = ORIENTED_EDGE('',*,*,#6900,.T.);
#6900 = EDGE_CURVE('',#6892,#6901,#6903,.T.);
#6901 = VERTEX_POINT('',#6902);
#6902 = CARTESIAN_POINT('',(7.311626770469,-33.71631821491,74.9555335));
#6903 = ELLIPSE('',#6904,34.50235212686,34.5);
#6904 = AXIS2_PLACEMENT_3D('',#6905,#6906,#6907);
#6905 = CARTESIAN_POINT('',(0.,0.,74.915272070258));
#6906 = DIRECTION('',(-1.160146665089E-02,-1.321820160061E-03,
    0.999931827058));
#6907 = DIRECTION('',(0.99350412096,0.113195496372,1.167652503904E-02));
#6908 = ORIENTED_EDGE('',*,*,#6909,.T.);
#6909 = EDGE_CURVE('',#6901,#6910,#6912,.T.);
#6910 = VERTEX_POINT('',#6911);
#6911 = CARTESIAN_POINT('',(8.023453089785,-33.55404894369,75.045029));
#6912 = ELLIPSE('',#6913,34.761415140869,34.5);
#6913 = AXIS2_PLACEMENT_3D('',#6914,#6915,#6916);
#6914 = CARTESIAN_POINT('',(0.,0.,74.530289764628));
#6915 = DIRECTION('',(-0.121622207551,-1.385710020035E-02,0.99247973249)
  );
#6916 = DIRECTION('',(0.986099929532,0.112351895317,0.122409070724));
#6917 = ORIENTED_EDGE('',*,*,#6918,.T.);
#6918 = EDGE_CURVE('',#6910,#6919,#6921,.T.);
#6919 = VERTEX_POINT('',#6920);
#6920 = CARTESIAN_POINT('',(8.45171619945,-33.44874427065,75.4304525));
#6921 = ELLIPSE('',#6922,45.981517691241,34.5);
#6922 = AXIS2_PLACEMENT_3D('',#6923,#6924,#6925);
#6923 = CARTESIAN_POINT('',(0.,0.,71.367772263512));
#6924 = DIRECTION('',(-0.656846224122,-7.4838174106E-02,0.750301463115)
  );
#6925 = DIRECTION('',(0.745478417024,8.493653691941E-02,0.661095843617)
  );
#6926 = ORIENTED_EDGE('',*,*,#6927,.T.);
#6927 = EDGE_CURVE('',#6919,#6928,#6930,.T.);
#6928 = VERTEX_POINT('',#6929);
#6929 = CARTESIAN_POINT('',(8.580638804271,-33.41590396369,75.9117615));
#6930 = ELLIPSE('',#6931,130.61525902326,34.5);
#6931 = AXIS2_PLACEMENT_3D('',#6932,#6933,#6934);
#6932 = CARTESIAN_POINT('',(0.,0.,58.593841092513));
#6933 = DIRECTION('',(-0.958285993402,-0.109182897585,0.264134529595));
#6934 = DIRECTION('',(0.262436634718,2.990087761719E-02,0.964485847629)
  );
#6935 = ORIENTED_EDGE('',*,*,#6936,.T.);
#6936 = EDGE_CURVE('',#6928,#6937,#6939,.T.);
#6937 = VERTEX_POINT('',#6938);
#6938 = CARTESIAN_POINT('',(8.513424420439,-33.43309146096,76.302439));
#6939 = ELLIPSE('',#6940,199.12332681651,34.5);
#6940 = AXIS2_PLACEMENT_3D('',#6941,#6942,#6943);
#6941 = CARTESIAN_POINT('',(0.,0.,102.87113235098));
#6942 = DIRECTION('',(-0.978545288944,-0.111491152747,-0.17325945961));
#6943 = DIRECTION('',(-0.172145722798,-1.961352764356E-02,0.984876215397
    ));
#6944 = ORIENTED_EDGE('',*,*,#6945,.T.);
#6945 = EDGE_CURVE('',#6937,#6946,#6948,.T.);
#6946 = VERTEX_POINT('',#6947);
#6947 = CARTESIAN_POINT('',(8.325931600473,-33.48027573041,76.6460435));
#6948 = ELLIPSE('',#6949,70.830990683784,34.5);
#6949 = AXIS2_PLACEMENT_3D('',#6950,#6951,#6952);
#6950 = CARTESIAN_POINT('',(0.,0.,84.683193367266));
#6951 = DIRECTION('',(-0.867746098247,-9.886717955512E-02,
    -0.487074932412));
#6952 = DIRECTION('',(-0.48394394445,-5.513844769486E-02,0.873360183553)
  );
#6953 = ORIENTED_EDGE('',*,*,#6954,.T.);
#6954 = EDGE_CURVE('',#6946,#6955,#6957,.T.);
#6955 = VERTEX_POINT('',#6956);
#6956 = CARTESIAN_POINT('',(7.931683304541,-33.57586037552,76.8452695));
#6957 = ELLIPSE('',#6958,38.494250957084,34.5);
#6958 = AXIS2_PLACEMENT_3D('',#6959,#6960,#6961);
#6959 = CARTESIAN_POINT('',(0.,0.,78.864481848884));
#6960 = DIRECTION('',(-0.440722689696,-5.021400774287E-02,
    -0.896237727511));
#6961 = DIRECTION('',(-0.89047658205,-0.101456991054,0.443574047693));
#6962 = ORIENTED_EDGE('',*,*,#6963,.T.);
#6963 = EDGE_CURVE('',#6955,#6964,#6966,.T.);
#6964 = VERTEX_POINT('',#6965);
#6965 = CARTESIAN_POINT('',(6.944756226998,-33.79379175155,76.941368));
#6966 = ELLIPSE('',#6967,34.657283185407,34.5);
#6967 = AXIS2_PLACEMENT_3D('',#6968,#6969,#6970);
#6968 = CARTESIAN_POINT('',(0.,0.,77.235283414398));
#6969 = DIRECTION('',(-9.45507277764E-02,-1.077269468457E-02,
    -0.995461756637));
#6970 = DIRECTION('',(-0.989062784797,-0.112689470034,9.51624457116E-02)
  );
#6971 = ORIENTED_EDGE('',*,*,#6972,.T.);
#6972 = EDGE_CURVE('',#6964,#6973,#6975,.T.);
#6973 = VERTEX_POINT('',#6974);
#6974 = CARTESIAN_POINT('',(1.329453998348,-34.47437529624,77.0464125));
#6975 = ELLIPSE('',#6976,34.505948959662,34.5);
#6976 = AXIS2_PLACEMENT_3D('',#6977,#6978,#6979);
#6977 = CARTESIAN_POINT('',(0.,0.,76.998466675157));
#6978 = DIRECTION('',(-1.844884082272E-02,-2.101979901597E-03,
    -0.999827596115));
#6979 = DIRECTION('',(-0.993400560028,-0.113183697094,1.856819989145E-02
    ));
#6980 = ORIENTED_EDGE('',*,*,#6981,.T.);
#6981 = EDGE_CURVE('',#6973,#6982,#6984,.T.);
#6982 = VERTEX_POINT('',#6983);
#6983 = CARTESIAN_POINT('',(-7.009577183482E-02,-34.49992879098,
    77.1551845));
#6984 = ELLIPSE('',#6985,34.6049501283,34.5);
#6985 = AXIS2_PLACEMENT_3D('',#6986,#6987,#6988);
#6986 = CARTESIAN_POINT('',(0.,0.,76.84488557327));
#6987 = DIRECTION('',(-7.732271933652E-02,-8.809811063144E-03,
    -0.996967193193));
#6988 = DIRECTION('',(-0.99055854419,-0.112859890291,7.782297666218E-02)
  );
#6989 = ORIENTED_EDGE('',*,*,#6990,.T.);
#6990 = EDGE_CURVE('',#6982,#6991,#6993,.T.);
#6991 = VERTEX_POINT('',#6992);
#6992 = CARTESIAN_POINT('',(-0.347978649064,-34.49824504028,77.470602));
#6993 = ELLIPSE('',#6994,52.400501140615,34.5);
#6994 = AXIS2_PLACEMENT_3D('',#6995,#6996,#6997);
#6995 = CARTESIAN_POINT('',(0.,0.,72.610769937468));
#6996 = DIRECTION('',(-0.747838080234,-8.52053865826E-02,-0.65839064988)
  );
#6997 = DIRECTION('',(-0.654158419761,-7.453193748114E-02,0.752676392715
    ));
#6998 = ORIENTED_EDGE('',*,*,#6999,.T.);
#6999 = EDGE_CURVE('',#6991,#7000,#7002,.T.);
#7000 = VERTEX_POINT('',#7001);
#7001 = CARTESIAN_POINT('',(-0.459210477414,-34.49694371589,77.9314985)
  );
#7002 = ELLIPSE('',#7003,148.14318361534,34.5);
#7003 = AXIS2_PLACEMENT_3D('',#7004,#7005,#7006);
#7004 = CARTESIAN_POINT('',(0.,0.,59.718452086201));
#7005 = DIRECTION('',(-0.966253405717,-0.110090669554,-0.232882804042));
#7006 = DIRECTION('',(-0.231385799767,-2.63630818488E-02,0.972504806971)
  );
#7007 = ORIENTED_EDGE('',*,*,#7008,.T.);
#7008 = EDGE_CURVE('',#7000,#7009,#7011,.T.);
#7009 = VERTEX_POINT('',#7010);
#7010 = CARTESIAN_POINT('',(-0.397596798701,-34.49770886284,78.423564));
#7011 = ELLIPSE('',#7012,279.83778322746,34.5);
#7012 = AXIS2_PLACEMENT_3D('',#7013,#7014,#7015);
#7013 = CARTESIAN_POINT('',(0.,0.,113.03817163211));
#7014 = DIRECTION('',(-0.985992112193,-0.112339611083,0.12328571075));
#7015 = DIRECTION('',(0.122493212409,1.39563386686E-02,0.992371217602));
#7016 = ORIENTED_EDGE('',*,*,#7017,.T.);
#7017 = EDGE_CURVE('',#7009,#7018,#7020,.T.);
#7018 = VERTEX_POINT('',#7019);
#7019 = CARTESIAN_POINT('',(-0.157308928817,-34.49964135901,78.832453));
#7020 = ELLIPSE('',#7021,68.468635312226,34.5);
#7021 = AXIS2_PLACEMENT_3D('',#7022,#7023,#7024);
#7022 = CARTESIAN_POINT('',(0.,0.,85.795311137223));
#7023 = DIRECTION('',(-0.858221000446,-9.778193174308E-02,0.503880351093
    ));
#7024 = DIRECTION('',(0.500641335475,5.704087509826E-02,0.863773460916)
  );
#7025 = ORIENTED_EDGE('',*,*,#7026,.T.);
#7026 = EDGE_CURVE('',#7018,#7027,#7029,.T.);
#7027 = VERTEX_POINT('',#7028);
#7028 = CARTESIAN_POINT('',(8.371702167904E-02,-34.49989842681,79.071936
    ));
#7029 = ELLIPSE('',#7030,48.793984816338,34.5);
#7030 = AXIS2_PLACEMENT_3D('',#7031,#7032,#7033);
#7031 = CARTESIAN_POINT('',(0.,0.,82.894823189474));
#7032 = DIRECTION('',(-0.702613471117,-8.005269323268E-02,0.707054366022
    ));
#7033 = DIRECTION('',(0.702509318513,8.004082654231E-02,0.707159192466)
  );
#7034 = ORIENTED_EDGE('',*,*,#7035,.T.);
#7035 = EDGE_CURVE('',#7027,#7036,#7038,.T.);
#7036 = VERTEX_POINT('',#7037);
#7037 = CARTESIAN_POINT('',(10.955545266319,-32.71430922268,79.100975));
#7038 = ELLIPSE('',#7039,34.500120128047,34.5);
#7039 = AXIS2_PLACEMENT_3D('',#7040,#7041,#7042);
#7040 = CARTESIAN_POINT('',(0.,0.,79.082022840087));
#7041 = DIRECTION('',(-2.621958448158E-03,-2.987344307325E-04,
    0.99999651804));
#7042 = DIRECTION('',(0.993568396099,0.113202819599,2.638921818465E-03)
  );
#7043 = ORIENTED_EDGE('',*,*,#7044,.T.);
#7044 = EDGE_CURVE('',#7036,#7045,#7047,.T.);
#7045 = VERTEX_POINT('',#7046);
#7046 = CARTESIAN_POINT('',(13.320879271091,-31.82458445046,79.047228));
#7047 = ELLIPSE('',#7048,34.508294920738,34.5);
#7048 = AXIS2_PLACEMENT_3D('',#7049,#7050,#7051);
#7049 = CARTESIAN_POINT('',(0.,0.,79.258470572598));
#7050 = DIRECTION('',(2.178374520683E-02,2.481944261228E-03,
    0.999759625309));
#7051 = DIRECTION('',(-0.993333026149,-0.11317600258,2.19246802155E-02)
  );
#7052 = ORIENTED_EDGE('',*,*,#7053,.T.);
#7053 = EDGE_CURVE('',#7045,#7054,#7056,.T.);
#7054 = VERTEX_POINT('',#7055);
#7055 = CARTESIAN_POINT('',(13.89335590697,-31.5788641601,78.7440225));
#7056 = ELLIPSE('',#7057,38.699694019334,34.5);
#7057 = AXIS2_PLACEMENT_3D('',#7058,#7059,#7060);
#7058 = CARTESIAN_POINT('',(0.,0.,83.94262747492));
#7059 = DIRECTION('',(0.450147878261,5.128787233535E-02,0.891479916683)
  );
#7060 = DIRECTION('',(-0.885749355117,-0.100918391578,0.453060214708));
#7061 = ORIENTED_EDGE('',*,*,#7062,.T.);
#7062 = EDGE_CURVE('',#7054,#7063,#7065,.T.);
#7063 = VERTEX_POINT('',#7064);
#7064 = CARTESIAN_POINT('',(14.165056948225,-31.45792684926,78.379473));
#7065 = ELLIPSE('',#7066,56.181214706032,34.5);
#7066 = AXIS2_PLACEMENT_3D('',#7067,#7068,#7069);
#7067 = CARTESIAN_POINT('',(0.,0.,91.890936739862));
#7068 = DIRECTION('',(0.784167114999,8.934455725761E-02,0.614084266076)
  );
#7069 = DIRECTION('',(-0.610136843787,-6.951631244409E-02,0.789240466625
    ));
#7070 = ORIENTED_EDGE('',*,*,#7071,.T.);
#7071 = EDGE_CURVE('',#7063,#7072,#7074,.T.);
#7072 = VERTEX_POINT('',#7073);
#7073 = CARTESIAN_POINT('',(14.266789763404,-31.41191986884,78.070907));
#7074 = ELLIPSE('',#7075,105.93365088964,34.5);
#7075 = AXIS2_PLACEMENT_3D('',#7076,#7077,#7078);
#7076 = CARTESIAN_POINT('',(0.,0.,108.89978346827));
#7077 = DIRECTION('',(0.939403897468,0.107031554499,0.32567554984));
#7078 = DIRECTION('',(-0.323582060403,-3.686751888747E-02,0.945481589581
    ));
#7079 = ORIENTED_EDGE('',*,*,#7080,.T.);
#7080 = EDGE_CURVE('',#7072,#7081,#7083,.T.);
#7081 = VERTEX_POINT('',#7082);
#7082 = CARTESIAN_POINT('',(14.264004066511,-31.41318493866,77.7727425)
  );
#7083 = ELLIPSE('',#7084,3.533894018651E+03,34.5);
#7084 = AXIS2_PLACEMENT_3D('',#7085,#7086,#7087);
#7085 = CARTESIAN_POINT('',(0.,0.,-1.009615008238E+03));
#7086 = DIRECTION('',(0.99352450668,0.113197819031,-9.762601769584E-03)
  );
#7087 = DIRECTION('',(9.699846356437E-03,1.105157895053E-03,
    0.999952344668));
#7088 = ORIENTED_EDGE('',*,*,#7089,.T.);
#7089 = EDGE_CURVE('',#7081,#7090,#7092,.T.);
#7090 = VERTEX_POINT('',#7091);
#7091 = CARTESIAN_POINT('',(14.140789675716,-31.46884280279,77.486932));
#7092 = ELLIPSE('',#7093,84.012759644084,34.5);
#7093 = AXIS2_PLACEMENT_3D('',#7094,#7095,#7096);
#7094 = CARTESIAN_POINT('',(0.,0.,54.200943213045));
#7095 = DIRECTION('',(0.905931065371,0.103217807012,-0.410651907474));
#7096 = DIRECTION('',(0.408012177746,4.648711566598E-02,0.911792197207)
  );
#7097 = ORIENTED_EDGE('',*,*,#7098,.T.);
#7098 = EDGE_CURVE('',#7090,#7099,#7101,.T.);
#7099 = VERTEX_POINT('',#7100);
#7100 = CARTESIAN_POINT('',(10.218853150648,-32.95185943593,71.976267));
#7101 = ELLIPSE('',#7102,58.121049004594,34.5);
#7102 = AXIS2_PLACEMENT_3D('',#7103,#7104,#7105);
#7103 = CARTESIAN_POINT('',(0.,0.,63.268293913997));
#7104 = DIRECTION('',(0.799595377727,9.110238575647E-02,-0.593588735765)
  );
#7105 = DIRECTION('',(0.589773061703,6.719615254508E-02,0.804768546088)
  );
#7106 = ORIENTED_EDGE('',*,*,#7107,.T.);
#7107 = EDGE_CURVE('',#7099,#7108,#7110,.T.);
#7108 = VERTEX_POINT('',#7109);
#7109 = CARTESIAN_POINT('',(11.527999441603,-32.51699907547,71.1813155)
  );
#7110 = ELLIPSE('',#7111,40.037382017541,34.5);
#7111 = AXIS2_PLACEMENT_3D('',#7112,#7113,#7114);
#7112 = CARTESIAN_POINT('',(0.,0.,75.758531970692));
#7113 = DIRECTION('',(0.504165263131,5.74423759394E-02,0.861694702838));
#7114 = DIRECTION('',(-0.856155604925,-9.7546609648E-02,0.50742707762));
#7115 = ORIENTED_EDGE('',*,*,#7116,.T.);
#7116 = EDGE_CURVE('',#7108,#7117,#7119,.T.);
#7117 = VERTEX_POINT('',#7118);
#7118 = CARTESIAN_POINT('',(12.55912000308,-32.13282596891,70.2355245));
#7119 = ELLIPSE('',#7120,46.083843944627,34.5);
#7120 = AXIS2_PLACEMENT_3D('',#7121,#7122,#7123);
#7121 = CARTESIAN_POINT('',(0.,0.,78.064865646723));
#7122 = DIRECTION('',(0.658720110866,7.50516765321E-02,0.748635466292));
#7123 = DIRECTION('',(-0.743823129469,-8.474794072486E-02,0.662981853907
    ));
#7124 = ORIENTED_EDGE('',*,*,#7125,.T.);
#7125 = EDGE_CURVE('',#7117,#7126,#7128,.T.);
#7126 = VERTEX_POINT('',#7127);
#7127 = CARTESIAN_POINT('',(13.130305598475,-31.90368434665,69.502698));
#7128 = ELLIPSE('',#7129,54.819798451205,34.5);
#7129 = AXIS2_PLACEMENT_3D('',#7130,#7131,#7132);
#7130 = CARTESIAN_POINT('',(0.,0.,81.152653524765));
#7131 = DIRECTION('',(0.772138862894,8.797411103714E-02,0.629334674237)
  );
#7132 = DIRECTION('',(-0.625289220123,-7.124270765915E-02,0.777134394943
    ));
#7133 = ORIENTED_EDGE('',*,*,#7134,.T.);
#7134 = EDGE_CURVE('',#7126,#7135,#7137,.T.);
#7135 = VERTEX_POINT('',#7136);
#7136 = CARTESIAN_POINT('',(13.59740509042,-31.70742144683,68.7033445));
#7137 = ELLIPSE('',#7138,66.37766449587,34.5);
#7138 = AXIS2_PLACEMENT_3D('',#7139,#7140,#7141);
#7139 = CARTESIAN_POINT('',(0.,0.,85.009829133112));
#7140 = DIRECTION('',(0.848824821054,9.671137232834E-02,0.519753146816)
  );
#7141 = DIRECTION('',(-0.516412098575,-5.883772658551E-02,0.854316490755
    ));
#7142 = ORIENTED_EDGE('',*,*,#7143,.T.);
#7143 = EDGE_CURVE('',#7135,#7144,#7146,.T.);
#7144 = VERTEX_POINT('',#7145);
#7145 = CARTESIAN_POINT('',(14.081742730707,-31.4953095185,67.4081625));
#7146 = ELLIPSE('',#7147,94.932245176773,34.5);
#7147 = AXIS2_PLACEMENT_3D('',#7148,#7149,#7150);
#7148 = CARTESIAN_POINT('',(0.,0.,94.135032992692));
#7149 = DIRECTION('',(0.925637915946,0.10546311902,0.363417086952));
#7150 = DIRECTION('',(-0.361080989468,-4.113998218119E-02,0.931626545839
    ));
#7151 = ORIENTED_EDGE('',*,*,#7152,.T.);
#7152 = EDGE_CURVE('',#7144,#7153,#7155,.T.);
#7153 = VERTEX_POINT('',#7154);
#7154 = CARTESIAN_POINT('',(14.232441905264,-31.42749747296,66.229811));
#7155 = ELLIPSE('',#7156,260.56169852145,34.5);
#7156 = AXIS2_PLACEMENT_3D('',#7157,#7158,#7159);
#7157 = CARTESIAN_POINT('',(0.,0.,145.45627676003));
#7158 = DIRECTION('',(0.984823983895,0.112206519675,0.132406259998));
#7159 = DIRECTION('',(-0.13155513345,-1.498881415478E-02,0.991195531827)
  );
#7160 = ORIENTED_EDGE('',*,*,#7161,.T.);
#7161 = EDGE_CURVE('',#7153,#7162,#7164,.T.);
#7162 = VERTEX_POINT('',#7163);
#7163 = CARTESIAN_POINT('',(14.130762569734,-31.47334664756,64.787872));
#7164 = ELLIPSE('',#7165,469.6248983487,34.5);
#7165 = AXIS2_PLACEMENT_3D('',#7166,#7167,#7168);
#7166 = CARTESIAN_POINT('',(0.,0.,-77.44360299732));
#7167 = DIRECTION('',(0.990887176549,0.112897333218,-7.346288521181E-02)
  );
#7168 = DIRECTION('',(7.299065518326E-02,8.31623469864E-03,
    0.997297951716));
#7169 = ORIENTED_EDGE('',*,*,#7170,.T.);
#7170 = EDGE_CURVE('',#7162,#7171,#7173,.T.);
#7171 = VERTEX_POINT('',#7172);
#7172 = CARTESIAN_POINT('',(13.583642348024,-31.71331992335,63.2861865)
  );
#7173 = ELLIPSE('',#7174,97.10441395622,34.5);
#7174 = AXIS2_PLACEMENT_3D('',#7175,#7176,#7177);
#7175 = CARTESIAN_POINT('',(0.,0.,37.222911293196));
#7176 = DIRECTION('',(0.928748262869,0.105817498289,-0.355287659895));
#7177 = DIRECTION('',(0.353003819541,4.021970491222E-02,0.934757015874)
  );
#7178 = ORIENTED_EDGE('',*,*,#7179,.T.);
#7179 = EDGE_CURVE('',#7171,#7180,#7182,.T.);
#7180 = VERTEX_POINT('',#7181);
#7181 = CARTESIAN_POINT('',(12.802382441011,-32.0366821602,61.9949095));
#7182 = ELLIPSE('',#7183,64.761065418461,34.5);
#7183 = AXIS2_PLACEMENT_3D('',#7184,#7185,#7186);
#7184 = CARTESIAN_POINT('',(0.,0.,47.549153401778));
#7185 = DIRECTION('',(0.840846787842,9.580239026121E-02,-0.532727492623)
  );
#7186 = DIRECTION('',(0.529303043416,6.030646422749E-02,0.8462868418));
#7187 = ORIENTED_EDGE('',*,*,#7188,.T.);
#7188 = EDGE_CURVE('',#7180,#7189,#7191,.T.);
#7189 = VERTEX_POINT('',#7190);
#7190 = CARTESIAN_POINT('',(12.063401723567,-32.32219576167,61.332018));
#7191 = ELLIPSE('',#7192,45.610890234375,34.5);
#7192 = AXIS2_PLACEMENT_3D('',#7193,#7194,#7195);
#7193 = CARTESIAN_POINT('',(0.,0.,54.131173733803));
#7194 = DIRECTION('',(0.649906588405,7.404750248914E-02,-0.756398303623)
  );
#7195 = DIRECTION('',(0.751536066161,8.562671885868E-02,0.654111310311)
  );
#7196 = ORIENTED_EDGE('',*,*,#7197,.T.);
#7197 = EDGE_CURVE('',#7189,#7198,#7200,.T.);
#7198 = VERTEX_POINT('',#7199);
#7199 = CARTESIAN_POINT('',(10.876134644132,-32.74079557986,60.684001));
#7200 = ELLIPSE('',#7201,39.015710882039,34.5);
#7201 = AXIS2_PLACEMENT_3D('',#7202,#7203,#7204);
#7202 = CARTESIAN_POINT('',(0.,0.,56.934411602592));
#7203 = DIRECTION('',(0.463994573532,5.286550398406E-02,-0.884259166886)
  );
#7204 = DIRECTION('',(0.878575021342,0.100100979495,0.466996494397));
#7205 = ORIENTED_EDGE('',*,*,#7206,.T.);
#7206 = EDGE_CURVE('',#7198,#7207,#7209,.T.);
#7207 = VERTEX_POINT('',#7208);
#7208 = CARTESIAN_POINT('',(9.429851317717,-33.18626077348,60.215756));
#7209 = ELLIPSE('',#7210,36.169132094459,34.5);
#7210 = AXIS2_PLACEMENT_3D('',#7211,#7212,#7213);
#7211 = CARTESIAN_POINT('',(0.,0.,58.448932692403));
#7212 = DIRECTION('',(0.298346828907,3.399232743637E-02,-0.953852028019)
  );
#7213 = DIRECTION('',(0.94772052952,0.107979115031,0.300277053141));
#7214 = ORIENTED_EDGE('',*,*,#7215,.T.);
#7215 = EDGE_CURVE('',#7207,#7216,#7218,.T.);
#7216 = VERTEX_POINT('',#7217);
#7217 = CARTESIAN_POINT('',(8.359389275257,-33.47193766343,60.017382));
#7218 = ELLIPSE('',#7219,35.060642484698,34.5);
#7219 = AXIS2_PLACEMENT_3D('',#7220,#7221,#7222);
#7220 = CARTESIAN_POINT('',(0.,0.,59.199840277218));
#7221 = DIRECTION('',(0.176971855966,2.016339606172E-02,-0.984009349374)
  );
#7222 = DIRECTION('',(0.977683995261,0.111393020727,0.178116816569));
#7223 = ORIENTED_EDGE('',*,*,#7224,.T.);
#7224 = EDGE_CURVE('',#7216,#7225,#7227,.T.);
#7225 = VERTEX_POINT('',#7226);
#7226 = CARTESIAN_POINT('',(6.642259484457,-33.85454753709,59.9132605));
#7227 = ELLIPSE('',#7228,34.561052766653,34.5);
#7228 = AXIS2_PLACEMENT_3D('',#7229,#7230,#7231);
#7229 = CARTESIAN_POINT('',(0.,0.,59.748566440451));
#7230 = DIRECTION('',(5.903119700295E-02,6.725755339305E-03,
    -0.998233480703));
#7231 = DIRECTION('',(0.99181669182,0.113003238106,5.941311306846E-02));
#7232 = ORIENTED_EDGE('',*,*,#7233,.T.);
#7233 = EDGE_CURVE('',#7225,#6440,#7234,.T.);
#7234 = ELLIPSE('',#7235,34.501269879668,34.5);
#7235 = AXIS2_PLACEMENT_3D('',#7236,#7237,#7238);
#7236 = CARTESIAN_POINT('',(0.,0.,59.937002564993));
#7237 = DIRECTION('',(-8.524600345747E-03,-9.712555259211E-04,
    -0.999963193248));
#7238 = DIRECTION('',(-0.993535285524,-0.113199047125,8.57975223135E-03)
  );
#7239 = FACE_BOUND('',#7240,.T.);
#7240 = EDGE_LOOP('',(#7241,#7252,#7261,#7270,#7279,#7288,#7297,#7306,
    #7315,#7324,#7333,#7342,#7351,#7360));
#7241 = ORIENTED_EDGE('',*,*,#7242,.T.);
#7242 = EDGE_CURVE('',#7243,#7245,#7247,.T.);
#7243 = VERTEX_POINT('',#7244);
#7244 = CARTESIAN_POINT('',(-7.272806214665,-33.72471333849,72.6740195)
  );
#7245 = VERTEX_POINT('',#7246);
#7246 = CARTESIAN_POINT('',(-8.617970539686,-33.406295571,72.7591485));
#7247 = ELLIPSE('',#7248,34.573837671081,34.5);
#7248 = AXIS2_PLACEMENT_3D('',#7249,#7250,#7251);
#7249 = CARTESIAN_POINT('',(0.,0.,71.951091102189));
#7250 = DIRECTION('',(-6.490041595907E-02,-7.394468371326E-03,
    -0.997864348419));
#7251 = DIRECTION('',(-0.991449932372,-0.112961451145,6.532030430237E-02
    ));
#7252 = ORIENTED_EDGE('',*,*,#7253,.T.);
#7253 = EDGE_CURVE('',#7245,#7254,#7256,.T.);
#7254 = VERTEX_POINT('',#7255);
#7255 = CARTESIAN_POINT('',(-9.144641550955,-33.26598158636,73.06704));
#7256 = ELLIPSE('',#7257,40.354779707439,34.5);
#7257 = AXIS2_PLACEMENT_3D('',#7258,#7259,#7260);
#7258 = CARTESIAN_POINT('',(0.,0.,65.268637079794));
#7259 = DIRECTION('',(-0.515429590927,-5.872578397898E-02,
    -0.854917317109));
#7260 = DIRECTION('',(-0.84942178521,-9.677938780255E-02,0.518764282606)
  );
#7261 = ORIENTED_EDGE('',*,*,#7262,.T.);
#7262 = EDGE_CURVE('',#7254,#7263,#7265,.T.);
#7263 = VERTEX_POINT('',#7264);
#7264 = CARTESIAN_POINT('',(-9.344818573231,-33.21030511503,73.3730145)
  );
#7265 = ELLIPSE('',#7266,64.765835336857,34.5);
#7266 = AXIS2_PLACEMENT_3D('',#7267,#7268,#7269);
#7267 = CARTESIAN_POINT('',(0.,0.,52.648868107743));
#7268 = DIRECTION('',(-0.840871325582,-9.580518598354E-02,
    -0.532688257946));
#7269 = DIRECTION('',(-0.529264060944,-6.03020227359E-02,0.846311538292)
  );
#7270 = ORIENTED_EDGE('',*,*,#7271,.T.);
#7271 = EDGE_CURVE('',#7263,#7272,#7274,.T.);
#7272 = VERTEX_POINT('',#7273);
#7273 = CARTESIAN_POINT('',(-9.416882868596,-33.18994301048,73.7251745)
  );
#7274 = ELLIPSE('',#7275,178.68998739813,34.5);
#7275 = AXIS2_PLACEMENT_3D('',#7276,#7277,#7278);
#7276 = CARTESIAN_POINT('',(0.,0.,7.082502696721));
#7277 = DIRECTION('',(-0.974877431825,-0.111073253215,-0.193071813941));
#7278 = DIRECTION('',(-0.191830720456,-2.185634982609E-02,0.981184628223
    ));
#7279 = ORIENTED_EDGE('',*,*,#7280,.T.);
#7280 = EDGE_CURVE('',#7272,#7281,#7283,.T.);
#7281 = VERTEX_POINT('',#7282);
#7282 = CARTESIAN_POINT('',(-9.271371828921,-33.23088419542,74.2754955)
  );
#7283 = ELLIPSE('',#7284,139.98978509871,34.5);
#7284 = AXIS2_PLACEMENT_3D('',#7285,#7286,#7287);
#7285 = CARTESIAN_POINT('',(0.,0.,125.29452409817));
#7286 = DIRECTION('',(-0.96292650681,-0.109711617303,0.246446553052));
#7287 = DIRECTION('',(0.24486235904,2.789854182745E-02,0.969156383918));
#7288 = ORIENTED_EDGE('',*,*,#7289,.T.);
#7289 = EDGE_CURVE('',#7281,#7290,#7292,.T.);
#7290 = VERTEX_POINT('',#7291);
#7291 = CARTESIAN_POINT('',(-8.763563614629,-33.36839751579,74.762804));
#7292 = ELLIPSE('',#7293,48.707197153887,34.5);
#7293 = AXIS2_PLACEMENT_3D('',#7294,#7295,#7296);
#7294 = CARTESIAN_POINT('',(0.,0.,87.204843587629));
#7295 = DIRECTION('',(-0.701359674853,-7.99098411926E-02,0.7083142126));
#7296 = DIRECTION('',(0.703761066615,8.018344522378E-02,0.705897284475)
  );
#7297 = ORIENTED_EDGE('',*,*,#7298,.T.);
#7298 = EDGE_CURVE('',#7290,#7299,#7301,.T.);
#7299 = VERTEX_POINT('',#7300);
#7300 = CARTESIAN_POINT('',(-7.246543981289,-33.73036614576,74.8305735)
  );
#7301 = ELLIPSE('',#7302,34.536828581379,34.5);
#7302 = AXIS2_PLACEMENT_3D('',#7303,#7304,#7305);
#7303 = CARTESIAN_POINT('',(0.,0.,75.339822636452));
#7304 = DIRECTION('',(-4.58722177756E-02,-5.226479036409E-03,
    0.998933643218));
#7305 = DIRECTION('',(0.99251235359,0.113082498753,4.616899876292E-02));
#7306 = ORIENTED_EDGE('',*,*,#7307,.T.);
#7307 = EDGE_CURVE('',#7299,#7308,#7310,.T.);
#7308 = VERTEX_POINT('',#7309);
#7309 = CARTESIAN_POINT('',(-5.737784669942,-34.01952126472,74.762804));
#7310 = ELLIPSE('',#7311,34.536826799101,34.5);
#7311 = AXIS2_PLACEMENT_3D('',#7312,#7313,#7314);
#7312 = CARTESIAN_POINT('',(0.,0.,74.321336692543));
#7313 = DIRECTION('',(4.587110956979E-02,5.226352772305E-03,
    0.998933694768));
#7314 = DIRECTION('',(-0.992512404809,-0.113082504589,4.616788338731E-02
    ));
#7315 = ORIENTED_EDGE('',*,*,#7316,.T.);
#7316 = EDGE_CURVE('',#7308,#7317,#7319,.T.);
#7317 = VERTEX_POINT('',#7318);
#7318 = CARTESIAN_POINT('',(-5.2302233467,-34.10124284749,74.269212));
#7319 = ELLIPSE('',#7320,48.718695884613,34.5);
#7320 = AXIS2_PLACEMENT_3D('',#7321,#7322,#7323);
#7321 = CARTESIAN_POINT('',(0.,0.,65.238867604733));
#7322 = DIRECTION('',(0.701526307882,7.992882662812E-02,0.708147034184)
  );
#7323 = DIRECTION('',(-0.703594962846,-8.016452008984E-02,0.706064995575
    ));
#7324 = ORIENTED_EDGE('',*,*,#7325,.T.);
#7325 = EDGE_CURVE('',#7317,#7326,#7328,.T.);
#7326 = VERTEX_POINT('',#7327);
#7327 = CARTESIAN_POINT('',(-5.08857963366,-34.1226663277,73.7162995));
#7328 = ELLIPSE('',#7329,142.16982782946,34.5);
#7329 = AXIS2_PLACEMENT_3D('',#7330,#7331,#7332);
#7330 = CARTESIAN_POINT('',(0.,0.,38.062242165555));
#7331 = DIRECTION('',(0.963873512087,0.109819514925,0.242667523248));
#7332 = DIRECTION('',(-0.241107621386,-2.747074350879E-02,0.970109516065
    ));
#7333 = ORIENTED_EDGE('',*,*,#7334,.T.);
#7334 = EDGE_CURVE('',#7326,#7335,#7337,.T.);
#7335 = VERTEX_POINT('',#7336);
#7336 = CARTESIAN_POINT('',(-5.167391244202,-34.11082039074,73.3650625)
  );
#7337 = ELLIPSE('',#7338,161.18158509479,34.5);
#7338 = AXIS2_PLACEMENT_3D('',#7339,#7340,#7341);
#7339 = CARTESIAN_POINT('',(0.,0.,114.41799300092));
#7340 = DIRECTION('',(0.970544788313,0.11057961084,-0.214044302764));
#7341 = DIRECTION('',(0.212668395094,2.423050296159E-02,0.976823953665)
  );
#7342 = ORIENTED_EDGE('',*,*,#7343,.T.);
#7343 = EDGE_CURVE('',#7335,#7344,#7346,.T.);
#7344 = VERTEX_POINT('',#7345);
#7345 = CARTESIAN_POINT('',(-5.377576361113,-34.07831674951,73.0606855)
  );
#7346 = ELLIPSE('',#7347,61.727147668392,34.5);
#7347 = AXIS2_PLACEMENT_3D('',#7348,#7349,#7350);
#7348 = CARTESIAN_POINT('',(0.,0.,86.711406685153));
#7349 = DIRECTION('',(0.823897057001,9.387121236731E-02,-0.558911294352)
  );
#7350 = DIRECTION('',(0.555318531888,6.327055473183E-02,0.829227450731)
  );
#7351 = ORIENTED_EDGE('',*,*,#7352,.T.);
#7352 = EDGE_CURVE('',#7344,#7353,#7355,.T.);
#7353 = VERTEX_POINT('',#7354);
#7354 = CARTESIAN_POINT('',(-5.925787766302,-33.98727761014,72.753788));
#7355 = ELLIPSE('',#7356,39.784726695008,34.5);
#7356 = AXIS2_PLACEMENT_3D('',#7357,#7358,#7359);
#7357 = CARTESIAN_POINT('',(0.,0.,78.344733421179));
#7358 = DIRECTION('',(0.494816226584,5.637718777332E-02,-0.867166947368)
  );
#7359 = DIRECTION('',(0.861592673078,9.816608531542E-02,0.498017555305)
  );
#7360 = ORIENTED_EDGE('',*,*,#7361,.T.);
#7361 = EDGE_CURVE('',#7353,#7243,#7362,.T.);
#7362 = ELLIPSE('',#7363,34.564034060264,34.5);
#7363 = AXIS2_PLACEMENT_3D('',#7364,#7365,#7366);
#7364 = CARTESIAN_POINT('',(0.,0.,73.347199164447));
#7365 = DIRECTION('',(6.045139786054E-02,6.887566787925E-03,
    -0.998147378858));
#7366 = DIRECTION('',(0.99173114345,0.112993491101,6.084250224597E-02));
#7367 = FACE_BOUND('',#7368,.T.);
#7368 = EDGE_LOOP('',(#7369,#7380,#7389,#7398,#7407,#7416,#7425,#7434,
    #7443,#7452,#7461,#7470,#7479));
#7369 = ORIENTED_EDGE('',*,*,#7370,.T.);
#7370 = EDGE_CURVE('',#7371,#7373,#7375,.T.);
#7371 = VERTEX_POINT('',#7372);
#7372 = CARTESIAN_POINT('',(-5.25295246157,-34.09774905234,76.9973515));
#7373 = VERTEX_POINT('',#7374);
#7374 = CARTESIAN_POINT('',(-5.561592103057,-34.04876933575,77.266406));
#7375 = ELLIPSE('',#7376,46.266190346427,34.5);
#7376 = AXIS2_PLACEMENT_3D('',#7377,#7378,#7379);
#7377 = CARTESIAN_POINT('',(0.,0.,68.884765148962));
#7378 = DIRECTION('',(-0.662015678201,-7.542715900109E-02,
    -0.745684910335));
#7379 = DIRECTION('',(-0.740891540111,-8.441392830811E-02,0.666298742682
    ));
#7380 = ORIENTED_EDGE('',*,*,#7381,.T.);
#7381 = EDGE_CURVE('',#7373,#7382,#7384,.T.);
#7382 = VERTEX_POINT('',#7383);
#7383 = CARTESIAN_POINT('',(-5.839405327582,-34.0022255951,77.6328725));
#7384 = ELLIPSE('',#7385,58.057575085705,34.5);
#7385 = AXIS2_PLACEMENT_3D('',#7386,#7387,#7388);
#7386 = CARTESIAN_POINT('',(0.,0.,64.570386241969));
#7387 = DIRECTION('',(-0.799119382458,-9.104815294602E-02,
    -0.594237701955));
#7388 = DIRECTION('',(-0.590417856244,-6.726961760334E-02,0.804289471257
    ));
#7389 = ORIENTED_EDGE('',*,*,#7390,.T.);
#7390 = EDGE_CURVE('',#7382,#7391,#7393,.T.);
#7391 = VERTEX_POINT('',#7392);
#7392 = CARTESIAN_POINT('',(-5.841701229788,-34.0018312263,78.4724475));
#7393 = ELLIPSE('',#7394,1.295123642748E+04,34.5);
#7394 = AXIS2_PLACEMENT_3D('',#7395,#7396,#7397);
#7395 = CARTESIAN_POINT('',(0.,0.,-3.545333151309E+03));
#7396 = DIRECTION('',(-0.99356833046,-0.11320281212,-2.663838328733E-03)
  );
#7397 = DIRECTION('',(-2.646714791501E-03,-3.015550597706E-04,
    0.999996451976));
#7398 = ORIENTED_EDGE('',*,*,#7399,.T.);
#7399 = EDGE_CURVE('',#7391,#7400,#7402,.T.);
#7400 = VERTEX_POINT('',#7401);
#7401 = CARTESIAN_POINT('',(-5.612129811177,-34.04047589242,78.7974145)
  );
#7402 = ELLIPSE('',#7403,60.840584061755,34.5);
#7403 = AXIS2_PLACEMENT_3D('',#7404,#7405,#7406);
#7404 = CARTESIAN_POINT('',(0.,0.,92.494345554744));
#7405 = DIRECTION('',(-0.818384717471,-9.324316060984E-02,0.56705570027)
  );
#7406 = DIRECTION('',(0.56341058439,6.419252765602E-02,0.823679447838));
#7407 = ORIENTED_EDGE('',*,*,#7408,.T.);
#7408 = EDGE_CURVE('',#7400,#7409,#7411,.T.);
#7409 = VERTEX_POINT('',#7410);
#7410 = CARTESIAN_POINT('',(-5.207605116594,-34.10470420557,79.006616));
#7411 = ELLIPSE('',#7412,39.047453044246,34.5);
#7412 = AXIS2_PLACEMENT_3D('',#7413,#7414,#7415);
#7413 = CARTESIAN_POINT('',(0.,0.,83.795913342448));
#7414 = DIRECTION('',(-0.465344408835,-5.301929829039E-02,0.883540341566
    ));
#7415 = DIRECTION('',(0.877860816735,0.100019606159,0.468355062773));
#7416 = ORIENTED_EDGE('',*,*,#7417,.T.);
#7417 = EDGE_CURVE('',#7409,#7418,#7420,.T.);
#7418 = VERTEX_POINT('',#7419);
#7419 = CARTESIAN_POINT('',(-4.351199145454,-34.22450972616,79.111412));
#7420 = ELLIPSE('',#7421,34.769144591986,34.5);
#7421 = AXIS2_PLACEMENT_3D('',#7422,#7423,#7424);
#7422 = CARTESIAN_POINT('',(0.,0.,80.137366039598));
#7423 = DIRECTION('',(-0.123386605392,-1.405812794165E-02,0.992259096531
    ));
#7424 = DIRECTION('',(0.985880711852,0.112326918618,0.124184883748));
#7425 = ORIENTED_EDGE('',*,*,#7426,.T.);
#7426 = EDGE_CURVE('',#7418,#7427,#7429,.T.);
#7427 = VERTEX_POINT('',#7428);
#7428 = CARTESIAN_POINT('',(-2.780933476466,-34.38773631688,79.0555705)
  );
#7429 = ELLIPSE('',#7430,34.522623745833,34.5);
#7430 = AXIS2_PLACEMENT_3D('',#7431,#7432,#7433);
#7431 = CARTESIAN_POINT('',(0.,0.,78.814489469478));
#7432 = DIRECTION('',(3.596445426139E-02,4.097631973508E-03,
    0.999344668992));
#7433 = DIRECTION('',(-0.99292073723,-0.113129028192,3.619713466712E-02)
  );
#7434 = ORIENTED_EDGE('',*,*,#7435,.T.);
#7435 = EDGE_CURVE('',#7427,#7436,#7438,.T.);
#7436 = VERTEX_POINT('',#7437);
#7437 = CARTESIAN_POINT('',(-2.453490981069,-34.41264857586,78.8966015)
  );
#7438 = ELLIPSE('',#7439,38.463257500316,34.5);
#7439 = AXIS2_PLACEMENT_3D('',#7440,#7441,#7442);
#7440 = CARTESIAN_POINT('',(0.,0.,75.774894788277));
#7441 = DIRECTION('',(0.439269926369,5.004848626947E-02,0.896959910369)
  );
#7442 = DIRECTION('',(-0.891194122613,-0.101538744475,0.442111885375));
#7443 = ORIENTED_EDGE('',*,*,#7444,.T.);
#7444 = EDGE_CURVE('',#7436,#7445,#7447,.T.);
#7445 = VERTEX_POINT('',#7446);
#7446 = CARTESIAN_POINT('',(-2.116728584295,-34.43500341368,78.445219));
#7447 = ELLIPSE('',#7448,58.219481605861,34.5);
#7448 = AXIS2_PLACEMENT_3D('',#7449,#7450,#7451);
#7449 = CARTESIAN_POINT('',(0.,0.,70.287616730917));
#7450 = DIRECTION('',(0.800329897512,9.118607371508E-02,0.592585145872)
  );
#7451 = DIRECTION('',(-0.58877592303,-6.708254294383E-02,0.80550781802)
  );
#7452 = ORIENTED_EDGE('',*,*,#7453,.T.);
#7453 = EDGE_CURVE('',#7445,#7454,#7456,.T.);
#7454 = VERTEX_POINT('',#7455);
#7455 = CARTESIAN_POINT('',(-2.061861558213,-34.4383322319,78.0470155));
#7456 = ELLIPSE('',#7457,256.09611399372,34.5);
#7457 = AXIS2_PLACEMENT_3D('',#7458,#7459,#7460);
#7458 = CARTESIAN_POINT('',(0.,0.,34.303381836067));
#7459 = DIRECTION('',(0.984514833009,0.112171296381,0.13471504687));
#7460 = DIRECTION('',(-0.133849079107,-1.525017624863E-02,0.990884380817
    ));
#7461 = ORIENTED_EDGE('',*,*,#7462,.T.);
#7462 = EDGE_CURVE('',#7454,#7463,#7465,.T.);
#7463 = VERTEX_POINT('',#7464);
#7464 = CARTESIAN_POINT('',(-2.119859006726,-34.43481084297,77.644268));
#7465 = ELLIPSE('',#7466,245.24430895062,34.5);
#7466 = AXIS2_PLACEMENT_3D('',#7467,#7468,#7469);
#7467 = CARTESIAN_POINT('',(0.,0.,119.90202476644));
#7468 = DIRECTION('',(0.983691459312,0.112077484798,-0.140676047276));
#7469 = DIRECTION('',(0.139771761341,1.592498065176E-02,0.990055680112)
  );
#7470 = ORIENTED_EDGE('',*,*,#7471,.T.);
#7471 = EDGE_CURVE('',#7463,#7472,#7474,.T.);
#7472 = VERTEX_POINT('',#7473);
#7473 = CARTESIAN_POINT('',(-2.697894410602,-34.39435078249,76.9973515)
  );
#7474 = ELLIPSE('',#7475,52.199648767675,34.5);
#7475 = AXIS2_PLACEMENT_3D('',#7476,#7477,#7478);
#7476 = CARTESIAN_POINT('',(0.,0.,84.461983500062));
#7477 = DIRECTION('',(0.745628832704,8.495367462136E-02,-0.660923987315)
  );
#7478 = DIRECTION('',(0.656675472538,7.481871942041E-02,0.750452851944)
  );
#7479 = ORIENTED_EDGE('',*,*,#7480,.F.);
#7480 = EDGE_CURVE('',#7371,#7472,#7481,.T.);
#7481 = CIRCLE('',#7482,34.5);
#7482 = AXIS2_PLACEMENT_3D('',#7483,#7484,#7485);
#7483 = CARTESIAN_POINT('',(0.,0.,76.9973515));
#7484 = DIRECTION('',(0.,0.,1.));
#7485 = DIRECTION('',(1.,0.,0.));
#7486 = CYLINDRICAL_SURFACE('',#7487,34.5);
#7487 = AXIS2_PLACEMENT_3D('',#7488,#7489,#7490);
#7488 = CARTESIAN_POINT('',(0.,0.,8.));
#7489 = DIRECTION('',(0.,0.,1.));
#7490 = DIRECTION('',(1.,0.,0.));
#7491 = ADVANCED_FACE('',(#7492,#7503),#7506,.T.);
#7492 = FACE_BOUND('',#7493,.T.);
#7493 = EDGE_LOOP('',(#7494));
#7494 = ORIENTED_EDGE('',*,*,#7495,.T.);
#7495 = EDGE_CURVE('',#7496,#7496,#7498,.T.);
#7496 = VERTEX_POINT('',#7497);
#7497 = CARTESIAN_POINT('',(34.5,-8.E-15,122.8));
#7498 = CIRCLE('',#7499,34.5);
#7499 = AXIS2_PLACEMENT_3D('',#7500,#7501,#7502);
#7500 = CARTESIAN_POINT('',(0.,0.,122.8));
#7501 = DIRECTION('',(0.,0.,1.));
#7502 = DIRECTION('',(1.,0.,0.));
#7503 = FACE_BOUND('',#7504,.T.);
#7504 = EDGE_LOOP('',(#7505));
#7505 = ORIENTED_EDGE('',*,*,#6143,.F.);
#7506 = PLANE('',#7507);
#7507 = AXIS2_PLACEMENT_3D('',#7508,#7509,#7510);
#7508 = CARTESIAN_POINT('',(0.,0.,122.8));
#7509 = DIRECTION('',(0.,0.,1.));
#7510 = DIRECTION('',(1.,0.,0.));
#7511 = ADVANCED_FACE('',(#7512,#7515),#7526,.T.);
#7512 = FACE_BOUND('',#7513,.T.);
#7513 = EDGE_LOOP('',(#7514));
#7514 = ORIENTED_EDGE('',*,*,#6168,.T.);
#7515 = FACE_BOUND('',#7516,.T.);
#7516 = EDGE_LOOP('',(#7517));
#7517 = ORIENTED_EDGE('',*,*,#7518,.F.);
#7518 = EDGE_CURVE('',#7519,#7519,#7521,.T.);
#7519 = VERTEX_POINT('',#7520);
#7520 = CARTESIAN_POINT('',(34.,-8.E-15,117.8));
#7521 = CIRCLE('',#7522,34.);
#7522 = AXIS2_PLACEMENT_3D('',#7523,#7524,#7525);
#7523 = CARTESIAN_POINT('',(0.,0.,117.8));
#7524 = DIRECTION('',(0.,0.,1.));
#7525 = DIRECTION('',(1.,0.,0.));
#7526 = PLANE('',#7527);
#7527 = AXIS2_PLACEMENT_3D('',#7528,#7529,#7530);
#7528 = CARTESIAN_POINT('',(0.,0.,117.8));
#7529 = DIRECTION('',(0.,0.,1.));
#7530 = DIRECTION('',(1.,0.,0.));
#7531 = ADVANCED_FACE('',(#7532),#7558,.F.);
#7532 = FACE_BOUND('',#7533,.F.);
#7533 = EDGE_LOOP('',(#7534,#7545,#7551,#7552));
#7534 = ORIENTED_EDGE('',*,*,#7535,.F.);
#7535 = EDGE_CURVE('',#7536,#7538,#7540,.T.);
#7536 = VERTEX_POINT('',#7537);
#7537 = CARTESIAN_POINT('',(-3.556488055645,-33.51180974984,64.181035));
#7538 = VERTEX_POINT('',#7539);
#7539 = CARTESIAN_POINT('',(-3.863420572705,-33.47781327205,64.4500895)
  );
#7540 = ELLIPSE('',#7541,45.193351149988,33.7);
#7541 = AXIS2_PLACEMENT_3D('',#7542,#7543,#7544);
#7542 = CARTESIAN_POINT('',(0.,0.,57.633830695708));
#7543 = DIRECTION('',(-0.662015678201,-7.542715900109E-02,
    -0.745684910335));
#7544 = DIRECTION('',(-0.740891540111,-8.441392830811E-02,0.666298742682
    ));
#7545 = ORIENTED_EDGE('',*,*,#7546,.T.);
#7546 = EDGE_CURVE('',#7536,#6193,#7547,.T.);
#7547 = LINE('',#7548,#7549);
#7548 = CARTESIAN_POINT('',(-7.280170244515,-0.829470625348,64.181035));
#7549 = VECTOR('',#7550,1.);
#7550 = DIRECTION('',(0.113203213768,-0.993571855677,0.));
#7551 = ORIENTED_EDGE('',*,*,#6192,.T.);
#7552 = ORIENTED_EDGE('',*,*,#7553,.F.);
#7553 = EDGE_CURVE('',#7538,#6195,#7554,.T.);
#7554 = LINE('',#7555,#7556);
#7555 = CARTESIAN_POINT('',(-7.57934565955,-0.863557358249,64.4500895));
#7556 = VECTOR('',#7557,1.);
#7557 = DIRECTION('',(0.113203213768,-0.993571855677,0.));
#7558 = PLANE('',#7559);
#7559 = AXIS2_PLACEMENT_3D('',#7560,#7561,#7562);
#7560 = CARTESIAN_POINT('',(-7.280170244515,-0.829470625348,64.181035));
#7561 = DIRECTION('',(-0.662015678201,-7.542715900109E-02,
    -0.745684910335));
#7562 = DIRECTION('',(-0.740891540111,-8.441392830811E-02,0.666298742682
    ));
#7563 = ADVANCED_FACE('',(#7564),#7583,.F.);
#7564 = FACE_BOUND('',#7565,.F.);
#7565 = EDGE_LOOP('',(#7566,#7567,#7576,#7582));
#7566 = ORIENTED_EDGE('',*,*,#7546,.F.);
#7567 = ORIENTED_EDGE('',*,*,#7568,.T.);
#7568 = EDGE_CURVE('',#7536,#7569,#7571,.T.);
#7569 = VERTEX_POINT('',#7570);
#7570 = CARTESIAN_POINT('',(-0.926767445403,-33.68725429746,64.181035));
#7571 = CIRCLE('',#7572,33.7);
#7572 = AXIS2_PLACEMENT_3D('',#7573,#7574,#7575);
#7573 = CARTESIAN_POINT('',(0.,0.,64.181035));
#7574 = DIRECTION('',(0.,0.,1.));
#7575 = DIRECTION('',(-0.993571855677,-0.113203213768,0.));
#7576 = ORIENTED_EDGE('',*,*,#7577,.T.);
#7577 = EDGE_CURVE('',#7569,#6267,#7578,.T.);
#7578 = LINE('',#7579,#7580);
#7579 = CARTESIAN_POINT('',(-4.703882636693,-0.535939729591,64.181035));
#7580 = VECTOR('',#7581,1.);
#7581 = DIRECTION('',(0.113203213768,-0.993571855677,0.));
#7582 = ORIENTED_EDGE('',*,*,#6275,.F.);
#7583 = PLANE('',#7584);
#7584 = AXIS2_PLACEMENT_3D('',#7585,#7586,#7587);
#7585 = CARTESIAN_POINT('',(-4.703882636693,-0.535939729591,64.181035));
#7586 = DIRECTION('',(0.,-0.,-1.));
#7587 = DIRECTION('',(-0.993571855677,-0.113203213768,0.));
#7588 = ADVANCED_FACE('',(#7589),#7608,.F.);
#7589 = FACE_BOUND('',#7590,.F.);
#7590 = EDGE_LOOP('',(#7591,#7600,#7606,#7607));
#7591 = ORIENTED_EDGE('',*,*,#7592,.F.);
#7592 = EDGE_CURVE('',#7593,#7569,#7595,.T.);
#7593 = VERTEX_POINT('',#7594);
#7594 = CARTESIAN_POINT('',(-0.432490480968,-33.6972246926,64.7579455));
#7595 = ELLIPSE('',#7596,52.059250912979,33.7);
#7596 = AXIS2_PLACEMENT_3D('',#7597,#7598,#7599);
#7597 = CARTESIAN_POINT('',(0.,0.,69.755398222033));
#7598 = DIRECTION('',(0.757302402166,8.62837098591E-02,-0.647339318353)
  );
#7599 = DIRECTION('',(0.643178127789,7.328089123594E-02,0.76220194628));
#7600 = ORIENTED_EDGE('',*,*,#7601,.T.);
#7601 = EDGE_CURVE('',#7593,#6258,#7602,.T.);
#7602 = LINE('',#7603,#7604);
#7603 = CARTESIAN_POINT('',(-4.217061240996,-0.480473437738,64.7579455)
  );
#7604 = VECTOR('',#7605,1.);
#7605 = DIRECTION('',(0.113203213768,-0.993571855677,0.));
#7606 = ORIENTED_EDGE('',*,*,#6266,.T.);
#7607 = ORIENTED_EDGE('',*,*,#7577,.F.);
#7608 = PLANE('',#7609);
#7609 = AXIS2_PLACEMENT_3D('',#7610,#7611,#7612);
#7610 = CARTESIAN_POINT('',(-4.217061240996,-0.480473437738,64.7579455)
  );
#7611 = DIRECTION('',(0.757302402166,8.62837098591E-02,-0.647339318353)
  );
#7612 = DIRECTION('',(-0.643178127789,-7.328089123594E-02,-0.76220194628
    ));
#7613 = ADVANCED_FACE('',(#7614),#7633,.F.);
#7614 = FACE_BOUND('',#7615,.F.);
#7615 = EDGE_LOOP('',(#7616,#7625,#7631,#7632));
#7616 = ORIENTED_EDGE('',*,*,#7617,.F.);
#7617 = EDGE_CURVE('',#7618,#7593,#7620,.T.);
#7618 = VERTEX_POINT('',#7619);
#7619 = CARTESIAN_POINT('',(-0.436784352211,-33.69716930885,65.6468655)
  );
#7620 = ELLIPSE('',#7621,7.032147417001E+03,33.7);
#7621 = AXIS2_PLACEMENT_3D('',#7622,#7623,#7624);
#7622 = CARTESIAN_POINT('',(0.,0.,-820.8952734999));
#7623 = DIRECTION('',(0.993560446465,0.113201913852,4.792277237893E-03)
  );
#7624 = DIRECTION('',(-4.76147178817E-03,-5.425011845962E-04,
    0.999988516974));
#7625 = ORIENTED_EDGE('',*,*,#7626,.T.);
#7626 = EDGE_CURVE('',#7618,#6249,#7627,.T.);
#7627 = LINE('',#7628,#7629);
#7628 = CARTESIAN_POINT('',(-4.221293857101,-0.480955683429,65.6468655)
  );
#7629 = VECTOR('',#7630,1.);
#7630 = DIRECTION('',(0.113203213768,-0.993571855677,0.));
#7631 = ORIENTED_EDGE('',*,*,#6257,.T.);
#7632 = ORIENTED_EDGE('',*,*,#7601,.F.);
#7633 = PLANE('',#7634);
#7634 = AXIS2_PLACEMENT_3D('',#7635,#7636,#7637);
#7635 = CARTESIAN_POINT('',(-4.221293857101,-0.480955683429,65.6468655)
  );
#7636 = DIRECTION('',(0.993560446465,0.113201913852,4.792277237893E-03)
  );
#7637 = DIRECTION('',(4.76147178817E-03,5.425011845962E-04,
    -0.999988516974));
#7638 = ADVANCED_FACE('',(#7639),#7658,.F.);
#7639 = FACE_BOUND('',#7640,.F.);
#7640 = EDGE_LOOP('',(#7641,#7650,#7656,#7657));
#7641 = ORIENTED_EDGE('',*,*,#7642,.F.);
#7642 = EDGE_CURVE('',#7643,#7618,#7645,.T.);
#7643 = VERTEX_POINT('',#7644);
#7644 = CARTESIAN_POINT('',(-1.015561518534,-33.68469437002,66.301734));
#7645 = ELLIPSE('',#7646,51.144503819753,33.7);
#7646 = AXIS2_PLACEMENT_3D('',#7647,#7648,#7649);
#7647 = CARTESIAN_POINT('',(0.,0.,60.796688681416));
#7648 = DIRECTION('',(0.74738001233,8.515319633732E-02,0.658917331934));
#7649 = DIRECTION('',(-0.654681716227,-7.45915595823E-02,0.752215361234)
  );
#7650 = ORIENTED_EDGE('',*,*,#7651,.T.);
#7651 = EDGE_CURVE('',#7643,#6240,#7652,.T.);
#7652 = LINE('',#7653,#7654);
#7653 = CARTESIAN_POINT('',(-4.791250887465,-0.545894084389,66.301734));
#7654 = VECTOR('',#7655,1.);
#7655 = DIRECTION('',(0.113203213768,-0.993571855677,0.));
#7656 = ORIENTED_EDGE('',*,*,#6248,.T.);
#7657 = ORIENTED_EDGE('',*,*,#7626,.F.);
#7658 = PLANE('',#7659);
#7659 = AXIS2_PLACEMENT_3D('',#7660,#7661,#7662);
#7660 = CARTESIAN_POINT('',(-4.791250887465,-0.545894084389,66.301734));
#7661 = DIRECTION('',(0.74738001233,8.515319633732E-02,0.658917331934));
#7662 = DIRECTION('',(0.654681716227,7.45915595823E-02,-0.752215361234)
  );
#7663 = ADVANCED_FACE('',(#7664),#7683,.F.);
#7664 = FACE_BOUND('',#7665,.F.);
#7665 = EDGE_LOOP('',(#7666,#7675,#7681,#7682));
#7666 = ORIENTED_EDGE('',*,*,#7667,.F.);
#7667 = EDGE_CURVE('',#7668,#7643,#7670,.T.);
#7668 = VERTEX_POINT('',#7669);
#7669 = CARTESIAN_POINT('',(-3.556488055645,-33.51180974984,66.301734));
#7670 = CIRCLE('',#7671,33.7);
#7671 = AXIS2_PLACEMENT_3D('',#7672,#7673,#7674);
#7672 = CARTESIAN_POINT('',(0.,0.,66.301734));
#7673 = DIRECTION('',(0.,0.,1.));
#7674 = DIRECTION('',(-0.993571855677,-0.113203213768,0.));
#7675 = ORIENTED_EDGE('',*,*,#7676,.T.);
#7676 = EDGE_CURVE('',#7668,#6231,#7677,.T.);
#7677 = LINE('',#7678,#7679);
#7678 = CARTESIAN_POINT('',(-7.280170244515,-0.829470625348,66.301734));
#7679 = VECTOR('',#7680,1.);
#7680 = DIRECTION('',(0.113203213768,-0.993571855677,0.));
#7681 = ORIENTED_EDGE('',*,*,#6239,.T.);
#7682 = ORIENTED_EDGE('',*,*,#7651,.F.);
#7683 = PLANE('',#7684);
#7684 = AXIS2_PLACEMENT_3D('',#7685,#7686,#7687);
#7685 = CARTESIAN_POINT('',(-7.280170244515,-0.829470625348,66.301734));
#7686 = DIRECTION('',(0.,0.,1.));
#7687 = DIRECTION('',(0.993571855677,0.113203213768,0.));
#7688 = ADVANCED_FACE('',(#7689),#7708,.F.);
#7689 = FACE_BOUND('',#7690,.F.);
#7690 = EDGE_LOOP('',(#7691,#7700,#7706,#7707));
#7691 = ORIENTED_EDGE('',*,*,#7692,.F.);
#7692 = EDGE_CURVE('',#7693,#7668,#7695,.T.);
#7693 = VERTEX_POINT('',#7694);
#7694 = CARTESIAN_POINT('',(-4.028892397975,-33.45830279684,65.872752));
#7695 = ELLIPSE('',#7696,45.927326793775,33.7);
#7696 = AXIS2_PLACEMENT_3D('',#7697,#7698,#7699);
#7697 = CARTESIAN_POINT('',(0.,0.,73.086098628304));
#7698 = DIRECTION('',(-0.675032901043,-7.691028420398E-02,0.733767940628
    ));
#7699 = DIRECTION('',(0.729051174405,8.306488903891E-02,0.679400183476)
  );
#7700 = ORIENTED_EDGE('',*,*,#7701,.T.);
#7701 = EDGE_CURVE('',#7693,#6222,#7702,.T.);
#7702 = LINE('',#7703,#7704);
#7703 = CARTESIAN_POINT('',(-7.740502517755,-0.881918862921,65.872752));
#7704 = VECTOR('',#7705,1.);
#7705 = DIRECTION('',(0.113203213768,-0.993571855677,0.));
#7706 = ORIENTED_EDGE('',*,*,#6230,.T.);
#7707 = ORIENTED_EDGE('',*,*,#7676,.F.);
#7708 = PLANE('',#7709);
#7709 = AXIS2_PLACEMENT_3D('',#7710,#7711,#7712);
#7710 = CARTESIAN_POINT('',(-7.740502517755,-0.881918862921,65.872752));
#7711 = DIRECTION('',(-0.675032901043,-7.691028420398E-02,0.733767940628
    ));
#7712 = DIRECTION('',(0.729051174405,8.306488903891E-02,0.679400183476)
  );
#7713 = ADVANCED_FACE('',(#7714),#7733,.F.);
#7714 = FACE_BOUND('',#7715,.F.);
#7715 = EDGE_LOOP('',(#7716,#7725,#7731,#7732));
#7716 = ORIENTED_EDGE('',*,*,#7717,.F.);
#7717 = EDGE_CURVE('',#7718,#7693,#7720,.T.);
#7718 = VERTEX_POINT('',#7719);
#7719 = CARTESIAN_POINT('',(-4.152923315763,-33.44313424207,65.6027035)
  );
#7720 = ELLIPSE('',#7721,82.12507058605,33.7);
#7721 = AXIS2_PLACEMENT_3D('',#7722,#7723,#7724);
#7722 = CARTESIAN_POINT('',(0.,0.,83.185913983786));
#7723 = DIRECTION('',(-0.906066227989,-0.103233206847,0.41034972341));
#7724 = DIRECTION('',(0.407711936165,4.645290745877E-02,0.911928234291)
  );
#7725 = ORIENTED_EDGE('',*,*,#7726,.T.);
#7726 = EDGE_CURVE('',#7718,#6213,#7727,.T.);
#7727 = LINE('',#7728,#7729);
#7728 = CARTESIAN_POINT('',(-7.861237892155,-0.895674921247,65.6027035)
  );
#7729 = VECTOR('',#7730,1.);
#7730 = DIRECTION('',(0.113203213768,-0.993571855677,0.));
#7731 = ORIENTED_EDGE('',*,*,#6221,.T.);
#7732 = ORIENTED_EDGE('',*,*,#7701,.F.);
#7733 = PLANE('',#7734);
#7734 = AXIS2_PLACEMENT_3D('',#7735,#7736,#7737);
#7735 = CARTESIAN_POINT('',(-7.861237892155,-0.895674921247,65.6027035)
  );
#7736 = DIRECTION('',(-0.906066227989,-0.103233206847,0.41034972341));
#7737 = DIRECTION('',(0.407711936165,4.645290745877E-02,0.911928234291)
  );
#7738 = ADVANCED_FACE('',(#7739),#7758,.F.);
#7739 = FACE_BOUND('',#7740,.F.);
#7740 = EDGE_LOOP('',(#7741,#7750,#7756,#7757));
#7741 = ORIENTED_EDGE('',*,*,#7742,.F.);
#7742 = EDGE_CURVE('',#7743,#7718,#7745,.T.);
#7743 = VERTEX_POINT('',#7744);
#7744 = CARTESIAN_POINT('',(-4.139731370349,-33.44476975823,64.816485));
#7745 = ELLIPSE('',#7746,2.050699723941E+03,33.7);
#7746 = AXIS2_PLACEMENT_3D('',#7747,#7748,#7749);
#7747 = CARTESIAN_POINT('',(0.,0.,-415.7962921208));
#7748 = DIRECTION('',(-0.993437686033,-0.113187927068,
    -1.643341519315E-02));
#7749 = DIRECTION('',(-1.632777882856E-02,-1.860315413047E-03,
    0.999864962315));
#7750 = ORIENTED_EDGE('',*,*,#7751,.T.);
#7751 = EDGE_CURVE('',#7743,#6204,#7752,.T.);
#7752 = LINE('',#7753,#7754);
#7753 = CARTESIAN_POINT('',(-7.848398956636,-0.894212109318,64.816485));
#7754 = VECTOR('',#7755,1.);
#7755 = DIRECTION('',(0.113203213768,-0.993571855677,0.));
#7756 = ORIENTED_EDGE('',*,*,#6212,.T.);
#7757 = ORIENTED_EDGE('',*,*,#7726,.F.);
#7758 = PLANE('',#7759);
#7759 = AXIS2_PLACEMENT_3D('',#7760,#7761,#7762);
#7760 = CARTESIAN_POINT('',(-7.848398956636,-0.894212109318,64.816485));
#7761 = DIRECTION('',(-0.993437686033,-0.113187927068,
    -1.643341519315E-02));
#7762 = DIRECTION('',(-1.632777882856E-02,-1.860315413047E-03,
    0.999864962315));
#7763 = ADVANCED_FACE('',(#7764),#7776,.F.);
#7764 = FACE_BOUND('',#7765,.F.);
#7765 = EDGE_LOOP('',(#7766,#7773,#7774,#7775));
#7766 = ORIENTED_EDGE('',*,*,#7767,.F.);
#7767 = EDGE_CURVE('',#7538,#7743,#7768,.T.);
#7768 = ELLIPSE('',#7769,56.699397241867,33.7);
#7769 = AXIS2_PLACEMENT_3D('',#7770,#7771,#7772);
#7770 = CARTESIAN_POINT('',(0.,0.,54.128572638175));
#7771 = DIRECTION('',(-0.799027696685,-9.10377066717E-02,-0.594362579486
    ));
#7772 = DIRECTION('',(-0.590541931045,-6.728375414124E-02,0.804197192302
    ));
#7773 = ORIENTED_EDGE('',*,*,#7553,.T.);
#7774 = ORIENTED_EDGE('',*,*,#6203,.T.);
#7775 = ORIENTED_EDGE('',*,*,#7751,.F.);
#7776 = PLANE('',#7777);
#7777 = AXIS2_PLACEMENT_3D('',#7778,#7779,#7780);
#7778 = CARTESIAN_POINT('',(-7.57934565955,-0.863557358249,64.4500895));
#7779 = DIRECTION('',(-0.799027696685,-9.10377066717E-02,-0.594362579486
    ));
#7780 = DIRECTION('',(-0.590541931045,-6.728375414124E-02,0.804197192302
    ));
#7781 = ADVANCED_FACE('',(#7782),#7808,.F.);
#7782 = FACE_BOUND('',#7783,.F.);
#7783 = EDGE_LOOP('',(#7784,#7795,#7801,#7802));
#7784 = ORIENTED_EDGE('',*,*,#7785,.F.);
#7785 = EDGE_CURVE('',#7786,#7788,#7790,.T.);
#7786 = VERTEX_POINT('',#7787);
#7787 = CARTESIAN_POINT('',(-3.748345703572,-33.4908928589,68.434574));
#7788 = VERTEX_POINT('',#7789);
#7789 = CARTESIAN_POINT('',(-4.941130162773,-33.33579506648,68.486546));
#7790 = ELLIPSE('',#7791,33.733370733186,33.7);
#7791 = AXIS2_PLACEMENT_3D('',#7792,#7793,#7794);
#7792 = CARTESIAN_POINT('',(0.,0.,68.100032595275));
#7793 = DIRECTION('',(-4.418347303087E-02,-5.034070876651E-03,
    -0.999010750113));
#7794 = DIRECTION('',(-0.992588964831,-0.113091227501,4.446932829109E-02
    ));
#7795 = ORIENTED_EDGE('',*,*,#7796,.T.);
#7796 = EDGE_CURVE('',#7786,#6285,#7797,.T.);
#7797 = LINE('',#7798,#7799);
#7798 = CARTESIAN_POINT('',(-7.467216604563,-0.850781866161,68.434574));
#7799 = VECTOR('',#7800,1.);
#7800 = DIRECTION('',(0.113203213768,-0.993571855677,0.));
#7801 = ORIENTED_EDGE('',*,*,#6284,.T.);
#7802 = ORIENTED_EDGE('',*,*,#7803,.F.);
#7803 = EDGE_CURVE('',#7788,#6287,#7804,.T.);
#7804 = LINE('',#7805,#7806);
#7805 = CARTESIAN_POINT('',(-8.627270863591,-0.982953353826,68.486546));
#7806 = VECTOR('',#7807,1.);
#7807 = DIRECTION('',(0.113203213768,-0.993571855677,0.));
#7808 = PLANE('',#7809);
#7809 = AXIS2_PLACEMENT_3D('',#7810,#7811,#7812);
#7810 = CARTESIAN_POINT('',(-7.467216604563,-0.850781866161,68.434574));
#7811 = DIRECTION('',(-4.418347303087E-02,-5.034070876651E-03,
    -0.999010750113));
#7812 = DIRECTION('',(-0.992588964831,-0.113091227501,4.446932829109E-02
    ));
#7813 = ADVANCED_FACE('',(#7814),#7833,.F.);
#7814 = FACE_BOUND('',#7815,.F.);
#7815 = EDGE_LOOP('',(#7816,#7825,#7831,#7832));
#7816 = ORIENTED_EDGE('',*,*,#7817,.F.);
#7817 = EDGE_CURVE('',#7818,#7786,#7820,.T.);
#7818 = VERTEX_POINT('',#7819);
#7819 = CARTESIAN_POINT('',(-3.076446146355,-33.55928305415,68.498545));
#7820 = ELLIPSE('',#7821,33.85800613633,33.7);
#7821 = AXIS2_PLACEMENT_3D('',#7822,#7823,#7824);
#7822 = CARTESIAN_POINT('',(0.,0.,69.163200489213));
#7823 = DIRECTION('',(9.587674694944E-02,1.092377548567E-02,
    -0.995333271082));
#7824 = DIRECTION('',(0.988935125166,0.112674925057,9.649704387425E-02)
  );
#7825 = ORIENTED_EDGE('',*,*,#7826,.T.);
#7826 = EDGE_CURVE('',#7818,#6422,#7827,.T.);
#7827 = LINE('',#7828,#7829);
#7828 = CARTESIAN_POINT('',(-6.811619641672,-0.776086027393,68.498545));
#7829 = VECTOR('',#7830,1.);
#7830 = DIRECTION('',(0.113203213768,-0.993571855677,0.));
#7831 = ORIENTED_EDGE('',*,*,#6430,.T.);
#7832 = ORIENTED_EDGE('',*,*,#7796,.F.);
#7833 = PLANE('',#7834);
#7834 = AXIS2_PLACEMENT_3D('',#7835,#7836,#7837);
#7835 = CARTESIAN_POINT('',(-6.811619641672,-0.776086027393,68.498545));
#7836 = DIRECTION('',(9.587674694944E-02,1.092377548567E-02,
    -0.995333271082));
#7837 = DIRECTION('',(-0.988935125166,-0.112674925057,
    -9.649704387425E-02));
#7838 = ADVANCED_FACE('',(#7839),#7858,.F.);
#7839 = FACE_BOUND('',#7840,.F.);
#7840 = EDGE_LOOP('',(#7841,#7850,#7856,#7857));
#7841 = ORIENTED_EDGE('',*,*,#7842,.F.);
#7842 = EDGE_CURVE('',#7843,#7818,#7845,.T.);
#7843 = VERTEX_POINT('',#7844);
#7844 = CARTESIAN_POINT('',(-2.623407675272,-33.59773403325,68.67711));
#7845 = ELLIPSE('',#7846,36.303191647564,33.7);
#7846 = AXIS2_PLACEMENT_3D('',#7847,#7848,#7849);
#7847 = CARTESIAN_POINT('',(0.,0.,71.244751551724));
#7848 = DIRECTION('',(0.369459181988,4.20945566424E-02,-0.928293036248)
  );
#7849 = DIRECTION('',(0.922325834636,0.105085755022,0.371849484138));
#7850 = ORIENTED_EDGE('',*,*,#7851,.T.);
#7851 = EDGE_CURVE('',#7843,#6413,#7852,.T.);
#7852 = LINE('',#7853,#7854);
#7853 = CARTESIAN_POINT('',(-6.368711638065,-0.725623034581,68.67711));
#7854 = VECTOR('',#7855,1.);
#7855 = DIRECTION('',(0.113203213768,-0.993571855677,0.));
#7856 = ORIENTED_EDGE('',*,*,#6421,.T.);
#7857 = ORIENTED_EDGE('',*,*,#7826,.F.);
#7858 = PLANE('',#7859);
#7859 = AXIS2_PLACEMENT_3D('',#7860,#7861,#7862);
#7860 = CARTESIAN_POINT('',(-6.368711638065,-0.725623034581,68.67711));
#7861 = DIRECTION('',(0.369459181988,4.20945566424E-02,-0.928293036248)
  );
#7862 = DIRECTION('',(-0.922325834636,-0.105085755022,-0.371849484138));
#7863 = ADVANCED_FACE('',(#7864),#7883,.F.);
#7864 = FACE_BOUND('',#7865,.F.);
#7865 = EDGE_LOOP('',(#7866,#7875,#7881,#7882));
#7866 = ORIENTED_EDGE('',*,*,#7867,.F.);
#7867 = EDGE_CURVE('',#7868,#7843,#7870,.T.);
#7868 = VERTEX_POINT('',#7869);
#7869 = CARTESIAN_POINT('',(-2.333994978898,-33.61907892013,69.010242));
#7870 = ELLIPSE('',#7871,51.825595835478,33.7);
#7871 = AXIS2_PLACEMENT_3D('',#7872,#7873,#7874);
#7872 = CARTESIAN_POINT('',(0.,0.,76.16598537998));
#7873 = DIRECTION('',(0.754830043234,8.600202014018E-02,-0.650257839909)
  );
#7874 = DIRECTION('',(0.646077888667,7.361127725553E-02,0.759713591846)
  );
#7875 = ORIENTED_EDGE('',*,*,#7876,.T.);
#7876 = EDGE_CURVE('',#7868,#6404,#7877,.T.);
#7877 = LINE('',#7878,#7879);
#7878 = CARTESIAN_POINT('',(-6.085408533425,-0.69334472302,69.010242));
#7879 = VECTOR('',#7880,1.);
#7880 = DIRECTION('',(0.113203213768,-0.993571855677,0.));
#7881 = ORIENTED_EDGE('',*,*,#6412,.T.);
#7882 = ORIENTED_EDGE('',*,*,#7851,.F.);
#7883 = PLANE('',#7884);
#7884 = AXIS2_PLACEMENT_3D('',#7885,#7886,#7887);
#7885 = CARTESIAN_POINT('',(-6.085408533425,-0.69334472302,69.010242));
#7886 = DIRECTION('',(0.754830043234,8.600202014018E-02,-0.650257839909)
  );
#7887 = DIRECTION('',(-0.646077888667,-7.361127725553E-02,
    -0.759713591846));
#7888 = ADVANCED_FACE('',(#7889),#7908,.F.);
#7889 = FACE_BOUND('',#7890,.F.);
#7890 = EDGE_LOOP('',(#7891,#7900,#7906,#7907));
#7891 = ORIENTED_EDGE('',*,*,#7892,.F.);
#7892 = EDGE_CURVE('',#7893,#7868,#7895,.T.);
#7893 = VERTEX_POINT('',#7894);
#7894 = CARTESIAN_POINT('',(-2.260246516182,-33.62411761944,69.285651));
#7895 = ELLIPSE('',#7896,132.03174476207,33.7);
#7896 = AXIS2_PLACEMENT_3D('',#7897,#7898,#7899);
#7897 = CARTESIAN_POINT('',(0.,0.,92.211433094238));
#7898 = DIRECTION('',(0.960662067182,0.109453616997,-0.255241647081));
#7899 = DIRECTION('',(0.253600916936,2.889417473694E-02,0.96687729397));
#7900 = ORIENTED_EDGE('',*,*,#7901,.T.);
#7901 = EDGE_CURVE('',#7893,#6395,#7902,.T.);
#7902 = LINE('',#7903,#7904);
#7903 = CARTESIAN_POINT('',(-6.01317188523,-0.685114396566,69.285651));
#7904 = VECTOR('',#7905,1.);
#7905 = DIRECTION('',(0.113203213768,-0.993571855677,0.));
#7906 = ORIENTED_EDGE('',*,*,#6403,.T.);
#7907 = ORIENTED_EDGE('',*,*,#7876,.F.);
#7908 = PLANE('',#7909);
#7909 = AXIS2_PLACEMENT_3D('',#7910,#7911,#7912);
#7910 = CARTESIAN_POINT('',(-6.01317188523,-0.685114396566,69.285651));
#7911 = DIRECTION('',(0.960662067182,0.109453616997,-0.255241647081));
#7912 = DIRECTION('',(-0.253600916936,-2.889417473694E-02,-0.96687729397
    ));
#7913 = ADVANCED_FACE('',(#7914),#7933,.F.);
#7914 = FACE_BOUND('',#7915,.F.);
#7915 = EDGE_LOOP('',(#7916,#7925,#7931,#7932));
#7916 = ORIENTED_EDGE('',*,*,#7917,.F.);
#7917 = EDGE_CURVE('',#7918,#7893,#7920,.T.);
#7918 = VERTEX_POINT('',#7919);
#7919 = CARTESIAN_POINT('',(-2.282138643431,-33.62263884962,69.747648));
#7920 = ELLIPSE('',#7921,722.12198205188,33.7);
#7921 = AXIS2_PLACEMENT_3D('',#7922,#7923,#7924);
#7922 = CARTESIAN_POINT('',(0.,0.,-60.25663610032));
#7923 = DIRECTION('',(0.992489314032,0.113079873727,4.666801570594E-02)
  );
#7924 = DIRECTION('',(-4.636802696569E-02,-5.282969358083E-03,
    0.9989104546));
#7925 = ORIENTED_EDGE('',*,*,#7926,.T.);
#7926 = EDGE_CURVE('',#7918,#6386,#7927,.T.);
#7927 = LINE('',#7928,#7929);
#7928 = CARTESIAN_POINT('',(-6.034617140163,-0.687557774732,69.747648));
#7929 = VECTOR('',#7930,1.);
#7930 = DIRECTION('',(0.113203213768,-0.993571855677,0.));
#7931 = ORIENTED_EDGE('',*,*,#6394,.T.);
#7932 = ORIENTED_EDGE('',*,*,#7901,.F.);
#7933 = PLANE('',#7934);
#7934 = AXIS2_PLACEMENT_3D('',#7935,#7936,#7937);
#7935 = CARTESIAN_POINT('',(-6.034617140163,-0.687557774732,69.747648));
#7936 = DIRECTION('',(0.992489314032,0.113079873727,4.666801570594E-02)
  );
#7937 = DIRECTION('',(4.636802696569E-02,5.282969358083E-03,
    -0.9989104546));
#7938 = ADVANCED_FACE('',(#7939),#7958,.F.);
#7939 = FACE_BOUND('',#7940,.F.);
#7940 = EDGE_LOOP('',(#7941,#7950,#7956,#7957));
#7941 = ORIENTED_EDGE('',*,*,#7942,.F.);
#7942 = EDGE_CURVE('',#7943,#7918,#7945,.T.);
#7943 = VERTEX_POINT('',#7944);
#7944 = CARTESIAN_POINT('',(-2.443427735522,-33.61130257668,70.1729735)
  );
#7945 = ELLIPSE('',#7946,96.257210895125,33.7);
#7946 = AXIS2_PLACEMENT_3D('',#7947,#7948,#7949);
#7947 = CARTESIAN_POINT('',(0.,0.,53.497421454779));
#7948 = DIRECTION('',(0.930689656319,0.106038692133,0.350103640928));
#7949 = DIRECTION('',(-0.347853124196,-3.963285730494E-02,0.936710969621
    ));
#7950 = ORIENTED_EDGE('',*,*,#7951,.T.);
#7951 = EDGE_CURVE('',#7943,#6377,#7952,.T.);
#7952 = LINE('',#7953,#7954);
#7953 = CARTESIAN_POINT('',(-6.192564264488,-0.705553576421,70.1729735)
  );
#7954 = VECTOR('',#7955,1.);
#7955 = DIRECTION('',(0.113203213768,-0.993571855677,0.));
#7956 = ORIENTED_EDGE('',*,*,#6385,.T.);
#7957 = ORIENTED_EDGE('',*,*,#7926,.F.);
#7958 = PLANE('',#7959);
#7959 = AXIS2_PLACEMENT_3D('',#7960,#7961,#7962);
#7960 = CARTESIAN_POINT('',(-6.192564264488,-0.705553576421,70.1729735)
  );
#7961 = DIRECTION('',(0.930689656319,0.106038692133,0.350103640928));
#7962 = DIRECTION('',(0.347853124196,3.963285730494E-02,-0.936710969621)
  );
#7963 = ADVANCED_FACE('',(#7964),#7983,.F.);
#7964 = FACE_BOUND('',#7965,.F.);
#7965 = EDGE_LOOP('',(#7966,#7975,#7981,#7982));
#7966 = ORIENTED_EDGE('',*,*,#7967,.F.);
#7967 = EDGE_CURVE('',#7968,#7943,#7970,.T.);
#7968 = VERTEX_POINT('',#7969);
#7969 = CARTESIAN_POINT('',(-2.617603619666,-33.59818672622,70.3832755)
  );
#7970 = ELLIPSE('',#7971,53.310351866329,33.7);
#7971 = AXIS2_PLACEMENT_3D('',#7972,#7973,#7974);
#7972 = CARTESIAN_POINT('',(0.,0.,62.53339327364));
#7973 = DIRECTION('',(0.769867325054,8.771530199164E-02,0.632147393896)
  );
#7974 = DIRECTION('',(-0.628083859215,-7.156111656408E-02,0.774848160861
    ));
#7975 = ORIENTED_EDGE('',*,*,#7976,.T.);
#7976 = EDGE_CURVE('',#7968,#6368,#7977,.T.);
#7977 = LINE('',#7978,#7979);
#7978 = CARTESIAN_POINT('',(-6.363032878124,-0.724976021612,70.3832755)
  );
#7979 = VECTOR('',#7980,1.);
#7980 = DIRECTION('',(0.113203213768,-0.993571855677,0.));
#7981 = ORIENTED_EDGE('',*,*,#6376,.T.);
#7982 = ORIENTED_EDGE('',*,*,#7951,.F.);
#7983 = PLANE('',#7984);
#7984 = AXIS2_PLACEMENT_3D('',#7985,#7986,#7987);
#7985 = CARTESIAN_POINT('',(-6.363032878124,-0.724976021612,70.3832755)
  );
#7986 = DIRECTION('',(0.769867325054,8.771530199164E-02,0.632147393896)
  );
#7987 = DIRECTION('',(0.628083859215,7.156111656408E-02,-0.774848160861)
  );
#7988 = ADVANCED_FACE('',(#7989),#8008,.F.);
#7989 = FACE_BOUND('',#7990,.F.);
#7990 = EDGE_LOOP('',(#7991,#8000,#8006,#8007));
#7991 = ORIENTED_EDGE('',*,*,#7992,.F.);
#7992 = EDGE_CURVE('',#7993,#7968,#7995,.T.);
#7993 = VERTEX_POINT('',#7994);
#7994 = CARTESIAN_POINT('',(-3.03918632972,-33.56267787965,70.51956));
#7995 = ELLIPSE('',#7996,35.471881497911,33.7);
#7996 = AXIS2_PLACEMENT_3D('',#7997,#7998,#7999);
#7997 = CARTESIAN_POINT('',(0.,0.,68.279414144532));
#7998 = DIRECTION('',(0.310096730373,3.533105960743E-02,0.950048279846)
  );
#7999 = DIRECTION('',(-0.943941232389,-0.107548518513,0.31210297333));
#8000 = ORIENTED_EDGE('',*,*,#8001,.T.);
#8001 = EDGE_CURVE('',#7993,#6359,#8002,.T.);
#8002 = LINE('',#8003,#8004);
#8003 = CARTESIAN_POINT('',(-6.775219143167,-0.771938714454,70.51956));
#8004 = VECTOR('',#8005,1.);
#8005 = DIRECTION('',(0.113203213768,-0.993571855677,0.));
#8006 = ORIENTED_EDGE('',*,*,#6367,.T.);
#8007 = ORIENTED_EDGE('',*,*,#7976,.F.);
#8008 = PLANE('',#8009);
#8009 = AXIS2_PLACEMENT_3D('',#8010,#8011,#8012);
#8010 = CARTESIAN_POINT('',(-6.775219143167,-0.771938714454,70.51956));
#8011 = DIRECTION('',(0.310096730373,3.533105960743E-02,0.950048279846)
  );
#8012 = DIRECTION('',(0.943941232389,0.107548518513,-0.31210297333));
#8013 = ADVANCED_FACE('',(#8014),#8033,.F.);
#8014 = FACE_BOUND('',#8015,.F.);
#8015 = EDGE_LOOP('',(#8016,#8025,#8031,#8032));
#8016 = ORIENTED_EDGE('',*,*,#8017,.F.);
#8017 = EDGE_CURVE('',#8018,#7993,#8020,.T.);
#8018 = VERTEX_POINT('',#8019);
#8019 = CARTESIAN_POINT('',(-4.137484451491,-33.44504780103,70.572171));
#8020 = ELLIPSE('',#8021,33.740116213458,33.7);
#8021 = AXIS2_PLACEMENT_3D('',#8022,#8023,#8024);
#8022 = CARTESIAN_POINT('',(0.,0.,70.18673703379));
#8023 = DIRECTION('',(4.84363968311E-02,5.518630336891E-03,
    0.998811023258));
#8024 = DIRECTION('',(-0.992390521848,-0.11306861778,4.874976737149E-02)
  );
#8025 = ORIENTED_EDGE('',*,*,#8026,.T.);
#8026 = EDGE_CURVE('',#8018,#6350,#8027,.T.);
#8027 = LINE('',#8028,#8029);
#8028 = CARTESIAN_POINT('',(-7.846212104982,-0.893962949045,70.572171));
#8029 = VECTOR('',#8030,1.);
#8030 = DIRECTION('',(0.113203213768,-0.993571855677,0.));
#8031 = ORIENTED_EDGE('',*,*,#6358,.T.);
#8032 = ORIENTED_EDGE('',*,*,#8001,.F.);
#8033 = PLANE('',#8034);
#8034 = AXIS2_PLACEMENT_3D('',#8035,#8036,#8037);
#8035 = CARTESIAN_POINT('',(-7.846212104982,-0.893962949045,70.572171));
#8036 = DIRECTION('',(4.84363968311E-02,5.518630336891E-03,
    0.998811023258));
#8037 = DIRECTION('',(0.992390521848,0.11306861778,-4.874976737149E-02)
  );
#8038 = ADVANCED_FACE('',(#8039),#8058,.F.);
#8039 = FACE_BOUND('',#8040,.F.);
#8040 = EDGE_LOOP('',(#8041,#8050,#8056,#8057));
#8041 = ORIENTED_EDGE('',*,*,#8042,.F.);
#8042 = EDGE_CURVE('',#8043,#8018,#8045,.T.);
#8043 = VERTEX_POINT('',#8044);
#8044 = CARTESIAN_POINT('',(-5.073887729439,-33.31584702974,70.45282));
#8045 = ELLIPSE('',#8046,33.985008619704,33.7);
#8046 = AXIS2_PLACEMENT_3D('',#8047,#8048,#8049);
#8047 = CARTESIAN_POINT('',(0.,0.,71.601385992634));
#8048 = DIRECTION('',(-0.128406538382,-1.463007706044E-02,0.991613695824
    ));
#8049 = DIRECTION('',(0.985239459874,0.112253857184,0.129237294362));
#8050 = ORIENTED_EDGE('',*,*,#8051,.T.);
#8051 = EDGE_CURVE('',#8043,#6341,#8052,.T.);
#8052 = LINE('',#8053,#8054);
#8053 = CARTESIAN_POINT('',(-8.756083480392,-0.997629697678,70.45282));
#8054 = VECTOR('',#8055,1.);
#8055 = DIRECTION('',(0.113203213768,-0.993571855677,0.));
#8056 = ORIENTED_EDGE('',*,*,#6349,.T.);
#8057 = ORIENTED_EDGE('',*,*,#8026,.F.);
#8058 = PLANE('',#8059);
#8059 = AXIS2_PLACEMENT_3D('',#8060,#8061,#8062);
#8060 = CARTESIAN_POINT('',(-8.756083480392,-0.997629697678,70.45282));
#8061 = DIRECTION('',(-0.128406538382,-1.463007706044E-02,0.991613695824
    ));
#8062 = DIRECTION('',(0.985239459874,0.112253857184,0.129237294362));
#8063 = ADVANCED_FACE('',(#8064),#8083,.F.);
#8064 = FACE_BOUND('',#8065,.F.);
#8065 = EDGE_LOOP('',(#8066,#8075,#8081,#8082));
#8066 = ORIENTED_EDGE('',*,*,#8067,.F.);
#8067 = EDGE_CURVE('',#8068,#8043,#8070,.T.);
#8068 = VERTEX_POINT('',#8069);
#8069 = CARTESIAN_POINT('',(-5.392478531504,-33.26576581543,70.2534875)
  );
#8070 = ELLIPSE('',#8071,40.032694244507,33.7);
#8071 = AXIS2_PLACEMENT_3D('',#8072,#8073,#8074);
#8072 = CARTESIAN_POINT('',(0.,0.,76.103556073427));
#8073 = DIRECTION('',(-0.536301205506,-6.110380408222E-02,0.841811939865
    ));
#8074 = DIRECTION('',(0.836400651223,9.529581698094E-02,0.539770930952)
  );
#8075 = ORIENTED_EDGE('',*,*,#8076,.T.);
#8076 = EDGE_CURVE('',#8068,#6332,#8077,.T.);
#8077 = LINE('',#8078,#8079);
#8078 = CARTESIAN_POINT('',(-9.064958640668,-1.032821576954,70.2534875)
  );
#8079 = VECTOR('',#8080,1.);
#8080 = DIRECTION('',(0.113203213768,-0.993571855677,0.));
#8081 = ORIENTED_EDGE('',*,*,#6340,.T.);
#8082 = ORIENTED_EDGE('',*,*,#8051,.F.);
#8083 = PLANE('',#8084);
#8084 = AXIS2_PLACEMENT_3D('',#8085,#8086,#8087);
#8085 = CARTESIAN_POINT('',(-9.064958640668,-1.032821576954,70.2534875)
  );
#8086 = DIRECTION('',(-0.536301205506,-6.110380408222E-02,0.841811939865
    ));
#8087 = DIRECTION('',(0.836400651223,9.529581698094E-02,0.539770930952)
  );
#8088 = ADVANCED_FACE('',(#8089),#8108,.F.);
#8089 = FACE_BOUND('',#8090,.F.);
#8090 = EDGE_LOOP('',(#8091,#8100,#8106,#8107));
#8091 = ORIENTED_EDGE('',*,*,#8092,.F.);
#8092 = EDGE_CURVE('',#8093,#8068,#8095,.T.);
#8093 = VERTEX_POINT('',#8094);
#8094 = CARTESIAN_POINT('',(-5.597096384396,-33.23195016943,69.9327805)
  );
#8095 = ELLIPSE('',#8096,63.80692757783,33.7);
#8096 = AXIS2_PLACEMENT_3D('',#8097,#8098,#8099);
#8097 = CARTESIAN_POINT('',(0.,0.,84.92205150089));
#8098 = DIRECTION('',(-0.843689031363,-9.612622300578E-02,0.528155817547
    ));
#8099 = DIRECTION('',(0.524760755726,5.978893591648E-02,0.849147473877)
  );
#8100 = ORIENTED_EDGE('',*,*,#8101,.T.);
#8101 = EDGE_CURVE('',#8093,#6323,#8102,.T.);
#8102 = LINE('',#8103,#8104);
#8103 = CARTESIAN_POINT('',(-9.263150889793,-1.055402731419,69.9327805)
  );
#8104 = VECTOR('',#8105,1.);
#8105 = DIRECTION('',(0.113203213768,-0.993571855677,0.));
#8106 = ORIENTED_EDGE('',*,*,#6331,.T.);
#8107 = ORIENTED_EDGE('',*,*,#8076,.F.);
#8108 = PLANE('',#8109);
#8109 = AXIS2_PLACEMENT_3D('',#8110,#8111,#8112);
#8110 = CARTESIAN_POINT('',(-9.263150889793,-1.055402731419,69.9327805)
  );
#8111 = DIRECTION('',(-0.843689031363,-9.612622300578E-02,0.528155817547
    ));
#8112 = DIRECTION('',(0.524760755726,5.978893591648E-02,0.849147473877)
  );
#8113 = ADVANCED_FACE('',(#8114),#8133,.F.);
#8114 = FACE_BOUND('',#8115,.F.);
#8115 = EDGE_LOOP('',(#8116,#8125,#8131,#8132));
#8116 = ORIENTED_EDGE('',*,*,#8117,.F.);
#8117 = EDGE_CURVE('',#8118,#8093,#8120,.T.);
#8118 = VERTEX_POINT('',#8119);
#8119 = CARTESIAN_POINT('',(-5.678599395727,-33.21812018918,69.4766055)
  );
#8120 = ELLIPSE('',#8121,196.49437216723,33.7);
#8121 = AXIS2_PLACEMENT_3D('',#8122,#8123,#8124);
#8122 = CARTESIAN_POINT('',(0.,0.,123.4873584392));
#8123 = DIRECTION('',(-0.978850144489,-0.111525886649,0.171506184265));
#8124 = DIRECTION('',(0.17040371776,1.94150512399E-02,0.985183043276));
#8125 = ORIENTED_EDGE('',*,*,#8126,.T.);
#8126 = EDGE_CURVE('',#8118,#6314,#8127,.T.);
#8127 = LINE('',#8128,#8129);
#8128 = CARTESIAN_POINT('',(-9.342053908354,-1.064392594835,69.4766055)
  );
#8129 = VECTOR('',#8130,1.);
#8130 = DIRECTION('',(0.113203213768,-0.993571855677,0.));
#8131 = ORIENTED_EDGE('',*,*,#6322,.T.);
#8132 = ORIENTED_EDGE('',*,*,#8101,.F.);
#8133 = PLANE('',#8134);
#8134 = AXIS2_PLACEMENT_3D('',#8135,#8136,#8137);
#8135 = CARTESIAN_POINT('',(-9.342053908354,-1.064392594835,69.4766055)
  );
#8136 = DIRECTION('',(-0.978850144489,-0.111525886649,0.171506184265));
#8137 = DIRECTION('',(0.17040371776,1.94150512399E-02,0.985183043276));
#8138 = ADVANCED_FACE('',(#8139),#8158,.F.);
#8139 = FACE_BOUND('',#8140,.F.);
#8140 = EDGE_LOOP('',(#8141,#8150,#8156,#8157));
#8141 = ORIENTED_EDGE('',*,*,#8142,.F.);
#8142 = EDGE_CURVE('',#8143,#8118,#8145,.T.);
#8143 = VERTEX_POINT('',#8144);
#8144 = CARTESIAN_POINT('',(-5.572763057485,-33.23603935346,69.031684));
#8145 = ELLIPSE('',#8146,149.24596310132,33.7);
#8146 = AXIS2_PLACEMENT_3D('',#8147,#8148,#8149);
#8147 = CARTESIAN_POINT('',(0.,0.,28.911557799999));
#8148 = DIRECTION('',(-0.967911148036,-0.110279545433,-0.225801752354));
#8149 = DIRECTION('',(-0.224350266101,-2.556148404087E-02,0.97417327444)
  );
#8150 = ORIENTED_EDGE('',*,*,#8151,.T.);
#8151 = EDGE_CURVE('',#8143,#6305,#8152,.T.);
#8152 = LINE('',#8153,#8154);
#8153 = CARTESIAN_POINT('',(-9.239589326808,-1.052718230407,69.031684));
#8154 = VECTOR('',#8155,1.);
#8155 = DIRECTION('',(0.113203213768,-0.993571855677,0.));
#8156 = ORIENTED_EDGE('',*,*,#6313,.T.);
#8157 = ORIENTED_EDGE('',*,*,#8126,.F.);
#8158 = PLANE('',#8159);
#8159 = AXIS2_PLACEMENT_3D('',#8160,#8161,#8162);
#8160 = CARTESIAN_POINT('',(-9.239589326808,-1.052718230407,69.031684));
#8161 = DIRECTION('',(-0.967911148036,-0.110279545433,-0.225801752354));
#8162 = DIRECTION('',(-0.224350266101,-2.556148404087E-02,0.97417327444)
  );
#8163 = ADVANCED_FACE('',(#8164),#8183,.F.);
#8164 = FACE_BOUND('',#8165,.F.);
#8165 = EDGE_LOOP('',(#8166,#8175,#8181,#8182));
#8166 = ORIENTED_EDGE('',*,*,#8167,.F.);
#8167 = EDGE_CURVE('',#8168,#8143,#8170,.T.);
#8168 = VERTEX_POINT('',#8169);
#8169 = CARTESIAN_POINT('',(-5.315062216014,-33.27822281372,68.675761));
#8170 = ELLIPSE('',#8171,58.433093183135,33.7);
#8171 = AXIS2_PLACEMENT_3D('',#8172,#8173,#8174);
#8172 = CARTESIAN_POINT('',(0.,0.,55.859113564566));
#8173 = DIRECTION('',(-0.811684863758,-9.24798087015E-02,-0.57672798348)
  );
#8174 = DIRECTION('',(-0.573020692767,-6.52874611998E-02,0.816936247862)
  );
#8175 = ORIENTED_EDGE('',*,*,#8176,.T.);
#8176 = EDGE_CURVE('',#8168,#6296,#8177,.T.);
#8177 = LINE('',#8178,#8179);
#8178 = CARTESIAN_POINT('',(-8.989935520204,-1.024273772087,68.675761));
#8179 = VECTOR('',#8180,1.);
#8180 = DIRECTION('',(0.113203213768,-0.993571855677,0.));
#8181 = ORIENTED_EDGE('',*,*,#6304,.T.);
#8182 = ORIENTED_EDGE('',*,*,#8151,.F.);
#8183 = PLANE('',#8184);
#8184 = AXIS2_PLACEMENT_3D('',#8185,#8186,#8187);
#8185 = CARTESIAN_POINT('',(-8.989935520204,-1.024273772087,68.675761));
#8186 = DIRECTION('',(-0.811684863758,-9.24798087015E-02,-0.57672798348)
  );
#8187 = DIRECTION('',(-0.573020692767,-6.52874611998E-02,0.816936247862)
  );
#8188 = ADVANCED_FACE('',(#8189),#8201,.F.);
#8189 = FACE_BOUND('',#8190,.F.);
#8190 = EDGE_LOOP('',(#8191,#8198,#8199,#8200));
#8191 = ORIENTED_EDGE('',*,*,#8192,.F.);
#8192 = EDGE_CURVE('',#7788,#8168,#8193,.T.);
#8193 = ELLIPSE('',#8194,37.95882077225,33.7);
#8194 = AXIS2_PLACEMENT_3D('',#8195,#8196,#8197);
#8195 = CARTESIAN_POINT('',(0.,0.,63.985393139662));
#8196 = DIRECTION('',(-0.457263018803,-5.209854020113E-02,-0.8878041866)
  );
#8197 = DIRECTION('',(-0.882097253158,-0.10050228712,0.460221388307));
#8198 = ORIENTED_EDGE('',*,*,#7803,.T.);
#8199 = ORIENTED_EDGE('',*,*,#6295,.T.);
#8200 = ORIENTED_EDGE('',*,*,#8176,.F.);
#8201 = PLANE('',#8202);
#8202 = AXIS2_PLACEMENT_3D('',#8203,#8204,#8205);
#8203 = CARTESIAN_POINT('',(-8.627270863591,-0.982953353826,68.486546));
#8204 = DIRECTION('',(-0.457263018803,-5.209854020113E-02,-0.8878041866)
  );
#8205 = DIRECTION('',(-0.882097253158,-0.10050228712,0.460221388307));
#8206 = ADVANCED_FACE('',(#8207),#8233,.F.);
#8207 = FACE_BOUND('',#8208,.F.);
#8208 = EDGE_LOOP('',(#8209,#8220,#8226,#8227));
#8209 = ORIENTED_EDGE('',*,*,#8210,.F.);
#8210 = EDGE_CURVE('',#8211,#8213,#8215,.T.);
#8211 = VERTEX_POINT('',#8212);
#8212 = CARTESIAN_POINT('',(-1.888978658181,-33.64701709853,59.985787));
#8213 = VERTEX_POINT('',#8214);
#8214 = CARTESIAN_POINT('',(-2.172226509538,-33.62991870331,60.2986485)
  );
#8215 = ELLIPSE('',#8216,50.584205901983,33.7);
#8216 = AXIS2_PLACEMENT_3D('',#8217,#8218,#8219);
#8217 = CARTESIAN_POINT('',(0.,0.,53.621143735107));
#8218 = DIRECTION('',(-0.740965118916,-8.442231155397E-02,
    -0.666215855307));
#8219 = DIRECTION('',(-0.661933323638,-7.541777588385E-02,0.745758965174
    ));
#8220 = ORIENTED_EDGE('',*,*,#8221,.T.);
#8221 = EDGE_CURVE('',#8211,#6440,#8222,.T.);
#8222 = LINE('',#8223,#8224);
#8223 = CARTESIAN_POINT('',(-5.649237443786,-0.643649304598,59.985787));
#8224 = VECTOR('',#8225,1.);
#8225 = DIRECTION('',(0.113203213768,-0.993571855677,0.));
#8226 = ORIENTED_EDGE('',*,*,#6439,.T.);
#8227 = ORIENTED_EDGE('',*,*,#8228,.F.);
#8228 = EDGE_CURVE('',#8213,#6442,#8229,.T.);
#8229 = LINE('',#8230,#8231);
#8230 = CARTESIAN_POINT('',(-5.926932332087,-0.675288640619,60.2986485)
  );
#8231 = VECTOR('',#8232,1.);
#8232 = DIRECTION('',(0.113203213768,-0.993571855677,0.));
#8233 = PLANE('',#8234);
#8234 = AXIS2_PLACEMENT_3D('',#8235,#8236,#8237);
#8235 = CARTESIAN_POINT('',(-5.649237443786,-0.643649304598,59.985787));
#8236 = DIRECTION('',(-0.740965118916,-8.442231155397E-02,
    -0.666215855307));
#8237 = DIRECTION('',(-0.661933323638,-7.541777588385E-02,0.745758965174
    ));
#8238 = ADVANCED_FACE('',(#8239),#8258,.F.);
#8239 = FACE_BOUND('',#8240,.F.);
#8240 = EDGE_LOOP('',(#8241,#8250,#8256,#8257));
#8241 = ORIENTED_EDGE('',*,*,#8242,.F.);
#8242 = EDGE_CURVE('',#8243,#8211,#8245,.T.);
#8243 = VERTEX_POINT('',#8244);
#8244 = CARTESIAN_POINT('',(6.551397219965,-33.05705967666,59.9132605));
#8245 = ELLIPSE('',#8246,33.701240433183,33.7);
#8246 = AXIS2_PLACEMENT_3D('',#8247,#8248,#8249);
#8247 = CARTESIAN_POINT('',(0.,0.,59.937002564993));
#8248 = DIRECTION('',(-8.524600345747E-03,-9.712555259211E-04,
    -0.999963193248));
#8249 = DIRECTION('',(-0.993535285524,-0.113199047125,8.57975223135E-03)
  );
#8250 = ORIENTED_EDGE('',*,*,#8251,.T.);
#8251 = EDGE_CURVE('',#8243,#7225,#8252,.T.);
#8252 = LINE('',#8253,#8254);
#8253 = CARTESIAN_POINT('',(2.749331062922,0.313246707077,59.9132605));
#8254 = VECTOR('',#8255,1.);
#8255 = DIRECTION('',(0.113203213768,-0.993571855677,0.));
#8256 = ORIENTED_EDGE('',*,*,#7233,.T.);
#8257 = ORIENTED_EDGE('',*,*,#8221,.F.);
#8258 = PLANE('',#8259);
#8259 = AXIS2_PLACEMENT_3D('',#8260,#8261,#8262);
#8260 = CARTESIAN_POINT('',(2.749331062922,0.313246707077,59.9132605));
#8261 = DIRECTION('',(-8.524600345747E-03,-9.712555259211E-04,
    -0.999963193248));
#8262 = DIRECTION('',(-0.993535285524,-0.113199047125,8.57975223135E-03)
  );
#8263 = ADVANCED_FACE('',(#8264),#8283,.F.);
#8264 = FACE_BOUND('',#8265,.F.);
#8265 = EDGE_LOOP('',(#8266,#8275,#8281,#8282));
#8266 = ORIENTED_EDGE('',*,*,#8267,.F.);
#8267 = EDGE_CURVE('',#8268,#8243,#8270,.T.);
#8268 = VERTEX_POINT('',#8269);
#8269 = CARTESIAN_POINT('',(8.26802162132,-32.67001405676,60.017382));
#8270 = ELLIPSE('',#8271,33.759637050325,33.7);
#8271 = AXIS2_PLACEMENT_3D('',#8272,#8273,#8274);
#8272 = CARTESIAN_POINT('',(0.,0.,59.748566440451));
#8273 = DIRECTION('',(5.903119700295E-02,6.725755339305E-03,
    -0.998233480703));
#8274 = DIRECTION('',(0.99181669182,0.113003238106,5.941311306846E-02));
#8275 = ORIENTED_EDGE('',*,*,#8276,.T.);
#8276 = EDGE_CURVE('',#8268,#7216,#8277,.T.);
#8277 = LINE('',#8278,#8279);
#8278 = CARTESIAN_POINT('',(4.487490138316,0.511284918657,60.017382));
#8279 = VECTOR('',#8280,1.);
#8280 = DIRECTION('',(0.113203213768,-0.993571855677,0.));
#8281 = ORIENTED_EDGE('',*,*,#7224,.T.);
#8282 = ORIENTED_EDGE('',*,*,#8251,.F.);
#8283 = PLANE('',#8284);
#8284 = AXIS2_PLACEMENT_3D('',#8285,#8286,#8287);
#8285 = CARTESIAN_POINT('',(4.487490138316,0.511284918657,60.017382));
#8286 = DIRECTION('',(5.903119700295E-02,6.725755339305E-03,
    -0.998233480703));
#8287 = DIRECTION('',(-0.99181669182,-0.113003238106,-5.941311306846E-02
    ));
#8288 = ADVANCED_FACE('',(#8289),#8308,.F.);
#8289 = FACE_BOUND('',#8290,.F.);
#8290 = EDGE_LOOP('',(#8291,#8300,#8306,#8307));
#8291 = ORIENTED_EDGE('',*,*,#8292,.F.);
#8292 = EDGE_CURVE('',#8293,#8268,#8295,.T.);
#8293 = VERTEX_POINT('',#8294);
#8294 = CARTESIAN_POINT('',(9.338036437317,-32.38041191052,60.215756));
#8295 = ELLIPSE('',#8296,34.247642079256,33.7);
#8296 = AXIS2_PLACEMENT_3D('',#8297,#8298,#8299);
#8297 = CARTESIAN_POINT('',(0.,0.,59.199840277218));
#8298 = DIRECTION('',(0.176971855966,2.016339606172E-02,-0.984009349374)
  );
#8299 = DIRECTION('',(0.977683995261,0.111393020727,0.178116816569));
#8300 = ORIENTED_EDGE('',*,*,#8301,.T.);
#8301 = EDGE_CURVE('',#8293,#7207,#8302,.T.);
#8302 = LINE('',#8303,#8304);
#8303 = CARTESIAN_POINT('',(5.576365903175,0.635346641291,60.215756));
#8304 = VECTOR('',#8305,1.);
#8305 = DIRECTION('',(0.113203213768,-0.993571855677,0.));
#8306 = ORIENTED_EDGE('',*,*,#7215,.T.);
#8307 = ORIENTED_EDGE('',*,*,#8276,.F.);
#8308 = PLANE('',#8309);
#8309 = AXIS2_PLACEMENT_3D('',#8310,#8311,#8312);
#8310 = CARTESIAN_POINT('',(5.576365903175,0.635346641291,60.215756));
#8311 = DIRECTION('',(0.176971855966,2.016339606172E-02,-0.984009349374)
  );
#8312 = DIRECTION('',(-0.977683995261,-0.111393020727,-0.178116816569));
#8313 = ADVANCED_FACE('',(#8314),#8333,.F.);
#8314 = FACE_BOUND('',#8315,.F.);
#8315 = EDGE_LOOP('',(#8316,#8325,#8331,#8332));
#8316 = ORIENTED_EDGE('',*,*,#8317,.F.);
#8317 = EDGE_CURVE('',#8318,#8293,#8320,.T.);
#8318 = VERTEX_POINT('',#8319);
#8319 = CARTESIAN_POINT('',(10.783542603804,-31.92812567176,60.684001));
#8320 = ELLIPSE('',#8321,35.330427582124,33.7);
#8321 = AXIS2_PLACEMENT_3D('',#8322,#8323,#8324);
#8322 = CARTESIAN_POINT('',(0.,0.,58.448932692403));
#8323 = DIRECTION('',(0.298346828907,3.399232743637E-02,-0.953852028019)
  );
#8324 = DIRECTION('',(0.94772052952,0.107979115031,0.300277053141));
#8325 = ORIENTED_EDGE('',*,*,#8326,.T.);
#8326 = EDGE_CURVE('',#8318,#7198,#8327,.T.);
#8327 = LINE('',#8328,#8329);
#8328 = CARTESIAN_POINT('',(7.0542190881,0.803726742896,60.684001));
#8329 = VECTOR('',#8330,1.);
#8330 = DIRECTION('',(0.113203213768,-0.993571855677,0.));
#8331 = ORIENTED_EDGE('',*,*,#7206,.T.);
#8332 = ORIENTED_EDGE('',*,*,#8301,.F.);
#8333 = PLANE('',#8334);
#8334 = AXIS2_PLACEMENT_3D('',#8335,#8336,#8337);
#8335 = CARTESIAN_POINT('',(7.0542190881,0.803726742896,60.684001));
#8336 = DIRECTION('',(0.298346828907,3.399232743637E-02,-0.953852028019)
  );
#8337 = DIRECTION('',(-0.94772052952,-0.107979115031,-0.300277053141));
#8338 = ADVANCED_FACE('',(#8339),#8358,.F.);
#8339 = FACE_BOUND('',#8340,.F.);
#8340 = EDGE_LOOP('',(#8341,#8350,#8356,#8357));
#8341 = ORIENTED_EDGE('',*,*,#8342,.F.);
#8342 = EDGE_CURVE('',#8343,#8318,#8345,.T.);
#8343 = VERTEX_POINT('',#8344);
#8344 = CARTESIAN_POINT('',(11.970011569539,-31.50252089952,61.332018));
#8345 = ELLIPSE('',#8346,38.110998745644,33.7);
#8346 = AXIS2_PLACEMENT_3D('',#8347,#8348,#8349);
#8347 = CARTESIAN_POINT('',(0.,0.,56.934411602592));
#8348 = DIRECTION('',(0.463994573532,5.286550398406E-02,-0.884259166886)
  );
#8349 = DIRECTION('',(0.878575021342,0.100100979495,0.466996494397));
#8350 = ORIENTED_EDGE('',*,*,#8351,.T.);
#8351 = EDGE_CURVE('',#8343,#7189,#8352,.T.);
#8352 = LINE('',#8353,#8354);
#8353 = CARTESIAN_POINT('',(8.273353613596,0.94262957666,61.332018));
#8354 = VECTOR('',#8355,1.);
#8355 = DIRECTION('',(0.113203213768,-0.993571855677,0.));
#8356 = ORIENTED_EDGE('',*,*,#7197,.T.);
#8357 = ORIENTED_EDGE('',*,*,#8326,.F.);
#8358 = PLANE('',#8359);
#8359 = AXIS2_PLACEMENT_3D('',#8360,#8361,#8362);
#8360 = CARTESIAN_POINT('',(8.273353613596,0.94262957666,61.332018));
#8361 = DIRECTION('',(0.463994573532,5.286550398406E-02,-0.884259166886)
  );
#8362 = DIRECTION('',(-0.878575021342,-0.100100979495,-0.466996494397));
#8363 = ADVANCED_FACE('',(#8364),#8383,.F.);
#8364 = FACE_BOUND('',#8365,.F.);
#8365 = EDGE_LOOP('',(#8366,#8375,#8381,#8382));
#8366 = ORIENTED_EDGE('',*,*,#8367,.F.);
#8367 = EDGE_CURVE('',#8368,#8343,#8370,.T.);
#8368 = VERTEX_POINT('',#8369);
#8369 = CARTESIAN_POINT('',(12.708416670074,-31.21195517329,61.9949095)
  );
#8370 = ELLIPSE('',#8371,44.553246402853,33.7);
#8371 = AXIS2_PLACEMENT_3D('',#8372,#8373,#8374);
#8372 = CARTESIAN_POINT('',(0.,0.,54.131173733803));
#8373 = DIRECTION('',(0.649906588405,7.404750248914E-02,-0.756398303623)
  );
#8374 = DIRECTION('',(0.751536066161,8.562671885868E-02,0.654111310311)
  );
#8375 = ORIENTED_EDGE('',*,*,#8376,.T.);
#8376 = EDGE_CURVE('',#8368,#7180,#8377,.T.);
#8377 = LINE('',#8378,#8379);
#8378 = CARTESIAN_POINT('',(9.034977609923,1.029405669978,61.9949095));
#8379 = VECTOR('',#8380,1.);
#8380 = DIRECTION('',(0.113203213768,-0.993571855677,0.));
#8381 = ORIENTED_EDGE('',*,*,#7188,.T.);
#8382 = ORIENTED_EDGE('',*,*,#8351,.F.);
#8383 = PLANE('',#8384);
#8384 = AXIS2_PLACEMENT_3D('',#8385,#8386,#8387);
#8385 = CARTESIAN_POINT('',(9.034977609923,1.029405669978,61.9949095));
#8386 = DIRECTION('',(0.649906588405,7.404750248914E-02,-0.756398303623)
  );
#8387 = DIRECTION('',(-0.751536066161,-8.562671885868E-02,
    -0.654111310311));
#8388 = ADVANCED_FACE('',(#8389),#8408,.F.);
#8389 = FACE_BOUND('',#8390,.F.);
#8390 = EDGE_LOOP('',(#8391,#8400,#8406,#8407));
#8391 = ORIENTED_EDGE('',*,*,#8392,.F.);
#8392 = EDGE_CURVE('',#8393,#8368,#8395,.T.);
#8393 = VERTEX_POINT('',#8394);
#8394 = CARTESIAN_POINT('',(13.48899739574,-30.88263183826,63.2861865));
#8395 = ELLIPSE('',#8396,63.259359553685,33.7);
#8396 = AXIS2_PLACEMENT_3D('',#8397,#8398,#8399);
#8397 = CARTESIAN_POINT('',(0.,0.,47.549153401778));
#8398 = DIRECTION('',(0.840846787842,9.580239026121E-02,-0.532727492623)
  );
#8399 = DIRECTION('',(0.529303043416,6.030646422749E-02,0.8462868418));
#8400 = ORIENTED_EDGE('',*,*,#8401,.T.);
#8401 = EDGE_CURVE('',#8393,#7171,#8402,.T.);
#8402 = LINE('',#8403,#8404);
#8403 = CARTESIAN_POINT('',(9.842596034593,1.121422166469,63.2861865));
#8404 = VECTOR('',#8405,1.);
#8405 = DIRECTION('',(0.113203213768,-0.993571855677,0.));
#8406 = ORIENTED_EDGE('',*,*,#7179,.T.);
#8407 = ORIENTED_EDGE('',*,*,#8376,.F.);
#8408 = PLANE('',#8409);
#8409 = AXIS2_PLACEMENT_3D('',#8410,#8411,#8412);
#8410 = CARTESIAN_POINT('',(9.842596034593,1.121422166469,63.2861865));
#8411 = DIRECTION('',(0.840846787842,9.580239026121E-02,-0.532727492623)
  );
#8412 = DIRECTION('',(-0.529303043416,-6.030646422749E-02,-0.8462868418)
  );
#8413 = ADVANCED_FACE('',(#8414),#8433,.F.);
#8414 = FACE_BOUND('',#8415,.F.);
#8415 = EDGE_LOOP('',(#8416,#8425,#8431,#8432));
#8416 = ORIENTED_EDGE('',*,*,#8417,.F.);
#8417 = EDGE_CURVE('',#8418,#8393,#8420,.T.);
#8418 = VERTEX_POINT('',#8419);
#8419 = CARTESIAN_POINT('',(14.035596132986,-30.63808155207,64.787872));
#8420 = ELLIPSE('',#8421,94.852717400714,33.7);
#8421 = AXIS2_PLACEMENT_3D('',#8422,#8423,#8424);
#8422 = CARTESIAN_POINT('',(0.,0.,37.222911293196));
#8423 = DIRECTION('',(0.928748262869,0.105817498289,-0.355287659895));
#8424 = DIRECTION('',(0.353003819541,4.021970491222E-02,0.934757015874)
  );
#8425 = ORIENTED_EDGE('',*,*,#8426,.T.);
#8426 = EDGE_CURVE('',#8418,#7162,#8427,.T.);
#8427 = LINE('',#8428,#8429);
#8428 = CARTESIAN_POINT('',(10.409696049085,1.186035051588,64.787872));
#8429 = VECTOR('',#8430,1.);
#8430 = DIRECTION('',(0.113203213768,-0.993571855677,0.));
#8431 = ORIENTED_EDGE('',*,*,#7170,.T.);
#8432 = ORIENTED_EDGE('',*,*,#8401,.F.);
#8433 = PLANE('',#8434);
#8434 = AXIS2_PLACEMENT_3D('',#8435,#8436,#8437);
#8435 = CARTESIAN_POINT('',(10.409696049085,1.186035051588,64.787872));
#8436 = DIRECTION('',(0.928748262869,0.105817498289,-0.355287659895));
#8437 = DIRECTION('',(-0.353003819541,-4.021970491222E-02,
    -0.934757015874));
#8438 = ADVANCED_FACE('',(#8439),#8458,.F.);
#8439 = FACE_BOUND('',#8440,.F.);
#8440 = EDGE_LOOP('',(#8441,#8450,#8456,#8457));
#8441 = ORIENTED_EDGE('',*,*,#8442,.F.);
#8442 = EDGE_CURVE('',#8443,#8418,#8445,.T.);
#8443 = VERTEX_POINT('',#8444);
#8444 = CARTESIAN_POINT('',(14.137174209078,-30.59134363479,66.229811));
#8445 = ELLIPSE('',#8446,458.73504563337,33.7);
#8446 = AXIS2_PLACEMENT_3D('',#8447,#8448,#8449);
#8447 = CARTESIAN_POINT('',(0.,0.,-77.44360299732));
#8448 = DIRECTION('',(0.990887176549,0.112897333218,-7.346288521181E-02)
  );
#8449 = DIRECTION('',(7.299065518326E-02,8.31623469864E-03,
    0.997297951716));
#8450 = ORIENTED_EDGE('',*,*,#8451,.T.);
#8451 = EDGE_CURVE('',#8443,#7153,#8452,.T.);
#8452 = LINE('',#8453,#8454);
#8453 = CARTESIAN_POINT('',(10.515229277308,1.198059044141,66.229811));
#8454 = VECTOR('',#8455,1.);
#8455 = DIRECTION('',(0.113203213768,-0.993571855677,0.));
#8456 = ORIENTED_EDGE('',*,*,#7161,.T.);
#8457 = ORIENTED_EDGE('',*,*,#8426,.F.);
#8458 = PLANE('',#8459);
#8459 = AXIS2_PLACEMENT_3D('',#8460,#8461,#8462);
#8460 = CARTESIAN_POINT('',(10.515229277308,1.198059044141,66.229811));
#8461 = DIRECTION('',(0.990887176549,0.112897333218,-7.346288521181E-02)
  );
#8462 = DIRECTION('',(-7.299065518326E-02,-8.31623469864E-03,
    -0.997297951716));
#8463 = ADVANCED_FACE('',(#8464),#8483,.F.);
#8464 = FACE_BOUND('',#8465,.F.);
#8465 = EDGE_LOOP('',(#8466,#8475,#8481,#8482));
#8466 = ORIENTED_EDGE('',*,*,#8467,.F.);
#8467 = EDGE_CURVE('',#8468,#8443,#8470,.T.);
#8468 = VERTEX_POINT('',#8469);
#8469 = CARTESIAN_POINT('',(13.986624617328,-30.66046855176,67.4081625)
  );
#8470 = ELLIPSE('',#8471,254.51968812095,33.7);
#8471 = AXIS2_PLACEMENT_3D('',#8472,#8473,#8474);
#8472 = CARTESIAN_POINT('',(0.,0.,145.45627676003));
#8473 = DIRECTION('',(0.984823983895,0.112206519675,0.132406259998));
#8474 = DIRECTION('',(-0.13155513345,-1.498881415478E-02,0.991195531827)
  );
#8475 = ORIENTED_EDGE('',*,*,#8476,.T.);
#8476 = EDGE_CURVE('',#8468,#7144,#8477,.T.);
#8477 = LINE('',#8478,#8479);
#8478 = CARTESIAN_POINT('',(10.358834112221,1.180240065872,67.4081625));
#8479 = VECTOR('',#8480,1.);
#8480 = DIRECTION('',(0.113203213768,-0.993571855677,0.));
#8481 = ORIENTED_EDGE('',*,*,#7152,.T.);
#8482 = ORIENTED_EDGE('',*,*,#8451,.F.);
#8483 = PLANE('',#8484);
#8484 = AXIS2_PLACEMENT_3D('',#8485,#8486,#8487);
#8485 = CARTESIAN_POINT('',(10.358834112221,1.180240065872,67.4081625));
#8486 = DIRECTION('',(0.984823983895,0.112206519675,0.132406259998));
#8487 = DIRECTION('',(0.13155513345,1.498881415478E-02,-0.991195531827)
  );
#8488 = ADVANCED_FACE('',(#8489),#8508,.F.);
#8489 = FACE_BOUND('',#8490,.F.);
#8490 = EDGE_LOOP('',(#8491,#8500,#8506,#8507));
#8491 = ORIENTED_EDGE('',*,*,#8492,.F.);
#8492 = EDGE_CURVE('',#8493,#8468,#8495,.T.);
#8493 = VERTEX_POINT('',#8494);
#8494 = CARTESIAN_POINT('',(13.502747494301,-30.87662238822,68.7033445)
  );
#8495 = ELLIPSE('',#8496,92.730917752385,33.7);
#8496 = AXIS2_PLACEMENT_3D('',#8497,#8498,#8499);
#8497 = CARTESIAN_POINT('',(0.,0.,94.135032992693));
#8498 = DIRECTION('',(0.925637915946,0.10546311902,0.363417086952));
#8499 = DIRECTION('',(-0.361080989468,-4.113998218119E-02,0.931626545839
    ));
#8500 = ORIENTED_EDGE('',*,*,#8501,.T.);
#8501 = EDGE_CURVE('',#8493,#7135,#8502,.T.);
#8502 = LINE('',#8503,#8504);
#8503 = CARTESIAN_POINT('',(9.856845842147,1.123045726961,68.7033445));
#8504 = VECTOR('',#8505,1.);
#8505 = DIRECTION('',(0.113203213768,-0.993571855677,0.));
#8506 = ORIENTED_EDGE('',*,*,#7143,.T.);
#8507 = ORIENTED_EDGE('',*,*,#8476,.F.);
#8508 = PLANE('',#8509);
#8509 = AXIS2_PLACEMENT_3D('',#8510,#8511,#8512);
#8510 = CARTESIAN_POINT('',(9.856845842147,1.123045726961,68.7033445));
#8511 = DIRECTION('',(0.925637915946,0.10546311902,0.363417086952));
#8512 = DIRECTION('',(0.361080989468,4.113998218119E-02,-0.931626545839)
  );
#8513 = ADVANCED_FACE('',(#8514),#8533,.F.);
#8514 = FACE_BOUND('',#8515,.F.);
#8515 = EDGE_LOOP('',(#8516,#8525,#8531,#8532));
#8516 = ORIENTED_EDGE('',*,*,#8517,.F.);
#8517 = EDGE_CURVE('',#8518,#8493,#8520,.T.);
#8518 = VERTEX_POINT('',#8519);
#8519 = CARTESIAN_POINT('',(13.036063855671,-31.07653518574,69.502698));
#8520 = ELLIPSE('',#8521,64.838472275676,33.7);
#8521 = AXIS2_PLACEMENT_3D('',#8522,#8523,#8524);
#8522 = CARTESIAN_POINT('',(0.,0.,85.009829133112));
#8523 = DIRECTION('',(0.848824821054,9.671137232834E-02,0.519753146816)
  );
#8524 = DIRECTION('',(-0.516412098575,-5.883772658551E-02,0.854316490755
    ));
#8525 = ORIENTED_EDGE('',*,*,#8526,.T.);
#8526 = EDGE_CURVE('',#8518,#7126,#8527,.T.);
#8527 = LINE('',#8528,#8529);
#8528 = CARTESIAN_POINT('',(9.373657441939,1.067993362659,69.502698));
#8529 = VECTOR('',#8530,1.);
#8530 = DIRECTION('',(0.113203213768,-0.993571855677,0.));
#8531 = ORIENTED_EDGE('',*,*,#7134,.T.);
#8532 = ORIENTED_EDGE('',*,*,#8501,.F.);
#8533 = PLANE('',#8534);
#8534 = AXIS2_PLACEMENT_3D('',#8535,#8536,#8537);
#8535 = CARTESIAN_POINT('',(9.373657441939,1.067993362659,69.502698));
#8536 = DIRECTION('',(0.848824821054,9.671137232834E-02,0.519753146816)
  );
#8537 = DIRECTION('',(0.516412098575,5.883772658551E-02,-0.854316490755)
  );
#8538 = ADVANCED_FACE('',(#8539),#8558,.F.);
#8539 = FACE_BOUND('',#8540,.F.);
#8540 = EDGE_LOOP('',(#8541,#8550,#8556,#8557));
#8541 = ORIENTED_EDGE('',*,*,#8542,.F.);
#8542 = EDGE_CURVE('',#8543,#8518,#8545,.T.);
#8543 = VERTEX_POINT('',#8544);
#8544 = CARTESIAN_POINT('',(12.465350688167,-31.30982325438,70.2355245)
  );
#8545 = ELLIPSE('',#8546,53.548614719003,33.7);
#8546 = AXIS2_PLACEMENT_3D('',#8547,#8548,#8549);
#8547 = CARTESIAN_POINT('',(0.,0.,81.152653524765));
#8548 = DIRECTION('',(0.772138862894,8.797411103714E-02,0.629334674237)
  );
#8549 = DIRECTION('',(-0.625289220123,-7.124270765915E-02,0.777134394943
    ));
#8550 = ORIENTED_EDGE('',*,*,#8551,.T.);
#8551 = EDGE_CURVE('',#8543,#7117,#8552,.T.);
#8552 = LINE('',#8553,#8554);
#8553 = CARTESIAN_POINT('',(8.784018746687,1.000812519237,70.2355245));
#8554 = VECTOR('',#8555,1.);
#8555 = DIRECTION('',(0.113203213768,-0.993571855677,0.));
#8556 = ORIENTED_EDGE('',*,*,#7125,.T.);
#8557 = ORIENTED_EDGE('',*,*,#8526,.F.);
#8558 = PLANE('',#8559);
#8559 = AXIS2_PLACEMENT_3D('',#8560,#8561,#8562);
#8560 = CARTESIAN_POINT('',(8.784018746687,1.000812519237,70.2355245));
#8561 = DIRECTION('',(0.772138862894,8.797411103714E-02,0.629334674237)
  );
#8562 = DIRECTION('',(0.625289220123,7.124270765915E-02,-0.777134394943)
  );
#8563 = ADVANCED_FACE('',(#8564),#8583,.F.);
#8564 = FACE_BOUND('',#8565,.F.);
#8565 = EDGE_LOOP('',(#8566,#8575,#8581,#8582));
#8566 = ORIENTED_EDGE('',*,*,#8567,.F.);
#8567 = EDGE_CURVE('',#8568,#8543,#8570,.T.);
#8568 = VERTEX_POINT('',#8569);
#8569 = CARTESIAN_POINT('',(11.434987926815,-31.70064748729,71.1813155)
  );
#8570 = ELLIPSE('',#8571,45.015233070549,33.7);
#8571 = AXIS2_PLACEMENT_3D('',#8572,#8573,#8574);
#8572 = CARTESIAN_POINT('',(0.,0.,78.064865646723));
#8573 = DIRECTION('',(0.658720110866,7.50516765321E-02,0.748635466292));
#8574 = DIRECTION('',(-0.743823129469,-8.474794072486E-02,0.662981853907
    ));
#8575 = ORIENTED_EDGE('',*,*,#8576,.T.);
#8576 = EDGE_CURVE('',#8568,#7108,#8577,.T.);
#8577 = LINE('',#8578,#8579);
#8578 = CARTESIAN_POINT('',(7.722901889117,0.879913524591,71.1813155));
#8579 = VECTOR('',#8580,1.);
#8580 = DIRECTION('',(0.113203213768,-0.993571855677,0.));
#8581 = ORIENTED_EDGE('',*,*,#7116,.T.);
#8582 = ORIENTED_EDGE('',*,*,#8551,.F.);
#8583 = PLANE('',#8584);
#8584 = AXIS2_PLACEMENT_3D('',#8585,#8586,#8587);
#8585 = CARTESIAN_POINT('',(7.722901889117,0.879913524591,71.1813155));
#8586 = DIRECTION('',(0.658720110866,7.50516765321E-02,0.748635466292));
#8587 = DIRECTION('',(0.743823129469,8.474794072486E-02,-0.662981853907)
  );
#8588 = ADVANCED_FACE('',(#8589),#8608,.F.);
#8589 = FACE_BOUND('',#8590,.F.);
#8590 = EDGE_LOOP('',(#8591,#8600,#8606,#8607));
#8591 = ORIENTED_EDGE('',*,*,#8592,.F.);
#8592 = EDGE_CURVE('',#8593,#8568,#8595,.T.);
#8593 = VERTEX_POINT('',#8594);
#8594 = CARTESIAN_POINT('',(10.126639814865,-32.14251337496,71.976267));
#8595 = ELLIPSE('',#8596,39.108978956264,33.7);
#8596 = AXIS2_PLACEMENT_3D('',#8597,#8598,#8599);
#8597 = CARTESIAN_POINT('',(0.,0.,75.758531970692));
#8598 = DIRECTION('',(0.504165263131,5.74423759394E-02,0.861694702838));
#8599 = DIRECTION('',(-0.856155604925,-9.7546609648E-02,0.50742707762));
#8600 = ORIENTED_EDGE('',*,*,#8601,.T.);
#8601 = EDGE_CURVE('',#8593,#7099,#8602,.T.);
#8602 = LINE('',#8603,#8604);
#8603 = CARTESIAN_POINT('',(6.381621117186,0.727093883937,71.976267));
#8604 = VECTOR('',#8605,1.);
#8605 = DIRECTION('',(0.113203213768,-0.993571855677,0.));
#8606 = ORIENTED_EDGE('',*,*,#7107,.T.);
#8607 = ORIENTED_EDGE('',*,*,#8576,.F.);
#8608 = PLANE('',#8609);
#8609 = AXIS2_PLACEMENT_3D('',#8610,#8611,#8612);
#8610 = CARTESIAN_POINT('',(6.381621117186,0.727093883937,71.976267));
#8611 = DIRECTION('',(0.504165263131,5.74423759394E-02,0.861694702838));
#8612 = DIRECTION('',(0.856155604925,9.7546609648E-02,-0.50742707762));
#8613 = ADVANCED_FACE('',(#8614),#8633,.F.);
#8614 = FACE_BOUND('',#8615,.F.);
#8615 = EDGE_LOOP('',(#8616,#8625,#8631,#8632));
#8616 = ORIENTED_EDGE('',*,*,#8617,.F.);
#8617 = EDGE_CURVE('',#8618,#8593,#8620,.T.);
#8618 = VERTEX_POINT('',#8619);
#8619 = CARTESIAN_POINT('',(14.045613314846,-30.63349060439,77.486932));
#8620 = ELLIPSE('',#8621,56.773314534922,33.7);
#8621 = AXIS2_PLACEMENT_3D('',#8622,#8623,#8624);
#8622 = CARTESIAN_POINT('',(0.,0.,63.268293913997));
#8623 = DIRECTION('',(0.799595377727,9.110238575647E-02,-0.593588735765)
  );
#8624 = DIRECTION('',(0.589773061703,6.719615254508E-02,0.804768546088)
  );
#8625 = ORIENTED_EDGE('',*,*,#8626,.T.);
#8626 = EDGE_CURVE('',#8618,#7090,#8627,.T.);
#8627 = LINE('',#8628,#8629);
#8628 = CARTESIAN_POINT('',(10.420101230344,1.187220572244,77.486932));
#8629 = VECTOR('',#8630,1.);
#8630 = DIRECTION('',(0.113203213768,-0.993571855677,0.));
#8631 = ORIENTED_EDGE('',*,*,#7098,.T.);
#8632 = ORIENTED_EDGE('',*,*,#8601,.F.);
#8633 = PLANE('',#8634);
#8634 = AXIS2_PLACEMENT_3D('',#8635,#8636,#8637);
#8635 = CARTESIAN_POINT('',(10.420101230344,1.187220572244,77.486932));
#8636 = DIRECTION('',(0.799595377727,9.110238575647E-02,-0.593588735765)
  );
#8637 = DIRECTION('',(-0.589773061703,-6.719615254508E-02,
    -0.804768546088));
#8638 = ADVANCED_FACE('',(#8639),#8658,.F.);
#8639 = FACE_BOUND('',#8640,.F.);
#8640 = EDGE_LOOP('',(#8641,#8650,#8656,#8657));
#8641 = ORIENTED_EDGE('',*,*,#8642,.F.);
#8642 = EDGE_CURVE('',#8643,#8618,#8645,.T.);
#8643 = VERTEX_POINT('',#8644);
#8644 = CARTESIAN_POINT('',(14.168704655635,-30.57675274422,77.7727425)
  );
#8645 = ELLIPSE('',#8646,82.064637681323,33.7);
#8646 = AXIS2_PLACEMENT_3D('',#8647,#8648,#8649);
#8647 = CARTESIAN_POINT('',(0.,0.,54.200943213045));
#8648 = DIRECTION('',(0.905931065371,0.103217807012,-0.410651907474));
#8649 = DIRECTION('',(0.408012177746,4.648711566598E-02,0.911792197207)
  );
#8650 = ORIENTED_EDGE('',*,*,#8651,.T.);
#8651 = EDGE_CURVE('',#8643,#7081,#8652,.T.);
#8652 = LINE('',#8653,#8654);
#8653 = CARTESIAN_POINT('',(10.547996780322,1.20179242953,77.7727425));
#8654 = VECTOR('',#8655,1.);
#8655 = DIRECTION('',(0.113203213768,-0.993571855677,0.));
#8656 = ORIENTED_EDGE('',*,*,#7089,.T.);
#8657 = ORIENTED_EDGE('',*,*,#8626,.F.);
#8658 = PLANE('',#8659);
#8659 = AXIS2_PLACEMENT_3D('',#8660,#8661,#8662);
#8660 = CARTESIAN_POINT('',(10.547996780322,1.20179242953,77.7727425));
#8661 = DIRECTION('',(0.905931065371,0.103217807012,-0.410651907474));
#8662 = DIRECTION('',(-0.408012177746,-4.648711566598E-02,
    -0.911792197207));
#8663 = ADVANCED_FACE('',(#8664),#8683,.F.);
#8664 = FACE_BOUND('',#8665,.F.);
#8665 = EDGE_LOOP('',(#8666,#8675,#8681,#8682));
#8666 = ORIENTED_EDGE('',*,*,#8667,.F.);
#8667 = EDGE_CURVE('',#8668,#8643,#8670,.T.);
#8668 = VERTEX_POINT('',#8669);
#8669 = CARTESIAN_POINT('',(14.171487546905,-30.57546304977,78.070907));
#8670 = ELLIPSE('',#8671,3.451948650102E+03,33.7);
#8671 = AXIS2_PLACEMENT_3D('',#8672,#8673,#8674);
#8672 = CARTESIAN_POINT('',(0.,0.,-1.009615008238E+03));
#8673 = DIRECTION('',(0.99352450668,0.113197819031,-9.762601769584E-03)
  );
#8674 = DIRECTION('',(9.699846356437E-03,1.105157895053E-03,
    0.999952344668));
#8675 = ORIENTED_EDGE('',*,*,#8676,.T.);
#8676 = EDGE_CURVE('',#8668,#7072,#8677,.T.);
#8677 = LINE('',#8678,#8679);
#8678 = CARTESIAN_POINT('',(10.550889067994,1.202121964085,78.070907));
#8679 = VECTOR('',#8680,1.);
#8680 = DIRECTION('',(0.113203213768,-0.993571855677,0.));
#8681 = ORIENTED_EDGE('',*,*,#7080,.T.);
#8682 = ORIENTED_EDGE('',*,*,#8651,.F.);
#8683 = PLANE('',#8684);
#8684 = AXIS2_PLACEMENT_3D('',#8685,#8686,#8687);
#8685 = CARTESIAN_POINT('',(10.550889067994,1.202121964085,78.070907));
#8686 = DIRECTION('',(0.99352450668,0.113197819031,-9.762601769584E-03)
  );
#8687 = DIRECTION('',(-9.699846356437E-03,-1.105157895053E-03,
    -0.999952344668));
#8688 = ADVANCED_FACE('',(#8689),#8708,.F.);
#8689 = FACE_BOUND('',#8690,.F.);
#8690 = EDGE_LOOP('',(#8691,#8700,#8706,#8707));
#8691 = ORIENTED_EDGE('',*,*,#8692,.F.);
#8692 = EDGE_CURVE('',#8693,#8668,#8695,.T.);
#8693 = VERTEX_POINT('',#8694);
#8694 = CARTESIAN_POINT('',(14.069856513676,-30.6223633589,78.379473));
#8695 = ELLIPSE('',#8696,103.47721840524,33.7);
#8696 = AXIS2_PLACEMENT_3D('',#8697,#8698,#8699);
#8697 = CARTESIAN_POINT('',(0.,0.,108.89978346827));
#8698 = DIRECTION('',(0.939403897468,0.107031554499,0.32567554984));
#8699 = DIRECTION('',(-0.323582060403,-3.686751888747E-02,0.945481589581
    ));
#8700 = ORIENTED_EDGE('',*,*,#8701,.T.);
#8701 = EDGE_CURVE('',#8693,#7063,#8702,.T.);
#8702 = LINE('',#8703,#8704);
#8703 = CARTESIAN_POINT('',(10.44528529617,1.190089934103,78.379473));
#8704 = VECTOR('',#8705,1.);
#8705 = DIRECTION('',(0.113203213768,-0.993571855677,0.));
#8706 = ORIENTED_EDGE('',*,*,#7071,.T.);
#8707 = ORIENTED_EDGE('',*,*,#8676,.F.);
#8708 = PLANE('',#8709);
#8709 = AXIS2_PLACEMENT_3D('',#8710,#8711,#8712);
#8710 = CARTESIAN_POINT('',(10.44528529617,1.190089934103,78.379473));
#8711 = DIRECTION('',(0.939403897468,0.107031554499,0.32567554984));
#8712 = DIRECTION('',(0.323582060403,3.686751888747E-02,-0.945481589581)
  );
#8713 = ADVANCED_FACE('',(#8714),#8733,.F.);
#8714 = FACE_BOUND('',#8715,.F.);
#8715 = EDGE_LOOP('',(#8716,#8725,#8731,#8732));
#8716 = ORIENTED_EDGE('',*,*,#8717,.F.);
#8717 = EDGE_CURVE('',#8718,#8693,#8720,.T.);
#8718 = VERTEX_POINT('',#8719);
#8719 = CARTESIAN_POINT('',(13.798420544391,-30.74562717656,78.7440225)
  );
#8720 = ELLIPSE('',#8721,54.878461901254,33.7);
#8721 = AXIS2_PLACEMENT_3D('',#8722,#8723,#8724);
#8722 = CARTESIAN_POINT('',(0.,0.,91.890936739862));
#8723 = DIRECTION('',(0.784167114999,8.934455725761E-02,0.614084266076)
  );
#8724 = DIRECTION('',(-0.610136843787,-6.951631244409E-02,0.789240466625
    ));
#8725 = ORIENTED_EDGE('',*,*,#8726,.T.);
#8726 = EDGE_CURVE('',#8718,#7054,#8727,.T.);
#8727 = LINE('',#8728,#8729);
#8728 = CARTESIAN_POINT('',(10.163463607166,1.157980408534,78.7440225));
#8729 = VECTOR('',#8730,1.);
#8730 = DIRECTION('',(0.113203213768,-0.993571855677,0.));
#8731 = ORIENTED_EDGE('',*,*,#7062,.T.);
#8732 = ORIENTED_EDGE('',*,*,#8701,.F.);
#8733 = PLANE('',#8734);
#8734 = AXIS2_PLACEMENT_3D('',#8735,#8736,#8737);
#8735 = CARTESIAN_POINT('',(10.163463607166,1.157980408534,78.7440225));
#8736 = DIRECTION('',(0.784167114999,8.934455725761E-02,0.614084266076)
  );
#8737 = DIRECTION('',(0.610136843787,6.951631244409E-02,-0.789240466625)
  );
#8738 = ADVANCED_FACE('',(#8739),#8758,.F.);
#8739 = FACE_BOUND('',#8740,.F.);
#8740 = EDGE_LOOP('',(#8741,#8750,#8756,#8757));
#8741 = ORIENTED_EDGE('',*,*,#8742,.F.);
#8742 = EDGE_CURVE('',#8743,#8718,#8745,.T.);
#8743 = VERTEX_POINT('',#8744);
#8744 = CARTESIAN_POINT('',(13.226471140081,-30.99597491902,79.047228));
#8745 = ELLIPSE('',#8746,37.80230981019,33.7);
#8746 = AXIS2_PLACEMENT_3D('',#8747,#8748,#8749);
#8747 = CARTESIAN_POINT('',(0.,0.,83.94262747492));
#8748 = DIRECTION('',(0.450147878261,5.128787233535E-02,0.891479916683)
  );
#8749 = DIRECTION('',(-0.885749355117,-0.100918391578,0.453060214708));
#8750 = ORIENTED_EDGE('',*,*,#8751,.T.);
#8751 = EDGE_CURVE('',#8743,#7045,#8752,.T.);
#8752 = LINE('',#8753,#8754);
#8753 = CARTESIAN_POINT('',(9.570685721636,1.090441899558,79.047228));
#8754 = VECTOR('',#8755,1.);
#8755 = DIRECTION('',(0.113203213768,-0.993571855677,0.));
#8756 = ORIENTED_EDGE('',*,*,#7053,.T.);
#8757 = ORIENTED_EDGE('',*,*,#8726,.F.);
#8758 = PLANE('',#8759);
#8759 = AXIS2_PLACEMENT_3D('',#8760,#8761,#8762);
#8760 = CARTESIAN_POINT('',(9.570685721636,1.090441899558,79.047228));
#8761 = DIRECTION('',(0.450147878261,5.128787233535E-02,0.891479916683)
  );
#8762 = DIRECTION('',(0.885749355117,0.100918391578,-0.453060214708));
#8763 = ADVANCED_FACE('',(#8764),#8783,.F.);
#8764 = FACE_BOUND('',#8765,.F.);
#8765 = EDGE_LOOP('',(#8766,#8775,#8781,#8782));
#8766 = ORIENTED_EDGE('',*,*,#8767,.F.);
#8767 = EDGE_CURVE('',#8768,#8743,#8770,.T.);
#8768 = VERTEX_POINT('',#8769);
#8769 = CARTESIAN_POINT('',(10.862904501641,-31.90121166645,79.100975));
#8770 = ELLIPSE('',#8771,33.70810257475,33.7);
#8771 = AXIS2_PLACEMENT_3D('',#8772,#8773,#8774);
#8772 = CARTESIAN_POINT('',(0.,0.,79.258470572598));
#8773 = DIRECTION('',(2.178374520683E-02,2.481944261228E-03,
    0.999759625309));
#8774 = DIRECTION('',(-0.993333026149,-0.11317600258,2.19246802155E-02)
  );
#8775 = ORIENTED_EDGE('',*,*,#8776,.T.);
#8776 = EDGE_CURVE('',#8768,#7036,#8777,.T.);
#8777 = LINE('',#8778,#8779);
#8778 = CARTESIAN_POINT('',(7.135591132722,0.812997916299,79.100975));
#8779 = VECTOR('',#8780,1.);
#8780 = DIRECTION('',(0.113203213768,-0.993571855677,0.));
#8781 = ORIENTED_EDGE('',*,*,#7044,.T.);
#8782 = ORIENTED_EDGE('',*,*,#8751,.F.);
#8783 = PLANE('',#8784);
#8784 = AXIS2_PLACEMENT_3D('',#8785,#8786,#8787);
#8785 = CARTESIAN_POINT('',(7.135591132722,0.812997916299,79.100975));
#8786 = DIRECTION('',(2.178374520683E-02,2.481944261228E-03,
    0.999759625309));
#8787 = DIRECTION('',(0.993333026149,0.11317600258,-2.19246802155E-02));
#8788 = ADVANCED_FACE('',(#8789),#8808,.F.);
#8789 = FACE_BOUND('',#8790,.F.);
#8790 = EDGE_LOOP('',(#8791,#8800,#8806,#8807));
#8791 = ORIENTED_EDGE('',*,*,#8792,.F.);
#8792 = EDGE_CURVE('',#8793,#8768,#8795,.T.);
#8793 = VERTEX_POINT('',#8794);
#8794 = CARTESIAN_POINT('',(-7.419985228331E-03,-33.69999918314,
    79.071936));
#8795 = ELLIPSE('',#8796,33.700117342469,33.7);
#8796 = AXIS2_PLACEMENT_3D('',#8797,#8798,#8799);
#8797 = CARTESIAN_POINT('',(0.,0.,79.082022840087));
#8798 = DIRECTION('',(-2.621958448158E-03,-2.987344307325E-04,
    0.99999651804));
#8799 = DIRECTION('',(0.993568396099,0.113202819599,2.638921818465E-03)
  );
#8800 = ORIENTED_EDGE('',*,*,#8801,.T.);
#8801 = EDGE_CURVE('',#8793,#7027,#8802,.T.);
#8802 = LINE('',#8803,#8804);
#8803 = CARTESIAN_POINT('',(-3.797750072176,-0.432698964651,79.071936));
#8804 = VECTOR('',#8805,1.);
#8805 = DIRECTION('',(0.113203213768,-0.993571855677,0.));
#8806 = ORIENTED_EDGE('',*,*,#7035,.T.);
#8807 = ORIENTED_EDGE('',*,*,#8776,.F.);
#8808 = PLANE('',#8809);
#8809 = AXIS2_PLACEMENT_3D('',#8810,#8811,#8812);
#8810 = CARTESIAN_POINT('',(-3.797750072176,-0.432698964651,79.071936));
#8811 = DIRECTION('',(-2.621958448158E-03,-2.987344307325E-04,
    0.99999651804));
#8812 = DIRECTION('',(0.993568396099,0.113202819599,2.638921818465E-03)
  );
#8813 = ADVANCED_FACE('',(#8814),#8833,.F.);
#8814 = FACE_BOUND('',#8815,.F.);
#8815 = EDGE_LOOP('',(#8816,#8825,#8831,#8832));
#8816 = ORIENTED_EDGE('',*,*,#8817,.F.);
#8817 = EDGE_CURVE('',#8818,#8793,#8820,.T.);
#8818 = VERTEX_POINT('',#8819);
#8819 = CARTESIAN_POINT('',(-0.24852096094,-33.69908362748,78.832453));
#8820 = ELLIPSE('',#8821,47.662530095959,33.7);
#8821 = AXIS2_PLACEMENT_3D('',#8822,#8823,#8824);
#8822 = CARTESIAN_POINT('',(0.,0.,82.894823189474));
#8823 = DIRECTION('',(-0.702613471117,-8.005269323268E-02,0.707054366022
    ));
#8824 = DIRECTION('',(0.702509318513,8.004082654231E-02,0.707159192466)
  );
#8825 = ORIENTED_EDGE('',*,*,#8826,.T.);
#8826 = EDGE_CURVE('',#8818,#7018,#8827,.T.);
#8827 = LINE('',#8828,#8829);
#8828 = CARTESIAN_POINT('',(-4.035658369088,-0.45980519118,78.832453));
#8829 = VECTOR('',#8830,1.);
#8830 = DIRECTION('',(0.113203213768,-0.993571855677,0.));
#8831 = ORIENTED_EDGE('',*,*,#7026,.T.);
#8832 = ORIENTED_EDGE('',*,*,#8801,.F.);
#8833 = PLANE('',#8834);
#8834 = AXIS2_PLACEMENT_3D('',#8835,#8836,#8837);
#8835 = CARTESIAN_POINT('',(-4.035658369088,-0.45980519118,78.832453));
#8836 = DIRECTION('',(-0.702613471117,-8.005269323268E-02,0.707054366022
    ));
#8837 = DIRECTION('',(0.702509318513,8.004082654231E-02,0.707159192466)
  );
#8838 = ADVANCED_FACE('',(#8839),#8858,.F.);
#8839 = FACE_BOUND('',#8840,.F.);
#8840 = EDGE_LOOP('',(#8841,#8850,#8856,#8857));
#8841 = ORIENTED_EDGE('',*,*,#8842,.F.);
#8842 = EDGE_CURVE('',#8843,#8818,#8845,.T.);
#8843 = VERTEX_POINT('',#8844);
#8844 = CARTESIAN_POINT('',(-0.488888299383,-33.69645364471,78.423564));
#8845 = ELLIPSE('',#8846,66.880956812232,33.7);
#8846 = AXIS2_PLACEMENT_3D('',#8847,#8848,#8849);
#8847 = CARTESIAN_POINT('',(0.,0.,85.795311137223));
#8848 = DIRECTION('',(-0.858221000446,-9.778193174308E-02,0.503880351093
    ));
#8849 = DIRECTION('',(0.500641335475,5.704087509826E-02,0.863773460916)
  );
#8850 = ORIENTED_EDGE('',*,*,#8851,.T.);
#8851 = EDGE_CURVE('',#8843,#7009,#8852,.T.);
#8852 = LINE('',#8853,#8854);
#8853 = CARTESIAN_POINT('',(-4.272649599177,-0.486806931142,78.423564));
#8854 = VECTOR('',#8855,1.);
#8855 = DIRECTION('',(0.113203213768,-0.993571855677,0.));
#8856 = ORIENTED_EDGE('',*,*,#7017,.T.);
#8857 = ORIENTED_EDGE('',*,*,#8826,.F.);
#8858 = PLANE('',#8859);
#8859 = AXIS2_PLACEMENT_3D('',#8860,#8861,#8862);
#8860 = CARTESIAN_POINT('',(-4.272649599177,-0.486806931142,78.423564));
#8861 = DIRECTION('',(-0.858221000446,-9.778193174308E-02,0.503880351093
    ));
#8862 = DIRECTION('',(0.500641335475,5.704087509826E-02,0.863773460916)
  );
#8863 = ADVANCED_FACE('',(#8864),#8883,.F.);
#8864 = FACE_BOUND('',#8865,.F.);
#8865 = EDGE_LOOP('',(#8866,#8875,#8881,#8882));
#8866 = ORIENTED_EDGE('',*,*,#8867,.F.);
#8867 = EDGE_CURVE('',#8868,#8843,#8870,.T.);
#8868 = VERTEX_POINT('',#8869);
#8869 = CARTESIAN_POINT('',(-0.550523109714,-33.69550302793,77.9314985)
  );
#8870 = ELLIPSE('',#8871,273.34879115262,33.7);
#8871 = AXIS2_PLACEMENT_3D('',#8872,#8873,#8874);
#8872 = CARTESIAN_POINT('',(0.,0.,113.03817163211));
#8873 = DIRECTION('',(-0.985992112193,-0.112339611083,0.12328571075));
#8874 = DIRECTION('',(0.122493212409,1.39563386686E-02,0.992371217602));
#8875 = ORIENTED_EDGE('',*,*,#8876,.T.);
#8876 = EDGE_CURVE('',#8868,#7000,#8877,.T.);
#8877 = LINE('',#8878,#8879);
#8878 = CARTESIAN_POINT('',(-4.333387640286,-0.493727156803,77.9314985)
  );
#8879 = VECTOR('',#8880,1.);
#8880 = DIRECTION('',(0.113203213768,-0.993571855677,0.));
#8881 = ORIENTED_EDGE('',*,*,#7008,.T.);
#8882 = ORIENTED_EDGE('',*,*,#8851,.F.);
#8883 = PLANE('',#8884);
#8884 = AXIS2_PLACEMENT_3D('',#8885,#8886,#8887);
#8885 = CARTESIAN_POINT('',(-4.333387640286,-0.493727156803,77.9314985)
  );
#8886 = DIRECTION('',(-0.985992112193,-0.112339611083,0.12328571075));
#8887 = DIRECTION('',(0.122493212409,1.39563386686E-02,0.992371217602));
#8888 = ADVANCED_FACE('',(#8889),#8908,.F.);
#8889 = FACE_BOUND('',#8890,.F.);
#8890 = EDGE_LOOP('',(#8891,#8900,#8906,#8907));
#8891 = ORIENTED_EDGE('',*,*,#8892,.F.);
#8892 = EDGE_CURVE('',#8893,#8868,#8895,.T.);
#8893 = VERTEX_POINT('',#8894);
#8894 = CARTESIAN_POINT('',(-0.43925335645,-33.69713721503,77.470602));
#8895 = ELLIPSE('',#8896,144.7079793576,33.7);
#8896 = AXIS2_PLACEMENT_3D('',#8897,#8898,#8899);
#8897 = CARTESIAN_POINT('',(0.,0.,59.718452086201));
#8898 = DIRECTION('',(-0.966253405717,-0.110090669554,-0.232882804042));
#8899 = DIRECTION('',(-0.231385799767,-2.63630818488E-02,0.972504806971)
  );
#8900 = ORIENTED_EDGE('',*,*,#8901,.T.);
#8901 = EDGE_CURVE('',#8893,#6991,#8902,.T.);
#8902 = LINE('',#8903,#8904);
#8903 = CARTESIAN_POINT('',(-4.223727611361,-0.481232974701,77.470602));
#8904 = VECTOR('',#8905,1.);
#8905 = DIRECTION('',(0.113203213768,-0.993571855677,0.));
#8906 = ORIENTED_EDGE('',*,*,#6999,.T.);
#8907 = ORIENTED_EDGE('',*,*,#8876,.F.);
#8908 = PLANE('',#8909);
#8909 = AXIS2_PLACEMENT_3D('',#8910,#8911,#8912);
#8910 = CARTESIAN_POINT('',(-4.223727611361,-0.481232974701,77.470602));
#8911 = DIRECTION('',(-0.966253405717,-0.110090669554,-0.232882804042));
#8912 = DIRECTION('',(-0.231385799767,-2.63630818488E-02,0.972504806971)
  );
#8913 = ADVANCED_FACE('',(#8914),#8933,.F.);
#8914 = FACE_BOUND('',#8915,.F.);
#8915 = EDGE_LOOP('',(#8916,#8925,#8931,#8932));
#8916 = ORIENTED_EDGE('',*,*,#8917,.F.);
#8917 = EDGE_CURVE('',#8918,#8893,#8920,.T.);
#8918 = VERTEX_POINT('',#8919);
#8919 = CARTESIAN_POINT('',(-0.161280115968,-33.69961407381,77.1551845)
  );
#8920 = ELLIPSE('',#8921,51.185417056195,33.7);
#8921 = AXIS2_PLACEMENT_3D('',#8922,#8923,#8924);
#8922 = CARTESIAN_POINT('',(0.,0.,72.610769937468));
#8923 = DIRECTION('',(-0.747838080234,-8.52053865826E-02,-0.65839064988)
  );
#8924 = DIRECTION('',(-0.654158419761,-7.453193748114E-02,0.752676392715
    ));
#8925 = ORIENTED_EDGE('',*,*,#8926,.T.);
#8926 = EDGE_CURVE('',#8918,#6982,#8927,.T.);
#8927 = LINE('',#8928,#8929);
#8928 = CARTESIAN_POINT('',(-3.949595174949,-0.449999528803,77.1551845)
  );
#8929 = VECTOR('',#8930,1.);
#8930 = DIRECTION('',(0.113203213768,-0.993571855677,0.));
#8931 = ORIENTED_EDGE('',*,*,#6990,.T.);
#8932 = ORIENTED_EDGE('',*,*,#8901,.F.);
#8933 = PLANE('',#8934);
#8934 = AXIS2_PLACEMENT_3D('',#8935,#8936,#8937);
#8935 = CARTESIAN_POINT('',(-3.949595174949,-0.449999528803,77.1551845)
  );
#8936 = DIRECTION('',(-0.747838080234,-8.52053865826E-02,-0.65839064988)
  );
#8937 = DIRECTION('',(-0.654158419761,-7.453193748114E-02,0.752676392715
    ));
#8938 = ADVANCED_FACE('',(#8939),#8958,.F.);
#8939 = FACE_BOUND('',#8940,.F.);
#8940 = EDGE_LOOP('',(#8941,#8950,#8956,#8957));
#8941 = ORIENTED_EDGE('',*,*,#8942,.F.);
#8942 = EDGE_CURVE('',#8943,#8918,#8945,.T.);
#8943 = VERTEX_POINT('',#8944);
#8944 = CARTESIAN_POINT('',(1.238630719236,-33.67722960609,77.0464125));
#8945 = ELLIPSE('',#8946,33.802516502136,33.7);
#8946 = AXIS2_PLACEMENT_3D('',#8947,#8948,#8949);
#8947 = CARTESIAN_POINT('',(0.,0.,76.84488557327));
#8948 = DIRECTION('',(-7.732271933652E-02,-8.809811063144E-03,
    -0.996967193193));
#8949 = DIRECTION('',(-0.99055854419,-0.112859890291,7.782297666218E-02)
  );
#8950 = ORIENTED_EDGE('',*,*,#8951,.T.);
#8951 = EDGE_CURVE('',#8943,#6973,#8952,.T.);
#8952 = LINE('',#8953,#8954);
#8953 = CARTESIAN_POINT('',(-2.565106446944,-0.292256963391,77.0464125)
  );
#8954 = VECTOR('',#8955,1.);
#8955 = DIRECTION('',(0.113203213768,-0.993571855677,0.));
#8956 = ORIENTED_EDGE('',*,*,#6981,.T.);
#8957 = ORIENTED_EDGE('',*,*,#8926,.F.);
#8958 = PLANE('',#8959);
#8959 = AXIS2_PLACEMENT_3D('',#8960,#8961,#8962);
#8960 = CARTESIAN_POINT('',(-2.565106446944,-0.292256963391,77.0464125)
  );
#8961 = DIRECTION('',(-7.732271933652E-02,-8.809811063144E-03,
    -0.996967193193));
#8962 = DIRECTION('',(-0.99055854419,-0.112859890291,7.782297666218E-02)
  );
#8963 = ADVANCED_FACE('',(#8964),#8983,.F.);
#8964 = FACE_BOUND('',#8965,.F.);
#8965 = EDGE_LOOP('',(#8966,#8975,#8981,#8982));
#8966 = ORIENTED_EDGE('',*,*,#8967,.F.);
#8967 = EDGE_CURVE('',#8968,#8943,#8970,.T.);
#8968 = VERTEX_POINT('',#8969);
#8969 = CARTESIAN_POINT('',(6.85382323881,-32.99568315721,76.941368));
#8970 = ELLIPSE('',#8971,33.705811012771,33.7);
#8971 = AXIS2_PLACEMENT_3D('',#8972,#8973,#8974);
#8972 = CARTESIAN_POINT('',(0.,0.,76.998466675157));
#8973 = DIRECTION('',(-1.844884082272E-02,-2.101979901597E-03,
    -0.999827596115));
#8974 = DIRECTION('',(-0.993400560028,-0.113183697094,1.856819989145E-02
    ));
#8975 = ORIENTED_EDGE('',*,*,#8976,.T.);
#8976 = EDGE_CURVE('',#8968,#6964,#8977,.T.);
#8977 = LINE('',#8978,#8979);
#8978 = CARTESIAN_POINT('',(3.054784858513,0.348048771085,76.941368));
#8979 = VECTOR('',#8980,1.);
#8980 = DIRECTION('',(0.113203213768,-0.993571855677,0.));
#8981 = ORIENTED_EDGE('',*,*,#6972,.T.);
#8982 = ORIENTED_EDGE('',*,*,#8951,.F.);
#8983 = PLANE('',#8984);
#8984 = AXIS2_PLACEMENT_3D('',#8985,#8986,#8987);
#8985 = CARTESIAN_POINT('',(3.054784858513,0.348048771085,76.941368));
#8986 = DIRECTION('',(-1.844884082272E-02,-2.101979901597E-03,
    -0.999827596115));
#8987 = DIRECTION('',(-0.993400560028,-0.113183697094,1.856819989145E-02
    ));
#8988 = ADVANCED_FACE('',(#8989),#9008,.F.);
#8989 = FACE_BOUND('',#8990,.F.);
#8990 = EDGE_LOOP('',(#8991,#9000,#9006,#9007));
#8991 = ORIENTED_EDGE('',*,*,#8992,.F.);
#8992 = EDGE_CURVE('',#8993,#8968,#8995,.T.);
#8993 = VERTEX_POINT('',#8994);
#8994 = CARTESIAN_POINT('',(7.840465429583,-32.77525136208,76.8452695));
#8995 = ELLIPSE('',#8996,33.853636039079,33.7);
#8996 = AXIS2_PLACEMENT_3D('',#8997,#8998,#8999);
#8997 = CARTESIAN_POINT('',(0.,0.,77.235283414398));
#8998 = DIRECTION('',(-9.45507277764E-02,-1.077269468457E-02,
    -0.995461756637));
#8999 = DIRECTION('',(-0.989062784797,-0.112689470034,9.51624457116E-02)
  );
#9000 = ORIENTED_EDGE('',*,*,#9001,.T.);
#9001 = EDGE_CURVE('',#8993,#6955,#9002,.T.);
#9002 = LINE('',#9003,#9004);
#9003 = CARTESIAN_POINT('',(4.053576443933,0.461846697937,76.8452695));
#9004 = VECTOR('',#9005,1.);
#9005 = DIRECTION('',(0.113203213768,-0.993571855677,0.));
#9006 = ORIENTED_EDGE('',*,*,#6963,.T.);
#9007 = ORIENTED_EDGE('',*,*,#8976,.F.);
#9008 = PLANE('',#9009);
#9009 = AXIS2_PLACEMENT_3D('',#9010,#9011,#9012);
#9010 = CARTESIAN_POINT('',(4.053576443933,0.461846697937,76.8452695));
#9011 = DIRECTION('',(-9.45507277764E-02,-1.077269468457E-02,
    -0.995461756637));
#9012 = DIRECTION('',(-0.989062784797,-0.112689470034,9.51624457116E-02)
  );
#9013 = ADVANCED_FACE('',(#9014),#9033,.F.);
#9014 = FACE_BOUND('',#9015,.F.);
#9015 = EDGE_LOOP('',(#9016,#9025,#9031,#9032));
#9016 = ORIENTED_EDGE('',*,*,#9017,.F.);
#9017 = EDGE_CURVE('',#9018,#8993,#9020,.T.);
#9018 = VERTEX_POINT('',#9019);
#9019 = CARTESIAN_POINT('',(8.234576248019,-32.67846009247,76.6460435));
#9020 = ELLIPSE('',#9021,37.601630645036,33.7);
#9021 = AXIS2_PLACEMENT_3D('',#9022,#9023,#9024);
#9022 = CARTESIAN_POINT('',(0.,0.,78.864481848884));
#9023 = DIRECTION('',(-0.440722689696,-5.021400774287E-02,
    -0.896237727511));
#9024 = DIRECTION('',(-0.89047658205,-0.101456991054,0.443574047693));
#9025 = ORIENTED_EDGE('',*,*,#9026,.T.);
#9026 = EDGE_CURVE('',#9018,#6946,#9027,.T.);
#9027 = LINE('',#9028,#9029);
#9028 = CARTESIAN_POINT('',(4.453523394072,0.507414896989,76.6460435));
#9029 = VECTOR('',#9030,1.);
#9030 = DIRECTION('',(0.113203213768,-0.993571855677,0.));
#9031 = ORIENTED_EDGE('',*,*,#6954,.T.);
#9032 = ORIENTED_EDGE('',*,*,#9001,.F.);
#9033 = PLANE('',#9034);
#9034 = AXIS2_PLACEMENT_3D('',#9035,#9036,#9037);
#9035 = CARTESIAN_POINT('',(4.453523394072,0.507414896989,76.6460435));
#9036 = DIRECTION('',(-0.440722689696,-5.021400774287E-02,
    -0.896237727511));
#9037 = DIRECTION('',(-0.89047658205,-0.101456991054,0.443574047693));
#9038 = ADVANCED_FACE('',(#9039),#9058,.F.);
#9039 = FACE_BOUND('',#9040,.F.);
#9040 = EDGE_LOOP('',(#9041,#9050,#9056,#9057));
#9041 = ORIENTED_EDGE('',*,*,#9042,.F.);
#9042 = EDGE_CURVE('',#9043,#9018,#9045,.T.);
#9043 = VERTEX_POINT('',#9044);
#9044 = CARTESIAN_POINT('',(8.421998840093,-32.63065944073,76.302439));
#9045 = ELLIPSE('',#9046,69.188532928798,33.7);
#9046 = AXIS2_PLACEMENT_3D('',#9047,#9048,#9049);
#9047 = CARTESIAN_POINT('',(0.,0.,84.683193367266));
#9048 = DIRECTION('',(-0.867746098247,-9.886717955512E-02,
    -0.487074932412));
#9049 = DIRECTION('',(-0.48394394445,-5.513844769486E-02,0.873360183553)
  );
#9050 = ORIENTED_EDGE('',*,*,#9051,.T.);
#9051 = EDGE_CURVE('',#9043,#6937,#9052,.T.);
#9052 = LINE('',#9053,#9054);
#9053 = CARTESIAN_POINT('',(4.643920575203,0.52910791564,76.302439));
#9054 = VECTOR('',#9055,1.);
#9055 = DIRECTION('',(0.113203213768,-0.993571855677,0.));
#9056 = ORIENTED_EDGE('',*,*,#6945,.T.);
#9057 = ORIENTED_EDGE('',*,*,#9026,.F.);
#9058 = PLANE('',#9059);
#9059 = AXIS2_PLACEMENT_3D('',#9060,#9061,#9062);
#9060 = CARTESIAN_POINT('',(4.643920575203,0.52910791564,76.302439));
#9061 = DIRECTION('',(-0.867746098247,-9.886717955512E-02,
    -0.487074932412));
#9062 = DIRECTION('',(-0.48394394445,-5.513844769486E-02,0.873360183553)
  );
#9063 = ADVANCED_FACE('',(#9064),#9083,.F.);
#9064 = FACE_BOUND('',#9065,.F.);
#9065 = EDGE_LOOP('',(#9066,#9075,#9081,#9082));
#9066 = ORIENTED_EDGE('',*,*,#9067,.F.);
#9067 = EDGE_CURVE('',#9068,#9043,#9070,.T.);
#9068 = VERTEX_POINT('',#9069);
#9069 = CARTESIAN_POINT('',(8.489187279477,-32.61324423196,75.9117615));
#9070 = ELLIPSE('',#9071,194.50597431062,33.7);
#9071 = AXIS2_PLACEMENT_3D('',#9072,#9073,#9074);
#9072 = CARTESIAN_POINT('',(0.,0.,102.87113235098));
#9073 = DIRECTION('',(-0.978545288944,-0.111491152747,-0.17325945961));
#9074 = DIRECTION('',(-0.172145722798,-1.961352764356E-02,0.984876215397
    ));
#9075 = ORIENTED_EDGE('',*,*,#9076,.T.);
#9076 = EDGE_CURVE('',#9068,#6928,#9077,.T.);
#9077 = LINE('',#9078,#9079);
#9078 = CARTESIAN_POINT('',(4.7122067817,0.536888146116,75.9117615));
#9079 = VECTOR('',#9080,1.);
#9080 = DIRECTION('',(0.113203213768,-0.993571855677,0.));
#9081 = ORIENTED_EDGE('',*,*,#6936,.T.);
#9082 = ORIENTED_EDGE('',*,*,#9051,.F.);
#9083 = PLANE('',#9084);
#9084 = AXIS2_PLACEMENT_3D('',#9085,#9086,#9087);
#9085 = CARTESIAN_POINT('',(4.7122067817,0.536888146116,75.9117615));
#9086 = DIRECTION('',(-0.978545288944,-0.111491152747,-0.17325945961));
#9087 = DIRECTION('',(-0.172145722798,-1.961352764356E-02,0.984876215397
    ));
#9088 = ADVANCED_FACE('',(#9089),#9108,.F.);
#9089 = FACE_BOUND('',#9090,.F.);
#9090 = EDGE_LOOP('',(#9091,#9100,#9106,#9107));
#9091 = ORIENTED_EDGE('',*,*,#9092,.F.);
#9092 = EDGE_CURVE('',#9093,#9068,#9095,.T.);
#9093 = VERTEX_POINT('',#9094);
#9094 = CARTESIAN_POINT('',(8.360314080419,-32.64651816774,75.4304525));
#9095 = ELLIPSE('',#9096,127.58649939374,33.7);
#9096 = AXIS2_PLACEMENT_3D('',#9097,#9098,#9099);
#9097 = CARTESIAN_POINT('',(0.,0.,58.593841092513));
#9098 = DIRECTION('',(-0.958285993402,-0.109182897585,0.264134529595));
#9099 = DIRECTION('',(0.262436634718,2.990087761719E-02,0.964485847629)
  );
#9100 = ORIENTED_EDGE('',*,*,#9101,.T.);
#9101 = EDGE_CURVE('',#9093,#6919,#9102,.T.);
#9102 = LINE('',#9103,#9104);
#9103 = CARTESIAN_POINT('',(4.581242585046,0.521966660705,75.4304525));
#9104 = VECTOR('',#9105,1.);
#9105 = DIRECTION('',(0.113203213768,-0.993571855677,0.));
#9106 = ORIENTED_EDGE('',*,*,#6927,.T.);
#9107 = ORIENTED_EDGE('',*,*,#9076,.F.);
#9108 = PLANE('',#9109);
#9109 = AXIS2_PLACEMENT_3D('',#9110,#9111,#9112);
#9110 = CARTESIAN_POINT('',(4.581242585046,0.521966660705,75.4304525));
#9111 = DIRECTION('',(-0.958285993402,-0.109182897585,0.264134529595));
#9112 = DIRECTION('',(0.262436634718,2.990087761719E-02,0.964485847629)
  );
#9113 = ADVANCED_FACE('',(#9114),#9133,.F.);
#9114 = FACE_BOUND('',#9115,.F.);
#9115 = EDGE_LOOP('',(#9116,#9125,#9131,#9132));
#9116 = ORIENTED_EDGE('',*,*,#9117,.F.);
#9117 = EDGE_CURVE('',#9118,#9093,#9120,.T.);
#9118 = VERTEX_POINT('',#9119);
#9119 = CARTESIAN_POINT('',(7.932204438754,-32.75316981212,75.045029));
#9120 = ELLIPSE('',#9121,44.91527959985,33.7);
#9121 = AXIS2_PLACEMENT_3D('',#9122,#9123,#9124);
#9122 = CARTESIAN_POINT('',(0.,0.,71.367772263512));
#9123 = DIRECTION('',(-0.656846224122,-7.4838174106E-02,0.750301463115)
  );
#9124 = DIRECTION('',(0.745478417024,8.493653691941E-02,0.661095843617)
  );
#9125 = ORIENTED_EDGE('',*,*,#9126,.T.);
#9126 = EDGE_CURVE('',#9118,#6910,#9127,.T.);
#9127 = LINE('',#9128,#9129);
#9128 = CARTESIAN_POINT('',(4.146623454645,0.472448065703,75.045029));
#9129 = VECTOR('',#9130,1.);
#9130 = DIRECTION('',(0.113203213768,-0.993571855677,0.));
#9131 = ORIENTED_EDGE('',*,*,#6918,.T.);
#9132 = ORIENTED_EDGE('',*,*,#9101,.F.);
#9133 = PLANE('',#9134);
#9134 = AXIS2_PLACEMENT_3D('',#9135,#9136,#9137);
#9135 = CARTESIAN_POINT('',(4.146623454645,0.472448065703,75.045029));
#9136 = DIRECTION('',(-0.656846224122,-7.4838174106E-02,0.750301463115)
  );
#9137 = DIRECTION('',(0.745478417024,8.493653691941E-02,0.661095843617)
  );
#9138 = ADVANCED_FACE('',(#9139),#9158,.F.);
#9139 = FACE_BOUND('',#9140,.F.);
#9140 = EDGE_LOOP('',(#9141,#9150,#9156,#9157));
#9141 = ORIENTED_EDGE('',*,*,#9142,.F.);
#9142 = EDGE_CURVE('',#9143,#9118,#9145,.T.);
#9143 = VERTEX_POINT('',#9144);
#9144 = CARTESIAN_POINT('',(7.22059763853,-32.91736577769,74.9555335));
#9145 = ELLIPSE('',#9146,33.955353340501,33.7);
#9146 = AXIS2_PLACEMENT_3D('',#9147,#9148,#9149);
#9147 = CARTESIAN_POINT('',(0.,0.,74.530289764628));
#9148 = DIRECTION('',(-0.121622207551,-1.385710020035E-02,0.99247973249)
  );
#9149 = DIRECTION('',(0.986099929532,0.112351895317,0.122409070724));
#9150 = ORIENTED_EDGE('',*,*,#9151,.T.);
#9151 = EDGE_CURVE('',#9143,#6901,#9152,.T.);
#9152 = LINE('',#9153,#9154);
#9153 = CARTESIAN_POINT('',(3.425667844729,0.390305549729,74.9555335));
#9154 = VECTOR('',#9155,1.);
#9155 = DIRECTION('',(0.113203213768,-0.993571855677,0.));
#9156 = ORIENTED_EDGE('',*,*,#6909,.T.);
#9157 = ORIENTED_EDGE('',*,*,#9126,.F.);
#9158 = PLANE('',#9159);
#9159 = AXIS2_PLACEMENT_3D('',#9160,#9161,#9162);
#9160 = CARTESIAN_POINT('',(3.425667844729,0.390305549729,74.9555335));
#9161 = DIRECTION('',(-0.121622207551,-1.385710020035E-02,0.99247973249)
  );
#9162 = DIRECTION('',(0.986099929532,0.112351895317,0.122409070724));
#9163 = ADVANCED_FACE('',(#9164),#9183,.F.);
#9164 = FACE_BOUND('',#9165,.F.);
#9165 = EDGE_LOOP('',(#9166,#9175,#9181,#9182));
#9166 = ORIENTED_EDGE('',*,*,#9167,.F.);
#9167 = EDGE_CURVE('',#9168,#9143,#9170,.T.);
#9168 = VERTEX_POINT('',#9169);
#9169 = CARTESIAN_POINT('',(-3.481089768475,-33.51972574505,74.8305735)
  );
#9170 = ELLIPSE('',#9171,33.702297584788,33.7);
#9171 = AXIS2_PLACEMENT_3D('',#9172,#9173,#9174);
#9172 = CARTESIAN_POINT('',(0.,0.,74.915272070258));
#9173 = DIRECTION('',(-1.160146665089E-02,-1.321820160061E-03,
    0.999931827058));
#9174 = DIRECTION('',(0.99350412096,0.113195496372,1.167652503904E-02));
#9175 = ORIENTED_EDGE('',*,*,#9176,.T.);
#9176 = EDGE_CURVE('',#9168,#6892,#9177,.T.);
#9177 = LINE('',#9178,#9179);
#9178 = CARTESIAN_POINT('',(-7.206628539688,-0.821091606473,74.8305735)
  );
#9179 = VECTOR('',#9180,1.);
#9180 = DIRECTION('',(0.113203213768,-0.993571855677,0.));
#9181 = ORIENTED_EDGE('',*,*,#6900,.T.);
#9182 = ORIENTED_EDGE('',*,*,#9151,.F.);
#9183 = PLANE('',#9184);
#9184 = AXIS2_PLACEMENT_3D('',#9185,#9186,#9187);
#9185 = CARTESIAN_POINT('',(-7.206628539688,-0.821091606473,74.8305735)
  );
#9186 = DIRECTION('',(-1.160146665089E-02,-1.321820160061E-03,
    0.999931827058));
#9187 = DIRECTION('',(0.99350412096,0.113195496372,1.167652503904E-02));
#9188 = ADVANCED_FACE('',(#9189),#9208,.F.);
#9189 = FACE_BOUND('',#9190,.F.);
#9190 = EDGE_LOOP('',(#9191,#9200,#9206,#9207));
#9191 = ORIENTED_EDGE('',*,*,#9192,.F.);
#9192 = EDGE_CURVE('',#9193,#9168,#9195,.T.);
#9193 = VERTEX_POINT('',#9194);
#9194 = CARTESIAN_POINT('',(-3.839706805674,-33.48054138819,74.4233885)
  );
#9195 = ELLIPSE('',#9196,51.540875044255,33.7);
#9196 = AXIS2_PLACEMENT_3D('',#9197,#9198,#9199);
#9197 = CARTESIAN_POINT('',(0.,0.,83.223916684524));
#9198 = DIRECTION('',(-0.751760527905,-8.565229304399E-02,0.653849977733
    ));
#9199 = DIRECTION('',(0.64964693571,7.401791880139E-02,0.756624217574));
#9200 = ORIENTED_EDGE('',*,*,#9201,.T.);
#9201 = EDGE_CURVE('',#9193,#6883,#9202,.T.);
#9202 = LINE('',#9203,#9204);
#9203 = CARTESIAN_POINT('',(-7.556242629976,-0.860925100521,74.4233885)
  );
#9204 = VECTOR('',#9205,1.);
#9205 = DIRECTION('',(0.113203213768,-0.993571855677,0.));
#9206 = ORIENTED_EDGE('',*,*,#6891,.T.);
#9207 = ORIENTED_EDGE('',*,*,#9176,.F.);
#9208 = PLANE('',#9209);
#9209 = AXIS2_PLACEMENT_3D('',#9210,#9211,#9212);
#9210 = CARTESIAN_POINT('',(-7.556242629976,-0.860925100521,74.4233885)
  );
#9211 = DIRECTION('',(-0.751760527905,-8.565229304399E-02,0.653849977733
    ));
#9212 = DIRECTION('',(0.64964693571,7.401791880139E-02,0.756624217574));
#9213 = ADVANCED_FACE('',(#9214),#9233,.F.);
#9214 = FACE_BOUND('',#9215,.F.);
#9215 = EDGE_LOOP('',(#9216,#9225,#9231,#9232));
#9216 = ORIENTED_EDGE('',*,*,#9217,.F.);
#9217 = EDGE_CURVE('',#9218,#9193,#9220,.T.);
#9218 = VERTEX_POINT('',#9219);
#9219 = CARTESIAN_POINT('',(-4.006722523831,-33.46096493852,74.0564605)
  );
#9220 = ELLIPSE('',#9221,82.702949482189,33.7);
#9221 = AXIS2_PLACEMENT_3D('',#9222,#9223,#9224);
#9222 = CARTESIAN_POINT('',(0.,0.,91.467321395056));
#9223 = DIRECTION('',(-0.907342775444,-0.103378651058,0.40748244423));
#9224 = DIRECTION('',(0.404863088269,4.612832224079E-02,0.913213040667)
  );
#9225 = ORIENTED_EDGE('',*,*,#9226,.T.);
#9226 = EDGE_CURVE('',#9218,#6874,#9227,.T.);
#9227 = LINE('',#9228,#9229);
#9228 = CARTESIAN_POINT('',(-7.718916175618,-0.879459409898,74.0564605)
  );
#9229 = VECTOR('',#9230,1.);
#9230 = DIRECTION('',(0.113203213768,-0.993571855677,0.));
#9231 = ORIENTED_EDGE('',*,*,#6882,.T.);
#9232 = ORIENTED_EDGE('',*,*,#9201,.F.);
#9233 = PLANE('',#9234);
#9234 = AXIS2_PLACEMENT_3D('',#9235,#9236,#9237);
#9235 = CARTESIAN_POINT('',(-7.718916175618,-0.879459409898,74.0564605)
  );
#9236 = DIRECTION('',(-0.907342775444,-0.103378651058,0.40748244423));
#9237 = DIRECTION('',(0.404863088269,4.612832224079E-02,0.913213040667)
  );
#9238 = ADVANCED_FACE('',(#9239),#9258,.F.);
#9239 = FACE_BOUND('',#9240,.F.);
#9240 = EDGE_LOOP('',(#9241,#9250,#9256,#9257));
#9241 = ORIENTED_EDGE('',*,*,#9242,.F.);
#9242 = EDGE_CURVE('',#9243,#9218,#9245,.T.);
#9243 = VERTEX_POINT('',#9244);
#9244 = CARTESIAN_POINT('',(-4.024545228154,-33.45882597621,73.5260905)
  );
#9245 = ELLIPSE('',#9246,1.023884017526E+03,33.7);
#9246 = AXIS2_PLACEMENT_3D('',#9247,#9248,#9249);
#9247 = CARTESIAN_POINT('',(0.,0.,309.96438970732));
#9248 = DIRECTION('',(-0.993033529836,-0.113141879286,3.291388421263E-02
    ));
#9249 = DIRECTION('',(3.270230901467E-02,3.725957470454E-03,
    0.999458191335));
#9250 = ORIENTED_EDGE('',*,*,#9251,.T.);
#9251 = EDGE_CURVE('',#9243,#6865,#9252,.T.);
#9252 = LINE('',#9253,#9254);
#9253 = CARTESIAN_POINT('',(-7.73626990165,-0.88143661723,73.5260905));
#9254 = VECTOR('',#9255,1.);
#9255 = DIRECTION('',(0.113203213768,-0.993571855677,0.));
#9256 = ORIENTED_EDGE('',*,*,#6873,.T.);
#9257 = ORIENTED_EDGE('',*,*,#9226,.F.);
#9258 = PLANE('',#9259);
#9259 = AXIS2_PLACEMENT_3D('',#9260,#9261,#9262);
#9260 = CARTESIAN_POINT('',(-7.73626990165,-0.88143661723,73.5260905));
#9261 = DIRECTION('',(-0.993033529836,-0.113141879286,3.291388421263E-02
    ));
#9262 = DIRECTION('',(3.270230901467E-02,3.725957470454E-03,
    0.999458191335));
#9263 = ADVANCED_FACE('',(#9264),#9283,.F.);
#9264 = FACE_BOUND('',#9265,.F.);
#9265 = EDGE_LOOP('',(#9266,#9275,#9281,#9282));
#9266 = ORIENTED_EDGE('',*,*,#9267,.F.);
#9267 = EDGE_CURVE('',#9268,#9243,#9270,.T.);
#9268 = VERTEX_POINT('',#9269);
#9269 = CARTESIAN_POINT('',(-3.881994712213,-33.47566454985,73.1656235)
  );
#9270 = ELLIPSE('',#9271,93.241550685872,33.7);
#9271 = AXIS2_PLACEMENT_3D('',#9272,#9273,#9274);
#9272 = CARTESIAN_POINT('',(0.,0.,53.439121874238));
#9273 = DIRECTION('',(-0.926406862698,-0.105550729436,-0.361426850499));
#9274 = DIRECTION('',(-0.359103546541,-4.091468101845E-02,0.93240046747)
  );
#9275 = ORIENTED_EDGE('',*,*,#9276,.T.);
#9276 = EDGE_CURVE('',#9268,#6856,#9277,.T.);
#9277 = LINE('',#9278,#9279);
#9278 = CARTESIAN_POINT('',(-7.5974400934,-0.865618958577,73.1656235));
#9279 = VECTOR('',#9280,1.);
#9280 = DIRECTION('',(0.113203213768,-0.993571855677,0.));
#9281 = ORIENTED_EDGE('',*,*,#6864,.T.);
#9282 = ORIENTED_EDGE('',*,*,#9251,.F.);
#9283 = PLANE('',#9284);
#9284 = AXIS2_PLACEMENT_3D('',#9285,#9286,#9287);
#9285 = CARTESIAN_POINT('',(-7.5974400934,-0.865618958577,73.1656235));
#9286 = DIRECTION('',(-0.926406862698,-0.105550729436,-0.361426850499));
#9287 = DIRECTION('',(-0.359103546541,-4.091468101845E-02,0.93240046747)
  );
#9288 = ADVANCED_FACE('',(#9289),#9308,.F.);
#9289 = FACE_BOUND('',#9290,.F.);
#9290 = EDGE_LOOP('',(#9291,#9300,#9306,#9307));
#9291 = ORIENTED_EDGE('',*,*,#9292,.F.);
#9292 = EDGE_CURVE('',#9293,#9268,#9295,.T.);
#9293 = VERTEX_POINT('',#9294);
#9294 = CARTESIAN_POINT('',(-3.487236610346,-33.51908681368,72.838136));
#9295 = ELLIPSE('',#9296,44.132366053881,33.7);
#9296 = AXIS2_PLACEMENT_3D('',#9297,#9298,#9299);
#9297 = CARTESIAN_POINT('',(0.,0.,66.700011672548));
#9298 = DIRECTION('',(-0.641525013322,-7.309254263359E-02,
    -0.763611902404));
#9299 = DIRECTION('',(-0.758703294888,-8.644332142357E-02,0.645675508678
    ));
#9300 = ORIENTED_EDGE('',*,*,#9301,.T.);
#9301 = EDGE_CURVE('',#9293,#6847,#9302,.T.);
#9302 = LINE('',#9303,#9304);
#9303 = CARTESIAN_POINT('',(-7.212624745837,-0.821774787868,72.838136));
#9304 = VECTOR('',#9305,1.);
#9305 = DIRECTION('',(0.113203213768,-0.993571855677,0.));
#9306 = ORIENTED_EDGE('',*,*,#6855,.T.);
#9307 = ORIENTED_EDGE('',*,*,#9276,.F.);
#9308 = PLANE('',#9309);
#9309 = AXIS2_PLACEMENT_3D('',#9310,#9311,#9312);
#9310 = CARTESIAN_POINT('',(-7.212624745837,-0.821774787868,72.838136));
#9311 = DIRECTION('',(-0.641525013322,-7.309254263359E-02,
    -0.763611902404));
#9312 = DIRECTION('',(-0.758703294888,-8.644332142357E-02,0.645675508678
    ));
#9313 = ADVANCED_FACE('',(#9314),#9333,.F.);
#9314 = FACE_BOUND('',#9315,.F.);
#9315 = EDGE_LOOP('',(#9316,#9325,#9331,#9332));
#9316 = ORIENTED_EDGE('',*,*,#9317,.F.);
#9317 = EDGE_CURVE('',#9318,#9293,#9320,.T.);
#9318 = VERTEX_POINT('',#9319);
#9319 = CARTESIAN_POINT('',(-2.650771213928,-33.59558619776,72.7337305)
  );
#9320 = ELLIPSE('',#9321,33.970465012544,33.7);
#9321 = AXIS2_PLACEMENT_3D('',#9322,#9323,#9324);
#9322 = CARTESIAN_POINT('',(0.,0.,71.916585195904));
#9323 = DIRECTION('',(-0.125127542714,-1.425648269436E-02,
    -0.992038230491));
#9324 = DIRECTION('',(-0.985661265571,-0.112301915872,0.125937084468));
#9325 = ORIENTED_EDGE('',*,*,#9326,.T.);
#9326 = EDGE_CURVE('',#9318,#6838,#9327,.T.);
#9327 = LINE('',#9328,#9329);
#9328 = CARTESIAN_POINT('',(-6.39548293493,-0.728673238574,72.7337305));
#9329 = VECTOR('',#9330,1.);
#9330 = DIRECTION('',(0.113203213768,-0.993571855677,0.));
#9331 = ORIENTED_EDGE('',*,*,#6846,.T.);
#9332 = ORIENTED_EDGE('',*,*,#9301,.F.);
#9333 = PLANE('',#9334);
#9334 = AXIS2_PLACEMENT_3D('',#9335,#9336,#9337);
#9335 = CARTESIAN_POINT('',(-6.39548293493,-0.728673238574,72.7337305));
#9336 = DIRECTION('',(-0.125127542714,-1.425648269436E-02,
    -0.992038230491));
#9337 = DIRECTION('',(-0.985661265571,-0.112301915872,0.125937084468));
#9338 = ADVANCED_FACE('',(#9339),#9358,.F.);
#9339 = FACE_BOUND('',#9340,.F.);
#9340 = EDGE_LOOP('',(#9341,#9350,#9356,#9357));
#9341 = ORIENTED_EDGE('',*,*,#9342,.F.);
#9342 = EDGE_CURVE('',#9343,#9318,#9345,.T.);
#9343 = VERTEX_POINT('',#9344);
#9344 = CARTESIAN_POINT('',(6.510059373936,-33.06522534246,72.568833));
#9345 = ELLIPSE('',#9346,33.705457754718,33.7);
#9346 = AXIS2_PLACEMENT_3D('',#9347,#9348,#9349);
#9347 = CARTESIAN_POINT('',(0.,0.,72.617879789766));
#9348 = DIRECTION('',(-1.787942671021E-02,-2.037103358312E-03,
    -0.999838075045));
#9349 = DIRECTION('',(-0.993410971599,-0.113184883343,1.799510182183E-02
    ));
#9350 = ORIENTED_EDGE('',*,*,#9351,.T.);
#9351 = EDGE_CURVE('',#9343,#6829,#9352,.T.);
#9352 = LINE('',#9353,#9354);
#9353 = CARTESIAN_POINT('',(2.707604522485,0.30849256831,72.568833));
#9354 = VECTOR('',#9355,1.);
#9355 = DIRECTION('',(0.113203213768,-0.993571855677,0.));
#9356 = ORIENTED_EDGE('',*,*,#6837,.T.);
#9357 = ORIENTED_EDGE('',*,*,#9326,.F.);
#9358 = PLANE('',#9359);
#9359 = AXIS2_PLACEMENT_3D('',#9360,#9361,#9362);
#9360 = CARTESIAN_POINT('',(2.707604522485,0.30849256831,72.568833));
#9361 = DIRECTION('',(-1.787942671021E-02,-2.037103358312E-03,
    -0.999838075045));
#9362 = DIRECTION('',(-0.993410971599,-0.113184883343,1.799510182183E-02
    ));
#9363 = ADVANCED_FACE('',(#9364),#9383,.F.);
#9364 = FACE_BOUND('',#9365,.F.);
#9365 = EDGE_LOOP('',(#9366,#9375,#9381,#9382));
#9366 = ORIENTED_EDGE('',*,*,#9367,.F.);
#9367 = EDGE_CURVE('',#9368,#9343,#9370,.T.);
#9368 = VERTEX_POINT('',#9369);
#9369 = CARTESIAN_POINT('',(6.79451579126,-33.00794684863,72.2688225));
#9370 = ELLIPSE('',#9371,48.565593125672,33.7);
#9371 = AXIS2_PLACEMENT_3D('',#9372,#9373,#9374);
#9372 = CARTESIAN_POINT('',(0.,0.,75.396682462426));
#9373 = DIRECTION('',(-0.715436052527,-8.151364184554E-02,
    -0.693906896448));
#9374 = DIRECTION('',(-0.689446362771,-7.855249073365E-02,0.72006473255)
  );
#9375 = ORIENTED_EDGE('',*,*,#9376,.T.);
#9376 = EDGE_CURVE('',#9368,#6820,#9377,.T.);
#9377 = LINE('',#9378,#9379);
#9378 = CARTESIAN_POINT('',(2.994858068823,0.341220975848,72.2688225));
#9379 = VECTOR('',#9380,1.);
#9380 = DIRECTION('',(0.113203213768,-0.993571855677,0.));
#9381 = ORIENTED_EDGE('',*,*,#6828,.T.);
#9382 = ORIENTED_EDGE('',*,*,#9351,.F.);
#9383 = PLANE('',#9384);
#9384 = AXIS2_PLACEMENT_3D('',#9385,#9386,#9387);
#9385 = CARTESIAN_POINT('',(2.994858068823,0.341220975848,72.2688225));
#9386 = DIRECTION('',(-0.715436052527,-8.151364184554E-02,
    -0.693906896448));
#9387 = DIRECTION('',(-0.689446362771,-7.855249073365E-02,0.72006473255)
  );
#9388 = ADVANCED_FACE('',(#9389),#9408,.F.);
#9389 = FACE_BOUND('',#9390,.F.);
#9390 = EDGE_LOOP('',(#9391,#9400,#9406,#9407));
#9391 = ORIENTED_EDGE('',*,*,#9392,.F.);
#9392 = EDGE_CURVE('',#9393,#9368,#9395,.T.);
#9393 = VERTEX_POINT('',#9394);
#9394 = CARTESIAN_POINT('',(6.952094849675,-32.97511754643,71.6616305));
#9395 = ELLIPSE('',#9396,132.03746040462,33.7);
#9396 = AXIS2_PLACEMENT_3D('',#9397,#9398,#9399);
#9397 = CARTESIAN_POINT('',(0.,0.,83.687528665227));
#9398 = DIRECTION('',(-0.960664965118,-0.109453947175,-0.255230598171));
#9399 = DIRECTION('',(-0.25358993905,-2.889292396482E-02,0.966880210656)
  );
#9400 = ORIENTED_EDGE('',*,*,#9401,.T.);
#9401 = EDGE_CURVE('',#9393,#6811,#9402,.T.);
#9402 = LINE('',#9403,#9404);
#9403 = CARTESIAN_POINT('',(3.154110249781,0.359365469959,71.6616305));
#9404 = VECTOR('',#9405,1.);
#9405 = DIRECTION('',(0.113203213768,-0.993571855677,0.));
#9406 = ORIENTED_EDGE('',*,*,#6819,.T.);
#9407 = ORIENTED_EDGE('',*,*,#9376,.F.);
#9408 = PLANE('',#9409);
#9409 = AXIS2_PLACEMENT_3D('',#9410,#9411,#9412);
#9410 = CARTESIAN_POINT('',(3.154110249781,0.359365469959,71.6616305));
#9411 = DIRECTION('',(-0.960664965118,-0.109453947175,-0.255230598171));
#9412 = DIRECTION('',(-0.25358993905,-2.889292396482E-02,0.966880210656)
  );
#9413 = ADVANCED_FACE('',(#9414),#9433,.F.);
#9414 = FACE_BOUND('',#9415,.F.);
#9415 = EDGE_LOOP('',(#9416,#9425,#9431,#9432));
#9416 = ORIENTED_EDGE('',*,*,#9417,.F.);
#9417 = EDGE_CURVE('',#9418,#9393,#9420,.T.);
#9418 = VERTEX_POINT('',#9419);
#9419 = CARTESIAN_POINT('',(6.822373331461,-33.00220026189,71.05987));
#9420 = ELLIPSE('',#9421,157.33689272653,33.7);
#9421 = AXIS2_PLACEMENT_3D('',#9422,#9423,#9424);
#9422 = CARTESIAN_POINT('',(0.,0.,57.184571260963));
#9423 = DIRECTION('',(-0.97051304149,-0.110575993747,0.214190069576));
#9424 = DIRECTION('',(0.212813224896,2.42470042332E-02,0.976792001449));
#9425 = ORIENTED_EDGE('',*,*,#9426,.T.);
#9426 = EDGE_CURVE('',#9418,#6802,#9427,.T.);
#9427 = LINE('',#9428,#9429);
#9428 = CARTESIAN_POINT('',(3.023004965923,0.344427909691,71.05987));
#9429 = VECTOR('',#9430,1.);
#9430 = DIRECTION('',(0.113203213768,-0.993571855677,0.));
#9431 = ORIENTED_EDGE('',*,*,#6810,.T.);
#9432 = ORIENTED_EDGE('',*,*,#9401,.F.);
#9433 = PLANE('',#9434);
#9434 = AXIS2_PLACEMENT_3D('',#9435,#9436,#9437);
#9435 = CARTESIAN_POINT('',(3.023004965923,0.344427909691,71.05987));
#9436 = DIRECTION('',(-0.97051304149,-0.110575993747,0.214190069576));
#9437 = DIRECTION('',(0.212813224896,2.42470042332E-02,0.976792001449));
#9438 = ADVANCED_FACE('',(#9439),#9458,.F.);
#9439 = FACE_BOUND('',#9440,.F.);
#9440 = EDGE_LOOP('',(#9441,#9450,#9456,#9457));
#9441 = ORIENTED_EDGE('',*,*,#9442,.F.);
#9442 = EDGE_CURVE('',#9443,#9418,#9445,.T.);
#9443 = VERTEX_POINT('',#9444);
#9444 = CARTESIAN_POINT('',(6.493983870549,-33.06838631516,70.7385595));
#9445 = ELLIPSE('',#9446,46.777842760686,33.7);
#9446 = AXIS2_PLACEMENT_3D('',#9447,#9448,#9449);
#9447 = CARTESIAN_POINT('',(0.,0.,68.130893429802));
#9448 = DIRECTION('',(-0.689073122096,-7.850996533036E-02,0.72042655264)
  );
#9449 = DIRECTION('',(0.715795546785,8.155460104254E-02,0.693531241006)
  );
#9450 = ORIENTED_EDGE('',*,*,#9451,.T.);
#9451 = EDGE_CURVE('',#9443,#6793,#9452,.T.);
#9452 = LINE('',#9453,#9454);
#9453 = CARTESIAN_POINT('',(2.691379494082,0.306643959829,70.7385595));
#9454 = VECTOR('',#9455,1.);
#9455 = DIRECTION('',(0.113203213768,-0.993571855677,0.));
#9456 = ORIENTED_EDGE('',*,*,#6801,.T.);
#9457 = ORIENTED_EDGE('',*,*,#9426,.F.);
#9458 = PLANE('',#9459);
#9459 = AXIS2_PLACEMENT_3D('',#9460,#9461,#9462);
#9460 = CARTESIAN_POINT('',(2.691379494082,0.306643959829,70.7385595));
#9461 = DIRECTION('',(-0.689073122096,-7.850996533036E-02,0.72042655264)
  );
#9462 = DIRECTION('',(0.715795546785,8.155460104254E-02,0.693531241006)
  );
#9463 = ADVANCED_FACE('',(#9464),#9483,.F.);
#9464 = FACE_BOUND('',#9465,.F.);
#9465 = EDGE_LOOP('',(#9466,#9475,#9481,#9482));
#9466 = ORIENTED_EDGE('',*,*,#9467,.F.);
#9467 = EDGE_CURVE('',#9468,#9443,#9470,.T.);
#9468 = VERTEX_POINT('',#9469);
#9469 = CARTESIAN_POINT('',(4.964912773404,-33.33226126671,70.588927));
#9470 = ELLIPSE('',#9471,33.856846855851,33.7);
#9471 = AXIS2_PLACEMENT_3D('',#9472,#9473,#9474);
#9472 = CARTESIAN_POINT('',(0.,0.,70.476910938458));
#9473 = DIRECTION('',(-9.552682998345E-02,-1.088390748329E-02,
    0.995367351942));
#9474 = DIRECTION('',(0.988968986948,0.112678783119,9.614486303902E-02)
  );
#9475 = ORIENTED_EDGE('',*,*,#9476,.T.);
#9476 = EDGE_CURVE('',#9468,#6784,#9477,.T.);
#9477 = LINE('',#9478,#9479);
#9478 = CARTESIAN_POINT('',(1.152223919233,0.131279333138,70.588927));
#9479 = VECTOR('',#9480,1.);
#9480 = DIRECTION('',(0.113203213768,-0.993571855677,0.));
#9481 = ORIENTED_EDGE('',*,*,#6792,.T.);
#9482 = ORIENTED_EDGE('',*,*,#9451,.F.);
#9483 = PLANE('',#9484);
#9484 = AXIS2_PLACEMENT_3D('',#9485,#9486,#9487);
#9485 = CARTESIAN_POINT('',(1.152223919233,0.131279333138,70.588927));
#9486 = DIRECTION('',(-9.552682998345E-02,-1.088390748329E-02,
    0.995367351942));
#9487 = DIRECTION('',(0.988968986948,0.112678783119,9.614486303902E-02)
  );
#9488 = ADVANCED_FACE('',(#9489),#9508,.F.);
#9489 = FACE_BOUND('',#9490,.F.);
#9490 = EDGE_LOOP('',(#9491,#9500,#9506,#9507));
#9491 = ORIENTED_EDGE('',*,*,#9492,.F.);
#9492 = EDGE_CURVE('',#9493,#9468,#9495,.T.);
#9493 = VERTEX_POINT('',#9494);
#9494 = CARTESIAN_POINT('',(-0.211547721027,-33.69933601069,70.5430965)
  );
#9495 = ELLIPSE('',#9496,33.701316578416,33.7);
#9496 = AXIS2_PLACEMENT_3D('',#9497,#9498,#9499);
#9497 = CARTESIAN_POINT('',(0.,0.,70.578676022975));
#9498 = DIRECTION('',(-8.782334391641E-03,-1.00062061122E-03,
    0.999960933917));
#9499 = DIRECTION('',(0.993533040716,0.113198791362,8.839153747627E-03)
  );
#9500 = ORIENTED_EDGE('',*,*,#9501,.T.);
#9501 = EDGE_CURVE('',#9493,#6775,#9502,.T.);
#9502 = LINE('',#9503,#9504);
#9503 = CARTESIAN_POINT('',(-3.999187326981,-0.455649840812,70.5430965)
  );
#9504 = VECTOR('',#9505,1.);
#9505 = DIRECTION('',(0.113203213768,-0.993571855677,0.));
#9506 = ORIENTED_EDGE('',*,*,#6783,.T.);
#9507 = ORIENTED_EDGE('',*,*,#9476,.F.);
#9508 = PLANE('',#9509);
#9509 = AXIS2_PLACEMENT_3D('',#9510,#9511,#9512);
#9510 = CARTESIAN_POINT('',(-3.999187326981,-0.455649840812,70.5430965)
  );
#9511 = DIRECTION('',(-8.782334391641E-03,-1.00062061122E-03,
    0.999960933917));
#9512 = DIRECTION('',(0.993533040716,0.113198791362,8.839153747627E-03)
  );
#9513 = ADVANCED_FACE('',(#9514),#9533,.F.);
#9514 = FACE_BOUND('',#9515,.F.);
#9515 = EDGE_LOOP('',(#9516,#9525,#9531,#9532));
#9516 = ORIENTED_EDGE('',*,*,#9517,.F.);
#9517 = EDGE_CURVE('',#9518,#9493,#9520,.T.);
#9518 = VERTEX_POINT('',#9519);
#9519 = CARTESIAN_POINT('',(-0.732782615936,-33.69203213873,69.9059425)
  );
#9520 = ELLIPSE('',#9521,53.481031791324,33.7);
#9521 = AXIS2_PLACEMENT_3D('',#9522,#9523,#9524);
#9522 = CARTESIAN_POINT('',(0.,0.,75.503054950258));
#9523 = DIRECTION('',(-0.771498305286,-8.790112871641E-02,0.630129952083
    ));
#9524 = DIRECTION('',(0.626079385808,7.133273566718E-02,0.776489693099)
  );
#9525 = ORIENTED_EDGE('',*,*,#9526,.T.);
#9526 = EDGE_CURVE('',#9518,#6766,#9527,.T.);
#9527 = LINE('',#9528,#9529);
#9528 = CARTESIAN_POINT('',(-4.512921106748,-0.514182411515,69.9059425)
  );
#9529 = VECTOR('',#9530,1.);
#9530 = DIRECTION('',(0.113203213768,-0.993571855677,0.));
#9531 = ORIENTED_EDGE('',*,*,#6774,.T.);
#9532 = ORIENTED_EDGE('',*,*,#9501,.F.);
#9533 = PLANE('',#9534);
#9534 = AXIS2_PLACEMENT_3D('',#9535,#9536,#9537);
#9535 = CARTESIAN_POINT('',(-4.512921106748,-0.514182411515,69.9059425)
  );
#9536 = DIRECTION('',(-0.771498305286,-8.790112871641E-02,0.630129952083
    ));
#9537 = DIRECTION('',(0.626079385808,7.133273566718E-02,0.776489693099)
  );
#9538 = ADVANCED_FACE('',(#9539),#9558,.F.);
#9539 = FACE_BOUND('',#9540,.F.);
#9540 = EDGE_LOOP('',(#9541,#9550,#9556,#9557));
#9541 = ORIENTED_EDGE('',*,*,#9542,.F.);
#9542 = EDGE_CURVE('',#9543,#9518,#9545,.T.);
#9543 = VERTEX_POINT('',#9544);
#9544 = CARTESIAN_POINT('',(-0.815857270661,-33.6901228391,69.479978));
#9545 = ELLIPSE('',#9546,177.59765840841,33.7);
#9546 = AXIS2_PLACEMENT_3D('',#9547,#9548,#9549);
#9547 = CARTESIAN_POINT('',(0.,0.,93.407831194049));
#9548 = DIRECTION('',(-0.975520165101,-0.111146483421,0.1897547541));
#9549 = DIRECTION('',(0.188534983154,2.148084799184E-02,0.981831519812)
  );
#9550 = ORIENTED_EDGE('',*,*,#9551,.T.);
#9551 = EDGE_CURVE('',#9543,#6757,#9552,.T.);
#9552 = LINE('',#9553,#9554);
#9553 = CARTESIAN_POINT('',(-4.594716412981,-0.523501809487,69.479978));
#9554 = VECTOR('',#9555,1.);
#9555 = DIRECTION('',(0.113203213768,-0.993571855677,0.));
#9556 = ORIENTED_EDGE('',*,*,#6765,.T.);
#9557 = ORIENTED_EDGE('',*,*,#9526,.F.);
#9558 = PLANE('',#9559);
#9559 = AXIS2_PLACEMENT_3D('',#9560,#9561,#9562);
#9560 = CARTESIAN_POINT('',(-4.594716412981,-0.523501809487,69.479978));
#9561 = DIRECTION('',(-0.975520165101,-0.111146483421,0.1897547541));
#9562 = DIRECTION('',(0.188534983154,2.148084799184E-02,0.981831519812)
  );
#9563 = ADVANCED_FACE('',(#9564),#9583,.F.);
#9564 = FACE_BOUND('',#9565,.F.);
#9565 = EDGE_LOOP('',(#9566,#9575,#9581,#9582));
#9566 = ORIENTED_EDGE('',*,*,#9567,.F.);
#9567 = EDGE_CURVE('',#9568,#9543,#9570,.T.);
#9568 = VERTEX_POINT('',#9569);
#9569 = CARTESIAN_POINT('',(-0.760614853489,-33.69141530189,69.1452485)
  );
#9570 = ELLIPSE('',#9571,208.80572141011,33.7);
#9571 = AXIS2_PLACEMENT_3D('',#9572,#9573,#9574);
#9572 = CARTESIAN_POINT('',(0.,0.,41.202498721789));
#9573 = DIRECTION('',(-0.980546174021,-0.111719124805,-0.161394045012));
#9574 = DIRECTION('',(-0.160356580798,-1.827032457835E-02,0.986890045666
    ));
#9575 = ORIENTED_EDGE('',*,*,#9576,.T.);
#9576 = EDGE_CURVE('',#9568,#6748,#9577,.T.);
#9577 = LINE('',#9578,#9579);
#9578 = CARTESIAN_POINT('',(-4.540327296029,-0.517304952362,69.1452485)
  );
#9579 = VECTOR('',#9580,1.);
#9580 = DIRECTION('',(0.113203213768,-0.993571855677,0.));
#9581 = ORIENTED_EDGE('',*,*,#6756,.T.);
#9582 = ORIENTED_EDGE('',*,*,#9551,.F.);
#9583 = PLANE('',#9584);
#9584 = AXIS2_PLACEMENT_3D('',#9585,#9586,#9587);
#9585 = CARTESIAN_POINT('',(-4.540327296029,-0.517304952362,69.1452485)
  );
#9586 = DIRECTION('',(-0.980546174021,-0.111719124805,-0.161394045012));
#9587 = DIRECTION('',(-0.160356580798,-1.827032457835E-02,0.986890045666
    ));
#9588 = ADVANCED_FACE('',(#9589),#9608,.F.);
#9589 = FACE_BOUND('',#9590,.F.);
#9590 = EDGE_LOOP('',(#9591,#9600,#9606,#9607));
#9591 = ORIENTED_EDGE('',*,*,#9592,.F.);
#9592 = EDGE_CURVE('',#9593,#9568,#9595,.T.);
#9593 = VERTEX_POINT('',#9594);
#9594 = CARTESIAN_POINT('',(-0.588183231204,-33.69486667856,68.7791725)
  );
#9595 = ELLIPSE('',#9596,79.653462252046,33.7);
#9596 = AXIS2_PLACEMENT_3D('',#9597,#9598,#9599);
#9597 = CARTESIAN_POINT('',(0.,0.,59.358588681932));
#9598 = DIRECTION('',(-0.900266597748,-0.102572422448,-0.423082676474));
#9599 = DIRECTION('',(-0.420363039969,-4.789431866636E-02,0.906091081993
    ));
#9600 = ORIENTED_EDGE('',*,*,#9601,.T.);
#9601 = EDGE_CURVE('',#9593,#6739,#9602,.T.);
#9602 = LINE('',#9603,#9604);
#9603 = CARTESIAN_POINT('',(-4.370493574809,-0.497954844024,68.7791725)
  );
#9604 = VECTOR('',#9605,1.);
#9605 = DIRECTION('',(0.113203213768,-0.993571855677,0.));
#9606 = ORIENTED_EDGE('',*,*,#6747,.T.);
#9607 = ORIENTED_EDGE('',*,*,#9576,.F.);
#9608 = PLANE('',#9609);
#9609 = AXIS2_PLACEMENT_3D('',#9610,#9611,#9612);
#9610 = CARTESIAN_POINT('',(-4.370493574809,-0.497954844024,68.7791725)
  );
#9611 = DIRECTION('',(-0.900266597748,-0.102572422448,-0.423082676474));
#9612 = DIRECTION('',(-0.420363039969,-4.789431866636E-02,0.906091081993
    ));
#9613 = ADVANCED_FACE('',(#9614),#9633,.F.);
#9614 = FACE_BOUND('',#9615,.F.);
#9615 = EDGE_LOOP('',(#9616,#9625,#9631,#9632));
#9616 = ORIENTED_EDGE('',*,*,#9617,.F.);
#9617 = EDGE_CURVE('',#9618,#9593,#9620,.T.);
#9618 = VERTEX_POINT('',#9619);
#9619 = CARTESIAN_POINT('',(-0.369413551754,-33.69797521554,68.6075655)
  );
#9620 = ELLIPSE('',#9621,42.963510538691,33.7);
#9621 = AXIS2_PLACEMENT_3D('',#9622,#9623,#9624);
#9622 = CARTESIAN_POINT('',(0.,0.,65.300740999428));
#9623 = DIRECTION('',(-0.61628510574,-7.021681840968E-02,-0.784386554484
    ));
#9624 = DIRECTION('',(-0.779344404507,-8.879507880397E-02,0.62027230564)
  );
#9625 = ORIENTED_EDGE('',*,*,#9626,.T.);
#9626 = EDGE_CURVE('',#9618,#6730,#9627,.T.);
#9627 = LINE('',#9628,#9629);
#9628 = CARTESIAN_POINT('',(-4.15487705605,-0.4733884448,68.6075655));
#9629 = VECTOR('',#9630,1.);
#9630 = DIRECTION('',(0.113203213768,-0.993571855677,0.));
#9631 = ORIENTED_EDGE('',*,*,#6738,.T.);
#9632 = ORIENTED_EDGE('',*,*,#9601,.F.);
#9633 = PLANE('',#9634);
#9634 = AXIS2_PLACEMENT_3D('',#9635,#9636,#9637);
#9635 = CARTESIAN_POINT('',(-4.15487705605,-0.4733884448,68.6075655));
#9636 = DIRECTION('',(-0.61628510574,-7.021681840968E-02,-0.784386554484
    ));
#9637 = DIRECTION('',(-0.779344404507,-8.879507880397E-02,0.62027230564)
  );
#9638 = ADVANCED_FACE('',(#9639),#9658,.F.);
#9639 = FACE_BOUND('',#9640,.F.);
#9640 = EDGE_LOOP('',(#9641,#9650,#9656,#9657));
#9641 = ORIENTED_EDGE('',*,*,#9642,.F.);
#9642 = EDGE_CURVE('',#9643,#9618,#9645,.T.);
#9643 = VERTEX_POINT('',#9644);
#9644 = CARTESIAN_POINT('',(0.381430325796,-33.69784133897,68.469435));
#9645 = ELLIPSE('',#9646,34.272780781011,33.7);
#9646 = AXIS2_PLACEMENT_3D('',#9647,#9648,#9649);
#9647 = CARTESIAN_POINT('',(0.,0.,67.833298529836));
#9648 = DIRECTION('',(-0.180888798978,-2.060967534652E-02,
    -0.983287589511));
#9649 = DIRECTION('',(-0.976966874974,-0.111311315191,0.182059101156));
#9650 = ORIENTED_EDGE('',*,*,#9651,.T.);
#9651 = EDGE_CURVE('',#9643,#6721,#9652,.T.);
#9652 = LINE('',#9653,#9654);
#9653 = CARTESIAN_POINT('',(-3.41364016063,-0.388935168224,68.469435));
#9654 = VECTOR('',#9655,1.);
#9655 = DIRECTION('',(0.113203213768,-0.993571855677,0.));
#9656 = ORIENTED_EDGE('',*,*,#6729,.T.);
#9657 = ORIENTED_EDGE('',*,*,#9626,.F.);
#9658 = PLANE('',#9659);
#9659 = AXIS2_PLACEMENT_3D('',#9660,#9661,#9662);
#9660 = CARTESIAN_POINT('',(-3.41364016063,-0.388935168224,68.469435));
#9661 = DIRECTION('',(-0.180888798978,-2.060967534652E-02,
    -0.983287589511));
#9662 = DIRECTION('',(-0.976966874974,-0.111311315191,0.182059101156));
#9663 = ADVANCED_FACE('',(#9664),#9683,.F.);
#9664 = FACE_BOUND('',#9665,.F.);
#9665 = EDGE_LOOP('',(#9666,#9675,#9681,#9682));
#9666 = ORIENTED_EDGE('',*,*,#9667,.F.);
#9667 = EDGE_CURVE('',#9668,#9643,#9670,.T.);
#9668 = VERTEX_POINT('',#9669);
#9669 = CARTESIAN_POINT('',(5.998625940806,-33.16182273069,68.4143035));
#9670 = ELLIPSE('',#9671,33.701609010728,33.7);
#9671 = AXIS2_PLACEMENT_3D('',#9672,#9673,#9674);
#9672 = CARTESIAN_POINT('',(0.,0.,68.43586099434));
#9673 = DIRECTION('',(-9.708748411737E-03,-1.106172156139E-03,
    -0.999952257154));
#9674 = DIRECTION('',(-0.993524419729,-0.113197809124,9.771561418802E-03
    ));
#9675 = ORIENTED_EDGE('',*,*,#9676,.T.);
#9676 = EDGE_CURVE('',#9668,#6712,#9677,.T.);
#9677 = LINE('',#9678,#9679);
#9678 = CARTESIAN_POINT('',(2.191860250069,0.249730930904,68.4143035));
#9679 = VECTOR('',#9680,1.);
#9680 = DIRECTION('',(0.113203213768,-0.993571855677,0.));
#9681 = ORIENTED_EDGE('',*,*,#6720,.T.);
#9682 = ORIENTED_EDGE('',*,*,#9651,.F.);
#9683 = PLANE('',#9684);
#9684 = AXIS2_PLACEMENT_3D('',#9685,#9686,#9687);
#9685 = CARTESIAN_POINT('',(2.191860250069,0.249730930904,68.4143035));
#9686 = DIRECTION('',(-9.708748411737E-03,-1.106172156139E-03,
    -0.999952257154));
#9687 = DIRECTION('',(-0.993524419729,-0.113197809124,9.771561418802E-03
    ));
#9688 = ADVANCED_FACE('',(#9689),#9708,.F.);
#9689 = FACE_BOUND('',#9690,.F.);
#9690 = EDGE_LOOP('',(#9691,#9700,#9706,#9707));
#9691 = ORIENTED_EDGE('',*,*,#9692,.F.);
#9692 = EDGE_CURVE('',#9693,#9668,#9695,.T.);
#9693 = VERTEX_POINT('',#9694);
#9694 = CARTESIAN_POINT('',(7.434582410735,-32.86969705333,68.319554));
#9695 = ELLIPSE('',#9696,33.770910907081,33.7);
#9696 = AXIS2_PLACEMENT_3D('',#9697,#9698,#9699);
#9697 = CARTESIAN_POINT('',(0.,0.,68.55748881721));
#9698 = DIRECTION('',(-6.435337274289E-02,-7.332140669723E-03,
    -0.997900237063));
#9699 = DIRECTION('',(-0.991485590319,-0.112965513855,6.476972186281E-02
    ));
#9700 = ORIENTED_EDGE('',*,*,#9701,.T.);
#9701 = EDGE_CURVE('',#9693,#6703,#9702,.T.);
#9702 = LINE('',#9703,#9704);
#9703 = CARTESIAN_POINT('',(3.642271973912,0.414984472948,68.319554));
#9704 = VECTOR('',#9705,1.);
#9705 = DIRECTION('',(0.113203213768,-0.993571855677,0.));
#9706 = ORIENTED_EDGE('',*,*,#6711,.T.);
#9707 = ORIENTED_EDGE('',*,*,#9676,.F.);
#9708 = PLANE('',#9709);
#9709 = AXIS2_PLACEMENT_3D('',#9710,#9711,#9712);
#9710 = CARTESIAN_POINT('',(3.642271973912,0.414984472948,68.319554));
#9711 = DIRECTION('',(-6.435337274289E-02,-7.332140669723E-03,
    -0.997900237063));
#9712 = DIRECTION('',(-0.991485590319,-0.112965513855,6.476972186281E-02
    ));
#9713 = ADVANCED_FACE('',(#9714),#9733,.F.);
#9714 = FACE_BOUND('',#9715,.F.);
#9715 = EDGE_LOOP('',(#9716,#9725,#9731,#9732));
#9716 = ORIENTED_EDGE('',*,*,#9717,.F.);
#9717 = EDGE_CURVE('',#9718,#9693,#9720,.T.);
#9718 = VERTEX_POINT('',#9719);
#9719 = CARTESIAN_POINT('',(7.744451510955,-32.79807114442,68.2039305));
#9720 = ELLIPSE('',#9721,35.885247053462,33.7);
#9721 = AXIS2_PLACEMENT_3D('',#9722,#9723,#9724);
#9722 = CARTESIAN_POINT('',(0.,0.,69.660934685372));
#9723 = DIRECTION('',(-0.341422547838,-3.890018567583E-02,
    -0.939104583836));
#9724 = DIRECTION('',(-0.933067884037,-0.106309656954,0.34363146046));
#9725 = ORIENTED_EDGE('',*,*,#9726,.T.);
#9726 = EDGE_CURVE('',#9718,#6694,#9727,.T.);
#9727 = LINE('',#9728,#9729);
#9728 = CARTESIAN_POINT('',(3.956226273514,0.450755047052,68.2039305));
#9729 = VECTOR('',#9730,1.);
#9730 = DIRECTION('',(0.113203213768,-0.993571855677,0.));
#9731 = ORIENTED_EDGE('',*,*,#6702,.T.);
#9732 = ORIENTED_EDGE('',*,*,#9701,.F.);
#9733 = PLANE('',#9734);
#9734 = AXIS2_PLACEMENT_3D('',#9735,#9736,#9737);
#9735 = CARTESIAN_POINT('',(3.956226273514,0.450755047052,68.2039305));
#9736 = DIRECTION('',(-0.341422547838,-3.890018567583E-02,
    -0.939104583836));
#9737 = DIRECTION('',(-0.933067884037,-0.106309656954,0.34363146046));
#9738 = ADVANCED_FACE('',(#9739),#9758,.F.);
#9739 = FACE_BOUND('',#9740,.F.);
#9740 = EDGE_LOOP('',(#9741,#9750,#9756,#9757));
#9741 = ORIENTED_EDGE('',*,*,#9742,.F.);
#9742 = EDGE_CURVE('',#9743,#9718,#9745,.T.);
#9743 = VERTEX_POINT('',#9744);
#9744 = CARTESIAN_POINT('',(8.035870074783,-32.72789012663,67.904701));
#9745 = ELLIPSE('',#9746,47.798537305991,33.7);
#9746 = AXIS2_PLACEMENT_3D('',#9747,#9748,#9749);
#9747 = CARTESIAN_POINT('',(0.,0.,72.209035230072));
#9748 = DIRECTION('',(-0.704606443179,-8.027976371683E-02,
    -0.705042495009));
#9749 = DIRECTION('',(-0.700510380097,-7.981307627797E-02,0.709165058524
    ));
#9750 = ORIENTED_EDGE('',*,*,#9751,.T.);
#9751 = EDGE_CURVE('',#9743,#6685,#9752,.T.);
#9752 = LINE('',#9753,#9754);
#9753 = CARTESIAN_POINT('',(4.251803964859,0.484431871116,67.904701));
#9754 = VECTOR('',#9755,1.);
#9755 = DIRECTION('',(0.113203213768,-0.993571855677,0.));
#9756 = ORIENTED_EDGE('',*,*,#6693,.T.);
#9757 = ORIENTED_EDGE('',*,*,#9726,.F.);
#9758 = PLANE('',#9759);
#9759 = AXIS2_PLACEMENT_3D('',#9760,#9761,#9762);
#9760 = CARTESIAN_POINT('',(4.251803964859,0.484431871116,67.904701));
#9761 = DIRECTION('',(-0.704606443179,-8.027976371683E-02,
    -0.705042495009));
#9762 = DIRECTION('',(-0.700510380097,-7.981307627797E-02,0.709165058524
    ));
#9763 = ADVANCED_FACE('',(#9764),#9783,.F.);
#9764 = FACE_BOUND('',#9765,.F.);
#9765 = EDGE_LOOP('',(#9766,#9775,#9781,#9782));
#9766 = ORIENTED_EDGE('',*,*,#9767,.F.);
#9767 = EDGE_CURVE('',#9768,#9743,#9770,.T.);
#9768 = VERTEX_POINT('',#9769);
#9769 = CARTESIAN_POINT('',(8.163191798295,-32.69636523628,67.6694425));
#9770 = ELLIPSE('',#9771,69.648368681466,33.7);
#9771 = AXIS2_PLACEMENT_3D('',#9772,#9773,#9774);
#9772 = CARTESIAN_POINT('',(0.,0.,75.644602917031));
#9773 = DIRECTION('',(-0.86952032631,-9.906932730874E-02,-0.483859143265
    ));
#9774 = DIRECTION('',(-0.48074882686,-5.477441002855E-02,0.875145890397)
  );
#9775 = ORIENTED_EDGE('',*,*,#9776,.T.);
#9776 = EDGE_CURVE('',#9768,#6676,#9777,.T.);
#9777 = LINE('',#9778,#9779);
#9778 = CARTESIAN_POINT('',(4.381039843271,0.499156439537,67.6694425));
#9779 = VECTOR('',#9780,1.);
#9780 = DIRECTION('',(0.113203213768,-0.993571855677,0.));
#9781 = ORIENTED_EDGE('',*,*,#6684,.T.);
#9782 = ORIENTED_EDGE('',*,*,#9751,.F.);
#9783 = PLANE('',#9784);
#9784 = AXIS2_PLACEMENT_3D('',#9785,#9786,#9787);
#9785 = CARTESIAN_POINT('',(4.381039843271,0.499156439537,67.6694425));
#9786 = DIRECTION('',(-0.86952032631,-9.906932730874E-02,-0.483859143265
    ));
#9787 = DIRECTION('',(-0.48074882686,-5.477441002855E-02,0.875145890397)
  );
#9788 = ADVANCED_FACE('',(#9789),#9808,.F.);
#9789 = FACE_BOUND('',#9790,.F.);
#9790 = EDGE_LOOP('',(#9791,#9800,#9806,#9807));
#9791 = ORIENTED_EDGE('',*,*,#9792,.F.);
#9792 = EDGE_CURVE('',#9793,#9768,#9795,.T.);
#9793 = VERTEX_POINT('',#9794);
#9794 = CARTESIAN_POINT('',(8.202238413782,-32.686591823,67.284587));
#9795 = ELLIPSE('',#9796,326.77944571999,33.7);
#9796 = AXIS2_PLACEMENT_3D('',#9797,#9798,#9799);
#9797 = CARTESIAN_POINT('',(0.,0.,110.19802963879));
#9798 = DIRECTION('',(-0.988274258026,-0.112599628757,-0.103127661306));
#9799 = DIRECTION('',(-0.102464741815,-1.167438268822E-02,0.994668128309
    ));
#9800 = ORIENTED_EDGE('',*,*,#9801,.T.);
#9801 = EDGE_CURVE('',#9793,#6667,#9802,.T.);
#9802 = LINE('',#9803,#9804);
#9803 = CARTESIAN_POINT('',(4.420685347456,0.503673474173,67.284587));
#9804 = VECTOR('',#9805,1.);
#9805 = DIRECTION('',(0.113203213768,-0.993571855677,0.));
#9806 = ORIENTED_EDGE('',*,*,#6675,.T.);
#9807 = ORIENTED_EDGE('',*,*,#9776,.F.);
#9808 = PLANE('',#9809);
#9809 = AXIS2_PLACEMENT_3D('',#9810,#9811,#9812);
#9810 = CARTESIAN_POINT('',(4.420685347456,0.503673474173,67.284587));
#9811 = DIRECTION('',(-0.988274258026,-0.112599628757,-0.103127661306));
#9812 = DIRECTION('',(-0.102464741815,-1.167438268822E-02,0.994668128309
    ));
#9813 = ADVANCED_FACE('',(#9814),#9833,.F.);
#9814 = FACE_BOUND('',#9815,.F.);
#9815 = EDGE_LOOP('',(#9816,#9825,#9831,#9832));
#9816 = ORIENTED_EDGE('',*,*,#9817,.F.);
#9817 = EDGE_CURVE('',#9818,#9793,#9820,.T.);
#9818 = VERTEX_POINT('',#9819);
#9819 = CARTESIAN_POINT('',(7.993080515839,-32.73836684789,66.793764));
#9820 = ELLIPSE('',#9821,84.428296537255,33.7);
#9821 = AXIS2_PLACEMENT_3D('',#9822,#9823,#9824);
#9822 = CARTESIAN_POINT('',(0.,0.,57.064313161156));
#9823 = DIRECTION('',(-0.910989485103,-0.103794141142,0.399155275923));
#9824 = DIRECTION('',(0.396589448201,4.518566002685E-02,0.916883343563)
  );
#9825 = ORIENTED_EDGE('',*,*,#9826,.T.);
#9826 = EDGE_CURVE('',#9818,#6658,#9827,.T.);
#9827 = LINE('',#9828,#9829);
#9828 = CARTESIAN_POINT('',(4.20838437798,0.479484834072,66.793764));
#9829 = VECTOR('',#9830,1.);
#9830 = DIRECTION('',(0.113203213768,-0.993571855677,0.));
#9831 = ORIENTED_EDGE('',*,*,#6666,.T.);
#9832 = ORIENTED_EDGE('',*,*,#9801,.F.);
#9833 = PLANE('',#9834);
#9834 = AXIS2_PLACEMENT_3D('',#9835,#9836,#9837);
#9835 = CARTESIAN_POINT('',(4.20838437798,0.479484834072,66.793764));
#9836 = DIRECTION('',(-0.910989485103,-0.103794141142,0.399155275923));
#9837 = DIRECTION('',(0.396589448201,4.518566002685E-02,0.916883343563)
  );
#9838 = ADVANCED_FACE('',(#9839),#9858,.F.);
#9839 = FACE_BOUND('',#9840,.F.);
#9840 = EDGE_LOOP('',(#9841,#9850,#9856,#9857));
#9841 = ORIENTED_EDGE('',*,*,#9842,.F.);
#9842 = EDGE_CURVE('',#9843,#9818,#9845,.T.);
#9843 = VERTEX_POINT('',#9844);
#9844 = CARTESIAN_POINT('',(7.511794452971,-32.85213758793,66.448704));
#9845 = ELLIPSE('',#9846,41.187710180188,33.7);
#9846 = AXIS2_PLACEMENT_3D('',#9847,#9848,#9849);
#9847 = CARTESIAN_POINT('',(0.,0.,63.817537311646));
#9848 = DIRECTION('',(-0.571230544494,-6.50834995674E-02,0.818205232885)
  );
#9849 = DIRECTION('',(0.812945691562,9.262346188435E-02,0.574926253426)
  );
#9850 = ORIENTED_EDGE('',*,*,#9851,.T.);
#9851 = EDGE_CURVE('',#9843,#6649,#9852,.T.);
#9852 = LINE('',#9853,#9854);
#9853 = CARTESIAN_POINT('',(3.720469556455,0.423893962082,66.448704));
#9854 = VECTOR('',#9855,1.);
#9855 = DIRECTION('',(0.113203213768,-0.993571855677,0.));
#9856 = ORIENTED_EDGE('',*,*,#6657,.T.);
#9857 = ORIENTED_EDGE('',*,*,#9826,.F.);
#9858 = PLANE('',#9859);
#9859 = AXIS2_PLACEMENT_3D('',#9860,#9861,#9862);
#9860 = CARTESIAN_POINT('',(3.720469556455,0.423893962082,66.448704));
#9861 = DIRECTION('',(-0.571230544494,-6.50834995674E-02,0.818205232885)
  );
#9862 = DIRECTION('',(0.812945691562,9.262346188435E-02,0.574926253426)
  );
#9863 = ADVANCED_FACE('',(#9864),#9883,.F.);
#9864 = FACE_BOUND('',#9865,.F.);
#9865 = EDGE_LOOP('',(#9866,#9875,#9881,#9882));
#9866 = ORIENTED_EDGE('',*,*,#9867,.F.);
#9867 = EDGE_CURVE('',#9868,#9843,#9870,.T.);
#9868 = VERTEX_POINT('',#9869);
#9869 = CARTESIAN_POINT('',(6.430511745751,-33.08078775796,66.342204));
#9870 = ELLIPSE('',#9871,33.857517721324,33.7);
#9871 = AXIS2_PLACEMENT_3D('',#9872,#9873,#9874);
#9872 = CARTESIAN_POINT('',(0.,0.,66.086235621064));
#9873 = DIRECTION('',(-9.572948417158E-02,-1.090699701149E-02,
    0.995347629362));
#9874 = DIRECTION('',(0.988949391148,0.11267655046,9.634882834558E-02));
#9875 = ORIENTED_EDGE('',*,*,#9876,.T.);
#9876 = EDGE_CURVE('',#9868,#6640,#9877,.T.);
#9877 = LINE('',#9878,#9879);
#9878 = CARTESIAN_POINT('',(2.62732590369,0.299345975044,66.342204));
#9879 = VECTOR('',#9880,1.);
#9880 = DIRECTION('',(0.113203213768,-0.993571855677,0.));
#9881 = ORIENTED_EDGE('',*,*,#6648,.T.);
#9882 = ORIENTED_EDGE('',*,*,#9851,.F.);
#9883 = PLANE('',#9884);
#9884 = AXIS2_PLACEMENT_3D('',#9885,#9886,#9887);
#9885 = CARTESIAN_POINT('',(2.62732590369,0.299345975044,66.342204));
#9886 = DIRECTION('',(-9.572948417158E-02,-1.090699701149E-02,
    0.995347629362));
#9887 = DIRECTION('',(0.988949391148,0.11267655046,9.634882834558E-02));
#9888 = ADVANCED_FACE('',(#9889),#9908,.F.);
#9889 = FACE_BOUND('',#9890,.F.);
#9890 = EDGE_LOOP('',(#9891,#9900,#9906,#9907));
#9891 = ORIENTED_EDGE('',*,*,#9892,.F.);
#9892 = EDGE_CURVE('',#9893,#9868,#9895,.T.);
#9893 = VERTEX_POINT('',#9894);
#9894 = CARTESIAN_POINT('',(1.915453841135,-33.64552030482,66.2556195));
#9895 = ELLIPSE('',#9896,33.706101336511,33.7);
#9896 = AXIS2_PLACEMENT_3D('',#9897,#9898,#9899);
#9897 = CARTESIAN_POINT('',(0.,0.,66.291883278478));
#9898 = DIRECTION('',(-1.890396274028E-02,-2.153834494126E-03,
    0.999818984211));
#9899 = DIRECTION('',(0.993392003484,0.113182722199,1.902626632616E-02)
  );
#9900 = ORIENTED_EDGE('',*,*,#9901,.T.);
#9901 = EDGE_CURVE('',#9893,#6631,#9902,.T.);
#9902 = LINE('',#9903,#9904);
#9903 = CARTESIAN_POINT('',(-1.893390271052,-0.215724572285,66.2556195)
  );
#9904 = VECTOR('',#9905,1.);
#9905 = DIRECTION('',(0.113203213768,-0.993571855677,0.));
#9906 = ORIENTED_EDGE('',*,*,#6639,.T.);
#9907 = ORIENTED_EDGE('',*,*,#9876,.F.);
#9908 = PLANE('',#9909);
#9909 = AXIS2_PLACEMENT_3D('',#9910,#9911,#9912);
#9910 = CARTESIAN_POINT('',(-1.893390271052,-0.215724572285,66.2556195)
  );
#9911 = DIRECTION('',(-1.890396274028E-02,-2.153834494126E-03,
    0.999818984211));
#9912 = DIRECTION('',(0.993392003484,0.113182722199,1.902626632616E-02)
  );
#9913 = ADVANCED_FACE('',(#9914),#9933,.F.);
#9914 = FACE_BOUND('',#9915,.F.);
#9915 = EDGE_LOOP('',(#9916,#9925,#9931,#9932));
#9916 = ORIENTED_EDGE('',*,*,#9917,.F.);
#9917 = EDGE_CURVE('',#9918,#9893,#9920,.T.);
#9918 = VERTEX_POINT('',#9919);
#9919 = CARTESIAN_POINT('',(1.574889838469,-33.66318050922,65.8663975));
#9920 = ELLIPSE('',#9921,51.193187940822,33.7);
#9921 = AXIS2_PLACEMENT_3D('',#9922,#9923,#9924);
#9922 = CARTESIAN_POINT('',(0.,0.,68.434743087818));
#9923 = DIRECTION('',(-0.74792492795,-8.521528162994E-02,0.658290709283)
  );
#9924 = DIRECTION('',(0.654059121597,7.452062388434E-02,0.752763802313)
  );
#9925 = ORIENTED_EDGE('',*,*,#9926,.T.);
#9926 = EDGE_CURVE('',#9918,#6622,#9927,.T.);
#9927 = LINE('',#9928,#9929);
#9928 = CARTESIAN_POINT('',(-2.231576297856,-0.254256002968,65.8663975)
  );
#9929 = VECTOR('',#9930,1.);
#9930 = DIRECTION('',(0.113203213768,-0.993571855677,0.));
#9931 = ORIENTED_EDGE('',*,*,#6630,.T.);
#9932 = ORIENTED_EDGE('',*,*,#9901,.F.);
#9933 = PLANE('',#9934);
#9934 = AXIS2_PLACEMENT_3D('',#9935,#9936,#9937);
#9935 = CARTESIAN_POINT('',(-2.231576297856,-0.254256002968,65.8663975)
  );
#9936 = DIRECTION('',(-0.74792492795,-8.521528162994E-02,0.658290709283)
  );
#9937 = DIRECTION('',(0.654059121597,7.452062388434E-02,0.752763802313)
  );
#9938 = ADVANCED_FACE('',(#9939),#9958,.F.);
#9939 = FACE_BOUND('',#9940,.F.);
#9940 = EDGE_LOOP('',(#9941,#9950,#9956,#9957));
#9941 = ORIENTED_EDGE('',*,*,#9942,.F.);
#9942 = EDGE_CURVE('',#9943,#9918,#9945,.T.);
#9943 = VERTEX_POINT('',#9944);
#9944 = CARTESIAN_POINT('',(1.39816666023,-33.67098350197,65.4804415));
#9945 = ELLIPSE('',#9946,81.043709038346,33.7);
#9946 = AXIS2_PLACEMENT_3D('',#9947,#9948,#9949);
#9947 = CARTESIAN_POINT('',(0.,0.,70.778621239288));
#9948 = DIRECTION('',(-0.903598609165,-0.102952057196,0.415824996164));
#9949 = DIRECTION('',(0.413152013076,4.707272593081E-02,0.909444650633)
  );
#9950 = ORIENTED_EDGE('',*,*,#9951,.T.);
#9951 = EDGE_CURVE('',#9943,#6613,#9952,.T.);
#9952 = LINE('',#9953,#9954);
#9953 = CARTESIAN_POINT('',(-2.406912420013,-0.274233030703,65.4804415)
  );
#9954 = VECTOR('',#9955,1.);
#9955 = DIRECTION('',(0.113203213768,-0.993571855677,0.));
#9956 = ORIENTED_EDGE('',*,*,#6621,.T.);
#9957 = ORIENTED_EDGE('',*,*,#9926,.F.);
#9958 = PLANE('',#9959);
#9959 = AXIS2_PLACEMENT_3D('',#9960,#9961,#9962);
#9960 = CARTESIAN_POINT('',(-2.406912420013,-0.274233030703,65.4804415)
  );
#9961 = DIRECTION('',(-0.903598609165,-0.102952057196,0.415824996164));
#9962 = DIRECTION('',(0.413152013076,4.707272593081E-02,0.909444650633)
  );
#9963 = ADVANCED_FACE('',(#9964),#9983,.F.);
#9964 = FACE_BOUND('',#9965,.F.);
#9965 = EDGE_LOOP('',(#9966,#9975,#9981,#9982));
#9966 = ORIENTED_EDGE('',*,*,#9967,.F.);
#9967 = EDGE_CURVE('',#9968,#9943,#9970,.T.);
#9968 = VERTEX_POINT('',#9969);
#9969 = CARTESIAN_POINT('',(1.39859339709,-33.67096577928,65.058453));
#9970 = ELLIPSE('',#9971,3.338267534351E+04,33.7);
#9971 = AXIS2_PLACEMENT_3D('',#9972,#9973,#9974);
#9972 = CARTESIAN_POINT('',(0.,0.,-2.334192329458E+03));
#9973 = DIRECTION('',(-0.993571349401,-0.113203156085,
    -1.009505668831E-03));
#9974 = DIRECTION('',(-1.003016420696E-03,-1.142792860285E-04,
    0.999999490449));
#9975 = ORIENTED_EDGE('',*,*,#9976,.T.);
#9976 = EDGE_CURVE('',#9968,#6604,#9977,.T.);
#9977 = LINE('',#9978,#9979);
#9978 = CARTESIAN_POINT('',(-2.406489158402,-0.274184806134,65.058453));
#9979 = VECTOR('',#9980,1.);
#9980 = DIRECTION('',(0.113203213768,-0.993571855677,0.));
#9981 = ORIENTED_EDGE('',*,*,#6612,.T.);
#9982 = ORIENTED_EDGE('',*,*,#9951,.F.);
#9983 = PLANE('',#9984);
#9984 = AXIS2_PLACEMENT_3D('',#9985,#9986,#9987);
#9985 = CARTESIAN_POINT('',(-2.406489158402,-0.274184806134,65.058453));
#9986 = DIRECTION('',(-0.993571349401,-0.113203156085,
    -1.009505668831E-03));
#9987 = DIRECTION('',(-1.003016420696E-03,-1.142792860285E-04,
    0.999999490449));
#9988 = ADVANCED_FACE('',(#9989),#10008,.F.);
#9989 = FACE_BOUND('',#9990,.F.);
#9990 = EDGE_LOOP('',(#9991,#10000,#10006,#10007));
#9991 = ORIENTED_EDGE('',*,*,#9992,.F.);
#9992 = EDGE_CURVE('',#9993,#9968,#9995,.T.);
#9993 = VERTEX_POINT('',#9994);
#9994 = CARTESIAN_POINT('',(1.516704764273,-33.66585223424,64.732421));
#9995 = ELLIPSE('',#9996,99.074625143695,33.7);
#9996 = AXIS2_PLACEMENT_3D('',#9997,#9998,#9999);
#9997 = CARTESIAN_POINT('',(0.,0.,58.362430945816));
#9998 = DIRECTION('',(-0.934327197503,-0.1064531376,-0.340147640742));
#9999 = DIRECTION('',(-0.337961122616,-3.850580608754E-02,0.940372044724
    ));
#10000 = ORIENTED_EDGE('',*,*,#10001,.T.);
#10001 = EDGE_CURVE('',#9993,#6595,#10002,.T.);
#10002 = LINE('',#10003,#10004);
#10003 = CARTESIAN_POINT('',(-2.28931623589,-0.260834637931,64.732421));
#10004 = VECTOR('',#10005,1.);
#10005 = DIRECTION('',(0.113203213768,-0.993571855677,0.));
#10006 = ORIENTED_EDGE('',*,*,#6603,.T.);
#10007 = ORIENTED_EDGE('',*,*,#9976,.F.);
#10008 = PLANE('',#10009);
#10009 = AXIS2_PLACEMENT_3D('',#10010,#10011,#10012);
#10010 = CARTESIAN_POINT('',(-2.28931623589,-0.260834637931,64.732421));
#10011 = DIRECTION('',(-0.934327197503,-0.1064531376,-0.340147640742));
#10012 = DIRECTION('',(-0.337961122616,-3.850580608754E-02,
    0.940372044724));
#10013 = ADVANCED_FACE('',(#10014),#10033,.F.);
#10014 = FACE_BOUND('',#10015,.F.);
#10015 = EDGE_LOOP('',(#10016,#10025,#10031,#10032));
#10016 = ORIENTED_EDGE('',*,*,#10017,.F.);
#10017 = EDGE_CURVE('',#10018,#9993,#10020,.T.);
#10018 = VERTEX_POINT('',#10019);
#10019 = CARTESIAN_POINT('',(1.720391374975,-33.65605819933,64.4497345)
  );
#10020 = ELLIPSE('',#10021,57.68439765891,33.7);
#10021 = AXIS2_PLACEMENT_3D('',#10022,#10023,#10024);
#10022 = CARTESIAN_POINT('',(0.,0.,61.531484628315));
#10023 = DIRECTION('',(-0.806382981993,-9.187573557748E-02,
    -0.584213433228));
#10024 = DIRECTION('',(-0.580458024964,-6.613483816779E-02,0.81160006434
    ));
#10025 = ORIENTED_EDGE('',*,*,#10026,.T.);
#10026 = EDGE_CURVE('',#10018,#6586,#10027,.T.);
#10027 = LINE('',#10028,#10029);
#10028 = CARTESIAN_POINT('',(-2.087138273266,-0.237799368774,64.4497345)
  );
#10029 = VECTOR('',#10030,1.);
#10030 = DIRECTION('',(0.113203213768,-0.993571855677,0.));
#10031 = ORIENTED_EDGE('',*,*,#6594,.T.);
#10032 = ORIENTED_EDGE('',*,*,#10001,.F.);
#10033 = PLANE('',#10034);
#10034 = AXIS2_PLACEMENT_3D('',#10035,#10036,#10037);
#10035 = CARTESIAN_POINT('',(-2.087138273266,-0.237799368774,64.4497345)
  );
#10036 = DIRECTION('',(-0.806382981993,-9.187573557748E-02,
    -0.584213433228));
#10037 = DIRECTION('',(-0.580458024964,-6.613483816779E-02,0.81160006434
    ));
#10038 = ADVANCED_FACE('',(#10039),#10058,.F.);
#10039 = FACE_BOUND('',#10040,.F.);
#10040 = EDGE_LOOP('',(#10041,#10050,#10056,#10057));
#10041 = ORIENTED_EDGE('',*,*,#10042,.F.);
#10042 = EDGE_CURVE('',#10043,#10018,#10045,.T.);
#10043 = VERTEX_POINT('',#10044);
#10044 = CARTESIAN_POINT('',(1.954820073439,-33.6432560624,64.3349985));
#10045 = ELLIPSE('',#10046,37.52155416564,33.7);
#10046 = AXIS2_PLACEMENT_3D('',#10047,#10048,#10049);
#10047 = CARTESIAN_POINT('',(0.,0.,63.421368349137));
#10048 = DIRECTION('',(-0.436861925035,-4.977412917272E-02,
    -0.898150429783));
#10049 = DIRECTION('',(-0.892376989196,-0.101673515098,0.439688304917));
#10050 = ORIENTED_EDGE('',*,*,#10051,.T.);
#10051 = EDGE_CURVE('',#10043,#6577,#10052,.T.);
#10052 = LINE('',#10053,#10054);
#10053 = CARTESIAN_POINT('',(-1.854273843879,-0.21126781836,64.3349985)
  );
#10054 = VECTOR('',#10055,1.);
#10055 = DIRECTION('',(0.113203213768,-0.993571855677,0.));
#10056 = ORIENTED_EDGE('',*,*,#6585,.T.);
#10057 = ORIENTED_EDGE('',*,*,#10026,.F.);
#10058 = PLANE('',#10059);
#10059 = AXIS2_PLACEMENT_3D('',#10060,#10061,#10062);
#10060 = CARTESIAN_POINT('',(-1.854273843879,-0.21126781836,64.3349985)
  );
#10061 = DIRECTION('',(-0.436861925035,-4.977412917272E-02,
    -0.898150429783));
#10062 = DIRECTION('',(-0.892376989196,-0.101673515098,0.439688304917));
#10063 = ADVANCED_FACE('',(#10064),#10083,.F.);
#10064 = FACE_BOUND('',#10065,.F.);
#10065 = EDGE_LOOP('',(#10066,#10075,#10081,#10082));
#10066 = ORIENTED_EDGE('',*,*,#10067,.F.);
#10067 = EDGE_CURVE('',#10068,#10043,#10070,.T.);
#10068 = VERTEX_POINT('',#10069);
#10069 = CARTESIAN_POINT('',(3.00607852452,-33.56565941411,64.220582));
#10070 = ELLIPSE('',#10071,33.898248484884,33.7);
#10071 = AXIS2_PLACEMENT_3D('',#10072,#10073,#10074);
#10072 = CARTESIAN_POINT('',(0.,0.,64.132268812723));
#10073 = DIRECTION('',(-0.107298754843,-1.222514890301E-02,
    -0.994151659931));
#10074 = DIRECTION('',(-0.987761109582,-0.112541162877,0.107992949105));
#10075 = ORIENTED_EDGE('',*,*,#10076,.T.);
#10076 = EDGE_CURVE('',#10068,#6568,#10077,.T.);
#10077 = LINE('',#10078,#10079);
#10078 = CARTESIAN_POINT('',(-0.807759511873,-9.203257134671E-02,
    64.220582));
#10079 = VECTOR('',#10080,1.);
#10080 = DIRECTION('',(0.113203213768,-0.993571855677,0.));
#10081 = ORIENTED_EDGE('',*,*,#6576,.T.);
#10082 = ORIENTED_EDGE('',*,*,#10051,.F.);
#10083 = PLANE('',#10084);
#10084 = AXIS2_PLACEMENT_3D('',#10085,#10086,#10087);
#10085 = CARTESIAN_POINT('',(-0.807759511873,-9.203257134671E-02,
    64.220582));
#10086 = DIRECTION('',(-0.107298754843,-1.222514890301E-02,
    -0.994151659931));
#10087 = DIRECTION('',(-0.987761109582,-0.112541162877,0.107992949105));
#10088 = ADVANCED_FACE('',(#10089),#10108,.F.);
#10089 = FACE_BOUND('',#10090,.F.);
#10090 = EDGE_LOOP('',(#10091,#10100,#10106,#10107));
#10091 = ORIENTED_EDGE('',*,*,#10092,.F.);
#10092 = EDGE_CURVE('',#10093,#10068,#10095,.T.);
#10093 = VERTEX_POINT('',#10094);
#10094 = CARTESIAN_POINT('',(6.645581814754,-33.03825422663,64.1173125)
  );
#10095 = ELLIPSE('',#10096,33.713296942798,33.7);
#10096 = AXIS2_PLACEMENT_3D('',#10097,#10098,#10099);
#10097 = CARTESIAN_POINT('',(0.,0.,64.197741711625));
#10098 = DIRECTION('',(-2.790273272964E-02,-3.17911482683E-03,
    -0.999605587587));
#10099 = DIRECTION('',(-0.993179978603,-0.113158565015,
    2.808325595197E-02));
#10100 = ORIENTED_EDGE('',*,*,#10101,.T.);
#10101 = EDGE_CURVE('',#10093,#6559,#10102,.T.);
#10102 = LINE('',#10103,#10104);
#10103 = CARTESIAN_POINT('',(2.844423838085,0.32408116026,64.1173125));
#10104 = VECTOR('',#10105,1.);
#10105 = DIRECTION('',(0.113203213768,-0.993571855677,0.));
#10106 = ORIENTED_EDGE('',*,*,#6567,.T.);
#10107 = ORIENTED_EDGE('',*,*,#10076,.F.);
#10108 = PLANE('',#10109);
#10109 = AXIS2_PLACEMENT_3D('',#10110,#10111,#10112);
#10110 = CARTESIAN_POINT('',(2.844423838085,0.32408116026,64.1173125));
#10111 = DIRECTION('',(-2.790273272964E-02,-3.17911482683E-03,
    -0.999605587587));
#10112 = DIRECTION('',(-0.993179978603,-0.113158565015,
    2.808325595197E-02));
#10113 = ADVANCED_FACE('',(#10114),#10133,.F.);
#10114 = FACE_BOUND('',#10115,.F.);
#10115 = EDGE_LOOP('',(#10116,#10125,#10131,#10132));
#10116 = ORIENTED_EDGE('',*,*,#10117,.F.);
#10117 = EDGE_CURVE('',#10118,#10093,#10120,.T.);
#10118 = VERTEX_POINT('',#10119);
#10119 = CARTESIAN_POINT('',(7.241163392723,-32.91284783667,64.0260065)
  );
#10120 = ELLIPSE('',#10121,34.08043565904,33.7);
#10121 = AXIS2_PLACEMENT_3D('',#10122,#10123,#10124);
#10122 = CARTESIAN_POINT('',(0.,0.,64.548690422433));
#10123 = DIRECTION('',(-0.148042677076,-1.686733246729E-02,
    -0.988837124535));
#10124 = DIRECTION('',(-0.982480736787,-0.11193954039,0.149000473625));
#10125 = ORIENTED_EDGE('',*,*,#10126,.T.);
#10126 = EDGE_CURVE('',#10118,#6550,#10127,.T.);
#10127 = LINE('',#10128,#10129);
#10128 = CARTESIAN_POINT('',(3.446478207246,0.392676591041,64.0260065));
#10129 = VECTOR('',#10130,1.);
#10130 = DIRECTION('',(0.113203213768,-0.993571855677,0.));
#10131 = ORIENTED_EDGE('',*,*,#6558,.T.);
#10132 = ORIENTED_EDGE('',*,*,#10101,.F.);
#10133 = PLANE('',#10134);
#10134 = AXIS2_PLACEMENT_3D('',#10135,#10136,#10137);
#10135 = CARTESIAN_POINT('',(3.446478207246,0.392676591041,64.0260065));
#10136 = DIRECTION('',(-0.148042677076,-1.686733246729E-02,
    -0.988837124535));
#10137 = DIRECTION('',(-0.982480736787,-0.11193954039,0.149000473625));
#10138 = ADVANCED_FACE('',(#10139),#10158,.F.);
#10139 = FACE_BOUND('',#10140,.F.);
#10140 = EDGE_LOOP('',(#10141,#10150,#10156,#10157));
#10141 = ORIENTED_EDGE('',*,*,#10142,.F.);
#10142 = EDGE_CURVE('',#10143,#10118,#10145,.T.);
#10143 = VERTEX_POINT('',#10144);
#10144 = CARTESIAN_POINT('',(7.588985296442,-32.83439206335,63.6881885)
  );
#10145 = ELLIPSE('',#10146,46.553172099992,33.7);
#10146 = AXIS2_PLACEMENT_3D('',#10147,#10148,#10149);
#10147 = CARTESIAN_POINT('',(0.,0.,67.331852510616));
#10148 = DIRECTION('',(-0.685466550998,-7.809904845844E-02,
    -0.723903409366));
#10149 = DIRECTION('',(-0.719250053775,-8.194819239781E-02,
    0.689901336357));
#10150 = ORIENTED_EDGE('',*,*,#10151,.T.);
#10151 = EDGE_CURVE('',#10143,#6541,#10152,.T.);
#10152 = LINE('',#10153,#10154);
#10153 = CARTESIAN_POINT('',(3.798667138998,0.432803451217,63.6881885));
#10154 = VECTOR('',#10155,1.);
#10155 = DIRECTION('',(0.113203213768,-0.993571855677,0.));
#10156 = ORIENTED_EDGE('',*,*,#6549,.T.);
#10157 = ORIENTED_EDGE('',*,*,#10126,.F.);
#10158 = PLANE('',#10159);
#10159 = AXIS2_PLACEMENT_3D('',#10160,#10161,#10162);
#10160 = CARTESIAN_POINT('',(3.798667138998,0.432803451217,63.6881885));
#10161 = DIRECTION('',(-0.685466550998,-7.809904845844E-02,
    -0.723903409366));
#10162 = DIRECTION('',(-0.719250053775,-8.194819239781E-02,
    0.689901336357));
#10163 = ADVANCED_FACE('',(#10164),#10183,.F.);
#10164 = FACE_BOUND('',#10165,.F.);
#10165 = EDGE_LOOP('',(#10166,#10175,#10181,#10182));
#10166 = ORIENTED_EDGE('',*,*,#10167,.F.);
#10167 = EDGE_CURVE('',#10168,#10143,#10170,.T.);
#10168 = VERTEX_POINT('',#10169);
#10169 = CARTESIAN_POINT('',(7.778825497344,-32.78993555775,63.18384));
#10170 = ELLIPSE('',#10171,94.015737008719,33.7);
#10171 = AXIS2_PLACEMENT_3D('',#10172,#10173,#10174);
#10172 = CARTESIAN_POINT('',(0.,0.,73.645442469661));
#10173 = DIRECTION('',(-0.92754769922,-0.105680711339,-0.358450628291));
#10174 = DIRECTION('',(-0.356146455919,-4.057776309965E-02,0.9335486849)
  );
#10175 = ORIENTED_EDGE('',*,*,#10176,.T.);
#10176 = EDGE_CURVE('',#10168,#6532,#10177,.T.);
#10177 = LINE('',#10178,#10179);
#10178 = CARTESIAN_POINT('',(3.99107481278,0.454725536571,63.18384));
#10179 = VECTOR('',#10180,1.);
#10180 = DIRECTION('',(0.113203213768,-0.993571855677,0.));
#10181 = ORIENTED_EDGE('',*,*,#6540,.T.);
#10182 = ORIENTED_EDGE('',*,*,#10151,.F.);
#10183 = PLANE('',#10184);
#10184 = AXIS2_PLACEMENT_3D('',#10185,#10186,#10187);
#10185 = CARTESIAN_POINT('',(3.99107481278,0.454725536571,63.18384));
#10186 = DIRECTION('',(-0.92754769922,-0.105680711339,-0.358450628291));
#10187 = DIRECTION('',(-0.356146455919,-4.057776309965E-02,0.9335486849)
  );
#10188 = ADVANCED_FACE('',(#10189),#10208,.F.);
#10189 = FACE_BOUND('',#10190,.F.);
#10190 = EDGE_LOOP('',(#10191,#10200,#10206,#10207));
#10191 = ORIENTED_EDGE('',*,*,#10192,.F.);
#10192 = EDGE_CURVE('',#10193,#10168,#10195,.T.);
#10193 = VERTEX_POINT('',#10194);
#10194 = CARTESIAN_POINT('',(7.657558366442,-32.81846736007,62.6982355)
  );
#10195 = ELLIPSE('',#10196,136.50151492613,33.7);
#10196 = AXIS2_PLACEMENT_3D('',#10197,#10198,#10199);
#10197 = CARTESIAN_POINT('',(0.,0.,47.417090965854));
#10198 = DIRECTION('',(-0.962815953335,-0.109699021326,0.246883706882));
#10199 = DIRECTION('',(0.245296702783,2.7948029046E-02,0.969045115191));
#10200 = ORIENTED_EDGE('',*,*,#10201,.T.);
#10201 = EDGE_CURVE('',#10193,#6523,#10202,.T.);
#10202 = LINE('',#10203,#10204);
#10203 = CARTESIAN_POINT('',(3.868152586725,0.440720317972,62.6982355));
#10204 = VECTOR('',#10205,1.);
#10205 = DIRECTION('',(0.113203213768,-0.993571855677,0.));
#10206 = ORIENTED_EDGE('',*,*,#6531,.T.);
#10207 = ORIENTED_EDGE('',*,*,#10176,.F.);
#10208 = PLANE('',#10209);
#10209 = AXIS2_PLACEMENT_3D('',#10210,#10211,#10212);
#10210 = CARTESIAN_POINT('',(3.868152586725,0.440720317972,62.6982355));
#10211 = DIRECTION('',(-0.962815953335,-0.109699021326,0.246883706882));
#10212 = DIRECTION('',(0.245296702783,2.7948029046E-02,0.969045115191));
#10213 = ADVANCED_FACE('',(#10214),#10233,.F.);
#10214 = FACE_BOUND('',#10215,.F.);
#10215 = EDGE_LOOP('',(#10216,#10225,#10231,#10232));
#10216 = ORIENTED_EDGE('',*,*,#10217,.F.);
#10217 = EDGE_CURVE('',#10218,#10193,#10220,.T.);
#10218 = VERTEX_POINT('',#10219);
#10219 = CARTESIAN_POINT('',(7.408596508667,-32.8755638396,62.419099));
#10220 = ELLIPSE('',#10221,50.091676980377,33.7);
#10221 = AXIS2_PLACEMENT_3D('',#10222,#10223,#10224);
#10222 = CARTESIAN_POINT('',(0.,0.,58.416828150979));
#10223 = DIRECTION('',(-0.735099021067,-8.375395412721E-02,
    0.672766456056));
#10224 = DIRECTION('',(0.668441816181,7.615932494081E-02,0.739854915241)
  );
#10225 = ORIENTED_EDGE('',*,*,#10226,.T.);
#10226 = EDGE_CURVE('',#10218,#6514,#10227,.T.);
#10227 = LINE('',#10228,#10229);
#10228 = CARTESIAN_POINT('',(3.615959210458,0.411986512237,62.419099));
#10229 = VECTOR('',#10230,1.);
#10230 = DIRECTION('',(0.113203213768,-0.993571855677,0.));
#10231 = ORIENTED_EDGE('',*,*,#6522,.T.);
#10232 = ORIENTED_EDGE('',*,*,#10201,.F.);
#10233 = PLANE('',#10234);
#10234 = AXIS2_PLACEMENT_3D('',#10235,#10236,#10237);
#10235 = CARTESIAN_POINT('',(3.615959210458,0.411986512237,62.419099));
#10236 = DIRECTION('',(-0.735099021067,-8.375395412721E-02,
    0.672766456056));
#10237 = DIRECTION('',(0.668441816181,7.615932494081E-02,0.739854915241)
  );
#10238 = ADVANCED_FACE('',(#10239),#10258,.F.);
#10239 = FACE_BOUND('',#10240,.F.);
#10240 = EDGE_LOOP('',(#10241,#10250,#10256,#10257));
#10241 = ORIENTED_EDGE('',*,*,#10242,.F.);
#10242 = EDGE_CURVE('',#10243,#10218,#10245,.T.);
#10243 = VERTEX_POINT('',#10244);
#10244 = CARTESIAN_POINT('',(6.938521712138,-32.97797623339,62.166552));
#10245 = ELLIPSE('',#10246,38.103221423713,33.7);
#10246 = AXIS2_PLACEMENT_3D('',#10247,#10248,#10249);
#10247 = CARTESIAN_POINT('',(0.,0.,60.49887643833));
#10248 = DIRECTION('',(-0.463654857128,-5.282679818889E-02,
    0.884439654728));
#10249 = DIRECTION('',(0.878754348982,0.100121411299,0.466654580118));
#10250 = ORIENTED_EDGE('',*,*,#10251,.T.);
#10251 = EDGE_CURVE('',#10243,#6505,#10252,.T.);
#10252 = LINE('',#10253,#10254);
#10253 = CARTESIAN_POINT('',(3.14038951924,0.357802190179,62.166552));
#10254 = VECTOR('',#10255,1.);
#10255 = DIRECTION('',(0.113203213768,-0.993571855677,0.));
#10256 = ORIENTED_EDGE('',*,*,#6513,.T.);
#10257 = ORIENTED_EDGE('',*,*,#10226,.F.);
#10258 = PLANE('',#10259);
#10259 = AXIS2_PLACEMENT_3D('',#10260,#10261,#10262);
#10260 = CARTESIAN_POINT('',(3.14038951924,0.357802190179,62.166552));
#10261 = DIRECTION('',(-0.463654857128,-5.282679818889E-02,
    0.884439654728));
#10262 = DIRECTION('',(0.878754348982,0.100121411299,0.466654580118));
#10263 = ADVANCED_FACE('',(#10264),#10283,.F.);
#10264 = FACE_BOUND('',#10265,.F.);
#10265 = EDGE_LOOP('',(#10266,#10275,#10281,#10282));
#10266 = ORIENTED_EDGE('',*,*,#10267,.F.);
#10267 = EDGE_CURVE('',#10268,#10243,#10270,.T.);
#10268 = VERTEX_POINT('',#10269);
#10269 = CARTESIAN_POINT('',(6.363459256423,-33.09375146899,62.081636));
#10270 = ELLIPSE('',#10271,34.053816169232,33.7);
#10271 = AXIS2_PLACEMENT_3D('',#10272,#10273,#10274);
#10272 = CARTESIAN_POINT('',(0.,0.,61.707343354227));
#10273 = DIRECTION('',(-0.142852949751,-1.62760377276E-02,0.989610087531
    ));
#10274 = DIRECTION('',(0.983248731065,0.112027042286,0.143777170151));
#10275 = ORIENTED_EDGE('',*,*,#10276,.T.);
#10276 = EDGE_CURVE('',#10268,#6496,#10277,.T.);
#10277 = LINE('',#10278,#10279);
#10278 = CARTESIAN_POINT('',(2.559674589609,0.291638081421,62.081636));
#10279 = VECTOR('',#10280,1.);
#10280 = DIRECTION('',(0.113203213768,-0.993571855677,0.));
#10281 = ORIENTED_EDGE('',*,*,#6504,.T.);
#10282 = ORIENTED_EDGE('',*,*,#10251,.F.);
#10283 = PLANE('',#10284);
#10284 = AXIS2_PLACEMENT_3D('',#10285,#10286,#10287);
#10285 = CARTESIAN_POINT('',(2.559674589609,0.291638081421,62.081636));
#10286 = DIRECTION('',(-0.142852949751,-1.62760377276E-02,0.989610087531
    ));
#10287 = DIRECTION('',(0.983248731065,0.112027042286,0.143777170151));
#10288 = ADVANCED_FACE('',(#10289),#10308,.F.);
#10289 = FACE_BOUND('',#10290,.F.);
#10290 = EDGE_LOOP('',(#10291,#10300,#10306,#10307));
#10291 = ORIENTED_EDGE('',*,*,#10292,.F.);
#10292 = EDGE_CURVE('',#10293,#10268,#10295,.T.);
#10293 = VERTEX_POINT('',#10294);
#10294 = CARTESIAN_POINT('',(-0.420360632051,-33.69737819087,62.0791155)
  );
#10295 = ELLIPSE('',#10296,33.700002309217,33.7);
#10296 = AXIS2_PLACEMENT_3D('',#10297,#10298,#10299);
#10297 = CARTESIAN_POINT('',(0.,0.,62.080682286642));
#10298 = DIRECTION('',(-3.678168669862E-04,-4.190743848367E-05,
    0.999999931477));
#10299 = DIRECTION('',(0.993571787594,0.113203206011,3.701965437977E-04)
  );
#10300 = ORIENTED_EDGE('',*,*,#10301,.T.);
#10301 = EDGE_CURVE('',#10293,#6487,#10302,.T.);
#10302 = LINE('',#10303,#10304);
#10303 = CARTESIAN_POINT('',(-4.205104100499,-0.479111093662,62.0791155)
  );
#10304 = VECTOR('',#10305,1.);
#10305 = DIRECTION('',(0.113203213768,-0.993571855677,0.));
#10306 = ORIENTED_EDGE('',*,*,#6495,.T.);
#10307 = ORIENTED_EDGE('',*,*,#10276,.F.);
#10308 = PLANE('',#10309);
#10309 = AXIS2_PLACEMENT_3D('',#10310,#10311,#10312);
#10310 = CARTESIAN_POINT('',(-4.205104100499,-0.479111093662,62.0791155)
  );
#10311 = DIRECTION('',(-3.678168669862E-04,-4.190743848367E-05,
    0.999999931477));
#10312 = DIRECTION('',(0.993571787594,0.113203206011,3.701965437977E-04)
  );
#10313 = ADVANCED_FACE('',(#10314),#10333,.F.);
#10314 = FACE_BOUND('',#10315,.F.);
#10315 = EDGE_LOOP('',(#10316,#10325,#10331,#10332));
#10316 = ORIENTED_EDGE('',*,*,#10317,.F.);
#10317 = EDGE_CURVE('',#10318,#10293,#10320,.T.);
#10318 = VERTEX_POINT('',#10319);
#10319 = CARTESIAN_POINT('',(-1.654076367335,-33.65938251618,62.0047785)
  );
#10320 = ELLIPSE('',#10321,33.762349479924,33.7);
#10321 = AXIS2_PLACEMENT_3D('',#10322,#10323,#10324);
#10322 = CARTESIAN_POINT('',(0.,0.,62.3366851681));
#10323 = DIRECTION('',(-6.035507148674E-02,-6.876591783931E-03,
    0.998153283735));
#10324 = DIRECTION('',(0.99173701037,0.112994159552,6.074555266628E-02)
  );
#10325 = ORIENTED_EDGE('',*,*,#10326,.T.);
#10326 = EDGE_CURVE('',#10318,#6478,#10327,.T.);
#10327 = LINE('',#10328,#10329);
#10328 = CARTESIAN_POINT('',(-5.418736225058,-0.617387008028,62.0047785)
  );
#10329 = VECTOR('',#10330,1.);
#10330 = DIRECTION('',(0.113203213768,-0.993571855677,0.));
#10331 = ORIENTED_EDGE('',*,*,#6486,.T.);
#10332 = ORIENTED_EDGE('',*,*,#10301,.F.);
#10333 = PLANE('',#10334);
#10334 = AXIS2_PLACEMENT_3D('',#10335,#10336,#10337);
#10335 = CARTESIAN_POINT('',(-5.418736225058,-0.617387008028,62.0047785)
  );
#10336 = DIRECTION('',(-6.035507148674E-02,-6.876591783931E-03,
    0.998153283735));
#10337 = DIRECTION('',(0.99173701037,0.112994159552,6.074555266628E-02)
  );
#10338 = ADVANCED_FACE('',(#10339),#10358,.F.);
#10339 = FACE_BOUND('',#10340,.F.);
#10340 = EDGE_LOOP('',(#10341,#10350,#10356,#10357));
#10341 = ORIENTED_EDGE('',*,*,#10342,.F.);
#10342 = EDGE_CURVE('',#10343,#10318,#10345,.T.);
#10343 = VERTEX_POINT('',#10344);
#10344 = CARTESIAN_POINT('',(-2.086679951258,-33.63533509244,61.6993365)
  );
#10345 = ELLIPSE('',#10346,41.431037267375,33.7);
#10346 = AXIS2_PLACEMENT_3D('',#10347,#10348,#10349);
#10347 = CARTESIAN_POINT('',(0.,0.,65.905073037112));
#10348 = DIRECTION('',(-0.577965679847,-6.585087131085E-02,
    0.813399862101));
#10349 = DIRECTION('',(0.808171210395,9.207947846825E-02,0.581704963305)
  );
#10350 = ORIENTED_EDGE('',*,*,#10351,.T.);
#10351 = EDGE_CURVE('',#10343,#6469,#10352,.T.);
#10352 = LINE('',#10353,#10354);
#10353 = CARTESIAN_POINT('',(-5.843091261403,-0.66573615723,61.6993365)
  );
#10354 = VECTOR('',#10355,1.);
#10355 = DIRECTION('',(0.113203213768,-0.993571855677,0.));
#10356 = ORIENTED_EDGE('',*,*,#6477,.T.);
#10357 = ORIENTED_EDGE('',*,*,#10326,.F.);
#10358 = PLANE('',#10359);
#10359 = AXIS2_PLACEMENT_3D('',#10360,#10361,#10362);
#10360 = CARTESIAN_POINT('',(-5.843091261403,-0.66573615723,61.6993365)
  );
#10361 = DIRECTION('',(-0.577965679847,-6.585087131085E-02,
    0.813399862101));
#10362 = DIRECTION('',(0.808171210395,9.207947846825E-02,0.581704963305)
  );
#10363 = ADVANCED_FACE('',(#10364),#10383,.F.);
#10364 = FACE_BOUND('',#10365,.F.);
#10365 = EDGE_LOOP('',(#10366,#10375,#10381,#10382));
#10366 = ORIENTED_EDGE('',*,*,#10367,.F.);
#10367 = EDGE_CURVE('',#10368,#10343,#10370,.T.);
#10368 = VERTEX_POINT('',#10369);
#10369 = CARTESIAN_POINT('',(-2.350057910451,-33.61795989969,61.315901)
  );
#10370 = ELLIPSE('',#10371,60.092106279228,33.7);
#10371 = AXIS2_PLACEMENT_3D('',#10372,#10373,#10374);
#10372 = CARTESIAN_POINT('',(0.,0.,70.381613904935));
#10373 = DIRECTION('',(-0.822625228569,-9.37263058213E-02,0.560805771118
    ));
#10374 = DIRECTION('',(0.557200830683,6.34850155901E-02,0.827947393909)
  );
#10375 = ORIENTED_EDGE('',*,*,#10376,.T.);
#10376 = EDGE_CURVE('',#10368,#6460,#10377,.T.);
#10377 = LINE('',#10378,#10379);
#10378 = CARTESIAN_POINT('',(-6.101139756616,-0.695137069503,61.315901)
  );
#10379 = VECTOR('',#10380,1.);
#10380 = DIRECTION('',(0.113203213768,-0.993571855677,0.));
#10381 = ORIENTED_EDGE('',*,*,#6468,.T.);
#10382 = ORIENTED_EDGE('',*,*,#10351,.F.);
#10383 = PLANE('',#10384);
#10384 = AXIS2_PLACEMENT_3D('',#10385,#10386,#10387);
#10385 = CARTESIAN_POINT('',(-6.101139756616,-0.695137069503,61.315901)
  );
#10386 = DIRECTION('',(-0.822625228569,-9.37263058213E-02,0.560805771118
    ));
#10387 = DIRECTION('',(0.557200830683,6.34850155901E-02,0.827947393909)
  );
#10388 = ADVANCED_FACE('',(#10389),#10408,.F.);
#10389 = FACE_BOUND('',#10390,.F.);
#10390 = EDGE_LOOP('',(#10391,#10400,#10406,#10407));
#10391 = ORIENTED_EDGE('',*,*,#10392,.F.);
#10392 = EDGE_CURVE('',#10393,#10368,#10395,.T.);
#10393 = VERTEX_POINT('',#10394);
#10394 = CARTESIAN_POINT('',(-2.413453911027,-33.61346813733,60.682226)
  );
#10395 = ELLIPSE('',#10396,343.44431391665,33.7);
#10396 = AXIS2_PLACEMENT_3D('',#10397,#10398,#10399);
#10397 = CARTESIAN_POINT('',(0.,0.,123.59427209374));
#10398 = DIRECTION('',(-0.988777109802,-0.11265692148,9.812362189283E-02
    ));
#10399 = DIRECTION('',(9.749286908977E-02,1.110790934482E-02,
    0.995174233402));
#10400 = ORIENTED_EDGE('',*,*,#10401,.T.);
#10401 = EDGE_CURVE('',#10393,#6451,#10402,.T.);
#10402 = LINE('',#10403,#10404);
#10403 = CARTESIAN_POINT('',(-6.163218126159,-0.7022100063,60.682226));
#10404 = VECTOR('',#10405,1.);
#10405 = DIRECTION('',(0.113203213768,-0.993571855677,0.));
#10406 = ORIENTED_EDGE('',*,*,#6459,.T.);
#10407 = ORIENTED_EDGE('',*,*,#10376,.F.);
#10408 = PLANE('',#10409);
#10409 = AXIS2_PLACEMENT_3D('',#10410,#10411,#10412);
#10410 = CARTESIAN_POINT('',(-6.163218126159,-0.7022100063,60.682226));
#10411 = DIRECTION('',(-0.988777109802,-0.11265692148,9.812362189283E-02
    ));
#10412 = DIRECTION('',(9.749286908977E-02,1.110790934482E-02,
    0.995174233402));
#10413 = ADVANCED_FACE('',(#10414),#10426,.F.);
#10414 = FACE_BOUND('',#10415,.F.);
#10415 = EDGE_LOOP('',(#10416,#10423,#10424,#10425));
#10416 = ORIENTED_EDGE('',*,*,#10417,.F.);
#10417 = EDGE_CURVE('',#8213,#10393,#10418,.T.);
#10418 = ELLIPSE('',#10419,63.954880169309,33.7);
#10419 = AXIS2_PLACEMENT_3D('',#10420,#10421,#10422);
#10420 = CARTESIAN_POINT('',(0.,0.,50.677088746305));
#10421 = DIRECTION('',(-0.844442894591,-9.621211487127E-02,
    -0.526933987067));
#10422 = DIRECTION('',(-0.523546779349,-5.965062077951E-02,
    0.849906214399));
#10423 = ORIENTED_EDGE('',*,*,#8228,.T.);
#10424 = ORIENTED_EDGE('',*,*,#6450,.T.);
#10425 = ORIENTED_EDGE('',*,*,#10401,.F.);
#10426 = PLANE('',#10427);
#10427 = AXIS2_PLACEMENT_3D('',#10428,#10429,#10430);
#10428 = CARTESIAN_POINT('',(-5.926932332087,-0.675288640619,60.2986485)
  );
#10429 = DIRECTION('',(-0.844442894591,-9.621211487127E-02,
    -0.526933987067));
#10430 = DIRECTION('',(-0.523546779349,-5.965062077951E-02,
    0.849906214399));
#10431 = ADVANCED_FACE('',(#10432),#10458,.F.);
#10432 = FACE_BOUND('',#10433,.F.);
#10433 = EDGE_LOOP('',(#10434,#10445,#10451,#10452));
#10434 = ORIENTED_EDGE('',*,*,#10435,.F.);
#10435 = EDGE_CURVE('',#10436,#10438,#10440,.T.);
#10436 = VERTEX_POINT('',#10437);
#10437 = CARTESIAN_POINT('',(-7.368528733803,-32.8845675705,72.6740195)
  );
#10438 = VERTEX_POINT('',#10439);
#10439 = CARTESIAN_POINT('',(-8.71512336258,-32.55359618805,72.7591485)
  );
#10440 = ELLIPSE('',#10441,33.7721254932,33.7);
#10441 = AXIS2_PLACEMENT_3D('',#10442,#10443,#10444);
#10442 = CARTESIAN_POINT('',(0.,0.,71.951091102189));
#10443 = DIRECTION('',(-6.490041595907E-02,-7.394468371326E-03,
    -0.997864348419));
#10444 = DIRECTION('',(-0.991449932372,-0.112961451145,
    6.532030430237E-02));
#10445 = ORIENTED_EDGE('',*,*,#10446,.T.);
#10446 = EDGE_CURVE('',#10436,#7243,#10447,.T.);
#10447 = LINE('',#10448,#10449);
#10448 = CARTESIAN_POINT('',(-10.97281035007,-1.250193822015,72.6740195)
  );
#10449 = VECTOR('',#10450,1.);
#10450 = DIRECTION('',(0.113203213768,-0.993571855677,0.));
#10451 = ORIENTED_EDGE('',*,*,#7242,.T.);
#10452 = ORIENTED_EDGE('',*,*,#10453,.F.);
#10453 = EDGE_CURVE('',#10438,#7245,#10454,.T.);
#10454 = LINE('',#10455,#10456);
#10455 = CARTESIAN_POINT('',(-12.26492223158,-1.397411375228,72.7591485)
  );
#10456 = VECTOR('',#10457,1.);
#10457 = DIRECTION('',(0.113203213768,-0.993571855677,0.));
#10458 = PLANE('',#10459);
#10459 = AXIS2_PLACEMENT_3D('',#10460,#10461,#10462);
#10460 = CARTESIAN_POINT('',(-10.97281035007,-1.250193822015,72.6740195)
  );
#10461 = DIRECTION('',(-6.490041595907E-02,-7.394468371326E-03,
    -0.997864348419));
#10462 = DIRECTION('',(-0.991449932372,-0.112961451145,
    6.532030430237E-02));
#10463 = ADVANCED_FACE('',(#10464),#10483,.F.);
#10464 = FACE_BOUND('',#10465,.F.);
#10465 = EDGE_LOOP('',(#10466,#10475,#10481,#10482));
#10466 = ORIENTED_EDGE('',*,*,#10467,.F.);
#10467 = EDGE_CURVE('',#10468,#10436,#10470,.T.);
#10468 = VERTEX_POINT('',#10469);
#10469 = CARTESIAN_POINT('',(-6.020283662739,-33.15789777142,72.753788)
  );
#10470 = ELLIPSE('',#10471,33.76254921249,33.7);
#10471 = AXIS2_PLACEMENT_3D('',#10472,#10473,#10474);
#10472 = CARTESIAN_POINT('',(0.,0.,73.347199164447));
#10473 = DIRECTION('',(6.045139786054E-02,6.887566787925E-03,
    -0.998147378858));
#10474 = DIRECTION('',(0.99173114345,0.112993491101,6.084250224597E-02)
  );
#10475 = ORIENTED_EDGE('',*,*,#10476,.T.);
#10476 = EDGE_CURVE('',#10468,#7353,#10477,.T.);
#10477 = LINE('',#10478,#10479);
#10478 = CARTESIAN_POINT('',(-9.672585954368,-1.102051964561,72.753788)
  );
#10479 = VECTOR('',#10480,1.);
#10480 = DIRECTION('',(0.113203213768,-0.993571855677,0.));
#10481 = ORIENTED_EDGE('',*,*,#7361,.T.);
#10482 = ORIENTED_EDGE('',*,*,#10446,.F.);
#10483 = PLANE('',#10484);
#10484 = AXIS2_PLACEMENT_3D('',#10485,#10486,#10487);
#10485 = CARTESIAN_POINT('',(-9.672585954368,-1.102051964561,72.753788)
  );
#10486 = DIRECTION('',(6.045139786054E-02,6.887566787925E-03,
    -0.998147378858));
#10487 = DIRECTION('',(-0.99173114345,-0.112993491101,
    -6.084250224597E-02));
#10488 = ADVANCED_FACE('',(#10489),#10508,.F.);
#10489 = FACE_BOUND('',#10490,.F.);
#10490 = EDGE_LOOP('',(#10491,#10500,#10506,#10507));
#10491 = ORIENTED_EDGE('',*,*,#10492,.F.);
#10492 = EDGE_CURVE('',#10493,#10468,#10495,.T.);
#10493 = VERTEX_POINT('',#10494);
#10494 = CARTESIAN_POINT('',(-5.47162768972,-33.25283883257,73.0606855)
  );
#10495 = ELLIPSE('',#10496,38.862182307878,33.7);
#10496 = AXIS2_PLACEMENT_3D('',#10497,#10498,#10499);
#10497 = CARTESIAN_POINT('',(0.,0.,78.344733421179));
#10498 = DIRECTION('',(0.494816226584,5.637718777332E-02,-0.867166947368
    ));
#10499 = DIRECTION('',(0.861592673078,9.816608531542E-02,0.498017555305)
  );
#10500 = ORIENTED_EDGE('',*,*,#10501,.T.);
#10501 = EDGE_CURVE('',#10493,#7344,#10502,.T.);
#10502 = LINE('',#10503,#10504);
#10503 = CARTESIAN_POINT('',(-9.141639535774,-1.041558261383,73.0606855)
  );
#10504 = VECTOR('',#10505,1.);
#10505 = DIRECTION('',(0.113203213768,-0.993571855677,0.));
#10506 = ORIENTED_EDGE('',*,*,#7352,.T.);
#10507 = ORIENTED_EDGE('',*,*,#10476,.F.);
#10508 = PLANE('',#10509);
#10509 = AXIS2_PLACEMENT_3D('',#10510,#10511,#10512);
#10510 = CARTESIAN_POINT('',(-9.141639535774,-1.041558261383,73.0606855)
  );
#10511 = DIRECTION('',(0.494816226584,5.637718777332E-02,-0.867166947368
    ));
#10512 = DIRECTION('',(-0.861592673078,-9.816608531542E-02,
    -0.498017555305));
#10513 = ADVANCED_FACE('',(#10514),#10533,.F.);
#10514 = FACE_BOUND('',#10515,.F.);
#10515 = EDGE_LOOP('',(#10516,#10525,#10531,#10532));
#10516 = ORIENTED_EDGE('',*,*,#10517,.F.);
#10517 = EDGE_CURVE('',#10518,#10493,#10520,.T.);
#10518 = VERTEX_POINT('',#10519);
#10519 = CARTESIAN_POINT('',(-5.26128014198,-33.28676811088,73.3650625)
  );
#10520 = ELLIPSE('',#10521,60.29579351956,33.7);
#10521 = AXIS2_PLACEMENT_3D('',#10522,#10523,#10524);
#10522 = CARTESIAN_POINT('',(0.,0.,86.711406685153));
#10523 = DIRECTION('',(0.823897057001,9.387121236731E-02,-0.558911294352
    ));
#10524 = DIRECTION('',(0.555318531888,6.327055473183E-02,0.829227450731)
  );
#10525 = ORIENTED_EDGE('',*,*,#10526,.T.);
#10526 = EDGE_CURVE('',#10518,#7335,#10527,.T.);
#10527 = LINE('',#10528,#10529);
#10528 = CARTESIAN_POINT('',(-8.937803798508,-1.018334112664,73.3650625)
  );
#10529 = VECTOR('',#10530,1.);
#10530 = DIRECTION('',(0.113203213768,-0.993571855677,0.));
#10531 = ORIENTED_EDGE('',*,*,#7343,.T.);
#10532 = ORIENTED_EDGE('',*,*,#10501,.F.);
#10533 = PLANE('',#10534);
#10534 = AXIS2_PLACEMENT_3D('',#10535,#10536,#10537);
#10535 = CARTESIAN_POINT('',(-8.937803798508,-1.018334112664,73.3650625)
  );
#10536 = DIRECTION('',(0.823897057001,9.387121236731E-02,-0.558911294352
    ));
#10537 = DIRECTION('',(-0.555318531888,-6.327055473183E-02,
    -0.829227450731));
#10538 = ADVANCED_FACE('',(#10539),#10558,.F.);
#10539 = FACE_BOUND('',#10540,.F.);
#10540 = EDGE_LOOP('',(#10541,#10550,#10556,#10557));
#10541 = ORIENTED_EDGE('',*,*,#10542,.F.);
#10542 = EDGE_CURVE('',#10543,#10518,#10545,.T.);
#10543 = VERTEX_POINT('',#10544);
#10544 = CARTESIAN_POINT('',(-5.18240875255,-33.29913872041,73.7162995)
  );
#10545 = ELLIPSE('',#10546,157.44404109259,33.7);
#10546 = AXIS2_PLACEMENT_3D('',#10547,#10548,#10549);
#10547 = CARTESIAN_POINT('',(0.,0.,114.41799300092));
#10548 = DIRECTION('',(0.970544788313,0.11057961084,-0.214044302764));
#10549 = DIRECTION('',(0.212668395094,2.423050296159E-02,0.976823953665)
  );
#10550 = ORIENTED_EDGE('',*,*,#10551,.T.);
#10551 = EDGE_CURVE('',#10543,#7326,#10552,.T.);
#10552 = LINE('',#10553,#10554);
#10553 = CARTESIAN_POINT('',(-8.861334534208,-1.009621540519,73.7162995)
  );
#10554 = VECTOR('',#10555,1.);
#10555 = DIRECTION('',(0.113203213768,-0.993571855677,0.));
#10556 = ORIENTED_EDGE('',*,*,#7334,.T.);
#10557 = ORIENTED_EDGE('',*,*,#10526,.F.);
#10558 = PLANE('',#10559);
#10559 = AXIS2_PLACEMENT_3D('',#10560,#10561,#10562);
#10560 = CARTESIAN_POINT('',(-8.861334534208,-1.009621540519,73.7162995)
  );
#10561 = DIRECTION('',(0.970544788313,0.11057961084,-0.214044302764));
#10562 = DIRECTION('',(-0.212668395094,-2.423050296159E-02,
    -0.976823953665));
#10563 = ADVANCED_FACE('',(#10564),#10583,.F.);
#10564 = FACE_BOUND('',#10565,.F.);
#10565 = EDGE_LOOP('',(#10566,#10575,#10581,#10582));
#10566 = ORIENTED_EDGE('',*,*,#10567,.F.);
#10567 = EDGE_CURVE('',#10568,#10543,#10570,.T.);
#10568 = VERTEX_POINT('',#10569);
#10569 = CARTESIAN_POINT('',(-5.324160341824,-33.27676842264,74.269212)
  );
#10570 = ELLIPSE('',#10571,138.87313616965,33.7);
#10571 = AXIS2_PLACEMENT_3D('',#10572,#10573,#10574);
#10572 = CARTESIAN_POINT('',(0.,0.,38.062242165555));
#10573 = DIRECTION('',(0.963873512087,0.109819514925,0.242667523248));
#10574 = DIRECTION('',(-0.241107621386,-2.747074350879E-02,
    0.970109516065));
#10575 = ORIENTED_EDGE('',*,*,#10576,.T.);
#10576 = EDGE_CURVE('',#10568,#7317,#10577,.T.);
#10577 = LINE('',#10578,#10579);
#10578 = CARTESIAN_POINT('',(-8.998753470423,-1.025278450609,74.269212)
  );
#10579 = VECTOR('',#10580,1.);
#10580 = DIRECTION('',(0.113203213768,-0.993571855677,0.));
#10581 = ORIENTED_EDGE('',*,*,#7325,.T.);
#10582 = ORIENTED_EDGE('',*,*,#10551,.F.);
#10583 = PLANE('',#10584);
#10584 = AXIS2_PLACEMENT_3D('',#10585,#10586,#10587);
#10585 = CARTESIAN_POINT('',(-8.998753470423,-1.025278450609,74.269212)
  );
#10586 = DIRECTION('',(0.963873512087,0.109819514925,0.242667523248));
#10587 = DIRECTION('',(0.241107621386,2.747074350879E-02,-0.970109516065
    ));
#10588 = ADVANCED_FACE('',(#10589),#10608,.F.);
#10589 = FACE_BOUND('',#10590,.F.);
#10590 = EDGE_LOOP('',(#10591,#10600,#10606,#10607));
#10591 = ORIENTED_EDGE('',*,*,#10592,.F.);
#10592 = EDGE_CURVE('',#10593,#10568,#10595,.T.);
#10593 = VERTEX_POINT('',#10594);
#10594 = CARTESIAN_POINT('',(-5.832124661348,-33.1915097869,74.762804));
#10595 = ELLIPSE('',#10596,47.588986994535,33.7);
#10596 = AXIS2_PLACEMENT_3D('',#10597,#10598,#10599);
#10597 = CARTESIAN_POINT('',(0.,0.,65.238867604733));
#10598 = DIRECTION('',(0.701526307882,7.992882662812E-02,0.708147034184)
  );
#10599 = DIRECTION('',(-0.703594962846,-8.016452008984E-02,
    0.706064995575));
#10600 = ORIENTED_EDGE('',*,*,#10601,.T.);
#10601 = EDGE_CURVE('',#10593,#7308,#10602,.T.);
#10602 = LINE('',#10603,#10604);
#10603 = CARTESIAN_POINT('',(-9.490618733646,-1.081319418577,74.762804)
  );
#10604 = VECTOR('',#10605,1.);
#10605 = DIRECTION('',(0.113203213768,-0.993571855677,0.));
#10606 = ORIENTED_EDGE('',*,*,#7316,.T.);
#10607 = ORIENTED_EDGE('',*,*,#10576,.F.);
#10608 = PLANE('',#10609);
#10609 = AXIS2_PLACEMENT_3D('',#10610,#10611,#10612);
#10610 = CARTESIAN_POINT('',(-9.490618733646,-1.081319418577,74.762804)
  );
#10611 = DIRECTION('',(0.701526307882,7.992882662812E-02,0.708147034184)
  );
#10612 = DIRECTION('',(0.703594962846,8.016452008984E-02,-0.706064995575
    ));
#10613 = ADVANCED_FACE('',(#10614),#10633,.F.);
#10614 = FACE_BOUND('',#10615,.F.);
#10615 = EDGE_LOOP('',(#10616,#10625,#10631,#10632));
#10616 = ORIENTED_EDGE('',*,*,#10617,.F.);
#10617 = EDGE_CURVE('',#10618,#10593,#10620,.T.);
#10618 = VERTEX_POINT('',#10619);
#10619 = CARTESIAN_POINT('',(-7.342240683754,-32.8904469678,74.8305735)
  );
#10620 = ELLIPSE('',#10621,33.735972844339,33.7);
#10621 = AXIS2_PLACEMENT_3D('',#10622,#10623,#10624);
#10622 = CARTESIAN_POINT('',(0.,0.,74.321336692543));
#10623 = DIRECTION('',(4.587110956979E-02,5.226352772305E-03,
    0.998933694768));
#10624 = DIRECTION('',(-0.992512404809,-0.113082504589,
    4.616788338731E-02));
#10625 = ORIENTED_EDGE('',*,*,#10626,.T.);
#10626 = EDGE_CURVE('',#10618,#7299,#10627,.T.);
#10627 = LINE('',#10628,#10629);
#10628 = CARTESIAN_POINT('',(-10.94752046885,-1.247312404013,74.8305735)
  );
#10629 = VECTOR('',#10630,1.);
#10630 = DIRECTION('',(0.113203213768,-0.993571855677,0.));
#10631 = ORIENTED_EDGE('',*,*,#7307,.T.);
#10632 = ORIENTED_EDGE('',*,*,#10601,.F.);
#10633 = PLANE('',#10634);
#10634 = AXIS2_PLACEMENT_3D('',#10635,#10636,#10637);
#10635 = CARTESIAN_POINT('',(-10.94752046885,-1.247312404013,74.8305735)
  );
#10636 = DIRECTION('',(4.587110956979E-02,5.226352772305E-03,
    0.998933694768));
#10637 = DIRECTION('',(0.992512404809,0.113082504589,-4.616788338731E-02
    ));
#10638 = ADVANCED_FACE('',(#10639),#10658,.F.);
#10639 = FACE_BOUND('',#10640,.F.);
#10640 = EDGE_LOOP('',(#10641,#10650,#10656,#10657));
#10641 = ORIENTED_EDGE('',*,*,#10642,.F.);
#10642 = EDGE_CURVE('',#10643,#10618,#10645,.T.);
#10643 = VERTEX_POINT('',#10644);
#10644 = CARTESIAN_POINT('',(-8.860884456242,-32.51422345148,74.762804)
  );
#10645 = ELLIPSE('',#10646,33.735974585289,33.7);
#10646 = AXIS2_PLACEMENT_3D('',#10647,#10648,#10649);
#10647 = CARTESIAN_POINT('',(0.,0.,75.339822636452));
#10648 = DIRECTION('',(-4.58722177756E-02,-5.226479036409E-03,
    0.998933643218));
#10649 = DIRECTION('',(0.99251235359,0.113082498753,4.616899876292E-02)
  );
#10650 = ORIENTED_EDGE('',*,*,#10651,.T.);
#10651 = EDGE_CURVE('',#10643,#7290,#10652,.T.);
#10652 = LINE('',#10653,#10654);
#10653 = CARTESIAN_POINT('',(-12.40438693225,-1.413301370735,74.762804)
  );
#10654 = VECTOR('',#10655,1.);
#10655 = DIRECTION('',(0.113203213768,-0.993571855677,0.));
#10656 = ORIENTED_EDGE('',*,*,#7298,.T.);
#10657 = ORIENTED_EDGE('',*,*,#10626,.F.);
#10658 = PLANE('',#10659);
#10659 = AXIS2_PLACEMENT_3D('',#10660,#10661,#10662);
#10660 = CARTESIAN_POINT('',(-12.40438693225,-1.413301370735,74.762804)
  );
#10661 = DIRECTION('',(-4.58722177756E-02,-5.226479036409E-03,
    0.998933643218));
#10662 = DIRECTION('',(0.99251235359,0.113082498753,4.616899876292E-02)
  );
#10663 = ADVANCED_FACE('',(#10664),#10683,.F.);
#10664 = FACE_BOUND('',#10665,.F.);
#10665 = EDGE_LOOP('',(#10666,#10675,#10681,#10682));
#10666 = ORIENTED_EDGE('',*,*,#10667,.F.);
#10667 = EDGE_CURVE('',#10668,#10643,#10670,.T.);
#10668 = VERTEX_POINT('',#10669);
#10669 = CARTESIAN_POINT('',(-9.369300007555,-32.37137960248,74.2754955)
  );
#10670 = ELLIPSE('',#10671,47.577754901043,33.7);
#10671 = AXIS2_PLACEMENT_3D('',#10672,#10673,#10674);
#10672 = CARTESIAN_POINT('',(0.,0.,87.204843587629));
#10673 = DIRECTION('',(-0.701359674853,-7.99098411926E-02,0.7083142126)
  );
#10674 = DIRECTION('',(0.703761066615,8.018344522378E-02,0.705897284475)
  );
#10675 = ORIENTED_EDGE('',*,*,#10676,.T.);
#10676 = EDGE_CURVE('',#10668,#7281,#10677,.T.);
#10677 = LINE('',#10678,#10679);
#10678 = CARTESIAN_POINT('',(-12.89022071752,-1.468655138594,74.2754955)
  );
#10679 = VECTOR('',#10680,1.);
#10680 = DIRECTION('',(0.113203213768,-0.993571855677,0.));
#10681 = ORIENTED_EDGE('',*,*,#7289,.T.);
#10682 = ORIENTED_EDGE('',*,*,#10651,.F.);
#10683 = PLANE('',#10684);
#10684 = AXIS2_PLACEMENT_3D('',#10685,#10686,#10687);
#10685 = CARTESIAN_POINT('',(-12.89022071752,-1.468655138594,74.2754955)
  );
#10686 = DIRECTION('',(-0.701359674853,-7.99098411926E-02,0.7083142126)
  );
#10687 = DIRECTION('',(0.703761066615,8.018344522378E-02,0.705897284475)
  );
#10688 = ADVANCED_FACE('',(#10689),#10708,.F.);
#10689 = FACE_BOUND('',#10690,.F.);
#10690 = EDGE_LOOP('',(#10691,#10700,#10706,#10707));
#10691 = ORIENTED_EDGE('',*,*,#10692,.F.);
#10692 = EDGE_CURVE('',#10693,#10668,#10695,.T.);
#10693 = VERTEX_POINT('',#10694);
#10694 = CARTESIAN_POINT('',(-9.514991323591,-32.32885615223,73.7251745)
  );
#10695 = ELLIPSE('',#10696,136.74364515439,33.7);
#10696 = AXIS2_PLACEMENT_3D('',#10697,#10698,#10699);
#10697 = CARTESIAN_POINT('',(0.,0.,125.29452409817));
#10698 = DIRECTION('',(-0.96292650681,-0.109711617303,0.246446553052));
#10699 = DIRECTION('',(0.24486235904,2.789854182746E-02,0.969156383918)
  );
#10700 = ORIENTED_EDGE('',*,*,#10701,.T.);
#10701 = EDGE_CURVE('',#10693,#7272,#10702,.T.);
#10702 = LINE('',#10703,#10704);
#10703 = CARTESIAN_POINT('',(-13.02926215658,-1.484496909532,73.7251745)
  );
#10704 = VECTOR('',#10705,1.);
#10705 = DIRECTION('',(0.113203213768,-0.993571855677,0.));
#10706 = ORIENTED_EDGE('',*,*,#7280,.T.);
#10707 = ORIENTED_EDGE('',*,*,#10676,.F.);
#10708 = PLANE('',#10709);
#10709 = AXIS2_PLACEMENT_3D('',#10710,#10711,#10712);
#10710 = CARTESIAN_POINT('',(-13.02926215658,-1.484496909532,73.7251745)
  );
#10711 = DIRECTION('',(-0.96292650681,-0.109711617303,0.246446553052));
#10712 = DIRECTION('',(0.24486235904,2.789854182746E-02,0.969156383918)
  );
#10713 = ADVANCED_FACE('',(#10714),#10733,.F.);
#10714 = FACE_BOUND('',#10715,.F.);
#10715 = EDGE_LOOP('',(#10716,#10725,#10731,#10732));
#10716 = ORIENTED_EDGE('',*,*,#10717,.F.);
#10717 = EDGE_CURVE('',#10718,#10693,#10720,.T.);
#10718 = VERTEX_POINT('',#10719);
#10719 = CARTESIAN_POINT('',(-9.442837392849,-32.35000497638,73.3730145)
  );
#10720 = ELLIPSE('',#10721,174.54645145846,33.7);
#10721 = AXIS2_PLACEMENT_3D('',#10722,#10723,#10724);
#10722 = CARTESIAN_POINT('',(0.,0.,7.082502696721));
#10723 = DIRECTION('',(-0.974877431825,-0.111073253215,-0.193071813941)
  );
#10724 = DIRECTION('',(-0.191830720456,-2.185634982609E-02,
    0.981184628223));
#10725 = ORIENTED_EDGE('',*,*,#10726,.T.);
#10726 = EDGE_CURVE('',#10718,#7263,#10727,.T.);
#10727 = LINE('',#10728,#10729);
#10728 = CARTESIAN_POINT('',(-12.96041160127,-1.476652379631,73.3730145)
  );
#10729 = VECTOR('',#10730,1.);
#10730 = DIRECTION('',(0.113203213768,-0.993571855677,0.));
#10731 = ORIENTED_EDGE('',*,*,#7271,.T.);
#10732 = ORIENTED_EDGE('',*,*,#10701,.F.);
#10733 = PLANE('',#10734);
#10734 = AXIS2_PLACEMENT_3D('',#10735,#10736,#10737);
#10735 = CARTESIAN_POINT('',(-12.96041160127,-1.476652379631,73.3730145)
  );
#10736 = DIRECTION('',(-0.974877431825,-0.111073253215,-0.193071813941)
  );
#10737 = DIRECTION('',(-0.191830720456,-2.185634982609E-02,
    0.981184628223));
#10738 = ADVANCED_FACE('',(#10739),#10758,.F.);
#10739 = FACE_BOUND('',#10740,.F.);
#10740 = EDGE_LOOP('',(#10741,#10750,#10756,#10757));
#10741 = ORIENTED_EDGE('',*,*,#10742,.F.);
#10742 = EDGE_CURVE('',#10743,#10718,#10745,.T.);
#10743 = VERTEX_POINT('',#10744);
#10744 = CARTESIAN_POINT('',(-9.242415012458,-32.40783492826,73.06704));
#10745 = ELLIPSE('',#10746,63.264018865277,33.7);
#10746 = AXIS2_PLACEMENT_3D('',#10747,#10748,#10749);
#10747 = CARTESIAN_POINT('',(0.,0.,52.648868107743));
#10748 = DIRECTION('',(-0.840871325582,-9.580518598354E-02,
    -0.532688257946));
#10749 = DIRECTION('',(-0.529264060944,-6.03020227359E-02,0.846311538292
    ));
#10750 = ORIENTED_EDGE('',*,*,#10751,.T.);
#10751 = EDGE_CURVE('',#10743,#7254,#10752,.T.);
#10752 = LINE('',#10753,#10754);
#10753 = CARTESIAN_POINT('',(-12.76906208151,-1.454850855699,73.06704));
#10754 = VECTOR('',#10755,1.);
#10755 = DIRECTION('',(0.113203213768,-0.993571855677,0.));
#10756 = ORIENTED_EDGE('',*,*,#7262,.T.);
#10757 = ORIENTED_EDGE('',*,*,#10726,.F.);
#10758 = PLANE('',#10759);
#10759 = AXIS2_PLACEMENT_3D('',#10760,#10761,#10762);
#10760 = CARTESIAN_POINT('',(-12.76906208151,-1.454850855699,73.06704));
#10761 = DIRECTION('',(-0.840871325582,-9.580518598354E-02,
    -0.532688257946));
#10762 = DIRECTION('',(-0.529264060944,-6.03020227359E-02,0.846311538292
    ));
#10763 = ADVANCED_FACE('',(#10764),#10776,.F.);
#10764 = FACE_BOUND('',#10765,.F.);
#10765 = EDGE_LOOP('',(#10766,#10773,#10774,#10775));
#10766 = ORIENTED_EDGE('',*,*,#10767,.F.);
#10767 = EDGE_CURVE('',#10438,#10743,#10768,.T.);
#10768 = ELLIPSE('',#10769,39.41901669973,33.7);
#10769 = AXIS2_PLACEMENT_3D('',#10770,#10771,#10772);
#10770 = CARTESIAN_POINT('',(0.,0.,65.268637079794));
#10771 = DIRECTION('',(-0.515429590927,-5.872578397898E-02,
    -0.854917317109));
#10772 = DIRECTION('',(-0.84942178521,-9.677938780255E-02,0.518764282606
    ));
#10773 = ORIENTED_EDGE('',*,*,#10453,.T.);
#10774 = ORIENTED_EDGE('',*,*,#7253,.T.);
#10775 = ORIENTED_EDGE('',*,*,#10751,.F.);
#10776 = PLANE('',#10777);
#10777 = AXIS2_PLACEMENT_3D('',#10778,#10779,#10780);
#10778 = CARTESIAN_POINT('',(-12.26492223158,-1.397411375228,72.7591485)
  );
#10779 = DIRECTION('',(-0.515429590927,-5.872578397898E-02,
    -0.854917317109));
#10780 = DIRECTION('',(-0.84942178521,-9.677938780255E-02,0.518764282606
    ));
#10781 = ADVANCED_FACE('',(#10782),#10808,.F.);
#10782 = FACE_BOUND('',#10783,.F.);
#10783 = EDGE_LOOP('',(#10784,#10795,#10801,#10802));
#10784 = ORIENTED_EDGE('',*,*,#10785,.F.);
#10785 = EDGE_CURVE('',#10786,#10788,#10790,.T.);
#10786 = VERTEX_POINT('',#10787);
#10787 = CARTESIAN_POINT('',(-5.346906951831,-33.27312107465,76.9973515)
  );
#10788 = VERTEX_POINT('',#10789);
#10789 = CARTESIAN_POINT('',(-5.655789260446,-33.22201149601,77.266406)
  );
#10790 = ELLIPSE('',#10791,45.193351149988,33.7);
#10791 = AXIS2_PLACEMENT_3D('',#10792,#10793,#10794);
#10792 = CARTESIAN_POINT('',(0.,0.,68.884765148962));
#10793 = DIRECTION('',(-0.662015678201,-7.542715900109E-02,
    -0.745684910335));
#10794 = DIRECTION('',(-0.740891540111,-8.441392830811E-02,
    0.666298742682));
#10795 = ORIENTED_EDGE('',*,*,#10796,.T.);
#10796 = EDGE_CURVE('',#10786,#7371,#10797,.T.);
#10797 = LINE('',#10798,#10799);
#10798 = CARTESIAN_POINT('',(-9.020798345971,-1.027790146915,76.9973515)
  );
#10799 = VECTOR('',#10800,1.);
#10800 = DIRECTION('',(0.113203213768,-0.993571855677,0.));
#10801 = ORIENTED_EDGE('',*,*,#7370,.T.);
#10802 = ORIENTED_EDGE('',*,*,#10803,.F.);
#10803 = EDGE_CURVE('',#10788,#7373,#10804,.T.);
#10804 = LINE('',#10805,#10806);
#10805 = CARTESIAN_POINT('',(-9.319973761005,-1.061876879816,77.266406)
  );
#10806 = VECTOR('',#10807,1.);
#10807 = DIRECTION('',(0.113203213768,-0.993571855677,0.));
#10808 = PLANE('',#10809);
#10809 = AXIS2_PLACEMENT_3D('',#10810,#10811,#10812);
#10810 = CARTESIAN_POINT('',(-9.020798345971,-1.027790146915,76.9973515)
  );
#10811 = DIRECTION('',(-0.662015678201,-7.542715900109E-02,
    -0.745684910335));
#10812 = DIRECTION('',(-0.740891540111,-8.441392830811E-02,
    0.666298742682));
#10813 = ADVANCED_FACE('',(#10814),#10833,.F.);
#10814 = FACE_BOUND('',#10815,.F.);
#10815 = EDGE_LOOP('',(#10816,#10817,#10826,#10832));
#10816 = ORIENTED_EDGE('',*,*,#10796,.F.);
#10817 = ORIENTED_EDGE('',*,*,#10818,.T.);
#10818 = EDGE_CURVE('',#10786,#10819,#10821,.T.);
#10819 = VERTEX_POINT('',#10820);
#10820 = CARTESIAN_POINT('',(-2.790188648532,-33.58429465249,76.9973515)
  );
#10821 = CIRCLE('',#10822,33.7);
#10822 = AXIS2_PLACEMENT_3D('',#10823,#10824,#10825);
#10823 = CARTESIAN_POINT('',(0.,0.,76.9973515));
#10824 = DIRECTION('',(0.,0.,1.));
#10825 = DIRECTION('',(-0.993571855677,-0.113203213768,0.));
#10826 = ORIENTED_EDGE('',*,*,#10827,.T.);
#10827 = EDGE_CURVE('',#10819,#7472,#10828,.T.);
#10828 = LINE('',#10829,#10830);
#10829 = CARTESIAN_POINT('',(-6.531843717119,-0.744209587241,76.9973515)
  );
#10830 = VECTOR('',#10831,1.);
#10831 = DIRECTION('',(0.113203213768,-0.993571855677,0.));
#10832 = ORIENTED_EDGE('',*,*,#7480,.F.);
#10833 = PLANE('',#10834);
#10834 = AXIS2_PLACEMENT_3D('',#10835,#10836,#10837);
#10835 = CARTESIAN_POINT('',(-6.531843717119,-0.744209587241,76.9973515)
  );
#10836 = DIRECTION('',(0.,-0.,-1.));
#10837 = DIRECTION('',(-0.993571855677,-0.113203213768,0.));
#10838 = ADVANCED_FACE('',(#10839),#10858,.F.);
#10839 = FACE_BOUND('',#10840,.F.);
#10840 = EDGE_LOOP('',(#10841,#10850,#10856,#10857));
#10841 = ORIENTED_EDGE('',*,*,#10842,.F.);
#10842 = EDGE_CURVE('',#10843,#10819,#10845,.T.);
#10843 = VERTEX_POINT('',#10844);
#10844 = CARTESIAN_POINT('',(-2.211859224936,-33.62733529093,77.644268)
  );
#10845 = ELLIPSE('',#10846,50.989222129584,33.7);
#10846 = AXIS2_PLACEMENT_3D('',#10847,#10848,#10849);
#10847 = CARTESIAN_POINT('',(0.,0.,84.461983500062));
#10848 = DIRECTION('',(0.745628832704,8.495367462136E-02,-0.660923987315
    ));
#10849 = DIRECTION('',(0.656675472538,7.481871942041E-02,0.750452851944)
  );
#10850 = ORIENTED_EDGE('',*,*,#10851,.T.);
#10851 = EDGE_CURVE('',#10843,#7463,#10852,.T.);
#10852 = LINE('',#10853,#10854);
#10853 = CARTESIAN_POINT('',(-5.965766584852,-0.679713244831,77.644268)
  );
#10854 = VECTOR('',#10855,1.);
#10855 = DIRECTION('',(0.113203213768,-0.993571855677,0.));
#10856 = ORIENTED_EDGE('',*,*,#7471,.T.);
#10857 = ORIENTED_EDGE('',*,*,#10827,.F.);
#10858 = PLANE('',#10859);
#10859 = AXIS2_PLACEMENT_3D('',#10860,#10861,#10862);
#10860 = CARTESIAN_POINT('',(-5.965766584852,-0.679713244831,77.644268)
  );
#10861 = DIRECTION('',(0.745628832704,8.495367462136E-02,-0.660923987315
    ));
#10862 = DIRECTION('',(-0.656675472538,-7.481871942041E-02,
    -0.750452851944));
#10863 = ADVANCED_FACE('',(#10864),#10883,.F.);
#10864 = FACE_BOUND('',#10865,.F.);
#10865 = EDGE_LOOP('',(#10866,#10875,#10881,#10882));
#10866 = ORIENTED_EDGE('',*,*,#10867,.F.);
#10867 = EDGE_CURVE('',#10868,#10843,#10870,.T.);
#10868 = VERTEX_POINT('',#10869);
#10869 = CARTESIAN_POINT('',(-2.153833863065,-33.63110167226,78.0470155)
  );
#10870 = ELLIPSE('',#10871,239.55748439524,33.7);
#10871 = AXIS2_PLACEMENT_3D('',#10872,#10873,#10874);
#10872 = CARTESIAN_POINT('',(0.,0.,119.90202476644));
#10873 = DIRECTION('',(0.983691459312,0.112077484798,-0.140676047276));
#10874 = DIRECTION('',(0.139771761341,1.592498065176E-02,0.990055680112)
  );
#10875 = ORIENTED_EDGE('',*,*,#10876,.T.);
#10876 = EDGE_CURVE('',#10868,#7454,#10877,.T.);
#10877 = LINE('',#10878,#10879);
#10878 = CARTESIAN_POINT('',(-5.908908441839,-0.67323507772,78.0470155)
  );
#10879 = VECTOR('',#10880,1.);
#10880 = DIRECTION('',(0.113203213768,-0.993571855677,0.));
#10881 = ORIENTED_EDGE('',*,*,#7462,.T.);
#10882 = ORIENTED_EDGE('',*,*,#10851,.F.);
#10883 = PLANE('',#10884);
#10884 = AXIS2_PLACEMENT_3D('',#10885,#10886,#10887);
#10885 = CARTESIAN_POINT('',(-5.908908441839,-0.67323507772,78.0470155)
  );
#10886 = DIRECTION('',(0.983691459312,0.112077484798,-0.140676047276));
#10887 = DIRECTION('',(-0.139771761341,-1.592498065176E-02,
    -0.990055680112));
#10888 = ADVANCED_FACE('',(#10889),#10908,.F.);
#10889 = FACE_BOUND('',#10890,.F.);
#10890 = EDGE_LOOP('',(#10891,#10900,#10906,#10907));
#10891 = ORIENTED_EDGE('',*,*,#10892,.F.);
#10892 = EDGE_CURVE('',#10893,#10868,#10895,.T.);
#10893 = VERTEX_POINT('',#10894);
#10894 = CARTESIAN_POINT('',(-2.20872728854,-33.62754114955,78.445219));
#10895 = ELLIPSE('',#10896,250.15765337937,33.7);
#10896 = AXIS2_PLACEMENT_3D('',#10897,#10898,#10899);
#10897 = CARTESIAN_POINT('',(0.,0.,34.303381836067));
#10898 = DIRECTION('',(0.984514833009,0.112171296381,0.13471504687));
#10899 = DIRECTION('',(-0.133849079107,-1.525017624863E-02,
    0.990884380817));
#10900 = ORIENTED_EDGE('',*,*,#10901,.T.);
#10901 = EDGE_CURVE('',#10893,#7445,#10902,.T.);
#10902 = LINE('',#10903,#10904);
#10903 = CARTESIAN_POINT('',(-5.962697938176,-0.679363616705,78.445219)
  );
#10904 = VECTOR('',#10905,1.);
#10905 = DIRECTION('',(0.113203213768,-0.993571855677,0.));
#10906 = ORIENTED_EDGE('',*,*,#7453,.T.);
#10907 = ORIENTED_EDGE('',*,*,#10876,.F.);
#10908 = PLANE('',#10909);
#10909 = AXIS2_PLACEMENT_3D('',#10910,#10911,#10912);
#10910 = CARTESIAN_POINT('',(-5.962697938176,-0.679363616705,78.445219)
  );
#10911 = DIRECTION('',(0.984514833009,0.112171296381,0.13471504687));
#10912 = DIRECTION('',(0.133849079107,1.525017624863E-02,-0.990884380817
    ));
#10913 = ADVANCED_FACE('',(#10914),#10933,.F.);
#10914 = FACE_BOUND('',#10915,.F.);
#10915 = EDGE_LOOP('',(#10916,#10925,#10931,#10932));
#10916 = ORIENTED_EDGE('',*,*,#10917,.F.);
#10917 = EDGE_CURVE('',#10918,#10893,#10920,.T.);
#10918 = VERTEX_POINT('',#10919);
#10919 = CARTESIAN_POINT('',(-2.54565737653,-33.60371450481,78.8966015)
  );
#10920 = ELLIPSE('',#10921,56.869464641088,33.7);
#10921 = AXIS2_PLACEMENT_3D('',#10922,#10923,#10924);
#10922 = CARTESIAN_POINT('',(0.,0.,70.287616730917));
#10923 = DIRECTION('',(0.800329897512,9.118607371508E-02,0.592585145872)
  );
#10924 = DIRECTION('',(-0.58877592303,-6.708254294383E-02,0.80550781802)
  );
#10925 = ORIENTED_EDGE('',*,*,#10926,.T.);
#10926 = EDGE_CURVE('',#10918,#7436,#10927,.T.);
#10927 = LINE('',#10928,#10929);
#10928 = CARTESIAN_POINT('',(-6.292630363574,-0.716954668291,78.8966015)
  );
#10929 = VECTOR('',#10930,1.);
#10930 = DIRECTION('',(0.113203213768,-0.993571855677,0.));
#10931 = ORIENTED_EDGE('',*,*,#7444,.T.);
#10932 = ORIENTED_EDGE('',*,*,#10901,.F.);
#10933 = PLANE('',#10934);
#10934 = AXIS2_PLACEMENT_3D('',#10935,#10936,#10937);
#10935 = CARTESIAN_POINT('',(-6.292630363574,-0.716954668291,78.8966015)
  );
#10936 = DIRECTION('',(0.800329897512,9.118607371508E-02,0.592585145872)
  );
#10937 = DIRECTION('',(0.58877592303,6.708254294383E-02,-0.80550781802)
  );
#10938 = ADVANCED_FACE('',(#10939),#10958,.F.);
#10939 = FACE_BOUND('',#10940,.F.);
#10940 = EDGE_LOOP('',(#10941,#10950,#10956,#10957));
#10941 = ORIENTED_EDGE('',*,*,#10942,.F.);
#10942 = EDGE_CURVE('',#10943,#10918,#10945,.T.);
#10943 = VERTEX_POINT('',#10944);
#10944 = CARTESIAN_POINT('',(-2.873272336272,-33.5772885457,79.0555705)
  );
#10945 = ELLIPSE('',#10946,37.571355877121,33.7);
#10946 = AXIS2_PLACEMENT_3D('',#10947,#10948,#10949);
#10947 = CARTESIAN_POINT('',(0.,0.,75.774894788277));
#10948 = DIRECTION('',(0.439269926369,5.004848626947E-02,0.896959910369)
  );
#10949 = DIRECTION('',(-0.891194122613,-0.101538744475,0.442111885375));
#10950 = ORIENTED_EDGE('',*,*,#10951,.T.);
#10951 = EDGE_CURVE('',#10943,#7427,#10952,.T.);
#10952 = LINE('',#10953,#10954);
#10953 = CARTESIAN_POINT('',(-6.613074674538,-0.753464685788,79.0555705)
  );
#10954 = VECTOR('',#10955,1.);
#10955 = DIRECTION('',(0.113203213768,-0.993571855677,0.));
#10956 = ORIENTED_EDGE('',*,*,#7435,.T.);
#10957 = ORIENTED_EDGE('',*,*,#10926,.F.);
#10958 = PLANE('',#10959);
#10959 = AXIS2_PLACEMENT_3D('',#10960,#10961,#10962);
#10960 = CARTESIAN_POINT('',(-6.613074674538,-0.753464685788,79.0555705)
  );
#10961 = DIRECTION('',(0.439269926369,5.004848626947E-02,0.896959910369)
  );
#10962 = DIRECTION('',(0.891194122613,0.101538744475,-0.442111885375));
#10963 = ADVANCED_FACE('',(#10964),#10983,.F.);
#10964 = FACE_BOUND('',#10965,.F.);
#10965 = EDGE_LOOP('',(#10966,#10975,#10981,#10982));
#10966 = ORIENTED_EDGE('',*,*,#10967,.F.);
#10967 = EDGE_CURVE('',#10968,#10943,#10970,.T.);
#10968 = VERTEX_POINT('',#10969);
#10969 = CARTESIAN_POINT('',(-4.444498158757,-33.40563479589,79.111412)
  );
#10970 = ELLIPSE('',#10971,33.722099137234,33.7);
#10971 = AXIS2_PLACEMENT_3D('',#10972,#10973,#10974);
#10972 = CARTESIAN_POINT('',(0.,0.,78.814489469478));
#10973 = DIRECTION('',(3.596445426139E-02,4.097631973508E-03,
    0.999344668992));
#10974 = DIRECTION('',(-0.99292073723,-0.113129028192,3.619713466712E-02
    ));
#10975 = ORIENTED_EDGE('',*,*,#10976,.T.);
#10976 = EDGE_CURVE('',#10968,#7418,#10977,.T.);
#10977 = LINE('',#10978,#10979);
#10978 = CARTESIAN_POINT('',(-8.144858443003,-0.927989401234,79.111412)
  );
#10979 = VECTOR('',#10980,1.);
#10980 = DIRECTION('',(0.113203213768,-0.993571855677,0.));
#10981 = ORIENTED_EDGE('',*,*,#7426,.T.);
#10982 = ORIENTED_EDGE('',*,*,#10951,.F.);
#10983 = PLANE('',#10984);
#10984 = AXIS2_PLACEMENT_3D('',#10985,#10986,#10987);
#10985 = CARTESIAN_POINT('',(-8.144858443003,-0.927989401234,79.111412)
  );
#10986 = DIRECTION('',(3.596445426139E-02,4.097631973508E-03,
    0.999344668992));
#10987 = DIRECTION('',(0.99292073723,0.113129028192,-3.619713466712E-02)
  );
#10988 = ADVANCED_FACE('',(#10989),#11008,.F.);
#10989 = FACE_BOUND('',#10990,.F.);
#10990 = EDGE_LOOP('',(#10991,#11000,#11006,#11007));
#10991 = ORIENTED_EDGE('',*,*,#10992,.F.);
#10992 = EDGE_CURVE('',#10993,#10968,#10995,.T.);
#10993 = VERTEX_POINT('',#10994);
#10994 = CARTESIAN_POINT('',(-5.301524752723,-33.28038213867,79.006616)
  );
#10995 = ELLIPSE('',#10996,33.962903557969,33.7);
#10996 = AXIS2_PLACEMENT_3D('',#10997,#10998,#10999);
#10997 = CARTESIAN_POINT('',(0.,0.,80.137366039598));
#10998 = DIRECTION('',(-0.123386605392,-1.405812794165E-02,
    0.992259096531));
#10999 = DIRECTION('',(0.985880711852,0.112326918618,0.124184883748));
#11000 = ORIENTED_EDGE('',*,*,#11001,.T.);
#11001 = EDGE_CURVE('',#10993,#7409,#11002,.T.);
#11002 = LINE('',#11003,#11004);
#11003 = CARTESIAN_POINT('',(-8.976814410278,-1.022778810446,79.006616)
  );
#11004 = VECTOR('',#11005,1.);
#11005 = DIRECTION('',(0.113203213768,-0.993571855677,0.));
#11006 = ORIENTED_EDGE('',*,*,#7417,.T.);
#11007 = ORIENTED_EDGE('',*,*,#10976,.F.);
#11008 = PLANE('',#11009);
#11009 = AXIS2_PLACEMENT_3D('',#11010,#11011,#11012);
#11010 = CARTESIAN_POINT('',(-8.976814410278,-1.022778810446,79.006616)
  );
#11011 = DIRECTION('',(-0.123386605392,-1.405812794165E-02,
    0.992259096531));
#11012 = DIRECTION('',(0.985880711852,0.112326918618,0.124184883748));
#11013 = ADVANCED_FACE('',(#11014),#11033,.F.);
#11014 = FACE_BOUND('',#11015,.F.);
#11015 = EDGE_LOOP('',(#11016,#11025,#11031,#11032));
#11016 = ORIENTED_EDGE('',*,*,#11017,.F.);
#11017 = EDGE_CURVE('',#11018,#10993,#11020,.T.);
#11018 = VERTEX_POINT('',#11019);
#11019 = CARTESIAN_POINT('',(-5.706367615761,-33.21336129683,78.7974145)
  );
#11020 = ELLIPSE('',#11021,38.142004857713,33.7);
#11021 = AXIS2_PLACEMENT_3D('',#11022,#11023,#11024);
#11022 = CARTESIAN_POINT('',(0.,0.,83.795913342448));
#11023 = DIRECTION('',(-0.465344408835,-5.301929829039E-02,
    0.883540341566));
#11024 = DIRECTION('',(0.877860816735,0.100019606159,0.468355062773));
#11025 = ORIENTED_EDGE('',*,*,#11026,.T.);
#11026 = EDGE_CURVE('',#11018,#7400,#11027,.T.);
#11027 = LINE('',#11028,#11029);
#11028 = CARTESIAN_POINT('',(-9.368931020622,-1.067454854971,78.7974145)
  );
#11029 = VECTOR('',#11030,1.);
#11030 = DIRECTION('',(0.113203213768,-0.993571855677,0.));
#11031 = ORIENTED_EDGE('',*,*,#7408,.T.);
#11032 = ORIENTED_EDGE('',*,*,#11001,.F.);
#11033 = PLANE('',#11034);
#11034 = AXIS2_PLACEMENT_3D('',#11035,#11036,#11037);
#11035 = CARTESIAN_POINT('',(-9.368931020622,-1.067454854971,78.7974145)
  );
#11036 = DIRECTION('',(-0.465344408835,-5.301929829039E-02,
    0.883540341566));
#11037 = DIRECTION('',(0.877860816735,0.100019606159,0.468355062773));
#11038 = ADVANCED_FACE('',(#11039),#11058,.F.);
#11039 = FACE_BOUND('',#11040,.F.);
#11040 = EDGE_LOOP('',(#11041,#11050,#11056,#11057));
#11041 = ORIENTED_EDGE('',*,*,#11042,.F.);
#11042 = EDGE_CURVE('',#11043,#11018,#11045,.T.);
#11043 = VERTEX_POINT('',#11044);
#11044 = CARTESIAN_POINT('',(-5.9361269471,-33.17306734186,78.4724475));
#11045 = ELLIPSE('',#11046,59.429787909598,33.7);
#11046 = AXIS2_PLACEMENT_3D('',#11047,#11048,#11049);
#11047 = CARTESIAN_POINT('',(0.,0.,92.494345554745));
#11048 = DIRECTION('',(-0.818384717471,-9.324316060984E-02,0.56705570027
    ));
#11049 = DIRECTION('',(0.56341058439,6.419252765602E-02,0.823679447838)
  );
#11050 = ORIENTED_EDGE('',*,*,#11051,.T.);
#11051 = EDGE_CURVE('',#11043,#7391,#11052,.T.);
#11052 = LINE('',#11053,#11054);
#11053 = CARTESIAN_POINT('',(-9.591213909746,-1.092780791158,78.4724475)
  );
#11054 = VECTOR('',#11055,1.);
#11055 = DIRECTION('',(0.113203213768,-0.993571855677,0.));
#11056 = ORIENTED_EDGE('',*,*,#7399,.T.);
#11057 = ORIENTED_EDGE('',*,*,#11026,.F.);
#11058 = PLANE('',#11059);
#11059 = AXIS2_PLACEMENT_3D('',#11060,#11061,#11062);
#11060 = CARTESIAN_POINT('',(-9.591213909746,-1.092780791158,78.4724475)
  );
#11061 = DIRECTION('',(-0.818384717471,-9.324316060984E-02,0.56705570027
    ));
#11062 = DIRECTION('',(0.56341058439,6.419252765602E-02,0.823679447838)
  );
#11063 = ADVANCED_FACE('',(#11064),#11083,.F.);
#11064 = FACE_BOUND('',#11065,.F.);
#11065 = EDGE_LOOP('',(#11066,#11075,#11081,#11082));
#11066 = ORIENTED_EDGE('',*,*,#11067,.F.);
#11067 = EDGE_CURVE('',#11068,#11043,#11070,.T.);
#11068 = VERTEX_POINT('',#11069);
#11069 = CARTESIAN_POINT('',(-5.933829138928,-33.1734784391,77.6328725)
  );
#11070 = ELLIPSE('',#11071,1.265091790163E+04,33.7);
#11071 = AXIS2_PLACEMENT_3D('',#11072,#11073,#11074);
#11072 = CARTESIAN_POINT('',(0.,0.,-3.545333151309E+03));
#11073 = DIRECTION('',(-0.99356833046,-0.11320281212,-2.663838328733E-03
    ));
#11074 = DIRECTION('',(-2.646714791501E-03,-3.015550597707E-04,
    0.999996451976));
#11075 = ORIENTED_EDGE('',*,*,#11076,.T.);
#11076 = EDGE_CURVE('',#11068,#7382,#11077,.T.);
#11077 = LINE('',#11078,#11079);
#11078 = CARTESIAN_POINT('',(-9.58899178629,-1.09252761217,77.6328725));
#11079 = VECTOR('',#11080,1.);
#11080 = DIRECTION('',(0.113203213768,-0.993571855677,0.));
#11081 = ORIENTED_EDGE('',*,*,#7390,.T.);
#11082 = ORIENTED_EDGE('',*,*,#11051,.F.);
#11083 = PLANE('',#11084);
#11084 = AXIS2_PLACEMENT_3D('',#11085,#11086,#11087);
#11085 = CARTESIAN_POINT('',(-9.58899178629,-1.09252761217,77.6328725));
#11086 = DIRECTION('',(-0.99356833046,-0.11320281212,-2.663838328733E-03
    ));
#11087 = DIRECTION('',(-2.646714791501E-03,-3.015550597707E-04,
    0.999996451976));
#11088 = ADVANCED_FACE('',(#11089),#11101,.F.);
#11089 = FACE_BOUND('',#11090,.F.);
#11090 = EDGE_LOOP('',(#11091,#11098,#11099,#11100));
#11091 = ORIENTED_EDGE('',*,*,#11092,.F.);
#11092 = EDGE_CURVE('',#10788,#11068,#11093,.T.);
#11093 = ELLIPSE('',#11094,56.711312475022,33.7);
#11094 = AXIS2_PLACEMENT_3D('',#11095,#11096,#11097);
#11095 = CARTESIAN_POINT('',(0.,0.,64.570386241969));
#11096 = DIRECTION('',(-0.799119382458,-9.104815294602E-02,
    -0.594237701955));
#11097 = DIRECTION('',(-0.590417856244,-6.726961760334E-02,
    0.804289471257));
#11098 = ORIENTED_EDGE('',*,*,#10803,.T.);
#11099 = ORIENTED_EDGE('',*,*,#7381,.T.);
#11100 = ORIENTED_EDGE('',*,*,#11076,.F.);
#11101 = PLANE('',#11102);
#11102 = AXIS2_PLACEMENT_3D('',#11103,#11104,#11105);
#11103 = CARTESIAN_POINT('',(-9.319973761005,-1.061876879816,77.266406)
  );
#11104 = DIRECTION('',(-0.799119382458,-9.104815294602E-02,
    -0.594237701955));
#11105 = DIRECTION('',(-0.590417856244,-6.726961760334E-02,
    0.804289471257));
#11106 = ADVANCED_FACE('',(#11107),#11126,.T.);
#11107 = FACE_BOUND('',#11108,.T.);
#11108 = EDGE_LOOP('',(#11109,#11117,#11124,#11125));
#11109 = ORIENTED_EDGE('',*,*,#11110,.F.);
#11110 = EDGE_CURVE('',#11111,#7496,#11113,.T.);
#11111 = VERTEX_POINT('',#11112);
#11112 = CARTESIAN_POINT('',(34.5,-8.E-15,121.7));
#11113 = LINE('',#11114,#11115);
#11114 = CARTESIAN_POINT('',(34.5,-8.45E-15,8.));
#11115 = VECTOR('',#11116,1.);
#11116 = DIRECTION('',(0.,0.,1.));
#11117 = ORIENTED_EDGE('',*,*,#11118,.T.);
#11118 = EDGE_CURVE('',#11111,#11111,#11119,.T.);
#11119 = CIRCLE('',#11120,34.5);
#11120 = AXIS2_PLACEMENT_3D('',#11121,#11122,#11123);
#11121 = CARTESIAN_POINT('',(0.,0.,121.7));
#11122 = DIRECTION('',(0.,0.,1.));
#11123 = DIRECTION('',(1.,0.,0.));
#11124 = ORIENTED_EDGE('',*,*,#11110,.T.);
#11125 = ORIENTED_EDGE('',*,*,#7495,.F.);
#11126 = CYLINDRICAL_SURFACE('',#11127,34.5);
#11127 = AXIS2_PLACEMENT_3D('',#11128,#11129,#11130);
#11128 = CARTESIAN_POINT('',(0.,0.,8.));
#11129 = DIRECTION('',(0.,0.,1.));
#11130 = DIRECTION('',(1.,0.,0.));
#11131 = ADVANCED_FACE('',(#11132),#11151,.T.);
#11132 = FACE_BOUND('',#11133,.T.);
#11133 = EDGE_LOOP('',(#11134,#11143,#11149,#11150));
#11134 = ORIENTED_EDGE('',*,*,#11135,.F.);
#11135 = EDGE_CURVE('',#11136,#11136,#11138,.T.);
#11136 = VERTEX_POINT('',#11137);
#11137 = CARTESIAN_POINT('',(34.,-8.E-15,119.2));
#11138 = CIRCLE('',#11139,34.);
#11139 = AXIS2_PLACEMENT_3D('',#11140,#11141,#11142);
#11140 = CARTESIAN_POINT('',(0.,0.,119.2));
#11141 = DIRECTION('',(0.,0.,1.));
#11142 = DIRECTION('',(1.,0.,0.));
#11143 = ORIENTED_EDGE('',*,*,#11144,.F.);
#11144 = EDGE_CURVE('',#7519,#11136,#11145,.T.);
#11145 = LINE('',#11146,#11147);
#11146 = CARTESIAN_POINT('',(34.,-8.33E-15,116.8));
#11147 = VECTOR('',#11148,1.);
#11148 = DIRECTION('',(0.,0.,1.));
#11149 = ORIENTED_EDGE('',*,*,#7518,.T.);
#11150 = ORIENTED_EDGE('',*,*,#11144,.T.);
#11151 = CYLINDRICAL_SURFACE('',#11152,34.);
#11152 = AXIS2_PLACEMENT_3D('',#11153,#11154,#11155);
#11153 = CARTESIAN_POINT('',(0.,0.,116.8));
#11154 = DIRECTION('',(0.,0.,1.));
#11155 = DIRECTION('',(1.,0.,0.));
#11156 = ADVANCED_FACE('',(#11157),#11169,.T.);
#11157 = FACE_BOUND('',#11158,.T.);
#11158 = EDGE_LOOP('',(#11159,#11160,#11161,#11162,#11163,#11164,#11165,
    #11166,#11167,#11168));
#11159 = ORIENTED_EDGE('',*,*,#7767,.F.);
#11160 = ORIENTED_EDGE('',*,*,#7535,.F.);
#11161 = ORIENTED_EDGE('',*,*,#7568,.T.);
#11162 = ORIENTED_EDGE('',*,*,#7592,.F.);
#11163 = ORIENTED_EDGE('',*,*,#7617,.F.);
#11164 = ORIENTED_EDGE('',*,*,#7642,.F.);
#11165 = ORIENTED_EDGE('',*,*,#7667,.F.);
#11166 = ORIENTED_EDGE('',*,*,#7692,.F.);
#11167 = ORIENTED_EDGE('',*,*,#7717,.F.);
#11168 = ORIENTED_EDGE('',*,*,#7742,.F.);
#11169 = CYLINDRICAL_SURFACE('',#11170,33.7);
#11170 = AXIS2_PLACEMENT_3D('',#11171,#11172,#11173);
#11171 = CARTESIAN_POINT('',(0.,0.,-100.));
#11172 = DIRECTION('',(0.,0.,1.));
#11173 = DIRECTION('',(-0.993571855677,-0.113203213768,0.));
#11174 = ADVANCED_FACE('',(#11175),#11194,.T.);
#11175 = FACE_BOUND('',#11176,.T.);
#11176 = EDGE_LOOP('',(#11177,#11178,#11179,#11180,#11181,#11182,#11183,
    #11184,#11185,#11186,#11187,#11188,#11189,#11190,#11191,#11192,
    #11193));
#11177 = ORIENTED_EDGE('',*,*,#8192,.F.);
#11178 = ORIENTED_EDGE('',*,*,#7785,.F.);
#11179 = ORIENTED_EDGE('',*,*,#7817,.F.);
#11180 = ORIENTED_EDGE('',*,*,#7842,.F.);
#11181 = ORIENTED_EDGE('',*,*,#7867,.F.);
#11182 = ORIENTED_EDGE('',*,*,#7892,.F.);
#11183 = ORIENTED_EDGE('',*,*,#7917,.F.);
#11184 = ORIENTED_EDGE('',*,*,#7942,.F.);
#11185 = ORIENTED_EDGE('',*,*,#7967,.F.);
#11186 = ORIENTED_EDGE('',*,*,#7992,.F.);
#11187 = ORIENTED_EDGE('',*,*,#8017,.F.);
#11188 = ORIENTED_EDGE('',*,*,#8042,.F.);
#11189 = ORIENTED_EDGE('',*,*,#8067,.F.);
#11190 = ORIENTED_EDGE('',*,*,#8092,.F.);
#11191 = ORIENTED_EDGE('',*,*,#8117,.F.);
#11192 = ORIENTED_EDGE('',*,*,#8142,.F.);
#11193 = ORIENTED_EDGE('',*,*,#8167,.F.);
#11194 = CYLINDRICAL_SURFACE('',#11195,33.7);
#11195 = AXIS2_PLACEMENT_3D('',#11196,#11197,#11198);
#11196 = CARTESIAN_POINT('',(0.,0.,-100.));
#11197 = DIRECTION('',(0.,0.,1.));
#11198 = DIRECTION('',(-0.993571855677,-0.113203213768,0.));
#11199 = ADVANCED_FACE('',(#11200),#11291,.T.);
#11200 = FACE_BOUND('',#11201,.T.);
#11201 = EDGE_LOOP('',(#11202,#11203,#11204,#11205,#11206,#11207,#11208,
    #11209,#11210,#11211,#11212,#11213,#11214,#11215,#11216,#11217,
    #11218,#11219,#11220,#11221,#11222,#11223,#11224,#11225,#11226,
    #11227,#11228,#11229,#11230,#11231,#11232,#11233,#11234,#11235,
    #11236,#11237,#11238,#11239,#11240,#11241,#11242,#11243,#11244,
    #11245,#11246,#11247,#11248,#11249,#11250,#11251,#11252,#11253,
    #11254,#11255,#11256,#11257,#11258,#11259,#11260,#11261,#11262,
    #11263,#11264,#11265,#11266,#11267,#11268,#11269,#11270,#11271,
    #11272,#11273,#11274,#11275,#11276,#11277,#11278,#11279,#11280,
    #11281,#11282,#11283,#11284,#11285,#11286,#11287,#11288,#11289,
    #11290));
#11202 = ORIENTED_EDGE('',*,*,#10417,.F.);
#11203 = ORIENTED_EDGE('',*,*,#8210,.F.);
#11204 = ORIENTED_EDGE('',*,*,#8242,.F.);
#11205 = ORIENTED_EDGE('',*,*,#8267,.F.);
#11206 = ORIENTED_EDGE('',*,*,#8292,.F.);
#11207 = ORIENTED_EDGE('',*,*,#8317,.F.);
#11208 = ORIENTED_EDGE('',*,*,#8342,.F.);
#11209 = ORIENTED_EDGE('',*,*,#8367,.F.);
#11210 = ORIENTED_EDGE('',*,*,#8392,.F.);
#11211 = ORIENTED_EDGE('',*,*,#8417,.F.);
#11212 = ORIENTED_EDGE('',*,*,#8442,.F.);
#11213 = ORIENTED_EDGE('',*,*,#8467,.F.);
#11214 = ORIENTED_EDGE('',*,*,#8492,.F.);
#11215 = ORIENTED_EDGE('',*,*,#8517,.F.);
#11216 = ORIENTED_EDGE('',*,*,#8542,.F.);
#11217 = ORIENTED_EDGE('',*,*,#8567,.F.);
#11218 = ORIENTED_EDGE('',*,*,#8592,.F.);
#11219 = ORIENTED_EDGE('',*,*,#8617,.F.);
#11220 = ORIENTED_EDGE('',*,*,#8642,.F.);
#11221 = ORIENTED_EDGE('',*,*,#8667,.F.);
#11222 = ORIENTED_EDGE('',*,*,#8692,.F.);
#11223 = ORIENTED_EDGE('',*,*,#8717,.F.);
#11224 = ORIENTED_EDGE('',*,*,#8742,.F.);
#11225 = ORIENTED_EDGE('',*,*,#8767,.F.);
#11226 = ORIENTED_EDGE('',*,*,#8792,.F.);
#11227 = ORIENTED_EDGE('',*,*,#8817,.F.);
#11228 = ORIENTED_EDGE('',*,*,#8842,.F.);
#11229 = ORIENTED_EDGE('',*,*,#8867,.F.);
#11230 = ORIENTED_EDGE('',*,*,#8892,.F.);
#11231 = ORIENTED_EDGE('',*,*,#8917,.F.);
#11232 = ORIENTED_EDGE('',*,*,#8942,.F.);
#11233 = ORIENTED_EDGE('',*,*,#8967,.F.);
#11234 = ORIENTED_EDGE('',*,*,#8992,.F.);
#11235 = ORIENTED_EDGE('',*,*,#9017,.F.);
#11236 = ORIENTED_EDGE('',*,*,#9042,.F.);
#11237 = ORIENTED_EDGE('',*,*,#9067,.F.);
#11238 = ORIENTED_EDGE('',*,*,#9092,.F.);
#11239 = ORIENTED_EDGE('',*,*,#9117,.F.);
#11240 = ORIENTED_EDGE('',*,*,#9142,.F.);
#11241 = ORIENTED_EDGE('',*,*,#9167,.F.);
#11242 = ORIENTED_EDGE('',*,*,#9192,.F.);
#11243 = ORIENTED_EDGE('',*,*,#9217,.F.);
#11244 = ORIENTED_EDGE('',*,*,#9242,.F.);
#11245 = ORIENTED_EDGE('',*,*,#9267,.F.);
#11246 = ORIENTED_EDGE('',*,*,#9292,.F.);
#11247 = ORIENTED_EDGE('',*,*,#9317,.F.);
#11248 = ORIENTED_EDGE('',*,*,#9342,.F.);
#11249 = ORIENTED_EDGE('',*,*,#9367,.F.);
#11250 = ORIENTED_EDGE('',*,*,#9392,.F.);
#11251 = ORIENTED_EDGE('',*,*,#9417,.F.);
#11252 = ORIENTED_EDGE('',*,*,#9442,.F.);
#11253 = ORIENTED_EDGE('',*,*,#9467,.F.);
#11254 = ORIENTED_EDGE('',*,*,#9492,.F.);
#11255 = ORIENTED_EDGE('',*,*,#9517,.F.);
#11256 = ORIENTED_EDGE('',*,*,#9542,.F.);
#11257 = ORIENTED_EDGE('',*,*,#9567,.F.);
#11258 = ORIENTED_EDGE('',*,*,#9592,.F.);
#11259 = ORIENTED_EDGE('',*,*,#9617,.F.);
#11260 = ORIENTED_EDGE('',*,*,#9642,.F.);
#11261 = ORIENTED_EDGE('',*,*,#9667,.F.);
#11262 = ORIENTED_EDGE('',*,*,#9692,.F.);
#11263 = ORIENTED_EDGE('',*,*,#9717,.F.);
#11264 = ORIENTED_EDGE('',*,*,#9742,.F.);
#11265 = ORIENTED_EDGE('',*,*,#9767,.F.);
#11266 = ORIENTED_EDGE('',*,*,#9792,.F.);
#11267 = ORIENTED_EDGE('',*,*,#9817,.F.);
#11268 = ORIENTED_EDGE('',*,*,#9842,.F.);
#11269 = ORIENTED_EDGE('',*,*,#9867,.F.);
#11270 = ORIENTED_EDGE('',*,*,#9892,.F.);
#11271 = ORIENTED_EDGE('',*,*,#9917,.F.);
#11272 = ORIENTED_EDGE('',*,*,#9942,.F.);
#11273 = ORIENTED_EDGE('',*,*,#9967,.F.);
#11274 = ORIENTED_EDGE('',*,*,#9992,.F.);
#11275 = ORIENTED_EDGE('',*,*,#10017,.F.);
#11276 = ORIENTED_EDGE('',*,*,#10042,.F.);
#11277 = ORIENTED_EDGE('',*,*,#10067,.F.);
#11278 = ORIENTED_EDGE('',*,*,#10092,.F.);
#11279 = ORIENTED_EDGE('',*,*,#10117,.F.);
#11280 = ORIENTED_EDGE('',*,*,#10142,.F.);
#11281 = ORIENTED_EDGE('',*,*,#10167,.F.);
#11282 = ORIENTED_EDGE('',*,*,#10192,.F.);
#11283 = ORIENTED_EDGE('',*,*,#10217,.F.);
#11284 = ORIENTED_EDGE('',*,*,#10242,.F.);
#11285 = ORIENTED_EDGE('',*,*,#10267,.F.);
#11286 = ORIENTED_EDGE('',*,*,#10292,.F.);
#11287 = ORIENTED_EDGE('',*,*,#10317,.F.);
#11288 = ORIENTED_EDGE('',*,*,#10342,.F.);
#11289 = ORIENTED_EDGE('',*,*,#10367,.F.);
#11290 = ORIENTED_EDGE('',*,*,#10392,.F.);
#11291 = CYLINDRICAL_SURFACE('',#11292,33.7);
#11292 = AXIS2_PLACEMENT_3D('',#11293,#11294,#11295);
#11293 = CARTESIAN_POINT('',(0.,0.,-100.));
#11294 = DIRECTION('',(0.,0.,1.));
#11295 = DIRECTION('',(-0.993571855677,-0.113203213768,0.));
#11296 = ADVANCED_FACE('',(#11297),#11313,.T.);
#11297 = FACE_BOUND('',#11298,.T.);
#11298 = EDGE_LOOP('',(#11299,#11300,#11301,#11302,#11303,#11304,#11305,
    #11306,#11307,#11308,#11309,#11310,#11311,#11312));
#11299 = ORIENTED_EDGE('',*,*,#10767,.F.);
#11300 = ORIENTED_EDGE('',*,*,#10435,.F.);
#11301 = ORIENTED_EDGE('',*,*,#10467,.F.);
#11302 = ORIENTED_EDGE('',*,*,#10492,.F.);
#11303 = ORIENTED_EDGE('',*,*,#10517,.F.);
#11304 = ORIENTED_EDGE('',*,*,#10542,.F.);
#11305 = ORIENTED_EDGE('',*,*,#10567,.F.);
#11306 = ORIENTED_EDGE('',*,*,#10592,.F.);
#11307 = ORIENTED_EDGE('',*,*,#10617,.F.);
#11308 = ORIENTED_EDGE('',*,*,#10642,.F.);
#11309 = ORIENTED_EDGE('',*,*,#10667,.F.);
#11310 = ORIENTED_EDGE('',*,*,#10692,.F.);
#11311 = ORIENTED_EDGE('',*,*,#10717,.F.);
#11312 = ORIENTED_EDGE('',*,*,#10742,.F.);
#11313 = CYLINDRICAL_SURFACE('',#11314,33.7);
#11314 = AXIS2_PLACEMENT_3D('',#11315,#11316,#11317);
#11315 = CARTESIAN_POINT('',(0.,0.,-100.));
#11316 = DIRECTION('',(0.,0.,1.));
#11317 = DIRECTION('',(-0.993571855677,-0.113203213768,0.));
#11318 = ADVANCED_FACE('',(#11319),#11334,.T.);
#11319 = FACE_BOUND('',#11320,.T.);
#11320 = EDGE_LOOP('',(#11321,#11322,#11323,#11324,#11325,#11326,#11327,
    #11328,#11329,#11330,#11331,#11332,#11333));
#11321 = ORIENTED_EDGE('',*,*,#11092,.F.);
#11322 = ORIENTED_EDGE('',*,*,#10785,.F.);
#11323 = ORIENTED_EDGE('',*,*,#10818,.T.);
#11324 = ORIENTED_EDGE('',*,*,#10842,.F.);
#11325 = ORIENTED_EDGE('',*,*,#10867,.F.);
#11326 = ORIENTED_EDGE('',*,*,#10892,.F.);
#11327 = ORIENTED_EDGE('',*,*,#10917,.F.);
#11328 = ORIENTED_EDGE('',*,*,#10942,.F.);
#11329 = ORIENTED_EDGE('',*,*,#10967,.F.);
#11330 = ORIENTED_EDGE('',*,*,#10992,.F.);
#11331 = ORIENTED_EDGE('',*,*,#11017,.F.);
#11332 = ORIENTED_EDGE('',*,*,#11042,.F.);
#11333 = ORIENTED_EDGE('',*,*,#11067,.F.);
#11334 = CYLINDRICAL_SURFACE('',#11335,33.7);
#11335 = AXIS2_PLACEMENT_3D('',#11336,#11337,#11338);
#11336 = CARTESIAN_POINT('',(0.,0.,-100.));
#11337 = DIRECTION('',(0.,0.,1.));
#11338 = DIRECTION('',(-0.993571855677,-0.113203213768,0.));
#11339 = ADVANCED_FACE('',(#11340,#11343),#11354,.F.);
#11340 = FACE_BOUND('',#11341,.F.);
#11341 = EDGE_LOOP('',(#11342));
#11342 = ORIENTED_EDGE('',*,*,#11118,.T.);
#11343 = FACE_BOUND('',#11344,.F.);
#11344 = EDGE_LOOP('',(#11345));
#11345 = ORIENTED_EDGE('',*,*,#11346,.F.);
#11346 = EDGE_CURVE('',#11347,#11347,#11349,.T.);
#11347 = VERTEX_POINT('',#11348);
#11348 = CARTESIAN_POINT('',(34.,-8.E-15,121.7));
#11349 = CIRCLE('',#11350,34.);
#11350 = AXIS2_PLACEMENT_3D('',#11351,#11352,#11353);
#11351 = CARTESIAN_POINT('',(0.,0.,121.7));
#11352 = DIRECTION('',(0.,0.,1.));
#11353 = DIRECTION('',(1.,0.,0.));
#11354 = PLANE('',#11355);
#11355 = AXIS2_PLACEMENT_3D('',#11356,#11357,#11358);
#11356 = CARTESIAN_POINT('',(0.,0.,121.7));
#11357 = DIRECTION('',(0.,0.,1.));
#11358 = DIRECTION('',(1.,0.,0.));
#11359 = ADVANCED_FACE('',(#11360,#11371),#11374,.F.);
#11360 = FACE_BOUND('',#11361,.F.);
#11361 = EDGE_LOOP('',(#11362));
#11362 = ORIENTED_EDGE('',*,*,#11363,.T.);
#11363 = EDGE_CURVE('',#11364,#11364,#11366,.T.);
#11364 = VERTEX_POINT('',#11365);
#11365 = CARTESIAN_POINT('',(34.5,-8.E-15,119.2));
#11366 = CIRCLE('',#11367,34.5);
#11367 = AXIS2_PLACEMENT_3D('',#11368,#11369,#11370);
#11368 = CARTESIAN_POINT('',(0.,0.,119.2));
#11369 = DIRECTION('',(0.,0.,1.));
#11370 = DIRECTION('',(1.,0.,0.));
#11371 = FACE_BOUND('',#11372,.F.);
#11372 = EDGE_LOOP('',(#11373));
#11373 = ORIENTED_EDGE('',*,*,#11135,.F.);
#11374 = PLANE('',#11375);
#11375 = AXIS2_PLACEMENT_3D('',#11376,#11377,#11378);
#11376 = CARTESIAN_POINT('',(0.,0.,119.2));
#11377 = DIRECTION('',(0.,0.,1.));
#11378 = DIRECTION('',(1.,0.,0.));
#11379 = ADVANCED_FACE('',(#11380),#11399,.T.);
#11380 = FACE_BOUND('',#11381,.T.);
#11381 = EDGE_LOOP('',(#11382,#11383,#11391,#11398));
#11382 = ORIENTED_EDGE('',*,*,#11346,.F.);
#11383 = ORIENTED_EDGE('',*,*,#11384,.F.);
#11384 = EDGE_CURVE('',#11385,#11347,#11387,.T.);
#11385 = VERTEX_POINT('',#11386);
#11386 = CARTESIAN_POINT('',(34.,-8.E-15,120.3));
#11387 = LINE('',#11388,#11389);
#11388 = CARTESIAN_POINT('',(34.,-8.33E-15,119.3));
#11389 = VECTOR('',#11390,1.);
#11390 = DIRECTION('',(0.,0.,1.));
#11391 = ORIENTED_EDGE('',*,*,#11392,.T.);
#11392 = EDGE_CURVE('',#11385,#11385,#11393,.T.);
#11393 = CIRCLE('',#11394,34.);
#11394 = AXIS2_PLACEMENT_3D('',#11395,#11396,#11397);
#11395 = CARTESIAN_POINT('',(0.,0.,120.3));
#11396 = DIRECTION('',(0.,0.,1.));
#11397 = DIRECTION('',(1.,0.,0.));
#11398 = ORIENTED_EDGE('',*,*,#11384,.T.);
#11399 = CYLINDRICAL_SURFACE('',#11400,34.);
#11400 = AXIS2_PLACEMENT_3D('',#11401,#11402,#11403);
#11401 = CARTESIAN_POINT('',(0.,0.,119.3));
#11402 = DIRECTION('',(0.,0.,1.));
#11403 = DIRECTION('',(1.,0.,0.));
#11404 = ADVANCED_FACE('',(#11405),#11424,.T.);
#11405 = FACE_BOUND('',#11406,.T.);
#11406 = EDGE_LOOP('',(#11407,#11415,#11416,#11417));
#11407 = ORIENTED_EDGE('',*,*,#11408,.F.);
#11408 = EDGE_CURVE('',#11364,#11409,#11411,.T.);
#11409 = VERTEX_POINT('',#11410);
#11410 = CARTESIAN_POINT('',(34.5,-8.E-15,120.3));
#11411 = LINE('',#11412,#11413);
#11412 = CARTESIAN_POINT('',(34.5,-8.45E-15,8.));
#11413 = VECTOR('',#11414,1.);
#11414 = DIRECTION('',(0.,0.,1.));
#11415 = ORIENTED_EDGE('',*,*,#11363,.T.);
#11416 = ORIENTED_EDGE('',*,*,#11408,.T.);
#11417 = ORIENTED_EDGE('',*,*,#11418,.F.);
#11418 = EDGE_CURVE('',#11409,#11409,#11419,.T.);
#11419 = CIRCLE('',#11420,34.5);
#11420 = AXIS2_PLACEMENT_3D('',#11421,#11422,#11423);
#11421 = CARTESIAN_POINT('',(0.,0.,120.3));
#11422 = DIRECTION('',(0.,0.,1.));
#11423 = DIRECTION('',(1.,0.,0.));
#11424 = CYLINDRICAL_SURFACE('',#11425,34.5);
#11425 = AXIS2_PLACEMENT_3D('',#11426,#11427,#11428);
#11426 = CARTESIAN_POINT('',(0.,0.,8.));
#11427 = DIRECTION('',(0.,0.,1.));
#11428 = DIRECTION('',(1.,0.,0.));
#11429 = ADVANCED_FACE('',(#11430,#11433),#11436,.T.);
#11430 = FACE_BOUND('',#11431,.T.);
#11431 = EDGE_LOOP('',(#11432));
#11432 = ORIENTED_EDGE('',*,*,#11418,.T.);
#11433 = FACE_BOUND('',#11434,.T.);
#11434 = EDGE_LOOP('',(#11435));
#11435 = ORIENTED_EDGE('',*,*,#11392,.F.);
#11436 = PLANE('',#11437);
#11437 = AXIS2_PLACEMENT_3D('',#11438,#11439,#11440);
#11438 = CARTESIAN_POINT('',(0.,0.,120.3));
#11439 = DIRECTION('',(0.,0.,1.));
#11440 = DIRECTION('',(1.,0.,0.));
#11441 = ADVANCED_FACE('',(#11442,#11445),#11498,.F.);
#11442 = FACE_BOUND('',#11443,.T.);
#11443 = EDGE_LOOP('',(#11444));
#11444 = ORIENTED_EDGE('',*,*,#247,.F.);
#11445 = FACE_BOUND('',#11446,.F.);
#11446 = EDGE_LOOP('',(#11447,#11448,#11457,#11463,#11464,#11465,#11474,
    #11480,#11481,#11482,#11491,#11497));
#11447 = ORIENTED_EDGE('',*,*,#770,.T.);
#11448 = ORIENTED_EDGE('',*,*,#11449,.F.);
#11449 = EDGE_CURVE('',#11450,#771,#11452,.T.);
#11450 = VERTEX_POINT('',#11451);
#11451 = CARTESIAN_POINT('',(30.205472008342,-6.97348268466,8.));
#11452 = CIRCLE('',#11453,31.);
#11453 = AXIS2_PLACEMENT_3D('',#11454,#11455,#11456);
#11454 = CARTESIAN_POINT('',(0.,0.,8.));
#11455 = DIRECTION('',(-0.,0.,1.));
#11456 = DIRECTION('',(0.974370064785,-0.224951054344,0.));
#11457 = ORIENTED_EDGE('',*,*,#11458,.F.);
#11458 = EDGE_CURVE('',#674,#11450,#11459,.T.);
#11459 = LINE('',#11460,#11461);
#11460 = CARTESIAN_POINT('',(0.,0.,8.));
#11461 = VECTOR('',#11462,1.);
#11462 = DIRECTION('',(0.974370064785,-0.224951054344,0.));
#11463 = ORIENTED_EDGE('',*,*,#673,.F.);
#11464 = ORIENTED_EDGE('',*,*,#739,.T.);
#11465 = ORIENTED_EDGE('',*,*,#11466,.F.);
#11466 = EDGE_CURVE('',#11467,#740,#11469,.T.);
#11467 = VERTEX_POINT('',#11468);
#11468 = CARTESIAN_POINT('',(-21.14194916193,-22.67196475019,8.));
#11469 = CIRCLE('',#11470,31.);
#11470 = AXIS2_PLACEMENT_3D('',#11471,#11472,#11473);
#11471 = CARTESIAN_POINT('',(0.,0.,8.));
#11472 = DIRECTION('',(0.,0.,1.));
#11473 = DIRECTION('',(-0.681998360062,-0.731353701619,0.));
#11474 = ORIENTED_EDGE('',*,*,#11475,.F.);
#11475 = EDGE_CURVE('',#623,#11467,#11476,.T.);
#11476 = LINE('',#11477,#11478);
#11477 = CARTESIAN_POINT('',(0.,0.,8.));
#11478 = VECTOR('',#11479,1.);
#11479 = DIRECTION('',(-0.681998360062,-0.731353701619,0.));
#11480 = ORIENTED_EDGE('',*,*,#622,.F.);
#11481 = ORIENTED_EDGE('',*,*,#708,.T.);
#11482 = ORIENTED_EDGE('',*,*,#11483,.F.);
#11483 = EDGE_CURVE('',#11484,#709,#11486,.T.);
#11484 = VERTEX_POINT('',#11485);
#11485 = CARTESIAN_POINT('',(-9.063522846405,29.645447434854,8.));
#11486 = CIRCLE('',#11487,31.);
#11487 = AXIS2_PLACEMENT_3D('',#11488,#11489,#11490);
#11488 = CARTESIAN_POINT('',(0.,0.,8.));
#11489 = DIRECTION('',(0.,0.,1.));
#11490 = DIRECTION('',(-0.292371704723,0.956304755963,0.));
#11491 = ORIENTED_EDGE('',*,*,#11492,.F.);
#11492 = EDGE_CURVE('',#572,#11484,#11493,.T.);
#11493 = LINE('',#11494,#11495);
#11494 = CARTESIAN_POINT('',(0.,0.,8.));
#11495 = VECTOR('',#11496,1.);
#11496 = DIRECTION('',(-0.292371704723,0.956304755963,0.));
#11497 = ORIENTED_EDGE('',*,*,#571,.F.);
#11498 = PLANE('',#11499);
#11499 = AXIS2_PLACEMENT_3D('',#11500,#11501,#11502);
#11500 = CARTESIAN_POINT('',(0.,0.,8.));
#11501 = DIRECTION('',(0.,0.,1.));
#11502 = DIRECTION('',(1.,0.,0.));
#11503 = ADVANCED_FACE('',(#11504),#11515,.T.);
#11504 = FACE_BOUND('',#11505,.T.);
#11505 = EDGE_LOOP('',(#11506,#11507,#11508,#11509));
#11506 = ORIENTED_EDGE('',*,*,#11492,.F.);
#11507 = ORIENTED_EDGE('',*,*,#580,.T.);
#11508 = ORIENTED_EDGE('',*,*,#984,.T.);
#11509 = ORIENTED_EDGE('',*,*,#11510,.F.);
#11510 = EDGE_CURVE('',#11484,#974,#11511,.T.);
#11511 = LINE('',#11512,#11513);
#11512 = CARTESIAN_POINT('',(-9.063522846405,29.645447434854,11.65));
#11513 = VECTOR('',#11514,1.);
#11514 = DIRECTION('',(0.,0.,1.));
#11515 = PLANE('',#11516);
#11516 = AXIS2_PLACEMENT_3D('',#11517,#11518,#11519);
#11517 = CARTESIAN_POINT('',(-8.698058215501,28.4500664899,11.425));
#11518 = DIRECTION('',(-0.956304755963,-0.292371704723,-0.));
#11519 = DIRECTION('',(0.292371704723,-0.956304755963,0.));
#11520 = ADVANCED_FACE('',(#11521),#11539,.T.);
#11521 = FACE_BOUND('',#11522,.T.);
#11522 = EDGE_LOOP('',(#11523,#11531,#11537,#11538));
#11523 = ORIENTED_EDGE('',*,*,#11524,.T.);
#11524 = EDGE_CURVE('',#3518,#11525,#11527,.T.);
#11525 = VERTEX_POINT('',#11526);
#11526 = CARTESIAN_POINT('',(-21.14194916193,22.671964750194,131.90625)
  );
#11527 = LINE('',#11528,#11529);
#11528 = CARTESIAN_POINT('',(-21.14194916193,22.671964750194,123.55625)
  );
#11529 = VECTOR('',#11530,1.);
#11530 = DIRECTION('',(0.,0.,1.));
#11531 = ORIENTED_EDGE('',*,*,#11532,.F.);
#11532 = EDGE_CURVE('',#2217,#11525,#11533,.T.);
#11533 = LINE('',#11534,#11535);
#11534 = CARTESIAN_POINT('',(0.,0.,131.90625));
#11535 = VECTOR('',#11536,1.);
#11536 = DIRECTION('',(-0.681998360062,0.731353701619,0.));
#11537 = ORIENTED_EDGE('',*,*,#2225,.F.);
#11538 = ORIENTED_EDGE('',*,*,#3526,.T.);
#11539 = PLANE('',#11540);
#11540 = AXIS2_PLACEMENT_3D('',#11541,#11542,#11543);
#11541 = CARTESIAN_POINT('',(-20.28945121185,21.75777262317,127.73125));
#11542 = DIRECTION('',(0.731353701619,0.681998360062,5.5E-16));
#11543 = DIRECTION('',(-0.681998360062,0.731353701619,4.231491877866E-32
    ));
#11544 = ADVANCED_FACE('',(#11545),#11556,.T.);
#11545 = FACE_BOUND('',#11546,.T.);
#11546 = EDGE_LOOP('',(#11547,#11548,#11549,#11550));
#11547 = ORIENTED_EDGE('',*,*,#11475,.F.);
#11548 = ORIENTED_EDGE('',*,*,#631,.T.);
#11549 = ORIENTED_EDGE('',*,*,#910,.T.);
#11550 = ORIENTED_EDGE('',*,*,#11551,.F.);
#11551 = EDGE_CURVE('',#11467,#900,#11552,.T.);
#11552 = LINE('',#11553,#11554);
#11553 = CARTESIAN_POINT('',(-21.14194916193,-22.67196475019,11.65));
#11554 = VECTOR('',#11555,1.);
#11555 = DIRECTION('',(0.,0.,1.));
#11556 = PLANE('',#11557);
#11557 = AXIS2_PLACEMENT_3D('',#11558,#11559,#11560);
#11558 = CARTESIAN_POINT('',(-20.28945121185,-21.75777262317,11.425));
#11559 = DIRECTION('',(0.731353701619,-0.681998360062,0.));
#11560 = DIRECTION('',(0.681998360062,0.731353701619,0.));
#11561 = ADVANCED_FACE('',(#11562),#11580,.T.);
#11562 = FACE_BOUND('',#11563,.T.);
#11563 = EDGE_LOOP('',(#11564,#11572,#11578,#11579));
#11564 = ORIENTED_EDGE('',*,*,#11565,.T.);
#11565 = EDGE_CURVE('',#3623,#11566,#11568,.T.);
#11566 = VERTEX_POINT('',#11567);
#11567 = CARTESIAN_POINT('',(-9.063522846405,-29.64544743485,131.90625)
  );
#11568 = LINE('',#11569,#11570);
#11569 = CARTESIAN_POINT('',(-9.063522846405,-29.64544743485,123.55625)
  );
#11570 = VECTOR('',#11571,1.);
#11571 = DIRECTION('',(0.,0.,1.));
#11572 = ORIENTED_EDGE('',*,*,#11573,.F.);
#11573 = EDGE_CURVE('',#2166,#11566,#11574,.T.);
#11574 = LINE('',#11575,#11576);
#11575 = CARTESIAN_POINT('',(0.,0.,131.90625));
#11576 = VECTOR('',#11577,1.);
#11577 = DIRECTION('',(-0.292371704723,-0.956304755963,0.));
#11578 = ORIENTED_EDGE('',*,*,#2174,.F.);
#11579 = ORIENTED_EDGE('',*,*,#3631,.T.);
#11580 = PLANE('',#11581);
#11581 = AXIS2_PLACEMENT_3D('',#11582,#11583,#11584);
#11582 = CARTESIAN_POINT('',(-8.698058215501,-28.4500664899,127.73125));
#11583 = DIRECTION('',(-0.956304755963,0.292371704723,-8.2E-16));
#11584 = DIRECTION('',(-0.292371704723,-0.956304755963,
    1.244898738587E-33));
#11585 = ADVANCED_FACE('',(#11586),#11597,.T.);
#11586 = FACE_BOUND('',#11587,.T.);
#11587 = EDGE_LOOP('',(#11588,#11589,#11590,#11591));
#11588 = ORIENTED_EDGE('',*,*,#11458,.F.);
#11589 = ORIENTED_EDGE('',*,*,#682,.T.);
#11590 = ORIENTED_EDGE('',*,*,#836,.T.);
#11591 = ORIENTED_EDGE('',*,*,#11592,.F.);
#11592 = EDGE_CURVE('',#11450,#818,#11593,.T.);
#11593 = LINE('',#11594,#11595);
#11594 = CARTESIAN_POINT('',(30.205472008342,-6.97348268466,11.65));
#11595 = VECTOR('',#11596,1.);
#11596 = DIRECTION('',(0.,0.,1.));
#11597 = PLANE('',#11598);
#11598 = AXIS2_PLACEMENT_3D('',#11599,#11600,#11601);
#11599 = CARTESIAN_POINT('',(28.987509427361,-6.69229386673,11.425));
#11600 = DIRECTION('',(0.224951054344,0.974370064785,0.));
#11601 = DIRECTION('',(0.974370064785,-0.224951054344,0.));
#11602 = ADVANCED_FACE('',(#11603),#11621,.T.);
#11603 = FACE_BOUND('',#11604,.T.);
#11604 = EDGE_LOOP('',(#11605,#11613,#11619,#11620));
#11605 = ORIENTED_EDGE('',*,*,#11606,.T.);
#11606 = EDGE_CURVE('',#3407,#11607,#11609,.T.);
#11607 = VERTEX_POINT('',#11608);
#11608 = CARTESIAN_POINT('',(30.205472008342,6.97348268466,131.90625));
#11609 = LINE('',#11610,#11611);
#11610 = CARTESIAN_POINT('',(30.205472008342,6.97348268466,123.55625));
#11611 = VECTOR('',#11612,1.);
#11612 = DIRECTION('',(0.,0.,1.));
#11613 = ORIENTED_EDGE('',*,*,#11614,.F.);
#11614 = EDGE_CURVE('',#2268,#11607,#11615,.T.);
#11615 = LINE('',#11616,#11617);
#11616 = CARTESIAN_POINT('',(0.,0.,131.90625));
#11617 = VECTOR('',#11618,1.);
#11618 = DIRECTION('',(0.974370064785,0.224951054344,0.));
#11619 = ORIENTED_EDGE('',*,*,#2276,.F.);
#11620 = ORIENTED_EDGE('',*,*,#3415,.T.);
#11621 = PLANE('',#11622);
#11622 = AXIS2_PLACEMENT_3D('',#11623,#11624,#11625);
#11623 = CARTESIAN_POINT('',(28.987509427361,6.69229386673,127.73125));
#11624 = DIRECTION('',(0.224951054344,-0.974370064785,-1.7E-16));
#11625 = DIRECTION('',(-0.974370064785,-0.224951054344,
    6.513074110337E-33));
#11626 = ADVANCED_FACE('',(#11627,#11630),#11662,.T.);
#11627 = FACE_BOUND('',#11628,.T.);
#11628 = EDGE_LOOP('',(#11629));
#11629 = ORIENTED_EDGE('',*,*,#40,.T.);
#11630 = FACE_BOUND('',#11631,.T.);
#11631 = EDGE_LOOP('',(#11632,#11633,#11634,#11641,#11642,#11643,#11644,
    #11651,#11652,#11653,#11654,#11661));
#11632 = ORIENTED_EDGE('',*,*,#2267,.F.);
#11633 = ORIENTED_EDGE('',*,*,#11614,.T.);
#11634 = ORIENTED_EDGE('',*,*,#11635,.F.);
#11635 = EDGE_CURVE('',#3657,#11607,#11636,.T.);
#11636 = CIRCLE('',#11637,31.);
#11637 = AXIS2_PLACEMENT_3D('',#11638,#11639,#11640);
#11638 = CARTESIAN_POINT('',(0.,0.,131.90625));
#11639 = DIRECTION('',(-0.,0.,1.));
#11640 = DIRECTION('',(0.974370064785,-0.224951054344,0.));
#11641 = ORIENTED_EDGE('',*,*,#3664,.F.);
#11642 = ORIENTED_EDGE('',*,*,#2165,.F.);
#11643 = ORIENTED_EDGE('',*,*,#11573,.T.);
#11644 = ORIENTED_EDGE('',*,*,#11645,.F.);
#11645 = EDGE_CURVE('',#3552,#11566,#11646,.T.);
#11646 = CIRCLE('',#11647,31.);
#11647 = AXIS2_PLACEMENT_3D('',#11648,#11649,#11650);
#11648 = CARTESIAN_POINT('',(0.,0.,131.90625));
#11649 = DIRECTION('',(0.,0.,1.));
#11650 = DIRECTION('',(-0.681998360062,-0.731353701619,0.));
#11651 = ORIENTED_EDGE('',*,*,#3559,.F.);
#11652 = ORIENTED_EDGE('',*,*,#2216,.F.);
#11653 = ORIENTED_EDGE('',*,*,#11532,.T.);
#11654 = ORIENTED_EDGE('',*,*,#11655,.F.);
#11655 = EDGE_CURVE('',#3447,#11525,#11656,.T.);
#11656 = CIRCLE('',#11657,31.);
#11657 = AXIS2_PLACEMENT_3D('',#11658,#11659,#11660);
#11658 = CARTESIAN_POINT('',(0.,0.,131.90625));
#11659 = DIRECTION('',(0.,0.,1.));
#11660 = DIRECTION('',(-0.292371704723,0.956304755963,0.));
#11661 = ORIENTED_EDGE('',*,*,#3454,.F.);
#11662 = PLANE('',#11663);
#11663 = AXIS2_PLACEMENT_3D('',#11664,#11665,#11666);
#11664 = CARTESIAN_POINT('',(0.,0.,131.90625));
#11665 = DIRECTION('',(0.,0.,1.));
#11666 = DIRECTION('',(1.,0.,0.));
#11667 = ADVANCED_FACE('',(#11668),#11676,.F.);
#11668 = FACE_BOUND('',#11669,.F.);
#11669 = EDGE_LOOP('',(#11670,#11671,#11672,#11673,#11674,#11675));
#11670 = ORIENTED_EDGE('',*,*,#11510,.F.);
#11671 = ORIENTED_EDGE('',*,*,#11483,.T.);
#11672 = ORIENTED_EDGE('',*,*,#716,.T.);
#11673 = ORIENTED_EDGE('',*,*,#926,.T.);
#11674 = ORIENTED_EDGE('',*,*,#959,.T.);
#11675 = ORIENTED_EDGE('',*,*,#973,.F.);
#11676 = CYLINDRICAL_SURFACE('',#11677,31.);
#11677 = AXIS2_PLACEMENT_3D('',#11678,#11679,#11680);
#11678 = CARTESIAN_POINT('',(0.,0.,7.));
#11679 = DIRECTION('',(0.,0.,1.));
#11680 = DIRECTION('',(-0.292371704723,0.956304755963,0.));
#11681 = ADVANCED_FACE('',(#11682),#11690,.F.);
#11682 = FACE_BOUND('',#11683,.F.);
#11683 = EDGE_LOOP('',(#11684,#11685,#11686,#11687,#11688,#11689));
#11684 = ORIENTED_EDGE('',*,*,#11551,.F.);
#11685 = ORIENTED_EDGE('',*,*,#11466,.T.);
#11686 = ORIENTED_EDGE('',*,*,#747,.T.);
#11687 = ORIENTED_EDGE('',*,*,#852,.T.);
#11688 = ORIENTED_EDGE('',*,*,#885,.T.);
#11689 = ORIENTED_EDGE('',*,*,#899,.F.);
#11690 = CYLINDRICAL_SURFACE('',#11691,31.);
#11691 = AXIS2_PLACEMENT_3D('',#11692,#11693,#11694);
#11692 = CARTESIAN_POINT('',(0.,0.,7.));
#11693 = DIRECTION('',(0.,0.,1.));
#11694 = DIRECTION('',(-0.681998360062,-0.731353701619,0.));
#11695 = ADVANCED_FACE('',(#11696),#11704,.F.);
#11696 = FACE_BOUND('',#11697,.F.);
#11697 = EDGE_LOOP('',(#11698,#11699,#11700,#11701,#11702,#11703));
#11698 = ORIENTED_EDGE('',*,*,#11592,.F.);
#11699 = ORIENTED_EDGE('',*,*,#11449,.T.);
#11700 = ORIENTED_EDGE('',*,*,#778,.T.);
#11701 = ORIENTED_EDGE('',*,*,#1000,.T.);
#11702 = ORIENTED_EDGE('',*,*,#1026,.T.);
#11703 = ORIENTED_EDGE('',*,*,#817,.F.);
#11704 = CYLINDRICAL_SURFACE('',#11705,31.);
#11705 = AXIS2_PLACEMENT_3D('',#11706,#11707,#11708);
#11706 = CARTESIAN_POINT('',(0.,0.,7.));
#11707 = DIRECTION('',(0.,0.,1.));
#11708 = DIRECTION('',(0.974370064785,-0.224951054344,0.));
#11709 = ADVANCED_FACE('',(#11710),#11718,.F.);
#11710 = FACE_BOUND('',#11711,.F.);
#11711 = EDGE_LOOP('',(#11712,#11713,#11714,#11715,#11716,#11717));
#11712 = ORIENTED_EDGE('',*,*,#11635,.F.);
#11713 = ORIENTED_EDGE('',*,*,#3656,.F.);
#11714 = ORIENTED_EDGE('',*,*,#3687,.F.);
#11715 = ORIENTED_EDGE('',*,*,#3705,.F.);
#11716 = ORIENTED_EDGE('',*,*,#3404,.T.);
#11717 = ORIENTED_EDGE('',*,*,#11606,.T.);
#11718 = CYLINDRICAL_SURFACE('',#11719,31.);
#11719 = AXIS2_PLACEMENT_3D('',#11720,#11721,#11722);
#11720 = CARTESIAN_POINT('',(0.,0.,123.55625));
#11721 = DIRECTION('',(0.,0.,1.));
#11722 = DIRECTION('',(0.769399555047,-0.638767817516,0.));
#11723 = ADVANCED_FACE('',(#11724),#11732,.F.);
#11724 = FACE_BOUND('',#11725,.F.);
#11725 = EDGE_LOOP('',(#11726,#11727,#11728,#11729,#11730,#11731));
#11726 = ORIENTED_EDGE('',*,*,#3517,.T.);
#11727 = ORIENTED_EDGE('',*,*,#11524,.T.);
#11728 = ORIENTED_EDGE('',*,*,#11655,.F.);
#11729 = ORIENTED_EDGE('',*,*,#3446,.F.);
#11730 = ORIENTED_EDGE('',*,*,#3477,.F.);
#11731 = ORIENTED_EDGE('',*,*,#3502,.F.);
#11732 = CYLINDRICAL_SURFACE('',#11733,31.);
#11733 = AXIS2_PLACEMENT_3D('',#11734,#11735,#11736);
#11734 = CARTESIAN_POINT('',(0.,0.,125.90625));
#11735 = DIRECTION('',(0.,0.,1.));
#11736 = DIRECTION('',(-0.292371704723,0.956304755963,0.));
#11737 = ADVANCED_FACE('',(#11738),#11746,.F.);
#11738 = FACE_BOUND('',#11739,.F.);
#11739 = EDGE_LOOP('',(#11740,#11741,#11742,#11743,#11744,#11745));
#11740 = ORIENTED_EDGE('',*,*,#3622,.T.);
#11741 = ORIENTED_EDGE('',*,*,#11565,.T.);
#11742 = ORIENTED_EDGE('',*,*,#11645,.F.);
#11743 = ORIENTED_EDGE('',*,*,#3551,.F.);
#11744 = ORIENTED_EDGE('',*,*,#3582,.F.);
#11745 = ORIENTED_EDGE('',*,*,#3607,.F.);
#11746 = CYLINDRICAL_SURFACE('',#11747,31.);
#11747 = AXIS2_PLACEMENT_3D('',#11748,#11749,#11750);
#11748 = CARTESIAN_POINT('',(0.,0.,125.90625));
#11749 = DIRECTION('',(0.,0.,1.));
#11750 = DIRECTION('',(-0.681998360062,-0.731353701619,0.));
#11751 = ( GEOMETRIC_REPRESENTATION_CONTEXT(3) 
GLOBAL_UNCERTAINTY_ASSIGNED_CONTEXT((#11755)) 
GLOBAL_UNIT_ASSIGNED_CONTEXT((#11752,#11753,#11754)) 
REPRESENTATION_CONTEXT('Context #1',
  '3D Context with UNIT and UNCERTAINTY') );
#11752 = ( LENGTH_UNIT() NAMED_UNIT(*) SI_UNIT(.MILLI.,.METRE.) );
#11753 = ( NAMED_UNIT(*) PLANE_ANGLE_UNIT() SI_UNIT($,.RADIAN.) );
#11754 = ( NAMED_UNIT(*) SI_UNIT($,.STERADIAN.) SOLID_ANGLE_UNIT() );
#11755 = UNCERTAINTY_MEASURE_WITH_UNIT(LENGTH_MEASURE(1.E-07),#11752,
  'distance_accuracy_value','confusion accuracy');
#11756 = PRODUCT_RELATED_PRODUCT_CATEGORY('part',$,(#7));
ENDSEC;
END-ISO-10303-21;
