#VRML V2.0 utf8
# 3D model generated by easyeda2kicad.py (https://github.com/uPesy/easyeda2kicad.py)

Shape{
    appearance Appearance {
        material  Material 	{
            diffuseColor 1.0 0.9607843137254902 0.9058823529411765
            specularColor 0.5019607843137255 0.47843137254901963 0.45098039215686275
            ambientIntensity 0.9663
            transparency 0.0
            shininess 0.5
        }
    }
    geometry IndexedFaceSet {
        ccw TRUE
        solid FALSE
        coord DEF co Coordinate {
            point [
                2.6062 -0.4259 1.389, 2.6062 -0.4394 1.3874, 2.6062 -0.394 1.3867, 2.6062 0.0324 1.4902, 2.6062 0.0324 1.5951, 2.6062 -0.394 1.5951, 2.6062 0.0324 1.355, 2.6062 0.0324 1.3867, 2.6062 -0.6664 1.5944, 2.6062 -0.6605 1.5951, 2.6062 -0.6923 1.5951, 2.6062 0.1878 1.6643, 2.6062 0.1878 1.7126, 2.6062 0.0324 1.7126, 2.6062 -0.6055 1.3869, 2.6062 -0.6073 1.3867, 2.6062 -0.588 1.3867, 2.6062 -0.5196 1.4674, 2.6062 -0.4943 1.4674, 2.6062 -0.4943 1.4902, 2.6062 -0.9186 1.6029, 2.6062 -0.907 1.5951, 2.6062 -0.7742 1.5951, 2.6062 -0.8941 1.5863, 2.6062 -0.8751 1.5644, 2.6062 -0.8115 1.4902, 2.6062 -0.7742 1.4902, 2.6062 -0.8165 1.5028, 2.6062 -0.8282 1.519, 2.6062 -0.8436 1.532, 2.6062 -0.8633 1.5414, 2.6062 -0.8605 1.5404, 2.6062 -1.0258 1.6024, 2.6062 -0.9996 1.6125, 2.6062 -1.2098 1.6643, 2.6062 -0.9715 1.6159, 2.6062 -0.7742 1.6643, 2.6062 -0.947 1.6133, 2.6062 -1.2098 1.5951, 2.6062 -1.1004 1.5671, 2.6062 -1.0779 1.5698, 2.6062 -1.17 1.4831, 2.6062 -1.1687 1.4902, 2.6062 -1.2098 1.4902, 2.6062 -1.1662 1.5044, 2.6062 -1.1571 1.5249, 2.6062 -1.1434 1.5425, 2.6062 -1.0375 1.5951, 2.6062 -1.0398 1.5937, 2.6062 -1.0532 1.5823, 2.6062 -1.0714 1.5695, 2.6062 -1.0648 1.5687, 2.6062 -1.1396 1.5461, 2.6062 -1.1215 1.5589, 2.6062 -1.1007 1.3882, 2.6062 -1.1079 1.3904, 2.6062 -1.2098 1.3867, 2.6062 -1.1285 1.4004, 2.6062 -1.1463 1.4155, 2.6062 -1.1593 1.4341, 2.6062 -1.1674 1.4553, 2.6062 -1.1702 1.4776, 2.6062 -1.0754 1.3572, 2.6062 -1.0865 1.3655, 2.6062 -1.2098 1.355, 2.6062 -1.095 1.376, 2.6062 -1.1 1.3867, 2.6062 -1.2098 0.0394, 2.6062 -1.1114 0.1969, 2.6062 -1.1114 0.0394, 2.6062 -0.7742 0.1969, 2.6062 -1.0328 1.3512, 2.6062 -1.0466 1.3495, 2.6062 -1.0488 1.3495, 2.6062 -1.0622 1.3516, 2.6062 -1.0702 1.355, 2.6062 -0.9933 1.3867, 2.6062 -0.9934 1.3864, 2.6062 -0.7742 1.355, 2.6062 -1.0001 1.3737, 2.6062 -1.0088 1.364, 2.6062 -1.0201 1.3561, 2.6062 -1.0231 1.355, 2.6062 -0.9206 1.4203, 2.6062 -0.9167 1.4218, 2.6062 -0.91 1.4543, 2.6062 -1.0039 1.4446, 2.6062 -0.9277 1.4844, 2.6062 -1.0139 1.4536, 2.6062 -1.026 1.4601, 2.6062 -0.9241 1.4178, 2.6062 -0.8167 1.4285, 2.6062 -0.828 1.4127, 2.6062 -0.7742 1.3867, 2.6062 -0.8425 1.4713, 2.6062 -0.8452 1.4822, 2.6062 -0.8496 1.4902, 2.6062 -1.1329 1.4902, 2.6062 -0.8096 1.4854, 2.6062 -0.807 1.4668, 2.6062 -0.8096 1.4465, 2.6062 -0.9123 1.4224, 2.6062 -0.9117 1.4223, 2.6062 -0.91 1.422, 2.6062 -1.1295 1.456, 2.6062 -1.1228 1.4445, 2.6062 -1.0939 1.4386, 2.6062 -1.1126 1.434, 2.6062 -1.1001 1.4264, 2.6062 -1.0728 1.4574, 2.6062 -1.0845 1.4493, 2.6062 -1.1343 1.4787, 2.6062 -1.1336 1.4699, 2.6062 -1.0602 1.4623, 2.6062 -1.0466 1.4639, 2.6062 -1.0397 1.4635, 2.6062 -0.8435 1.3996, 2.6062 -0.8609 1.3911, 2.6062 -0.8798 1.3871, 2.6062 -0.9299 1.4047, 2.6062 -0.9298 1.407, 2.6062 -0.9897 1.4121, 2.6062 -0.9286 1.4113, 2.6062 -0.9265 1.4152, 2.6062 -0.8538 1.4361, 2.6062 -0.8476 1.445, 2.6062 -0.8436 1.4551, 2.6062 -0.8423 1.4662, 2.6062 -0.9134 1.3871, 2.6062 -0.9166 1.3876, 2.6062 -0.9204 1.3891, 2.6062 -0.9241 1.3917, 2.6062 -0.9254 1.3931, 2.6062 -0.9279 1.3966, 2.6062 -0.9294 1.4005, 2.6062 -0.99 1.4005, 2.6062 -0.9897 1.4064, 2.6062 -0.9089 1.4218, 2.6062 -0.8832 1.4218, 2.6062 -0.873 1.4238, 2.6062 -0.8629 1.4284, 2.6062 -0.8545 1.4353, 2.6062 -0.9035 1.5449, 2.6062 -0.9164 1.5602, 2.6062 -1.0472 1.5271, 2.6062 -0.9178 1.5615, 2.6062 -0.9337 1.5726, 2.6062 -1.0385 1.5451, 2.6062 -1.0512 1.5293, 2.6062 -1.064 1.534, 2.6062 -0.8505 1.492, 2.6062 -0.8571 1.4993, 2.6062 -0.8867 1.5106, 2.6062 -0.8659 1.5054, 2.6062 -0.8758 1.5093, 2.6062 -0.8912 1.5106, 2.6062 -0.8947 1.5265, 2.6062 -1.0974 1.532, 2.6062 -1.1101 1.5253, 2.6062 -1.0834 1.5354, 2.6062 -1.1198 1.5166, 2.6062 -1.1277 1.5052, 2.6062 -1.0257 1.5604, 2.6062 -0.9516 1.5794, 2.6062 -1.0105 1.5715, 2.6062 -0.9709 1.5818, 2.6062 -0.9919 1.5791, 2.6062 -1.0774 1.5357, 2.6062 -1.1326 1.4925, 2.6062 -0.4807 1.4326, 2.6062 -0.4807 1.4234, 2.6062 -0.469 1.3867, 2.6062 -0.469 1.4902, 2.6062 -0.4784 1.4674, 2.6062 -0.4784 1.4582, 2.6062 -0.4766 1.3874, 2.6062 -0.4766 1.3965, 2.6062 -0.4943 1.3965, 2.6062 -0.4943 1.4234, 2.6062 -0.5093 1.4234, 2.6062 -0.5093 1.3965, 2.6062 -0.5093 1.4582, 2.6062 -0.5093 1.4326, 2.6062 -0.4943 1.4326, 2.6062 -0.5592 1.4016, 2.6062 -0.558 1.3969, 2.6062 -0.5577 1.3969, 2.6062 -0.4943 1.3867, 2.6062 -0.4943 1.3874, 2.6062 -0.5196 1.3874, 2.6062 -0.5304 1.4445, 2.6062 -0.5693 1.4902, 2.6062 -0.5408 1.4445, 2.6062 -0.5693 1.4306, 2.6062 -0.5565 1.4015, 2.6062 -0.5572 1.3988, 2.6062 -0.6394 1.4902, 2.6062 -0.6394 1.3867, 2.6062 -0.6292 1.3997, 2.6062 -0.6292 1.3894, 2.6062 -0.6257 1.3975, 2.6062 -0.6245 1.3971, 2.6062 -0.6245 1.4183, 2.6062 -0.6263 1.4201, 2.6062 -0.6276 1.4222, 2.6062 -0.6287 1.4252, 2.6062 -0.6291 1.4291, 2.6062 -0.6287 1.4327, 2.6062 -0.6246 1.4184, 2.6062 -0.6245 1.3877, 2.6062 -0.6245 1.3867, 2.6062 -0.6225 1.387, 2.6062 -0.6199 1.3867, 2.6062 -0.6137 1.386, 2.6062 -0.6245 1.355, 2.6062 -0.588 1.355, 2.6062 -0.5933 1.4433, 2.6062 -0.5933 1.4336, 2.6062 -0.6227 1.4413, 2.6062 -0.6199 1.443, 2.6062 -0.6245 1.4902, 2.6062 -0.591 1.3989, 2.6062 -0.5923 1.3957, 2.6062 -0.5941 1.3931, 2.6062 -0.6275 1.4359, 2.6062 -0.6257 1.4386, 2.6062 -0.6245 1.4396, 2.6062 -0.6145 1.445, 2.6062 -0.6069 1.4459, 2.6062 -0.588 1.4902, 2.6062 -0.6004 1.4453, 2.6062 -0.5939 1.4124, 2.6062 -0.592 1.4096, 2.6062 -0.591 1.4067, 2.6062 -0.5906 1.4029, 2.6062 -0.597 1.3906, 2.6062 -0.6 1.3888, 2.6062 -0.6078 1.4377, 2.6062 -0.6108 1.4375, 2.6062 -0.6188 1.43, 2.6062 -0.6135 1.4368, 2.6062 -0.6157 1.4356, 2.6062 -0.6187 1.4287, 2.6062 -0.6183 1.4271, 2.6062 -0.6176 1.4258, 2.6062 -0.6166 1.4247, 2.6062 -0.6131 1.4225, 2.6062 -0.6009 1.4369, 2.6062 -0.6069 1.4198, 2.6062 -0.5952 1.4347, 2.6062 -0.603 1.4182, 2.6062 -0.5963 1.4145, 2.6062 -0.6172 1.4342, 2.6062 -0.6181 1.433, 2.6062 -0.6186 1.4316, 2.6062 -0.6194 1.395, 2.6062 -0.6139 1.4125, 2.6062 -0.6199 1.4152, 2.6062 -0.6127 1.3942, 2.6062 -0.6122 1.3942, 2.6062 -0.6073 1.4097, 2.6062 -0.6071 1.3948, 2.6062 -0.6009 1.4019, 2.6062 -0.601 1.4032, 2.6062 -0.6045 1.3957, 2.6062 -0.6036 1.3963, 2.6062 -0.6024 1.3973, 2.6062 -0.6016 1.3986, 2.6062 -0.6011 1.4, 2.6062 -0.6014 1.4047, 2.6062 -0.6022 1.4061, 2.6062 -0.6034 1.4074, 2.6062 -0.4396 1.5363, 2.6062 -0.469 1.5363, 2.6062 -0.4315 1.5144, 2.6062 -0.42 1.5144, 2.6062 -0.394 1.4902, 2.6062 -0.4505 1.5945, 2.6062 -0.4921 1.5144, 2.6062 -0.4807 1.5144, 2.6062 -0.473 1.5363, 2.6062 -0.588 1.5951, 2.6062 -0.5787 1.5945, 2.6062 -0.5693 1.5951, 2.6062 -0.5787 1.5852, 2.6062 -0.588 1.5596, 2.6062 -0.5809 1.5596, 2.6062 -0.588 1.5235, 2.6062 -0.5768 1.5235, 2.6062 -0.5809 1.5504, 2.6062 -0.588 1.5504, 2.6062 -0.6096 1.5504, 2.6062 -0.6096 1.5235, 2.6062 -0.588 1.5852, 2.6062 -0.6096 1.5852, 2.6062 -0.6096 1.5596, 2.6062 -0.6245 1.5951, 2.6062 -0.6199 1.5945, 2.6062 -0.588 1.5945, 2.6062 -0.6199 1.5144, 2.6062 -0.588 1.5144, 2.6062 -0.5768 1.5144, 2.6062 -0.394 1.355, 2.6062 -0.394 0.1969, 2.6062 0.0324 0.1969, 2.6062 -0.469 1.355, 2.6062 -0.469 0.1969, 2.6062 -0.588 0.1969, 2.6062 -0.5693 0.1969, 2.6062 -0.5693 1.355, 2.6062 -0.4943 0.1969, 2.6062 -0.4943 1.355, 2.6062 -0.6971 1.355, 2.6062 -0.6971 0.1969, 2.6062 -0.6923 0.1969, 2.6062 0.1878 1.5951, 2.6062 0.1878 1.4902, 2.6062 0.1878 1.3867, 2.6062 0.1878 1.355, 2.6062 0.1878 1.0827, 2.6062 0.1878 0.2756, 2.6062 0.3846 1.0827, 2.6062 0.3846 0.2756, 2.6062 -0.6394 1.5163, 2.6062 -0.6373 1.517, 2.6062 -0.6359 1.5177, 2.6062 -0.6359 1.5276, 2.6062 -0.6566 1.5222, 2.6062 -0.6518 1.5225, 2.6062 -0.6394 1.5832, 2.6062 -0.6429 1.5244, 2.6062 -0.6394 1.526, 2.6062 -0.638 1.5828, 2.6062 -0.6359 1.5817, 2.6062 -0.6548 1.5865, 2.6062 -0.6766 1.5776, 2.6062 -0.6463 1.5856, 2.6062 -0.6772 1.5769, 2.6062 -0.6811 1.5714, 2.6062 -0.6837 1.5644, 2.6062 -0.658 1.5863, 2.6062 -0.6649 1.585, 2.6062 -0.6712 1.5821, 2.6062 -0.685 1.5535, 2.6062 -0.685 1.5507, 2.6062 -0.6837 1.5426, 2.6062 -0.6753 1.5288, 2.6062 -0.67 1.5252, 2.6062 -0.6642 1.5231, 2.6062 -0.6811 1.5362, 2.6062 -0.6772 1.5307, 2.6062 -0.6469 1.5951, 2.6062 -0.6432 1.5947, 2.6062 -0.6394 1.5951, 2.6062 -0.6394 1.5936, 2.6062 -0.6359 1.5925, 2.6062 -0.6394 1.6643, 2.6062 -0.6534 1.5958, 2.6062 -0.6748 1.5912, 2.6062 -0.6894 1.5776, 2.6062 -0.6843 1.584, 2.6062 -0.6825 1.5857, 2.6062 -0.6971 1.5951, 2.6062 -0.6935 1.5689, 2.6062 -0.6923 1.5715, 2.6062 -0.6923 1.5347, 2.6062 -0.6943 1.54, 2.6062 -0.6971 1.4902, 2.6062 -0.6959 1.5529, 2.6062 -0.6956 1.5587, 2.6062 -0.6723 1.5153, 2.6062 -0.6798 1.519, 2.6062 -0.6923 1.4902, 2.6062 -0.6856 1.524, 2.6062 -0.6863 1.5248, 2.6062 -0.6911 1.5316, 2.6062 -0.6459 1.5142, 2.6062 -0.6581 1.513, 2.6062 -0.6638 1.5133, 2.6062 -0.6848 1.4145, 2.6062 -0.6831 1.4308, 2.6062 -0.6869 1.4112, 2.6062 -0.6882 1.4076, 2.6062 -0.6473 1.4398, 2.6062 -0.6452 1.4366, 2.6062 -0.6818 1.4172, 2.6062 -0.6776 1.4194, 2.6062 -0.6767 1.4349, 2.6062 -0.6698 1.4213, 2.6062 -0.661 1.4374, 2.6062 -0.6644 1.4377, 2.6062 -0.6704 1.4371, 2.6062 -0.6804 1.3882, 2.6062 -0.6838 1.3905, 2.6062 -0.6923 1.3867, 2.6062 -0.6849 1.3916, 2.6062 -0.687 1.3947, 2.6062 -0.6577 1.4454, 2.6062 -0.6534 1.4441, 2.6062 -0.65 1.4423, 2.6062 -0.6436 1.4321, 2.6062 -0.6428 1.4242, 2.6062 -0.6428 1.3874, 2.6062 -0.6528 1.3874, 2.6062 -0.6528 1.3962, 2.6062 -0.6531 1.3962, 2.6062 -0.6546 1.3938, 2.6062 -0.6578 1.3904, 2.6062 -0.6882 1.3981, 2.6062 -0.6887 1.4027, 2.6062 -0.6831 1.4405, 2.6062 -0.6528 1.4237, 2.6062 -0.6532 1.4281, 2.6062 -0.6542 1.4317, 2.6062 -0.6554 1.4338, 2.6062 -0.6798 1.4424, 2.6062 -0.6721 1.445, 2.6062 -0.6634 1.4459, 2.6062 -0.6569 1.4354, 2.6062 -0.6587 1.4365, 2.6062 -0.6651 1.3867, 2.6062 -0.6654 1.3866, 2.6062 -0.6394 1.355, 2.6062 -0.6923 1.355, 2.6062 -0.6394 0.1969, 2.6062 -0.6245 0.1969, 2.6062 -0.6706 1.386, 2.6062 -0.6764 1.3867, 2.6062 -0.6766 1.3867, 2.6062 -0.5693 1.4037, 2.6062 -0.5853 1.4445, 2.6062 -0.5741 1.4445, 2.6062 -0.5632 1.3867, 2.6062 -0.5629 1.3875, 2.6062 -0.5693 1.3735, 2.6062 -0.5693 1.3735, 2.6062 -0.5693 1.3867, 2.6062 -0.5673 1.3771, 2.6062 -0.5833 1.3702, 2.6062 -0.5833 1.3612, 2.6062 -0.5812 1.3695, 2.6062 -0.5776 1.369, 2.6062 -0.5752 1.3693, 2.6062 -0.5693 1.3622, 2.6062 -0.5728 1.3609, 2.6062 -0.5768 1.3604, 2.6062 -0.579 1.3605, 2.6062 -0.573 1.3701, 2.6062 -0.5711 1.3714, 2.6062 -0.5564 1.3787, 2.6062 -0.5609 1.3699, 2.6062 -0.5533 1.3867, 2.6062 -0.5646 1.3655, 2.6062 -0.5653 1.3648, 2.6062 -0.5688 1.3624, 2.6062 -0.3804 1.3874, 2.6062 -0.3918 1.3874, 2.6062 -0.3312 1.3874, 2.6062 -0.3394 1.4093, 2.6062 -0.3727 1.4093, 2.6062 -0.3613 1.4674, 2.6062 -0.3503 1.4674, 2.6062 -0.3198 1.3874, 2.6062 -0.469 1.5951, 2.6062 -0.4616 1.5945, 2.6062 -0.469 1.575, 2.6062 0.1878 0.1969, 2.6062 -0.4615 1.3874, 2.6062 -0.4943 1.4582, 2.6062 -0.4615 1.4674, 2.6062 -0.4386 1.4674, 2.6062 -0.4264 1.4661, 2.6062 -0.4167 1.4625, 2.6062 -0.3988 1.4128, 2.6062 -0.403 1.4047, 2.6062 -0.4083 1.4568, 2.6062 -0.4055 1.454, 2.6062 -0.4005 1.447, 2.6062 -0.4083 1.3986, 2.6062 -0.4168 1.3925, 2.6062 -0.3976 1.4394, 2.6062 -0.3963 1.4284, 2.6062 -0.3966 1.422, 2.6062 -0.5262 1.516, 2.6062 -0.5397 1.5144, 2.6062 -0.5617 1.5144, 2.6062 -0.5617 1.5945, 2.6062 -0.5389 1.5945, 2.6062 -0.4943 1.5951, 2.6062 -0.5267 1.5931, 2.6062 -0.517 1.5896, 2.6062 -0.5008 1.574, 2.6062 -0.4978 1.5664, 2.6062 -0.4965 1.5554, 2.6062 -0.4969 1.549, 2.6062 -0.4991 1.5399, 2.6062 -0.5033 1.5317, 2.6062 -0.5086 1.5838, 2.6062 -0.5057 1.581, 2.6062 -0.5086 1.5256, 2.6062 -0.5171 1.5196, 2.6062 -0.6613 1.3881, 2.6062 -0.6245 1.6643, 2.6062 -0.588 1.6643, 2.6062 -0.5693 1.6643, 2.6062 -0.4943 1.6643, 2.6062 -0.469 1.6643, 2.6062 -0.394 1.6643, 2.6062 0.0324 1.6643, 2.6062 -0.6971 1.3867, 2.6062 -0.7001 1.4674, 2.6062 -0.7001 1.4582, 2.6062 -0.7414 1.4674, 2.6062 -0.7414 1.3874, 2.6062 -0.7311 1.4234, 2.6062 -0.7311 1.3965, 2.6062 -0.7024 1.4234, 2.6062 -0.6983 1.3965, 2.6062 -0.7024 1.4326, 2.6062 -0.7311 1.4582, 2.6062 -0.7311 1.4326, 2.6062 -0.6983 1.3874, 2.6062 -0.7311 1.5945, 2.6062 -0.7311 1.5235, 2.6062 -0.6992 1.5235, 2.6062 -0.7414 1.5144, 2.6062 -0.7414 1.5945, 2.6062 -0.6992 1.5144, 2.6062 -0.6971 1.6643, 2.6062 -0.6923 1.6643, 2.6062 -0.6549 1.5958, 2.6062 -0.394 1.7126, 2.6062 -0.469 1.7126, 2.6062 -0.4943 1.7126, 2.6062 -0.5693 1.7126, 2.6062 -0.588 1.7126, 2.6062 -0.6245 1.7126, 2.6062 -0.6394 1.7126, 2.6062 -0.6923 1.7126, 2.6062 -0.6971 1.7126, 2.6062 -0.7742 1.7126, 2.6062 -1.2098 1.7126, 2.4881 0.3846 0.2756, 2.4881 0.3846 1.0827, 2.4881 0.1878 1.7126, 2.4881 -0.0091 1.7126, 2.4094 0.3846 1.7126, -2.4134 0.3846 1.7126, 2.4094 -0.0091 1.7126, -2.4134 -0.0091 1.7126, -2.4922 0.1878 1.7126, -2.6103 0.1878 1.7126, -2.4922 -0.0091 1.7126, -2.6103 -1.2098 1.7126, 2.4881 0.1878 1.0827, 2.4881 -0.0091 1.6929, 2.4881 0.1878 0.1969, 2.4881 -1.1114 0.1969, 2.4881 0.1878 0.2756, 2.4881 -1.1114 1.6929, -1.7737 0.3846 0.748, -1.7737 0.3846 0.2756, -2.4134 0.3846 0.2756, 1.622 0.3846 1.5551, 1.7696 0.3846 0.748, 1.622 0.3846 0.8465, 1.6712 0.3846 0.748, 2.4094 0.3846 0.2756, 1.7696 0.3846 0.2756, -0.7894 0.3846 0.748, -0.7894 0.3846 0.2756, -1.1831 0.3846 0.2756, -1.626 0.3846 0.8465, -1.1831 0.3846 0.748, -1.2815 0.3846 0.748, -1.2815 0.3846 0.2756, -1.6752 0.3846 0.2756, -1.6752 0.3846 0.748, -1.626 0.3846 1.5551, 1.1791 0.3846 0.2756, 0.7854 0.3846 0.2756, 1.1791 0.3846 0.748, 0.7854 0.3846 0.748, 1.6712 0.3846 0.2756, 1.2775 0.3846 0.2756, 1.2775 0.3846 0.748, 0.687 0.3846 0.748, 0.1948 0.3846 0.748, 0.1948 0.3846 0.2756, -0.1989 0.3846 0.2756, -0.1989 0.3846 0.748, -0.2973 0.3846 0.748, 0.2933 0.3846 0.748, 0.2933 0.3846 0.2756, 0.687 0.3846 0.2756, -0.691 0.3846 0.748, -0.691 0.3846 0.2756, -0.2973 0.3846 0.2756, 2.4094 -1.1114 1.6929, 2.4094 -0.0091 1.6929, 1.7598 0.1878 0.315, 1.6811 0.1878 0.315, 1.6712 0.1878 0.4382, 1.6712 0.1878 0.2756, 2.0846 0.1878 0.0984, 1.4744 0.1878 0.0984, 1.7598 0.1878 0.1575, 1.6811 0.1878 0.1575, 1.6712 0.1878 0.748, 1.7696 0.1878 0.748, 1.7598 0.1878 0.7283, 1.7598 0.1878 0.5614, 1.7696 0.1878 0.4382, 1.6811 0.1878 0.5614, 1.4744 0.1878 0.2756, 1.2775 0.1878 0.2756, 1.2677 0.1878 0.315, 1.1889 0.1878 0.315, 1.1791 0.1878 0.4382, 1.1791 0.1878 0.2756, 1.2775 0.1878 0.4382, 1.2677 0.1878 0.1575, 1.1889 0.1878 0.1575, 0.9822 0.1878 0.0984, 1.1791 0.1878 0.748, 1.1889 0.1878 0.7283, 1.1889 0.1878 0.5614, 1.2677 0.1878 0.7283, 1.2775 0.1878 0.748, 1.2677 0.1878 0.5614, 0.9822 0.1878 0.2756, 0.7854 0.1878 0.2756, 0.7755 0.1878 0.315, 0.6968 0.1878 0.315, 0.687 0.1878 0.4382, 0.687 0.1878 0.2756, 0.7854 0.1878 0.4382, 0.7755 0.1878 0.1575, 0.6968 0.1878 0.1575, 0.4901 0.1878 0.0984, 0.687 0.1878 0.748, 0.6968 0.1878 0.7283, 0.6968 0.1878 0.5614, 0.7755 0.1878 0.7283, 0.7854 0.1878 0.748, 0.7755 0.1878 0.5614, 0.4901 0.1878 0.2756, 0.2933 0.1878 0.2756, 0.2834 0.1878 0.315, 0.2047 0.1878 0.315, 0.1948 0.1878 0.4382, 0.1948 0.1878 0.2756, 0.2933 0.1878 0.4382, 0.2834 0.1878 0.1575, 0.2047 0.1878 0.1575, -0.002 0.1878 0.0984, 0.1948 0.1878 0.748, 0.2047 0.1878 0.7283, 0.2047 0.1878 0.5614, 0.2834 0.1878 0.7283, 0.2933 0.1878 0.748, 0.2834 0.1878 0.5614, -0.002 0.1878 0.2756, -0.1989 0.1878 0.2756, -0.2087 0.1878 0.315, -0.2875 0.1878 0.315, -0.2973 0.1878 0.4382, -0.2973 0.1878 0.2756, -0.1989 0.1878 0.4382, -0.2087 0.1878 0.1575, -0.2875 0.1878 0.1575, -0.4941 0.1878 0.0984, -0.2973 0.1878 0.748, -0.2875 0.1878 0.7283, -0.2875 0.1878 0.5614, -0.2087 0.1878 0.7283, -0.1989 0.1878 0.748, -0.2087 0.1878 0.5614, -0.4941 0.1878 0.2756, -0.691 0.1878 0.2756, -0.7008 0.1878 0.315, -0.7796 0.1878 0.315, -0.7894 0.1878 0.4382, -0.7894 0.1878 0.2756, -0.691 0.1878 0.4382, -0.7008 0.1878 0.1575, -0.7796 0.1878 0.1575, -0.9863 0.1878 0.0984, -0.7894 0.1878 0.748, -0.7796 0.1878 0.7283, -0.7796 0.1878 0.5614, -0.7008 0.1878 0.7283, -0.691 0.1878 0.748, -0.7008 0.1878 0.5614, -0.9863 0.1878 0.2756, -1.1831 0.1878 0.2756, -1.193 0.1878 0.315, -1.2717 0.1878 0.315, -1.2815 0.1878 0.4382, -1.2815 0.1878 0.2756, -1.1831 0.1878 0.4382, -1.193 0.1878 0.1575, -1.2717 0.1878 0.1575, -1.4784 0.1878 0.0984, -1.2815 0.1878 0.748, -1.2717 0.1878 0.7283, -1.2717 0.1878 0.5614, -1.193 0.1878 0.7283, -1.1831 0.1878 0.748, -1.193 0.1878 0.5614, -2.4134 0.1878 0.0984, -2.4134 0.1878 0.2756, -1.7737 0.1878 0.2756, -1.6851 0.1878 0.315, -1.7638 0.1878 0.315, -1.7737 0.1878 0.4382, -1.7638 0.1878 0.1575, -1.6851 0.1878 0.1575, -2.4134 0.1878 0.0394, -1.4784 0.1878 0.2756, -1.6752 0.1878 0.2756, -1.6752 0.1878 0.4382, -1.7737 0.1878 0.748, -1.7638 0.1878 0.7283, -1.7638 0.1878 0.5614, -1.6851 0.1878 0.7283, -1.6752 0.1878 0.748, -1.6851 0.1878 0.5614, 1.6811 0.1878 0.7283, 1.7696 0.1878 0.2756, 2.0846 0.1878 0.2756, 2.4094 0.1878 0.2756, 2.4094 0.1878 0.0984, -1.4784 0.1878 0.0394, -0.9863 0.1878 0.0394, -0.4941 0.1878 0.0394, -0.002 0.1878 0.0394, 0.4901 0.1878 0.0394, 0.9822 0.1878 0.0394, 1.4744 0.1878 0.0394, 2.0846 0.1878 0.0394, 2.4094 0.1878 0.0394, -2.4922 0.3846 1.0827, -2.4922 0.3846 0.2756, -2.6103 0.3846 1.0827, -2.6103 0.3846 0.2756, -2.6103 0.1878 0.1969, -2.6103 0.1878 0.2756, -2.4922 0.1878 0.1969, -2.4922 0.1878 0.2756, -2.6103 -1.2098 0.0394, -2.6103 -1.1114 0.0394, -2.4134 -1.1114 0.0394, 2.4094 -1.1114 0.0394, 1.6023 0.1681 0.5709, 1.6023 0.1681 0.7677, 1.4744 0.1681 0.7677, 1.1102 0.1681 0.5709, 1.1102 0.1681 0.7677, 0.9822 0.1681 0.7677, 0.6181 0.1681 0.5709, 0.6181 0.1681 0.7677, 0.4901 0.1681 0.7677, 0.1259 0.1681 0.5709, 0.1259 0.1681 0.7677, -0.002 0.1681 0.7677, -0.3662 0.1681 0.5709, -0.3662 0.1681 0.7677, -0.4941 0.1681 0.7677, -0.8583 0.1681 0.5709, -0.8583 0.1681 0.7677, -0.9863 0.1681 0.7677, -1.3504 0.1681 0.5709, -1.3504 0.1681 0.7677, -1.4784 0.1681 0.7677, 1.7598 0.1681 0.315, 1.7598 0.1681 0.2362, 2.0452 0.1681 0.2362, 1.4744 0.1681 0.3961, 1.4744 0.1681 0.2362, 1.6811 0.1681 0.2362, 1.2677 0.1681 0.2362, 1.2677 0.1681 0.315, 1.1889 0.1681 0.315, 0.9822 0.1681 0.3961, 1.1889 0.1681 0.2362, 0.9822 0.1681 0.2362, 0.7755 0.1681 0.2362, 0.7755 0.1681 0.315, 0.6968 0.1681 0.315, 0.4901 0.1681 0.3961, 0.6968 0.1681 0.2362, 0.4901 0.1681 0.2362, 0.2834 0.1681 0.2362, 0.2834 0.1681 0.315, 0.2047 0.1681 0.315, -0.002 0.1681 0.3961, 0.2047 0.1681 0.2362, -0.002 0.1681 0.2362, -0.2087 0.1681 0.2362, -0.2087 0.1681 0.315, -0.2875 0.1681 0.315, -0.4941 0.1681 0.3961, -0.2875 0.1681 0.2362, -0.4941 0.1681 0.2362, -0.7008 0.1681 0.2362, -0.7008 0.1681 0.315, -0.7796 0.1681 0.315, -0.9863 0.1681 0.3961, -0.7796 0.1681 0.2362, -0.9863 0.1681 0.2362, -1.193 0.1681 0.2362, -1.193 0.1681 0.315, -1.2717 0.1681 0.315, -1.4784 0.1681 0.3961, -1.2717 0.1681 0.2362, -2.3347 0.1681 0.2362, -1.7638 0.1681 0.2362, -2.3347 0.1681 0.3961, -1.7638 0.1681 0.315, -1.4784 0.1681 0.2362, -1.6851 0.1681 0.315, -1.6851 0.1681 0.2362, -1.6063 0.1681 0.7677, -1.6063 0.1681 0.5709, -1.7737 0.1681 0.5709, -1.7638 0.1681 0.556, -1.7638 0.1681 0.7283, -1.6851 0.1681 0.556, -1.6752 0.1681 0.5709, -1.6851 0.1681 0.7283, -1.6752 0.1681 0.7677, -1.7737 0.1681 0.7677, -1.8426 0.1681 0.5709, -2.0788 0.1681 1.0236, -2.3347 0.1681 1.0236, -2.0788 0.1681 0.7677, -1.8426 0.1681 0.7677, -1.193 0.1681 0.556, -1.1142 0.1681 0.5709, -1.1831 0.1681 0.5709, -1.193 0.1681 0.7283, -1.1831 0.1681 0.7677, -1.2717 0.1681 0.7283, -1.1142 0.1681 0.7677, -1.2717 0.1681 0.556, -1.2815 0.1681 0.7677, -1.2815 0.1681 0.5709, -0.7008 0.1681 0.556, -0.6221 0.1681 0.5709, -0.691 0.1681 0.5709, -0.7008 0.1681 0.7283, -0.691 0.1681 0.7677, -0.7796 0.1681 0.7283, -0.6221 0.1681 0.7677, -0.7796 0.1681 0.556, -0.7894 0.1681 0.7677, -0.7894 0.1681 0.5709, -0.2087 0.1681 0.556, -0.13 0.1681 0.5709, -0.1989 0.1681 0.5709, -0.2087 0.1681 0.7283, -0.1989 0.1681 0.7677, -0.2875 0.1681 0.7283, -0.13 0.1681 0.7677, -0.2875 0.1681 0.556, -0.2973 0.1681 0.7677, -0.2973 0.1681 0.5709, 0.2834 0.1681 0.556, 0.3622 0.1681 0.5709, 0.2933 0.1681 0.5709, 0.2834 0.1681 0.7283, 0.2933 0.1681 0.7677, 0.2047 0.1681 0.7283, 0.3622 0.1681 0.7677, 0.2047 0.1681 0.556, 0.1948 0.1681 0.7677, 0.1948 0.1681 0.5709, 0.7755 0.1681 0.556, 0.8543 0.1681 0.5709, 0.7854 0.1681 0.5709, 0.7755 0.1681 0.7283, 0.7854 0.1681 0.7677, 0.6968 0.1681 0.7283, 0.8543 0.1681 0.7677, 0.6968 0.1681 0.556, 0.687 0.1681 0.7677, 0.687 0.1681 0.5709, 1.2677 0.1681 0.556, 1.3464 0.1681 0.5709, 1.2775 0.1681 0.5709, 1.2677 0.1681 0.7283, 1.2775 0.1681 0.7677, 1.1889 0.1681 0.7283, 1.3464 0.1681 0.7677, 1.1889 0.1681 0.556, 1.1791 0.1681 0.7677, 1.1791 0.1681 0.5709, 1.7598 0.1681 0.556, 1.8385 0.1681 0.5709, 1.7696 0.1681 0.5709, 1.7598 0.1681 0.7283, 1.7696 0.1681 0.7677, 1.6811 0.1681 0.7283, 1.8385 0.1681 0.7677, 2.0452 0.1681 0.3961, 1.6811 0.1681 0.556, 1.6712 0.1681 0.7677, 1.6712 0.1681 0.5709, 2.3307 0.1681 1.0236, 2.0748 0.1681 1.0236, 2.3307 0.1681 0.3961, 2.0748 0.1681 0.7677, 2.0452 0.1681 0.7677, 2.3307 0.1681 0.2362, 1.6811 0.1681 0.315, 1.2677 -1.0651 0.2362, 2.3307 -1.1705 0.2362, 0.7755 -1.0651 0.2362, -1.2717 -1.0651 0.2362, 0.2834 -1.0651 0.2362, -1.7638 -1.0651 0.2362, -2.3347 -1.1705 0.2362, -1.6851 -1.0651 0.2362, -0.2087 -1.0651 0.2362, -0.2875 -1.0651 0.2362, 1.6811 -1.0651 0.2362, 1.7598 -1.0651 0.2362, -1.193 -1.0651 0.2362, -0.7796 -1.0651 0.2362, 1.1889 -1.0651 0.2362, 0.6968 -1.0651 0.2362, 0.2047 -1.0651 0.2362, -0.7008 -1.0651 0.2362, -1.1831 -1.2098 0.5709, -1.1142 -1.2098 0.5709, -0.691 -1.2098 0.5709, -0.6221 -1.2098 0.5709, -0.1989 -1.2098 0.5709, -0.13 -1.2098 0.5709, 0.2933 -1.2098 0.5709, 0.3622 -1.2098 0.5709, 0.7854 -1.2098 0.5709, 0.8543 -1.2098 0.5709, 1.2775 -1.2098 0.5709, 1.3464 -1.2098 0.5709, 1.7696 -1.2098 0.5709, 1.8385 -1.2098 0.5709, 2.0748 -1.1705 0.7677, 2.0354 -1.2098 0.7677, 1.8385 -1.2098 0.7677, 1.6023 -1.2098 0.7677, 1.3464 -1.2098 0.7677, 1.1102 -1.2098 0.7677, 0.8543 -1.2098 0.7677, 0.6181 -1.2098 0.7677, 0.3622 -1.2098 0.7677, 0.1259 -1.2098 0.7677, -0.13 -1.2098 0.7677, -0.3662 -1.2098 0.7677, -0.6221 -1.2098 0.7677, -0.8583 -1.2098 0.7677, -1.1142 -1.2098 0.7677, -1.3504 -1.2098 0.7677, -1.6063 -1.2098 0.7677, -1.6752 -1.2098 0.5709, -1.6063 -1.2098 0.5709, -2.0788 -1.1705 0.7677, -2.0394 -1.2098 0.7677, -1.8426 -1.2098 0.7677, -2.6103 0.1878 1.0827, -2.6103 -1.1114 0.1969, -1.3504 -1.2098 0.5709, -1.2815 -1.2098 0.5709, -0.8583 -1.2098 0.5709, -0.7894 -1.2098 0.5709, -0.3662 -1.2098 0.5709, -0.2973 -1.2098 0.5709, 0.1259 -1.2098 0.5709, 0.1948 -1.2098 0.5709, 0.6181 -1.2098 0.5709, 0.687 -1.2098 0.5709, 2.0354 -1.2098 1.063, 1.1102 -1.2098 0.5709, 1.1791 -1.2098 0.5709, 1.1791 -1.2098 0.7677, -2.2953 -1.2098 1.2402, -2.3741 -1.2098 1.063, -1.9016 -1.2098 1.2402, -2.0394 -1.2098 1.063, -1.626 -1.2098 1.5945, 1.622 -1.2098 1.5945, -2.2953 -1.2098 1.4764, -1.9016 -1.2098 1.4764, 1.622 -1.2098 0.8071, 1.2775 -1.2098 0.7677, -1.6752 -1.2098 0.7677, -1.626 -1.2098 0.8071, -1.7737 -1.2098 0.7677, -1.7737 -1.2098 0.5709, -1.8426 -1.2098 0.5709, 1.7696 -1.2098 0.7677, 2.37 -1.2098 1.063, 2.2913 -1.2098 1.2402, 1.8976 -1.2098 1.2402, 1.6712 -1.2098 0.7677, 0.687 -1.2098 0.7677, 0.7854 -1.2098 0.7677, -2.3741 -1.2098 0.1969, 2.37 -1.2098 0.1969, 2.2913 -1.2098 1.4764, 0.1948 -1.2098 0.7677, 0.2933 -1.2098 0.7677, 1.6023 -1.2098 0.5709, 1.6712 -1.2098 0.5709, 1.8976 -1.2098 1.4764, -0.2973 -1.2098 0.7677, -0.1989 -1.2098 0.7677, -0.7894 -1.2098 0.7677, -0.691 -1.2098 0.7677, -1.2815 -1.2098 0.7677, -1.1831 -1.2098 0.7677, 1.622 -1.1705 1.5551, 1.622 -1.1705 0.8465, -1.1831 -0.7374 0.8465, -1.1831 -1.1225 0.8465, -1.626 -1.1705 0.8465, 1.1791 -1.1225 0.8465, 1.1791 -0.7374 0.8465, -1.626 -1.1705 1.5551, 1.8976 0.1681 1.4764, 2.2913 0.1681 1.4764, 2.2913 0.1681 1.2402, 1.8976 0.1681 1.2402, -2.2953 0.1681 1.2402, -2.2953 0.1681 1.4764, -1.9016 0.1681 1.4764, -1.9016 0.1681 1.2402, 2.0748 -1.1705 1.0236, 2.3307 -1.1705 1.0236, -2.3347 -1.1705 1.0236, -2.0788 -1.1705 1.0236
            ]
        }
        coordIndex [
            0,1,2,-1,3,4,5,-1,6,7,2,-1,8,9,10,-1,11,12,13,-1,14,15,16,-1,17,18,19,-1,20,21,22,-1,22,21,23,-1,22,23,24,-1,25,26,27,-1,27,26,22,-1,27,22,28,-1,28,22,29,-1,24,30,22,-1,22,30,31,-1,22,31,29,-1,32,33,34,-1,34,33,35,-1,34,35,36,-1,36,35,37,-1,36,37,20,-1,38,39,40,-1,41,42,43,-1,43,42,44,-1,43,44,38,-1,38,44,45,-1,38,45,46,-1,32,34,47,-1,47,34,38,-1,47,38,48,-1,48,38,40,-1,48,40,49,-1,49,40,50,-1,49,50,51,-1,46,52,38,-1,38,52,53,-1,38,53,39,-1,54,55,56,-1,56,55,57,-1,56,57,58,-1,58,59,56,-1,56,59,60,-1,56,60,43,-1,43,60,61,-1,43,61,41,-1,62,63,64,-1,64,63,65,-1,64,65,56,-1,56,65,66,-1,56,66,54,-1,64,67,68,-1,68,67,69,-1,70,71,68,-1,68,71,72,-1,72,73,68,-1,68,73,74,-1,68,74,64,-1,64,74,75,-1,64,75,62,-1,76,77,78,-1,78,77,79,-1,79,80,78,-1,78,80,81,-1,78,81,82,-1,83,84,85,-1,86,87,88,-1,88,87,89,-1,83,85,90,-1,91,92,93,-1,94,95,87,-1,87,95,96,-1,87,96,97,-1,25,98,26,-1,26,98,99,-1,26,99,93,-1,93,99,100,-1,93,100,91,-1,84,101,85,-1,85,101,102,-1,85,102,103,-1,104,105,106,-1,106,105,107,-1,106,107,108,-1,109,97,110,-1,110,97,111,-1,110,111,106,-1,106,111,112,-1,106,112,104,-1,109,113,97,-1,97,113,114,-1,97,114,87,-1,87,114,115,-1,87,115,89,-1,92,116,93,-1,93,116,117,-1,93,117,118,-1,119,120,121,-1,121,120,122,-1,121,122,85,-1,85,122,123,-1,85,123,90,-1,124,125,85,-1,85,125,126,-1,85,126,87,-1,87,126,127,-1,87,127,94,-1,128,129,76,-1,129,130,76,-1,76,130,131,-1,76,131,132,-1,132,133,76,-1,76,133,134,-1,76,134,135,-1,135,134,119,-1,135,119,136,-1,136,119,121,-1,103,137,85,-1,85,137,138,-1,85,138,139,-1,139,140,85,-1,85,140,141,-1,85,141,124,-1,142,143,144,-1,143,145,144,-1,144,145,146,-1,144,146,147,-1,96,144,97,-1,97,144,148,-1,97,148,149,-1,150,151,152,-1,152,151,153,-1,152,153,154,-1,150,152,96,-1,96,152,155,-1,96,155,144,-1,144,155,156,-1,144,156,142,-1,157,158,159,-1,159,158,160,-1,159,160,161,-1,147,146,162,-1,162,146,163,-1,162,163,164,-1,164,163,165,-1,164,165,166,-1,149,167,97,-1,97,167,159,-1,97,159,168,-1,168,159,161,-1,169,170,171,-1,19,18,172,-1,172,18,173,-1,172,173,174,-1,175,171,176,-1,176,171,170,-1,176,170,177,-1,170,178,177,-1,177,178,179,-1,177,179,180,-1,181,182,183,-1,184,185,186,-1,187,188,189,-1,190,191,192,-1,192,191,193,-1,192,193,194,-1,194,193,184,-1,194,184,195,-1,195,184,186,-1,196,197,198,-1,198,197,199,-1,200,201,202,-1,203,204,198,-1,204,205,198,-1,198,205,206,-1,198,206,196,-1,196,206,207,-1,200,202,198,-1,198,202,208,-1,198,208,203,-1,209,210,211,-1,211,210,212,-1,213,212,214,-1,214,212,210,-1,214,210,197,-1,197,210,209,-1,197,209,199,-1,213,214,15,-1,15,214,215,-1,15,215,16,-1,216,217,16,-1,218,219,220,-1,221,222,16,-1,16,222,223,-1,207,224,196,-1,196,224,225,-1,196,225,220,-1,220,225,226,-1,220,226,218,-1,219,227,220,-1,220,227,228,-1,220,228,229,-1,229,228,230,-1,229,230,216,-1,231,232,217,-1,217,232,233,-1,217,233,16,-1,16,233,234,-1,16,234,221,-1,223,235,16,-1,16,235,236,-1,16,236,14,-1,237,238,239,-1,239,238,240,-1,239,240,241,-1,239,242,237,-1,237,242,243,-1,237,243,244,-1,244,245,237,-1,237,245,246,-1,237,246,247,-1,247,246,248,-1,247,248,249,-1,249,248,250,-1,249,250,217,-1,217,250,251,-1,217,251,231,-1,252,253,241,-1,241,253,254,-1,241,254,239,-1,255,256,201,-1,201,256,257,-1,201,257,202,-1,255,258,256,-1,256,258,259,-1,256,259,260,-1,260,259,261,-1,260,262,263,-1,261,264,260,-1,260,264,265,-1,260,265,266,-1,266,267,260,-1,260,267,268,-1,260,268,262,-1,263,269,260,-1,260,269,270,-1,260,270,271,-1,272,273,274,-1,274,273,172,-1,274,172,275,-1,275,172,276,-1,275,276,277,-1,278,19,279,-1,279,19,172,-1,279,172,280,-1,280,172,273,-1,281,282,283,-1,283,282,284,-1,285,286,284,-1,287,288,289,-1,289,290,287,-1,287,290,291,-1,287,291,292,-1,284,293,285,-1,285,293,294,-1,285,294,295,-1,296,297,281,-1,281,297,298,-1,281,298,282,-1,299,220,300,-1,300,220,229,-1,300,229,301,-1,301,229,191,-1,301,191,288,-1,302,303,304,-1,305,306,303,-1,214,307,215,-1,215,307,308,-1,215,308,309,-1,309,308,310,-1,309,310,311,-1,311,310,306,-1,312,313,314,-1,313,78,70,-1,70,78,82,-1,70,82,71,-1,315,4,316,-1,316,4,3,-1,316,3,317,-1,317,3,7,-1,317,7,318,-1,318,7,6,-1,318,6,319,-1,319,6,320,-1,319,320,321,-1,321,320,322,-1,323,196,324,-1,324,196,220,-1,324,220,325,-1,325,220,326,-1,327,328,329,-1,328,330,329,-1,329,330,331,-1,329,331,332,-1,332,331,326,-1,332,326,333,-1,333,326,220,-1,333,220,296,-1,296,220,299,-1,296,299,297,-1,334,335,336,-1,336,335,329,-1,335,337,329,-1,329,337,338,-1,329,338,339,-1,334,340,335,-1,335,340,341,-1,335,341,342,-1,339,343,329,-1,329,343,344,-1,329,344,345,-1,346,347,329,-1,329,347,348,-1,329,348,327,-1,345,349,329,-1,329,349,350,-1,329,350,346,-1,351,352,353,-1,353,352,354,-1,353,354,296,-1,296,354,355,-1,296,355,333,-1,356,357,351,-1,8,10,358,-1,359,360,10,-1,10,360,361,-1,10,361,358,-1,362,363,10,-1,10,363,364,-1,10,364,359,-1,365,366,367,-1,367,366,368,-1,367,368,362,-1,362,368,369,-1,362,369,363,-1,370,371,372,-1,371,373,372,-1,372,373,374,-1,372,374,375,-1,323,376,196,-1,196,376,377,-1,196,377,372,-1,372,377,378,-1,372,378,370,-1,379,380,381,-1,381,380,382,-1,196,383,384,-1,379,385,380,-1,380,385,386,-1,380,386,387,-1,387,386,388,-1,389,390,388,-1,388,390,391,-1,388,391,387,-1,392,393,394,-1,394,393,395,-1,394,395,396,-1,397,398,196,-1,196,398,399,-1,196,399,383,-1,384,400,196,-1,196,400,401,-1,196,401,197,-1,197,401,402,-1,197,402,403,-1,404,405,403,-1,403,405,406,-1,403,406,407,-1,396,408,394,-1,394,408,409,-1,394,409,372,-1,372,409,382,-1,372,382,410,-1,410,382,380,-1,411,412,388,-1,388,412,413,-1,388,413,414,-1,410,415,372,-1,372,415,416,-1,372,416,196,-1,196,416,417,-1,196,417,397,-1,414,418,388,-1,388,418,419,-1,388,419,389,-1,420,421,422,-1,421,423,422,-1,422,423,424,-1,422,424,425,-1,421,426,423,-1,423,426,427,-1,423,427,394,-1,394,427,428,-1,394,428,392,-1,429,430,16,-1,216,16,229,-1,229,16,430,-1,229,430,191,-1,191,430,431,-1,191,431,193,-1,432,433,429,-1,434,435,436,-1,436,435,437,-1,436,437,432,-1,432,429,436,-1,436,429,16,-1,436,16,438,-1,438,16,215,-1,438,215,439,-1,438,440,436,-1,436,440,441,-1,436,441,442,-1,443,444,309,-1,309,444,445,-1,309,445,215,-1,215,445,446,-1,215,446,439,-1,442,447,436,-1,436,447,448,-1,436,448,434,-1,449,450,311,-1,449,311,451,-1,450,452,311,-1,311,452,453,-1,311,453,309,-1,309,453,454,-1,309,454,443,-1,455,456,2,-1,457,458,459,-1,2,456,276,-1,276,456,460,-1,276,460,461,-1,459,455,457,-1,457,455,2,-1,457,2,462,-1,462,2,7,-1,462,7,461,-1,461,7,3,-1,461,3,276,-1,276,3,5,-1,276,5,277,-1,277,5,463,-1,277,463,464,-1,464,463,465,-1,303,302,305,-1,305,302,171,-1,305,171,187,-1,187,171,175,-1,187,175,188,-1,466,320,304,-1,304,320,6,-1,304,6,302,-1,302,6,2,-1,302,2,171,-1,171,2,1,-1,1,467,171,-1,171,467,172,-1,171,172,169,-1,169,172,174,-1,169,174,183,-1,183,174,468,-1,183,468,181,-1,467,469,172,-1,172,469,470,-1,172,470,276,-1,276,470,471,-1,276,471,472,-1,2,473,474,-1,472,475,276,-1,276,475,476,-1,276,476,477,-1,474,478,2,-1,2,478,479,-1,2,479,0,-1,477,480,276,-1,276,480,481,-1,276,481,2,-1,2,481,482,-1,2,482,473,-1,483,484,191,-1,191,484,485,-1,485,283,191,-1,191,283,284,-1,191,284,288,-1,288,284,286,-1,288,286,289,-1,306,305,311,-1,311,305,187,-1,311,187,451,-1,451,187,189,-1,451,189,190,-1,190,189,17,-1,190,17,191,-1,191,17,19,-1,191,19,483,-1,485,486,283,-1,283,486,487,-1,283,487,488,-1,488,487,489,-1,488,489,490,-1,491,492,488,-1,488,492,493,-1,494,495,19,-1,19,495,496,-1,490,497,488,-1,488,497,498,-1,488,498,491,-1,496,499,19,-1,19,499,500,-1,19,500,483,-1,465,463,278,-1,278,463,488,-1,278,488,19,-1,19,488,493,-1,19,493,494,-1,407,501,403,-1,403,501,420,-1,403,420,197,-1,197,420,422,-1,197,422,214,-1,214,422,425,-1,214,425,307,-1,351,353,356,-1,356,353,296,-1,356,296,502,-1,502,296,281,-1,502,281,503,-1,503,281,283,-1,503,283,504,-1,504,283,488,-1,504,488,505,-1,505,488,463,-1,505,463,506,-1,506,463,5,-1,506,5,507,-1,507,5,4,-1,507,4,508,-1,508,4,315,-1,508,315,11,-1,375,365,372,-1,372,365,367,-1,372,367,394,-1,394,367,509,-1,394,509,423,-1,313,312,78,-1,78,312,93,-1,78,93,76,-1,76,93,118,-1,76,118,128,-1,367,510,511,-1,510,367,512,-1,512,367,26,-1,512,26,513,-1,513,26,93,-1,513,93,509,-1,509,93,312,-1,509,312,423,-1,423,312,314,-1,423,314,424,-1,514,515,516,-1,516,515,517,-1,516,517,518,-1,519,520,511,-1,511,520,518,-1,511,518,367,-1,367,518,517,-1,367,517,509,-1,509,517,521,-1,509,521,513,-1,522,523,524,-1,525,526,22,-1,22,526,522,-1,22,522,362,-1,362,522,524,-1,362,524,367,-1,367,524,527,-1,367,527,26,-1,26,527,525,-1,26,525,22,-1,20,22,36,-1,36,22,362,-1,36,362,528,-1,528,362,10,-1,528,10,529,-1,529,10,9,-1,529,9,356,-1,356,9,530,-1,356,530,357,-1,11,13,508,-1,508,13,531,-1,508,531,507,-1,507,531,532,-1,507,532,506,-1,506,532,533,-1,506,533,505,-1,505,533,534,-1,505,534,504,-1,504,534,535,-1,504,535,503,-1,503,535,536,-1,503,536,502,-1,502,536,537,-1,502,537,356,-1,356,537,538,-1,356,538,529,-1,529,538,539,-1,529,539,528,-1,528,539,540,-1,528,540,36,-1,36,540,541,-1,36,541,34,-1,322,542,321,-1,321,542,543,-1,12,544,13,-1,13,544,545,-1,546,547,548,-1,548,547,549,-1,550,551,552,-1,552,551,553,-1,552,553,549,-1,541,540,553,-1,553,540,539,-1,553,539,538,-1,549,553,548,-1,548,553,538,-1,548,538,545,-1,545,538,537,-1,545,537,536,-1,536,535,545,-1,545,535,534,-1,545,534,533,-1,533,532,545,-1,545,532,531,-1,545,531,13,-1,554,543,542,-1,555,545,544,-1,556,557,558,-1,558,557,559,-1,558,559,542,-1,542,559,555,-1,542,555,554,-1,554,555,544,-1,560,561,562,-1,563,564,565,-1,565,564,566,-1,546,567,568,-1,569,570,571,-1,572,573,574,-1,575,576,577,-1,568,564,546,-1,546,564,563,-1,546,563,547,-1,547,563,578,-1,547,578,572,-1,579,580,581,-1,581,580,582,-1,562,547,560,-1,560,547,572,-1,560,572,577,-1,577,572,574,-1,577,574,575,-1,583,584,566,-1,566,584,585,-1,566,585,565,-1,565,585,581,-1,565,581,572,-1,572,581,582,-1,572,582,586,-1,587,588,589,-1,590,591,572,-1,589,590,587,-1,587,590,572,-1,587,572,592,-1,592,572,586,-1,592,586,593,-1,593,586,594,-1,571,573,569,-1,569,573,572,-1,569,572,595,-1,595,572,591,-1,595,591,596,-1,596,591,597,-1,559,598,555,-1,555,598,599,-1,600,601,602,-1,602,601,603,-1,604,605,606,-1,606,605,607,-1,608,609,610,-1,610,609,611,-1,611,609,612,-1,611,612,613,-1,601,607,603,-1,603,607,605,-1,603,605,614,-1,614,605,615,-1,616,617,618,-1,618,617,619,-1,618,620,616,-1,616,620,615,-1,616,615,621,-1,621,615,605,-1,621,605,622,-1,622,605,623,-1,624,625,626,-1,625,624,627,-1,627,624,628,-1,627,628,629,-1,629,628,620,-1,629,620,626,-1,626,620,618,-1,626,618,624,-1,617,622,619,-1,619,622,623,-1,619,623,630,-1,630,623,631,-1,632,633,634,-1,634,633,635,-1,634,636,632,-1,632,636,631,-1,632,631,637,-1,637,631,623,-1,637,623,638,-1,638,623,639,-1,640,641,642,-1,641,640,643,-1,643,640,644,-1,643,644,645,-1,645,644,636,-1,645,636,642,-1,642,636,634,-1,642,634,640,-1,633,638,635,-1,635,638,639,-1,635,639,646,-1,646,639,647,-1,648,649,650,-1,650,649,651,-1,650,652,648,-1,648,652,647,-1,648,647,653,-1,653,647,639,-1,653,639,654,-1,654,639,655,-1,656,657,658,-1,657,656,659,-1,659,656,660,-1,659,660,661,-1,661,660,652,-1,661,652,658,-1,658,652,650,-1,658,650,656,-1,649,654,651,-1,651,654,655,-1,651,655,662,-1,662,655,663,-1,664,665,666,-1,666,665,667,-1,666,668,664,-1,664,668,663,-1,664,663,669,-1,669,663,655,-1,669,655,670,-1,670,655,671,-1,672,673,674,-1,673,672,675,-1,675,672,676,-1,675,676,677,-1,677,676,668,-1,677,668,674,-1,674,668,666,-1,674,666,672,-1,665,670,667,-1,667,670,671,-1,667,671,678,-1,678,671,679,-1,680,681,682,-1,682,681,683,-1,682,684,680,-1,680,684,679,-1,680,679,685,-1,685,679,671,-1,685,671,686,-1,686,671,687,-1,688,689,690,-1,689,688,691,-1,691,688,692,-1,691,692,693,-1,693,692,684,-1,693,684,690,-1,690,684,682,-1,690,682,688,-1,681,686,683,-1,683,686,687,-1,683,687,694,-1,694,687,695,-1,696,697,698,-1,698,697,699,-1,698,700,696,-1,696,700,695,-1,696,695,701,-1,701,695,687,-1,701,687,702,-1,702,687,703,-1,704,705,706,-1,705,704,707,-1,707,704,708,-1,707,708,709,-1,709,708,700,-1,709,700,706,-1,706,700,698,-1,706,698,704,-1,710,711,712,-1,713,714,715,-1,716,717,703,-1,715,714,712,-1,712,714,716,-1,712,716,710,-1,710,716,703,-1,710,703,718,-1,697,702,699,-1,699,702,703,-1,699,703,719,-1,719,703,717,-1,719,717,720,-1,720,717,713,-1,720,713,721,-1,721,713,715,-1,722,723,724,-1,723,722,725,-1,725,722,726,-1,725,726,727,-1,727,726,721,-1,727,721,724,-1,724,721,715,-1,724,715,722,-1,610,728,608,-1,608,728,613,-1,608,613,602,-1,602,613,612,-1,602,612,600,-1,600,612,729,-1,600,729,606,-1,606,729,730,-1,606,730,604,-1,604,730,731,-1,604,731,732,-1,718,703,733,-1,733,703,687,-1,733,687,734,-1,734,687,671,-1,734,671,735,-1,735,671,655,-1,735,655,736,-1,736,655,639,-1,736,639,737,-1,737,639,623,-1,737,623,738,-1,738,623,605,-1,738,605,739,-1,739,605,604,-1,739,604,740,-1,740,604,732,-1,740,732,741,-1,558,320,556,-1,556,320,466,-1,742,743,744,-1,744,743,745,-1,567,731,568,-1,568,731,730,-1,568,730,729,-1,322,320,542,-1,542,320,558,-1,556,466,304,-1,304,303,556,-1,556,303,306,-1,556,306,557,-1,306,310,557,-1,557,310,308,-1,557,308,307,-1,307,425,557,-1,557,425,424,-1,557,424,314,-1,314,313,557,-1,557,313,70,-1,557,70,68,-1,562,561,711,-1,711,561,712,-1,746,747,748,-1,748,747,749,-1,750,751,752,-1,750,752,67,-1,67,752,753,-1,67,753,69,-1,718,733,752,-1,752,733,734,-1,734,735,752,-1,752,735,736,-1,752,736,753,-1,753,736,737,-1,753,737,738,-1,738,739,753,-1,753,739,740,-1,753,740,741,-1,754,755,756,-1,757,758,759,-1,760,761,762,-1,763,764,765,-1,766,767,768,-1,769,770,771,-1,772,773,774,-1,775,776,777,-1,778,779,780,-1,781,779,782,-1,782,779,778,-1,782,778,783,-1,783,778,784,-1,783,784,785,-1,785,784,786,-1,787,786,788,-1,788,786,784,-1,788,784,789,-1,789,784,790,-1,789,790,791,-1,791,790,792,-1,793,792,794,-1,794,792,790,-1,794,790,795,-1,795,790,796,-1,795,796,797,-1,797,796,798,-1,799,798,800,-1,800,798,796,-1,800,796,801,-1,801,796,802,-1,801,802,803,-1,803,802,804,-1,805,804,806,-1,806,804,802,-1,806,802,807,-1,807,802,808,-1,807,808,809,-1,809,808,810,-1,811,810,812,-1,812,810,808,-1,812,808,813,-1,813,808,814,-1,813,814,815,-1,816,817,818,-1,818,817,819,-1,815,814,820,-1,820,814,821,-1,820,821,822,-1,823,824,814,-1,825,826,827,-1,828,829,830,-1,830,829,831,-1,830,831,827,-1,827,831,832,-1,827,832,825,-1,826,814,828,-1,828,814,824,-1,828,824,829,-1,825,833,826,-1,826,833,818,-1,826,818,814,-1,814,818,819,-1,814,819,821,-1,834,835,836,-1,836,835,818,-1,836,818,837,-1,837,818,833,-1,838,839,840,-1,838,840,841,-1,841,840,842,-1,841,842,843,-1,844,839,808,-1,808,839,838,-1,808,838,814,-1,814,838,845,-1,842,846,843,-1,843,846,847,-1,843,847,845,-1,845,847,772,-1,845,772,814,-1,814,772,774,-1,814,774,823,-1,848,849,850,-1,848,850,851,-1,851,850,852,-1,851,852,853,-1,854,849,802,-1,802,849,848,-1,802,848,808,-1,808,848,855,-1,852,856,853,-1,853,856,857,-1,853,857,855,-1,855,857,769,-1,855,769,808,-1,808,769,771,-1,808,771,844,-1,858,859,860,-1,858,860,861,-1,861,860,862,-1,861,862,863,-1,864,859,796,-1,796,859,858,-1,796,858,802,-1,802,858,865,-1,862,866,863,-1,863,866,867,-1,863,867,865,-1,865,867,766,-1,865,766,802,-1,802,766,768,-1,802,768,854,-1,868,869,870,-1,868,870,871,-1,871,870,872,-1,871,872,873,-1,874,869,790,-1,790,869,868,-1,790,868,796,-1,796,868,875,-1,872,876,873,-1,873,876,877,-1,873,877,875,-1,875,877,763,-1,875,763,796,-1,796,763,765,-1,796,765,864,-1,878,879,880,-1,878,880,881,-1,881,880,882,-1,881,882,883,-1,884,879,784,-1,784,879,878,-1,784,878,790,-1,790,878,885,-1,882,886,883,-1,883,886,887,-1,883,887,885,-1,885,887,760,-1,885,760,790,-1,790,760,762,-1,790,762,874,-1,888,889,890,-1,888,890,891,-1,891,890,892,-1,891,892,893,-1,894,889,778,-1,778,889,888,-1,778,888,784,-1,784,888,895,-1,892,896,893,-1,893,896,897,-1,893,897,895,-1,895,897,757,-1,895,757,784,-1,784,757,759,-1,784,759,884,-1,898,899,900,-1,898,900,901,-1,901,900,902,-1,901,902,903,-1,904,899,905,-1,905,899,898,-1,905,898,778,-1,778,898,906,-1,902,907,903,-1,903,907,908,-1,903,908,906,-1,906,908,754,-1,906,754,778,-1,778,754,756,-1,778,756,894,-1,909,910,911,-1,911,910,912,-1,911,912,905,-1,905,912,913,-1,905,913,904,-1,914,911,777,-1,777,911,905,-1,777,905,775,-1,775,905,778,-1,775,778,915,-1,915,778,780,-1,779,781,916,-1,917,914,777,-1,786,787,918,-1,919,815,820,-1,792,793,920,-1,817,816,921,-1,921,816,922,-1,921,922,923,-1,798,799,924,-1,925,803,804,-1,926,917,927,-1,927,917,777,-1,927,777,776,-1,811,928,810,-1,810,928,929,-1,810,929,809,-1,780,779,926,-1,926,779,916,-1,926,916,917,-1,917,916,930,-1,785,786,930,-1,930,786,918,-1,930,918,917,-1,917,918,931,-1,791,792,931,-1,931,792,920,-1,931,920,917,-1,917,920,932,-1,797,798,932,-1,932,798,924,-1,932,924,917,-1,917,924,925,-1,917,925,933,-1,933,925,804,-1,933,804,805,-1,933,929,917,-1,917,929,928,-1,917,928,922,-1,922,928,919,-1,922,919,923,-1,923,919,820,-1,923,820,822,-1,840,839,934,-1,934,839,935,-1,850,849,936,-1,936,849,937,-1,860,859,938,-1,938,859,939,-1,870,869,940,-1,940,869,941,-1,880,879,942,-1,942,879,943,-1,890,889,944,-1,944,889,945,-1,900,899,946,-1,946,899,947,-1,912,948,913,-1,913,948,949,-1,913,949,904,-1,904,949,950,-1,755,951,756,-1,756,951,952,-1,756,952,894,-1,758,953,759,-1,759,953,954,-1,759,954,884,-1,761,955,762,-1,762,955,956,-1,762,956,874,-1,764,957,765,-1,765,957,958,-1,765,958,864,-1,767,959,768,-1,768,959,960,-1,768,960,854,-1,770,961,771,-1,771,961,962,-1,771,962,844,-1,773,963,774,-1,774,963,964,-1,774,964,823,-1,829,824,965,-1,965,824,966,-1,967,836,968,-1,968,836,837,-1,968,837,969,-1,553,551,970,-1,744,745,970,-1,970,745,747,-1,970,747,553,-1,751,750,971,-1,971,750,553,-1,971,553,746,-1,746,553,747,-1,963,972,973,-1,961,974,975,-1,959,976,977,-1,957,978,979,-1,955,980,981,-1,950,949,982,-1,983,984,953,-1,953,984,985,-1,986,987,988,-1,988,987,989,-1,988,989,968,-1,990,991,541,-1,553,992,993,-1,951,994,952,-1,952,994,995,-1,952,995,945,-1,945,995,944,-1,996,997,998,-1,998,997,969,-1,998,969,999,-1,999,969,1000,-1,968,969,988,-1,988,969,997,-1,988,997,993,-1,993,997,990,-1,993,990,553,-1,553,990,541,-1,1001,946,947,-1,1002,1003,982,-1,982,1003,1004,-1,947,950,1001,-1,1001,950,982,-1,1001,982,1005,-1,1005,982,1004,-1,1006,1007,997,-1,965,966,964,-1,942,943,1007,-1,1007,943,954,-1,1007,954,997,-1,997,954,953,-1,997,953,994,-1,994,953,985,-1,994,985,995,-1,986,992,987,-1,987,992,553,-1,987,553,1008,-1,1008,553,750,-1,1008,750,1009,-1,1009,750,67,-1,1009,67,1002,-1,1002,67,64,-1,1002,64,1003,-1,1003,64,56,-1,1003,56,1010,-1,1010,56,43,-1,1010,43,38,-1,1011,1012,997,-1,1013,1014,951,-1,951,1014,1005,-1,951,1005,994,-1,994,1005,1004,-1,994,1004,991,-1,991,1004,1015,-1,991,1015,541,-1,541,1015,1010,-1,541,1010,34,-1,34,1010,38,-1,1016,1017,997,-1,940,941,1012,-1,1012,941,956,-1,1012,956,997,-1,997,956,955,-1,997,955,1006,-1,1006,955,981,-1,1018,1019,997,-1,979,1011,957,-1,957,1011,997,-1,957,997,958,-1,958,997,1017,-1,958,1017,939,-1,939,1017,938,-1,1020,1021,997,-1,977,1016,959,-1,959,1016,997,-1,959,997,960,-1,960,997,1019,-1,960,1019,937,-1,937,1019,936,-1,973,1020,963,-1,963,1020,997,-1,963,997,964,-1,964,997,996,-1,964,996,965,-1,934,935,1021,-1,1021,935,962,-1,1021,962,997,-1,997,962,961,-1,997,961,1018,-1,1018,961,975,-1,994,991,1022,-1,563,565,1022,-1,1022,565,1023,-1,1022,1023,994,-1,1024,572,1025,-1,1025,572,1026,-1,1025,1026,1027,-1,1027,1026,1023,-1,1027,1023,1028,-1,1028,1023,565,-1,1028,565,1024,-1,1024,565,572,-1,572,578,1026,-1,1026,578,1029,-1,1026,1029,997,-1,997,1029,990,-1,1029,578,1022,-1,1022,578,563,-1,1030,1031,1015,-1,1015,1031,1010,-1,1031,1032,1010,-1,1010,1032,1003,-1,1032,1033,1003,-1,1003,1033,1004,-1,1033,1030,1004,-1,1004,1030,1015,-1,1033,1032,1030,-1,1030,1032,1031,-1,1034,1035,986,-1,986,1035,992,-1,1035,1036,992,-1,992,1036,993,-1,1036,1037,993,-1,993,1037,988,-1,1037,1034,988,-1,988,1034,986,-1,1037,1036,1034,-1,1034,1036,1035,-1,948,912,1038,-1,1038,912,910,-1,1038,910,1039,-1,1039,910,909,-1,914,917,911,-1,911,917,1039,-1,911,1039,909,-1,835,1040,818,-1,818,1040,922,-1,818,922,816,-1,1040,835,1041,-1,1041,835,834,-1,1041,834,967,-1,967,834,836,-1,964,966,823,-1,823,966,824,-1,1000,969,833,-1,833,969,837,-1,999,1000,825,-1,825,1000,833,-1,831,829,996,-1,996,829,965,-1,825,832,999,-1,999,832,998,-1,832,831,998,-1,998,831,996,-1,962,935,844,-1,844,935,839,-1,972,963,772,-1,772,963,773,-1,973,972,847,-1,847,972,772,-1,960,937,854,-1,854,937,849,-1,974,961,769,-1,769,961,770,-1,975,974,857,-1,857,974,769,-1,958,939,864,-1,864,939,859,-1,976,959,766,-1,766,959,767,-1,977,976,867,-1,867,976,766,-1,956,941,874,-1,874,941,869,-1,978,957,763,-1,763,957,764,-1,979,978,877,-1,877,978,763,-1,954,943,884,-1,884,943,879,-1,980,955,760,-1,760,955,761,-1,981,980,887,-1,887,980,760,-1,952,945,894,-1,894,945,889,-1,983,953,757,-1,757,953,758,-1,984,983,897,-1,897,983,757,-1,950,947,904,-1,904,947,899,-1,1013,951,754,-1,754,951,755,-1,1014,1013,908,-1,908,1013,754,-1,902,900,1001,-1,1001,900,946,-1,908,907,1014,-1,1014,907,1005,-1,907,902,1005,-1,1005,902,1001,-1,892,890,995,-1,995,890,944,-1,897,896,984,-1,984,896,985,-1,896,892,985,-1,985,892,995,-1,882,880,1007,-1,1007,880,942,-1,887,886,981,-1,981,886,1006,-1,886,882,1006,-1,1006,882,1007,-1,872,870,1012,-1,1012,870,940,-1,877,876,979,-1,979,876,1011,-1,876,872,1011,-1,1011,872,1012,-1,862,860,1017,-1,1017,860,938,-1,867,866,977,-1,977,866,1016,-1,866,862,1016,-1,1016,862,1017,-1,852,850,1019,-1,1019,850,936,-1,857,856,975,-1,975,856,1018,-1,856,852,1018,-1,1018,852,1019,-1,842,840,1021,-1,1021,840,934,-1,847,846,973,-1,973,846,1020,-1,846,842,1020,-1,1020,842,1021,-1,609,564,612,-1,612,564,568,-1,612,568,729,-1,609,608,564,-1,564,608,566,-1,566,608,583,-1,583,608,602,-1,583,602,603,-1,726,577,721,-1,721,577,576,-1,721,576,720,-1,726,722,577,-1,577,722,560,-1,560,722,561,-1,561,722,715,-1,561,715,712,-1,708,573,700,-1,700,573,571,-1,700,571,695,-1,708,704,573,-1,573,704,574,-1,574,704,575,-1,575,704,698,-1,575,698,699,-1,692,595,684,-1,684,595,596,-1,684,596,679,-1,692,688,595,-1,595,688,569,-1,569,688,570,-1,570,688,682,-1,570,682,683,-1,676,590,668,-1,668,590,589,-1,668,589,663,-1,676,672,590,-1,590,672,591,-1,591,672,597,-1,597,672,666,-1,597,666,667,-1,660,592,652,-1,652,592,593,-1,652,593,647,-1,660,656,592,-1,592,656,587,-1,587,656,588,-1,588,656,650,-1,588,650,651,-1,644,582,636,-1,636,582,580,-1,636,580,631,-1,644,640,582,-1,582,640,586,-1,586,640,594,-1,594,640,634,-1,594,634,635,-1,628,585,620,-1,620,585,584,-1,620,584,615,-1,628,624,585,-1,585,624,581,-1,581,624,579,-1,579,624,618,-1,579,618,619,-1,579,619,580,-1,580,619,630,-1,580,630,631,-1,583,603,584,-1,584,603,614,-1,584,614,615,-1,594,635,593,-1,593,635,646,-1,593,646,647,-1,588,651,589,-1,589,651,662,-1,589,662,663,-1,597,667,596,-1,596,667,678,-1,596,678,679,-1,695,571,694,-1,694,571,570,-1,694,570,683,-1,720,576,719,-1,719,576,575,-1,719,575,699,-1,749,747,743,-1,743,747,745,-1,
        ]
    }
}
Shape{
    appearance Appearance {
        material  Material 	{
            diffuseColor 0.7529411764705882 0.7529411764705882 0.7529411764705882
            specularColor 0.3764705882352941 0.3764705882352941 0.3764705882352941
            ambientIntensity 0.7529
            transparency 0.0
            shininess 0.5
        }
    }
    geometry IndexedFaceSet {
        ccw TRUE
        solid FALSE
        coord DEF co Coordinate {
            point [
                0.2834 0.2471 0.0394, 0.2834 0.2471 0.1575, 0.2047 0.2471 0.0394, 0.2047 0.2471 0.1575, 0.2834 0.2865 0.0, 0.2047 0.2865 0.0, 0.2834 0.739 0.0, 0.2047 0.739 0.0, 0.2047 0.7587 0.0197, 0.2047 0.7587 0.0984, 0.2834 0.7587 0.0197, 0.2834 0.7587 0.0984, 0.2047 0.739 0.1181, 0.2047 0.3455 0.1181, 0.2834 0.739 0.1181, 0.2834 0.3455 0.1181, 0.2834 0.3455 0.6496, 0.2047 0.3455 0.6496, 0.2047 0.3428 0.67, 0.2834 0.3428 0.67, 0.2047 0.335 0.689, 0.2834 0.335 0.689, 0.2047 0.3225 0.7053, 0.2834 0.3225 0.7053, 0.2047 0.3061 0.7178, 0.2834 0.3061 0.7178, 0.2047 0.2872 0.7257, 0.2834 0.2872 0.7257, 0.2047 0.2668 0.7283, 0.2834 0.2668 0.7283, 0.2834 0.2471 0.3543, 0.2834 0.2471 0.5274, 0.2047 0.2471 0.3543, 0.2047 0.2471 0.5274, 0.2834 0.2458 0.3441, 0.2047 0.2458 0.3441, 0.2834 0.2418 0.3346, 0.2047 0.2418 0.3346, 0.2834 0.2356 0.3265, 0.2047 0.2356 0.3265, 0.2834 0.2274 0.3202, 0.2047 0.2274 0.3202, 0.2834 0.2179 0.3163, 0.2047 0.2179 0.3163, 0.2834 0.2077 0.315, 0.2047 0.2077 0.315, 0.2834 0.2378 0.5528, 0.2834 0.2429 0.5451, 0.2834 0.7441 0.1174, 0.2834 0.2311 0.5591, 0.2834 0.1878 0.315, 0.2834 0.1878 0.1575, 0.2834 0.7441 0.0007, 0.2834 0.7488 0.0026, 0.2834 0.756 0.1083, 0.2834 0.7529 0.1123, 0.2834 0.7488 0.1155, 0.2834 0.246 0.5365, 0.2834 0.7529 0.0058, 0.2834 0.756 0.0098, 0.2834 0.758 0.0146, 0.2834 0.2232 0.5636, 0.2834 0.1878 0.5614, 0.2834 0.1962 0.5651, 0.2834 0.1878 0.7283, 0.2834 0.2052 0.5667, 0.2834 0.2144 0.5662, 0.2834 0.758 0.1035, 0.2047 0.1962 0.5651, 0.2047 0.1878 0.5614, 0.2047 0.1878 0.7283, 0.2047 0.7441 0.0007, 0.2047 0.246 0.5365, 0.2047 0.758 0.0146, 0.2047 0.756 0.0098, 0.2047 0.1878 0.1575, 0.2047 0.1878 0.315, 0.2047 0.7488 0.1155, 0.2047 0.7529 0.1123, 0.2047 0.756 0.1083, 0.2047 0.7529 0.0058, 0.2047 0.7488 0.0026, 0.2047 0.2429 0.5451, 0.2047 0.2378 0.5528, 0.2047 0.2311 0.5591, 0.2047 0.2232 0.5636, 0.2047 0.2144 0.5662, 0.2047 0.2052 0.5667, 0.2047 0.7441 0.1174, 0.2047 0.758 0.1035, 0.2834 0.1681 0.2362, 0.2834 0.1681 0.315, 0.2834 -1.0651 0.2362, 0.2834 -0.9537 0.315, 0.2834 -0.9825 0.3114, 0.2834 -1.0095 0.3009, 0.2834 -1.0332 0.2842, 0.2834 -1.0521 0.2622, 0.2047 -1.0095 0.3009, 0.2047 -1.0651 0.2362, 0.2047 -1.0332 0.2842, 0.2047 -1.0521 0.2622, 0.2047 0.1681 0.315, 0.2047 0.1681 0.2362, 0.2047 -0.9537 0.315, 0.2047 -0.9825 0.3114, 0.2834 0.1681 0.556, 0.2834 -0.8356 0.6615, 0.2047 0.1681 0.556, 0.2047 -0.8356 0.6615, 0.2047 -1.0718 0.7283, 0.2834 -1.0718 0.7283, 0.2047 0.1681 0.7283, 0.2834 0.1681 0.7283, 0.2834 -0.8489 0.658, 0.2834 -0.8448 0.6602, 0.2834 -0.8403 0.6614, 0.2834 -1.0718 0.6774, 0.2834 -1.0714 0.6736, 0.2834 -1.0703 0.6699, 0.2834 -0.9815 0.5797, 0.2834 -0.9773 0.5778, 0.2834 -0.9598 0.5803, 0.2834 -0.9729 0.5769, 0.2834 -0.9639 0.5782, 0.2834 -0.9683 0.577, 0.2834 -1.0685 0.6665, 0.2834 -1.066 0.6635, 0.2834 -0.9851 0.5825, 0.2047 -0.8403 0.6614, 0.2047 -0.8448 0.6602, 0.2047 -0.8489 0.658, 0.2047 -1.0718 0.6774, 0.2047 -1.0685 0.6665, 0.2047 -1.0703 0.6699, 0.2047 -1.0714 0.6736, 0.2047 -1.066 0.6635, 0.2047 -0.9598 0.5803, 0.2047 -0.9851 0.5825, 0.2047 -0.9639 0.5782, 0.2047 -0.9683 0.577, 0.2047 -0.9729 0.5769, 0.2047 -0.9773 0.5778, 0.2047 -0.9815 0.5797, -0.2087 0.2471 0.0394, -0.2087 0.2471 0.1575, -0.2875 0.2471 0.0394, -0.2875 0.2471 0.1575, -0.2087 0.2865 0.0, -0.2875 0.2865 0.0, -0.2087 0.739 0.0, -0.2875 0.739 0.0, -0.2875 0.7587 0.0197, -0.2875 0.7587 0.0984, -0.2087 0.7587 0.0197, -0.2087 0.7587 0.0984, -0.2875 0.739 0.1181, -0.2875 0.3455 0.1181, -0.2087 0.739 0.1181, -0.2087 0.3455 0.1181, -0.2087 0.3455 0.6496, -0.2875 0.3455 0.6496, -0.2875 0.3428 0.67, -0.2087 0.3428 0.67, -0.2875 0.335 0.689, -0.2087 0.335 0.689, -0.2875 0.3225 0.7053, -0.2087 0.3225 0.7053, -0.2875 0.3061 0.7178, -0.2087 0.3061 0.7178, -0.2875 0.2872 0.7257, -0.2087 0.2872 0.7257, -0.2875 0.2668 0.7283, -0.2087 0.2668 0.7283, -0.2087 0.2471 0.3543, -0.2087 0.2471 0.5274, -0.2875 0.2471 0.3543, -0.2875 0.2471 0.5274, -0.2087 0.2458 0.3441, -0.2875 0.2458 0.3441, -0.2087 0.2418 0.3346, -0.2875 0.2418 0.3346, -0.2087 0.2356 0.3265, -0.2875 0.2356 0.3265, -0.2087 0.2274 0.3202, -0.2875 0.2274 0.3202, -0.2087 0.2179 0.3163, -0.2875 0.2179 0.3163, -0.2087 0.2077 0.315, -0.2875 0.2077 0.315, -0.2087 0.2378 0.5528, -0.2087 0.2429 0.5451, -0.2087 0.7441 0.1174, -0.2087 0.1878 0.5614, -0.2087 0.1962 0.5651, -0.2087 0.1878 0.7283, -0.2087 0.2052 0.5667, -0.2087 0.2144 0.5662, -0.2087 0.2232 0.5636, -0.2087 0.2311 0.5591, -0.2087 0.1878 0.315, -0.2087 0.1878 0.1575, -0.2087 0.756 0.1083, -0.2087 0.7529 0.1123, -0.2087 0.7488 0.1155, -0.2087 0.246 0.5365, -0.2087 0.7529 0.0058, -0.2087 0.756 0.0098, -0.2087 0.7488 0.0026, -0.2087 0.7441 0.0007, -0.2087 0.758 0.0146, -0.2087 0.758 0.1035, -0.2875 0.1962 0.5651, -0.2875 0.1878 0.5614, -0.2875 0.1878 0.7283, -0.2875 0.7441 0.0007, -0.2875 0.246 0.5365, -0.2875 0.2232 0.5636, -0.2875 0.2144 0.5662, -0.2875 0.2052 0.5667, -0.2875 0.7488 0.1155, -0.2875 0.7529 0.1123, -0.2875 0.756 0.1083, -0.2875 0.758 0.0146, -0.2875 0.756 0.0098, -0.2875 0.7488 0.0026, -0.2875 0.7529 0.0058, -0.2875 0.1878 0.1575, -0.2875 0.1878 0.315, -0.2875 0.2429 0.5451, -0.2875 0.2378 0.5528, -0.2875 0.2311 0.5591, -0.2875 0.7441 0.1174, -0.2875 0.758 0.1035, -0.2087 -1.0095 0.3009, -0.2087 -1.0332 0.2842, -0.2087 -0.9825 0.3114, -0.2087 -0.9537 0.315, -0.2087 0.1681 0.2362, -0.2087 0.1681 0.315, -0.2087 -1.0651 0.2362, -0.2087 -1.0521 0.2622, -0.2875 0.1681 0.315, -0.2875 0.1681 0.2362, -0.2875 -0.9537 0.315, -0.2875 -1.0651 0.2362, -0.2875 -1.0521 0.2622, -0.2875 -1.0332 0.2842, -0.2875 -0.9825 0.3114, -0.2875 -1.0095 0.3009, -0.2087 0.1681 0.556, -0.2087 -0.8356 0.6615, -0.2875 0.1681 0.556, -0.2875 -0.8356 0.6615, -0.2875 -1.0718 0.7283, -0.2087 -1.0718 0.7283, -0.2875 0.1681 0.7283, -0.2087 0.1681 0.7283, -0.2087 -0.8448 0.6602, -0.2087 -0.8489 0.658, -0.2087 -1.0718 0.6774, -0.2087 -0.8403 0.6614, -0.2087 -1.0714 0.6736, -0.2087 -1.0703 0.6699, -0.2087 -1.0685 0.6665, -0.2087 -1.066 0.6635, -0.2087 -0.9851 0.5825, -0.2087 -0.9598 0.5803, -0.2087 -0.9815 0.5797, -0.2087 -0.9773 0.5778, -0.2087 -0.9729 0.5769, -0.2087 -0.9683 0.577, -0.2087 -0.9639 0.5782, -0.2875 -0.8403 0.6614, -0.2875 -0.8448 0.6602, -0.2875 -0.8489 0.658, -0.2875 -0.9815 0.5797, -0.2875 -0.9851 0.5825, -0.2875 -0.9598 0.5803, -0.2875 -1.0685 0.6665, -0.2875 -1.0703 0.6699, -0.2875 -1.066 0.6635, -0.2875 -1.0714 0.6736, -0.2875 -1.0718 0.6774, -0.2875 -0.9639 0.5782, -0.2875 -0.9683 0.577, -0.2875 -0.9729 0.5769, -0.2875 -0.9773 0.5778, -0.7008 0.2471 0.0394, -0.7008 0.2471 0.1575, -0.7796 0.2471 0.0394, -0.7796 0.2471 0.1575, -0.7008 0.2865 0.0, -0.7796 0.2865 0.0, -0.7008 0.739 0.0, -0.7796 0.739 0.0, -0.7796 0.7587 0.0197, -0.7796 0.7587 0.0984, -0.7008 0.7587 0.0197, -0.7008 0.7587 0.0984, -0.7796 0.739 0.1181, -0.7796 0.3455 0.1181, -0.7008 0.739 0.1181, -0.7008 0.3455 0.1181, -0.7008 0.3455 0.6496, -0.7796 0.3455 0.6496, -0.7796 0.3428 0.67, -0.7008 0.3428 0.67, -0.7796 0.335 0.689, -0.7008 0.335 0.689, -0.7796 0.3225 0.7053, -0.7008 0.3225 0.7053, -0.7796 0.3061 0.7178, -0.7008 0.3061 0.7178, -0.7796 0.2872 0.7257, -0.7008 0.2872 0.7257, -0.7796 0.2668 0.7283, -0.7008 0.2668 0.7283, -0.7008 0.2471 0.3543, -0.7008 0.2471 0.5274, -0.7796 0.2471 0.3543, -0.7796 0.2471 0.5274, -0.7008 0.2458 0.3441, -0.7796 0.2458 0.3441, -0.7008 0.2418 0.3346, -0.7796 0.2418 0.3346, -0.7008 0.2356 0.3265, -0.7796 0.2356 0.3265, -0.7008 0.2274 0.3202, -0.7796 0.2274 0.3202, -0.7008 0.2179 0.3163, -0.7796 0.2179 0.3163, -0.7008 0.2077 0.315, -0.7796 0.2077 0.315, -0.7008 0.7488 0.0026, -0.7008 0.7441 0.0007, -0.7008 0.7441 0.1174, -0.7008 0.756 0.1083, -0.7008 0.7529 0.1123, -0.7008 0.7488 0.1155, -0.7008 0.7529 0.0058, -0.7008 0.756 0.0098, -0.7008 0.758 0.0146, -0.7008 0.758 0.1035, -0.7008 0.1878 0.315, -0.7008 0.1878 0.1575, -0.7008 0.1878 0.5614, -0.7008 0.1962 0.5651, -0.7008 0.1878 0.7283, -0.7008 0.2052 0.5667, -0.7008 0.2144 0.5662, -0.7008 0.2232 0.5636, -0.7008 0.2311 0.5591, -0.7008 0.2378 0.5528, -0.7008 0.2429 0.5451, -0.7008 0.246 0.5365, -0.7796 0.1962 0.5651, -0.7796 0.1878 0.5614, -0.7796 0.1878 0.7283, -0.7796 0.7441 0.0007, -0.7796 0.758 0.0146, -0.7796 0.756 0.0098, -0.7796 0.7488 0.1155, -0.7796 0.7529 0.1123, -0.7796 0.756 0.1083, -0.7796 0.7529 0.0058, -0.7796 0.7488 0.0026, -0.7796 0.1878 0.1575, -0.7796 0.1878 0.315, -0.7796 0.246 0.5365, -0.7796 0.7441 0.1174, -0.7796 0.758 0.1035, -0.7796 0.2429 0.5451, -0.7796 0.2378 0.5528, -0.7796 0.2311 0.5591, -0.7796 0.2232 0.5636, -0.7796 0.2144 0.5662, -0.7796 0.2052 0.5667, -0.7008 0.1681 0.2362, -0.7008 0.1681 0.315, -0.7008 -1.0651 0.2362, -0.7008 -0.9537 0.315, -0.7008 -0.9825 0.3114, -0.7008 -1.0095 0.3009, -0.7008 -1.0332 0.2842, -0.7008 -1.0521 0.2622, -0.7796 -1.0332 0.2842, -0.7796 -1.0095 0.3009, -0.7796 -0.9825 0.3114, -0.7796 0.1681 0.315, -0.7796 0.1681 0.2362, -0.7796 -0.9537 0.315, -0.7796 -1.0651 0.2362, -0.7796 -1.0521 0.2622, -0.7008 0.1681 0.556, -0.7008 -0.8356 0.6615, -0.7796 0.1681 0.556, -0.7796 -0.8356 0.6615, -0.7796 -1.0718 0.7283, -0.7008 -1.0718 0.7283, -0.7796 0.1681 0.7283, -0.7008 0.1681 0.7283, -0.7008 -0.8489 0.658, -0.7008 -0.8448 0.6602, -0.7008 -0.8403 0.6614, -0.7008 -1.0718 0.6774, -0.7008 -1.0714 0.6736, -0.7008 -1.0703 0.6699, -0.7008 -0.9851 0.5825, -0.7008 -0.9598 0.5803, -0.7008 -1.066 0.6635, -0.7008 -1.0685 0.6665, -0.7008 -0.9815 0.5797, -0.7008 -0.9773 0.5778, -0.7008 -0.9639 0.5782, -0.7008 -0.9729 0.5769, -0.7008 -0.9683 0.577, -0.7796 -0.8403 0.6614, -0.7796 -0.8448 0.6602, -0.7796 -0.8489 0.658, -0.7796 -0.9851 0.5825, -0.7796 -1.066 0.6635, -0.7796 -0.9598 0.5803, -0.7796 -1.0703 0.6699, -0.7796 -1.0714 0.6736, -0.7796 -1.0718 0.6774, -0.7796 -1.0685 0.6665, -0.7796 -0.9683 0.577, -0.7796 -0.9729 0.5769, -0.7796 -0.9639 0.5782, -0.7796 -0.9773 0.5778, -0.7796 -0.9815 0.5797, -1.193 0.2471 0.0394, -1.193 0.2471 0.1575, -1.2717 0.2471 0.0394, -1.2717 0.2471 0.1575, -1.193 0.2865 0.0, -1.2717 0.2865 0.0, -1.193 0.739 0.0, -1.2717 0.739 0.0, -1.2717 0.7587 0.0197, -1.2717 0.7587 0.0984, -1.193 0.7587 0.0197, -1.193 0.7587 0.0984, -1.2717 0.739 0.1181, -1.2717 0.3455 0.1181, -1.193 0.739 0.1181, -1.193 0.3455 0.1181, -1.193 0.3455 0.6496, -1.2717 0.3455 0.6496, -1.2717 0.3428 0.67, -1.193 0.3428 0.67, -1.2717 0.335 0.689, -1.193 0.335 0.689, -1.2717 0.3225 0.7053, -1.193 0.3225 0.7053, -1.2717 0.3061 0.7178, -1.193 0.3061 0.7178, -1.2717 0.2872 0.7257, -1.193 0.2872 0.7257, -1.2717 0.2668 0.7283, -1.193 0.2668 0.7283, -1.193 0.2471 0.3543, -1.193 0.2471 0.5274, -1.2717 0.2471 0.3543, -1.2717 0.2471 0.5274, -1.193 0.2458 0.3441, -1.2717 0.2458 0.3441, -1.193 0.2418 0.3346, -1.2717 0.2418 0.3346, -1.193 0.2356 0.3265, -1.2717 0.2356 0.3265, -1.193 0.2274 0.3202, -1.2717 0.2274 0.3202, -1.193 0.2179 0.3163, -1.2717 0.2179 0.3163, -1.193 0.2077 0.315, -1.2717 0.2077 0.315, -1.193 0.2378 0.5528, -1.193 0.2429 0.5451, -1.193 0.7441 0.1174, -1.193 0.1878 0.5614, -1.193 0.1962 0.5651, -1.193 0.1878 0.7283, -1.193 0.2052 0.5667, -1.193 0.2144 0.5662, -1.193 0.2232 0.5636, -1.193 0.2311 0.5591, -1.193 0.1878 0.315, -1.193 0.1878 0.1575, -1.193 0.756 0.1083, -1.193 0.7529 0.1123, -1.193 0.7488 0.1155, -1.193 0.246 0.5365, -1.193 0.7529 0.0058, -1.193 0.756 0.0098, -1.193 0.7488 0.0026, -1.193 0.7441 0.0007, -1.193 0.758 0.0146, -1.193 0.758 0.1035, -1.2717 0.1962 0.5651, -1.2717 0.1878 0.5614, -1.2717 0.1878 0.7283, -1.2717 0.7441 0.0007, -1.2717 0.246 0.5365, -1.2717 0.1878 0.1575, -1.2717 0.1878 0.315, -1.2717 0.2232 0.5636, -1.2717 0.2144 0.5662, -1.2717 0.2052 0.5667, -1.2717 0.7488 0.1155, -1.2717 0.7529 0.1123, -1.2717 0.756 0.1083, -1.2717 0.758 0.0146, -1.2717 0.756 0.0098, -1.2717 0.7488 0.0026, -1.2717 0.7529 0.0058, -1.2717 0.2429 0.5451, -1.2717 0.2378 0.5528, -1.2717 0.2311 0.5591, -1.2717 0.7441 0.1174, -1.2717 0.758 0.1035, -1.193 0.1681 0.2362, -1.193 0.1681 0.315, -1.193 -1.0651 0.2362, -1.193 -0.9537 0.315, -1.193 -0.9825 0.3114, -1.193 -1.0095 0.3009, -1.193 -1.0332 0.2842, -1.193 -1.0521 0.2622, -1.2717 -1.0332 0.2842, -1.2717 -1.0095 0.3009, -1.2717 -0.9825 0.3114, -1.2717 0.1681 0.315, -1.2717 0.1681 0.2362, -1.2717 -0.9537 0.315, -1.2717 -1.0651 0.2362, -1.2717 -1.0521 0.2622, -1.193 0.1681 0.556, -1.193 -0.8356 0.6615, -1.2717 0.1681 0.556, -1.2717 -0.8356 0.6615, -1.2717 -1.0718 0.7283, -1.193 -1.0718 0.7283, -1.2717 0.1681 0.7283, -1.193 0.1681 0.7283, -1.193 -0.8448 0.6602, -1.193 -0.8489 0.658, -1.193 -1.0718 0.6774, -1.193 -0.8403 0.6614, -1.193 -1.0714 0.6736, -1.193 -1.0703 0.6699, -1.193 -1.0685 0.6665, -1.193 -0.9683 0.577, -1.193 -0.9639 0.5782, -1.193 -0.9729 0.5769, -1.193 -0.9598 0.5803, -1.193 -0.9773 0.5778, -1.193 -1.066 0.6635, -1.193 -0.9851 0.5825, -1.193 -0.9815 0.5797, -1.2717 -0.8403 0.6614, -1.2717 -0.8448 0.6602, -1.2717 -0.8489 0.658, -1.2717 -1.0718 0.6774, -1.2717 -1.0685 0.6665, -1.2717 -1.0703 0.6699, -1.2717 -1.0714 0.6736, -1.2717 -0.9773 0.5778, -1.2717 -0.9598 0.5803, -1.2717 -0.9729 0.5769, -1.2717 -0.9639 0.5782, -1.2717 -0.9683 0.577, -1.2717 -0.9815 0.5797, -1.2717 -0.9851 0.5825, -1.2717 -1.066 0.6635, -1.6851 0.2471 0.0394, -1.6851 0.2471 0.1575, -1.7638 0.2471 0.0394, -1.7638 0.2471 0.1575, -1.6851 0.2865 0.0, -1.7638 0.2865 0.0, -1.6851 0.739 0.0, -1.7638 0.739 0.0, -1.7638 0.7587 0.0197, -1.7638 0.7587 0.0984, -1.6851 0.7587 0.0197, -1.6851 0.7587 0.0984, -1.7638 0.739 0.1181, -1.7638 0.3455 0.1181, -1.6851 0.739 0.1181, -1.6851 0.3455 0.1181, -1.6851 0.3455 0.6496, -1.7638 0.3455 0.6496, -1.7638 0.3428 0.67, -1.6851 0.3428 0.67, -1.7638 0.335 0.689, -1.6851 0.335 0.689, -1.7638 0.3225 0.7053, -1.6851 0.3225 0.7053, -1.7638 0.3061 0.7178, -1.6851 0.3061 0.7178, -1.7638 0.2872 0.7257, -1.6851 0.2872 0.7257, -1.7638 0.2668 0.7283, -1.6851 0.2668 0.7283, -1.6851 0.2471 0.3543, -1.6851 0.2471 0.5274, -1.7638 0.2471 0.3543, -1.7638 0.2471 0.5274, -1.6851 0.2458 0.3441, -1.7638 0.2458 0.3441, -1.6851 0.2418 0.3346, -1.7638 0.2418 0.3346, -1.6851 0.2356 0.3265, -1.7638 0.2356 0.3265, -1.6851 0.2274 0.3202, -1.7638 0.2274 0.3202, -1.6851 0.2179 0.3163, -1.7638 0.2179 0.3163, -1.6851 0.2077 0.315, -1.7638 0.2077 0.315, -1.6851 0.7441 0.1174, -1.6851 0.756 0.1083, -1.6851 0.7529 0.1123, -1.6851 0.7488 0.1155, -1.6851 0.7529 0.0058, -1.6851 0.756 0.0098, -1.6851 0.7488 0.0026, -1.6851 0.7441 0.0007, -1.6851 0.758 0.0146, -1.6851 0.2378 0.5528, -1.6851 0.2429 0.5451, -1.6851 0.758 0.1035, -1.6851 0.1878 0.315, -1.6851 0.1878 0.1575, -1.6851 0.2311 0.5591, -1.6851 0.246 0.5365, -1.6851 0.2232 0.5636, -1.6851 0.1878 0.5614, -1.6851 0.1962 0.5651, -1.6851 0.1878 0.7283, -1.6851 0.2052 0.5667, -1.6851 0.2144 0.5662, -1.7638 0.1962 0.5651, -1.7638 0.1878 0.5614, -1.7638 0.1878 0.7283, -1.7638 0.7441 0.0007, -1.7638 0.7488 0.1155, -1.7638 0.7529 0.1123, -1.7638 0.756 0.1083, -1.7638 0.758 0.0146, -1.7638 0.756 0.0098, -1.7638 0.7488 0.0026, -1.7638 0.7529 0.0058, -1.7638 0.1878 0.1575, -1.7638 0.1878 0.315, -1.7638 0.246 0.5365, -1.7638 0.7441 0.1174, -1.7638 0.758 0.1035, -1.7638 0.2429 0.5451, -1.7638 0.2378 0.5528, -1.7638 0.2311 0.5591, -1.7638 0.2232 0.5636, -1.7638 0.2144 0.5662, -1.7638 0.2052 0.5667, -1.6851 -1.0095 0.3009, -1.6851 -1.0332 0.2842, -1.6851 -0.9825 0.3114, -1.6851 -0.9537 0.315, -1.6851 0.1681 0.2362, -1.6851 0.1681 0.315, -1.6851 -1.0651 0.2362, -1.6851 -1.0521 0.2622, -1.7638 0.1681 0.315, -1.7638 0.1681 0.2362, -1.7638 -0.9537 0.315, -1.7638 -1.0651 0.2362, -1.7638 -1.0521 0.2622, -1.7638 -1.0332 0.2842, -1.7638 -1.0095 0.3009, -1.7638 -0.9825 0.3114, -1.6851 0.1681 0.556, -1.6851 -0.8356 0.6615, -1.7638 0.1681 0.556, -1.7638 -0.8356 0.6615, -1.7638 -1.0718 0.7283, -1.6851 -1.0718 0.7283, -1.7638 0.1681 0.7283, -1.6851 0.1681 0.7283, -1.6851 -0.8403 0.6614, -1.6851 -0.8448 0.6602, -1.6851 -1.0714 0.6736, -1.6851 -1.0703 0.6699, -1.6851 -0.8489 0.658, -1.6851 -1.0718 0.6774, -1.6851 -0.9851 0.5825, -1.6851 -0.9598 0.5803, -1.6851 -1.066 0.6635, -1.6851 -1.0685 0.6665, -1.6851 -0.9815 0.5797, -1.6851 -0.9773 0.5778, -1.6851 -0.9639 0.5782, -1.6851 -0.9729 0.5769, -1.6851 -0.9683 0.577, -1.7638 -0.8403 0.6614, -1.7638 -0.8448 0.6602, -1.7638 -0.8489 0.658, -1.7638 -0.9851 0.5825, -1.7638 -1.066 0.6635, -1.7638 -0.9598 0.5803, -1.7638 -1.0685 0.6665, -1.7638 -1.0703 0.6699, -1.7638 -1.0714 0.6736, -1.7638 -1.0718 0.6774, -1.7638 -0.9683 0.577, -1.7638 -0.9729 0.5769, -1.7638 -0.9639 0.5782, -1.7638 -0.9773 0.5778, -1.7638 -0.9815 0.5797, 0.7755 0.2471 0.0394, 0.7755 0.2471 0.1575, 0.6968 0.2471 0.0394, 0.6968 0.2471 0.1575, 0.7755 0.2865 0.0, 0.6968 0.2865 0.0, 0.7755 0.739 0.0, 0.6968 0.739 0.0, 0.6968 0.7587 0.0197, 0.6968 0.7587 0.0984, 0.7755 0.7587 0.0197, 0.7755 0.7587 0.0984, 0.6968 0.739 0.1181, 0.6968 0.3455 0.1181, 0.7755 0.739 0.1181, 0.7755 0.3455 0.1181, 0.7755 0.3455 0.6496, 0.6968 0.3455 0.6496, 0.6968 0.3428 0.67, 0.7755 0.3428 0.67, 0.6968 0.335 0.689, 0.7755 0.335 0.689, 0.6968 0.3225 0.7053, 0.7755 0.3225 0.7053, 0.6968 0.3061 0.7178, 0.7755 0.3061 0.7178, 0.6968 0.2872 0.7257, 0.7755 0.2872 0.7257, 0.6968 0.2668 0.7283, 0.7755 0.2668 0.7283, 0.7755 0.2471 0.3543, 0.7755 0.2471 0.5274, 0.6968 0.2471 0.3543, 0.6968 0.2471 0.5274, 0.7755 0.2458 0.3441, 0.6968 0.2458 0.3441, 0.7755 0.2418 0.3346, 0.6968 0.2418 0.3346, 0.7755 0.2356 0.3265, 0.6968 0.2356 0.3265, 0.7755 0.2274 0.3202, 0.6968 0.2274 0.3202, 0.7755 0.2179 0.3163, 0.6968 0.2179 0.3163, 0.7755 0.2077 0.315, 0.6968 0.2077 0.315, 0.7755 0.2378 0.5528, 0.7755 0.2429 0.5451, 0.7755 0.7441 0.1174, 0.7755 0.2311 0.5591, 0.7755 0.1878 0.315, 0.7755 0.1878 0.1575, 0.7755 0.7441 0.0007, 0.7755 0.7488 0.0026, 0.7755 0.756 0.1083, 0.7755 0.7529 0.1123, 0.7755 0.7488 0.1155, 0.7755 0.246 0.5365, 0.7755 0.7529 0.0058, 0.7755 0.756 0.0098, 0.7755 0.758 0.0146, 0.7755 0.2232 0.5636, 0.7755 0.1878 0.5614, 0.7755 0.1962 0.5651, 0.7755 0.1878 0.7283, 0.7755 0.2052 0.5667, 0.7755 0.2144 0.5662, 0.7755 0.758 0.1035, 0.6968 0.1962 0.5651, 0.6968 0.1878 0.5614, 0.6968 0.1878 0.7283, 0.6968 0.7441 0.0007, 0.6968 0.246 0.5365, 0.6968 0.758 0.0146, 0.6968 0.756 0.0098, 0.6968 0.1878 0.1575, 0.6968 0.1878 0.315, 0.6968 0.7488 0.1155, 0.6968 0.7529 0.1123, 0.6968 0.756 0.1083, 0.6968 0.7529 0.0058, 0.6968 0.7488 0.0026, 0.6968 0.2429 0.5451, 0.6968 0.2378 0.5528, 0.6968 0.2311 0.5591, 0.6968 0.2232 0.5636, 0.6968 0.2144 0.5662, 0.6968 0.2052 0.5667, 0.6968 0.7441 0.1174, 0.6968 0.758 0.1035, 0.7755 0.1681 0.2362, 0.7755 0.1681 0.315, 0.7755 -1.0651 0.2362, 0.7755 -0.9537 0.315, 0.7755 -0.9825 0.3114, 0.7755 -1.0095 0.3009, 0.7755 -1.0332 0.2842, 0.7755 -1.0521 0.2622, 0.6968 -1.0095 0.3009, 0.6968 -1.0651 0.2362, 0.6968 -1.0332 0.2842, 0.6968 -1.0521 0.2622, 0.6968 0.1681 0.315, 0.6968 0.1681 0.2362, 0.6968 -0.9537 0.315, 0.6968 -0.9825 0.3114, 0.7755 0.1681 0.556, 0.7755 -0.8356 0.6615, 0.6968 0.1681 0.556, 0.6968 -0.8356 0.6615, 0.6968 -1.0718 0.7283, 0.7755 -1.0718 0.7283, 0.6968 0.1681 0.7283, 0.7755 0.1681 0.7283, 0.7755 -0.8489 0.658, 0.7755 -0.8448 0.6602, 0.7755 -0.8403 0.6614, 0.7755 -1.0718 0.6774, 0.7755 -1.0714 0.6736, 0.7755 -1.0703 0.6699, 0.7755 -0.9815 0.5797, 0.7755 -0.9773 0.5778, 0.7755 -0.9598 0.5803, 0.7755 -0.9729 0.5769, 0.7755 -0.9639 0.5782, 0.7755 -0.9683 0.577, 0.7755 -1.0685 0.6665, 0.7755 -1.066 0.6635, 0.7755 -0.9851 0.5825, 0.6968 -0.8403 0.6614, 0.6968 -0.8448 0.6602, 0.6968 -0.8489 0.658, 0.6968 -1.0718 0.6774, 0.6968 -1.0685 0.6665, 0.6968 -1.0703 0.6699, 0.6968 -1.0714 0.6736, 0.6968 -1.066 0.6635, 0.6968 -0.9598 0.5803, 0.6968 -0.9851 0.5825, 0.6968 -0.9639 0.5782, 0.6968 -0.9683 0.577, 0.6968 -0.9729 0.5769, 0.6968 -0.9773 0.5778, 0.6968 -0.9815 0.5797, 1.2677 0.2471 0.0394, 1.2677 0.2471 0.1575, 1.1889 0.2471 0.0394, 1.1889 0.2471 0.1575, 1.2677 0.2865 0.0, 1.1889 0.2865 0.0, 1.2677 0.739 0.0, 1.1889 0.739 0.0, 1.1889 0.7587 0.0197, 1.1889 0.7587 0.0984, 1.2677 0.7587 0.0197, 1.2677 0.7587 0.0984, 1.1889 0.739 0.1181, 1.1889 0.3455 0.1181, 1.2677 0.739 0.1181, 1.2677 0.3455 0.1181, 1.2677 0.3455 0.6496, 1.1889 0.3455 0.6496, 1.1889 0.3428 0.67, 1.2677 0.3428 0.67, 1.1889 0.335 0.689, 1.2677 0.335 0.689, 1.1889 0.3225 0.7053, 1.2677 0.3225 0.7053, 1.1889 0.3061 0.7178, 1.2677 0.3061 0.7178, 1.1889 0.2872 0.7257, 1.2677 0.2872 0.7257, 1.1889 0.2668 0.7283, 1.2677 0.2668 0.7283, 1.2677 0.2471 0.3543, 1.2677 0.2471 0.5274, 1.1889 0.2471 0.3543, 1.1889 0.2471 0.5274, 1.2677 0.2458 0.3441, 1.1889 0.2458 0.3441, 1.2677 0.2418 0.3346, 1.1889 0.2418 0.3346, 1.2677 0.2356 0.3265, 1.1889 0.2356 0.3265, 1.2677 0.2274 0.3202, 1.1889 0.2274 0.3202, 1.2677 0.2179 0.3163, 1.1889 0.2179 0.3163, 1.2677 0.2077 0.315, 1.1889 0.2077 0.315, 1.2677 0.2378 0.5528, 1.2677 0.2429 0.5451, 1.2677 0.7441 0.1174, 1.2677 0.2311 0.5591, 1.2677 0.1878 0.315, 1.2677 0.1878 0.1575, 1.2677 0.7441 0.0007, 1.2677 0.7488 0.0026, 1.2677 0.756 0.1083, 1.2677 0.7529 0.1123, 1.2677 0.7488 0.1155, 1.2677 0.246 0.5365, 1.2677 0.7529 0.0058, 1.2677 0.756 0.0098, 1.2677 0.758 0.0146, 1.2677 0.2232 0.5636, 1.2677 0.1878 0.5614, 1.2677 0.1962 0.5651, 1.2677 0.1878 0.7283, 1.2677 0.2052 0.5667, 1.2677 0.2144 0.5662, 1.2677 0.758 0.1035, 1.1889 0.1962 0.5651, 1.1889 0.1878 0.5614, 1.1889 0.1878 0.7283, 1.1889 0.7441 0.0007, 1.1889 0.246 0.5365, 1.1889 0.758 0.0146, 1.1889 0.756 0.0098, 1.1889 0.1878 0.1575, 1.1889 0.1878 0.315, 1.1889 0.7488 0.1155, 1.1889 0.7529 0.1123, 1.1889 0.756 0.1083, 1.1889 0.7529 0.0058, 1.1889 0.7488 0.0026, 1.1889 0.2429 0.5451, 1.1889 0.2378 0.5528, 1.1889 0.2311 0.5591, 1.1889 0.2232 0.5636, 1.1889 0.2144 0.5662, 1.1889 0.2052 0.5667, 1.1889 0.7441 0.1174, 1.1889 0.758 0.1035, 1.2677 0.1681 0.2362, 1.2677 0.1681 0.315, 1.2677 -1.0651 0.2362, 1.2677 -0.9537 0.315, 1.2677 -0.9825 0.3114, 1.2677 -1.0095 0.3009, 1.2677 -1.0332 0.2842, 1.2677 -1.0521 0.2622, 1.1889 -1.0095 0.3009, 1.1889 -1.0651 0.2362, 1.1889 -1.0332 0.2842, 1.1889 -1.0521 0.2622, 1.1889 0.1681 0.315, 1.1889 0.1681 0.2362, 1.1889 -0.9537 0.315, 1.1889 -0.9825 0.3114, 1.2677 0.1681 0.556, 1.2677 -0.8356 0.6615, 1.1889 0.1681 0.556, 1.1889 -0.8356 0.6615, 1.1889 -1.0718 0.7283, 1.2677 -1.0718 0.7283, 1.1889 0.1681 0.7283, 1.2677 0.1681 0.7283, 1.2677 -0.8489 0.658, 1.2677 -0.8448 0.6602, 1.2677 -0.8403 0.6614, 1.2677 -1.0718 0.6774, 1.2677 -1.0714 0.6736, 1.2677 -1.0703 0.6699, 1.2677 -0.9815 0.5797, 1.2677 -0.9773 0.5778, 1.2677 -0.9598 0.5803, 1.2677 -0.9729 0.5769, 1.2677 -0.9639 0.5782, 1.2677 -0.9683 0.577, 1.2677 -1.0685 0.6665, 1.2677 -1.066 0.6635, 1.2677 -0.9851 0.5825, 1.1889 -0.8403 0.6614, 1.1889 -0.8448 0.6602, 1.1889 -0.8489 0.658, 1.1889 -1.0718 0.6774, 1.1889 -1.0685 0.6665, 1.1889 -1.0703 0.6699, 1.1889 -1.0714 0.6736, 1.1889 -1.066 0.6635, 1.1889 -0.9598 0.5803, 1.1889 -0.9851 0.5825, 1.1889 -0.9639 0.5782, 1.1889 -0.9683 0.577, 1.1889 -0.9729 0.5769, 1.1889 -0.9773 0.5778, 1.1889 -0.9815 0.5797, 1.7598 0.2471 0.0394, 1.7598 0.2471 0.1575, 1.6811 0.2471 0.0394, 1.6811 0.2471 0.1575, 1.7598 0.2865 0.0, 1.6811 0.2865 0.0, 1.7598 0.739 0.0, 1.6811 0.739 0.0, 1.6811 0.7587 0.0197, 1.6811 0.7587 0.0984, 1.7598 0.7587 0.0197, 1.7598 0.7587 0.0984, 1.6811 0.739 0.1181, 1.6811 0.3455 0.1181, 1.7598 0.739 0.1181, 1.7598 0.3455 0.1181, 1.7598 0.3455 0.6496, 1.6811 0.3455 0.6496, 1.6811 0.3428 0.67, 1.7598 0.3428 0.67, 1.6811 0.335 0.689, 1.7598 0.335 0.689, 1.6811 0.3225 0.7053, 1.7598 0.3225 0.7053, 1.6811 0.3061 0.7178, 1.7598 0.3061 0.7178, 1.6811 0.2872 0.7257, 1.7598 0.2872 0.7257, 1.6811 0.2668 0.7283, 1.7598 0.2668 0.7283, 1.7598 0.2471 0.3543, 1.7598 0.2471 0.5274, 1.6811 0.2471 0.3543, 1.6811 0.2471 0.5274, 1.7598 0.2458 0.3441, 1.6811 0.2458 0.3441, 1.7598 0.2418 0.3346, 1.6811 0.2418 0.3346, 1.7598 0.2356 0.3265, 1.6811 0.2356 0.3265, 1.7598 0.2274 0.3202, 1.6811 0.2274 0.3202, 1.7598 0.2179 0.3163, 1.6811 0.2179 0.3163, 1.7598 0.2077 0.315, 1.6811 0.2077 0.315, 1.7598 0.2378 0.5528, 1.7598 0.2429 0.5451, 1.7598 0.7441 0.1174, 1.7598 0.2311 0.5591, 1.7598 0.1878 0.315, 1.7598 0.1878 0.1575, 1.7598 0.7441 0.0007, 1.7598 0.7488 0.0026, 1.7598 0.756 0.1083, 1.7598 0.7529 0.1123, 1.7598 0.7488 0.1155, 1.7598 0.246 0.5365, 1.7598 0.7529 0.0058, 1.7598 0.756 0.0098, 1.7598 0.758 0.0146, 1.7598 0.2232 0.5636, 1.7598 0.1878 0.5614, 1.7598 0.1962 0.5651, 1.7598 0.1878 0.7283, 1.7598 0.2052 0.5667, 1.7598 0.2144 0.5662, 1.7598 0.758 0.1035, 1.6811 0.1962 0.5651, 1.6811 0.1878 0.5614, 1.6811 0.1878 0.7283, 1.6811 0.7441 0.0007, 1.6811 0.246 0.5365, 1.6811 0.758 0.0146, 1.6811 0.756 0.0098, 1.6811 0.1878 0.1575, 1.6811 0.1878 0.315, 1.6811 0.7488 0.1155, 1.6811 0.7529 0.1123, 1.6811 0.756 0.1083, 1.6811 0.7529 0.0058, 1.6811 0.7488 0.0026, 1.6811 0.2429 0.5451, 1.6811 0.2378 0.5528, 1.6811 0.2311 0.5591, 1.6811 0.2232 0.5636, 1.6811 0.2144 0.5662, 1.6811 0.2052 0.5667, 1.6811 0.7441 0.1174, 1.6811 0.758 0.1035, 1.7598 0.1681 0.2362, 1.7598 0.1681 0.315, 1.7598 -1.0651 0.2362, 1.7598 -0.9537 0.315, 1.7598 -0.9825 0.3114, 1.7598 -1.0095 0.3009, 1.7598 -1.0332 0.2842, 1.7598 -1.0521 0.2622, 1.6811 -1.0095 0.3009, 1.6811 -1.0651 0.2362, 1.6811 -1.0332 0.2842, 1.6811 -1.0521 0.2622, 1.6811 0.1681 0.315, 1.6811 0.1681 0.2362, 1.6811 -0.9537 0.315, 1.6811 -0.9825 0.3114, 1.7598 0.1681 0.556, 1.7598 -0.8356 0.6615, 1.6811 0.1681 0.556, 1.6811 -0.8356 0.6615, 1.6811 -1.0718 0.7283, 1.7598 -1.0718 0.7283, 1.6811 0.1681 0.7283, 1.7598 0.1681 0.7283, 1.7598 -0.8489 0.658, 1.7598 -0.8448 0.6602, 1.7598 -0.8403 0.6614, 1.7598 -1.0718 0.6774, 1.7598 -1.0714 0.6736, 1.7598 -1.0703 0.6699, 1.7598 -0.9815 0.5797, 1.7598 -0.9773 0.5778, 1.7598 -0.9598 0.5803, 1.7598 -0.9729 0.5769, 1.7598 -0.9639 0.5782, 1.7598 -0.9683 0.577, 1.7598 -1.0685 0.6665, 1.7598 -1.066 0.6635, 1.7598 -0.9851 0.5825, 1.6811 -0.8403 0.6614, 1.6811 -0.8448 0.6602, 1.6811 -0.8489 0.658, 1.6811 -1.0718 0.6774, 1.6811 -1.0685 0.6665, 1.6811 -1.0703 0.6699, 1.6811 -1.0714 0.6736, 1.6811 -1.066 0.6635, 1.6811 -0.9598 0.5803, 1.6811 -0.9851 0.5825, 1.6811 -0.9639 0.5782, 1.6811 -0.9683 0.577, 1.6811 -0.9729 0.5769, 1.6811 -0.9773 0.5778, 1.6811 -0.9815 0.5797
            ]
        }
        coordIndex [
            0,1,2,-1,2,1,3,-1,4,0,5,-1,5,0,2,-1,6,4,7,-1,7,4,5,-1,8,9,10,-1,10,9,11,-1,12,13,14,-1,14,13,15,-1,16,15,17,-1,17,15,13,-1,16,17,18,-1,16,18,19,-1,19,18,20,-1,19,20,21,-1,21,20,22,-1,21,22,23,-1,23,22,24,-1,23,24,25,-1,25,24,26,-1,25,26,27,-1,27,26,28,-1,27,28,29,-1,30,31,32,-1,32,31,33,-1,30,32,34,-1,34,32,35,-1,34,35,36,-1,36,35,37,-1,36,37,38,-1,38,37,39,-1,38,39,40,-1,40,39,41,-1,40,41,42,-1,42,41,43,-1,42,43,44,-1,44,43,45,-1,46,47,16,-1,10,0,4,-1,48,14,11,-1,34,36,1,-1,1,36,38,-1,1,38,40,-1,46,16,49,-1,50,51,44,-1,44,51,1,-1,44,1,42,-1,42,1,40,-1,4,6,10,-1,10,6,52,-1,10,52,53,-1,54,55,56,-1,47,57,16,-1,16,57,31,-1,16,31,30,-1,30,34,16,-1,16,34,1,-1,16,1,15,-1,15,1,0,-1,15,0,14,-1,14,0,10,-1,14,10,11,-1,53,58,10,-1,10,58,59,-1,10,59,60,-1,16,19,49,-1,49,19,21,-1,49,21,61,-1,61,21,23,-1,62,63,64,-1,64,63,65,-1,64,65,29,-1,29,65,66,-1,29,66,27,-1,27,66,61,-1,27,61,25,-1,25,61,23,-1,48,11,56,-1,56,11,67,-1,56,67,54,-1,68,69,70,-1,7,5,2,-1,9,8,12,-1,43,41,3,-1,3,41,39,-1,12,8,13,-1,71,7,8,-1,8,7,2,-1,8,2,13,-1,13,2,3,-1,13,3,17,-1,33,72,17,-1,8,73,74,-1,75,76,3,-1,3,76,45,-1,3,45,43,-1,77,78,79,-1,74,80,8,-1,8,80,81,-1,8,81,71,-1,39,37,3,-1,3,37,35,-1,3,35,17,-1,17,35,32,-1,17,32,33,-1,72,82,17,-1,17,82,83,-1,17,83,18,-1,18,83,84,-1,26,85,28,-1,28,85,86,-1,28,86,70,-1,70,86,87,-1,70,87,68,-1,12,88,9,-1,9,88,77,-1,9,77,89,-1,89,77,79,-1,26,24,85,-1,85,24,22,-1,85,22,84,-1,84,22,20,-1,84,20,18,-1,64,29,70,-1,70,29,28,-1,3,1,75,-1,75,1,51,-1,44,45,50,-1,50,45,76,-1,62,69,63,-1,63,69,68,-1,63,68,65,-1,65,68,87,-1,65,87,66,-1,66,87,86,-1,66,86,61,-1,61,86,85,-1,61,85,49,-1,49,85,84,-1,49,84,46,-1,46,84,83,-1,46,83,47,-1,47,83,82,-1,47,82,57,-1,57,82,72,-1,57,72,31,-1,31,72,33,-1,90,91,92,-1,92,91,93,-1,92,93,94,-1,94,95,92,-1,92,95,96,-1,92,96,97,-1,98,99,100,-1,100,99,101,-1,102,103,104,-1,104,103,99,-1,104,99,105,-1,105,99,98,-1,93,104,105,-1,93,105,94,-1,94,105,98,-1,94,98,95,-1,95,98,100,-1,95,100,96,-1,96,100,101,-1,96,101,97,-1,97,101,99,-1,97,99,92,-1,102,104,91,-1,91,104,93,-1,106,107,108,-1,108,107,109,-1,110,111,112,-1,112,111,113,-1,114,115,111,-1,106,113,107,-1,107,113,111,-1,107,111,116,-1,116,111,115,-1,111,117,114,-1,114,117,118,-1,114,118,119,-1,120,121,122,-1,122,121,123,-1,122,123,124,-1,124,123,125,-1,119,126,114,-1,114,126,127,-1,114,127,122,-1,122,127,128,-1,122,128,120,-1,129,130,110,-1,110,130,131,-1,110,131,132,-1,129,110,109,-1,109,110,112,-1,109,112,108,-1,133,134,131,-1,131,134,135,-1,131,135,132,-1,133,131,136,-1,136,131,137,-1,136,137,138,-1,138,137,139,-1,138,139,140,-1,140,141,138,-1,138,141,142,-1,138,142,143,-1,117,111,132,-1,132,111,110,-1,117,132,135,-1,117,135,118,-1,118,135,134,-1,118,134,119,-1,119,134,133,-1,119,133,126,-1,126,133,136,-1,126,136,127,-1,128,127,138,-1,138,127,136,-1,128,138,143,-1,128,143,120,-1,120,143,142,-1,120,142,121,-1,121,142,141,-1,121,141,123,-1,123,141,140,-1,123,140,125,-1,125,140,139,-1,125,139,124,-1,124,139,137,-1,124,137,122,-1,114,122,131,-1,131,122,137,-1,114,131,115,-1,115,131,130,-1,115,130,116,-1,116,130,129,-1,116,129,107,-1,107,129,109,-1,8,10,60,-1,8,60,73,-1,73,60,59,-1,73,59,74,-1,74,59,58,-1,74,58,80,-1,80,58,53,-1,80,53,81,-1,81,53,52,-1,81,52,71,-1,71,52,6,-1,71,6,7,-1,11,9,89,-1,11,89,67,-1,67,89,79,-1,67,79,54,-1,54,79,78,-1,54,78,55,-1,55,78,77,-1,55,77,56,-1,56,77,88,-1,56,88,48,-1,48,88,12,-1,48,12,14,-1,144,145,146,-1,146,145,147,-1,148,144,149,-1,149,144,146,-1,150,148,151,-1,151,148,149,-1,152,153,154,-1,154,153,155,-1,156,157,158,-1,158,157,159,-1,160,159,161,-1,161,159,157,-1,160,161,162,-1,160,162,163,-1,163,162,164,-1,163,164,165,-1,165,164,166,-1,165,166,167,-1,167,166,168,-1,167,168,169,-1,169,168,170,-1,169,170,171,-1,171,170,172,-1,171,172,173,-1,174,175,176,-1,176,175,177,-1,174,176,178,-1,178,176,179,-1,178,179,180,-1,180,179,181,-1,180,181,182,-1,182,181,183,-1,182,183,184,-1,184,183,185,-1,184,185,186,-1,186,185,187,-1,186,187,188,-1,188,187,189,-1,190,191,160,-1,154,144,148,-1,192,158,155,-1,178,180,145,-1,145,180,182,-1,145,182,184,-1,193,194,195,-1,195,194,196,-1,195,196,173,-1,173,196,197,-1,173,197,171,-1,171,197,198,-1,171,198,169,-1,190,160,199,-1,200,201,188,-1,188,201,145,-1,188,145,186,-1,186,145,184,-1,202,203,204,-1,160,163,199,-1,199,163,165,-1,199,165,198,-1,198,165,167,-1,198,167,169,-1,191,205,160,-1,160,205,175,-1,160,175,174,-1,174,178,160,-1,160,178,145,-1,160,145,159,-1,159,145,144,-1,159,144,158,-1,158,144,154,-1,158,154,155,-1,206,207,208,-1,208,207,209,-1,148,150,154,-1,154,150,209,-1,154,209,210,-1,210,209,207,-1,192,155,204,-1,204,155,211,-1,204,211,202,-1,212,213,214,-1,151,149,146,-1,153,152,156,-1,185,183,147,-1,185,147,187,-1,156,152,157,-1,215,151,152,-1,152,151,146,-1,152,146,157,-1,157,146,147,-1,157,147,161,-1,177,216,161,-1,170,217,172,-1,172,217,218,-1,172,218,214,-1,214,218,219,-1,214,219,212,-1,220,221,222,-1,152,223,215,-1,215,223,224,-1,215,224,225,-1,225,224,226,-1,227,228,147,-1,147,228,189,-1,147,189,187,-1,183,181,147,-1,147,181,179,-1,147,179,161,-1,161,179,176,-1,161,176,177,-1,216,229,161,-1,161,229,230,-1,161,230,162,-1,162,230,231,-1,170,168,217,-1,217,168,166,-1,217,166,231,-1,231,166,164,-1,231,164,162,-1,156,232,153,-1,153,232,220,-1,153,220,233,-1,233,220,222,-1,195,173,214,-1,214,173,172,-1,147,145,227,-1,227,145,201,-1,188,189,200,-1,200,189,228,-1,193,213,194,-1,194,213,212,-1,194,212,196,-1,196,212,219,-1,196,219,197,-1,197,219,218,-1,197,218,198,-1,198,218,217,-1,198,217,199,-1,199,217,231,-1,199,231,190,-1,190,231,230,-1,190,230,191,-1,191,230,229,-1,191,229,205,-1,205,229,216,-1,205,216,175,-1,175,216,177,-1,234,235,236,-1,236,235,237,-1,238,239,240,-1,240,239,237,-1,240,237,241,-1,241,237,235,-1,242,243,244,-1,244,243,245,-1,245,246,244,-1,244,246,247,-1,244,247,248,-1,248,247,249,-1,237,244,248,-1,237,248,236,-1,236,248,249,-1,236,249,234,-1,234,249,247,-1,234,247,235,-1,235,247,246,-1,235,246,241,-1,241,246,245,-1,241,245,240,-1,242,244,239,-1,239,244,237,-1,250,251,252,-1,252,251,253,-1,254,255,256,-1,256,255,257,-1,258,255,259,-1,259,255,260,-1,250,257,251,-1,251,257,255,-1,251,255,261,-1,261,255,258,-1,260,262,259,-1,259,262,263,-1,259,263,264,-1,264,265,259,-1,259,265,266,-1,259,266,267,-1,267,266,268,-1,267,268,269,-1,269,270,267,-1,267,270,271,-1,267,271,272,-1,273,274,254,-1,254,274,275,-1,273,254,253,-1,253,254,256,-1,253,256,252,-1,276,277,278,-1,279,280,275,-1,278,277,275,-1,275,277,281,-1,275,281,279,-1,280,282,275,-1,275,282,283,-1,275,283,254,-1,278,284,285,-1,285,286,278,-1,278,286,287,-1,278,287,276,-1,260,255,283,-1,283,255,254,-1,260,283,282,-1,260,282,262,-1,262,282,280,-1,262,280,263,-1,263,280,279,-1,263,279,264,-1,264,279,281,-1,264,281,265,-1,266,265,277,-1,277,265,281,-1,266,277,276,-1,266,276,268,-1,268,276,287,-1,268,287,269,-1,269,287,286,-1,269,286,270,-1,270,286,285,-1,270,285,271,-1,271,285,284,-1,271,284,272,-1,272,284,278,-1,272,278,267,-1,259,267,275,-1,275,267,278,-1,259,275,258,-1,258,275,274,-1,258,274,261,-1,261,274,273,-1,261,273,251,-1,251,273,253,-1,288,289,290,-1,290,289,291,-1,292,288,293,-1,293,288,290,-1,294,292,295,-1,295,292,293,-1,296,297,298,-1,298,297,299,-1,300,301,302,-1,302,301,303,-1,304,303,305,-1,305,303,301,-1,304,305,306,-1,304,306,307,-1,307,306,308,-1,307,308,309,-1,309,308,310,-1,309,310,311,-1,311,310,312,-1,311,312,313,-1,313,312,314,-1,313,314,315,-1,315,314,316,-1,315,316,317,-1,318,319,320,-1,320,319,321,-1,318,320,322,-1,322,320,323,-1,322,323,324,-1,324,323,325,-1,324,325,326,-1,326,325,327,-1,326,327,328,-1,328,327,329,-1,328,329,330,-1,330,329,331,-1,330,331,332,-1,332,331,333,-1,302,303,294,-1,294,303,292,-1,334,298,335,-1,335,298,294,-1,294,298,302,-1,302,298,299,-1,302,299,336,-1,337,338,339,-1,322,324,289,-1,289,324,326,-1,289,326,328,-1,334,340,298,-1,298,340,341,-1,298,341,342,-1,336,299,339,-1,339,299,343,-1,339,343,337,-1,344,345,332,-1,332,345,289,-1,332,289,330,-1,330,289,328,-1,346,347,348,-1,348,347,349,-1,348,349,317,-1,317,349,350,-1,317,350,315,-1,315,350,351,-1,307,352,304,-1,304,352,353,-1,304,353,354,-1,354,355,304,-1,304,355,319,-1,304,319,318,-1,318,322,304,-1,304,322,289,-1,304,289,303,-1,303,289,288,-1,303,288,292,-1,307,309,352,-1,352,309,311,-1,352,311,351,-1,351,311,313,-1,351,313,315,-1,295,293,290,-1,356,357,358,-1,297,296,300,-1,300,296,301,-1,359,295,296,-1,296,295,290,-1,296,290,301,-1,301,290,291,-1,301,291,305,-1,331,329,291,-1,291,329,327,-1,296,360,361,-1,362,363,364,-1,361,365,296,-1,296,365,366,-1,296,366,359,-1,367,368,291,-1,291,368,333,-1,291,333,331,-1,321,369,305,-1,300,370,297,-1,297,370,362,-1,297,362,371,-1,371,362,364,-1,327,325,291,-1,291,325,323,-1,291,323,305,-1,305,323,320,-1,305,320,321,-1,369,372,305,-1,305,372,373,-1,305,373,306,-1,306,373,374,-1,314,375,316,-1,316,375,376,-1,316,376,358,-1,358,376,377,-1,358,377,356,-1,314,312,375,-1,375,312,310,-1,375,310,374,-1,374,310,308,-1,374,308,306,-1,348,317,358,-1,358,317,316,-1,291,289,367,-1,367,289,345,-1,332,333,344,-1,344,333,368,-1,346,357,347,-1,347,357,356,-1,347,356,349,-1,349,356,377,-1,349,377,350,-1,350,377,376,-1,350,376,351,-1,351,376,375,-1,351,375,352,-1,352,375,374,-1,352,374,353,-1,353,374,373,-1,353,373,354,-1,354,373,372,-1,354,372,355,-1,355,372,369,-1,355,369,319,-1,319,369,321,-1,378,379,380,-1,380,379,381,-1,380,381,382,-1,383,384,382,-1,382,384,385,-1,382,385,380,-1,386,387,388,-1,389,390,391,-1,391,390,392,-1,391,392,388,-1,388,392,393,-1,388,393,386,-1,381,391,388,-1,381,388,382,-1,382,388,387,-1,382,387,383,-1,383,387,386,-1,383,386,384,-1,384,386,393,-1,384,393,385,-1,385,393,392,-1,385,392,380,-1,389,391,379,-1,379,391,381,-1,394,395,396,-1,396,395,397,-1,398,399,400,-1,400,399,401,-1,402,403,399,-1,394,401,395,-1,395,401,399,-1,395,399,404,-1,404,399,403,-1,399,405,402,-1,402,405,406,-1,402,406,407,-1,408,409,410,-1,410,409,402,-1,410,402,411,-1,411,402,407,-1,408,412,409,-1,409,412,413,-1,409,413,414,-1,414,413,415,-1,414,415,416,-1,398,400,397,-1,397,400,396,-1,397,417,398,-1,398,417,418,-1,398,418,419,-1,420,421,422,-1,423,424,419,-1,419,424,425,-1,419,425,398,-1,422,421,419,-1,419,421,426,-1,419,426,423,-1,427,428,429,-1,429,428,430,-1,429,430,422,-1,422,430,431,-1,422,431,420,-1,405,399,425,-1,425,399,398,-1,405,425,424,-1,405,424,406,-1,406,424,423,-1,406,423,407,-1,407,423,426,-1,407,426,411,-1,411,426,421,-1,411,421,410,-1,408,410,420,-1,420,410,421,-1,408,420,431,-1,408,431,412,-1,412,431,430,-1,412,430,413,-1,413,430,428,-1,413,428,415,-1,415,428,427,-1,415,427,416,-1,416,427,429,-1,416,429,414,-1,414,429,422,-1,414,422,409,-1,402,409,419,-1,419,409,422,-1,402,419,403,-1,403,419,418,-1,403,418,404,-1,404,418,417,-1,404,417,395,-1,395,417,397,-1,432,433,434,-1,434,433,435,-1,436,432,437,-1,437,432,434,-1,438,436,439,-1,439,436,437,-1,440,441,442,-1,442,441,443,-1,444,445,446,-1,446,445,447,-1,448,447,449,-1,449,447,445,-1,448,449,450,-1,448,450,451,-1,451,450,452,-1,451,452,453,-1,453,452,454,-1,453,454,455,-1,455,454,456,-1,455,456,457,-1,457,456,458,-1,457,458,459,-1,459,458,460,-1,459,460,461,-1,462,463,464,-1,464,463,465,-1,462,464,466,-1,466,464,467,-1,466,467,468,-1,468,467,469,-1,468,469,470,-1,470,469,471,-1,470,471,472,-1,472,471,473,-1,472,473,474,-1,474,473,475,-1,474,475,476,-1,476,475,477,-1,478,479,448,-1,442,432,436,-1,480,446,443,-1,466,468,433,-1,433,468,470,-1,433,470,472,-1,481,482,483,-1,483,482,484,-1,483,484,461,-1,461,484,485,-1,461,485,459,-1,459,485,486,-1,459,486,457,-1,478,448,487,-1,488,489,476,-1,476,489,433,-1,476,433,474,-1,474,433,472,-1,490,491,492,-1,448,451,487,-1,487,451,453,-1,487,453,486,-1,486,453,455,-1,486,455,457,-1,479,493,448,-1,448,493,463,-1,448,463,462,-1,462,466,448,-1,448,466,433,-1,448,433,447,-1,447,433,432,-1,447,432,446,-1,446,432,442,-1,446,442,443,-1,494,495,496,-1,496,495,497,-1,436,438,442,-1,442,438,497,-1,442,497,498,-1,498,497,495,-1,480,443,492,-1,492,443,499,-1,492,499,490,-1,500,501,502,-1,439,437,434,-1,441,440,444,-1,475,473,435,-1,435,473,471,-1,444,440,445,-1,503,439,440,-1,440,439,434,-1,440,434,445,-1,445,434,435,-1,445,435,449,-1,465,504,449,-1,505,506,435,-1,435,506,477,-1,435,477,475,-1,458,507,460,-1,460,507,508,-1,460,508,502,-1,502,508,509,-1,502,509,500,-1,510,511,512,-1,440,513,503,-1,503,513,514,-1,503,514,515,-1,515,514,516,-1,471,469,435,-1,435,469,467,-1,435,467,449,-1,449,467,464,-1,449,464,465,-1,504,517,449,-1,449,517,518,-1,449,518,450,-1,450,518,519,-1,458,456,507,-1,507,456,454,-1,507,454,519,-1,519,454,452,-1,519,452,450,-1,444,520,441,-1,441,520,510,-1,441,510,521,-1,521,510,512,-1,483,461,502,-1,502,461,460,-1,435,433,505,-1,505,433,489,-1,476,477,488,-1,488,477,506,-1,481,501,482,-1,482,501,500,-1,482,500,484,-1,484,500,509,-1,484,509,485,-1,485,509,508,-1,485,508,486,-1,486,508,507,-1,486,507,487,-1,487,507,519,-1,487,519,478,-1,478,519,518,-1,478,518,479,-1,479,518,517,-1,479,517,493,-1,493,517,504,-1,493,504,463,-1,463,504,465,-1,522,523,524,-1,524,523,525,-1,524,525,526,-1,527,528,526,-1,526,528,529,-1,526,529,524,-1,530,531,532,-1,533,534,535,-1,535,534,536,-1,535,536,532,-1,532,536,537,-1,532,537,530,-1,525,535,532,-1,525,532,526,-1,526,532,531,-1,526,531,527,-1,527,531,530,-1,527,530,528,-1,528,530,537,-1,528,537,529,-1,529,537,536,-1,529,536,524,-1,533,535,523,-1,523,535,525,-1,538,539,540,-1,540,539,541,-1,542,543,544,-1,544,543,545,-1,546,543,547,-1,547,543,548,-1,538,545,539,-1,539,545,543,-1,539,543,549,-1,549,543,546,-1,548,550,547,-1,547,550,551,-1,547,551,552,-1,553,554,555,-1,555,554,556,-1,555,556,557,-1,552,558,547,-1,547,558,559,-1,547,559,556,-1,556,559,560,-1,556,560,557,-1,561,542,541,-1,541,542,544,-1,541,544,540,-1,561,562,542,-1,542,562,563,-1,542,563,564,-1,565,566,563,-1,563,566,567,-1,563,567,564,-1,568,569,570,-1,570,569,571,-1,570,571,572,-1,568,573,569,-1,569,573,574,-1,569,574,563,-1,563,574,575,-1,563,575,565,-1,548,543,564,-1,564,543,542,-1,548,564,567,-1,548,567,550,-1,550,567,566,-1,550,566,551,-1,551,566,565,-1,551,565,552,-1,552,565,575,-1,552,575,558,-1,559,558,574,-1,574,558,575,-1,559,574,573,-1,559,573,560,-1,560,573,568,-1,560,568,557,-1,557,568,570,-1,557,570,555,-1,555,570,572,-1,555,572,553,-1,553,572,571,-1,553,571,554,-1,554,571,569,-1,554,569,556,-1,547,556,563,-1,563,556,569,-1,547,563,546,-1,546,563,562,-1,546,562,549,-1,549,562,561,-1,549,561,539,-1,539,561,541,-1,576,577,578,-1,578,577,579,-1,580,576,581,-1,581,576,578,-1,582,580,583,-1,583,580,581,-1,584,585,586,-1,586,585,587,-1,588,589,590,-1,590,589,591,-1,592,591,593,-1,593,591,589,-1,592,593,594,-1,592,594,595,-1,595,594,596,-1,595,596,597,-1,597,596,598,-1,597,598,599,-1,599,598,600,-1,599,600,601,-1,601,600,602,-1,601,602,603,-1,603,602,604,-1,603,604,605,-1,606,607,608,-1,608,607,609,-1,606,608,610,-1,610,608,611,-1,610,611,612,-1,612,611,613,-1,612,613,614,-1,614,613,615,-1,614,615,616,-1,616,615,617,-1,616,617,618,-1,618,617,619,-1,618,619,620,-1,620,619,621,-1,622,590,587,-1,591,580,582,-1,587,590,586,-1,623,624,625,-1,610,612,577,-1,577,612,614,-1,577,614,616,-1,626,627,628,-1,628,627,629,-1,627,630,629,-1,629,630,586,-1,629,586,582,-1,582,586,590,-1,582,590,591,-1,631,632,592,-1,622,587,625,-1,625,587,633,-1,625,633,623,-1,634,635,620,-1,620,635,577,-1,620,577,618,-1,618,577,616,-1,631,592,636,-1,632,637,592,-1,592,637,607,-1,592,607,606,-1,606,610,592,-1,592,610,577,-1,592,577,591,-1,591,577,576,-1,591,576,580,-1,592,595,636,-1,636,595,597,-1,636,597,638,-1,638,597,599,-1,639,640,641,-1,641,640,642,-1,641,642,605,-1,605,642,643,-1,605,643,603,-1,603,643,638,-1,603,638,601,-1,601,638,599,-1,583,581,578,-1,644,645,646,-1,585,584,588,-1,588,584,589,-1,647,583,584,-1,584,583,578,-1,584,578,589,-1,589,578,579,-1,589,579,593,-1,619,617,579,-1,579,617,615,-1,648,649,650,-1,584,651,647,-1,647,651,652,-1,647,652,653,-1,653,652,654,-1,655,656,579,-1,579,656,621,-1,579,621,619,-1,609,657,593,-1,588,658,585,-1,585,658,648,-1,585,648,659,-1,659,648,650,-1,615,613,579,-1,579,613,611,-1,579,611,593,-1,593,611,608,-1,593,608,609,-1,657,660,593,-1,593,660,661,-1,593,661,594,-1,594,661,662,-1,602,663,604,-1,604,663,664,-1,604,664,646,-1,646,664,665,-1,646,665,644,-1,602,600,663,-1,663,600,598,-1,663,598,662,-1,662,598,596,-1,662,596,594,-1,641,605,646,-1,646,605,604,-1,579,577,655,-1,655,577,635,-1,620,621,634,-1,634,621,656,-1,639,645,640,-1,640,645,644,-1,640,644,642,-1,642,644,665,-1,642,665,643,-1,643,665,664,-1,643,664,638,-1,638,664,663,-1,638,663,636,-1,636,663,662,-1,636,662,631,-1,631,662,661,-1,631,661,632,-1,632,661,660,-1,632,660,637,-1,637,660,657,-1,637,657,607,-1,607,657,609,-1,666,667,668,-1,668,667,669,-1,670,671,672,-1,672,671,669,-1,672,669,673,-1,673,669,667,-1,674,675,676,-1,676,675,677,-1,677,678,679,-1,679,680,677,-1,677,680,681,-1,677,681,676,-1,669,676,681,-1,669,681,668,-1,668,681,680,-1,668,680,666,-1,666,680,679,-1,666,679,667,-1,667,679,678,-1,667,678,673,-1,673,678,677,-1,673,677,672,-1,674,676,671,-1,671,676,669,-1,682,683,684,-1,684,683,685,-1,686,687,688,-1,688,687,689,-1,682,689,683,-1,683,689,687,-1,683,687,690,-1,690,687,691,-1,692,693,694,-1,691,687,694,-1,694,687,695,-1,694,695,692,-1,696,697,698,-1,698,697,694,-1,698,694,699,-1,699,694,693,-1,696,700,697,-1,697,700,701,-1,697,701,702,-1,702,701,703,-1,702,703,704,-1,686,688,685,-1,685,688,684,-1,685,705,686,-1,686,705,706,-1,686,706,707,-1,708,709,710,-1,710,709,707,-1,707,709,711,-1,707,711,712,-1,712,713,707,-1,707,713,714,-1,707,714,686,-1,715,716,717,-1,717,716,718,-1,717,718,710,-1,710,718,719,-1,710,719,708,-1,695,687,714,-1,714,687,686,-1,695,714,713,-1,695,713,692,-1,692,713,712,-1,692,712,693,-1,693,712,711,-1,693,711,699,-1,699,711,709,-1,699,709,698,-1,696,698,708,-1,708,698,709,-1,696,708,719,-1,696,719,700,-1,700,719,718,-1,700,718,701,-1,701,718,716,-1,701,716,703,-1,703,716,715,-1,703,715,704,-1,704,715,717,-1,704,717,702,-1,702,717,710,-1,702,710,697,-1,694,697,707,-1,707,697,710,-1,694,707,691,-1,691,707,706,-1,691,706,690,-1,690,706,705,-1,690,705,683,-1,683,705,685,-1,720,721,722,-1,722,721,723,-1,724,720,725,-1,725,720,722,-1,726,724,727,-1,727,724,725,-1,728,729,730,-1,730,729,731,-1,732,733,734,-1,734,733,735,-1,736,735,737,-1,737,735,733,-1,736,737,738,-1,736,738,739,-1,739,738,740,-1,739,740,741,-1,741,740,742,-1,741,742,743,-1,743,742,744,-1,743,744,745,-1,745,744,746,-1,745,746,747,-1,747,746,748,-1,747,748,749,-1,750,751,752,-1,752,751,753,-1,750,752,754,-1,754,752,755,-1,754,755,756,-1,756,755,757,-1,756,757,758,-1,758,757,759,-1,758,759,760,-1,760,759,761,-1,760,761,762,-1,762,761,763,-1,762,763,764,-1,764,763,765,-1,766,767,736,-1,730,720,724,-1,768,734,731,-1,754,756,721,-1,721,756,758,-1,721,758,760,-1,766,736,769,-1,770,771,764,-1,764,771,721,-1,764,721,762,-1,762,721,760,-1,724,726,730,-1,730,726,772,-1,730,772,773,-1,774,775,776,-1,767,777,736,-1,736,777,751,-1,736,751,750,-1,750,754,736,-1,736,754,721,-1,736,721,735,-1,735,721,720,-1,735,720,734,-1,734,720,730,-1,734,730,731,-1,773,778,730,-1,730,778,779,-1,730,779,780,-1,736,739,769,-1,769,739,741,-1,769,741,781,-1,781,741,743,-1,782,783,784,-1,784,783,785,-1,784,785,749,-1,749,785,786,-1,749,786,747,-1,747,786,781,-1,747,781,745,-1,745,781,743,-1,768,731,776,-1,776,731,787,-1,776,787,774,-1,788,789,790,-1,727,725,722,-1,729,728,732,-1,763,761,723,-1,723,761,759,-1,732,728,733,-1,791,727,728,-1,728,727,722,-1,728,722,733,-1,733,722,723,-1,733,723,737,-1,753,792,737,-1,728,793,794,-1,795,796,723,-1,723,796,765,-1,723,765,763,-1,797,798,799,-1,794,800,728,-1,728,800,801,-1,728,801,791,-1,759,757,723,-1,723,757,755,-1,723,755,737,-1,737,755,752,-1,737,752,753,-1,792,802,737,-1,737,802,803,-1,737,803,738,-1,738,803,804,-1,746,805,748,-1,748,805,806,-1,748,806,790,-1,790,806,807,-1,790,807,788,-1,732,808,729,-1,729,808,797,-1,729,797,809,-1,809,797,799,-1,746,744,805,-1,805,744,742,-1,805,742,804,-1,804,742,740,-1,804,740,738,-1,784,749,790,-1,790,749,748,-1,723,721,795,-1,795,721,771,-1,764,765,770,-1,770,765,796,-1,782,789,783,-1,783,789,788,-1,783,788,785,-1,785,788,807,-1,785,807,786,-1,786,807,806,-1,786,806,781,-1,781,806,805,-1,781,805,769,-1,769,805,804,-1,769,804,766,-1,766,804,803,-1,766,803,767,-1,767,803,802,-1,767,802,777,-1,777,802,792,-1,777,792,751,-1,751,792,753,-1,810,811,812,-1,812,811,813,-1,812,813,814,-1,814,815,812,-1,812,815,816,-1,812,816,817,-1,818,819,820,-1,820,819,821,-1,822,823,824,-1,824,823,819,-1,824,819,825,-1,825,819,818,-1,813,824,825,-1,813,825,814,-1,814,825,818,-1,814,818,815,-1,815,818,820,-1,815,820,816,-1,816,820,821,-1,816,821,817,-1,817,821,819,-1,817,819,812,-1,822,824,811,-1,811,824,813,-1,826,827,828,-1,828,827,829,-1,830,831,832,-1,832,831,833,-1,834,835,831,-1,826,833,827,-1,827,833,831,-1,827,831,836,-1,836,831,835,-1,831,837,834,-1,834,837,838,-1,834,838,839,-1,840,841,842,-1,842,841,843,-1,842,843,844,-1,844,843,845,-1,839,846,834,-1,834,846,847,-1,834,847,842,-1,842,847,848,-1,842,848,840,-1,849,850,830,-1,830,850,851,-1,830,851,852,-1,849,830,829,-1,829,830,832,-1,829,832,828,-1,853,854,851,-1,851,854,855,-1,851,855,852,-1,853,851,856,-1,856,851,857,-1,856,857,858,-1,858,857,859,-1,858,859,860,-1,860,861,858,-1,858,861,862,-1,858,862,863,-1,837,831,852,-1,852,831,830,-1,837,852,855,-1,837,855,838,-1,838,855,854,-1,838,854,839,-1,839,854,853,-1,839,853,846,-1,846,853,856,-1,846,856,847,-1,848,847,858,-1,858,847,856,-1,848,858,863,-1,848,863,840,-1,840,863,862,-1,840,862,841,-1,841,862,861,-1,841,861,843,-1,843,861,860,-1,843,860,845,-1,845,860,859,-1,845,859,844,-1,844,859,857,-1,844,857,842,-1,834,842,851,-1,851,842,857,-1,834,851,835,-1,835,851,850,-1,835,850,836,-1,836,850,849,-1,836,849,827,-1,827,849,829,-1,864,865,866,-1,866,865,867,-1,868,864,869,-1,869,864,866,-1,870,868,871,-1,871,868,869,-1,872,873,874,-1,874,873,875,-1,876,877,878,-1,878,877,879,-1,880,879,881,-1,881,879,877,-1,880,881,882,-1,880,882,883,-1,883,882,884,-1,883,884,885,-1,885,884,886,-1,885,886,887,-1,887,886,888,-1,887,888,889,-1,889,888,890,-1,889,890,891,-1,891,890,892,-1,891,892,893,-1,894,895,896,-1,896,895,897,-1,894,896,898,-1,898,896,899,-1,898,899,900,-1,900,899,901,-1,900,901,902,-1,902,901,903,-1,902,903,904,-1,904,903,905,-1,904,905,906,-1,906,905,907,-1,906,907,908,-1,908,907,909,-1,910,911,880,-1,874,864,868,-1,912,878,875,-1,898,900,865,-1,865,900,902,-1,865,902,904,-1,910,880,913,-1,914,915,908,-1,908,915,865,-1,908,865,906,-1,906,865,904,-1,868,870,874,-1,874,870,916,-1,874,916,917,-1,918,919,920,-1,911,921,880,-1,880,921,895,-1,880,895,894,-1,894,898,880,-1,880,898,865,-1,880,865,879,-1,879,865,864,-1,879,864,878,-1,878,864,874,-1,878,874,875,-1,917,922,874,-1,874,922,923,-1,874,923,924,-1,880,883,913,-1,913,883,885,-1,913,885,925,-1,925,885,887,-1,926,927,928,-1,928,927,929,-1,928,929,893,-1,893,929,930,-1,893,930,891,-1,891,930,925,-1,891,925,889,-1,889,925,887,-1,912,875,920,-1,920,875,931,-1,920,931,918,-1,932,933,934,-1,871,869,866,-1,873,872,876,-1,907,905,867,-1,867,905,903,-1,876,872,877,-1,935,871,872,-1,872,871,866,-1,872,866,877,-1,877,866,867,-1,877,867,881,-1,897,936,881,-1,872,937,938,-1,939,940,867,-1,867,940,909,-1,867,909,907,-1,941,942,943,-1,938,944,872,-1,872,944,945,-1,872,945,935,-1,903,901,867,-1,867,901,899,-1,867,899,881,-1,881,899,896,-1,881,896,897,-1,936,946,881,-1,881,946,947,-1,881,947,882,-1,882,947,948,-1,890,949,892,-1,892,949,950,-1,892,950,934,-1,934,950,951,-1,934,951,932,-1,876,952,873,-1,873,952,941,-1,873,941,953,-1,953,941,943,-1,890,888,949,-1,949,888,886,-1,949,886,948,-1,948,886,884,-1,948,884,882,-1,928,893,934,-1,934,893,892,-1,867,865,939,-1,939,865,915,-1,908,909,914,-1,914,909,940,-1,926,933,927,-1,927,933,932,-1,927,932,929,-1,929,932,951,-1,929,951,930,-1,930,951,950,-1,930,950,925,-1,925,950,949,-1,925,949,913,-1,913,949,948,-1,913,948,910,-1,910,948,947,-1,910,947,911,-1,911,947,946,-1,911,946,921,-1,921,946,936,-1,921,936,895,-1,895,936,897,-1,954,955,956,-1,956,955,957,-1,956,957,958,-1,958,959,956,-1,956,959,960,-1,956,960,961,-1,962,963,964,-1,964,963,965,-1,966,967,968,-1,968,967,963,-1,968,963,969,-1,969,963,962,-1,957,968,969,-1,957,969,958,-1,958,969,962,-1,958,962,959,-1,959,962,964,-1,959,964,960,-1,960,964,965,-1,960,965,961,-1,961,965,963,-1,961,963,956,-1,966,968,955,-1,955,968,957,-1,970,971,972,-1,972,971,973,-1,974,975,976,-1,976,975,977,-1,978,979,975,-1,970,977,971,-1,971,977,975,-1,971,975,980,-1,980,975,979,-1,975,981,978,-1,978,981,982,-1,978,982,983,-1,984,985,986,-1,986,985,987,-1,986,987,988,-1,988,987,989,-1,983,990,978,-1,978,990,991,-1,978,991,986,-1,986,991,992,-1,986,992,984,-1,993,994,974,-1,974,994,995,-1,974,995,996,-1,993,974,973,-1,973,974,976,-1,973,976,972,-1,997,998,995,-1,995,998,999,-1,995,999,996,-1,997,995,1000,-1,1000,995,1001,-1,1000,1001,1002,-1,1002,1001,1003,-1,1002,1003,1004,-1,1004,1005,1002,-1,1002,1005,1006,-1,1002,1006,1007,-1,981,975,996,-1,996,975,974,-1,981,996,999,-1,981,999,982,-1,982,999,998,-1,982,998,983,-1,983,998,997,-1,983,997,990,-1,990,997,1000,-1,990,1000,991,-1,992,991,1002,-1,1002,991,1000,-1,992,1002,1007,-1,992,1007,984,-1,984,1007,1006,-1,984,1006,985,-1,985,1006,1005,-1,985,1005,987,-1,987,1005,1004,-1,987,1004,989,-1,989,1004,1003,-1,989,1003,988,-1,988,1003,1001,-1,988,1001,986,-1,978,986,995,-1,995,986,1001,-1,978,995,979,-1,979,995,994,-1,979,994,980,-1,980,994,993,-1,980,993,971,-1,971,993,973,-1,1008,1009,1010,-1,1010,1009,1011,-1,1012,1008,1013,-1,1013,1008,1010,-1,1014,1012,1015,-1,1015,1012,1013,-1,1016,1017,1018,-1,1018,1017,1019,-1,1020,1021,1022,-1,1022,1021,1023,-1,1024,1023,1025,-1,1025,1023,1021,-1,1024,1025,1026,-1,1024,1026,1027,-1,1027,1026,1028,-1,1027,1028,1029,-1,1029,1028,1030,-1,1029,1030,1031,-1,1031,1030,1032,-1,1031,1032,1033,-1,1033,1032,1034,-1,1033,1034,1035,-1,1035,1034,1036,-1,1035,1036,1037,-1,1038,1039,1040,-1,1040,1039,1041,-1,1038,1040,1042,-1,1042,1040,1043,-1,1042,1043,1044,-1,1044,1043,1045,-1,1044,1045,1046,-1,1046,1045,1047,-1,1046,1047,1048,-1,1048,1047,1049,-1,1048,1049,1050,-1,1050,1049,1051,-1,1050,1051,1052,-1,1052,1051,1053,-1,1054,1055,1024,-1,1018,1008,1012,-1,1056,1022,1019,-1,1042,1044,1009,-1,1009,1044,1046,-1,1009,1046,1048,-1,1054,1024,1057,-1,1058,1059,1052,-1,1052,1059,1009,-1,1052,1009,1050,-1,1050,1009,1048,-1,1012,1014,1018,-1,1018,1014,1060,-1,1018,1060,1061,-1,1062,1063,1064,-1,1055,1065,1024,-1,1024,1065,1039,-1,1024,1039,1038,-1,1038,1042,1024,-1,1024,1042,1009,-1,1024,1009,1023,-1,1023,1009,1008,-1,1023,1008,1022,-1,1022,1008,1018,-1,1022,1018,1019,-1,1061,1066,1018,-1,1018,1066,1067,-1,1018,1067,1068,-1,1024,1027,1057,-1,1057,1027,1029,-1,1057,1029,1069,-1,1069,1029,1031,-1,1070,1071,1072,-1,1072,1071,1073,-1,1072,1073,1037,-1,1037,1073,1074,-1,1037,1074,1035,-1,1035,1074,1069,-1,1035,1069,1033,-1,1033,1069,1031,-1,1056,1019,1064,-1,1064,1019,1075,-1,1064,1075,1062,-1,1076,1077,1078,-1,1015,1013,1010,-1,1017,1016,1020,-1,1051,1049,1011,-1,1011,1049,1047,-1,1020,1016,1021,-1,1079,1015,1016,-1,1016,1015,1010,-1,1016,1010,1021,-1,1021,1010,1011,-1,1021,1011,1025,-1,1041,1080,1025,-1,1016,1081,1082,-1,1083,1084,1011,-1,1011,1084,1053,-1,1011,1053,1051,-1,1085,1086,1087,-1,1082,1088,1016,-1,1016,1088,1089,-1,1016,1089,1079,-1,1047,1045,1011,-1,1011,1045,1043,-1,1011,1043,1025,-1,1025,1043,1040,-1,1025,1040,1041,-1,1080,1090,1025,-1,1025,1090,1091,-1,1025,1091,1026,-1,1026,1091,1092,-1,1034,1093,1036,-1,1036,1093,1094,-1,1036,1094,1078,-1,1078,1094,1095,-1,1078,1095,1076,-1,1020,1096,1017,-1,1017,1096,1085,-1,1017,1085,1097,-1,1097,1085,1087,-1,1034,1032,1093,-1,1093,1032,1030,-1,1093,1030,1092,-1,1092,1030,1028,-1,1092,1028,1026,-1,1072,1037,1078,-1,1078,1037,1036,-1,1011,1009,1083,-1,1083,1009,1059,-1,1052,1053,1058,-1,1058,1053,1084,-1,1070,1077,1071,-1,1071,1077,1076,-1,1071,1076,1073,-1,1073,1076,1095,-1,1073,1095,1074,-1,1074,1095,1094,-1,1074,1094,1069,-1,1069,1094,1093,-1,1069,1093,1057,-1,1057,1093,1092,-1,1057,1092,1054,-1,1054,1092,1091,-1,1054,1091,1055,-1,1055,1091,1090,-1,1055,1090,1065,-1,1065,1090,1080,-1,1065,1080,1039,-1,1039,1080,1041,-1,1098,1099,1100,-1,1100,1099,1101,-1,1100,1101,1102,-1,1102,1103,1100,-1,1100,1103,1104,-1,1100,1104,1105,-1,1106,1107,1108,-1,1108,1107,1109,-1,1110,1111,1112,-1,1112,1111,1107,-1,1112,1107,1113,-1,1113,1107,1106,-1,1101,1112,1113,-1,1101,1113,1102,-1,1102,1113,1106,-1,1102,1106,1103,-1,1103,1106,1108,-1,1103,1108,1104,-1,1104,1108,1109,-1,1104,1109,1105,-1,1105,1109,1107,-1,1105,1107,1100,-1,1110,1112,1099,-1,1099,1112,1101,-1,1114,1115,1116,-1,1116,1115,1117,-1,1118,1119,1120,-1,1120,1119,1121,-1,1122,1123,1119,-1,1114,1121,1115,-1,1115,1121,1119,-1,1115,1119,1124,-1,1124,1119,1123,-1,1119,1125,1122,-1,1122,1125,1126,-1,1122,1126,1127,-1,1128,1129,1130,-1,1130,1129,1131,-1,1130,1131,1132,-1,1132,1131,1133,-1,1127,1134,1122,-1,1122,1134,1135,-1,1122,1135,1130,-1,1130,1135,1136,-1,1130,1136,1128,-1,1137,1138,1118,-1,1118,1138,1139,-1,1118,1139,1140,-1,1137,1118,1117,-1,1117,1118,1120,-1,1117,1120,1116,-1,1141,1142,1139,-1,1139,1142,1143,-1,1139,1143,1140,-1,1141,1139,1144,-1,1144,1139,1145,-1,1144,1145,1146,-1,1146,1145,1147,-1,1146,1147,1148,-1,1148,1149,1146,-1,1146,1149,1150,-1,1146,1150,1151,-1,1125,1119,1140,-1,1140,1119,1118,-1,1125,1140,1143,-1,1125,1143,1126,-1,1126,1143,1142,-1,1126,1142,1127,-1,1127,1142,1141,-1,1127,1141,1134,-1,1134,1141,1144,-1,1134,1144,1135,-1,1136,1135,1146,-1,1146,1135,1144,-1,1136,1146,1151,-1,1136,1151,1128,-1,1128,1151,1150,-1,1128,1150,1129,-1,1129,1150,1149,-1,1129,1149,1131,-1,1131,1149,1148,-1,1131,1148,1133,-1,1133,1148,1147,-1,1133,1147,1132,-1,1132,1147,1145,-1,1132,1145,1130,-1,1122,1130,1139,-1,1139,1130,1145,-1,1122,1139,1123,-1,1123,1139,1138,-1,1123,1138,1124,-1,1124,1138,1137,-1,1124,1137,1115,-1,1115,1137,1117,-1,152,154,210,-1,152,210,223,-1,223,210,207,-1,223,207,224,-1,224,207,206,-1,224,206,226,-1,226,206,208,-1,226,208,225,-1,225,208,209,-1,225,209,215,-1,215,209,150,-1,215,150,151,-1,155,153,233,-1,155,233,211,-1,211,233,222,-1,211,222,202,-1,202,222,221,-1,202,221,203,-1,203,221,220,-1,203,220,204,-1,204,220,232,-1,204,232,192,-1,192,232,156,-1,192,156,158,-1,296,298,342,-1,296,342,360,-1,360,342,341,-1,360,341,361,-1,361,341,340,-1,361,340,365,-1,365,340,334,-1,365,334,366,-1,366,334,335,-1,366,335,359,-1,359,335,294,-1,359,294,295,-1,299,297,371,-1,299,371,343,-1,343,371,364,-1,343,364,337,-1,337,364,363,-1,337,363,338,-1,338,363,362,-1,338,362,339,-1,339,362,370,-1,339,370,336,-1,336,370,300,-1,336,300,302,-1,440,442,498,-1,440,498,513,-1,513,498,495,-1,513,495,514,-1,514,495,494,-1,514,494,516,-1,516,494,496,-1,516,496,515,-1,515,496,497,-1,515,497,503,-1,503,497,438,-1,503,438,439,-1,443,441,521,-1,443,521,499,-1,499,521,512,-1,499,512,490,-1,490,512,511,-1,490,511,491,-1,491,511,510,-1,491,510,492,-1,492,510,520,-1,492,520,480,-1,480,520,444,-1,480,444,446,-1,584,586,630,-1,584,630,651,-1,651,630,627,-1,651,627,652,-1,652,627,626,-1,652,626,654,-1,654,626,628,-1,654,628,653,-1,653,628,629,-1,653,629,647,-1,647,629,582,-1,647,582,583,-1,587,585,659,-1,587,659,633,-1,633,659,650,-1,633,650,623,-1,623,650,649,-1,623,649,624,-1,624,649,648,-1,624,648,625,-1,625,648,658,-1,625,658,622,-1,622,658,588,-1,622,588,590,-1,728,730,780,-1,728,780,793,-1,793,780,779,-1,793,779,794,-1,794,779,778,-1,794,778,800,-1,800,778,773,-1,800,773,801,-1,801,773,772,-1,801,772,791,-1,791,772,726,-1,791,726,727,-1,731,729,809,-1,731,809,787,-1,787,809,799,-1,787,799,774,-1,774,799,798,-1,774,798,775,-1,775,798,797,-1,775,797,776,-1,776,797,808,-1,776,808,768,-1,768,808,732,-1,768,732,734,-1,872,874,924,-1,872,924,937,-1,937,924,923,-1,937,923,938,-1,938,923,922,-1,938,922,944,-1,944,922,917,-1,944,917,945,-1,945,917,916,-1,945,916,935,-1,935,916,870,-1,935,870,871,-1,875,873,953,-1,875,953,931,-1,931,953,943,-1,931,943,918,-1,918,943,942,-1,918,942,919,-1,919,942,941,-1,919,941,920,-1,920,941,952,-1,920,952,912,-1,912,952,876,-1,912,876,878,-1,1016,1018,1068,-1,1016,1068,1081,-1,1081,1068,1067,-1,1081,1067,1082,-1,1082,1067,1066,-1,1082,1066,1088,-1,1088,1066,1061,-1,1088,1061,1089,-1,1089,1061,1060,-1,1089,1060,1079,-1,1079,1060,1014,-1,1079,1014,1015,-1,1019,1017,1097,-1,1019,1097,1075,-1,1075,1097,1087,-1,1075,1087,1062,-1,1062,1087,1086,-1,1062,1086,1063,-1,1063,1086,1085,-1,1063,1085,1064,-1,1064,1085,1096,-1,1064,1096,1056,-1,1056,1096,1020,-1,1056,1020,1022,-1,
        ]
    }
}
Shape{
    appearance Appearance {
        material  Material 	{
            diffuseColor 1.0 0.9607843137254902 0.9058823529411765
            specularColor 0.5019607843137255 0.47843137254901963 0.45098039215686275
            ambientIntensity 0.9663
            transparency 0.0
            shininess 0.5
        }
    }
    geometry IndexedFaceSet {
        ccw TRUE
        solid FALSE
        coord DEF co Coordinate {
            point [
                -1.1831 -0.7374 0.8465, -1.1831 -0.7374 0.9603, 1.1791 -0.7374 0.8465, 1.1791 -0.7374 0.9603, 1.1791 -1.1225 0.8465, 1.1791 -0.8949 0.9603, -1.1831 -1.1225 0.8465, -1.1831 -0.8949 0.9603, -2.4922 -1.1114 0.1969, -2.6103 -1.1114 0.1969, -2.4922 0.1878 0.1969, -2.6103 0.1878 0.1969, -2.4922 -1.1114 1.6929, -2.4134 -1.1114 1.6929, -2.4134 -1.1114 0.0394, -2.6103 -1.1114 0.0394, -2.4134 -0.0091 1.7126, -2.4134 0.3846 1.7126, -2.4134 -0.0091 1.6929, -2.4134 0.3846 0.2756, -2.4134 0.1878 0.2756, -2.4134 0.1878 0.0984, -2.4134 0.1878 0.0394, 2.6062 -1.1114 0.1969, 2.6062 -1.1114 0.0394, 2.4881 -1.1114 0.1969, 2.4094 -1.1114 0.0394, 2.4881 -1.1114 1.6929, 2.4094 -1.1114 1.6929, 2.4094 0.1878 0.0394, 2.4094 0.1878 0.0984, 2.4094 0.3846 1.7126, 2.4094 -0.0091 1.7126, 2.4094 -0.0091 1.6929, 2.4094 0.1878 0.2756, 2.4094 0.3846 0.2756, -2.4922 -0.0091 1.6929, -2.4922 0.3846 0.2756, -2.4922 0.3846 1.0827, -2.4922 0.1878 0.2756, -2.4922 0.1878 1.0827, -2.4922 0.1878 1.7126, -2.4922 -0.0091 1.7126
            ]
        }
        coordIndex [
            0,1,2,-1,2,1,3,-1,4,5,6,-1,6,5,7,-1,3,5,2,-1,2,5,4,-1,6,7,0,-1,0,7,1,-1,5,3,7,-1,7,3,1,-1,8,9,10,-1,10,9,11,-1,12,13,8,-1,8,13,14,-1,8,14,9,-1,9,14,15,-1,16,17,18,-1,18,17,19,-1,18,19,13,-1,13,19,20,-1,13,20,14,-1,14,20,21,-1,14,21,22,-1,23,24,25,-1,25,24,26,-1,25,26,27,-1,27,26,28,-1,26,29,30,-1,31,32,33,-1,26,30,28,-1,28,30,34,-1,28,34,33,-1,33,34,35,-1,33,35,31,-1,18,13,36,-1,36,13,12,-1,12,8,10,-1,37,38,39,-1,39,38,40,-1,10,39,12,-1,12,39,40,-1,12,40,36,-1,36,40,41,-1,36,41,42,-1,
        ]
    }
}
Shape{
    appearance Appearance {
        material  Material 	{
            diffuseColor 1.0 1.0 1.0
            specularColor 0.8784313725490196 0.8784313725490196 0.8784313725490196
            ambientIntensity 1.0
            transparency 0.0
            shininess 0.5
        }
    }
    geometry IndexedFaceSet {
        ccw TRUE
        solid FALSE
        coord DEF co Coordinate {
            point [
                -2.4922 -0.0091 1.6929, -2.4922 -0.0091 1.7126, -2.4134 -0.0091 1.6929, -2.4134 -0.0091 1.7126
            ]
        }
        coordIndex [
            0,1,2,-1,2,1,3,-1,
        ]
    }
}
Shape{
    appearance Appearance {
        material  Material 	{
            diffuseColor 1.0 0.9607843137254902 0.9058823529411765
            specularColor 0.5019607843137255 0.47843137254901963 0.45098039215686275
            ambientIntensity 0.9663
            transparency 0.0
            shininess 0.5
        }
    }
    geometry IndexedFaceSet {
        ccw TRUE
        solid FALSE
        coord DEF co Coordinate {
            point [
                -2.6103 0.1878 1.7126, -2.4922 0.1878 1.7126, -2.6103 0.1878 1.0827, -2.4922 0.1878 1.0827, -2.6103 0.3846 1.0827, -2.4922 0.3846 1.0827, 2.4881 -0.0091 1.6929, 2.4094 -0.0091 1.6929, 2.4881 -0.0091 1.7126, 2.4094 -0.0091 1.7126, 2.6062 0.3846 1.0827, 2.4881 0.3846 1.0827, 2.6062 0.1878 1.0827, 2.4881 0.1878 1.0827, 2.6062 0.1878 1.355, 2.4881 0.1878 1.7126, 2.6062 0.1878 1.7126, 2.6062 0.1878 1.6643, 2.6062 0.1878 1.5951, 2.6062 0.1878 1.4902, 2.6062 0.1878 1.3867, -2.0394 -1.2098 1.063, -2.0788 -1.1705 1.0236, -2.0394 -1.2098 0.7677, -2.0788 -1.1705 0.7677, -2.3741 -1.2098 1.063, -2.3347 -1.1705 1.0236, -2.3741 -1.2098 0.1969, -2.3347 -1.1705 0.2362, 2.37 -1.2098 0.1969, 2.3307 -1.1705 0.2362, 2.37 -1.2098 1.063, 2.3307 -1.1705 1.0236, 2.0354 -1.2098 1.063, 2.0748 -1.1705 1.0236, 2.0354 -1.2098 0.7677, 2.0748 -1.1705 0.7677
            ]
        }
        coordIndex [
            0,1,2,-1,2,1,3,-1,2,3,4,-1,4,3,5,-1,6,7,8,-1,8,7,9,-1,10,11,12,-1,12,11,13,-1,14,12,13,-1,15,16,17,-1,17,18,15,-1,15,18,19,-1,15,19,13,-1,13,19,20,-1,13,20,14,-1,21,22,23,-1,23,22,24,-1,25,26,21,-1,21,26,22,-1,27,28,25,-1,25,28,26,-1,29,30,27,-1,27,30,28,-1,31,32,29,-1,29,32,30,-1,33,34,31,-1,31,34,32,-1,35,36,33,-1,33,36,34,-1,
        ]
    }
}
Shape{
    appearance Appearance {
        material  Material 	{
            diffuseColor 0.0 0.0 0.0
            specularColor 0.0 0.0 0.0
            ambientIntensity 0.0
            transparency 0.0
            shininess 0.5
        }
    }
    geometry IndexedFaceSet {
        ccw TRUE
        solid FALSE
        coord DEF co Coordinate {
            point [
                2.6102 -0.6992 1.5235, 2.6102 -0.6992 1.5144, 2.6062 -0.6992 1.5235, 2.6062 -0.6992 1.5144, 2.6102 -0.7311 1.5235, 2.6062 -0.7311 1.5235, 2.6102 -0.7311 1.5945, 2.6062 -0.7311 1.5945, 2.6102 -0.7414 1.5945, 2.6062 -0.7414 1.5945, 2.6102 -0.7414 1.5144, 2.6062 -0.7414 1.5144, 2.6062 -0.6359 1.5177, 2.6102 -0.6359 1.5177, 2.6102 -0.6373 1.517, 2.6102 -0.6581 1.513, 2.6062 -0.6581 1.513, 2.6062 -0.6459 1.5142, 2.6102 -0.6459 1.5142, 2.6062 -0.6394 1.5163, 2.6062 -0.6373 1.517, 2.6102 -0.6359 1.5276, 2.6062 -0.6359 1.5276, 2.6062 -0.6394 1.526, 2.6102 -0.6429 1.5244, 2.6062 -0.6429 1.5244, 2.6062 -0.6518 1.5225, 2.6102 -0.6518 1.5225, 2.6062 -0.6566 1.5222, 2.6102 -0.6566 1.5222, 2.6062 -0.6642 1.5231, 2.6102 -0.6642 1.5231, 2.6062 -0.67 1.5252, 2.6102 -0.67 1.5252, 2.6062 -0.6753 1.5288, 2.6102 -0.6753 1.5288, 2.6062 -0.6772 1.5307, 2.6102 -0.6772 1.5307, 2.6062 -0.6811 1.5362, 2.6102 -0.6811 1.5362, 2.6062 -0.6837 1.5426, 2.6102 -0.6837 1.5426, 2.6062 -0.685 1.5507, 2.6102 -0.685 1.5507, 2.6062 -0.685 1.5535, 2.6102 -0.685 1.5535, 2.6062 -0.6837 1.5644, 2.6102 -0.6837 1.5644, 2.6062 -0.6811 1.5714, 2.6102 -0.6811 1.5714, 2.6062 -0.6772 1.5769, 2.6102 -0.6772 1.5769, 2.6062 -0.6766 1.5776, 2.6102 -0.6766 1.5776, 2.6062 -0.6712 1.5821, 2.6102 -0.6712 1.5821, 2.6062 -0.6649 1.585, 2.6102 -0.6649 1.585, 2.6062 -0.658 1.5863, 2.6102 -0.658 1.5863, 2.6062 -0.6548 1.5865, 2.6102 -0.6548 1.5865, 2.6062 -0.6359 1.5817, 2.6102 -0.6359 1.5817, 2.6102 -0.638 1.5828, 2.6062 -0.6463 1.5856, 2.6102 -0.6463 1.5856, 2.6062 -0.6394 1.5832, 2.6062 -0.638 1.5828, 2.6102 -0.6359 1.5925, 2.6062 -0.6359 1.5925, 2.6062 -0.6549 1.5958, 2.6102 -0.6549 1.5958, 2.6102 -0.6534 1.5958, 2.6062 -0.6394 1.5936, 2.6102 -0.6432 1.5947, 2.6062 -0.6432 1.5947, 2.6062 -0.6469 1.5951, 2.6062 -0.6534 1.5958, 2.6062 -0.6605 1.5951, 2.6102 -0.6664 1.5944, 2.6062 -0.6664 1.5944, 2.6062 -0.6748 1.5912, 2.6102 -0.6748 1.5912, 2.6062 -0.6825 1.5857, 2.6102 -0.6825 1.5857, 2.6062 -0.6843 1.584, 2.6102 -0.6843 1.584, 2.6062 -0.6894 1.5776, 2.6062 -0.6923 1.5715, 2.6102 -0.6935 1.5689, 2.6102 -0.6894 1.5776, 2.6062 -0.6935 1.5689, 2.6062 -0.6956 1.5587, 2.6102 -0.6956 1.5587, 2.6062 -0.6959 1.5529, 2.6102 -0.6959 1.5529, 2.6062 -0.6943 1.54, 2.6062 -0.6923 1.5347, 2.6102 -0.6911 1.5316, 2.6102 -0.6943 1.54, 2.6062 -0.6911 1.5316, 2.6062 -0.6863 1.5248, 2.6102 -0.6863 1.5248, 2.6062 -0.6856 1.524, 2.6102 -0.6856 1.524, 2.6062 -0.6798 1.519, 2.6102 -0.6798 1.519, 2.6062 -0.6723 1.5153, 2.6102 -0.6723 1.5153, 2.6062 -0.6638 1.5133, 2.6102 -0.6638 1.5133, 2.6102 -0.5768 1.5235, 2.6102 -0.5768 1.5144, 2.6062 -0.5768 1.5235, 2.6062 -0.5768 1.5144, 2.6062 -0.6096 1.5235, 2.6102 -0.6096 1.5235, 2.6062 -0.588 1.5235, 2.6102 -0.6096 1.5504, 2.6062 -0.6096 1.5504, 2.6102 -0.5809 1.5504, 2.6062 -0.588 1.5504, 2.6062 -0.5809 1.5504, 2.6102 -0.5809 1.5596, 2.6062 -0.5809 1.5596, 2.6062 -0.6096 1.5596, 2.6102 -0.6096 1.5596, 2.6062 -0.588 1.5596, 2.6102 -0.6096 1.5852, 2.6062 -0.6096 1.5852, 2.6102 -0.5787 1.5852, 2.6062 -0.588 1.5852, 2.6062 -0.5787 1.5852, 2.6102 -0.5787 1.5945, 2.6062 -0.5787 1.5945, 2.6062 -0.6199 1.5945, 2.6102 -0.6199 1.5945, 2.6062 -0.588 1.5945, 2.6102 -0.6199 1.5144, 2.6062 -0.6199 1.5144, 2.6062 -0.588 1.5144, 2.6102 -0.5119 1.537, 2.6102 -0.516 1.5319, 2.6102 -0.5086 1.5256, 2.6102 -0.517 1.5309, 2.6102 -0.5171 1.5196, 2.6102 -0.5221 1.5274, 2.6102 -0.5262 1.516, 2.6102 -0.5288 1.5248, 2.6102 -0.5397 1.5144, 2.6102 -0.5398 1.5235, 2.6102 -0.5617 1.5144, 2.6102 -0.5514 1.5235, 2.6102 -0.5617 1.5945, 2.6102 -0.5514 1.5852, 2.6102 -0.5389 1.5945, 2.6102 -0.5393 1.5852, 2.6102 -0.5267 1.5931, 2.6102 -0.5289 1.5841, 2.6102 -0.517 1.5896, 2.6102 -0.5219 1.5816, 2.6102 -0.5086 1.5838, 2.6102 -0.5162 1.5777, 2.6102 -0.5057 1.581, 2.6102 -0.5133 1.5747, 2.6102 -0.5008 1.574, 2.6102 -0.5104 1.5701, 2.6102 -0.4978 1.5664, 2.6102 -0.5083 1.5638, 2.6102 -0.4965 1.5554, 2.6102 -0.5074 1.5552, 2.6102 -0.4969 1.549, 2.6102 -0.5076 1.5504, 2.6102 -0.4991 1.5399, 2.6102 -0.5091 1.543, 2.6102 -0.5033 1.5317, 2.6062 -0.5397 1.5144, 2.6062 -0.5617 1.5144, 2.6062 -0.5262 1.516, 2.6062 -0.5171 1.5196, 2.6062 -0.5086 1.5256, 2.6062 -0.5033 1.5317, 2.6062 -0.4991 1.5399, 2.6062 -0.4969 1.549, 2.6062 -0.4965 1.5554, 2.6062 -0.4978 1.5664, 2.6062 -0.5008 1.574, 2.6062 -0.5057 1.581, 2.6062 -0.5086 1.5838, 2.6062 -0.517 1.5896, 2.6062 -0.5267 1.5931, 2.6062 -0.5389 1.5945, 2.6062 -0.5617 1.5945, 2.6062 -0.5393 1.5852, 2.6062 -0.5514 1.5852, 2.6062 -0.5514 1.5235, 2.6062 -0.5398 1.5235, 2.6062 -0.516 1.5319, 2.6062 -0.517 1.5309, 2.6062 -0.5221 1.5274, 2.6062 -0.5288 1.5248, 2.6062 -0.5074 1.5552, 2.6062 -0.5076 1.5504, 2.6062 -0.5091 1.543, 2.6062 -0.5119 1.537, 2.6062 -0.5162 1.5777, 2.6062 -0.5133 1.5747, 2.6062 -0.5104 1.5701, 2.6062 -0.5083 1.5638, 2.6062 -0.5289 1.5841, 2.6062 -0.5219 1.5816
            ]
        }
        coordIndex [
            0,1,2,-1,2,1,3,-1,4,0,5,-1,5,0,2,-1,6,4,7,-1,7,4,5,-1,8,6,9,-1,9,6,7,-1,10,8,11,-1,11,8,9,-1,1,10,3,-1,3,10,11,-1,6,8,4,-1,4,8,10,-1,4,10,0,-1,0,10,1,-1,12,13,14,-1,15,16,17,-1,15,17,18,-1,18,17,19,-1,18,19,14,-1,14,19,20,-1,14,20,12,-1,21,13,22,-1,22,13,12,-1,21,22,23,-1,21,23,24,-1,23,25,24,-1,24,25,26,-1,24,26,27,-1,27,26,28,-1,27,28,29,-1,29,28,30,-1,29,30,31,-1,31,30,32,-1,31,32,33,-1,33,32,34,-1,33,34,35,-1,35,34,36,-1,35,36,37,-1,37,36,38,-1,37,38,39,-1,39,38,40,-1,39,40,41,-1,41,40,42,-1,41,42,43,-1,43,42,44,-1,43,44,45,-1,45,44,46,-1,45,46,47,-1,47,46,48,-1,47,48,49,-1,49,48,50,-1,49,50,51,-1,51,50,52,-1,51,52,53,-1,53,52,54,-1,53,54,55,-1,55,54,56,-1,55,56,57,-1,57,56,58,-1,57,58,59,-1,59,58,60,-1,59,60,61,-1,62,63,64,-1,61,60,65,-1,61,65,66,-1,66,65,67,-1,66,67,64,-1,64,67,68,-1,64,68,62,-1,69,63,70,-1,70,63,62,-1,71,72,73,-1,69,70,74,-1,69,74,75,-1,74,76,75,-1,75,76,77,-1,75,77,73,-1,73,77,78,-1,73,78,71,-1,72,71,79,-1,72,79,80,-1,79,81,80,-1,80,81,82,-1,80,82,83,-1,83,82,84,-1,83,84,85,-1,85,84,86,-1,85,86,87,-1,87,86,88,-1,89,90,88,-1,88,90,91,-1,88,91,87,-1,89,92,90,-1,90,92,93,-1,90,93,94,-1,94,93,95,-1,94,95,96,-1,96,95,97,-1,98,99,97,-1,97,99,100,-1,97,100,96,-1,98,101,99,-1,99,101,102,-1,99,102,103,-1,103,102,104,-1,103,104,105,-1,105,104,106,-1,105,106,107,-1,107,106,108,-1,107,108,109,-1,109,108,110,-1,109,110,111,-1,111,110,16,-1,111,16,15,-1,64,63,69,-1,55,57,80,-1,47,49,91,-1,80,57,72,-1,91,49,87,-1,64,69,66,-1,80,83,55,-1,55,83,85,-1,55,85,53,-1,53,85,87,-1,53,87,51,-1,51,87,49,-1,57,59,72,-1,72,59,61,-1,72,61,73,-1,73,61,66,-1,73,66,75,-1,75,66,69,-1,96,45,94,-1,94,45,47,-1,94,47,90,-1,90,47,91,-1,13,21,14,-1,14,21,24,-1,14,24,18,-1,18,24,27,-1,18,27,15,-1,15,27,29,-1,15,29,111,-1,111,29,31,-1,111,31,109,-1,109,31,33,-1,109,33,107,-1,107,33,35,-1,107,35,105,-1,105,35,37,-1,105,37,103,-1,103,37,39,-1,103,39,99,-1,99,39,100,-1,100,39,41,-1,100,41,96,-1,96,41,43,-1,96,43,45,-1,112,113,114,-1,114,113,115,-1,116,117,118,-1,118,117,112,-1,118,112,114,-1,119,117,120,-1,120,117,116,-1,119,120,121,-1,121,120,122,-1,121,122,123,-1,124,121,125,-1,125,121,123,-1,126,127,128,-1,128,127,124,-1,128,124,125,-1,129,127,130,-1,130,127,126,-1,129,130,131,-1,131,130,132,-1,131,132,133,-1,134,131,135,-1,135,131,133,-1,136,137,138,-1,138,137,134,-1,138,134,135,-1,139,137,140,-1,140,137,136,-1,139,140,113,-1,113,140,141,-1,113,141,115,-1,139,113,112,-1,112,117,139,-1,139,117,119,-1,139,119,137,-1,131,134,129,-1,129,134,137,-1,129,137,127,-1,127,137,119,-1,127,119,124,-1,124,119,121,-1,142,143,144,-1,144,143,145,-1,144,145,146,-1,146,145,147,-1,146,147,148,-1,148,147,149,-1,148,149,150,-1,150,149,151,-1,150,151,152,-1,152,151,153,-1,152,153,154,-1,154,153,155,-1,154,155,156,-1,156,155,157,-1,156,157,158,-1,158,157,159,-1,158,159,160,-1,160,159,161,-1,160,161,162,-1,162,161,163,-1,162,163,164,-1,164,163,165,-1,164,165,166,-1,166,165,167,-1,166,167,168,-1,168,167,169,-1,168,169,170,-1,170,169,171,-1,170,171,172,-1,172,171,173,-1,172,173,174,-1,174,173,175,-1,174,175,176,-1,176,175,142,-1,176,142,144,-1,150,152,177,-1,177,152,178,-1,150,177,179,-1,150,179,148,-1,148,179,180,-1,148,180,146,-1,146,180,181,-1,146,181,144,-1,144,181,182,-1,144,182,176,-1,176,182,183,-1,176,183,174,-1,174,183,184,-1,174,184,172,-1,172,184,185,-1,172,185,170,-1,170,185,186,-1,170,186,168,-1,168,186,187,-1,168,187,166,-1,166,187,188,-1,166,188,164,-1,164,188,189,-1,164,189,162,-1,162,189,190,-1,162,190,160,-1,160,190,191,-1,160,191,158,-1,158,191,192,-1,158,192,156,-1,154,156,193,-1,193,156,192,-1,152,154,178,-1,178,154,193,-1,157,155,194,-1,194,155,195,-1,155,153,195,-1,195,153,196,-1,153,151,196,-1,196,151,197,-1,143,198,199,-1,143,199,145,-1,145,199,200,-1,145,200,147,-1,147,200,201,-1,147,201,149,-1,149,201,197,-1,149,197,151,-1,171,202,203,-1,171,203,173,-1,173,203,204,-1,173,204,175,-1,175,204,205,-1,175,205,142,-1,142,205,198,-1,142,198,143,-1,163,206,207,-1,163,207,165,-1,165,207,208,-1,165,208,167,-1,167,208,209,-1,167,209,169,-1,169,209,202,-1,169,202,171,-1,157,194,210,-1,157,210,159,-1,159,210,211,-1,159,211,161,-1,161,211,206,-1,161,206,163,-1,
        ]
    }
}
Shape{
    appearance Appearance {
        material  Material 	{
            diffuseColor 1.0 0.9607843137254902 0.9058823529411765
            specularColor 0.5019607843137255 0.47843137254901963 0.45098039215686275
            ambientIntensity 0.9663
            transparency 0.0
            shininess 0.5
        }
    }
    geometry IndexedFaceSet {
        ccw TRUE
        solid FALSE
        coord DEF co Coordinate {
            point [
                2.6062 -0.5514 1.5852, 2.6062 -0.5514 1.5235, 2.6062 -0.5393 1.5852, 2.6062 -0.5398 1.5235, 2.6062 -0.517 1.5309, 2.6062 -0.516 1.5319, 2.6062 -0.5288 1.5248, 2.6062 -0.5221 1.5274, 2.6062 -0.5119 1.537, 2.6062 -0.5091 1.543, 2.6062 -0.5076 1.5504, 2.6062 -0.5074 1.5552, 2.6062 -0.5083 1.5638, 2.6062 -0.5104 1.5701, 2.6062 -0.5133 1.5747, 2.6062 -0.5162 1.5777, 2.6062 -0.5289 1.5841, 2.6062 -0.5219 1.5816
            ]
        }
        coordIndex [
            0,1,2,-1,2,1,3,-1,2,4,5,-1,3,6,2,-1,2,6,7,-1,2,7,4,-1,5,8,2,-1,2,8,9,-1,2,9,10,-1,10,11,2,-1,2,11,12,-1,2,12,13,-1,13,14,2,-1,2,14,15,-1,2,15,16,-1,16,15,17,-1,
        ]
    }
}
Shape{
    appearance Appearance {
        material  Material 	{
            diffuseColor 0.0 0.0 0.0
            specularColor 0.0 0.0 0.0
            ambientIntensity 0.0
            transparency 0.0
            shininess 0.5
        }
    }
    geometry IndexedFaceSet {
        ccw TRUE
        solid FALSE
        coord DEF co Coordinate {
            point [
                2.6102 -0.4697 1.5453, 2.6102 -0.473 1.5363, 2.6102 -0.4428 1.5453, 2.6102 -0.4396 1.5363, 2.6102 -0.4577 1.5786, 2.6102 -0.4616 1.5945, 2.6102 -0.4921 1.5144, 2.6102 -0.4807 1.5144, 2.6102 -0.457 1.581, 2.6102 -0.4564 1.5842, 2.6102 -0.4505 1.5945, 2.6102 -0.4562 1.5842, 2.6102 -0.4555 1.5808, 2.6102 -0.4549 1.5786, 2.6102 -0.42 1.5144, 2.6102 -0.4315 1.5144, 2.6062 -0.4505 1.5945, 2.6062 -0.42 1.5144, 2.6062 -0.4616 1.5945, 2.6062 -0.4921 1.5144, 2.6062 -0.469 1.575, 2.6062 -0.4807 1.5144, 2.6062 -0.473 1.5363, 2.6062 -0.4396 1.5363, 2.6062 -0.469 1.5363, 2.6062 -0.4315 1.5144, 2.6062 -0.4697 1.5453, 2.6062 -0.4428 1.5453, 2.6062 -0.4549 1.5786, 2.6062 -0.4562 1.5842, 2.6062 -0.4555 1.5808, 2.6062 -0.4564 1.5842, 2.6062 -0.4577 1.5786, 2.6062 -0.457 1.581
            ]
        }
        coordIndex [
            0,1,2,-1,2,1,3,-1,4,5,0,-1,0,5,6,-1,0,6,1,-1,1,6,7,-1,4,8,5,-1,5,8,9,-1,5,9,10,-1,10,9,11,-1,10,11,12,-1,12,13,10,-1,10,13,2,-1,10,2,14,-1,14,2,3,-1,14,3,15,-1,10,14,16,-1,16,14,17,-1,5,10,18,-1,18,10,16,-1,19,6,20,-1,20,6,5,-1,20,5,18,-1,7,6,21,-1,21,6,19,-1,1,7,22,-1,22,7,21,-1,23,3,24,-1,24,3,1,-1,24,1,22,-1,15,3,25,-1,25,3,23,-1,14,15,17,-1,17,15,25,-1,0,2,26,-1,26,2,27,-1,2,13,27,-1,27,13,28,-1,11,29,30,-1,11,30,12,-1,12,30,28,-1,12,28,13,-1,11,9,29,-1,29,9,31,-1,4,32,33,-1,4,33,8,-1,8,33,31,-1,8,31,9,-1,4,0,32,-1,32,0,26,-1,
        ]
    }
}
Shape{
    appearance Appearance {
        material  Material 	{
            diffuseColor 1.0 0.9607843137254902 0.9058823529411765
            specularColor 0.5019607843137255 0.47843137254901963 0.45098039215686275
            ambientIntensity 0.9663
            transparency 0.0
            shininess 0.5
        }
    }
    geometry IndexedFaceSet {
        ccw TRUE
        solid FALSE
        coord DEF co Coordinate {
            point [
                2.6062 -0.4562 1.5842, 2.6062 -0.4564 1.5842, 2.6062 -0.4555 1.5808, 2.6062 -0.457 1.581, 2.6062 -0.4549 1.5786, 2.6062 -0.4577 1.5786, 2.6062 -0.4428 1.5453, 2.6062 -0.4697 1.5453
            ]
        }
        coordIndex [
            0,1,2,-1,2,1,3,-1,2,3,4,-1,4,3,5,-1,4,5,6,-1,6,5,7,-1,
        ]
    }
}
Shape{
    appearance Appearance {
        material  Material 	{
            diffuseColor 0.0 0.0 0.0
            specularColor 0.0 0.0 0.0
            ambientIntensity 0.0
            transparency 0.0
            shininess 0.5
        }
    }
    geometry IndexedFaceSet {
        ccw TRUE
        solid FALSE
        coord DEF co Coordinate {
            point [
                2.6102 -0.6983 1.3965, 2.6102 -0.6983 1.3874, 2.6062 -0.6983 1.3965, 2.6062 -0.6983 1.3874, 2.6102 -0.7311 1.3965, 2.6062 -0.7311 1.3965, 2.6102 -0.7311 1.4234, 2.6062 -0.7311 1.4234, 2.6102 -0.7024 1.4234, 2.6062 -0.7024 1.4234, 2.6102 -0.7024 1.4326, 2.6062 -0.7024 1.4326, 2.6102 -0.7311 1.4326, 2.6062 -0.7311 1.4326, 2.6102 -0.7311 1.4582, 2.6062 -0.7311 1.4582, 2.6102 -0.7001 1.4582, 2.6062 -0.7001 1.4582, 2.6102 -0.7001 1.4674, 2.6062 -0.7001 1.4674, 2.6102 -0.7414 1.4674, 2.6062 -0.7414 1.4674, 2.6102 -0.7414 1.3874, 2.6062 -0.7414 1.3874, 2.6102 -0.6531 1.3962, 2.6102 -0.6528 1.3962, 2.6102 -0.6535 1.4054, 2.6102 -0.6528 1.4099, 2.6102 -0.6428 1.4242, 2.6102 -0.6528 1.4106, 2.6102 -0.6528 1.4161, 2.6102 -0.6528 1.3874, 2.6102 -0.6428 1.3874, 2.6102 -0.6746 1.4117, 2.6102 -0.6722 1.4129, 2.6102 -0.6776 1.4194, 2.6102 -0.6549 1.4019, 2.6102 -0.6571 1.3989, 2.6102 -0.6546 1.3938, 2.6102 -0.6584 1.3977, 2.6102 -0.6578 1.3904, 2.6102 -0.6612 1.3958, 2.6102 -0.6613 1.3881, 2.6102 -0.6642 1.3947, 2.6102 -0.6654 1.3866, 2.6102 -0.668 1.3942, 2.6102 -0.6706 1.386, 2.6102 -0.6714 1.3946, 2.6102 -0.6766 1.3867, 2.6102 -0.6736 1.3955, 2.6102 -0.6804 1.3882, 2.6102 -0.6756 1.3968, 2.6102 -0.6838 1.3905, 2.6102 -0.6765 1.3977, 2.6102 -0.6698 1.4213, 2.6102 -0.6662 1.4143, 2.6102 -0.6528 1.4237, 2.6102 -0.6759 1.4107, 2.6102 -0.6818 1.4172, 2.6102 -0.6771 1.4092, 2.6102 -0.6848 1.4145, 2.6102 -0.678 1.4074, 2.6102 -0.6869 1.4112, 2.6102 -0.6785 1.4051, 2.6102 -0.6882 1.4076, 2.6102 -0.6786 1.4035, 2.6102 -0.6887 1.4027, 2.6102 -0.6783 1.4012, 2.6102 -0.6882 1.3981, 2.6102 -0.6776 1.3994, 2.6102 -0.687 1.3947, 2.6102 -0.6849 1.3916, 2.6102 -0.6831 1.4405, 2.6102 -0.6831 1.4308, 2.6102 -0.6798 1.4424, 2.6102 -0.6767 1.4349, 2.6102 -0.6721 1.445, 2.6102 -0.6704 1.4371, 2.6102 -0.6634 1.4459, 2.6102 -0.6644 1.4377, 2.6102 -0.6577 1.4454, 2.6102 -0.661 1.4374, 2.6102 -0.6534 1.4441, 2.6102 -0.6587 1.4365, 2.6102 -0.65 1.4423, 2.6102 -0.6569 1.4354, 2.6102 -0.6473 1.4398, 2.6102 -0.6554 1.4338, 2.6102 -0.6452 1.4366, 2.6102 -0.6542 1.4317, 2.6102 -0.6436 1.4321, 2.6102 -0.6532 1.4281, 2.6062 -0.6634 1.4459, 2.6062 -0.6721 1.445, 2.6062 -0.6798 1.4424, 2.6062 -0.6831 1.4405, 2.6062 -0.6831 1.4308, 2.6062 -0.6767 1.4349, 2.6062 -0.6704 1.4371, 2.6062 -0.6644 1.4377, 2.6062 -0.661 1.4374, 2.6062 -0.6587 1.4365, 2.6062 -0.6569 1.4354, 2.6062 -0.6554 1.4338, 2.6062 -0.6542 1.4317, 2.6062 -0.6532 1.4281, 2.6062 -0.6528 1.4237, 2.6062 -0.6698 1.4213, 2.6062 -0.6776 1.4194, 2.6062 -0.6818 1.4172, 2.6062 -0.6848 1.4145, 2.6062 -0.6869 1.4112, 2.6062 -0.6882 1.4076, 2.6062 -0.6887 1.4027, 2.6062 -0.6882 1.3981, 2.6062 -0.687 1.3947, 2.6062 -0.6849 1.3916, 2.6062 -0.6838 1.3905, 2.6062 -0.6706 1.386, 2.6062 -0.6764 1.3867, 2.6062 -0.6766 1.3867, 2.6062 -0.6804 1.3882, 2.6062 -0.6654 1.3866, 2.6062 -0.6651 1.3867, 2.6062 -0.6613 1.3881, 2.6062 -0.6578 1.3904, 2.6062 -0.6546 1.3938, 2.6062 -0.6531 1.3962, 2.6062 -0.6528 1.3962, 2.6062 -0.6528 1.3874, 2.6062 -0.6428 1.3874, 2.6062 -0.6428 1.4242, 2.6062 -0.6436 1.4321, 2.6062 -0.6452 1.4366, 2.6062 -0.6473 1.4398, 2.6062 -0.65 1.4423, 2.6062 -0.6534 1.4441, 2.6062 -0.6577 1.4454, 2.6062 -0.6759 1.4107, 2.6062 -0.6746 1.4117, 2.6062 -0.6722 1.4129, 2.6062 -0.6662 1.4143, 2.6062 -0.6786 1.4035, 2.6062 -0.6785 1.4051, 2.6062 -0.678 1.4074, 2.6062 -0.6771 1.4092, 2.6062 -0.6756 1.3968, 2.6062 -0.6765 1.3977, 2.6062 -0.6776 1.3994, 2.6062 -0.6783 1.4012, 2.6062 -0.668 1.3942, 2.6062 -0.6714 1.3946, 2.6062 -0.6736 1.3955, 2.6062 -0.6571 1.3989, 2.6062 -0.6584 1.3977, 2.6062 -0.6612 1.3958, 2.6062 -0.6642 1.3947, 2.6062 -0.6528 1.4106, 2.6062 -0.6528 1.4099, 2.6062 -0.6535 1.4054, 2.6062 -0.6549 1.4019, 2.6062 -0.6528 1.4161
            ]
        }
        coordIndex [
            0,1,2,-1,2,1,3,-1,4,0,5,-1,5,0,2,-1,6,4,7,-1,7,4,5,-1,8,6,9,-1,9,6,7,-1,10,8,11,-1,11,8,9,-1,12,10,13,-1,13,10,11,-1,14,12,15,-1,15,12,13,-1,16,14,17,-1,17,14,15,-1,18,16,19,-1,19,16,17,-1,20,18,21,-1,21,18,19,-1,22,20,23,-1,23,20,21,-1,1,22,3,-1,3,22,23,-1,22,1,0,-1,0,4,22,-1,22,4,6,-1,22,6,20,-1,16,18,14,-1,14,18,20,-1,14,20,12,-1,12,20,6,-1,12,6,10,-1,10,6,8,-1,24,25,26,-1,27,28,29,-1,29,28,30,-1,31,32,25,-1,25,32,28,-1,25,28,26,-1,26,28,27,-1,33,34,35,-1,26,36,24,-1,24,36,37,-1,24,37,38,-1,38,37,39,-1,38,39,40,-1,40,39,41,-1,40,41,42,-1,42,41,43,-1,42,43,44,-1,44,43,45,-1,44,45,46,-1,46,45,47,-1,46,47,48,-1,48,47,49,-1,48,49,50,-1,50,49,51,-1,50,51,52,-1,52,51,53,-1,35,34,54,-1,54,34,55,-1,54,55,56,-1,33,35,57,-1,57,35,58,-1,57,58,59,-1,59,58,60,-1,59,60,61,-1,61,60,62,-1,61,62,63,-1,63,62,64,-1,63,64,65,-1,65,64,66,-1,65,66,67,-1,67,66,68,-1,67,68,69,-1,69,68,70,-1,69,70,53,-1,53,70,71,-1,53,71,52,-1,72,73,74,-1,74,73,75,-1,74,75,76,-1,76,75,77,-1,76,77,78,-1,78,77,79,-1,78,79,80,-1,80,79,81,-1,80,81,82,-1,82,81,83,-1,82,83,84,-1,84,83,85,-1,84,85,86,-1,86,85,87,-1,86,87,88,-1,88,87,89,-1,88,89,90,-1,90,89,91,-1,90,91,28,-1,28,91,56,-1,28,56,30,-1,30,56,55,-1,78,92,93,-1,78,93,76,-1,76,93,94,-1,76,94,74,-1,74,94,95,-1,74,95,72,-1,73,72,96,-1,96,72,95,-1,73,96,97,-1,73,97,75,-1,75,97,98,-1,75,98,77,-1,77,98,99,-1,77,99,79,-1,79,99,100,-1,79,100,81,-1,81,100,101,-1,81,101,83,-1,83,101,102,-1,83,102,85,-1,85,102,103,-1,85,103,87,-1,87,103,104,-1,87,104,89,-1,89,104,105,-1,89,105,91,-1,91,105,106,-1,91,106,56,-1,54,56,107,-1,107,56,106,-1,54,107,108,-1,54,108,35,-1,35,108,109,-1,35,109,58,-1,58,109,110,-1,58,110,60,-1,60,110,111,-1,60,111,62,-1,62,111,112,-1,62,112,64,-1,64,112,113,-1,64,113,66,-1,66,113,114,-1,66,114,68,-1,68,114,115,-1,68,115,70,-1,70,115,116,-1,70,116,71,-1,71,116,117,-1,71,117,52,-1,118,46,119,-1,119,46,48,-1,119,48,120,-1,120,48,50,-1,120,50,121,-1,121,50,52,-1,121,52,117,-1,46,118,122,-1,46,122,44,-1,44,122,123,-1,44,123,42,-1,123,124,42,-1,42,124,125,-1,42,125,40,-1,40,125,126,-1,40,126,38,-1,38,126,127,-1,38,127,24,-1,25,24,128,-1,128,24,127,-1,31,25,129,-1,129,25,128,-1,32,31,130,-1,130,31,129,-1,28,32,131,-1,131,32,130,-1,28,131,132,-1,28,132,90,-1,90,132,133,-1,90,133,88,-1,88,133,134,-1,88,134,86,-1,86,134,135,-1,86,135,84,-1,84,135,136,-1,84,136,82,-1,82,136,137,-1,82,137,80,-1,80,137,92,-1,80,92,78,-1,57,138,139,-1,57,139,33,-1,33,139,140,-1,33,140,34,-1,34,140,141,-1,34,141,55,-1,65,142,143,-1,65,143,63,-1,63,143,144,-1,63,144,61,-1,61,144,145,-1,61,145,59,-1,59,145,138,-1,59,138,57,-1,51,146,147,-1,51,147,53,-1,53,147,148,-1,53,148,69,-1,69,148,149,-1,69,149,67,-1,67,149,142,-1,67,142,65,-1,45,150,151,-1,45,151,47,-1,47,151,152,-1,47,152,49,-1,49,152,146,-1,49,146,51,-1,37,153,154,-1,37,154,39,-1,39,154,155,-1,39,155,41,-1,41,155,156,-1,41,156,43,-1,43,156,150,-1,43,150,45,-1,29,157,158,-1,29,158,27,-1,27,158,159,-1,27,159,26,-1,26,159,160,-1,26,160,36,-1,36,160,153,-1,36,153,37,-1,29,30,157,-1,157,30,161,-1,30,55,161,-1,161,55,141,-1,
        ]
    }
}
Shape{
    appearance Appearance {
        material  Material 	{
            diffuseColor 1.0 0.9607843137254902 0.9058823529411765
            specularColor 0.5019607843137255 0.47843137254901963 0.45098039215686275
            ambientIntensity 0.9663
            transparency 0.0
            shininess 0.5
        }
    }
    geometry IndexedFaceSet {
        ccw TRUE
        solid FALSE
        coord DEF co Coordinate {
            point [
                2.6062 -0.6528 1.4099, 2.6062 -0.6528 1.4106, 2.6062 -0.6759 1.4107, 2.6062 -0.6528 1.4161, 2.6062 -0.6662 1.4143, 2.6062 -0.6722 1.4129, 2.6062 -0.6746 1.4117, 2.6062 -0.6535 1.4054, 2.6062 -0.6771 1.4092, 2.6062 -0.6549 1.4019, 2.6062 -0.6765 1.3977, 2.6062 -0.6756 1.3968, 2.6062 -0.6584 1.3977, 2.6062 -0.6776 1.3994, 2.6062 -0.6612 1.3958, 2.6062 -0.6642 1.3947, 2.6062 -0.668 1.3942, 2.6062 -0.678 1.4074, 2.6062 -0.6785 1.4051, 2.6062 -0.6571 1.3989, 2.6062 -0.6786 1.4035, 2.6062 -0.6783 1.4012, 2.6062 -0.6736 1.3955, 2.6062 -0.6714 1.3946
            ]
        }
        coordIndex [
            0,1,2,-1,1,3,4,-1,4,5,1,-1,1,5,6,-1,1,6,2,-1,0,2,7,-1,7,2,8,-1,7,8,9,-1,10,11,12,-1,10,12,13,-1,14,12,15,-1,15,12,16,-1,8,17,9,-1,9,17,18,-1,9,18,19,-1,19,18,20,-1,19,20,12,-1,12,20,21,-1,12,21,13,-1,11,22,12,-1,12,22,23,-1,12,23,16,-1,
        ]
    }
}
Shape{
    appearance Appearance {
        material  Material 	{
            diffuseColor 0.0 0.0 0.0
            specularColor 0.0 0.0 0.0
            ambientIntensity 0.0
            transparency 0.0
            shininess 0.5
        }
    }
    geometry IndexedFaceSet {
        ccw TRUE
        solid FALSE
        coord DEF co Coordinate {
            point [
                2.6062 -0.6292 1.3997, 2.6102 -0.6292 1.3997, 2.6102 -0.6257 1.3975, 2.6102 -0.6127 1.3942, 2.6062 -0.6127 1.3942, 2.6062 -0.6194 1.395, 2.6102 -0.6194 1.395, 2.6062 -0.6245 1.3971, 2.6062 -0.6257 1.3975, 2.6102 -0.6292 1.3894, 2.6062 -0.6292 1.3894, 2.6062 -0.6245 1.3877, 2.6102 -0.6225 1.387, 2.6062 -0.6137 1.386, 2.6102 -0.6137 1.386, 2.6062 -0.6199 1.3867, 2.6062 -0.6225 1.387, 2.6062 -0.6073 1.3867, 2.6102 -0.6055 1.3869, 2.6062 -0.6055 1.3869, 2.6062 -0.6 1.3888, 2.6102 -0.6 1.3888, 2.6062 -0.597 1.3906, 2.6102 -0.597 1.3906, 2.6062 -0.5941 1.3931, 2.6102 -0.5941 1.3931, 2.6062 -0.5923 1.3957, 2.6102 -0.5923 1.3957, 2.6062 -0.591 1.3989, 2.6102 -0.591 1.3989, 2.6062 -0.5906 1.4029, 2.6102 -0.5906 1.4029, 2.6062 -0.591 1.4067, 2.6102 -0.591 1.4067, 2.6062 -0.592 1.4096, 2.6102 -0.592 1.4096, 2.6062 -0.5939 1.4124, 2.6102 -0.5939 1.4124, 2.6062 -0.5963 1.4145, 2.6102 -0.5963 1.4145, 2.6062 -0.603 1.4182, 2.6102 -0.603 1.4182, 2.6062 -0.6069 1.4198, 2.6102 -0.6069 1.4198, 2.6062 -0.6131 1.4225, 2.6102 -0.6131 1.4225, 2.6062 -0.6166 1.4247, 2.6102 -0.6166 1.4247, 2.6062 -0.6176 1.4258, 2.6102 -0.6176 1.4258, 2.6062 -0.6183 1.4271, 2.6102 -0.6183 1.4271, 2.6062 -0.6187 1.4287, 2.6102 -0.6187 1.4287, 2.6062 -0.6188 1.43, 2.6102 -0.6188 1.43, 2.6062 -0.6186 1.4316, 2.6102 -0.6186 1.4316, 2.6062 -0.6181 1.433, 2.6102 -0.6181 1.433, 2.6062 -0.6172 1.4342, 2.6102 -0.6172 1.4342, 2.6062 -0.6157 1.4356, 2.6102 -0.6157 1.4356, 2.6062 -0.6135 1.4368, 2.6102 -0.6135 1.4368, 2.6062 -0.6108 1.4375, 2.6102 -0.6108 1.4375, 2.6062 -0.6078 1.4377, 2.6102 -0.6078 1.4377, 2.6062 -0.6009 1.4369, 2.6102 -0.6009 1.4369, 2.6062 -0.5952 1.4347, 2.6102 -0.5952 1.4347, 2.6062 -0.5933 1.4336, 2.6102 -0.5933 1.4336, 2.6102 -0.5933 1.4433, 2.6062 -0.5933 1.4433, 2.6062 -0.6004 1.4453, 2.6102 -0.6004 1.4453, 2.6062 -0.6069 1.4459, 2.6102 -0.6069 1.4459, 2.6062 -0.6145 1.445, 2.6102 -0.6145 1.445, 2.6062 -0.6199 1.443, 2.6102 -0.6199 1.443, 2.6062 -0.6227 1.4413, 2.6102 -0.6227 1.4413, 2.6062 -0.6245 1.4396, 2.6102 -0.6257 1.4386, 2.6062 -0.6257 1.4386, 2.6062 -0.6275 1.4359, 2.6102 -0.6275 1.4359, 2.6062 -0.6287 1.4327, 2.6102 -0.6287 1.4327, 2.6062 -0.6291 1.4291, 2.6102 -0.6291 1.4291, 2.6062 -0.6287 1.4252, 2.6102 -0.6287 1.4252, 2.6062 -0.6276 1.4222, 2.6102 -0.6276 1.4222, 2.6062 -0.6263 1.4201, 2.6102 -0.6263 1.4201, 2.6062 -0.6139 1.4125, 2.6102 -0.6139 1.4125, 2.6102 -0.6199 1.4152, 2.6062 -0.6246 1.4184, 2.6102 -0.6246 1.4184, 2.6062 -0.6245 1.4183, 2.6062 -0.6199 1.4152, 2.6062 -0.6073 1.4097, 2.6102 -0.6073 1.4097, 2.6062 -0.6034 1.4074, 2.6102 -0.6034 1.4074, 2.6062 -0.6022 1.4061, 2.6102 -0.6022 1.4061, 2.6062 -0.6014 1.4047, 2.6102 -0.6014 1.4047, 2.6062 -0.601 1.4032, 2.6102 -0.601 1.4032, 2.6062 -0.6009 1.4019, 2.6102 -0.6009 1.4019, 2.6062 -0.6011 1.4, 2.6102 -0.6011 1.4, 2.6062 -0.6016 1.3986, 2.6102 -0.6016 1.3986, 2.6062 -0.6024 1.3973, 2.6102 -0.6024 1.3973, 2.6062 -0.6036 1.3963, 2.6102 -0.6036 1.3963, 2.6062 -0.6045 1.3957, 2.6102 -0.6045 1.3957, 2.6062 -0.6071 1.3948, 2.6102 -0.6071 1.3948, 2.6062 -0.6122 1.3942, 2.6102 -0.6122 1.3942, 2.6102 -0.5408 1.4445, 2.6102 -0.5304 1.4445, 2.6062 -0.5408 1.4445, 2.6062 -0.5304 1.4445, 2.6102 -0.5565 1.4015, 2.6062 -0.5565 1.4015, 2.6062 -0.5572 1.3988, 2.6102 -0.5572 1.3988, 2.6062 -0.5577 1.3969, 2.6102 -0.5577 1.3969, 2.6102 -0.558 1.3969, 2.6062 -0.558 1.3969, 2.6102 -0.5592 1.4016, 2.6062 -0.5592 1.4016, 2.6062 -0.5741 1.4445, 2.6102 -0.5741 1.4445, 2.6062 -0.5693 1.4306, 2.6102 -0.5853 1.4445, 2.6062 -0.5853 1.4445, 2.6062 -0.5629 1.3875, 2.6102 -0.5629 1.3875, 2.6062 -0.5693 1.4037, 2.6062 -0.5673 1.3771, 2.6102 -0.5673 1.3771, 2.6062 -0.5632 1.3867, 2.6062 -0.5693 1.3735, 2.6102 -0.5693 1.3735, 2.6062 -0.5693 1.3735, 2.6102 -0.5711 1.3714, 2.6062 -0.5711 1.3714, 2.6062 -0.573 1.3701, 2.6102 -0.573 1.3701, 2.6062 -0.5752 1.3693, 2.6102 -0.5752 1.3693, 2.6062 -0.5776 1.369, 2.6102 -0.5776 1.369, 2.6062 -0.5812 1.3695, 2.6102 -0.5812 1.3695, 2.6062 -0.5833 1.3702, 2.6102 -0.5833 1.3702, 2.6102 -0.5833 1.3612, 2.6062 -0.5833 1.3612, 2.6062 -0.579 1.3605, 2.6102 -0.579 1.3605, 2.6062 -0.5768 1.3604, 2.6102 -0.5768 1.3604, 2.6062 -0.5728 1.3609, 2.6102 -0.5728 1.3609, 2.6062 -0.5693 1.3622, 2.6102 -0.5688 1.3624, 2.6062 -0.5688 1.3624, 2.6062 -0.5653 1.3648, 2.6102 -0.5653 1.3648, 2.6062 -0.5646 1.3655, 2.6102 -0.5646 1.3655, 2.6062 -0.5609 1.3699, 2.6102 -0.5609 1.3699, 2.6062 -0.5564 1.3787, 2.6102 -0.5564 1.3787, 2.6062 -0.5533 1.3867, 2.6102 -0.4766 1.3965, 2.6102 -0.4766 1.3874, 2.6062 -0.4766 1.3965, 2.6062 -0.4766 1.3874, 2.6062 -0.5093 1.3965, 2.6102 -0.5093 1.3965, 2.6062 -0.4943 1.3965, 2.6102 -0.5093 1.4234, 2.6062 -0.5093 1.4234, 2.6062 -0.4807 1.4234, 2.6102 -0.4807 1.4234, 2.6062 -0.4943 1.4234, 2.6102 -0.4807 1.4326, 2.6062 -0.4807 1.4326, 2.6062 -0.5093 1.4326, 2.6102 -0.5093 1.4326, 2.6062 -0.4943 1.4326, 2.6102 -0.5093 1.4582, 2.6062 -0.5093 1.4582, 2.6062 -0.4784 1.4582, 2.6102 -0.4784 1.4582, 2.6062 -0.4943 1.4582, 2.6102 -0.4784 1.4674, 2.6062 -0.4784 1.4674, 2.6062 -0.5196 1.4674, 2.6102 -0.5196 1.4674, 2.6062 -0.4943 1.4674, 2.6102 -0.5196 1.3874, 2.6062 -0.5196 1.3874, 2.6062 -0.4943 1.3874, 2.6102 -0.4116 1.41, 2.6102 -0.4157 1.4048, 2.6102 -0.4083 1.3986, 2.6102 -0.4167 1.4039, 2.6102 -0.4168 1.3925, 2.6102 -0.4219 1.4003, 2.6102 -0.4259 1.389, 2.6102 -0.4285 1.3978, 2.6102 -0.4394 1.3874, 2.6102 -0.4395 1.3965, 2.6102 -0.4615 1.3874, 2.6102 -0.4511 1.3965, 2.6102 -0.4615 1.4674, 2.6102 -0.4511 1.4582, 2.6102 -0.4386 1.4674, 2.6102 -0.439 1.4582, 2.6102 -0.4264 1.4661, 2.6102 -0.4286 1.4571, 2.6102 -0.4167 1.4625, 2.6102 -0.4217 1.4545, 2.6102 -0.4083 1.4568, 2.6102 -0.4159 1.4507, 2.6102 -0.4055 1.454, 2.6102 -0.413 1.4477, 2.6102 -0.4005 1.447, 2.6102 -0.4101 1.443, 2.6102 -0.3976 1.4394, 2.6102 -0.408 1.4368, 2.6102 -0.3963 1.4284, 2.6102 -0.4071 1.4281, 2.6102 -0.3966 1.422, 2.6102 -0.4074 1.4234, 2.6102 -0.3988 1.4128, 2.6102 -0.4089 1.416, 2.6102 -0.403 1.4047, 2.6062 -0.4394 1.3874, 2.6062 -0.4615 1.3874, 2.6062 -0.4259 1.389, 2.6062 -0.4168 1.3925, 2.6062 -0.4083 1.3986, 2.6062 -0.403 1.4047, 2.6062 -0.3988 1.4128, 2.6062 -0.3966 1.422, 2.6062 -0.3963 1.4284, 2.6062 -0.3976 1.4394, 2.6062 -0.4005 1.447, 2.6062 -0.4055 1.454, 2.6062 -0.4083 1.4568, 2.6062 -0.4167 1.4625, 2.6062 -0.4264 1.4661, 2.6062 -0.4386 1.4674, 2.6062 -0.4615 1.4674, 2.6062 -0.439 1.4582, 2.6062 -0.4511 1.4582, 2.6062 -0.4511 1.3965, 2.6062 -0.4395 1.3965, 2.6062 -0.4157 1.4048, 2.6062 -0.4167 1.4039, 2.6062 -0.4219 1.4003, 2.6062 -0.4285 1.3978, 2.6062 -0.4071 1.4281, 2.6062 -0.4074 1.4234, 2.6062 -0.4089 1.416, 2.6062 -0.4116 1.41, 2.6062 -0.4159 1.4507, 2.6062 -0.413 1.4477, 2.6062 -0.4101 1.443, 2.6062 -0.408 1.4368, 2.6062 -0.4286 1.4571, 2.6062 -0.4217 1.4545
            ]
        }
        coordIndex [
            0,1,2,-1,3,4,5,-1,3,5,6,-1,6,5,7,-1,6,7,2,-1,2,7,8,-1,2,8,0,-1,9,1,10,-1,10,1,0,-1,10,11,9,-1,9,11,12,-1,13,14,15,-1,15,14,12,-1,15,12,16,-1,16,12,11,-1,13,17,14,-1,14,17,18,-1,17,19,18,-1,18,19,20,-1,18,20,21,-1,21,20,22,-1,21,22,23,-1,23,22,24,-1,23,24,25,-1,25,24,26,-1,25,26,27,-1,27,26,28,-1,27,28,29,-1,29,28,30,-1,29,30,31,-1,31,30,32,-1,31,32,33,-1,33,32,34,-1,33,34,35,-1,35,34,36,-1,35,36,37,-1,37,36,38,-1,37,38,39,-1,39,38,40,-1,39,40,41,-1,41,40,42,-1,41,42,43,-1,43,42,44,-1,43,44,45,-1,45,44,46,-1,45,46,47,-1,47,46,48,-1,47,48,49,-1,49,48,50,-1,49,50,51,-1,51,50,52,-1,51,52,53,-1,53,52,54,-1,53,54,55,-1,55,54,56,-1,55,56,57,-1,57,56,58,-1,57,58,59,-1,59,58,60,-1,59,60,61,-1,61,60,62,-1,61,62,63,-1,63,62,64,-1,63,64,65,-1,65,64,66,-1,65,66,67,-1,67,66,68,-1,67,68,69,-1,69,68,70,-1,69,70,71,-1,71,70,72,-1,71,72,73,-1,73,72,74,-1,73,74,75,-1,76,75,77,-1,77,75,74,-1,76,77,78,-1,76,78,79,-1,79,78,80,-1,79,80,81,-1,81,80,82,-1,81,82,83,-1,83,82,84,-1,83,84,85,-1,85,84,86,-1,85,86,87,-1,86,88,87,-1,87,88,89,-1,88,90,89,-1,89,90,91,-1,89,91,92,-1,92,91,93,-1,92,93,94,-1,94,93,95,-1,94,95,96,-1,96,95,97,-1,96,97,98,-1,98,97,99,-1,98,99,100,-1,100,99,101,-1,100,101,102,-1,103,104,105,-1,102,101,106,-1,102,106,107,-1,107,106,108,-1,107,108,105,-1,105,108,109,-1,105,109,103,-1,104,103,110,-1,104,110,111,-1,111,110,112,-1,111,112,113,-1,113,112,114,-1,113,114,115,-1,115,114,116,-1,115,116,117,-1,117,116,118,-1,117,118,119,-1,119,118,120,-1,119,120,121,-1,121,120,122,-1,121,122,123,-1,123,122,124,-1,123,124,125,-1,125,124,126,-1,125,126,127,-1,127,126,128,-1,127,128,129,-1,129,128,130,-1,129,130,131,-1,131,130,132,-1,131,132,133,-1,133,132,134,-1,133,134,135,-1,135,134,4,-1,135,4,3,-1,61,63,85,-1,85,63,83,-1,111,43,104,-1,104,43,45,-1,14,3,12,-1,12,3,6,-1,12,6,9,-1,9,6,2,-1,9,2,1,-1,63,65,83,-1,83,65,67,-1,83,67,81,-1,81,67,69,-1,81,69,79,-1,79,69,71,-1,79,71,76,-1,76,71,73,-1,76,73,75,-1,21,23,127,-1,127,23,25,-1,127,25,125,-1,125,25,27,-1,125,27,123,-1,123,27,29,-1,123,29,121,-1,121,29,31,-1,121,31,119,-1,119,31,33,-1,119,33,117,-1,117,33,35,-1,117,35,115,-1,115,35,37,-1,115,37,113,-1,113,37,39,-1,113,39,111,-1,111,39,41,-1,111,41,43,-1,127,129,21,-1,21,129,131,-1,21,131,18,-1,18,131,133,-1,18,133,14,-1,14,133,135,-1,14,135,3,-1,85,87,61,-1,61,87,89,-1,61,89,59,-1,59,89,92,-1,59,92,57,-1,57,92,94,-1,57,94,55,-1,55,94,96,-1,55,96,53,-1,53,96,98,-1,53,98,51,-1,51,98,100,-1,51,100,49,-1,49,100,102,-1,49,102,47,-1,47,102,107,-1,47,107,45,-1,45,107,105,-1,45,105,104,-1,136,137,138,-1,138,137,139,-1,140,136,141,-1,141,136,138,-1,140,141,142,-1,140,142,143,-1,143,142,144,-1,143,144,145,-1,146,145,147,-1,147,145,144,-1,148,146,149,-1,149,146,147,-1,150,151,152,-1,152,151,148,-1,152,148,149,-1,153,151,154,-1,154,151,150,-1,155,156,157,-1,157,156,153,-1,157,153,154,-1,158,159,160,-1,160,159,156,-1,160,156,155,-1,159,158,161,-1,159,161,162,-1,162,161,163,-1,162,163,164,-1,163,165,164,-1,164,165,166,-1,164,166,167,-1,167,166,168,-1,167,168,169,-1,169,168,170,-1,169,170,171,-1,171,170,172,-1,171,172,173,-1,173,172,174,-1,173,174,175,-1,176,175,177,-1,177,175,174,-1,176,177,178,-1,176,178,179,-1,179,178,180,-1,179,180,181,-1,181,180,182,-1,181,182,183,-1,183,182,184,-1,183,184,185,-1,184,186,185,-1,185,186,187,-1,185,187,188,-1,188,187,189,-1,188,189,190,-1,190,189,191,-1,190,191,192,-1,192,191,193,-1,192,193,194,-1,139,137,195,-1,195,137,194,-1,195,194,193,-1,143,145,194,-1,137,136,194,-1,194,136,140,-1,194,140,143,-1,151,153,148,-1,148,153,156,-1,148,156,146,-1,192,162,190,-1,190,162,164,-1,175,176,173,-1,173,176,179,-1,173,179,171,-1,171,179,181,-1,171,181,169,-1,169,181,183,-1,169,183,167,-1,167,183,185,-1,167,185,164,-1,164,185,188,-1,164,188,190,-1,145,146,194,-1,194,146,156,-1,194,156,192,-1,192,156,159,-1,192,159,162,-1,196,197,198,-1,198,197,199,-1,200,201,202,-1,202,201,196,-1,202,196,198,-1,203,201,204,-1,204,201,200,-1,205,206,207,-1,207,206,203,-1,207,203,204,-1,208,206,209,-1,209,206,205,-1,210,211,212,-1,212,211,208,-1,212,208,209,-1,213,211,214,-1,214,211,210,-1,215,216,217,-1,217,216,213,-1,217,213,214,-1,218,216,219,-1,219,216,215,-1,220,221,222,-1,222,221,218,-1,222,218,219,-1,223,221,224,-1,224,221,220,-1,199,197,225,-1,225,197,223,-1,225,223,224,-1,197,196,223,-1,223,196,201,-1,206,208,203,-1,203,208,211,-1,216,218,213,-1,213,218,221,-1,213,221,211,-1,211,221,223,-1,211,223,203,-1,203,223,201,-1,226,227,228,-1,228,227,229,-1,228,229,230,-1,230,229,231,-1,230,231,232,-1,232,231,233,-1,232,233,234,-1,234,233,235,-1,234,235,236,-1,236,235,237,-1,236,237,238,-1,238,237,239,-1,238,239,240,-1,240,239,241,-1,240,241,242,-1,242,241,243,-1,242,243,244,-1,244,243,245,-1,244,245,246,-1,246,245,247,-1,246,247,248,-1,248,247,249,-1,248,249,250,-1,250,249,251,-1,250,251,252,-1,252,251,253,-1,252,253,254,-1,254,253,255,-1,254,255,256,-1,256,255,257,-1,256,257,258,-1,258,257,259,-1,258,259,260,-1,260,259,226,-1,260,226,228,-1,234,236,261,-1,261,236,262,-1,234,261,263,-1,234,263,232,-1,232,263,264,-1,232,264,230,-1,230,264,265,-1,230,265,228,-1,228,265,266,-1,228,266,260,-1,260,266,267,-1,260,267,258,-1,258,267,268,-1,258,268,256,-1,256,268,269,-1,256,269,254,-1,254,269,270,-1,254,270,252,-1,252,270,271,-1,252,271,250,-1,250,271,272,-1,250,272,248,-1,248,272,273,-1,248,273,246,-1,246,273,274,-1,246,274,244,-1,244,274,275,-1,244,275,242,-1,242,275,276,-1,242,276,240,-1,238,240,277,-1,277,240,276,-1,236,238,262,-1,262,238,277,-1,241,239,278,-1,278,239,279,-1,239,237,279,-1,279,237,280,-1,237,235,280,-1,280,235,281,-1,227,282,283,-1,227,283,229,-1,229,283,284,-1,229,284,231,-1,231,284,285,-1,231,285,233,-1,233,285,281,-1,233,281,235,-1,255,286,287,-1,255,287,257,-1,257,287,288,-1,257,288,259,-1,259,288,289,-1,259,289,226,-1,226,289,282,-1,226,282,227,-1,247,290,291,-1,247,291,249,-1,249,291,292,-1,249,292,251,-1,251,292,293,-1,251,293,253,-1,253,293,286,-1,253,286,255,-1,241,278,294,-1,241,294,243,-1,243,294,295,-1,243,295,245,-1,245,295,290,-1,245,290,247,-1,
        ]
    }
}
Shape{
    appearance Appearance {
        material  Material 	{
            diffuseColor 1.0 0.9607843137254902 0.9058823529411765
            specularColor 0.5019607843137255 0.47843137254901963 0.45098039215686275
            ambientIntensity 0.9663
            transparency 0.0
            shininess 0.5
        }
    }
    geometry IndexedFaceSet {
        ccw TRUE
        solid FALSE
        coord DEF co Coordinate {
            point [
                2.6062 -0.4511 1.4582, 2.6062 -0.4511 1.3965, 2.6062 -0.439 1.4582, 2.6062 -0.4395 1.3965, 2.6062 -0.4167 1.4039, 2.6062 -0.4157 1.4048, 2.6062 -0.4285 1.3978, 2.6062 -0.4219 1.4003, 2.6062 -0.4116 1.41, 2.6062 -0.4089 1.416, 2.6062 -0.4074 1.4234, 2.6062 -0.4071 1.4281, 2.6062 -0.408 1.4368, 2.6062 -0.4101 1.443, 2.6062 -0.413 1.4477, 2.6062 -0.4159 1.4507, 2.6062 -0.4286 1.4571, 2.6062 -0.4217 1.4545
            ]
        }
        coordIndex [
            0,1,2,-1,2,1,3,-1,2,4,5,-1,3,6,2,-1,2,6,7,-1,2,7,4,-1,5,8,2,-1,2,8,9,-1,2,9,10,-1,10,11,2,-1,2,11,12,-1,2,12,13,-1,13,14,2,-1,2,14,15,-1,2,15,16,-1,16,15,17,-1,
        ]
    }
}
Shape{
    appearance Appearance {
        material  Material 	{
            diffuseColor 0.0 0.0 0.0
            specularColor 0.0 0.0 0.0
            ambientIntensity 0.0
            transparency 0.0
            shininess 0.5
        }
    }
    geometry IndexedFaceSet {
        ccw TRUE
        solid FALSE
        coord DEF co Coordinate {
            point [
                2.6102 -0.3694 1.4183, 2.6102 -0.3727 1.4093, 2.6102 -0.3426 1.4183, 2.6102 -0.3394 1.4093, 2.6102 -0.3575 1.4516, 2.6102 -0.3613 1.4674, 2.6102 -0.3918 1.3874, 2.6102 -0.3804 1.3874, 2.6102 -0.3568 1.454, 2.6102 -0.3561 1.4572, 2.6102 -0.3503 1.4674, 2.6102 -0.3559 1.4572, 2.6102 -0.3553 1.4538, 2.6102 -0.3547 1.4516, 2.6102 -0.3198 1.3874, 2.6102 -0.3312 1.3874, 2.6062 -0.3503 1.4674, 2.6062 -0.3198 1.3874, 2.6062 -0.3613 1.4674, 2.6062 -0.3918 1.3874, 2.6062 -0.3804 1.3874, 2.6062 -0.3727 1.4093, 2.6062 -0.3394 1.4093, 2.6062 -0.3312 1.3874, 2.6062 -0.3694 1.4183, 2.6062 -0.3426 1.4183, 2.6062 -0.3547 1.4516, 2.6062 -0.3559 1.4572, 2.6062 -0.3553 1.4538, 2.6062 -0.3561 1.4572, 2.6062 -0.3575 1.4516, 2.6062 -0.3568 1.454
            ]
        }
        coordIndex [
            0,1,2,-1,2,1,3,-1,4,5,0,-1,0,5,6,-1,0,6,1,-1,1,6,7,-1,4,8,5,-1,5,8,9,-1,5,9,10,-1,10,9,11,-1,10,11,12,-1,12,13,10,-1,10,13,2,-1,10,2,14,-1,14,2,3,-1,14,3,15,-1,10,14,16,-1,16,14,17,-1,5,10,18,-1,18,10,16,-1,6,5,19,-1,19,5,18,-1,7,6,20,-1,20,6,19,-1,1,7,21,-1,21,7,20,-1,3,1,22,-1,22,1,21,-1,15,3,23,-1,23,3,22,-1,14,15,17,-1,17,15,23,-1,0,2,24,-1,24,2,25,-1,2,13,25,-1,25,13,26,-1,11,27,28,-1,11,28,12,-1,12,28,26,-1,12,26,13,-1,11,9,27,-1,27,9,29,-1,4,30,31,-1,4,31,8,-1,8,31,29,-1,8,29,9,-1,4,0,30,-1,30,0,24,-1,
        ]
    }
}
Shape{
    appearance Appearance {
        material  Material 	{
            diffuseColor 1.0 0.9607843137254902 0.9058823529411765
            specularColor 0.5019607843137255 0.47843137254901963 0.45098039215686275
            ambientIntensity 0.9663
            transparency 0.0
            shininess 0.5
        }
    }
    geometry IndexedFaceSet {
        ccw TRUE
        solid FALSE
        coord DEF co Coordinate {
            point [
                2.6062 -0.3559 1.4572, 2.6062 -0.3561 1.4572, 2.6062 -0.3553 1.4538, 2.6062 -0.3568 1.454, 2.6062 -0.3547 1.4516, 2.6062 -0.3575 1.4516, 2.6062 -0.3426 1.4183, 2.6062 -0.3694 1.4183
            ]
        }
        coordIndex [
            0,1,2,-1,2,1,3,-1,2,3,4,-1,4,3,5,-1,4,5,6,-1,6,5,7,-1,
        ]
    }
}
Shape{
    appearance Appearance {
        material  Material 	{
            diffuseColor 0.0 0.0 0.0
            specularColor 0.0 0.0 0.0
            ambientIntensity 0.0
            transparency 0.0
            shininess 0.5
        }
    }
    geometry IndexedFaceSet {
        ccw TRUE
        solid FALSE
        coord DEF co Coordinate {
            point [
                2.6102 -1.1101 1.5253, 2.6102 -1.0974 1.532, 2.6102 -1.1004 1.5671, 2.6102 -1.0001 1.3737, 2.6102 -0.9934 1.3864, 2.6102 -0.99 1.4005, 2.6102 -1.0648 1.5687, 2.6102 -1.0472 1.5271, 2.6102 -1.0385 1.5451, 2.6102 -1.0683 1.3989, 2.6102 -1.0693 1.4042, 2.6102 -1.1001 1.4264, 2.6102 -1.1007 1.3882, 2.6102 -1.1079 1.3904, 2.6102 -1.1126 1.434, 2.6102 -1.0779 1.5698, 2.6102 -0.91 1.4543, 2.6102 -0.9277 1.4844, 2.6102 -0.9897 1.4121, 2.6102 -1.0039 1.4446, 2.6102 -0.9897 1.4064, 2.6102 -1.0201 1.3561, 2.6102 -1.0088 1.364, 2.6102 -1.066 1.3941, 2.6102 -1.0865 1.3655, 2.6102 -1.095 1.376, 2.6102 -0.8912 1.5106, 2.6102 -0.8867 1.5106, 2.6102 -0.8633 1.5414, 2.6102 -0.8758 1.5093, 2.6102 -0.8605 1.5404, 2.6102 -0.8659 1.5054, 2.6102 -0.8436 1.532, 2.6102 -0.8282 1.519, 2.6102 -1.0532 1.5823, 2.6102 -1.0257 1.5604, 2.6102 -1.0398 1.5937, 2.6102 -1.0105 1.5715, 2.6102 -1.0258 1.6024, 2.6102 -1.0834 1.5354, 2.6102 -1.0774 1.5357, 2.6102 -1.0714 1.5695, 2.6102 -1.064 1.534, 2.6102 -1.0512 1.5293, 2.6102 -1.0292 1.393, 2.6102 -1.0322 1.3895, 2.6102 -1.0366 1.3864, 2.6102 -1.0328 1.3512, 2.6102 -1.0415 1.3844, 2.6102 -1.0466 1.3495, 2.6102 -1.0472 1.3837, 2.6102 -1.0488 1.3495, 2.6102 -1.0482 1.3837, 2.6102 -1.0622 1.3516, 2.6102 -1.0533 1.3845, 2.6102 -1.0754 1.3572, 2.6102 -1.0584 1.3867, 2.6102 -1.0628 1.3901, 2.6102 -1.0265 1.4138, 2.6102 -1.0252 1.4085, 2.6102 -1.0251 1.4033, 2.6102 -1.0265 1.3979, 2.6102 -0.828 1.4127, 2.6102 -0.8545 1.4353, 2.6102 -0.8435 1.3996, 2.6102 -0.8629 1.4284, 2.6102 -0.8609 1.3911, 2.6102 -0.873 1.4238, 2.6102 -0.8798 1.3871, 2.6102 -0.8832 1.4218, 2.6102 -0.9134 1.3871, 2.6102 -0.9089 1.4218, 2.6102 -0.9166 1.3876, 2.6102 -1.0691 1.4098, 2.6102 -1.0674 1.4151, 2.6102 -1.0939 1.4386, 2.6102 -1.0644 1.4198, 2.6102 -1.0845 1.4493, 2.6102 -1.0622 1.4222, 2.6102 -1.0728 1.4574, 2.6102 -1.0577 1.4254, 2.6102 -1.0602 1.4623, 2.6102 -1.0528 1.4274, 2.6102 -1.0466 1.4639, 2.6102 -1.0472 1.4281, 2.6102 -1.0397 1.4635, 2.6102 -1.0425 1.4276, 2.6102 -1.026 1.4601, 2.6102 -1.0372 1.4257, 2.6102 -1.0139 1.4536, 2.6102 -1.0326 1.4226, 2.6102 -1.0289 1.4185, 2.6102 -0.8571 1.4993, 2.6102 -0.8505 1.492, 2.6102 -0.8165 1.5028, 2.6102 -0.8452 1.4822, 2.6102 -0.8096 1.4854, 2.6102 -0.8425 1.4713, 2.6102 -0.807 1.4668, 2.6102 -0.8423 1.4662, 2.6102 -0.8096 1.4465, 2.6102 -0.8436 1.4551, 2.6102 -0.8167 1.4285, 2.6102 -0.8476 1.445, 2.6102 -0.8538 1.4361, 2.6102 -0.8941 1.5863, 2.6102 -0.9164 1.5602, 2.6102 -0.8751 1.5644, 2.6102 -0.9035 1.5449, 2.6102 -0.8947 1.5265, 2.6102 -1.1326 1.4925, 2.6102 -1.17 1.4831, 2.6102 -1.1343 1.4787, 2.6102 -1.1702 1.4776, 2.6102 -1.1336 1.4699, 2.6102 -1.1674 1.4553, 2.6102 -1.1295 1.456, 2.6102 -1.1593 1.4341, 2.6102 -1.1228 1.4445, 2.6102 -1.1463 1.4155, 2.6102 -1.1285 1.4004, 2.6102 -0.9996 1.6125, 2.6102 -0.9919 1.5791, 2.6102 -0.9715 1.6159, 2.6102 -0.9709 1.5818, 2.6102 -0.947 1.6133, 2.6102 -0.9516 1.5794, 2.6102 -0.9186 1.6029, 2.6102 -0.9337 1.5726, 2.6102 -0.9178 1.5615, 2.6102 -1.1215 1.5589, 2.6102 -1.1396 1.5461, 2.6102 -1.1198 1.5166, 2.6102 -1.1434 1.5425, 2.6102 -1.1277 1.5052, 2.6102 -1.1571 1.5249, 2.6102 -1.1662 1.5044, 2.6102 -0.9117 1.4223, 2.6102 -0.9254 1.3931, 2.6102 -0.9241 1.3917, 2.6102 -0.91 1.422, 2.6102 -0.9204 1.3891, 2.6102 -0.9299 1.4047, 2.6102 -0.9294 1.4005, 2.6102 -0.9279 1.3966, 2.6102 -0.9167 1.4218, 2.6102 -0.9206 1.4203, 2.6102 -0.9298 1.407, 2.6102 -0.9241 1.4178, 2.6102 -0.9265 1.4152, 2.6102 -0.9286 1.4113, 2.6102 -0.9123 1.4224, 2.6062 -0.807 1.4668, 2.6062 -0.8096 1.4854, 2.6062 -0.8115 1.4902, 2.6062 -0.8165 1.5028, 2.6062 -0.8282 1.519, 2.6062 -0.8436 1.532, 2.6062 -0.8605 1.5404, 2.6062 -0.8633 1.5414, 2.6062 -0.8751 1.5644, 2.6062 -0.8941 1.5863, 2.6062 -0.907 1.5951, 2.6062 -0.9186 1.6029, 2.6062 -0.947 1.6133, 2.6062 -0.9715 1.6159, 2.6062 -0.9996 1.6125, 2.6062 -1.0258 1.6024, 2.6062 -1.0375 1.5951, 2.6062 -1.0398 1.5937, 2.6062 -1.0532 1.5823, 2.6062 -1.0648 1.5687, 2.6062 -1.0714 1.5695, 2.6062 -1.0779 1.5698, 2.6062 -1.1004 1.5671, 2.6062 -1.1215 1.5589, 2.6062 -1.1396 1.5461, 2.6062 -1.1434 1.5425, 2.6062 -1.1662 1.5044, 2.6062 -1.1571 1.5249, 2.6062 -1.1687 1.4902, 2.6062 -1.17 1.4831, 2.6062 -1.1702 1.4776, 2.6062 -1.1674 1.4553, 2.6062 -1.1593 1.4341, 2.6062 -1.1463 1.4155, 2.6062 -1.1285 1.4004, 2.6062 -1.1079 1.3904, 2.6062 -1.1007 1.3882, 2.6062 -1.1 1.3867, 2.6062 -1.095 1.376, 2.6062 -1.0865 1.3655, 2.6062 -1.0754 1.3572, 2.6062 -1.0702 1.355, 2.6062 -1.0622 1.3516, 2.6062 -1.0488 1.3495, 2.6062 -1.0466 1.3495, 2.6062 -0.9897 1.4064, 2.6062 -1.0328 1.3512, 2.6062 -1.0231 1.355, 2.6062 -1.0201 1.3561, 2.6062 -1.0088 1.364, 2.6062 -1.0001 1.3737, 2.6062 -0.9934 1.3864, 2.6062 -0.9933 1.3867, 2.6062 -0.99 1.4005, 2.6062 -0.9897 1.4121, 2.6062 -0.91 1.4543, 2.6062 -0.9277 1.4844, 2.6062 -1.0039 1.4446, 2.6062 -1.0139 1.4536, 2.6062 -1.026 1.4601, 2.6062 -1.0397 1.4635, 2.6062 -1.0466 1.4639, 2.6062 -1.0602 1.4623, 2.6062 -1.0728 1.4574, 2.6062 -1.0845 1.4493, 2.6062 -1.0939 1.4386, 2.6062 -1.1001 1.4264, 2.6062 -1.1126 1.434, 2.6062 -1.1228 1.4445, 2.6062 -1.1295 1.456, 2.6062 -1.1336 1.4699, 2.6062 -1.1343 1.4787, 2.6062 -1.1329 1.4902, 2.6062 -1.1326 1.4925, 2.6062 -1.1277 1.5052, 2.6062 -1.1198 1.5166, 2.6062 -1.1101 1.5253, 2.6062 -1.0974 1.532, 2.6062 -1.0834 1.5354, 2.6062 -1.0774 1.5357, 2.6062 -1.064 1.534, 2.6062 -1.0512 1.5293, 2.6062 -1.0472 1.5271, 2.6062 -1.0385 1.5451, 2.6062 -1.0257 1.5604, 2.6062 -1.0105 1.5715, 2.6062 -0.9919 1.5791, 2.6062 -0.9709 1.5818, 2.6062 -0.9516 1.5794, 2.6062 -0.9337 1.5726, 2.6062 -0.9178 1.5615, 2.6062 -0.9164 1.5602, 2.6062 -0.9035 1.5449, 2.6062 -0.8947 1.5265, 2.6062 -0.8912 1.5106, 2.6062 -0.8867 1.5106, 2.6062 -0.8758 1.5093, 2.6062 -0.8659 1.5054, 2.6062 -0.8571 1.4993, 2.6062 -0.8505 1.492, 2.6062 -0.8496 1.4902, 2.6062 -0.8452 1.4822, 2.6062 -0.8425 1.4713, 2.6062 -0.8423 1.4662, 2.6062 -0.8436 1.4551, 2.6062 -0.8476 1.445, 2.6062 -0.8538 1.4361, 2.6062 -0.8545 1.4353, 2.6062 -0.8629 1.4284, 2.6062 -0.873 1.4238, 2.6062 -0.8832 1.4218, 2.6062 -0.9089 1.4218, 2.6062 -0.91 1.422, 2.6062 -0.9117 1.4223, 2.6062 -0.9123 1.4224, 2.6062 -0.9167 1.4218, 2.6062 -0.9206 1.4203, 2.6062 -0.9241 1.4178, 2.6062 -0.9265 1.4152, 2.6062 -0.9286 1.4113, 2.6062 -0.9298 1.407, 2.6062 -0.9299 1.4047, 2.6062 -0.9294 1.4005, 2.6062 -0.9279 1.3966, 2.6062 -0.9254 1.3931, 2.6062 -0.9241 1.3917, 2.6062 -0.9204 1.3891, 2.6062 -0.9166 1.3876, 2.6062 -0.9134 1.3871, 2.6062 -0.8798 1.3871, 2.6062 -0.8609 1.3911, 2.6062 -0.8435 1.3996, 2.6062 -0.828 1.4127, 2.6062 -0.8167 1.4285, 2.6062 -0.8096 1.4465, 2.6062 -1.0472 1.4281, 2.6062 -1.0425 1.4276, 2.6062 -1.0372 1.4257, 2.6062 -1.0326 1.4226, 2.6062 -1.0289 1.4185, 2.6062 -1.0265 1.4138, 2.6062 -1.0252 1.4085, 2.6062 -1.0251 1.4033, 2.6062 -1.0265 1.3979, 2.6062 -1.0292 1.393, 2.6062 -1.0322 1.3895, 2.6062 -1.0366 1.3864, 2.6062 -1.0415 1.3844, 2.6062 -1.0472 1.3837, 2.6062 -1.0482 1.3837, 2.6062 -1.0533 1.3845, 2.6062 -1.0584 1.3867, 2.6062 -1.0628 1.3901, 2.6062 -1.066 1.3941, 2.6062 -1.0683 1.3989, 2.6062 -1.0693 1.4042, 2.6062 -1.0691 1.4098, 2.6062 -1.0674 1.4151, 2.6062 -1.0644 1.4198, 2.6062 -1.0622 1.4222, 2.6062 -1.0577 1.4254, 2.6062 -1.0528 1.4274
            ]
        }
        coordIndex [
            0,1,2,-1,3,4,5,-1,6,7,8,-1,9,10,11,-1,12,11,13,-1,13,11,14,-1,2,1,15,-1,16,17,18,-1,18,17,19,-1,18,19,20,-1,20,19,21,-1,20,21,5,-1,5,21,22,-1,5,22,3,-1,23,9,24,-1,24,9,11,-1,24,11,25,-1,25,11,12,-1,26,27,28,-1,28,27,29,-1,28,29,30,-1,30,29,31,-1,30,31,32,-1,32,31,33,-1,6,8,34,-1,34,8,35,-1,34,35,36,-1,36,35,37,-1,36,37,38,-1,1,39,15,-1,15,39,40,-1,15,40,41,-1,41,40,42,-1,41,42,6,-1,6,42,43,-1,6,43,7,-1,44,45,21,-1,21,45,46,-1,21,46,47,-1,47,46,48,-1,47,48,49,-1,49,48,50,-1,49,50,51,-1,51,50,52,-1,51,52,53,-1,53,52,54,-1,53,54,55,-1,55,54,56,-1,55,56,24,-1,24,56,57,-1,24,57,23,-1,58,59,19,-1,19,59,60,-1,19,60,21,-1,21,60,61,-1,21,61,44,-1,62,63,64,-1,64,63,65,-1,64,65,66,-1,66,65,67,-1,66,67,68,-1,68,67,69,-1,68,69,70,-1,70,69,71,-1,70,71,72,-1,10,73,11,-1,11,73,74,-1,11,74,75,-1,75,74,76,-1,75,76,77,-1,77,76,78,-1,77,78,79,-1,79,78,80,-1,79,80,81,-1,81,80,82,-1,81,82,83,-1,83,82,84,-1,83,84,85,-1,85,84,86,-1,85,86,87,-1,87,86,88,-1,87,88,89,-1,89,88,90,-1,89,90,19,-1,19,90,91,-1,19,91,58,-1,31,92,33,-1,33,92,93,-1,33,93,94,-1,94,93,95,-1,94,95,96,-1,96,95,97,-1,96,97,98,-1,98,97,99,-1,98,99,100,-1,100,99,101,-1,100,101,102,-1,102,101,103,-1,102,103,62,-1,62,103,104,-1,62,104,63,-1,105,106,107,-1,107,106,108,-1,107,108,28,-1,28,108,109,-1,28,109,26,-1,110,111,112,-1,112,111,113,-1,112,113,114,-1,114,113,115,-1,114,115,116,-1,116,115,117,-1,116,117,118,-1,118,117,119,-1,118,119,14,-1,14,119,120,-1,14,120,13,-1,38,37,121,-1,121,37,122,-1,121,122,123,-1,123,122,124,-1,123,124,125,-1,125,124,126,-1,125,126,127,-1,127,126,128,-1,127,128,105,-1,105,128,129,-1,105,129,106,-1,2,130,0,-1,0,130,131,-1,0,131,132,-1,132,131,133,-1,132,133,134,-1,134,133,135,-1,134,135,110,-1,110,135,136,-1,110,136,111,-1,137,138,139,-1,71,140,72,-1,72,140,137,-1,72,137,141,-1,141,137,139,-1,142,143,137,-1,137,143,144,-1,137,144,138,-1,145,146,147,-1,146,148,147,-1,147,148,149,-1,147,149,150,-1,142,137,147,-1,147,137,151,-1,147,151,145,-1,98,152,153,-1,98,153,96,-1,96,153,154,-1,96,154,94,-1,154,155,94,-1,94,155,156,-1,94,156,33,-1,33,156,157,-1,33,157,32,-1,32,157,158,-1,32,158,30,-1,30,158,159,-1,30,159,28,-1,28,159,160,-1,28,160,107,-1,107,160,161,-1,107,161,105,-1,127,105,162,-1,162,105,161,-1,162,163,127,-1,127,163,164,-1,127,164,125,-1,125,164,165,-1,125,165,123,-1,123,165,166,-1,123,166,121,-1,121,166,167,-1,121,167,38,-1,38,167,36,-1,36,167,168,-1,36,168,169,-1,36,169,170,-1,36,170,34,-1,34,170,171,-1,34,171,6,-1,6,171,172,-1,6,172,41,-1,41,172,173,-1,41,173,15,-1,15,173,174,-1,15,174,2,-1,2,174,175,-1,2,175,130,-1,130,175,176,-1,130,176,131,-1,131,176,177,-1,131,177,133,-1,178,135,179,-1,179,135,133,-1,179,133,177,-1,180,111,178,-1,178,111,136,-1,178,136,135,-1,180,181,111,-1,111,181,182,-1,111,182,113,-1,113,182,183,-1,113,183,115,-1,115,183,184,-1,115,184,117,-1,117,184,185,-1,117,185,119,-1,119,185,186,-1,119,186,120,-1,120,186,187,-1,120,187,13,-1,13,187,188,-1,13,188,12,-1,12,188,189,-1,12,189,25,-1,189,190,25,-1,25,190,191,-1,25,191,24,-1,24,191,192,-1,24,192,55,-1,55,192,193,-1,55,193,53,-1,193,194,53,-1,53,194,195,-1,53,195,51,-1,51,195,196,-1,51,196,49,-1,197,20,5,-1,49,196,198,-1,199,21,198,-1,198,21,47,-1,198,47,49,-1,199,200,21,-1,21,200,201,-1,21,201,22,-1,22,201,202,-1,22,202,3,-1,3,202,203,-1,3,203,4,-1,4,203,204,-1,4,204,5,-1,5,204,205,-1,5,205,197,-1,18,20,206,-1,206,20,197,-1,16,18,207,-1,207,18,206,-1,17,16,208,-1,208,16,207,-1,19,17,209,-1,209,17,208,-1,19,209,210,-1,19,210,89,-1,89,210,211,-1,89,211,87,-1,87,211,212,-1,87,212,85,-1,85,212,213,-1,85,213,83,-1,83,213,214,-1,83,214,81,-1,81,214,215,-1,81,215,79,-1,79,215,216,-1,79,216,77,-1,77,216,217,-1,77,217,75,-1,75,217,218,-1,75,218,11,-1,11,218,219,-1,11,219,14,-1,14,219,220,-1,14,220,118,-1,118,220,221,-1,118,221,116,-1,116,221,222,-1,116,222,114,-1,114,222,223,-1,114,223,112,-1,112,223,110,-1,110,223,224,-1,224,225,110,-1,110,225,226,-1,110,226,134,-1,134,226,227,-1,134,227,132,-1,132,227,228,-1,132,228,0,-1,0,228,229,-1,0,229,1,-1,1,229,230,-1,1,230,39,-1,39,230,231,-1,39,231,40,-1,40,231,232,-1,40,232,42,-1,42,232,233,-1,42,233,43,-1,43,233,234,-1,43,234,7,-1,7,234,235,-1,7,235,8,-1,8,235,236,-1,8,236,35,-1,35,236,237,-1,35,237,37,-1,37,237,238,-1,37,238,122,-1,122,238,239,-1,122,239,124,-1,124,239,240,-1,124,240,126,-1,126,240,241,-1,126,241,128,-1,128,241,242,-1,128,242,129,-1,129,242,243,-1,129,243,106,-1,106,243,244,-1,106,244,108,-1,108,244,245,-1,108,245,109,-1,109,245,246,-1,109,246,26,-1,27,26,247,-1,247,26,246,-1,27,247,248,-1,27,248,29,-1,29,248,249,-1,29,249,31,-1,31,249,250,-1,31,250,92,-1,92,250,251,-1,92,251,93,-1,93,251,252,-1,93,252,95,-1,252,253,95,-1,95,253,254,-1,95,254,97,-1,97,254,255,-1,97,255,99,-1,99,255,256,-1,99,256,101,-1,101,256,257,-1,101,257,103,-1,103,257,258,-1,103,258,104,-1,104,258,259,-1,104,259,63,-1,63,259,260,-1,63,260,65,-1,65,260,261,-1,65,261,67,-1,67,261,262,-1,67,262,69,-1,71,69,263,-1,263,69,262,-1,71,263,264,-1,71,264,140,-1,140,264,265,-1,140,265,137,-1,137,265,266,-1,137,266,151,-1,151,266,267,-1,151,267,145,-1,145,267,268,-1,145,268,146,-1,146,268,269,-1,146,269,148,-1,148,269,270,-1,148,270,149,-1,149,270,271,-1,149,271,150,-1,150,271,272,-1,150,272,147,-1,147,272,273,-1,147,273,142,-1,142,273,274,-1,142,274,143,-1,143,274,275,-1,143,275,144,-1,144,275,276,-1,144,276,138,-1,138,276,277,-1,138,277,139,-1,139,277,278,-1,139,278,141,-1,141,278,279,-1,141,279,72,-1,72,279,280,-1,72,280,70,-1,68,70,281,-1,281,70,280,-1,68,281,282,-1,68,282,66,-1,66,282,283,-1,66,283,64,-1,64,283,284,-1,64,284,62,-1,62,284,285,-1,62,285,102,-1,102,285,286,-1,102,286,100,-1,100,286,152,-1,100,152,98,-1,84,287,288,-1,84,288,86,-1,86,288,289,-1,86,289,88,-1,88,289,290,-1,88,290,90,-1,90,290,291,-1,90,291,91,-1,91,291,292,-1,91,292,58,-1,58,292,293,-1,58,293,59,-1,59,293,294,-1,59,294,60,-1,60,294,295,-1,60,295,61,-1,61,295,296,-1,61,296,44,-1,44,296,297,-1,44,297,45,-1,45,297,298,-1,45,298,46,-1,46,298,299,-1,46,299,48,-1,48,299,300,-1,48,300,50,-1,50,300,301,-1,50,301,52,-1,52,301,302,-1,52,302,54,-1,54,302,303,-1,54,303,56,-1,56,303,304,-1,56,304,57,-1,57,304,305,-1,57,305,23,-1,23,305,306,-1,23,306,9,-1,9,306,307,-1,9,307,10,-1,10,307,308,-1,10,308,73,-1,73,308,309,-1,73,309,74,-1,74,309,310,-1,74,310,76,-1,76,310,311,-1,76,311,78,-1,78,311,312,-1,78,312,80,-1,80,312,313,-1,80,313,82,-1,82,313,287,-1,82,287,84,-1,
        ]
    }
}
Shape{
    appearance Appearance {
        material  Material 	{
            diffuseColor 1.0 0.9607843137254902 0.9058823529411765
            specularColor 0.5019607843137255 0.47843137254901963 0.45098039215686275
            ambientIntensity 0.9663
            transparency 0.0
            shininess 0.5
        }
    }
    geometry IndexedFaceSet {
        ccw TRUE
        solid FALSE
        coord DEF co Coordinate {
            point [
                2.6062 -1.0482 1.3837, 2.6062 -1.0622 1.4222, 2.6062 -1.0644 1.4198, 2.6062 -1.0415 1.3844, 2.6062 -1.0366 1.3864, 2.6062 -1.0425 1.4276, 2.6062 -1.0472 1.4281, 2.6062 -1.0528 1.4274, 2.6062 -1.0577 1.4254, 2.6062 -1.0683 1.3989, 2.6062 -1.066 1.3941, 2.6062 -1.0628 1.3901, 2.6062 -1.0472 1.3837, 2.6062 -1.0674 1.4151, 2.6062 -1.0691 1.4098, 2.6062 -1.0693 1.4042, 2.6062 -1.0584 1.3867, 2.6062 -1.0533 1.3845, 2.6062 -1.0322 1.3895, 2.6062 -1.0292 1.393, 2.6062 -1.0265 1.3979, 2.6062 -1.0251 1.4033, 2.6062 -1.0252 1.4085, 2.6062 -1.0265 1.4138, 2.6062 -1.0289 1.4185, 2.6062 -1.0326 1.4226, 2.6062 -1.0372 1.4257, 1.622 -1.2098 0.8071, 1.622 -1.1705 0.8465, -1.626 -1.2098 0.8071, -1.626 -1.1705 0.8465, -1.626 -1.2098 1.5945, -1.626 -1.1705 1.5551, 1.622 -1.2098 1.5945, 1.622 -1.1705 1.5551
            ]
        }
        coordIndex [
            0,1,2,-1,3,4,5,-1,6,7,0,-1,0,7,8,-1,0,8,1,-1,9,10,2,-1,2,10,11,-1,6,0,5,-1,5,0,12,-1,5,12,3,-1,13,14,2,-1,2,14,15,-1,2,15,9,-1,11,16,2,-1,2,16,17,-1,2,17,0,-1,4,18,5,-1,5,18,19,-1,5,19,20,-1,20,21,5,-1,5,21,22,-1,5,22,23,-1,23,24,5,-1,5,24,25,-1,5,25,26,-1,27,28,29,-1,29,28,30,-1,31,32,33,-1,33,32,34,-1,
        ]
    }
}
Shape{
    appearance Appearance {
        material  Material 	{
            diffuseColor 0.7529411764705882 0.7529411764705882 0.7529411764705882
            specularColor 0.3764705882352941 0.3764705882352941 0.3764705882352941
            ambientIntensity 0.7529
            transparency 0.0
            shininess 0.5
        }
    }
    geometry IndexedFaceSet {
        ccw TRUE
        solid FALSE
        coord DEF co Coordinate {
            point [
                2.4094 0.4043 0.9252, 2.4094 0.4043 1.6732, 2.4881 0.4043 0.9252, 2.4881 0.4043 1.6732, 2.4881 0.2665 0.9252, 2.4094 0.2665 0.9252, 2.4881 0.1878 0.8465, 2.4094 0.1878 0.8465, 2.4881 0.1905 0.8668, 2.4094 0.1905 0.8668, 2.4881 0.1983 0.8858, 2.4094 0.1983 0.8858, 2.4881 0.2109 0.9021, 2.4094 0.2109 0.9021, 2.4881 0.2272 0.9146, 2.4094 0.2272 0.9146, 2.4881 0.2462 0.9225, 2.4094 0.2462 0.9225, 2.4881 0.1878 0.1969, 2.4094 0.1878 0.1969, 2.4881 0.1091 0.1181, 2.4094 0.1091 0.1181, 2.4094 0.1294 0.1208, 2.4881 0.1294 0.1208, 2.4094 0.1484 0.1287, 2.4881 0.1484 0.1287, 2.4094 0.1647 0.1412, 2.4881 0.1647 0.1412, 2.4094 0.1772 0.1575, 2.4881 0.1772 0.1575, 2.4094 0.1851 0.1765, 2.4881 0.1851 0.1765, 2.4881 -0.2558 0.1181, 2.4094 -0.2558 0.1181, 2.4881 -0.2952 0.1076, 2.4094 -0.2952 0.1076, 2.4881 -0.2762 0.1154, 2.4094 -0.2762 0.1154, 2.4881 -0.4632 0.0105, 2.4094 -0.4632 0.0105, 2.4881 -0.5026 0.0, 2.4094 -0.5026 0.0, 2.4094 -0.4889 0.0012, 2.4881 -0.4889 0.0012, 2.4094 -0.4757 0.0047, 2.4881 -0.4757 0.0047, 2.4881 -0.9933 0.0, 2.4094 -0.9933 0.0, 2.4881 -1.072 0.0787, 2.4094 -1.072 0.0787, 2.4094 -1.0694 0.0584, 2.4881 -1.0694 0.0584, 2.4094 -1.0615 0.0394, 2.4881 -1.0615 0.0394, 2.4094 -1.049 0.0231, 2.4881 -1.049 0.0231, 2.4094 -1.0327 0.0105, 2.4881 -1.0327 0.0105, 2.4094 -1.0137 0.0027, 2.4881 -1.0137 0.0027, 2.4881 -1.072 1.2402, 2.4094 -1.072 1.2402, 2.4881 -0.9933 1.3189, 2.4094 -0.9933 1.3189, 2.4094 -1.0137 1.3162, 2.4881 -1.0137 1.3162, 2.4094 -1.0327 1.3083, 2.4881 -1.0327 1.3083, 2.4094 -1.049 1.2958, 2.4881 -1.049 1.2958, 2.4094 -1.0615 1.2795, 2.4881 -1.0615 1.2795, 2.4094 -1.0694 1.2605, 2.4881 -1.0694 1.2605, 2.4881 -0.0681 1.3189, 2.4094 -0.0681 1.3189, 2.4881 0.0106 1.3976, 2.4094 0.0106 1.3976, 2.4881 0.0079 1.3773, 2.4094 0.0079 1.3773, 2.4881 0.0001 1.3583, 2.4094 0.0001 1.3583, 2.4881 -0.0124 1.342, 2.4094 -0.0124 1.342, 2.4881 -0.0287 1.3294, 2.4094 -0.0287 1.3294, 2.4881 -0.0477 1.3216, 2.4094 -0.0477 1.3216, 2.4881 0.0106 1.6732, 2.4094 0.0106 1.6732, 2.4094 0.365 1.7126, 2.4094 0.05 1.7126, 2.4881 0.365 1.7126, 2.4881 0.05 1.7126, 2.4881 0.4033 1.682, 2.4881 0.4004 1.6903, 2.4881 0.3957 1.6978, 2.4881 0.3895 1.704, 2.4881 0.382 1.7087, 2.4881 0.3737 1.7116, 2.4881 0.0398 1.7113, 2.4881 0.0303 1.7073, 2.4881 0.0222 1.7011, 2.4881 0.0159 1.6929, 2.4881 0.012 1.6834, 2.4094 0.0222 1.7011, 2.4094 0.0303 1.7073, 2.4094 0.0398 1.7113, 2.4094 0.3737 1.7116, 2.4094 0.382 1.7087, 2.4094 0.3895 1.704, 2.4094 0.3957 1.6978, 2.4094 0.4004 1.6903, 2.4094 0.4033 1.682, 2.4094 0.0159 1.6929, 2.4094 0.012 1.6834, -2.4134 0.4043 1.6732, -2.4134 0.4043 0.9252, -2.4922 0.4043 1.6732, -2.4922 0.4043 0.9252, -2.4922 0.2665 0.9252, -2.4134 0.2665 0.9252, -2.4922 0.2462 0.9225, -2.4134 0.2462 0.9225, -2.4922 0.2272 0.9146, -2.4134 0.2272 0.9146, -2.4922 0.2109 0.9021, -2.4134 0.2109 0.9021, -2.4922 0.1983 0.8858, -2.4134 0.1983 0.8858, -2.4922 0.1905 0.8668, -2.4134 0.1905 0.8668, -2.4922 0.1878 0.8465, -2.4134 0.1878 0.8465, -2.4922 0.1878 0.1969, -2.4134 0.1878 0.1969, -2.4134 0.1851 0.1765, -2.4922 0.1851 0.1765, -2.4134 0.1772 0.1575, -2.4922 0.1772 0.1575, -2.4134 0.1647 0.1412, -2.4922 0.1647 0.1412, -2.4134 0.1484 0.1287, -2.4922 0.1484 0.1287, -2.4134 0.1294 0.1208, -2.4922 0.1294 0.1208, -2.4134 0.1091 0.1181, -2.4922 0.1091 0.1181, -2.4922 -0.2558 0.1181, -2.4134 -0.2558 0.1181, -2.4922 -0.2695 0.1169, -2.4134 -0.2695 0.1169, -2.4922 -0.2828 0.1134, -2.4134 -0.2828 0.1134, -2.4922 -0.2952 0.1076, -2.4134 -0.2952 0.1076, -2.4922 -0.4632 0.0105, -2.4134 -0.4632 0.0105, -2.4134 -0.4822 0.0027, -2.4922 -0.4822 0.0027, -2.4134 -0.5026 0.0, -2.4922 -0.5026 0.0, -2.4922 -0.9933 0.0, -2.4134 -0.9933 0.0, -2.4134 -1.0137 0.0027, -2.4922 -1.0137 0.0027, -2.4134 -1.0327 0.0105, -2.4922 -1.0327 0.0105, -2.4134 -1.049 0.0231, -2.4922 -1.049 0.0231, -2.4134 -1.0615 0.0394, -2.4922 -1.0615 0.0394, -2.4134 -1.0694 0.0584, -2.4922 -1.0694 0.0584, -2.4134 -1.072 0.0787, -2.4922 -1.072 0.0787, -2.4922 -1.072 1.2402, -2.4134 -1.072 1.2402, -2.4134 -1.0694 1.2605, -2.4922 -1.0694 1.2605, -2.4134 -1.0615 1.2795, -2.4922 -1.0615 1.2795, -2.4134 -1.049 1.2958, -2.4922 -1.049 1.2958, -2.4134 -1.0327 1.3083, -2.4922 -1.0327 1.3083, -2.4134 -1.0137 1.3162, -2.4922 -1.0137 1.3162, -2.4134 -0.9933 1.3189, -2.4922 -0.9933 1.3189, -2.4922 -0.0681 1.3189, -2.4134 -0.0681 1.3189, -2.4922 -0.0477 1.3216, -2.4134 -0.0477 1.3216, -2.4922 -0.0287 1.3294, -2.4134 -0.0287 1.3294, -2.4922 -0.0124 1.342, -2.4134 -0.0124 1.342, -2.4922 0.0001 1.3583, -2.4134 0.0001 1.3583, -2.4922 0.0079 1.3773, -2.4134 0.0079 1.3773, -2.4922 0.0106 1.3976, -2.4134 0.0106 1.3976, -2.4922 0.0106 1.6732, -2.4134 0.0106 1.6732, -2.4134 0.05 1.7126, -2.4134 0.365 1.7126, -2.4922 0.05 1.7126, -2.4922 0.365 1.7126, -2.4922 0.3895 1.704, -2.4922 0.3957 1.6978, -2.4922 0.4004 1.6903, -2.4922 0.3737 1.7116, -2.4922 0.0398 1.7113, -2.4922 0.382 1.7087, -2.4922 0.4033 1.682, -2.4922 0.012 1.6834, -2.4922 0.0303 1.7073, -2.4922 0.0159 1.6929, -2.4922 0.0222 1.7011, -2.4134 0.3737 1.7116, -2.4134 0.0398 1.7113, -2.4134 0.3957 1.6978, -2.4134 0.3895 1.704, -2.4134 0.4004 1.6903, -2.4134 0.4033 1.682, -2.4134 0.382 1.7087, -2.4134 0.0222 1.7011, -2.4134 0.0159 1.6929, -2.4134 0.0303 1.7073, -2.4134 0.012 1.6834
            ]
        }
        coordIndex [
            0,1,2,-1,2,1,3,-1,2,4,0,-1,0,4,5,-1,6,7,8,-1,8,7,9,-1,8,9,10,-1,10,9,11,-1,10,11,12,-1,12,11,13,-1,12,13,14,-1,14,13,15,-1,14,15,16,-1,16,15,17,-1,16,17,4,-1,4,17,5,-1,6,18,7,-1,7,18,19,-1,20,21,22,-1,20,22,23,-1,23,22,24,-1,23,24,25,-1,25,24,26,-1,25,26,27,-1,27,26,28,-1,27,28,29,-1,29,28,30,-1,29,30,31,-1,31,30,19,-1,31,19,18,-1,20,32,21,-1,21,32,33,-1,34,35,36,-1,36,35,37,-1,36,37,32,-1,32,37,33,-1,34,38,35,-1,35,38,39,-1,40,41,42,-1,40,42,43,-1,43,42,44,-1,43,44,45,-1,45,44,39,-1,45,39,38,-1,40,46,41,-1,41,46,47,-1,48,49,50,-1,48,50,51,-1,51,50,52,-1,51,52,53,-1,53,52,54,-1,53,54,55,-1,55,54,56,-1,55,56,57,-1,57,56,58,-1,57,58,59,-1,59,58,47,-1,59,47,46,-1,48,60,49,-1,49,60,61,-1,62,63,64,-1,62,64,65,-1,65,64,66,-1,65,66,67,-1,67,66,68,-1,67,68,69,-1,69,68,70,-1,69,70,71,-1,71,70,72,-1,71,72,73,-1,73,72,61,-1,73,61,60,-1,62,74,63,-1,63,74,75,-1,76,77,78,-1,78,77,79,-1,78,79,80,-1,80,79,81,-1,80,81,82,-1,82,81,83,-1,82,83,84,-1,84,83,85,-1,84,85,86,-1,86,85,87,-1,86,87,74,-1,74,87,75,-1,76,88,77,-1,77,88,89,-1,90,91,92,-1,92,91,93,-1,16,4,82,-1,82,4,2,-1,82,2,80,-1,3,76,2,-1,2,76,78,-1,2,78,80,-1,62,65,34,-1,34,65,67,-1,34,67,69,-1,34,36,62,-1,62,36,32,-1,62,32,6,-1,6,32,20,-1,84,12,82,-1,82,12,14,-1,82,14,16,-1,6,8,62,-1,62,8,10,-1,62,10,74,-1,74,10,12,-1,74,12,86,-1,86,12,84,-1,43,45,60,-1,60,45,38,-1,60,38,73,-1,73,38,34,-1,73,34,71,-1,71,34,69,-1,57,48,55,-1,55,48,51,-1,55,51,53,-1,3,94,76,-1,76,94,95,-1,76,95,96,-1,96,97,76,-1,76,97,98,-1,76,98,99,-1,99,92,76,-1,76,92,93,-1,76,93,88,-1,88,93,100,-1,57,59,48,-1,48,59,46,-1,48,46,60,-1,60,46,40,-1,60,40,43,-1,23,31,20,-1,20,31,18,-1,20,18,6,-1,23,25,31,-1,31,25,27,-1,31,27,29,-1,100,101,102,-1,102,103,100,-1,100,103,104,-1,100,104,88,-1,33,37,63,-1,63,37,35,-1,63,35,64,-1,83,0,5,-1,11,63,13,-1,13,63,75,-1,49,61,47,-1,47,61,41,-1,5,17,83,-1,83,17,15,-1,83,15,85,-1,85,15,13,-1,85,13,87,-1,87,13,75,-1,70,68,35,-1,35,68,66,-1,35,66,64,-1,39,44,61,-1,61,44,42,-1,61,42,41,-1,105,106,107,-1,90,108,77,-1,77,108,109,-1,11,9,63,-1,63,9,7,-1,63,7,33,-1,33,7,19,-1,33,19,21,-1,21,19,30,-1,21,30,22,-1,39,61,35,-1,35,61,72,-1,35,72,70,-1,109,110,77,-1,77,110,111,-1,77,111,112,-1,83,81,0,-1,0,81,79,-1,0,79,1,-1,1,79,77,-1,1,77,113,-1,113,77,112,-1,105,107,114,-1,54,47,56,-1,56,47,58,-1,54,52,47,-1,47,52,50,-1,47,50,49,-1,90,77,91,-1,91,77,89,-1,91,89,107,-1,107,89,115,-1,107,115,114,-1,28,26,30,-1,30,26,24,-1,30,24,22,-1,93,91,107,-1,93,107,100,-1,100,107,106,-1,100,106,101,-1,101,106,105,-1,101,105,102,-1,102,105,114,-1,102,114,103,-1,103,114,115,-1,103,115,104,-1,104,115,89,-1,104,89,88,-1,3,1,113,-1,3,113,94,-1,94,113,112,-1,94,112,95,-1,95,112,111,-1,95,111,96,-1,96,111,110,-1,96,110,97,-1,97,110,109,-1,97,109,98,-1,98,109,108,-1,98,108,99,-1,99,108,90,-1,99,90,92,-1,116,117,118,-1,118,117,119,-1,120,119,121,-1,121,119,117,-1,120,121,122,-1,122,121,123,-1,122,123,124,-1,124,123,125,-1,124,125,126,-1,126,125,127,-1,126,127,128,-1,128,127,129,-1,128,129,130,-1,130,129,131,-1,130,131,132,-1,132,131,133,-1,134,132,135,-1,135,132,133,-1,134,135,136,-1,134,136,137,-1,137,136,138,-1,137,138,139,-1,139,138,140,-1,139,140,141,-1,141,140,142,-1,141,142,143,-1,143,142,144,-1,143,144,145,-1,145,144,146,-1,145,146,147,-1,148,147,149,-1,149,147,146,-1,148,149,150,-1,150,149,151,-1,150,151,152,-1,152,151,153,-1,152,153,154,-1,154,153,155,-1,156,154,157,-1,157,154,155,-1,156,157,158,-1,156,158,159,-1,159,158,160,-1,159,160,161,-1,162,161,163,-1,163,161,160,-1,162,163,164,-1,162,164,165,-1,165,164,166,-1,165,166,167,-1,167,166,168,-1,167,168,169,-1,169,168,170,-1,169,170,171,-1,171,170,172,-1,171,172,173,-1,173,172,174,-1,173,174,175,-1,176,175,177,-1,177,175,174,-1,176,177,178,-1,176,178,179,-1,179,178,180,-1,179,180,181,-1,181,180,182,-1,181,182,183,-1,183,182,184,-1,183,184,185,-1,185,184,186,-1,185,186,187,-1,187,186,188,-1,187,188,189,-1,190,189,191,-1,191,189,188,-1,190,191,192,-1,192,191,193,-1,192,193,194,-1,194,193,195,-1,194,195,196,-1,196,195,197,-1,196,197,198,-1,198,197,199,-1,198,199,200,-1,200,199,201,-1,200,201,202,-1,202,201,203,-1,204,202,205,-1,205,202,203,-1,206,207,208,-1,208,207,209,-1,150,152,176,-1,118,119,120,-1,150,176,148,-1,179,181,130,-1,130,181,183,-1,122,200,202,-1,189,128,187,-1,187,128,130,-1,187,130,185,-1,185,130,183,-1,210,211,212,-1,189,190,128,-1,128,190,192,-1,128,192,126,-1,126,192,194,-1,126,194,124,-1,124,194,196,-1,124,196,122,-1,122,196,198,-1,122,198,200,-1,213,118,209,-1,209,118,120,-1,209,120,208,-1,208,120,122,-1,208,122,214,-1,214,122,202,-1,213,215,118,-1,118,215,210,-1,118,210,216,-1,216,210,212,-1,152,154,176,-1,176,154,156,-1,176,156,159,-1,171,173,169,-1,169,173,175,-1,169,175,167,-1,179,130,176,-1,176,130,132,-1,176,132,148,-1,148,132,134,-1,148,134,147,-1,147,134,137,-1,147,137,145,-1,159,161,176,-1,176,161,162,-1,176,162,175,-1,175,162,165,-1,175,165,167,-1,202,204,214,-1,214,204,217,-1,214,217,218,-1,218,217,219,-1,218,219,220,-1,139,141,137,-1,137,141,143,-1,137,143,145,-1,221,207,116,-1,180,131,182,-1,182,131,184,-1,222,123,206,-1,206,123,121,-1,206,121,207,-1,207,121,117,-1,207,117,116,-1,153,151,177,-1,177,151,149,-1,193,191,129,-1,129,191,188,-1,129,188,131,-1,131,188,186,-1,131,186,184,-1,197,123,199,-1,199,123,201,-1,158,157,177,-1,177,157,155,-1,177,155,153,-1,193,129,195,-1,195,129,127,-1,195,127,197,-1,197,127,125,-1,197,125,123,-1,223,224,225,-1,225,224,226,-1,226,224,116,-1,116,224,227,-1,116,227,221,-1,172,170,174,-1,174,170,168,-1,174,168,166,-1,180,178,131,-1,131,178,177,-1,131,177,133,-1,133,177,149,-1,133,149,146,-1,166,164,174,-1,174,164,163,-1,174,163,177,-1,177,163,160,-1,177,160,158,-1,228,229,230,-1,230,229,231,-1,230,231,222,-1,222,231,205,-1,222,205,123,-1,123,205,203,-1,123,203,201,-1,144,136,146,-1,146,136,135,-1,146,135,133,-1,144,142,136,-1,136,142,140,-1,136,140,138,-1,204,205,231,-1,204,231,217,-1,217,231,229,-1,217,229,219,-1,219,229,228,-1,219,228,220,-1,220,228,230,-1,220,230,218,-1,218,230,222,-1,218,222,214,-1,214,222,206,-1,214,206,208,-1,209,207,221,-1,209,221,213,-1,213,221,227,-1,213,227,215,-1,215,227,224,-1,215,224,210,-1,210,224,223,-1,210,223,211,-1,211,223,225,-1,211,225,212,-1,212,225,226,-1,212,226,216,-1,216,226,116,-1,216,116,118,-1,
        ]
    }
}