#VRML V2.0 utf8
# 3D model generated by easyeda2kicad.py (https://github.com/uPesy/easyeda2kicad.py)

Shape{
    appearance Appearance {
        material  Material 	{
            diffuseColor 1.0 0.7764705882352941 0.16862745098039217
            specularColor 0.5019607843137255 0.38823529411764707 0.08627450980392157
            ambientIntensity 0.774
            transparency 0.0
            shininess 0.5
        }
    }
    geometry IndexedFaceSet {
        ccw TRUE
        solid FALSE
        coord DEF co Coordinate {
            point [
                -2.5128 1.779 0.315, -2.6309 1.779 0.315, -2.5128 1.779 0.311, -2.6309 1.779 0.311, -2.5128 1.9154 0.0787, -2.6309 1.9154 0.0787, -2.6309 1.9329 0.0556, -2.5128 1.9329 0.0556, -2.6309 1.9559 0.0372, -2.5128 1.9559 0.0372, -2.6309 1.9668 0.0312, -2.5128 1.9668 0.0312, -2.6309 1.994 0.0221, -2.5128 1.994 0.0221, -2.6309 2.0177 0.0197, -2.5128 2.0177 0.0197, -2.5128 2.1948 0.0197, -2.6309 2.1948 0.0197, -2.5128 2.2145 0.0394, -2.6309 2.2145 0.0394, -2.5128 2.2145 0.0591, -2.6309 2.2145 0.0591, -2.5128 2.1948 0.0787, -2.6309 2.1948 0.0787, -2.5128 2.0177 0.0787, -2.6309 2.0177 0.0787, -2.6309 2.0027 0.0806, -2.5128 2.0027 0.0806, -2.6309 1.9888 0.0863, -2.5128 1.9888 0.0863, -2.6309 1.9863 0.0878, -2.5128 1.9863 0.0878, -2.6309 1.975 0.0969, -2.5128 1.975 0.0969, -2.6309 1.9665 0.1083, -2.5128 1.9665 0.1083, -2.5128 1.8813 0.2559, -2.6309 1.8813 0.2559, -2.6309 1.8638 0.2791, -2.5128 1.8638 0.2791, -2.6309 1.8408 0.2975, -2.5128 1.8408 0.2975, -2.6309 1.8299 0.3035, -2.5128 1.8299 0.3035, -2.6309 1.8027 0.3126, -2.5128 1.8027 0.3126, -2.5128 1.779 0.2559, -2.6309 1.779 0.2559, -2.6309 1.794 0.254, -2.5128 1.794 0.254, -2.6309 1.8078 0.2484, -2.5128 1.8078 0.2484, -2.6309 1.8104 0.2469, -2.5128 1.8104 0.2469, -2.6309 1.8217 0.2377, -2.5128 1.8217 0.2377, -2.6309 1.8302 0.2264, -2.5128 1.8302 0.2264, -2.5915 1.5059 0.252, -2.5915 1.5059 0.311, -2.601 1.5051 0.311, -2.601 1.5051 0.252, -2.6148 1.5011 0.311, -2.6148 1.5011 0.252, -2.6275 1.4936 0.311, -2.6275 1.4936 0.252, -2.635 1.4868 0.311, -2.635 1.4868 0.252, -2.6435 1.4749 0.311, -2.6435 1.4749 0.252, -2.6488 1.4613 0.311, -2.6488 1.4613 0.252, -2.6506 1.4468 0.311, -2.6506 1.4468 0.252, -2.6506 -0.4626 0.252, -2.6506 -0.4626 0.311, -2.6703 -0.4823 0.252, -2.6703 -0.4823 0.311, -2.6703 -0.8563 0.252, -2.6703 -0.8563 0.311, -2.7687 -0.8563 0.252, -2.7687 -0.8563 0.311, -2.7687 1.779 0.252, -2.7687 1.779 0.311, -2.375 1.779 0.311, -2.375 1.779 0.252, -2.375 1.5059 0.252, -2.375 1.5059 0.311, -2.5915 -0.5414 0.4724, -2.5915 -0.6271 0.5246, -2.5915 -0.6213 0.506, -2.5915 -0.6461 0.4337, -2.5915 -0.6622 0.4224, -2.5915 -0.5414 0.3346, -2.5915 -0.8563 0.6299, -2.5915 -0.7752 0.5116, -2.5915 -0.7677 0.5304, -2.5915 -0.6416 0.4381, -2.5915 -0.6804 0.4156, -2.5915 -0.6981 0.4134, -2.5915 -0.8563 0.3346, -2.5915 -0.7174 0.4156, -2.5915 -0.6201 0.4921, -2.5915 -0.6225 0.4727, -2.5915 -0.63 0.4539, -2.5915 -0.7355 0.5618, -2.5915 -0.7173 0.5687, -2.5915 -0.7357 0.4225, -2.5915 -0.7517 0.4338, -2.5915 -0.7604 0.443, -2.5915 -0.7561 0.5462, -2.5915 -0.7516 0.5506, -2.5915 -0.0296 0.6299, -2.5915 -0.646 0.5505, -2.5915 -0.6373 0.5412, -2.5915 -0.7706 0.4597, -2.5915 -0.7764 0.4782, -2.5915 -0.7776 0.4921, -2.5915 -0.6996 0.5709, -2.5915 -0.6803 0.5687, -2.5915 -0.662 0.5617, -2.5915 -0.0296 0.4724, -2.5915 0.0098 0.4921, -2.5915 0.0098 0.6496, -2.5915 0.6082 0.4921, -2.5915 0.6082 0.6496, -2.6506 -0.7173 0.5687, -2.6506 -0.7355 0.5618, -2.6506 -0.8563 0.6299, -2.6506 -0.6213 0.506, -2.6506 -0.6271 0.5246, -2.6506 -0.5414 0.4724, -2.6506 -0.646 0.5505, -2.6506 -0.662 0.5617, -2.6506 -0.0296 0.6299, -2.6506 -0.6803 0.5687, -2.6506 -0.6996 0.5709, -2.6506 -0.6201 0.4921, -2.6506 -0.7516 0.5506, -2.6506 -0.7561 0.5462, -2.6506 -0.7677 0.5304, -2.6506 -0.6373 0.5412, -2.6506 -0.0296 0.4724, -2.6506 0.0098 0.4921, -2.6506 0.0098 0.6496, -2.6506 0.6082 0.4921, -2.6506 0.6082 0.6496, -2.6506 -0.6804 0.4156, -2.6506 -0.6622 0.4224, -2.6506 -0.5414 0.3346, -2.6506 -0.6461 0.4337, -2.6506 -0.6416 0.4381, -2.6506 -0.63 0.4539, -2.6506 -0.6225 0.4727, -2.6506 -0.7706 0.4597, -2.6506 -0.7604 0.443, -2.6506 -0.8563 0.3346, -2.6506 -0.7517 0.4338, -2.6506 -0.7357 0.4225, -2.6506 -0.7174 0.4156, -2.6506 -0.6981 0.4134, -2.6506 -0.7752 0.5116, -2.6506 -0.7776 0.4921, -2.6506 -0.7764 0.4782, -2.3625 0.8061 0.6496, -2.3415 0.8212 0.6496, -2.3764 0.8697 0.6496, -2.3243 0.8405 0.6496, -2.3681 0.8817 0.6496, -2.3117 0.863 0.6496, -2.363 0.8954 0.6496, -2.3043 0.8878 0.6496, -2.3614 0.9097 0.6496, -2.3024 0.9136 0.6496, -2.3633 0.9241 0.6496, -2.3062 0.9391 0.6496, -2.4014 1.0688 0.6496, -2.3443 1.0838 0.6496, -2.6466 0.6455 0.6496, -2.5889 0.633 0.6496, -2.6349 0.681 0.6496, -2.5811 0.6568 0.6496, -2.616 0.7133 0.6496, -2.5685 0.6783 0.6496, -2.5908 0.7409 0.6496, -2.5517 0.6967 0.6496, -2.5603 0.7626 0.6496, -2.5313 0.7112 0.6496, -2.3915 0.8576 0.6496, -2.3873 0.8602 0.6496, -2.4014 1.0688 0.4921, -2.3443 1.0838 0.4921, -2.3633 0.9241 0.4921, -2.3062 0.9391 0.4921, -2.3614 0.9097 0.4921, -2.3024 0.9136 0.4921, -2.363 0.8954 0.4921, -2.3043 0.8878 0.4921, -2.3681 0.8817 0.4921, -2.3117 0.863 0.4921, -2.3243 0.8405 0.4921, -2.3764 0.8697 0.4921, -2.3415 0.8212 0.4921, -2.3873 0.8602 0.4921, -2.3625 0.8061 0.4921, -2.5889 0.633 0.4921, -2.6466 0.6455 0.4921, -2.5811 0.6568 0.4921, -2.6349 0.681 0.4921, -2.5685 0.6783 0.4921, -2.616 0.7133 0.4921, -2.5517 0.6967 0.4921, -2.5908 0.7409 0.4921, -2.5313 0.7112 0.4921, -2.5603 0.7626 0.4921, -2.3915 0.8576 0.4921, -2.4134 1.1145 0.5394, -2.4134 1.1145 0.6024, -2.413 1.1129 0.6146, -2.4118 1.1084 0.626, -2.413 1.1129 0.5271, -2.4118 1.1084 0.5157, -2.4045 1.0806 0.4937, -2.4099 1.1011 0.506, -2.4074 1.0916 0.4985, -2.4099 1.1011 0.6358, -2.4045 1.0806 0.648, -2.4074 1.0916 0.6433, -2.3563 1.1295 0.5394, -2.3563 1.1295 0.6024, -2.3559 1.1279 0.5271, -2.3547 1.1234 0.5157, -2.3528 1.1161 0.506, -2.3474 1.0956 0.4937, -2.3503 1.1067 0.4985, -2.3559 1.1279 0.6146, -2.3547 1.1234 0.626, -2.3528 1.1161 0.6358, -2.3474 1.0956 0.648, -2.3503 1.1067 0.6433
            ]
        }
        coordIndex [
            0,1,2,-1,2,1,3,-1,4,5,6,-1,4,6,7,-1,7,6,8,-1,7,8,9,-1,9,8,10,-1,9,10,11,-1,11,10,12,-1,11,12,13,-1,13,12,14,-1,13,14,15,-1,16,15,17,-1,17,15,14,-1,18,16,19,-1,19,16,17,-1,20,18,21,-1,21,18,19,-1,22,20,23,-1,23,20,21,-1,24,22,25,-1,25,22,23,-1,24,25,26,-1,24,26,27,-1,27,26,28,-1,27,28,29,-1,29,28,30,-1,29,30,31,-1,31,30,32,-1,31,32,33,-1,33,32,34,-1,33,34,35,-1,36,35,37,-1,37,35,34,-1,36,37,38,-1,36,38,39,-1,39,38,40,-1,39,40,41,-1,41,40,42,-1,41,42,43,-1,43,42,44,-1,43,44,45,-1,45,44,1,-1,45,1,0,-1,46,47,48,-1,46,48,49,-1,49,48,50,-1,49,50,51,-1,51,50,52,-1,51,52,53,-1,53,52,54,-1,53,54,55,-1,55,54,56,-1,55,56,57,-1,4,57,5,-1,5,57,56,-1,20,22,24,-1,2,46,49,-1,15,16,18,-1,0,2,45,-1,45,2,49,-1,45,49,43,-1,43,49,51,-1,43,51,41,-1,41,51,53,-1,41,53,39,-1,39,53,55,-1,39,55,36,-1,36,55,57,-1,36,57,35,-1,35,57,4,-1,35,4,33,-1,33,4,7,-1,33,7,31,-1,31,7,9,-1,31,9,29,-1,29,9,11,-1,29,11,27,-1,27,11,13,-1,27,13,24,-1,24,13,15,-1,24,15,20,-1,20,15,18,-1,3,1,44,-1,19,17,21,-1,21,17,14,-1,21,14,23,-1,47,3,48,-1,48,3,44,-1,48,44,50,-1,50,44,42,-1,50,42,52,-1,52,42,40,-1,52,40,54,-1,54,40,38,-1,54,38,56,-1,56,38,37,-1,56,37,5,-1,5,37,34,-1,5,34,6,-1,6,34,32,-1,6,32,8,-1,8,32,30,-1,8,30,10,-1,10,30,28,-1,10,28,12,-1,12,28,26,-1,12,26,14,-1,14,26,25,-1,14,25,23,-1,58,59,60,-1,58,60,61,-1,61,60,62,-1,61,62,63,-1,63,62,64,-1,63,64,65,-1,65,64,66,-1,65,66,67,-1,67,66,68,-1,67,68,69,-1,69,68,70,-1,69,70,71,-1,71,70,72,-1,71,72,73,-1,74,73,75,-1,75,73,72,-1,76,74,77,-1,77,74,75,-1,78,76,79,-1,79,76,77,-1,80,78,81,-1,81,78,79,-1,82,80,83,-1,83,80,81,-1,2,84,46,-1,46,84,85,-1,46,85,47,-1,47,85,82,-1,47,82,3,-1,3,82,83,-1,86,85,87,-1,87,85,84,-1,58,86,59,-1,59,86,87,-1,78,80,76,-1,76,80,82,-1,61,63,82,-1,74,76,73,-1,73,76,82,-1,73,82,71,-1,71,82,69,-1,85,86,82,-1,82,86,58,-1,82,58,61,-1,63,65,82,-1,82,65,67,-1,82,67,69,-1,81,79,77,-1,81,77,83,-1,83,77,75,-1,83,75,72,-1,72,70,83,-1,83,70,68,-1,83,68,66,-1,66,64,83,-1,83,64,62,-1,83,62,3,-1,62,60,3,-1,3,60,59,-1,3,59,2,-1,2,59,87,-1,2,87,84,-1,88,89,90,-1,91,92,93,-1,94,95,96,-1,91,93,97,-1,92,98,93,-1,93,98,99,-1,93,99,100,-1,100,99,101,-1,90,102,88,-1,88,102,103,-1,88,103,93,-1,93,103,104,-1,93,104,97,-1,94,105,106,-1,101,107,100,-1,100,107,108,-1,100,108,109,-1,96,110,94,-1,94,110,111,-1,94,111,105,-1,112,113,88,-1,88,113,114,-1,88,114,89,-1,109,115,100,-1,100,115,116,-1,100,116,94,-1,94,116,117,-1,94,117,95,-1,106,118,94,-1,94,118,119,-1,94,119,112,-1,112,119,120,-1,112,120,113,-1,88,121,112,-1,112,121,122,-1,112,122,123,-1,123,122,124,-1,123,124,125,-1,126,127,128,-1,129,130,131,-1,132,133,134,-1,134,133,135,-1,134,135,128,-1,128,135,136,-1,128,136,126,-1,129,131,137,-1,127,138,128,-1,128,138,139,-1,128,139,140,-1,130,141,131,-1,131,141,132,-1,131,132,142,-1,142,132,134,-1,142,134,143,-1,143,134,144,-1,143,144,145,-1,145,144,146,-1,147,148,149,-1,149,148,150,-1,150,151,149,-1,149,151,152,-1,149,152,131,-1,131,152,153,-1,131,153,137,-1,154,155,156,-1,156,155,157,-1,157,158,156,-1,156,158,159,-1,156,159,149,-1,149,159,160,-1,149,160,147,-1,140,161,128,-1,128,161,162,-1,128,162,156,-1,156,162,163,-1,156,163,154,-1,128,156,94,-1,94,156,100,-1,134,128,112,-1,112,128,94,-1,144,134,123,-1,123,134,112,-1,164,165,166,-1,166,165,167,-1,166,167,168,-1,168,167,169,-1,168,169,170,-1,170,169,171,-1,170,171,172,-1,172,171,173,-1,172,173,174,-1,174,173,175,-1,174,175,176,-1,176,175,177,-1,144,123,146,-1,146,123,125,-1,146,125,178,-1,178,125,179,-1,178,179,180,-1,180,179,181,-1,180,181,182,-1,182,181,183,-1,182,183,184,-1,184,183,185,-1,184,185,186,-1,186,185,187,-1,186,187,188,-1,188,187,164,-1,188,164,189,-1,189,164,166,-1,190,191,192,-1,192,191,193,-1,192,193,194,-1,194,193,195,-1,194,195,196,-1,196,195,197,-1,196,197,198,-1,197,199,198,-1,198,199,200,-1,198,200,201,-1,201,200,202,-1,201,202,203,-1,203,202,204,-1,122,143,124,-1,124,143,145,-1,124,145,205,-1,205,145,206,-1,205,206,207,-1,207,206,208,-1,207,208,209,-1,209,208,210,-1,209,210,211,-1,211,210,212,-1,211,212,213,-1,213,212,214,-1,213,214,204,-1,204,214,215,-1,204,215,203,-1,142,143,121,-1,121,143,122,-1,131,142,88,-1,88,142,121,-1,149,131,93,-1,93,131,88,-1,156,149,100,-1,100,149,93,-1,137,102,90,-1,137,90,129,-1,129,90,89,-1,129,89,130,-1,130,89,114,-1,130,114,141,-1,141,114,113,-1,141,113,132,-1,132,113,120,-1,132,120,133,-1,133,120,119,-1,133,119,135,-1,135,119,118,-1,135,118,136,-1,136,118,106,-1,136,106,126,-1,126,106,105,-1,126,105,127,-1,127,105,111,-1,127,111,138,-1,138,111,110,-1,138,110,139,-1,139,110,96,-1,139,96,140,-1,140,96,95,-1,140,95,161,-1,161,95,117,-1,161,117,162,-1,162,117,116,-1,162,116,163,-1,163,116,115,-1,163,115,154,-1,154,115,109,-1,154,109,155,-1,155,109,108,-1,155,108,157,-1,157,108,107,-1,157,107,158,-1,158,107,101,-1,158,101,159,-1,159,101,99,-1,159,99,160,-1,160,99,98,-1,160,98,147,-1,147,98,92,-1,147,92,148,-1,148,92,91,-1,148,91,150,-1,150,91,97,-1,150,97,151,-1,151,97,104,-1,151,104,152,-1,152,104,103,-1,152,103,153,-1,153,103,102,-1,153,102,137,-1,186,188,214,-1,214,188,215,-1,174,192,194,-1,174,194,172,-1,172,194,196,-1,172,196,170,-1,170,196,198,-1,170,198,168,-1,168,198,201,-1,168,201,166,-1,166,201,203,-1,166,203,189,-1,189,203,215,-1,189,215,188,-1,190,192,216,-1,216,192,217,-1,192,174,217,-1,217,174,176,-1,217,176,218,-1,218,176,219,-1,216,220,190,-1,190,220,221,-1,190,221,222,-1,222,221,223,-1,222,223,224,-1,219,176,225,-1,225,176,226,-1,225,226,227,-1,216,217,228,-1,228,217,229,-1,228,191,230,-1,230,191,231,-1,231,191,232,-1,232,191,233,-1,232,233,234,-1,235,177,229,-1,229,177,175,-1,229,175,228,-1,228,175,193,-1,228,193,191,-1,235,236,177,-1,177,236,237,-1,177,237,238,-1,238,237,239,-1,164,204,202,-1,164,202,165,-1,165,202,200,-1,165,200,167,-1,167,200,199,-1,167,199,169,-1,169,199,197,-1,169,197,171,-1,171,197,195,-1,171,195,173,-1,173,195,193,-1,173,193,175,-1,164,187,204,-1,204,187,213,-1,125,124,179,-1,179,124,205,-1,179,205,181,-1,181,205,207,-1,181,207,183,-1,183,207,209,-1,183,209,185,-1,185,209,211,-1,185,211,187,-1,187,211,213,-1,186,214,212,-1,186,212,184,-1,184,212,210,-1,184,210,182,-1,182,210,208,-1,182,208,180,-1,180,208,206,-1,180,206,178,-1,178,206,145,-1,178,145,146,-1,216,228,230,-1,216,230,220,-1,220,230,231,-1,220,231,221,-1,221,231,232,-1,221,232,223,-1,223,232,234,-1,223,234,224,-1,224,234,233,-1,224,233,222,-1,222,233,191,-1,222,191,190,-1,176,177,238,-1,176,238,226,-1,226,238,239,-1,226,239,227,-1,227,239,237,-1,227,237,225,-1,225,237,236,-1,225,236,219,-1,219,236,235,-1,219,235,218,-1,218,235,229,-1,218,229,217,-1,
        ]
    }
}
Shape{
    appearance Appearance {
        material  Material 	{
            diffuseColor 0.25098039215686274 0.25098039215686274 0.25098039215686274
            specularColor 0.07450980392156863 0.07450980392156863 0.07450980392156863
            ambientIntensity 0.251
            transparency 0.0
            shininess 0.5
        }
    }
    geometry IndexedFaceSet {
        ccw TRUE
        solid FALSE
        coord DEF co Coordinate {
            point [
                2.4597 -0.2927 0.315, 2.5975 -0.7578 0.315, 2.5975 0.0863 0.315, 2.4937 0.6192 0.315, 2.4043 0.3707 0.315, 2.589 0.1674 0.315, 2.4512 0.1483 0.315, 2.4597 0.0673 0.315, 2.4937 0.9829 0.315, 2.4559 1.0452 0.315, 2.4928 0.9944 0.315, 2.2234 -0.1319 0.315, 2.0915 -0.1089 0.315, 2.0856 -0.1766 0.315, 2.2234 -0.2927 0.315, 2.4878 1.0111 0.315, 2.4788 1.0261 0.315, 2.4702 1.0353 0.315, 2.3989 -0.225 0.315, 2.3776 -0.2135 0.315, 2.2516 -0.3203 0.315, 2.0856 -0.5149 0.315, 2.2234 -0.3539 0.315, 2.2661 -0.2418 0.315, 2.2839 -0.2252 0.315, 2.3054 -0.2135 0.315, 2.3475 0.6372 0.315, 2.3475 0.6372 0.315, 2.3301 0.5716 0.315, 2.1089 -0.0433 0.315, 2.3534 0.7049 0.315, 2.4597 -0.7578 0.315, 2.4597 -0.5684 0.315, 2.4169 -0.2418 0.315, 2.3538 -0.2073 0.315, 2.3289 -0.2074 0.315, 2.4395 1.0513 0.315, 2.4221 1.0531 0.315, 2.4061 1.0508 0.315, 2.3898 1.0442 0.315, 2.3761 1.0343 0.315, 2.3724 1.0306 0.315, 2.362 1.0162 0.315, 2.3556 0.9998 0.315, 2.3534 0.9822 0.315, 2.6762 -0.7578 0.689, 2.6762 -0.7578 0.5118, 2.0856 -0.7578 0.689, 2.5975 -0.7578 0.5118, 2.0856 -0.7578 0.5118, 2.4597 -0.7578 0.5118, 2.0856 0.2067 0.689, 2.0856 -0.5149 0.5118, 2.0856 0.2067 0.5118, 2.0856 -0.1766 0.5118, -0.19 1.4586 0.315, 0.2431 1.4586 0.315, 0.2431 1.5767 0.315, -2.69 1.3996 0.315, -2.4813 1.3996 0.315, -2.4813 1.4586 0.315, -2.7516 0.6791 0.315, -2.7516 0.4429 0.315, -2.8199 0.4429 0.315, -2.8199 -0.5414 0.315, -2.69 -0.5414 0.315, -2.8421 0.876 0.315, -2.8421 0.6791 0.315, -2.8199 0.876 0.315, -2.8199 1.1909 0.315, -2.8199 1.7027 0.315, -0.623 1.4586 0.315, -0.623 1.3405 0.315, -0.19 1.3405 0.315, -1.4892 1.4586 0.315, 1.3455 1.7027 0.315, 0.6762 1.5767 0.315, -1.0561 1.4586 0.315, -1.0561 1.3405 0.315, -1.4892 1.3405 0.315, 0.6762 1.4586 0.315, 1.1289 1.4586 0.315, 1.3455 0.9153 0.315, 1.503 0.8956 0.315, 2.1718 1.3208 0.315, 2.0856 1.3208 0.315, 1.3555 -0.2453 0.315, 1.3325 -0.1811 0.315, 1.1289 -0.0965 0.315, 2.6762 -2.8524 0.315, 2.6762 -1.0965 0.315, 2.3927 -1.8603 0.315, 2.3927 -1.4587 0.315, -2.5522 -0.5414 0.315, -2.5522 -3.2973 0.315, -2.4537 -0.5414 0.315, -0.3965 -3.2973 0.315, -0.0827 -3.3022 0.315, 2.1189 1.1617 0.315, 2.1371 1.1688 0.315, 2.1565 1.1712 0.315, 0.6797 -3.3568 0.315, 0.8549 -3.3762 0.315, -1.5338 -0.0965 0.315, 1.1654 -3.4205 0.315, 1.2135 -3.4289 0.315, 1.364 -0.2609 0.315, 1.751 -1.6236 0.315, 1.4058 -0.3149 0.315, 1.7484 -1.6038 0.315, 1.7508 -1.5843 0.315, 1.837 -1.4448 0.315, 1.8575 -1.4037 0.315, 1.7613 -1.5605 0.315, 1.8682 -1.3561 0.315, 1.8691 -1.337 0.315, 1.8691 -0.7815 0.315, 2.0856 1.7027 0.315, 1.503 1.7027 0.315, 1.503 0.9153 0.315, 1.3258 0.8956 0.315, -2.4537 -0.0965 0.315, 1.8376 -3.548 0.315, 1.8376 -3.4941 0.315, 1.7427 -3.5297 0.315, 1.4742 -3.4745 0.315, 2.4282 -3.4941 0.315, 2.4282 -3.1004 0.315, 1.7582 -1.6417 0.315, 1.3258 -0.1207 0.315, 1.3259 -0.1282 0.315, 2.4675 1.1712 0.315, 2.3637 1.4362 0.315, 2.2171 1.4362 0.315, 2.3554 1.4518 0.315, 2.3425 1.4664 0.315, 2.3317 1.4745 0.315, 2.2263 1.4532 0.315, 0.1424 -3.3129 0.315, 0.2306 -3.317 0.315, 0.5431 -3.3417 0.315, 1.7579 -1.566 0.315, 1.503 0.2067 0.315, 2.0778 0.2067 0.315, 2.0778 1.0925 0.315, 2.0791 1.1068 0.315, 2.085 1.1255 0.315, 2.0952 1.1419 0.315, 2.103 1.1502 0.315, 2.0266 -0.9154 0.315, 2.0266 -1.7823 0.315, 2.0868 -0.8563 0.315, 1.9924 -1.8359 0.315, 1.9784 -1.8403 0.315, 1.9392 -1.8341 0.315, 1.9273 -1.8256 0.315, 2.0248 -1.7968 0.315, 2.0194 -1.8105 0.315, 2.1644 -1.8603 0.315, 2.0108 -1.8225 0.315, 2.0047 -1.8282 0.315, 1.9675 -1.8413 0.315, 1.9529 -1.8395 0.315, -0.1453 -0.0965 0.315, -0.2635 -0.2146 0.315, -1.4157 -0.2146 0.315, 2.2943 1.4861 0.315, 2.2743 1.4845 0.315, 2.3138 1.4826 0.315, 2.2558 1.4782 0.315, 2.2396 1.4676 0.315, 1.9244 -1.8227 0.315, 1.7697 -1.6574 0.315, 2.1443 -0.9019 0.315, 2.0924 -0.8566 0.315, 2.1458 -0.9142 0.315, 2.1391 -0.8881 0.315, 2.1308 -0.8761 0.315, 2.1067 -0.8598 0.315, 2.1198 -0.8664 0.315, 2.0856 -0.8563 0.315, 2.0711 -0.8581 0.315, 2.0574 -0.8635 0.315, 2.0454 -0.8721 0.315, 2.0397 -0.8782 0.315, 2.0276 -0.9045 0.315, 2.0321 -0.8905 0.315, 1.4951 0.2067 0.689, 2.0778 0.2067 0.5118, 1.4951 0.2067 0.5118, 1.503 0.2067 0.5118, 1.503 1.7027 0.5118, 2.0856 1.7027 0.7087, 1.3455 1.7027 0.5118, -2.7608 1.7027 0.7087, -2.8199 1.7027 0.6496, -2.8199 0.4429 0.2047, -2.8199 -0.9075 0.0394, -2.8199 -0.9075 0.315, -2.8199 -0.5414 0.6496, -2.8199 -1.1201 0.0394, -2.8199 -1.5256 0.0394, -2.8199 -1.1201 0.315, -2.8199 -1.5256 0.1181, -2.8199 -2.7461 0.4331, -2.8199 -2.3918 0.1181, -2.8199 -2.7461 0.2047, -2.8199 -2.3918 0.0394, -2.8199 -3.0611 0.2047, -2.8199 -3.4154 0.0394, -2.8199 -3.0611 0.4331, -2.8199 -3.4154 0.6496, -2.8199 1.5452 0.0394, -2.8199 1.1909 0.2047, -2.8199 1.5452 0.1181, -2.8199 2.0177 0.1181, -2.8199 2.0177 0.6496, -2.8986 0.876 0.2047, -2.8421 0.876 0.2047, -2.8986 0.876 0.2967, -2.8199 0.876 0.4331
            ]
        }
        coordIndex [
            0,1,2,-1,3,4,5,-1,5,4,6,-1,5,6,2,-1,2,6,7,-1,2,7,0,-1,3,8,9,-1,9,8,10,-1,11,12,13,-1,11,13,14,-1,15,16,10,-1,10,16,17,-1,10,17,9,-1,18,19,20,-1,13,21,14,-1,14,21,22,-1,14,22,23,-1,23,22,20,-1,23,20,24,-1,24,20,25,-1,26,27,4,-1,4,27,28,-1,4,28,11,-1,11,28,29,-1,11,29,12,-1,3,9,4,-1,4,9,30,-1,4,30,26,-1,31,1,32,-1,32,1,0,-1,32,0,20,-1,20,0,33,-1,20,33,18,-1,19,34,20,-1,20,34,35,-1,20,35,25,-1,36,37,9,-1,9,37,38,-1,9,38,39,-1,39,40,9,-1,9,40,41,-1,9,41,42,-1,42,43,9,-1,9,43,44,-1,9,44,30,-1,45,46,47,-1,47,46,48,-1,49,47,50,-1,50,47,48,-1,50,48,31,-1,31,48,1,-1,51,47,52,-1,52,47,49,-1,53,51,54,-1,54,51,52,-1,54,52,13,-1,13,52,21,-1,55,56,57,-1,58,59,60,-1,58,61,62,-1,63,64,62,-1,62,64,65,-1,62,65,58,-1,66,67,68,-1,68,67,61,-1,68,61,69,-1,69,61,58,-1,69,58,70,-1,71,72,73,-1,58,60,70,-1,70,60,74,-1,70,74,75,-1,75,74,57,-1,75,57,76,-1,73,55,71,-1,71,55,57,-1,71,57,77,-1,77,57,74,-1,77,74,78,-1,78,74,79,-1,76,80,75,-1,75,80,81,-1,75,81,82,-1,83,84,85,-1,86,87,88,-1,89,90,91,-1,91,90,92,-1,93,94,95,-1,95,94,96,-1,95,96,97,-1,98,99,84,-1,84,99,100,-1,101,102,103,-1,103,102,104,-1,103,104,105,-1,106,107,108,-1,108,107,109,-1,108,109,110,-1,111,112,113,-1,113,112,114,-1,115,116,108,-1,117,118,85,-1,85,118,119,-1,85,119,83,-1,83,119,120,-1,103,121,95,-1,122,123,124,-1,124,123,103,-1,124,103,125,-1,125,103,105,-1,123,126,127,-1,128,107,88,-1,88,107,106,-1,88,106,86,-1,119,82,120,-1,120,82,81,-1,120,81,129,-1,129,81,88,-1,129,88,130,-1,130,88,87,-1,100,131,84,-1,84,131,132,-1,84,132,133,-1,133,132,134,-1,134,135,133,-1,133,135,136,-1,133,136,137,-1,97,138,95,-1,95,138,139,-1,95,139,103,-1,103,139,140,-1,103,140,101,-1,114,115,113,-1,113,115,108,-1,113,108,141,-1,141,108,110,-1,142,143,83,-1,83,143,144,-1,83,144,145,-1,145,146,83,-1,83,146,147,-1,83,147,84,-1,84,147,148,-1,84,148,98,-1,149,150,151,-1,123,152,153,-1,123,154,155,-1,156,157,158,-1,158,157,159,-1,158,159,160,-1,89,91,127,-1,127,91,158,-1,127,158,123,-1,123,158,160,-1,123,160,152,-1,153,161,123,-1,123,161,162,-1,123,162,154,-1,88,163,128,-1,128,163,164,-1,128,164,123,-1,123,164,165,-1,123,165,103,-1,166,167,168,-1,168,167,169,-1,168,169,136,-1,136,169,170,-1,136,170,137,-1,155,171,123,-1,123,171,172,-1,123,172,128,-1,173,174,175,-1,175,174,151,-1,175,151,158,-1,158,151,150,-1,158,150,156,-1,173,176,174,-1,174,176,177,-1,174,177,178,-1,178,177,179,-1,151,180,149,-1,149,180,181,-1,149,181,182,-1,182,183,149,-1,149,183,184,-1,149,184,185,-1,185,184,186,-1,187,51,188,-1,188,51,53,-1,189,187,190,-1,190,187,188,-1,190,188,142,-1,142,188,143,-1,118,117,191,-1,191,117,192,-1,191,192,193,-1,193,192,194,-1,193,194,75,-1,75,194,195,-1,75,195,70,-1,64,63,196,-1,197,198,199,-1,200,201,202,-1,202,201,203,-1,198,202,199,-1,199,202,203,-1,199,203,204,-1,204,203,205,-1,204,205,206,-1,206,205,207,-1,206,207,208,-1,208,207,209,-1,208,209,210,-1,210,209,211,-1,210,211,204,-1,204,211,199,-1,199,64,197,-1,197,64,196,-1,197,196,212,-1,212,196,213,-1,212,213,214,-1,214,213,69,-1,214,69,215,-1,215,69,70,-1,215,70,216,-1,216,70,195,-1,217,218,219,-1,219,218,66,-1,219,66,220,-1,220,66,68,-1,
        ]
    }
}
Shape{
    appearance Appearance {
        material  Material 	{
            diffuseColor 0.8509803921568627 0.8509803921568627 0.8509803921568627
            specularColor 0.6823529411764706 0.6823529411764706 0.6823529411764706
            ambientIntensity 0.851
            transparency 0.0
            shininess 0.5
        }
    }
    geometry IndexedFaceSet {
        ccw TRUE
        solid FALSE
        coord DEF co Coordinate {
            point [
                -2.7884 1.4665 0.7087, -2.7884 1.9389 0.7087, -2.7608 1.7027 0.7087, -2.7608 1.9389 0.7087, -2.7884 -3.4154 0.7087, -2.7884 -0.6201 0.7087, -2.7608 -0.6201 0.7087, 2.4675 1.1712 0.7087, 2.6762 1.1712 0.7087, 2.6762 0.3445 0.7087, 2.0856 1.7027 0.7087, -2.3338 1.4571 0.7087, -2.3519 1.4642 0.7087, -2.3711 1.4665 0.7087, -2.5522 -3.2973 0.7087, -2.5522 -0.5639 0.7087, -2.5512 -0.5605 0.7087, 2.4282 -3.1004 0.7087, 1.8376 -3.4941 0.7087, 2.4282 -3.4941 0.7087, 1.7173 -3.645 0.7087, 1.8376 -3.5729 0.7087, 1.8787 -3.614 0.7087, -2.2923 0.9941 0.7087, -2.2923 1.3878 0.7087, -2.2933 1.4001 0.7087, -2.2986 1.4187 0.7087, -2.3084 1.4355 0.7087, -2.3178 1.4458 0.7087, 2.3554 1.4518 0.7087, 2.3637 1.4362 0.7087, 2.2171 1.4362 0.7087, 2.1718 1.3208 0.7087, -2.5489 -0.5414 0.7087, -2.5489 0.8366 0.7087, -2.5327 0.8844 0.7087, -2.5479 0.8489 0.7087, -2.5425 0.8675 0.7087, -2.3233 0.9315 0.7087, -2.313 0.9408 0.7087, 2.0856 1.3208 0.7087, -2.3017 0.9568 0.7087, -2.2947 0.9749 0.7087, -2.5234 0.8946 0.7087, -2.5074 0.906 0.7087, -2.4892 0.913 0.7087, -2.7608 -3.3563 0.7087, -2.6112 -3.3563 0.7087, -0.3965 -3.4154 0.7087, 0.1434 -3.4302 0.7087, 0.6815 -3.4746 0.7087, 1.9275 -3.6795 0.7087, 2.7746 -2.3918 0.7087, 2.8022 -2.3918 0.7087, 2.7746 -3.6319 0.7087, 2.8022 -3.691 0.7087, 2.1401 -3.6319 0.7087, 2.1401 -3.691 0.7087, 2.015 -3.6278 0.7087, 2.0086 -3.6272 0.7087, 2.0147 0.3428 0.7087, 1.9868 0.3344 0.7087, 1.9617 0.3195 0.7087, 2.5766 -2.3456 0.7087, 2.0624 -2.3707 0.7087, 2.0671 -2.3664 0.7087, 2.5946 -2.3685 0.7087, 2.6125 -2.3812 0.7087, 2.6329 -2.3891 0.7087, 2.6762 -2.8524 0.7087, 2.6545 -2.3918 0.7087, 2.6762 -2.3918 0.7087, 2.2263 1.4532 0.7087, 2.3317 1.4745 0.7087, 2.3425 1.4664 0.7087, 1.2162 -3.5484 0.7087, -2.4701 0.9153 0.7087, -2.3711 0.9153 0.7087, -2.3587 0.9163 0.7087, 1.9629 -2.3811 0.7087, 1.9833 -2.3891 0.7087, 2.005 -2.3918 0.7087, 2.0226 -2.39 0.7087, 2.0433 -2.3831 0.7087, -2.3401 0.9217 0.7087, 2.0345 0.3445 0.7087, 1.9478 0.3066 0.7087, 1.9306 0.2827 0.7087, 1.92 0.2555 0.7087, 1.9163 0.2263 0.7087, 2.5901 -2.364 0.7087, 2.1458 -0.8902 0.7087, 2.1334 -0.8821 0.7087, 2.0935 -0.5807 0.7087, 2.1198 -0.8773 0.7087, 1.9163 -2.3031 0.7087, 1.9175 -2.3174 0.7087, 1.9236 -2.3384 0.7087, 1.9348 -2.3573 0.7087, 1.9449 -2.3683 0.7087, 2.5052 -0.8991 0.7087, 2.4978 -0.9119 0.7087, 2.1617 -0.912 0.7087, 2.4938 -0.9257 0.7087, 2.1657 -0.9258 0.7087, 2.1544 -0.8993 0.7087, 2.5261 -0.882 0.7087, 2.5398 -0.8773 0.7087, 2.566 -0.5807 0.7087, 2.5521 -0.876 0.7087, 2.2396 1.4676 0.7087, 2.2558 1.4782 0.7087, 2.3138 1.4826 0.7087, 2.2743 1.4845 0.7087, 2.2943 1.4861 0.7087, 2.6237 -0.6273 0.7087, 2.625 -0.6398 0.7087, 2.5728 -0.5811 0.7087, 2.625 -0.817 0.7087, 2.566 -0.876 0.7087, 2.6246 -0.8238 0.7087, 2.5784 -0.8747 0.7087, 2.5139 -0.89 0.7087, 2.5999 -0.5915 0.7087, 2.6109 -0.6014 0.7087, 2.6189 -0.6137 0.7087, 2.6143 -0.8509 0.7087, 2.6043 -0.8619 0.7087, 2.592 -0.8699 0.7087, 2.0807 -2.3492 0.7087, 2.0897 -2.3292 0.7087, 2.5686 -2.3253 0.7087, 2.0935 -2.3078 0.7087, 2.0345 -0.817 0.7087, 2.0345 -0.6398 0.7087, 2.0349 -0.633 0.7087, 2.0811 -0.5821 0.7087, 2.1074 -0.876 0.7087, 2.0935 -0.876 0.7087, 2.0867 -0.8756 0.7087, 2.0358 -0.8294 0.7087, 2.5869 -0.5846 0.7087, 2.6212 -0.8379 0.7087, 2.0452 -0.6059 0.7087, 2.0551 -0.5949 0.7087, 2.0674 -0.5868 0.7087, 2.1663 -0.9382 0.7087, 2.4931 -0.9382 0.7087, 2.566 -2.3078 0.7087, 2.0596 -0.8653 0.7087, 2.0486 -0.8553 0.7087, 2.0405 -0.843 0.7087, 2.0383 -0.6189 0.7087, 2.0726 -0.8722 0.7087, -2.2776 1.9644 0.7087, -2.2674 1.9783 0.7087, 0.814 1.9783 0.7087, -2.2835 1.9586 0.7087, 0.8149 1.966 0.7087, 0.8165 1.9586 0.7087, -2.3877 1.9586 0.7087, -2.6772 1.9586 0.7087, -2.6713 1.9644 0.7087, -2.6529 1.9986 0.7087, -2.408 1.9867 0.7087, -2.3982 1.9699 0.7087, -2.6506 2.0177 0.7087, -2.4144 2.0177 0.7087, -2.4134 2.0054 0.7087, -2.66 1.9804 0.7087, -2.3889 1.9597 0.7087, 2.31 2.1555 0.7087, 1.6749 2.1555 0.7087, 1.6752 2.156 0.7087, 1.6801 2.1948 0.7087, 2.31 2.1948 0.7087, 1.6801 2.1752 0.7087, 1.6788 2.165 0.7087, 1.6014 2.1752 0.7087, 1.6021 2.1676 0.7087, 1.3573 2.1555 0.7087, 1.6051 2.1585 0.7087, 1.6067 2.1555 0.7087, 1.3573 1.9586 0.7087, 0.969 1.9586 0.7087, 0.9691 1.9592 0.7087, 0.9715 1.9783 0.7087, 0.9715 2.1752 0.7087, 2.4552 1.5837 0.7087, 2.4366 1.5783 0.7087, 2.4124 2.0571 0.7087, 2.4198 1.5685 0.7087, 2.4124 1.5621 0.7087, 2.4872 2.0571 0.7087, 2.4872 1.5846 0.7087, 2.4675 1.5846 0.7087, 2.7746 1.4271 0.7087, 2.8415 1.4271 0.7087, 2.7746 0.3445 0.7087, 2.8415 0.3445 0.7087, 0.8149 1.966 0.7677, 0.814 1.9783 0.7677, 0.8203 1.9474 0.7677, 0.8203 1.9474 0.7087, 0.8301 1.9305 0.7677, 0.8301 1.9305 0.7087, 0.8395 1.9203 0.7677, 0.8395 1.9203 0.7087, 0.8555 1.9089 0.7677, 0.8555 1.9089 0.7087, 0.8736 1.9019 0.7677, 0.8736 1.9019 0.7087, 0.8927 1.8996 0.7677, 0.8927 1.8996 0.7087, 0.905 1.9005 0.7677, 0.905 1.9005 0.7087, 0.9237 1.9059 0.7677, 0.9237 1.9059 0.7087, 0.9405 1.9157 0.7677, 0.9405 1.9157 0.7087, 0.9507 1.9251 0.7677, 0.9507 1.9251 0.7087, 0.9621 1.941 0.7677, 0.9621 1.941 0.7087, 0.9691 1.9592 0.7677, 0.9715 1.9783 0.7677, 0.9715 2.1752 0.7677, 1.6014 2.1752 0.7677, 1.6021 2.1676 0.7677, 1.6051 2.1585 0.7677, 1.6104 2.1501 0.7677, 1.6104 2.1501 0.7087, 1.6137 2.1465 0.7677, 1.6137 2.1465 0.7087, 1.6216 2.1408 0.7677, 1.6216 2.1408 0.7087, 1.6306 2.1371 0.7677, 1.6306 2.1371 0.7087, 1.6408 2.1358 0.7677, 1.6408 2.1358 0.7087, 1.6483 2.1365 0.7677, 1.6483 2.1365 0.7087, 1.6574 2.1395 0.7677, 1.6574 2.1395 0.7087, 1.6658 2.1448 0.7677, 1.6658 2.1448 0.7087, 1.6694 2.1481 0.7677, 1.6694 2.1481 0.7087, 1.6752 2.156 0.7677, 1.6788 2.165 0.7677, 1.6801 2.1752 0.7677, 1.6801 2.2933 0.689, 1.6801 2.2933 0.1378, 1.6801 2.2342 0.1378, 1.6801 2.2145 0.7677, 1.6801 2.205 0.7073, 1.6801 2.2349 0.765, 1.6801 2.2145 0.7034, 1.6801 2.2539 0.7572, 1.6801 2.2227 0.6971, 1.6801 2.2702 0.7447, 1.6801 2.2289 0.689, 1.6801 2.2342 0.6693, 1.6801 2.2329 0.6795, 1.6801 2.2906 0.7094, 1.6801 2.2827 0.7283, 2.1594 2.2933 0.2561, 2.1491 2.2933 0.2734, 2.169 2.2933 0.2459, 2.1757 2.2933 0.2381, 2.1389 2.2933 0.4436, 2.132 2.2933 0.4566, 2.31 2.2933 0.689, 2.1221 2.2933 0.4676, 2.1098 2.2933 0.4757, 1.8997 2.2933 0.4813, 1.8856 2.2933 0.4779, 1.8726 2.2933 0.471, 1.8616 2.2933 0.4611, 1.8535 2.2933 0.4488, 1.813 2.2933 0.2356, 1.8094 2.2933 0.2266, 1.8081 2.2933 0.2165, 1.7589 2.2933 0.0591, 1.7394 2.2933 0.0615, 1.8283 2.2933 0.1821, 1.8204 2.2933 0.1879, 1.8373 2.2933 0.1785, 1.8475 2.2933 0.1772, 2.2313 2.2933 0.0591, 2.1427 2.2933 0.1772, 2.1684 2.2933 0.1867, 2.2891 2.2933 0.0843, 2.2808 2.2933 0.0765, 2.18 2.2933 0.2293, 2.31 2.2933 0.1378, 2.182 2.2933 0.2193, 2.0961 2.2933 0.4804, 2.0837 2.2933 0.4817, 1.9065 2.2933 0.4817, 1.6976 2.2933 0.0884, 1.8171 2.2933 0.1915, 1.7053 2.2933 0.08, 1.7212 2.2933 0.0686, 2.152 2.2933 0.1782, 2.1613 2.2933 0.1818, 2.2456 2.2933 0.0604, 2.2643 2.2933 0.0663, 2.3005 2.2933 0.1002, 2.175 2.2933 0.194, 2.3076 2.2933 0.1184, 2.1795 2.2933 0.2025, 2.1816 2.2933 0.2104, 2.1427 2.2933 0.3046, 2.1427 2.2933 0.4227, 2.1423 2.2933 0.4295, 1.834 2.2933 0.2605, 1.8212 2.2933 0.2459, 1.8188 2.2933 0.2435, 1.8088 2.2933 0.209, 1.8118 2.2933 0.1999, 1.6814 2.2933 0.1235, 1.6874 2.2933 0.1048, 1.8488 2.2933 0.4351, 1.8475 2.2933 0.4227, 1.8475 2.2933 0.3046, 2.1451 2.2933 0.2853, 1.8462 2.2933 0.2907, 1.8401 2.2933 0.2714, 2.31 2.2342 0.1378, 2.31 2.2342 0.6693, 2.31 2.2329 0.6795, 2.31 2.2906 0.7094, 2.31 2.2289 0.689, 2.31 2.2827 0.7283, 2.31 2.2227 0.6971, 2.31 2.2702 0.7447, 2.31 2.2145 0.7034, 2.31 2.2539 0.7572, 2.31 2.2349 0.765, 2.31 2.205 0.7073, 2.31 2.2145 0.7677, 2.31 2.1358 0.7677, 2.31 2.1358 0.7087, 2.311 2.1235 0.7677, 2.311 2.1235 0.7087, 2.3164 2.1049 0.7677, 2.3164 2.1049 0.7087, 2.3262 2.088 0.7677, 2.3262 2.088 0.7087, 2.3355 2.0778 0.7677, 2.3355 2.0778 0.7087, 2.3515 2.0664 0.7677, 2.3515 2.0664 0.7087, 2.3697 2.0594 0.7677, 2.3697 2.0594 0.7087, 2.3888 2.0571 0.7677, 2.3888 2.0571 0.7087, 2.5463 2.0571 0.2362, 2.4872 2.0571 0.2362, 2.5463 2.0571 0.7677, 2.5463 1.5846 0.7677, 2.5463 1.5846 0.2362, 2.5463 1.604 0.2338, 2.5463 2.0076 0.2188, 2.5463 2.0241 0.229, 2.5463 1.6459 0.2069, 2.5463 1.9807 0.1769, 2.5463 1.6381 0.2152, 2.5463 1.6222 0.2267, 2.5463 2.0427 0.2349, 2.5463 1.9879 0.1951, 2.5463 1.9993 0.211, 2.5463 1.6634 0.0984, 2.5463 1.9783 0.0984, 2.5463 1.6634 0.1575, 2.5463 1.9783 0.1575, 2.5463 1.6621 0.1718, 2.5463 1.6561 0.1905, 2.4872 1.5846 0.2362, 2.4675 1.5846 0.7677, 2.4552 1.5837 0.7677, 2.4366 1.5783 0.7677, 2.4198 1.5685 0.7677, 2.4095 1.5591 0.7677, 2.4095 1.5591 0.7087, 2.3982 1.5431 0.7677, 2.3982 1.5431 0.7087, 2.3911 1.525 0.7677, 2.3911 1.525 0.7087, 2.3888 1.5059 0.7677, 2.3888 1.5059 0.7087, 2.3897 1.4936 0.7677, 2.3897 1.4936 0.7087, 2.3951 1.4749 0.7677, 2.3951 1.4749 0.7087, 2.4049 1.4581 0.7677, 2.4049 1.4581 0.7087, 2.4143 1.4479 0.7677, 2.4143 1.4479 0.7087, 2.4303 1.4365 0.7677, 2.4303 1.4365 0.7087, 2.4484 1.4295 0.7677, 2.4484 1.4295 0.7087, 2.4675 1.4271 0.7677, 2.4675 1.4271 0.7087, 2.8612 1.4271 0.7572, 2.8775 1.4271 0.7447, 2.9006 1.4271 0.1181, 2.8415 1.4271 0.1181, 2.9006 1.4271 0.689, 2.8901 1.4271 0.7283, 2.8979 1.4271 0.7094, 2.8219 1.4271 0.7677, 2.8422 1.4271 0.765, 2.9006 -0.817 0.0591, 2.9006 0.8223 0.1879, 2.9006 0.8114 0.1978, 2.9006 -2.3918 0.6496, 2.9006 -2.3918 0.689, 2.9006 -2.6815 0.4321, 2.9006 1.2174 0.4524, 2.9006 1.2315 0.4489, 2.9006 1.249 0.1913, 2.9006 1.2367 0.1832, 2.9006 1.3681 0.0591, 2.9006 1.2231 0.1785, 2.9006 1.2106 0.1772, 2.9006 -2.688 0.1913, 2.9006 -2.7003 0.1832, 2.9006 -2.4902 0.0591, 2.9006 -2.714 0.1785, 2.9006 -3.1016 0.181, 2.9006 -3.1147 0.1879, 2.9006 -3.6319 0.0591, 2.9006 -2.6734 0.4198, 2.9006 -2.6687 0.4062, 2.9006 -2.6674 0.3937, 2.9006 0.3445 0.689, 2.9006 0.3445 0.6496, 2.9006 0.801 0.4146, 2.9006 0.8079 0.4276, 2.9006 0.8179 0.4386, 2.9006 0.8302 0.4467, 2.9006 1.2445 0.442, 2.9006 1.2555 0.4321, 2.9006 1.2636 0.4198, 2.9006 1.3963 0.0662, 2.9006 1.4083 0.0749, 2.9006 1.2589 0.2023, 2.9006 1.414 0.081, 2.9006 -2.3675 0.2348, 2.9006 -2.3475 0.2361, 2.9006 -1.5801 0.2348, 2.9006 -1.5601 0.2361, 2.9006 1.4216 0.0933, 2.9006 1.4261 0.1073, 2.9006 1.2658 0.2153, 2.9006 1.2693 0.2294, 2.9006 1.3826 0.0609, 2.9006 -3.1394 0.4005, 2.9006 -3.136 0.4146, 2.9006 -3.691 0.689, 2.9006 -2.7196 0.4524, 2.9006 -2.7055 0.4489, 2.9006 -2.6925 0.442, 2.9006 -2.4287 0.177, 2.9006 -2.4215 0.1953, 2.9006 -3.1291 0.4276, 2.9006 -3.1191 0.4386, 2.9006 -3.1068 0.4467, 2.9006 0.8033 0.2101, 2.9006 0.7985 0.2238, 2.9006 0.7972 0.2362, 2.9006 -2.6712 0.2153, 2.9006 -2.45 0.0749, 2.9006 -2.4443 0.081, 2.9006 -1.6437 0.0984, 2.9006 -2.3283 0.2324, 2.9006 -2.3107 0.2243, 2.9006 -2.7264 0.1772, 2.9006 -3.0807 0.1772, 2.9006 -3.0876 0.1776, 2.9006 0.7972 0.3937, 2.9006 0.7976 0.4005, 2.9006 -2.6674 0.2362, 2.9006 -2.6678 0.2294, 2.9006 -2.4311 0.1575, 2.9006 -2.4311 0.1181, 2.9006 -2.6781 0.2023, 2.9006 -2.4756 0.0609, 2.9006 -2.4619 0.0662, 2.9006 -2.4101 0.211, 2.9006 -2.4024 0.2183, 2.9006 -2.3859 0.2287, 2.9006 -1.6437 0.1575, 2.9006 -1.6413 0.177, 2.9006 -1.6227 0.211, 2.9006 -1.615 0.2183, 2.9006 -1.5985 0.2287, 2.9006 -1.5409 0.2324, 2.9006 -1.1295 0.3147, 2.9006 -1.5233 0.2243, 2.9006 0.8438 0.4514, 2.9006 0.8563 0.4528, 2.9006 1.2106 0.4528, 2.9006 1.2683 0.4062, 2.9006 1.2697 0.3937, 2.9006 1.2697 0.2362, 2.9006 -2.4366 0.0933, 2.9006 -2.4321 0.1073, 2.9006 -2.2967 0.2132, 2.9006 -2.2856 0.1993, 2.9006 -2.2775 0.1817, 2.9006 -1.6341 0.1953, 2.9006 0.8563 0.1772, 2.9006 0.8494 0.1776, 2.9006 0.8354 0.181, 2.9006 -1.1026 0.3566, 2.9006 -1.0862 0.3668, 2.9006 -3.6892 0.1035, 2.9006 -3.6838 0.0899, 2.9006 -3.1385 0.2238, 2.9006 -3.6752 0.0779, 2.9006 -3.6691 0.0722, 2.9006 -1.1109 0.3488, 2.9006 -2.2739 0.1643, 2.9006 -2.2737 0.1575, 2.9006 -2.2737 0.0984, 2.9006 -1.1224 0.3329, 2.9006 -0.955 0.3716, 2.9006 -0.9368 0.3644, 2.9006 -0.9209 0.353, 2.9006 -0.9131 0.3447, 2.9006 -0.9029 0.3282, 2.9006 -0.897 0.3096, 2.9006 -3.1256 0.1978, 2.9006 -3.1337 0.2101, 2.9006 -3.6428 0.06, 2.9006 -3.6568 0.0645, 2.9006 -3.691 0.1181, 2.9006 -3.1398 0.2362, 2.9006 -3.1398 0.3937, 2.9006 -3.0932 0.4514, 2.9006 -3.0807 0.4528, 2.9006 -2.7264 0.4528, 2.9006 -1.5093 0.2132, 2.9006 -1.4982 0.1993, 2.9006 -1.1319 0.2953, 2.9006 -1.4901 0.1817, 2.9006 -1.1319 0.1378, 2.9006 -1.4865 0.1643, 2.9006 -1.4863 0.1575, 2.9006 -1.0675 0.3727, 2.9006 -1.0532 0.374, 2.9006 -0.9744 0.374, 2.9006 -1.1912 0.0615, 2.9006 -1.173 0.0686, 2.9006 -0.8957 0.2953, 2.9006 -0.8957 0.1378, 2.9006 -0.8933 0.1184, 2.9006 -0.8861 0.1002, 2.9006 -0.8747 0.0843, 2.9006 -0.8664 0.0765, 2.9006 -0.8313 0.0604, 2.9006 -0.8499 0.0663, 2.9006 -1.4863 0.1181, 2.9006 -1.4272 0.0591, 2.9006 -1.4844 0.1035, 2.9006 -1.4791 0.0899, 2.9006 -1.4705 0.0779, 2.9006 -1.4644 0.0722, 2.9006 -1.4381 0.06, 2.9006 -1.452 0.0645, 2.9006 -1.2107 0.0591, 2.9006 -1.1571 0.08, 2.9006 -1.1494 0.0884, 2.9006 -1.1332 0.1235, 2.9006 -1.1392 0.1048, 2.8219 0.3445 0.7677, 2.0345 0.3445 0.7677, 2.8415 0.3445 0.6496, 2.8979 0.3445 0.7094, 2.8901 0.3445 0.7283, 2.8775 0.3445 0.7447, 2.8422 0.3445 0.765, 2.8612 0.3445 0.7572, 2.0147 0.3428 0.7677, 1.9868 0.3344 0.7677, 1.9617 0.3195 0.7677, 1.9478 0.3066 0.7677, 1.9306 0.2827 0.7677, 1.92 0.2555 0.7677, 1.9163 0.2263 0.7677, 1.9163 -2.3031 0.7677, 1.9175 -2.3174 0.7677, 1.9236 -2.3384 0.7677, 1.9348 -2.3573 0.7677, 1.9449 -2.3683 0.7677, 1.9629 -2.3811 0.7677, 1.9833 -2.3891 0.7677, 2.005 -2.3918 0.7677, 2.0226 -2.39 0.7677, 2.0433 -2.3831 0.7677, 2.0624 -2.3707 0.7677, 2.0671 -2.3664 0.7677, 2.0807 -2.3492 0.7677, 2.0897 -2.3292 0.7677, 2.0935 -2.3078 0.7677, 2.1663 -0.9382 0.7677, 2.1657 -0.9258 0.7677, 2.1617 -0.912 0.7677, 2.1544 -0.8993 0.7677, 2.1458 -0.8902 0.7677, 2.1334 -0.8821 0.7677, 2.1198 -0.8773 0.7677, 2.1074 -0.876 0.7677, 2.0935 -0.876 0.7677, 2.0867 -0.8756 0.7677, 2.0726 -0.8722 0.7677, 2.0596 -0.8653 0.7677, 2.0486 -0.8553 0.7677, 2.0405 -0.843 0.7677, 2.0358 -0.8294 0.7677, 2.0345 -0.817 0.7677, 2.0345 -0.6398 0.7677, 2.0349 -0.633 0.7677, 2.0383 -0.6189 0.7677, 2.0452 -0.6059 0.7677, 2.0551 -0.5949 0.7677, 2.0674 -0.5868 0.7677, 2.0811 -0.5821 0.7677, 2.0935 -0.5807 0.7677, 2.566 -0.5807 0.7677, 2.5728 -0.5811 0.7677, 2.5869 -0.5846 0.7677, 2.5999 -0.5915 0.7677, 2.6109 -0.6014 0.7677, 2.6189 -0.6137 0.7677, 2.6237 -0.6273 0.7677, 2.625 -0.6398 0.7677, 2.625 -0.817 0.7677, 2.6246 -0.8238 0.7677, 2.6212 -0.8379 0.7677, 2.6143 -0.8509 0.7677, 2.6043 -0.8619 0.7677, 2.592 -0.8699 0.7677, 2.5784 -0.8747 0.7677, 2.566 -0.876 0.7677, 2.5521 -0.876 0.7677, 2.5398 -0.8773 0.7677, 2.5261 -0.882 0.7677, 2.5139 -0.89 0.7677, 2.5052 -0.8991 0.7677, 2.4978 -0.9119 0.7677, 2.4938 -0.9257 0.7677, 2.4931 -0.9382 0.7677, 2.566 -2.3078 0.7677, 2.5686 -2.3253 0.7677, 2.5766 -2.3456 0.7677, 2.5901 -2.364 0.7677, 2.5946 -2.3685 0.7677, 2.6125 -2.3812 0.7677, 2.6329 -2.3891 0.7677, 2.6545 -2.3918 0.7677, 2.8363 -2.3918 0.689, 2.83 -2.3918 0.6971, 2.8775 -2.3918 0.7447, 2.8415 -2.3918 0.6496, 2.8612 -2.3918 0.7572, 2.8219 -2.3918 0.7034, 2.8422 -2.3918 0.765, 2.8124 -2.3918 0.7073, 2.8219 -2.3918 0.7677, 2.8415 -2.3918 0.6693, 2.8402 -2.3918 0.6795, 2.8979 -2.3918 0.7094, 2.8901 -2.3918 0.7283, 2.8219 -3.691 0.7677, 2.1401 -3.691 0.7677, 2.8415 -3.691 0.1181, 2.8415 -3.691 0.6693, 2.8402 -3.691 0.6795, 2.8979 -3.691 0.7094, 2.8363 -3.691 0.689, 2.8901 -3.691 0.7283, 2.83 -3.691 0.6971, 2.8775 -3.691 0.7447, 2.8219 -3.691 0.7034, 2.8124 -3.691 0.7073, 2.8422 -3.691 0.765, 2.8612 -3.691 0.7572, 1.9275 -3.6795 0.7677, 1.7173 -3.645 0.7677, 1.2162 -3.5484 0.7677, 0.6815 -3.4746 0.7677, 0.1434 -3.4302 0.7677, -0.3965 -3.4154 0.7677, -2.8868 -3.4154 0.689, -2.8868 -3.4154 0.1181, -2.8277 -3.4154 0.1181, -2.8081 -3.4154 0.7677, -2.7971 -3.4154 0.7077, -2.8277 -3.4154 0.6693, -2.8268 -3.4154 0.6781, -2.8841 -3.4154 0.7094, -2.8238 -3.4154 0.6864, -2.8763 -3.4154 0.7283, -2.8192 -3.4154 0.6938, -2.8637 -3.4154 0.7447, -2.8129 -3.4154 0.7001, -2.8055 -3.4154 0.7048, -2.8284 -3.4154 0.765, -2.8474 -3.4154 0.7572, -2.8868 -3.0876 0.4524, -2.8868 -3.1016 0.4489, -2.8868 -2.7196 0.1776, -2.8868 -2.7055 0.181, -2.8868 -2.4902 0.0591, -2.8868 -3.0807 0.4528, -2.8868 -3.1147 0.442, -2.8868 -3.1256 0.4321, -2.8868 -3.1337 0.4198, -2.8868 -3.1291 0.2023, -2.8868 -3.1191 0.1913, -2.8868 -3.3563 0.0591, -2.8868 -3.1068 0.1832, -2.8868 1.603 0.211, -2.8868 1.5953 0.2183, -2.8868 1.9389 0.689, -2.8868 1.5788 0.2287, -2.8868 1.4665 0.689, -2.8868 -2.688 0.4386, -2.8868 -2.7003 0.4467, -2.8868 -0.6201 0.689, -2.8868 -2.714 0.4514, -2.8868 -2.7264 0.4528, -2.8868 -3.3846 0.0662, -2.8868 -3.3965 0.0749, -2.8868 -3.136 0.2153, -2.8868 -3.4023 0.081, -2.8868 -1.1145 0.3447, -2.8868 -1.1247 0.3282, -2.8868 -1.4887 0.177, -2.8868 1.624 0.0984, -2.8868 1.624 0.1575, -2.8868 1.9389 0.0984, -2.8868 1.6215 0.177, -2.8868 1.6143 0.1953, -2.8868 1.2106 0.1772, -2.8868 1.2252 0.179, -2.8868 1.4074 0.0591, -2.8868 -3.3709 0.0609, -2.8868 -1.1067 0.353, -2.8868 -0.6038 0.3815, -2.8868 -0.817 0.0591, -2.8868 -0.6101 0.3872, -2.8868 -0.6156 0.3952, -2.8868 0.3463 0.2217, -2.8868 0.3516 0.208, -2.8868 0.3603 0.196, -2.8868 0.3664 0.1903, -2.8868 1.4534 0.3959, -2.8868 1.461 0.4082, -2.8868 1.5403 0.2361, -2.8868 1.4655 0.4222, -2.8868 -0.8957 0.1378, -2.8868 -0.8957 0.2953, -2.8868 -0.5934 0.6519, -2.8868 -0.8981 0.3147, -2.8868 -0.9053 0.3329, -2.8868 -0.5808 0.6496, -2.8868 -0.2461 0.6496, -2.8868 -0.2461 0.4528, -2.8868 -0.5898 0.4517, -2.8868 -0.599 0.4483, -2.8868 -0.6069 0.4428, -2.8868 -0.6127 0.4364, -2.8868 -0.6174 0.4277, -2.8868 -0.6198 0.4183, -2.8868 -0.595 0.3767, -2.8868 -0.5857 0.3743, -2.8868 -0.5807 0.374, -2.8868 0.3787 0.1827, -2.8868 0.3927 0.1782, -2.8868 0.4035 0.1772, -2.8868 1.5036 0.2243, -2.8868 1.4896 0.2132, -2.8868 1.422 0.3758, -2.8868 1.4785 0.1993, -2.8868 1.4703 0.1817, -2.8868 1.5604 0.2348, -2.8868 1.4665 0.4331, -2.8868 -3.1385 0.4062, -2.8868 -3.1398 0.3937, -2.8868 -1.0726 0.3716, -2.8868 -1.0908 0.3644, -2.8868 -1.515 0.2183, -2.8868 -1.5315 0.2287, -2.8868 -1.5499 0.2348, -2.8868 -1.5699 0.2361, -2.8868 -1.5891 0.2324, -2.8868 -0.5902 0.6513, -2.8868 -0.5807 0.4528, -2.8868 -0.6201 0.4134, -2.8868 -0.6191 0.4044, -2.8868 1.2642 0.2114, -2.8868 1.4668 0.1643, -2.8868 1.4665 0.1575, -2.8868 1.2687 0.2254, -2.8868 1.2697 0.2362, -2.8868 1.5211 0.2324, -2.8868 1.4357 0.3812, -2.8868 1.4476 0.3898, -2.8868 -3.4099 0.0933, -2.8868 -3.4144 0.1073, -2.8868 -3.1394 0.2294, -2.8868 -3.1398 0.2362, -2.8868 -3.0932 0.1785, -2.8868 -3.0807 0.1772, -2.8868 -2.7264 0.1772, -2.8868 -1.1306 0.3096, -2.8868 -1.1319 0.2953, -2.8868 -1.4863 0.1575, -2.8868 -1.1319 0.1378, -2.8868 -1.4863 0.1181, -2.8868 -2.2947 0.211, -2.8868 -2.3024 0.2183, -2.8868 0.3445 0.315, -2.8868 0.3445 0.2362, -2.8868 1.2388 0.1843, -2.8868 1.2508 0.193, -2.8868 1.4183 0.06, -2.8868 1.2565 0.1991, -2.8868 1.4665 0.1181, -2.8868 1.4647 0.1035, -2.8868 1.4593 0.0899, -2.8868 1.4507 0.0779, -2.8868 1.4446 0.0722, -2.8868 1.4323 0.0645, -2.8868 -0.8364 0.0615, -2.8868 -0.8546 0.0686, -2.8868 -0.8705 0.08, -2.8868 -0.8783 0.0884, -2.8868 -0.8944 0.1235, -2.8868 -0.8885 0.1048, -2.8868 -0.9415 0.3668, -2.8868 -0.9601 0.3727, -2.8868 -1.4959 0.1953, -2.8868 -1.5073 0.211, -2.8868 -1.6067 0.2243, -2.8868 -2.2761 0.177, -2.8868 -1.6207 0.2132, -2.8868 -1.6318 0.1993, -2.8868 -2.2833 0.1953, -2.8868 1.3287 0.374, -2.8868 1.4074 0.374, -2.8868 -1.2107 0.0591, -2.8868 -1.1343 0.1184, -2.8868 -1.1415 0.1002, -2.8868 -1.1529 0.0843, -2.8868 -1.1612 0.0765, -2.8868 -1.1963 0.0604, -2.8868 -1.1777 0.0663, -2.8868 -2.6734 0.2101, -2.8868 -2.4469 0.0779, -2.8868 -2.453 0.0722, -2.8868 -2.6678 0.4005, -2.8868 -2.6712 0.4146, -2.8868 -2.4081 0.2132, -2.8868 -0.925 0.3566, -2.8868 -0.607 0.6599, -2.8868 -0.9167 0.3488, -2.8868 -0.6019 0.6558, -2.8868 -0.5994 0.6546, -2.8868 -0.9744 0.374, -2.8868 -1.0532 0.374, -2.8868 -2.3189 0.2287, -2.8868 -2.3373 0.2348, -2.8868 -2.3573 0.2361, -2.8868 -2.6781 0.4276, -2.8868 -2.3765 0.2324, -2.8868 -2.3941 0.2243, -2.8868 0.2854 0.374, -2.8868 0.3 0.3722, -2.8868 0.3136 0.3668, -2.8868 0.3256 0.3582, -2.8868 0.3313 0.3521, -2.8868 0.3435 0.3258, -2.8868 0.339 0.3398, -2.8868 -1.4272 0.0591, -2.8868 -1.4418 0.0609, -2.8868 -1.4554 0.0662, -2.8868 -1.4674 0.0749, -2.8868 -1.4731 0.081, -2.8868 -1.4853 0.1073, -2.8868 -1.4808 0.0933, -2.8868 -0.6184 0.6786, -2.8868 -0.6182 0.6775, -2.8868 -0.615 0.67, -2.8868 -0.6145 0.6689, -2.8868 -0.6093 0.662, -2.8868 -0.6088 0.6614, -2.8868 -2.6925 0.1879, -2.8868 -2.6815 0.1978, -2.8868 -2.4793 0.06, -2.8868 -2.4653 0.0645, -2.8868 1.2697 0.315, -2.8868 1.2715 0.3295, -2.8868 1.2768 0.3432, -2.8868 1.2855 0.3552, -2.8868 1.2916 0.3609, -2.8868 1.3179 0.373, -2.8868 1.3039 0.3685, -2.8868 -1.6437 0.0984, -2.8868 -2.2737 0.0984, -2.8868 -1.6437 0.1575, -2.8868 -2.2737 0.1575, -2.8868 -1.6434 0.1643, -2.8868 -1.6399 0.1817, -2.8868 -2.6674 0.3937, -2.8868 -2.4192 0.1993, -2.8868 -2.6674 0.2362, -2.8868 -2.4273 0.1817, -2.8868 -2.6687 0.2238, -2.8868 -2.4309 0.1643, -2.8868 -2.4311 0.1575, -2.8868 -2.4311 0.1181, -2.8868 -2.4329 0.1035, -2.8868 -2.4383 0.0899, -2.6276 -0.6201 0.7677, -2.6276 -0.6201 0.7087, -2.8081 -0.6201 0.7677, -2.7971 -0.6201 0.7077, -2.8284 -0.6201 0.765, -2.8055 -0.6201 0.7048, -2.8474 -0.6201 0.7572, -2.8129 -0.6201 0.7001, -2.8637 -0.6201 0.7447, -2.8192 -0.6201 0.6938, -2.8763 -0.6201 0.7283, -2.8225 -0.6201 0.689, -2.8841 -0.6201 0.7094, -2.6153 -0.6192 0.7677, -2.6153 -0.6192 0.7087, -2.5967 -0.6138 0.7677, -2.5967 -0.6138 0.7087, -2.5798 -0.604 0.7677, -2.5798 -0.604 0.7087, -2.5696 -0.5946 0.7677, -2.5696 -0.5946 0.7087, -2.5582 -0.5786 0.7677, -2.5582 -0.5786 0.7087, -2.5512 -0.5605 0.7677, -2.5489 -0.5414 0.7677, -2.5489 0.8366 0.7677, -2.5479 0.8489 0.7677, -2.5425 0.8675 0.7677, -2.5327 0.8844 0.7677, -2.5234 0.8946 0.7677, -2.5074 0.906 0.7677, -2.4892 0.913 0.7677, -2.4701 0.9153 0.7677, -2.3711 0.9153 0.7677, -2.3587 0.9163 0.7677, -2.3401 0.9217 0.7677, -2.3233 0.9315 0.7677, -2.313 0.9408 0.7677, -2.3017 0.9568 0.7677, -2.2947 0.9749 0.7677, -2.2923 0.9941 0.7677, -2.2923 1.3878 0.7677, -2.2933 1.4001 0.7677, -2.2986 1.4187 0.7677, -2.3084 1.4355 0.7677, -2.3178 1.4458 0.7677, -2.3338 1.4571 0.7677, -2.3519 1.4642 0.7677, -2.3711 1.4665 0.7677, -2.8277 1.4665 0.4331, -2.8277 1.4665 0.6693, -2.8264 1.4665 0.6795, -2.8841 1.4665 0.7094, -2.8225 1.4665 0.689, -2.8081 1.4665 0.7677, -2.7986 1.4665 0.7073, -2.8284 1.4665 0.765, -2.8081 1.4665 0.7034, -2.8474 1.4665 0.7572, -2.8162 1.4665 0.6971, -2.8637 1.4665 0.7447, -2.8763 1.4665 0.7283, -2.7986 1.9389 0.7073, -2.8081 1.9389 0.7677, -2.9065 1.9389 0.0, -3.0837 1.9389 0.0, -3.0837 1.9389 0.0591, -2.8284 1.9389 0.765, -2.8081 1.9389 0.7034, -2.8474 1.9389 0.7572, -2.7293 1.9389 0.7677, -2.7293 1.9389 0.7087, -2.9262 1.9389 0.0591, -2.916 1.9389 0.0604, -2.8861 1.9389 0.0027, -2.9065 1.9389 0.0643, -2.8637 1.9389 0.7447, -2.8162 1.9389 0.6971, -2.8763 1.9389 0.7283, -2.8225 1.9389 0.689, -2.8841 1.9389 0.7094, -2.8264 1.9389 0.6795, -2.8277 1.9389 0.6693, -2.8277 1.9389 0.0787, -2.8881 1.9389 0.0882, -2.8304 1.9389 0.0584, -2.8921 1.9389 0.0787, -2.8383 1.9389 0.0394, -2.8983 1.9389 0.0706, -2.8508 1.9389 0.0231, -2.8671 1.9389 0.0105, -2.717 1.9399 0.7677, -2.717 1.9399 0.7087, -2.6984 1.9453 0.7677, -2.6984 1.9453 0.7087, -2.6815 1.9551 0.7677, -2.6815 1.9551 0.7087, -2.6713 1.9644 0.7677, -2.66 1.9804 0.7677, -2.6529 1.9986 0.7677, -2.6506 2.0177 0.7677, -2.4144 2.0177 0.7677, -2.4134 2.0054 0.7677, -2.408 1.9867 0.7677, -2.3982 1.9699 0.7677, -2.3889 1.9597 0.7677, -2.3729 1.9483 0.7677, -2.3729 1.9483 0.7087, -2.3547 1.9413 0.7677, -2.3547 1.9413 0.7087, -2.3356 1.9389 0.7677, -2.3356 1.9389 0.7087, -2.3233 1.9399 0.7677, -2.3233 1.9399 0.7087, -2.3047 1.9453 0.7677, -2.3047 1.9453 0.7087, -2.2878 1.9551 0.7677, -2.2878 1.9551 0.7087, -2.2776 1.9644 0.7677, -2.2662 1.9804 0.7677, -2.2664 1.9805 0.7084, -2.2632 1.9868 0.7077, -2.2594 1.998 0.7677, -2.263 1.9873 0.7076, -2.2592 1.9986 0.7677, -2.2605 1.9942 0.7053, -2.2569 2.0177 0.6693, -2.2569 2.0165 0.6781, -2.2569 2.0177 0.7652, -2.2569 2.0164 0.6793, -2.257 2.0137 0.6865, -2.257 2.0137 0.6865, -2.2572 2.0109 0.6914, -2.2574 2.0088 0.6938, -2.2578 2.0053 0.698, -2.2584 2.0026 0.7, -2.2575 2.0081 0.7671, -2.2592 1.9986 0.7031, -2.2602 1.9951 0.7048, -2.2569 2.0748 0.7061, -2.2569 2.0767 0.689, -2.2569 2.0184 0.765, -2.2569 2.0767 0.4331, -2.2569 2.0177 0.4331, -2.2569 2.0177 0.6496, -2.2569 2.0338 0.7591, -2.2569 2.0372 0.7569, -2.2569 2.0482 0.7496, -2.2569 2.0533 0.7443, -2.2569 2.0602 0.7372, -2.2569 2.0658 0.7281, -2.2569 2.0693 0.7225, -2.2569 2.0738 0.7093, 0.814 2.0767 0.689, 0.7549 2.0767 0.374, 0.814 2.0767 0.4331, 0.8122 2.0767 0.4185, 0.8068 2.0767 0.4048, 0.7982 2.0767 0.3929, 0.7921 2.0767 0.3871, 0.7658 2.0767 0.375, 0.7798 2.0767 0.3795, -2.1978 2.0767 0.374, -2.2124 2.0767 0.3758, -2.2261 2.0767 0.3812, -2.238 2.0767 0.3898, -2.2437 2.0767 0.3959, -2.2559 2.0767 0.4222, -2.2514 2.0767 0.4082, 0.814 1.998 0.7677, 0.814 1.9868 0.7077, 0.814 2.0184 0.765, 0.814 1.9952 0.7049, 0.814 2.0374 0.7572, 0.814 2.0027 0.7002, 0.814 2.0537 0.7447, 0.814 2.009 0.694, 0.814 2.0167 0.6781, 0.814 2.0137 0.6865, 0.814 2.0741 0.7094, 0.814 2.0662 0.7283, 0.814 2.0177 0.4331, 0.814 2.0177 0.6496, 0.814 2.0177 0.6693, 2.8415 -0.817 0.0591, 2.8415 -0.8313 0.0604, 2.8415 -0.8499 0.0663, 2.8415 -0.8664 0.0765, 2.8415 -0.8747 0.0843, 2.8415 -0.8861 0.1002, 2.8415 -0.8933 0.1184, 2.8415 -0.8957 0.1378, 2.8415 -0.8957 0.2953, 2.8415 -0.897 0.3096, 2.8415 -0.9029 0.3282, 2.8415 -0.9131 0.3447, 2.8415 -0.9209 0.353, 2.8415 -0.9368 0.3644, 2.8415 -0.955 0.3716, 2.8415 -0.9744 0.374, 2.8415 -1.0532 0.374, 2.8415 -1.0675 0.3727, 2.8415 -1.0862 0.3668, 2.8415 -1.1026 0.3566, 2.8415 -1.1109 0.3488, 2.8415 -1.1224 0.3329, 2.8415 -1.1295 0.3147, 2.8415 -1.1319 0.2953, 2.8415 -1.1319 0.1378, 2.8415 -1.1332 0.1235, 2.8415 -1.1392 0.1048, 2.8415 -1.1494 0.0884, 2.8415 -1.1571 0.08, 2.8415 -1.173 0.0686, 2.8415 -1.1912 0.0615, 2.8415 -1.2107 0.0591, 2.8415 -1.4272 0.0591, 2.8415 -1.4381 0.06, 2.8415 -1.452 0.0645, 2.8415 -1.4644 0.0722, 2.8415 -1.4705 0.0779, 2.8415 -1.4791 0.0899, 2.8415 -1.4844 0.1035, 2.8415 -1.4863 0.1181, 2.8415 -1.4863 0.1575, 2.8415 -1.4865 0.1643, 2.8415 -1.4901 0.1817, 2.8415 -1.4982 0.1993, 2.8415 -1.5093 0.2132, 2.8415 -1.5233 0.2243, 2.8415 -1.5409 0.2324, 2.8415 -1.5601 0.2361, 2.8415 -1.5801 0.2348, 2.8415 -1.5985 0.2287, 2.8415 -1.615 0.2183, 2.8415 -1.6227 0.211, 2.8415 -1.6341 0.1953, 2.8415 -1.6413 0.177, 2.8415 -1.6437 0.1575, 2.8415 -1.6437 0.0787, 2.9019 -1.6437 0.0882, 2.8442 -1.6437 0.0584, 2.9059 -1.6437 0.0787, 3.0975 -1.6437 0.0591, 3.0975 -1.6437 0.0, 2.94 -1.6437 0.0591, 2.9203 -1.6437 0.0, 2.9298 -1.6437 0.0604, 2.8999 -1.6437 0.0027, 2.9203 -1.6437 0.0643, 2.8809 -1.6437 0.0105, 2.9121 -1.6437 0.0706, 2.8646 -1.6437 0.0231, 2.8521 -1.6437 0.0394, 2.9203 -2.2737 0.0, 3.0975 -2.2737 0.0, 3.0975 -2.2737 0.0591, 2.8415 -2.2737 0.1575, 2.8415 -2.2737 0.0787, 2.9019 -2.2737 0.0882, 2.8442 -2.2737 0.0584, 2.9059 -2.2737 0.0787, 2.8521 -2.2737 0.0394, 2.9121 -2.2737 0.0706, 2.8646 -2.2737 0.0231, 2.9203 -2.2737 0.0643, 2.94 -2.2737 0.0591, 2.9298 -2.2737 0.0604, 2.8999 -2.2737 0.0027, 2.8809 -2.2737 0.0105, 2.8415 -2.2739 0.1643, 2.8415 -2.2775 0.1817, 2.8415 -2.2856 0.1993, 2.8415 -2.2967 0.2132, 2.8415 -2.3107 0.2243, 2.8415 -2.3283 0.2324, 2.8415 -2.3475 0.2361, 2.8415 -2.3675 0.2348, 2.8415 -2.3859 0.2287, 2.8415 -2.4024 0.2183, 2.8415 -2.4101 0.211, 2.8415 -2.4215 0.1953, 2.8415 -2.4287 0.177, 2.8415 -2.4311 0.1575, 2.8415 -2.4311 0.1181, 2.8415 -2.4321 0.1073, 2.8415 -2.4366 0.0933, 2.8415 -2.4443 0.081, 2.8415 -2.45 0.0749, 2.8415 -2.4619 0.0662, 2.8415 -2.4756 0.0609, 2.8415 -2.4902 0.0591, 2.8415 -3.6319 0.0591, 2.8415 -3.6428 0.06, 2.8415 -3.6568 0.0645, 2.8415 -3.6691 0.0722, 2.8415 -3.6752 0.0779, 2.8415 -3.6838 0.0899, 2.8415 -3.6892 0.1035, 2.8415 1.4261 0.1073, 2.8415 1.4216 0.0933, 2.8415 1.414 0.081, 2.8415 1.4083 0.0749, 2.8415 1.3963 0.0662, 2.8415 1.3826 0.0609, 2.8415 1.3681 0.0591, 2.8415 0.8033 0.2101, 2.8415 0.8114 0.1978, 2.8415 -2.6674 0.3937, 2.8415 -2.6687 0.4062, 2.8415 -2.6734 0.4198, 2.8415 -2.6815 0.4321, 2.8415 -2.6925 0.442, 2.8415 -2.7055 0.4489, 2.8415 0.8438 0.4514, 2.8415 0.8302 0.4467, 2.8415 1.2445 0.442, 2.8415 1.2315 0.4489, 2.8415 -3.0932 0.4514, 2.8415 -3.1068 0.4467, 2.8415 0.7985 0.2238, 2.8415 -3.1191 0.4386, 2.8415 -3.1291 0.4276, 2.8415 -3.136 0.4146, 2.8415 1.2174 0.4524, 2.8415 1.2106 0.4528, 2.8415 0.8563 0.4528, 2.8415 -3.1337 0.2101, 2.8415 -3.1256 0.1978, 2.8415 -3.1147 0.1879, 2.8415 -3.1016 0.181, 2.8415 1.2589 0.2023, 2.8415 1.2658 0.2153, 2.8415 1.2683 0.4062, 2.8415 1.2636 0.4198, 2.8415 1.2555 0.4321, 2.8415 0.8179 0.4386, 2.8415 0.8079 0.4276, 2.8415 0.801 0.4146, 2.8415 0.7976 0.4005, 2.8415 -2.7196 0.4524, 2.8415 -2.7264 0.4528, 2.8415 -3.0807 0.4528, 2.8415 1.249 0.1913, 2.8415 -3.1385 0.2238, 2.8415 0.7972 0.3937, 2.8415 0.7972 0.2362, 2.8415 -3.1398 0.2362, 2.8415 -3.1398 0.3937, 2.8415 -3.1394 0.4005, 2.8415 1.2106 0.1772, 2.8415 1.2231 0.1785, 2.8415 1.2367 0.1832, 2.8415 -2.6674 0.2362, 2.8415 -2.6678 0.2294, 2.8415 -2.6712 0.2153, 2.8415 -2.714 0.1785, 2.8415 -2.7003 0.1832, 2.8415 -2.688 0.1913, 2.8415 -2.6781 0.2023, 2.8415 1.2693 0.2294, 2.8415 1.2697 0.2362, 2.8415 1.2697 0.3937, 2.8415 -3.0876 0.1776, 2.8415 -3.0807 0.1772, 2.8415 -2.7264 0.1772, 2.8415 0.8223 0.1879, 2.8415 0.8354 0.181, 2.8415 0.8494 0.1776, 2.8415 0.8563 0.1772, 2.4872 2.0427 0.2349, 2.4872 2.0241 0.229, 2.4872 2.0076 0.2188, 2.4872 1.9993 0.211, 2.4872 1.9879 0.1951, 2.4872 1.9807 0.1769, 2.4872 1.9783 0.1575, 2.4872 1.9783 0.0787, 2.5476 1.9783 0.0882, 2.4899 1.9783 0.0584, 2.5515 1.9783 0.0787, 2.7431 1.9783 0.0591, 2.7431 1.9783 0.0, 2.5856 1.9783 0.0591, 2.566 1.9783 0.0, 2.5755 1.9783 0.0604, 2.5456 1.9783 0.0027, 2.566 1.9783 0.0643, 2.5266 1.9783 0.0105, 2.5578 1.9783 0.0706, 2.5103 1.9783 0.0231, 2.4978 1.9783 0.0394, 2.566 1.6634 0.0, 2.7431 1.6634 0.0, 2.7431 1.6634 0.0591, 2.4872 1.6634 0.1575, 2.4872 1.6634 0.0787, 2.5476 1.6634 0.0882, 2.4899 1.6634 0.0584, 2.5515 1.6634 0.0787, 2.4978 1.6634 0.0394, 2.5578 1.6634 0.0706, 2.5103 1.6634 0.0231, 2.566 1.6634 0.0643, 2.5856 1.6634 0.0591, 2.5755 1.6634 0.0604, 2.5456 1.6634 0.0027, 2.5266 1.6634 0.0105, 2.4872 1.6621 0.1718, 2.4872 1.6561 0.1905, 2.4872 1.6459 0.2069, 2.4872 1.6381 0.2152, 2.4872 1.6222 0.2267, 2.4872 1.604 0.2338, 3.1565 -2.2146 0.0, 3.1565 -1.7028 0.0, 3.1565 -2.2146 0.0591, 3.1565 -1.7028 0.0591, 3.1547 -2.2292 0.0591, 3.1547 -2.2292 0.0, 3.1493 -2.2428 0.0591, 3.1493 -2.2428 0.0, 3.1407 -2.2548 0.0591, 3.1407 -2.2548 0.0, 3.1346 -2.2605 0.0591, 3.1346 -2.2605 0.0, 3.1223 -2.2682 0.0591, 3.1223 -2.2682 0.0, 3.1083 -2.2727 0.0591, 3.1083 -2.2727 0.0, 3.112 -1.6455 0.0591, 3.112 -1.6455 0.0, 3.1257 -1.6509 0.0591, 3.1257 -1.6509 0.0, 3.1377 -1.6595 0.0591, 3.1377 -1.6595 0.0, 3.1434 -1.6656 0.0591, 3.1434 -1.6656 0.0, 3.151 -1.6779 0.0591, 3.151 -1.6779 0.0, 3.1555 -1.6919 0.0591, 3.1555 -1.6919 0.0, 2.8022 1.9193 0.0591, 2.8012 1.9301 0.0591, 2.7967 1.9441 0.0591, 2.789 1.9564 0.0591, 2.7714 1.9711 0.0591, 2.7577 1.9765 0.0591, 2.754 1.6643 0.0591, 2.768 1.6688 0.0591, 2.7803 1.6765 0.0591, 2.795 1.6942 0.0591, 2.8004 1.7078 0.0591, 2.8022 1.7224 0.0591, 2.7833 1.9625 0.0591, 2.7864 1.6822 0.0591, 2.8022 1.7224 0.0, 2.8022 1.9193 0.0, 2.8004 1.7078 0.0, 2.795 1.6942 0.0, 2.7864 1.6822 0.0, 2.7803 1.6765 0.0, 2.768 1.6688 0.0, 2.754 1.6643 0.0, 2.7577 1.9765 0.0, 2.7714 1.9711 0.0, 2.7833 1.9625 0.0, 2.789 1.9564 0.0, 2.7967 1.9441 0.0, 2.8012 1.9301 0.0, 1.6814 2.2342 0.1235, 1.6874 2.2342 0.1048, 1.6976 2.2342 0.0884, 1.7053 2.2342 0.08, 1.7212 2.2342 0.0686, 1.7394 2.2342 0.0615, 1.7589 2.2342 0.0591, 2.2313 2.2342 0.0591, 2.2456 2.2342 0.0604, 2.2643 2.2342 0.0663, 2.2808 2.2342 0.0765, 2.2891 2.2342 0.0843, 2.3005 2.2342 0.1002, 2.3076 2.2342 0.1184, 2.1757 2.2342 0.2381, 2.18 2.2342 0.2293, 2.182 2.2342 0.2193, 2.1427 2.2342 0.1772, 1.8475 2.2342 0.1772, 1.8118 2.2342 0.1999, 1.8088 2.2342 0.209, 1.8616 2.2342 0.4611, 1.8726 2.2342 0.471, 1.8856 2.2342 0.4779, 2.1684 2.2342 0.1867, 2.175 2.2342 0.194, 2.1613 2.2342 0.1818, 2.152 2.2342 0.1782, 1.8475 2.2342 0.4227, 1.8488 2.2342 0.4351, 1.8535 2.2342 0.4488, 2.0961 2.2342 0.4804, 2.1098 2.2342 0.4757, 2.1221 2.2342 0.4676, 2.132 2.2342 0.4566, 2.1389 2.2342 0.4436, 2.1423 2.2342 0.4295, 2.1427 2.2342 0.4227, 1.8373 2.2342 0.1785, 1.8283 2.2342 0.1821, 1.8204 2.2342 0.1879, 1.8081 2.2342 0.2165, 1.8094 2.2342 0.2266, 1.813 2.2342 0.2356, 1.8188 2.2342 0.2435, 2.1816 2.2342 0.2104, 2.1795 2.2342 0.2025, 1.8171 2.2342 0.1915, 2.1427 2.2342 0.3046, 2.1451 2.2342 0.2853, 2.1491 2.2342 0.2734, 1.8997 2.2342 0.4813, 1.9065 2.2342 0.4817, 2.0837 2.2342 0.4817, 2.1594 2.2342 0.2561, 2.169 2.2342 0.2459, 1.8212 2.2342 0.2459, 1.834 2.2342 0.2605, 1.8401 2.2342 0.2714, 1.8462 2.2342 0.2907, 1.8475 2.2342 0.3046, -2.2559 2.0177 0.4222, -2.2514 2.0177 0.4082, -2.2437 2.0177 0.3959, -2.238 2.0177 0.3898, -2.2261 2.0177 0.3812, -2.2124 2.0177 0.3758, -2.1978 2.0177 0.374, 0.7549 2.0177 0.374, 0.7658 2.0177 0.375, 0.7798 2.0177 0.3795, 0.7921 2.0177 0.3871, 0.7982 2.0177 0.3929, 0.8068 2.0177 0.4048, 0.8122 2.0177 0.4185, -2.8277 -3.4144 0.1073, -2.8277 -3.4099 0.0933, -2.8277 -3.4023 0.081, -2.8277 -3.3965 0.0749, -2.8277 -3.3846 0.0662, -2.8277 -3.3709 0.0609, -2.8277 -3.3563 0.0591, -2.8277 -2.4902 0.0591, -2.8277 -2.4793 0.06, -2.8277 -2.4653 0.0645, -2.8277 -2.453 0.0722, -2.8277 -2.4469 0.0779, -2.8277 -2.4383 0.0899, -2.8277 -2.4329 0.1035, -2.8277 -2.4311 0.1181, -2.8277 -2.4311 0.1575, -2.8277 -2.4309 0.1643, -2.8277 -2.4273 0.1817, -2.8277 -2.4192 0.1993, -2.8277 -2.4081 0.2132, -2.8277 -2.3941 0.2243, -2.8277 -2.3765 0.2324, -2.8277 -2.3573 0.2361, -2.8277 -2.3373 0.2348, -2.8277 -2.3189 0.2287, -2.8277 -2.3024 0.2183, -2.8277 -2.2947 0.211, -2.8277 -2.2833 0.1953, -2.8277 -2.2761 0.177, -2.8277 -2.2737 0.1575, -2.8277 -2.2737 0.0787, -2.8881 -2.2737 0.0882, -2.8304 -2.2737 0.0584, -2.8921 -2.2737 0.0787, -3.0837 -2.2737 0.0591, -3.0837 -2.2737 0.0, -2.9262 -2.2737 0.0591, -2.9065 -2.2737 0.0, -2.916 -2.2737 0.0604, -2.8861 -2.2737 0.0027, -2.9065 -2.2737 0.0643, -2.8671 -2.2737 0.0105, -2.8983 -2.2737 0.0706, -2.8508 -2.2737 0.0231, -2.8383 -2.2737 0.0394, -2.8277 -1.6437 0.1575, -2.8277 -1.6437 0.0787, -2.8881 -1.6437 0.0882, -2.8304 -1.6437 0.0584, -2.8921 -1.6437 0.0787, -2.8383 -1.6437 0.0394, -2.8983 -1.6437 0.0706, -2.8508 -1.6437 0.0231, -2.9065 -1.6437 0.0643, -2.9065 -1.6437 0.0, -3.0837 -1.6437 0.0, -3.0837 -1.6437 0.0591, -2.9262 -1.6437 0.0591, -2.916 -1.6437 0.0604, -2.8861 -1.6437 0.0027, -2.8671 -1.6437 0.0105, -2.8277 -1.6434 0.1643, -2.8277 -1.6399 0.1817, -2.8277 -1.6318 0.1993, -2.8277 -1.6207 0.2132, -2.8277 -1.6067 0.2243, -2.8277 -1.5891 0.2324, -2.8277 -1.5699 0.2361, -2.8277 -1.5499 0.2348, -2.8277 -1.5315 0.2287, -2.8277 -1.515 0.2183, -2.8277 -1.5073 0.211, -2.8277 -1.4959 0.1953, -2.8277 -1.4887 0.177, -2.8277 -1.4863 0.1575, -2.8277 -1.4863 0.1181, -2.8277 -1.4853 0.1073, -2.8277 -1.4808 0.0933, -2.8277 -1.4731 0.081, -2.8277 -1.4674 0.0749, -2.8277 -1.4554 0.0662, -2.8277 -1.4418 0.0609, -2.8277 -1.4272 0.0591, -2.8277 -1.2107 0.0591, -2.8277 -1.1963 0.0604, -2.8277 -1.1777 0.0663, -2.8277 -1.1612 0.0765, -2.8277 -1.1529 0.0843, -2.8277 -1.1415 0.1002, -2.8277 -1.1343 0.1184, -2.8277 -1.1319 0.1378, -2.8277 -1.1319 0.2953, -2.8277 -1.1306 0.3096, -2.8277 -1.1247 0.3282, -2.8277 -1.1145 0.3447, -2.8277 -1.1067 0.353, -2.8277 -1.0908 0.3644, -2.8277 -1.0726 0.3716, -2.8277 -1.0532 0.374, -2.8277 -0.9744 0.374, -2.8277 -0.9601 0.3727, -2.8277 -0.9415 0.3668, -2.8277 -0.925 0.3566, -2.8277 -0.9167 0.3488, -2.8277 -0.9053 0.3329, -2.8277 -0.8981 0.3147, -2.8277 -0.8957 0.2953, -2.8277 -0.8957 0.1378, -2.8277 -0.8944 0.1235, -2.8277 -0.8885 0.1048, -2.8277 -0.8783 0.0884, -2.8277 -0.8705 0.08, -2.8277 -0.8546 0.0686, -2.8277 -0.8364 0.0615, -2.8277 -0.817 0.0591, -2.8277 1.4074 0.0591, -2.8277 1.4183 0.06, -2.8277 1.4323 0.0645, -2.8277 1.4446 0.0722, -2.8277 1.4507 0.0779, -2.8277 1.4593 0.0899, -2.8277 1.4647 0.1035, -2.8277 1.4665 0.1181, -2.8277 1.4665 0.1575, -2.8277 1.4668 0.1643, -2.8277 1.4703 0.1817, -2.8277 1.4785 0.1993, -2.8277 1.4896 0.2132, -2.8277 1.5036 0.2243, -2.8277 1.5211 0.2324, -2.8277 1.5403 0.2361, -2.8277 1.5604 0.2348, -2.8277 1.5788 0.2287, -2.8277 1.5953 0.2183, -2.8277 1.603 0.211, -2.8277 1.6143 0.1953, -2.8277 1.6215 0.177, -2.8277 1.624 0.1575, -2.8277 1.624 0.0787, -2.8881 1.624 0.0882, -2.8304 1.624 0.0584, -2.8921 1.624 0.0787, -3.0837 1.624 0.0591, -3.0837 1.624 0.0, -2.9262 1.624 0.0591, -2.9065 1.624 0.0, -2.916 1.624 0.0604, -2.8861 1.624 0.0027, -2.9065 1.624 0.0643, -2.8671 1.624 0.0105, -2.8983 1.624 0.0706, -2.8508 1.624 0.0231, -2.8383 1.624 0.0394, -2.8277 1.4655 0.4222, -2.8277 1.461 0.4082, -2.8277 1.4534 0.3959, -2.8277 1.4476 0.3898, -2.8277 1.4357 0.3812, -2.8277 1.422 0.3758, -2.8277 1.4074 0.374, -2.8277 1.3287 0.374, -2.8277 1.3179 0.373, -2.8277 1.3039 0.3685, -2.8277 1.2916 0.3609, -2.8277 1.2855 0.3552, -2.8277 1.2768 0.3432, -2.8277 1.2715 0.3295, -2.8277 1.2697 0.315, -2.8277 1.2697 0.2362, -2.8277 1.2687 0.2254, -2.8277 1.2642 0.2114, -2.8277 1.2565 0.1991, -2.8277 1.2508 0.193, -2.8277 1.2388 0.1843, -2.8277 1.2252 0.179, -2.8277 1.2106 0.1772, -2.8277 0.4035 0.1772, -2.8277 0.3927 0.1782, -2.8277 0.3787 0.1827, -2.8277 0.3664 0.1903, -2.8277 0.3603 0.196, -2.8277 0.3516 0.208, -2.8277 0.3463 0.2217, -2.8277 0.3445 0.2362, -2.8277 0.3445 0.315, -2.8277 0.3435 0.3258, -2.8277 0.339 0.3398, -2.8277 0.3313 0.3521, -2.8277 0.3256 0.3582, -2.8277 0.3136 0.3668, -2.8277 0.3 0.3722, -2.8277 0.2854 0.374, -2.8277 -0.5807 0.374, -2.8277 -0.5857 0.3743, -2.8277 -0.595 0.3767, -2.8277 -0.6038 0.3815, -2.8277 -0.6101 0.3872, -2.8277 -0.6156 0.3952, -2.8277 -0.6191 0.4044, -2.8277 -0.6201 0.4134, -2.8277 -0.6198 0.4183, -2.8277 -0.6174 0.4277, -2.8277 -0.6127 0.4364, -2.8277 -0.6069 0.4428, -2.8277 -0.599 0.4483, -2.8277 -0.5898 0.4517, -2.8277 -0.5807 0.4528, -2.6017 1.2288 0.4528, -2.5427 1.2257 0.4528, -2.6103 1.0638 0.4528, -2.5513 1.0607 0.4528, -2.6197 1.0133 0.4528, -2.8277 -0.2461 0.4528, -2.8277 -0.243 0.4528, -2.8866 -0.2399 0.4528, -2.7795 0.6769 0.4528, -2.8384 0.6799 0.4528, -2.7701 0.7274 0.4528, -2.8263 0.7456 0.4528, -2.748 0.7738 0.4528, -2.7975 0.8059 0.4528, -2.7146 0.8128 0.4528, -2.7541 0.8567 0.4528, -2.6357 0.8839 0.4528, -2.6752 0.9278 0.4528, -2.6018 0.921 0.4528, -2.6418 0.9669 0.4528, -2.5759 0.9639 0.4528, -2.5589 1.0111 0.4528, -2.5427 1.2257 0.6496, -2.6017 1.2288 0.6496, -2.5513 1.0607 0.6496, -2.6103 1.0638 0.6496, -2.5589 1.0111 0.6496, -2.6197 1.0133 0.6496, -2.5759 0.9639 0.6496, -2.6418 0.9669 0.6496, -2.8277 -0.5808 0.6496, -2.8277 -0.2461 0.6496, -2.8866 -0.2399 0.6496, -2.8277 -0.243 0.6496, -2.8384 0.6799 0.6496, -2.7795 0.6769 0.6496, -2.8263 0.7456 0.6496, -2.7701 0.7274 0.6496, -2.7975 0.8059 0.6496, -2.748 0.7738 0.6496, -2.7541 0.8567 0.6496, -2.7146 0.8128 0.6496, -2.6752 0.9278 0.6496, -2.6357 0.8839 0.6496, -2.6018 0.921 0.6496, -2.8277 -0.5903 0.6508, -2.8277 -0.5995 0.6544, -2.8277 -0.6071 0.6598, -2.8277 -0.6094 0.662, -2.8277 -0.6148 0.6693, -2.8277 -0.6151 0.67, -2.8274 -0.6172 0.6742, -2.8267 -0.6186 0.678, -2.8238 -0.6199 0.6863, -2.8249 -0.6197 0.6839, -2.8266 -0.6187 0.6786, -2.8277 -3.0932 0.1785, -2.8277 -3.1068 0.1832, -2.8277 -3.1337 0.4198, -2.8277 -3.1256 0.4321, -2.8277 -2.7003 0.4467, -2.8277 -2.688 0.4386, -2.8277 -3.136 0.2153, -2.8277 -3.1385 0.4062, -2.8277 -2.6815 0.1978, -2.8277 -2.6925 0.1879, -2.8277 -2.7055 0.181, -2.8277 -3.1191 0.1913, -2.8277 -3.1291 0.2023, -2.8277 -2.7196 0.1776, -2.8277 -2.7264 0.1772, -2.8277 -3.0807 0.1772, -2.8277 -3.1147 0.442, -2.8277 -3.1016 0.4489, -2.8277 -3.0876 0.4524, -2.8277 -3.1394 0.2294, -2.8277 -3.1398 0.2362, -2.8277 -3.1398 0.3937, -2.8277 -3.0807 0.4528, -2.8277 -2.7264 0.4528, -2.8277 -2.714 0.4514, -2.8277 -2.6712 0.4146, -2.8277 -2.6781 0.4276, -2.8277 -2.6734 0.2101, -2.8277 -2.6687 0.2238, -2.8277 -2.6674 0.2362, -2.8277 -2.6674 0.3937, -2.8277 -2.6678 0.4005, -3.0982 1.6258 0.0591, -3.0982 1.6258 0.0, -3.1119 1.6312 0.0591, -3.1119 1.6312 0.0, -3.1239 1.6398 0.0591, -3.1239 1.6398 0.0, -3.1296 1.6459 0.0591, -3.1296 1.6459 0.0, -3.1372 1.6582 0.0591, -3.1372 1.6582 0.0, -3.1417 1.6722 0.0591, -3.1417 1.6722 0.0, -3.1427 1.683 0.0591, -3.1427 1.683 0.0, -3.1427 1.8799 0.0, -3.1427 1.8799 0.0591, -3.1409 1.8944 0.0591, -3.1409 1.8944 0.0, -3.1355 1.9081 0.0591, -3.1355 1.9081 0.0, -3.1269 1.9201 0.0591, -3.1269 1.9201 0.0, -3.1208 1.9258 0.0591, -3.1208 1.9258 0.0, -3.1085 1.9335 0.0591, -3.1085 1.9335 0.0, -3.0945 1.938 0.0591, -3.0945 1.938 0.0, -3.0982 -2.2718 0.0591, -3.0982 -2.2718 0.0, -3.1119 -2.2665 0.0591, -3.1119 -2.2665 0.0, -3.1239 -2.2579 0.0591, -3.1239 -2.2579 0.0, -3.1296 -2.2518 0.0591, -3.1296 -2.2518 0.0, -3.1372 -2.2394 0.0591, -3.1372 -2.2394 0.0, -3.1417 -2.2255 0.0591, -3.1417 -2.2255 0.0, -3.1427 -2.2146 0.0591, -3.1427 -2.2146 0.0, -3.1427 -1.7028 0.0, -3.1427 -1.7028 0.0591, -3.1409 -1.6882 0.0591, -3.1409 -1.6882 0.0, -3.1355 -1.6745 0.0591, -3.1355 -1.6745 0.0, -3.1269 -1.6626 0.0591, -3.1269 -1.6626 0.0, -3.1208 -1.6569 0.0591, -3.1208 -1.6569 0.0, -3.1085 -1.6492 0.0591, -3.1085 -1.6492 0.0, -3.0945 -1.6447 0.0591, -3.0945 -1.6447 0.0, -2.5995 1.2705 0.6323, -2.599 1.2799 0.6201, -2.6001 1.2583 0.6417, -2.5987 1.2858 0.6058, -2.6009 1.2441 0.6476, -2.5986 1.2878 0.5906, -2.5986 1.2878 0.5118, -2.6009 1.2441 0.4548, -2.5987 1.2858 0.4965, -2.6001 1.2583 0.4607, -2.599 1.2799 0.4823, -2.5995 1.2705 0.4701, -2.5396 1.2847 0.5118, -2.5396 1.2847 0.5906, -2.5419 1.241 0.4548, -2.5411 1.2552 0.4607, -2.5405 1.2674 0.4701, -2.54 1.2768 0.4823, -2.5397 1.2827 0.4965, -2.5397 1.2827 0.6058, -2.54 1.2768 0.6201, -2.5405 1.2674 0.6323, -2.5411 1.2552 0.6417, -2.5419 1.241 0.6476, -2.2592 1.9986 0.7677
            ]
        }
        coordIndex [
            0,1,2,-1,2,1,3,-1,4,5,6,-1,7,8,9,-1,10,11,12,-1,10,12,2,-1,2,12,13,-1,2,13,0,-1,14,15,16,-1,14,17,18,-1,18,17,19,-1,20,21,22,-1,23,24,10,-1,10,24,25,-1,10,25,26,-1,26,27,10,-1,10,27,28,-1,10,28,11,-1,29,30,31,-1,31,30,32,-1,33,34,35,-1,35,34,36,-1,35,36,37,-1,38,39,40,-1,40,39,41,-1,40,41,10,-1,10,41,42,-1,10,42,23,-1,35,43,33,-1,33,43,44,-1,33,44,45,-1,6,46,4,-1,4,46,47,-1,4,47,48,-1,48,47,14,-1,48,14,49,-1,49,14,18,-1,49,18,50,-1,20,22,51,-1,52,53,54,-1,54,53,55,-1,54,55,56,-1,56,55,57,-1,56,57,58,-1,58,57,51,-1,58,51,59,-1,59,51,22,-1,60,61,40,-1,40,61,62,-1,63,64,65,-1,66,67,17,-1,17,67,68,-1,17,68,69,-1,69,68,70,-1,69,70,71,-1,72,73,31,-1,31,73,74,-1,31,74,29,-1,21,20,18,-1,18,20,75,-1,18,75,50,-1,45,76,33,-1,33,76,77,-1,33,77,78,-1,14,79,80,-1,81,82,63,-1,63,82,83,-1,63,83,64,-1,38,40,84,-1,84,40,14,-1,84,14,78,-1,78,14,16,-1,78,16,33,-1,30,7,32,-1,32,7,9,-1,32,9,40,-1,40,9,85,-1,40,85,60,-1,62,86,40,-1,40,86,87,-1,40,87,14,-1,14,87,88,-1,14,88,89,-1,80,81,14,-1,14,81,63,-1,14,63,17,-1,17,63,90,-1,17,90,66,-1,91,92,93,-1,93,92,94,-1,89,95,14,-1,14,95,96,-1,14,96,97,-1,97,98,14,-1,14,98,99,-1,14,99,79,-1,100,101,102,-1,102,101,103,-1,102,103,104,-1,105,91,106,-1,106,91,93,-1,106,93,107,-1,107,93,108,-1,107,108,109,-1,72,110,73,-1,73,110,111,-1,73,111,112,-1,112,111,113,-1,112,113,114,-1,115,116,117,-1,117,116,108,-1,108,116,109,-1,109,116,118,-1,109,118,119,-1,119,118,120,-1,119,120,121,-1,105,106,102,-1,102,106,122,-1,102,122,100,-1,123,124,125,-1,126,127,128,-1,65,129,63,-1,63,129,130,-1,63,130,131,-1,131,130,132,-1,133,134,93,-1,93,134,135,-1,93,135,136,-1,94,137,93,-1,93,137,138,-1,93,138,133,-1,133,138,139,-1,133,139,140,-1,115,117,125,-1,125,117,141,-1,125,141,123,-1,121,120,128,-1,128,120,142,-1,128,142,126,-1,143,144,145,-1,104,103,146,-1,146,103,147,-1,146,147,132,-1,132,147,148,-1,132,148,131,-1,149,150,151,-1,136,135,145,-1,145,135,152,-1,145,152,143,-1,140,139,151,-1,151,139,153,-1,151,153,149,-1,154,155,156,-1,154,156,157,-1,157,156,158,-1,157,158,159,-1,160,161,162,-1,163,164,165,-1,166,167,163,-1,163,167,168,-1,163,168,164,-1,162,169,160,-1,160,169,163,-1,160,163,170,-1,170,163,165,-1,171,172,173,-1,174,175,176,-1,176,175,171,-1,176,171,177,-1,177,171,173,-1,178,179,180,-1,180,179,181,-1,180,181,182,-1,183,184,180,-1,180,184,185,-1,185,186,180,-1,180,186,187,-1,180,187,178,-1,188,189,190,-1,190,189,191,-1,190,191,192,-1,193,194,190,-1,190,194,195,-1,190,195,188,-1,196,197,198,-1,198,197,199,-1,158,156,200,-1,200,156,201,-1,158,200,159,-1,159,200,202,-1,159,202,203,-1,203,202,204,-1,203,204,205,-1,205,204,206,-1,205,206,207,-1,207,206,208,-1,207,208,209,-1,209,208,210,-1,209,210,211,-1,211,210,212,-1,211,212,213,-1,213,212,214,-1,213,214,215,-1,215,214,216,-1,215,216,217,-1,217,216,218,-1,217,218,219,-1,219,218,220,-1,219,220,221,-1,221,220,222,-1,221,222,223,-1,223,222,184,-1,184,222,224,-1,184,224,185,-1,185,224,225,-1,185,225,186,-1,187,186,226,-1,226,186,225,-1,178,187,227,-1,227,187,226,-1,178,227,228,-1,178,228,179,-1,179,228,229,-1,179,229,181,-1,181,229,182,-1,182,229,230,-1,182,230,231,-1,231,230,232,-1,231,232,233,-1,233,232,234,-1,233,234,235,-1,235,234,236,-1,235,236,237,-1,237,236,238,-1,237,238,239,-1,239,238,240,-1,239,240,241,-1,241,240,242,-1,241,242,243,-1,243,242,244,-1,243,244,245,-1,245,244,246,-1,245,246,247,-1,247,246,172,-1,172,246,248,-1,172,248,173,-1,173,248,249,-1,173,249,177,-1,177,249,250,-1,177,250,176,-1,251,252,253,-1,176,250,174,-1,174,250,254,-1,174,254,255,-1,255,254,256,-1,255,256,257,-1,257,256,258,-1,257,258,259,-1,259,258,260,-1,259,260,261,-1,253,262,251,-1,251,262,263,-1,251,263,264,-1,264,263,261,-1,264,261,265,-1,265,261,260,-1,266,267,268,-1,268,267,269,-1,270,271,272,-1,272,271,273,-1,272,273,274,-1,275,276,251,-1,276,277,251,-1,251,277,278,-1,251,278,279,-1,251,280,252,-1,252,280,281,-1,252,281,282,-1,283,284,285,-1,285,284,286,-1,285,287,283,-1,283,287,288,-1,283,288,289,-1,289,288,290,-1,291,292,293,-1,269,272,294,-1,294,272,295,-1,294,295,296,-1,274,297,272,-1,272,297,298,-1,272,298,251,-1,251,298,299,-1,251,299,275,-1,300,301,302,-1,302,301,286,-1,302,286,303,-1,303,286,284,-1,290,304,289,-1,289,304,305,-1,289,305,306,-1,306,305,291,-1,306,291,307,-1,307,291,293,-1,292,291,308,-1,308,291,309,-1,308,309,310,-1,310,309,311,-1,310,311,295,-1,295,311,312,-1,295,312,296,-1,313,314,272,-1,272,314,315,-1,272,315,270,-1,316,317,251,-1,251,317,318,-1,251,318,280,-1,282,319,252,-1,252,319,320,-1,252,320,321,-1,321,320,301,-1,321,301,322,-1,322,301,300,-1,279,323,251,-1,251,323,324,-1,251,324,325,-1,269,267,272,-1,272,267,326,-1,272,326,313,-1,325,327,251,-1,251,327,328,-1,251,328,316,-1,329,295,330,-1,330,295,272,-1,330,272,331,-1,331,272,332,-1,331,332,333,-1,333,332,334,-1,333,334,335,-1,335,334,336,-1,335,336,337,-1,336,338,337,-1,337,338,339,-1,337,339,340,-1,340,339,341,-1,340,341,175,-1,175,341,171,-1,171,341,342,-1,171,342,343,-1,343,342,344,-1,343,344,345,-1,345,344,346,-1,345,346,347,-1,347,346,348,-1,347,348,349,-1,349,348,350,-1,349,350,351,-1,351,350,352,-1,351,352,353,-1,353,352,354,-1,353,354,355,-1,355,354,356,-1,355,356,357,-1,358,359,360,-1,360,359,193,-1,360,193,356,-1,356,193,190,-1,356,190,357,-1,361,362,363,-1,364,365,361,-1,366,367,368,-1,368,367,369,-1,361,365,360,-1,360,365,370,-1,360,370,358,-1,369,367,363,-1,363,367,371,-1,363,371,361,-1,361,371,372,-1,361,372,364,-1,373,374,375,-1,375,374,376,-1,375,376,377,-1,377,376,367,-1,377,367,378,-1,378,367,366,-1,379,362,194,-1,194,362,361,-1,194,361,195,-1,195,361,380,-1,195,380,381,-1,195,381,188,-1,188,381,382,-1,188,382,189,-1,189,382,383,-1,189,383,191,-1,191,383,192,-1,192,383,384,-1,192,384,385,-1,385,384,386,-1,385,386,387,-1,387,386,388,-1,387,388,389,-1,389,388,390,-1,389,390,391,-1,391,390,392,-1,391,392,393,-1,393,392,394,-1,393,394,395,-1,395,394,396,-1,395,396,397,-1,397,396,398,-1,397,398,399,-1,399,398,400,-1,399,400,401,-1,401,400,402,-1,401,402,403,-1,403,402,404,-1,403,404,405,-1,406,407,197,-1,408,409,410,-1,410,409,197,-1,407,411,197,-1,197,411,412,-1,197,412,410,-1,405,404,196,-1,196,404,413,-1,196,413,197,-1,197,413,414,-1,197,414,406,-1,415,416,417,-1,418,419,420,-1,421,422,410,-1,423,424,425,-1,425,424,426,-1,425,426,427,-1,428,429,430,-1,430,429,431,-1,432,433,434,-1,420,435,418,-1,418,435,436,-1,418,436,437,-1,438,439,440,-1,440,441,438,-1,438,441,442,-1,438,442,443,-1,422,444,410,-1,410,444,445,-1,410,445,446,-1,447,448,449,-1,449,448,450,-1,418,451,452,-1,418,453,454,-1,450,455,449,-1,449,455,456,-1,449,456,457,-1,457,456,408,-1,457,408,458,-1,423,425,449,-1,449,425,459,-1,449,459,447,-1,460,461,462,-1,463,464,419,-1,419,464,465,-1,419,465,420,-1,466,467,437,-1,461,468,462,-1,462,468,469,-1,462,469,470,-1,417,471,439,-1,439,471,472,-1,439,472,473,-1,474,475,476,-1,477,478,479,-1,431,480,430,-1,430,480,481,-1,430,481,434,-1,434,481,482,-1,434,482,432,-1,473,483,439,-1,439,483,484,-1,439,484,440,-1,437,485,466,-1,466,485,486,-1,466,486,487,-1,487,486,474,-1,487,474,488,-1,428,430,489,-1,489,430,490,-1,489,490,474,-1,474,490,491,-1,474,491,475,-1,467,492,437,-1,437,492,493,-1,437,493,418,-1,418,493,494,-1,418,494,451,-1,477,495,478,-1,478,495,496,-1,478,496,452,-1,497,498,418,-1,418,498,499,-1,418,499,453,-1,454,500,501,-1,501,500,502,-1,443,503,438,-1,438,503,504,-1,438,504,410,-1,410,504,505,-1,410,505,421,-1,446,506,410,-1,410,506,507,-1,410,507,408,-1,408,507,508,-1,408,508,458,-1,476,509,474,-1,474,509,510,-1,474,510,488,-1,479,511,477,-1,477,511,512,-1,477,512,513,-1,452,496,418,-1,418,496,514,-1,418,514,497,-1,427,515,425,-1,425,515,516,-1,425,516,415,-1,415,516,517,-1,415,517,416,-1,518,519,418,-1,520,521,522,-1,522,521,523,-1,522,523,524,-1,518,418,525,-1,513,526,477,-1,477,526,527,-1,477,527,528,-1,454,501,418,-1,418,501,529,-1,418,529,525,-1,530,531,439,-1,439,531,532,-1,439,532,533,-1,533,534,439,-1,439,534,535,-1,439,535,417,-1,433,536,434,-1,434,536,537,-1,434,537,538,-1,538,537,522,-1,538,522,539,-1,539,522,524,-1,520,522,540,-1,540,522,541,-1,540,541,462,-1,462,541,542,-1,462,542,460,-1,470,543,462,-1,462,543,544,-1,462,544,419,-1,419,544,545,-1,419,545,463,-1,502,546,501,-1,501,546,547,-1,501,547,548,-1,548,547,549,-1,548,549,550,-1,550,549,551,-1,550,551,552,-1,519,553,418,-1,418,553,554,-1,418,554,439,-1,439,554,555,-1,439,555,530,-1,556,557,550,-1,535,558,417,-1,417,558,559,-1,417,559,415,-1,415,559,560,-1,415,560,561,-1,561,562,415,-1,415,562,563,-1,415,563,564,-1,564,563,565,-1,552,566,567,-1,567,566,568,-1,567,568,569,-1,569,570,567,-1,567,570,571,-1,567,571,572,-1,572,571,573,-1,552,567,550,-1,550,567,574,-1,550,574,556,-1,557,575,550,-1,550,575,576,-1,550,576,577,-1,577,576,578,-1,579,580,85,-1,581,439,199,-1,199,439,438,-1,438,582,199,-1,199,582,583,-1,199,583,584,-1,85,9,579,-1,579,9,198,-1,579,198,585,-1,585,198,199,-1,585,199,586,-1,586,199,584,-1,85,580,587,-1,85,587,60,-1,60,587,588,-1,60,588,61,-1,61,588,589,-1,61,589,62,-1,62,589,590,-1,62,590,86,-1,86,590,591,-1,86,591,87,-1,87,591,592,-1,87,592,88,-1,88,592,593,-1,88,593,89,-1,95,89,594,-1,594,89,593,-1,95,594,595,-1,95,595,96,-1,96,595,596,-1,96,596,97,-1,97,596,597,-1,97,597,98,-1,98,597,598,-1,98,598,99,-1,99,598,599,-1,99,599,79,-1,79,599,600,-1,79,600,80,-1,80,600,601,-1,80,601,81,-1,81,601,602,-1,81,602,82,-1,82,602,603,-1,82,603,83,-1,83,603,604,-1,83,604,64,-1,64,604,605,-1,64,605,65,-1,65,605,606,-1,65,606,129,-1,129,606,607,-1,129,607,130,-1,130,607,608,-1,130,608,132,-1,146,132,609,-1,609,132,608,-1,146,609,610,-1,146,610,104,-1,104,610,611,-1,104,611,102,-1,102,611,612,-1,102,612,105,-1,105,612,613,-1,105,613,91,-1,91,613,614,-1,91,614,92,-1,92,614,615,-1,92,615,94,-1,94,615,616,-1,94,616,137,-1,138,137,617,-1,617,137,616,-1,138,617,618,-1,138,618,139,-1,139,618,619,-1,139,619,153,-1,153,619,620,-1,153,620,149,-1,149,620,621,-1,149,621,150,-1,150,621,622,-1,150,622,151,-1,151,622,623,-1,151,623,140,-1,140,623,624,-1,140,624,133,-1,134,133,625,-1,625,133,624,-1,134,625,626,-1,134,626,135,-1,135,626,627,-1,135,627,152,-1,152,627,628,-1,152,628,143,-1,143,628,629,-1,143,629,144,-1,144,629,630,-1,144,630,145,-1,145,630,631,-1,145,631,136,-1,136,631,632,-1,136,632,93,-1,108,93,633,-1,633,93,632,-1,108,633,634,-1,108,634,117,-1,117,634,635,-1,117,635,141,-1,141,635,636,-1,141,636,123,-1,123,636,637,-1,123,637,124,-1,124,637,638,-1,124,638,125,-1,125,638,639,-1,125,639,115,-1,115,639,640,-1,115,640,116,-1,118,116,641,-1,641,116,640,-1,118,641,642,-1,118,642,120,-1,120,642,643,-1,120,643,142,-1,142,643,644,-1,142,644,126,-1,126,644,645,-1,126,645,127,-1,127,645,646,-1,127,646,128,-1,128,646,647,-1,128,647,121,-1,121,647,648,-1,121,648,119,-1,109,119,649,-1,649,119,648,-1,109,649,650,-1,109,650,107,-1,107,650,651,-1,107,651,106,-1,106,651,652,-1,106,652,122,-1,122,652,653,-1,122,653,100,-1,100,653,654,-1,100,654,101,-1,101,654,655,-1,101,655,103,-1,103,655,656,-1,103,656,147,-1,148,147,657,-1,657,147,656,-1,148,657,658,-1,148,658,131,-1,131,658,659,-1,131,659,63,-1,63,659,660,-1,63,660,90,-1,90,660,661,-1,90,661,66,-1,66,661,662,-1,66,662,67,-1,67,662,663,-1,67,663,68,-1,68,663,664,-1,68,664,70,-1,665,666,667,-1,419,418,668,-1,667,666,669,-1,669,666,670,-1,669,670,671,-1,671,670,672,-1,671,672,673,-1,668,674,419,-1,419,674,675,-1,419,675,676,-1,676,675,665,-1,676,665,677,-1,677,665,667,-1,672,53,673,-1,673,53,52,-1,673,52,664,-1,664,52,71,-1,664,71,70,-1,678,679,57,-1,680,540,681,-1,681,540,462,-1,681,462,682,-1,682,462,683,-1,682,683,684,-1,684,683,685,-1,684,685,686,-1,686,685,687,-1,686,687,688,-1,57,55,678,-1,678,55,689,-1,678,689,690,-1,690,689,688,-1,690,688,691,-1,691,688,687,-1,57,679,692,-1,57,692,51,-1,51,692,693,-1,51,693,20,-1,20,693,694,-1,20,694,75,-1,75,694,695,-1,75,695,50,-1,50,695,696,-1,50,696,49,-1,49,696,697,-1,49,697,48,-1,698,699,700,-1,48,697,4,-1,4,697,701,-1,4,701,702,-1,700,703,698,-1,698,703,704,-1,698,704,705,-1,705,704,706,-1,705,706,707,-1,707,706,708,-1,707,708,709,-1,709,708,710,-1,702,701,711,-1,711,701,712,-1,711,712,710,-1,710,712,713,-1,710,713,709,-1,714,715,698,-1,716,717,718,-1,714,698,719,-1,715,720,698,-1,698,720,721,-1,698,721,722,-1,723,724,725,-1,725,724,726,-1,727,728,729,-1,729,728,730,-1,729,730,731,-1,732,733,734,-1,734,733,735,-1,734,735,698,-1,698,735,736,-1,698,736,719,-1,737,738,739,-1,739,738,740,-1,741,742,743,-1,744,745,746,-1,746,745,747,-1,746,747,729,-1,729,747,748,-1,729,748,727,-1,749,750,751,-1,723,725,739,-1,739,725,752,-1,739,752,737,-1,741,743,753,-1,754,755,756,-1,756,755,757,-1,758,759,755,-1,755,759,760,-1,755,760,761,-1,762,763,764,-1,764,763,765,-1,766,767,768,-1,768,767,769,-1,768,769,770,-1,771,772,773,-1,774,775,768,-1,768,775,776,-1,768,776,777,-1,778,779,755,-1,754,780,755,-1,755,780,781,-1,755,781,782,-1,761,783,755,-1,755,783,784,-1,755,784,751,-1,751,784,785,-1,751,785,749,-1,786,787,788,-1,788,787,789,-1,788,789,790,-1,730,791,731,-1,731,791,764,-1,731,764,792,-1,792,764,765,-1,722,793,698,-1,698,793,794,-1,698,794,699,-1,734,795,796,-1,797,798,734,-1,798,799,734,-1,734,799,800,-1,734,800,801,-1,768,802,774,-1,774,802,771,-1,774,771,803,-1,803,771,773,-1,779,804,755,-1,755,804,805,-1,755,805,757,-1,806,807,808,-1,807,806,790,-1,790,806,809,-1,790,809,810,-1,786,788,811,-1,811,788,812,-1,811,812,764,-1,764,812,813,-1,764,813,762,-1,740,814,739,-1,739,814,815,-1,739,815,816,-1,816,815,699,-1,816,699,817,-1,817,699,794,-1,726,818,725,-1,725,818,819,-1,725,819,718,-1,718,819,820,-1,718,820,716,-1,742,821,743,-1,743,821,822,-1,743,822,823,-1,823,822,824,-1,823,824,825,-1,826,827,734,-1,782,828,755,-1,755,828,829,-1,755,829,758,-1,750,830,751,-1,751,830,831,-1,751,831,832,-1,832,831,833,-1,808,834,806,-1,806,834,835,-1,806,835,836,-1,836,837,806,-1,806,837,838,-1,806,838,833,-1,833,838,839,-1,833,839,832,-1,777,778,768,-1,768,778,755,-1,768,755,766,-1,766,755,840,-1,766,840,841,-1,841,842,766,-1,766,842,843,-1,766,843,844,-1,844,843,845,-1,734,846,847,-1,753,743,796,-1,796,743,848,-1,796,848,734,-1,734,848,849,-1,734,849,797,-1,801,850,851,-1,851,850,852,-1,851,852,853,-1,801,851,734,-1,734,851,854,-1,734,854,826,-1,810,855,790,-1,790,855,856,-1,790,856,788,-1,825,824,857,-1,857,824,858,-1,857,858,859,-1,859,860,857,-1,857,860,861,-1,857,861,862,-1,862,861,863,-1,864,865,866,-1,867,868,869,-1,870,871,872,-1,872,871,873,-1,872,873,770,-1,770,873,874,-1,770,874,768,-1,847,875,734,-1,734,875,876,-1,734,876,795,-1,827,877,734,-1,734,877,878,-1,734,878,732,-1,732,878,879,-1,732,879,880,-1,880,879,881,-1,880,881,868,-1,868,881,882,-1,868,882,869,-1,782,883,828,-1,828,883,884,-1,828,884,885,-1,885,886,828,-1,828,886,887,-1,828,887,888,-1,888,887,889,-1,857,890,825,-1,825,890,891,-1,825,891,892,-1,892,893,825,-1,825,893,894,-1,825,894,895,-1,895,894,896,-1,734,897,846,-1,846,897,898,-1,846,898,899,-1,899,900,846,-1,846,900,901,-1,846,901,870,-1,870,901,902,-1,870,902,871,-1,717,903,718,-1,718,903,904,-1,718,904,905,-1,905,904,864,-1,905,864,906,-1,906,864,866,-1,810,907,855,-1,855,907,908,-1,855,908,909,-1,909,910,855,-1,855,910,911,-1,855,911,912,-1,912,911,913,-1,914,915,916,-1,916,915,917,-1,916,917,918,-1,918,917,851,-1,918,851,919,-1,919,851,853,-1,867,869,920,-1,920,869,921,-1,920,921,922,-1,922,921,923,-1,922,923,924,-1,924,923,925,-1,924,925,864,-1,864,925,926,-1,864,926,927,-1,927,928,864,-1,864,928,929,-1,864,929,865,-1,930,931,932,-1,932,931,6,-1,6,5,932,-1,932,5,933,-1,932,933,934,-1,934,933,935,-1,934,935,936,-1,936,935,937,-1,936,937,938,-1,938,937,939,-1,938,939,940,-1,941,734,939,-1,939,734,942,-1,939,942,940,-1,931,930,943,-1,931,943,944,-1,944,943,945,-1,944,945,946,-1,946,945,947,-1,946,947,948,-1,948,947,949,-1,948,949,950,-1,950,949,951,-1,950,951,952,-1,952,951,15,-1,15,951,953,-1,15,953,16,-1,16,953,954,-1,16,954,33,-1,34,33,955,-1,955,33,954,-1,34,955,956,-1,34,956,36,-1,36,956,957,-1,36,957,37,-1,37,957,958,-1,37,958,35,-1,35,958,959,-1,35,959,43,-1,43,959,960,-1,43,960,44,-1,44,960,961,-1,44,961,45,-1,45,961,962,-1,45,962,76,-1,77,76,963,-1,963,76,962,-1,77,963,964,-1,77,964,78,-1,78,964,965,-1,78,965,84,-1,84,965,966,-1,84,966,38,-1,38,966,967,-1,38,967,39,-1,39,967,968,-1,39,968,41,-1,41,968,969,-1,41,969,42,-1,42,969,970,-1,42,970,23,-1,24,23,971,-1,971,23,970,-1,24,971,972,-1,24,972,25,-1,25,972,973,-1,25,973,26,-1,26,973,974,-1,26,974,27,-1,27,974,975,-1,27,975,28,-1,28,975,976,-1,28,976,11,-1,11,976,977,-1,11,977,12,-1,12,977,978,-1,12,978,13,-1,731,792,979,-1,979,980,731,-1,731,980,981,-1,731,981,982,-1,982,981,983,-1,13,978,0,-1,0,978,984,-1,0,984,985,-1,985,984,986,-1,985,986,987,-1,987,986,988,-1,987,988,989,-1,989,988,990,-1,989,990,983,-1,983,990,991,-1,983,991,982,-1,1,992,993,-1,994,995,996,-1,993,992,997,-1,997,992,998,-1,997,998,999,-1,1,993,3,-1,3,993,1000,-1,3,1000,1001,-1,996,1002,994,-1,994,1002,1003,-1,994,1003,1004,-1,1004,1003,1005,-1,999,998,1006,-1,1006,998,1007,-1,1006,1007,1008,-1,1008,1007,1009,-1,1008,1009,1010,-1,1010,1009,1011,-1,1010,1011,729,-1,729,1011,1012,-1,729,1012,746,-1,746,1012,1013,-1,746,1013,1014,-1,1014,1013,1015,-1,1014,1015,1016,-1,1016,1015,1017,-1,1016,1017,1018,-1,1018,1017,1019,-1,1018,1019,1005,-1,1005,1019,1020,-1,1005,1020,1004,-1,1001,1000,1021,-1,1001,1021,1022,-1,1022,1021,1023,-1,1022,1023,1024,-1,1024,1023,1025,-1,1024,1025,1026,-1,1026,1025,161,-1,161,1025,1027,-1,161,1027,162,-1,162,1027,1028,-1,162,1028,169,-1,169,1028,1029,-1,169,1029,163,-1,163,1029,1030,-1,163,1030,166,-1,167,166,1031,-1,1031,166,1030,-1,167,1031,1032,-1,167,1032,168,-1,168,1032,1033,-1,168,1033,164,-1,164,1033,1034,-1,164,1034,165,-1,165,1034,1035,-1,165,1035,170,-1,170,1035,160,-1,160,1035,1036,-1,160,1036,1037,-1,1037,1036,1038,-1,1037,1038,1039,-1,1039,1038,1040,-1,1039,1040,1041,-1,1041,1040,1042,-1,1041,1042,1043,-1,1043,1042,1044,-1,1043,1044,1045,-1,1045,1044,1046,-1,1045,1046,1047,-1,1047,1046,157,-1,157,1046,1048,-1,157,1048,154,-1,154,1048,155,-1,155,1048,1049,-1,155,1049,1050,-1,1050,1049,1051,-1,1051,1049,1052,-1,1051,1052,1053,-1,1053,1052,1054,-1,1053,1054,1055,-1,1056,1057,1058,-1,1058,1057,1059,-1,1058,1059,1060,-1,1060,1061,1058,-1,1058,1061,1062,-1,1058,1062,1063,-1,1063,1064,1058,-1,1058,1064,1065,-1,1058,1065,1066,-1,1066,1065,1067,-1,1066,1067,1054,-1,1054,1067,1068,-1,1054,1068,1055,-1,1069,1070,1056,-1,1056,1058,1071,-1,1072,1073,1070,-1,1070,1073,1074,-1,1070,1074,1056,-1,1071,1075,1056,-1,1056,1075,1076,-1,1056,1076,1077,-1,1077,1078,1056,-1,1056,1078,1079,-1,1056,1079,1080,-1,1080,1081,1056,-1,1056,1081,1082,-1,1056,1082,1069,-1,1070,1083,1072,-1,1072,1083,1084,-1,1083,1085,1084,-1,1084,1085,1086,-1,1084,1086,1087,-1,1087,1088,1084,-1,1084,1088,1089,-1,1084,1089,1090,-1,1090,1089,1091,-1,1084,1092,1072,-1,1072,1092,1093,-1,1072,1093,1094,-1,1094,1095,1072,-1,1072,1095,1096,-1,1072,1096,1097,-1,1097,1096,1098,-1,201,156,1099,-1,1099,156,1100,-1,1099,1100,1101,-1,1101,1100,1102,-1,1101,1102,1103,-1,1103,1102,1104,-1,1103,1104,1105,-1,1105,1104,1106,-1,1107,1083,1108,-1,1108,1083,1109,-1,1108,1109,1106,-1,1106,1109,1110,-1,1106,1110,1105,-1,1111,1085,1112,-1,1112,1085,1083,-1,1112,1083,1113,-1,1113,1083,1107,-1,930,932,701,-1,953,951,696,-1,350,348,249,-1,592,591,236,-1,947,945,697,-1,600,599,695,-1,348,346,249,-1,249,346,344,-1,249,344,250,-1,250,344,342,-1,250,342,254,-1,254,342,341,-1,659,695,660,-1,660,695,694,-1,660,694,661,-1,661,694,693,-1,661,693,662,-1,662,693,692,-1,662,692,663,-1,663,692,679,-1,663,679,664,-1,664,679,678,-1,664,678,673,-1,600,695,601,-1,1031,1030,1032,-1,1032,1030,1029,-1,1032,1029,1033,-1,1033,1029,1034,-1,970,969,202,-1,697,945,701,-1,701,945,943,-1,701,943,930,-1,632,651,633,-1,633,651,650,-1,633,650,649,-1,390,388,236,-1,236,388,386,-1,236,386,238,-1,248,354,249,-1,249,354,352,-1,249,352,350,-1,229,222,230,-1,230,222,232,-1,227,226,228,-1,228,226,225,-1,228,225,229,-1,229,225,224,-1,229,224,222,-1,202,969,204,-1,969,968,696,-1,696,968,967,-1,696,951,697,-1,697,951,949,-1,697,949,947,-1,605,604,659,-1,659,604,603,-1,659,603,695,-1,695,603,602,-1,695,602,601,-1,580,579,413,-1,361,360,356,-1,212,696,214,-1,214,696,216,-1,977,1052,1049,-1,617,616,632,-1,616,615,632,-1,632,615,614,-1,632,614,651,-1,651,614,613,-1,611,654,653,-1,641,649,648,-1,596,696,597,-1,597,696,695,-1,597,695,598,-1,598,695,599,-1,384,383,248,-1,248,383,382,-1,248,382,381,-1,222,220,696,-1,696,220,218,-1,696,218,216,-1,212,210,696,-1,696,210,208,-1,696,208,969,-1,969,208,206,-1,969,206,204,-1,201,1099,973,-1,613,612,651,-1,651,612,611,-1,651,611,652,-1,652,611,653,-1,596,595,696,-1,696,595,594,-1,696,594,593,-1,593,592,696,-1,696,592,236,-1,696,236,222,-1,222,236,234,-1,222,234,232,-1,413,404,580,-1,580,404,402,-1,580,402,587,-1,587,402,400,-1,587,400,588,-1,588,400,589,-1,398,591,400,-1,400,591,590,-1,400,590,589,-1,398,396,591,-1,591,396,394,-1,591,394,236,-1,236,394,392,-1,236,392,390,-1,244,242,386,-1,386,242,240,-1,386,240,238,-1,356,354,361,-1,361,354,248,-1,361,248,380,-1,380,248,381,-1,1049,1048,977,-1,977,1048,1046,-1,977,1046,1044,-1,993,984,1000,-1,1000,984,1021,-1,977,976,1052,-1,1052,976,975,-1,1052,975,1099,-1,1099,975,974,-1,1099,974,973,-1,641,648,642,-1,642,648,647,-1,642,647,646,-1,649,641,633,-1,633,641,640,-1,633,640,634,-1,634,640,639,-1,634,639,638,-1,384,248,386,-1,386,248,246,-1,386,246,244,-1,201,973,200,-1,200,973,972,-1,200,972,202,-1,202,972,971,-1,202,971,970,-1,1044,1042,977,-1,977,1042,1040,-1,977,1040,1038,-1,960,959,956,-1,956,959,958,-1,956,958,957,-1,626,631,630,-1,645,644,646,-1,646,644,643,-1,646,643,642,-1,637,636,638,-1,638,636,635,-1,638,635,634,-1,1021,984,1023,-1,1023,984,978,-1,1023,978,1025,-1,1025,978,977,-1,1025,977,1027,-1,1027,977,1038,-1,1027,1038,1028,-1,1028,1038,1036,-1,1028,1036,1029,-1,1029,1036,1035,-1,1029,1035,1034,-1,967,966,696,-1,696,966,965,-1,696,965,953,-1,953,965,964,-1,953,964,954,-1,954,964,963,-1,954,963,955,-1,955,963,962,-1,955,962,956,-1,956,962,961,-1,956,961,960,-1,631,626,632,-1,632,626,625,-1,632,625,617,-1,617,625,624,-1,617,624,618,-1,618,624,623,-1,618,623,622,-1,654,611,655,-1,655,611,610,-1,655,610,656,-1,656,610,609,-1,656,609,657,-1,657,609,608,-1,657,608,658,-1,658,608,607,-1,658,607,659,-1,659,607,606,-1,659,606,605,-1,629,628,630,-1,630,628,627,-1,630,627,626,-1,621,620,622,-1,622,620,619,-1,622,619,618,-1,1114,415,564,-1,1114,564,1115,-1,1115,564,565,-1,1115,565,1116,-1,1116,565,563,-1,1116,563,1117,-1,1117,563,562,-1,1117,562,1118,-1,1118,562,561,-1,1118,561,1119,-1,1119,561,560,-1,1119,560,1120,-1,1120,560,559,-1,1120,559,1121,-1,1122,1121,558,-1,558,1121,559,-1,1122,558,535,-1,1122,535,1123,-1,1123,535,534,-1,1123,534,1124,-1,1124,534,533,-1,1124,533,1125,-1,1125,533,532,-1,1125,532,1126,-1,1126,532,531,-1,1126,531,1127,-1,1127,531,530,-1,1127,530,1128,-1,1128,530,555,-1,1128,555,1129,-1,1130,1129,554,-1,554,1129,555,-1,1130,554,553,-1,1130,553,1131,-1,1131,553,519,-1,1131,519,1132,-1,1132,519,518,-1,1132,518,1133,-1,1133,518,525,-1,1133,525,1134,-1,1134,525,529,-1,1134,529,1135,-1,1135,529,501,-1,1135,501,1136,-1,1136,501,548,-1,1136,548,1137,-1,1138,1137,550,-1,550,1137,548,-1,1138,550,577,-1,1138,577,1139,-1,1139,577,578,-1,1139,578,1140,-1,1140,578,576,-1,1140,576,1141,-1,1141,576,575,-1,1141,575,1142,-1,1142,575,557,-1,1142,557,1143,-1,1143,557,556,-1,1143,556,1144,-1,1144,556,574,-1,1144,574,1145,-1,1146,1145,567,-1,567,1145,574,-1,1146,567,572,-1,1146,572,1147,-1,1147,572,573,-1,1147,573,1148,-1,1148,573,571,-1,1148,571,1149,-1,1149,571,570,-1,1149,570,1150,-1,1150,570,569,-1,1150,569,1151,-1,1151,569,568,-1,1151,568,1152,-1,1152,568,566,-1,1152,566,1153,-1,1154,1153,552,-1,552,1153,566,-1,1154,552,551,-1,1154,551,1155,-1,1155,551,549,-1,1155,549,1156,-1,1156,549,547,-1,1156,547,1157,-1,1157,547,546,-1,1157,546,1158,-1,1158,546,502,-1,1158,502,1159,-1,1159,502,500,-1,1159,500,1160,-1,1160,500,454,-1,1160,454,1161,-1,1161,454,453,-1,1161,453,1162,-1,1162,453,499,-1,1162,499,1163,-1,1163,499,498,-1,1163,498,1164,-1,1164,498,497,-1,1164,497,1165,-1,1165,497,514,-1,1165,514,1166,-1,1166,514,496,-1,1166,496,1167,-1,1167,496,495,-1,1167,495,1168,-1,1169,1168,495,-1,495,477,1169,-1,1169,477,1170,-1,1169,1170,1171,-1,1171,1170,1172,-1,1173,1174,1175,-1,1175,1174,1176,-1,1175,1176,1177,-1,1177,1176,1178,-1,1177,1178,1179,-1,1179,1178,1180,-1,1179,1180,1181,-1,1181,1180,1182,-1,1181,1182,1172,-1,1172,1182,1183,-1,1172,1183,1171,-1,1184,1185,1186,-1,527,1187,528,-1,528,1187,1188,-1,528,1188,1189,-1,1189,1188,1190,-1,1189,1190,1191,-1,1191,1190,1192,-1,1191,1192,1193,-1,1193,1192,1194,-1,1193,1194,1195,-1,1186,1196,1184,-1,1184,1196,1197,-1,1184,1197,1198,-1,1198,1197,1195,-1,1198,1195,1199,-1,1199,1195,1194,-1,1187,527,526,-1,1187,526,1200,-1,1200,526,513,-1,1200,513,1201,-1,1201,513,512,-1,1201,512,1202,-1,1202,512,511,-1,1202,511,1203,-1,1203,511,479,-1,1203,479,1204,-1,1204,479,478,-1,1204,478,1205,-1,1205,478,452,-1,1205,452,1206,-1,1206,452,451,-1,1206,451,1207,-1,1207,451,494,-1,1207,494,1208,-1,1208,494,493,-1,1208,493,1209,-1,1209,493,492,-1,1209,492,1210,-1,1210,492,467,-1,1210,467,1211,-1,1211,467,466,-1,1211,466,1212,-1,1212,466,487,-1,1212,487,1213,-1,1214,1213,488,-1,488,1213,487,-1,1214,488,510,-1,1214,510,1215,-1,1215,510,509,-1,1215,509,1216,-1,1216,509,476,-1,1216,476,1217,-1,1217,476,475,-1,1217,475,1218,-1,1218,475,491,-1,1218,491,1219,-1,1219,491,490,-1,1219,490,1220,-1,1220,490,430,-1,1220,430,1221,-1,1222,1221,434,-1,434,1221,430,-1,1222,434,538,-1,1222,538,1223,-1,1223,538,539,-1,1223,539,1224,-1,1224,539,524,-1,1224,524,1225,-1,1225,524,523,-1,1225,523,1226,-1,1226,523,521,-1,1226,521,1227,-1,1227,521,520,-1,1227,520,1228,-1,1228,520,540,-1,1228,540,680,-1,581,668,439,-1,439,668,418,-1,409,408,456,-1,409,456,1229,-1,1229,456,455,-1,1229,455,1230,-1,1230,455,450,-1,1230,450,1231,-1,1231,450,448,-1,1231,448,1232,-1,1232,448,447,-1,1232,447,1233,-1,1233,447,459,-1,1233,459,1234,-1,1234,459,425,-1,1234,425,1235,-1,1114,1235,415,-1,415,1235,425,-1,1236,1237,581,-1,1238,1239,668,-1,668,1239,1240,-1,668,1240,674,-1,1240,1241,674,-1,674,1241,1242,-1,674,1242,1243,-1,1244,1245,199,-1,197,1246,1247,-1,1248,1249,681,-1,1236,581,1250,-1,1249,1251,681,-1,681,1251,1252,-1,681,1252,1253,-1,1247,1254,197,-1,197,1254,1255,-1,197,1255,199,-1,199,1255,1256,-1,199,1256,1244,-1,1257,1258,1222,-1,1222,1258,1259,-1,1222,1259,1260,-1,1232,1261,1231,-1,1231,1261,1230,-1,1230,1261,1229,-1,1229,1261,1262,-1,1229,1262,409,-1,1263,1264,197,-1,197,1264,1265,-1,197,1265,1246,-1,1245,1266,199,-1,199,1266,1267,-1,199,1267,581,-1,581,1267,1268,-1,581,1268,1269,-1,1243,1270,674,-1,674,1270,1271,-1,674,1271,681,-1,681,1271,1272,-1,681,1272,1248,-1,1235,1273,1234,-1,1234,1273,1261,-1,1234,1261,1233,-1,1233,1261,1232,-1,1225,1226,1274,-1,1269,1275,581,-1,581,1275,1276,-1,581,1276,1250,-1,1225,1274,1224,-1,1226,1227,1274,-1,1274,1227,1228,-1,1274,1228,1277,-1,1277,1228,680,-1,1277,680,1278,-1,1278,680,681,-1,1278,681,1279,-1,1279,681,1253,-1,1257,1222,1274,-1,1274,1222,1223,-1,1274,1223,1224,-1,668,1136,1161,-1,1161,1136,1160,-1,1280,1281,1235,-1,1235,1281,1282,-1,1235,1282,1273,-1,1161,1162,668,-1,668,1162,1163,-1,668,1163,1164,-1,1206,1207,668,-1,668,1207,1208,-1,668,1208,1238,-1,1238,1208,1209,-1,1209,1210,1238,-1,1238,1210,1211,-1,1238,1211,1283,-1,1283,1211,1212,-1,1283,1212,1284,-1,1285,1214,1215,-1,1286,1287,1221,-1,1221,1287,1288,-1,1221,1288,1220,-1,1220,1288,1289,-1,1220,1289,1219,-1,1219,1289,1285,-1,1219,1285,1218,-1,1284,1212,1285,-1,1285,1212,1213,-1,1285,1213,1214,-1,1262,1290,409,-1,409,1290,1291,-1,409,1291,197,-1,197,1291,1292,-1,197,1292,1263,-1,1260,1293,1222,-1,1222,1293,1294,-1,1222,1294,1221,-1,1221,1294,1295,-1,1221,1295,1286,-1,1123,1124,581,-1,1164,1165,668,-1,668,1165,1166,-1,668,1166,1206,-1,1206,1166,1167,-1,1206,1167,1205,-1,1202,1203,1167,-1,1167,1203,1204,-1,1167,1204,1205,-1,1215,1216,1285,-1,1285,1216,1217,-1,1285,1217,1218,-1,1131,1132,668,-1,668,1132,1133,-1,1157,1158,1136,-1,1136,1158,1159,-1,1136,1159,1160,-1,1124,1125,581,-1,581,1125,1126,-1,581,1126,1127,-1,1133,1134,668,-1,668,1134,1135,-1,668,1135,1136,-1,1296,1297,1114,-1,1114,1297,1298,-1,1114,1298,1235,-1,1235,1298,1299,-1,1235,1299,1280,-1,1123,581,1122,-1,1122,581,1237,-1,1122,1237,1121,-1,1127,1128,581,-1,581,1128,1129,-1,581,1129,668,-1,668,1129,1130,-1,668,1130,1131,-1,1157,1136,1156,-1,1156,1136,1137,-1,1156,1137,1155,-1,1155,1137,1138,-1,1155,1138,1154,-1,1168,1169,1188,-1,1188,1187,1168,-1,1168,1187,1200,-1,1168,1200,1167,-1,1167,1200,1201,-1,1167,1201,1202,-1,1114,1118,1119,-1,1118,1114,1117,-1,1117,1114,1115,-1,1117,1115,1116,-1,1237,1296,1121,-1,1121,1296,1114,-1,1121,1114,1120,-1,1120,1114,1119,-1,1138,1142,1143,-1,1147,1148,1149,-1,1151,1152,1146,-1,1142,1138,1141,-1,1141,1138,1139,-1,1141,1139,1140,-1,1152,1153,1146,-1,1146,1153,1154,-1,1146,1154,1145,-1,1145,1154,1138,-1,1145,1138,1144,-1,1144,1138,1143,-1,1147,1149,1146,-1,1146,1149,1150,-1,1146,1150,1151,-1,1292,507,506,-1,1292,506,1263,-1,1263,506,446,-1,1263,446,1264,-1,1264,446,445,-1,1264,445,1265,-1,1265,445,444,-1,1265,444,1246,-1,1246,444,422,-1,1246,422,1247,-1,1247,422,421,-1,1247,421,1254,-1,1254,421,505,-1,1254,505,1255,-1,1292,1291,507,-1,507,1291,508,-1,1280,427,426,-1,1280,426,1281,-1,1281,426,424,-1,1281,424,1282,-1,1282,424,423,-1,1282,423,1273,-1,1273,423,449,-1,1273,449,1261,-1,1261,449,457,-1,1261,457,1262,-1,1262,457,458,-1,1262,458,1290,-1,1290,458,508,-1,1290,508,1291,-1,1280,1299,427,-1,427,1299,515,-1,1276,473,472,-1,1276,472,1250,-1,1250,472,471,-1,1250,471,1236,-1,1236,471,417,-1,1236,417,1237,-1,1237,417,416,-1,1237,416,1296,-1,1296,416,517,-1,1296,517,1297,-1,1297,517,516,-1,1297,516,1298,-1,1298,516,515,-1,1298,515,1299,-1,1276,1275,473,-1,473,1275,483,-1,1256,504,503,-1,1256,503,1244,-1,1244,503,443,-1,1244,443,1245,-1,1245,443,442,-1,1245,442,1266,-1,1266,442,441,-1,1266,441,1267,-1,1267,441,440,-1,1267,440,1268,-1,1268,440,484,-1,1268,484,1269,-1,1269,484,483,-1,1269,483,1275,-1,1256,1255,504,-1,504,1255,505,-1,1272,544,543,-1,1272,543,1248,-1,1248,543,470,-1,1248,470,1249,-1,1249,470,469,-1,1249,469,1251,-1,1251,469,468,-1,1251,468,1252,-1,1252,468,461,-1,1252,461,1253,-1,1253,461,460,-1,1253,460,1279,-1,1279,460,542,-1,1279,542,1278,-1,1272,1271,544,-1,544,1271,545,-1,1238,437,436,-1,1238,436,1239,-1,1239,436,435,-1,1239,435,1240,-1,1240,435,420,-1,1240,420,1241,-1,1241,420,465,-1,1241,465,1242,-1,1242,465,464,-1,1242,464,1243,-1,1243,464,463,-1,1243,463,1270,-1,1270,463,545,-1,1270,545,1271,-1,1238,1283,437,-1,437,1283,485,-1,1295,480,431,-1,1295,431,1286,-1,1286,431,429,-1,1286,429,1287,-1,1287,429,428,-1,1287,428,1288,-1,1288,428,489,-1,1288,489,1289,-1,1289,489,474,-1,1289,474,1285,-1,1285,474,486,-1,1285,486,1284,-1,1284,486,485,-1,1284,485,1283,-1,1295,1294,480,-1,480,1294,481,-1,1277,541,522,-1,1277,522,1274,-1,1274,522,537,-1,1274,537,1257,-1,1257,537,536,-1,1257,536,1258,-1,1258,536,433,-1,1258,433,1259,-1,1259,433,432,-1,1259,432,1260,-1,1260,432,482,-1,1260,482,1293,-1,1293,482,481,-1,1293,481,1294,-1,1277,1278,541,-1,541,1278,542,-1,359,358,370,-1,359,370,1300,-1,1300,370,365,-1,1300,365,1301,-1,1301,365,364,-1,1301,364,1302,-1,1302,364,372,-1,1302,372,1303,-1,1303,372,371,-1,1303,371,1304,-1,1304,371,367,-1,1304,367,1305,-1,1305,367,376,-1,1305,376,1306,-1,1307,1306,376,-1,376,374,1307,-1,1307,374,1308,-1,1307,1308,1309,-1,1309,1308,1310,-1,1311,1312,1313,-1,1313,1312,1314,-1,1313,1314,1315,-1,1315,1314,1316,-1,1315,1316,1317,-1,1317,1316,1318,-1,1317,1318,1319,-1,1319,1318,1320,-1,1319,1320,1310,-1,1310,1320,1321,-1,1310,1321,1309,-1,1322,1323,1324,-1,375,1325,373,-1,373,1325,1326,-1,373,1326,1327,-1,1327,1326,1328,-1,1327,1328,1329,-1,1329,1328,1330,-1,1329,1330,1331,-1,1331,1330,1332,-1,1331,1332,1333,-1,1324,1334,1322,-1,1322,1334,1335,-1,1322,1335,1336,-1,1336,1335,1333,-1,1336,1333,1337,-1,1337,1333,1332,-1,1325,375,377,-1,1325,377,1338,-1,1338,377,378,-1,1338,378,1339,-1,1339,378,366,-1,1339,366,1340,-1,1340,366,368,-1,1340,368,1341,-1,1341,368,369,-1,1341,369,1342,-1,1342,369,363,-1,1342,363,1343,-1,1343,363,362,-1,1343,362,379,-1,1343,379,194,-1,1301,194,1300,-1,1300,194,193,-1,1300,193,359,-1,1340,1341,1305,-1,1305,1341,1342,-1,1305,1342,1343,-1,1301,1302,194,-1,194,1302,1303,-1,194,1303,1343,-1,1343,1303,1304,-1,1343,1304,1305,-1,1306,1307,1326,-1,1326,1325,1306,-1,1306,1325,1338,-1,1306,1338,1305,-1,1305,1338,1339,-1,1305,1339,1340,-1,1344,1345,1346,-1,1346,1345,1347,-1,1344,1346,1348,-1,1344,1348,1349,-1,1349,1348,1350,-1,1349,1350,1351,-1,1351,1350,1352,-1,1351,1352,1353,-1,1353,1352,1354,-1,1353,1354,1355,-1,1355,1354,1356,-1,1355,1356,1357,-1,1357,1356,1358,-1,1357,1358,1359,-1,1359,1358,1186,-1,1359,1186,1185,-1,1174,1173,1360,-1,1174,1360,1361,-1,1361,1360,1362,-1,1361,1362,1363,-1,1363,1362,1364,-1,1363,1364,1365,-1,1365,1364,1366,-1,1365,1366,1367,-1,1367,1366,1368,-1,1367,1368,1369,-1,1369,1368,1370,-1,1369,1370,1371,-1,1371,1370,1347,-1,1371,1347,1345,-1,1184,1176,1185,-1,1185,1176,1345,-1,1176,1174,1345,-1,1345,1174,1361,-1,1345,1361,1363,-1,1363,1365,1345,-1,1345,1365,1367,-1,1345,1367,1371,-1,1371,1367,1369,-1,1345,1344,1185,-1,1185,1344,1349,-1,1185,1349,1351,-1,1351,1353,1185,-1,1185,1353,1355,-1,1185,1355,1359,-1,1359,1355,1357,-1,1175,1196,1347,-1,1347,1196,1186,-1,1370,1368,1366,-1,1362,1360,1347,-1,1347,1360,1173,-1,1347,1173,1175,-1,1358,1356,1354,-1,1350,1348,1186,-1,1186,1348,1346,-1,1186,1346,1347,-1,1370,1366,1347,-1,1347,1366,1364,-1,1347,1364,1362,-1,1358,1354,1186,-1,1186,1354,1352,-1,1186,1352,1350,-1,1313,1334,1372,-1,1372,1334,1324,-1,1373,1374,1375,-1,1376,1377,1372,-1,1372,1377,1311,-1,1372,1311,1313,-1,1378,1379,1380,-1,1381,1382,1324,-1,1324,1382,1383,-1,1324,1383,1372,-1,1373,1375,1372,-1,1372,1375,1384,-1,1372,1384,1376,-1,1378,1380,1324,-1,1324,1380,1385,-1,1324,1385,1381,-1,1386,1387,1383,-1,1383,1387,1372,-1,1386,1383,1382,-1,1386,1382,1388,-1,1388,1382,1381,-1,1388,1381,1389,-1,1389,1381,1385,-1,1389,1385,1390,-1,1390,1385,1380,-1,1390,1380,1391,-1,1391,1380,1379,-1,1391,1379,1392,-1,1392,1379,1378,-1,1392,1378,1393,-1,1393,1378,1324,-1,1393,1324,1323,-1,1312,1311,1377,-1,1312,1377,1394,-1,1394,1377,1376,-1,1394,1376,1395,-1,1395,1376,1384,-1,1395,1384,1396,-1,1396,1384,1375,-1,1396,1375,1397,-1,1397,1375,1374,-1,1397,1374,1398,-1,1398,1374,1373,-1,1398,1373,1399,-1,1399,1373,1372,-1,1399,1372,1387,-1,1322,1314,1323,-1,1323,1314,1387,-1,1314,1312,1387,-1,1387,1312,1394,-1,1387,1394,1395,-1,1395,1396,1387,-1,1387,1396,1397,-1,1387,1397,1399,-1,1399,1397,1398,-1,1387,1386,1323,-1,1323,1386,1388,-1,1323,1388,1389,-1,1389,1390,1323,-1,1323,1390,1391,-1,1323,1391,1393,-1,1393,1391,1392,-1,253,252,321,-1,253,321,1400,-1,1400,321,322,-1,1400,322,1401,-1,1401,322,300,-1,1401,300,1402,-1,1402,300,302,-1,1402,302,1403,-1,1403,302,303,-1,1403,303,1404,-1,1404,303,284,-1,1404,284,1405,-1,1405,284,283,-1,1405,283,1406,-1,1407,1406,289,-1,289,1406,283,-1,1407,289,306,-1,1407,306,1408,-1,1408,306,307,-1,1408,307,1409,-1,1409,307,293,-1,1409,293,1410,-1,1410,293,292,-1,1410,292,1411,-1,1411,292,308,-1,1411,308,1412,-1,1412,308,310,-1,1412,310,1413,-1,1413,310,295,-1,1413,295,329,-1,330,1414,329,-1,329,1414,1415,-1,329,1415,1416,-1,1407,1417,1406,-1,1406,1417,1418,-1,253,1419,1420,-1,1421,1422,262,-1,262,1422,1423,-1,1409,1410,1424,-1,1424,1410,1411,-1,1424,1411,1425,-1,1409,1424,1408,-1,1408,1424,1426,-1,1408,1426,1407,-1,1407,1426,1427,-1,1407,1427,1417,-1,1428,1429,262,-1,262,1429,1430,-1,262,1430,1421,-1,1431,1432,330,-1,330,1432,1433,-1,330,1433,1434,-1,1434,1435,330,-1,330,1435,1436,-1,330,1436,1437,-1,1418,1438,1406,-1,1406,1438,1439,-1,1406,1439,1405,-1,1405,1439,1440,-1,1420,1441,253,-1,253,1441,1442,-1,253,1442,262,-1,262,1442,1443,-1,262,1443,1444,-1,1416,1445,329,-1,329,1445,1446,-1,329,1446,1413,-1,1413,1446,1425,-1,1413,1425,1412,-1,1412,1425,1411,-1,1401,1402,1447,-1,1447,1402,1403,-1,1447,1403,1440,-1,1440,1403,1404,-1,1440,1404,1405,-1,1419,253,1447,-1,1447,253,1400,-1,1447,1400,1401,-1,1437,1448,330,-1,330,1448,1449,-1,330,1449,1450,-1,1423,1451,262,-1,262,1451,1452,-1,262,1452,330,-1,330,1452,1453,-1,330,1453,1431,-1,1450,1454,330,-1,330,1454,1455,-1,330,1455,1414,-1,1444,1456,262,-1,262,1456,1457,-1,262,1457,1458,-1,1458,1459,262,-1,262,1459,1460,-1,262,1460,1428,-1,1453,298,297,-1,1453,297,1431,-1,1431,297,274,-1,1431,274,1432,-1,1432,274,273,-1,1432,273,1433,-1,1433,273,271,-1,1433,271,1434,-1,1434,271,270,-1,1434,270,1435,-1,1435,270,315,-1,1435,315,1436,-1,1436,315,314,-1,1436,314,1437,-1,1453,1452,298,-1,298,1452,299,-1,1428,324,323,-1,1428,323,1429,-1,1429,323,279,-1,1429,279,1430,-1,1430,279,278,-1,1430,278,1421,-1,1421,278,277,-1,1421,277,1422,-1,1422,277,276,-1,1422,276,1423,-1,1423,276,275,-1,1423,275,1451,-1,1451,275,299,-1,1451,299,1452,-1,1428,1460,324,-1,324,1460,325,-1,1456,317,316,-1,1456,316,1457,-1,1457,316,328,-1,1457,328,1458,-1,1458,328,327,-1,1458,327,1459,-1,1459,327,325,-1,1459,325,1460,-1,1441,282,281,-1,1441,281,1442,-1,1442,281,280,-1,1442,280,1443,-1,1443,280,318,-1,1443,318,1444,-1,1444,318,317,-1,1444,317,1456,-1,1418,288,287,-1,1418,287,1438,-1,1438,287,285,-1,1438,285,1439,-1,1439,285,286,-1,1439,286,1440,-1,1440,286,301,-1,1440,301,1447,-1,1447,301,320,-1,1447,320,1419,-1,1419,320,319,-1,1419,319,1420,-1,1420,319,282,-1,1420,282,1441,-1,1418,1417,288,-1,288,1417,290,-1,1455,268,269,-1,1455,269,1414,-1,1414,269,294,-1,1414,294,1415,-1,1415,294,296,-1,1415,296,1416,-1,1416,296,312,-1,1416,312,1445,-1,1445,312,311,-1,1445,311,1446,-1,1446,311,309,-1,1446,309,1425,-1,1425,309,291,-1,1425,291,1424,-1,1424,291,305,-1,1424,305,1426,-1,1426,305,304,-1,1426,304,1427,-1,1427,304,290,-1,1427,290,1417,-1,1448,313,326,-1,1448,326,1449,-1,1449,326,267,-1,1449,267,1450,-1,1450,267,266,-1,1450,266,1454,-1,1454,266,268,-1,1454,268,1455,-1,1448,1437,313,-1,313,1437,314,-1,1073,1072,1097,-1,1073,1097,1461,-1,1461,1097,1098,-1,1461,1098,1462,-1,1462,1098,1096,-1,1462,1096,1463,-1,1463,1096,1095,-1,1463,1095,1464,-1,1464,1095,1094,-1,1464,1094,1465,-1,1465,1094,1093,-1,1465,1093,1466,-1,1466,1093,1092,-1,1466,1092,1467,-1,1468,1467,1084,-1,1084,1467,1092,-1,1468,1084,1090,-1,1468,1090,1469,-1,1469,1090,1091,-1,1469,1091,1470,-1,1470,1091,1089,-1,1470,1089,1471,-1,1471,1089,1088,-1,1471,1088,1472,-1,1472,1088,1087,-1,1472,1087,1473,-1,1473,1087,1086,-1,1473,1086,1474,-1,1474,1086,1085,-1,1474,1085,1111,-1,1113,1056,1112,-1,1112,1056,1074,-1,700,699,815,-1,700,815,1475,-1,1475,815,814,-1,1475,814,1476,-1,1476,814,740,-1,1476,740,1477,-1,1477,740,738,-1,1477,738,1478,-1,1478,738,737,-1,1478,737,1479,-1,1479,737,752,-1,1479,752,1480,-1,1480,752,725,-1,1480,725,1481,-1,1482,1481,718,-1,718,1481,725,-1,1482,718,905,-1,1482,905,1483,-1,1483,905,906,-1,1483,906,1484,-1,1484,906,866,-1,1484,866,1485,-1,1485,866,865,-1,1485,865,1486,-1,1486,865,929,-1,1486,929,1487,-1,1487,929,928,-1,1487,928,1488,-1,1488,928,927,-1,1488,927,1489,-1,1490,1489,926,-1,926,1489,927,-1,1490,926,925,-1,1490,925,1491,-1,1491,925,923,-1,1491,923,1492,-1,1492,923,921,-1,1492,921,1493,-1,1493,921,869,-1,1493,869,1494,-1,1494,869,882,-1,1494,882,1495,-1,1495,882,881,-1,1495,881,1496,-1,1496,881,879,-1,1496,879,1497,-1,1497,879,878,-1,1497,878,1498,-1,1498,878,877,-1,1498,877,1499,-1,1499,877,827,-1,1499,827,1500,-1,1500,827,826,-1,1500,826,1501,-1,1501,826,854,-1,1501,854,1502,-1,1502,854,851,-1,1502,851,1503,-1,1503,851,917,-1,1503,917,1504,-1,1505,1504,917,-1,917,915,1505,-1,1505,915,1506,-1,1505,1506,1507,-1,1507,1506,1508,-1,1509,1510,1511,-1,1511,1510,1512,-1,1511,1512,1513,-1,1513,1512,1514,-1,1513,1514,1515,-1,1515,1514,1516,-1,1515,1516,1517,-1,1517,1516,1518,-1,1517,1518,1508,-1,1508,1518,1519,-1,1508,1519,1507,-1,916,1520,914,-1,914,1520,1521,-1,914,1521,1522,-1,1522,1521,1523,-1,1522,1523,1524,-1,1524,1523,1525,-1,1524,1525,1526,-1,1526,1525,1527,-1,1526,1527,1528,-1,1529,1530,1531,-1,1531,1532,1529,-1,1529,1532,1533,-1,1529,1533,1534,-1,1534,1533,1528,-1,1534,1528,1535,-1,1535,1528,1527,-1,1520,916,918,-1,1520,918,1536,-1,1536,918,919,-1,1536,919,1537,-1,1537,919,853,-1,1537,853,1538,-1,1538,853,852,-1,1538,852,1539,-1,1539,852,850,-1,1539,850,1540,-1,1540,850,801,-1,1540,801,1541,-1,1541,801,800,-1,1541,800,1542,-1,1542,800,799,-1,1542,799,1543,-1,1543,799,798,-1,1543,798,1544,-1,1544,798,797,-1,1544,797,1545,-1,1545,797,849,-1,1545,849,1546,-1,1546,849,848,-1,1546,848,1547,-1,1547,848,743,-1,1547,743,1548,-1,1548,743,823,-1,1548,823,1549,-1,1550,1549,825,-1,825,1549,823,-1,1550,825,895,-1,1550,895,1551,-1,1551,895,896,-1,1551,896,1552,-1,1552,896,894,-1,1552,894,1553,-1,1553,894,893,-1,1553,893,1554,-1,1554,893,892,-1,1554,892,1555,-1,1555,892,891,-1,1555,891,1556,-1,1556,891,890,-1,1556,890,1557,-1,1558,1557,857,-1,857,1557,890,-1,1558,857,862,-1,1558,862,1559,-1,1559,862,863,-1,1559,863,1560,-1,1560,863,861,-1,1560,861,1561,-1,1561,861,860,-1,1561,860,1562,-1,1562,860,859,-1,1562,859,1563,-1,1563,859,858,-1,1563,858,1564,-1,1564,858,824,-1,1564,824,1565,-1,1566,1565,822,-1,822,1565,824,-1,1566,822,821,-1,1566,821,1567,-1,1567,821,742,-1,1567,742,1568,-1,1568,742,741,-1,1568,741,1569,-1,1569,741,753,-1,1569,753,1570,-1,1570,753,796,-1,1570,796,1571,-1,1571,796,795,-1,1571,795,1572,-1,1572,795,876,-1,1572,876,1573,-1,1574,1573,875,-1,875,1573,876,-1,1574,875,847,-1,1574,847,1575,-1,1575,847,846,-1,1575,846,1576,-1,1576,846,870,-1,1576,870,1577,-1,1577,870,872,-1,1577,872,1578,-1,1578,872,770,-1,1578,770,1579,-1,1579,770,769,-1,1579,769,1580,-1,1580,769,767,-1,1580,767,1581,-1,1582,1581,766,-1,766,1581,767,-1,1582,766,844,-1,1582,844,1583,-1,1583,844,845,-1,1583,845,1584,-1,1584,845,843,-1,1584,843,1585,-1,1585,843,842,-1,1585,842,1586,-1,1586,842,841,-1,1586,841,1587,-1,1587,841,840,-1,1587,840,1588,-1,1588,840,755,-1,1588,755,1589,-1,1590,1589,751,-1,751,1589,755,-1,1590,751,832,-1,1590,832,1591,-1,1591,832,839,-1,1591,839,1592,-1,1592,839,838,-1,1592,838,1593,-1,1593,838,837,-1,1593,837,1594,-1,1594,837,836,-1,1594,836,1595,-1,1595,836,835,-1,1595,835,1596,-1,1596,835,834,-1,1596,834,1597,-1,1598,1597,808,-1,808,1597,834,-1,1598,808,807,-1,1598,807,1599,-1,1599,807,790,-1,1599,790,1600,-1,1600,790,789,-1,1600,789,1601,-1,1601,789,787,-1,1601,787,1602,-1,1602,787,786,-1,1602,786,1603,-1,1603,786,811,-1,1603,811,1604,-1,1604,811,764,-1,1604,764,1605,-1,1605,764,791,-1,1605,791,1606,-1,1606,791,730,-1,1606,730,1607,-1,1607,730,728,-1,1607,728,1608,-1,1608,728,727,-1,1608,727,1609,-1,1609,727,748,-1,1609,748,1610,-1,1610,748,747,-1,1610,747,1611,-1,1611,747,745,-1,1611,745,1612,-1,1613,1612,745,-1,745,744,1613,-1,1613,744,1614,-1,1613,1614,1615,-1,1615,1614,1616,-1,1617,1618,1619,-1,1619,1618,1620,-1,1619,1620,1621,-1,1621,1620,1622,-1,1621,1622,1623,-1,1623,1622,1624,-1,1623,1624,1625,-1,1625,1624,1626,-1,1625,1626,1616,-1,1616,1626,1627,-1,1616,1627,1615,-1,979,792,765,-1,979,765,1628,-1,1628,765,763,-1,1628,763,1629,-1,1629,763,762,-1,1629,762,1630,-1,1630,762,813,-1,1630,813,1631,-1,1631,813,812,-1,1631,812,1632,-1,1632,812,788,-1,1632,788,1633,-1,1633,788,856,-1,1633,856,1634,-1,1635,1634,855,-1,855,1634,856,-1,1635,855,912,-1,1635,912,1636,-1,1636,912,913,-1,1636,913,1637,-1,1637,913,911,-1,1637,911,1638,-1,1638,911,910,-1,1638,910,1639,-1,1639,910,909,-1,1639,909,1640,-1,1640,909,908,-1,1640,908,1641,-1,1641,908,907,-1,1641,907,1642,-1,1643,1642,810,-1,810,1642,907,-1,1643,810,809,-1,1643,809,1644,-1,1644,809,806,-1,1644,806,1645,-1,1645,806,833,-1,1645,833,1646,-1,1646,833,831,-1,1646,831,1647,-1,1647,831,830,-1,1647,830,1648,-1,1648,830,750,-1,1648,750,1649,-1,1649,750,749,-1,1649,749,1650,-1,1651,1650,785,-1,785,1650,749,-1,1651,785,784,-1,1651,784,1652,-1,1652,784,783,-1,1652,783,1653,-1,1653,783,761,-1,1653,761,1654,-1,1654,761,760,-1,1654,760,1655,-1,1655,760,759,-1,1655,759,1656,-1,1656,759,758,-1,1656,758,1657,-1,1657,758,829,-1,1657,829,1658,-1,1659,1658,828,-1,828,1658,829,-1,1659,828,888,-1,1659,888,1660,-1,1660,888,889,-1,1660,889,1661,-1,1661,889,887,-1,1661,887,1662,-1,1662,887,886,-1,1662,886,1663,-1,1663,886,885,-1,1663,885,1664,-1,1664,885,884,-1,1664,884,1665,-1,1665,884,883,-1,1665,883,1666,-1,1667,1666,782,-1,782,1666,883,-1,1667,782,781,-1,1667,781,1668,-1,1668,781,780,-1,1668,780,1669,-1,1669,780,754,-1,1669,754,1670,-1,1670,754,756,-1,1670,756,1671,-1,1671,756,757,-1,1671,757,1672,-1,1672,757,805,-1,1672,805,1673,-1,1673,805,804,-1,1673,804,1674,-1,1674,804,779,-1,1674,779,1675,-1,1675,779,778,-1,1675,778,1676,-1,1676,778,777,-1,1676,777,1677,-1,1677,777,776,-1,1677,776,1678,-1,1678,776,775,-1,1678,775,1679,-1,1679,775,774,-1,1679,774,1680,-1,1680,774,803,-1,1680,803,1681,-1,1682,1683,1684,-1,1684,1683,1685,-1,1684,1685,1686,-1,1681,803,1687,-1,1687,803,773,-1,1687,773,1688,-1,1688,773,1689,-1,1688,1689,1690,-1,1690,1689,1691,-1,1690,1691,1692,-1,1692,1691,1693,-1,1692,1693,1694,-1,1694,1693,1695,-1,1694,1695,1696,-1,1696,1695,1697,-1,1696,1697,1698,-1,1698,1697,1699,-1,1698,1699,1700,-1,1700,1699,1701,-1,1700,1701,1702,-1,1702,1701,1686,-1,1702,1686,1703,-1,1703,1686,1685,-1,1704,1705,1706,-1,1706,1705,1707,-1,1706,1707,1708,-1,1708,1707,1709,-1,1708,1709,1710,-1,1710,1709,1711,-1,771,1712,772,-1,772,1712,1713,-1,772,1713,1714,-1,1714,1713,1715,-1,1714,1715,1716,-1,1716,1715,1717,-1,1716,1717,1718,-1,1718,1717,1719,-1,1718,1719,1720,-1,1720,1719,1721,-1,1720,1721,1722,-1,1722,1721,1723,-1,1722,1723,1724,-1,1724,1723,1725,-1,1724,1725,1711,-1,1711,1725,1726,-1,1711,1726,1710,-1,1712,771,802,-1,1712,802,1727,-1,1727,802,768,-1,1727,768,1728,-1,768,874,1728,-1,1728,874,873,-1,1728,873,1729,-1,873,871,1729,-1,1729,871,902,-1,1729,902,1730,-1,902,901,1730,-1,1730,901,900,-1,1730,900,1731,-1,1731,900,899,-1,1731,899,1732,-1,1732,899,898,-1,1732,898,1733,-1,1733,898,897,-1,1733,897,1734,-1,941,1735,734,-1,734,1735,1736,-1,734,1736,897,-1,897,1736,1737,-1,897,1737,1734,-1,1612,1613,1013,-1,1738,1739,1481,-1,1740,1741,703,-1,1647,1648,1590,-1,1590,1648,1649,-1,1742,1743,1731,-1,1012,1607,1608,-1,1477,1478,1744,-1,1740,703,1745,-1,1746,1747,1482,-1,1482,1747,1748,-1,1628,1629,1605,-1,1667,1668,1589,-1,1608,1609,1012,-1,1012,1609,1610,-1,1012,1610,1013,-1,1013,1610,1611,-1,1013,1611,1612,-1,1596,1597,1645,-1,1653,1654,1589,-1,1589,1654,1655,-1,1589,1655,1656,-1,1668,1669,1589,-1,1589,1669,1670,-1,1589,1670,1671,-1,1739,1749,1481,-1,1481,1749,1750,-1,1481,1750,1480,-1,1480,1750,1744,-1,1480,1744,1479,-1,1479,1744,1478,-1,700,1475,1744,-1,1744,1475,1476,-1,1744,1476,1477,-1,1607,1012,1606,-1,1606,1012,980,-1,1606,980,1605,-1,1605,980,979,-1,1605,979,1628,-1,1601,1633,1600,-1,1600,1633,1634,-1,1748,1751,1482,-1,1482,1751,1752,-1,1482,1752,1481,-1,1481,1752,1753,-1,1481,1753,1738,-1,1601,1602,1633,-1,1633,1602,1603,-1,1633,1603,1632,-1,1632,1603,1604,-1,1632,1604,1631,-1,1631,1604,1605,-1,1631,1605,1630,-1,1630,1605,1629,-1,1646,1592,1593,-1,1596,1645,1595,-1,1649,1650,1590,-1,1590,1650,1651,-1,1590,1651,1589,-1,1589,1651,1652,-1,1589,1652,1653,-1,1671,1672,1589,-1,1589,1672,1673,-1,1589,1673,1674,-1,1674,1675,1589,-1,1589,1675,1676,-1,1589,1676,1727,-1,1727,1676,1677,-1,1727,1677,1678,-1,1687,1713,1681,-1,1681,1713,1712,-1,1681,1712,1680,-1,1680,1712,1727,-1,1680,1727,1679,-1,1679,1727,1678,-1,1741,1754,703,-1,703,1754,1755,-1,703,1755,1756,-1,1646,1593,1645,-1,1645,1593,1594,-1,1645,1594,1595,-1,1647,1590,1646,-1,1646,1590,1591,-1,1646,1591,1592,-1,1656,1657,1589,-1,1589,1657,1658,-1,1589,1658,1667,-1,1667,1658,1659,-1,1744,1757,700,-1,700,1757,1758,-1,700,1758,703,-1,703,1758,1759,-1,703,1759,1745,-1,1731,1503,1541,-1,1541,1542,1731,-1,1731,1542,1543,-1,1731,1543,1544,-1,1597,1598,1645,-1,1645,1598,1599,-1,1645,1599,1644,-1,1644,1599,1600,-1,1644,1600,1643,-1,1643,1600,1634,-1,1643,1634,1635,-1,1756,1760,703,-1,703,1760,1761,-1,703,1761,1731,-1,1731,1761,1762,-1,1731,1762,1742,-1,1763,1496,1764,-1,1764,1496,1497,-1,1764,1497,1743,-1,1743,1497,1498,-1,1743,1498,1731,-1,1731,1498,1499,-1,1731,1499,1500,-1,1582,1586,1587,-1,1562,1558,1561,-1,1561,1558,1559,-1,1561,1559,1560,-1,1660,1661,1662,-1,1664,1665,1659,-1,1659,1665,1666,-1,1659,1666,1667,-1,1500,1501,1731,-1,1731,1501,1502,-1,1731,1502,1503,-1,1538,1539,1503,-1,1503,1539,1540,-1,1503,1540,1541,-1,1544,1545,1731,-1,1731,1545,1546,-1,1731,1546,1547,-1,1566,1567,1547,-1,1547,1567,1568,-1,1547,1568,1569,-1,1731,1576,1577,-1,1586,1582,1585,-1,1585,1582,1583,-1,1585,1583,1584,-1,1587,1588,1582,-1,1582,1588,1589,-1,1582,1589,1581,-1,1581,1589,1727,-1,1581,1727,1580,-1,1551,1552,1553,-1,1562,1563,1558,-1,1558,1563,1564,-1,1558,1564,1557,-1,1557,1564,1550,-1,1557,1550,1556,-1,1556,1550,1555,-1,1636,1637,1638,-1,1640,1641,1635,-1,1635,1641,1642,-1,1635,1642,1643,-1,1660,1662,1659,-1,1659,1662,1663,-1,1659,1663,1664,-1,1484,1485,1765,-1,1765,1485,1486,-1,1765,1486,1487,-1,1569,1570,1547,-1,1547,1570,1571,-1,1547,1571,1731,-1,1731,1571,1572,-1,1731,1572,1573,-1,1573,1574,1731,-1,1731,1574,1575,-1,1731,1575,1576,-1,1551,1553,1550,-1,1550,1553,1554,-1,1550,1554,1555,-1,1636,1638,1635,-1,1635,1638,1639,-1,1635,1639,1640,-1,1746,1482,1765,-1,1765,1482,1483,-1,1765,1483,1484,-1,1504,1505,1521,-1,1566,1547,1565,-1,1565,1547,1548,-1,1565,1548,1564,-1,1564,1548,1549,-1,1564,1549,1550,-1,1521,1520,1504,-1,1504,1520,1536,-1,1504,1536,1503,-1,1503,1536,1537,-1,1503,1537,1538,-1,1580,1727,1579,-1,1579,1727,1728,-1,1579,1728,1578,-1,1578,1728,1729,-1,1578,1729,1577,-1,1577,1729,1730,-1,1577,1730,1731,-1,1765,1490,1766,-1,1766,1490,1491,-1,1766,1491,1767,-1,1767,1491,1492,-1,1767,1492,1768,-1,1768,1492,1493,-1,1768,1493,1769,-1,1769,1493,1494,-1,1769,1494,1763,-1,1763,1494,1495,-1,1763,1495,1496,-1,1487,1488,1765,-1,1765,1488,1489,-1,1765,1489,1490,-1,1753,819,818,-1,1753,818,1738,-1,1738,818,726,-1,1738,726,1739,-1,1739,726,724,-1,1739,724,1749,-1,1749,724,723,-1,1749,723,1750,-1,1750,723,739,-1,1750,739,1744,-1,1744,739,816,-1,1744,816,1757,-1,1757,816,817,-1,1757,817,1758,-1,1753,1752,819,-1,819,1752,820,-1,1767,922,924,-1,1767,924,1766,-1,1766,924,864,-1,1766,864,1765,-1,1765,864,904,-1,1765,904,1746,-1,1746,904,903,-1,1746,903,1747,-1,1747,903,717,-1,1747,717,1748,-1,1748,717,716,-1,1748,716,1751,-1,1751,716,820,-1,1751,820,1752,-1,1767,1768,922,-1,922,1768,920,-1,1761,736,735,-1,1761,735,1762,-1,1762,735,733,-1,1762,733,1742,-1,1742,733,732,-1,1742,732,1743,-1,1743,732,880,-1,1743,880,1764,-1,1764,880,868,-1,1764,868,1763,-1,1763,868,867,-1,1763,867,1769,-1,1769,867,920,-1,1769,920,1768,-1,1761,1760,736,-1,736,1760,719,-1,1759,794,793,-1,1759,793,1745,-1,1745,793,722,-1,1745,722,1740,-1,1740,722,721,-1,1740,721,1741,-1,1741,721,720,-1,1741,720,1754,-1,1754,720,715,-1,1754,715,1755,-1,1755,715,714,-1,1755,714,1756,-1,1756,714,719,-1,1756,719,1760,-1,1759,1758,794,-1,794,1758,817,-1,1618,1617,1770,-1,1618,1770,1771,-1,1771,1770,1772,-1,1771,1772,1773,-1,1773,1772,1774,-1,1773,1774,1775,-1,1775,1774,1776,-1,1775,1776,1777,-1,1777,1776,1778,-1,1777,1778,1779,-1,1779,1778,1780,-1,1779,1780,1781,-1,1781,1780,1782,-1,1781,1782,1783,-1,1784,1783,1785,-1,1785,1783,1782,-1,1784,1785,1786,-1,1784,1786,1787,-1,1787,1786,1788,-1,1787,1788,1789,-1,1789,1788,1790,-1,1789,1790,1791,-1,1791,1790,1792,-1,1791,1792,1793,-1,1793,1792,1794,-1,1793,1794,1795,-1,1795,1794,1796,-1,1795,1796,1797,-1,1797,1796,996,-1,1797,996,995,-1,994,1620,995,-1,995,1620,1783,-1,1620,1618,1783,-1,1783,1618,1771,-1,1783,1771,1773,-1,1773,1775,1783,-1,1783,1775,1777,-1,1783,1777,1781,-1,1781,1777,1779,-1,1783,1784,995,-1,995,1784,1787,-1,995,1787,1789,-1,1789,1791,995,-1,995,1791,1793,-1,995,1793,1797,-1,1797,1793,1795,-1,1619,1002,1782,-1,1782,1002,996,-1,1780,1778,1776,-1,1772,1770,1782,-1,1782,1770,1617,-1,1782,1617,1619,-1,1796,1794,1792,-1,1788,1786,996,-1,996,1786,1785,-1,996,1785,1782,-1,1780,1776,1782,-1,1782,1776,1774,-1,1782,1774,1772,-1,1796,1792,996,-1,996,1792,1790,-1,996,1790,1788,-1,1510,1509,1798,-1,1510,1798,1799,-1,1799,1798,1800,-1,1799,1800,1801,-1,1801,1800,1802,-1,1801,1802,1803,-1,1803,1802,1804,-1,1803,1804,1805,-1,1805,1804,1806,-1,1805,1806,1807,-1,1807,1806,1808,-1,1807,1808,1809,-1,1809,1808,1810,-1,1809,1810,1811,-1,1812,1811,1813,-1,1813,1811,1810,-1,1812,1813,1814,-1,1812,1814,1815,-1,1815,1814,1816,-1,1815,1816,1817,-1,1817,1816,1818,-1,1817,1818,1819,-1,1819,1818,1820,-1,1819,1820,1821,-1,1821,1820,1822,-1,1821,1822,1823,-1,1823,1822,1824,-1,1823,1824,1825,-1,1825,1824,1531,-1,1825,1531,1530,-1,1529,1512,1530,-1,1530,1512,1811,-1,1512,1510,1811,-1,1811,1510,1799,-1,1811,1799,1801,-1,1801,1803,1811,-1,1811,1803,1805,-1,1811,1805,1809,-1,1809,1805,1807,-1,1811,1812,1530,-1,1530,1812,1815,-1,1530,1815,1817,-1,1817,1819,1530,-1,1530,1819,1821,-1,1530,1821,1825,-1,1825,1821,1823,-1,1511,1532,1810,-1,1810,1532,1531,-1,1808,1806,1804,-1,1800,1798,1810,-1,1810,1798,1509,-1,1810,1509,1511,-1,1824,1822,1820,-1,1816,1814,1531,-1,1531,1814,1813,-1,1531,1813,1810,-1,1808,1804,1810,-1,1810,1804,1802,-1,1810,1802,1800,-1,1824,1820,1531,-1,1531,1820,1818,-1,1531,1818,1816,-1,1689,773,1714,-1,1714,773,772,-1,1691,1689,1716,-1,1716,1689,1714,-1,1691,1716,1718,-1,1691,1718,1693,-1,1693,1718,1720,-1,1693,1720,1695,-1,1695,1720,1722,-1,1695,1722,1697,-1,1699,1697,1724,-1,1724,1697,1722,-1,1699,1724,1701,-1,1701,1724,1711,-1,1701,1711,1686,-1,1686,1711,1709,-1,1686,1709,1684,-1,1684,1709,1707,-1,1684,1707,1682,-1,1682,1707,1705,-1,1826,1827,1828,-1,1828,1827,1829,-1,1828,1829,1830,-1,1830,1829,1705,-1,1705,1829,1831,-1,1705,1831,1682,-1,1682,1831,1832,-1,1682,1832,1833,-1,1833,1832,1834,-1,1833,1834,1835,-1,1835,1834,1836,-1,1835,1836,1837,-1,1832,1831,1838,-1,1838,1831,1839,-1,1706,1685,1704,-1,1704,1685,1683,-1,1683,1840,1838,-1,1838,1840,1841,-1,1841,1842,1838,-1,1838,1842,1843,-1,1838,1843,1844,-1,1845,1846,1704,-1,1846,1847,1704,-1,1704,1847,1848,-1,1704,1848,1849,-1,1683,1838,1704,-1,1704,1838,1839,-1,1704,1839,1845,-1,1685,1706,1708,-1,1685,1708,1703,-1,1703,1708,1710,-1,1703,1710,1702,-1,1702,1710,1726,-1,1702,1726,1700,-1,1700,1726,1725,-1,1700,1725,1698,-1,1696,1698,1723,-1,1723,1698,1725,-1,1696,1723,1694,-1,1694,1723,1721,-1,1694,1721,1692,-1,1692,1721,1719,-1,1692,1719,1690,-1,1690,1719,1717,-1,1688,1690,1715,-1,1715,1690,1717,-1,1687,1688,1713,-1,1713,1688,1715,-1,1058,1066,1099,-1,1099,1066,1850,-1,1099,1850,1052,-1,1058,1099,1071,-1,1071,1099,1101,-1,1071,1101,1075,-1,1075,1101,1103,-1,1075,1103,1076,-1,1076,1103,1077,-1,1077,1103,1105,-1,1077,1105,1078,-1,1078,1105,1079,-1,1079,1105,1110,-1,1079,1110,1080,-1,1080,1110,1081,-1,1081,1110,1109,-1,1081,1109,1082,-1,1082,1109,1069,-1,1069,1109,1083,-1,1069,1083,1070,-1,272,251,264,-1,272,264,332,-1,332,264,265,-1,332,265,334,-1,334,265,260,-1,334,260,336,-1,336,260,258,-1,336,258,338,-1,338,258,256,-1,338,256,339,-1,339,256,254,-1,339,254,341,-1,1326,1307,1309,-1,1326,1309,1328,-1,1328,1309,1321,-1,1328,1321,1330,-1,1330,1321,1320,-1,1330,1320,1332,-1,1332,1320,1318,-1,1332,1318,1337,-1,1337,1318,1316,-1,1337,1316,1336,-1,1336,1316,1314,-1,1336,1314,1322,-1,1188,1169,1171,-1,1188,1171,1190,-1,1190,1171,1183,-1,1190,1183,1192,-1,1192,1183,1182,-1,1192,1182,1194,-1,1194,1182,1180,-1,1194,1180,1199,-1,1199,1180,1178,-1,1199,1178,1198,-1,1198,1178,1176,-1,1198,1176,1184,-1,1521,1505,1507,-1,1521,1507,1523,-1,1523,1507,1519,-1,1523,1519,1525,-1,1525,1519,1518,-1,1525,1518,1527,-1,1527,1518,1516,-1,1527,1516,1535,-1,1535,1516,1514,-1,1535,1514,1534,-1,1534,1514,1512,-1,1534,1512,1529,-1,1013,1613,1615,-1,1013,1615,1015,-1,1015,1615,1627,-1,1015,1627,1017,-1,1017,1627,1626,-1,1017,1626,1019,-1,1019,1626,1624,-1,1019,1624,1020,-1,1020,1624,1622,-1,1020,1622,1004,-1,1004,1622,1620,-1,1004,1620,994,-1,729,731,982,-1,729,982,1010,-1,1010,982,991,-1,1010,991,1008,-1,1008,991,990,-1,1008,990,1006,-1,1006,990,988,-1,1006,988,999,-1,999,988,986,-1,999,986,997,-1,997,986,984,-1,997,984,993,-1,734,698,705,-1,734,705,942,-1,942,705,707,-1,942,707,940,-1,940,707,709,-1,940,709,938,-1,938,709,713,-1,938,713,936,-1,936,713,712,-1,936,712,934,-1,934,712,701,-1,934,701,932,-1,438,410,412,-1,438,412,582,-1,582,412,411,-1,582,411,583,-1,583,411,407,-1,583,407,584,-1,584,407,406,-1,584,406,586,-1,586,406,414,-1,586,414,585,-1,585,414,413,-1,585,413,579,-1,462,419,676,-1,462,676,683,-1,683,676,677,-1,683,677,685,-1,685,677,667,-1,685,667,687,-1,687,667,669,-1,687,669,691,-1,691,669,671,-1,691,671,690,-1,690,671,673,-1,690,673,678,-1,374,373,1308,-1,1308,373,1327,-1,1308,1327,1310,-1,1310,1327,1329,-1,1310,1329,1319,-1,1319,1329,1331,-1,1319,1331,1317,-1,1317,1331,1333,-1,1317,1333,1315,-1,1315,1333,1335,-1,1315,1335,1313,-1,1313,1335,1334,-1,1196,1175,1197,-1,1197,1175,1177,-1,1197,1177,1195,-1,1195,1177,1179,-1,1195,1179,1193,-1,1193,1179,1181,-1,1193,1181,1191,-1,1191,1181,1172,-1,1191,1172,1189,-1,1189,1172,1170,-1,1189,1170,528,-1,528,1170,477,-1,674,681,675,-1,675,681,682,-1,675,682,665,-1,665,682,684,-1,665,684,666,-1,666,684,686,-1,666,686,670,-1,670,686,688,-1,670,688,672,-1,672,688,689,-1,672,689,53,-1,53,689,55,-1,262,330,263,-1,263,330,331,-1,263,331,261,-1,261,331,333,-1,261,333,259,-1,259,333,335,-1,259,335,257,-1,257,335,337,-1,257,337,255,-1,255,337,340,-1,255,340,174,-1,174,340,175,-1,1100,156,155,-1,1059,1057,1107,-1,1107,1057,1056,-1,1107,1056,1113,-1,1059,1107,1060,-1,1060,1107,1108,-1,1060,1108,1061,-1,1106,1104,1065,-1,1065,1064,1106,-1,1106,1064,1063,-1,1106,1063,1108,-1,1108,1063,1062,-1,1108,1062,1061,-1,155,1050,1100,-1,1100,1050,1051,-1,1100,1051,1102,-1,1102,1051,1053,-1,1053,1055,1102,-1,1102,1055,1068,-1,1102,1068,1104,-1,1104,1068,1067,-1,1104,1067,1065,-1,5,4,933,-1,933,4,702,-1,933,702,935,-1,935,702,711,-1,935,711,937,-1,937,711,710,-1,937,710,939,-1,939,710,708,-1,1737,1736,706,-1,706,1736,1735,-1,706,1735,708,-1,708,1735,941,-1,708,941,939,-1,1737,706,1734,-1,1734,706,704,-1,1734,704,1733,-1,703,1731,704,-1,704,1731,1732,-1,704,1732,1733,-1,1,0,992,-1,992,0,985,-1,992,985,998,-1,998,985,987,-1,998,987,1007,-1,1007,987,989,-1,1007,989,1009,-1,1009,989,983,-1,1009,983,1011,-1,1011,983,981,-1,1011,981,1012,-1,1012,981,980,-1,915,914,1506,-1,1506,914,1522,-1,1506,1522,1508,-1,1508,1522,1524,-1,1508,1524,1517,-1,1517,1524,1526,-1,1517,1526,1515,-1,1515,1526,1528,-1,1515,1528,1513,-1,1513,1528,1533,-1,1513,1533,1511,-1,1511,1533,1532,-1,744,746,1614,-1,1614,746,1014,-1,1614,1014,1616,-1,1616,1014,1016,-1,1616,1016,1625,-1,1625,1016,1018,-1,1625,1018,1623,-1,1623,1018,1005,-1,1623,1005,1621,-1,1621,1005,1003,-1,1621,1003,1619,-1,1619,1003,1002,-1,1683,1682,1833,-1,1683,1833,1840,-1,1840,1833,1835,-1,1840,1835,1841,-1,1841,1835,1837,-1,1841,1837,1842,-1,1842,1837,1836,-1,1842,1836,1843,-1,1843,1836,1834,-1,1843,1834,1844,-1,1844,1834,1832,-1,1844,1832,1838,-1,1839,1831,1829,-1,1839,1829,1845,-1,1845,1829,1827,-1,1845,1827,1846,-1,1846,1827,1826,-1,1846,1826,1847,-1,1847,1826,1828,-1,1847,1828,1848,-1,1848,1828,1830,-1,1848,1830,1849,-1,1849,1830,1705,-1,1849,1705,1704,-1,
        ]
    }
}
Shape{
    appearance Appearance {
        material  Material 	{
            diffuseColor 0.25098039215686274 0.25098039215686274 0.25098039215686274
            specularColor 0.07450980392156863 0.07450980392156863 0.07450980392156863
            ambientIntensity 0.251
            transparency 0.0
            shininess 0.5
        }
    }
    geometry IndexedFaceSet {
        ccw TRUE
        solid FALSE
        coord DEF co Coordinate {
            point [
                0.8165 1.9586 0.7087, 0.8203 1.9474 0.7087, 0.969 1.9586 0.7087, 0.8301 1.9305 0.7087, 0.8395 1.9203 0.7087, 0.8555 1.9089 0.7087, 0.8736 1.9019 0.7087, 0.9507 1.9251 0.7087, 0.905 1.9005 0.7087, 0.9405 1.9157 0.7087, 0.9237 1.9059 0.7087, 0.8927 1.8996 0.7087, 0.9621 1.941 0.7087, 1.6749 2.1555 0.7087, 1.6067 2.1555 0.7087, 1.6104 2.1501 0.7087, 1.6483 2.1365 0.7087, 1.6574 2.1395 0.7087, 1.6137 2.1465 0.7087, 1.6658 2.1448 0.7087, 1.6694 2.1481 0.7087, 1.6408 2.1358 0.7087, 1.6216 2.1408 0.7087, 1.6306 2.1371 0.7087, 2.3888 2.0571 0.7087, 2.4124 2.0571 0.7087, 2.4124 2.1555 0.7087, 2.31 2.1555 0.7087, 2.31 2.1358 0.7087, 2.311 2.1235 0.7087, 2.3164 2.1049 0.7087, 2.3262 2.088 0.7087, 2.3355 2.0778 0.7087, 2.3515 2.0664 0.7087, 2.3697 2.0594 0.7087, 2.4124 1.5059 0.7087, 2.4124 1.5621 0.7087, 2.4095 1.5591 0.7087, 2.4049 1.4581 0.7087, 2.4143 1.4479 0.7087, 2.7746 1.4271 0.7087, 2.7746 1.5059 0.7087, 2.4675 1.4271 0.7087, 2.3888 1.5059 0.7087, 2.3897 1.4936 0.7087, 2.3951 1.4749 0.7087, 2.4303 1.4365 0.7087, 2.4484 1.4295 0.7087, 2.3982 1.5431 0.7087, 2.3911 1.525 0.7087, 2.6762 0.3445 0.7087, 2.6762 -2.3918 0.7087, 2.7746 0.3445 0.7087, 2.7746 -2.3918 0.7087, -2.7608 1.9389 0.7087, -2.7293 1.9389 0.7087, -2.7608 1.9586 0.7087, -2.717 1.9399 0.7087, -2.6984 1.9453 0.7087, -2.6815 1.9551 0.7087, -2.6772 1.9586 0.7087, -2.4931 2.0177 0.315, -2.4931 1.8996 0.315, -2.6506 2.0177 0.315, -2.6506 1.8996 0.315, 2.8337 -3.691 0.6496, 2.8337 -3.691 0.0394, 2.8337 -3.0611 0.2047, 2.8337 -2.3918 0.0394, 2.8337 -2.7461 0.2047, 2.8337 -0.9075 0.315, 2.8337 1.5649 0.6496, 2.8337 -1.1201 0.315, 2.8337 -2.7461 0.4331, 2.8337 -2.3918 0.1181, 2.8337 -1.5256 0.1181, 2.8337 1.5649 0.0394, 2.8337 1.1909 0.2047, 2.8337 0.876 0.2047, 2.8337 -3.0611 0.4331, 2.8337 -1.1201 0.0394, 2.8337 -1.5256 0.0394, 2.8337 1.1909 0.4331, 2.8337 0.876 0.4331, 2.8337 -0.9075 0.0394, 2.125 2.2145 0.2165, 2.4715 2.2145 0.0394, 1.8652 2.2145 0.2165, 1.2982 2.2145 0.0394, 1.8652 2.2145 0.4331, 1.2982 2.2145 0.6496, 2.125 2.2145 0.4331, 2.4715 2.2145 0.6496, 2.8927 -1.1201 0.315, 2.8927 -0.9075 0.315, -2.8789 -0.9075 0.315, -2.8789 -1.1201 0.315, -2.8199 -0.9075 0.315, -2.8199 -1.1201 0.315, 0.2431 1.5767 0.0394, 0.2431 1.4586 0.0394, -0.19 1.4586 0.0394, -0.19 1.3405 0.0394, -0.623 1.3405 0.0394, -1.1939 1.8996 0.0394, -1.1939 2.0177 0.0394, -0.9183 2.0177 0.0394, 0.6762 1.5767 0.0394, -2.2175 1.8996 0.0394, -2.06 1.8996 0.0394, -0.623 1.4586 0.0394, -1.0561 1.3405 0.0394, -1.4892 1.3405 0.0394, -1.0561 1.4586 0.0394, -1.4892 1.4586 0.0394, -2.06 2.0177 0.0394, -1.7844 2.0177 0.0394, -1.7844 1.8996 0.0394, -1.627 1.8996 0.0394, -2.6506 1.5452 0.0394, -2.6506 1.8996 0.0394, -2.4931 1.8996 0.0394, -1.627 2.0177 0.0394, -1.3514 2.0177 0.0394, -1.3514 1.8996 0.0394, -0.9183 1.8996 0.0394, -2.4931 2.0177 0.0394, -2.2175 2.0177 0.0394, -2.4813 1.4586 0.0394, -2.4813 1.3996 0.0394, -2.69 1.3996 0.0394, 1.1289 1.4586 0.0394, 0.6762 1.4586 0.0394, -0.7608 2.0177 0.0394, -0.4852 2.0177 0.0394, -0.7608 1.8996 0.0394, -0.4852 1.8996 0.0394, -0.3277 1.8996 0.0394, -0.3277 2.0177 0.0394, -0.0522 2.0177 0.0394, -0.0522 1.8996 0.0394, 0.1053 1.8996 0.0394, 0.1053 2.0177 0.0394, 0.3809 2.0177 0.0394, 0.3809 1.8996 0.0394, 0.5384 1.8996 0.0394, 2.8927 -0.9075 0.0394, 2.8927 -1.1201 0.0394, 1.1289 -0.0965 0.0394, 0.9657 1.8996 0.0394, 0.814 1.8996 0.0394, 0.814 2.0177 0.0394, 0.5384 2.0177 0.0394, 1.2982 2.0177 0.0394, 2.4715 1.5649 0.0394, 0.9657 2.0177 0.0394, -1.8306 -2.2275 0.0394, -1.8055 -2.1949 0.0394, 1.0502 -2.1162 0.0394, -2.8199 -3.4154 0.0394, -2.8199 -2.3918 0.0394, -2.6506 -2.3918 0.0394, -2.8199 -1.5256 0.0394, -2.8199 -1.1201 0.0394, -2.6506 -1.5256 0.0394, -1.5338 -0.0965 0.0394, -1.4157 -0.2146 0.0394, 2.6644 -2.3918 0.0394, 2.1401 -3.691 0.0394, 1.9275 -3.6795 0.0394, 1.7173 -3.645 0.0394, 1.2162 -3.5484 0.0394, -2.8789 -1.1201 0.0394, -2.8789 -0.9075 0.0394, -2.8199 -0.9075 0.0394, -1.8632 -2.2526 0.0394, 1.2484 -1.9641 0.0394, -0.2635 -0.2146 0.0394, 1.2864 -1.9798 0.0394, 1.319 -2.0048 0.0394, -1.9419 -1.9587 0.0394, -1.9827 -1.9641 0.0394, -2.0994 -2.1162 0.0394, -2.094 -2.0754 0.0394, -2.0783 -2.0374 0.0394, -2.0533 -2.0048 0.0394, -2.4537 -0.0965 0.0394, -2.4537 -0.5414 0.0394, -2.69 -0.5414 0.0394, -2.8199 1.5452 0.0394, 1.2077 -1.9587 0.0394, 1.1669 -1.9641 0.0394, 1.1289 -1.9798 0.0394, -2.094 -2.1569 0.0394, -2.0783 -2.1949 0.0394, -2.0533 -2.2275 0.0394, 1.3441 -2.1949 0.0394, 1.3598 -2.1569 0.0394, 1.3652 -2.1162 0.0394, 2.6644 -1.5256 0.0394, 1.3598 -2.0754 0.0394, 1.3441 -2.0374 0.0394, -2.0207 -1.9798 0.0394, -2.0207 -2.2526 0.0394, -1.9827 -2.2683 0.0394, -1.9419 -2.2737 0.0394, 1.2484 -2.2683 0.0394, 1.2864 -2.2526 0.0394, 1.0556 -2.0754 0.0394, -1.8055 -2.0374 0.0394, 1.0713 -2.0374 0.0394, 1.0963 -2.0048 0.0394, -0.3965 -3.4154 0.0394, 1.0556 -2.1569 0.0394, -1.9012 -2.2683 0.0394, -0.1453 -0.0965 0.0394, -1.8306 -2.0048 0.0394, -1.8632 -1.9798 0.0394, -1.9012 -1.9641 0.0394, 1.319 -2.2275 0.0394, -1.7898 -2.1569 0.0394, -1.7844 -2.1162 0.0394, -1.7898 -2.0754 0.0394, 1.0713 -2.1949 0.0394, 1.0963 -2.2275 0.0394, 0.1434 -3.4302 0.0394, 0.6815 -3.4746 0.0394, 1.1289 -2.2526 0.0394, 1.1669 -2.2683 0.0394, 1.2077 -2.2737 0.0394, -2.2175 2.0177 0.315, -2.2175 1.8996 0.315, -2.6506 1.8996 0.1181, -2.6506 1.5452 0.1181, -2.8199 1.5452 0.1181, -2.8199 -1.5256 0.1181, -2.6506 -1.5256 0.1181, -2.6506 -2.3918 0.1181, -2.8199 -2.3918 0.1181, -2.6703 -3.4154 0.6496, -2.8199 -3.4154 0.6496, -2.6703 -3.4154 0.1969, -0.3965 -3.4154 0.1969, 0.1361 -3.43 0.1969, 0.1434 -3.4302 0.1969, 0.667 -3.4734 0.1969, 0.6815 -3.4746 0.1969, 1.1944 -3.5454 0.1969, 1.2162 -3.5484 0.1969, 1.7173 -3.645 0.1969, 1.9275 -3.6795 0.1969, 2.0046 -3.6843 0.6496, 1.9462 -3.6814 0.6496, 1.9462 -3.6814 0.1969, 2.1401 -3.691 0.6496, 2.6644 -2.3918 0.1181, 2.6644 -1.5256 0.1181, 2.4715 1.5649 0.6496, 1.2982 2.0177 0.6496, 0.9657 1.8996 0.315, 0.9657 2.0177 0.315, 0.814 1.8996 0.315, 0.814 2.0177 0.315, 0.5384 1.8996 0.315, 0.5384 2.0177 0.315, 0.3809 1.8996 0.315, 0.3809 2.0177 0.315, 0.1053 1.8996 0.315, 0.1053 2.0177 0.315, -0.0522 1.8996 0.315, -0.0522 2.0177 0.315, -0.3277 1.8996 0.315, -0.3277 2.0177 0.315, -0.4852 1.8996 0.315, -0.4852 2.0177 0.315, -0.7608 1.8996 0.315, -0.7608 2.0177 0.315, -0.9183 1.8996 0.315, -0.9183 2.0177 0.315, -1.1939 1.8996 0.315, -1.1939 2.0177 0.315, -1.3514 1.8996 0.315, -1.3514 2.0177 0.315, -1.627 1.8996 0.315, -1.627 2.0177 0.315, -1.7844 1.8996 0.315, -1.7844 2.0177 0.315, 0.8068 2.0177 0.4048, 0.8122 2.0177 0.4185, 0.7549 2.0177 0.374, 0.7658 2.0177 0.375, 0.814 2.0177 0.4331, 0.814 2.0177 0.6496, 0.7798 2.0177 0.3795, 0.7921 2.0177 0.3871, 0.7982 2.0177 0.3929, -2.1978 2.0177 0.374, -2.06 2.0177 0.315, -2.2261 2.0177 0.3812, -2.2124 2.0177 0.3758, -2.6506 2.0177 0.1181, -2.8199 2.0177 0.1181, -2.8199 2.0177 0.6496, -2.2559 2.0177 0.4222, -2.2569 2.0177 0.4331, -2.2569 2.0177 0.6496, -2.2514 2.0177 0.4082, -2.2437 2.0177 0.3959, -2.238 2.0177 0.3898, -2.06 1.8996 0.315, -2.69 1.3996 0.315, -2.69 -0.5414 0.315, -2.8199 -0.5414 0.315, -2.8199 -0.5414 0.6496, -2.4537 -0.5414 0.315, -2.5522 -0.5414 0.315, -2.5522 -0.5414 0.7087, -2.7608 -0.5414 0.7087, -2.4537 -0.0965 0.315, -1.5338 -0.0965 0.315, -1.4157 -0.2146 0.315, -0.2635 -0.2146 0.315, -0.1453 -0.0965 0.315, 1.1289 -0.0965 0.315, 1.1289 1.4586 0.315, 0.6762 1.4586 0.315, 0.6762 1.5767 0.315, 0.2431 1.5767 0.315, 0.2431 1.4586 0.315, -0.19 1.4586 0.315, -0.19 1.3405 0.315, -0.623 1.3405 0.315, -0.623 1.4586 0.315, -1.0561 1.4586 0.315, -1.0561 1.3405 0.315, -1.4892 1.3405 0.315, -1.4892 1.4586 0.315, -2.4813 1.4586 0.315, -2.4813 1.3996 0.315, -1.9012 -2.2683 -0.1378, -1.8632 -2.2526 -0.1378, -1.8306 -2.2275 -0.1378, -1.8055 -2.1949 -0.1378, -1.7898 -2.1569 -0.1378, -1.7844 -2.1162 -0.1378, -1.7898 -2.0754 -0.1378, -1.8055 -2.0374 -0.1378, -1.8306 -2.0048 -0.1378, -1.8632 -1.9798 -0.1378, -1.9012 -1.9641 -0.1378, -1.9419 -1.9587 -0.1378, -1.9827 -1.9641 -0.1378, -2.0207 -1.9798 -0.1378, -2.0533 -2.0048 -0.1378, -2.0783 -2.0374 -0.1378, -2.094 -2.0754 -0.1378, -2.0994 -2.1162 -0.1378, -2.094 -2.1569 -0.1378, -2.0783 -2.1949 -0.1378, -2.0533 -2.2275 -0.1378, -2.0207 -2.2526 -0.1378, -1.9827 -2.2683 -0.1378, -1.9419 -2.2737 -0.1378, -1.9911 -2.0309 -0.1968, -1.9674 -2.0211 -0.1968, -1.9419 -2.1162 -0.1968, -1.9419 -2.0178 -0.1968, -1.9164 -2.0211 -0.1968, -2.037 -2.0907 -0.1968, -2.0272 -2.067 -0.1968, -2.0115 -2.0466 -0.1968, -2.0272 -2.1654 -0.1968, -2.037 -2.1416 -0.1968, -2.0403 -2.1162 -0.1968, -1.9674 -2.2112 -0.1968, -1.9911 -2.2014 -0.1968, -2.0115 -2.1858 -0.1968, -1.8927 -2.2014 -0.1968, -1.9164 -2.2112 -0.1968, -1.9419 -2.2146 -0.1968, -1.8468 -2.1416 -0.1968, -1.8567 -2.1654 -0.1968, -1.8723 -2.1858 -0.1968, -1.8567 -2.067 -0.1968, -1.8468 -2.0907 -0.1968, -1.8435 -2.1162 -0.1968, -1.8927 -2.0309 -0.1968, -1.8723 -2.0466 -0.1968, 1.2484 -2.2683 -0.1378, 1.2864 -2.2526 -0.1378, 1.319 -2.2275 -0.1378, 1.3441 -2.1949 -0.1378, 1.3598 -2.1569 -0.1378, 1.3652 -2.1162 -0.1378, 1.3598 -2.0754 -0.1378, 1.3441 -2.0374 -0.1378, 1.319 -2.0048 -0.1378, 1.2864 -1.9798 -0.1378, 1.2484 -1.9641 -0.1378, 1.2077 -1.9587 -0.1378, 1.1669 -1.9641 -0.1378, 1.1289 -1.9798 -0.1378, 1.0963 -2.0048 -0.1378, 1.0713 -2.0374 -0.1378, 1.0556 -2.0754 -0.1378, 1.0502 -2.1162 -0.1378, 1.0556 -2.1569 -0.1378, 1.0713 -2.1949 -0.1378, 1.0963 -2.2275 -0.1378, 1.1289 -2.2526 -0.1378, 1.1669 -2.2683 -0.1378, 1.2077 -2.2737 -0.1378, 1.1585 -2.0309 -0.1968, 1.1822 -2.0211 -0.1968, 1.2077 -2.1162 -0.1968, 1.2077 -2.0178 -0.1968, 1.2332 -2.0211 -0.1968, 1.1126 -2.0907 -0.1968, 1.1224 -2.067 -0.1968, 1.1381 -2.0466 -0.1968, 1.1224 -2.1654 -0.1968, 1.1126 -2.1416 -0.1968, 1.1093 -2.1162 -0.1968, 1.1822 -2.2112 -0.1968, 1.1585 -2.2014 -0.1968, 1.1381 -2.1858 -0.1968, 1.2569 -2.2014 -0.1968, 1.2332 -2.2112 -0.1968, 1.2077 -2.2146 -0.1968, 1.3028 -2.1416 -0.1968, 1.2929 -2.1654 -0.1968, 1.2773 -2.1858 -0.1968, 1.2929 -2.067 -0.1968, 1.3028 -2.0907 -0.1968, 1.3061 -2.1162 -0.1968, 1.2569 -2.0309 -0.1968, 1.2773 -2.0466 -0.1968, -2.6112 -3.3563 0.7087, -2.5522 -3.2973 0.315, -2.5522 -3.2973 0.7087, -2.5522 -0.5639 0.7087, -2.7608 -0.6201 0.7087, -2.6276 -0.6201 0.7087, -2.6153 -0.6192 0.7087, -2.5582 -0.5786 0.7087, -2.5696 -0.5946 0.7087, -2.5967 -0.6138 0.7087, -2.5798 -0.604 0.7087, 2.2171 1.4362 0.7087, 2.1718 1.3208 0.7087, 2.2171 1.4362 0.315, 2.1718 1.3208 0.315, 2.2263 1.4532 0.315, 2.2263 1.4532 0.7087, 2.2396 1.4676 0.315, 2.2396 1.4676 0.7087, 2.2558 1.4782 0.315, 2.2558 1.4782 0.7087, 2.2743 1.4845 0.315, 2.2743 1.4845 0.7087, 2.2943 1.4861 0.315, 2.2943 1.4861 0.7087, 2.3138 1.4826 0.315, 2.3138 1.4826 0.7087, 2.3317 1.4745 0.315, 2.3317 1.4745 0.7087, 2.3425 1.4664 0.315, 2.3425 1.4664 0.7087, 2.3554 1.4518 0.315, 2.3554 1.4518 0.7087, 2.3637 1.4362 0.315, 2.3637 1.4362 0.7087, 2.4675 1.1712 0.315, 2.4675 1.1712 0.5118, 2.4675 1.1712 0.7087, 2.6762 1.1712 0.5118, 2.6762 1.1712 0.7087, 2.6762 -2.8524 0.315, 2.6762 -2.8524 0.7087, 2.6762 -0.7578 0.5118, 2.6762 -0.7578 0.689, 2.6762 -1.0965 0.689, 2.6762 -1.0965 0.315, 2.4282 -3.1004 0.7087, 2.4282 -3.1004 0.315, 2.4282 -3.4941 0.7087, 2.4282 -3.4941 0.315, 1.8376 -3.4941 0.7087, 1.8376 -3.4941 0.315, 1.8376 -3.5729 0.7087, 1.8376 -3.548 0.315, 1.8376 -3.5729 0.2904, 1.8787 -3.614 0.7087, 2.0856 1.3208 0.7087, 2.0856 1.7027 0.7087, 2.0856 1.3208 0.315, 2.0856 1.7027 0.315, -2.3233 1.9399 0.7087, -2.3047 1.9453 0.7087, -2.2878 1.9551 0.7087, -2.2835 1.9586 0.7087, -2.3877 1.9586 0.7087, -2.3729 1.9483 0.7087, -2.3547 1.9413 0.7087, -2.3356 1.9389 0.7087, 1.8652 2.2342 0.4331, 1.8652 2.313 0.2967, 1.8652 2.313 0.2165, 2.125 2.2342 0.4331, 2.125 2.313 0.2967, 2.125 2.313 0.2165, -2.8986 -3.0611 0.2967, -2.8986 -3.0611 0.2047, -2.8199 -3.0611 0.4331, -2.8199 -3.0611 0.2047, -2.8199 -2.7461 0.4331, -2.8199 -2.7461 0.2047, -2.8986 -2.7461 0.2967, -2.8986 -2.7461 0.2047, -2.8199 1.1909 0.4331, -2.8199 0.876 0.4331, -2.8199 1.1909 0.315, -2.8199 0.876 0.315, -2.8199 1.1909 0.2047, -2.8986 1.1909 0.2047, -2.8986 1.1909 0.2967, -2.8199 0.4429 0.2047, -2.8421 0.4429 0.2047, -2.8421 0.876 0.2047, -2.8986 0.876 0.2047, -2.8986 0.876 0.2967, 2.9124 1.1909 0.2967, 2.9124 1.1909 0.2047, 2.9124 0.876 0.2967, 2.9124 0.876 0.2047, 2.9124 -3.0611 0.2967, 2.9124 -3.0611 0.2047, 2.9124 -2.7461 0.2047, 2.9124 -2.7461 0.2967, -0.3965 -3.2973 0.315, 1.7427 -3.5297 0.315, 1.4742 -3.4745 0.315, 1.2135 -3.4289 0.315, 1.1654 -3.4205 0.315, -0.0827 -3.3022 0.315, 0.1424 -3.3129 0.315, 0.8549 -3.3762 0.315, 0.6797 -3.3568 0.315, 0.5431 -3.3417 0.315, 0.2306 -3.317 0.315, -2.8199 1.7027 0.6496, -2.7608 1.7027 0.7087, 1.3573 1.9586 0.7087, 1.3573 2.1555 0.7087, 2.7746 -3.6319 0.7087, 2.1401 -3.6319 0.7087, 2.0086 -3.6272 0.7087, 2.015 -3.6278 0.7087, -2.7608 -3.3563 0.7087, -2.8421 0.876 0.315, -2.8421 0.6791 0.315, -2.8421 0.6791 0.4331, -2.8421 0.4429 0.4331, -2.8199 0.4429 0.315, -2.7516 0.4429 0.315, -2.7516 0.4429 0.4331, -2.7516 0.6791 0.4331, -2.7516 0.6791 0.315, 1.7613 -1.5605 0.689, 1.7613 -1.5605 0.315, 1.7579 -1.566 0.315, 1.7579 -1.566 0.689, 1.7508 -1.5843 0.315, 1.7508 -1.5843 0.689, 1.7484 -1.6038 0.315, 1.7484 -1.6038 0.689, 1.751 -1.6236 0.315, 1.751 -1.6236 0.689, 1.7582 -1.6417 0.315, 1.7582 -1.6417 0.689, 1.7697 -1.6574 0.315, 1.7697 -1.6574 0.689, 1.9244 -1.8227 0.689, 1.9244 -1.8227 0.315, 1.9273 -1.8256 0.315, 1.9273 -1.8256 0.689, 1.9392 -1.8341 0.315, 1.9392 -1.8341 0.689, 1.9529 -1.8395 0.315, 1.9529 -1.8395 0.689, 1.9675 -1.8413 0.315, 1.9675 -1.8413 0.689, 1.9784 -1.8403 0.315, 1.9784 -1.8403 0.689, 1.9924 -1.8359 0.315, 1.9924 -1.8359 0.689, 2.0047 -1.8282 0.315, 2.0047 -1.8282 0.689, 2.0108 -1.8225 0.315, 2.0108 -1.8225 0.689, 2.0194 -1.8105 0.315, 2.0194 -1.8105 0.689, 2.0248 -1.7968 0.315, 2.0248 -1.7968 0.689, 2.0266 -1.7823 0.315, 2.0266 -1.7823 0.689, 2.0266 -0.9154 0.689, 2.0266 -0.9154 0.315, 2.0276 -0.9045 0.315, 2.0276 -0.9045 0.689, 2.0321 -0.8905 0.315, 2.0321 -0.8905 0.689, 2.0397 -0.8782 0.315, 2.0397 -0.8782 0.689, 2.0454 -0.8721 0.315, 2.0454 -0.8721 0.689, 2.0574 -0.8635 0.315, 2.0574 -0.8635 0.689, 2.0711 -0.8581 0.315, 2.0711 -0.8581 0.689, 2.0856 -0.8563 0.315, 2.0856 -0.8563 0.689, 2.0868 -0.8563 0.689, 2.0868 -0.8563 0.315, 2.0924 -0.8566 0.315, 2.0924 -0.8566 0.689, 2.1067 -0.8598 0.315, 2.1067 -0.8598 0.689, 2.1198 -0.8664 0.315, 2.1198 -0.8664 0.689, 2.1308 -0.8761 0.315, 2.1308 -0.8761 0.689, 2.1391 -0.8881 0.315, 2.1391 -0.8881 0.689, 2.1443 -0.9019 0.315, 2.1443 -0.9019 0.689, 2.1458 -0.9142 0.315, 2.1458 -0.9142 0.689, 2.1644 -1.8603 0.689, 2.1644 -1.8603 0.315, 2.3927 -1.8603 0.689, 2.3927 -1.8603 0.315, 2.3927 -1.4587 0.689, 2.3927 -1.4587 0.315, 1.4951 -0.4048 0.689, 1.4951 0.2067 0.689, 1.4951 -0.4048 0.5118, 1.4951 0.2067 0.5118, 1.4058 -0.3149 0.5118, 1.4058 -0.3149 0.315, 1.8691 -0.7815 0.315, 1.8691 -0.7815 0.689, 1.8691 -1.337 0.689, 1.8691 -1.337 0.315, 1.8682 -1.3561 0.315, 1.8682 -1.3561 0.689, 1.8575 -1.4037 0.315, 1.8575 -1.4037 0.689, 1.837 -1.4448 0.315, 1.837 -1.4448 0.689, 2.0856 -0.7578 0.689, 2.0856 0.2067 0.689, 1.3258 -0.1207 0.5118, 1.3258 -0.1207 0.315, 1.3259 -0.1282 0.315, 1.3259 -0.1282 0.5118, 1.3325 -0.1811 0.315, 1.3325 -0.1811 0.5118, 1.3555 -0.2453 0.315, 1.3555 -0.2453 0.5118, 1.364 -0.2609 0.315, 1.364 -0.2609 0.5118, 1.503 0.8956 0.5118, 1.503 0.2067 0.5118, 1.503 0.8956 0.315, 1.503 0.2067 0.315, 1.3258 0.8956 0.5118, 1.3258 0.8956 0.315, 1.503 1.7027 0.5118, 1.503 0.9153 0.5118, 1.503 1.7027 0.315, 1.503 0.9153 0.315, 1.3455 0.9153 0.5118, 1.3455 1.7027 0.5118, 1.3455 0.9153 0.315, 1.3455 1.7027 0.315, 2.1565 1.1712 0.315, 2.1565 1.1712 0.5118, 2.1371 1.1688 0.315, 2.1371 1.1688 0.5118, 2.1189 1.1617 0.315, 2.1189 1.1617 0.5118, 2.103 1.1502 0.315, 2.103 1.1502 0.5118, 2.0952 1.1419 0.315, 2.0952 1.1419 0.5118, 2.085 1.1255 0.315, 2.085 1.1255 0.5118, 2.0791 1.1068 0.315, 2.0791 1.1068 0.5118, 2.0778 1.0925 0.315, 2.0778 1.0925 0.5118, 2.0778 0.2067 0.5118, 2.0778 0.2067 0.315, 2.0856 -0.1766 0.5118, 2.0856 -0.1766 0.315, 2.0915 -0.1089 0.315, 2.0915 -0.1089 0.5118, 2.1089 -0.0433 0.315, 2.1089 -0.0433 0.5118, 2.3301 0.5716 0.5118, 2.3301 0.5716 0.315, 2.3475 0.6372 0.315, 2.3475 0.6372 0.5118, 2.3475 0.6372 0.315, 2.3475 0.6372 0.5118, 2.3534 0.7049 0.315, 2.3534 0.7049 0.5118, 2.3534 0.9822 0.5118, 2.3534 0.9822 0.315, 2.3556 0.9998 0.315, 2.3556 0.9998 0.5118, 2.362 1.0162 0.315, 2.362 1.0162 0.5118, 2.3724 1.0306 0.315, 2.3724 1.0306 0.5118, 2.3761 1.0343 0.315, 2.3761 1.0343 0.5118, 2.3898 1.0442 0.315, 2.3898 1.0442 0.5118, 2.4061 1.0508 0.315, 2.4061 1.0508 0.5118, 2.4221 1.0531 0.315, 2.4221 1.0531 0.5118, 2.4395 1.0513 0.315, 2.4395 1.0513 0.5118, 2.4559 1.0452 0.315, 2.4559 1.0452 0.5118, 2.4702 1.0353 0.315, 2.4702 1.0353 0.5118, 2.4788 1.0261 0.315, 2.4788 1.0261 0.5118, 2.4878 1.0111 0.315, 2.4878 1.0111 0.5118, 2.4928 0.9944 0.315, 2.4928 0.9944 0.5118, 2.4937 0.9829 0.315, 2.4937 0.9829 0.5118, 2.4937 0.6192 0.5118, 2.4937 0.6192 0.315, 2.589 0.1674 0.5118, 2.589 0.1674 0.315, 2.5975 0.0863 0.5118, 2.5975 0.0863 0.315, 2.5975 -0.7578 0.5118, 2.5975 -0.7578 0.315, 2.0856 0.2067 0.5118, 2.3475 0.6372 0.5118, 2.2661 -0.2418 0.5118, 2.2234 -0.2927 0.5118, 2.2661 -0.2418 0.315, 2.2234 -0.2927 0.315, 2.4169 -0.2418 0.315, 2.4169 -0.2418 0.5118, 2.3989 -0.2251 0.5118, 2.2839 -0.2252 0.315, 2.3054 -0.2135 0.315, 2.284 -0.2251 0.5118, 2.2839 -0.2252 0.5118, 2.3284 -0.2075 0.5118, 2.3057 -0.2134 0.5118, 2.3054 -0.2135 0.5118, 2.3289 -0.2075 0.5118, 2.3289 -0.2074 0.315, 2.3538 -0.2073 0.315, 2.3771 -0.2132 0.5118, 2.3541 -0.2074 0.5118, 2.3538 -0.2074 0.5118, 2.3776 -0.2135 0.5118, 2.3776 -0.2135 0.315, 2.3982 -0.2246 0.5118, 2.3989 -0.225 0.315, 2.4597 -0.2927 0.5118, 2.4597 -0.2927 0.315, 2.4597 0.0673 0.5118, 2.4597 0.0673 0.315, 2.4512 0.1483 0.315, 2.4512 0.1483 0.5118, 2.4043 0.3707 0.5118, 2.4043 0.3707 0.315, 2.2234 -0.1319 0.5118, 2.2234 -0.1319 0.315, 2.4597 -0.5684 0.5118, 2.4597 -0.7578 0.5118, 2.4597 -0.5684 0.315, 2.4597 -0.7578 0.315, 2.2516 -0.3203 0.5118, 2.2516 -0.3203 0.315, 2.2234 -0.3539 0.5118, 2.2234 -0.3539 0.315, 2.0856 -0.5149 0.5118, 2.0856 -0.5149 0.315, 2.0856 -0.7578 0.5118, -1.9125 -2.0063 -0.1948, -1.8851 -2.0177 -0.1948, -1.8615 -2.0358 -0.1948, -1.8434 -2.0593 -0.1948, -1.8321 -2.0867 -0.1948, -1.8282 -2.1162 -0.1948, -1.8321 -2.1456 -0.1948, -1.8434 -2.173 -0.1948, -1.8615 -2.1966 -0.1948, -1.8851 -2.2147 -0.1948, -1.9125 -2.226 -0.1948, -1.9419 -2.2299 -0.1948, -1.9713 -2.226 -0.1948, -1.9988 -2.2147 -0.1948, -2.0223 -2.1966 -0.1948, -2.0404 -2.173 -0.1948, -2.0518 -2.1456 -0.1948, -2.0556 -2.1162 -0.1948, -2.0518 -2.0867 -0.1948, -2.0404 -2.0593 -0.1948, -2.0223 -2.0358 -0.1948, -1.9988 -2.0177 -0.1948, -1.9713 -2.0063 -0.1948, -1.9419 -2.0025 -0.1948, -1.9088 -1.9926 -0.1889, -1.8779 -2.0054 -0.1889, -1.8514 -2.0257 -0.1889, -1.8311 -2.0522 -0.1889, -1.8183 -2.0831 -0.1889, -1.814 -2.1162 -0.1889, -1.8183 -2.1493 -0.1889, -1.8311 -2.1802 -0.1889, -1.8514 -2.2067 -0.1889, -1.8779 -2.227 -0.1889, -1.9088 -2.2398 -0.1889, -1.9419 -2.2441 -0.1889, -1.975 -2.2398 -0.1889, -2.0059 -2.227 -0.1889, -2.0324 -2.2067 -0.1889, -2.0527 -2.1802 -0.1889, -2.0655 -2.1493 -0.1889, -2.0699 -2.1162 -0.1889, -2.0655 -2.0831 -0.1889, -2.0527 -2.0522 -0.1889, -2.0324 -2.0257 -0.1889, -2.0059 -2.0054 -0.1889, -1.975 -1.9926 -0.1889, -1.9419 -1.9882 -0.1889, -1.9056 -1.9808 -0.1796, -1.8718 -1.9948 -0.1796, -1.8428 -2.0171 -0.1796, -1.8205 -2.0461 -0.1796, -1.8065 -2.0799 -0.1796, -1.8017 -2.1162 -0.1796, -1.8065 -2.1525 -0.1796, -1.8205 -2.1863 -0.1796, -1.8428 -2.2153 -0.1796, -1.8718 -2.2376 -0.1796, -1.9056 -2.2516 -0.1796, -1.9419 -2.2564 -0.1796, -1.9782 -2.2516 -0.1796, -2.012 -2.2376 -0.1796, -2.041 -2.2153 -0.1796, -2.0633 -2.1863 -0.1796, -2.0773 -2.1525 -0.1796, -2.0821 -2.1162 -0.1796, -2.0773 -2.0799 -0.1796, -2.0633 -2.0461 -0.1796, -2.041 -2.0171 -0.1796, -2.012 -1.9948 -0.1796, -1.9782 -1.9808 -0.1796, -1.9419 -1.976 -0.1796, -1.9032 -1.9717 -0.1673, -1.8671 -1.9866 -0.1673, -1.8362 -2.0104 -0.1673, -1.8124 -2.0414 -0.1673, -1.7974 -2.0775 -0.1673, -1.7924 -2.1162 -0.1673, -1.7974 -2.1549 -0.1673, -1.8124 -2.191 -0.1673, -1.8362 -2.2219 -0.1673, -1.8671 -2.2457 -0.1673, -1.9032 -2.2606 -0.1673, -1.9419 -2.2657 -0.1673, -1.9806 -2.2606 -0.1673, -2.0167 -2.2457 -0.1673, -2.0477 -2.2219 -0.1673, -2.0714 -2.191 -0.1673, -2.0864 -2.1549 -0.1673, -2.0915 -2.1162 -0.1673, -2.0864 -2.0775 -0.1673, -2.0714 -2.0414 -0.1673, -2.0477 -2.0104 -0.1673, -2.0167 -1.9866 -0.1673, -1.9806 -1.9717 -0.1673, -1.9419 -1.9666 -0.1673, -1.9017 -1.966 -0.1531, -1.8642 -1.9815 -0.1531, -1.832 -2.0062 -0.1531, -1.8073 -2.0384 -0.1531, -1.7917 -2.0759 -0.1531, -1.7865 -2.1162 -0.1531, -1.7917 -2.1564 -0.1531, -1.8073 -2.1939 -0.1531, -1.832 -2.2261 -0.1531, -1.8642 -2.2508 -0.1531, -1.9017 -2.2663 -0.1531, -1.9419 -2.2716 -0.1531, -1.9822 -2.2663 -0.1531, -2.0197 -2.2508 -0.1531, -2.0519 -2.2261 -0.1531, -2.0766 -2.1939 -0.1531, -2.0921 -2.1564 -0.1531, -2.0974 -2.1162 -0.1531, -2.0921 -2.0759 -0.1531, -2.0766 -2.0384 -0.1531, -2.0519 -2.0062 -0.1531, -2.0197 -1.9815 -0.1531, -1.9822 -1.966 -0.1531, -1.9419 -1.9607 -0.1531, 1.2371 -2.0063 -0.1948, 1.2645 -2.0177 -0.1948, 1.2881 -2.0358 -0.1948, 1.3062 -2.0593 -0.1948, 1.3175 -2.0867 -0.1948, 1.3214 -2.1162 -0.1948, 1.3175 -2.1456 -0.1948, 1.3062 -2.173 -0.1948, 1.2881 -2.1966 -0.1948, 1.2645 -2.2147 -0.1948, 1.2371 -2.226 -0.1948, 1.2077 -2.2299 -0.1948, 1.1783 -2.226 -0.1948, 1.1508 -2.2147 -0.1948, 1.1273 -2.1966 -0.1948, 1.1092 -2.173 -0.1948, 1.0979 -2.1456 -0.1948, 1.094 -2.1162 -0.1948, 1.0979 -2.0867 -0.1948, 1.1092 -2.0593 -0.1948, 1.1273 -2.0358 -0.1948, 1.1508 -2.0177 -0.1948, 1.1783 -2.0063 -0.1948, 1.2077 -2.0025 -0.1948, 1.2408 -1.9926 -0.1889, 1.2717 -2.0054 -0.1889, 1.2982 -2.0257 -0.1889, 1.3185 -2.0522 -0.1889, 1.3313 -2.0831 -0.1889, 1.3356 -2.1162 -0.1889, 1.3313 -2.1493 -0.1889, 1.3185 -2.1802 -0.1889, 1.2982 -2.2067 -0.1889, 1.2717 -2.227 -0.1889, 1.2408 -2.2398 -0.1889, 1.2077 -2.2441 -0.1889, 1.1746 -2.2398 -0.1889, 1.1437 -2.227 -0.1889, 1.1172 -2.2067 -0.1889, 1.0969 -2.1802 -0.1889, 1.0841 -2.1493 -0.1889, 1.0797 -2.1162 -0.1889, 1.0841 -2.0831 -0.1889, 1.0969 -2.0522 -0.1889, 1.1172 -2.0257 -0.1889, 1.1437 -2.0054 -0.1889, 1.1746 -1.9926 -0.1889, 1.2077 -1.9882 -0.1889, 1.244 -1.9808 -0.1796, 1.2778 -1.9948 -0.1796, 1.3068 -2.0171 -0.1796, 1.3291 -2.0461 -0.1796, 1.3431 -2.0799 -0.1796, 1.3479 -2.1162 -0.1796, 1.3431 -2.1525 -0.1796, 1.3291 -2.1863 -0.1796, 1.3068 -2.2153 -0.1796, 1.2778 -2.2376 -0.1796, 1.244 -2.2516 -0.1796, 1.2077 -2.2564 -0.1796, 1.1714 -2.2516 -0.1796, 1.1376 -2.2376 -0.1796, 1.1086 -2.2153 -0.1796, 1.0863 -2.1863 -0.1796, 1.0723 -2.1525 -0.1796, 1.0675 -2.1162 -0.1796, 1.0723 -2.0799 -0.1796, 1.0863 -2.0461 -0.1796, 1.1086 -2.0171 -0.1796, 1.1376 -1.9948 -0.1796, 1.1714 -1.9808 -0.1796, 1.2077 -1.976 -0.1796, 1.2464 -1.9717 -0.1673, 1.2825 -1.9866 -0.1673, 1.3134 -2.0104 -0.1673, 1.3372 -2.0414 -0.1673, 1.3522 -2.0775 -0.1673, 1.3573 -2.1162 -0.1673, 1.3522 -2.1549 -0.1673, 1.3372 -2.191 -0.1673, 1.3134 -2.2219 -0.1673, 1.2825 -2.2457 -0.1673, 1.2464 -2.2606 -0.1673, 1.2077 -2.2657 -0.1673, 1.169 -2.2606 -0.1673, 1.1329 -2.2457 -0.1673, 1.1019 -2.2219 -0.1673, 1.0782 -2.191 -0.1673, 1.0632 -2.1549 -0.1673, 1.0581 -2.1162 -0.1673, 1.0632 -2.0775 -0.1673, 1.0782 -2.0414 -0.1673, 1.1019 -2.0104 -0.1673, 1.1329 -1.9866 -0.1673, 1.169 -1.9717 -0.1673, 1.2077 -1.9666 -0.1673, 1.2479 -1.966 -0.1531, 1.2854 -1.9815 -0.1531, 1.3176 -2.0062 -0.1531, 1.3423 -2.0384 -0.1531, 1.3579 -2.0759 -0.1531, 1.3632 -2.1162 -0.1531, 1.3579 -2.1564 -0.1531, 1.3423 -2.1939 -0.1531, 1.3176 -2.2261 -0.1531, 1.2854 -2.2508 -0.1531, 1.2479 -2.2663 -0.1531, 1.2077 -2.2716 -0.1531, 1.1674 -2.2663 -0.1531, 1.13 -2.2508 -0.1531, 1.0978 -2.2261 -0.1531, 1.073 -2.1939 -0.1531, 1.0575 -2.1564 -0.1531, 1.0522 -2.1162 -0.1531, 1.0575 -2.0759 -0.1531, 1.073 -2.0384 -0.1531, 1.0978 -2.0062 -0.1531, 1.13 -1.9815 -0.1531, 1.1674 -1.966 -0.1531, 1.2077 -1.9607 -0.1531, -2.6506 0.876 0.4331, -2.6506 0.876 0.315, -2.6506 1.7027 0.4331, -2.6506 1.7027 0.315, -2.8199 1.7027 0.4331, -2.8199 1.7027 0.315
            ]
        }
        coordIndex [
            0,1,2,-1,2,1,3,-1,3,4,2,-1,2,4,5,-1,2,5,6,-1,7,8,9,-1,9,8,10,-1,6,11,2,-1,2,11,8,-1,2,8,12,-1,12,8,7,-1,13,14,15,-1,16,17,18,-1,18,17,19,-1,18,19,15,-1,15,19,20,-1,15,20,13,-1,16,18,21,-1,21,18,22,-1,21,22,23,-1,24,25,26,-1,27,28,26,-1,26,28,29,-1,29,30,26,-1,26,30,31,-1,26,31,32,-1,32,33,26,-1,26,33,34,-1,26,34,24,-1,35,36,37,-1,38,39,35,-1,40,41,42,-1,42,41,35,-1,43,44,35,-1,35,44,45,-1,35,45,38,-1,39,46,35,-1,35,46,47,-1,35,47,42,-1,37,48,35,-1,35,48,49,-1,35,49,43,-1,50,51,52,-1,52,51,53,-1,54,55,56,-1,56,55,57,-1,57,58,56,-1,56,58,59,-1,56,59,60,-1,61,62,63,-1,63,62,64,-1,65,66,67,-1,67,66,68,-1,67,68,69,-1,70,71,72,-1,72,71,65,-1,69,68,73,-1,73,68,74,-1,73,74,75,-1,76,77,78,-1,67,79,65,-1,65,79,73,-1,65,73,72,-1,72,73,75,-1,72,75,80,-1,80,75,81,-1,77,76,82,-1,82,76,71,-1,82,71,83,-1,83,71,70,-1,83,70,78,-1,78,70,84,-1,78,84,76,-1,85,86,87,-1,87,86,88,-1,87,88,89,-1,89,88,90,-1,89,90,91,-1,91,90,92,-1,91,92,85,-1,85,92,86,-1,93,94,72,-1,72,94,70,-1,95,96,97,-1,97,96,98,-1,99,100,101,-1,101,102,103,-1,104,105,106,-1,107,108,109,-1,103,110,101,-1,101,110,108,-1,101,108,99,-1,99,108,107,-1,111,112,113,-1,113,112,114,-1,115,116,109,-1,109,116,117,-1,109,117,107,-1,107,117,118,-1,119,120,121,-1,122,123,118,-1,118,123,124,-1,118,124,107,-1,107,124,104,-1,107,104,125,-1,125,104,106,-1,126,127,121,-1,121,127,108,-1,110,113,108,-1,108,113,114,-1,108,114,121,-1,121,114,128,-1,121,128,119,-1,119,128,129,-1,119,129,130,-1,131,132,107,-1,133,134,135,-1,135,134,136,-1,125,135,107,-1,107,135,136,-1,107,136,131,-1,131,136,137,-1,138,139,137,-1,137,139,140,-1,137,140,131,-1,131,140,141,-1,142,143,141,-1,141,143,144,-1,141,144,131,-1,131,144,145,-1,84,146,147,-1,148,131,80,-1,147,80,149,-1,149,80,131,-1,149,131,150,-1,150,131,145,-1,150,145,151,-1,151,145,152,-1,88,86,153,-1,153,86,154,-1,149,155,147,-1,147,155,153,-1,147,153,84,-1,84,153,154,-1,84,154,76,-1,156,157,158,-1,159,160,161,-1,162,163,164,-1,164,163,165,-1,164,165,166,-1,68,66,167,-1,167,66,168,-1,168,169,167,-1,167,169,170,-1,167,170,171,-1,172,173,163,-1,163,173,174,-1,156,158,175,-1,176,177,178,-1,178,177,179,-1,180,181,166,-1,182,161,183,-1,183,161,164,-1,183,164,184,-1,184,164,185,-1,186,165,187,-1,187,165,163,-1,187,163,188,-1,188,163,174,-1,188,174,130,-1,130,174,189,-1,130,189,119,-1,176,190,177,-1,177,190,191,-1,177,191,192,-1,182,193,161,-1,161,193,194,-1,161,194,159,-1,159,194,195,-1,196,197,167,-1,167,197,198,-1,167,198,199,-1,198,200,199,-1,199,200,201,-1,199,201,179,-1,166,181,164,-1,164,181,202,-1,164,202,185,-1,195,203,159,-1,159,203,204,-1,159,204,205,-1,206,207,171,-1,208,209,210,-1,210,209,177,-1,210,177,211,-1,211,177,192,-1,212,159,213,-1,213,159,205,-1,213,205,158,-1,158,205,214,-1,158,214,175,-1,177,215,179,-1,179,215,148,-1,179,148,199,-1,199,148,80,-1,199,80,81,-1,209,216,177,-1,177,216,217,-1,177,217,166,-1,166,217,218,-1,166,218,180,-1,171,207,167,-1,167,207,219,-1,167,219,196,-1,157,220,158,-1,158,220,221,-1,158,221,208,-1,208,221,222,-1,208,222,209,-1,213,223,212,-1,212,223,224,-1,212,224,225,-1,225,224,226,-1,224,227,226,-1,226,227,228,-1,226,228,171,-1,171,228,229,-1,171,229,206,-1,230,231,127,-1,127,231,108,-1,62,61,121,-1,121,61,126,-1,64,62,232,-1,232,62,121,-1,232,121,120,-1,232,120,233,-1,233,120,119,-1,233,119,234,-1,234,119,189,-1,95,97,173,-1,173,97,174,-1,96,95,172,-1,172,95,173,-1,98,96,163,-1,163,96,172,-1,235,162,236,-1,236,162,164,-1,236,164,237,-1,237,164,161,-1,237,161,238,-1,238,161,160,-1,239,240,241,-1,241,240,159,-1,241,159,242,-1,242,159,212,-1,242,212,243,-1,243,212,225,-1,243,225,244,-1,244,225,245,-1,245,225,226,-1,245,226,246,-1,246,226,247,-1,247,226,171,-1,247,171,248,-1,248,171,170,-1,248,170,249,-1,170,169,249,-1,249,169,250,-1,251,252,253,-1,251,253,254,-1,250,169,253,-1,253,169,168,-1,253,168,254,-1,254,168,65,-1,65,168,66,-1,74,68,255,-1,255,68,167,-1,255,167,256,-1,256,167,199,-1,256,199,75,-1,75,199,81,-1,93,72,147,-1,147,72,80,-1,94,93,146,-1,146,93,147,-1,70,94,84,-1,84,94,146,-1,71,76,257,-1,257,76,154,-1,257,154,92,-1,92,154,86,-1,90,88,258,-1,258,88,153,-1,259,260,149,-1,149,260,155,-1,261,259,150,-1,150,259,149,-1,262,261,151,-1,151,261,150,-1,263,264,145,-1,145,264,152,-1,265,263,144,-1,144,263,145,-1,266,265,143,-1,143,265,144,-1,267,268,141,-1,141,268,142,-1,269,267,140,-1,140,267,141,-1,270,269,139,-1,139,269,140,-1,271,272,137,-1,137,272,138,-1,273,271,136,-1,136,271,137,-1,274,273,134,-1,134,273,136,-1,275,276,135,-1,135,276,133,-1,277,275,125,-1,125,275,135,-1,278,277,106,-1,106,277,125,-1,279,280,104,-1,104,280,105,-1,281,279,124,-1,124,279,104,-1,282,281,123,-1,123,281,124,-1,283,284,118,-1,118,284,122,-1,285,283,117,-1,117,283,118,-1,286,285,116,-1,116,285,117,-1,153,155,258,-1,258,155,260,-1,260,287,288,-1,262,289,290,-1,260,288,258,-1,258,288,291,-1,258,291,292,-1,143,142,266,-1,266,142,268,-1,290,293,262,-1,262,293,294,-1,262,294,260,-1,260,294,295,-1,260,295,287,-1,274,296,272,-1,272,296,270,-1,272,270,138,-1,138,270,139,-1,151,152,262,-1,262,152,264,-1,262,264,289,-1,289,264,266,-1,289,266,296,-1,296,266,268,-1,296,268,270,-1,278,106,105,-1,280,282,296,-1,105,280,278,-1,278,280,296,-1,278,296,276,-1,276,296,274,-1,276,274,133,-1,133,274,134,-1,116,115,286,-1,286,115,297,-1,230,298,299,-1,123,122,282,-1,282,122,284,-1,282,284,296,-1,296,284,286,-1,296,286,299,-1,299,286,297,-1,299,297,230,-1,300,301,63,-1,63,301,302,-1,63,302,61,-1,61,302,230,-1,61,230,126,-1,126,230,127,-1,303,302,304,-1,304,302,305,-1,303,306,302,-1,302,306,307,-1,302,307,230,-1,230,307,308,-1,230,308,298,-1,309,297,109,-1,109,297,115,-1,231,309,108,-1,108,309,109,-1,310,311,130,-1,130,311,188,-1,311,312,313,-1,314,187,315,-1,315,187,188,-1,315,188,316,-1,316,188,311,-1,316,311,317,-1,317,311,313,-1,314,318,187,-1,187,318,186,-1,318,319,186,-1,186,319,165,-1,319,320,165,-1,165,320,166,-1,320,321,166,-1,166,321,177,-1,321,322,177,-1,177,322,215,-1,322,323,215,-1,215,323,148,-1,323,324,148,-1,148,324,131,-1,324,325,131,-1,131,325,132,-1,325,326,132,-1,132,326,107,-1,326,327,107,-1,107,327,99,-1,327,328,99,-1,99,328,100,-1,328,329,100,-1,100,329,101,-1,329,330,101,-1,101,330,102,-1,330,331,102,-1,102,331,103,-1,331,332,103,-1,103,332,110,-1,332,333,110,-1,110,333,113,-1,333,334,113,-1,113,334,111,-1,334,335,111,-1,111,335,112,-1,335,336,112,-1,112,336,114,-1,336,337,114,-1,114,337,128,-1,337,338,128,-1,128,338,129,-1,338,310,129,-1,129,310,130,-1,205,339,214,-1,214,339,340,-1,214,340,175,-1,175,340,341,-1,175,341,156,-1,156,341,342,-1,156,342,157,-1,157,342,343,-1,157,343,220,-1,220,343,344,-1,220,344,221,-1,221,344,345,-1,221,345,222,-1,222,345,346,-1,222,346,209,-1,209,346,347,-1,209,347,216,-1,216,347,348,-1,216,348,217,-1,217,348,349,-1,217,349,218,-1,218,349,350,-1,218,350,180,-1,180,350,351,-1,180,351,181,-1,181,351,352,-1,181,352,202,-1,202,352,353,-1,202,353,185,-1,185,353,354,-1,185,354,184,-1,184,354,355,-1,184,355,183,-1,183,355,356,-1,183,356,182,-1,182,356,357,-1,182,357,193,-1,193,357,358,-1,193,358,194,-1,194,358,359,-1,194,359,195,-1,195,359,360,-1,195,360,203,-1,203,360,361,-1,203,361,204,-1,204,361,362,-1,204,362,205,-1,205,362,339,-1,363,364,365,-1,365,364,366,-1,365,366,367,-1,368,369,365,-1,365,369,370,-1,365,370,363,-1,371,372,365,-1,365,372,373,-1,365,373,368,-1,374,375,365,-1,365,375,376,-1,365,376,371,-1,377,378,365,-1,365,378,379,-1,365,379,374,-1,380,381,365,-1,365,381,382,-1,365,382,377,-1,383,384,365,-1,365,384,385,-1,365,385,380,-1,367,386,365,-1,365,386,387,-1,365,387,383,-1,229,388,206,-1,206,388,389,-1,206,389,207,-1,207,389,390,-1,207,390,219,-1,219,390,391,-1,219,391,196,-1,196,391,392,-1,196,392,197,-1,197,392,393,-1,197,393,198,-1,198,393,394,-1,198,394,200,-1,200,394,395,-1,200,395,201,-1,201,395,396,-1,201,396,179,-1,179,396,397,-1,179,397,178,-1,178,397,398,-1,178,398,176,-1,176,398,399,-1,176,399,190,-1,190,399,400,-1,190,400,191,-1,191,400,401,-1,191,401,192,-1,192,401,402,-1,192,402,211,-1,211,402,403,-1,211,403,210,-1,210,403,404,-1,210,404,208,-1,208,404,405,-1,208,405,158,-1,158,405,406,-1,158,406,213,-1,213,406,407,-1,213,407,223,-1,223,407,408,-1,223,408,224,-1,224,408,409,-1,224,409,227,-1,227,409,410,-1,227,410,228,-1,228,410,411,-1,228,411,229,-1,229,411,388,-1,412,413,414,-1,414,413,415,-1,414,415,416,-1,417,418,414,-1,414,418,419,-1,414,419,412,-1,420,421,414,-1,414,421,422,-1,414,422,417,-1,423,424,414,-1,414,424,425,-1,414,425,420,-1,426,427,414,-1,414,427,428,-1,414,428,423,-1,429,430,414,-1,414,430,431,-1,414,431,426,-1,432,433,414,-1,414,433,434,-1,414,434,429,-1,416,435,414,-1,414,435,436,-1,414,436,432,-1,239,241,437,-1,437,241,438,-1,437,438,439,-1,439,438,440,-1,440,438,315,-1,440,315,316,-1,317,441,316,-1,316,441,442,-1,316,442,443,-1,440,316,444,-1,444,316,445,-1,443,446,316,-1,316,446,447,-1,316,447,445,-1,259,261,260,-1,260,261,262,-1,263,265,264,-1,264,265,266,-1,267,269,268,-1,268,269,270,-1,271,273,272,-1,272,273,274,-1,275,277,276,-1,276,277,278,-1,279,281,280,-1,280,281,282,-1,283,285,284,-1,284,285,286,-1,230,297,231,-1,231,297,309,-1,448,449,450,-1,450,449,451,-1,448,450,452,-1,448,452,453,-1,453,452,454,-1,453,454,455,-1,455,454,456,-1,455,456,457,-1,457,456,458,-1,457,458,459,-1,459,458,460,-1,459,460,461,-1,461,460,462,-1,461,462,463,-1,463,462,464,-1,463,464,465,-1,465,464,466,-1,465,466,467,-1,467,466,468,-1,467,468,469,-1,469,468,470,-1,469,470,471,-1,470,472,471,-1,471,472,473,-1,471,473,474,-1,475,476,473,-1,473,476,474,-1,477,478,51,-1,476,475,50,-1,50,475,479,-1,479,480,50,-1,50,480,481,-1,50,481,51,-1,51,481,482,-1,51,482,477,-1,483,478,484,-1,484,478,477,-1,485,483,486,-1,486,483,484,-1,487,485,488,-1,488,485,486,-1,487,488,489,-1,489,488,490,-1,489,490,491,-1,253,252,491,-1,491,252,492,-1,491,492,489,-1,493,494,495,-1,495,494,496,-1,449,493,451,-1,451,493,495,-1,497,498,499,-1,500,501,499,-1,499,501,502,-1,502,503,499,-1,499,503,504,-1,499,504,497,-1,89,505,87,-1,87,505,506,-1,87,506,507,-1,505,89,508,-1,508,89,91,-1,508,91,509,-1,509,91,85,-1,509,85,510,-1,507,510,87,-1,87,510,85,-1,509,510,506,-1,506,510,507,-1,511,512,513,-1,513,512,514,-1,515,516,517,-1,517,516,518,-1,512,518,514,-1,514,518,516,-1,517,518,511,-1,511,518,512,-1,519,520,521,-1,521,520,522,-1,523,524,521,-1,521,524,525,-1,521,525,519,-1,526,527,528,-1,529,524,528,-1,528,524,523,-1,528,523,526,-1,525,524,530,-1,530,524,529,-1,531,532,82,-1,82,532,77,-1,83,78,533,-1,533,78,534,-1,532,534,77,-1,77,534,78,-1,533,534,531,-1,531,534,532,-1,79,67,535,-1,535,67,536,-1,537,536,69,-1,69,536,67,-1,538,537,73,-1,73,537,69,-1,535,536,538,-1,538,536,537,-1,79,535,73,-1,73,535,538,-1,83,533,82,-1,82,533,531,-1,508,509,505,-1,505,509,506,-1,519,525,520,-1,520,525,530,-1,515,517,513,-1,513,517,511,-1,242,539,241,-1,241,539,438,-1,248,249,540,-1,540,541,248,-1,248,541,542,-1,248,542,247,-1,247,542,543,-1,247,543,246,-1,539,242,544,-1,544,242,243,-1,544,243,545,-1,545,243,244,-1,543,546,246,-1,246,546,547,-1,246,547,245,-1,245,547,548,-1,245,548,244,-1,244,548,549,-1,244,549,545,-1,250,253,491,-1,490,540,491,-1,491,540,249,-1,491,249,250,-1,550,551,302,-1,302,551,54,-1,302,54,56,-1,302,56,60,-1,302,60,305,-1,552,258,2,-1,2,258,292,-1,60,501,305,-1,305,501,500,-1,305,500,292,-1,292,500,0,-1,292,0,2,-1,553,90,552,-1,552,90,258,-1,553,14,90,-1,90,14,13,-1,90,13,92,-1,92,13,27,-1,92,27,26,-1,92,26,25,-1,92,25,257,-1,257,25,36,-1,257,36,35,-1,41,71,35,-1,35,71,257,-1,71,41,40,-1,40,52,71,-1,71,52,53,-1,71,53,65,-1,65,53,554,-1,555,254,554,-1,554,254,65,-1,251,254,555,-1,492,252,556,-1,556,252,251,-1,556,251,557,-1,557,251,555,-1,240,558,313,-1,313,558,441,-1,313,441,317,-1,239,437,240,-1,240,437,558,-1,235,236,238,-1,238,236,237,-1,232,300,64,-1,64,300,63,-1,233,234,232,-1,232,234,301,-1,232,301,300,-1,74,255,75,-1,75,255,256,-1,559,528,560,-1,560,528,527,-1,560,527,561,-1,561,527,562,-1,527,526,563,-1,564,565,563,-1,563,565,562,-1,563,562,527,-1,566,565,567,-1,567,565,564,-1,561,566,560,-1,560,566,567,-1,565,566,562,-1,562,566,561,-1,568,569,570,-1,568,570,571,-1,571,570,572,-1,571,572,573,-1,573,572,574,-1,573,574,575,-1,575,574,576,-1,575,576,577,-1,577,576,578,-1,577,578,579,-1,579,578,580,-1,579,580,581,-1,582,581,583,-1,583,581,580,-1,582,583,584,-1,582,584,585,-1,585,584,586,-1,585,586,587,-1,587,586,588,-1,587,588,589,-1,589,588,590,-1,589,590,591,-1,591,590,592,-1,591,592,593,-1,593,592,594,-1,593,594,595,-1,595,594,596,-1,595,596,597,-1,597,596,598,-1,597,598,599,-1,599,598,600,-1,599,600,601,-1,601,600,602,-1,601,602,603,-1,603,602,604,-1,603,604,605,-1,606,605,607,-1,607,605,604,-1,606,607,608,-1,606,608,609,-1,609,608,610,-1,609,610,611,-1,611,610,612,-1,611,612,613,-1,613,612,614,-1,613,614,615,-1,615,614,616,-1,615,616,617,-1,617,616,618,-1,617,618,619,-1,619,618,620,-1,619,620,621,-1,622,621,623,-1,623,621,620,-1,622,623,624,-1,622,624,625,-1,625,624,626,-1,625,626,627,-1,627,626,628,-1,627,628,629,-1,629,628,630,-1,629,630,631,-1,631,630,632,-1,631,632,633,-1,633,632,634,-1,633,634,635,-1,635,634,636,-1,635,636,637,-1,638,637,639,-1,639,637,636,-1,640,638,641,-1,641,638,639,-1,642,640,643,-1,643,640,641,-1,481,642,482,-1,482,642,643,-1,644,645,646,-1,646,645,647,-1,648,649,646,-1,646,649,650,-1,646,650,644,-1,644,650,651,-1,652,651,653,-1,653,651,650,-1,652,653,654,-1,652,654,655,-1,655,654,656,-1,655,656,657,-1,657,656,658,-1,657,658,659,-1,568,659,569,-1,569,659,658,-1,637,638,640,-1,655,657,605,-1,611,613,660,-1,660,613,615,-1,606,609,651,-1,609,611,651,-1,651,611,660,-1,651,660,644,-1,644,660,661,-1,644,661,645,-1,480,631,633,-1,581,582,605,-1,605,582,585,-1,660,627,480,-1,480,627,629,-1,480,629,631,-1,637,640,635,-1,635,640,642,-1,635,642,633,-1,633,642,481,-1,633,481,480,-1,597,599,585,-1,615,617,660,-1,660,617,619,-1,660,619,621,-1,606,651,605,-1,605,651,652,-1,605,652,655,-1,597,585,595,-1,621,622,660,-1,660,622,625,-1,660,625,627,-1,587,589,591,-1,599,601,585,-1,585,601,603,-1,585,603,605,-1,657,659,605,-1,605,659,568,-1,605,568,581,-1,581,568,571,-1,581,571,579,-1,579,571,573,-1,579,573,577,-1,577,573,575,-1,587,591,585,-1,585,591,593,-1,585,593,595,-1,662,663,664,-1,662,664,665,-1,665,664,666,-1,665,666,667,-1,667,666,668,-1,667,668,669,-1,669,668,670,-1,669,670,671,-1,671,670,649,-1,671,649,648,-1,672,673,674,-1,674,673,675,-1,676,672,677,-1,677,672,674,-1,662,676,663,-1,663,676,677,-1,647,673,672,-1,669,671,648,-1,672,676,647,-1,647,676,662,-1,647,662,646,-1,646,662,665,-1,646,665,648,-1,648,665,667,-1,648,667,669,-1,678,679,680,-1,680,679,681,-1,682,683,684,-1,684,683,685,-1,679,682,681,-1,681,682,684,-1,683,682,678,-1,678,682,679,-1,472,686,473,-1,473,686,687,-1,687,686,688,-1,687,688,689,-1,689,688,690,-1,689,690,691,-1,691,690,692,-1,691,692,693,-1,693,692,694,-1,693,694,695,-1,695,694,696,-1,695,696,697,-1,697,696,698,-1,697,698,699,-1,699,698,700,-1,699,700,701,-1,702,701,703,-1,703,701,700,-1,704,705,706,-1,704,706,707,-1,707,706,708,-1,707,708,709,-1,710,709,711,-1,711,709,708,-1,712,710,711,-1,710,712,713,-1,713,712,714,-1,713,714,715,-1,715,714,716,-1,715,716,717,-1,718,717,719,-1,719,717,716,-1,718,719,720,-1,718,720,721,-1,721,720,722,-1,721,722,723,-1,723,722,724,-1,723,724,725,-1,725,724,726,-1,725,726,727,-1,727,726,728,-1,727,728,729,-1,729,728,730,-1,729,730,731,-1,731,730,732,-1,731,732,733,-1,733,732,734,-1,733,734,735,-1,735,734,736,-1,735,736,737,-1,737,736,738,-1,737,738,739,-1,739,738,740,-1,739,740,741,-1,741,740,742,-1,741,742,743,-1,743,742,744,-1,743,744,745,-1,745,744,746,-1,745,746,747,-1,748,747,749,-1,749,747,746,-1,750,748,751,-1,751,748,749,-1,750,751,752,-1,752,751,753,-1,754,752,755,-1,755,752,753,-1,756,704,707,-1,715,717,701,-1,701,717,718,-1,701,718,721,-1,701,702,756,-1,695,697,721,-1,721,697,699,-1,721,699,701,-1,695,721,693,-1,693,721,723,-1,693,723,691,-1,733,735,473,-1,473,735,737,-1,473,737,475,-1,475,737,739,-1,475,739,741,-1,754,479,752,-1,752,479,475,-1,707,709,756,-1,756,709,710,-1,756,710,701,-1,701,710,757,-1,701,757,715,-1,725,727,687,-1,687,727,729,-1,687,729,473,-1,473,729,731,-1,473,731,733,-1,741,743,475,-1,475,743,745,-1,475,745,747,-1,747,748,475,-1,475,748,750,-1,475,750,752,-1,725,687,723,-1,723,687,689,-1,723,689,691,-1,758,759,760,-1,760,759,761,-1,762,763,764,-1,758,760,765,-1,766,767,765,-1,765,767,768,-1,765,768,758,-1,769,770,766,-1,766,770,771,-1,766,771,767,-1,769,766,772,-1,772,766,773,-1,772,773,774,-1,775,776,774,-1,774,776,777,-1,774,777,772,-1,775,774,778,-1,778,774,779,-1,778,779,780,-1,780,779,764,-1,764,779,781,-1,764,781,762,-1,782,763,783,-1,783,763,762,-1,784,782,785,-1,785,782,783,-1,785,786,784,-1,784,786,787,-1,788,787,789,-1,789,787,786,-1,790,788,791,-1,791,788,789,-1,759,790,761,-1,761,790,791,-1,777,776,788,-1,759,758,790,-1,790,758,768,-1,790,768,767,-1,777,788,772,-1,780,784,778,-1,778,784,775,-1,780,764,784,-1,784,764,763,-1,784,763,782,-1,767,771,790,-1,790,771,770,-1,790,770,788,-1,788,770,769,-1,788,769,772,-1,775,784,776,-1,776,784,787,-1,776,787,788,-1,792,793,794,-1,794,793,795,-1,796,792,797,-1,797,792,794,-1,798,796,799,-1,799,796,797,-1,800,798,801,-1,801,798,799,-1,802,793,800,-1,800,793,792,-1,800,792,798,-1,798,792,796,-1,366,803,367,-1,367,803,804,-1,367,804,386,-1,386,804,805,-1,386,805,387,-1,387,805,806,-1,387,806,383,-1,383,806,807,-1,383,807,384,-1,384,807,808,-1,384,808,385,-1,385,808,809,-1,385,809,380,-1,380,809,810,-1,380,810,381,-1,381,810,811,-1,381,811,382,-1,382,811,812,-1,382,812,377,-1,377,812,813,-1,377,813,378,-1,378,813,814,-1,378,814,379,-1,379,814,815,-1,379,815,374,-1,374,815,816,-1,374,816,375,-1,375,816,817,-1,375,817,376,-1,376,817,818,-1,376,818,371,-1,371,818,819,-1,371,819,372,-1,372,819,820,-1,372,820,373,-1,373,820,821,-1,373,821,368,-1,368,821,822,-1,368,822,369,-1,369,822,823,-1,369,823,370,-1,370,823,824,-1,370,824,363,-1,363,824,825,-1,363,825,364,-1,364,825,826,-1,364,826,366,-1,366,826,803,-1,826,827,803,-1,803,827,828,-1,803,828,804,-1,804,828,829,-1,804,829,805,-1,805,829,830,-1,805,830,806,-1,806,830,831,-1,806,831,807,-1,807,831,832,-1,807,832,808,-1,808,832,833,-1,808,833,809,-1,809,833,834,-1,809,834,810,-1,810,834,835,-1,810,835,811,-1,811,835,836,-1,811,836,812,-1,812,836,837,-1,812,837,813,-1,813,837,838,-1,813,838,814,-1,814,838,839,-1,814,839,815,-1,815,839,840,-1,815,840,816,-1,816,840,841,-1,816,841,817,-1,817,841,842,-1,817,842,818,-1,818,842,843,-1,818,843,819,-1,819,843,844,-1,819,844,820,-1,820,844,845,-1,820,845,821,-1,821,845,846,-1,821,846,822,-1,822,846,847,-1,822,847,823,-1,823,847,848,-1,823,848,824,-1,824,848,849,-1,824,849,825,-1,825,849,850,-1,825,850,826,-1,826,850,827,-1,850,851,827,-1,827,851,852,-1,827,852,828,-1,828,852,853,-1,828,853,829,-1,829,853,854,-1,829,854,830,-1,830,854,855,-1,830,855,831,-1,831,855,856,-1,831,856,832,-1,832,856,857,-1,832,857,833,-1,833,857,858,-1,833,858,834,-1,834,858,859,-1,834,859,835,-1,835,859,860,-1,835,860,836,-1,836,860,861,-1,836,861,837,-1,837,861,862,-1,837,862,838,-1,838,862,863,-1,838,863,839,-1,839,863,864,-1,839,864,840,-1,840,864,865,-1,840,865,841,-1,841,865,866,-1,841,866,842,-1,842,866,867,-1,842,867,843,-1,843,867,868,-1,843,868,844,-1,844,868,869,-1,844,869,845,-1,845,869,870,-1,845,870,846,-1,846,870,871,-1,846,871,847,-1,847,871,872,-1,847,872,848,-1,848,872,873,-1,848,873,849,-1,849,873,874,-1,849,874,850,-1,850,874,851,-1,874,875,851,-1,851,875,876,-1,851,876,852,-1,852,876,877,-1,852,877,853,-1,853,877,878,-1,853,878,854,-1,854,878,879,-1,854,879,855,-1,855,879,880,-1,855,880,856,-1,856,880,881,-1,856,881,857,-1,857,881,882,-1,857,882,858,-1,858,882,883,-1,858,883,859,-1,859,883,884,-1,859,884,860,-1,860,884,885,-1,860,885,861,-1,861,885,886,-1,861,886,862,-1,862,886,887,-1,862,887,863,-1,863,887,888,-1,863,888,864,-1,864,888,889,-1,864,889,865,-1,865,889,890,-1,865,890,866,-1,866,890,891,-1,866,891,867,-1,867,891,892,-1,867,892,868,-1,868,892,893,-1,868,893,869,-1,869,893,894,-1,869,894,870,-1,870,894,895,-1,870,895,871,-1,871,895,896,-1,871,896,872,-1,872,896,897,-1,872,897,873,-1,873,897,898,-1,873,898,874,-1,874,898,875,-1,898,899,875,-1,875,899,900,-1,875,900,876,-1,876,900,901,-1,876,901,877,-1,877,901,902,-1,877,902,878,-1,878,902,903,-1,878,903,879,-1,879,903,904,-1,879,904,880,-1,880,904,905,-1,880,905,881,-1,881,905,906,-1,881,906,882,-1,882,906,907,-1,882,907,883,-1,883,907,908,-1,883,908,884,-1,884,908,909,-1,884,909,885,-1,885,909,910,-1,885,910,886,-1,886,910,911,-1,886,911,887,-1,887,911,912,-1,887,912,888,-1,888,912,913,-1,888,913,889,-1,889,913,914,-1,889,914,890,-1,890,914,915,-1,890,915,891,-1,891,915,916,-1,891,916,892,-1,892,916,917,-1,892,917,893,-1,893,917,918,-1,893,918,894,-1,894,918,919,-1,894,919,895,-1,895,919,920,-1,895,920,896,-1,896,920,921,-1,896,921,897,-1,897,921,922,-1,897,922,898,-1,898,922,899,-1,922,349,899,-1,899,349,348,-1,899,348,900,-1,900,348,347,-1,900,347,901,-1,901,347,346,-1,901,346,902,-1,902,346,345,-1,902,345,903,-1,903,345,344,-1,903,344,904,-1,904,344,343,-1,904,343,905,-1,905,343,342,-1,905,342,906,-1,906,342,341,-1,906,341,907,-1,907,341,340,-1,907,340,908,-1,908,340,339,-1,908,339,909,-1,909,339,362,-1,909,362,910,-1,910,362,361,-1,910,361,911,-1,911,361,360,-1,911,360,912,-1,912,360,359,-1,912,359,913,-1,913,359,358,-1,913,358,914,-1,914,358,357,-1,914,357,915,-1,915,357,356,-1,915,356,916,-1,916,356,355,-1,916,355,917,-1,917,355,354,-1,917,354,918,-1,918,354,353,-1,918,353,919,-1,919,353,352,-1,919,352,920,-1,920,352,351,-1,920,351,921,-1,921,351,350,-1,921,350,922,-1,922,350,349,-1,415,923,416,-1,416,923,924,-1,416,924,435,-1,435,924,925,-1,435,925,436,-1,436,925,926,-1,436,926,432,-1,432,926,927,-1,432,927,433,-1,433,927,928,-1,433,928,434,-1,434,928,929,-1,434,929,429,-1,429,929,930,-1,429,930,430,-1,430,930,931,-1,430,931,431,-1,431,931,932,-1,431,932,426,-1,426,932,933,-1,426,933,427,-1,427,933,934,-1,427,934,428,-1,428,934,935,-1,428,935,423,-1,423,935,936,-1,423,936,424,-1,424,936,937,-1,424,937,425,-1,425,937,938,-1,425,938,420,-1,420,938,939,-1,420,939,421,-1,421,939,940,-1,421,940,422,-1,422,940,941,-1,422,941,417,-1,417,941,942,-1,417,942,418,-1,418,942,943,-1,418,943,419,-1,419,943,944,-1,419,944,412,-1,412,944,945,-1,412,945,413,-1,413,945,946,-1,413,946,415,-1,415,946,923,-1,946,947,923,-1,923,947,948,-1,923,948,924,-1,924,948,949,-1,924,949,925,-1,925,949,950,-1,925,950,926,-1,926,950,951,-1,926,951,927,-1,927,951,952,-1,927,952,928,-1,928,952,953,-1,928,953,929,-1,929,953,954,-1,929,954,930,-1,930,954,955,-1,930,955,931,-1,931,955,956,-1,931,956,932,-1,932,956,957,-1,932,957,933,-1,933,957,958,-1,933,958,934,-1,934,958,959,-1,934,959,935,-1,935,959,960,-1,935,960,936,-1,936,960,961,-1,936,961,937,-1,937,961,962,-1,937,962,938,-1,938,962,963,-1,938,963,939,-1,939,963,964,-1,939,964,940,-1,940,964,965,-1,940,965,941,-1,941,965,966,-1,941,966,942,-1,942,966,967,-1,942,967,943,-1,943,967,968,-1,943,968,944,-1,944,968,969,-1,944,969,945,-1,945,969,970,-1,945,970,946,-1,946,970,947,-1,970,971,947,-1,947,971,972,-1,947,972,948,-1,948,972,973,-1,948,973,949,-1,949,973,974,-1,949,974,950,-1,950,974,975,-1,950,975,951,-1,951,975,976,-1,951,976,952,-1,952,976,977,-1,952,977,953,-1,953,977,978,-1,953,978,954,-1,954,978,979,-1,954,979,955,-1,955,979,980,-1,955,980,956,-1,956,980,981,-1,956,981,957,-1,957,981,982,-1,957,982,958,-1,958,982,983,-1,958,983,959,-1,959,983,984,-1,959,984,960,-1,960,984,985,-1,960,985,961,-1,961,985,986,-1,961,986,962,-1,962,986,987,-1,962,987,963,-1,963,987,988,-1,963,988,964,-1,964,988,989,-1,964,989,965,-1,965,989,990,-1,965,990,966,-1,966,990,991,-1,966,991,967,-1,967,991,992,-1,967,992,968,-1,968,992,993,-1,968,993,969,-1,969,993,994,-1,969,994,970,-1,970,994,971,-1,994,995,971,-1,971,995,996,-1,971,996,972,-1,972,996,997,-1,972,997,973,-1,973,997,998,-1,973,998,974,-1,974,998,999,-1,974,999,975,-1,975,999,1000,-1,975,1000,976,-1,976,1000,1001,-1,976,1001,977,-1,977,1001,1002,-1,977,1002,978,-1,978,1002,1003,-1,978,1003,979,-1,979,1003,1004,-1,979,1004,980,-1,980,1004,1005,-1,980,1005,981,-1,981,1005,1006,-1,981,1006,982,-1,982,1006,1007,-1,982,1007,983,-1,983,1007,1008,-1,983,1008,984,-1,984,1008,1009,-1,984,1009,985,-1,985,1009,1010,-1,985,1010,986,-1,986,1010,1011,-1,986,1011,987,-1,987,1011,1012,-1,987,1012,988,-1,988,1012,1013,-1,988,1013,989,-1,989,1013,1014,-1,989,1014,990,-1,990,1014,1015,-1,990,1015,991,-1,991,1015,1016,-1,991,1016,992,-1,992,1016,1017,-1,992,1017,993,-1,993,1017,1018,-1,993,1018,994,-1,994,1018,995,-1,1018,1019,995,-1,995,1019,1020,-1,995,1020,996,-1,996,1020,1021,-1,996,1021,997,-1,997,1021,1022,-1,997,1022,998,-1,998,1022,1023,-1,998,1023,999,-1,999,1023,1024,-1,999,1024,1000,-1,1000,1024,1025,-1,1000,1025,1001,-1,1001,1025,1026,-1,1001,1026,1002,-1,1002,1026,1027,-1,1002,1027,1003,-1,1003,1027,1028,-1,1003,1028,1004,-1,1004,1028,1029,-1,1004,1029,1005,-1,1005,1029,1030,-1,1005,1030,1006,-1,1006,1030,1031,-1,1006,1031,1007,-1,1007,1031,1032,-1,1007,1032,1008,-1,1008,1032,1033,-1,1008,1033,1009,-1,1009,1033,1034,-1,1009,1034,1010,-1,1010,1034,1035,-1,1010,1035,1011,-1,1011,1035,1036,-1,1011,1036,1012,-1,1012,1036,1037,-1,1012,1037,1013,-1,1013,1037,1038,-1,1013,1038,1014,-1,1014,1038,1039,-1,1014,1039,1015,-1,1015,1039,1040,-1,1015,1040,1016,-1,1016,1040,1041,-1,1016,1041,1017,-1,1017,1041,1042,-1,1017,1042,1018,-1,1018,1042,1019,-1,1042,398,1019,-1,1019,398,397,-1,1019,397,1020,-1,1020,397,396,-1,1020,396,1021,-1,1021,396,395,-1,1021,395,1022,-1,1022,395,394,-1,1022,394,1023,-1,1023,394,393,-1,1023,393,1024,-1,1024,393,392,-1,1024,392,1025,-1,1025,392,391,-1,1025,391,1026,-1,1026,391,390,-1,1026,390,1027,-1,1027,390,389,-1,1027,389,1028,-1,1028,389,388,-1,1028,388,1029,-1,1029,388,411,-1,1029,411,1030,-1,1030,411,410,-1,1030,410,1031,-1,1031,410,409,-1,1031,409,1032,-1,1032,409,408,-1,1032,408,1033,-1,1033,408,407,-1,1033,407,1034,-1,1034,407,406,-1,1034,406,1035,-1,1035,406,405,-1,1035,405,1036,-1,1036,405,404,-1,1036,404,1037,-1,1037,404,403,-1,1037,403,1038,-1,1038,403,402,-1,1038,402,1039,-1,1039,402,401,-1,1039,401,1040,-1,1040,401,400,-1,1040,400,1041,-1,1041,400,399,-1,1041,399,1042,-1,1042,399,398,-1,1043,520,1044,-1,1044,520,522,-1,1045,1043,1046,-1,1046,1043,1044,-1,1047,1045,1048,-1,1048,1045,1046,-1,520,1047,522,-1,522,1047,1048,-1,1045,1047,1043,-1,1043,1047,520,-1,1048,1046,522,-1,522,1046,1044,-1,
        ]
    }
}
Shape{
    appearance Appearance {
        material  Material 	{
            diffuseColor 0.9490196078431372 0.7607843137254902 0.1803921568627451
            specularColor 0.7607843137254902 0.6078431372549019 0.1450980392156863
            ambientIntensity 0.7509
            transparency 0.0
            shininess 0.5
        }
    }
    geometry IndexedFaceSet {
        ccw TRUE
        solid FALSE
        coord DEF co Coordinate {
            point [
                -2.1978 1.9668 0.1079, -2.0797 1.9668 0.1079, -2.0797 1.9729 0.0993, -2.1978 1.9729 0.0993, -2.0797 1.9842 0.0892, -2.1978 1.9842 0.0892, -2.0797 1.9897 0.0858, -2.1978 1.9897 0.0858, -2.0797 2.0032 0.0805, -2.1978 2.0032 0.0805, -2.0797 2.0177 0.0787, -2.1978 2.0177 0.0787, -2.0797 2.1948 0.0787, -2.1978 2.1948 0.0787, -2.0797 2.2145 0.0591, -2.1978 2.2145 0.0591, -2.0797 2.2145 0.0394, -2.1978 2.2145 0.0394, -2.0797 2.1948 0.0197, -2.1978 2.1948 0.0197, -2.0797 2.0177 0.0197, -2.1978 2.0177 0.0197, -2.0797 2.0084 0.0201, -2.1978 2.0084 0.0201, -2.0797 1.986 0.024, -2.1978 1.986 0.024, -2.0797 1.9648 0.0322, -2.1978 1.9648 0.0322, -2.0797 1.9458 0.0441, -2.1978 1.9458 0.0441, -2.0797 1.9292 0.0597, -2.1978 1.9292 0.0597, -2.0797 1.9158 0.078, -2.1978 1.9158 0.078, -2.0797 1.8284 0.2268, -2.1978 1.8284 0.2268, -2.0797 1.8224 0.2353, -2.1978 1.8224 0.2353, -2.0797 1.811 0.2455, -2.1978 1.811 0.2455, -2.0797 1.8055 0.2489, -2.1978 1.8055 0.2489, -2.0797 1.792 0.2541, -2.1978 1.792 0.2541, -2.0797 1.7775 0.2559, -2.1978 1.7775 0.2559, -2.0403 1.7775 0.2559, -2.0403 1.3799 0.2559, -2.2372 1.3799 0.2559, -2.2372 1.7775 0.2559, -2.0403 1.3441 0.2576, -2.2372 1.3441 0.2576, -2.0403 1.3087 0.2627, -2.2372 1.3087 0.2627, -2.0403 1.2739 0.2712, -2.2372 1.2739 0.2712, -2.2372 1.1673 0.3027, -2.0403 1.1696 0.3021, -2.2077 0.9783 0.3586, -2.0637 1.0177 0.347, -2.0699 0.9783 0.3586, -2.0699 0.9951 0.4152, -2.2077 0.9951 0.4152, -2.0403 1.2906 0.3279, -2.2372 1.2906 0.3279, -2.0403 1.1863 0.3587, -2.2372 1.184 0.3594, -2.0637 1.0344 0.4036, -2.2372 1.3348 0.3182, -2.0403 1.3348 0.3182, -2.2372 1.3799 0.315, -2.0403 1.3799 0.315, -2.2372 1.7775 0.315, -2.1978 1.7775 0.315, -2.0797 1.7775 0.315, -2.0403 1.7775 0.315, -2.0797 1.7869 0.3146, -2.1978 1.7869 0.3146, -2.0797 1.8092 0.3106, -2.1978 1.8092 0.3106, -2.0797 1.8304 0.3025, -2.1978 1.8304 0.3025, -2.0797 1.8494 0.2905, -2.1978 1.8494 0.2905, -2.0797 1.866 0.275, -2.1978 1.866 0.275, -2.0797 1.8794 0.2567, -2.1978 1.8794 0.2567, -2.2077 0.1238 0.3504, -2.2077 0.1475 0.319, -2.2077 0.0924 0.3268, -2.2077 0.1161 0.2953, -2.1136 0.0705 0.261, -2.1289 0.0689 0.2598, -2.0699 0.1161 0.2953, -2.0699 0.1475 0.319, -2.1904 0.0827 0.2702, -2.1998 0.0925 0.2775, -2.1781 0.0752 0.2645, -2.1639 0.0705 0.261, -2.1486 0.0689 0.2598, -2.2057 0.1039 0.2861, -2.0719 0.1039 0.2861, -2.0778 0.0925 0.2775, -2.0994 0.0752 0.2645, -2.0872 0.0827 0.2702, -2.0699 0.0924 0.3268, -2.0699 0.1238 0.3504, -2.0896 0.0805 0.3425, -2.0896 0.112 0.3662, -2.1289 0.0491 0.3188, -2.1486 0.0491 0.3188, -2.1705 0.0544 0.3228, -2.1637 0.0515 0.3206, -2.188 0.0805 0.3425, -2.188 0.112 0.3662, -2.1563 0.0497 0.3192, -2.1212 0.0497 0.3192, -2.1139 0.0515 0.3206, -2.0903 0.0744 0.3379, -2.0926 0.0685 0.3334, -2.1872 0.0744 0.3379, -2.185 0.0685 0.3334, -2.0962 0.0631 0.3293, -2.1071 0.0544 0.3228, -2.1011 0.0583 0.3257, -2.1813 0.0631 0.3293, -2.1765 0.0583 0.3257, -2.2077 0.3481 0.5195, -2.2077 0.3718 0.488, -2.0699 0.3718 0.488, -2.0699 0.3481 0.5195, -2.0896 0.3363 0.5352, -2.188 0.3363 0.5352, -2.2077 0.4875 0.5447, -2.2077 0.4764 0.507, -2.2077 0.4729 0.5483, -2.2077 0.4598 0.5106, -2.2077 0.4579 0.5505, -2.2077 0.4429 0.5118, -2.2077 0.4429 0.5512, -2.0699 0.4764 0.507, -2.0699 0.4598 0.5106, -2.0699 0.4429 0.5118, -2.0699 0.4875 0.5447, -2.0699 0.4429 0.5512, -2.0699 0.4579 0.5505, -2.0699 0.4729 0.5483, -2.188 0.4429 0.5709, -2.0896 0.4429 0.5709, -2.188 0.4598 0.5701, -2.0896 0.4598 0.5701, -2.188 0.4682 0.5688, -2.0896 0.4682 0.5688, -2.188 0.4766 0.5676, -2.0896 0.4766 0.5676, -2.188 0.4931 0.5636, -2.0896 0.4931 0.5636, -2.0896 0.9951 0.4152, -2.188 0.9951 0.4152, -2.2077 0.9895 0.3964, -2.0699 0.9895 0.3964, -2.0756 0.9934 0.4097, -2.0743 0.9929 0.408, -2.0704 0.9907 0.4006, -2.0705 0.9909 0.4012, -2.0725 0.9923 0.4058, -2.0719 0.9919 0.4045, -2.0845 0.9949 0.4146, -2.0811 0.9945 0.4132, -2.0797 0.9943 0.4127, -2.0774 0.9938 0.411, -2.2056 0.9919 0.4045, -2.205 0.9923 0.4058, -2.2032 0.9929 0.408, -2.0852 0.9949 0.4147, -2.1965 0.9945 0.4132, -2.1978 0.9943 0.4127, -2.2002 0.9938 0.411, -2.1931 0.9949 0.4146, -2.1924 0.9949 0.4147, -2.207 0.9909 0.4012, -2.2071 0.9907 0.4006, -2.2019 0.9934 0.4097, -2.1486 0.0452 0.2912, -2.1289 0.0452 0.2912, -2.0699 0.3518 0.5222, -2.0699 0.3617 0.5287, -2.0699 0.3884 0.4978, -2.0699 0.3711 0.5339, -2.0699 0.3819 0.5389, -2.0699 0.395 0.5017, -2.0699 0.3932 0.5431, -2.0699 0.4034 0.505, -2.0699 0.3954 0.5438, -2.0699 0.4056 0.5056, -2.0699 0.4071 0.5471, -2.0699 0.4228 0.5101, -2.0699 0.4189 0.5494, -2.0699 0.4241 0.5102, -2.0699 0.431 0.5508, -2.2077 0.4241 0.5102, -2.2077 0.4228 0.5101, -2.2077 0.4056 0.5056, -2.2077 0.4034 0.505, -2.2077 0.395 0.5017, -2.2077 0.3882 0.498, -2.2077 0.3775 0.4921, -2.2077 0.4305 0.5507, -2.2077 0.4189 0.5494, -2.2077 0.407 0.547, -2.2077 0.3519 0.5222, -2.2077 0.3617 0.5287, -2.2077 0.371 0.5338, -2.2077 0.3819 0.5389, -2.2077 0.3932 0.5431, -2.2077 0.3953 0.5438, -2.0895 0.4296 0.5704, -2.188 0.429 0.5704, -2.0895 0.4285 0.5703, -2.188 0.4284 0.5703, -2.0895 0.4159 0.5688, -2.188 0.4158 0.5688, -2.0896 0.4146 0.5686, -2.188 0.4146 0.5686, -2.0896 0.4026 0.5662, -2.188 0.4025 0.5662, -2.0896 0.4008 0.5657, -2.188 0.4008 0.5657, -2.0896 0.3895 0.5626, -2.188 0.3894 0.5626, -2.0896 0.387 0.5618, -2.188 0.387 0.5618, -2.0896 0.387 0.5618, -2.188 0.387 0.5618, -2.0896 0.3743 0.5571, -2.188 0.3743 0.5571, -2.0896 0.3736 0.5567, -2.188 0.3735 0.5567, -2.0896 0.3621 0.5514, -2.188 0.3621 0.5514, -2.0896 0.3606 0.5506, -2.188 0.3606 0.5506, -2.0895 0.3516 0.5456, -2.188 0.3516 0.5456, -2.0895 0.3483 0.5434, -2.188 0.3484 0.5435, -2.0896 0.3404 0.5382, -2.188 0.3405 0.5383, -2.2065 0.0832 0.3198, -2.1977 0.0662 0.307, -2.1995 0.0689 0.3091, -2.2032 0.0743 0.3132, -2.2054 0.0802 0.3176, -2.1904 0.059 0.3016, -2.1814 0.0532 0.2972, -2.178 0.0517 0.2961, -2.1712 0.0488 0.2939, -2.1638 0.047 0.2926, -2.1601 0.0461 0.2919, -2.071 0.0832 0.3198, -2.0721 0.0802 0.3176, -2.0744 0.0743 0.3132, -2.078 0.0689 0.3091, -2.0798 0.0662 0.307, -2.0872 0.059 0.3016, -2.0961 0.0532 0.2972, -2.0995 0.0517 0.2961, -2.1063 0.0488 0.2939, -2.1174 0.0461 0.2919, -2.1137 0.047 0.2926, -2.1924 0.4929 0.563, -2.1931 0.4929 0.563, -2.1965 0.4925 0.5616, -2.1978 0.4923 0.5611, -2.2002 0.4918 0.5594, -2.2019 0.4915 0.5581, -2.2032 0.491 0.5564, -2.205 0.4903 0.5542, -2.2056 0.4899 0.5529, -2.207 0.489 0.5496, -2.2071 0.4888 0.5489, -2.207 0.4738 0.5533, -2.2072 0.4429 0.5556, -2.207 0.4584 0.5555, -2.205 0.4747 0.558, -2.2069 0.4429 0.5563, -2.2057 0.4429 0.5597, -2.205 0.4589 0.5603, -2.2019 0.4755 0.562, -2.2049 0.4429 0.561, -2.2034 0.4429 0.5635, -2.2019 0.4593 0.5643, -2.1978 0.4761 0.565, -2.2018 0.4429 0.565, -2.2003 0.4429 0.5666, -2.1978 0.4596 0.5674, -2.1931 0.4765 0.567, -2.1931 0.4598 0.5694, -2.1978 0.4429 0.5681, -2.1965 0.4429 0.5689, -2.1931 0.4429 0.5701, -2.1924 0.4429 0.5704, -2.1924 0.3365 0.5348, -2.2003 0.3388 0.5318, -2.1965 0.3374 0.5336, -2.1965 0.3416 0.5367, -2.2057 0.343 0.5263, -2.2034 0.3407 0.5293, -2.2034 0.3448 0.5322, -2.2072 0.3455 0.523, -2.2057 0.3469 0.5292, -2.2072 0.3494 0.5258, -2.1924 0.3519 0.5451, -2.1924 0.3408 0.5379, -2.1924 0.3623 0.5509, -2.1924 0.3745 0.5566, -2.1924 0.3871 0.5613, -2.1924 0.3895 0.5621, -2.1924 0.4026 0.5657, -2.1924 0.4159 0.5683, -2.1924 0.429 0.5699, -2.2003 0.343 0.5348, -2.1965 0.3526 0.5439, -2.2003 0.3538 0.5419, -2.1965 0.363 0.5496, -2.2003 0.364 0.5476, -2.1965 0.3751 0.5553, -2.2003 0.376 0.5531, -2.1965 0.3876 0.56, -2.2003 0.3883 0.5577, -2.1965 0.39 0.5607, -2.2003 0.3907 0.5585, -2.1965 0.403 0.5643, -2.2003 0.4035 0.562, -2.1965 0.4161 0.5669, -2.2003 0.4165 0.5646, -2.1965 0.4291 0.5684, -2.2003 0.4293 0.5661, -2.2034 0.3554 0.5392, -2.2057 0.3573 0.536, -2.2034 0.3655 0.5448, -2.2057 0.3672 0.5415, -2.2034 0.3772 0.5502, -2.2057 0.3786 0.5468, -2.2034 0.3893 0.5548, -2.2057 0.3905 0.5512, -2.2034 0.3916 0.5555, -2.2057 0.3927 0.552, -2.2034 0.4042 0.559, -2.2057 0.4051 0.5554, -2.2034 0.417 0.5615, -2.2057 0.4176 0.5578, -2.2034 0.4296 0.563, -2.2057 0.4298 0.5592, -2.2072 0.3595 0.5324, -2.2072 0.3691 0.5377, -2.2072 0.3802 0.5429, -2.2072 0.3918 0.5473, -2.2072 0.394 0.548, -2.2072 0.406 0.5513, -2.2072 0.4182 0.5537, -2.2072 0.4302 0.5551, -2.2071 0.1212 0.3539, -2.207 0.1208 0.3545, -2.2056 0.1187 0.3572, -2.205 0.1179 0.3583, -2.2032 0.1165 0.3602, -2.2019 0.1154 0.3616, -2.2002 0.1146 0.3626, -2.1978 0.1136 0.3641, -2.1965 0.1132 0.3645, -2.1931 0.1124 0.3656, -2.1924 0.1123 0.3657, -2.207 0.0893 0.3308, -2.205 0.0865 0.3346, -2.2019 0.084 0.3379, -2.1978 0.0821 0.3404, -2.1931 0.0809 0.3419, -2.2026 0.0715 0.3174, -2.171 0.0462 0.2984, -2.1486 0.046 0.3157, -2.1573 0.0461 0.3157, -2.1486 0.0454 0.3152, -2.1486 0.0436 0.312, -2.1582 0.0436 0.3113, -2.1486 0.0428 0.3107, -2.1486 0.042 0.3079, -2.159 0.0423 0.3064, -2.1486 0.0415 0.3058, -2.1486 0.0414 0.3036, -2.1596 0.0423 0.3013, -2.1486 0.0414 0.3007, -2.1486 0.0418 0.2992, -2.16 0.0436 0.2964, -2.1486 0.0427 0.2957, -2.1656 0.0481 0.3172, -2.1674 0.0458 0.313, -2.169 0.0447 0.3082, -2.1702 0.0448 0.3032, -2.1856 0.0612 0.3271, -2.1897 0.0674 0.3317, -2.1895 0.0603 0.3239, -2.1941 0.0671 0.329, -2.1929 0.0604 0.3201, -2.1978 0.0677 0.3256, -2.1955 0.0614 0.3157, -2.2007 0.0692 0.3216, -2.1972 0.0634 0.3113, -2.1486 0.0431 0.295, -2.181 0.0506 0.3016, -2.18 0.049 0.3064, -2.1782 0.0486 0.3112, -2.176 0.0494 0.3157, -2.1733 0.0514 0.3197, -2.1801 0.0558 0.323, -2.1834 0.0543 0.3194, -2.1863 0.0539 0.3152, -2.1885 0.0546 0.3106, -2.1899 0.0563 0.306, -2.2059 0.0802 0.324, -2.2039 0.0777 0.328, -2.2009 0.0757 0.3316, -2.1969 0.0745 0.3346, -2.1922 0.074 0.3367, -2.1289 0.0459 0.3157, -2.1289 0.0434 0.3121, -2.1289 0.0419 0.308, -2.1289 0.0413 0.3036, -2.1289 0.0416 0.2992, -2.1289 0.043 0.295, -2.1065 0.0465 0.2977, -2.0748 0.0719 0.3168, -2.086 0.074 0.3369, -2.0885 0.0675 0.332, -2.0819 0.0742 0.3353, -2.0847 0.0671 0.3299, -2.0783 0.0751 0.333, -2.0812 0.0673 0.3271, -2.0752 0.0765 0.3301, -2.0783 0.0683 0.3239, -2.0729 0.0783 0.3269, -2.0762 0.0698 0.3204, -2.0715 0.0806 0.3234, -2.1046 0.0518 0.3202, -2.1122 0.0486 0.3178, -2.1023 0.0499 0.3169, -2.1106 0.0464 0.3143, -2.1002 0.0488 0.3132, -2.1092 0.045 0.3103, -2.0985 0.0486 0.3092, -2.108 0.0446 0.3061, -2.0972 0.0493 0.305, -2.1071 0.0451 0.3018, -2.0964 0.0509 0.3009, -2.0852 0.0808 0.3421, -2.081 0.0817 0.3409, -2.0773 0.0831 0.339, -2.0742 0.085 0.3366, -2.0718 0.0872 0.3336, -2.0704 0.0897 0.3303, -2.0802 0.0638 0.3107, -2.0814 0.0619 0.3145, -2.0834 0.0607 0.3182, -2.086 0.0602 0.3218, -2.0891 0.0605 0.3249, -2.0925 0.0614 0.3275, -2.098 0.0561 0.3235, -2.095 0.0547 0.3205, -2.0924 0.054 0.3171, -2.0902 0.0541 0.3133, -2.0885 0.055 0.3093, -2.0875 0.0567 0.3053, -2.1175 0.0439 0.2957, -2.1178 0.0425 0.2999, -2.1182 0.0421 0.3042, -2.1189 0.0427 0.3086, -2.1196 0.0442 0.3126, -2.1204 0.0466 0.3163, -2.0852 0.1123 0.3657, -2.0845 0.1124 0.3656, -2.0811 0.1132 0.3645, -2.0797 0.1136 0.3641, -2.0774 0.1146 0.3626, -2.0756 0.1154 0.3616, -2.0743 0.1165 0.3602, -2.0725 0.1179 0.3583, -2.0719 0.1187 0.3572, -2.0705 0.1208 0.3545, -2.0704 0.1212 0.3539, -2.0704 0.3455 0.523, -2.0706 0.345 0.5235, -2.0718 0.343 0.5263, -2.0726 0.3422 0.5273, -2.0742 0.3407 0.5293, -2.0757 0.3398 0.5305, -2.0773 0.3388 0.5318, -2.0798 0.3379 0.533, -2.081 0.3374 0.5336, -2.0845 0.3367 0.5346, -2.0852 0.3365 0.5348, -2.0852 0.4159 0.5683, -2.0852 0.4027 0.5657, -2.0852 0.3896 0.5621, -2.0852 0.3871 0.5613, -2.0852 0.3623 0.5509, -2.0852 0.3518 0.5451, -2.0852 0.3407 0.5378, -2.0704 0.3493 0.5257, -2.0718 0.3469 0.5291, -2.0742 0.3447 0.5322, -2.0773 0.3429 0.5347, -2.081 0.3415 0.5366, -2.081 0.3526 0.5439, -2.0773 0.3538 0.5419, -2.0742 0.3554 0.5392, -2.0718 0.3573 0.536, -2.0704 0.3595 0.5324, -2.081 0.363 0.5496, -2.0773 0.364 0.5476, -2.0742 0.3655 0.5448, -2.0718 0.3672 0.5415, -2.0704 0.3691 0.5378, -2.0852 0.3745 0.5566, -2.081 0.375 0.5553, -2.0773 0.376 0.5531, -2.0742 0.3772 0.5502, -2.0718 0.3786 0.5468, -2.0704 0.3802 0.5429, -2.081 0.3876 0.56, -2.0773 0.3883 0.5577, -2.0742 0.3893 0.5548, -2.0718 0.3905 0.5512, -2.0704 0.3918 0.5473, -2.081 0.39 0.5608, -2.0773 0.3908 0.5585, -2.0742 0.3917 0.5555, -2.0718 0.3928 0.552, -2.0704 0.3941 0.548, -2.081 0.403 0.5643, -2.0773 0.4036 0.562, -2.0742 0.4043 0.559, -2.0718 0.4051 0.5554, -2.0704 0.4061 0.5513, -2.081 0.4162 0.5669, -2.0773 0.4165 0.5646, -2.0742 0.417 0.5615, -2.0718 0.4176 0.5578, -2.0704 0.4182 0.5537, -2.0852 0.4296 0.5699, -2.081 0.4297 0.5684, -2.0773 0.4299 0.5661, -2.0742 0.4301 0.563, -2.0718 0.4304 0.5593, -2.0704 0.4307 0.5551, -2.0852 0.4429 0.5704, -2.081 0.4429 0.5689, -2.0773 0.4429 0.5666, -2.0742 0.4429 0.5635, -2.0718 0.4429 0.5597, -2.0704 0.4429 0.5556, -2.0704 0.4737 0.5526, -2.0704 0.4888 0.5489, -2.0705 0.489 0.5496, -2.0718 0.4745 0.5567, -2.0719 0.4899 0.5529, -2.0725 0.4903 0.5542, -2.0742 0.4752 0.5603, -2.0743 0.491 0.5564, -2.0756 0.4915 0.5581, -2.0773 0.4758 0.5634, -2.0774 0.4918 0.5594, -2.0797 0.4923 0.5611, -2.081 0.4762 0.5657, -2.0704 0.4584 0.5548, -2.0718 0.4588 0.559, -2.0742 0.4591 0.5627, -2.0773 0.4594 0.5658, -2.081 0.4596 0.5681, -2.0852 0.4598 0.5696, -2.0852 0.4929 0.563, -2.0852 0.4765 0.5671, -2.0845 0.4929 0.563, -2.0811 0.4925 0.5616, -1.7648 1.9668 0.1079, -1.6466 1.9668 0.1079, -1.6466 1.9729 0.0993, -1.7648 1.9729 0.0993, -1.6466 1.9842 0.0892, -1.7648 1.9842 0.0892, -1.6466 1.9897 0.0858, -1.7648 1.9897 0.0858, -1.6466 2.0032 0.0805, -1.7648 2.0032 0.0805, -1.6466 2.0177 0.0787, -1.7648 2.0177 0.0787, -1.6466 2.1948 0.0787, -1.7648 2.1948 0.0787, -1.6466 2.2145 0.0591, -1.7648 2.2145 0.0591, -1.6466 2.2145 0.0394, -1.7648 2.2145 0.0394, -1.6466 2.1948 0.0197, -1.7648 2.1948 0.0197, -1.6466 2.0177 0.0197, -1.7648 2.0177 0.0197, -1.6466 2.0084 0.0201, -1.7648 2.0084 0.0201, -1.6466 1.986 0.024, -1.7648 1.986 0.024, -1.6466 1.9648 0.0322, -1.7648 1.9648 0.0322, -1.6466 1.9458 0.0441, -1.7648 1.9458 0.0441, -1.6466 1.9292 0.0597, -1.7648 1.9292 0.0597, -1.6466 1.9158 0.078, -1.7648 1.9158 0.078, -1.6466 1.8284 0.2268, -1.7648 1.8284 0.2268, -1.6466 1.8224 0.2353, -1.7648 1.8224 0.2353, -1.6466 1.811 0.2455, -1.7648 1.811 0.2455, -1.6466 1.8055 0.2489, -1.7648 1.8055 0.2489, -1.6466 1.792 0.2541, -1.7648 1.792 0.2541, -1.6466 1.7775 0.2559, -1.7648 1.7775 0.2559, -1.6073 1.7775 0.2559, -1.6073 1.3799 0.2559, -1.8041 1.3799 0.2559, -1.8041 1.7775 0.2559, -1.6073 1.3441 0.2576, -1.8041 1.3441 0.2576, -1.6073 1.3087 0.2627, -1.8041 1.3087 0.2627, -1.6073 1.2739 0.2712, -1.8041 1.2739 0.2712, -1.8041 1.1673 0.3027, -1.6073 1.1696 0.3021, -1.7746 0.9783 0.3586, -1.6306 1.0177 0.347, -1.6368 0.9783 0.3586, -1.6368 0.9951 0.4152, -1.7746 0.9951 0.4152, -1.6073 1.2906 0.3279, -1.8041 1.2906 0.3279, -1.6073 1.1863 0.3587, -1.8041 1.184 0.3594, -1.6306 1.0344 0.4036, -1.8041 1.3348 0.3182, -1.6073 1.3348 0.3182, -1.8041 1.3799 0.315, -1.6073 1.3799 0.315, -1.8041 1.7775 0.315, -1.7648 1.7775 0.315, -1.6466 1.7775 0.315, -1.6073 1.7775 0.315, -1.6466 1.7869 0.3146, -1.7648 1.7869 0.3146, -1.6466 1.8092 0.3106, -1.7648 1.8092 0.3106, -1.6466 1.8304 0.3025, -1.7648 1.8304 0.3025, -1.6466 1.8494 0.2905, -1.7648 1.8494 0.2905, -1.6466 1.866 0.275, -1.7648 1.866 0.275, -1.6466 1.8794 0.2567, -1.7648 1.8794 0.2567, -1.7746 0.1238 0.3504, -1.7746 0.1475 0.319, -1.7746 0.0924 0.3268, -1.7746 0.1161 0.2953, -1.6806 0.0705 0.261, -1.6959 0.0689 0.2598, -1.6368 0.1161 0.2953, -1.6368 0.1475 0.319, -1.6447 0.0925 0.2775, -1.6541 0.0827 0.2702, -1.6663 0.0752 0.2645, -1.7573 0.0827 0.2702, -1.7667 0.0925 0.2775, -1.7451 0.0752 0.2645, -1.7308 0.0705 0.261, -1.7155 0.0689 0.2598, -1.7726 0.1039 0.2861, -1.6388 0.1039 0.2861, -1.6368 0.0924 0.3268, -1.6368 0.1238 0.3504, -1.7155 0.0491 0.3188, -1.6959 0.0491 0.3188, -1.6565 0.112 0.3662, -1.7374 0.0544 0.3228, -1.7306 0.0515 0.3206, -1.7549 0.0805 0.3425, -1.6565 0.0805 0.3425, -1.6882 0.0497 0.3192, -1.6808 0.0515 0.3206, -1.7549 0.112 0.3662, -1.7232 0.0497 0.3192, -1.7542 0.0744 0.3379, -1.7519 0.0685 0.3334, -1.668 0.0583 0.3257, -1.6631 0.0631 0.3293, -1.674 0.0544 0.3228, -1.6595 0.0685 0.3334, -1.6572 0.0744 0.3379, -1.7483 0.0631 0.3293, -1.7434 0.0583 0.3257, -1.7746 0.3481 0.5195, -1.7746 0.3718 0.488, -1.6368 0.3718 0.488, -1.6368 0.3481 0.5195, -1.6565 0.3363 0.5352, -1.7549 0.3363 0.5352, -1.7746 0.4875 0.5447, -1.7746 0.4764 0.507, -1.7746 0.4729 0.5483, -1.7746 0.4598 0.5106, -1.7746 0.4579 0.5505, -1.7746 0.4429 0.5118, -1.7746 0.4429 0.5512, -1.6368 0.4764 0.507, -1.6368 0.4598 0.5106, -1.6368 0.4429 0.5118, -1.6368 0.4875 0.5447, -1.6368 0.4429 0.5512, -1.6368 0.4579 0.5505, -1.6368 0.4729 0.5483, -1.7549 0.4429 0.5709, -1.6565 0.4429 0.5709, -1.7549 0.4598 0.5701, -1.6565 0.4598 0.5701, -1.7549 0.4682 0.5688, -1.6565 0.4682 0.5688, -1.7549 0.4766 0.5676, -1.6565 0.4766 0.5676, -1.7549 0.4931 0.5636, -1.6565 0.4931 0.5636, -1.6565 0.9951 0.4152, -1.7549 0.9951 0.4152, -1.7746 0.9895 0.3964, -1.6368 0.9895 0.3964, -1.6426 0.9934 0.4097, -1.6412 0.9929 0.408, -1.6374 0.9907 0.4006, -1.6375 0.9909 0.4012, -1.6394 0.9923 0.4058, -1.6389 0.9919 0.4045, -1.6514 0.9949 0.4146, -1.648 0.9945 0.4132, -1.6466 0.9943 0.4127, -1.6443 0.9938 0.411, -1.76 0.9949 0.4146, -1.7593 0.9949 0.4147, -1.7725 0.9919 0.4045, -1.772 0.9923 0.4058, -1.7702 0.9929 0.408, -1.6521 0.9949 0.4147, -1.7671 0.9938 0.411, -1.7648 0.9943 0.4127, -1.7634 0.9945 0.4132, -1.7739 0.9909 0.4012, -1.774 0.9907 0.4006, -1.7688 0.9934 0.4097, -1.7155 0.0452 0.2912, -1.6959 0.0452 0.2912, -1.6368 0.3518 0.5222, -1.6368 0.3617 0.5287, -1.6368 0.3884 0.4978, -1.6368 0.3711 0.5339, -1.6368 0.3819 0.5389, -1.6368 0.395 0.5017, -1.6368 0.3932 0.5431, -1.6368 0.4034 0.505, -1.6368 0.3954 0.5438, -1.6368 0.4056 0.5056, -1.6368 0.4071 0.5471, -1.6368 0.4228 0.5101, -1.6368 0.4189 0.5494, -1.6368 0.4241 0.5102, -1.6368 0.431 0.5508, -1.7746 0.4241 0.5102, -1.7746 0.4228 0.5101, -1.7746 0.4056 0.5056, -1.7746 0.4034 0.505, -1.7746 0.395 0.5017, -1.7746 0.3882 0.498, -1.7746 0.3775 0.4921, -1.7746 0.4305 0.5507, -1.7746 0.4189 0.5494, -1.7746 0.407 0.547, -1.7746 0.3519 0.5222, -1.7746 0.3617 0.5287, -1.7746 0.371 0.5338, -1.7746 0.3819 0.5389, -1.7746 0.3932 0.5431, -1.7746 0.3953 0.5438, -1.6565 0.4296 0.5704, -1.7549 0.429 0.5704, -1.6565 0.4285 0.5703, -1.7549 0.4284 0.5703, -1.6565 0.4159 0.5688, -1.7549 0.4158 0.5688, -1.6565 0.4146 0.5686, -1.7549 0.4146 0.5686, -1.6565 0.4026 0.5662, -1.7549 0.4025 0.5662, -1.6565 0.4008 0.5657, -1.7549 0.4008 0.5657, -1.6565 0.3895 0.5626, -1.7549 0.3894 0.5626, -1.6565 0.387 0.5618, -1.7549 0.387 0.5618, -1.6565 0.387 0.5618, -1.7549 0.387 0.5618, -1.6565 0.3743 0.5571, -1.7549 0.3743 0.5571, -1.6565 0.3736 0.5567, -1.7549 0.3735 0.5567, -1.6565 0.3621 0.5514, -1.7549 0.3621 0.5514, -1.6565 0.3606 0.5506, -1.7549 0.3606 0.5506, -1.6565 0.3516 0.5456, -1.7549 0.3516 0.5456, -1.6565 0.3483 0.5434, -1.7549 0.3484 0.5435, -1.6565 0.3404 0.5382, -1.7549 0.3405 0.5383, -1.7735 0.0832 0.3198, -1.7646 0.0662 0.307, -1.7665 0.0689 0.3091, -1.7701 0.0743 0.3132, -1.7723 0.0802 0.3176, -1.7573 0.059 0.3016, -1.7484 0.0532 0.2972, -1.7449 0.0517 0.2961, -1.7381 0.0488 0.2939, -1.7308 0.047 0.2926, -1.7271 0.0461 0.2919, -1.6379 0.0832 0.3198, -1.6391 0.0802 0.3176, -1.6413 0.0743 0.3132, -1.6449 0.0689 0.3091, -1.6468 0.0662 0.307, -1.6541 0.059 0.3016, -1.663 0.0532 0.2972, -1.6664 0.0517 0.2961, -1.6733 0.0488 0.2939, -1.6843 0.0461 0.2919, -1.6806 0.047 0.2926, -1.7593 0.4929 0.563, -1.76 0.4929 0.563, -1.7634 0.4925 0.5616, -1.7648 0.4923 0.5611, -1.7671 0.4918 0.5594, -1.7688 0.4915 0.5581, -1.7702 0.491 0.5564, -1.772 0.4903 0.5542, -1.7725 0.4899 0.5529, -1.7739 0.489 0.5496, -1.774 0.4888 0.5489, -1.7739 0.4738 0.5533, -1.7741 0.4429 0.5556, -1.7739 0.4584 0.5555, -1.772 0.4747 0.558, -1.7739 0.4429 0.5563, -1.7726 0.4429 0.5597, -1.772 0.4589 0.5603, -1.7688 0.4755 0.562, -1.7719 0.4429 0.561, -1.7703 0.4429 0.5635, -1.7688 0.4593 0.5643, -1.7648 0.4761 0.565, -1.7687 0.4429 0.565, -1.7672 0.4429 0.5666, -1.7648 0.4596 0.5674, -1.76 0.4765 0.567, -1.76 0.4598 0.5694, -1.7647 0.4429 0.5681, -1.7635 0.4429 0.5689, -1.76 0.4429 0.5701, -1.7593 0.4429 0.5704, -1.7593 0.3365 0.5348, -1.7672 0.3388 0.5318, -1.7635 0.3374 0.5336, -1.7635 0.3416 0.5367, -1.7726 0.343 0.5263, -1.7703 0.3407 0.5293, -1.7703 0.3448 0.5322, -1.7741 0.3455 0.523, -1.7726 0.3469 0.5292, -1.7741 0.3494 0.5258, -1.7593 0.3519 0.5451, -1.7593 0.3408 0.5379, -1.7593 0.3623 0.5509, -1.7593 0.3745 0.5566, -1.7593 0.3871 0.5613, -1.7593 0.3895 0.5621, -1.7593 0.4026 0.5657, -1.7593 0.4159 0.5683, -1.7593 0.429 0.5699, -1.7672 0.343 0.5348, -1.7635 0.3526 0.5439, -1.7672 0.3538 0.5419, -1.7634 0.363 0.5496, -1.7672 0.364 0.5476, -1.7635 0.3751 0.5553, -1.7672 0.376 0.5531, -1.7635 0.3876 0.56, -1.7672 0.3883 0.5577, -1.7634 0.39 0.5607, -1.7672 0.3907 0.5585, -1.7634 0.403 0.5643, -1.7672 0.4035 0.562, -1.7635 0.4161 0.5669, -1.7672 0.4165 0.5646, -1.7635 0.4291 0.5684, -1.7672 0.4293 0.5661, -1.7703 0.3554 0.5392, -1.7726 0.3573 0.536, -1.7703 0.3655 0.5448, -1.7726 0.3672 0.5415, -1.7703 0.3772 0.5502, -1.7726 0.3786 0.5468, -1.7703 0.3893 0.5548, -1.7726 0.3905 0.5512, -1.7703 0.3916 0.5555, -1.7726 0.3927 0.552, -1.7703 0.4042 0.559, -1.7726 0.4051 0.5554, -1.7703 0.417 0.5615, -1.7726 0.4176 0.5578, -1.7703 0.4296 0.563, -1.7726 0.4298 0.5592, -1.7741 0.3595 0.5324, -1.7741 0.3691 0.5377, -1.7741 0.3802 0.5429, -1.7741 0.3918 0.5473, -1.7741 0.394 0.548, -1.7741 0.406 0.5513, -1.7741 0.4182 0.5537, -1.7741 0.4302 0.5551, -1.774 0.1212 0.3539, -1.7739 0.1208 0.3545, -1.7725 0.1187 0.3572, -1.772 0.1179 0.3583, -1.7702 0.1165 0.3602, -1.7688 0.1154 0.3616, -1.7671 0.1146 0.3626, -1.7648 0.1136 0.3641, -1.7634 0.1132 0.3645, -1.76 0.1124 0.3656, -1.7593 0.1123 0.3657, -1.7739 0.0893 0.3308, -1.772 0.0865 0.3346, -1.7688 0.084 0.3379, -1.7648 0.0821 0.3404, -1.76 0.0809 0.3419, -1.7695 0.0715 0.3174, -1.7379 0.0462 0.2984, -1.7155 0.046 0.3157, -1.7242 0.0461 0.3157, -1.7155 0.0454 0.3152, -1.7155 0.0436 0.312, -1.7251 0.0436 0.3113, -1.7155 0.0428 0.3107, -1.7155 0.042 0.3079, -1.7259 0.0423 0.3064, -1.7155 0.0415 0.3058, -1.7155 0.0414 0.3036, -1.7265 0.0423 0.3013, -1.7155 0.0414 0.3007, -1.7155 0.0418 0.2992, -1.7269 0.0436 0.2964, -1.7155 0.0427 0.2957, -1.7326 0.0481 0.3172, -1.7344 0.0458 0.313, -1.7359 0.0447 0.3082, -1.7371 0.0448 0.3032, -1.7525 0.0612 0.3271, -1.7566 0.0674 0.3317, -1.7565 0.0603 0.3239, -1.761 0.0671 0.329, -1.7598 0.0604 0.3201, -1.7648 0.0677 0.3256, -1.7625 0.0614 0.3157, -1.7677 0.0692 0.3216, -1.7641 0.0634 0.3113, -1.7155 0.0431 0.295, -1.748 0.0506 0.3016, -1.7469 0.049 0.3064, -1.7451 0.0486 0.3112, -1.7429 0.0494 0.3157, -1.7402 0.0514 0.3197, -1.747 0.0558 0.323, -1.7503 0.0543 0.3194, -1.7532 0.0539 0.3152, -1.7554 0.0546 0.3106, -1.7568 0.0563 0.306, -1.7728 0.0802 0.324, -1.7709 0.0777 0.328, -1.7678 0.0757 0.3316, -1.7638 0.0745 0.3346, -1.7592 0.074 0.3367, -1.6959 0.0459 0.3157, -1.6959 0.0434 0.3121, -1.6959 0.0419 0.308, -1.6959 0.0413 0.3036, -1.6959 0.0416 0.2992, -1.6959 0.043 0.295, -1.6734 0.0465 0.2977, -1.6418 0.0719 0.3168, -1.6529 0.074 0.3369, -1.6554 0.0675 0.332, -1.6489 0.0742 0.3353, -1.6516 0.0671 0.3299, -1.6452 0.0751 0.333, -1.6481 0.0673 0.3271, -1.6421 0.0765 0.3301, -1.6453 0.0683 0.3239, -1.6398 0.0783 0.3269, -1.6431 0.0698 0.3204, -1.6384 0.0806 0.3234, -1.6715 0.0518 0.3202, -1.6791 0.0486 0.3178, -1.6692 0.0499 0.3169, -1.6775 0.0464 0.3143, -1.6672 0.0488 0.3132, -1.6761 0.045 0.3103, -1.6654 0.0486 0.3092, -1.6749 0.0446 0.3061, -1.6641 0.0493 0.305, -1.674 0.0451 0.3018, -1.6633 0.0509 0.3009, -1.6521 0.0808 0.3421, -1.6479 0.0817 0.3409, -1.6442 0.0831 0.339, -1.6411 0.085 0.3366, -1.6388 0.0872 0.3336, -1.6373 0.0897 0.3303, -1.6472 0.0638 0.3107, -1.6484 0.0619 0.3145, -1.6503 0.0607 0.3182, -1.6529 0.0602 0.3218, -1.656 0.0605 0.3249, -1.6595 0.0614 0.3275, -1.6649 0.0561 0.3235, -1.662 0.0547 0.3205, -1.6593 0.054 0.3171, -1.6571 0.0541 0.3133, -1.6555 0.055 0.3093, -1.6544 0.0567 0.3053, -1.6844 0.0439 0.2957, -1.6847 0.0425 0.2999, -1.6852 0.0421 0.3042, -1.6858 0.0427 0.3086, -1.6865 0.0442 0.3126, -1.6873 0.0466 0.3163, -1.6521 0.1123 0.3657, -1.6514 0.1124 0.3656, -1.648 0.1132 0.3645, -1.6466 0.1136 0.3641, -1.6443 0.1146 0.3626, -1.6426 0.1154 0.3616, -1.6412 0.1165 0.3602, -1.6394 0.1179 0.3583, -1.6389 0.1187 0.3572, -1.6375 0.1208 0.3545, -1.6374 0.1212 0.3539, -1.6373 0.3455 0.523, -1.6375 0.345 0.5235, -1.6388 0.343 0.5263, -1.6395 0.3422 0.5273, -1.6411 0.3407 0.5293, -1.6427 0.3398 0.5305, -1.6442 0.3388 0.5318, -1.6467 0.3379 0.533, -1.6479 0.3374 0.5336, -1.6514 0.3367 0.5346, -1.6521 0.3365 0.5348, -1.6521 0.4159 0.5683, -1.6521 0.4027 0.5657, -1.6521 0.3896 0.5621, -1.6521 0.3871 0.5613, -1.6521 0.3623 0.5509, -1.6521 0.3518 0.5451, -1.6521 0.3407 0.5378, -1.6373 0.3493 0.5257, -1.6387 0.3469 0.5291, -1.6411 0.3447 0.5322, -1.6442 0.3429 0.5347, -1.6479 0.3415 0.5366, -1.6479 0.3526 0.5439, -1.6442 0.3538 0.5419, -1.6411 0.3554 0.5392, -1.6387 0.3573 0.536, -1.6373 0.3595 0.5324, -1.6479 0.363 0.5496, -1.6442 0.364 0.5476, -1.6411 0.3655 0.5448, -1.6388 0.3672 0.5415, -1.6373 0.3691 0.5378, -1.6521 0.3745 0.5566, -1.6479 0.375 0.5553, -1.6442 0.376 0.5531, -1.6411 0.3772 0.5502, -1.6388 0.3786 0.5468, -1.6373 0.3802 0.5429, -1.6479 0.3876 0.56, -1.6442 0.3883 0.5577, -1.6411 0.3893 0.5548, -1.6388 0.3905 0.5512, -1.6373 0.3918 0.5473, -1.6479 0.39 0.5608, -1.6442 0.3908 0.5585, -1.6411 0.3917 0.5555, -1.6388 0.3928 0.552, -1.6373 0.3941 0.548, -1.648 0.403 0.5643, -1.6442 0.4036 0.562, -1.6411 0.4043 0.559, -1.6388 0.4051 0.5554, -1.6373 0.4061 0.5513, -1.6479 0.4162 0.5669, -1.6442 0.4165 0.5646, -1.6411 0.417 0.5615, -1.6387 0.4176 0.5578, -1.6373 0.4182 0.5537, -1.6521 0.4296 0.5699, -1.6479 0.4297 0.5684, -1.6442 0.4299 0.5661, -1.6411 0.4301 0.563, -1.6387 0.4304 0.5593, -1.6373 0.4307 0.5551, -1.6521 0.4429 0.5704, -1.6479 0.4429 0.5689, -1.6442 0.4429 0.5666, -1.6411 0.4429 0.5635, -1.6388 0.4429 0.5597, -1.6373 0.4429 0.5556, -1.6373 0.4737 0.5526, -1.6374 0.4888 0.5489, -1.6375 0.489 0.5496, -1.6388 0.4745 0.5567, -1.6389 0.4899 0.5529, -1.6394 0.4903 0.5542, -1.6411 0.4752 0.5603, -1.6412 0.491 0.5564, -1.6426 0.4915 0.5581, -1.6442 0.4758 0.5634, -1.6443 0.4918 0.5594, -1.6466 0.4923 0.5611, -1.6479 0.4762 0.5657, -1.6373 0.4584 0.5548, -1.6388 0.4588 0.559, -1.6411 0.4591 0.5627, -1.6442 0.4594 0.5658, -1.6479 0.4596 0.5681, -1.6521 0.4598 0.5696, -1.6521 0.4929 0.563, -1.6521 0.4765 0.5671, -1.6514 0.4929 0.563, -1.648 0.4925 0.5616, -1.3317 1.9668 0.1079, -1.2136 1.9668 0.1079, -1.2136 1.9729 0.0993, -1.3317 1.9729 0.0993, -1.2136 1.9842 0.0892, -1.3317 1.9842 0.0892, -1.2136 1.9897 0.0858, -1.3317 1.9897 0.0858, -1.2136 2.0032 0.0805, -1.3317 2.0032 0.0805, -1.2136 2.0177 0.0787, -1.3317 2.0177 0.0787, -1.2136 2.1948 0.0787, -1.3317 2.1948 0.0787, -1.2136 2.2145 0.0591, -1.3317 2.2145 0.0591, -1.2136 2.2145 0.0394, -1.3317 2.2145 0.0394, -1.2136 2.1948 0.0197, -1.3317 2.1948 0.0197, -1.2136 2.0177 0.0197, -1.3317 2.0177 0.0197, -1.2136 2.0084 0.0201, -1.3317 2.0084 0.0201, -1.2136 1.986 0.024, -1.3317 1.986 0.024, -1.2136 1.9648 0.0322, -1.3317 1.9648 0.0322, -1.2136 1.9458 0.0441, -1.3317 1.9458 0.0441, -1.2136 1.9292 0.0597, -1.3317 1.9292 0.0597, -1.2136 1.9158 0.078, -1.3317 1.9158 0.078, -1.2136 1.8284 0.2268, -1.3317 1.8284 0.2268, -1.2136 1.8224 0.2353, -1.3317 1.8224 0.2353, -1.2136 1.811 0.2455, -1.3317 1.811 0.2455, -1.2136 1.8055 0.2489, -1.3317 1.8055 0.2489, -1.2136 1.792 0.2541, -1.3317 1.792 0.2541, -1.2136 1.7775 0.2559, -1.3317 1.7775 0.2559, -1.1742 1.7775 0.2559, -1.1742 1.3799 0.2559, -1.3711 1.3799 0.2559, -1.3711 1.7775 0.2559, -1.1742 1.3441 0.2576, -1.3711 1.3441 0.2576, -1.1742 1.3087 0.2627, -1.3711 1.3087 0.2627, -1.1742 1.2739 0.2712, -1.3711 1.2739 0.2712, -1.3711 1.1673 0.3027, -1.1742 1.1696 0.3021, -1.3415 0.9783 0.3586, -1.1976 1.0177 0.347, -1.2037 0.9783 0.3586, -1.2037 0.9951 0.4152, -1.3415 0.9951 0.4152, -1.1742 1.2906 0.3279, -1.3711 1.2906 0.3279, -1.1742 1.1863 0.3587, -1.3711 1.184 0.3594, -1.1976 1.0344 0.4036, -1.3711 1.3348 0.3182, -1.1742 1.3348 0.3182, -1.3711 1.3799 0.315, -1.1742 1.3799 0.315, -1.3711 1.7775 0.315, -1.3317 1.7775 0.315, -1.2136 1.7775 0.315, -1.1742 1.7775 0.315, -1.2136 1.7869 0.3146, -1.3317 1.7869 0.3146, -1.2136 1.8092 0.3106, -1.3317 1.8092 0.3106, -1.2136 1.8304 0.3025, -1.3317 1.8304 0.3025, -1.2136 1.8494 0.2905, -1.3317 1.8494 0.2905, -1.2136 1.866 0.275, -1.3317 1.866 0.275, -1.2136 1.8794 0.2567, -1.3317 1.8794 0.2567, -1.3415 0.1238 0.3504, -1.3415 0.1475 0.319, -1.3415 0.0924 0.3268, -1.3415 0.1161 0.2953, -1.2475 0.0705 0.261, -1.2628 0.0689 0.2598, -1.2037 0.1161 0.2953, -1.2037 0.1475 0.319, -1.2116 0.0925 0.2775, -1.221 0.0827 0.2702, -1.2333 0.0752 0.2645, -1.3242 0.0827 0.2702, -1.3336 0.0925 0.2775, -1.312 0.0752 0.2645, -1.2978 0.0705 0.261, -1.2825 0.0689 0.2598, -1.3395 0.1039 0.2861, -1.2057 0.1039 0.2861, -1.2037 0.0924 0.3268, -1.2037 0.1238 0.3504, -1.2825 0.0491 0.3188, -1.2628 0.0491 0.3188, -1.2234 0.112 0.3662, -1.3043 0.0544 0.3228, -1.2975 0.0515 0.3206, -1.3218 0.0805 0.3425, -1.2234 0.0805 0.3425, -1.2551 0.0497 0.3192, -1.2477 0.0515 0.3206, -1.3218 0.112 0.3662, -1.2902 0.0497 0.3192, -1.3211 0.0744 0.3379, -1.3188 0.0685 0.3334, -1.2349 0.0583 0.3257, -1.2301 0.0631 0.3293, -1.2409 0.0544 0.3228, -1.2264 0.0685 0.3334, -1.2242 0.0744 0.3379, -1.3152 0.0631 0.3293, -1.3103 0.0583 0.3257, -1.3415 0.3481 0.5195, -1.3415 0.3718 0.488, -1.2037 0.3718 0.488, -1.2037 0.3481 0.5195, -1.2234 0.3363 0.5352, -1.3218 0.3363 0.5352, -1.3415 0.4875 0.5447, -1.3415 0.4764 0.507, -1.3415 0.4729 0.5483, -1.3415 0.4598 0.5106, -1.3415 0.4579 0.5505, -1.3415 0.4429 0.5118, -1.3415 0.4429 0.5512, -1.2037 0.4764 0.507, -1.2037 0.4598 0.5106, -1.2037 0.4429 0.5118, -1.2037 0.4875 0.5447, -1.2037 0.4429 0.5512, -1.2037 0.4579 0.5505, -1.2037 0.4729 0.5483, -1.3218 0.4429 0.5709, -1.2234 0.4429 0.5709, -1.3218 0.4598 0.5701, -1.2234 0.4598 0.5701, -1.3218 0.4682 0.5688, -1.2234 0.4682 0.5688, -1.3218 0.4766 0.5676, -1.2234 0.4766 0.5676, -1.3218 0.4931 0.5636, -1.2234 0.4931 0.5636, -1.2234 0.9951 0.4152, -1.3218 0.9951 0.4152, -1.3415 0.9895 0.3964, -1.2037 0.9895 0.3964, -1.2095 0.9934 0.4097, -1.2082 0.9929 0.408, -1.2043 0.9907 0.4006, -1.2044 0.9909 0.4012, -1.2064 0.9923 0.4058, -1.2058 0.9919 0.4045, -1.2183 0.9949 0.4146, -1.2149 0.9945 0.4132, -1.2136 0.9943 0.4127, -1.2112 0.9938 0.411, -1.3269 0.9949 0.4146, -1.3262 0.9949 0.4147, -1.3394 0.9919 0.4045, -1.3389 0.9923 0.4058, -1.3371 0.9929 0.408, -1.219 0.9949 0.4147, -1.334 0.9938 0.411, -1.3317 0.9943 0.4127, -1.3303 0.9945 0.4132, -1.3409 0.9909 0.4012, -1.341 0.9907 0.4006, -1.3358 0.9934 0.4097, -1.2825 0.0452 0.2912, -1.2628 0.0452 0.2912, -1.2037 0.3518 0.5222, -1.2037 0.3617 0.5287, -1.2037 0.3884 0.4978, -1.2037 0.3711 0.5339, -1.2037 0.3819 0.5389, -1.2037 0.395 0.5017, -1.2037 0.3932 0.5431, -1.2037 0.4034 0.505, -1.2037 0.3954 0.5438, -1.2037 0.4056 0.5056, -1.2037 0.4071 0.5471, -1.2037 0.4228 0.5101, -1.2037 0.4189 0.5494, -1.2037 0.4241 0.5102, -1.2037 0.431 0.5508, -1.3415 0.4241 0.5102, -1.3415 0.4228 0.5101, -1.3415 0.4056 0.5056, -1.3415 0.4034 0.505, -1.3415 0.395 0.5017, -1.3415 0.3882 0.498, -1.3415 0.3775 0.4921, -1.3415 0.4305 0.5507, -1.3415 0.4189 0.5494, -1.3415 0.407 0.547, -1.3415 0.3519 0.5222, -1.3415 0.3617 0.5287, -1.3415 0.371 0.5338, -1.3415 0.3819 0.5389, -1.3415 0.3932 0.5431, -1.3415 0.3953 0.5438, -1.2234 0.4296 0.5704, -1.3219 0.429 0.5704, -1.2234 0.4285 0.5703, -1.3219 0.4284 0.5703, -1.2234 0.4159 0.5688, -1.3219 0.4158 0.5688, -1.2234 0.4146 0.5686, -1.3218 0.4146 0.5686, -1.2234 0.4026 0.5662, -1.3218 0.4025 0.5662, -1.2234 0.4008 0.5657, -1.3218 0.4008 0.5657, -1.2234 0.3895 0.5626, -1.3218 0.3894 0.5626, -1.2234 0.387 0.5618, -1.3218 0.387 0.5618, -1.2234 0.387 0.5618, -1.3218 0.387 0.5618, -1.2234 0.3743 0.5571, -1.3218 0.3743 0.5571, -1.2234 0.3736 0.5567, -1.3218 0.3735 0.5567, -1.2234 0.3621 0.5514, -1.3218 0.3621 0.5514, -1.2234 0.3606 0.5506, -1.3218 0.3606 0.5506, -1.2234 0.3516 0.5456, -1.3219 0.3516 0.5456, -1.2234 0.3483 0.5434, -1.3219 0.3484 0.5435, -1.2234 0.3404 0.5382, -1.3218 0.3405 0.5383, -1.3404 0.0832 0.3198, -1.3316 0.0662 0.307, -1.3334 0.0689 0.3091, -1.337 0.0743 0.3132, -1.3393 0.0802 0.3176, -1.3242 0.059 0.3016, -1.3153 0.0532 0.2972, -1.3119 0.0517 0.2961, -1.3051 0.0488 0.2939, -1.2977 0.047 0.2926, -1.294 0.0461 0.2919, -1.2049 0.0832 0.3198, -1.206 0.0802 0.3176, -1.2082 0.0743 0.3132, -1.2119 0.0689 0.3091, -1.2137 0.0662 0.307, -1.221 0.059 0.3016, -1.23 0.0532 0.2972, -1.2334 0.0517 0.2961, -1.2402 0.0488 0.2939, -1.2513 0.0461 0.2919, -1.2476 0.047 0.2926, -1.3262 0.4929 0.563, -1.3269 0.4929 0.563, -1.3303 0.4925 0.5616, -1.3317 0.4923 0.5611, -1.334 0.4918 0.5594, -1.3358 0.4915 0.5581, -1.3371 0.491 0.5564, -1.3389 0.4903 0.5542, -1.3394 0.4899 0.5529, -1.3409 0.489 0.5496, -1.341 0.4888 0.5489, -1.3409 0.4738 0.5533, -1.341 0.4429 0.5556, -1.3409 0.4584 0.5555, -1.3389 0.4747 0.558, -1.3408 0.4429 0.5563, -1.3396 0.4429 0.5597, -1.3389 0.4589 0.5603, -1.3358 0.4755 0.562, -1.3388 0.4429 0.561, -1.3372 0.4429 0.5635, -1.3358 0.4593 0.5643, -1.3317 0.4761 0.565, -1.3357 0.4429 0.565, -1.3341 0.4429 0.5666, -1.3317 0.4596 0.5674, -1.3269 0.4765 0.567, -1.3269 0.4598 0.5694, -1.3316 0.4429 0.5681, -1.3304 0.4429 0.5689, -1.3269 0.4429 0.5701, -1.3262 0.4429 0.5704, -1.3262 0.3365 0.5348, -1.3341 0.3388 0.5318, -1.3304 0.3374 0.5336, -1.3304 0.3416 0.5367, -1.3396 0.343 0.5263, -1.3372 0.3407 0.5293, -1.3372 0.3448 0.5322, -1.341 0.3455 0.523, -1.3396 0.3469 0.5292, -1.341 0.3494 0.5258, -1.3262 0.3519 0.5451, -1.3262 0.3408 0.5379, -1.3262 0.3623 0.5509, -1.3262 0.3745 0.5566, -1.3262 0.3871 0.5613, -1.3262 0.3895 0.5621, -1.3262 0.4026 0.5657, -1.3262 0.4159 0.5683, -1.3262 0.429 0.5699, -1.3341 0.343 0.5348, -1.3304 0.3526 0.5439, -1.3341 0.3538 0.5419, -1.3304 0.363 0.5496, -1.3341 0.364 0.5476, -1.3304 0.3751 0.5553, -1.3341 0.376 0.5531, -1.3304 0.3876 0.56, -1.3341 0.3883 0.5577, -1.3304 0.39 0.5607, -1.3341 0.3907 0.5585, -1.3304 0.403 0.5643, -1.3341 0.4035 0.562, -1.3304 0.4161 0.5669, -1.3341 0.4165 0.5646, -1.3304 0.4291 0.5684, -1.3341 0.4293 0.5661, -1.3372 0.3554 0.5392, -1.3396 0.3573 0.536, -1.3372 0.3655 0.5448, -1.3396 0.3672 0.5415, -1.3372 0.3772 0.5502, -1.3396 0.3786 0.5468, -1.3372 0.3893 0.5548, -1.3396 0.3905 0.5512, -1.3372 0.3916 0.5555, -1.3396 0.3927 0.552, -1.3372 0.4042 0.559, -1.3396 0.4051 0.5554, -1.3372 0.417 0.5615, -1.3396 0.4176 0.5578, -1.3372 0.4296 0.563, -1.3396 0.4298 0.5592, -1.341 0.3595 0.5324, -1.341 0.3691 0.5377, -1.341 0.3802 0.5429, -1.341 0.3918 0.5473, -1.341 0.394 0.548, -1.341 0.406 0.5513, -1.341 0.4182 0.5537, -1.341 0.4302 0.5551, -1.341 0.1212 0.3539, -1.3409 0.1208 0.3545, -1.3394 0.1187 0.3572, -1.3389 0.1179 0.3583, -1.3371 0.1165 0.3602, -1.3358 0.1154 0.3616, -1.334 0.1146 0.3626, -1.3317 0.1136 0.3641, -1.3303 0.1132 0.3645, -1.3269 0.1124 0.3656, -1.3262 0.1123 0.3657, -1.3409 0.0893 0.3308, -1.3389 0.0865 0.3346, -1.3358 0.084 0.3379, -1.3317 0.0821 0.3404, -1.3269 0.0809 0.3419, -1.3364 0.0715 0.3174, -1.3048 0.0462 0.2984, -1.2825 0.046 0.3157, -1.2911 0.0461 0.3157, -1.2825 0.0454 0.3152, -1.2825 0.0436 0.312, -1.2921 0.0436 0.3113, -1.2825 0.0428 0.3107, -1.2825 0.042 0.3079, -1.2929 0.0423 0.3064, -1.2825 0.0415 0.3058, -1.2825 0.0414 0.3036, -1.2935 0.0423 0.3013, -1.2825 0.0414 0.3007, -1.2825 0.0418 0.2992, -1.2939 0.0436 0.2964, -1.2825 0.0427 0.2957, -1.2995 0.0481 0.3172, -1.3013 0.0458 0.313, -1.3029 0.0447 0.3082, -1.3041 0.0448 0.3032, -1.3194 0.0612 0.3271, -1.3236 0.0674 0.3317, -1.3234 0.0603 0.3239, -1.3279 0.0671 0.329, -1.3268 0.0604 0.3201, -1.3317 0.0677 0.3256, -1.3294 0.0614 0.3157, -1.3346 0.0692 0.3216, -1.331 0.0634 0.3113, -1.2825 0.0431 0.295, -1.3149 0.0506 0.3016, -1.3138 0.049 0.3064, -1.3121 0.0486 0.3112, -1.3098 0.0494 0.3157, -1.3072 0.0514 0.3197, -1.3139 0.0558 0.323, -1.3173 0.0543 0.3194, -1.3202 0.0539 0.3152, -1.3224 0.0546 0.3106, -1.3238 0.0563 0.306, -1.3397 0.0802 0.324, -1.3378 0.0777 0.328, -1.3347 0.0757 0.3316, -1.3307 0.0745 0.3346, -1.3261 0.074 0.3367, -1.2628 0.0459 0.3157, -1.2628 0.0434 0.3121, -1.2628 0.0419 0.308, -1.2628 0.0413 0.3036, -1.2628 0.0416 0.2992, -1.2628 0.043 0.295, -1.2404 0.0465 0.2977, -1.2087 0.0719 0.3168, -1.2199 0.074 0.3369, -1.2224 0.0675 0.332, -1.2158 0.0742 0.3353, -1.2185 0.0671 0.3299, -1.2121 0.0751 0.333, -1.2151 0.0673 0.3271, -1.2091 0.0765 0.3301, -1.2122 0.0683 0.3239, -1.2068 0.0783 0.3269, -1.21 0.0698 0.3204, -1.2053 0.0806 0.3234, -1.2385 0.0518 0.3202, -1.246 0.0486 0.3178, -1.2362 0.0499 0.3169, -1.2445 0.0464 0.3143, -1.2341 0.0488 0.3132, -1.243 0.045 0.3103, -1.2324 0.0486 0.3092, -1.2418 0.0446 0.3061, -1.2311 0.0493 0.305, -1.2409 0.0451 0.3018, -1.2303 0.0509 0.3009, -1.219 0.0808 0.3421, -1.2149 0.0817 0.3409, -1.2111 0.0831 0.339, -1.208 0.085 0.3366, -1.2057 0.0872 0.3336, -1.2042 0.0897 0.3303, -1.2141 0.0638 0.3107, -1.2153 0.0619 0.3145, -1.2173 0.0607 0.3182, -1.2198 0.0602 0.3218, -1.2229 0.0605 0.3249, -1.2264 0.0614 0.3275, -1.2318 0.0561 0.3235, -1.2289 0.0547 0.3205, -1.2263 0.054 0.3171, -1.2241 0.0541 0.3133, -1.2224 0.055 0.3093, -1.2214 0.0567 0.3053, -1.2514 0.0439 0.2957, -1.2516 0.0425 0.2999, -1.2521 0.0421 0.3042, -1.2527 0.0427 0.3086, -1.2534 0.0442 0.3126, -1.2542 0.0466 0.3163, -1.219 0.1123 0.3657, -1.2183 0.1124 0.3656, -1.2149 0.1132 0.3645, -1.2136 0.1136 0.3641, -1.2112 0.1146 0.3626, -1.2095 0.1154 0.3616, -1.2082 0.1165 0.3602, -1.2064 0.1179 0.3583, -1.2058 0.1187 0.3572, -1.2044 0.1208 0.3545, -1.2043 0.1212 0.3539, -1.2042 0.3455 0.523, -1.2045 0.345 0.5235, -1.2057 0.343 0.5263, -1.2065 0.3422 0.5273, -1.208 0.3407 0.5293, -1.2096 0.3398 0.5305, -1.2111 0.3388 0.5318, -1.2136 0.3379 0.533, -1.2149 0.3374 0.5336, -1.2183 0.3367 0.5346, -1.219 0.3365 0.5348, -1.219 0.4159 0.5683, -1.219 0.4027 0.5657, -1.219 0.3896 0.5621, -1.219 0.3871 0.5613, -1.219 0.3623 0.5509, -1.219 0.3518 0.5451, -1.219 0.3407 0.5378, -1.2042 0.3493 0.5257, -1.2057 0.3469 0.5291, -1.208 0.3447 0.5322, -1.2111 0.3429 0.5347, -1.2149 0.3415 0.5366, -1.2149 0.3526 0.5439, -1.2111 0.3538 0.5419, -1.208 0.3554 0.5392, -1.2057 0.3573 0.536, -1.2042 0.3595 0.5324, -1.2149 0.363 0.5496, -1.2111 0.364 0.5476, -1.208 0.3655 0.5448, -1.2057 0.3672 0.5415, -1.2042 0.3691 0.5378, -1.219 0.3745 0.5566, -1.2149 0.375 0.5553, -1.2111 0.376 0.5531, -1.208 0.3772 0.5502, -1.2057 0.3786 0.5468, -1.2042 0.3802 0.5429, -1.2149 0.3876 0.56, -1.2111 0.3883 0.5577, -1.208 0.3893 0.5548, -1.2057 0.3905 0.5512, -1.2042 0.3918 0.5473, -1.2149 0.39 0.5608, -1.2111 0.3908 0.5585, -1.208 0.3917 0.5555, -1.2057 0.3928 0.552, -1.2042 0.3941 0.548, -1.2149 0.403 0.5643, -1.2111 0.4036 0.562, -1.208 0.4043 0.559, -1.2057 0.4051 0.5554, -1.2042 0.4061 0.5513, -1.2149 0.4162 0.5669, -1.2111 0.4165 0.5646, -1.208 0.417 0.5615, -1.2057 0.4176 0.5578, -1.2042 0.4182 0.5537, -1.219 0.4296 0.5699, -1.2149 0.4297 0.5684, -1.2111 0.4299 0.5661, -1.208 0.4301 0.563, -1.2057 0.4304 0.5593, -1.2042 0.4307 0.5551, -1.219 0.4429 0.5704, -1.2149 0.4429 0.5689, -1.2111 0.4429 0.5666, -1.208 0.4429 0.5635, -1.2057 0.4429 0.5597, -1.2042 0.4429 0.5556, -1.2042 0.4737 0.5526, -1.2043 0.4888 0.5489, -1.2044 0.489 0.5496, -1.2057 0.4745 0.5567, -1.2058 0.4899 0.5529, -1.2064 0.4903 0.5542, -1.208 0.4752 0.5603, -1.2082 0.491 0.5564, -1.2095 0.4915 0.5581, -1.2111 0.4758 0.5634, -1.2112 0.4918 0.5594, -1.2136 0.4923 0.5611, -1.2149 0.4762 0.5657, -1.2042 0.4584 0.5548, -1.2057 0.4588 0.559, -1.208 0.4591 0.5627, -1.2111 0.4594 0.5658, -1.2149 0.4596 0.5681, -1.219 0.4598 0.5696, -1.219 0.4929 0.563, -1.219 0.4765 0.5671, -1.2183 0.4929 0.563, -1.2149 0.4925 0.5616, -0.8986 1.9668 0.1079, -0.7805 1.9668 0.1079, -0.7805 1.9729 0.0993, -0.8986 1.9729 0.0993, -0.7805 1.9842 0.0892, -0.8986 1.9842 0.0892, -0.7805 1.9897 0.0858, -0.8986 1.9897 0.0858, -0.7805 2.0032 0.0805, -0.8986 2.0032 0.0805, -0.7805 2.0177 0.0787, -0.8986 2.0177 0.0787, -0.7805 2.1948 0.0787, -0.8986 2.1948 0.0787, -0.7805 2.2145 0.0591, -0.8986 2.2145 0.0591, -0.7805 2.2145 0.0394, -0.8986 2.2145 0.0394, -0.7805 2.1948 0.0197, -0.8986 2.1948 0.0197, -0.7805 2.0177 0.0197, -0.8986 2.0177 0.0197, -0.7805 2.0084 0.0201, -0.8986 2.0084 0.0201, -0.7805 1.986 0.024, -0.8986 1.986 0.024, -0.7805 1.9648 0.0322, -0.8986 1.9648 0.0322, -0.7805 1.9458 0.0441, -0.8986 1.9458 0.0441, -0.7805 1.9292 0.0597, -0.8986 1.9292 0.0597, -0.7805 1.9158 0.078, -0.8986 1.9158 0.078, -0.7805 1.8284 0.2268, -0.8986 1.8284 0.2268, -0.7805 1.8224 0.2353, -0.8986 1.8224 0.2353, -0.7805 1.811 0.2455, -0.8986 1.811 0.2455, -0.7805 1.8055 0.2489, -0.8986 1.8055 0.2489, -0.7805 1.792 0.2541, -0.8986 1.792 0.2541, -0.7805 1.7775 0.2559, -0.8986 1.7775 0.2559, -0.7411 1.7775 0.2559, -0.7411 1.3799 0.2559, -0.938 1.3799 0.2559, -0.938 1.7775 0.2559, -0.7411 1.3441 0.2576, -0.938 1.3441 0.2576, -0.7411 1.3087 0.2627, -0.938 1.3087 0.2627, -0.7411 1.2739 0.2712, -0.938 1.2739 0.2712, -0.938 1.1673 0.3027, -0.7411 1.1696 0.3021, -0.9085 0.9783 0.3586, -0.7645 1.0177 0.347, -0.7707 0.9783 0.3586, -0.7707 0.9951 0.4152, -0.9085 0.9951 0.4152, -0.7411 1.2906 0.3279, -0.938 1.2906 0.3279, -0.7411 1.1863 0.3587, -0.938 1.184 0.3594, -0.7645 1.0344 0.4036, -0.938 1.3348 0.3182, -0.7411 1.3348 0.3182, -0.938 1.3799 0.315, -0.7411 1.3799 0.315, -0.938 1.7775 0.315, -0.8986 1.7775 0.315, -0.7805 1.7775 0.315, -0.7411 1.7775 0.315, -0.7805 1.7869 0.3146, -0.8986 1.7869 0.3146, -0.7805 1.8092 0.3106, -0.8986 1.8092 0.3106, -0.7805 1.8304 0.3025, -0.8986 1.8304 0.3025, -0.7805 1.8494 0.2905, -0.8986 1.8494 0.2905, -0.7805 1.866 0.275, -0.8986 1.866 0.275, -0.7805 1.8794 0.2567, -0.8986 1.8794 0.2567, -0.9085 0.1238 0.3504, -0.9085 0.1475 0.319, -0.9085 0.0924 0.3268, -0.9085 0.1161 0.2953, -0.8144 0.0705 0.261, -0.8297 0.0689 0.2598, -0.7707 0.1161 0.2953, -0.7707 0.1475 0.319, -0.7786 0.0925 0.2775, -0.788 0.0827 0.2702, -0.8002 0.0752 0.2645, -0.8912 0.0827 0.2702, -0.9005 0.0925 0.2775, -0.8789 0.0752 0.2645, -0.8647 0.0705 0.261, -0.8494 0.0689 0.2598, -0.9064 0.1039 0.2861, -0.7727 0.1039 0.2861, -0.7707 0.0924 0.3268, -0.7707 0.1238 0.3504, -0.7903 0.0805 0.3425, -0.7903 0.112 0.3662, -0.8297 0.0491 0.3188, -0.8494 0.0491 0.3188, -0.7933 0.0685 0.3334, -0.8146 0.0515 0.3206, -0.797 0.0631 0.3293, -0.8078 0.0544 0.3228, -0.8019 0.0583 0.3257, -0.888 0.0744 0.3379, -0.8858 0.0685 0.3334, -0.8888 0.0805 0.3425, -0.8821 0.0631 0.3293, -0.8772 0.0583 0.3257, -0.8713 0.0544 0.3228, -0.8645 0.0515 0.3206, -0.8888 0.112 0.3662, -0.8571 0.0497 0.3192, -0.822 0.0497 0.3192, -0.7911 0.0744 0.3379, -0.9085 0.3481 0.5195, -0.9085 0.3718 0.488, -0.7707 0.3718 0.488, -0.7707 0.3481 0.5195, -0.7903 0.3363 0.5352, -0.8888 0.3363 0.5352, -0.9085 0.4875 0.5447, -0.9085 0.4764 0.507, -0.9085 0.4729 0.5483, -0.9085 0.4598 0.5106, -0.9085 0.4579 0.5505, -0.9085 0.4429 0.5118, -0.9085 0.4429 0.5512, -0.7707 0.4764 0.507, -0.7707 0.4598 0.5106, -0.7707 0.4429 0.5118, -0.7707 0.4875 0.5447, -0.7707 0.4429 0.5512, -0.7707 0.4579 0.5505, -0.7707 0.4729 0.5483, -0.8888 0.4429 0.5709, -0.7903 0.4429 0.5709, -0.8888 0.4598 0.5701, -0.7903 0.4598 0.5701, -0.8888 0.4682 0.5688, -0.7903 0.4682 0.5688, -0.8888 0.4766 0.5676, -0.7903 0.4766 0.5676, -0.8888 0.4931 0.5636, -0.7903 0.4931 0.5636, -0.7903 0.9951 0.4152, -0.8888 0.9951 0.4152, -0.9085 0.9895 0.3964, -0.7707 0.9895 0.3964, -0.7764 0.9934 0.4097, -0.7751 0.9929 0.408, -0.7712 0.9907 0.4006, -0.7713 0.9909 0.4012, -0.7733 0.9923 0.4058, -0.7727 0.9919 0.4045, -0.7852 0.9949 0.4146, -0.7819 0.9945 0.4132, -0.7805 0.9943 0.4127, -0.7782 0.9938 0.411, -0.8939 0.9949 0.4146, -0.8931 0.9949 0.4147, -0.786 0.9949 0.4147, -0.9064 0.9919 0.4045, -0.9058 0.9923 0.4058, -0.904 0.9929 0.408, -0.9009 0.9938 0.411, -0.8986 0.9943 0.4127, -0.8973 0.9945 0.4132, -0.9078 0.9909 0.4012, -0.9079 0.9907 0.4006, -0.9027 0.9934 0.4097, -0.8494 0.0452 0.2912, -0.8297 0.0452 0.2912, -0.7707 0.3518 0.5222, -0.7707 0.3617 0.5287, -0.7707 0.3884 0.4978, -0.7707 0.3711 0.5339, -0.7707 0.3819 0.5389, -0.7707 0.395 0.5017, -0.7707 0.3932 0.5431, -0.7707 0.4034 0.505, -0.7707 0.3954 0.5438, -0.7707 0.4056 0.5056, -0.7707 0.4071 0.5471, -0.7707 0.4228 0.5101, -0.7707 0.4189 0.5494, -0.7707 0.4241 0.5102, -0.7707 0.431 0.5508, -0.9085 0.4241 0.5102, -0.9085 0.4228 0.5101, -0.9085 0.4056 0.5056, -0.9085 0.4034 0.505, -0.9085 0.395 0.5017, -0.9085 0.3882 0.498, -0.9085 0.3775 0.4921, -0.9085 0.4305 0.5507, -0.9085 0.4189 0.5494, -0.9085 0.407 0.547, -0.9085 0.3519 0.5222, -0.9085 0.3617 0.5287, -0.9085 0.371 0.5338, -0.9085 0.3819 0.5389, -0.9085 0.3932 0.5431, -0.9085 0.3953 0.5438, -0.7903 0.4296 0.5704, -0.8888 0.429 0.5704, -0.7903 0.4285 0.5703, -0.8888 0.4284 0.5703, -0.7903 0.4159 0.5688, -0.8888 0.4158 0.5688, -0.7903 0.4146 0.5686, -0.8888 0.4146 0.5686, -0.7904 0.4026 0.5662, -0.8888 0.4025 0.5662, -0.7904 0.4008 0.5657, -0.8888 0.4008 0.5657, -0.7903 0.3895 0.5626, -0.8888 0.3894 0.5626, -0.7903 0.387 0.5618, -0.8888 0.387 0.5618, -0.7903 0.387 0.5618, -0.8888 0.387 0.5618, -0.7903 0.3743 0.5571, -0.8888 0.3743 0.5571, -0.7903 0.3736 0.5567, -0.8888 0.3735 0.5567, -0.7903 0.3621 0.5514, -0.8888 0.3621 0.5514, -0.7903 0.3606 0.5506, -0.8888 0.3606 0.5506, -0.7903 0.3516 0.5456, -0.8888 0.3516 0.5456, -0.7903 0.3483 0.5434, -0.8888 0.3484 0.5435, -0.7903 0.3404 0.5382, -0.8888 0.3405 0.5383, -0.9073 0.0832 0.3198, -0.8985 0.0662 0.307, -0.9003 0.0689 0.3091, -0.904 0.0743 0.3132, -0.9062 0.0802 0.3176, -0.8912 0.059 0.3016, -0.8822 0.0532 0.2972, -0.8788 0.0517 0.2961, -0.872 0.0488 0.2939, -0.8646 0.047 0.2926, -0.8609 0.0461 0.2919, -0.7718 0.0832 0.3198, -0.7729 0.0802 0.3176, -0.7752 0.0743 0.3132, -0.7788 0.0689 0.3091, -0.7806 0.0662 0.307, -0.788 0.059 0.3016, -0.7969 0.0532 0.2972, -0.8003 0.0517 0.2961, -0.8071 0.0488 0.2939, -0.8182 0.0461 0.2919, -0.8145 0.047 0.2926, -0.8931 0.4929 0.563, -0.8939 0.4929 0.563, -0.8973 0.4925 0.5616, -0.8986 0.4923 0.5611, -0.9009 0.4918 0.5594, -0.9027 0.4915 0.5581, -0.904 0.491 0.5564, -0.9058 0.4903 0.5542, -0.9064 0.4899 0.5529, -0.9078 0.489 0.5496, -0.9079 0.4888 0.5489, -0.9078 0.4738 0.5533, -0.908 0.4429 0.5556, -0.9078 0.4584 0.5555, -0.9058 0.4747 0.558, -0.9077 0.4429 0.5563, -0.9065 0.4429 0.5597, -0.9058 0.4589 0.5603, -0.9027 0.4755 0.562, -0.9057 0.4429 0.561, -0.9042 0.4429 0.5635, -0.9027 0.4593 0.5643, -0.8986 0.4761 0.565, -0.9026 0.4429 0.565, -0.901 0.4429 0.5666, -0.8986 0.4596 0.5674, -0.8939 0.4765 0.567, -0.8939 0.4598 0.5694, -0.8986 0.4429 0.5681, -0.8973 0.4429 0.5689, -0.8938 0.4429 0.5701, -0.8931 0.4429 0.5704, -0.8931 0.3365 0.5348, -0.901 0.3388 0.5318, -0.8973 0.3374 0.5336, -0.8973 0.3416 0.5367, -0.9065 0.343 0.5263, -0.9042 0.3407 0.5293, -0.9042 0.3448 0.5322, -0.908 0.3455 0.523, -0.9065 0.3469 0.5292, -0.908 0.3494 0.5258, -0.8932 0.3519 0.5451, -0.8932 0.3408 0.5379, -0.8931 0.3623 0.5509, -0.8931 0.3745 0.5566, -0.8931 0.3871 0.5613, -0.8931 0.3895 0.5621, -0.8931 0.4026 0.5657, -0.8932 0.4159 0.5683, -0.8932 0.429 0.5699, -0.901 0.343 0.5348, -0.8973 0.3526 0.5439, -0.901 0.3538 0.5419, -0.8973 0.363 0.5496, -0.901 0.364 0.5476, -0.8973 0.3751 0.5553, -0.901 0.376 0.5531, -0.8973 0.3876 0.56, -0.901 0.3883 0.5577, -0.8973 0.39 0.5607, -0.901 0.3907 0.5585, -0.8973 0.403 0.5643, -0.901 0.4035 0.562, -0.8973 0.4161 0.5669, -0.901 0.4165 0.5646, -0.8973 0.4291 0.5684, -0.9011 0.4293 0.5661, -0.9042 0.3554 0.5392, -0.9065 0.3573 0.536, -0.9042 0.3655 0.5448, -0.9065 0.3672 0.5415, -0.9042 0.3772 0.5502, -0.9065 0.3786 0.5468, -0.9042 0.3893 0.5548, -0.9065 0.3905 0.5512, -0.9042 0.3916 0.5555, -0.9065 0.3927 0.552, -0.9042 0.4042 0.559, -0.9065 0.4051 0.5554, -0.9042 0.417 0.5615, -0.9065 0.4176 0.5578, -0.9042 0.4296 0.563, -0.9065 0.4298 0.5592, -0.908 0.3595 0.5324, -0.908 0.3691 0.5377, -0.908 0.3802 0.5429, -0.908 0.3918 0.5473, -0.908 0.394 0.548, -0.908 0.406 0.5513, -0.908 0.4182 0.5537, -0.908 0.4302 0.5551, -0.9079 0.1212 0.3539, -0.9078 0.1208 0.3545, -0.9064 0.1187 0.3572, -0.9058 0.1179 0.3583, -0.904 0.1165 0.3602, -0.9027 0.1154 0.3616, -0.9009 0.1146 0.3626, -0.8986 0.1136 0.3641, -0.8973 0.1132 0.3645, -0.8939 0.1124 0.3656, -0.8931 0.1123 0.3657, -0.9078 0.0893 0.3308, -0.9058 0.0865 0.3346, -0.9027 0.084 0.3379, -0.8986 0.0821 0.3404, -0.8939 0.0809 0.3419, -0.9033 0.0715 0.3174, -0.8717 0.0462 0.2984, -0.8494 0.046 0.3157, -0.8581 0.0461 0.3157, -0.8494 0.0454 0.3152, -0.8494 0.0436 0.312, -0.859 0.0436 0.3113, -0.8494 0.0428 0.3107, -0.8494 0.042 0.3079, -0.8598 0.0423 0.3064, -0.8494 0.0415 0.3058, -0.8494 0.0414 0.3036, -0.8604 0.0423 0.3013, -0.8494 0.0414 0.3007, -0.8494 0.0418 0.2992, -0.8608 0.0436 0.2964, -0.8494 0.0427 0.2957, -0.8664 0.0481 0.3172, -0.8682 0.0458 0.313, -0.8698 0.0447 0.3082, -0.871 0.0448 0.3032, -0.8864 0.0612 0.3271, -0.8905 0.0674 0.3317, -0.8903 0.0603 0.3239, -0.8949 0.0671 0.329, -0.8937 0.0604 0.3201, -0.8986 0.0677 0.3256, -0.8963 0.0614 0.3157, -0.9015 0.0692 0.3216, -0.8979 0.0634 0.3113, -0.8494 0.0431 0.295, -0.8818 0.0506 0.3016, -0.8807 0.049 0.3064, -0.879 0.0486 0.3112, -0.8767 0.0494 0.3157, -0.8741 0.0514 0.3197, -0.8808 0.0558 0.323, -0.8842 0.0543 0.3194, -0.8871 0.0539 0.3152, -0.8893 0.0546 0.3106, -0.8907 0.0563 0.306, -0.9067 0.0802 0.324, -0.9047 0.0777 0.328, -0.9017 0.0757 0.3316, -0.8977 0.0745 0.3346, -0.893 0.074 0.3367, -0.8297 0.0459 0.3157, -0.8297 0.0434 0.3121, -0.8297 0.0419 0.308, -0.8297 0.0413 0.3036, -0.8297 0.0416 0.2992, -0.8297 0.043 0.295, -0.8073 0.0465 0.2977, -0.7756 0.0719 0.3168, -0.7868 0.074 0.3369, -0.7893 0.0675 0.332, -0.7827 0.0742 0.3353, -0.7855 0.0671 0.3299, -0.7791 0.0751 0.333, -0.782 0.0673 0.3271, -0.776 0.0765 0.3301, -0.7791 0.0683 0.3239, -0.7737 0.0783 0.3269, -0.777 0.0698 0.3204, -0.7723 0.0806 0.3234, -0.8054 0.0518 0.3202, -0.813 0.0486 0.3178, -0.8031 0.0499 0.3169, -0.8114 0.0464 0.3143, -0.801 0.0488 0.3132, -0.81 0.045 0.3103, -0.7993 0.0486 0.3092, -0.8088 0.0446 0.3061, -0.798 0.0493 0.305, -0.8079 0.0451 0.3018, -0.7972 0.0509 0.3009, -0.786 0.0808 0.3421, -0.7818 0.0817 0.3409, -0.7781 0.0831 0.339, -0.775 0.085 0.3366, -0.7726 0.0872 0.3336, -0.7712 0.0897 0.3303, -0.781 0.0638 0.3107, -0.7822 0.0619 0.3145, -0.7842 0.0607 0.3182, -0.7868 0.0602 0.3218, -0.7899 0.0605 0.3249, -0.7933 0.0614 0.3275, -0.7988 0.0561 0.3235, -0.7958 0.0547 0.3205, -0.7932 0.054 0.3171, -0.791 0.0541 0.3133, -0.7893 0.055 0.3093, -0.7883 0.0567 0.3053, -0.8183 0.0439 0.2957, -0.8186 0.0425 0.2999, -0.819 0.0421 0.3042, -0.8196 0.0427 0.3086, -0.8204 0.0442 0.3126, -0.8212 0.0466 0.3163, -0.786 0.1123 0.3657, -0.7852 0.1124 0.3656, -0.7819 0.1132 0.3645, -0.7805 0.1136 0.3641, -0.7782 0.1146 0.3626, -0.7764 0.1154 0.3616, -0.7751 0.1165 0.3602, -0.7733 0.1179 0.3583, -0.7727 0.1187 0.3572, -0.7713 0.1208 0.3545, -0.7712 0.1212 0.3539, -0.7712 0.3455 0.523, -0.7714 0.345 0.5235, -0.7726 0.343 0.5263, -0.7734 0.3422 0.5273, -0.775 0.3407 0.5293, -0.7765 0.3398 0.5305, -0.7781 0.3388 0.5318, -0.7806 0.3379 0.533, -0.7818 0.3374 0.5336, -0.7853 0.3367 0.5346, -0.786 0.3365 0.5348, -0.786 0.4159 0.5683, -0.786 0.4027 0.5657, -0.786 0.3896 0.5621, -0.786 0.3871 0.5613, -0.786 0.3623 0.5509, -0.786 0.3518 0.5451, -0.786 0.3407 0.5378, -0.7712 0.3493 0.5257, -0.7726 0.3469 0.5291, -0.775 0.3447 0.5322, -0.7781 0.3429 0.5347, -0.7818 0.3415 0.5366, -0.7818 0.3526 0.5439, -0.7781 0.3538 0.5419, -0.775 0.3554 0.5392, -0.7726 0.3573 0.536, -0.7712 0.3595 0.5324, -0.7818 0.363 0.5496, -0.7781 0.364 0.5476, -0.775 0.3655 0.5448, -0.7726 0.3672 0.5415, -0.7712 0.3691 0.5378, -0.786 0.3745 0.5566, -0.7818 0.375 0.5553, -0.7781 0.376 0.5531, -0.775 0.3772 0.5502, -0.7726 0.3786 0.5468, -0.7712 0.3802 0.5429, -0.7818 0.3876 0.56, -0.7781 0.3883 0.5577, -0.775 0.3893 0.5548, -0.7726 0.3905 0.5512, -0.7712 0.3918 0.5473, -0.7818 0.39 0.5608, -0.7781 0.3908 0.5585, -0.775 0.3917 0.5555, -0.7726 0.3928 0.552, -0.7712 0.3941 0.548, -0.7818 0.403 0.5643, -0.7781 0.4036 0.562, -0.775 0.4043 0.559, -0.7726 0.4051 0.5554, -0.7712 0.4061 0.5513, -0.7818 0.4162 0.5669, -0.7781 0.4165 0.5646, -0.775 0.417 0.5615, -0.7726 0.4176 0.5578, -0.7712 0.4182 0.5537, -0.786 0.4296 0.5699, -0.7818 0.4297 0.5684, -0.7781 0.4299 0.5661, -0.7749 0.4301 0.563, -0.7726 0.4304 0.5593, -0.7712 0.4307 0.5551, -0.786 0.4429 0.5704, -0.7818 0.4429 0.5689, -0.7781 0.4429 0.5666, -0.775 0.4429 0.5635, -0.7726 0.4429 0.5597, -0.7712 0.4429 0.5556, -0.7712 0.4737 0.5526, -0.7712 0.4888 0.5489, -0.7713 0.489 0.5496, -0.7726 0.4745 0.5567, -0.7727 0.4899 0.5529, -0.7733 0.4903 0.5542, -0.775 0.4752 0.5603, -0.7751 0.491 0.5564, -0.7764 0.4915 0.5581, -0.7781 0.4758 0.5634, -0.7782 0.4918 0.5594, -0.7805 0.4923 0.5611, -0.7818 0.4762 0.5657, -0.7712 0.4584 0.5548, -0.7726 0.4588 0.559, -0.775 0.4591 0.5627, -0.7781 0.4594 0.5658, -0.7818 0.4596 0.5681, -0.786 0.4598 0.5696, -0.786 0.4929 0.563, -0.786 0.4765 0.5671, -0.7852 0.4929 0.563, -0.7819 0.4925 0.5616, -0.4655 1.9668 0.1079, -0.3474 1.9668 0.1079, -0.3474 1.9729 0.0993, -0.4655 1.9729 0.0993, -0.3474 1.9842 0.0892, -0.4655 1.9842 0.0892, -0.3474 1.9897 0.0858, -0.4655 1.9897 0.0858, -0.3474 2.0032 0.0805, -0.4655 2.0032 0.0805, -0.3474 2.0177 0.0787, -0.4655 2.0177 0.0787, -0.3474 2.1948 0.0787, -0.4655 2.1948 0.0787, -0.3474 2.2145 0.0591, -0.4655 2.2145 0.0591, -0.3474 2.2145 0.0394, -0.4655 2.2145 0.0394, -0.3474 2.1948 0.0197, -0.4655 2.1948 0.0197, -0.3474 2.0177 0.0197, -0.4655 2.0177 0.0197, -0.3474 2.0084 0.0201, -0.4655 2.0084 0.0201, -0.3474 1.986 0.024, -0.4655 1.986 0.024, -0.3474 1.9648 0.0322, -0.4655 1.9648 0.0322, -0.3474 1.9458 0.0441, -0.4655 1.9458 0.0441, -0.3474 1.9292 0.0597, -0.4655 1.9292 0.0597, -0.3474 1.9158 0.078, -0.4655 1.9158 0.078, -0.3474 1.8284 0.2268, -0.4655 1.8284 0.2268, -0.3474 1.8224 0.2353, -0.4655 1.8224 0.2353, -0.3474 1.811 0.2455, -0.4655 1.811 0.2455, -0.3474 1.8055 0.2489, -0.4655 1.8055 0.2489, -0.3474 1.792 0.2541, -0.4655 1.792 0.2541, -0.3474 1.7775 0.2559, -0.4655 1.7775 0.2559, -0.3081 1.7775 0.2559, -0.3081 1.3799 0.2559, -0.5049 1.3799 0.2559, -0.5049 1.7775 0.2559, -0.3081 1.3441 0.2576, -0.5049 1.3441 0.2576, -0.3081 1.3087 0.2627, -0.5049 1.3087 0.2627, -0.3081 1.2739 0.2712, -0.5049 1.2739 0.2712, -0.5049 1.1673 0.3027, -0.3081 1.1696 0.3021, -0.4754 0.9783 0.3586, -0.3314 1.0177 0.347, -0.3376 0.9783 0.3586, -0.3376 0.9951 0.4152, -0.4754 0.9951 0.4152, -0.3081 1.2906 0.3279, -0.5049 1.2906 0.3279, -0.3081 1.1863 0.3587, -0.5049 1.184 0.3594, -0.3314 1.0344 0.4036, -0.5049 1.3348 0.3182, -0.3081 1.3348 0.3182, -0.5049 1.3799 0.315, -0.3081 1.3799 0.315, -0.5049 1.7775 0.315, -0.4655 1.7775 0.315, -0.3474 1.7775 0.315, -0.3081 1.7775 0.315, -0.3474 1.7869 0.3146, -0.4655 1.7869 0.3146, -0.3474 1.8092 0.3106, -0.4655 1.8092 0.3106, -0.3474 1.8304 0.3025, -0.4655 1.8304 0.3025, -0.3474 1.8494 0.2905, -0.4655 1.8494 0.2905, -0.3474 1.866 0.275, -0.4655 1.866 0.275, -0.3474 1.8794 0.2567, -0.4655 1.8794 0.2567, -0.4754 0.1238 0.3504, -0.4754 0.1475 0.319, -0.4754 0.0924 0.3268, -0.4754 0.1161 0.2953, -0.3814 0.0705 0.261, -0.3966 0.0689 0.2598, -0.3376 0.1161 0.2953, -0.3376 0.1475 0.319, -0.3455 0.0925 0.2775, -0.3549 0.0827 0.2702, -0.3671 0.0752 0.2645, -0.4581 0.0827 0.2702, -0.4675 0.0925 0.2775, -0.4459 0.0752 0.2645, -0.4316 0.0705 0.261, -0.4163 0.0689 0.2598, -0.4734 0.1039 0.2861, -0.3396 0.1039 0.2861, -0.3376 0.0924 0.3268, -0.3376 0.1238 0.3504, -0.4163 0.0491 0.3188, -0.3966 0.0491 0.3188, -0.3573 0.112 0.3662, -0.3573 0.0805 0.3425, -0.389 0.0497 0.3192, -0.3816 0.0515 0.3206, -0.4549 0.0744 0.3379, -0.4527 0.0685 0.3334, -0.4557 0.0805 0.3425, -0.4491 0.0631 0.3293, -0.4442 0.0583 0.3257, -0.4382 0.0544 0.3228, -0.4314 0.0515 0.3206, -0.4557 0.112 0.3662, -0.424 0.0497 0.3192, -0.3688 0.0583 0.3257, -0.3639 0.0631 0.3293, -0.3748 0.0544 0.3228, -0.3603 0.0685 0.3334, -0.358 0.0744 0.3379, -0.4754 0.3481 0.5195, -0.4754 0.3718 0.488, -0.3376 0.3718 0.488, -0.3376 0.3481 0.5195, -0.3573 0.3363 0.5352, -0.4557 0.3363 0.5352, -0.4754 0.4875 0.5447, -0.4754 0.4764 0.507, -0.4754 0.4729 0.5483, -0.4754 0.4598 0.5106, -0.4754 0.4579 0.5505, -0.4754 0.4429 0.5118, -0.4754 0.4429 0.5512, -0.3376 0.4764 0.507, -0.3376 0.4598 0.5106, -0.3376 0.4429 0.5118, -0.3376 0.4875 0.5447, -0.3376 0.4429 0.5512, -0.3376 0.4579 0.5505, -0.3376 0.4729 0.5483, -0.3573 0.4931 0.5636, -0.4557 0.4931 0.5636, -0.3573 0.4766 0.5676, -0.4557 0.4766 0.5676, -0.3573 0.4682 0.5688, -0.4557 0.4682 0.5688, -0.3573 0.4598 0.5701, -0.4557 0.4598 0.5701, -0.3573 0.4429 0.5709, -0.4557 0.4429 0.5709, -0.3573 0.9951 0.4152, -0.4557 0.9951 0.4152, -0.4754 0.9895 0.3964, -0.3376 0.9895 0.3964, -0.3434 0.9934 0.4097, -0.342 0.9929 0.408, -0.3382 0.9907 0.4006, -0.3383 0.9909 0.4012, -0.3402 0.9923 0.4058, -0.3397 0.9919 0.4045, -0.3522 0.9949 0.4146, -0.3488 0.9945 0.4132, -0.3474 0.9943 0.4127, -0.3451 0.9938 0.411, -0.4608 0.9949 0.4146, -0.4601 0.9949 0.4147, -0.3529 0.9949 0.4147, -0.4733 0.9919 0.4045, -0.4727 0.9923 0.4058, -0.471 0.9929 0.408, -0.4679 0.9938 0.411, -0.4655 0.9943 0.4127, -0.4642 0.9945 0.4132, -0.4747 0.9909 0.4012, -0.4748 0.9907 0.4006, -0.4696 0.9934 0.4097, -0.4163 0.0452 0.2912, -0.3966 0.0452 0.2912, -0.3376 0.3518 0.5222, -0.3376 0.3617 0.5287, -0.3376 0.3884 0.4978, -0.3376 0.3711 0.5339, -0.3376 0.3819 0.5389, -0.3376 0.395 0.5017, -0.3376 0.3932 0.5431, -0.3376 0.4034 0.505, -0.3376 0.3954 0.5438, -0.3376 0.4056 0.5056, -0.3376 0.4071 0.5471, -0.3376 0.4228 0.5101, -0.3376 0.4189 0.5494, -0.3376 0.4241 0.5102, -0.3376 0.431 0.5508, -0.4754 0.4241 0.5102, -0.4754 0.4228 0.5101, -0.4754 0.4056 0.5056, -0.4754 0.4034 0.505, -0.4754 0.395 0.5017, -0.4754 0.3882 0.498, -0.4754 0.3775 0.4921, -0.4754 0.4305 0.5507, -0.4754 0.4189 0.5494, -0.4754 0.407 0.547, -0.4754 0.3519 0.5222, -0.4754 0.3617 0.5287, -0.4754 0.371 0.5338, -0.4754 0.3819 0.5389, -0.4754 0.3932 0.5431, -0.4754 0.3953 0.5438, -0.3573 0.4296 0.5704, -0.4557 0.429 0.5704, -0.3573 0.4285 0.5703, -0.4557 0.4284 0.5703, -0.3573 0.4159 0.5688, -0.4557 0.4158 0.5688, -0.3573 0.4146 0.5686, -0.4557 0.4146 0.5686, -0.3573 0.4026 0.5662, -0.4557 0.4025 0.5662, -0.3573 0.4008 0.5657, -0.4557 0.4008 0.5657, -0.3573 0.3895 0.5626, -0.4557 0.3894 0.5626, -0.3573 0.387 0.5618, -0.4557 0.387 0.5618, -0.3573 0.387 0.5618, -0.4557 0.387 0.5618, -0.3573 0.3743 0.5571, -0.4557 0.3743 0.5571, -0.3573 0.3736 0.5567, -0.4557 0.3735 0.5567, -0.3573 0.3621 0.5514, -0.4557 0.3621 0.5514, -0.3573 0.3606 0.5506, -0.4557 0.3606 0.5506, -0.3573 0.3516 0.5456, -0.4557 0.3516 0.5456, -0.3573 0.3483 0.5434, -0.4557 0.3484 0.5435, -0.3573 0.3404 0.5382, -0.4557 0.3405 0.5383, -0.4742 0.0832 0.3198, -0.4654 0.0662 0.307, -0.4672 0.0689 0.3091, -0.4709 0.0743 0.3132, -0.4731 0.0802 0.3176, -0.4581 0.059 0.3016, -0.4491 0.0532 0.2972, -0.4457 0.0517 0.2961, -0.4389 0.0488 0.2939, -0.4315 0.047 0.2926, -0.4278 0.0461 0.2919, -0.3387 0.0832 0.3198, -0.3398 0.0802 0.3176, -0.3421 0.0743 0.3132, -0.3457 0.0689 0.3091, -0.3475 0.0662 0.307, -0.3549 0.059 0.3016, -0.3638 0.0532 0.2972, -0.3672 0.0517 0.2961, -0.374 0.0488 0.2939, -0.3851 0.0461 0.2919, -0.3814 0.047 0.2926, -0.4601 0.4929 0.563, -0.4608 0.4929 0.563, -0.4642 0.4925 0.5616, -0.4655 0.4923 0.5611, -0.4679 0.4918 0.5594, -0.4696 0.4915 0.5581, -0.471 0.491 0.5564, -0.4727 0.4903 0.5542, -0.4733 0.4899 0.5529, -0.4747 0.489 0.5496, -0.4748 0.4888 0.5489, -0.4747 0.4738 0.5533, -0.4749 0.4429 0.5556, -0.4747 0.4584 0.5555, -0.4727 0.4747 0.558, -0.4746 0.4429 0.5563, -0.4734 0.4429 0.5597, -0.4727 0.4589 0.5603, -0.4696 0.4755 0.562, -0.4727 0.4429 0.561, -0.4711 0.4429 0.5635, -0.4696 0.4593 0.5643, -0.4655 0.4761 0.565, -0.4695 0.4429 0.565, -0.468 0.4429 0.5666, -0.4655 0.4596 0.5674, -0.4608 0.4765 0.567, -0.4608 0.4598 0.5694, -0.4655 0.4429 0.5681, -0.4642 0.4429 0.5689, -0.4608 0.4429 0.5701, -0.4601 0.4429 0.5704, -0.4601 0.3365 0.5348, -0.468 0.3388 0.5318, -0.4642 0.3374 0.5336, -0.4642 0.3416 0.5367, -0.4734 0.343 0.5263, -0.4711 0.3407 0.5293, -0.4711 0.3448 0.5322, -0.4749 0.3455 0.523, -0.4734 0.3469 0.5292, -0.4749 0.3494 0.5258, -0.4601 0.3519 0.5451, -0.4601 0.3408 0.5379, -0.4601 0.3623 0.5509, -0.4601 0.3745 0.5566, -0.4601 0.3871 0.5613, -0.4601 0.3895 0.5621, -0.4601 0.4026 0.5657, -0.4601 0.4159 0.5683, -0.4601 0.429 0.5699, -0.468 0.343 0.5348, -0.4642 0.3526 0.5439, -0.468 0.3538 0.5419, -0.4642 0.363 0.5496, -0.468 0.364 0.5476, -0.4642 0.3751 0.5553, -0.468 0.376 0.5531, -0.4642 0.3876 0.56, -0.468 0.3883 0.5577, -0.4642 0.39 0.5607, -0.468 0.3907 0.5585, -0.4642 0.403 0.5643, -0.468 0.4035 0.562, -0.4642 0.4161 0.5669, -0.468 0.4165 0.5646, -0.4643 0.4291 0.5684, -0.468 0.4293 0.5661, -0.4711 0.3554 0.5392, -0.4734 0.3573 0.536, -0.4711 0.3655 0.5448, -0.4734 0.3672 0.5415, -0.4711 0.3772 0.5502, -0.4734 0.3786 0.5468, -0.4711 0.3893 0.5548, -0.4734 0.3905 0.5512, -0.4711 0.3916 0.5555, -0.4734 0.3927 0.552, -0.4711 0.4042 0.559, -0.4734 0.4051 0.5554, -0.4711 0.417 0.5615, -0.4734 0.4176 0.5578, -0.4711 0.4296 0.563, -0.4734 0.4298 0.5592, -0.4749 0.3595 0.5324, -0.4749 0.3691 0.5377, -0.4749 0.3802 0.5429, -0.4749 0.3918 0.5473, -0.4749 0.394 0.548, -0.4749 0.406 0.5513, -0.4749 0.4182 0.5537, -0.4749 0.4302 0.5551, -0.4748 0.1212 0.3539, -0.4747 0.1208 0.3545, -0.4733 0.1187 0.3572, -0.4727 0.1179 0.3583, -0.471 0.1165 0.3602, -0.4696 0.1154 0.3616, -0.4679 0.1146 0.3626, -0.4655 0.1136 0.3641, -0.4642 0.1132 0.3645, -0.4608 0.1124 0.3656, -0.4601 0.1123 0.3657, -0.4747 0.0893 0.3308, -0.4727 0.0865 0.3346, -0.4696 0.084 0.3379, -0.4655 0.0821 0.3404, -0.4608 0.0809 0.3419, -0.4703 0.0715 0.3174, -0.4387 0.0462 0.2984, -0.4163 0.046 0.3157, -0.425 0.0461 0.3157, -0.4163 0.0454 0.3152, -0.4163 0.0436 0.312, -0.4259 0.0436 0.3113, -0.4163 0.0428 0.3107, -0.4163 0.042 0.3079, -0.4267 0.0423 0.3064, -0.4163 0.0415 0.3058, -0.4163 0.0414 0.3036, -0.4273 0.0423 0.3013, -0.4163 0.0414 0.3007, -0.4163 0.0418 0.2992, -0.4277 0.0436 0.2964, -0.4163 0.0427 0.2957, -0.4333 0.0481 0.3172, -0.4352 0.0458 0.313, -0.4367 0.0447 0.3082, -0.4379 0.0448 0.3032, -0.4533 0.0612 0.3271, -0.4574 0.0674 0.3317, -0.4572 0.0603 0.3239, -0.4618 0.0671 0.329, -0.4606 0.0604 0.3201, -0.4656 0.0677 0.3256, -0.4632 0.0614 0.3157, -0.4685 0.0692 0.3216, -0.4649 0.0634 0.3113, -0.4163 0.0431 0.295, -0.4488 0.0506 0.3016, -0.4477 0.049 0.3064, -0.4459 0.0486 0.3112, -0.4437 0.0494 0.3157, -0.441 0.0514 0.3197, -0.4478 0.0558 0.323, -0.4511 0.0543 0.3194, -0.454 0.0539 0.3152, -0.4562 0.0546 0.3106, -0.4576 0.0563 0.306, -0.4736 0.0802 0.324, -0.4717 0.0777 0.328, -0.4686 0.0757 0.3316, -0.4646 0.0745 0.3346, -0.4599 0.074 0.3367, -0.3966 0.0459 0.3157, -0.3966 0.0434 0.3121, -0.3966 0.0419 0.308, -0.3966 0.0413 0.3036, -0.3966 0.0416 0.2992, -0.3966 0.043 0.295, -0.3742 0.0465 0.2977, -0.3425 0.0719 0.3168, -0.3537 0.074 0.3369, -0.3562 0.0675 0.332, -0.3497 0.0742 0.3353, -0.3524 0.0671 0.3299, -0.346 0.0751 0.333, -0.3489 0.0673 0.3271, -0.3429 0.0765 0.3301, -0.3461 0.0683 0.3239, -0.3406 0.0783 0.3269, -0.3439 0.0698 0.3204, -0.3392 0.0806 0.3234, -0.3723 0.0518 0.3202, -0.3799 0.0486 0.3178, -0.37 0.0499 0.3169, -0.3783 0.0464 0.3143, -0.368 0.0488 0.3132, -0.3769 0.045 0.3103, -0.3662 0.0486 0.3092, -0.3757 0.0446 0.3061, -0.3649 0.0493 0.305, -0.3748 0.0451 0.3018, -0.3641 0.0509 0.3009, -0.3529 0.0808 0.3421, -0.3487 0.0817 0.3409, -0.345 0.0831 0.339, -0.3419 0.085 0.3366, -0.3395 0.0872 0.3336, -0.3381 0.0897 0.3303, -0.348 0.0638 0.3107, -0.3492 0.0619 0.3145, -0.3511 0.0607 0.3182, -0.3537 0.0602 0.3218, -0.3568 0.0605 0.3249, -0.3603 0.0614 0.3275, -0.3657 0.0561 0.3235, -0.3628 0.0547 0.3205, -0.3601 0.054 0.3171, -0.3579 0.0541 0.3133, -0.3563 0.055 0.3093, -0.3552 0.0567 0.3053, -0.3852 0.0439 0.2957, -0.3855 0.0425 0.2999, -0.386 0.0421 0.3042, -0.3866 0.0427 0.3086, -0.3873 0.0442 0.3126, -0.3881 0.0466 0.3163, -0.3529 0.1123 0.3657, -0.3522 0.1124 0.3656, -0.3488 0.1132 0.3645, -0.3474 0.1136 0.3641, -0.3451 0.1146 0.3626, -0.3434 0.1154 0.3616, -0.342 0.1165 0.3602, -0.3402 0.1179 0.3583, -0.3397 0.1187 0.3572, -0.3383 0.1208 0.3545, -0.3382 0.1212 0.3539, -0.3381 0.3455 0.523, -0.3383 0.345 0.5235, -0.3395 0.343 0.5263, -0.3403 0.3422 0.5273, -0.3419 0.3407 0.5293, -0.3434 0.3398 0.5305, -0.345 0.3388 0.5318, -0.3475 0.3379 0.533, -0.3487 0.3374 0.5336, -0.3522 0.3367 0.5346, -0.3529 0.3365 0.5348, -0.3529 0.4159 0.5683, -0.3529 0.4027 0.5657, -0.3529 0.3896 0.5621, -0.3529 0.3871 0.5613, -0.3529 0.3623 0.5509, -0.3529 0.3518 0.5451, -0.3529 0.3407 0.5378, -0.3381 0.3493 0.5257, -0.3395 0.3469 0.5291, -0.3419 0.3447 0.5322, -0.345 0.3429 0.5347, -0.3487 0.3415 0.5366, -0.3487 0.3526 0.5439, -0.345 0.3538 0.5419, -0.3419 0.3554 0.5392, -0.3395 0.3573 0.536, -0.3381 0.3595 0.5324, -0.3487 0.363 0.5496, -0.345 0.364 0.5476, -0.3419 0.3655 0.5448, -0.3395 0.3672 0.5415, -0.3381 0.3691 0.5378, -0.3529 0.3745 0.5566, -0.3487 0.375 0.5553, -0.345 0.376 0.5531, -0.3419 0.3772 0.5502, -0.3395 0.3786 0.5468, -0.3381 0.3802 0.5429, -0.3487 0.3876 0.56, -0.345 0.3883 0.5577, -0.3419 0.3893 0.5548, -0.3395 0.3905 0.5512, -0.3381 0.3918 0.5473, -0.3487 0.39 0.5608, -0.345 0.3908 0.5585, -0.3419 0.3917 0.5555, -0.3395 0.3928 0.552, -0.3381 0.3941 0.548, -0.3487 0.403 0.5643, -0.345 0.4036 0.562, -0.3419 0.4043 0.559, -0.3395 0.4051 0.5554, -0.3381 0.4061 0.5513, -0.3487 0.4162 0.5669, -0.345 0.4165 0.5646, -0.3419 0.417 0.5615, -0.3395 0.4176 0.5578, -0.3381 0.4182 0.5537, -0.3529 0.4296 0.5699, -0.3487 0.4297 0.5684, -0.345 0.4299 0.5661, -0.3419 0.4301 0.563, -0.3395 0.4304 0.5593, -0.3381 0.4307 0.5551, -0.3529 0.4429 0.5704, -0.3487 0.4429 0.5689, -0.345 0.4429 0.5666, -0.3419 0.4429 0.5635, -0.3395 0.4429 0.5597, -0.3381 0.4429 0.5556, -0.3381 0.4737 0.5526, -0.3382 0.4888 0.5489, -0.3383 0.489 0.5496, -0.3395 0.4745 0.5567, -0.3397 0.4899 0.5529, -0.3402 0.4903 0.5542, -0.3419 0.4752 0.5603, -0.342 0.491 0.5564, -0.3434 0.4915 0.5581, -0.345 0.4758 0.5634, -0.3451 0.4918 0.5594, -0.3474 0.4923 0.5611, -0.3487 0.4762 0.5657, -0.3381 0.4584 0.5548, -0.3395 0.4588 0.559, -0.3419 0.4591 0.5627, -0.345 0.4594 0.5658, -0.3487 0.4596 0.5681, -0.3529 0.4598 0.5696, -0.3529 0.4929 0.563, -0.3529 0.4765 0.5671, -0.3522 0.4929 0.563, -0.3488 0.4925 0.5616, -0.0325 1.9668 0.1079, 0.0856 1.9668 0.1079, 0.0856 1.9729 0.0993, -0.0325 1.9729 0.0993, 0.0856 1.9842 0.0892, -0.0325 1.9842 0.0892, 0.0856 1.9897 0.0858, -0.0325 1.9897 0.0858, 0.0856 2.0032 0.0805, -0.0325 2.0032 0.0805, 0.0856 2.0177 0.0787, -0.0325 2.0177 0.0787, 0.0856 2.1948 0.0787, -0.0325 2.1948 0.0787, 0.0856 2.2145 0.0591, -0.0325 2.2145 0.0591, 0.0856 2.2145 0.0394, -0.0325 2.2145 0.0394, 0.0856 2.1948 0.0197, -0.0325 2.1948 0.0197, 0.0856 2.0177 0.0197, -0.0325 2.0177 0.0197, 0.0856 2.0084 0.0201, -0.0325 2.0084 0.0201, 0.0856 1.986 0.024, -0.0325 1.986 0.024, 0.0856 1.9648 0.0322, -0.0325 1.9648 0.0322, 0.0856 1.9458 0.0441, -0.0325 1.9458 0.0441, 0.0856 1.9292 0.0597, -0.0325 1.9292 0.0597, 0.0856 1.9158 0.078, -0.0325 1.9158 0.078, 0.0856 1.8284 0.2268, -0.0325 1.8284 0.2268, 0.0856 1.8224 0.2353, -0.0325 1.8224 0.2353, 0.0856 1.811 0.2455, -0.0325 1.811 0.2455, 0.0856 1.8055 0.2489, -0.0325 1.8055 0.2489, 0.0856 1.792 0.2541, -0.0325 1.792 0.2541, 0.0856 1.7775 0.2559, -0.0325 1.7775 0.2559, 0.125 1.7775 0.2559, 0.125 1.3799 0.2559, -0.0718 1.3799 0.2559, -0.0718 1.7775 0.2559, 0.125 1.3441 0.2576, -0.0718 1.3441 0.2576, 0.125 1.3087 0.2627, -0.0718 1.3087 0.2627, 0.125 1.2739 0.2712, -0.0718 1.2739 0.2712, -0.0718 1.1673 0.3027, 0.125 1.1696 0.3021, -0.0423 0.9783 0.3586, 0.1016 1.0177 0.347, 0.0955 0.9783 0.3586, 0.0955 0.9951 0.4152, -0.0423 0.9951 0.4152, 0.125 1.2906 0.3279, -0.0718 1.2906 0.3279, 0.125 1.1863 0.3587, -0.0718 1.184 0.3594, 0.1016 1.0344 0.4036, -0.0718 1.3348 0.3182, 0.125 1.3348 0.3182, -0.0718 1.3799 0.315, 0.125 1.3799 0.315, -0.0718 1.7775 0.315, -0.0325 1.7775 0.315, 0.0856 1.7775 0.315, 0.125 1.7775 0.315, 0.0856 1.7869 0.3146, -0.0325 1.7869 0.3146, 0.0856 1.8092 0.3106, -0.0325 1.8092 0.3106, 0.0856 1.8304 0.3025, -0.0325 1.8304 0.3025, 0.0856 1.8494 0.2905, -0.0325 1.8494 0.2905, 0.0856 1.866 0.275, -0.0325 1.866 0.275, 0.0856 1.8794 0.2567, -0.0325 1.8794 0.2567, -0.0423 0.1238 0.3504, -0.0423 0.1475 0.319, -0.0423 0.0924 0.3268, -0.0423 0.1161 0.2953, 0.0517 0.0705 0.261, 0.0364 0.0689 0.2598, 0.0955 0.1161 0.2953, 0.0955 0.1475 0.319, 0.0876 0.0925 0.2775, 0.0782 0.0827 0.2702, 0.066 0.0752 0.2645, -0.025 0.0827 0.2702, -0.0344 0.0925 0.2775, -0.0128 0.0752 0.2645, 0.0015 0.0705 0.261, 0.0167 0.0689 0.2598, -0.0403 0.1039 0.2861, 0.0935 0.1039 0.2861, 0.0955 0.0924 0.3268, 0.0955 0.1238 0.3504, 0.0758 0.0805 0.3425, 0.0758 0.112 0.3662, 0.0364 0.0491 0.3188, 0.0167 0.0491 0.3188, 0.0728 0.0685 0.3334, 0.0515 0.0515 0.3206, 0.0692 0.0631 0.3293, 0.0583 0.0544 0.3228, 0.0643 0.0583 0.3257, -0.0219 0.0744 0.3379, -0.0196 0.0685 0.3334, -0.0226 0.0805 0.3425, -0.016 0.0631 0.3293, -0.0111 0.0583 0.3257, -0.0051 0.0544 0.3228, 0.0017 0.0515 0.3206, -0.0226 0.112 0.3662, 0.0091 0.0497 0.3192, 0.0441 0.0497 0.3192, 0.075 0.0744 0.3379, -0.0423 0.3481 0.5195, -0.0423 0.3718 0.488, 0.0955 0.3718 0.488, 0.0955 0.3481 0.5195, 0.0758 0.3363 0.5352, -0.0226 0.3363 0.5352, -0.0423 0.4875 0.5447, -0.0423 0.4764 0.507, -0.0423 0.4729 0.5483, -0.0423 0.4598 0.5106, -0.0423 0.4579 0.5505, -0.0423 0.4429 0.5118, -0.0423 0.4429 0.5512, 0.0955 0.4764 0.507, 0.0955 0.4598 0.5106, 0.0955 0.4429 0.5118, 0.0955 0.4875 0.5447, 0.0955 0.4429 0.5512, 0.0955 0.4579 0.5505, 0.0955 0.4729 0.5483, 0.0758 0.4931 0.5636, -0.0226 0.4931 0.5636, 0.0758 0.4766 0.5676, -0.0226 0.4766 0.5676, 0.0758 0.4682 0.5688, -0.0226 0.4682 0.5688, 0.0758 0.4598 0.5701, -0.0226 0.4598 0.5701, 0.0758 0.4429 0.5709, -0.0226 0.4429 0.5709, 0.0758 0.9951 0.4152, -0.0226 0.9951 0.4152, -0.0423 0.9895 0.3964, 0.0955 0.9895 0.3964, 0.0897 0.9934 0.4097, 0.0911 0.9929 0.408, 0.0949 0.9907 0.4006, 0.0948 0.9909 0.4012, 0.0928 0.9923 0.4058, 0.0934 0.9919 0.4045, 0.0809 0.9949 0.4146, 0.0843 0.9945 0.4132, 0.0856 0.9943 0.4127, 0.088 0.9938 0.411, -0.0277 0.9949 0.4146, -0.027 0.9949 0.4147, 0.0802 0.9949 0.4147, -0.0402 0.9919 0.4045, -0.0397 0.9923 0.4058, -0.0379 0.9929 0.408, -0.0348 0.9938 0.411, -0.0325 0.9943 0.4127, -0.0311 0.9945 0.4132, -0.0416 0.9909 0.4012, -0.0417 0.9907 0.4006, -0.0365 0.9934 0.4097, 0.0167 0.0452 0.2912, 0.0364 0.0452 0.2912, 0.0955 0.3518 0.5222, 0.0955 0.3617 0.5287, 0.0955 0.3884 0.4978, 0.0955 0.3711 0.5339, 0.0955 0.3819 0.5389, 0.0955 0.395 0.5017, 0.0955 0.3932 0.5431, 0.0955 0.4034 0.505, 0.0955 0.3954 0.5438, 0.0955 0.4056 0.5056, 0.0955 0.4071 0.5471, 0.0955 0.4228 0.5101, 0.0955 0.4189 0.5494, 0.0955 0.4241 0.5102, 0.0955 0.431 0.5508, -0.0423 0.4241 0.5102, -0.0423 0.4228 0.5101, -0.0423 0.4056 0.5056, -0.0423 0.4034 0.505, -0.0423 0.395 0.5017, -0.0423 0.3882 0.498, -0.0423 0.3775 0.4921, -0.0423 0.4305 0.5507, -0.0423 0.4189 0.5494, -0.0423 0.407 0.547, -0.0423 0.3519 0.5222, -0.0423 0.3617 0.5287, -0.0423 0.371 0.5338, -0.0423 0.3819 0.5389, -0.0423 0.3932 0.5431, -0.0423 0.3953 0.5438, 0.0758 0.4296 0.5704, -0.0226 0.429 0.5704, 0.0758 0.4285 0.5703, -0.0226 0.4284 0.5703, 0.0758 0.4159 0.5688, -0.0226 0.4158 0.5688, 0.0758 0.4146 0.5686, -0.0226 0.4146 0.5686, 0.0758 0.4026 0.5662, -0.0226 0.4025 0.5662, 0.0758 0.4008 0.5657, -0.0226 0.4008 0.5657, 0.0758 0.3895 0.5626, -0.0226 0.3894 0.5626, 0.0758 0.387 0.5618, -0.0226 0.387 0.5618, 0.0758 0.387 0.5618, -0.0226 0.387 0.5618, 0.0758 0.3743 0.5571, -0.0226 0.3743 0.5571, 0.0758 0.3736 0.5567, -0.0226 0.3735 0.5567, 0.0758 0.3621 0.5514, -0.0226 0.3621 0.5514, 0.0758 0.3606 0.5506, -0.0226 0.3606 0.5506, 0.0758 0.3516 0.5456, -0.0226 0.3516 0.5456, 0.0758 0.3483 0.5434, -0.0226 0.3484 0.5435, 0.0758 0.3404 0.5382, -0.0226 0.3405 0.5383, -0.0412 0.0832 0.3198, -0.0324 0.0662 0.307, -0.0342 0.0689 0.3091, -0.0378 0.0743 0.3132, -0.0401 0.0802 0.3176, -0.025 0.059 0.3016, -0.0161 0.0532 0.2972, -0.0127 0.0517 0.2961, -0.0059 0.0488 0.2939, 0.0015 0.047 0.2926, 0.0052 0.0461 0.2919, 0.0943 0.0832 0.3198, 0.0932 0.0802 0.3176, 0.091 0.0743 0.3132, 0.0873 0.0689 0.3091, 0.0855 0.0662 0.307, 0.0782 0.059 0.3016, 0.0692 0.0532 0.2972, 0.0658 0.0517 0.2961, 0.059 0.0488 0.2939, 0.0479 0.0461 0.2919, 0.0516 0.047 0.2926, -0.027 0.4929 0.563, -0.0277 0.4929 0.563, -0.0311 0.4925 0.5616, -0.0325 0.4923 0.5611, -0.0348 0.4918 0.5594, -0.0365 0.4915 0.5581, -0.0379 0.491 0.5564, -0.0397 0.4903 0.5542, -0.0402 0.4899 0.5529, -0.0416 0.489 0.5496, -0.0417 0.4888 0.5489, -0.0416 0.4738 0.5533, -0.0418 0.4429 0.5556, -0.0416 0.4584 0.5555, -0.0397 0.4747 0.558, -0.0416 0.4429 0.5563, -0.0404 0.4429 0.5597, -0.0397 0.4589 0.5603, -0.0365 0.4755 0.562, -0.0396 0.4429 0.561, -0.038 0.4429 0.5635, -0.0365 0.4593 0.5643, -0.0325 0.4761 0.565, -0.0365 0.4429 0.565, -0.0349 0.4429 0.5666, -0.0325 0.4596 0.5674, -0.0277 0.4765 0.567, -0.0277 0.4598 0.5694, -0.0324 0.4429 0.5681, -0.0312 0.4429 0.5689, -0.0277 0.4429 0.5701, -0.027 0.4429 0.5704, -0.027 0.3365 0.5348, -0.0349 0.3388 0.5318, -0.0312 0.3374 0.5336, -0.0312 0.3416 0.5367, -0.0404 0.343 0.5263, -0.038 0.3407 0.5293, -0.038 0.3448 0.5322, -0.0418 0.3455 0.523, -0.0404 0.3469 0.5292, -0.0418 0.3494 0.5258, -0.027 0.3519 0.5451, -0.027 0.3408 0.5379, -0.027 0.3623 0.5509, -0.027 0.3745 0.5566, -0.027 0.3871 0.5613, -0.027 0.3895 0.5621, -0.027 0.4026 0.5657, -0.027 0.4159 0.5683, -0.027 0.429 0.5699, -0.0349 0.343 0.5348, -0.0312 0.3526 0.5439, -0.0349 0.3538 0.5419, -0.0312 0.363 0.5496, -0.0349 0.364 0.5476, -0.0312 0.3751 0.5553, -0.0349 0.376 0.5531, -0.0312 0.3876 0.56, -0.0349 0.3883 0.5577, -0.0312 0.39 0.5607, -0.0349 0.3907 0.5585, -0.0312 0.403 0.5643, -0.0349 0.4035 0.562, -0.0312 0.4161 0.5669, -0.0349 0.4165 0.5646, -0.0312 0.4291 0.5684, -0.0349 0.4293 0.5661, -0.038 0.3554 0.5392, -0.0404 0.3573 0.536, -0.038 0.3655 0.5448, -0.0404 0.3672 0.5415, -0.038 0.3772 0.5502, -0.0404 0.3786 0.5468, -0.038 0.3893 0.5548, -0.0404 0.3905 0.5512, -0.038 0.3916 0.5555, -0.0404 0.3927 0.552, -0.038 0.4042 0.559, -0.0404 0.4051 0.5554, -0.038 0.417 0.5615, -0.0404 0.4176 0.5578, -0.038 0.4296 0.563, -0.0404 0.4298 0.5592, -0.0418 0.3595 0.5324, -0.0418 0.3691 0.5377, -0.0418 0.3802 0.5429, -0.0418 0.3918 0.5473, -0.0418 0.394 0.548, -0.0418 0.406 0.5513, -0.0418 0.4182 0.5537, -0.0418 0.4302 0.5551, -0.0417 0.1212 0.3539, -0.0416 0.1208 0.3545, -0.0402 0.1187 0.3572, -0.0397 0.1179 0.3583, -0.0379 0.1165 0.3602, -0.0365 0.1154 0.3616, -0.0348 0.1146 0.3626, -0.0325 0.1136 0.3641, -0.0311 0.1132 0.3645, -0.0277 0.1124 0.3656, -0.027 0.1123 0.3657, -0.0416 0.0893 0.3308, -0.0397 0.0865 0.3346, -0.0365 0.084 0.3379, -0.0325 0.0821 0.3404, -0.0277 0.0809 0.3419, -0.0372 0.0715 0.3174, -0.0056 0.0462 0.2984, 0.0167 0.046 0.3157, 0.0081 0.0461 0.3157, 0.0167 0.0454 0.3152, 0.0167 0.0436 0.312, 0.0071 0.0436 0.3113, 0.0167 0.0428 0.3107, 0.0167 0.042 0.3079, 0.0063 0.0423 0.3064, 0.0167 0.0415 0.3058, 0.0167 0.0414 0.3036, 0.0057 0.0423 0.3013, 0.0167 0.0414 0.3007, 0.0167 0.0418 0.2992, 0.0054 0.0436 0.2964, 0.0167 0.0427 0.2957, -0.0003 0.0481 0.3172, -0.0021 0.0458 0.313, -0.0037 0.0447 0.3082, -0.0048 0.0448 0.3032, -0.0202 0.0612 0.3271, -0.0243 0.0674 0.3317, -0.0242 0.0603 0.3239, -0.0287 0.0671 0.329, -0.0276 0.0604 0.3201, -0.0325 0.0677 0.3256, -0.0302 0.0614 0.3157, -0.0354 0.0692 0.3216, -0.0318 0.0634 0.3113, 0.0167 0.0431 0.295, -0.0157 0.0506 0.3016, -0.0146 0.049 0.3064, -0.0129 0.0486 0.3112, -0.0106 0.0494 0.3157, -0.008 0.0514 0.3197, -0.0147 0.0558 0.323, -0.0181 0.0543 0.3194, -0.0209 0.0539 0.3152, -0.0232 0.0546 0.3106, -0.0245 0.0563 0.306, -0.0405 0.0802 0.324, -0.0386 0.0777 0.328, -0.0355 0.0757 0.3316, -0.0315 0.0745 0.3346, -0.0269 0.074 0.3367, 0.0364 0.0459 0.3157, 0.0364 0.0434 0.3121, 0.0364 0.0419 0.308, 0.0364 0.0413 0.3036, 0.0364 0.0416 0.2992, 0.0364 0.043 0.295, 0.0588 0.0465 0.2977, 0.0905 0.0719 0.3168, 0.0793 0.074 0.3369, 0.0768 0.0675 0.332, 0.0834 0.0742 0.3353, 0.0807 0.0671 0.3299, 0.0871 0.0751 0.333, 0.0841 0.0673 0.3271, 0.0901 0.0765 0.3301, 0.087 0.0683 0.3239, 0.0924 0.0783 0.3269, 0.0892 0.0698 0.3204, 0.0939 0.0806 0.3234, 0.0607 0.0518 0.3202, 0.0532 0.0486 0.3178, 0.063 0.0499 0.3169, 0.0548 0.0464 0.3143, 0.0651 0.0488 0.3132, 0.0562 0.045 0.3103, 0.0669 0.0486 0.3092, 0.0574 0.0446 0.3061, 0.0682 0.0493 0.305, 0.0583 0.0451 0.3018, 0.069 0.0509 0.3009, 0.0802 0.0808 0.3421, 0.0843 0.0817 0.3409, 0.0881 0.0831 0.339, 0.0912 0.085 0.3366, 0.0935 0.0872 0.3336, 0.095 0.0897 0.3303, 0.0851 0.0638 0.3107, 0.0839 0.0619 0.3145, 0.082 0.0607 0.3182, 0.0794 0.0602 0.3218, 0.0763 0.0605 0.3249, 0.0728 0.0614 0.3275, 0.0674 0.0561 0.3235, 0.0703 0.0547 0.3205, 0.0729 0.054 0.3171, 0.0751 0.0541 0.3133, 0.0768 0.055 0.3093, 0.0778 0.0567 0.3053, 0.0479 0.0439 0.2957, 0.0476 0.0425 0.2999, 0.0471 0.0421 0.3042, 0.0465 0.0427 0.3086, 0.0458 0.0442 0.3126, 0.045 0.0466 0.3163, 0.0802 0.1123 0.3657, 0.0809 0.1124 0.3656, 0.0843 0.1132 0.3645, 0.0856 0.1136 0.3641, 0.088 0.1146 0.3626, 0.0897 0.1154 0.3616, 0.0911 0.1165 0.3602, 0.0928 0.1179 0.3583, 0.0934 0.1187 0.3572, 0.0948 0.1208 0.3545, 0.0949 0.1212 0.3539, 0.095 0.3455 0.523, 0.0947 0.345 0.5235, 0.0935 0.343 0.5263, 0.0928 0.3422 0.5273, 0.0912 0.3407 0.5293, 0.0896 0.3398 0.5305, 0.0881 0.3388 0.5318, 0.0856 0.3379 0.533, 0.0843 0.3374 0.5336, 0.0809 0.3367 0.5346, 0.0802 0.3365 0.5348, 0.0802 0.4159 0.5683, 0.0802 0.4027 0.5657, 0.0802 0.3896 0.5621, 0.0802 0.3871 0.5613, 0.0802 0.3623 0.5509, 0.0802 0.3518 0.5451, 0.0802 0.3407 0.5378, 0.095 0.3493 0.5257, 0.0935 0.3469 0.5291, 0.0912 0.3447 0.5322, 0.0881 0.3429 0.5347, 0.0843 0.3415 0.5366, 0.0843 0.3526 0.5439, 0.0881 0.3538 0.5419, 0.0912 0.3554 0.5392, 0.0935 0.3573 0.536, 0.095 0.3595 0.5324, 0.0843 0.363 0.5496, 0.0881 0.364 0.5476, 0.0912 0.3655 0.5448, 0.0935 0.3672 0.5415, 0.095 0.3691 0.5378, 0.0802 0.3745 0.5566, 0.0843 0.375 0.5553, 0.0881 0.376 0.5531, 0.0912 0.3772 0.5502, 0.0935 0.3786 0.5468, 0.095 0.3802 0.5429, 0.0843 0.3876 0.56, 0.0881 0.3883 0.5577, 0.0912 0.3893 0.5548, 0.0935 0.3905 0.5512, 0.095 0.3918 0.5473, 0.0843 0.39 0.5608, 0.0881 0.3908 0.5585, 0.0912 0.3917 0.5555, 0.0935 0.3928 0.552, 0.095 0.3941 0.548, 0.0843 0.403 0.5643, 0.0881 0.4036 0.562, 0.0912 0.4043 0.559, 0.0935 0.4051 0.5554, 0.095 0.4061 0.5513, 0.0843 0.4162 0.5669, 0.0881 0.4165 0.5646, 0.0912 0.417 0.5615, 0.0935 0.4176 0.5578, 0.095 0.4182 0.5537, 0.0802 0.4296 0.5699, 0.0843 0.4297 0.5684, 0.0881 0.4299 0.5661, 0.0912 0.4301 0.563, 0.0935 0.4304 0.5593, 0.095 0.4307 0.5551, 0.0802 0.4429 0.5704, 0.0843 0.4429 0.5689, 0.0881 0.4429 0.5666, 0.0912 0.4429 0.5635, 0.0935 0.4429 0.5597, 0.095 0.4429 0.5556, 0.095 0.4737 0.5526, 0.0949 0.4888 0.5489, 0.0948 0.489 0.5496, 0.0935 0.4745 0.5567, 0.0934 0.4899 0.5529, 0.0928 0.4903 0.5542, 0.0912 0.4752 0.5603, 0.0911 0.491 0.5564, 0.0897 0.4915 0.5581, 0.0881 0.4758 0.5634, 0.088 0.4918 0.5594, 0.0856 0.4923 0.5611, 0.0843 0.4762 0.5657, 0.095 0.4584 0.5548, 0.0935 0.4588 0.559, 0.0912 0.4591 0.5627, 0.0881 0.4594 0.5658, 0.0843 0.4596 0.5681, 0.0802 0.4598 0.5696, 0.0802 0.4929 0.563, 0.0802 0.4765 0.5671, 0.0809 0.4929 0.563, 0.0843 0.4925 0.5616, 0.4006 1.9668 0.1079, 0.5187 1.9668 0.1079, 0.5187 1.9729 0.0993, 0.4006 1.9729 0.0993, 0.5187 1.9842 0.0892, 0.4006 1.9842 0.0892, 0.5187 1.9897 0.0858, 0.4006 1.9897 0.0858, 0.5187 2.0032 0.0805, 0.4006 2.0032 0.0805, 0.5187 2.0177 0.0787, 0.4006 2.0177 0.0787, 0.5187 2.1948 0.0787, 0.4006 2.1948 0.0787, 0.5187 2.2145 0.0591, 0.4006 2.2145 0.0591, 0.5187 2.2145 0.0394, 0.4006 2.2145 0.0394, 0.5187 2.1948 0.0197, 0.4006 2.1948 0.0197, 0.5187 2.0177 0.0197, 0.4006 2.0177 0.0197, 0.5187 2.0084 0.0201, 0.4006 2.0084 0.0201, 0.5187 1.986 0.024, 0.4006 1.986 0.024, 0.5187 1.9648 0.0322, 0.4006 1.9648 0.0322, 0.5187 1.9458 0.0441, 0.4006 1.9458 0.0441, 0.5187 1.9292 0.0597, 0.4006 1.9292 0.0597, 0.5187 1.9158 0.078, 0.4006 1.9158 0.078, 0.5187 1.8284 0.2268, 0.4006 1.8284 0.2268, 0.5187 1.8224 0.2353, 0.4006 1.8224 0.2353, 0.5187 1.811 0.2455, 0.4006 1.811 0.2455, 0.5187 1.8055 0.2489, 0.4006 1.8055 0.2489, 0.5187 1.792 0.2541, 0.4006 1.792 0.2541, 0.5187 1.7775 0.2559, 0.4006 1.7775 0.2559, 0.5581 1.7775 0.2559, 0.5581 1.3799 0.2559, 0.3612 1.3799 0.2559, 0.3612 1.7775 0.2559, 0.5581 1.3441 0.2576, 0.3612 1.3441 0.2576, 0.5581 1.3087 0.2627, 0.3612 1.3087 0.2627, 0.5581 1.2739 0.2712, 0.3612 1.2739 0.2712, 0.3612 1.1673 0.3027, 0.5581 1.1696 0.3021, 0.3908 0.9783 0.3586, 0.5347 1.0177 0.347, 0.5286 0.9783 0.3586, 0.5286 0.9951 0.4152, 0.3908 0.9951 0.4152, 0.5581 1.2906 0.3279, 0.3612 1.2906 0.3279, 0.5581 1.1863 0.3587, 0.3612 1.184 0.3594, 0.5347 1.0344 0.4036, 0.3612 1.3348 0.3182, 0.5581 1.3348 0.3182, 0.3612 1.3799 0.315, 0.5581 1.3799 0.315, 0.3612 1.7775 0.315, 0.4006 1.7775 0.315, 0.5187 1.7775 0.315, 0.5581 1.7775 0.315, 0.5187 1.7869 0.3146, 0.4006 1.7869 0.3146, 0.5187 1.8092 0.3106, 0.4006 1.8092 0.3106, 0.5187 1.8304 0.3025, 0.4006 1.8304 0.3025, 0.5187 1.8494 0.2905, 0.4006 1.8494 0.2905, 0.5187 1.866 0.275, 0.4006 1.866 0.275, 0.5187 1.8794 0.2567, 0.4006 1.8794 0.2567, 0.3908 0.1238 0.3504, 0.3908 0.1475 0.319, 0.3908 0.0924 0.3268, 0.3908 0.1161 0.2953, 0.4848 0.0705 0.261, 0.4695 0.0689 0.2598, 0.5286 0.1161 0.2953, 0.5286 0.1475 0.319, 0.5206 0.0925 0.2775, 0.5113 0.0827 0.2702, 0.499 0.0752 0.2645, 0.4081 0.0827 0.2702, 0.3987 0.0925 0.2775, 0.4203 0.0752 0.2645, 0.4345 0.0705 0.261, 0.4498 0.0689 0.2598, 0.3928 0.1039 0.2861, 0.5265 0.1039 0.2861, 0.5286 0.0924 0.3268, 0.5286 0.1238 0.3504, 0.4498 0.0491 0.3188, 0.4695 0.0491 0.3188, 0.5089 0.112 0.3662, 0.4279 0.0544 0.3228, 0.4347 0.0515 0.3206, 0.4104 0.0805 0.3425, 0.5089 0.0805 0.3425, 0.4772 0.0497 0.3192, 0.4846 0.0515 0.3206, 0.4104 0.112 0.3662, 0.4421 0.0497 0.3192, 0.4112 0.0744 0.3379, 0.4134 0.0685 0.3334, 0.4973 0.0583 0.3257, 0.5022 0.0631 0.3293, 0.4914 0.0544 0.3228, 0.5059 0.0685 0.3334, 0.5081 0.0744 0.3379, 0.4171 0.0631 0.3293, 0.422 0.0583 0.3257, 0.3908 0.3481 0.5195, 0.3908 0.3718 0.488, 0.5286 0.3718 0.488, 0.5286 0.3481 0.5195, 0.5089 0.3363 0.5352, 0.4104 0.3363 0.5352, 0.3908 0.4875 0.5447, 0.3908 0.4764 0.507, 0.3908 0.4729 0.5483, 0.3908 0.4598 0.5106, 0.3908 0.4579 0.5505, 0.3908 0.4429 0.5118, 0.3908 0.4429 0.5512, 0.5286 0.4764 0.507, 0.5286 0.4598 0.5106, 0.5286 0.4429 0.5118, 0.5286 0.4875 0.5447, 0.5286 0.4429 0.5512, 0.5286 0.4579 0.5505, 0.5286 0.4729 0.5483, 0.4104 0.4429 0.5709, 0.5089 0.4429 0.5709, 0.4104 0.4598 0.5701, 0.5089 0.4598 0.5701, 0.4104 0.4682 0.5688, 0.5089 0.4682 0.5688, 0.4104 0.4766 0.5676, 0.5089 0.4766 0.5676, 0.4104 0.4931 0.5636, 0.5089 0.4931 0.5636, 0.5089 0.9951 0.4152, 0.4104 0.9951 0.4152, 0.3908 0.9895 0.3964, 0.5286 0.9895 0.3964, 0.5228 0.9934 0.4097, 0.5241 0.9929 0.408, 0.528 0.9907 0.4006, 0.5279 0.9909 0.4012, 0.5259 0.9923 0.4058, 0.5265 0.9919 0.4045, 0.514 0.9949 0.4146, 0.5174 0.9945 0.4132, 0.5187 0.9943 0.4127, 0.521 0.9938 0.411, 0.4053 0.9949 0.4146, 0.4061 0.9949 0.4147, 0.5132 0.9949 0.4147, 0.3928 0.9919 0.4045, 0.3934 0.9923 0.4058, 0.3952 0.9929 0.408, 0.3983 0.9938 0.411, 0.4006 0.9943 0.4127, 0.402 0.9945 0.4132, 0.3914 0.9909 0.4012, 0.3913 0.9907 0.4006, 0.3965 0.9934 0.4097, 0.4498 0.0452 0.2912, 0.4695 0.0452 0.2912, 0.5286 0.3518 0.5222, 0.5286 0.3617 0.5287, 0.5286 0.3884 0.4978, 0.5286 0.3711 0.5339, 0.5286 0.3819 0.5389, 0.5286 0.395 0.5017, 0.5286 0.3932 0.5431, 0.5286 0.4034 0.505, 0.5286 0.3954 0.5438, 0.5286 0.4056 0.5056, 0.5286 0.4071 0.5471, 0.5286 0.4228 0.5101, 0.5286 0.4189 0.5494, 0.5286 0.4241 0.5102, 0.5286 0.431 0.5508, 0.3908 0.4241 0.5102, 0.3908 0.4228 0.5101, 0.3908 0.4056 0.5056, 0.3908 0.4034 0.505, 0.3908 0.395 0.5017, 0.3908 0.3882 0.498, 0.3908 0.3775 0.4921, 0.3908 0.4305 0.5507, 0.3908 0.4189 0.5494, 0.3908 0.407 0.547, 0.3908 0.3519 0.5222, 0.3908 0.3617 0.5287, 0.3908 0.371 0.5338, 0.3908 0.3819 0.5389, 0.3908 0.3932 0.5431, 0.3908 0.3953 0.5438, 0.5089 0.4296 0.5704, 0.4104 0.429 0.5704, 0.5089 0.4285 0.5703, 0.4104 0.4284 0.5703, 0.5089 0.4159 0.5688, 0.4104 0.4158 0.5688, 0.5089 0.4146 0.5686, 0.4104 0.4146 0.5686, 0.5089 0.4026 0.5662, 0.4105 0.4025 0.5662, 0.5089 0.4008 0.5657, 0.4105 0.4008 0.5657, 0.5089 0.3895 0.5626, 0.4104 0.3894 0.5626, 0.5089 0.387 0.5618, 0.4104 0.387 0.5618, 0.5089 0.387 0.5618, 0.4104 0.387 0.5618, 0.5089 0.3743 0.5571, 0.4104 0.3743 0.5571, 0.5089 0.3736 0.5567, 0.4104 0.3735 0.5567, 0.5089 0.3621 0.5514, 0.4104 0.3621 0.5514, 0.5089 0.3606 0.5506, 0.4104 0.3606 0.5506, 0.5089 0.3516 0.5456, 0.4104 0.3516 0.5456, 0.5089 0.3483 0.5434, 0.4104 0.3484 0.5435, 0.5089 0.3404 0.5382, 0.4104 0.3405 0.5383, 0.3919 0.0832 0.3198, 0.4007 0.0662 0.307, 0.3989 0.0689 0.3091, 0.3953 0.0743 0.3132, 0.393 0.0802 0.3176, 0.4081 0.059 0.3016, 0.417 0.0532 0.2972, 0.4204 0.0517 0.2961, 0.4272 0.0488 0.2939, 0.4346 0.047 0.2926, 0.4383 0.0461 0.2919, 0.5274 0.0832 0.3198, 0.5263 0.0802 0.3176, 0.5241 0.0743 0.3132, 0.5204 0.0689 0.3091, 0.5186 0.0662 0.307, 0.5113 0.059 0.3016, 0.5023 0.0532 0.2972, 0.4989 0.0517 0.2961, 0.4921 0.0488 0.2939, 0.481 0.0461 0.2919, 0.4847 0.047 0.2926, 0.4061 0.4929 0.563, 0.4053 0.4929 0.563, 0.402 0.4925 0.5616, 0.4006 0.4923 0.5611, 0.3983 0.4918 0.5594, 0.3965 0.4915 0.5581, 0.3952 0.491 0.5564, 0.3934 0.4903 0.5542, 0.3928 0.4899 0.5529, 0.3914 0.489 0.5496, 0.3913 0.4888 0.5489, 0.3914 0.4738 0.5533, 0.3913 0.4429 0.5556, 0.3914 0.4584 0.5555, 0.3934 0.4747 0.558, 0.3915 0.4429 0.5563, 0.3927 0.4429 0.5597, 0.3934 0.4589 0.5603, 0.3965 0.4755 0.562, 0.3935 0.4429 0.561, 0.3951 0.4429 0.5635, 0.3965 0.4593 0.5643, 0.4006 0.4761 0.565, 0.3966 0.4429 0.565, 0.3982 0.4429 0.5666, 0.4006 0.4596 0.5674, 0.4053 0.4765 0.567, 0.4053 0.4598 0.5694, 0.4007 0.4429 0.5681, 0.4019 0.4429 0.5689, 0.4054 0.4429 0.5701, 0.4061 0.4429 0.5704, 0.4061 0.3365 0.5348, 0.3982 0.3388 0.5318, 0.4019 0.3374 0.5336, 0.4019 0.3416 0.5367, 0.3927 0.343 0.5263, 0.3951 0.3407 0.5293, 0.3951 0.3448 0.5322, 0.3913 0.3455 0.523, 0.3927 0.3469 0.5292, 0.3913 0.3494 0.5258, 0.4061 0.3519 0.5451, 0.4061 0.3408 0.5379, 0.4061 0.3623 0.5509, 0.4061 0.3745 0.5566, 0.4061 0.3871 0.5613, 0.4061 0.3895 0.5621, 0.4061 0.4026 0.5657, 0.4061 0.4159 0.5683, 0.406 0.429 0.5699, 0.3982 0.343 0.5348, 0.4019 0.3526 0.5439, 0.3982 0.3538 0.5419, 0.4019 0.363 0.5496, 0.3982 0.364 0.5476, 0.4019 0.3751 0.5553, 0.3982 0.376 0.5531, 0.4019 0.3876 0.56, 0.3982 0.3883 0.5577, 0.4019 0.39 0.5607, 0.3982 0.3907 0.5585, 0.4019 0.403 0.5643, 0.3982 0.4035 0.562, 0.4019 0.4161 0.5669, 0.3982 0.4165 0.5646, 0.4019 0.4291 0.5684, 0.3982 0.4293 0.5661, 0.395 0.3554 0.5392, 0.3927 0.3573 0.536, 0.3951 0.3655 0.5448, 0.3927 0.3672 0.5415, 0.3951 0.3772 0.5502, 0.3927 0.3786 0.5468, 0.3951 0.3893 0.5548, 0.3927 0.3905 0.5512, 0.3951 0.3916 0.5555, 0.3927 0.3927 0.552, 0.3951 0.4042 0.559, 0.3927 0.4051 0.5554, 0.395 0.417 0.5615, 0.3927 0.4176 0.5578, 0.395 0.4296 0.563, 0.3927 0.4298 0.5592, 0.3913 0.3595 0.5324, 0.3913 0.3691 0.5377, 0.3913 0.3802 0.5429, 0.3913 0.3918 0.5473, 0.3913 0.394 0.548, 0.3913 0.406 0.5513, 0.3913 0.4182 0.5537, 0.3913 0.4302 0.5551, 0.3913 0.1212 0.3539, 0.3914 0.1208 0.3545, 0.3928 0.1187 0.3572, 0.3934 0.1179 0.3583, 0.3952 0.1165 0.3602, 0.3965 0.1154 0.3616, 0.3983 0.1146 0.3626, 0.4006 0.1136 0.3641, 0.402 0.1132 0.3645, 0.4053 0.1124 0.3656, 0.4061 0.1123 0.3657, 0.3914 0.0893 0.3308, 0.3934 0.0865 0.3346, 0.3965 0.084 0.3379, 0.4006 0.0821 0.3404, 0.4053 0.0809 0.3419, 0.3959 0.0715 0.3174, 0.4275 0.0462 0.2984, 0.4498 0.046 0.3157, 0.4411 0.0461 0.3157, 0.4498 0.0454 0.3152, 0.4498 0.0436 0.312, 0.4402 0.0436 0.3113, 0.4498 0.0428 0.3107, 0.4498 0.042 0.3079, 0.4394 0.0423 0.3064, 0.4498 0.0415 0.3058, 0.4498 0.0414 0.3036, 0.4388 0.0423 0.3013, 0.4498 0.0414 0.3007, 0.4498 0.0418 0.2992, 0.4384 0.0436 0.2964, 0.4498 0.0427 0.2957, 0.4328 0.0481 0.3172, 0.431 0.0458 0.313, 0.4294 0.0447 0.3082, 0.4282 0.0448 0.3032, 0.4128 0.0612 0.3271, 0.4087 0.0674 0.3317, 0.4089 0.0603 0.3239, 0.4043 0.0671 0.329, 0.4055 0.0604 0.3201, 0.4006 0.0677 0.3256, 0.4029 0.0614 0.3157, 0.3977 0.0692 0.3216, 0.4013 0.0634 0.3113, 0.4498 0.0431 0.295, 0.4174 0.0506 0.3016, 0.4185 0.049 0.3064, 0.4202 0.0486 0.3112, 0.4225 0.0494 0.3157, 0.4251 0.0514 0.3197, 0.4184 0.0558 0.323, 0.415 0.0543 0.3194, 0.4121 0.0539 0.3152, 0.4099 0.0546 0.3106, 0.4085 0.0563 0.306, 0.3926 0.0802 0.324, 0.3945 0.0777 0.328, 0.3975 0.0757 0.3316, 0.4015 0.0745 0.3346, 0.4062 0.074 0.3367, 0.4695 0.0459 0.3157, 0.4695 0.0434 0.3121, 0.4695 0.0419 0.308, 0.4695 0.0413 0.3036, 0.4695 0.0416 0.2992, 0.4695 0.043 0.295, 0.4919 0.0465 0.2977, 0.5236 0.0719 0.3168, 0.5124 0.074 0.3369, 0.5099 0.0675 0.332, 0.5165 0.0742 0.3353, 0.5138 0.0671 0.3299, 0.5201 0.0751 0.333, 0.5172 0.0673 0.3271, 0.5232 0.0765 0.3301, 0.5201 0.0683 0.3239, 0.5255 0.0783 0.3269, 0.5223 0.0698 0.3204, 0.5269 0.0806 0.3234, 0.4938 0.0518 0.3202, 0.4862 0.0486 0.3178, 0.4961 0.0499 0.3169, 0.4878 0.0464 0.3143, 0.4982 0.0488 0.3132, 0.4893 0.045 0.3103, 0.4999 0.0486 0.3092, 0.4905 0.0446 0.3061, 0.5012 0.0493 0.305, 0.4914 0.0451 0.3018, 0.502 0.0509 0.3009, 0.5132 0.0808 0.3421, 0.5174 0.0817 0.3409, 0.5211 0.0831 0.339, 0.5243 0.085 0.3366, 0.5266 0.0872 0.3336, 0.5281 0.0897 0.3303, 0.5182 0.0638 0.3107, 0.517 0.0619 0.3145, 0.515 0.0607 0.3182, 0.5124 0.0602 0.3218, 0.5093 0.0605 0.3249, 0.5059 0.0614 0.3275, 0.5004 0.0561 0.3235, 0.5034 0.0547 0.3205, 0.506 0.054 0.3171, 0.5082 0.0541 0.3133, 0.5099 0.055 0.3093, 0.5109 0.0567 0.3053, 0.4809 0.0439 0.2957, 0.4806 0.0425 0.2999, 0.4802 0.0421 0.3042, 0.4796 0.0427 0.3086, 0.4788 0.0442 0.3126, 0.478 0.0466 0.3163, 0.5132 0.1123 0.3657, 0.514 0.1124 0.3656, 0.5174 0.1132 0.3645, 0.5187 0.1136 0.3641, 0.521 0.1146 0.3626, 0.5228 0.1154 0.3616, 0.5241 0.1165 0.3602, 0.5259 0.1179 0.3583, 0.5265 0.1187 0.3572, 0.5279 0.1208 0.3545, 0.528 0.1212 0.3539, 0.5281 0.3455 0.523, 0.5278 0.345 0.5235, 0.5266 0.343 0.5263, 0.5258 0.3422 0.5273, 0.5243 0.3407 0.5293, 0.5227 0.3398 0.5305, 0.5211 0.3388 0.5318, 0.5187 0.3379 0.533, 0.5174 0.3374 0.5336, 0.5139 0.3367 0.5346, 0.5132 0.3365 0.5348, 0.5133 0.4159 0.5683, 0.5132 0.4027 0.5657, 0.5132 0.3896 0.5621, 0.5132 0.3871 0.5613, 0.5132 0.3623 0.5509, 0.5133 0.3518 0.5451, 0.5133 0.3407 0.5378, 0.5281 0.3493 0.5257, 0.5266 0.3469 0.5291, 0.5243 0.3447 0.5322, 0.5211 0.3429 0.5347, 0.5174 0.3415 0.5366, 0.5174 0.3526 0.5439, 0.5211 0.3538 0.5419, 0.5243 0.3554 0.5392, 0.5266 0.3573 0.536, 0.5281 0.3595 0.5324, 0.5174 0.363 0.5496, 0.5211 0.364 0.5476, 0.5243 0.3655 0.5448, 0.5266 0.3672 0.5415, 0.5281 0.3691 0.5378, 0.5132 0.3745 0.5566, 0.5174 0.375 0.5553, 0.5211 0.376 0.5531, 0.5243 0.3772 0.5502, 0.5266 0.3786 0.5468, 0.5281 0.3802 0.5429, 0.5174 0.3876 0.56, 0.5211 0.3883 0.5577, 0.5243 0.3893 0.5548, 0.5266 0.3905 0.5512, 0.5281 0.3918 0.5473, 0.5174 0.39 0.5608, 0.5211 0.3908 0.5585, 0.5243 0.3917 0.5555, 0.5266 0.3928 0.552, 0.5281 0.3941 0.548, 0.5174 0.403 0.5643, 0.5211 0.4036 0.562, 0.5243 0.4043 0.559, 0.5266 0.4051 0.5554, 0.5281 0.4061 0.5513, 0.5174 0.4162 0.5669, 0.5211 0.4165 0.5646, 0.5243 0.417 0.5615, 0.5266 0.4176 0.5578, 0.5281 0.4182 0.5537, 0.5133 0.4296 0.5699, 0.5174 0.4297 0.5684, 0.5211 0.4299 0.5661, 0.5243 0.4301 0.563, 0.5266 0.4304 0.5593, 0.5281 0.4307 0.5551, 0.5132 0.4429 0.5704, 0.5174 0.4429 0.5689, 0.5211 0.4429 0.5666, 0.5243 0.4429 0.5635, 0.5266 0.4429 0.5597, 0.5281 0.4429 0.5556, 0.5281 0.4737 0.5526, 0.528 0.4888 0.5489, 0.5279 0.489 0.5496, 0.5266 0.4745 0.5567, 0.5265 0.4899 0.5529, 0.5259 0.4903 0.5542, 0.5243 0.4752 0.5603, 0.5241 0.491 0.5564, 0.5228 0.4915 0.5581, 0.5211 0.4758 0.5634, 0.521 0.4918 0.5594, 0.5187 0.4923 0.5611, 0.5174 0.4762 0.5657, 0.5281 0.4584 0.5548, 0.5266 0.4588 0.559, 0.5243 0.4591 0.5627, 0.5211 0.4594 0.5658, 0.5174 0.4596 0.5681, 0.5132 0.4598 0.5696, 0.5132 0.4929 0.563, 0.5132 0.4765 0.5671, 0.514 0.4929 0.563, 0.5174 0.4925 0.5616, 0.8337 1.9668 0.1079, 0.9518 1.9668 0.1079, 0.9518 1.9729 0.0993, 0.8337 1.9729 0.0993, 0.9518 1.9842 0.0892, 0.8337 1.9842 0.0892, 0.9518 1.9897 0.0858, 0.8337 1.9897 0.0858, 0.9518 2.0032 0.0805, 0.8337 2.0032 0.0805, 0.9518 2.0177 0.0787, 0.8337 2.0177 0.0787, 0.9518 2.1948 0.0787, 0.8337 2.1948 0.0787, 0.9518 2.2145 0.0591, 0.8337 2.2145 0.0591, 0.9518 2.2145 0.0394, 0.8337 2.2145 0.0394, 0.9518 2.1948 0.0197, 0.8337 2.1948 0.0197, 0.9518 2.0177 0.0197, 0.8337 2.0177 0.0197, 0.9518 2.0084 0.0201, 0.8337 2.0084 0.0201, 0.9518 1.986 0.024, 0.8337 1.986 0.024, 0.9518 1.9648 0.0322, 0.8337 1.9648 0.0322, 0.9518 1.9458 0.0441, 0.8337 1.9458 0.0441, 0.9518 1.9292 0.0597, 0.8337 1.9292 0.0597, 0.9518 1.9158 0.078, 0.8337 1.9158 0.078, 0.9518 1.8284 0.2268, 0.8337 1.8284 0.2268, 0.9518 1.8224 0.2353, 0.8337 1.8224 0.2353, 0.9518 1.811 0.2455, 0.8337 1.811 0.2455, 0.9518 1.8055 0.2489, 0.8337 1.8055 0.2489, 0.9518 1.792 0.2541, 0.8337 1.792 0.2541, 0.9518 1.7775 0.2559, 0.8337 1.7775 0.2559, 0.9912 1.7775 0.2559, 0.9912 1.3799 0.2559, 0.7943 1.3799 0.2559, 0.7943 1.7775 0.2559, 0.9912 1.3441 0.2576, 0.7943 1.3441 0.2576, 0.9912 1.3087 0.2627, 0.7943 1.3087 0.2627, 0.9912 1.2739 0.2712, 0.7943 1.2739 0.2712, 0.7943 1.1673 0.3027, 0.9912 1.1696 0.3021, 0.8238 0.9783 0.3586, 0.9678 1.0177 0.347, 0.9616 0.9783 0.3586, 0.9616 0.9951 0.4152, 0.8238 0.9951 0.4152, 0.9912 1.2906 0.3279, 0.7943 1.2906 0.3279, 0.9912 1.1863 0.3587, 0.7943 1.184 0.3594, 0.9678 1.0344 0.4036, 0.7943 1.3348 0.3182, 0.9912 1.3348 0.3182, 0.7943 1.3799 0.315, 0.9912 1.3799 0.315, 0.7943 1.7775 0.315, 0.8337 1.7775 0.315, 0.9518 1.7775 0.315, 0.9912 1.7775 0.315, 0.9518 1.7869 0.3146, 0.8337 1.7869 0.3146, 0.9518 1.8092 0.3106, 0.8337 1.8092 0.3106, 0.9518 1.8304 0.3025, 0.8337 1.8304 0.3025, 0.9518 1.8494 0.2905, 0.8337 1.8494 0.2905, 0.9518 1.866 0.275, 0.8337 1.866 0.275, 0.9518 1.8794 0.2567, 0.8337 1.8794 0.2567, 0.8238 0.1238 0.3504, 0.8238 0.1475 0.319, 0.8238 0.0924 0.3268, 0.8238 0.1161 0.2953, 0.9179 0.0705 0.261, 0.9026 0.0689 0.2598, 0.9616 0.1161 0.2953, 0.9616 0.1475 0.319, 0.9537 0.0925 0.2775, 0.9443 0.0827 0.2702, 0.9321 0.0752 0.2645, 0.8411 0.0827 0.2702, 0.8317 0.0925 0.2775, 0.8534 0.0752 0.2645, 0.8676 0.0705 0.261, 0.8829 0.0689 0.2598, 0.8258 0.1039 0.2861, 0.9596 0.1039 0.2861, 0.9616 0.0924 0.3268, 0.9616 0.1238 0.3504, 0.8829 0.0491 0.3188, 0.9026 0.0491 0.3188, 0.9419 0.112 0.3662, 0.861 0.0544 0.3228, 0.8678 0.0515 0.3206, 0.8435 0.0805 0.3425, 0.9419 0.0805 0.3425, 0.9102 0.0497 0.3192, 0.9176 0.0515 0.3206, 0.8435 0.112 0.3662, 0.8752 0.0497 0.3192, 0.8443 0.0744 0.3379, 0.8465 0.0685 0.3334, 0.9304 0.0583 0.3257, 0.9353 0.0631 0.3293, 0.9244 0.0544 0.3228, 0.9389 0.0685 0.3334, 0.9412 0.0744 0.3379, 0.8501 0.0631 0.3293, 0.855 0.0583 0.3257, 0.8238 0.3481 0.5195, 0.8238 0.3718 0.488, 0.9616 0.3718 0.488, 0.9616 0.3481 0.5195, 0.9419 0.3363 0.5352, 0.8435 0.3363 0.5352, 0.8238 0.4875 0.5447, 0.8238 0.4764 0.507, 0.8238 0.4729 0.5483, 0.8238 0.4598 0.5106, 0.8238 0.4579 0.5505, 0.8238 0.4429 0.5118, 0.8238 0.4429 0.5512, 0.9616 0.4764 0.507, 0.9616 0.4598 0.5106, 0.9616 0.4429 0.5118, 0.9616 0.4875 0.5447, 0.9616 0.4429 0.5512, 0.9616 0.4579 0.5505, 0.9616 0.4729 0.5483, 0.8435 0.4429 0.5709, 0.9419 0.4429 0.5709, 0.8435 0.4598 0.5701, 0.9419 0.4598 0.5701, 0.8435 0.4682 0.5688, 0.9419 0.4682 0.5688, 0.8435 0.4766 0.5676, 0.9419 0.4766 0.5676, 0.8435 0.4931 0.5636, 0.9419 0.4931 0.5636, 0.9419 0.9951 0.4152, 0.8435 0.9951 0.4152, 0.8238 0.9895 0.3964, 0.9616 0.9895 0.3964, 0.9559 0.9934 0.4097, 0.9572 0.9929 0.408, 0.961 0.9907 0.4006, 0.961 0.9909 0.4012, 0.959 0.9923 0.4058, 0.9595 0.9919 0.4045, 0.947 0.9949 0.4146, 0.9504 0.9945 0.4132, 0.9518 0.9943 0.4127, 0.9541 0.9938 0.411, 0.8384 0.9949 0.4146, 0.8391 0.9949 0.4147, 0.8259 0.9919 0.4045, 0.8265 0.9923 0.4058, 0.8283 0.9929 0.408, 0.9463 0.9949 0.4147, 0.8313 0.9938 0.411, 0.8337 0.9943 0.4127, 0.835 0.9945 0.4132, 0.8245 0.9909 0.4012, 0.8244 0.9907 0.4006, 0.8296 0.9934 0.4097, 0.8829 0.0452 0.2912, 0.9026 0.0452 0.2912, 0.9616 0.3518 0.5222, 0.9616 0.3617 0.5287, 0.9616 0.3884 0.4978, 0.9616 0.3711 0.5339, 0.9616 0.3819 0.5389, 0.9616 0.395 0.5017, 0.9616 0.3932 0.5431, 0.9616 0.4034 0.505, 0.9616 0.3954 0.5438, 0.9616 0.4056 0.5056, 0.9616 0.4071 0.5471, 0.9616 0.4228 0.5101, 0.9616 0.4189 0.5494, 0.9616 0.4241 0.5102, 0.9616 0.431 0.5508, 0.8238 0.4241 0.5102, 0.8238 0.4228 0.5101, 0.8238 0.4056 0.5056, 0.8238 0.4034 0.505, 0.8238 0.395 0.5017, 0.8238 0.3882 0.498, 0.8238 0.3775 0.4921, 0.8238 0.4305 0.5507, 0.8238 0.4189 0.5494, 0.8238 0.407 0.547, 0.8238 0.3519 0.5222, 0.8238 0.3617 0.5287, 0.8238 0.371 0.5338, 0.8238 0.3819 0.5389, 0.8238 0.3932 0.5431, 0.8238 0.3953 0.5438, 0.942 0.4296 0.5704, 0.8435 0.429 0.5704, 0.942 0.4285 0.5703, 0.8435 0.4284 0.5703, 0.9419 0.4159 0.5688, 0.8435 0.4158 0.5688, 0.9419 0.4146 0.5686, 0.8435 0.4146 0.5686, 0.9419 0.4026 0.5662, 0.8435 0.4025 0.5662, 0.9419 0.4008 0.5657, 0.8435 0.4008 0.5657, 0.9419 0.3895 0.5626, 0.8435 0.3894 0.5626, 0.9419 0.387 0.5618, 0.8435 0.387 0.5618, 0.9419 0.387 0.5618, 0.8435 0.387 0.5618, 0.9419 0.3743 0.5571, 0.8435 0.3743 0.5571, 0.9419 0.3736 0.5567, 0.8435 0.3735 0.5567, 0.9419 0.3621 0.5514, 0.8435 0.3621 0.5514, 0.9419 0.3606 0.5506, 0.8435 0.3606 0.5506, 0.9419 0.3516 0.5456, 0.8435 0.3516 0.5456, 0.9419 0.3483 0.5434, 0.8435 0.3484 0.5435, 0.9419 0.3404 0.5382, 0.8435 0.3405 0.5383, 0.825 0.0832 0.3198, 0.8338 0.0662 0.307, 0.832 0.0689 0.3091, 0.8283 0.0743 0.3132, 0.8261 0.0802 0.3176, 0.8411 0.059 0.3016, 0.8501 0.0532 0.2972, 0.8535 0.0517 0.2961, 0.8603 0.0488 0.2939, 0.8677 0.047 0.2926, 0.8714 0.0461 0.2919, 0.9605 0.0832 0.3198, 0.9594 0.0802 0.3176, 0.9571 0.0743 0.3132, 0.9535 0.0689 0.3091, 0.9517 0.0662 0.307, 0.9443 0.059 0.3016, 0.9354 0.0532 0.2972, 0.932 0.0517 0.2961, 0.9252 0.0488 0.2939, 0.9141 0.0461 0.2919, 0.9178 0.047 0.2926, 0.8391 0.4929 0.563, 0.8384 0.4929 0.563, 0.835 0.4925 0.5616, 0.8337 0.4923 0.5611, 0.8313 0.4918 0.5594, 0.8296 0.4915 0.5581, 0.8283 0.491 0.5564, 0.8265 0.4903 0.5542, 0.8259 0.4899 0.5529, 0.8245 0.489 0.5496, 0.8244 0.4888 0.5489, 0.8245 0.4738 0.5533, 0.8243 0.4429 0.5556, 0.8245 0.4584 0.5555, 0.8265 0.4747 0.558, 0.8246 0.4429 0.5563, 0.8258 0.4429 0.5597, 0.8265 0.4589 0.5603, 0.8296 0.4755 0.562, 0.8266 0.4429 0.561, 0.8281 0.4429 0.5635, 0.8296 0.4593 0.5643, 0.8337 0.4761 0.565, 0.8297 0.4429 0.565, 0.8312 0.4429 0.5666, 0.8337 0.4596 0.5674, 0.8384 0.4765 0.567, 0.8384 0.4598 0.5694, 0.8337 0.4429 0.5681, 0.835 0.4429 0.5689, 0.8384 0.4429 0.5701, 0.8391 0.4429 0.5704, 0.8391 0.3365 0.5348, 0.8312 0.3388 0.5318, 0.835 0.3374 0.5336, 0.835 0.3416 0.5367, 0.8258 0.343 0.5263, 0.8281 0.3407 0.5293, 0.8281 0.3448 0.5322, 0.8243 0.3455 0.523, 0.8258 0.3469 0.5292, 0.8243 0.3494 0.5258, 0.8391 0.3519 0.5451, 0.8391 0.3408 0.5379, 0.8391 0.3623 0.5509, 0.8391 0.3745 0.5566, 0.8391 0.3871 0.5613, 0.8391 0.3895 0.5621, 0.8391 0.4026 0.5657, 0.8391 0.4159 0.5683, 0.8391 0.429 0.5699, 0.8312 0.343 0.5348, 0.835 0.3526 0.5439, 0.8312 0.3538 0.5419, 0.835 0.363 0.5496, 0.8312 0.364 0.5476, 0.835 0.3751 0.5553, 0.8312 0.376 0.5531, 0.835 0.3876 0.56, 0.8312 0.3883 0.5577, 0.835 0.39 0.5607, 0.8312 0.3907 0.5585, 0.835 0.403 0.5643, 0.8312 0.4035 0.562, 0.835 0.4161 0.5669, 0.8312 0.4165 0.5646, 0.835 0.4291 0.5684, 0.8312 0.4293 0.5661, 0.8281 0.3554 0.5392, 0.8258 0.3573 0.536, 0.8281 0.3655 0.5448, 0.8258 0.3672 0.5415, 0.8281 0.3772 0.5502, 0.8258 0.3786 0.5468, 0.8281 0.3893 0.5548, 0.8258 0.3905 0.5512, 0.8281 0.3916 0.5555, 0.8258 0.3927 0.552, 0.8281 0.4042 0.559, 0.8258 0.4051 0.5554, 0.8281 0.417 0.5615, 0.8258 0.4176 0.5578, 0.8281 0.4296 0.563, 0.8258 0.4298 0.5592, 0.8243 0.3595 0.5324, 0.8243 0.3691 0.5377, 0.8243 0.3802 0.5429, 0.8243 0.3918 0.5473, 0.8243 0.394 0.548, 0.8243 0.406 0.5513, 0.8243 0.4182 0.5537, 0.8243 0.4302 0.5551, 0.8244 0.1212 0.3539, 0.8245 0.1208 0.3545, 0.8259 0.1187 0.3572, 0.8265 0.1179 0.3583, 0.8283 0.1165 0.3602, 0.8296 0.1154 0.3616, 0.8313 0.1146 0.3626, 0.8337 0.1136 0.3641, 0.835 0.1132 0.3645, 0.8384 0.1124 0.3656, 0.8391 0.1123 0.3657, 0.8245 0.0893 0.3308, 0.8265 0.0865 0.3346, 0.8296 0.084 0.3379, 0.8337 0.0821 0.3404, 0.8384 0.0809 0.3419, 0.8289 0.0715 0.3174, 0.8605 0.0462 0.2984, 0.8829 0.046 0.3157, 0.8742 0.0461 0.3157, 0.8829 0.0454 0.3152, 0.8829 0.0436 0.312, 0.8733 0.0436 0.3113, 0.8829 0.0428 0.3107, 0.8829 0.042 0.3079, 0.8725 0.0423 0.3064, 0.8829 0.0415 0.3058, 0.8829 0.0414 0.3036, 0.8719 0.0423 0.3013, 0.8829 0.0414 0.3007, 0.8829 0.0418 0.2992, 0.8715 0.0436 0.2964, 0.8829 0.0427 0.2957, 0.8659 0.0481 0.3172, 0.8641 0.0458 0.313, 0.8625 0.0447 0.3082, 0.8613 0.0448 0.3032, 0.8459 0.0612 0.3271, 0.8418 0.0674 0.3317, 0.842 0.0603 0.3239, 0.8374 0.0671 0.329, 0.8386 0.0604 0.3201, 0.8337 0.0677 0.3256, 0.836 0.0614 0.3157, 0.8308 0.0692 0.3216, 0.8343 0.0634 0.3113, 0.8829 0.0431 0.295, 0.8504 0.0506 0.3016, 0.8515 0.049 0.3064, 0.8533 0.0486 0.3112, 0.8555 0.0494 0.3157, 0.8582 0.0514 0.3197, 0.8514 0.0558 0.323, 0.8481 0.0543 0.3194, 0.8452 0.0539 0.3152, 0.843 0.0546 0.3106, 0.8416 0.0563 0.306, 0.8256 0.0802 0.324, 0.8276 0.0777 0.328, 0.8306 0.0757 0.3316, 0.8346 0.0745 0.3346, 0.8393 0.074 0.3367, 0.9026 0.0459 0.3157, 0.9026 0.0434 0.3121, 0.9026 0.0419 0.308, 0.9026 0.0413 0.3036, 0.9026 0.0416 0.2992, 0.9026 0.043 0.295, 0.925 0.0465 0.2977, 0.9567 0.0719 0.3168, 0.9455 0.074 0.3369, 0.943 0.0675 0.332, 0.9496 0.0742 0.3353, 0.9468 0.0671 0.3299, 0.9532 0.0751 0.333, 0.9503 0.0673 0.3271, 0.9563 0.0765 0.3301, 0.9532 0.0683 0.3239, 0.9586 0.0783 0.3269, 0.9553 0.0698 0.3204, 0.96 0.0806 0.3234, 0.9269 0.0518 0.3202, 0.9193 0.0486 0.3178, 0.9292 0.0499 0.3169, 0.9209 0.0464 0.3143, 0.9313 0.0488 0.3132, 0.9223 0.045 0.3103, 0.933 0.0486 0.3092, 0.9235 0.0446 0.3061, 0.9343 0.0493 0.305, 0.9244 0.0451 0.3018, 0.9351 0.0509 0.3009, 0.9463 0.0808 0.3421, 0.9505 0.0817 0.3409, 0.9542 0.0831 0.339, 0.9573 0.085 0.3366, 0.9597 0.0872 0.3336, 0.9611 0.0897 0.3303, 0.9513 0.0638 0.3107, 0.9501 0.0619 0.3145, 0.9481 0.0607 0.3182, 0.9455 0.0602 0.3218, 0.9424 0.0605 0.3249, 0.9389 0.0614 0.3275, 0.9335 0.0561 0.3235, 0.9364 0.0547 0.3205, 0.9391 0.054 0.3171, 0.9413 0.0541 0.3133, 0.9429 0.055 0.3093, 0.944 0.0567 0.3053, 0.914 0.0439 0.2957, 0.9137 0.0425 0.2999, 0.9133 0.0421 0.3042, 0.9126 0.0427 0.3086, 0.9119 0.0442 0.3126, 0.9111 0.0466 0.3163, 0.9463 0.1123 0.3657, 0.947 0.1124 0.3656, 0.9504 0.1132 0.3645, 0.9518 0.1136 0.3641, 0.9541 0.1146 0.3626, 0.9559 0.1154 0.3616, 0.9572 0.1165 0.3602, 0.959 0.1179 0.3583, 0.9595 0.1187 0.3572, 0.961 0.1208 0.3545, 0.961 0.1212 0.3539, 0.9611 0.3455 0.523, 0.9609 0.345 0.5235, 0.9597 0.343 0.5263, 0.9589 0.3422 0.5273, 0.9573 0.3407 0.5293, 0.9558 0.3398 0.5305, 0.9542 0.3388 0.5318, 0.9517 0.3379 0.533, 0.9505 0.3374 0.5336, 0.947 0.3367 0.5346, 0.9463 0.3365 0.5348, 0.9463 0.4159 0.5683, 0.9463 0.4027 0.5657, 0.9463 0.3896 0.5621, 0.9463 0.3871 0.5613, 0.9463 0.3623 0.5509, 0.9463 0.3518 0.5451, 0.9463 0.3407 0.5378, 0.9611 0.3493 0.5257, 0.9597 0.3469 0.5291, 0.9573 0.3447 0.5322, 0.9542 0.3429 0.5347, 0.9505 0.3415 0.5366, 0.9505 0.3526 0.5439, 0.9542 0.3538 0.5419, 0.9573 0.3554 0.5392, 0.9597 0.3573 0.536, 0.9611 0.3595 0.5324, 0.9505 0.363 0.5496, 0.9542 0.364 0.5476, 0.9573 0.3655 0.5448, 0.9597 0.3672 0.5415, 0.9611 0.3691 0.5378, 0.9463 0.3745 0.5566, 0.9505 0.375 0.5553, 0.9542 0.376 0.5531, 0.9573 0.3772 0.5502, 0.9597 0.3786 0.5468, 0.9611 0.3802 0.5429, 0.9505 0.3876 0.56, 0.9542 0.3883 0.5577, 0.9573 0.3893 0.5548, 0.9597 0.3905 0.5512, 0.9611 0.3918 0.5473, 0.9505 0.39 0.5608, 0.9542 0.3908 0.5585, 0.9573 0.3917 0.5555, 0.9597 0.3928 0.552, 0.9611 0.3941 0.548, 0.9505 0.403 0.5643, 0.9542 0.4036 0.562, 0.9573 0.4043 0.559, 0.9597 0.4051 0.5554, 0.9611 0.4061 0.5513, 0.9505 0.4162 0.5669, 0.9542 0.4165 0.5646, 0.9573 0.417 0.5615, 0.9597 0.4176 0.5578, 0.9611 0.4182 0.5537, 0.9463 0.4296 0.5699, 0.9505 0.4297 0.5684, 0.9542 0.4299 0.5661, 0.9573 0.4301 0.563, 0.9597 0.4304 0.5593, 0.9611 0.4307 0.5551, 0.9463 0.4429 0.5704, 0.9505 0.4429 0.5689, 0.9542 0.4429 0.5666, 0.9573 0.4429 0.5635, 0.9597 0.4429 0.5597, 0.9611 0.4429 0.5556, 0.9611 0.4737 0.5526, 0.961 0.4888 0.5489, 0.961 0.489 0.5496, 0.9597 0.4745 0.5567, 0.9595 0.4899 0.5529, 0.959 0.4903 0.5542, 0.9573 0.4752 0.5603, 0.9572 0.491 0.5564, 0.9559 0.4915 0.5581, 0.9542 0.4758 0.5634, 0.9541 0.4918 0.5594, 0.9518 0.4923 0.5611, 0.9505 0.4762 0.5657, 0.9611 0.4584 0.5548, 0.9597 0.4588 0.559, 0.9573 0.4591 0.5627, 0.9542 0.4594 0.5658, 0.9505 0.4596 0.5681, 0.9463 0.4598 0.5696, 0.9463 0.4929 0.563, 0.9463 0.4765 0.5671, 0.947 0.4929 0.563, 0.9504 0.4925 0.5616
            ]
        }
        coordIndex [
            0,1,2,-1,0,2,3,-1,3,2,4,-1,3,4,5,-1,5,4,6,-1,5,6,7,-1,7,6,8,-1,7,8,9,-1,9,8,10,-1,9,10,11,-1,10,12,11,-1,11,12,13,-1,12,14,13,-1,13,14,15,-1,14,16,15,-1,15,16,17,-1,16,18,17,-1,17,18,19,-1,18,20,19,-1,19,20,21,-1,21,20,22,-1,21,22,23,-1,23,22,24,-1,23,24,25,-1,25,24,26,-1,25,26,27,-1,27,26,28,-1,27,28,29,-1,29,28,30,-1,29,30,31,-1,31,30,32,-1,31,32,33,-1,32,34,33,-1,33,34,35,-1,35,34,36,-1,35,36,37,-1,37,36,38,-1,37,38,39,-1,39,38,40,-1,39,40,41,-1,41,40,42,-1,41,42,43,-1,43,42,44,-1,43,44,45,-1,46,47,44,-1,44,47,48,-1,44,48,45,-1,45,48,49,-1,48,47,50,-1,48,50,51,-1,51,50,52,-1,51,52,53,-1,53,52,54,-1,53,54,55,-1,55,54,56,-1,56,54,57,-1,56,57,58,-1,58,57,59,-1,58,59,60,-1,60,61,58,-1,58,61,62,-1,63,64,65,-1,65,64,66,-1,65,66,67,-1,67,66,62,-1,67,62,61,-1,64,63,68,-1,68,63,69,-1,68,69,70,-1,70,69,71,-1,72,70,73,-1,73,70,71,-1,73,71,74,-1,74,71,75,-1,73,74,76,-1,73,76,77,-1,77,76,78,-1,77,78,79,-1,79,78,80,-1,79,80,81,-1,81,80,82,-1,81,82,83,-1,83,82,84,-1,83,84,85,-1,85,84,86,-1,85,86,87,-1,86,1,87,-1,87,1,0,-1,70,72,49,-1,56,66,55,-1,55,66,64,-1,55,64,53,-1,53,64,68,-1,53,68,51,-1,51,68,70,-1,51,70,48,-1,48,70,49,-1,65,57,63,-1,63,57,54,-1,63,54,69,-1,46,75,47,-1,47,75,71,-1,47,71,50,-1,50,71,69,-1,50,69,52,-1,52,69,54,-1,74,75,44,-1,44,75,46,-1,74,44,76,-1,76,44,42,-1,16,14,18,-1,18,14,12,-1,18,12,20,-1,20,12,10,-1,20,10,22,-1,22,10,8,-1,22,8,24,-1,24,8,26,-1,26,8,6,-1,26,6,28,-1,28,6,4,-1,28,4,30,-1,30,4,2,-1,30,2,32,-1,32,2,1,-1,32,1,34,-1,34,1,86,-1,34,86,36,-1,36,86,84,-1,36,84,38,-1,38,84,82,-1,38,82,40,-1,40,82,80,-1,40,80,42,-1,42,80,78,-1,42,78,76,-1,72,73,49,-1,49,73,45,-1,15,17,13,-1,13,17,19,-1,13,19,11,-1,19,21,11,-1,11,21,23,-1,11,23,9,-1,9,23,25,-1,9,25,7,-1,7,25,27,-1,7,27,5,-1,5,27,29,-1,5,29,3,-1,3,29,31,-1,3,31,0,-1,0,31,33,-1,0,33,87,-1,87,33,35,-1,87,35,85,-1,85,35,37,-1,85,37,83,-1,83,37,39,-1,83,39,81,-1,81,39,41,-1,81,41,79,-1,79,41,43,-1,79,43,77,-1,77,43,45,-1,77,45,73,-1,59,57,67,-1,67,57,65,-1,60,59,61,-1,61,59,67,-1,56,58,66,-1,66,58,62,-1,88,89,90,-1,90,89,91,-1,92,93,94,-1,94,93,91,-1,94,91,95,-1,95,91,89,-1,96,97,98,-1,98,97,99,-1,93,100,91,-1,91,100,99,-1,91,99,101,-1,101,99,97,-1,94,102,92,-1,92,102,103,-1,92,103,104,-1,104,103,105,-1,106,94,107,-1,107,94,95,-1,108,109,110,-1,110,109,111,-1,112,113,114,-1,109,115,111,-1,111,115,114,-1,111,114,116,-1,116,114,113,-1,110,117,108,-1,108,117,118,-1,108,118,119,-1,119,118,120,-1,114,121,122,-1,120,118,123,-1,123,118,124,-1,123,124,125,-1,122,126,114,-1,114,126,127,-1,114,127,112,-1,128,129,88,-1,88,129,89,-1,95,89,130,-1,130,89,129,-1,107,95,131,-1,131,95,130,-1,132,133,109,-1,109,133,115,-1,134,135,136,-1,136,135,137,-1,136,137,138,-1,138,137,139,-1,138,139,140,-1,135,141,137,-1,137,141,142,-1,137,142,139,-1,139,142,143,-1,142,141,144,-1,145,143,146,-1,146,143,142,-1,146,142,147,-1,147,142,144,-1,148,149,150,-1,150,149,151,-1,150,151,152,-1,152,151,153,-1,152,153,154,-1,154,153,155,-1,154,155,156,-1,156,155,157,-1,158,159,157,-1,157,159,156,-1,160,58,134,-1,134,58,135,-1,141,135,60,-1,60,135,58,-1,144,141,161,-1,161,141,60,-1,162,163,160,-1,60,58,161,-1,161,58,160,-1,161,160,164,-1,164,160,165,-1,163,166,160,-1,160,166,167,-1,160,167,165,-1,168,169,160,-1,169,170,160,-1,160,170,171,-1,160,171,162,-1,172,173,174,-1,159,158,160,-1,160,158,175,-1,160,175,168,-1,176,160,177,-1,177,160,178,-1,176,179,160,-1,160,179,180,-1,160,180,159,-1,181,172,182,-1,182,172,174,-1,182,174,160,-1,160,174,183,-1,160,183,178,-1,184,100,185,-1,185,100,93,-1,186,131,130,-1,186,130,187,-1,187,130,188,-1,187,188,189,-1,189,188,190,-1,190,188,191,-1,190,191,192,-1,192,191,193,-1,192,193,194,-1,194,193,195,-1,194,195,196,-1,196,195,197,-1,196,197,198,-1,198,197,199,-1,198,199,200,-1,200,199,143,-1,200,143,145,-1,139,143,201,-1,201,143,199,-1,201,199,202,-1,202,199,197,-1,202,197,203,-1,203,197,195,-1,203,195,204,-1,204,195,193,-1,204,193,205,-1,205,193,191,-1,205,191,206,-1,206,191,188,-1,206,188,207,-1,207,188,130,-1,207,130,129,-1,207,129,128,-1,140,139,208,-1,208,139,201,-1,208,201,209,-1,209,201,202,-1,209,202,210,-1,210,202,203,-1,128,211,207,-1,207,211,212,-1,207,212,206,-1,206,212,213,-1,206,213,205,-1,205,213,214,-1,205,214,204,-1,204,214,215,-1,204,215,203,-1,203,215,216,-1,203,216,210,-1,149,148,217,-1,217,148,218,-1,217,218,219,-1,219,218,220,-1,219,220,221,-1,221,220,222,-1,221,222,223,-1,223,222,224,-1,223,224,225,-1,225,224,226,-1,225,226,227,-1,227,226,228,-1,227,228,229,-1,229,228,230,-1,229,230,231,-1,231,230,232,-1,231,232,233,-1,233,232,234,-1,233,234,235,-1,235,234,236,-1,235,236,237,-1,237,236,238,-1,237,238,239,-1,239,238,240,-1,239,240,241,-1,241,240,242,-1,241,242,243,-1,243,242,244,-1,243,244,245,-1,245,244,246,-1,245,246,247,-1,247,246,248,-1,247,248,132,-1,132,248,133,-1,90,91,249,-1,249,91,101,-1,250,251,97,-1,97,251,252,-1,97,252,101,-1,101,252,253,-1,101,253,249,-1,250,97,254,-1,254,97,96,-1,254,96,255,-1,255,96,98,-1,255,98,256,-1,256,98,257,-1,257,98,99,-1,257,99,258,-1,258,99,259,-1,259,99,100,-1,259,100,184,-1,106,260,94,-1,94,260,102,-1,260,261,102,-1,102,261,262,-1,102,262,103,-1,262,263,103,-1,103,263,264,-1,103,264,105,-1,105,264,265,-1,105,265,104,-1,104,265,266,-1,266,267,104,-1,104,267,268,-1,104,268,92,-1,185,93,269,-1,269,93,92,-1,269,92,270,-1,270,92,268,-1,159,180,156,-1,156,180,271,-1,271,180,272,-1,272,180,179,-1,272,179,273,-1,273,179,176,-1,273,176,274,-1,274,176,177,-1,274,177,275,-1,275,177,178,-1,275,178,276,-1,276,178,183,-1,276,183,277,-1,277,183,174,-1,277,174,278,-1,278,174,173,-1,278,173,279,-1,279,173,172,-1,279,172,280,-1,280,172,181,-1,280,181,281,-1,181,182,281,-1,281,182,160,-1,281,160,134,-1,134,136,281,-1,281,136,282,-1,281,282,280,-1,140,283,138,-1,138,283,284,-1,280,282,279,-1,279,282,285,-1,279,285,278,-1,283,286,284,-1,284,286,287,-1,284,287,288,-1,278,285,277,-1,277,285,289,-1,277,289,276,-1,287,290,288,-1,288,290,291,-1,288,291,292,-1,276,289,275,-1,275,289,293,-1,275,293,274,-1,291,294,292,-1,292,294,295,-1,292,295,296,-1,274,293,273,-1,273,293,297,-1,273,297,272,-1,136,138,282,-1,282,138,284,-1,282,284,285,-1,285,284,288,-1,285,288,289,-1,289,288,292,-1,289,292,293,-1,293,292,296,-1,293,296,297,-1,297,296,298,-1,154,156,297,-1,297,156,271,-1,297,271,272,-1,295,299,296,-1,296,299,300,-1,296,300,298,-1,298,300,301,-1,298,301,302,-1,154,297,152,-1,152,297,298,-1,152,298,150,-1,150,298,302,-1,150,302,148,-1,303,133,248,-1,304,305,306,-1,307,308,309,-1,310,307,311,-1,128,310,312,-1,246,313,248,-1,248,313,314,-1,248,314,303,-1,246,244,313,-1,313,244,242,-1,313,242,315,-1,242,240,315,-1,315,240,238,-1,315,238,316,-1,238,236,316,-1,316,236,234,-1,316,234,317,-1,317,234,232,-1,317,232,318,-1,232,230,318,-1,318,230,228,-1,318,228,319,-1,228,226,319,-1,319,226,224,-1,319,224,320,-1,218,321,220,-1,220,321,320,-1,220,320,222,-1,222,320,224,-1,304,306,322,-1,322,306,323,-1,322,323,324,-1,324,323,325,-1,324,325,326,-1,326,325,327,-1,326,327,328,-1,328,327,329,-1,328,329,330,-1,330,329,331,-1,330,331,332,-1,332,331,333,-1,332,333,334,-1,334,333,335,-1,334,335,336,-1,336,335,337,-1,336,337,338,-1,307,309,311,-1,311,309,339,-1,311,339,340,-1,340,339,341,-1,340,341,342,-1,342,341,343,-1,342,343,344,-1,344,343,345,-1,344,345,346,-1,346,345,347,-1,346,347,348,-1,348,347,349,-1,348,349,350,-1,350,349,351,-1,350,351,352,-1,352,351,353,-1,352,353,354,-1,218,148,321,-1,321,148,302,-1,321,302,301,-1,301,337,321,-1,321,337,335,-1,321,335,320,-1,320,335,333,-1,320,333,319,-1,319,333,331,-1,319,331,318,-1,318,331,329,-1,318,329,317,-1,317,329,327,-1,317,327,316,-1,316,327,325,-1,316,325,315,-1,315,325,323,-1,315,323,313,-1,313,323,306,-1,313,306,314,-1,314,306,305,-1,314,305,303,-1,301,300,337,-1,337,300,299,-1,337,299,338,-1,338,299,295,-1,338,295,294,-1,294,353,338,-1,338,353,351,-1,338,351,336,-1,336,351,349,-1,336,349,334,-1,334,349,347,-1,334,347,332,-1,332,347,345,-1,332,345,330,-1,330,345,343,-1,330,343,328,-1,328,343,341,-1,328,341,326,-1,326,341,339,-1,326,339,324,-1,324,339,309,-1,324,309,322,-1,322,309,308,-1,322,308,304,-1,294,291,353,-1,353,291,290,-1,353,290,354,-1,354,290,287,-1,354,287,286,-1,310,311,312,-1,312,311,340,-1,312,340,355,-1,355,340,342,-1,355,342,356,-1,356,342,344,-1,356,344,357,-1,357,344,346,-1,357,346,358,-1,358,346,348,-1,358,348,359,-1,359,348,350,-1,359,350,360,-1,360,350,352,-1,360,352,361,-1,361,352,354,-1,361,354,362,-1,362,354,286,-1,362,286,283,-1,128,312,211,-1,211,312,355,-1,211,355,212,-1,212,355,356,-1,212,356,213,-1,213,356,357,-1,213,357,214,-1,214,357,358,-1,214,358,215,-1,215,358,359,-1,215,359,216,-1,216,359,360,-1,216,360,210,-1,210,360,361,-1,210,361,209,-1,209,361,362,-1,209,362,208,-1,208,362,283,-1,208,283,140,-1,128,88,363,-1,364,307,363,-1,363,307,310,-1,363,310,128,-1,364,365,307,-1,307,365,366,-1,307,366,308,-1,308,366,367,-1,308,367,304,-1,367,368,304,-1,304,368,369,-1,304,369,305,-1,369,370,305,-1,305,370,371,-1,305,371,303,-1,303,371,372,-1,372,373,303,-1,303,373,115,-1,303,115,133,-1,88,90,363,-1,363,90,374,-1,363,374,364,-1,364,374,365,-1,365,374,375,-1,365,375,366,-1,366,375,367,-1,367,375,376,-1,367,376,368,-1,377,370,376,-1,376,370,369,-1,376,369,368,-1,378,114,115,-1,115,373,378,-1,378,373,372,-1,378,372,377,-1,377,372,371,-1,377,371,370,-1,253,252,379,-1,256,257,380,-1,111,116,381,-1,381,116,382,-1,381,382,383,-1,383,382,384,-1,384,382,385,-1,384,385,386,-1,386,385,387,-1,387,385,388,-1,387,388,389,-1,389,388,390,-1,390,388,391,-1,390,391,392,-1,392,391,393,-1,393,391,394,-1,393,394,395,-1,116,113,382,-1,382,113,396,-1,382,396,385,-1,385,396,397,-1,385,397,388,-1,388,397,398,-1,388,398,391,-1,391,398,399,-1,391,399,394,-1,394,399,380,-1,126,122,400,-1,400,122,401,-1,400,401,402,-1,402,401,403,-1,402,403,404,-1,404,403,405,-1,404,405,406,-1,406,405,407,-1,406,407,408,-1,408,407,379,-1,395,394,409,-1,409,394,259,-1,409,259,184,-1,380,257,394,-1,394,257,258,-1,394,258,259,-1,255,256,410,-1,410,256,380,-1,410,380,411,-1,411,380,399,-1,411,399,412,-1,412,399,398,-1,412,398,413,-1,413,398,397,-1,413,397,414,-1,414,397,396,-1,414,396,112,-1,112,396,113,-1,112,127,414,-1,414,127,415,-1,414,415,413,-1,413,415,416,-1,413,416,412,-1,412,416,417,-1,412,417,411,-1,411,417,418,-1,411,418,410,-1,410,418,419,-1,410,419,255,-1,255,419,254,-1,127,126,415,-1,415,126,400,-1,415,400,416,-1,416,400,402,-1,416,402,417,-1,417,402,404,-1,417,404,418,-1,418,404,406,-1,418,406,419,-1,419,406,408,-1,419,408,254,-1,254,408,250,-1,379,252,408,-1,408,252,251,-1,408,251,250,-1,249,253,420,-1,420,253,379,-1,420,379,421,-1,421,379,407,-1,421,407,422,-1,422,407,405,-1,422,405,423,-1,423,405,403,-1,423,403,424,-1,424,403,401,-1,424,401,121,-1,121,401,122,-1,121,114,424,-1,424,114,378,-1,424,378,423,-1,423,378,377,-1,423,377,422,-1,422,377,376,-1,422,376,421,-1,421,376,375,-1,421,375,420,-1,420,375,374,-1,420,374,249,-1,249,374,90,-1,110,111,381,-1,110,381,425,-1,425,381,383,-1,425,383,426,-1,383,384,426,-1,426,384,386,-1,426,386,427,-1,386,387,427,-1,427,387,389,-1,427,389,428,-1,389,390,428,-1,428,390,392,-1,428,392,429,-1,392,393,429,-1,429,393,395,-1,429,395,430,-1,395,409,430,-1,430,409,184,-1,430,184,185,-1,270,268,431,-1,263,262,432,-1,119,120,433,-1,433,120,434,-1,433,434,435,-1,435,434,436,-1,435,436,437,-1,437,436,438,-1,437,438,439,-1,439,438,440,-1,439,440,441,-1,441,440,442,-1,441,442,443,-1,443,442,432,-1,124,118,444,-1,444,118,445,-1,444,445,446,-1,446,445,447,-1,446,447,448,-1,448,447,449,-1,448,449,450,-1,450,449,451,-1,450,451,452,-1,452,451,453,-1,452,453,454,-1,454,453,431,-1,108,119,455,-1,455,119,433,-1,455,433,456,-1,456,433,435,-1,456,435,457,-1,457,435,437,-1,457,437,458,-1,458,437,439,-1,458,439,459,-1,459,439,441,-1,459,441,460,-1,460,441,443,-1,460,443,106,-1,106,443,260,-1,432,262,443,-1,443,262,261,-1,443,261,260,-1,264,263,461,-1,461,263,432,-1,461,432,462,-1,462,432,442,-1,462,442,463,-1,463,442,440,-1,463,440,464,-1,464,440,438,-1,464,438,465,-1,465,438,436,-1,465,436,466,-1,466,436,434,-1,466,434,123,-1,123,434,120,-1,123,125,466,-1,466,125,467,-1,466,467,465,-1,465,467,468,-1,465,468,464,-1,464,468,469,-1,464,469,463,-1,463,469,470,-1,463,470,462,-1,462,470,471,-1,462,471,461,-1,461,471,472,-1,461,472,264,-1,264,472,265,-1,125,124,467,-1,467,124,444,-1,467,444,468,-1,468,444,446,-1,468,446,469,-1,469,446,448,-1,469,448,470,-1,470,448,450,-1,470,450,471,-1,471,450,452,-1,471,452,472,-1,472,452,454,-1,472,454,265,-1,265,454,266,-1,431,268,454,-1,454,268,267,-1,454,267,266,-1,269,270,473,-1,473,270,431,-1,473,431,474,-1,474,431,453,-1,474,453,475,-1,475,453,451,-1,475,451,476,-1,476,451,449,-1,476,449,477,-1,477,449,447,-1,477,447,478,-1,478,447,445,-1,478,445,117,-1,117,445,118,-1,117,110,478,-1,478,110,425,-1,478,425,477,-1,477,425,426,-1,477,426,476,-1,476,426,427,-1,476,427,475,-1,475,427,428,-1,475,428,474,-1,474,428,429,-1,474,429,473,-1,473,429,430,-1,473,430,269,-1,269,430,185,-1,108,455,109,-1,109,455,479,-1,479,455,480,-1,480,455,456,-1,480,456,481,-1,481,456,482,-1,482,456,457,-1,482,457,483,-1,483,457,484,-1,484,457,458,-1,484,458,485,-1,485,458,486,-1,486,458,459,-1,486,459,487,-1,487,459,488,-1,488,459,460,-1,488,460,489,-1,489,460,106,-1,489,106,107,-1,107,131,489,-1,489,131,490,-1,489,490,488,-1,488,490,491,-1,488,491,487,-1,487,491,492,-1,487,492,486,-1,486,492,493,-1,486,493,485,-1,485,493,494,-1,485,494,484,-1,484,494,495,-1,484,495,483,-1,483,495,496,-1,483,496,482,-1,482,496,497,-1,482,497,481,-1,481,497,498,-1,481,498,480,-1,480,498,499,-1,480,499,479,-1,479,499,500,-1,479,500,109,-1,109,500,132,-1,219,221,501,-1,223,225,502,-1,227,229,503,-1,231,233,504,-1,237,239,505,-1,241,243,506,-1,245,247,507,-1,507,247,132,-1,131,186,490,-1,490,186,508,-1,490,508,491,-1,491,508,509,-1,510,493,509,-1,509,493,492,-1,509,492,491,-1,511,495,510,-1,510,495,494,-1,510,494,493,-1,512,497,511,-1,511,497,496,-1,511,496,495,-1,132,500,507,-1,507,500,499,-1,507,499,512,-1,512,499,498,-1,512,498,497,-1,243,245,506,-1,506,245,507,-1,506,507,513,-1,513,507,512,-1,513,512,514,-1,514,512,511,-1,514,511,515,-1,515,511,510,-1,515,510,516,-1,516,510,509,-1,516,509,517,-1,517,509,508,-1,517,508,187,-1,187,508,186,-1,239,241,505,-1,505,241,506,-1,505,506,518,-1,518,506,513,-1,518,513,519,-1,519,513,514,-1,519,514,520,-1,520,514,515,-1,520,515,521,-1,521,515,516,-1,521,516,522,-1,522,516,517,-1,522,517,189,-1,189,517,187,-1,235,237,523,-1,523,237,505,-1,523,505,524,-1,524,505,518,-1,524,518,525,-1,525,518,519,-1,525,519,526,-1,526,519,520,-1,526,520,527,-1,527,520,521,-1,527,521,528,-1,528,521,522,-1,528,522,190,-1,190,522,189,-1,233,235,504,-1,504,235,523,-1,504,523,529,-1,529,523,524,-1,529,524,530,-1,530,524,525,-1,530,525,531,-1,531,525,526,-1,531,526,532,-1,532,526,527,-1,532,527,533,-1,533,527,528,-1,533,528,192,-1,192,528,190,-1,229,231,503,-1,503,231,504,-1,503,504,534,-1,534,504,529,-1,534,529,535,-1,535,529,530,-1,535,530,536,-1,536,530,531,-1,536,531,537,-1,537,531,532,-1,537,532,538,-1,538,532,533,-1,538,533,194,-1,194,533,192,-1,225,227,502,-1,502,227,503,-1,502,503,539,-1,539,503,534,-1,539,534,540,-1,540,534,535,-1,540,535,541,-1,541,535,536,-1,541,536,542,-1,542,536,537,-1,542,537,543,-1,543,537,538,-1,543,538,196,-1,196,538,194,-1,221,223,501,-1,501,223,502,-1,501,502,544,-1,544,502,539,-1,544,539,545,-1,545,539,540,-1,545,540,546,-1,546,540,541,-1,546,541,547,-1,547,541,542,-1,547,542,548,-1,548,542,543,-1,548,543,198,-1,198,543,196,-1,217,219,549,-1,549,219,501,-1,549,501,550,-1,550,501,544,-1,550,544,551,-1,551,544,545,-1,551,545,552,-1,552,545,546,-1,552,546,553,-1,553,546,547,-1,553,547,554,-1,554,547,548,-1,554,548,200,-1,200,548,198,-1,149,217,555,-1,555,217,549,-1,555,549,556,-1,556,549,550,-1,556,550,557,-1,557,550,551,-1,557,551,558,-1,558,551,552,-1,558,552,559,-1,559,552,553,-1,559,553,560,-1,560,553,554,-1,560,554,145,-1,145,554,200,-1,561,147,144,-1,144,562,561,-1,561,562,563,-1,561,563,564,-1,563,565,564,-1,564,565,566,-1,564,566,567,-1,566,568,567,-1,567,568,569,-1,567,569,570,-1,569,571,570,-1,570,571,572,-1,570,572,573,-1,145,146,560,-1,560,146,574,-1,560,574,559,-1,559,574,575,-1,559,575,558,-1,558,575,576,-1,558,576,557,-1,557,576,577,-1,557,577,556,-1,556,577,578,-1,556,578,555,-1,555,578,579,-1,555,579,149,-1,580,581,582,-1,582,581,573,-1,582,573,583,-1,583,573,572,-1,155,153,579,-1,579,153,151,-1,579,151,149,-1,146,147,574,-1,574,147,561,-1,574,561,575,-1,575,561,564,-1,575,564,576,-1,576,564,567,-1,576,567,577,-1,577,567,570,-1,577,570,578,-1,578,570,573,-1,578,573,579,-1,579,573,581,-1,579,581,155,-1,155,581,580,-1,155,580,157,-1,161,164,144,-1,144,164,562,-1,562,164,563,-1,563,164,165,-1,563,165,565,-1,565,165,167,-1,565,167,566,-1,566,167,166,-1,566,166,568,-1,568,166,163,-1,568,163,569,-1,569,163,162,-1,569,162,571,-1,571,162,171,-1,571,171,572,-1,572,171,170,-1,572,170,583,-1,583,170,169,-1,583,169,582,-1,582,169,168,-1,582,168,580,-1,168,175,580,-1,580,175,158,-1,580,158,157,-1,584,585,586,-1,584,586,587,-1,587,586,588,-1,587,588,589,-1,589,588,590,-1,589,590,591,-1,591,590,592,-1,591,592,593,-1,593,592,594,-1,593,594,595,-1,594,596,595,-1,595,596,597,-1,596,598,597,-1,597,598,599,-1,598,600,599,-1,599,600,601,-1,600,602,601,-1,601,602,603,-1,602,604,603,-1,603,604,605,-1,605,604,606,-1,605,606,607,-1,607,606,608,-1,607,608,609,-1,609,608,610,-1,609,610,611,-1,611,610,612,-1,611,612,613,-1,613,612,614,-1,613,614,615,-1,615,614,616,-1,615,616,617,-1,616,618,617,-1,617,618,619,-1,619,618,620,-1,619,620,621,-1,621,620,622,-1,621,622,623,-1,623,622,624,-1,623,624,625,-1,625,624,626,-1,625,626,627,-1,627,626,628,-1,627,628,629,-1,630,631,628,-1,628,631,632,-1,628,632,629,-1,629,632,633,-1,632,631,634,-1,632,634,635,-1,635,634,636,-1,635,636,637,-1,637,636,638,-1,637,638,639,-1,639,638,640,-1,640,638,641,-1,640,641,642,-1,642,641,643,-1,642,643,644,-1,644,645,642,-1,642,645,646,-1,647,648,649,-1,649,648,650,-1,649,650,651,-1,651,650,646,-1,651,646,645,-1,648,647,652,-1,652,647,653,-1,652,653,654,-1,654,653,655,-1,656,654,657,-1,657,654,655,-1,657,655,658,-1,658,655,659,-1,657,658,660,-1,657,660,661,-1,661,660,662,-1,661,662,663,-1,663,662,664,-1,663,664,665,-1,665,664,666,-1,665,666,667,-1,667,666,668,-1,667,668,669,-1,669,668,670,-1,669,670,671,-1,670,585,671,-1,671,585,584,-1,654,656,633,-1,640,650,639,-1,639,650,648,-1,639,648,637,-1,637,648,652,-1,637,652,635,-1,635,652,654,-1,635,654,632,-1,632,654,633,-1,649,641,647,-1,647,641,638,-1,647,638,653,-1,630,659,631,-1,631,659,655,-1,631,655,634,-1,634,655,653,-1,634,653,636,-1,636,653,638,-1,658,659,628,-1,628,659,630,-1,658,628,660,-1,660,628,626,-1,600,598,602,-1,602,598,596,-1,602,596,604,-1,604,596,594,-1,604,594,606,-1,606,594,592,-1,606,592,608,-1,608,592,610,-1,610,592,590,-1,610,590,612,-1,612,590,588,-1,612,588,614,-1,614,588,586,-1,614,586,616,-1,616,586,585,-1,616,585,618,-1,618,585,670,-1,618,670,620,-1,620,670,668,-1,620,668,622,-1,622,668,666,-1,622,666,624,-1,624,666,664,-1,624,664,626,-1,626,664,662,-1,626,662,660,-1,656,657,633,-1,633,657,629,-1,599,601,597,-1,597,601,603,-1,597,603,595,-1,603,605,595,-1,595,605,607,-1,595,607,593,-1,593,607,609,-1,593,609,591,-1,591,609,611,-1,591,611,589,-1,589,611,613,-1,589,613,587,-1,587,613,615,-1,587,615,584,-1,584,615,617,-1,584,617,671,-1,671,617,619,-1,671,619,669,-1,669,619,621,-1,669,621,667,-1,667,621,623,-1,667,623,665,-1,665,623,625,-1,665,625,663,-1,663,625,627,-1,663,627,661,-1,661,627,629,-1,661,629,657,-1,643,641,651,-1,651,641,649,-1,644,643,645,-1,645,643,651,-1,640,642,650,-1,650,642,646,-1,672,673,674,-1,674,673,675,-1,676,677,678,-1,678,677,675,-1,678,675,679,-1,679,675,673,-1,680,681,682,-1,683,684,685,-1,685,684,686,-1,677,687,675,-1,675,687,686,-1,675,686,688,-1,688,686,684,-1,676,678,682,-1,682,678,689,-1,682,689,680,-1,690,678,691,-1,691,678,679,-1,692,693,694,-1,695,696,697,-1,694,693,698,-1,698,693,699,-1,698,699,700,-1,694,701,692,-1,692,701,697,-1,692,697,702,-1,702,697,696,-1,697,703,704,-1,705,706,707,-1,707,706,708,-1,707,708,700,-1,700,708,709,-1,700,709,698,-1,704,710,697,-1,697,710,711,-1,697,711,695,-1,712,713,672,-1,672,713,673,-1,679,673,714,-1,714,673,713,-1,691,679,715,-1,715,679,714,-1,716,717,694,-1,694,717,701,-1,718,719,720,-1,720,719,721,-1,720,721,722,-1,722,721,723,-1,722,723,724,-1,719,725,721,-1,721,725,726,-1,721,726,723,-1,723,726,727,-1,726,725,728,-1,729,727,730,-1,730,727,726,-1,730,726,731,-1,731,726,728,-1,732,733,734,-1,734,733,735,-1,734,735,736,-1,736,735,737,-1,736,737,738,-1,738,737,739,-1,738,739,740,-1,740,739,741,-1,742,743,741,-1,741,743,740,-1,744,642,718,-1,718,642,719,-1,725,719,644,-1,644,719,642,-1,728,725,745,-1,745,725,644,-1,746,747,744,-1,644,642,745,-1,745,642,744,-1,745,744,748,-1,748,744,749,-1,747,750,744,-1,744,750,751,-1,744,751,749,-1,752,753,744,-1,753,754,744,-1,744,754,755,-1,744,755,746,-1,756,757,744,-1,744,757,743,-1,758,759,760,-1,743,742,744,-1,744,742,761,-1,744,761,752,-1,762,763,744,-1,744,763,764,-1,744,764,756,-1,765,758,766,-1,766,758,760,-1,766,760,744,-1,744,760,767,-1,744,767,762,-1,768,687,769,-1,769,687,677,-1,770,715,714,-1,770,714,771,-1,771,714,772,-1,771,772,773,-1,773,772,774,-1,774,772,775,-1,774,775,776,-1,776,775,777,-1,776,777,778,-1,778,777,779,-1,778,779,780,-1,780,779,781,-1,780,781,782,-1,782,781,783,-1,782,783,784,-1,784,783,727,-1,784,727,729,-1,723,727,785,-1,785,727,783,-1,785,783,786,-1,786,783,781,-1,786,781,787,-1,787,781,779,-1,787,779,788,-1,788,779,777,-1,788,777,789,-1,789,777,775,-1,789,775,790,-1,790,775,772,-1,790,772,791,-1,791,772,714,-1,791,714,713,-1,791,713,712,-1,724,723,792,-1,792,723,785,-1,792,785,793,-1,793,785,786,-1,793,786,794,-1,794,786,787,-1,712,795,791,-1,791,795,796,-1,791,796,790,-1,790,796,797,-1,790,797,789,-1,789,797,798,-1,789,798,788,-1,788,798,799,-1,788,799,787,-1,787,799,800,-1,787,800,794,-1,733,732,801,-1,801,732,802,-1,801,802,803,-1,803,802,804,-1,803,804,805,-1,805,804,806,-1,805,806,807,-1,807,806,808,-1,807,808,809,-1,809,808,810,-1,809,810,811,-1,811,810,812,-1,811,812,813,-1,813,812,814,-1,813,814,815,-1,815,814,816,-1,815,816,817,-1,817,816,818,-1,817,818,819,-1,819,818,820,-1,819,820,821,-1,821,820,822,-1,821,822,823,-1,823,822,824,-1,823,824,825,-1,825,824,826,-1,825,826,827,-1,827,826,828,-1,827,828,829,-1,829,828,830,-1,829,830,831,-1,831,830,832,-1,831,832,716,-1,716,832,717,-1,674,675,833,-1,833,675,688,-1,834,835,684,-1,684,835,836,-1,684,836,688,-1,688,836,837,-1,688,837,833,-1,834,684,838,-1,838,684,683,-1,838,683,839,-1,839,683,685,-1,839,685,840,-1,840,685,841,-1,841,685,686,-1,841,686,842,-1,842,686,843,-1,843,686,687,-1,843,687,768,-1,690,844,678,-1,678,844,689,-1,844,845,689,-1,689,845,846,-1,689,846,680,-1,846,847,680,-1,680,847,848,-1,680,848,681,-1,681,848,849,-1,681,849,682,-1,682,849,850,-1,850,851,682,-1,682,851,852,-1,682,852,676,-1,769,677,853,-1,853,677,676,-1,853,676,854,-1,854,676,852,-1,743,757,740,-1,740,757,855,-1,855,757,856,-1,856,757,756,-1,856,756,857,-1,857,756,764,-1,857,764,858,-1,858,764,763,-1,858,763,859,-1,859,763,762,-1,859,762,860,-1,860,762,767,-1,860,767,861,-1,861,767,760,-1,861,760,862,-1,862,760,759,-1,862,759,863,-1,863,759,758,-1,863,758,864,-1,864,758,765,-1,864,765,865,-1,765,766,865,-1,865,766,744,-1,865,744,718,-1,718,720,865,-1,865,720,866,-1,865,866,864,-1,724,867,722,-1,722,867,868,-1,864,866,863,-1,863,866,869,-1,863,869,862,-1,867,870,868,-1,868,870,871,-1,868,871,872,-1,862,869,861,-1,861,869,873,-1,861,873,860,-1,871,874,872,-1,872,874,875,-1,872,875,876,-1,860,873,859,-1,859,873,877,-1,859,877,858,-1,875,878,876,-1,876,878,879,-1,876,879,880,-1,858,877,857,-1,857,877,881,-1,857,881,856,-1,720,722,866,-1,866,722,868,-1,866,868,869,-1,869,868,872,-1,869,872,873,-1,873,872,876,-1,873,876,877,-1,877,876,880,-1,877,880,881,-1,881,880,882,-1,738,740,881,-1,881,740,855,-1,881,855,856,-1,879,883,880,-1,880,883,884,-1,880,884,882,-1,882,884,885,-1,882,885,886,-1,738,881,736,-1,736,881,882,-1,736,882,734,-1,734,882,886,-1,734,886,732,-1,887,717,832,-1,888,889,890,-1,891,892,893,-1,894,891,895,-1,712,894,896,-1,830,897,832,-1,832,897,898,-1,832,898,887,-1,830,828,897,-1,897,828,826,-1,897,826,899,-1,826,824,899,-1,899,824,822,-1,899,822,900,-1,822,820,900,-1,900,820,818,-1,900,818,901,-1,901,818,816,-1,901,816,902,-1,816,814,902,-1,902,814,812,-1,902,812,903,-1,812,810,903,-1,903,810,808,-1,903,808,904,-1,802,905,804,-1,804,905,904,-1,804,904,806,-1,806,904,808,-1,888,890,906,-1,906,890,907,-1,906,907,908,-1,908,907,909,-1,908,909,910,-1,910,909,911,-1,910,911,912,-1,912,911,913,-1,912,913,914,-1,914,913,915,-1,914,915,916,-1,916,915,917,-1,916,917,918,-1,918,917,919,-1,918,919,920,-1,920,919,921,-1,920,921,922,-1,891,893,895,-1,895,893,923,-1,895,923,924,-1,924,923,925,-1,924,925,926,-1,926,925,927,-1,926,927,928,-1,928,927,929,-1,928,929,930,-1,930,929,931,-1,930,931,932,-1,932,931,933,-1,932,933,934,-1,934,933,935,-1,934,935,936,-1,936,935,937,-1,936,937,938,-1,802,732,905,-1,905,732,886,-1,905,886,885,-1,885,921,905,-1,905,921,919,-1,905,919,904,-1,904,919,917,-1,904,917,903,-1,903,917,915,-1,903,915,902,-1,902,915,913,-1,902,913,901,-1,901,913,911,-1,901,911,900,-1,900,911,909,-1,900,909,899,-1,899,909,907,-1,899,907,897,-1,897,907,890,-1,897,890,898,-1,898,890,889,-1,898,889,887,-1,885,884,921,-1,921,884,883,-1,921,883,922,-1,922,883,879,-1,922,879,878,-1,878,937,922,-1,922,937,935,-1,922,935,920,-1,920,935,933,-1,920,933,918,-1,918,933,931,-1,918,931,916,-1,916,931,929,-1,916,929,914,-1,914,929,927,-1,914,927,912,-1,912,927,925,-1,912,925,910,-1,910,925,923,-1,910,923,908,-1,908,923,893,-1,908,893,906,-1,906,893,892,-1,906,892,888,-1,878,875,937,-1,937,875,874,-1,937,874,938,-1,938,874,871,-1,938,871,870,-1,894,895,896,-1,896,895,924,-1,896,924,939,-1,939,924,926,-1,939,926,940,-1,940,926,928,-1,940,928,941,-1,941,928,930,-1,941,930,942,-1,942,930,932,-1,942,932,943,-1,943,932,934,-1,943,934,944,-1,944,934,936,-1,944,936,945,-1,945,936,938,-1,945,938,946,-1,946,938,870,-1,946,870,867,-1,712,896,795,-1,795,896,939,-1,795,939,796,-1,796,939,940,-1,796,940,797,-1,797,940,941,-1,797,941,798,-1,798,941,942,-1,798,942,799,-1,799,942,943,-1,799,943,800,-1,800,943,944,-1,800,944,794,-1,794,944,945,-1,794,945,793,-1,793,945,946,-1,793,946,792,-1,792,946,867,-1,792,867,724,-1,712,672,947,-1,948,891,947,-1,947,891,894,-1,947,894,712,-1,948,949,891,-1,891,949,950,-1,891,950,892,-1,892,950,951,-1,892,951,888,-1,951,952,888,-1,888,952,953,-1,888,953,889,-1,953,954,889,-1,889,954,955,-1,889,955,887,-1,887,955,956,-1,956,957,887,-1,887,957,701,-1,887,701,717,-1,672,674,947,-1,947,674,958,-1,947,958,948,-1,948,958,949,-1,949,958,959,-1,949,959,950,-1,950,959,951,-1,951,959,960,-1,951,960,952,-1,961,954,960,-1,960,954,953,-1,960,953,952,-1,962,697,701,-1,701,957,962,-1,962,957,956,-1,962,956,961,-1,961,956,955,-1,961,955,954,-1,837,836,963,-1,840,841,964,-1,692,702,965,-1,965,702,966,-1,965,966,967,-1,967,966,968,-1,968,966,969,-1,968,969,970,-1,970,969,971,-1,971,969,972,-1,971,972,973,-1,973,972,974,-1,974,972,975,-1,974,975,976,-1,976,975,977,-1,977,975,978,-1,977,978,979,-1,702,696,966,-1,966,696,980,-1,966,980,969,-1,969,980,981,-1,969,981,972,-1,972,981,982,-1,972,982,975,-1,975,982,983,-1,975,983,978,-1,978,983,964,-1,710,704,984,-1,984,704,985,-1,984,985,986,-1,986,985,987,-1,986,987,988,-1,988,987,989,-1,988,989,990,-1,990,989,991,-1,990,991,992,-1,992,991,963,-1,979,978,993,-1,993,978,843,-1,993,843,768,-1,964,841,978,-1,978,841,842,-1,978,842,843,-1,839,840,994,-1,994,840,964,-1,994,964,995,-1,995,964,983,-1,995,983,996,-1,996,983,982,-1,996,982,997,-1,997,982,981,-1,997,981,998,-1,998,981,980,-1,998,980,695,-1,695,980,696,-1,695,711,998,-1,998,711,999,-1,998,999,997,-1,997,999,1000,-1,997,1000,996,-1,996,1000,1001,-1,996,1001,995,-1,995,1001,1002,-1,995,1002,994,-1,994,1002,1003,-1,994,1003,839,-1,839,1003,838,-1,711,710,999,-1,999,710,984,-1,999,984,1000,-1,1000,984,986,-1,1000,986,1001,-1,1001,986,988,-1,1001,988,1002,-1,1002,988,990,-1,1002,990,1003,-1,1003,990,992,-1,1003,992,838,-1,838,992,834,-1,963,836,992,-1,992,836,835,-1,992,835,834,-1,833,837,1004,-1,1004,837,963,-1,1004,963,1005,-1,1005,963,991,-1,1005,991,1006,-1,1006,991,989,-1,1006,989,1007,-1,1007,989,987,-1,1007,987,1008,-1,1008,987,985,-1,1008,985,703,-1,703,985,704,-1,703,697,1008,-1,1008,697,962,-1,1008,962,1007,-1,1007,962,961,-1,1007,961,1006,-1,1006,961,960,-1,1006,960,1005,-1,1005,960,959,-1,1005,959,1004,-1,1004,959,958,-1,1004,958,833,-1,833,958,674,-1,693,692,965,-1,693,965,1009,-1,1009,965,967,-1,1009,967,1010,-1,967,968,1010,-1,1010,968,970,-1,1010,970,1011,-1,970,971,1011,-1,1011,971,973,-1,1011,973,1012,-1,973,974,1012,-1,1012,974,976,-1,1012,976,1013,-1,976,977,1013,-1,1013,977,979,-1,1013,979,1014,-1,979,993,1014,-1,1014,993,768,-1,1014,768,769,-1,854,852,1015,-1,847,846,1016,-1,709,708,1017,-1,1017,708,1018,-1,1017,1018,1019,-1,1019,1018,1020,-1,1019,1020,1021,-1,1021,1020,1022,-1,1021,1022,1023,-1,1023,1022,1024,-1,1023,1024,1025,-1,1025,1024,1026,-1,1025,1026,1027,-1,1027,1026,1016,-1,707,700,1028,-1,1028,700,1029,-1,1028,1029,1030,-1,1030,1029,1031,-1,1030,1031,1032,-1,1032,1031,1033,-1,1032,1033,1034,-1,1034,1033,1035,-1,1034,1035,1036,-1,1036,1035,1037,-1,1036,1037,1038,-1,1038,1037,1015,-1,698,709,1039,-1,1039,709,1017,-1,1039,1017,1040,-1,1040,1017,1019,-1,1040,1019,1041,-1,1041,1019,1021,-1,1041,1021,1042,-1,1042,1021,1023,-1,1042,1023,1043,-1,1043,1023,1025,-1,1043,1025,1044,-1,1044,1025,1027,-1,1044,1027,690,-1,690,1027,844,-1,1016,846,1027,-1,1027,846,845,-1,1027,845,844,-1,848,847,1045,-1,1045,847,1016,-1,1045,1016,1046,-1,1046,1016,1026,-1,1046,1026,1047,-1,1047,1026,1024,-1,1047,1024,1048,-1,1048,1024,1022,-1,1048,1022,1049,-1,1049,1022,1020,-1,1049,1020,1050,-1,1050,1020,1018,-1,1050,1018,706,-1,706,1018,708,-1,706,705,1050,-1,1050,705,1051,-1,1050,1051,1049,-1,1049,1051,1052,-1,1049,1052,1048,-1,1048,1052,1053,-1,1048,1053,1047,-1,1047,1053,1054,-1,1047,1054,1046,-1,1046,1054,1055,-1,1046,1055,1045,-1,1045,1055,1056,-1,1045,1056,848,-1,848,1056,849,-1,705,707,1051,-1,1051,707,1028,-1,1051,1028,1052,-1,1052,1028,1030,-1,1052,1030,1053,-1,1053,1030,1032,-1,1053,1032,1054,-1,1054,1032,1034,-1,1054,1034,1055,-1,1055,1034,1036,-1,1055,1036,1056,-1,1056,1036,1038,-1,1056,1038,849,-1,849,1038,850,-1,1015,852,1038,-1,1038,852,851,-1,1038,851,850,-1,853,854,1057,-1,1057,854,1015,-1,1057,1015,1058,-1,1058,1015,1037,-1,1058,1037,1059,-1,1059,1037,1035,-1,1059,1035,1060,-1,1060,1035,1033,-1,1060,1033,1061,-1,1061,1033,1031,-1,1061,1031,1062,-1,1062,1031,1029,-1,1062,1029,699,-1,699,1029,700,-1,699,693,1062,-1,1062,693,1009,-1,1062,1009,1061,-1,1061,1009,1010,-1,1061,1010,1060,-1,1060,1010,1011,-1,1060,1011,1059,-1,1059,1011,1012,-1,1059,1012,1058,-1,1058,1012,1013,-1,1058,1013,1057,-1,1057,1013,1014,-1,1057,1014,853,-1,853,1014,769,-1,698,1039,694,-1,694,1039,1063,-1,1063,1039,1064,-1,1064,1039,1040,-1,1064,1040,1065,-1,1065,1040,1066,-1,1066,1040,1041,-1,1066,1041,1067,-1,1067,1041,1068,-1,1068,1041,1042,-1,1068,1042,1069,-1,1069,1042,1070,-1,1070,1042,1043,-1,1070,1043,1071,-1,1071,1043,1072,-1,1072,1043,1044,-1,1072,1044,1073,-1,1073,1044,690,-1,1073,690,691,-1,691,715,1073,-1,1073,715,1074,-1,1073,1074,1072,-1,1072,1074,1075,-1,1072,1075,1071,-1,1071,1075,1076,-1,1071,1076,1070,-1,1070,1076,1077,-1,1070,1077,1069,-1,1069,1077,1078,-1,1069,1078,1068,-1,1068,1078,1079,-1,1068,1079,1067,-1,1067,1079,1080,-1,1067,1080,1066,-1,1066,1080,1081,-1,1066,1081,1065,-1,1065,1081,1082,-1,1065,1082,1064,-1,1064,1082,1083,-1,1064,1083,1063,-1,1063,1083,1084,-1,1063,1084,694,-1,694,1084,716,-1,803,805,1085,-1,807,809,1086,-1,811,813,1087,-1,815,817,1088,-1,821,823,1089,-1,825,827,1090,-1,829,831,1091,-1,1091,831,716,-1,715,770,1074,-1,1074,770,1092,-1,1074,1092,1075,-1,1075,1092,1093,-1,1094,1077,1093,-1,1093,1077,1076,-1,1093,1076,1075,-1,1095,1079,1094,-1,1094,1079,1078,-1,1094,1078,1077,-1,1096,1081,1095,-1,1095,1081,1080,-1,1095,1080,1079,-1,716,1084,1091,-1,1091,1084,1083,-1,1091,1083,1096,-1,1096,1083,1082,-1,1096,1082,1081,-1,827,829,1090,-1,1090,829,1091,-1,1090,1091,1097,-1,1097,1091,1096,-1,1097,1096,1098,-1,1098,1096,1095,-1,1098,1095,1099,-1,1099,1095,1094,-1,1099,1094,1100,-1,1100,1094,1093,-1,1100,1093,1101,-1,1101,1093,1092,-1,1101,1092,771,-1,771,1092,770,-1,823,825,1089,-1,1089,825,1090,-1,1089,1090,1102,-1,1102,1090,1097,-1,1102,1097,1103,-1,1103,1097,1098,-1,1103,1098,1104,-1,1104,1098,1099,-1,1104,1099,1105,-1,1105,1099,1100,-1,1105,1100,1106,-1,1106,1100,1101,-1,1106,1101,773,-1,773,1101,771,-1,819,821,1107,-1,1107,821,1089,-1,1107,1089,1108,-1,1108,1089,1102,-1,1108,1102,1109,-1,1109,1102,1103,-1,1109,1103,1110,-1,1110,1103,1104,-1,1110,1104,1111,-1,1111,1104,1105,-1,1111,1105,1112,-1,1112,1105,1106,-1,1112,1106,774,-1,774,1106,773,-1,817,819,1088,-1,1088,819,1107,-1,1088,1107,1113,-1,1113,1107,1108,-1,1113,1108,1114,-1,1114,1108,1109,-1,1114,1109,1115,-1,1115,1109,1110,-1,1115,1110,1116,-1,1116,1110,1111,-1,1116,1111,1117,-1,1117,1111,1112,-1,1117,1112,776,-1,776,1112,774,-1,813,815,1087,-1,1087,815,1088,-1,1087,1088,1118,-1,1118,1088,1113,-1,1118,1113,1119,-1,1119,1113,1114,-1,1119,1114,1120,-1,1120,1114,1115,-1,1120,1115,1121,-1,1121,1115,1116,-1,1121,1116,1122,-1,1122,1116,1117,-1,1122,1117,778,-1,778,1117,776,-1,809,811,1086,-1,1086,811,1087,-1,1086,1087,1123,-1,1123,1087,1118,-1,1123,1118,1124,-1,1124,1118,1119,-1,1124,1119,1125,-1,1125,1119,1120,-1,1125,1120,1126,-1,1126,1120,1121,-1,1126,1121,1127,-1,1127,1121,1122,-1,1127,1122,780,-1,780,1122,778,-1,805,807,1085,-1,1085,807,1086,-1,1085,1086,1128,-1,1128,1086,1123,-1,1128,1123,1129,-1,1129,1123,1124,-1,1129,1124,1130,-1,1130,1124,1125,-1,1130,1125,1131,-1,1131,1125,1126,-1,1131,1126,1132,-1,1132,1126,1127,-1,1132,1127,782,-1,782,1127,780,-1,801,803,1133,-1,1133,803,1085,-1,1133,1085,1134,-1,1134,1085,1128,-1,1134,1128,1135,-1,1135,1128,1129,-1,1135,1129,1136,-1,1136,1129,1130,-1,1136,1130,1137,-1,1137,1130,1131,-1,1137,1131,1138,-1,1138,1131,1132,-1,1138,1132,784,-1,784,1132,782,-1,733,801,1139,-1,1139,801,1133,-1,1139,1133,1140,-1,1140,1133,1134,-1,1140,1134,1141,-1,1141,1134,1135,-1,1141,1135,1142,-1,1142,1135,1136,-1,1142,1136,1143,-1,1143,1136,1137,-1,1143,1137,1144,-1,1144,1137,1138,-1,1144,1138,729,-1,729,1138,784,-1,1145,731,728,-1,728,1146,1145,-1,1145,1146,1147,-1,1145,1147,1148,-1,1147,1149,1148,-1,1148,1149,1150,-1,1148,1150,1151,-1,1150,1152,1151,-1,1151,1152,1153,-1,1151,1153,1154,-1,1153,1155,1154,-1,1154,1155,1156,-1,1154,1156,1157,-1,729,730,1144,-1,1144,730,1158,-1,1144,1158,1143,-1,1143,1158,1159,-1,1143,1159,1142,-1,1142,1159,1160,-1,1142,1160,1141,-1,1141,1160,1161,-1,1141,1161,1140,-1,1140,1161,1162,-1,1140,1162,1139,-1,1139,1162,1163,-1,1139,1163,733,-1,1164,1165,1166,-1,1166,1165,1157,-1,1166,1157,1167,-1,1167,1157,1156,-1,739,737,1163,-1,1163,737,735,-1,1163,735,733,-1,730,731,1158,-1,1158,731,1145,-1,1158,1145,1159,-1,1159,1145,1148,-1,1159,1148,1160,-1,1160,1148,1151,-1,1160,1151,1161,-1,1161,1151,1154,-1,1161,1154,1162,-1,1162,1154,1157,-1,1162,1157,1163,-1,1163,1157,1165,-1,1163,1165,739,-1,739,1165,1164,-1,739,1164,741,-1,745,748,728,-1,728,748,1146,-1,1146,748,1147,-1,1147,748,749,-1,1147,749,1149,-1,1149,749,751,-1,1149,751,1150,-1,1150,751,750,-1,1150,750,1152,-1,1152,750,747,-1,1152,747,1153,-1,1153,747,746,-1,1153,746,1155,-1,1155,746,755,-1,1155,755,1156,-1,1156,755,754,-1,1156,754,1167,-1,1167,754,753,-1,1167,753,1166,-1,1166,753,752,-1,1166,752,1164,-1,752,761,1164,-1,1164,761,742,-1,1164,742,741,-1,1168,1169,1170,-1,1168,1170,1171,-1,1171,1170,1172,-1,1171,1172,1173,-1,1173,1172,1174,-1,1173,1174,1175,-1,1175,1174,1176,-1,1175,1176,1177,-1,1177,1176,1178,-1,1177,1178,1179,-1,1178,1180,1179,-1,1179,1180,1181,-1,1180,1182,1181,-1,1181,1182,1183,-1,1182,1184,1183,-1,1183,1184,1185,-1,1184,1186,1185,-1,1185,1186,1187,-1,1186,1188,1187,-1,1187,1188,1189,-1,1189,1188,1190,-1,1189,1190,1191,-1,1191,1190,1192,-1,1191,1192,1193,-1,1193,1192,1194,-1,1193,1194,1195,-1,1195,1194,1196,-1,1195,1196,1197,-1,1197,1196,1198,-1,1197,1198,1199,-1,1199,1198,1200,-1,1199,1200,1201,-1,1200,1202,1201,-1,1201,1202,1203,-1,1203,1202,1204,-1,1203,1204,1205,-1,1205,1204,1206,-1,1205,1206,1207,-1,1207,1206,1208,-1,1207,1208,1209,-1,1209,1208,1210,-1,1209,1210,1211,-1,1211,1210,1212,-1,1211,1212,1213,-1,1214,1215,1212,-1,1212,1215,1216,-1,1212,1216,1213,-1,1213,1216,1217,-1,1216,1215,1218,-1,1216,1218,1219,-1,1219,1218,1220,-1,1219,1220,1221,-1,1221,1220,1222,-1,1221,1222,1223,-1,1223,1222,1224,-1,1224,1222,1225,-1,1224,1225,1226,-1,1226,1225,1227,-1,1226,1227,1228,-1,1228,1229,1226,-1,1226,1229,1230,-1,1231,1232,1233,-1,1233,1232,1234,-1,1233,1234,1235,-1,1235,1234,1230,-1,1235,1230,1229,-1,1232,1231,1236,-1,1236,1231,1237,-1,1236,1237,1238,-1,1238,1237,1239,-1,1240,1238,1241,-1,1241,1238,1239,-1,1241,1239,1242,-1,1242,1239,1243,-1,1241,1242,1244,-1,1241,1244,1245,-1,1245,1244,1246,-1,1245,1246,1247,-1,1247,1246,1248,-1,1247,1248,1249,-1,1249,1248,1250,-1,1249,1250,1251,-1,1251,1250,1252,-1,1251,1252,1253,-1,1253,1252,1254,-1,1253,1254,1255,-1,1254,1169,1255,-1,1255,1169,1168,-1,1238,1240,1217,-1,1224,1234,1223,-1,1223,1234,1232,-1,1223,1232,1221,-1,1221,1232,1236,-1,1221,1236,1219,-1,1219,1236,1238,-1,1219,1238,1216,-1,1216,1238,1217,-1,1233,1225,1231,-1,1231,1225,1222,-1,1231,1222,1237,-1,1214,1243,1215,-1,1215,1243,1239,-1,1215,1239,1218,-1,1218,1239,1237,-1,1218,1237,1220,-1,1220,1237,1222,-1,1242,1243,1212,-1,1212,1243,1214,-1,1242,1212,1244,-1,1244,1212,1210,-1,1184,1182,1186,-1,1186,1182,1180,-1,1186,1180,1188,-1,1188,1180,1178,-1,1188,1178,1190,-1,1190,1178,1176,-1,1190,1176,1192,-1,1192,1176,1194,-1,1194,1176,1174,-1,1194,1174,1196,-1,1196,1174,1172,-1,1196,1172,1198,-1,1198,1172,1170,-1,1198,1170,1200,-1,1200,1170,1169,-1,1200,1169,1202,-1,1202,1169,1254,-1,1202,1254,1204,-1,1204,1254,1252,-1,1204,1252,1206,-1,1206,1252,1250,-1,1206,1250,1208,-1,1208,1250,1248,-1,1208,1248,1210,-1,1210,1248,1246,-1,1210,1246,1244,-1,1240,1241,1217,-1,1217,1241,1213,-1,1183,1185,1181,-1,1181,1185,1187,-1,1181,1187,1179,-1,1187,1189,1179,-1,1179,1189,1191,-1,1179,1191,1177,-1,1177,1191,1193,-1,1177,1193,1175,-1,1175,1193,1195,-1,1175,1195,1173,-1,1173,1195,1197,-1,1173,1197,1171,-1,1171,1197,1199,-1,1171,1199,1168,-1,1168,1199,1201,-1,1168,1201,1255,-1,1255,1201,1203,-1,1255,1203,1253,-1,1253,1203,1205,-1,1253,1205,1251,-1,1251,1205,1207,-1,1251,1207,1249,-1,1249,1207,1209,-1,1249,1209,1247,-1,1247,1209,1211,-1,1247,1211,1245,-1,1245,1211,1213,-1,1245,1213,1241,-1,1227,1225,1235,-1,1235,1225,1233,-1,1228,1227,1229,-1,1229,1227,1235,-1,1224,1226,1234,-1,1234,1226,1230,-1,1256,1257,1258,-1,1258,1257,1259,-1,1260,1261,1262,-1,1262,1261,1259,-1,1262,1259,1263,-1,1263,1259,1257,-1,1264,1265,1266,-1,1267,1268,1269,-1,1269,1268,1270,-1,1261,1271,1259,-1,1259,1271,1270,-1,1259,1270,1272,-1,1272,1270,1268,-1,1260,1262,1266,-1,1266,1262,1273,-1,1266,1273,1264,-1,1274,1262,1275,-1,1275,1262,1263,-1,1276,1277,1278,-1,1279,1280,1281,-1,1278,1277,1282,-1,1282,1277,1283,-1,1282,1283,1284,-1,1278,1285,1276,-1,1276,1285,1281,-1,1276,1281,1286,-1,1286,1281,1280,-1,1281,1287,1288,-1,1289,1290,1291,-1,1291,1290,1292,-1,1291,1292,1284,-1,1284,1292,1293,-1,1284,1293,1282,-1,1288,1294,1281,-1,1281,1294,1295,-1,1281,1295,1279,-1,1296,1297,1256,-1,1256,1297,1257,-1,1263,1257,1298,-1,1298,1257,1297,-1,1275,1263,1299,-1,1299,1263,1298,-1,1300,1301,1278,-1,1278,1301,1285,-1,1302,1303,1304,-1,1304,1303,1305,-1,1304,1305,1306,-1,1306,1305,1307,-1,1306,1307,1308,-1,1303,1309,1305,-1,1305,1309,1310,-1,1305,1310,1307,-1,1307,1310,1311,-1,1310,1309,1312,-1,1313,1311,1314,-1,1314,1311,1310,-1,1314,1310,1315,-1,1315,1310,1312,-1,1316,1317,1318,-1,1318,1317,1319,-1,1318,1319,1320,-1,1320,1319,1321,-1,1320,1321,1322,-1,1322,1321,1323,-1,1322,1323,1324,-1,1324,1323,1325,-1,1326,1327,1325,-1,1325,1327,1324,-1,1328,1226,1302,-1,1302,1226,1303,-1,1309,1303,1228,-1,1228,1303,1226,-1,1312,1309,1329,-1,1329,1309,1228,-1,1330,1331,1328,-1,1228,1226,1329,-1,1329,1226,1328,-1,1329,1328,1332,-1,1332,1328,1333,-1,1331,1334,1328,-1,1328,1334,1335,-1,1328,1335,1333,-1,1336,1337,1328,-1,1337,1338,1328,-1,1328,1338,1339,-1,1328,1339,1330,-1,1340,1341,1328,-1,1328,1341,1327,-1,1342,1343,1344,-1,1327,1326,1328,-1,1328,1326,1345,-1,1328,1345,1336,-1,1346,1347,1328,-1,1328,1347,1348,-1,1328,1348,1340,-1,1349,1342,1350,-1,1350,1342,1344,-1,1350,1344,1328,-1,1328,1344,1351,-1,1328,1351,1346,-1,1352,1271,1353,-1,1353,1271,1261,-1,1354,1299,1298,-1,1354,1298,1355,-1,1355,1298,1356,-1,1355,1356,1357,-1,1357,1356,1358,-1,1358,1356,1359,-1,1358,1359,1360,-1,1360,1359,1361,-1,1360,1361,1362,-1,1362,1361,1363,-1,1362,1363,1364,-1,1364,1363,1365,-1,1364,1365,1366,-1,1366,1365,1367,-1,1366,1367,1368,-1,1368,1367,1311,-1,1368,1311,1313,-1,1307,1311,1369,-1,1369,1311,1367,-1,1369,1367,1370,-1,1370,1367,1365,-1,1370,1365,1371,-1,1371,1365,1363,-1,1371,1363,1372,-1,1372,1363,1361,-1,1372,1361,1373,-1,1373,1361,1359,-1,1373,1359,1374,-1,1374,1359,1356,-1,1374,1356,1375,-1,1375,1356,1298,-1,1375,1298,1297,-1,1375,1297,1296,-1,1308,1307,1376,-1,1376,1307,1369,-1,1376,1369,1377,-1,1377,1369,1370,-1,1377,1370,1378,-1,1378,1370,1371,-1,1296,1379,1375,-1,1375,1379,1380,-1,1375,1380,1374,-1,1374,1380,1381,-1,1374,1381,1373,-1,1373,1381,1382,-1,1373,1382,1372,-1,1372,1382,1383,-1,1372,1383,1371,-1,1371,1383,1384,-1,1371,1384,1378,-1,1317,1316,1385,-1,1385,1316,1386,-1,1385,1386,1387,-1,1387,1386,1388,-1,1387,1388,1389,-1,1389,1388,1390,-1,1389,1390,1391,-1,1391,1390,1392,-1,1391,1392,1393,-1,1393,1392,1394,-1,1393,1394,1395,-1,1395,1394,1396,-1,1395,1396,1397,-1,1397,1396,1398,-1,1397,1398,1399,-1,1399,1398,1400,-1,1399,1400,1401,-1,1401,1400,1402,-1,1401,1402,1403,-1,1403,1402,1404,-1,1403,1404,1405,-1,1405,1404,1406,-1,1405,1406,1407,-1,1407,1406,1408,-1,1407,1408,1409,-1,1409,1408,1410,-1,1409,1410,1411,-1,1411,1410,1412,-1,1411,1412,1413,-1,1413,1412,1414,-1,1413,1414,1415,-1,1415,1414,1416,-1,1415,1416,1300,-1,1300,1416,1301,-1,1258,1259,1417,-1,1417,1259,1272,-1,1418,1419,1268,-1,1268,1419,1420,-1,1268,1420,1272,-1,1272,1420,1421,-1,1272,1421,1417,-1,1418,1268,1422,-1,1422,1268,1267,-1,1422,1267,1423,-1,1423,1267,1269,-1,1423,1269,1424,-1,1424,1269,1425,-1,1425,1269,1270,-1,1425,1270,1426,-1,1426,1270,1427,-1,1427,1270,1271,-1,1427,1271,1352,-1,1274,1428,1262,-1,1262,1428,1273,-1,1428,1429,1273,-1,1273,1429,1430,-1,1273,1430,1264,-1,1430,1431,1264,-1,1264,1431,1432,-1,1264,1432,1265,-1,1265,1432,1433,-1,1265,1433,1266,-1,1266,1433,1434,-1,1434,1435,1266,-1,1266,1435,1436,-1,1266,1436,1260,-1,1353,1261,1437,-1,1437,1261,1260,-1,1437,1260,1438,-1,1438,1260,1436,-1,1327,1341,1324,-1,1324,1341,1439,-1,1439,1341,1440,-1,1440,1341,1340,-1,1440,1340,1441,-1,1441,1340,1348,-1,1441,1348,1442,-1,1442,1348,1347,-1,1442,1347,1443,-1,1443,1347,1346,-1,1443,1346,1444,-1,1444,1346,1351,-1,1444,1351,1445,-1,1445,1351,1344,-1,1445,1344,1446,-1,1446,1344,1343,-1,1446,1343,1447,-1,1447,1343,1342,-1,1447,1342,1448,-1,1448,1342,1349,-1,1448,1349,1449,-1,1349,1350,1449,-1,1449,1350,1328,-1,1449,1328,1302,-1,1302,1304,1449,-1,1449,1304,1450,-1,1449,1450,1448,-1,1308,1451,1306,-1,1306,1451,1452,-1,1448,1450,1447,-1,1447,1450,1453,-1,1447,1453,1446,-1,1451,1454,1452,-1,1452,1454,1455,-1,1452,1455,1456,-1,1446,1453,1445,-1,1445,1453,1457,-1,1445,1457,1444,-1,1455,1458,1456,-1,1456,1458,1459,-1,1456,1459,1460,-1,1444,1457,1443,-1,1443,1457,1461,-1,1443,1461,1442,-1,1459,1462,1460,-1,1460,1462,1463,-1,1460,1463,1464,-1,1442,1461,1441,-1,1441,1461,1465,-1,1441,1465,1440,-1,1304,1306,1450,-1,1450,1306,1452,-1,1450,1452,1453,-1,1453,1452,1456,-1,1453,1456,1457,-1,1457,1456,1460,-1,1457,1460,1461,-1,1461,1460,1464,-1,1461,1464,1465,-1,1465,1464,1466,-1,1322,1324,1465,-1,1465,1324,1439,-1,1465,1439,1440,-1,1463,1467,1464,-1,1464,1467,1468,-1,1464,1468,1466,-1,1466,1468,1469,-1,1466,1469,1470,-1,1322,1465,1320,-1,1320,1465,1466,-1,1320,1466,1318,-1,1318,1466,1470,-1,1318,1470,1316,-1,1471,1301,1416,-1,1472,1473,1474,-1,1475,1476,1477,-1,1478,1475,1479,-1,1296,1478,1480,-1,1414,1481,1416,-1,1416,1481,1482,-1,1416,1482,1471,-1,1414,1412,1481,-1,1481,1412,1410,-1,1481,1410,1483,-1,1410,1408,1483,-1,1483,1408,1406,-1,1483,1406,1484,-1,1406,1404,1484,-1,1484,1404,1402,-1,1484,1402,1485,-1,1485,1402,1400,-1,1485,1400,1486,-1,1400,1398,1486,-1,1486,1398,1396,-1,1486,1396,1487,-1,1396,1394,1487,-1,1487,1394,1392,-1,1487,1392,1488,-1,1386,1489,1388,-1,1388,1489,1488,-1,1388,1488,1390,-1,1390,1488,1392,-1,1472,1474,1490,-1,1490,1474,1491,-1,1490,1491,1492,-1,1492,1491,1493,-1,1492,1493,1494,-1,1494,1493,1495,-1,1494,1495,1496,-1,1496,1495,1497,-1,1496,1497,1498,-1,1498,1497,1499,-1,1498,1499,1500,-1,1500,1499,1501,-1,1500,1501,1502,-1,1502,1501,1503,-1,1502,1503,1504,-1,1504,1503,1505,-1,1504,1505,1506,-1,1475,1477,1479,-1,1479,1477,1507,-1,1479,1507,1508,-1,1508,1507,1509,-1,1508,1509,1510,-1,1510,1509,1511,-1,1510,1511,1512,-1,1512,1511,1513,-1,1512,1513,1514,-1,1514,1513,1515,-1,1514,1515,1516,-1,1516,1515,1517,-1,1516,1517,1518,-1,1518,1517,1519,-1,1518,1519,1520,-1,1520,1519,1521,-1,1520,1521,1522,-1,1386,1316,1489,-1,1489,1316,1470,-1,1489,1470,1469,-1,1469,1505,1489,-1,1489,1505,1503,-1,1489,1503,1488,-1,1488,1503,1501,-1,1488,1501,1487,-1,1487,1501,1499,-1,1487,1499,1486,-1,1486,1499,1497,-1,1486,1497,1485,-1,1485,1497,1495,-1,1485,1495,1484,-1,1484,1495,1493,-1,1484,1493,1483,-1,1483,1493,1491,-1,1483,1491,1481,-1,1481,1491,1474,-1,1481,1474,1482,-1,1482,1474,1473,-1,1482,1473,1471,-1,1469,1468,1505,-1,1505,1468,1467,-1,1505,1467,1506,-1,1506,1467,1463,-1,1506,1463,1462,-1,1462,1521,1506,-1,1506,1521,1519,-1,1506,1519,1504,-1,1504,1519,1517,-1,1504,1517,1502,-1,1502,1517,1515,-1,1502,1515,1500,-1,1500,1515,1513,-1,1500,1513,1498,-1,1498,1513,1511,-1,1498,1511,1496,-1,1496,1511,1509,-1,1496,1509,1494,-1,1494,1509,1507,-1,1494,1507,1492,-1,1492,1507,1477,-1,1492,1477,1490,-1,1490,1477,1476,-1,1490,1476,1472,-1,1462,1459,1521,-1,1521,1459,1458,-1,1521,1458,1522,-1,1522,1458,1455,-1,1522,1455,1454,-1,1478,1479,1480,-1,1480,1479,1508,-1,1480,1508,1523,-1,1523,1508,1510,-1,1523,1510,1524,-1,1524,1510,1512,-1,1524,1512,1525,-1,1525,1512,1514,-1,1525,1514,1526,-1,1526,1514,1516,-1,1526,1516,1527,-1,1527,1516,1518,-1,1527,1518,1528,-1,1528,1518,1520,-1,1528,1520,1529,-1,1529,1520,1522,-1,1529,1522,1530,-1,1530,1522,1454,-1,1530,1454,1451,-1,1296,1480,1379,-1,1379,1480,1523,-1,1379,1523,1380,-1,1380,1523,1524,-1,1380,1524,1381,-1,1381,1524,1525,-1,1381,1525,1382,-1,1382,1525,1526,-1,1382,1526,1383,-1,1383,1526,1527,-1,1383,1527,1384,-1,1384,1527,1528,-1,1384,1528,1378,-1,1378,1528,1529,-1,1378,1529,1377,-1,1377,1529,1530,-1,1377,1530,1376,-1,1376,1530,1451,-1,1376,1451,1308,-1,1296,1256,1531,-1,1532,1475,1531,-1,1531,1475,1478,-1,1531,1478,1296,-1,1532,1533,1475,-1,1475,1533,1534,-1,1475,1534,1476,-1,1476,1534,1535,-1,1476,1535,1472,-1,1535,1536,1472,-1,1472,1536,1537,-1,1472,1537,1473,-1,1537,1538,1473,-1,1473,1538,1539,-1,1473,1539,1471,-1,1471,1539,1540,-1,1540,1541,1471,-1,1471,1541,1285,-1,1471,1285,1301,-1,1256,1258,1531,-1,1531,1258,1542,-1,1531,1542,1532,-1,1532,1542,1533,-1,1533,1542,1543,-1,1533,1543,1534,-1,1534,1543,1535,-1,1535,1543,1544,-1,1535,1544,1536,-1,1545,1538,1544,-1,1544,1538,1537,-1,1544,1537,1536,-1,1546,1281,1285,-1,1285,1541,1546,-1,1546,1541,1540,-1,1546,1540,1545,-1,1545,1540,1539,-1,1545,1539,1538,-1,1421,1420,1547,-1,1424,1425,1548,-1,1276,1286,1549,-1,1549,1286,1550,-1,1549,1550,1551,-1,1551,1550,1552,-1,1552,1550,1553,-1,1552,1553,1554,-1,1554,1553,1555,-1,1555,1553,1556,-1,1555,1556,1557,-1,1557,1556,1558,-1,1558,1556,1559,-1,1558,1559,1560,-1,1560,1559,1561,-1,1561,1559,1562,-1,1561,1562,1563,-1,1286,1280,1550,-1,1550,1280,1564,-1,1550,1564,1553,-1,1553,1564,1565,-1,1553,1565,1556,-1,1556,1565,1566,-1,1556,1566,1559,-1,1559,1566,1567,-1,1559,1567,1562,-1,1562,1567,1548,-1,1294,1288,1568,-1,1568,1288,1569,-1,1568,1569,1570,-1,1570,1569,1571,-1,1570,1571,1572,-1,1572,1571,1573,-1,1572,1573,1574,-1,1574,1573,1575,-1,1574,1575,1576,-1,1576,1575,1547,-1,1563,1562,1577,-1,1577,1562,1427,-1,1577,1427,1352,-1,1548,1425,1562,-1,1562,1425,1426,-1,1562,1426,1427,-1,1423,1424,1578,-1,1578,1424,1548,-1,1578,1548,1579,-1,1579,1548,1567,-1,1579,1567,1580,-1,1580,1567,1566,-1,1580,1566,1581,-1,1581,1566,1565,-1,1581,1565,1582,-1,1582,1565,1564,-1,1582,1564,1279,-1,1279,1564,1280,-1,1279,1295,1582,-1,1582,1295,1583,-1,1582,1583,1581,-1,1581,1583,1584,-1,1581,1584,1580,-1,1580,1584,1585,-1,1580,1585,1579,-1,1579,1585,1586,-1,1579,1586,1578,-1,1578,1586,1587,-1,1578,1587,1423,-1,1423,1587,1422,-1,1295,1294,1583,-1,1583,1294,1568,-1,1583,1568,1584,-1,1584,1568,1570,-1,1584,1570,1585,-1,1585,1570,1572,-1,1585,1572,1586,-1,1586,1572,1574,-1,1586,1574,1587,-1,1587,1574,1576,-1,1587,1576,1422,-1,1422,1576,1418,-1,1547,1420,1576,-1,1576,1420,1419,-1,1576,1419,1418,-1,1417,1421,1588,-1,1588,1421,1547,-1,1588,1547,1589,-1,1589,1547,1575,-1,1589,1575,1590,-1,1590,1575,1573,-1,1590,1573,1591,-1,1591,1573,1571,-1,1591,1571,1592,-1,1592,1571,1569,-1,1592,1569,1287,-1,1287,1569,1288,-1,1287,1281,1592,-1,1592,1281,1546,-1,1592,1546,1591,-1,1591,1546,1545,-1,1591,1545,1590,-1,1590,1545,1544,-1,1590,1544,1589,-1,1589,1544,1543,-1,1589,1543,1588,-1,1588,1543,1542,-1,1588,1542,1417,-1,1417,1542,1258,-1,1277,1276,1549,-1,1277,1549,1593,-1,1593,1549,1551,-1,1593,1551,1594,-1,1551,1552,1594,-1,1594,1552,1554,-1,1594,1554,1595,-1,1554,1555,1595,-1,1595,1555,1557,-1,1595,1557,1596,-1,1557,1558,1596,-1,1596,1558,1560,-1,1596,1560,1597,-1,1560,1561,1597,-1,1597,1561,1563,-1,1597,1563,1598,-1,1563,1577,1598,-1,1598,1577,1352,-1,1598,1352,1353,-1,1438,1436,1599,-1,1431,1430,1600,-1,1293,1292,1601,-1,1601,1292,1602,-1,1601,1602,1603,-1,1603,1602,1604,-1,1603,1604,1605,-1,1605,1604,1606,-1,1605,1606,1607,-1,1607,1606,1608,-1,1607,1608,1609,-1,1609,1608,1610,-1,1609,1610,1611,-1,1611,1610,1600,-1,1291,1284,1612,-1,1612,1284,1613,-1,1612,1613,1614,-1,1614,1613,1615,-1,1614,1615,1616,-1,1616,1615,1617,-1,1616,1617,1618,-1,1618,1617,1619,-1,1618,1619,1620,-1,1620,1619,1621,-1,1620,1621,1622,-1,1622,1621,1599,-1,1282,1293,1623,-1,1623,1293,1601,-1,1623,1601,1624,-1,1624,1601,1603,-1,1624,1603,1625,-1,1625,1603,1605,-1,1625,1605,1626,-1,1626,1605,1607,-1,1626,1607,1627,-1,1627,1607,1609,-1,1627,1609,1628,-1,1628,1609,1611,-1,1628,1611,1274,-1,1274,1611,1428,-1,1600,1430,1611,-1,1611,1430,1429,-1,1611,1429,1428,-1,1432,1431,1629,-1,1629,1431,1600,-1,1629,1600,1630,-1,1630,1600,1610,-1,1630,1610,1631,-1,1631,1610,1608,-1,1631,1608,1632,-1,1632,1608,1606,-1,1632,1606,1633,-1,1633,1606,1604,-1,1633,1604,1634,-1,1634,1604,1602,-1,1634,1602,1290,-1,1290,1602,1292,-1,1290,1289,1634,-1,1634,1289,1635,-1,1634,1635,1633,-1,1633,1635,1636,-1,1633,1636,1632,-1,1632,1636,1637,-1,1632,1637,1631,-1,1631,1637,1638,-1,1631,1638,1630,-1,1630,1638,1639,-1,1630,1639,1629,-1,1629,1639,1640,-1,1629,1640,1432,-1,1432,1640,1433,-1,1289,1291,1635,-1,1635,1291,1612,-1,1635,1612,1636,-1,1636,1612,1614,-1,1636,1614,1637,-1,1637,1614,1616,-1,1637,1616,1638,-1,1638,1616,1618,-1,1638,1618,1639,-1,1639,1618,1620,-1,1639,1620,1640,-1,1640,1620,1622,-1,1640,1622,1433,-1,1433,1622,1434,-1,1599,1436,1622,-1,1622,1436,1435,-1,1622,1435,1434,-1,1437,1438,1641,-1,1641,1438,1599,-1,1641,1599,1642,-1,1642,1599,1621,-1,1642,1621,1643,-1,1643,1621,1619,-1,1643,1619,1644,-1,1644,1619,1617,-1,1644,1617,1645,-1,1645,1617,1615,-1,1645,1615,1646,-1,1646,1615,1613,-1,1646,1613,1283,-1,1283,1613,1284,-1,1283,1277,1646,-1,1646,1277,1593,-1,1646,1593,1645,-1,1645,1593,1594,-1,1645,1594,1644,-1,1644,1594,1595,-1,1644,1595,1643,-1,1643,1595,1596,-1,1643,1596,1642,-1,1642,1596,1597,-1,1642,1597,1641,-1,1641,1597,1598,-1,1641,1598,1437,-1,1437,1598,1353,-1,1282,1623,1278,-1,1278,1623,1647,-1,1647,1623,1648,-1,1648,1623,1624,-1,1648,1624,1649,-1,1649,1624,1650,-1,1650,1624,1625,-1,1650,1625,1651,-1,1651,1625,1652,-1,1652,1625,1626,-1,1652,1626,1653,-1,1653,1626,1654,-1,1654,1626,1627,-1,1654,1627,1655,-1,1655,1627,1656,-1,1656,1627,1628,-1,1656,1628,1657,-1,1657,1628,1274,-1,1657,1274,1275,-1,1275,1299,1657,-1,1657,1299,1658,-1,1657,1658,1656,-1,1656,1658,1659,-1,1656,1659,1655,-1,1655,1659,1660,-1,1655,1660,1654,-1,1654,1660,1661,-1,1654,1661,1653,-1,1653,1661,1662,-1,1653,1662,1652,-1,1652,1662,1663,-1,1652,1663,1651,-1,1651,1663,1664,-1,1651,1664,1650,-1,1650,1664,1665,-1,1650,1665,1649,-1,1649,1665,1666,-1,1649,1666,1648,-1,1648,1666,1667,-1,1648,1667,1647,-1,1647,1667,1668,-1,1647,1668,1278,-1,1278,1668,1300,-1,1387,1389,1669,-1,1391,1393,1670,-1,1395,1397,1671,-1,1399,1401,1672,-1,1405,1407,1673,-1,1409,1411,1674,-1,1413,1415,1675,-1,1675,1415,1300,-1,1299,1354,1658,-1,1658,1354,1676,-1,1658,1676,1659,-1,1659,1676,1677,-1,1678,1661,1677,-1,1677,1661,1660,-1,1677,1660,1659,-1,1679,1663,1678,-1,1678,1663,1662,-1,1678,1662,1661,-1,1680,1665,1679,-1,1679,1665,1664,-1,1679,1664,1663,-1,1300,1668,1675,-1,1675,1668,1667,-1,1675,1667,1680,-1,1680,1667,1666,-1,1680,1666,1665,-1,1411,1413,1674,-1,1674,1413,1675,-1,1674,1675,1681,-1,1681,1675,1680,-1,1681,1680,1682,-1,1682,1680,1679,-1,1682,1679,1683,-1,1683,1679,1678,-1,1683,1678,1684,-1,1684,1678,1677,-1,1684,1677,1685,-1,1685,1677,1676,-1,1685,1676,1355,-1,1355,1676,1354,-1,1407,1409,1673,-1,1673,1409,1674,-1,1673,1674,1686,-1,1686,1674,1681,-1,1686,1681,1687,-1,1687,1681,1682,-1,1687,1682,1688,-1,1688,1682,1683,-1,1688,1683,1689,-1,1689,1683,1684,-1,1689,1684,1690,-1,1690,1684,1685,-1,1690,1685,1357,-1,1357,1685,1355,-1,1403,1405,1691,-1,1691,1405,1673,-1,1691,1673,1692,-1,1692,1673,1686,-1,1692,1686,1693,-1,1693,1686,1687,-1,1693,1687,1694,-1,1694,1687,1688,-1,1694,1688,1695,-1,1695,1688,1689,-1,1695,1689,1696,-1,1696,1689,1690,-1,1696,1690,1358,-1,1358,1690,1357,-1,1401,1403,1672,-1,1672,1403,1691,-1,1672,1691,1697,-1,1697,1691,1692,-1,1697,1692,1698,-1,1698,1692,1693,-1,1698,1693,1699,-1,1699,1693,1694,-1,1699,1694,1700,-1,1700,1694,1695,-1,1700,1695,1701,-1,1701,1695,1696,-1,1701,1696,1360,-1,1360,1696,1358,-1,1397,1399,1671,-1,1671,1399,1672,-1,1671,1672,1702,-1,1702,1672,1697,-1,1702,1697,1703,-1,1703,1697,1698,-1,1703,1698,1704,-1,1704,1698,1699,-1,1704,1699,1705,-1,1705,1699,1700,-1,1705,1700,1706,-1,1706,1700,1701,-1,1706,1701,1362,-1,1362,1701,1360,-1,1393,1395,1670,-1,1670,1395,1671,-1,1670,1671,1707,-1,1707,1671,1702,-1,1707,1702,1708,-1,1708,1702,1703,-1,1708,1703,1709,-1,1709,1703,1704,-1,1709,1704,1710,-1,1710,1704,1705,-1,1710,1705,1711,-1,1711,1705,1706,-1,1711,1706,1364,-1,1364,1706,1362,-1,1389,1391,1669,-1,1669,1391,1670,-1,1669,1670,1712,-1,1712,1670,1707,-1,1712,1707,1713,-1,1713,1707,1708,-1,1713,1708,1714,-1,1714,1708,1709,-1,1714,1709,1715,-1,1715,1709,1710,-1,1715,1710,1716,-1,1716,1710,1711,-1,1716,1711,1366,-1,1366,1711,1364,-1,1385,1387,1717,-1,1717,1387,1669,-1,1717,1669,1718,-1,1718,1669,1712,-1,1718,1712,1719,-1,1719,1712,1713,-1,1719,1713,1720,-1,1720,1713,1714,-1,1720,1714,1721,-1,1721,1714,1715,-1,1721,1715,1722,-1,1722,1715,1716,-1,1722,1716,1368,-1,1368,1716,1366,-1,1317,1385,1723,-1,1723,1385,1717,-1,1723,1717,1724,-1,1724,1717,1718,-1,1724,1718,1725,-1,1725,1718,1719,-1,1725,1719,1726,-1,1726,1719,1720,-1,1726,1720,1727,-1,1727,1720,1721,-1,1727,1721,1728,-1,1728,1721,1722,-1,1728,1722,1313,-1,1313,1722,1368,-1,1729,1315,1312,-1,1312,1730,1729,-1,1729,1730,1731,-1,1729,1731,1732,-1,1731,1733,1732,-1,1732,1733,1734,-1,1732,1734,1735,-1,1734,1736,1735,-1,1735,1736,1737,-1,1735,1737,1738,-1,1737,1739,1738,-1,1738,1739,1740,-1,1738,1740,1741,-1,1313,1314,1728,-1,1728,1314,1742,-1,1728,1742,1727,-1,1727,1742,1743,-1,1727,1743,1726,-1,1726,1743,1744,-1,1726,1744,1725,-1,1725,1744,1745,-1,1725,1745,1724,-1,1724,1745,1746,-1,1724,1746,1723,-1,1723,1746,1747,-1,1723,1747,1317,-1,1748,1749,1750,-1,1750,1749,1741,-1,1750,1741,1751,-1,1751,1741,1740,-1,1323,1321,1747,-1,1747,1321,1319,-1,1747,1319,1317,-1,1314,1315,1742,-1,1742,1315,1729,-1,1742,1729,1743,-1,1743,1729,1732,-1,1743,1732,1744,-1,1744,1732,1735,-1,1744,1735,1745,-1,1745,1735,1738,-1,1745,1738,1746,-1,1746,1738,1741,-1,1746,1741,1747,-1,1747,1741,1749,-1,1747,1749,1323,-1,1323,1749,1748,-1,1323,1748,1325,-1,1329,1332,1312,-1,1312,1332,1730,-1,1730,1332,1731,-1,1731,1332,1333,-1,1731,1333,1733,-1,1733,1333,1335,-1,1733,1335,1734,-1,1734,1335,1334,-1,1734,1334,1736,-1,1736,1334,1331,-1,1736,1331,1737,-1,1737,1331,1330,-1,1737,1330,1739,-1,1739,1330,1339,-1,1739,1339,1740,-1,1740,1339,1338,-1,1740,1338,1751,-1,1751,1338,1337,-1,1751,1337,1750,-1,1750,1337,1336,-1,1750,1336,1748,-1,1336,1345,1748,-1,1748,1345,1326,-1,1748,1326,1325,-1,1752,1753,1754,-1,1752,1754,1755,-1,1755,1754,1756,-1,1755,1756,1757,-1,1757,1756,1758,-1,1757,1758,1759,-1,1759,1758,1760,-1,1759,1760,1761,-1,1761,1760,1762,-1,1761,1762,1763,-1,1762,1764,1763,-1,1763,1764,1765,-1,1764,1766,1765,-1,1765,1766,1767,-1,1766,1768,1767,-1,1767,1768,1769,-1,1768,1770,1769,-1,1769,1770,1771,-1,1770,1772,1771,-1,1771,1772,1773,-1,1773,1772,1774,-1,1773,1774,1775,-1,1775,1774,1776,-1,1775,1776,1777,-1,1777,1776,1778,-1,1777,1778,1779,-1,1779,1778,1780,-1,1779,1780,1781,-1,1781,1780,1782,-1,1781,1782,1783,-1,1783,1782,1784,-1,1783,1784,1785,-1,1784,1786,1785,-1,1785,1786,1787,-1,1787,1786,1788,-1,1787,1788,1789,-1,1789,1788,1790,-1,1789,1790,1791,-1,1791,1790,1792,-1,1791,1792,1793,-1,1793,1792,1794,-1,1793,1794,1795,-1,1795,1794,1796,-1,1795,1796,1797,-1,1798,1799,1796,-1,1796,1799,1800,-1,1796,1800,1797,-1,1797,1800,1801,-1,1800,1799,1802,-1,1800,1802,1803,-1,1803,1802,1804,-1,1803,1804,1805,-1,1805,1804,1806,-1,1805,1806,1807,-1,1807,1806,1808,-1,1808,1806,1809,-1,1808,1809,1810,-1,1810,1809,1811,-1,1810,1811,1812,-1,1812,1813,1810,-1,1810,1813,1814,-1,1815,1816,1817,-1,1817,1816,1818,-1,1817,1818,1819,-1,1819,1818,1814,-1,1819,1814,1813,-1,1816,1815,1820,-1,1820,1815,1821,-1,1820,1821,1822,-1,1822,1821,1823,-1,1824,1822,1825,-1,1825,1822,1823,-1,1825,1823,1826,-1,1826,1823,1827,-1,1825,1826,1828,-1,1825,1828,1829,-1,1829,1828,1830,-1,1829,1830,1831,-1,1831,1830,1832,-1,1831,1832,1833,-1,1833,1832,1834,-1,1833,1834,1835,-1,1835,1834,1836,-1,1835,1836,1837,-1,1837,1836,1838,-1,1837,1838,1839,-1,1838,1753,1839,-1,1839,1753,1752,-1,1822,1824,1801,-1,1808,1818,1807,-1,1807,1818,1816,-1,1807,1816,1805,-1,1805,1816,1820,-1,1805,1820,1803,-1,1803,1820,1822,-1,1803,1822,1800,-1,1800,1822,1801,-1,1817,1809,1815,-1,1815,1809,1806,-1,1815,1806,1821,-1,1798,1827,1799,-1,1799,1827,1823,-1,1799,1823,1802,-1,1802,1823,1821,-1,1802,1821,1804,-1,1804,1821,1806,-1,1826,1827,1796,-1,1796,1827,1798,-1,1826,1796,1828,-1,1828,1796,1794,-1,1768,1766,1770,-1,1770,1766,1764,-1,1770,1764,1772,-1,1772,1764,1762,-1,1772,1762,1774,-1,1774,1762,1760,-1,1774,1760,1776,-1,1776,1760,1778,-1,1778,1760,1758,-1,1778,1758,1780,-1,1780,1758,1756,-1,1780,1756,1782,-1,1782,1756,1754,-1,1782,1754,1784,-1,1784,1754,1753,-1,1784,1753,1786,-1,1786,1753,1838,-1,1786,1838,1788,-1,1788,1838,1836,-1,1788,1836,1790,-1,1790,1836,1834,-1,1790,1834,1792,-1,1792,1834,1832,-1,1792,1832,1794,-1,1794,1832,1830,-1,1794,1830,1828,-1,1824,1825,1801,-1,1801,1825,1797,-1,1767,1769,1765,-1,1765,1769,1771,-1,1765,1771,1763,-1,1771,1773,1763,-1,1763,1773,1775,-1,1763,1775,1761,-1,1761,1775,1777,-1,1761,1777,1759,-1,1759,1777,1779,-1,1759,1779,1757,-1,1757,1779,1781,-1,1757,1781,1755,-1,1755,1781,1783,-1,1755,1783,1752,-1,1752,1783,1785,-1,1752,1785,1839,-1,1839,1785,1787,-1,1839,1787,1837,-1,1837,1787,1789,-1,1837,1789,1835,-1,1835,1789,1791,-1,1835,1791,1833,-1,1833,1791,1793,-1,1833,1793,1831,-1,1831,1793,1795,-1,1831,1795,1829,-1,1829,1795,1797,-1,1829,1797,1825,-1,1811,1809,1819,-1,1819,1809,1817,-1,1812,1811,1813,-1,1813,1811,1819,-1,1808,1810,1818,-1,1818,1810,1814,-1,1840,1841,1842,-1,1842,1841,1843,-1,1844,1845,1846,-1,1846,1845,1843,-1,1846,1843,1847,-1,1847,1843,1841,-1,1848,1849,1850,-1,1851,1852,1853,-1,1853,1852,1854,-1,1845,1855,1843,-1,1843,1855,1854,-1,1843,1854,1856,-1,1856,1854,1852,-1,1844,1846,1850,-1,1850,1846,1857,-1,1850,1857,1848,-1,1858,1846,1859,-1,1859,1846,1847,-1,1860,1861,1862,-1,1862,1861,1863,-1,1864,1865,1866,-1,1866,1865,1867,-1,1866,1867,1868,-1,1869,1870,1871,-1,1871,1870,1872,-1,1872,1873,1871,-1,1871,1873,1874,-1,1871,1874,1875,-1,1861,1876,1863,-1,1863,1876,1871,-1,1863,1871,1877,-1,1877,1871,1875,-1,1862,1878,1860,-1,1860,1878,1865,-1,1860,1865,1879,-1,1879,1865,1864,-1,1880,1881,1840,-1,1840,1881,1841,-1,1847,1841,1882,-1,1882,1841,1881,-1,1859,1847,1883,-1,1883,1847,1882,-1,1884,1885,1861,-1,1861,1885,1876,-1,1886,1887,1888,-1,1888,1887,1889,-1,1888,1889,1890,-1,1890,1889,1891,-1,1890,1891,1892,-1,1887,1893,1889,-1,1889,1893,1894,-1,1889,1894,1891,-1,1891,1894,1895,-1,1894,1893,1896,-1,1897,1895,1898,-1,1898,1895,1894,-1,1898,1894,1899,-1,1899,1894,1896,-1,1900,1901,1902,-1,1902,1901,1903,-1,1902,1903,1904,-1,1904,1903,1905,-1,1904,1905,1906,-1,1906,1905,1907,-1,1906,1907,1908,-1,1908,1907,1909,-1,1910,1911,1909,-1,1909,1911,1908,-1,1912,1810,1886,-1,1886,1810,1887,-1,1893,1887,1812,-1,1812,1887,1810,-1,1896,1893,1913,-1,1913,1893,1812,-1,1914,1915,1912,-1,1812,1810,1913,-1,1913,1810,1912,-1,1913,1912,1916,-1,1916,1912,1917,-1,1915,1918,1912,-1,1912,1918,1919,-1,1912,1919,1917,-1,1920,1921,1912,-1,1921,1922,1912,-1,1912,1922,1923,-1,1912,1923,1914,-1,1924,1925,1912,-1,1912,1925,1911,-1,1911,1910,1912,-1,1912,1910,1926,-1,1912,1926,1920,-1,1927,1928,1929,-1,1930,1931,1912,-1,1912,1931,1932,-1,1912,1932,1924,-1,1933,1927,1934,-1,1934,1927,1929,-1,1934,1929,1912,-1,1912,1929,1935,-1,1912,1935,1930,-1,1936,1855,1937,-1,1937,1855,1845,-1,1938,1883,1882,-1,1938,1882,1939,-1,1939,1882,1940,-1,1939,1940,1941,-1,1941,1940,1942,-1,1942,1940,1943,-1,1942,1943,1944,-1,1944,1943,1945,-1,1944,1945,1946,-1,1946,1945,1947,-1,1946,1947,1948,-1,1948,1947,1949,-1,1948,1949,1950,-1,1950,1949,1951,-1,1950,1951,1952,-1,1952,1951,1895,-1,1952,1895,1897,-1,1891,1895,1953,-1,1953,1895,1951,-1,1953,1951,1954,-1,1954,1951,1949,-1,1954,1949,1955,-1,1955,1949,1947,-1,1955,1947,1956,-1,1956,1947,1945,-1,1956,1945,1957,-1,1957,1945,1943,-1,1957,1943,1958,-1,1958,1943,1940,-1,1958,1940,1959,-1,1959,1940,1882,-1,1959,1882,1881,-1,1959,1881,1880,-1,1892,1891,1960,-1,1960,1891,1953,-1,1960,1953,1961,-1,1961,1953,1954,-1,1961,1954,1962,-1,1962,1954,1955,-1,1880,1963,1959,-1,1959,1963,1964,-1,1959,1964,1958,-1,1958,1964,1965,-1,1958,1965,1957,-1,1957,1965,1966,-1,1957,1966,1956,-1,1956,1966,1967,-1,1956,1967,1955,-1,1955,1967,1968,-1,1955,1968,1962,-1,1901,1900,1969,-1,1969,1900,1970,-1,1969,1970,1971,-1,1971,1970,1972,-1,1971,1972,1973,-1,1973,1972,1974,-1,1973,1974,1975,-1,1975,1974,1976,-1,1975,1976,1977,-1,1977,1976,1978,-1,1977,1978,1979,-1,1979,1978,1980,-1,1979,1980,1981,-1,1981,1980,1982,-1,1981,1982,1983,-1,1983,1982,1984,-1,1983,1984,1985,-1,1985,1984,1986,-1,1985,1986,1987,-1,1987,1986,1988,-1,1987,1988,1989,-1,1989,1988,1990,-1,1989,1990,1991,-1,1991,1990,1992,-1,1991,1992,1993,-1,1993,1992,1994,-1,1993,1994,1995,-1,1995,1994,1996,-1,1995,1996,1997,-1,1997,1996,1998,-1,1997,1998,1999,-1,1999,1998,2000,-1,1999,2000,1884,-1,1884,2000,1885,-1,1842,1843,2001,-1,2001,1843,1856,-1,2002,2003,1852,-1,1852,2003,2004,-1,1852,2004,1856,-1,1856,2004,2005,-1,1856,2005,2001,-1,2002,1852,2006,-1,2006,1852,1851,-1,2006,1851,2007,-1,2007,1851,1853,-1,2007,1853,2008,-1,2008,1853,2009,-1,2009,1853,1854,-1,2009,1854,2010,-1,2010,1854,2011,-1,2011,1854,1855,-1,2011,1855,1936,-1,1858,2012,1846,-1,1846,2012,1857,-1,2012,2013,1857,-1,1857,2013,2014,-1,1857,2014,1848,-1,2014,2015,1848,-1,1848,2015,2016,-1,1848,2016,1849,-1,1849,2016,2017,-1,1849,2017,1850,-1,1850,2017,2018,-1,2018,2019,1850,-1,1850,2019,2020,-1,1850,2020,1844,-1,1937,1845,2021,-1,2021,1845,1844,-1,2021,1844,2022,-1,2022,1844,2020,-1,1911,1925,1908,-1,1908,1925,2023,-1,2023,1925,2024,-1,2024,1925,1924,-1,2024,1924,2025,-1,2025,1924,1932,-1,2025,1932,2026,-1,2026,1932,1931,-1,2026,1931,2027,-1,2027,1931,1930,-1,2027,1930,2028,-1,2028,1930,1935,-1,2028,1935,2029,-1,2029,1935,1929,-1,2029,1929,2030,-1,2030,1929,1928,-1,2030,1928,2031,-1,2031,1928,1927,-1,2031,1927,2032,-1,2032,1927,1933,-1,2032,1933,2033,-1,1933,1934,2033,-1,2033,1934,1912,-1,2033,1912,1886,-1,1886,1888,2033,-1,2033,1888,2034,-1,2033,2034,2032,-1,1892,2035,1890,-1,1890,2035,2036,-1,2032,2034,2031,-1,2031,2034,2037,-1,2031,2037,2030,-1,2035,2038,2036,-1,2036,2038,2039,-1,2036,2039,2040,-1,2030,2037,2029,-1,2029,2037,2041,-1,2029,2041,2028,-1,2039,2042,2040,-1,2040,2042,2043,-1,2040,2043,2044,-1,2028,2041,2027,-1,2027,2041,2045,-1,2027,2045,2026,-1,2043,2046,2044,-1,2044,2046,2047,-1,2044,2047,2048,-1,2026,2045,2025,-1,2025,2045,2049,-1,2025,2049,2024,-1,1888,1890,2034,-1,2034,1890,2036,-1,2034,2036,2037,-1,2037,2036,2040,-1,2037,2040,2041,-1,2041,2040,2044,-1,2041,2044,2045,-1,2045,2044,2048,-1,2045,2048,2049,-1,2049,2048,2050,-1,1906,1908,2049,-1,2049,1908,2023,-1,2049,2023,2024,-1,2047,2051,2048,-1,2048,2051,2052,-1,2048,2052,2050,-1,2050,2052,2053,-1,2050,2053,2054,-1,1906,2049,1904,-1,1904,2049,2050,-1,1904,2050,1902,-1,1902,2050,2054,-1,1902,2054,1900,-1,2055,1885,2000,-1,2056,2057,2058,-1,2059,2060,2061,-1,2062,2059,2063,-1,1880,2062,2064,-1,1998,2065,2000,-1,2000,2065,2066,-1,2000,2066,2055,-1,1998,1996,2065,-1,2065,1996,1994,-1,2065,1994,2067,-1,1994,1992,2067,-1,2067,1992,1990,-1,2067,1990,2068,-1,1990,1988,2068,-1,2068,1988,1986,-1,2068,1986,2069,-1,2069,1986,1984,-1,2069,1984,2070,-1,1984,1982,2070,-1,2070,1982,1980,-1,2070,1980,2071,-1,1980,1978,2071,-1,2071,1978,1976,-1,2071,1976,2072,-1,1970,2073,1972,-1,1972,2073,2072,-1,1972,2072,1974,-1,1974,2072,1976,-1,2056,2058,2074,-1,2074,2058,2075,-1,2074,2075,2076,-1,2076,2075,2077,-1,2076,2077,2078,-1,2078,2077,2079,-1,2078,2079,2080,-1,2080,2079,2081,-1,2080,2081,2082,-1,2082,2081,2083,-1,2082,2083,2084,-1,2084,2083,2085,-1,2084,2085,2086,-1,2086,2085,2087,-1,2086,2087,2088,-1,2088,2087,2089,-1,2088,2089,2090,-1,2059,2061,2063,-1,2063,2061,2091,-1,2063,2091,2092,-1,2092,2091,2093,-1,2092,2093,2094,-1,2094,2093,2095,-1,2094,2095,2096,-1,2096,2095,2097,-1,2096,2097,2098,-1,2098,2097,2099,-1,2098,2099,2100,-1,2100,2099,2101,-1,2100,2101,2102,-1,2102,2101,2103,-1,2102,2103,2104,-1,2104,2103,2105,-1,2104,2105,2106,-1,1970,1900,2073,-1,2073,1900,2054,-1,2073,2054,2053,-1,2053,2089,2073,-1,2073,2089,2087,-1,2073,2087,2072,-1,2072,2087,2085,-1,2072,2085,2071,-1,2071,2085,2083,-1,2071,2083,2070,-1,2070,2083,2081,-1,2070,2081,2069,-1,2069,2081,2079,-1,2069,2079,2068,-1,2068,2079,2077,-1,2068,2077,2067,-1,2067,2077,2075,-1,2067,2075,2065,-1,2065,2075,2058,-1,2065,2058,2066,-1,2066,2058,2057,-1,2066,2057,2055,-1,2053,2052,2089,-1,2089,2052,2051,-1,2089,2051,2090,-1,2090,2051,2047,-1,2090,2047,2046,-1,2046,2105,2090,-1,2090,2105,2103,-1,2090,2103,2088,-1,2088,2103,2101,-1,2088,2101,2086,-1,2086,2101,2099,-1,2086,2099,2084,-1,2084,2099,2097,-1,2084,2097,2082,-1,2082,2097,2095,-1,2082,2095,2080,-1,2080,2095,2093,-1,2080,2093,2078,-1,2078,2093,2091,-1,2078,2091,2076,-1,2076,2091,2061,-1,2076,2061,2074,-1,2074,2061,2060,-1,2074,2060,2056,-1,2046,2043,2105,-1,2105,2043,2042,-1,2105,2042,2106,-1,2106,2042,2039,-1,2106,2039,2038,-1,2062,2063,2064,-1,2064,2063,2092,-1,2064,2092,2107,-1,2107,2092,2094,-1,2107,2094,2108,-1,2108,2094,2096,-1,2108,2096,2109,-1,2109,2096,2098,-1,2109,2098,2110,-1,2110,2098,2100,-1,2110,2100,2111,-1,2111,2100,2102,-1,2111,2102,2112,-1,2112,2102,2104,-1,2112,2104,2113,-1,2113,2104,2106,-1,2113,2106,2114,-1,2114,2106,2038,-1,2114,2038,2035,-1,1880,2064,1963,-1,1963,2064,2107,-1,1963,2107,1964,-1,1964,2107,2108,-1,1964,2108,1965,-1,1965,2108,2109,-1,1965,2109,1966,-1,1966,2109,2110,-1,1966,2110,1967,-1,1967,2110,2111,-1,1967,2111,1968,-1,1968,2111,2112,-1,1968,2112,1962,-1,1962,2112,2113,-1,1962,2113,1961,-1,1961,2113,2114,-1,1961,2114,1960,-1,1960,2114,2035,-1,1960,2035,1892,-1,1880,1840,2115,-1,2116,2059,2115,-1,2115,2059,2062,-1,2115,2062,1880,-1,2116,2117,2059,-1,2059,2117,2118,-1,2059,2118,2060,-1,2060,2118,2119,-1,2060,2119,2056,-1,2119,2120,2056,-1,2056,2120,2121,-1,2056,2121,2057,-1,2121,2122,2057,-1,2057,2122,2123,-1,2057,2123,2055,-1,2055,2123,2124,-1,2124,2125,2055,-1,2055,2125,1876,-1,2055,1876,1885,-1,1840,1842,2115,-1,2115,1842,2126,-1,2115,2126,2116,-1,2116,2126,2117,-1,2117,2126,2127,-1,2117,2127,2118,-1,2118,2127,2119,-1,2119,2127,2128,-1,2119,2128,2120,-1,2129,2122,2128,-1,2128,2122,2121,-1,2128,2121,2120,-1,2130,1871,1876,-1,1876,2125,2130,-1,2130,2125,2124,-1,2130,2124,2129,-1,2129,2124,2123,-1,2129,2123,2122,-1,2005,2004,2131,-1,2008,2009,2132,-1,1863,1877,2133,-1,2133,1877,2134,-1,2133,2134,2135,-1,2135,2134,2136,-1,2136,2134,2137,-1,2136,2137,2138,-1,2138,2137,2139,-1,2139,2137,2140,-1,2139,2140,2141,-1,2141,2140,2142,-1,2142,2140,2143,-1,2142,2143,2144,-1,2144,2143,2145,-1,2145,2143,2146,-1,2145,2146,2147,-1,1877,1875,2134,-1,2134,1875,2148,-1,2134,2148,2137,-1,2137,2148,2149,-1,2137,2149,2140,-1,2140,2149,2150,-1,2140,2150,2143,-1,2143,2150,2151,-1,2143,2151,2146,-1,2146,2151,2132,-1,1872,1870,2152,-1,2152,1870,2153,-1,2152,2153,2154,-1,2154,2153,2155,-1,2154,2155,2156,-1,2156,2155,2157,-1,2156,2157,2158,-1,2158,2157,2159,-1,2158,2159,2160,-1,2160,2159,2131,-1,2147,2146,2161,-1,2161,2146,2011,-1,2161,2011,1936,-1,2132,2009,2146,-1,2146,2009,2010,-1,2146,2010,2011,-1,2007,2008,2162,-1,2162,2008,2132,-1,2162,2132,2163,-1,2163,2132,2151,-1,2163,2151,2164,-1,2164,2151,2150,-1,2164,2150,2165,-1,2165,2150,2149,-1,2165,2149,2166,-1,2166,2149,2148,-1,2166,2148,1874,-1,1874,2148,1875,-1,1874,1873,2166,-1,2166,1873,2167,-1,2166,2167,2165,-1,2165,2167,2168,-1,2165,2168,2164,-1,2164,2168,2169,-1,2164,2169,2163,-1,2163,2169,2170,-1,2163,2170,2162,-1,2162,2170,2171,-1,2162,2171,2007,-1,2007,2171,2006,-1,1873,1872,2167,-1,2167,1872,2152,-1,2167,2152,2168,-1,2168,2152,2154,-1,2168,2154,2169,-1,2169,2154,2156,-1,2169,2156,2170,-1,2170,2156,2158,-1,2170,2158,2171,-1,2171,2158,2160,-1,2171,2160,2006,-1,2006,2160,2002,-1,2131,2004,2160,-1,2160,2004,2003,-1,2160,2003,2002,-1,2001,2005,2172,-1,2172,2005,2131,-1,2172,2131,2173,-1,2173,2131,2159,-1,2173,2159,2174,-1,2174,2159,2157,-1,2174,2157,2175,-1,2175,2157,2155,-1,2175,2155,2176,-1,2176,2155,2153,-1,2176,2153,1869,-1,1869,2153,1870,-1,1869,1871,2176,-1,2176,1871,2130,-1,2176,2130,2175,-1,2175,2130,2129,-1,2175,2129,2174,-1,2174,2129,2128,-1,2174,2128,2173,-1,2173,2128,2127,-1,2173,2127,2172,-1,2172,2127,2126,-1,2172,2126,2001,-1,2001,2126,1842,-1,1862,1863,2133,-1,1862,2133,2177,-1,2177,2133,2135,-1,2177,2135,2178,-1,2135,2136,2178,-1,2178,2136,2138,-1,2178,2138,2179,-1,2138,2139,2179,-1,2179,2139,2141,-1,2179,2141,2180,-1,2141,2142,2180,-1,2180,2142,2144,-1,2180,2144,2181,-1,2144,2145,2181,-1,2181,2145,2147,-1,2181,2147,2182,-1,2147,2161,2182,-1,2182,2161,1936,-1,2182,1936,1937,-1,2022,2020,2183,-1,2015,2014,2184,-1,1879,1864,2185,-1,2185,1864,2186,-1,2185,2186,2187,-1,2187,2186,2188,-1,2187,2188,2189,-1,2189,2188,2190,-1,2189,2190,2191,-1,2191,2190,2192,-1,2191,2192,2193,-1,2193,2192,2194,-1,2193,2194,2195,-1,2195,2194,2184,-1,1867,1865,2196,-1,2196,1865,2197,-1,2196,2197,2198,-1,2198,2197,2199,-1,2198,2199,2200,-1,2200,2199,2201,-1,2200,2201,2202,-1,2202,2201,2203,-1,2202,2203,2204,-1,2204,2203,2205,-1,2204,2205,2206,-1,2206,2205,2183,-1,1860,1879,2207,-1,2207,1879,2185,-1,2207,2185,2208,-1,2208,2185,2187,-1,2208,2187,2209,-1,2209,2187,2189,-1,2209,2189,2210,-1,2210,2189,2191,-1,2210,2191,2211,-1,2211,2191,2193,-1,2211,2193,2212,-1,2212,2193,2195,-1,2212,2195,1858,-1,1858,2195,2012,-1,2184,2014,2195,-1,2195,2014,2013,-1,2195,2013,2012,-1,2016,2015,2213,-1,2213,2015,2184,-1,2213,2184,2214,-1,2214,2184,2194,-1,2214,2194,2215,-1,2215,2194,2192,-1,2215,2192,2216,-1,2216,2192,2190,-1,2216,2190,2217,-1,2217,2190,2188,-1,2217,2188,2218,-1,2218,2188,2186,-1,2218,2186,1866,-1,1866,2186,1864,-1,1866,1868,2218,-1,2218,1868,2219,-1,2218,2219,2217,-1,2217,2219,2220,-1,2217,2220,2216,-1,2216,2220,2221,-1,2216,2221,2215,-1,2215,2221,2222,-1,2215,2222,2214,-1,2214,2222,2223,-1,2214,2223,2213,-1,2213,2223,2224,-1,2213,2224,2016,-1,2016,2224,2017,-1,1868,1867,2219,-1,2219,1867,2196,-1,2219,2196,2220,-1,2220,2196,2198,-1,2220,2198,2221,-1,2221,2198,2200,-1,2221,2200,2222,-1,2222,2200,2202,-1,2222,2202,2223,-1,2223,2202,2204,-1,2223,2204,2224,-1,2224,2204,2206,-1,2224,2206,2017,-1,2017,2206,2018,-1,2183,2020,2206,-1,2206,2020,2019,-1,2206,2019,2018,-1,2021,2022,2225,-1,2225,2022,2183,-1,2225,2183,2226,-1,2226,2183,2205,-1,2226,2205,2227,-1,2227,2205,2203,-1,2227,2203,2228,-1,2228,2203,2201,-1,2228,2201,2229,-1,2229,2201,2199,-1,2229,2199,2230,-1,2230,2199,2197,-1,2230,2197,1878,-1,1878,2197,1865,-1,1878,1862,2230,-1,2230,1862,2177,-1,2230,2177,2229,-1,2229,2177,2178,-1,2229,2178,2228,-1,2228,2178,2179,-1,2228,2179,2227,-1,2227,2179,2180,-1,2227,2180,2226,-1,2226,2180,2181,-1,2226,2181,2225,-1,2225,2181,2182,-1,2225,2182,2021,-1,2021,2182,1937,-1,1860,2207,1861,-1,1861,2207,2231,-1,2231,2207,2232,-1,2232,2207,2208,-1,2232,2208,2233,-1,2233,2208,2234,-1,2234,2208,2209,-1,2234,2209,2235,-1,2235,2209,2236,-1,2236,2209,2210,-1,2236,2210,2237,-1,2237,2210,2238,-1,2238,2210,2211,-1,2238,2211,2239,-1,2239,2211,2240,-1,2240,2211,2212,-1,2240,2212,2241,-1,2241,2212,1858,-1,2241,1858,1859,-1,1859,1883,2241,-1,2241,1883,2242,-1,2241,2242,2240,-1,2240,2242,2243,-1,2240,2243,2239,-1,2239,2243,2244,-1,2239,2244,2238,-1,2238,2244,2245,-1,2238,2245,2237,-1,2237,2245,2246,-1,2237,2246,2236,-1,2236,2246,2247,-1,2236,2247,2235,-1,2235,2247,2248,-1,2235,2248,2234,-1,2234,2248,2249,-1,2234,2249,2233,-1,2233,2249,2250,-1,2233,2250,2232,-1,2232,2250,2251,-1,2232,2251,2231,-1,2231,2251,2252,-1,2231,2252,1861,-1,1861,2252,1884,-1,1971,1973,2253,-1,1975,1977,2254,-1,1979,1981,2255,-1,1983,1985,2256,-1,1989,1991,2257,-1,1993,1995,2258,-1,1997,1999,2259,-1,2259,1999,1884,-1,1883,1938,2242,-1,2242,1938,2260,-1,2242,2260,2243,-1,2243,2260,2261,-1,2262,2245,2261,-1,2261,2245,2244,-1,2261,2244,2243,-1,2263,2247,2262,-1,2262,2247,2246,-1,2262,2246,2245,-1,2264,2249,2263,-1,2263,2249,2248,-1,2263,2248,2247,-1,1884,2252,2259,-1,2259,2252,2251,-1,2259,2251,2264,-1,2264,2251,2250,-1,2264,2250,2249,-1,1995,1997,2258,-1,2258,1997,2259,-1,2258,2259,2265,-1,2265,2259,2264,-1,2265,2264,2266,-1,2266,2264,2263,-1,2266,2263,2267,-1,2267,2263,2262,-1,2267,2262,2268,-1,2268,2262,2261,-1,2268,2261,2269,-1,2269,2261,2260,-1,2269,2260,1939,-1,1939,2260,1938,-1,1991,1993,2257,-1,2257,1993,2258,-1,2257,2258,2270,-1,2270,2258,2265,-1,2270,2265,2271,-1,2271,2265,2266,-1,2271,2266,2272,-1,2272,2266,2267,-1,2272,2267,2273,-1,2273,2267,2268,-1,2273,2268,2274,-1,2274,2268,2269,-1,2274,2269,1941,-1,1941,2269,1939,-1,1987,1989,2275,-1,2275,1989,2257,-1,2275,2257,2276,-1,2276,2257,2270,-1,2276,2270,2277,-1,2277,2270,2271,-1,2277,2271,2278,-1,2278,2271,2272,-1,2278,2272,2279,-1,2279,2272,2273,-1,2279,2273,2280,-1,2280,2273,2274,-1,2280,2274,1942,-1,1942,2274,1941,-1,1985,1987,2256,-1,2256,1987,2275,-1,2256,2275,2281,-1,2281,2275,2276,-1,2281,2276,2282,-1,2282,2276,2277,-1,2282,2277,2283,-1,2283,2277,2278,-1,2283,2278,2284,-1,2284,2278,2279,-1,2284,2279,2285,-1,2285,2279,2280,-1,2285,2280,1944,-1,1944,2280,1942,-1,1981,1983,2255,-1,2255,1983,2256,-1,2255,2256,2286,-1,2286,2256,2281,-1,2286,2281,2287,-1,2287,2281,2282,-1,2287,2282,2288,-1,2288,2282,2283,-1,2288,2283,2289,-1,2289,2283,2284,-1,2289,2284,2290,-1,2290,2284,2285,-1,2290,2285,1946,-1,1946,2285,1944,-1,1977,1979,2254,-1,2254,1979,2255,-1,2254,2255,2291,-1,2291,2255,2286,-1,2291,2286,2292,-1,2292,2286,2287,-1,2292,2287,2293,-1,2293,2287,2288,-1,2293,2288,2294,-1,2294,2288,2289,-1,2294,2289,2295,-1,2295,2289,2290,-1,2295,2290,1948,-1,1948,2290,1946,-1,1973,1975,2253,-1,2253,1975,2254,-1,2253,2254,2296,-1,2296,2254,2291,-1,2296,2291,2297,-1,2297,2291,2292,-1,2297,2292,2298,-1,2298,2292,2293,-1,2298,2293,2299,-1,2299,2293,2294,-1,2299,2294,2300,-1,2300,2294,2295,-1,2300,2295,1950,-1,1950,2295,1948,-1,1969,1971,2301,-1,2301,1971,2253,-1,2301,2253,2302,-1,2302,2253,2296,-1,2302,2296,2303,-1,2303,2296,2297,-1,2303,2297,2304,-1,2304,2297,2298,-1,2304,2298,2305,-1,2305,2298,2299,-1,2305,2299,2306,-1,2306,2299,2300,-1,2306,2300,1952,-1,1952,2300,1950,-1,1901,1969,2307,-1,2307,1969,2301,-1,2307,2301,2308,-1,2308,2301,2302,-1,2308,2302,2309,-1,2309,2302,2303,-1,2309,2303,2310,-1,2310,2303,2304,-1,2310,2304,2311,-1,2311,2304,2305,-1,2311,2305,2312,-1,2312,2305,2306,-1,2312,2306,1897,-1,1897,2306,1952,-1,2313,1899,1896,-1,1896,2314,2313,-1,2313,2314,2315,-1,2313,2315,2316,-1,2315,2317,2316,-1,2316,2317,2318,-1,2316,2318,2319,-1,2318,2320,2319,-1,2319,2320,2321,-1,2319,2321,2322,-1,2321,2323,2322,-1,2322,2323,2324,-1,2322,2324,2325,-1,1897,1898,2312,-1,2312,1898,2326,-1,2312,2326,2311,-1,2311,2326,2327,-1,2311,2327,2310,-1,2310,2327,2328,-1,2310,2328,2309,-1,2309,2328,2329,-1,2309,2329,2308,-1,2308,2329,2330,-1,2308,2330,2307,-1,2307,2330,2331,-1,2307,2331,1901,-1,2332,2333,2334,-1,2334,2333,2325,-1,2334,2325,2335,-1,2335,2325,2324,-1,1907,1905,2331,-1,2331,1905,1903,-1,2331,1903,1901,-1,1898,1899,2326,-1,2326,1899,2313,-1,2326,2313,2327,-1,2327,2313,2316,-1,2327,2316,2328,-1,2328,2316,2319,-1,2328,2319,2329,-1,2329,2319,2322,-1,2329,2322,2330,-1,2330,2322,2325,-1,2330,2325,2331,-1,2331,2325,2333,-1,2331,2333,1907,-1,1907,2333,2332,-1,1907,2332,1909,-1,1913,1916,1896,-1,1896,1916,2314,-1,2314,1916,2315,-1,2315,1916,1917,-1,2315,1917,2317,-1,2317,1917,1919,-1,2317,1919,2318,-1,2318,1919,1918,-1,2318,1918,2320,-1,2320,1918,1915,-1,2320,1915,2321,-1,2321,1915,1914,-1,2321,1914,2323,-1,2323,1914,1923,-1,2323,1923,2324,-1,2324,1923,1922,-1,2324,1922,2335,-1,2335,1922,1921,-1,2335,1921,2334,-1,2334,1921,1920,-1,2334,1920,2332,-1,1920,1926,2332,-1,2332,1926,1910,-1,2332,1910,1909,-1,2336,2337,2338,-1,2336,2338,2339,-1,2339,2338,2340,-1,2339,2340,2341,-1,2341,2340,2342,-1,2341,2342,2343,-1,2343,2342,2344,-1,2343,2344,2345,-1,2345,2344,2346,-1,2345,2346,2347,-1,2346,2348,2347,-1,2347,2348,2349,-1,2348,2350,2349,-1,2349,2350,2351,-1,2350,2352,2351,-1,2351,2352,2353,-1,2352,2354,2353,-1,2353,2354,2355,-1,2354,2356,2355,-1,2355,2356,2357,-1,2357,2356,2358,-1,2357,2358,2359,-1,2359,2358,2360,-1,2359,2360,2361,-1,2361,2360,2362,-1,2361,2362,2363,-1,2363,2362,2364,-1,2363,2364,2365,-1,2365,2364,2366,-1,2365,2366,2367,-1,2367,2366,2368,-1,2367,2368,2369,-1,2368,2370,2369,-1,2369,2370,2371,-1,2371,2370,2372,-1,2371,2372,2373,-1,2373,2372,2374,-1,2373,2374,2375,-1,2375,2374,2376,-1,2375,2376,2377,-1,2377,2376,2378,-1,2377,2378,2379,-1,2379,2378,2380,-1,2379,2380,2381,-1,2382,2383,2380,-1,2380,2383,2384,-1,2380,2384,2381,-1,2381,2384,2385,-1,2384,2383,2386,-1,2384,2386,2387,-1,2387,2386,2388,-1,2387,2388,2389,-1,2389,2388,2390,-1,2389,2390,2391,-1,2391,2390,2392,-1,2392,2390,2393,-1,2392,2393,2394,-1,2394,2393,2395,-1,2394,2395,2396,-1,2396,2397,2394,-1,2394,2397,2398,-1,2399,2400,2401,-1,2401,2400,2402,-1,2401,2402,2403,-1,2403,2402,2398,-1,2403,2398,2397,-1,2400,2399,2404,-1,2404,2399,2405,-1,2404,2405,2406,-1,2406,2405,2407,-1,2408,2406,2409,-1,2409,2406,2407,-1,2409,2407,2410,-1,2410,2407,2411,-1,2409,2410,2412,-1,2409,2412,2413,-1,2413,2412,2414,-1,2413,2414,2415,-1,2415,2414,2416,-1,2415,2416,2417,-1,2417,2416,2418,-1,2417,2418,2419,-1,2419,2418,2420,-1,2419,2420,2421,-1,2421,2420,2422,-1,2421,2422,2423,-1,2422,2337,2423,-1,2423,2337,2336,-1,2406,2408,2385,-1,2392,2402,2391,-1,2391,2402,2400,-1,2391,2400,2389,-1,2389,2400,2404,-1,2389,2404,2387,-1,2387,2404,2406,-1,2387,2406,2384,-1,2384,2406,2385,-1,2401,2393,2399,-1,2399,2393,2390,-1,2399,2390,2405,-1,2382,2411,2383,-1,2383,2411,2407,-1,2383,2407,2386,-1,2386,2407,2405,-1,2386,2405,2388,-1,2388,2405,2390,-1,2410,2411,2380,-1,2380,2411,2382,-1,2410,2380,2412,-1,2412,2380,2378,-1,2352,2350,2354,-1,2354,2350,2348,-1,2354,2348,2356,-1,2356,2348,2346,-1,2356,2346,2358,-1,2358,2346,2344,-1,2358,2344,2360,-1,2360,2344,2362,-1,2362,2344,2342,-1,2362,2342,2364,-1,2364,2342,2340,-1,2364,2340,2366,-1,2366,2340,2338,-1,2366,2338,2368,-1,2368,2338,2337,-1,2368,2337,2370,-1,2370,2337,2422,-1,2370,2422,2372,-1,2372,2422,2420,-1,2372,2420,2374,-1,2374,2420,2418,-1,2374,2418,2376,-1,2376,2418,2416,-1,2376,2416,2378,-1,2378,2416,2414,-1,2378,2414,2412,-1,2408,2409,2385,-1,2385,2409,2381,-1,2351,2353,2349,-1,2349,2353,2355,-1,2349,2355,2347,-1,2355,2357,2347,-1,2347,2357,2359,-1,2347,2359,2345,-1,2345,2359,2361,-1,2345,2361,2343,-1,2343,2361,2363,-1,2343,2363,2341,-1,2341,2363,2365,-1,2341,2365,2339,-1,2339,2365,2367,-1,2339,2367,2336,-1,2336,2367,2369,-1,2336,2369,2423,-1,2423,2369,2371,-1,2423,2371,2421,-1,2421,2371,2373,-1,2421,2373,2419,-1,2419,2373,2375,-1,2419,2375,2417,-1,2417,2375,2377,-1,2417,2377,2415,-1,2415,2377,2379,-1,2415,2379,2413,-1,2413,2379,2381,-1,2413,2381,2409,-1,2395,2393,2403,-1,2403,2393,2401,-1,2396,2395,2397,-1,2397,2395,2403,-1,2392,2394,2402,-1,2402,2394,2398,-1,2424,2425,2426,-1,2426,2425,2427,-1,2428,2429,2430,-1,2430,2429,2427,-1,2430,2427,2431,-1,2431,2427,2425,-1,2432,2433,2434,-1,2435,2436,2437,-1,2437,2436,2438,-1,2429,2439,2427,-1,2427,2439,2438,-1,2427,2438,2440,-1,2440,2438,2436,-1,2428,2430,2434,-1,2434,2430,2441,-1,2434,2441,2432,-1,2442,2430,2443,-1,2443,2430,2431,-1,2444,2445,2446,-1,2446,2445,2447,-1,2447,2445,2448,-1,2447,2448,2449,-1,2450,2451,2452,-1,2452,2451,2453,-1,2453,2454,2452,-1,2452,2454,2455,-1,2452,2455,2456,-1,2446,2457,2444,-1,2444,2457,2452,-1,2444,2452,2458,-1,2458,2452,2456,-1,2459,2460,2461,-1,2461,2460,2462,-1,2461,2462,2449,-1,2449,2462,2463,-1,2449,2463,2447,-1,2464,2465,2424,-1,2424,2465,2425,-1,2431,2425,2466,-1,2466,2425,2465,-1,2443,2431,2467,-1,2467,2431,2466,-1,2468,2469,2446,-1,2446,2469,2457,-1,2470,2471,2472,-1,2472,2471,2473,-1,2472,2473,2474,-1,2474,2473,2475,-1,2474,2475,2476,-1,2471,2477,2473,-1,2473,2477,2478,-1,2473,2478,2475,-1,2475,2478,2479,-1,2478,2477,2480,-1,2481,2479,2482,-1,2482,2479,2478,-1,2482,2478,2483,-1,2483,2478,2480,-1,2484,2485,2486,-1,2486,2485,2487,-1,2486,2487,2488,-1,2488,2487,2489,-1,2488,2489,2490,-1,2490,2489,2491,-1,2490,2491,2492,-1,2492,2491,2493,-1,2494,2495,2484,-1,2484,2495,2485,-1,2496,2394,2470,-1,2470,2394,2471,-1,2477,2471,2396,-1,2396,2471,2394,-1,2480,2477,2497,-1,2497,2477,2396,-1,2498,2499,2496,-1,2396,2394,2497,-1,2497,2394,2496,-1,2497,2496,2500,-1,2500,2496,2501,-1,2499,2502,2496,-1,2496,2502,2503,-1,2496,2503,2501,-1,2504,2505,2496,-1,2505,2506,2496,-1,2496,2506,2507,-1,2496,2507,2498,-1,2508,2509,2496,-1,2496,2509,2495,-1,2495,2494,2496,-1,2496,2494,2510,-1,2496,2510,2504,-1,2511,2512,2513,-1,2514,2515,2496,-1,2496,2515,2516,-1,2496,2516,2508,-1,2517,2511,2518,-1,2518,2511,2513,-1,2518,2513,2496,-1,2496,2513,2519,-1,2496,2519,2514,-1,2520,2439,2521,-1,2521,2439,2429,-1,2522,2467,2466,-1,2522,2466,2523,-1,2523,2466,2524,-1,2523,2524,2525,-1,2525,2524,2526,-1,2526,2524,2527,-1,2526,2527,2528,-1,2528,2527,2529,-1,2528,2529,2530,-1,2530,2529,2531,-1,2530,2531,2532,-1,2532,2531,2533,-1,2532,2533,2534,-1,2534,2533,2535,-1,2534,2535,2536,-1,2536,2535,2479,-1,2536,2479,2481,-1,2475,2479,2537,-1,2537,2479,2535,-1,2537,2535,2538,-1,2538,2535,2533,-1,2538,2533,2539,-1,2539,2533,2531,-1,2539,2531,2540,-1,2540,2531,2529,-1,2540,2529,2541,-1,2541,2529,2527,-1,2541,2527,2542,-1,2542,2527,2524,-1,2542,2524,2543,-1,2543,2524,2466,-1,2543,2466,2465,-1,2543,2465,2464,-1,2476,2475,2544,-1,2544,2475,2537,-1,2544,2537,2545,-1,2545,2537,2538,-1,2545,2538,2546,-1,2546,2538,2539,-1,2464,2547,2543,-1,2543,2547,2548,-1,2543,2548,2542,-1,2542,2548,2549,-1,2542,2549,2541,-1,2541,2549,2550,-1,2541,2550,2540,-1,2540,2550,2551,-1,2540,2551,2539,-1,2539,2551,2552,-1,2539,2552,2546,-1,2492,2493,2553,-1,2553,2493,2554,-1,2553,2554,2555,-1,2555,2554,2556,-1,2555,2556,2557,-1,2557,2556,2558,-1,2557,2558,2559,-1,2559,2558,2560,-1,2559,2560,2561,-1,2561,2560,2562,-1,2561,2562,2563,-1,2563,2562,2564,-1,2563,2564,2565,-1,2565,2564,2566,-1,2565,2566,2567,-1,2567,2566,2568,-1,2567,2568,2569,-1,2569,2568,2570,-1,2569,2570,2571,-1,2571,2570,2572,-1,2571,2572,2573,-1,2573,2572,2574,-1,2573,2574,2575,-1,2575,2574,2576,-1,2575,2576,2577,-1,2577,2576,2578,-1,2577,2578,2579,-1,2579,2578,2580,-1,2579,2580,2581,-1,2581,2580,2582,-1,2581,2582,2583,-1,2583,2582,2584,-1,2583,2584,2468,-1,2468,2584,2469,-1,2426,2427,2585,-1,2585,2427,2440,-1,2586,2587,2436,-1,2436,2587,2588,-1,2436,2588,2440,-1,2440,2588,2589,-1,2440,2589,2585,-1,2586,2436,2590,-1,2590,2436,2435,-1,2590,2435,2591,-1,2591,2435,2437,-1,2591,2437,2592,-1,2592,2437,2593,-1,2593,2437,2438,-1,2593,2438,2594,-1,2594,2438,2595,-1,2595,2438,2439,-1,2595,2439,2520,-1,2442,2596,2430,-1,2430,2596,2441,-1,2596,2597,2441,-1,2441,2597,2598,-1,2441,2598,2432,-1,2598,2599,2432,-1,2432,2599,2600,-1,2432,2600,2433,-1,2433,2600,2601,-1,2433,2601,2434,-1,2434,2601,2602,-1,2602,2603,2434,-1,2434,2603,2604,-1,2434,2604,2428,-1,2521,2429,2605,-1,2605,2429,2428,-1,2605,2428,2606,-1,2606,2428,2604,-1,2495,2509,2485,-1,2485,2509,2607,-1,2607,2509,2608,-1,2608,2509,2508,-1,2608,2508,2609,-1,2609,2508,2516,-1,2609,2516,2610,-1,2610,2516,2515,-1,2610,2515,2611,-1,2611,2515,2514,-1,2611,2514,2612,-1,2612,2514,2519,-1,2612,2519,2613,-1,2613,2519,2513,-1,2613,2513,2614,-1,2614,2513,2512,-1,2614,2512,2615,-1,2615,2512,2511,-1,2615,2511,2616,-1,2616,2511,2517,-1,2616,2517,2617,-1,2517,2518,2617,-1,2617,2518,2496,-1,2617,2496,2470,-1,2470,2472,2617,-1,2617,2472,2618,-1,2617,2618,2616,-1,2476,2619,2474,-1,2474,2619,2620,-1,2616,2618,2615,-1,2615,2618,2621,-1,2615,2621,2614,-1,2619,2622,2620,-1,2620,2622,2623,-1,2620,2623,2624,-1,2614,2621,2613,-1,2613,2621,2625,-1,2613,2625,2612,-1,2623,2626,2624,-1,2624,2626,2627,-1,2624,2627,2628,-1,2612,2625,2611,-1,2611,2625,2629,-1,2611,2629,2610,-1,2627,2630,2628,-1,2628,2630,2631,-1,2628,2631,2632,-1,2610,2629,2609,-1,2609,2629,2633,-1,2609,2633,2608,-1,2472,2474,2618,-1,2618,2474,2620,-1,2618,2620,2621,-1,2621,2620,2624,-1,2621,2624,2625,-1,2625,2624,2628,-1,2625,2628,2629,-1,2629,2628,2632,-1,2629,2632,2633,-1,2633,2632,2634,-1,2487,2485,2633,-1,2633,2485,2607,-1,2633,2607,2608,-1,2631,2635,2632,-1,2632,2635,2636,-1,2632,2636,2634,-1,2634,2636,2637,-1,2634,2637,2638,-1,2487,2633,2489,-1,2489,2633,2634,-1,2489,2634,2491,-1,2491,2634,2638,-1,2491,2638,2493,-1,2639,2469,2584,-1,2640,2641,2642,-1,2643,2644,2645,-1,2646,2643,2647,-1,2464,2646,2648,-1,2582,2649,2584,-1,2584,2649,2650,-1,2584,2650,2639,-1,2582,2580,2649,-1,2649,2580,2578,-1,2649,2578,2651,-1,2578,2576,2651,-1,2651,2576,2574,-1,2651,2574,2652,-1,2574,2572,2652,-1,2652,2572,2570,-1,2652,2570,2653,-1,2653,2570,2568,-1,2653,2568,2654,-1,2568,2566,2654,-1,2654,2566,2564,-1,2654,2564,2655,-1,2564,2562,2655,-1,2655,2562,2560,-1,2655,2560,2656,-1,2554,2657,2556,-1,2556,2657,2656,-1,2556,2656,2558,-1,2558,2656,2560,-1,2640,2642,2658,-1,2658,2642,2659,-1,2658,2659,2660,-1,2660,2659,2661,-1,2660,2661,2662,-1,2662,2661,2663,-1,2662,2663,2664,-1,2664,2663,2665,-1,2664,2665,2666,-1,2666,2665,2667,-1,2666,2667,2668,-1,2668,2667,2669,-1,2668,2669,2670,-1,2670,2669,2671,-1,2670,2671,2672,-1,2672,2671,2673,-1,2672,2673,2674,-1,2643,2645,2647,-1,2647,2645,2675,-1,2647,2675,2676,-1,2676,2675,2677,-1,2676,2677,2678,-1,2678,2677,2679,-1,2678,2679,2680,-1,2680,2679,2681,-1,2680,2681,2682,-1,2682,2681,2683,-1,2682,2683,2684,-1,2684,2683,2685,-1,2684,2685,2686,-1,2686,2685,2687,-1,2686,2687,2688,-1,2688,2687,2689,-1,2688,2689,2690,-1,2554,2493,2657,-1,2657,2493,2638,-1,2657,2638,2637,-1,2637,2673,2657,-1,2657,2673,2671,-1,2657,2671,2656,-1,2656,2671,2669,-1,2656,2669,2655,-1,2655,2669,2667,-1,2655,2667,2654,-1,2654,2667,2665,-1,2654,2665,2653,-1,2653,2665,2663,-1,2653,2663,2652,-1,2652,2663,2661,-1,2652,2661,2651,-1,2651,2661,2659,-1,2651,2659,2649,-1,2649,2659,2642,-1,2649,2642,2650,-1,2650,2642,2641,-1,2650,2641,2639,-1,2637,2636,2673,-1,2673,2636,2635,-1,2673,2635,2674,-1,2674,2635,2631,-1,2674,2631,2630,-1,2630,2689,2674,-1,2674,2689,2687,-1,2674,2687,2672,-1,2672,2687,2685,-1,2672,2685,2670,-1,2670,2685,2683,-1,2670,2683,2668,-1,2668,2683,2681,-1,2668,2681,2666,-1,2666,2681,2679,-1,2666,2679,2664,-1,2664,2679,2677,-1,2664,2677,2662,-1,2662,2677,2675,-1,2662,2675,2660,-1,2660,2675,2645,-1,2660,2645,2658,-1,2658,2645,2644,-1,2658,2644,2640,-1,2630,2627,2689,-1,2689,2627,2626,-1,2689,2626,2690,-1,2690,2626,2623,-1,2690,2623,2622,-1,2646,2647,2648,-1,2648,2647,2676,-1,2648,2676,2691,-1,2691,2676,2678,-1,2691,2678,2692,-1,2692,2678,2680,-1,2692,2680,2693,-1,2693,2680,2682,-1,2693,2682,2694,-1,2694,2682,2684,-1,2694,2684,2695,-1,2695,2684,2686,-1,2695,2686,2696,-1,2696,2686,2688,-1,2696,2688,2697,-1,2697,2688,2690,-1,2697,2690,2698,-1,2698,2690,2622,-1,2698,2622,2619,-1,2464,2648,2547,-1,2547,2648,2691,-1,2547,2691,2548,-1,2548,2691,2692,-1,2548,2692,2549,-1,2549,2692,2693,-1,2549,2693,2550,-1,2550,2693,2694,-1,2550,2694,2551,-1,2551,2694,2695,-1,2551,2695,2552,-1,2552,2695,2696,-1,2552,2696,2546,-1,2546,2696,2697,-1,2546,2697,2545,-1,2545,2697,2698,-1,2545,2698,2544,-1,2544,2698,2619,-1,2544,2619,2476,-1,2464,2424,2699,-1,2700,2643,2699,-1,2699,2643,2646,-1,2699,2646,2464,-1,2700,2701,2643,-1,2643,2701,2702,-1,2643,2702,2644,-1,2644,2702,2703,-1,2644,2703,2640,-1,2703,2704,2640,-1,2640,2704,2705,-1,2640,2705,2641,-1,2705,2706,2641,-1,2641,2706,2707,-1,2641,2707,2639,-1,2639,2707,2708,-1,2708,2709,2639,-1,2639,2709,2457,-1,2639,2457,2469,-1,2424,2426,2699,-1,2699,2426,2710,-1,2699,2710,2700,-1,2700,2710,2701,-1,2701,2710,2711,-1,2701,2711,2702,-1,2702,2711,2703,-1,2703,2711,2712,-1,2703,2712,2704,-1,2713,2706,2712,-1,2712,2706,2705,-1,2712,2705,2704,-1,2714,2452,2457,-1,2457,2709,2714,-1,2714,2709,2708,-1,2714,2708,2713,-1,2713,2708,2707,-1,2713,2707,2706,-1,2589,2588,2715,-1,2592,2593,2716,-1,2444,2458,2717,-1,2717,2458,2718,-1,2717,2718,2719,-1,2719,2718,2720,-1,2720,2718,2721,-1,2720,2721,2722,-1,2722,2721,2723,-1,2723,2721,2724,-1,2723,2724,2725,-1,2725,2724,2726,-1,2726,2724,2727,-1,2726,2727,2728,-1,2728,2727,2729,-1,2729,2727,2730,-1,2729,2730,2731,-1,2458,2456,2718,-1,2718,2456,2732,-1,2718,2732,2721,-1,2721,2732,2733,-1,2721,2733,2724,-1,2724,2733,2734,-1,2724,2734,2727,-1,2727,2734,2735,-1,2727,2735,2730,-1,2730,2735,2716,-1,2453,2451,2736,-1,2736,2451,2737,-1,2736,2737,2738,-1,2738,2737,2739,-1,2738,2739,2740,-1,2740,2739,2741,-1,2740,2741,2742,-1,2742,2741,2743,-1,2742,2743,2744,-1,2744,2743,2715,-1,2731,2730,2745,-1,2745,2730,2595,-1,2745,2595,2520,-1,2716,2593,2730,-1,2730,2593,2594,-1,2730,2594,2595,-1,2591,2592,2746,-1,2746,2592,2716,-1,2746,2716,2747,-1,2747,2716,2735,-1,2747,2735,2748,-1,2748,2735,2734,-1,2748,2734,2749,-1,2749,2734,2733,-1,2749,2733,2750,-1,2750,2733,2732,-1,2750,2732,2455,-1,2455,2732,2456,-1,2455,2454,2750,-1,2750,2454,2751,-1,2750,2751,2749,-1,2749,2751,2752,-1,2749,2752,2748,-1,2748,2752,2753,-1,2748,2753,2747,-1,2747,2753,2754,-1,2747,2754,2746,-1,2746,2754,2755,-1,2746,2755,2591,-1,2591,2755,2590,-1,2454,2453,2751,-1,2751,2453,2736,-1,2751,2736,2752,-1,2752,2736,2738,-1,2752,2738,2753,-1,2753,2738,2740,-1,2753,2740,2754,-1,2754,2740,2742,-1,2754,2742,2755,-1,2755,2742,2744,-1,2755,2744,2590,-1,2590,2744,2586,-1,2715,2588,2744,-1,2744,2588,2587,-1,2744,2587,2586,-1,2585,2589,2756,-1,2756,2589,2715,-1,2756,2715,2757,-1,2757,2715,2743,-1,2757,2743,2758,-1,2758,2743,2741,-1,2758,2741,2759,-1,2759,2741,2739,-1,2759,2739,2760,-1,2760,2739,2737,-1,2760,2737,2450,-1,2450,2737,2451,-1,2450,2452,2760,-1,2760,2452,2714,-1,2760,2714,2759,-1,2759,2714,2713,-1,2759,2713,2758,-1,2758,2713,2712,-1,2758,2712,2757,-1,2757,2712,2711,-1,2757,2711,2756,-1,2756,2711,2710,-1,2756,2710,2585,-1,2585,2710,2426,-1,2445,2444,2717,-1,2445,2717,2761,-1,2761,2717,2719,-1,2761,2719,2762,-1,2719,2720,2762,-1,2762,2720,2722,-1,2762,2722,2763,-1,2722,2723,2763,-1,2763,2723,2725,-1,2763,2725,2764,-1,2725,2726,2764,-1,2764,2726,2728,-1,2764,2728,2765,-1,2728,2729,2765,-1,2765,2729,2731,-1,2765,2731,2766,-1,2731,2745,2766,-1,2766,2745,2520,-1,2766,2520,2521,-1,2606,2604,2767,-1,2599,2598,2768,-1,2463,2462,2769,-1,2769,2462,2770,-1,2769,2770,2771,-1,2771,2770,2772,-1,2771,2772,2773,-1,2773,2772,2774,-1,2773,2774,2775,-1,2775,2774,2776,-1,2775,2776,2777,-1,2777,2776,2778,-1,2777,2778,2779,-1,2779,2778,2768,-1,2461,2449,2780,-1,2780,2449,2781,-1,2780,2781,2782,-1,2782,2781,2783,-1,2782,2783,2784,-1,2784,2783,2785,-1,2784,2785,2786,-1,2786,2785,2787,-1,2786,2787,2788,-1,2788,2787,2789,-1,2788,2789,2790,-1,2790,2789,2767,-1,2447,2463,2791,-1,2791,2463,2769,-1,2791,2769,2792,-1,2792,2769,2771,-1,2792,2771,2793,-1,2793,2771,2773,-1,2793,2773,2794,-1,2794,2773,2775,-1,2794,2775,2795,-1,2795,2775,2777,-1,2795,2777,2796,-1,2796,2777,2779,-1,2796,2779,2442,-1,2442,2779,2596,-1,2768,2598,2779,-1,2779,2598,2597,-1,2779,2597,2596,-1,2600,2599,2797,-1,2797,2599,2768,-1,2797,2768,2798,-1,2798,2768,2778,-1,2798,2778,2799,-1,2799,2778,2776,-1,2799,2776,2800,-1,2800,2776,2774,-1,2800,2774,2801,-1,2801,2774,2772,-1,2801,2772,2802,-1,2802,2772,2770,-1,2802,2770,2460,-1,2460,2770,2462,-1,2460,2459,2802,-1,2802,2459,2803,-1,2802,2803,2801,-1,2801,2803,2804,-1,2801,2804,2800,-1,2800,2804,2805,-1,2800,2805,2799,-1,2799,2805,2806,-1,2799,2806,2798,-1,2798,2806,2807,-1,2798,2807,2797,-1,2797,2807,2808,-1,2797,2808,2600,-1,2600,2808,2601,-1,2459,2461,2803,-1,2803,2461,2780,-1,2803,2780,2804,-1,2804,2780,2782,-1,2804,2782,2805,-1,2805,2782,2784,-1,2805,2784,2806,-1,2806,2784,2786,-1,2806,2786,2807,-1,2807,2786,2788,-1,2807,2788,2808,-1,2808,2788,2790,-1,2808,2790,2601,-1,2601,2790,2602,-1,2767,2604,2790,-1,2790,2604,2603,-1,2790,2603,2602,-1,2605,2606,2809,-1,2809,2606,2767,-1,2809,2767,2810,-1,2810,2767,2789,-1,2810,2789,2811,-1,2811,2789,2787,-1,2811,2787,2812,-1,2812,2787,2785,-1,2812,2785,2813,-1,2813,2785,2783,-1,2813,2783,2814,-1,2814,2783,2781,-1,2814,2781,2448,-1,2448,2781,2449,-1,2448,2445,2814,-1,2814,2445,2761,-1,2814,2761,2813,-1,2813,2761,2762,-1,2813,2762,2812,-1,2812,2762,2763,-1,2812,2763,2811,-1,2811,2763,2764,-1,2811,2764,2810,-1,2810,2764,2765,-1,2810,2765,2809,-1,2809,2765,2766,-1,2809,2766,2605,-1,2605,2766,2521,-1,2447,2791,2446,-1,2446,2791,2815,-1,2815,2791,2816,-1,2816,2791,2792,-1,2816,2792,2817,-1,2817,2792,2818,-1,2818,2792,2793,-1,2818,2793,2819,-1,2819,2793,2820,-1,2820,2793,2794,-1,2820,2794,2821,-1,2821,2794,2822,-1,2822,2794,2795,-1,2822,2795,2823,-1,2823,2795,2824,-1,2824,2795,2796,-1,2824,2796,2825,-1,2825,2796,2442,-1,2825,2442,2443,-1,2443,2467,2825,-1,2825,2467,2826,-1,2825,2826,2824,-1,2824,2826,2827,-1,2824,2827,2823,-1,2823,2827,2828,-1,2823,2828,2822,-1,2822,2828,2829,-1,2822,2829,2821,-1,2821,2829,2830,-1,2821,2830,2820,-1,2820,2830,2831,-1,2820,2831,2819,-1,2819,2831,2832,-1,2819,2832,2818,-1,2818,2832,2833,-1,2818,2833,2817,-1,2817,2833,2834,-1,2817,2834,2816,-1,2816,2834,2835,-1,2816,2835,2815,-1,2815,2835,2836,-1,2815,2836,2446,-1,2446,2836,2468,-1,2555,2557,2837,-1,2559,2561,2838,-1,2563,2565,2839,-1,2567,2569,2840,-1,2573,2575,2841,-1,2577,2579,2842,-1,2581,2583,2843,-1,2843,2583,2468,-1,2467,2522,2826,-1,2826,2522,2844,-1,2826,2844,2827,-1,2827,2844,2845,-1,2846,2829,2845,-1,2845,2829,2828,-1,2845,2828,2827,-1,2847,2831,2846,-1,2846,2831,2830,-1,2846,2830,2829,-1,2848,2833,2847,-1,2847,2833,2832,-1,2847,2832,2831,-1,2468,2836,2843,-1,2843,2836,2835,-1,2843,2835,2848,-1,2848,2835,2834,-1,2848,2834,2833,-1,2579,2581,2842,-1,2842,2581,2843,-1,2842,2843,2849,-1,2849,2843,2848,-1,2849,2848,2850,-1,2850,2848,2847,-1,2850,2847,2851,-1,2851,2847,2846,-1,2851,2846,2852,-1,2852,2846,2845,-1,2852,2845,2853,-1,2853,2845,2844,-1,2853,2844,2523,-1,2523,2844,2522,-1,2575,2577,2841,-1,2841,2577,2842,-1,2841,2842,2854,-1,2854,2842,2849,-1,2854,2849,2855,-1,2855,2849,2850,-1,2855,2850,2856,-1,2856,2850,2851,-1,2856,2851,2857,-1,2857,2851,2852,-1,2857,2852,2858,-1,2858,2852,2853,-1,2858,2853,2525,-1,2525,2853,2523,-1,2571,2573,2859,-1,2859,2573,2841,-1,2859,2841,2860,-1,2860,2841,2854,-1,2860,2854,2861,-1,2861,2854,2855,-1,2861,2855,2862,-1,2862,2855,2856,-1,2862,2856,2863,-1,2863,2856,2857,-1,2863,2857,2864,-1,2864,2857,2858,-1,2864,2858,2526,-1,2526,2858,2525,-1,2569,2571,2840,-1,2840,2571,2859,-1,2840,2859,2865,-1,2865,2859,2860,-1,2865,2860,2866,-1,2866,2860,2861,-1,2866,2861,2867,-1,2867,2861,2862,-1,2867,2862,2868,-1,2868,2862,2863,-1,2868,2863,2869,-1,2869,2863,2864,-1,2869,2864,2528,-1,2528,2864,2526,-1,2565,2567,2839,-1,2839,2567,2840,-1,2839,2840,2870,-1,2870,2840,2865,-1,2870,2865,2871,-1,2871,2865,2866,-1,2871,2866,2872,-1,2872,2866,2867,-1,2872,2867,2873,-1,2873,2867,2868,-1,2873,2868,2874,-1,2874,2868,2869,-1,2874,2869,2530,-1,2530,2869,2528,-1,2561,2563,2838,-1,2838,2563,2839,-1,2838,2839,2875,-1,2875,2839,2870,-1,2875,2870,2876,-1,2876,2870,2871,-1,2876,2871,2877,-1,2877,2871,2872,-1,2877,2872,2878,-1,2878,2872,2873,-1,2878,2873,2879,-1,2879,2873,2874,-1,2879,2874,2532,-1,2532,2874,2530,-1,2557,2559,2837,-1,2837,2559,2838,-1,2837,2838,2880,-1,2880,2838,2875,-1,2880,2875,2881,-1,2881,2875,2876,-1,2881,2876,2882,-1,2882,2876,2877,-1,2882,2877,2883,-1,2883,2877,2878,-1,2883,2878,2884,-1,2884,2878,2879,-1,2884,2879,2534,-1,2534,2879,2532,-1,2553,2555,2885,-1,2885,2555,2837,-1,2885,2837,2886,-1,2886,2837,2880,-1,2886,2880,2887,-1,2887,2880,2881,-1,2887,2881,2888,-1,2888,2881,2882,-1,2888,2882,2889,-1,2889,2882,2883,-1,2889,2883,2890,-1,2890,2883,2884,-1,2890,2884,2536,-1,2536,2884,2534,-1,2492,2553,2891,-1,2891,2553,2885,-1,2891,2885,2892,-1,2892,2885,2886,-1,2892,2886,2893,-1,2893,2886,2887,-1,2893,2887,2894,-1,2894,2887,2888,-1,2894,2888,2895,-1,2895,2888,2889,-1,2895,2889,2896,-1,2896,2889,2890,-1,2896,2890,2481,-1,2481,2890,2536,-1,2897,2483,2480,-1,2480,2898,2897,-1,2897,2898,2899,-1,2897,2899,2900,-1,2899,2901,2900,-1,2900,2901,2902,-1,2900,2902,2903,-1,2902,2904,2903,-1,2903,2904,2905,-1,2903,2905,2906,-1,2905,2907,2906,-1,2906,2907,2908,-1,2906,2908,2909,-1,2481,2482,2896,-1,2896,2482,2910,-1,2896,2910,2895,-1,2895,2910,2911,-1,2895,2911,2894,-1,2894,2911,2912,-1,2894,2912,2893,-1,2893,2912,2913,-1,2893,2913,2892,-1,2892,2913,2914,-1,2892,2914,2891,-1,2891,2914,2915,-1,2891,2915,2492,-1,2916,2917,2918,-1,2918,2917,2909,-1,2918,2909,2919,-1,2919,2909,2908,-1,2486,2488,2915,-1,2915,2488,2490,-1,2915,2490,2492,-1,2482,2483,2910,-1,2910,2483,2897,-1,2910,2897,2911,-1,2911,2897,2900,-1,2911,2900,2912,-1,2912,2900,2903,-1,2912,2903,2913,-1,2913,2903,2906,-1,2913,2906,2914,-1,2914,2906,2909,-1,2914,2909,2915,-1,2915,2909,2917,-1,2915,2917,2486,-1,2486,2917,2916,-1,2486,2916,2484,-1,2497,2500,2480,-1,2480,2500,2898,-1,2898,2500,2899,-1,2899,2500,2501,-1,2899,2501,2901,-1,2901,2501,2503,-1,2901,2503,2902,-1,2902,2503,2502,-1,2902,2502,2904,-1,2904,2502,2499,-1,2904,2499,2905,-1,2905,2499,2498,-1,2905,2498,2907,-1,2907,2498,2507,-1,2907,2507,2908,-1,2908,2507,2506,-1,2908,2506,2919,-1,2919,2506,2505,-1,2919,2505,2918,-1,2918,2505,2504,-1,2918,2504,2916,-1,2504,2510,2916,-1,2916,2510,2494,-1,2916,2494,2484,-1,2920,2921,2922,-1,2920,2922,2923,-1,2923,2922,2924,-1,2923,2924,2925,-1,2925,2924,2926,-1,2925,2926,2927,-1,2927,2926,2928,-1,2927,2928,2929,-1,2929,2928,2930,-1,2929,2930,2931,-1,2930,2932,2931,-1,2931,2932,2933,-1,2932,2934,2933,-1,2933,2934,2935,-1,2934,2936,2935,-1,2935,2936,2937,-1,2936,2938,2937,-1,2937,2938,2939,-1,2938,2940,2939,-1,2939,2940,2941,-1,2941,2940,2942,-1,2941,2942,2943,-1,2943,2942,2944,-1,2943,2944,2945,-1,2945,2944,2946,-1,2945,2946,2947,-1,2947,2946,2948,-1,2947,2948,2949,-1,2949,2948,2950,-1,2949,2950,2951,-1,2951,2950,2952,-1,2951,2952,2953,-1,2952,2954,2953,-1,2953,2954,2955,-1,2955,2954,2956,-1,2955,2956,2957,-1,2957,2956,2958,-1,2957,2958,2959,-1,2959,2958,2960,-1,2959,2960,2961,-1,2961,2960,2962,-1,2961,2962,2963,-1,2963,2962,2964,-1,2963,2964,2965,-1,2966,2967,2964,-1,2964,2967,2968,-1,2964,2968,2965,-1,2965,2968,2969,-1,2968,2967,2970,-1,2968,2970,2971,-1,2971,2970,2972,-1,2971,2972,2973,-1,2973,2972,2974,-1,2973,2974,2975,-1,2975,2974,2976,-1,2976,2974,2977,-1,2976,2977,2978,-1,2978,2977,2979,-1,2978,2979,2980,-1,2980,2981,2978,-1,2978,2981,2982,-1,2983,2984,2985,-1,2985,2984,2986,-1,2985,2986,2987,-1,2987,2986,2982,-1,2987,2982,2981,-1,2984,2983,2988,-1,2988,2983,2989,-1,2988,2989,2990,-1,2990,2989,2991,-1,2992,2990,2993,-1,2993,2990,2991,-1,2993,2991,2994,-1,2994,2991,2995,-1,2993,2994,2996,-1,2993,2996,2997,-1,2997,2996,2998,-1,2997,2998,2999,-1,2999,2998,3000,-1,2999,3000,3001,-1,3001,3000,3002,-1,3001,3002,3003,-1,3003,3002,3004,-1,3003,3004,3005,-1,3005,3004,3006,-1,3005,3006,3007,-1,3006,2921,3007,-1,3007,2921,2920,-1,2990,2992,2969,-1,2976,2986,2975,-1,2975,2986,2984,-1,2975,2984,2973,-1,2973,2984,2988,-1,2973,2988,2971,-1,2971,2988,2990,-1,2971,2990,2968,-1,2968,2990,2969,-1,2985,2977,2983,-1,2983,2977,2974,-1,2983,2974,2989,-1,2966,2995,2967,-1,2967,2995,2991,-1,2967,2991,2970,-1,2970,2991,2989,-1,2970,2989,2972,-1,2972,2989,2974,-1,2994,2995,2964,-1,2964,2995,2966,-1,2994,2964,2996,-1,2996,2964,2962,-1,2936,2934,2938,-1,2938,2934,2932,-1,2938,2932,2940,-1,2940,2932,2930,-1,2940,2930,2942,-1,2942,2930,2928,-1,2942,2928,2944,-1,2944,2928,2946,-1,2946,2928,2926,-1,2946,2926,2948,-1,2948,2926,2924,-1,2948,2924,2950,-1,2950,2924,2922,-1,2950,2922,2952,-1,2952,2922,2921,-1,2952,2921,2954,-1,2954,2921,3006,-1,2954,3006,2956,-1,2956,3006,3004,-1,2956,3004,2958,-1,2958,3004,3002,-1,2958,3002,2960,-1,2960,3002,3000,-1,2960,3000,2962,-1,2962,3000,2998,-1,2962,2998,2996,-1,2992,2993,2969,-1,2969,2993,2965,-1,2935,2937,2933,-1,2933,2937,2939,-1,2933,2939,2931,-1,2939,2941,2931,-1,2931,2941,2943,-1,2931,2943,2929,-1,2929,2943,2945,-1,2929,2945,2927,-1,2927,2945,2947,-1,2927,2947,2925,-1,2925,2947,2949,-1,2925,2949,2923,-1,2923,2949,2951,-1,2923,2951,2920,-1,2920,2951,2953,-1,2920,2953,3007,-1,3007,2953,2955,-1,3007,2955,3005,-1,3005,2955,2957,-1,3005,2957,3003,-1,3003,2957,2959,-1,3003,2959,3001,-1,3001,2959,2961,-1,3001,2961,2999,-1,2999,2961,2963,-1,2999,2963,2997,-1,2997,2963,2965,-1,2997,2965,2993,-1,2979,2977,2987,-1,2987,2977,2985,-1,2980,2979,2981,-1,2981,2979,2987,-1,2976,2978,2986,-1,2986,2978,2982,-1,3008,3009,3010,-1,3010,3009,3011,-1,3012,3013,3014,-1,3014,3013,3011,-1,3014,3011,3015,-1,3015,3011,3009,-1,3016,3017,3018,-1,3019,3020,3021,-1,3021,3020,3022,-1,3013,3023,3011,-1,3011,3023,3022,-1,3011,3022,3024,-1,3024,3022,3020,-1,3012,3014,3018,-1,3018,3014,3025,-1,3018,3025,3016,-1,3026,3014,3027,-1,3027,3014,3015,-1,3028,3029,3030,-1,3030,3029,3031,-1,3032,3033,3034,-1,3034,3033,3035,-1,3034,3035,3036,-1,3037,3038,3039,-1,3039,3038,3040,-1,3040,3041,3039,-1,3039,3041,3042,-1,3039,3042,3043,-1,3029,3044,3031,-1,3031,3044,3039,-1,3031,3039,3045,-1,3045,3039,3043,-1,3030,3046,3028,-1,3028,3046,3033,-1,3028,3033,3047,-1,3047,3033,3032,-1,3048,3049,3008,-1,3008,3049,3009,-1,3015,3009,3050,-1,3050,3009,3049,-1,3027,3015,3051,-1,3051,3015,3050,-1,3052,3053,3029,-1,3029,3053,3044,-1,3054,3055,3056,-1,3056,3055,3057,-1,3056,3057,3058,-1,3058,3057,3059,-1,3058,3059,3060,-1,3055,3061,3057,-1,3057,3061,3062,-1,3057,3062,3059,-1,3059,3062,3063,-1,3062,3061,3064,-1,3065,3063,3066,-1,3066,3063,3062,-1,3066,3062,3067,-1,3067,3062,3064,-1,3068,3069,3070,-1,3070,3069,3071,-1,3070,3071,3072,-1,3072,3071,3073,-1,3072,3073,3074,-1,3074,3073,3075,-1,3074,3075,3076,-1,3076,3075,3077,-1,3078,3079,3068,-1,3068,3079,3069,-1,3080,2978,3054,-1,3054,2978,3055,-1,3061,3055,2980,-1,2980,3055,2978,-1,3064,3061,3081,-1,3081,3061,2980,-1,3082,3083,3080,-1,2980,2978,3081,-1,3081,2978,3080,-1,3081,3080,3084,-1,3084,3080,3085,-1,3083,3086,3080,-1,3080,3086,3087,-1,3080,3087,3085,-1,3088,3089,3080,-1,3089,3090,3080,-1,3080,3090,3091,-1,3080,3091,3082,-1,3092,3093,3080,-1,3080,3093,3079,-1,3079,3078,3080,-1,3080,3078,3094,-1,3080,3094,3088,-1,3095,3096,3097,-1,3098,3099,3080,-1,3080,3099,3100,-1,3080,3100,3092,-1,3101,3095,3102,-1,3102,3095,3097,-1,3102,3097,3080,-1,3080,3097,3103,-1,3080,3103,3098,-1,3104,3023,3105,-1,3105,3023,3013,-1,3106,3051,3050,-1,3106,3050,3107,-1,3107,3050,3108,-1,3107,3108,3109,-1,3109,3108,3110,-1,3110,3108,3111,-1,3110,3111,3112,-1,3112,3111,3113,-1,3112,3113,3114,-1,3114,3113,3115,-1,3114,3115,3116,-1,3116,3115,3117,-1,3116,3117,3118,-1,3118,3117,3119,-1,3118,3119,3120,-1,3120,3119,3063,-1,3120,3063,3065,-1,3059,3063,3121,-1,3121,3063,3119,-1,3121,3119,3122,-1,3122,3119,3117,-1,3122,3117,3123,-1,3123,3117,3115,-1,3123,3115,3124,-1,3124,3115,3113,-1,3124,3113,3125,-1,3125,3113,3111,-1,3125,3111,3126,-1,3126,3111,3108,-1,3126,3108,3127,-1,3127,3108,3050,-1,3127,3050,3049,-1,3127,3049,3048,-1,3060,3059,3128,-1,3128,3059,3121,-1,3128,3121,3129,-1,3129,3121,3122,-1,3129,3122,3130,-1,3130,3122,3123,-1,3048,3131,3127,-1,3127,3131,3132,-1,3127,3132,3126,-1,3126,3132,3133,-1,3126,3133,3125,-1,3125,3133,3134,-1,3125,3134,3124,-1,3124,3134,3135,-1,3124,3135,3123,-1,3123,3135,3136,-1,3123,3136,3130,-1,3076,3077,3137,-1,3137,3077,3138,-1,3137,3138,3139,-1,3139,3138,3140,-1,3139,3140,3141,-1,3141,3140,3142,-1,3141,3142,3143,-1,3143,3142,3144,-1,3143,3144,3145,-1,3145,3144,3146,-1,3145,3146,3147,-1,3147,3146,3148,-1,3147,3148,3149,-1,3149,3148,3150,-1,3149,3150,3151,-1,3151,3150,3152,-1,3151,3152,3153,-1,3153,3152,3154,-1,3153,3154,3155,-1,3155,3154,3156,-1,3155,3156,3157,-1,3157,3156,3158,-1,3157,3158,3159,-1,3159,3158,3160,-1,3159,3160,3161,-1,3161,3160,3162,-1,3161,3162,3163,-1,3163,3162,3164,-1,3163,3164,3165,-1,3165,3164,3166,-1,3165,3166,3167,-1,3167,3166,3168,-1,3167,3168,3052,-1,3052,3168,3053,-1,3010,3011,3169,-1,3169,3011,3024,-1,3170,3171,3020,-1,3020,3171,3172,-1,3020,3172,3024,-1,3024,3172,3173,-1,3024,3173,3169,-1,3170,3020,3174,-1,3174,3020,3019,-1,3174,3019,3175,-1,3175,3019,3021,-1,3175,3021,3176,-1,3176,3021,3177,-1,3177,3021,3022,-1,3177,3022,3178,-1,3178,3022,3179,-1,3179,3022,3023,-1,3179,3023,3104,-1,3026,3180,3014,-1,3014,3180,3025,-1,3180,3181,3025,-1,3025,3181,3182,-1,3025,3182,3016,-1,3182,3183,3016,-1,3016,3183,3184,-1,3016,3184,3017,-1,3017,3184,3185,-1,3017,3185,3018,-1,3018,3185,3186,-1,3186,3187,3018,-1,3018,3187,3188,-1,3018,3188,3012,-1,3105,3013,3189,-1,3189,3013,3012,-1,3189,3012,3190,-1,3190,3012,3188,-1,3079,3093,3069,-1,3069,3093,3191,-1,3191,3093,3192,-1,3192,3093,3092,-1,3192,3092,3193,-1,3193,3092,3100,-1,3193,3100,3194,-1,3194,3100,3099,-1,3194,3099,3195,-1,3195,3099,3098,-1,3195,3098,3196,-1,3196,3098,3103,-1,3196,3103,3197,-1,3197,3103,3097,-1,3197,3097,3198,-1,3198,3097,3096,-1,3198,3096,3199,-1,3199,3096,3095,-1,3199,3095,3200,-1,3200,3095,3101,-1,3200,3101,3201,-1,3101,3102,3201,-1,3201,3102,3080,-1,3201,3080,3054,-1,3054,3056,3201,-1,3201,3056,3202,-1,3201,3202,3200,-1,3060,3203,3058,-1,3058,3203,3204,-1,3200,3202,3199,-1,3199,3202,3205,-1,3199,3205,3198,-1,3203,3206,3204,-1,3204,3206,3207,-1,3204,3207,3208,-1,3198,3205,3197,-1,3197,3205,3209,-1,3197,3209,3196,-1,3207,3210,3208,-1,3208,3210,3211,-1,3208,3211,3212,-1,3196,3209,3195,-1,3195,3209,3213,-1,3195,3213,3194,-1,3211,3214,3212,-1,3212,3214,3215,-1,3212,3215,3216,-1,3194,3213,3193,-1,3193,3213,3217,-1,3193,3217,3192,-1,3056,3058,3202,-1,3202,3058,3204,-1,3202,3204,3205,-1,3205,3204,3208,-1,3205,3208,3209,-1,3209,3208,3212,-1,3209,3212,3213,-1,3213,3212,3216,-1,3213,3216,3217,-1,3217,3216,3218,-1,3071,3069,3217,-1,3217,3069,3191,-1,3217,3191,3192,-1,3215,3219,3216,-1,3216,3219,3220,-1,3216,3220,3218,-1,3218,3220,3221,-1,3218,3221,3222,-1,3071,3217,3073,-1,3073,3217,3218,-1,3073,3218,3075,-1,3075,3218,3222,-1,3075,3222,3077,-1,3223,3053,3168,-1,3224,3225,3226,-1,3227,3228,3229,-1,3230,3227,3231,-1,3048,3230,3232,-1,3166,3233,3168,-1,3168,3233,3234,-1,3168,3234,3223,-1,3166,3164,3233,-1,3233,3164,3162,-1,3233,3162,3235,-1,3162,3160,3235,-1,3235,3160,3158,-1,3235,3158,3236,-1,3158,3156,3236,-1,3236,3156,3154,-1,3236,3154,3237,-1,3237,3154,3152,-1,3237,3152,3238,-1,3152,3150,3238,-1,3238,3150,3148,-1,3238,3148,3239,-1,3148,3146,3239,-1,3239,3146,3144,-1,3239,3144,3240,-1,3138,3241,3140,-1,3140,3241,3240,-1,3140,3240,3142,-1,3142,3240,3144,-1,3224,3226,3242,-1,3242,3226,3243,-1,3242,3243,3244,-1,3244,3243,3245,-1,3244,3245,3246,-1,3246,3245,3247,-1,3246,3247,3248,-1,3248,3247,3249,-1,3248,3249,3250,-1,3250,3249,3251,-1,3250,3251,3252,-1,3252,3251,3253,-1,3252,3253,3254,-1,3254,3253,3255,-1,3254,3255,3256,-1,3256,3255,3257,-1,3256,3257,3258,-1,3227,3229,3231,-1,3231,3229,3259,-1,3231,3259,3260,-1,3260,3259,3261,-1,3260,3261,3262,-1,3262,3261,3263,-1,3262,3263,3264,-1,3264,3263,3265,-1,3264,3265,3266,-1,3266,3265,3267,-1,3266,3267,3268,-1,3268,3267,3269,-1,3268,3269,3270,-1,3270,3269,3271,-1,3270,3271,3272,-1,3272,3271,3273,-1,3272,3273,3274,-1,3138,3077,3241,-1,3241,3077,3222,-1,3241,3222,3221,-1,3221,3257,3241,-1,3241,3257,3255,-1,3241,3255,3240,-1,3240,3255,3253,-1,3240,3253,3239,-1,3239,3253,3251,-1,3239,3251,3238,-1,3238,3251,3249,-1,3238,3249,3237,-1,3237,3249,3247,-1,3237,3247,3236,-1,3236,3247,3245,-1,3236,3245,3235,-1,3235,3245,3243,-1,3235,3243,3233,-1,3233,3243,3226,-1,3233,3226,3234,-1,3234,3226,3225,-1,3234,3225,3223,-1,3221,3220,3257,-1,3257,3220,3219,-1,3257,3219,3258,-1,3258,3219,3215,-1,3258,3215,3214,-1,3214,3273,3258,-1,3258,3273,3271,-1,3258,3271,3256,-1,3256,3271,3269,-1,3256,3269,3254,-1,3254,3269,3267,-1,3254,3267,3252,-1,3252,3267,3265,-1,3252,3265,3250,-1,3250,3265,3263,-1,3250,3263,3248,-1,3248,3263,3261,-1,3248,3261,3246,-1,3246,3261,3259,-1,3246,3259,3244,-1,3244,3259,3229,-1,3244,3229,3242,-1,3242,3229,3228,-1,3242,3228,3224,-1,3214,3211,3273,-1,3273,3211,3210,-1,3273,3210,3274,-1,3274,3210,3207,-1,3274,3207,3206,-1,3230,3231,3232,-1,3232,3231,3260,-1,3232,3260,3275,-1,3275,3260,3262,-1,3275,3262,3276,-1,3276,3262,3264,-1,3276,3264,3277,-1,3277,3264,3266,-1,3277,3266,3278,-1,3278,3266,3268,-1,3278,3268,3279,-1,3279,3268,3270,-1,3279,3270,3280,-1,3280,3270,3272,-1,3280,3272,3281,-1,3281,3272,3274,-1,3281,3274,3282,-1,3282,3274,3206,-1,3282,3206,3203,-1,3048,3232,3131,-1,3131,3232,3275,-1,3131,3275,3132,-1,3132,3275,3276,-1,3132,3276,3133,-1,3133,3276,3277,-1,3133,3277,3134,-1,3134,3277,3278,-1,3134,3278,3135,-1,3135,3278,3279,-1,3135,3279,3136,-1,3136,3279,3280,-1,3136,3280,3130,-1,3130,3280,3281,-1,3130,3281,3129,-1,3129,3281,3282,-1,3129,3282,3128,-1,3128,3282,3203,-1,3128,3203,3060,-1,3048,3008,3283,-1,3284,3227,3283,-1,3283,3227,3230,-1,3283,3230,3048,-1,3284,3285,3227,-1,3227,3285,3286,-1,3227,3286,3228,-1,3228,3286,3287,-1,3228,3287,3224,-1,3287,3288,3224,-1,3224,3288,3289,-1,3224,3289,3225,-1,3289,3290,3225,-1,3225,3290,3291,-1,3225,3291,3223,-1,3223,3291,3292,-1,3292,3293,3223,-1,3223,3293,3044,-1,3223,3044,3053,-1,3008,3010,3283,-1,3283,3010,3294,-1,3283,3294,3284,-1,3284,3294,3285,-1,3285,3294,3295,-1,3285,3295,3286,-1,3286,3295,3287,-1,3287,3295,3296,-1,3287,3296,3288,-1,3297,3290,3296,-1,3296,3290,3289,-1,3296,3289,3288,-1,3298,3039,3044,-1,3044,3293,3298,-1,3298,3293,3292,-1,3298,3292,3297,-1,3297,3292,3291,-1,3297,3291,3290,-1,3173,3172,3299,-1,3176,3177,3300,-1,3031,3045,3301,-1,3301,3045,3302,-1,3301,3302,3303,-1,3303,3302,3304,-1,3304,3302,3305,-1,3304,3305,3306,-1,3306,3305,3307,-1,3307,3305,3308,-1,3307,3308,3309,-1,3309,3308,3310,-1,3310,3308,3311,-1,3310,3311,3312,-1,3312,3311,3313,-1,3313,3311,3314,-1,3313,3314,3315,-1,3045,3043,3302,-1,3302,3043,3316,-1,3302,3316,3305,-1,3305,3316,3317,-1,3305,3317,3308,-1,3308,3317,3318,-1,3308,3318,3311,-1,3311,3318,3319,-1,3311,3319,3314,-1,3314,3319,3300,-1,3040,3038,3320,-1,3320,3038,3321,-1,3320,3321,3322,-1,3322,3321,3323,-1,3322,3323,3324,-1,3324,3323,3325,-1,3324,3325,3326,-1,3326,3325,3327,-1,3326,3327,3328,-1,3328,3327,3299,-1,3315,3314,3329,-1,3329,3314,3179,-1,3329,3179,3104,-1,3300,3177,3314,-1,3314,3177,3178,-1,3314,3178,3179,-1,3175,3176,3330,-1,3330,3176,3300,-1,3330,3300,3331,-1,3331,3300,3319,-1,3331,3319,3332,-1,3332,3319,3318,-1,3332,3318,3333,-1,3333,3318,3317,-1,3333,3317,3334,-1,3334,3317,3316,-1,3334,3316,3042,-1,3042,3316,3043,-1,3042,3041,3334,-1,3334,3041,3335,-1,3334,3335,3333,-1,3333,3335,3336,-1,3333,3336,3332,-1,3332,3336,3337,-1,3332,3337,3331,-1,3331,3337,3338,-1,3331,3338,3330,-1,3330,3338,3339,-1,3330,3339,3175,-1,3175,3339,3174,-1,3041,3040,3335,-1,3335,3040,3320,-1,3335,3320,3336,-1,3336,3320,3322,-1,3336,3322,3337,-1,3337,3322,3324,-1,3337,3324,3338,-1,3338,3324,3326,-1,3338,3326,3339,-1,3339,3326,3328,-1,3339,3328,3174,-1,3174,3328,3170,-1,3299,3172,3328,-1,3328,3172,3171,-1,3328,3171,3170,-1,3169,3173,3340,-1,3340,3173,3299,-1,3340,3299,3341,-1,3341,3299,3327,-1,3341,3327,3342,-1,3342,3327,3325,-1,3342,3325,3343,-1,3343,3325,3323,-1,3343,3323,3344,-1,3344,3323,3321,-1,3344,3321,3037,-1,3037,3321,3038,-1,3037,3039,3344,-1,3344,3039,3298,-1,3344,3298,3343,-1,3343,3298,3297,-1,3343,3297,3342,-1,3342,3297,3296,-1,3342,3296,3341,-1,3341,3296,3295,-1,3341,3295,3340,-1,3340,3295,3294,-1,3340,3294,3169,-1,3169,3294,3010,-1,3030,3031,3301,-1,3030,3301,3345,-1,3345,3301,3303,-1,3345,3303,3346,-1,3303,3304,3346,-1,3346,3304,3306,-1,3346,3306,3347,-1,3306,3307,3347,-1,3347,3307,3309,-1,3347,3309,3348,-1,3309,3310,3348,-1,3348,3310,3312,-1,3348,3312,3349,-1,3312,3313,3349,-1,3349,3313,3315,-1,3349,3315,3350,-1,3315,3329,3350,-1,3350,3329,3104,-1,3350,3104,3105,-1,3190,3188,3351,-1,3183,3182,3352,-1,3047,3032,3353,-1,3353,3032,3354,-1,3353,3354,3355,-1,3355,3354,3356,-1,3355,3356,3357,-1,3357,3356,3358,-1,3357,3358,3359,-1,3359,3358,3360,-1,3359,3360,3361,-1,3361,3360,3362,-1,3361,3362,3363,-1,3363,3362,3352,-1,3035,3033,3364,-1,3364,3033,3365,-1,3364,3365,3366,-1,3366,3365,3367,-1,3366,3367,3368,-1,3368,3367,3369,-1,3368,3369,3370,-1,3370,3369,3371,-1,3370,3371,3372,-1,3372,3371,3373,-1,3372,3373,3374,-1,3374,3373,3351,-1,3028,3047,3375,-1,3375,3047,3353,-1,3375,3353,3376,-1,3376,3353,3355,-1,3376,3355,3377,-1,3377,3355,3357,-1,3377,3357,3378,-1,3378,3357,3359,-1,3378,3359,3379,-1,3379,3359,3361,-1,3379,3361,3380,-1,3380,3361,3363,-1,3380,3363,3026,-1,3026,3363,3180,-1,3352,3182,3363,-1,3363,3182,3181,-1,3363,3181,3180,-1,3184,3183,3381,-1,3381,3183,3352,-1,3381,3352,3382,-1,3382,3352,3362,-1,3382,3362,3383,-1,3383,3362,3360,-1,3383,3360,3384,-1,3384,3360,3358,-1,3384,3358,3385,-1,3385,3358,3356,-1,3385,3356,3386,-1,3386,3356,3354,-1,3386,3354,3034,-1,3034,3354,3032,-1,3034,3036,3386,-1,3386,3036,3387,-1,3386,3387,3385,-1,3385,3387,3388,-1,3385,3388,3384,-1,3384,3388,3389,-1,3384,3389,3383,-1,3383,3389,3390,-1,3383,3390,3382,-1,3382,3390,3391,-1,3382,3391,3381,-1,3381,3391,3392,-1,3381,3392,3184,-1,3184,3392,3185,-1,3036,3035,3387,-1,3387,3035,3364,-1,3387,3364,3388,-1,3388,3364,3366,-1,3388,3366,3389,-1,3389,3366,3368,-1,3389,3368,3390,-1,3390,3368,3370,-1,3390,3370,3391,-1,3391,3370,3372,-1,3391,3372,3392,-1,3392,3372,3374,-1,3392,3374,3185,-1,3185,3374,3186,-1,3351,3188,3374,-1,3374,3188,3187,-1,3374,3187,3186,-1,3189,3190,3393,-1,3393,3190,3351,-1,3393,3351,3394,-1,3394,3351,3373,-1,3394,3373,3395,-1,3395,3373,3371,-1,3395,3371,3396,-1,3396,3371,3369,-1,3396,3369,3397,-1,3397,3369,3367,-1,3397,3367,3398,-1,3398,3367,3365,-1,3398,3365,3046,-1,3046,3365,3033,-1,3046,3030,3398,-1,3398,3030,3345,-1,3398,3345,3397,-1,3397,3345,3346,-1,3397,3346,3396,-1,3396,3346,3347,-1,3396,3347,3395,-1,3395,3347,3348,-1,3395,3348,3394,-1,3394,3348,3349,-1,3394,3349,3393,-1,3393,3349,3350,-1,3393,3350,3189,-1,3189,3350,3105,-1,3028,3375,3029,-1,3029,3375,3399,-1,3399,3375,3400,-1,3400,3375,3376,-1,3400,3376,3401,-1,3401,3376,3402,-1,3402,3376,3377,-1,3402,3377,3403,-1,3403,3377,3404,-1,3404,3377,3378,-1,3404,3378,3405,-1,3405,3378,3406,-1,3406,3378,3379,-1,3406,3379,3407,-1,3407,3379,3408,-1,3408,3379,3380,-1,3408,3380,3409,-1,3409,3380,3026,-1,3409,3026,3027,-1,3027,3051,3409,-1,3409,3051,3410,-1,3409,3410,3408,-1,3408,3410,3411,-1,3408,3411,3407,-1,3407,3411,3412,-1,3407,3412,3406,-1,3406,3412,3413,-1,3406,3413,3405,-1,3405,3413,3414,-1,3405,3414,3404,-1,3404,3414,3415,-1,3404,3415,3403,-1,3403,3415,3416,-1,3403,3416,3402,-1,3402,3416,3417,-1,3402,3417,3401,-1,3401,3417,3418,-1,3401,3418,3400,-1,3400,3418,3419,-1,3400,3419,3399,-1,3399,3419,3420,-1,3399,3420,3029,-1,3029,3420,3052,-1,3139,3141,3421,-1,3143,3145,3422,-1,3147,3149,3423,-1,3151,3153,3424,-1,3157,3159,3425,-1,3161,3163,3426,-1,3165,3167,3427,-1,3427,3167,3052,-1,3051,3106,3410,-1,3410,3106,3428,-1,3410,3428,3411,-1,3411,3428,3429,-1,3430,3413,3429,-1,3429,3413,3412,-1,3429,3412,3411,-1,3431,3415,3430,-1,3430,3415,3414,-1,3430,3414,3413,-1,3432,3417,3431,-1,3431,3417,3416,-1,3431,3416,3415,-1,3052,3420,3427,-1,3427,3420,3419,-1,3427,3419,3432,-1,3432,3419,3418,-1,3432,3418,3417,-1,3163,3165,3426,-1,3426,3165,3427,-1,3426,3427,3433,-1,3433,3427,3432,-1,3433,3432,3434,-1,3434,3432,3431,-1,3434,3431,3435,-1,3435,3431,3430,-1,3435,3430,3436,-1,3436,3430,3429,-1,3436,3429,3437,-1,3437,3429,3428,-1,3437,3428,3107,-1,3107,3428,3106,-1,3159,3161,3425,-1,3425,3161,3426,-1,3425,3426,3438,-1,3438,3426,3433,-1,3438,3433,3439,-1,3439,3433,3434,-1,3439,3434,3440,-1,3440,3434,3435,-1,3440,3435,3441,-1,3441,3435,3436,-1,3441,3436,3442,-1,3442,3436,3437,-1,3442,3437,3109,-1,3109,3437,3107,-1,3155,3157,3443,-1,3443,3157,3425,-1,3443,3425,3444,-1,3444,3425,3438,-1,3444,3438,3445,-1,3445,3438,3439,-1,3445,3439,3446,-1,3446,3439,3440,-1,3446,3440,3447,-1,3447,3440,3441,-1,3447,3441,3448,-1,3448,3441,3442,-1,3448,3442,3110,-1,3110,3442,3109,-1,3153,3155,3424,-1,3424,3155,3443,-1,3424,3443,3449,-1,3449,3443,3444,-1,3449,3444,3450,-1,3450,3444,3445,-1,3450,3445,3451,-1,3451,3445,3446,-1,3451,3446,3452,-1,3452,3446,3447,-1,3452,3447,3453,-1,3453,3447,3448,-1,3453,3448,3112,-1,3112,3448,3110,-1,3149,3151,3423,-1,3423,3151,3424,-1,3423,3424,3454,-1,3454,3424,3449,-1,3454,3449,3455,-1,3455,3449,3450,-1,3455,3450,3456,-1,3456,3450,3451,-1,3456,3451,3457,-1,3457,3451,3452,-1,3457,3452,3458,-1,3458,3452,3453,-1,3458,3453,3114,-1,3114,3453,3112,-1,3145,3147,3422,-1,3422,3147,3423,-1,3422,3423,3459,-1,3459,3423,3454,-1,3459,3454,3460,-1,3460,3454,3455,-1,3460,3455,3461,-1,3461,3455,3456,-1,3461,3456,3462,-1,3462,3456,3457,-1,3462,3457,3463,-1,3463,3457,3458,-1,3463,3458,3116,-1,3116,3458,3114,-1,3141,3143,3421,-1,3421,3143,3422,-1,3421,3422,3464,-1,3464,3422,3459,-1,3464,3459,3465,-1,3465,3459,3460,-1,3465,3460,3466,-1,3466,3460,3461,-1,3466,3461,3467,-1,3467,3461,3462,-1,3467,3462,3468,-1,3468,3462,3463,-1,3468,3463,3118,-1,3118,3463,3116,-1,3137,3139,3469,-1,3469,3139,3421,-1,3469,3421,3470,-1,3470,3421,3464,-1,3470,3464,3471,-1,3471,3464,3465,-1,3471,3465,3472,-1,3472,3465,3466,-1,3472,3466,3473,-1,3473,3466,3467,-1,3473,3467,3474,-1,3474,3467,3468,-1,3474,3468,3120,-1,3120,3468,3118,-1,3076,3137,3475,-1,3475,3137,3469,-1,3475,3469,3476,-1,3476,3469,3470,-1,3476,3470,3477,-1,3477,3470,3471,-1,3477,3471,3478,-1,3478,3471,3472,-1,3478,3472,3479,-1,3479,3472,3473,-1,3479,3473,3480,-1,3480,3473,3474,-1,3480,3474,3065,-1,3065,3474,3120,-1,3481,3067,3064,-1,3064,3482,3481,-1,3481,3482,3483,-1,3481,3483,3484,-1,3483,3485,3484,-1,3484,3485,3486,-1,3484,3486,3487,-1,3486,3488,3487,-1,3487,3488,3489,-1,3487,3489,3490,-1,3489,3491,3490,-1,3490,3491,3492,-1,3490,3492,3493,-1,3065,3066,3480,-1,3480,3066,3494,-1,3480,3494,3479,-1,3479,3494,3495,-1,3479,3495,3478,-1,3478,3495,3496,-1,3478,3496,3477,-1,3477,3496,3497,-1,3477,3497,3476,-1,3476,3497,3498,-1,3476,3498,3475,-1,3475,3498,3499,-1,3475,3499,3076,-1,3500,3501,3502,-1,3502,3501,3493,-1,3502,3493,3503,-1,3503,3493,3492,-1,3070,3072,3499,-1,3499,3072,3074,-1,3499,3074,3076,-1,3066,3067,3494,-1,3494,3067,3481,-1,3494,3481,3495,-1,3495,3481,3484,-1,3495,3484,3496,-1,3496,3484,3487,-1,3496,3487,3497,-1,3497,3487,3490,-1,3497,3490,3498,-1,3498,3490,3493,-1,3498,3493,3499,-1,3499,3493,3501,-1,3499,3501,3070,-1,3070,3501,3500,-1,3070,3500,3068,-1,3081,3084,3064,-1,3064,3084,3482,-1,3482,3084,3483,-1,3483,3084,3085,-1,3483,3085,3485,-1,3485,3085,3087,-1,3485,3087,3486,-1,3486,3087,3086,-1,3486,3086,3488,-1,3488,3086,3083,-1,3488,3083,3489,-1,3489,3083,3082,-1,3489,3082,3491,-1,3491,3082,3091,-1,3491,3091,3492,-1,3492,3091,3090,-1,3492,3090,3503,-1,3503,3090,3089,-1,3503,3089,3502,-1,3502,3089,3088,-1,3502,3088,3500,-1,3088,3094,3500,-1,3500,3094,3078,-1,3500,3078,3068,-1,3504,3505,3506,-1,3504,3506,3507,-1,3507,3506,3508,-1,3507,3508,3509,-1,3509,3508,3510,-1,3509,3510,3511,-1,3511,3510,3512,-1,3511,3512,3513,-1,3513,3512,3514,-1,3513,3514,3515,-1,3514,3516,3515,-1,3515,3516,3517,-1,3516,3518,3517,-1,3517,3518,3519,-1,3518,3520,3519,-1,3519,3520,3521,-1,3520,3522,3521,-1,3521,3522,3523,-1,3522,3524,3523,-1,3523,3524,3525,-1,3525,3524,3526,-1,3525,3526,3527,-1,3527,3526,3528,-1,3527,3528,3529,-1,3529,3528,3530,-1,3529,3530,3531,-1,3531,3530,3532,-1,3531,3532,3533,-1,3533,3532,3534,-1,3533,3534,3535,-1,3535,3534,3536,-1,3535,3536,3537,-1,3536,3538,3537,-1,3537,3538,3539,-1,3539,3538,3540,-1,3539,3540,3541,-1,3541,3540,3542,-1,3541,3542,3543,-1,3543,3542,3544,-1,3543,3544,3545,-1,3545,3544,3546,-1,3545,3546,3547,-1,3547,3546,3548,-1,3547,3548,3549,-1,3550,3551,3548,-1,3548,3551,3552,-1,3548,3552,3549,-1,3549,3552,3553,-1,3552,3551,3554,-1,3552,3554,3555,-1,3555,3554,3556,-1,3555,3556,3557,-1,3557,3556,3558,-1,3557,3558,3559,-1,3559,3558,3560,-1,3560,3558,3561,-1,3560,3561,3562,-1,3562,3561,3563,-1,3562,3563,3564,-1,3564,3565,3562,-1,3562,3565,3566,-1,3567,3568,3569,-1,3569,3568,3570,-1,3569,3570,3571,-1,3571,3570,3566,-1,3571,3566,3565,-1,3568,3567,3572,-1,3572,3567,3573,-1,3572,3573,3574,-1,3574,3573,3575,-1,3576,3574,3577,-1,3577,3574,3575,-1,3577,3575,3578,-1,3578,3575,3579,-1,3577,3578,3580,-1,3577,3580,3581,-1,3581,3580,3582,-1,3581,3582,3583,-1,3583,3582,3584,-1,3583,3584,3585,-1,3585,3584,3586,-1,3585,3586,3587,-1,3587,3586,3588,-1,3587,3588,3589,-1,3589,3588,3590,-1,3589,3590,3591,-1,3590,3505,3591,-1,3591,3505,3504,-1,3574,3576,3553,-1,3560,3570,3559,-1,3559,3570,3568,-1,3559,3568,3557,-1,3557,3568,3572,-1,3557,3572,3555,-1,3555,3572,3574,-1,3555,3574,3552,-1,3552,3574,3553,-1,3569,3561,3567,-1,3567,3561,3558,-1,3567,3558,3573,-1,3550,3579,3551,-1,3551,3579,3575,-1,3551,3575,3554,-1,3554,3575,3573,-1,3554,3573,3556,-1,3556,3573,3558,-1,3578,3579,3548,-1,3548,3579,3550,-1,3578,3548,3580,-1,3580,3548,3546,-1,3520,3518,3522,-1,3522,3518,3516,-1,3522,3516,3524,-1,3524,3516,3514,-1,3524,3514,3526,-1,3526,3514,3512,-1,3526,3512,3528,-1,3528,3512,3530,-1,3530,3512,3510,-1,3530,3510,3532,-1,3532,3510,3508,-1,3532,3508,3534,-1,3534,3508,3506,-1,3534,3506,3536,-1,3536,3506,3505,-1,3536,3505,3538,-1,3538,3505,3590,-1,3538,3590,3540,-1,3540,3590,3588,-1,3540,3588,3542,-1,3542,3588,3586,-1,3542,3586,3544,-1,3544,3586,3584,-1,3544,3584,3546,-1,3546,3584,3582,-1,3546,3582,3580,-1,3576,3577,3553,-1,3553,3577,3549,-1,3519,3521,3517,-1,3517,3521,3523,-1,3517,3523,3515,-1,3523,3525,3515,-1,3515,3525,3527,-1,3515,3527,3513,-1,3513,3527,3529,-1,3513,3529,3511,-1,3511,3529,3531,-1,3511,3531,3509,-1,3509,3531,3533,-1,3509,3533,3507,-1,3507,3533,3535,-1,3507,3535,3504,-1,3504,3535,3537,-1,3504,3537,3591,-1,3591,3537,3539,-1,3591,3539,3589,-1,3589,3539,3541,-1,3589,3541,3587,-1,3587,3541,3543,-1,3587,3543,3585,-1,3585,3543,3545,-1,3585,3545,3583,-1,3583,3545,3547,-1,3583,3547,3581,-1,3581,3547,3549,-1,3581,3549,3577,-1,3563,3561,3571,-1,3571,3561,3569,-1,3564,3563,3565,-1,3565,3563,3571,-1,3560,3562,3570,-1,3570,3562,3566,-1,3592,3593,3594,-1,3594,3593,3595,-1,3596,3597,3598,-1,3598,3597,3595,-1,3598,3595,3599,-1,3599,3595,3593,-1,3600,3601,3602,-1,3603,3604,3605,-1,3605,3604,3606,-1,3597,3607,3595,-1,3595,3607,3606,-1,3595,3606,3608,-1,3608,3606,3604,-1,3596,3598,3602,-1,3602,3598,3609,-1,3602,3609,3600,-1,3610,3598,3611,-1,3611,3598,3599,-1,3612,3613,3614,-1,3615,3616,3617,-1,3614,3613,3618,-1,3618,3613,3619,-1,3618,3619,3620,-1,3614,3621,3612,-1,3612,3621,3617,-1,3612,3617,3622,-1,3622,3617,3616,-1,3617,3623,3624,-1,3625,3626,3627,-1,3627,3626,3628,-1,3627,3628,3620,-1,3620,3628,3629,-1,3620,3629,3618,-1,3624,3630,3617,-1,3617,3630,3631,-1,3617,3631,3615,-1,3632,3633,3592,-1,3592,3633,3593,-1,3599,3593,3634,-1,3634,3593,3633,-1,3611,3599,3635,-1,3635,3599,3634,-1,3636,3637,3614,-1,3614,3637,3621,-1,3638,3639,3640,-1,3640,3639,3641,-1,3640,3641,3642,-1,3642,3641,3643,-1,3642,3643,3644,-1,3639,3645,3641,-1,3641,3645,3646,-1,3641,3646,3643,-1,3643,3646,3647,-1,3646,3645,3648,-1,3649,3647,3650,-1,3650,3647,3646,-1,3650,3646,3651,-1,3651,3646,3648,-1,3652,3653,3654,-1,3654,3653,3655,-1,3654,3655,3656,-1,3656,3655,3657,-1,3656,3657,3658,-1,3658,3657,3659,-1,3658,3659,3660,-1,3660,3659,3661,-1,3662,3663,3661,-1,3661,3663,3660,-1,3664,3562,3638,-1,3638,3562,3639,-1,3645,3639,3564,-1,3564,3639,3562,-1,3648,3645,3665,-1,3665,3645,3564,-1,3666,3667,3664,-1,3564,3562,3665,-1,3665,3562,3664,-1,3665,3664,3668,-1,3668,3664,3669,-1,3667,3670,3664,-1,3664,3670,3671,-1,3664,3671,3669,-1,3672,3673,3664,-1,3673,3674,3664,-1,3664,3674,3675,-1,3664,3675,3666,-1,3676,3677,3664,-1,3664,3677,3663,-1,3663,3662,3664,-1,3664,3662,3678,-1,3664,3678,3672,-1,3679,3680,3681,-1,3682,3683,3664,-1,3664,3683,3684,-1,3664,3684,3676,-1,3685,3679,3686,-1,3686,3679,3681,-1,3686,3681,3664,-1,3664,3681,3687,-1,3664,3687,3682,-1,3688,3607,3689,-1,3689,3607,3597,-1,3690,3635,3634,-1,3690,3634,3691,-1,3691,3634,3692,-1,3691,3692,3693,-1,3693,3692,3694,-1,3694,3692,3695,-1,3694,3695,3696,-1,3696,3695,3697,-1,3696,3697,3698,-1,3698,3697,3699,-1,3698,3699,3700,-1,3700,3699,3701,-1,3700,3701,3702,-1,3702,3701,3703,-1,3702,3703,3704,-1,3704,3703,3647,-1,3704,3647,3649,-1,3643,3647,3705,-1,3705,3647,3703,-1,3705,3703,3706,-1,3706,3703,3701,-1,3706,3701,3707,-1,3707,3701,3699,-1,3707,3699,3708,-1,3708,3699,3697,-1,3708,3697,3709,-1,3709,3697,3695,-1,3709,3695,3710,-1,3710,3695,3692,-1,3710,3692,3711,-1,3711,3692,3634,-1,3711,3634,3633,-1,3711,3633,3632,-1,3644,3643,3712,-1,3712,3643,3705,-1,3712,3705,3713,-1,3713,3705,3706,-1,3713,3706,3714,-1,3714,3706,3707,-1,3632,3715,3711,-1,3711,3715,3716,-1,3711,3716,3710,-1,3710,3716,3717,-1,3710,3717,3709,-1,3709,3717,3718,-1,3709,3718,3708,-1,3708,3718,3719,-1,3708,3719,3707,-1,3707,3719,3720,-1,3707,3720,3714,-1,3653,3652,3721,-1,3721,3652,3722,-1,3721,3722,3723,-1,3723,3722,3724,-1,3723,3724,3725,-1,3725,3724,3726,-1,3725,3726,3727,-1,3727,3726,3728,-1,3727,3728,3729,-1,3729,3728,3730,-1,3729,3730,3731,-1,3731,3730,3732,-1,3731,3732,3733,-1,3733,3732,3734,-1,3733,3734,3735,-1,3735,3734,3736,-1,3735,3736,3737,-1,3737,3736,3738,-1,3737,3738,3739,-1,3739,3738,3740,-1,3739,3740,3741,-1,3741,3740,3742,-1,3741,3742,3743,-1,3743,3742,3744,-1,3743,3744,3745,-1,3745,3744,3746,-1,3745,3746,3747,-1,3747,3746,3748,-1,3747,3748,3749,-1,3749,3748,3750,-1,3749,3750,3751,-1,3751,3750,3752,-1,3751,3752,3636,-1,3636,3752,3637,-1,3594,3595,3753,-1,3753,3595,3608,-1,3754,3755,3604,-1,3604,3755,3756,-1,3604,3756,3608,-1,3608,3756,3757,-1,3608,3757,3753,-1,3754,3604,3758,-1,3758,3604,3603,-1,3758,3603,3759,-1,3759,3603,3605,-1,3759,3605,3760,-1,3760,3605,3761,-1,3761,3605,3606,-1,3761,3606,3762,-1,3762,3606,3763,-1,3763,3606,3607,-1,3763,3607,3688,-1,3610,3764,3598,-1,3598,3764,3609,-1,3764,3765,3609,-1,3609,3765,3766,-1,3609,3766,3600,-1,3766,3767,3600,-1,3600,3767,3768,-1,3600,3768,3601,-1,3601,3768,3769,-1,3601,3769,3602,-1,3602,3769,3770,-1,3770,3771,3602,-1,3602,3771,3772,-1,3602,3772,3596,-1,3689,3597,3773,-1,3773,3597,3596,-1,3773,3596,3774,-1,3774,3596,3772,-1,3663,3677,3660,-1,3660,3677,3775,-1,3775,3677,3776,-1,3776,3677,3676,-1,3776,3676,3777,-1,3777,3676,3684,-1,3777,3684,3778,-1,3778,3684,3683,-1,3778,3683,3779,-1,3779,3683,3682,-1,3779,3682,3780,-1,3780,3682,3687,-1,3780,3687,3781,-1,3781,3687,3681,-1,3781,3681,3782,-1,3782,3681,3680,-1,3782,3680,3783,-1,3783,3680,3679,-1,3783,3679,3784,-1,3784,3679,3685,-1,3784,3685,3785,-1,3685,3686,3785,-1,3785,3686,3664,-1,3785,3664,3638,-1,3638,3640,3785,-1,3785,3640,3786,-1,3785,3786,3784,-1,3644,3787,3642,-1,3642,3787,3788,-1,3784,3786,3783,-1,3783,3786,3789,-1,3783,3789,3782,-1,3787,3790,3788,-1,3788,3790,3791,-1,3788,3791,3792,-1,3782,3789,3781,-1,3781,3789,3793,-1,3781,3793,3780,-1,3791,3794,3792,-1,3792,3794,3795,-1,3792,3795,3796,-1,3780,3793,3779,-1,3779,3793,3797,-1,3779,3797,3778,-1,3795,3798,3796,-1,3796,3798,3799,-1,3796,3799,3800,-1,3778,3797,3777,-1,3777,3797,3801,-1,3777,3801,3776,-1,3640,3642,3786,-1,3786,3642,3788,-1,3786,3788,3789,-1,3789,3788,3792,-1,3789,3792,3793,-1,3793,3792,3796,-1,3793,3796,3797,-1,3797,3796,3800,-1,3797,3800,3801,-1,3801,3800,3802,-1,3658,3660,3801,-1,3801,3660,3775,-1,3801,3775,3776,-1,3799,3803,3800,-1,3800,3803,3804,-1,3800,3804,3802,-1,3802,3804,3805,-1,3802,3805,3806,-1,3658,3801,3656,-1,3656,3801,3802,-1,3656,3802,3654,-1,3654,3802,3806,-1,3654,3806,3652,-1,3807,3637,3752,-1,3808,3809,3810,-1,3811,3812,3813,-1,3814,3811,3815,-1,3632,3814,3816,-1,3750,3817,3752,-1,3752,3817,3818,-1,3752,3818,3807,-1,3750,3748,3817,-1,3817,3748,3746,-1,3817,3746,3819,-1,3746,3744,3819,-1,3819,3744,3742,-1,3819,3742,3820,-1,3742,3740,3820,-1,3820,3740,3738,-1,3820,3738,3821,-1,3821,3738,3736,-1,3821,3736,3822,-1,3736,3734,3822,-1,3822,3734,3732,-1,3822,3732,3823,-1,3732,3730,3823,-1,3823,3730,3728,-1,3823,3728,3824,-1,3722,3825,3724,-1,3724,3825,3824,-1,3724,3824,3726,-1,3726,3824,3728,-1,3808,3810,3826,-1,3826,3810,3827,-1,3826,3827,3828,-1,3828,3827,3829,-1,3828,3829,3830,-1,3830,3829,3831,-1,3830,3831,3832,-1,3832,3831,3833,-1,3832,3833,3834,-1,3834,3833,3835,-1,3834,3835,3836,-1,3836,3835,3837,-1,3836,3837,3838,-1,3838,3837,3839,-1,3838,3839,3840,-1,3840,3839,3841,-1,3840,3841,3842,-1,3811,3813,3815,-1,3815,3813,3843,-1,3815,3843,3844,-1,3844,3843,3845,-1,3844,3845,3846,-1,3846,3845,3847,-1,3846,3847,3848,-1,3848,3847,3849,-1,3848,3849,3850,-1,3850,3849,3851,-1,3850,3851,3852,-1,3852,3851,3853,-1,3852,3853,3854,-1,3854,3853,3855,-1,3854,3855,3856,-1,3856,3855,3857,-1,3856,3857,3858,-1,3722,3652,3825,-1,3825,3652,3806,-1,3825,3806,3805,-1,3805,3841,3825,-1,3825,3841,3839,-1,3825,3839,3824,-1,3824,3839,3837,-1,3824,3837,3823,-1,3823,3837,3835,-1,3823,3835,3822,-1,3822,3835,3833,-1,3822,3833,3821,-1,3821,3833,3831,-1,3821,3831,3820,-1,3820,3831,3829,-1,3820,3829,3819,-1,3819,3829,3827,-1,3819,3827,3817,-1,3817,3827,3810,-1,3817,3810,3818,-1,3818,3810,3809,-1,3818,3809,3807,-1,3805,3804,3841,-1,3841,3804,3803,-1,3841,3803,3842,-1,3842,3803,3799,-1,3842,3799,3798,-1,3798,3857,3842,-1,3842,3857,3855,-1,3842,3855,3840,-1,3840,3855,3853,-1,3840,3853,3838,-1,3838,3853,3851,-1,3838,3851,3836,-1,3836,3851,3849,-1,3836,3849,3834,-1,3834,3849,3847,-1,3834,3847,3832,-1,3832,3847,3845,-1,3832,3845,3830,-1,3830,3845,3843,-1,3830,3843,3828,-1,3828,3843,3813,-1,3828,3813,3826,-1,3826,3813,3812,-1,3826,3812,3808,-1,3798,3795,3857,-1,3857,3795,3794,-1,3857,3794,3858,-1,3858,3794,3791,-1,3858,3791,3790,-1,3814,3815,3816,-1,3816,3815,3844,-1,3816,3844,3859,-1,3859,3844,3846,-1,3859,3846,3860,-1,3860,3846,3848,-1,3860,3848,3861,-1,3861,3848,3850,-1,3861,3850,3862,-1,3862,3850,3852,-1,3862,3852,3863,-1,3863,3852,3854,-1,3863,3854,3864,-1,3864,3854,3856,-1,3864,3856,3865,-1,3865,3856,3858,-1,3865,3858,3866,-1,3866,3858,3790,-1,3866,3790,3787,-1,3632,3816,3715,-1,3715,3816,3859,-1,3715,3859,3716,-1,3716,3859,3860,-1,3716,3860,3717,-1,3717,3860,3861,-1,3717,3861,3718,-1,3718,3861,3862,-1,3718,3862,3719,-1,3719,3862,3863,-1,3719,3863,3720,-1,3720,3863,3864,-1,3720,3864,3714,-1,3714,3864,3865,-1,3714,3865,3713,-1,3713,3865,3866,-1,3713,3866,3712,-1,3712,3866,3787,-1,3712,3787,3644,-1,3632,3592,3867,-1,3868,3811,3867,-1,3867,3811,3814,-1,3867,3814,3632,-1,3868,3869,3811,-1,3811,3869,3870,-1,3811,3870,3812,-1,3812,3870,3871,-1,3812,3871,3808,-1,3871,3872,3808,-1,3808,3872,3873,-1,3808,3873,3809,-1,3873,3874,3809,-1,3809,3874,3875,-1,3809,3875,3807,-1,3807,3875,3876,-1,3876,3877,3807,-1,3807,3877,3621,-1,3807,3621,3637,-1,3592,3594,3867,-1,3867,3594,3878,-1,3867,3878,3868,-1,3868,3878,3869,-1,3869,3878,3879,-1,3869,3879,3870,-1,3870,3879,3871,-1,3871,3879,3880,-1,3871,3880,3872,-1,3881,3874,3880,-1,3880,3874,3873,-1,3880,3873,3872,-1,3882,3617,3621,-1,3621,3877,3882,-1,3882,3877,3876,-1,3882,3876,3881,-1,3881,3876,3875,-1,3881,3875,3874,-1,3757,3756,3883,-1,3760,3761,3884,-1,3612,3622,3885,-1,3885,3622,3886,-1,3885,3886,3887,-1,3887,3886,3888,-1,3888,3886,3889,-1,3888,3889,3890,-1,3890,3889,3891,-1,3891,3889,3892,-1,3891,3892,3893,-1,3893,3892,3894,-1,3894,3892,3895,-1,3894,3895,3896,-1,3896,3895,3897,-1,3897,3895,3898,-1,3897,3898,3899,-1,3622,3616,3886,-1,3886,3616,3900,-1,3886,3900,3889,-1,3889,3900,3901,-1,3889,3901,3892,-1,3892,3901,3902,-1,3892,3902,3895,-1,3895,3902,3903,-1,3895,3903,3898,-1,3898,3903,3884,-1,3630,3624,3904,-1,3904,3624,3905,-1,3904,3905,3906,-1,3906,3905,3907,-1,3906,3907,3908,-1,3908,3907,3909,-1,3908,3909,3910,-1,3910,3909,3911,-1,3910,3911,3912,-1,3912,3911,3883,-1,3899,3898,3913,-1,3913,3898,3763,-1,3913,3763,3688,-1,3884,3761,3898,-1,3898,3761,3762,-1,3898,3762,3763,-1,3759,3760,3914,-1,3914,3760,3884,-1,3914,3884,3915,-1,3915,3884,3903,-1,3915,3903,3916,-1,3916,3903,3902,-1,3916,3902,3917,-1,3917,3902,3901,-1,3917,3901,3918,-1,3918,3901,3900,-1,3918,3900,3615,-1,3615,3900,3616,-1,3615,3631,3918,-1,3918,3631,3919,-1,3918,3919,3917,-1,3917,3919,3920,-1,3917,3920,3916,-1,3916,3920,3921,-1,3916,3921,3915,-1,3915,3921,3922,-1,3915,3922,3914,-1,3914,3922,3923,-1,3914,3923,3759,-1,3759,3923,3758,-1,3631,3630,3919,-1,3919,3630,3904,-1,3919,3904,3920,-1,3920,3904,3906,-1,3920,3906,3921,-1,3921,3906,3908,-1,3921,3908,3922,-1,3922,3908,3910,-1,3922,3910,3923,-1,3923,3910,3912,-1,3923,3912,3758,-1,3758,3912,3754,-1,3883,3756,3912,-1,3912,3756,3755,-1,3912,3755,3754,-1,3753,3757,3924,-1,3924,3757,3883,-1,3924,3883,3925,-1,3925,3883,3911,-1,3925,3911,3926,-1,3926,3911,3909,-1,3926,3909,3927,-1,3927,3909,3907,-1,3927,3907,3928,-1,3928,3907,3905,-1,3928,3905,3623,-1,3623,3905,3624,-1,3623,3617,3928,-1,3928,3617,3882,-1,3928,3882,3927,-1,3927,3882,3881,-1,3927,3881,3926,-1,3926,3881,3880,-1,3926,3880,3925,-1,3925,3880,3879,-1,3925,3879,3924,-1,3924,3879,3878,-1,3924,3878,3753,-1,3753,3878,3594,-1,3613,3612,3885,-1,3613,3885,3929,-1,3929,3885,3887,-1,3929,3887,3930,-1,3887,3888,3930,-1,3930,3888,3890,-1,3930,3890,3931,-1,3890,3891,3931,-1,3931,3891,3893,-1,3931,3893,3932,-1,3893,3894,3932,-1,3932,3894,3896,-1,3932,3896,3933,-1,3896,3897,3933,-1,3933,3897,3899,-1,3933,3899,3934,-1,3899,3913,3934,-1,3934,3913,3688,-1,3934,3688,3689,-1,3774,3772,3935,-1,3767,3766,3936,-1,3629,3628,3937,-1,3937,3628,3938,-1,3937,3938,3939,-1,3939,3938,3940,-1,3939,3940,3941,-1,3941,3940,3942,-1,3941,3942,3943,-1,3943,3942,3944,-1,3943,3944,3945,-1,3945,3944,3946,-1,3945,3946,3947,-1,3947,3946,3936,-1,3627,3620,3948,-1,3948,3620,3949,-1,3948,3949,3950,-1,3950,3949,3951,-1,3950,3951,3952,-1,3952,3951,3953,-1,3952,3953,3954,-1,3954,3953,3955,-1,3954,3955,3956,-1,3956,3955,3957,-1,3956,3957,3958,-1,3958,3957,3935,-1,3618,3629,3959,-1,3959,3629,3937,-1,3959,3937,3960,-1,3960,3937,3939,-1,3960,3939,3961,-1,3961,3939,3941,-1,3961,3941,3962,-1,3962,3941,3943,-1,3962,3943,3963,-1,3963,3943,3945,-1,3963,3945,3964,-1,3964,3945,3947,-1,3964,3947,3610,-1,3610,3947,3764,-1,3936,3766,3947,-1,3947,3766,3765,-1,3947,3765,3764,-1,3768,3767,3965,-1,3965,3767,3936,-1,3965,3936,3966,-1,3966,3936,3946,-1,3966,3946,3967,-1,3967,3946,3944,-1,3967,3944,3968,-1,3968,3944,3942,-1,3968,3942,3969,-1,3969,3942,3940,-1,3969,3940,3970,-1,3970,3940,3938,-1,3970,3938,3626,-1,3626,3938,3628,-1,3626,3625,3970,-1,3970,3625,3971,-1,3970,3971,3969,-1,3969,3971,3972,-1,3969,3972,3968,-1,3968,3972,3973,-1,3968,3973,3967,-1,3967,3973,3974,-1,3967,3974,3966,-1,3966,3974,3975,-1,3966,3975,3965,-1,3965,3975,3976,-1,3965,3976,3768,-1,3768,3976,3769,-1,3625,3627,3971,-1,3971,3627,3948,-1,3971,3948,3972,-1,3972,3948,3950,-1,3972,3950,3973,-1,3973,3950,3952,-1,3973,3952,3974,-1,3974,3952,3954,-1,3974,3954,3975,-1,3975,3954,3956,-1,3975,3956,3976,-1,3976,3956,3958,-1,3976,3958,3769,-1,3769,3958,3770,-1,3935,3772,3958,-1,3958,3772,3771,-1,3958,3771,3770,-1,3773,3774,3977,-1,3977,3774,3935,-1,3977,3935,3978,-1,3978,3935,3957,-1,3978,3957,3979,-1,3979,3957,3955,-1,3979,3955,3980,-1,3980,3955,3953,-1,3980,3953,3981,-1,3981,3953,3951,-1,3981,3951,3982,-1,3982,3951,3949,-1,3982,3949,3619,-1,3619,3949,3620,-1,3619,3613,3982,-1,3982,3613,3929,-1,3982,3929,3981,-1,3981,3929,3930,-1,3981,3930,3980,-1,3980,3930,3931,-1,3980,3931,3979,-1,3979,3931,3932,-1,3979,3932,3978,-1,3978,3932,3933,-1,3978,3933,3977,-1,3977,3933,3934,-1,3977,3934,3773,-1,3773,3934,3689,-1,3618,3959,3614,-1,3614,3959,3983,-1,3983,3959,3984,-1,3984,3959,3960,-1,3984,3960,3985,-1,3985,3960,3986,-1,3986,3960,3961,-1,3986,3961,3987,-1,3987,3961,3988,-1,3988,3961,3962,-1,3988,3962,3989,-1,3989,3962,3990,-1,3990,3962,3963,-1,3990,3963,3991,-1,3991,3963,3992,-1,3992,3963,3964,-1,3992,3964,3993,-1,3993,3964,3610,-1,3993,3610,3611,-1,3611,3635,3993,-1,3993,3635,3994,-1,3993,3994,3992,-1,3992,3994,3995,-1,3992,3995,3991,-1,3991,3995,3996,-1,3991,3996,3990,-1,3990,3996,3997,-1,3990,3997,3989,-1,3989,3997,3998,-1,3989,3998,3988,-1,3988,3998,3999,-1,3988,3999,3987,-1,3987,3999,4000,-1,3987,4000,3986,-1,3986,4000,4001,-1,3986,4001,3985,-1,3985,4001,4002,-1,3985,4002,3984,-1,3984,4002,4003,-1,3984,4003,3983,-1,3983,4003,4004,-1,3983,4004,3614,-1,3614,4004,3636,-1,3723,3725,4005,-1,3727,3729,4006,-1,3731,3733,4007,-1,3735,3737,4008,-1,3741,3743,4009,-1,3745,3747,4010,-1,3749,3751,4011,-1,4011,3751,3636,-1,3635,3690,3994,-1,3994,3690,4012,-1,3994,4012,3995,-1,3995,4012,4013,-1,4014,3997,4013,-1,4013,3997,3996,-1,4013,3996,3995,-1,4015,3999,4014,-1,4014,3999,3998,-1,4014,3998,3997,-1,4016,4001,4015,-1,4015,4001,4000,-1,4015,4000,3999,-1,3636,4004,4011,-1,4011,4004,4003,-1,4011,4003,4016,-1,4016,4003,4002,-1,4016,4002,4001,-1,3747,3749,4010,-1,4010,3749,4011,-1,4010,4011,4017,-1,4017,4011,4016,-1,4017,4016,4018,-1,4018,4016,4015,-1,4018,4015,4019,-1,4019,4015,4014,-1,4019,4014,4020,-1,4020,4014,4013,-1,4020,4013,4021,-1,4021,4013,4012,-1,4021,4012,3691,-1,3691,4012,3690,-1,3743,3745,4009,-1,4009,3745,4010,-1,4009,4010,4022,-1,4022,4010,4017,-1,4022,4017,4023,-1,4023,4017,4018,-1,4023,4018,4024,-1,4024,4018,4019,-1,4024,4019,4025,-1,4025,4019,4020,-1,4025,4020,4026,-1,4026,4020,4021,-1,4026,4021,3693,-1,3693,4021,3691,-1,3739,3741,4027,-1,4027,3741,4009,-1,4027,4009,4028,-1,4028,4009,4022,-1,4028,4022,4029,-1,4029,4022,4023,-1,4029,4023,4030,-1,4030,4023,4024,-1,4030,4024,4031,-1,4031,4024,4025,-1,4031,4025,4032,-1,4032,4025,4026,-1,4032,4026,3694,-1,3694,4026,3693,-1,3737,3739,4008,-1,4008,3739,4027,-1,4008,4027,4033,-1,4033,4027,4028,-1,4033,4028,4034,-1,4034,4028,4029,-1,4034,4029,4035,-1,4035,4029,4030,-1,4035,4030,4036,-1,4036,4030,4031,-1,4036,4031,4037,-1,4037,4031,4032,-1,4037,4032,3696,-1,3696,4032,3694,-1,3733,3735,4007,-1,4007,3735,4008,-1,4007,4008,4038,-1,4038,4008,4033,-1,4038,4033,4039,-1,4039,4033,4034,-1,4039,4034,4040,-1,4040,4034,4035,-1,4040,4035,4041,-1,4041,4035,4036,-1,4041,4036,4042,-1,4042,4036,4037,-1,4042,4037,3698,-1,3698,4037,3696,-1,3729,3731,4006,-1,4006,3731,4007,-1,4006,4007,4043,-1,4043,4007,4038,-1,4043,4038,4044,-1,4044,4038,4039,-1,4044,4039,4045,-1,4045,4039,4040,-1,4045,4040,4046,-1,4046,4040,4041,-1,4046,4041,4047,-1,4047,4041,4042,-1,4047,4042,3700,-1,3700,4042,3698,-1,3725,3727,4005,-1,4005,3727,4006,-1,4005,4006,4048,-1,4048,4006,4043,-1,4048,4043,4049,-1,4049,4043,4044,-1,4049,4044,4050,-1,4050,4044,4045,-1,4050,4045,4051,-1,4051,4045,4046,-1,4051,4046,4052,-1,4052,4046,4047,-1,4052,4047,3702,-1,3702,4047,3700,-1,3721,3723,4053,-1,4053,3723,4005,-1,4053,4005,4054,-1,4054,4005,4048,-1,4054,4048,4055,-1,4055,4048,4049,-1,4055,4049,4056,-1,4056,4049,4050,-1,4056,4050,4057,-1,4057,4050,4051,-1,4057,4051,4058,-1,4058,4051,4052,-1,4058,4052,3704,-1,3704,4052,3702,-1,3653,3721,4059,-1,4059,3721,4053,-1,4059,4053,4060,-1,4060,4053,4054,-1,4060,4054,4061,-1,4061,4054,4055,-1,4061,4055,4062,-1,4062,4055,4056,-1,4062,4056,4063,-1,4063,4056,4057,-1,4063,4057,4064,-1,4064,4057,4058,-1,4064,4058,3649,-1,3649,4058,3704,-1,4065,3651,3648,-1,3648,4066,4065,-1,4065,4066,4067,-1,4065,4067,4068,-1,4067,4069,4068,-1,4068,4069,4070,-1,4068,4070,4071,-1,4070,4072,4071,-1,4071,4072,4073,-1,4071,4073,4074,-1,4073,4075,4074,-1,4074,4075,4076,-1,4074,4076,4077,-1,3649,3650,4064,-1,4064,3650,4078,-1,4064,4078,4063,-1,4063,4078,4079,-1,4063,4079,4062,-1,4062,4079,4080,-1,4062,4080,4061,-1,4061,4080,4081,-1,4061,4081,4060,-1,4060,4081,4082,-1,4060,4082,4059,-1,4059,4082,4083,-1,4059,4083,3653,-1,4084,4085,4086,-1,4086,4085,4077,-1,4086,4077,4087,-1,4087,4077,4076,-1,3659,3657,4083,-1,4083,3657,3655,-1,4083,3655,3653,-1,3650,3651,4078,-1,4078,3651,4065,-1,4078,4065,4079,-1,4079,4065,4068,-1,4079,4068,4080,-1,4080,4068,4071,-1,4080,4071,4081,-1,4081,4071,4074,-1,4081,4074,4082,-1,4082,4074,4077,-1,4082,4077,4083,-1,4083,4077,4085,-1,4083,4085,3659,-1,3659,4085,4084,-1,3659,4084,3661,-1,3665,3668,3648,-1,3648,3668,4066,-1,4066,3668,4067,-1,4067,3668,3669,-1,4067,3669,4069,-1,4069,3669,3671,-1,4069,3671,4070,-1,4070,3671,3670,-1,4070,3670,4072,-1,4072,3670,3667,-1,4072,3667,4073,-1,4073,3667,3666,-1,4073,3666,4075,-1,4075,3666,3675,-1,4075,3675,4076,-1,4076,3675,3674,-1,4076,3674,4087,-1,4087,3674,3673,-1,4087,3673,4086,-1,4086,3673,3672,-1,4086,3672,4084,-1,3672,3678,4084,-1,4084,3678,3662,-1,4084,3662,3661,-1,4088,4089,4090,-1,4088,4090,4091,-1,4091,4090,4092,-1,4091,4092,4093,-1,4093,4092,4094,-1,4093,4094,4095,-1,4095,4094,4096,-1,4095,4096,4097,-1,4097,4096,4098,-1,4097,4098,4099,-1,4098,4100,4099,-1,4099,4100,4101,-1,4100,4102,4101,-1,4101,4102,4103,-1,4102,4104,4103,-1,4103,4104,4105,-1,4104,4106,4105,-1,4105,4106,4107,-1,4106,4108,4107,-1,4107,4108,4109,-1,4109,4108,4110,-1,4109,4110,4111,-1,4111,4110,4112,-1,4111,4112,4113,-1,4113,4112,4114,-1,4113,4114,4115,-1,4115,4114,4116,-1,4115,4116,4117,-1,4117,4116,4118,-1,4117,4118,4119,-1,4119,4118,4120,-1,4119,4120,4121,-1,4120,4122,4121,-1,4121,4122,4123,-1,4123,4122,4124,-1,4123,4124,4125,-1,4125,4124,4126,-1,4125,4126,4127,-1,4127,4126,4128,-1,4127,4128,4129,-1,4129,4128,4130,-1,4129,4130,4131,-1,4131,4130,4132,-1,4131,4132,4133,-1,4134,4135,4132,-1,4132,4135,4136,-1,4132,4136,4133,-1,4133,4136,4137,-1,4136,4135,4138,-1,4136,4138,4139,-1,4139,4138,4140,-1,4139,4140,4141,-1,4141,4140,4142,-1,4141,4142,4143,-1,4143,4142,4144,-1,4144,4142,4145,-1,4144,4145,4146,-1,4146,4145,4147,-1,4146,4147,4148,-1,4148,4149,4146,-1,4146,4149,4150,-1,4151,4152,4153,-1,4153,4152,4154,-1,4153,4154,4155,-1,4155,4154,4150,-1,4155,4150,4149,-1,4152,4151,4156,-1,4156,4151,4157,-1,4156,4157,4158,-1,4158,4157,4159,-1,4160,4158,4161,-1,4161,4158,4159,-1,4161,4159,4162,-1,4162,4159,4163,-1,4161,4162,4164,-1,4161,4164,4165,-1,4165,4164,4166,-1,4165,4166,4167,-1,4167,4166,4168,-1,4167,4168,4169,-1,4169,4168,4170,-1,4169,4170,4171,-1,4171,4170,4172,-1,4171,4172,4173,-1,4173,4172,4174,-1,4173,4174,4175,-1,4174,4089,4175,-1,4175,4089,4088,-1,4158,4160,4137,-1,4144,4154,4143,-1,4143,4154,4152,-1,4143,4152,4141,-1,4141,4152,4156,-1,4141,4156,4139,-1,4139,4156,4158,-1,4139,4158,4136,-1,4136,4158,4137,-1,4153,4145,4151,-1,4151,4145,4142,-1,4151,4142,4157,-1,4134,4163,4135,-1,4135,4163,4159,-1,4135,4159,4138,-1,4138,4159,4157,-1,4138,4157,4140,-1,4140,4157,4142,-1,4162,4163,4132,-1,4132,4163,4134,-1,4162,4132,4164,-1,4164,4132,4130,-1,4104,4102,4106,-1,4106,4102,4100,-1,4106,4100,4108,-1,4108,4100,4098,-1,4108,4098,4110,-1,4110,4098,4096,-1,4110,4096,4112,-1,4112,4096,4114,-1,4114,4096,4094,-1,4114,4094,4116,-1,4116,4094,4092,-1,4116,4092,4118,-1,4118,4092,4090,-1,4118,4090,4120,-1,4120,4090,4089,-1,4120,4089,4122,-1,4122,4089,4174,-1,4122,4174,4124,-1,4124,4174,4172,-1,4124,4172,4126,-1,4126,4172,4170,-1,4126,4170,4128,-1,4128,4170,4168,-1,4128,4168,4130,-1,4130,4168,4166,-1,4130,4166,4164,-1,4160,4161,4137,-1,4137,4161,4133,-1,4103,4105,4101,-1,4101,4105,4107,-1,4101,4107,4099,-1,4107,4109,4099,-1,4099,4109,4111,-1,4099,4111,4097,-1,4097,4111,4113,-1,4097,4113,4095,-1,4095,4113,4115,-1,4095,4115,4093,-1,4093,4115,4117,-1,4093,4117,4091,-1,4091,4117,4119,-1,4091,4119,4088,-1,4088,4119,4121,-1,4088,4121,4175,-1,4175,4121,4123,-1,4175,4123,4173,-1,4173,4123,4125,-1,4173,4125,4171,-1,4171,4125,4127,-1,4171,4127,4169,-1,4169,4127,4129,-1,4169,4129,4167,-1,4167,4129,4131,-1,4167,4131,4165,-1,4165,4131,4133,-1,4165,4133,4161,-1,4147,4145,4155,-1,4155,4145,4153,-1,4148,4147,4149,-1,4149,4147,4155,-1,4144,4146,4154,-1,4154,4146,4150,-1,4176,4177,4178,-1,4178,4177,4179,-1,4180,4181,4182,-1,4182,4181,4179,-1,4182,4179,4183,-1,4183,4179,4177,-1,4184,4185,4186,-1,4187,4188,4189,-1,4189,4188,4190,-1,4181,4191,4179,-1,4179,4191,4190,-1,4179,4190,4192,-1,4192,4190,4188,-1,4180,4182,4186,-1,4186,4182,4193,-1,4186,4193,4184,-1,4194,4182,4195,-1,4195,4182,4183,-1,4196,4197,4198,-1,4199,4200,4201,-1,4198,4197,4202,-1,4202,4197,4203,-1,4202,4203,4204,-1,4198,4205,4196,-1,4196,4205,4201,-1,4196,4201,4206,-1,4206,4201,4200,-1,4201,4207,4208,-1,4209,4210,4211,-1,4211,4210,4212,-1,4211,4212,4204,-1,4204,4212,4213,-1,4204,4213,4202,-1,4208,4214,4201,-1,4201,4214,4215,-1,4201,4215,4199,-1,4216,4217,4176,-1,4176,4217,4177,-1,4183,4177,4218,-1,4218,4177,4217,-1,4195,4183,4219,-1,4219,4183,4218,-1,4220,4221,4198,-1,4198,4221,4205,-1,4222,4223,4224,-1,4224,4223,4225,-1,4224,4225,4226,-1,4226,4225,4227,-1,4226,4227,4228,-1,4223,4229,4225,-1,4225,4229,4230,-1,4225,4230,4227,-1,4227,4230,4231,-1,4230,4229,4232,-1,4233,4231,4234,-1,4234,4231,4230,-1,4234,4230,4235,-1,4235,4230,4232,-1,4236,4237,4238,-1,4238,4237,4239,-1,4238,4239,4240,-1,4240,4239,4241,-1,4240,4241,4242,-1,4242,4241,4243,-1,4242,4243,4244,-1,4244,4243,4245,-1,4246,4247,4245,-1,4245,4247,4244,-1,4248,4146,4222,-1,4222,4146,4223,-1,4229,4223,4148,-1,4148,4223,4146,-1,4232,4229,4249,-1,4249,4229,4148,-1,4250,4251,4248,-1,4148,4146,4249,-1,4249,4146,4248,-1,4249,4248,4252,-1,4252,4248,4253,-1,4251,4254,4248,-1,4248,4254,4255,-1,4248,4255,4253,-1,4256,4257,4248,-1,4257,4258,4248,-1,4248,4258,4259,-1,4248,4259,4250,-1,4260,4261,4248,-1,4248,4261,4247,-1,4262,4263,4264,-1,4247,4246,4248,-1,4248,4246,4265,-1,4248,4265,4256,-1,4266,4267,4248,-1,4248,4267,4268,-1,4248,4268,4260,-1,4269,4262,4270,-1,4270,4262,4264,-1,4270,4264,4248,-1,4248,4264,4271,-1,4248,4271,4266,-1,4272,4191,4273,-1,4273,4191,4181,-1,4274,4219,4218,-1,4274,4218,4275,-1,4275,4218,4276,-1,4275,4276,4277,-1,4277,4276,4278,-1,4278,4276,4279,-1,4278,4279,4280,-1,4280,4279,4281,-1,4280,4281,4282,-1,4282,4281,4283,-1,4282,4283,4284,-1,4284,4283,4285,-1,4284,4285,4286,-1,4286,4285,4287,-1,4286,4287,4288,-1,4288,4287,4231,-1,4288,4231,4233,-1,4227,4231,4289,-1,4289,4231,4287,-1,4289,4287,4290,-1,4290,4287,4285,-1,4290,4285,4291,-1,4291,4285,4283,-1,4291,4283,4292,-1,4292,4283,4281,-1,4292,4281,4293,-1,4293,4281,4279,-1,4293,4279,4294,-1,4294,4279,4276,-1,4294,4276,4295,-1,4295,4276,4218,-1,4295,4218,4217,-1,4295,4217,4216,-1,4228,4227,4296,-1,4296,4227,4289,-1,4296,4289,4297,-1,4297,4289,4290,-1,4297,4290,4298,-1,4298,4290,4291,-1,4216,4299,4295,-1,4295,4299,4300,-1,4295,4300,4294,-1,4294,4300,4301,-1,4294,4301,4293,-1,4293,4301,4302,-1,4293,4302,4292,-1,4292,4302,4303,-1,4292,4303,4291,-1,4291,4303,4304,-1,4291,4304,4298,-1,4237,4236,4305,-1,4305,4236,4306,-1,4305,4306,4307,-1,4307,4306,4308,-1,4307,4308,4309,-1,4309,4308,4310,-1,4309,4310,4311,-1,4311,4310,4312,-1,4311,4312,4313,-1,4313,4312,4314,-1,4313,4314,4315,-1,4315,4314,4316,-1,4315,4316,4317,-1,4317,4316,4318,-1,4317,4318,4319,-1,4319,4318,4320,-1,4319,4320,4321,-1,4321,4320,4322,-1,4321,4322,4323,-1,4323,4322,4324,-1,4323,4324,4325,-1,4325,4324,4326,-1,4325,4326,4327,-1,4327,4326,4328,-1,4327,4328,4329,-1,4329,4328,4330,-1,4329,4330,4331,-1,4331,4330,4332,-1,4331,4332,4333,-1,4333,4332,4334,-1,4333,4334,4335,-1,4335,4334,4336,-1,4335,4336,4220,-1,4220,4336,4221,-1,4178,4179,4337,-1,4337,4179,4192,-1,4338,4339,4188,-1,4188,4339,4340,-1,4188,4340,4192,-1,4192,4340,4341,-1,4192,4341,4337,-1,4338,4188,4342,-1,4342,4188,4187,-1,4342,4187,4343,-1,4343,4187,4189,-1,4343,4189,4344,-1,4344,4189,4345,-1,4345,4189,4190,-1,4345,4190,4346,-1,4346,4190,4347,-1,4347,4190,4191,-1,4347,4191,4272,-1,4194,4348,4182,-1,4182,4348,4193,-1,4348,4349,4193,-1,4193,4349,4350,-1,4193,4350,4184,-1,4350,4351,4184,-1,4184,4351,4352,-1,4184,4352,4185,-1,4185,4352,4353,-1,4185,4353,4186,-1,4186,4353,4354,-1,4354,4355,4186,-1,4186,4355,4356,-1,4186,4356,4180,-1,4273,4181,4357,-1,4357,4181,4180,-1,4357,4180,4358,-1,4358,4180,4356,-1,4247,4261,4244,-1,4244,4261,4359,-1,4359,4261,4360,-1,4360,4261,4260,-1,4360,4260,4361,-1,4361,4260,4268,-1,4361,4268,4362,-1,4362,4268,4267,-1,4362,4267,4363,-1,4363,4267,4266,-1,4363,4266,4364,-1,4364,4266,4271,-1,4364,4271,4365,-1,4365,4271,4264,-1,4365,4264,4366,-1,4366,4264,4263,-1,4366,4263,4367,-1,4367,4263,4262,-1,4367,4262,4368,-1,4368,4262,4269,-1,4368,4269,4369,-1,4269,4270,4369,-1,4369,4270,4248,-1,4369,4248,4222,-1,4222,4224,4369,-1,4369,4224,4370,-1,4369,4370,4368,-1,4228,4371,4226,-1,4226,4371,4372,-1,4368,4370,4367,-1,4367,4370,4373,-1,4367,4373,4366,-1,4371,4374,4372,-1,4372,4374,4375,-1,4372,4375,4376,-1,4366,4373,4365,-1,4365,4373,4377,-1,4365,4377,4364,-1,4375,4378,4376,-1,4376,4378,4379,-1,4376,4379,4380,-1,4364,4377,4363,-1,4363,4377,4381,-1,4363,4381,4362,-1,4379,4382,4380,-1,4380,4382,4383,-1,4380,4383,4384,-1,4362,4381,4361,-1,4361,4381,4385,-1,4361,4385,4360,-1,4224,4226,4370,-1,4370,4226,4372,-1,4370,4372,4373,-1,4373,4372,4376,-1,4373,4376,4377,-1,4377,4376,4380,-1,4377,4380,4381,-1,4381,4380,4384,-1,4381,4384,4385,-1,4385,4384,4386,-1,4242,4244,4385,-1,4385,4244,4359,-1,4385,4359,4360,-1,4383,4387,4384,-1,4384,4387,4388,-1,4384,4388,4386,-1,4386,4388,4389,-1,4386,4389,4390,-1,4242,4385,4240,-1,4240,4385,4386,-1,4240,4386,4238,-1,4238,4386,4390,-1,4238,4390,4236,-1,4391,4221,4336,-1,4392,4393,4394,-1,4395,4396,4397,-1,4398,4395,4399,-1,4216,4398,4400,-1,4334,4401,4336,-1,4336,4401,4402,-1,4336,4402,4391,-1,4334,4332,4401,-1,4401,4332,4330,-1,4401,4330,4403,-1,4330,4328,4403,-1,4403,4328,4326,-1,4403,4326,4404,-1,4326,4324,4404,-1,4404,4324,4322,-1,4404,4322,4405,-1,4405,4322,4320,-1,4405,4320,4406,-1,4320,4318,4406,-1,4406,4318,4316,-1,4406,4316,4407,-1,4316,4314,4407,-1,4407,4314,4312,-1,4407,4312,4408,-1,4306,4409,4308,-1,4308,4409,4408,-1,4308,4408,4310,-1,4310,4408,4312,-1,4392,4394,4410,-1,4410,4394,4411,-1,4410,4411,4412,-1,4412,4411,4413,-1,4412,4413,4414,-1,4414,4413,4415,-1,4414,4415,4416,-1,4416,4415,4417,-1,4416,4417,4418,-1,4418,4417,4419,-1,4418,4419,4420,-1,4420,4419,4421,-1,4420,4421,4422,-1,4422,4421,4423,-1,4422,4423,4424,-1,4424,4423,4425,-1,4424,4425,4426,-1,4395,4397,4399,-1,4399,4397,4427,-1,4399,4427,4428,-1,4428,4427,4429,-1,4428,4429,4430,-1,4430,4429,4431,-1,4430,4431,4432,-1,4432,4431,4433,-1,4432,4433,4434,-1,4434,4433,4435,-1,4434,4435,4436,-1,4436,4435,4437,-1,4436,4437,4438,-1,4438,4437,4439,-1,4438,4439,4440,-1,4440,4439,4441,-1,4440,4441,4442,-1,4306,4236,4409,-1,4409,4236,4390,-1,4409,4390,4389,-1,4389,4425,4409,-1,4409,4425,4423,-1,4409,4423,4408,-1,4408,4423,4421,-1,4408,4421,4407,-1,4407,4421,4419,-1,4407,4419,4406,-1,4406,4419,4417,-1,4406,4417,4405,-1,4405,4417,4415,-1,4405,4415,4404,-1,4404,4415,4413,-1,4404,4413,4403,-1,4403,4413,4411,-1,4403,4411,4401,-1,4401,4411,4394,-1,4401,4394,4402,-1,4402,4394,4393,-1,4402,4393,4391,-1,4389,4388,4425,-1,4425,4388,4387,-1,4425,4387,4426,-1,4426,4387,4383,-1,4426,4383,4382,-1,4382,4441,4426,-1,4426,4441,4439,-1,4426,4439,4424,-1,4424,4439,4437,-1,4424,4437,4422,-1,4422,4437,4435,-1,4422,4435,4420,-1,4420,4435,4433,-1,4420,4433,4418,-1,4418,4433,4431,-1,4418,4431,4416,-1,4416,4431,4429,-1,4416,4429,4414,-1,4414,4429,4427,-1,4414,4427,4412,-1,4412,4427,4397,-1,4412,4397,4410,-1,4410,4397,4396,-1,4410,4396,4392,-1,4382,4379,4441,-1,4441,4379,4378,-1,4441,4378,4442,-1,4442,4378,4375,-1,4442,4375,4374,-1,4398,4399,4400,-1,4400,4399,4428,-1,4400,4428,4443,-1,4443,4428,4430,-1,4443,4430,4444,-1,4444,4430,4432,-1,4444,4432,4445,-1,4445,4432,4434,-1,4445,4434,4446,-1,4446,4434,4436,-1,4446,4436,4447,-1,4447,4436,4438,-1,4447,4438,4448,-1,4448,4438,4440,-1,4448,4440,4449,-1,4449,4440,4442,-1,4449,4442,4450,-1,4450,4442,4374,-1,4450,4374,4371,-1,4216,4400,4299,-1,4299,4400,4443,-1,4299,4443,4300,-1,4300,4443,4444,-1,4300,4444,4301,-1,4301,4444,4445,-1,4301,4445,4302,-1,4302,4445,4446,-1,4302,4446,4303,-1,4303,4446,4447,-1,4303,4447,4304,-1,4304,4447,4448,-1,4304,4448,4298,-1,4298,4448,4449,-1,4298,4449,4297,-1,4297,4449,4450,-1,4297,4450,4296,-1,4296,4450,4371,-1,4296,4371,4228,-1,4216,4176,4451,-1,4452,4395,4451,-1,4451,4395,4398,-1,4451,4398,4216,-1,4452,4453,4395,-1,4395,4453,4454,-1,4395,4454,4396,-1,4396,4454,4455,-1,4396,4455,4392,-1,4455,4456,4392,-1,4392,4456,4457,-1,4392,4457,4393,-1,4457,4458,4393,-1,4393,4458,4459,-1,4393,4459,4391,-1,4391,4459,4460,-1,4460,4461,4391,-1,4391,4461,4205,-1,4391,4205,4221,-1,4176,4178,4451,-1,4451,4178,4462,-1,4451,4462,4452,-1,4452,4462,4453,-1,4453,4462,4463,-1,4453,4463,4454,-1,4454,4463,4455,-1,4455,4463,4464,-1,4455,4464,4456,-1,4465,4458,4464,-1,4464,4458,4457,-1,4464,4457,4456,-1,4466,4201,4205,-1,4205,4461,4466,-1,4466,4461,4460,-1,4466,4460,4465,-1,4465,4460,4459,-1,4465,4459,4458,-1,4341,4340,4467,-1,4344,4345,4468,-1,4196,4206,4469,-1,4469,4206,4470,-1,4469,4470,4471,-1,4471,4470,4472,-1,4472,4470,4473,-1,4472,4473,4474,-1,4474,4473,4475,-1,4475,4473,4476,-1,4475,4476,4477,-1,4477,4476,4478,-1,4478,4476,4479,-1,4478,4479,4480,-1,4480,4479,4481,-1,4481,4479,4482,-1,4481,4482,4483,-1,4206,4200,4470,-1,4470,4200,4484,-1,4470,4484,4473,-1,4473,4484,4485,-1,4473,4485,4476,-1,4476,4485,4486,-1,4476,4486,4479,-1,4479,4486,4487,-1,4479,4487,4482,-1,4482,4487,4468,-1,4214,4208,4488,-1,4488,4208,4489,-1,4488,4489,4490,-1,4490,4489,4491,-1,4490,4491,4492,-1,4492,4491,4493,-1,4492,4493,4494,-1,4494,4493,4495,-1,4494,4495,4496,-1,4496,4495,4467,-1,4483,4482,4497,-1,4497,4482,4347,-1,4497,4347,4272,-1,4468,4345,4482,-1,4482,4345,4346,-1,4482,4346,4347,-1,4343,4344,4498,-1,4498,4344,4468,-1,4498,4468,4499,-1,4499,4468,4487,-1,4499,4487,4500,-1,4500,4487,4486,-1,4500,4486,4501,-1,4501,4486,4485,-1,4501,4485,4502,-1,4502,4485,4484,-1,4502,4484,4199,-1,4199,4484,4200,-1,4199,4215,4502,-1,4502,4215,4503,-1,4502,4503,4501,-1,4501,4503,4504,-1,4501,4504,4500,-1,4500,4504,4505,-1,4500,4505,4499,-1,4499,4505,4506,-1,4499,4506,4498,-1,4498,4506,4507,-1,4498,4507,4343,-1,4343,4507,4342,-1,4215,4214,4503,-1,4503,4214,4488,-1,4503,4488,4504,-1,4504,4488,4490,-1,4504,4490,4505,-1,4505,4490,4492,-1,4505,4492,4506,-1,4506,4492,4494,-1,4506,4494,4507,-1,4507,4494,4496,-1,4507,4496,4342,-1,4342,4496,4338,-1,4467,4340,4496,-1,4496,4340,4339,-1,4496,4339,4338,-1,4337,4341,4508,-1,4508,4341,4467,-1,4508,4467,4509,-1,4509,4467,4495,-1,4509,4495,4510,-1,4510,4495,4493,-1,4510,4493,4511,-1,4511,4493,4491,-1,4511,4491,4512,-1,4512,4491,4489,-1,4512,4489,4207,-1,4207,4489,4208,-1,4207,4201,4512,-1,4512,4201,4466,-1,4512,4466,4511,-1,4511,4466,4465,-1,4511,4465,4510,-1,4510,4465,4464,-1,4510,4464,4509,-1,4509,4464,4463,-1,4509,4463,4508,-1,4508,4463,4462,-1,4508,4462,4337,-1,4337,4462,4178,-1,4197,4196,4469,-1,4197,4469,4513,-1,4513,4469,4471,-1,4513,4471,4514,-1,4471,4472,4514,-1,4514,4472,4474,-1,4514,4474,4515,-1,4474,4475,4515,-1,4515,4475,4477,-1,4515,4477,4516,-1,4477,4478,4516,-1,4516,4478,4480,-1,4516,4480,4517,-1,4480,4481,4517,-1,4517,4481,4483,-1,4517,4483,4518,-1,4483,4497,4518,-1,4518,4497,4272,-1,4518,4272,4273,-1,4358,4356,4519,-1,4351,4350,4520,-1,4213,4212,4521,-1,4521,4212,4522,-1,4521,4522,4523,-1,4523,4522,4524,-1,4523,4524,4525,-1,4525,4524,4526,-1,4525,4526,4527,-1,4527,4526,4528,-1,4527,4528,4529,-1,4529,4528,4530,-1,4529,4530,4531,-1,4531,4530,4520,-1,4211,4204,4532,-1,4532,4204,4533,-1,4532,4533,4534,-1,4534,4533,4535,-1,4534,4535,4536,-1,4536,4535,4537,-1,4536,4537,4538,-1,4538,4537,4539,-1,4538,4539,4540,-1,4540,4539,4541,-1,4540,4541,4542,-1,4542,4541,4519,-1,4202,4213,4543,-1,4543,4213,4521,-1,4543,4521,4544,-1,4544,4521,4523,-1,4544,4523,4545,-1,4545,4523,4525,-1,4545,4525,4546,-1,4546,4525,4527,-1,4546,4527,4547,-1,4547,4527,4529,-1,4547,4529,4548,-1,4548,4529,4531,-1,4548,4531,4194,-1,4194,4531,4348,-1,4520,4350,4531,-1,4531,4350,4349,-1,4531,4349,4348,-1,4352,4351,4549,-1,4549,4351,4520,-1,4549,4520,4550,-1,4550,4520,4530,-1,4550,4530,4551,-1,4551,4530,4528,-1,4551,4528,4552,-1,4552,4528,4526,-1,4552,4526,4553,-1,4553,4526,4524,-1,4553,4524,4554,-1,4554,4524,4522,-1,4554,4522,4210,-1,4210,4522,4212,-1,4210,4209,4554,-1,4554,4209,4555,-1,4554,4555,4553,-1,4553,4555,4556,-1,4553,4556,4552,-1,4552,4556,4557,-1,4552,4557,4551,-1,4551,4557,4558,-1,4551,4558,4550,-1,4550,4558,4559,-1,4550,4559,4549,-1,4549,4559,4560,-1,4549,4560,4352,-1,4352,4560,4353,-1,4209,4211,4555,-1,4555,4211,4532,-1,4555,4532,4556,-1,4556,4532,4534,-1,4556,4534,4557,-1,4557,4534,4536,-1,4557,4536,4558,-1,4558,4536,4538,-1,4558,4538,4559,-1,4559,4538,4540,-1,4559,4540,4560,-1,4560,4540,4542,-1,4560,4542,4353,-1,4353,4542,4354,-1,4519,4356,4542,-1,4542,4356,4355,-1,4542,4355,4354,-1,4357,4358,4561,-1,4561,4358,4519,-1,4561,4519,4562,-1,4562,4519,4541,-1,4562,4541,4563,-1,4563,4541,4539,-1,4563,4539,4564,-1,4564,4539,4537,-1,4564,4537,4565,-1,4565,4537,4535,-1,4565,4535,4566,-1,4566,4535,4533,-1,4566,4533,4203,-1,4203,4533,4204,-1,4203,4197,4566,-1,4566,4197,4513,-1,4566,4513,4565,-1,4565,4513,4514,-1,4565,4514,4564,-1,4564,4514,4515,-1,4564,4515,4563,-1,4563,4515,4516,-1,4563,4516,4562,-1,4562,4516,4517,-1,4562,4517,4561,-1,4561,4517,4518,-1,4561,4518,4357,-1,4357,4518,4273,-1,4202,4543,4198,-1,4198,4543,4567,-1,4567,4543,4568,-1,4568,4543,4544,-1,4568,4544,4569,-1,4569,4544,4570,-1,4570,4544,4545,-1,4570,4545,4571,-1,4571,4545,4572,-1,4572,4545,4546,-1,4572,4546,4573,-1,4573,4546,4574,-1,4574,4546,4547,-1,4574,4547,4575,-1,4575,4547,4576,-1,4576,4547,4548,-1,4576,4548,4577,-1,4577,4548,4194,-1,4577,4194,4195,-1,4195,4219,4577,-1,4577,4219,4578,-1,4577,4578,4576,-1,4576,4578,4579,-1,4576,4579,4575,-1,4575,4579,4580,-1,4575,4580,4574,-1,4574,4580,4581,-1,4574,4581,4573,-1,4573,4581,4582,-1,4573,4582,4572,-1,4572,4582,4583,-1,4572,4583,4571,-1,4571,4583,4584,-1,4571,4584,4570,-1,4570,4584,4585,-1,4570,4585,4569,-1,4569,4585,4586,-1,4569,4586,4568,-1,4568,4586,4587,-1,4568,4587,4567,-1,4567,4587,4588,-1,4567,4588,4198,-1,4198,4588,4220,-1,4307,4309,4589,-1,4311,4313,4590,-1,4315,4317,4591,-1,4319,4321,4592,-1,4325,4327,4593,-1,4329,4331,4594,-1,4333,4335,4595,-1,4595,4335,4220,-1,4219,4274,4578,-1,4578,4274,4596,-1,4578,4596,4579,-1,4579,4596,4597,-1,4598,4581,4597,-1,4597,4581,4580,-1,4597,4580,4579,-1,4599,4583,4598,-1,4598,4583,4582,-1,4598,4582,4581,-1,4600,4585,4599,-1,4599,4585,4584,-1,4599,4584,4583,-1,4220,4588,4595,-1,4595,4588,4587,-1,4595,4587,4600,-1,4600,4587,4586,-1,4600,4586,4585,-1,4331,4333,4594,-1,4594,4333,4595,-1,4594,4595,4601,-1,4601,4595,4600,-1,4601,4600,4602,-1,4602,4600,4599,-1,4602,4599,4603,-1,4603,4599,4598,-1,4603,4598,4604,-1,4604,4598,4597,-1,4604,4597,4605,-1,4605,4597,4596,-1,4605,4596,4275,-1,4275,4596,4274,-1,4327,4329,4593,-1,4593,4329,4594,-1,4593,4594,4606,-1,4606,4594,4601,-1,4606,4601,4607,-1,4607,4601,4602,-1,4607,4602,4608,-1,4608,4602,4603,-1,4608,4603,4609,-1,4609,4603,4604,-1,4609,4604,4610,-1,4610,4604,4605,-1,4610,4605,4277,-1,4277,4605,4275,-1,4323,4325,4611,-1,4611,4325,4593,-1,4611,4593,4612,-1,4612,4593,4606,-1,4612,4606,4613,-1,4613,4606,4607,-1,4613,4607,4614,-1,4614,4607,4608,-1,4614,4608,4615,-1,4615,4608,4609,-1,4615,4609,4616,-1,4616,4609,4610,-1,4616,4610,4278,-1,4278,4610,4277,-1,4321,4323,4592,-1,4592,4323,4611,-1,4592,4611,4617,-1,4617,4611,4612,-1,4617,4612,4618,-1,4618,4612,4613,-1,4618,4613,4619,-1,4619,4613,4614,-1,4619,4614,4620,-1,4620,4614,4615,-1,4620,4615,4621,-1,4621,4615,4616,-1,4621,4616,4280,-1,4280,4616,4278,-1,4317,4319,4591,-1,4591,4319,4592,-1,4591,4592,4622,-1,4622,4592,4617,-1,4622,4617,4623,-1,4623,4617,4618,-1,4623,4618,4624,-1,4624,4618,4619,-1,4624,4619,4625,-1,4625,4619,4620,-1,4625,4620,4626,-1,4626,4620,4621,-1,4626,4621,4282,-1,4282,4621,4280,-1,4313,4315,4590,-1,4590,4315,4591,-1,4590,4591,4627,-1,4627,4591,4622,-1,4627,4622,4628,-1,4628,4622,4623,-1,4628,4623,4629,-1,4629,4623,4624,-1,4629,4624,4630,-1,4630,4624,4625,-1,4630,4625,4631,-1,4631,4625,4626,-1,4631,4626,4284,-1,4284,4626,4282,-1,4309,4311,4589,-1,4589,4311,4590,-1,4589,4590,4632,-1,4632,4590,4627,-1,4632,4627,4633,-1,4633,4627,4628,-1,4633,4628,4634,-1,4634,4628,4629,-1,4634,4629,4635,-1,4635,4629,4630,-1,4635,4630,4636,-1,4636,4630,4631,-1,4636,4631,4286,-1,4286,4631,4284,-1,4305,4307,4637,-1,4637,4307,4589,-1,4637,4589,4638,-1,4638,4589,4632,-1,4638,4632,4639,-1,4639,4632,4633,-1,4639,4633,4640,-1,4640,4633,4634,-1,4640,4634,4641,-1,4641,4634,4635,-1,4641,4635,4642,-1,4642,4635,4636,-1,4642,4636,4288,-1,4288,4636,4286,-1,4237,4305,4643,-1,4643,4305,4637,-1,4643,4637,4644,-1,4644,4637,4638,-1,4644,4638,4645,-1,4645,4638,4639,-1,4645,4639,4646,-1,4646,4639,4640,-1,4646,4640,4647,-1,4647,4640,4641,-1,4647,4641,4648,-1,4648,4641,4642,-1,4648,4642,4233,-1,4233,4642,4288,-1,4649,4235,4232,-1,4232,4650,4649,-1,4649,4650,4651,-1,4649,4651,4652,-1,4651,4653,4652,-1,4652,4653,4654,-1,4652,4654,4655,-1,4654,4656,4655,-1,4655,4656,4657,-1,4655,4657,4658,-1,4657,4659,4658,-1,4658,4659,4660,-1,4658,4660,4661,-1,4233,4234,4648,-1,4648,4234,4662,-1,4648,4662,4647,-1,4647,4662,4663,-1,4647,4663,4646,-1,4646,4663,4664,-1,4646,4664,4645,-1,4645,4664,4665,-1,4645,4665,4644,-1,4644,4665,4666,-1,4644,4666,4643,-1,4643,4666,4667,-1,4643,4667,4237,-1,4668,4669,4670,-1,4670,4669,4661,-1,4670,4661,4671,-1,4671,4661,4660,-1,4243,4241,4667,-1,4667,4241,4239,-1,4667,4239,4237,-1,4234,4235,4662,-1,4662,4235,4649,-1,4662,4649,4663,-1,4663,4649,4652,-1,4663,4652,4664,-1,4664,4652,4655,-1,4664,4655,4665,-1,4665,4655,4658,-1,4665,4658,4666,-1,4666,4658,4661,-1,4666,4661,4667,-1,4667,4661,4669,-1,4667,4669,4243,-1,4243,4669,4668,-1,4243,4668,4245,-1,4249,4252,4232,-1,4232,4252,4650,-1,4650,4252,4651,-1,4651,4252,4253,-1,4651,4253,4653,-1,4653,4253,4255,-1,4653,4255,4654,-1,4654,4255,4254,-1,4654,4254,4656,-1,4656,4254,4251,-1,4656,4251,4657,-1,4657,4251,4250,-1,4657,4250,4659,-1,4659,4250,4259,-1,4659,4259,4660,-1,4660,4259,4258,-1,4660,4258,4671,-1,4671,4258,4257,-1,4671,4257,4670,-1,4670,4257,4256,-1,4670,4256,4668,-1,4256,4265,4668,-1,4668,4265,4246,-1,4668,4246,4245,-1,
        ]
    }
}